UMAP 1,UMAP 2,Cluster,Seq ID,Variant,Pango lineage,Collection date
-30.092901,-25.95862,10,EPI_ISL_13095286,Omicron,Unassigned,2022-05-16
-23.654514,-21.199995,10,EPI_ISL_13541881,Omicron,BA.2.12.1,2022-06-12
-30.061646,-25.903963,10,EPI_ISL_12165544,Omicron,BA.2,2022-04-07
-21.740175,-19.278221,10,EPI_ISL_14060256,Omicron,BA.2.12.1,2022-07-05
-29.928892,-25.794373,10,EPI_ISL_13446917,Omicron,BA.2,2022-06-13
-30.210026,-25.997606,10,EPI_ISL_13722827,Omicron,BA.2,2022-06-07
-30.038092,-25.747597,10,EPI_ISL_13097949,Omicron,Unassigned,2022-05-23
-29.975908,-25.864868,10,EPI_ISL_11028397,Omicron,BA.2.9,2022-03-07
-29.92897,-25.786541,10,EPI_ISL_12406035,Omicron,BA.2,2022-04-22
-29.882,-25.856916,10,EPI_ISL_10107560,Omicron,BA.2.5,2022-02-11
-29.780499,-25.942913,10,EPI_ISL_11823417,Omicron,BA.2.9,2022-03-23
-28.170986,-24.349182,10,EPI_ISL_14021121,Omicron,BA.2.42,2022-07-08
-29.921083,-25.825703,10,EPI_ISL_13176770,Omicron,BA.2,2022-05-16
-29.835289,-25.685078,10,EPI_ISL_13032737,Omicron,BA.2.45,2022-05-19
-28.678474,-24.606947,10,EPI_ISL_12997887,Omicron,BA.2,2022-05-16
-30.077248,-25.935255,10,EPI_ISL_14726612,Omicron,BA.2.3,2022-04-19
-29.874231,-25.84906,10,EPI_ISL_10306426,Omicron,BA.2.10,2022-02-03
-30.069473,-25.958736,10,EPI_ISL_11507496,Omicron,BA.2,2022-03-11
-30.022568,-26.028755,10,EPI_ISL_10094706,Omicron,BA.2,2022-02-12
-30.171066,-26.083519,10,EPI_ISL_15456538,Omicron,BA.2,2022-06-14
-23.670006,-21.3796,10,EPI_ISL_13657285,Omicron,BA.2.12.1,2022-06-11
-29.905499,-25.755539,10,EPI_ISL_12831891,Omicron,BA.2.10.1,2022-04-22
-29.999287,-25.856987,10,EPI_ISL_12311518,Omicron,BA.2,2022-04-11
-30.007053,-25.880447,10,EPI_ISL_12050756,Omicron,BA.2.10.1,2022-03-28
-28.272167,-24.411474,10,EPI_ISL_13372556,Omicron,BA.2,2022-06-07
-29.983555,-25.809975,10,EPI_ISL_12907569,Omicron,BA.2,2022-05-10
-29.96797,-25.888163,10,EPI_ISL_12194889,Omicron,BA.2,2022-03-15
-30.007263,-25.864834,10,EPI_ISL_13426934,Omicron,BA.2.45,2022-05-30
-29.749306,-25.638342,10,EPI_ISL_13037537,Omicron,BA.2,2022-04-22
-23.64657,-21.231133,10,EPI_ISL_13763178,Omicron,BA.2.12.1,2022-06-10
-29.991388,-25.88797,10,EPI_ISL_15075322,Omicron,BA.2,2022
-23.685633,-21.247038,10,EPI_ISL_11937715,Omicron,BA.2.12.1,2022-04-02
-29.975698,-25.880508,10,EPI_ISL_11598573,Omicron,BA.2,2022-03-10
-29.874214,-25.849262,10,EPI_ISL_14612756,Omicron,BA.2.52,2022-07-22
-29.889717,-25.802002,10,EPI_ISL_12299525,Omicron,BA.2,2022-03-15
-23.834162,-21.395283,10,EPI_ISL_13310700,Omicron,BA.2.12.1,2022-06-01
-29.975782,-25.786726,10,EPI_ISL_12650292,Omicron,BA.2,2022-04
-29.81171,-25.732172,10,EPI_ISL_11677609,Omicron,Unassigned,2022-03-24
-29.796055,-25.677263,10,EPI_ISL_11081026,Omicron,BA.2,2022-02-14
-30.061699,-25.864822,10,EPI_ISL_12265617,Omicron,BA.2.10,2022-04-17
-23.693369,-21.262646,10,EPI_ISL_14964898,Omicron,BA.2.12.1,2022-04-11
-23.716816,-21.286058,10,EPI_ISL_12755672,Omicron,BA.2,2022-05-07
-30.077312,-25.958668,10,EPI_ISL_13154695,Omicron,BA.2.3,2022-05-24
-23.740341,-21.301529,10,EPI_ISL_13418248,Omicron,BA.2.12.1,2022-06-17
-29.991219,-25.857075,10,EPI_ISL_10642049,Omicron,BA.2,2022-02-24
-29.889765,-25.802319,10,EPI_ISL_13813517,Omicron,BA.2.9,2022-06-17
-29.897606,-25.755478,10,EPI_ISL_13089417,Omicron,BA.2,2022-05-21
-30.014856,-25.935226,10,EPI_ISL_12738560,Omicron,BA.2.9,2022-05-02
-29.975952,-25.857075,10,EPI_ISL_11245200,Omicron,BA.2,2022-03-07
-29.975664,-25.802319,10,EPI_ISL_9011898,Omicron,BA.2,2022-01-14
-21.623192,-19.207958,10,EPI_ISL_14059477,Omicron,BA.2.12.1,2022-07-05
-28.803669,-24.685106,10,EPI_ISL_14774152,Omicron,BA.2.10.1,2022-06-01
-29.960121,-25.833797,10,EPI_ISL_13141946,Omicron,BA.2.36,2022-05-23
-30.007023,-25.9039,10,EPI_ISL_12952665,Omicron,BA.2.2,2022-05-14
-29.897606,-25.817856,10,EPI_ISL_12867880,Omicron,BA.2,2022-05-08
-29.967918,-25.89605,10,EPI_ISL_12532548,Omicron,BA.2.9,2022-04-19
-29.850685,-25.489597,10,EPI_ISL_13305152,Omicron,BA.2.9,2022-04-11
-30.014822,-25.903751,10,EPI_ISL_11263626,Omicron,BA.2,2022
-29.991333,-25.888193,10,EPI_ISL_15679427,Omicron,BA.2.2,2022-08-09
-23.69344,-21.254688,10,EPI_ISL_14059133,Omicron,BA.2.12.1,2022-06-30
-23.74815,-21.30941,10,EPI_ISL_12112685,Omicron,BA.2.12.1,2022-03-29
-30.022554,-25.872637,10,EPI_ISL_9898876,Omicron,BA.2.9,2022-02-08
-23.677979,-21.246853,10,EPI_ISL_13748724,Omicron,BA.2.12.1,2022-07-01
-30.046057,-25.950706,10,EPI_ISL_12362429,Omicron,BA.2.9,2022-04-12
-29.95237,-25.708601,10,EPI_ISL_14505520,Omicron,BA.2.68,2022-06-04
-29.874132,-25.65391,10,EPI_ISL_12283058,Omicron,BA.2,2022-04-19
-30.038395,-25.888416,10,EPI_ISL_11068900,Omicron,BA.2.9,2022-02-22
-30.030281,-25.825748,10,EPI_ISL_14298924,Omicron,BA.2,2022-07-02
-30.006775,-25.771025,10,EPI_ISL_13622988,Omicron,BA.2,2022-06-10
-29.999165,-25.849188,10,EPI_ISL_10852009,Omicron,BA.2.9,2022-02-20
-29.983566,-25.818035,10,EPI_ISL_12541964,Omicron,BA.2.3.6,2022-04-18
-29.889713,-25.802235,10,EPI_ISL_11832685,Omicron,BA.2,2022-04-02
-30.00687,-25.896042,10,EPI_ISL_9336324,Omicron,BA.2.10.1,2022-01-24
-30.0227,-25.974264,10,EPI_ISL_12551320,Omicron,BA.2,2022-04-14
-30.022552,-25.903942,10,EPI_ISL_11510305,Omicron,BA.2,2022-03-21
-29.999283,-25.872593,10,EPI_ISL_11424214,Omicron,BA.2,2022-03-11
-30.100746,-25.942932,10,EPI_ISL_9870036,Omicron,BA.2,2022-02-07
-23.84973,-21.403326,10,EPI_ISL_13086875,Omicron,BA.2.12.1,2022-05-19
-22.388874,-19.949966,10,EPI_ISL_12625869,Omicron,BA.2.12.1,2022-05-02
-29.960167,-26.036678,10,EPI_ISL_10887609,Omicron,BA.2,2022-03-03
-29.835014,-25.716211,10,EPI_ISL_11029800,Omicron,BA.2.9,2022-03-08
-30.0619,-25.763184,10,EPI_ISL_13144679,Omicron,BA.2.9,2022-05-17
-30.00685,-25.864868,10,EPI_ISL_14190801,Omicron,BA.2.3.7,2022-05-23
-23.716888,-21.278263,10,EPI_ISL_14059511,Omicron,BA.2.12.1,2022-07-05
-30.006947,-25.958504,10,EPI_ISL_12457320,Omicron,BA.2,2022-04-16
-23.75581,-21.309277,10,EPI_ISL_13260211,Omicron,BA.2.12.1,2022-05-27
-28.530262,-24.46632,10,EPI_ISL_14241969,Omicron,BA.2,2022-07-09
-30.045994,-25.849194,10,EPI_ISL_11461682,Omicron,BA.2,2022-03-14
-29.905388,-25.90388,10,EPI_ISL_12932544,Omicron,BA.2,2022-05-14
-23.873077,-21.43451,10,EPI_ISL_13189611,Omicron,BA.2.12.1,2022-05-28
-29.944494,-25.857063,10,EPI_ISL_14133320,Omicron,BA.2,2022-06-30
-23.709135,-21.278166,10,EPI_ISL_12657234,Omicron,BA.2.12.1,2022-05-02
-23.654415,-21.223492,10,EPI_ISL_13135128,Omicron,BA.2.12.1,2022-05-27
-29.967815,-25.888412,10,EPI_ISL_15865350,Omicron,BA.2,2022-06-30
-29.991327,-25.87259,10,EPI_ISL_12115376,Omicron,BA.2.3,2022-04-03
-30.038294,-25.919369,10,EPI_ISL_13741285,Omicron,BA.2,2022-06-24
-30.124222,-25.81812,10,EPI_ISL_12346271,Omicron,BA.2,2022-04-23
-29.928701,-25.86474,10,EPI_ISL_13381363,Omicron,BA.2,2022-06-09
-23.740345,-21.332897,10,EPI_ISL_13794813,Omicron,BA.2.12.1,2022-06-16
-29.874092,-25.747652,10,EPI_ISL_13145765,Omicron,BA.2.41,2022-05-11
-29.936718,-25.903915,10,EPI_ISL_12722257,Omicron,BA.2.3,2022-05-04
-23.70118,-21.26247,10,EPI_ISL_12330938,Omicron,BA.2.12.1,2022-04-10
-29.858395,-25.755365,10,EPI_ISL_13523752,Omicron,BA.2.9.3,2022-05-10
-29.960129,-25.888094,10,EPI_ISL_11046134,Omicron,BA.2,2022-02-21
-23.670073,-21.23125,10,EPI_ISL_12929738,Omicron,BA.2.12.1,2022-05-02
-30.147305,-25.927254,10,EPI_ISL_10211320,Omicron,BA.2,2022-02-16
-29.967842,-25.997593,10,EPI_ISL_14017749,Omicron,BA.2.3.1,2022-06-20
-30.09293,-26.138226,10,EPI_ISL_13421977,Omicron,BA.2.36,2022-06-15
-30.069359,-25.958702,10,EPI_ISL_11273158,Omicron,BA.2,2022-03-16
-30.053947,-25.880608,10,EPI_ISL_11906154,Omicron,BA.2,2022-03-21
-30.0382,-25.974316,10,EPI_ISL_10359267,Omicron,Unassigned,2022-02-11
-29.944313,-25.817917,10,EPI_ISL_12046299,Omicron,BA.2.9,2022-04-05
-30.100641,-25.942781,10,EPI_ISL_12227981,Omicron,BA.2.3,2022-04-12
-29.936731,-25.90392,10,EPI_ISL_9730670,Omicron,BA.2.10,2022-01
-30.061892,-25.708654,10,EPI_ISL_11675155,Omicron,BA.2,2022-03-21
-29.936617,-25.825863,10,EPI_ISL_13036094,Omicron,BA.2,2022-05-11
-29.99924,-25.78666,10,EPI_ISL_13139801,Omicron,Unassigned,2022-05-23
-29.967949,-25.786522,10,EPI_ISL_10521342,Omicron,BA.2,2022-02-23
-29.960247,-25.896057,10,EPI_ISL_10511081,Omicron,BA.2,2022-02-22
-29.96799,-25.85701,10,EPI_ISL_13578488,Omicron,BA.2,2022-06-08
-28.170624,-24.31783,10,EPI_ISL_11603599,Omicron,BA.2,2022-03-22
-23.670044,-21.231344,10,EPI_ISL_12117962,Omicron,BA.2.12.1,2022-03-29
-30.100769,-25.997501,10,EPI_ISL_13217407,Omicron,BA.2.3,2022-05-22
-29.842915,-25.677336,10,EPI_ISL_10565557,Omicron,BA.2.3,2022-02-15
-23.740395,-21.28596,10,EPI_ISL_12590171,Omicron,BA.2.12.1,2022-04-26
-28.4052,-24.474236,10,EPI_ISL_13066396,Omicron,BA.2,2022-05-12
-23.795002,-21.364445,10,EPI_ISL_13335665,Omicron,BG.5,2022-05-20
-30.11612,-26.068024,10,EPI_ISL_9785728,Omicron,BA.2,2022-02-03
-29.967903,-25.880344,10,EPI_ISL_12815866,Omicron,BA.2,2022-04-27
-30.046158,-25.88815,10,EPI_ISL_12681325,Omicron,BA.2.3,2022-04-22
-23.69345,-21.317139,10,EPI_ISL_13333052,Omicron,BA.2.12.1,2022-05-13
-23.693367,-21.25481,10,EPI_ISL_12330277,Omicron,BA.2.12.1,2022-04-07
-30.085072,-25.903969,10,EPI_ISL_12710618,Omicron,BA.2,2022-04-20
-30.007101,-25.849125,10,EPI_ISL_10678591,Omicron,BA.2.9,2022-02-26
-23.71685,-21.278172,10,EPI_ISL_13254593,Omicron,BA.2.12.1,2022-06-01
-29.960245,-25.763231,10,EPI_ISL_12951314,Omicron,BA.2.3.1,2022-04-08
-29.881971,-25.91933,10,EPI_ISL_11198432,Omicron,BA.2,2022-03-12
-23.740246,-21.239128,10,EPI_ISL_12860817,Omicron,BA.2.12.1,2022-05-11
-30.061829,-25.958675,10,EPI_ISL_11760544,Omicron,BA.2,2022-03-22
-29.95217,-25.771048,10,EPI_ISL_12328779,Omicron,BA.2.10,2022-04-01
-21.693378,-19.254711,10,EPI_ISL_17318704,Omicron,BA.2,2022-05-30
-29.991299,-25.903763,10,EPI_ISL_12189326,Omicron,BA.2,2022-04-07
-29.967861,-25.763233,10,EPI_ISL_9240530,Omicron,BA.2.9,2022-01-22
-30.038286,-25.888323,10,EPI_ISL_11277798,Omicron,BA.2.44,2022-03-16
-23.70887,-21.278164,10,EPI_ISL_14060477,Omicron,BA.2.12.1,2022-07-05
-29.874302,-25.646168,10,EPI_ISL_11433929,Omicron,BA.2,2022-03-20
-30.061712,-25.833462,10,EPI_ISL_14535477,Omicron,BA.2,2022-07-04
-30.132294,-25.817917,10,EPI_ISL_14141786,Omicron,BA.2.3.1,2022-07-04
-21.951283,-19.48133,10,EPI_ISL_12883854,Omicron,BA.2.12.1,2022-05-05
-30.061647,-25.763266,10,EPI_ISL_12236979,Omicron,BA.2.22,2022-04-15
-29.928925,-25.880415,10,EPI_ISL_11073144,Omicron,BA.2.9,2022-02-14
-29.913343,-25.817833,10,EPI_ISL_11933585,Omicron,BA.2,2022-03-29
-28.655079,-24.786654,10,EPI_ISL_16394844,Omicron,BA.2,2022-08-21
-30.03038,-25.771044,10,EPI_ISL_12045132,Omicron,BA.2.9,2022-03-28
-29.834915,-25.755365,10,EPI_ISL_12793562,Omicron,Unassigned,2022-03-27
-21.662138,-19.168777,10,EPI_ISL_15008771,Omicron,BA.2,2022-04-17
-29.858469,-25.786741,10,EPI_ISL_13220795,Omicron,BA.2,2022-05-28
-29.991219,-25.794498,10,EPI_ISL_12547686,Omicron,BA.2,2022-04-28
-23.662325,-21.215832,10,EPI_ISL_13166204,Omicron,BA.2.12.1,2022-05
-29.827202,-25.62276,10,EPI_ISL_12520459,Omicron,BA.2.12,2022-04-22
-30.108456,-25.942799,10,EPI_ISL_14110312,Omicron,BA.2,2022-05-21
-29.866425,-25.747696,10,EPI_ISL_11227338,Omicron,BA.2,2022-02-28
-28.616182,-24.606983,10,EPI_ISL_13222384,Omicron,BA.2,2022-04-10
-23.66217,-21.215641,10,EPI_ISL_13891961,Omicron,BG.2,2022-07-07
-23.646683,-21.20003,10,EPI_ISL_13523962,Omicron,BA.2.12.1,2022-05-06
-29.866255,-25.825909,10,EPI_ISL_10710101,Omicron,BA.2,2022-02-25
-29.952194,-25.685179,10,EPI_ISL_14043726,Omicron,BA.2.3.1,2022-06-19
-30.077362,-25.857037,10,EPI_ISL_13122708,Omicron,BA.2.9,2022-05-24
-29.921116,-25.903954,10,EPI_ISL_14127755,Omicron,BA.2.3.1,2022-06-22
-29.139828,-25.07563,10,EPI_ISL_15728903,Omicron,BA.2,2022-10-10
-28.170645,-24.309837,10,EPI_ISL_14778880,Omicron,BA.2,2022-05-13
-30.054165,-25.943087,10,EPI_ISL_13030076,Omicron,BA.2,2022-05-21
-29.889692,-25.857006,10,EPI_ISL_10938141,Omicron,BA.2,2022-03-05
-29.991451,-25.802452,10,EPI_ISL_13342481,Omicron,BA.2.9.3,2022-05-30
-27.811615,-24.044523,10,EPI_ISL_13096306,Omicron,Unassigned,2022-05-18
-29.905361,-25.810211,10,EPI_ISL_11865128,Omicron,BA.2.3,2022-03-30
-23.701326,-21.262634,10,EPI_ISL_13542440,Omicron,BA.2.12.1,2022-06-13
-23.732555,-21.293629,10,EPI_ISL_13422799,Omicron,BA.2.12.1,2022-06-05
-29.866377,-25.833515,10,EPI_ISL_14190976,Omicron,BA.2.3.7,2022-05-27
-29.97567,-25.817799,10,EPI_ISL_12947998,Omicron,BA.2.3.1,2022-04-26
-30.07726,-25.786787,10,EPI_ISL_12674843,Omicron,BA.2,2022-04-30
-29.772577,-25.622707,10,EPI_ISL_10094695,Omicron,BA.2,2022-02-13
-30.007027,-25.809902,10,EPI_ISL_10999013,Omicron,BA.2,2022
-29.936577,-25.919474,10,EPI_ISL_9994139,Omicron,BA.2,2022-02-10
-23.709259,-21.270313,10,EPI_ISL_12597592,Omicron,BA.2.12.1,2022-04-22
-23.669891,-21.254856,10,EPI_ISL_13316730,Omicron,BA.2.12.1,2022-05
-30.069511,-25.99768,10,EPI_ISL_9460039,Omicron,BA.2,2022-01-20
-30.046112,-25.888283,10,EPI_ISL_13538554,Omicron,BA.2.1,2022-06-09
-30.06173,-25.950815,10,EPI_ISL_11380712,Omicron,BA.2,2022-03-17
-29.97592,-25.708591,10,EPI_ISL_10511243,Omicron,BA.2,2022-02-22
-30.022615,-25.927189,10,EPI_ISL_13626333,Omicron,BA.2,2022-06-27
-29.96004,-25.864899,10,EPI_ISL_13303830,Omicron,BA.2,2022-05-30
-29.967869,-25.818045,10,EPI_ISL_10416609,Omicron,BA.2.1,2022-02-21
-30.085163,-25.95863,10,EPI_ISL_15305480,Omicron,BA.2,2022-05-30
-28.889854,-24.544453,10,EPI_ISL_11306417,Omicron,BA.2,2022-03-16
-28.70227,-24.786716,10,EPI_ISL_11391616,Omicron,BA.2,2022-03-19
-29.92889,-25.919502,10,EPI_ISL_11260668,Omicron,BA.2.10.1,2022-03-10
-29.897526,-25.880457,10,EPI_ISL_13169548,Omicron,BA.2,2022-05-21
-30.084995,-25.80222,10,EPI_ISL_12068517,Omicron,BA.2,2022-03-28
-30.092941,-25.880428,10,EPI_ISL_10976587,Omicron,BA.2.10,2022-03-06
-29.913437,-25.82582,10,EPI_ISL_12282051,Omicron,BA.2,2022-04-18
-30.053822,-25.833714,10,EPI_ISL_14110036,Omicron,BA.2.3.1,2022-05-27
-29.819319,-25.716595,10,EPI_ISL_13539238,Omicron,BA.2.52,2022-06-16
-30.093025,-25.825745,10,EPI_ISL_11962098,Omicron,BA.2,2022-03-22
-29.975582,-25.903992,10,EPI_ISL_9501121,Omicron,BA.2,2022-01-24
-28.545952,-24.544462,10,EPI_ISL_10501870,Omicron,BA.2,2022
-23.670027,-21.239136,10,EPI_ISL_13115940,Omicron,BA.2.12.1,2022-05-16
-29.866415,-25.739948,10,EPI_ISL_13240154,Omicron,BA.2.71,2022-05-25
-29.94441,-25.91952,10,EPI_ISL_11964574,Omicron,BA.2.12,2022-03-21
-29.905468,-25.677357,10,EPI_ISL_11874525,Omicron,Unassigned,2022-03-28
-30.014902,-25.864704,10,EPI_ISL_11989531,Omicron,BA.2,2022-04-04
-23.701378,-21.270355,10,EPI_ISL_13468934,Omicron,BA.2.12.1,2022-06-07
-29.928843,-25.802473,10,EPI_ISL_12040384,Omicron,BA.2,2022-04-07
-29.967789,-25.927265,10,EPI_ISL_13282557,Omicron,BA.2.3,2022-06-03
-29.889896,-25.90386,10,EPI_ISL_10094745,Omicron,BA.2,2022-02-13
-30.077423,-26.005325,10,EPI_ISL_15144083,Omicron,BA.2,2022-04-22
-30.007065,-25.778812,10,EPI_ISL_11805552,Omicron,BA.2,2022-03-30
-30.06945,-25.942997,10,EPI_ISL_12166985,Omicron,BA.2.12,2022-04-05
-29.975782,-25.888308,10,EPI_ISL_12653314,Omicron,BA.2,2022-05-06
-29.952194,-25.942883,10,EPI_ISL_14964919,Omicron,BA.2.12,2022-04-11
-29.92901,-25.911613,10,EPI_ISL_8418858,Omicron,BA.2.9,2021-12-27
-29.881834,-25.794554,10,EPI_ISL_13637119,Omicron,BA.2,2022-06-06
-29.983677,-25.856922,10,EPI_ISL_9107462,Omicron,BA.2.10.1,2022-01-03
-23.6935,-21.238905,10,EPI_ISL_13721333,Omicron,BA.2.12.1,2022-06-28
-23.84953,-21.403248,10,EPI_ISL_12182669,Omicron,BA.2.12.1,2022-04-05
-23.677916,-21.231552,10,EPI_ISL_14503542,Omicron,BA.2.12.1,2022-06-22
-29.983517,-25.80223,10,EPI_ISL_9352484,Omicron,BA.2.10,2022-01-20
-30.006966,-25.841354,10,EPI_ISL_13084236,Omicron,BA.2,2022-04
-30.053875,-25.872677,10,EPI_ISL_11964069,Omicron,BA.2.9,2022-03-22
-29.999142,-25.919447,10,EPI_ISL_13421962,Omicron,BA.2,2022-06-13
-29.952106,-25.786686,10,EPI_ISL_13931749,Omicron,BA.2,2022-07-04
-30.045992,-25.942924,10,EPI_ISL_12894673,Omicron,BA.2.3,2022-04-30
-23.701393,-21.262665,10,EPI_ISL_13555183,Omicron,BA.2.12.1,2022-06-09
-29.960115,-25.826054,10,EPI_ISL_12574067,Omicron,BA.2,2022-04-30
-29.889961,-25.888222,10,EPI_ISL_13212028,Omicron,BA.2.3.1,2022-05-21
-23.677792,-21.25453,10,EPI_ISL_12886338,Omicron,BA.2.12.1,2022-05-09
-29.936506,-25.919544,10,EPI_ISL_11379465,Omicron,BA.2.9,2022-03-17
-23.76376,-21.324938,10,EPI_ISL_14579372,Omicron,BA.2.12.1,2022-05-23
-23.841978,-21.364124,10,EPI_ISL_13399333,Omicron,BA.2.12.1,2022-06-14
-29.92115,-25.857098,10,EPI_ISL_12580106,Omicron,BA.2,2022-04-29
-29.967777,-25.825779,10,EPI_ISL_14515526,Omicron,BA.2.72,2022-06-08
-29.991362,-25.841396,10,EPI_ISL_11901756,Omicron,BA.2.3.15,2022-03-30
-29.959894,-25.825867,10,EPI_ISL_11833443,Omicron,BA.2,2022-04-01
-23.716938,-21.27827,10,EPI_ISL_13189179,Omicron,BA.2.12.1,2022-05-28
-30.07726,-25.880608,10,EPI_ISL_13620899,Omicron,BA.2,2022-06-22
-30.014908,-25.895937,10,EPI_ISL_11346730,Omicron,BA.2.9,2022-03-18
-30.06166,-25.950798,10,EPI_ISL_10519060,Omicron,BA.2.10,2022-02-02
-29.96006,-25.80225,10,EPI_ISL_11181546,Omicron,BA.2,2022-03-12
-30.053886,-25.8493,10,EPI_ISL_10587659,Omicron,BA.2.9,2022-02-24
-30.053741,-25.880432,10,EPI_ISL_10466727,Omicron,BA.2,2022-02-21
-30.007078,-25.880497,10,EPI_ISL_9242164,Omicron,BA.1.17.2,2022-01-11
-29.889748,-25.74773,10,EPI_ISL_13860879,Omicron,BA.2,2022-07-07
-29.936836,-25.85693,10,EPI_ISL_13762836,Omicron,BA.2.3.1,2022-06-20
-30.061646,-25.927465,10,EPI_ISL_12219058,Omicron,BA.2,2022-04-08
-23.873196,-21.434368,10,EPI_ISL_15617757,Omicron,BA.2.12.1,2022-05-15
-29.843004,-25.708607,10,EPI_ISL_13581335,Omicron,BA.2,2022-06-17
-28.178543,-24.309963,10,EPI_ISL_15334896,Omicron,BA.2,2022-09-08
-29.920904,-25.778807,10,EPI_ISL_14019586,Omicron,BA.2,2022-07-18
-29.897701,-25.810219,10,EPI_ISL_13268026,Omicron,BA.2,2022-05-31
-30.053911,-25.927399,10,EPI_ISL_12648399,Omicron,BA.2.14,2022-05-04
-29.819572,-25.771107,10,EPI_ISL_13283095,Omicron,BA.2,2022-02-27
-29.772652,-25.864891,10,EPI_ISL_14533040,Omicron,BA.2,2022-06-28
-30.163305,-26.03676,10,EPI_ISL_12167001,Omicron,BA.2,2022-04-13
-29.921078,-25.77885,10,EPI_ISL_12952282,Omicron,BA.2.3.13,2022-04-19
-29.91317,-25.888279,10,EPI_ISL_13216649,Omicron,BA.2.3.1,2022-05-14
-29.99143,-25.880548,10,EPI_ISL_11509034,Omicron,BA.2,2022-03-23
-23.677666,-21.254658,10,EPI_ISL_13256232,Omicron,BA.2.12.1,2022-06-06
-23.693462,-21.239172,10,EPI_ISL_13064344,Omicron,BA.2.12.1,2022-05-14
-29.90536,-25.809946,10,EPI_ISL_12455040,Omicron,BA.2.9.3,2022-04-22
-29.975788,-26.083443,10,EPI_ISL_13024559,Omicron,BA.2,2022-04-30
-23.787277,-21.348644,10,EPI_ISL_13350407,Omicron,BA.2.12.1,2022-05-26
-30.085037,-25.950836,10,EPI_ISL_11921461,Omicron,BA.2.12,2022-03-28
-29.76477,-25.88819,10,EPI_ISL_14340728,Omicron,BA.2.3.18,2022-07-12
-29.929113,-26.0055,10,EPI_ISL_12587593,Omicron,BA.2,2022-04-24
-29.98336,-25.85696,10,EPI_ISL_13709461,Omicron,BA.2,2022-06-11
-29.96798,-25.87267,10,EPI_ISL_12678313,Omicron,BA.2.9,2022-05-04
-29.819433,-25.849182,10,EPI_ISL_11393457,Omicron,BA.2,2022-03-17
-29.8743,-25.896118,10,EPI_ISL_13094903,Omicron,Unassigned,2022-05-15
-23.708982,-21.278316,10,EPI_ISL_13586902,Omicron,BA.2.12.1,2022-06-12
-29.850739,-25.755402,10,EPI_ISL_13144595,Omicron,BA.2.36,2022-05-22
-29.983562,-25.825853,10,EPI_ISL_13246839,Omicron,BA.2.9,2022-05-30
-29.991425,-25.86491,10,EPI_ISL_13813625,Omicron,BA.2,2022-05-14
-29.91328,-25.93512,10,EPI_ISL_11246189,Omicron,BA.2,2022-03-07
-23.685753,-21.262455,10,EPI_ISL_13220103,Omicron,BA.2.12.1,2022-05-27
-29.991505,-25.872766,10,EPI_ISL_12436004,Omicron,BA.2,2022-04-24
-30.124273,-26.005455,10,EPI_ISL_14249652,Omicron,XE,2022-07-23
-30.014872,-25.825691,10,EPI_ISL_11842995,Omicron,BA.2,2022-03-23
-29.991264,-25.927362,10,EPI_ISL_10748845,Omicron,BA.2,2022-01-29
-29.983606,-25.872543,10,EPI_ISL_13623940,Omicron,BA.2.3,2022-06-16
-29.889828,-25.943148,10,EPI_ISL_11903071,Omicron,BA.2,2022-03-25
-29.90546,-25.857126,10,EPI_ISL_11504420,Omicron,BA.2.10.1,2022-03-20
-30.03823,-25.85699,10,EPI_ISL_11075901,Omicron,BA.2,2022-02-21
-30.014828,-25.91168,10,EPI_ISL_13046528,Omicron,BA.2.3,2022-04-15
-23.763954,-21.309296,10,EPI_ISL_12605368,Omicron,BA.2.12.1,2022-04-15
-23.70914,-21.277908,10,EPI_ISL_13071017,Omicron,BA.2.12.1,2022-05-20
-23.708946,-21.247013,10,EPI_ISL_13289308,Omicron,BA.2.12.1,2022-06-08
-23.693356,-21.26254,10,EPI_ISL_13485057,Omicron,BA.2.12.1,2022-06-06
-30.030485,-25.935158,10,EPI_ISL_12072978,Omicron,BA.2.10,2022-03-28
-29.99136,-25.927502,10,EPI_ISL_13113172,Omicron,BA.2,2022-05-25
-23.72485,-21.278086,10,EPI_ISL_12618862,Omicron,BA.2.12.1,2022-04-22
-30.030212,-25.786507,10,EPI_ISL_10848174,Omicron,BA.2,2022-03-02
-30.022572,-25.880308,10,EPI_ISL_11082324,Omicron,BA.2,2022-02-21
-29.874214,-25.833649,10,EPI_ISL_13578047,Omicron,BA.2.42,2022-06-20
-23.779388,-21.364094,10,EPI_ISL_13809842,Omicron,BA.2.12.1,2022-06-29
-28.678513,-24.677376,10,EPI_ISL_11887477,Omicron,BA.2.9,2022-03-28
-30.069542,-25.935043,10,EPI_ISL_11428500,Omicron,BA.2.1,2022-03-20
-30.10057,-25.94297,10,EPI_ISL_11460485,Omicron,BA.2.9,2022-03-08
-29.069332,-25.01308,10,EPI_ISL_12917022,Omicron,BA.2,2022-04-22
-23.732595,-21.293789,10,EPI_ISL_13549037,Omicron,BA.2.12.1,2022-06-06
-23.709045,-21.278147,10,EPI_ISL_13161333,Omicron,BA.2.12.1,2022-05-23
-29.733484,-25.646091,10,EPI_ISL_10436159,Omicron,BA.2,2022-02-03
-29.91315,-25.794697,10,EPI_ISL_13992661,Omicron,BA.2,2022-06-14
-30.030464,-25.896206,10,EPI_ISL_12259494,Omicron,BA.2,2022-04-04
-29.944448,-25.896027,10,EPI_ISL_11029655,Omicron,BA.2.9,2022-03-08
-23.701344,-21.262558,10,EPI_ISL_13551994,Omicron,BA.2.12.1,2022-06-06
-30.0226,-25.708622,10,EPI_ISL_11901626,Omicron,BA.2,2022-04-02
-22.755907,-20.31735,10,EPI_ISL_13646552,Omicron,BA.2.12.1,2022-06-23
-30.139893,-25.966356,10,EPI_ISL_9783922,Omicron,BA.2,2022-02-03
-23.716984,-21.293682,10,EPI_ISL_12888361,Omicron,BA.2.12.1,2022-05-10
-30.03049,-25.864866,10,EPI_ISL_11818454,Omicron,BA.2,2022-03-28
-23.654356,-21.21566,10,EPI_ISL_13109868,Omicron,BA.2.12.1,2022-05-13
-28.56926,-24.481892,10,EPI_ISL_10806797,Omicron,BA.2,2022-03-02
-29.928902,-25.83352,10,EPI_ISL_11083932,Omicron,BA.2.9,2022-03-09
-29.991297,-25.817959,10,EPI_ISL_15166381,Omicron,BA.2.57,2022-05-19
-29.94456,-25.864664,10,EPI_ISL_14377378,Omicron,BA.2,2022-05-12
-29.975712,-25.84932,10,EPI_ISL_13322469,Omicron,BA.2,2022-06-08
-30.0305,-25.8961,10,EPI_ISL_10053583,Omicron,BA.2,2022-02-12
-30.0383,-25.872562,10,EPI_ISL_12515510,Omicron,BA.2.5,2022-04-21
-29.897512,-25.708477,10,EPI_ISL_11231956,Omicron,BA.2,2022-03-03
-23.630905,-21.200024,10,EPI_ISL_12760256,Omicron,BA.2.12.1,2022-05-04
-29.913147,-25.771193,10,EPI_ISL_14503913,Omicron,BA.2.10.1,2022-06-09
-29.983625,-25.841286,10,EPI_ISL_12478914,Omicron,BA.2,2022-04-25
-30.02255,-25.849072,10,EPI_ISL_13787147,Omicron,BA.2,2022-07-02
-23.68577,-21.254673,10,EPI_ISL_12887806,Omicron,BA.2.12.1,2022-05-10
-29.882,-25.778847,10,EPI_ISL_12279165,Omicron,BA.2,2022-04-11
-29.811655,-25.708591,10,EPI_ISL_10805370,Omicron,BA.2.9,2022-02-24
-29.905525,-25.786762,10,EPI_ISL_12623009,Omicron,BA.2,2022-05-01
-23.685633,-21.246983,10,EPI_ISL_13261897,Omicron,BA.2.12.1,2022-05-23
-30.124084,-26.021038,10,EPI_ISL_12514225,Omicron,BA.2,2022-04-08
-30.092838,-25.973991,10,EPI_ISL_14127952,Omicron,BA.2.3.1,2022-05-18
-29.944649,-25.97424,10,EPI_ISL_10692539,Omicron,BA.2.9,2022-02-25
-30.00706,-25.771152,10,EPI_ISL_8922772,Omicron,BA.2.9,2022-01-15
-29.93665,-25.817995,10,EPI_ISL_13073782,Omicron,BA.2.9.3,2022-05-24
-23.58417,-21.153152,10,EPI_ISL_13979792,Omicron,BA.2.12.1,2022-06-30
-23.71699,-21.293684,10,EPI_ISL_13992064,Omicron,BA.2.12.1,2022-06-05
-29.983498,-25.88056,10,EPI_ISL_11187682,Omicron,BA.2,2022-03-13
-29.850716,-25.786873,10,EPI_ISL_10810677,Omicron,BA.2,2022-02-28
-29.936737,-25.778877,10,EPI_ISL_10067428,Omicron,BA.2,2022-02-12
-29.968164,-25.84927,10,EPI_ISL_12041625,Omicron,BA.2.3.16,2022-03-20
-29.960249,-25.84921,10,EPI_ISL_10934156,Omicron,BA.2,2022-03-04
-29.967985,-25.81008,10,EPI_ISL_12865666,Omicron,BA.2.59,2022-05-16
-23.709126,-21.270502,10,EPI_ISL_13433492,Omicron,BA.2.12.1,2022-06-03
-30.045975,-25.919666,10,EPI_ISL_12073678,Omicron,Unassigned,2022-04-03
-29.920965,-25.849123,10,EPI_ISL_8926621,Omicron,BA.2,2022-01-13
-23.638786,-21.231342,10,EPI_ISL_12304336,Omicron,BA.2.12.1,2022-04-13
-29.936583,-25.864748,10,EPI_ISL_11917266,Omicron,BA.2,2022-04-04
-23.717031,-21.270344,10,EPI_ISL_13078178,Omicron,BA.2.12.1,2022-05-19
-30.038158,-25.849138,10,EPI_ISL_11346906,Omicron,BA.2,2022-03-19
-29.811798,-25.724333,10,EPI_ISL_12927933,Omicron,BA.2.72,2022-05-14
-21.833834,-19.37191,10,EPI_ISL_13292310,Omicron,BA.2.12.1,2022-05-24
-29.999262,-25.833797,10,EPI_ISL_9176028,Omicron,BA.2.10,2022-01-05
-30.022528,-25.810162,10,EPI_ISL_12542101,Omicron,BA.2,2022-04-19
-29.29602,-25.208359,10,EPI_ISL_13241251,Omicron,BA.2.44,2022-05-27
-29.983553,-25.89611,10,EPI_ISL_10690771,Omicron,BA.2,2022-02-26
-29.991343,-25.849365,10,EPI_ISL_10401219,Omicron,BA.2,2022-02-21
-23.693457,-21.23922,10,EPI_ISL_13076582,Omicron,BA.2.12.1,2022-05-19
-30.11642,-25.974106,10,EPI_ISL_11833350,Omicron,BA.2,2022-04-02
-29.835293,-25.771236,10,EPI_ISL_12596131,Omicron,BA.2.73,2022-04-18
-29.99145,-25.857105,10,EPI_ISL_11918355,Omicron,BA.2,2022-04-03
-30.06171,-25.911709,10,EPI_ISL_10963621,Omicron,BA.2,2022-03-05
-23.701256,-21.262417,10,EPI_ISL_13348222,Omicron,Unassigned,2022-05-26
-30.11633,-26.075691,10,EPI_ISL_11046133,Omicron,BA.2,2022-02-21
-30.155529,-25.95071,10,EPI_ISL_11762634,Omicron,BA.2.20,2022-03-24
-30.007132,-25.903921,10,EPI_ISL_11199062,Omicron,BA.2,2022-03-13
-23.740223,-21.293772,10,EPI_ISL_13461743,Omicron,BG.2,2022-06-15
-29.936737,-25.849009,10,EPI_ISL_9408967,Omicron,BA.2,2021-12-28
-29.983578,-25.833584,10,EPI_ISL_14970733,Omicron,BA.2,2022-05-09
-23.724604,-21.286053,10,EPI_ISL_14192550,Omicron,BA.2.12.1,2022-07-21
-28.960096,-24.903748,10,EPI_ISL_13860838,Omicron,BA.2.45,2022-07-06
-29.82722,-25.786621,10,EPI_ISL_11306835,Omicron,BA.2,2022-03-16
-29.944407,-25.903992,10,EPI_ISL_12826270,Omicron,BA.2,2022-05-10
-22.474583,-20.04386,10,EPI_ISL_13455185,Omicron,BA.2.12.1,2022-05-25
-21.849663,-19.410923,10,EPI_ISL_12885976,Omicron,BA.2.12.1,2022-05-09
-23.927776,-21.489109,10,EPI_ISL_12507252,Omicron,BA.2.12.1,2022-04-20
-28.77253,-24.661644,10,EPI_ISL_12777571,Omicron,BA.2,2022-03-23
-30.014587,-25.872692,10,EPI_ISL_12776689,Omicron,BA.2.9,2022-03-25
-29.991293,-25.654171,10,EPI_ISL_10401193,Omicron,BA.2.9,2022-02-20
-30.053905,-25.841455,10,EPI_ISL_12048701,Omicron,BA.2,2022-03-29
-29.78033,-25.669472,10,EPI_ISL_11419607,Omicron,BA.2,2022-03-16
-29.858625,-25.70064,10,EPI_ISL_12666685,Omicron,BA.2.9,2022-05-06
-23.724598,-21.301651,10,EPI_ISL_14474793,Omicron,BA.2.12.1,2022-07-25
-29.803795,-25.778818,10,EPI_ISL_11216512,Omicron,BA.2.41,2022-03-14
-29.921133,-25.950706,10,EPI_ISL_12499767,Omicron,BA.2,2022-04-11
-23.724705,-21.28583,10,EPI_ISL_13042874,Omicron,BA.2.12.1,2022-05-18
-30.077229,-25.927364,10,EPI_ISL_12613505,Omicron,BA.2,2022-05-01
-23.677763,-21.231386,10,EPI_ISL_13256261,Omicron,BA.2.12.1,2022-06-07
-29.967953,-25.857006,10,EPI_ISL_12362726,Omicron,BA.2,2022-04-08
-29.967854,-25.96636,10,EPI_ISL_10179502,Omicron,BA.2,2022-02-01
-30.030518,-25.888351,10,EPI_ISL_11212291,Omicron,BA.2.9,2022-03-14
-30.147667,-26.036469,10,EPI_ISL_14157338,Omicron,BA.2,2022-06-06
-29.897379,-25.747696,10,EPI_ISL_14181817,Omicron,BA.2,2022-06-02
-23.685623,-21.231165,10,EPI_ISL_14806374,Omicron,BA.2.12.1,2022-08-14
-29.88971,-25.755444,10,EPI_ISL_11675267,Omicron,BA.2,2022-03-16
-27.896732,-24.11466,10,EPI_ISL_13199343,Omicron,BA.2,2022-05-11
-30.02245,-25.84903,10,EPI_ISL_13051538,Omicron,BA.2.9,2022-04-14
-29.84295,-25.731958,10,EPI_ISL_11916151,Omicron,BA.2,2022-03-21
-28.678612,-24.638279,10,EPI_ISL_11120176,Omicron,BA.2,2022-03-06
-30.014915,-25.857042,10,EPI_ISL_9989575,Omicron,BA.2.37,2022-02-11
-30.045984,-25.880371,10,EPI_ISL_8834262,Omicron,BA.2,2022-01-11
-23.709229,-21.285906,10,EPI_ISL_12593531,Omicron,BA.2.12.1,2022-04-19
-23.685606,-21.254585,10,EPI_ISL_15239285,Omicron,BA.2.12.1,2022-05-26
-29.952461,-25.732159,10,EPI_ISL_12335904,Omicron,BA.2,2022-04-19
-30.030525,-25.888222,10,EPI_ISL_13076841,Omicron,BA.2,2022-05-09
-29.999302,-25.911724,10,EPI_ISL_11186531,Omicron,BA.2,2022-03-12
-29.8899,-25.911652,10,EPI_ISL_9238343,Omicron,BA.2.9,2022-01-21
-23.709103,-21.254772,10,EPI_ISL_14539379,Omicron,Unassigned,2022-06-16
-23.662113,-21.231268,10,EPI_ISL_12785986,Omicron,BA.2.12.1,2022-05-06
-29.86632,-25.763308,10,EPI_ISL_16147908,Omicron,BA.2,2022-04-23
-23.678093,-21.278141,10,EPI_ISL_13349141,Omicron,BA.2.12.1,2022-05-16
-30.007118,-25.88048,10,EPI_ISL_10811043,Omicron,BA.2.47,2022-03-01
-30.053913,-26.04435,10,EPI_ISL_12530582,Omicron,BA.2.3.4,2022-04-19
-30.209995,-26.138348,10,EPI_ISL_12618348,Omicron,BA.2.3,2022-04-20
-23.72461,-21.301628,10,EPI_ISL_13055684,Omicron,BA.2.12.1,2022-05-23
-29.81947,-25.677412,10,EPI_ISL_12687199,Omicron,BA.2.43,2022-04-26
-29.983604,-25.864815,10,EPI_ISL_14514442,Omicron,BA.2.70,2022-06-15
-30.046112,-25.950726,10,EPI_ISL_12031448,Omicron,BA.2,2022-03-21
-29.866282,-25.763325,10,EPI_ISL_10925018,Omicron,BA.2.3,2022-03-05
-29.928892,-25.84914,10,EPI_ISL_10319078,Omicron,BA.2,2022-02-15
-29.991335,-25.849016,10,EPI_ISL_13228409,Omicron,BA.2,2022-05-27
-23.70136,-21.254787,10,EPI_ISL_13433131,Omicron,BA.2.12.1,2022-06-03
-29.905571,-25.849121,10,EPI_ISL_13607942,Omicron,BA.2.42,2022-05-31
-23.779442,-21.372082,10,EPI_ISL_13413249,Omicron,BA.2.12.1,2022-06-04
-30.10071,-25.958675,10,EPI_ISL_11152538,Omicron,BA.2,2022-03-10
-30.0225,-25.833742,10,EPI_ISL_13203898,Omicron,BA.2.9,2022-05-21
-23.693405,-21.348553,10,EPI_ISL_13468862,Omicron,BA.2.12.1,2022-06-07
-29.91331,-25.771183,10,EPI_ISL_10306661,Omicron,BA.2,2022-02-16
-23.71698,-21.293655,10,EPI_ISL_12858804,Omicron,BA.2.12.1,2022-05-12
-30.061653,-25.849113,10,EPI_ISL_14060030,Omicron,BA.2.3.6,2022-07-05
-28.710072,-24.74762,10,EPI_ISL_11270829,Omicron,BA.2,2022-03-14
-30.046017,-25.85704,10,EPI_ISL_13153234,Omicron,BA.2.3,2022-05-18
-30.006992,-25.880342,10,EPI_ISL_12997474,Omicron,BA.2.41,2022-05-14
-29.842888,-25.841383,10,EPI_ISL_12027784,Omicron,BA.2.5,2022-04-06
-28.303888,-24.34111,10,EPI_ISL_12239473,Omicron,BA.2,2022-04-09
-23.662155,-21.223518,10,EPI_ISL_13117178,Omicron,BA.2.12.1,2022-05-17
-29.999199,-25.86472,10,EPI_ISL_12625908,Omicron,BA.2.36,2022-05-02
-30.092884,-25.942997,10,EPI_ISL_13152956,Omicron,BA.2,2022-05-16
-30.116272,-26.013304,10,EPI_ISL_13406913,Omicron,BA.2,2022-05-31
-30.04597,-25.911575,10,EPI_ISL_10340632,Omicron,BA.2.9,2022-02-19
-30.163261,-26.005459,10,EPI_ISL_13400321,Omicron,BA.2.9,2022-06-14
-30.163212,-26.091423,10,EPI_ISL_12023023,Omicron,BA.2,2022-04-05
-30.241375,-26.099361,10,EPI_ISL_11593169,Omicron,BA.2.12,2022-03-08
-29.944477,-25.989906,10,EPI_ISL_11181728,Omicron,BA.2.2,2022-03-11
-30.241402,-25.935047,10,EPI_ISL_12816108,Omicron,BA.2.50,2022-04-29
-30.092865,-26.013428,10,EPI_ISL_11211046,Omicron,BA.2.9,2022-03-14
-29.81953,-25.966463,10,EPI_ISL_13112845,Omicron,BA.2,2022-04-24
-29.983465,-25.904005,10,EPI_ISL_13167880,Omicron,BA.2.9,2022-05-17
-23.685629,-21.254757,10,EPI_ISL_13609415,Omicron,BA.2.12.1,2022-06-23
-29.795975,-25.661488,10,EPI_ISL_13107154,Omicron,BA.2.10.1,2022-05-24
-29.92102,-25.833464,10,EPI_ISL_10336542,Omicron,BA.2,2022-02-18
-29.913244,-25.79447,10,EPI_ISL_13338699,Omicron,BA.2,2022-06-07
-29.975746,-25.841532,10,EPI_ISL_14671915,Omicron,BA.2.36,2022-04-20
-30.022701,-25.763193,10,EPI_ISL_11515120,Omicron,BA.2,2022-02-09
-30.022556,-25.927383,10,EPI_ISL_13041370,Omicron,BA.2,2022-05-17
-29.999094,-25.84135,10,EPI_ISL_14123352,Omicron,BA.2.3.13,2022-06-15
-30.045963,-25.935287,10,EPI_ISL_11812753,Omicron,BA.2,2022-03-16
-30.007156,-25.80217,10,EPI_ISL_10021933,Omicron,BA.2.9,2022-02-01
-22.404125,-19.965687,10,EPI_ISL_13333671,Omicron,BA.2.12.1,2022-05-23
-29.999132,-25.95069,10,EPI_ISL_10774300,Omicron,BA.2,2022-02-15
-22.466927,-20.035873,10,EPI_ISL_13039459,Omicron,BA.2.12.1,2022-04-26
-29.975891,-25.864899,10,EPI_ISL_11799951,Omicron,BA.2.3,2022-03-24
-29.827291,-25.614925,10,EPI_ISL_10677844,Omicron,BA.2,2022-02-26
-30.13972,-26.052155,10,EPI_ISL_12265091,Omicron,BA.2,2022-04-13
-28.670927,-24.5602,10,EPI_ISL_11547899,Omicron,BA.2,2022-03-22
-29.756899,-25.614895,10,EPI_ISL_12986167,Omicron,BA.2.3.1,2022-04-18
-30.007,-25.903912,10,EPI_ISL_13843285,Omicron,BA.2.3.1,2022-06-07
-29.850662,-25.763178,10,EPI_ISL_12509057,Omicron,BA.2.9,2022-04-20
-23.740341,-21.301483,10,EPI_ISL_12497775,Omicron,BA.2.12.1,2022-04-18
-29.975807,-25.903671,10,EPI_ISL_12507813,Omicron,BA.2,2022-04-18
-23.709276,-21.286228,10,EPI_ISL_13161842,Omicron,BA.2.12.1,2022-05-23
-29.89759,-25.778934,10,EPI_ISL_14190839,Omicron,BA.2.3.7,2022-05-24
-30.053802,-25.950739,10,EPI_ISL_12805658,Omicron,BA.2,2022-05-11
-29.905636,-25.95856,10,EPI_ISL_10718148,Omicron,BA.2,2022-02-14
-29.975748,-25.872837,10,EPI_ISL_13324253,Omicron,BA.2.3,2022-05-30
-30.007126,-25.872503,10,EPI_ISL_12845489,Omicron,BA.2,2022-05-10
-30.007061,-25.880493,10,EPI_ISL_14301681,Omicron,BA.2.3.1,2022-07-03
-30.108675,-25.927347,10,EPI_ISL_10863835,Omicron,BA.2,2022-02-25
-23.709059,-21.27838,10,EPI_ISL_13430113,Omicron,BA.2.12.1,2022-05-21
-30.03044,-25.919655,10,EPI_ISL_12287993,Omicron,BA.2,2022-04-09
-21.724628,-19.286049,10,EPI_ISL_15327516,Omicron,BA.2.12.1,2022-07-21
-30.053978,-25.88034,10,EPI_ISL_13208581,Omicron,BA.2,2022-04-22
-29.921,-25.911737,10,EPI_ISL_13242709,Omicron,BA.2,2022-06-06
-23.670082,-21.215704,10,EPI_ISL_13704581,Omicron,BA.2.12.1,2022-06-15
-30.069527,-25.950747,10,EPI_ISL_13241762,Omicron,BA.2,2022-05-19
-30.038187,-25.919472,10,EPI_ISL_14341190,Omicron,BA.2.3.1,2022-07-04
-29.975864,-25.810242,10,EPI_ISL_13917411,Omicron,BA.2.36,2022-06-17
-30.053986,-25.89624,10,EPI_ISL_13027295,Omicron,BA.2,2022-05-07
-29.99141,-25.88823,10,EPI_ISL_12116818,Omicron,BA.2,2022-04-05
-28.381752,-24.575678,10,EPI_ISL_12166929,Omicron,BA.2.3.4,2022-04-03
-23.685524,-21.270359,10,EPI_ISL_13106164,Omicron,BA.2.12.1,2022-05
-23.716974,-21.293694,10,EPI_ISL_13464465,Omicron,BA.2.12.1,2022-06-06
-30.038254,-25.903801,10,EPI_ISL_14153154,Omicron,BA.2.3,2022-07-14
-30.046104,-25.771137,10,EPI_ISL_10627500,Omicron,BA.2,2022-02-17
-23.716862,-21.278378,10,EPI_ISL_14221341,Omicron,BA.2.12.1,2022-07-05
-29.928774,-25.817926,10,EPI_ISL_10589866,Omicron,BA.2.10,2022-02-19
-23.646622,-21.207935,10,EPI_ISL_12974774,Omicron,BA.2.12.1,2022-05-15
-23.701082,-21.278326,10,EPI_ISL_13333836,Omicron,BA.2.12.1,2022-05-28
-30.014736,-25.9114,10,EPI_ISL_13704320,Omicron,BA.2,2022-05-19
-30.030449,-25.888206,10,EPI_ISL_11800791,Omicron,BA.2,2022-03-23
-28.014297,-24.216473,10,EPI_ISL_14062842,Omicron,BA.2,2022-06-07
-30.061607,-25.982033,10,EPI_ISL_12211234,Omicron,BA.2,2022-04-15
-30.061693,-25.818008,10,EPI_ISL_12394373,Omicron,BA.2,2022-02-03
-23.740433,-21.301584,10,EPI_ISL_14196570,Omicron,BA.2.12.1,2022-07-20
-23.701305,-21.270275,10,EPI_ISL_13751565,Omicron,BA.2.12.1,2022-07-03
-29.210125,-25.177343,10,EPI_ISL_11930774,Omicron,BA.2,2022-03-16
-29.967785,-25.786697,10,EPI_ISL_11806710,Omicron,BA.2,2022-04-01
-29.952297,-25.84927,10,EPI_ISL_12471193,Omicron,BA.2,2022-04-18
-30.046179,-25.880543,10,EPI_ISL_13064064,Omicron,BA.2.3,2022-05-12
-29.850801,-25.708607,10,EPI_ISL_12560763,Omicron,BA.2,2022-04-01
-29.84307,-25.747559,10,EPI_ISL_12753935,Omicron,BA.2.21,2022-05-02
-23.701242,-21.262619,10,EPI_ISL_12486399,Omicron,BA.2.12.1,2022-04-20
-23.748108,-21.30158,10,EPI_ISL_13433109,Omicron,BA.2.12.1,2022-06-03
-29.983591,-25.911795,10,EPI_ISL_11853104,Omicron,BA.2,2022-03-20
-30.014698,-25.896168,10,EPI_ISL_11837856,Omicron,BA.2,2022-03-15
-23.66222,-21.231483,10,EPI_ISL_13192950,Omicron,BA.2.12.1,2022-05-12
-30.030342,-25.880577,10,EPI_ISL_16614163,Omicron,BA.2.2.1,2022-05-10
-23.701317,-21.270304,10,EPI_ISL_13254930,Omicron,BA.2.12.1,2022-06-03
-30.03826,-25.919464,10,EPI_ISL_11093724,Omicron,BA.2,2022-02-28
-29.936605,-25.802366,10,EPI_ISL_14589564,Omicron,BA.2.3.1,2022-07-19
-29.975615,-25.942991,10,EPI_ISL_11196397,Omicron,BA.2.41,2022-03-13
-21.677826,-19.278301,10,EPI_ISL_13370684,Omicron,BA.2,2022-06-08
-30.092815,-25.966463,10,EPI_ISL_9367941,Omicron,BA.2,2022-01-24
-29.952396,-25.911629,10,EPI_ISL_13363667,Omicron,BA.2.23,2022-04-13
-23.685642,-21.262512,10,EPI_ISL_13993523,Omicron,BA.2.12.1,2022-07-12
-30.030388,-25.78664,10,EPI_ISL_14676314,Omicron,BA.2.76,2022-08-10
-29.991385,-25.888294,10,EPI_ISL_12908723,Omicron,Unassigned,2022-05-08
-28.889542,-24.732075,10,EPI_ISL_13266871,Omicron,BA.2,2022-06-02
-23.701504,-21.254845,10,EPI_ISL_16613441,Omicron,BA.2.12.1,2022-06-21
-29.975584,-25.825653,10,EPI_ISL_12699035,Omicron,BA.2,2022-04-19
-30.014734,-25.880383,10,EPI_ISL_15757905,Omicron,BA.2.3.7,2022-05-13
-30.030584,-25.86471,10,EPI_ISL_11038485,Omicron,BA.2.10,2022-03-04
-23.748264,-21.270264,10,EPI_ISL_13423438,Omicron,BA.2.12.1,2022-06-05
-30.030457,-25.950857,10,EPI_ISL_11512644,Omicron,BA.2.3,2022-03-21
-23.740202,-21.301704,10,EPI_ISL_13315553,Omicron,BA.2.12.1,2022-06-03
-23.724825,-21.286007,10,EPI_ISL_13526745,Omicron,BA.2.12.1,2022-06-16
-30.08524,-25.989784,10,EPI_ISL_10306360,Omicron,BA.2,2022-02-03
-23.67781,-21.246815,10,EPI_ISL_14482610,Omicron,BA.2.12.1,2022-07-28
-29.921083,-25.833538,10,EPI_ISL_12581335,Omicron,BA.2,2022-04-05
-30.014942,-25.872562,10,EPI_ISL_11119619,Omicron,BA.2.9,2022-03-07
-29.842932,-25.747364,10,EPI_ISL_9352352,Omicron,BA.2,2022-01-09
-29.983515,-25.817894,10,EPI_ISL_13088218,Omicron,BA.2,2022-05-27
-23.7482,-21.301765,10,EPI_ISL_13063084,Omicron,BA.2.12.1,2022-05-17
-30.061802,-25.880333,10,EPI_ISL_14632474,Omicron,BA.2.3.7,2022-08-15
-22.474667,-20.028206,10,EPI_ISL_13199054,Omicron,BA.2.12.1,2022-06-01
-22.544949,-20.106308,10,EPI_ISL_12601247,Omicron,BA.2.12.1,2022-04-04
-29.905502,-25.825825,10,EPI_ISL_12648037,Omicron,BA.2.36,2022-05-03
-29.94455,-25.810198,10,EPI_ISL_12864025,Omicron,BA.2.3,2022-05-09
-29.975706,-25.88049,10,EPI_ISL_12506589,Omicron,BA.2,2022-04-19
-23.67773,-21.246883,10,EPI_ISL_13121769,Omicron,BA.2.12.1,2022-05-22
-23.70145,-21.254707,10,EPI_ISL_12856493,Omicron,BA.2.12.1,2022-05-12
-30.006878,-25.763172,10,EPI_ISL_10852344,Omicron,BA.2,2022-02-28
-29.913057,-25.810188,10,EPI_ISL_12921809,Omicron,BA.2,2022-05-06
-29.913324,-25.747658,10,EPI_ISL_15748596,Omicron,BA.2,2022-06-01
-29.803947,-25.677536,10,EPI_ISL_12122836,Omicron,BA.2,2022-04-11
-28.420895,-25.028938,10,EPI_ISL_10933736,Omicron,BA.2,2022-03-06
-23.85754,-21.418766,10,EPI_ISL_13161733,Omicron,BA.2.12.1,2022-05-23
-30.014755,-25.927303,10,EPI_ISL_12845175,Omicron,BA.2,2022-05-14
-29.975792,-25.911713,10,EPI_ISL_11590447,Omicron,BA.2,2022-03-25
-30.210182,-26.075779,10,EPI_ISL_12580542,Omicron,BA.2,2022-05-02
-29.842808,-26.013195,10,EPI_ISL_12910377,Omicron,Unassigned,2022-05-09
-29.967972,-25.841427,10,EPI_ISL_13425569,Omicron,BA.2.9.3,2022-06-18
-29.913288,-25.810081,10,EPI_ISL_10256333,Omicron,BA.2,2022-02-08
-23.67017,-21.231428,10,EPI_ISL_13161910,Omicron,BA.2.12.1,2022-05-23
-29.91315,-25.888258,10,EPI_ISL_10934959,Omicron,BA.2,2022-03-04
-23.66214,-21.254719,10,EPI_ISL_13226570,Omicron,BA.2.12.1,2022-05-20
-29.889755,-25.94316,10,EPI_ISL_10353104,Omicron,BA.2,2022-02-18
-29.960115,-25.958546,10,EPI_ISL_16303953,Omicron,BA.2.85,2022-08-26
-29.944298,-25.856974,10,EPI_ISL_11340417,Omicron,BA.2.10.1,2022-03-15
-28.748737,-24.68498,10,EPI_ISL_13787305,Omicron,BA.2,2022-06-20
-23.849617,-21.410946,10,EPI_ISL_13219286,Omicron,BA.2.12.1,2022-05-25
-30.116415,-25.825842,10,EPI_ISL_11225595,Omicron,BA.2.9,2022-03-10
-29.631866,-25.786594,10,EPI_ISL_14822599,Omicron,BA.2.52,2022-06-11
-29.9757,-25.903961,10,EPI_ISL_9859710,Omicron,BA.2.9,2022-02-04
-30.10075,-25.849121,10,EPI_ISL_9456604,Omicron,BA.2.10,2022-01-08
-30.022518,-25.888466,10,EPI_ISL_10413216,Omicron,BA.2,2022-02-20
-29.921013,-25.841291,10,EPI_ISL_10182109,Omicron,BA.2.3,2022
-29.952099,-25.82581,10,EPI_ISL_13431576,Omicron,BA.2.14,2022-06-12
-29.952433,-25.78661,10,EPI_ISL_15321878,Omicron,BA.2.48,2022-05-24
-29.967932,-25.708565,10,EPI_ISL_9915927,Omicron,BA.2,2022-01-22
-23.724895,-21.285934,10,EPI_ISL_13948489,Omicron,BA.2.12.1,2022-05-16
-30.046139,-25.896059,10,EPI_ISL_13874090,Omicron,BA.2,2022-06-27
-30.02251,-25.88823,10,EPI_ISL_9932027,Omicron,BA.2.3,2022-01-24
-29.967888,-25.888153,10,EPI_ISL_13832445,Omicron,BA.2,2022-06-10
-30.030457,-25.958511,10,EPI_ISL_10677733,Omicron,BA.2,2022-02-26
-28.795681,-24.73194,10,EPI_ISL_12571802,Omicron,BA.2,2022-04-12
-29.991291,-25.927448,10,EPI_ISL_12808603,Omicron,BA.2,2022-05-06
-29.874292,-25.75532,10,EPI_ISL_11749047,Omicron,BA.2,2022-03-16
-28.717606,-24.669565,10,EPI_ISL_13253204,Omicron,BA.2.9,2022-05-04
-30.077171,-25.942755,10,EPI_ISL_12367098,Omicron,BA.2.9,2022-04-19
-29.913324,-25.755373,10,EPI_ISL_11328412,Omicron,BA.2.6,2022-03-07
-30.022488,-25.786728,10,EPI_ISL_13053415,Omicron,BA.2.20,2022-05-16
-29.889755,-25.724228,10,EPI_ISL_12883182,Omicron,BA.2.36,2022-04-28
-29.98354,-25.786823,10,EPI_ISL_11434505,Omicron,BA.2.9,2022-03-20
-30.069489,-25.966328,10,EPI_ISL_13094732,Omicron,Unassigned,2022-05-13
-23.630802,-21.176687,10,EPI_ISL_13565817,Omicron,BA.2.12.1,2022-05-31
-29.9679,-25.81793,10,EPI_ISL_13112808,Omicron,BA.2,2022-04-24
-23.623186,-21.26257,10,EPI_ISL_13254634,Omicron,BA.2.12.1,2022-05-31
-29.905289,-25.818125,10,EPI_ISL_14126317,Omicron,BA.2.3.1,2022-06-27
-23.904541,-21.473492,10,EPI_ISL_13041172,Omicron,BA.2.12.1,2022-05-16
-30.038242,-25.88039,10,EPI_ISL_13399392,Omicron,BA.2,2022-06-08
-29.835064,-25.7008,10,EPI_ISL_12654537,Omicron,BA.2,2022-04-28
-30.00699,-25.86459,10,EPI_ISL_13047387,Omicron,BA.2,2022-04-28
-30.03048,-25.880444,10,EPI_ISL_11308955,Omicron,BA.2,2022-03-15
-23.6934,-21.254667,10,EPI_ISL_13554203,Omicron,BA.2.12.1,2022-06-08
-23.693472,-21.262547,10,EPI_ISL_13041539,Omicron,BA.2.12.1,2022-05-18
-29.905283,-25.997576,10,EPI_ISL_9986474,Omicron,BA.2,2022-02-12
-30.006973,-25.927286,10,EPI_ISL_12466545,Omicron,BA.2,2022-04-22
-29.975754,-25.8572,10,EPI_ISL_13079259,Omicron,BA.2,2022-04-19
-30.038097,-25.919495,10,EPI_ISL_12272530,Omicron,BA.2.23,2022-04-08
-29.866405,-25.739714,10,EPI_ISL_11545770,Omicron,BA.2,2022-03-23
-30.038097,-25.903753,10,EPI_ISL_9567315,Omicron,BA.2,2022-01-28
-29.960093,-25.888054,10,EPI_ISL_13199231,Omicron,BA.2.9,2022-05-17
-29.991385,-25.880383,10,EPI_ISL_11903020,Omicron,BA.2,2022-02-23
-29.913368,-25.919588,10,EPI_ISL_10732581,Omicron,BA.2,2022-02-23
-23.716923,-21.293678,10,EPI_ISL_13505302,Omicron,BA.2.12.1,2022-06-22
-30.046211,-25.982063,10,EPI_ISL_12331734,Omicron,BA.2.9,2022-04-13
-30.18679,-26.05999,10,EPI_ISL_10731838,Omicron,BA.2,2022-02-27
-29.671059,-25.880564,10,EPI_ISL_11955341,Omicron,BA.2,2022-04-02
-29.741394,-25.66961,10,EPI_ISL_13787330,Omicron,BA.2,2022-06-18
-30.03825,-25.841305,10,EPI_ISL_14123497,Omicron,BA.2.10,2022-06-10
-29.780386,-25.716341,10,EPI_ISL_10999658,Omicron,BA.2,2022
-30.006865,-25.818054,10,EPI_ISL_13148479,Omicron,BA.2,2022-04-03
-23.646482,-21.231152,10,EPI_ISL_17144969,Omicron,BA.2.12.1,2022-06-03
-23.709091,-21.278053,10,EPI_ISL_12497085,Omicron,BA.2.12.1,2022-04-14
-29.936625,-25.771063,10,EPI_ISL_14129202,Omicron,BA.2.3,2022-06-21
-30.061699,-25.94304,10,EPI_ISL_9956982,Omicron,BA.2.9,2022-01-21
-23.732521,-21.30954,10,EPI_ISL_12117966,Omicron,BA.2.12.1,2022-03-29
-30.07729,-25.778828,10,EPI_ISL_11509751,Omicron,BA.2.3,2022-03-21
-29.967903,-25.91938,10,EPI_ISL_10892006,Omicron,BA.2,2022-03-05
-29.983688,-25.82599,10,EPI_ISL_10094215,Omicron,BA.2,2022-02-12
-30.038296,-25.87248,10,EPI_ISL_12846615,Omicron,BA.2.3,2022-04-12
-23.724716,-21.286146,10,EPI_ISL_13422690,Omicron,BA.2.12.1,2022-06-05
-23.709,-21.285961,10,EPI_ISL_12923688,Omicron,BA.2.12.1,2022-05-04
-29.952322,-25.856873,10,EPI_ISL_15498409,Omicron,BA.2,2022-05-30
-28.147537,-24.310156,10,EPI_ISL_17513094,Omicron,BA.2,2023-01-04
-30.022633,-25.896156,10,EPI_ISL_17685008,Omicron,BA.2.2,2022-07-19
-23.685783,-21.25478,10,EPI_ISL_15243180,Omicron,BA.2.12.1,2022-06-05
-29.850494,-25.747498,10,EPI_ISL_13027887,Omicron,BA.2.9.3,2022-05-23
-29.866404,-25.724266,10,EPI_ISL_9622799,Omicron,BA.2,2022-01-28
-29.967867,-25.825802,10,EPI_ISL_13873037,Omicron,BA.2.12,2022-01-07
-29.95253,-25.708565,10,EPI_ISL_13112933,Omicron,BA.2,2022-05-16
-29.874249,-25.82559,10,EPI_ISL_11547049,Omicron,BA.2,2022-03-22
-29.952389,-25.864908,10,EPI_ISL_11489012,Omicron,BA.2.12,2022-03-11
-23.66232,-21.22367,10,EPI_ISL_14917729,Omicron,BA.2.12.1,2022-07-12
-30.155441,-25.950775,10,EPI_ISL_12222000,Omicron,BA.2,2022-04-06
-29.874107,-25.888145,10,EPI_ISL_13518993,Omicron,BA.2.9,2022-06-24
-30.170906,-26.099197,10,EPI_ISL_10357383,Omicron,BA.2,2022-01-30
-23.638708,-21.309422,10,EPI_ISL_13322548,Omicron,BA.2.12.1,2022-06-07
-29.960136,-25.857048,10,EPI_ISL_13504970,Omicron,BA.2.9,2022-02-15
-29.913292,-25.82579,10,EPI_ISL_10352844,Omicron,BA.2,2022-02-19
-29.921051,-25.911575,10,EPI_ISL_13278957,Omicron,BA.2,2022-06-08
-30.178944,-26.02108,10,EPI_ISL_10690727,Omicron,BA.2.37,2022-02-24
-29.975735,-25.935116,10,EPI_ISL_12111022,Omicron,BA.2,2022-03-26
-30.092922,-25.974148,10,EPI_ISL_12479701,Omicron,BA.2.36,2022-04-24
-30.202332,-26.044537,10,EPI_ISL_11430212,Omicron,BA.2,2022-03-20
-30.05399,-25.86472,10,EPI_ISL_11232423,Omicron,BA.2,2022-03-04
-30.038382,-25.71633,10,EPI_ISL_13036061,Omicron,BA.2,2022-05-10
-29.91335,-25.903757,10,EPI_ISL_11327698,Omicron,BA.2.3,2022-02-16
-29.97576,-25.763317,10,EPI_ISL_12288641,Omicron,BA.2.36,2022-04-07
-29.952381,-25.817942,10,EPI_ISL_12939215,Omicron,BA.2,2022-04-04
-28.209826,-24.396114,10,EPI_ISL_13044440,Omicron,BA.2.9,2022-05-21
-23.74824,-21.3096,10,EPI_ISL_13222499,Omicron,BA.2.12.1,2022-05-26
-30.093016,-25.974205,10,EPI_ISL_11408684,Omicron,BA.2.45,2022-03-02
-30.00719,-25.896051,10,EPI_ISL_14918205,Omicron,BA.2.36,2022-03-28
-30.030354,-25.904003,10,EPI_ISL_9651355,Omicron,BA.2.14,2022-01-31
-29.866434,-25.809992,10,EPI_ISL_14136387,Omicron,BA.2,2022-07-01
-23.716925,-21.270445,10,EPI_ISL_14212556,Omicron,BA.2.12.1,2022-07-19
-28.342693,-24.403797,10,EPI_ISL_10017119,Omicron,BA.2,2022-02-08
-21.615345,-19.215816,10,EPI_ISL_12706416,Omicron,BA.2.12.1,2022-05-04
-30.069359,-25.942818,10,EPI_ISL_9499076,Omicron,BA.2.9,2022-01-26
-30.007029,-25.825827,10,EPI_ISL_12266425,Omicron,BA.2.3.4,2022-04-13
-28.686647,-24.731934,10,EPI_ISL_14190074,Omicron,BA.2.3.7,2022-05-05
-30.053951,-25.817823,10,EPI_ISL_12827968,Omicron,BA.2,2022-05-12
-29.889778,-25.857016,10,EPI_ISL_11758742,Omicron,BA.2,2022-03-22
-29.967953,-25.841373,10,EPI_ISL_9655797,Omicron,BA.2,2022-01-30
-29.889807,-25.747684,10,EPI_ISL_8529543,Omicron,BA.2,2022-01-03
-30.046059,-25.966053,10,EPI_ISL_14268738,Omicron,BA.2,2022-07-21
-29.811537,-25.810028,10,EPI_ISL_13442410,Omicron,BA.2.9,2022-04-17
-29.991486,-25.841368,10,EPI_ISL_12520567,Omicron,BA.2.9,2022-04-19
-29.944458,-25.802343,10,EPI_ISL_10400293,Omicron,BA.2,2022-02-19
-30.038216,-25.911669,10,EPI_ISL_9787681,Omicron,BA.2,2022-02-04
-29.983528,-25.85701,10,EPI_ISL_15679110,Omicron,BA.2.2,2022-08-08
-29.850761,-26.028854,10,EPI_ISL_12347540,Omicron,BA.2,2022-04-16
-29.999,-25.888191,10,EPI_ISL_11430827,Omicron,BA.2,2022-03-18
-28.178331,-24.333622,10,EPI_ISL_10589878,Omicron,BA.2.10,2022-02-11
-29.952385,-25.872719,10,EPI_ISL_12945387,Omicron,BA.2.3.1,2022-04-28
-30.163208,-26.067963,10,EPI_ISL_11918449,Omicron,BA.2,2022-04-01
-30.006836,-25.856995,10,EPI_ISL_9729432,Omicron,BA.2,2022-01-31
-30.171043,-25.997677,10,EPI_ISL_10853375,Omicron,BA.2.3,2022-03-02
-21.982334,-19.5047,10,EPI_ISL_12051430,Omicron,BA.2.12.1,2022-03-30
-23.64664,-21.200148,10,EPI_ISL_13311355,Omicron,BA.2.12.1,2022-06-09
-29.91325,-25.857103,10,EPI_ISL_13276937,Omicron,BA.2.42,2022-06-03
-30.014751,-25.81016,10,EPI_ISL_11413749,Omicron,BA.2.2,2022-02-17
-29.93665,-25.857111,10,EPI_ISL_12897822,Omicron,BA.2.3.1,2022-04-11
-29.944427,-25.85707,10,EPI_ISL_12901857,Omicron,BA.2,2022-04-29
-29.944473,-25.88062,10,EPI_ISL_11621972,Omicron,BA.2.9,2022-03-21
-30.022608,-25.825891,10,EPI_ISL_11272699,Omicron,BA.2,2022-03-15
-29.960217,-25.856815,10,EPI_ISL_11289082,Omicron,BA.2,2022-03-15
-23.685696,-21.254726,10,EPI_ISL_13351303,Omicron,BG.5,2022-05-17
-23.67788,-21.293781,10,EPI_ISL_13060766,Omicron,BA.2.12.1,2022-05-08
-30.077335,-25.669611,10,EPI_ISL_12199994,Omicron,BA.2.9,2022-04-13
-29.73365,-25.79444,10,EPI_ISL_12794349,Omicron,Unassigned,2022-03-03
-29.88195,-25.763325,10,EPI_ISL_13308084,Omicron,BA.2.3,2022-05-25
-29.795963,-25.677467,10,EPI_ISL_13627049,Omicron,BA.2,2022-02-03
-29.95231,-25.857185,10,EPI_ISL_12503679,Omicron,BA.2,2022-04-16
-23.740442,-21.278126,10,EPI_ISL_12878948,Omicron,BA.2.12.1,2022-05-05
-23.70919,-21.262606,10,EPI_ISL_13541093,Omicron,BA.2.12.1,2022-06-11
-29.9133,-25.825869,10,EPI_ISL_9859405,Omicron,BA.2,2022-02-04
-30.038176,-25.911594,10,EPI_ISL_10966067,Omicron,BA.2,2022-03-06
-29.95216,-25.80243,10,EPI_ISL_12227952,Omicron,BA.2.3,2022-04-18
-21.599545,-19.121944,10,EPI_ISL_12313874,Omicron,BA.2,2022-04-04
-29.725796,-25.700918,10,EPI_ISL_12254073,Omicron,BA.2.9,2022-04-15
-30.046059,-25.653969,10,EPI_ISL_11702704,Omicron,BA.2,2022-03-26
-23.67782,-21.246979,10,EPI_ISL_12444630,Omicron,BA.2.12.1,2022-04-11
-30.038187,-25.833504,10,EPI_ISL_12987713,Omicron,BA.2.10,2022-05-03
-30.05376,-25.833616,10,EPI_ISL_8767712,Omicron,BA.2,2022-01-10
-30.014685,-25.990053,10,EPI_ISL_10064161,Omicron,BA.2,2022-02-11
-23.701391,-21.278297,10,EPI_ISL_13135110,Omicron,BA.2.12.1,2022-05-26
-23.685642,-21.254824,10,EPI_ISL_12570764,Omicron,BA.2.12.1,2022-04-30
-30.061604,-25.82583,10,EPI_ISL_12581357,Omicron,BA.2,2022-04-05
-30.061775,-26.091309,10,EPI_ISL_16873057,Omicron,Unassigned,2022-07
-29.944534,-25.84153,10,EPI_ISL_13351615,Omicron,BA.2,2022-06-02
-30.100773,-26.044567,10,EPI_ISL_12096935,Omicron,BA.2.3.7,2022-03-28
-30.014751,-25.903933,10,EPI_ISL_12910294,Omicron,Unassigned,2022-05-09
-30.00676,-25.833628,10,EPI_ISL_13445749,Omicron,BA.2.50,2022-06-14
-28.78821,-24.559986,10,EPI_ISL_12526927,Omicron,BA.2.36,2022-04-25
-29.975758,-25.857027,10,EPI_ISL_10254930,Omicron,BA.2,2022-01-29
-30.006908,-25.872614,10,EPI_ISL_11980988,Omicron,BA.2,2022-04-04
-30.03061,-25.716421,10,EPI_ISL_11463301,Omicron,BA.2,2022-03-02
-29.866411,-25.771091,10,EPI_ISL_12047767,Omicron,BA.2.37,2022-03-31
-23.732513,-21.293678,10,EPI_ISL_13416915,Omicron,BA.2.12.1,2022-05-30
-29.780518,-25.77128,10,EPI_ISL_11300506,Omicron,XJ,2022-02-15
-29.897781,-25.794521,10,EPI_ISL_11963682,Omicron,BA.2.10,2022-03-29
-29.967903,-25.896008,10,EPI_ISL_14511779,Omicron,BA.2.9,2022-06-23
-29.663097,-25.763409,10,EPI_ISL_12096927,Omicron,BA.2.3,2022-03-27
-29.99915,-25.856953,10,EPI_ISL_12563129,Omicron,BA.2,2022-04-14
-30.030437,-25.67748,10,EPI_ISL_12708028,Omicron,BA.2,2022-05-06
-29.944588,-25.911783,10,EPI_ISL_11023868,Omicron,BA.2.3,2022-03-03
-30.00678,-25.857113,10,EPI_ISL_9366749,Omicron,BA.2,2022-01-05
-30.061802,-25.903944,10,EPI_ISL_10402702,Omicron,BA.2,2022-02-17
-23.685574,-21.239162,10,EPI_ISL_13061343,Omicron,BA.2.12.1,2022-05-09
-30.053751,-25.942936,10,EPI_ISL_10475931,Omicron,BA.2,2022-02-08
-30.053932,-25.802305,10,EPI_ISL_10587528,Omicron,BA.2,2022-02-25
-28.436577,-24.575819,10,EPI_ISL_16348840,Omicron,BA.2.65,2022-12-19
-29.975758,-25.872507,10,EPI_ISL_12008098,Omicron,BA.2.9,2022-03-22
-28.561714,-24.614788,10,EPI_ISL_10746433,Omicron,BA.2.10,2022-02
-29.624063,-25.833485,10,EPI_ISL_13541570,Omicron,BA.2.9.3,2022-05-23
-23.818317,-21.379929,10,EPI_ISL_16898450,Omicron,BA.2.12.1,2022-06-03
-29.88981,-25.919395,10,EPI_ISL_12189289,Omicron,BA.2,2022-04-07
-29.975878,-25.87261,10,EPI_ISL_11154550,Omicron,BA.2,2022-02-18
-29.944324,-25.818075,10,EPI_ISL_10925641,Omicron,BA.2,2022-03-03
-30.022655,-25.91166,10,EPI_ISL_13059300,Omicron,BA.2,2022-05-26
-29.983625,-25.872646,10,EPI_ISL_12593261,Omicron,BA.2,2022-04-17
-23.73253,-21.28598,10,EPI_ISL_13540372,Omicron,BA.2.12.1,2022-06-08
-29.874073,-25.817856,10,EPI_ISL_13021315,Omicron,BA.2.3,2022-05-03
-23.67006,-21.231339,10,EPI_ISL_15389383,Omicron,BA.2.12.1,2022-07-27
-23.740385,-21.301605,10,EPI_ISL_14270865,Omicron,BA.2.12.1,2022-07-11
-30.069344,-25.84914,10,EPI_ISL_9697634,Omicron,BA.2,2022-01-19
-30.014608,-25.786785,10,EPI_ISL_13212993,Omicron,BA.2.3.1,2022-04-28
-29.889927,-25.904087,10,EPI_ISL_13893195,Omicron,BA.2,2022-05-20
-29.99905,-25.888247,10,EPI_ISL_10855449,Omicron,BA.2,2022-02-20
-29.999111,-25.872631,10,EPI_ISL_12628778,Omicron,BA.2,2022-04-25
-29.952366,-25.966446,10,EPI_ISL_10741949,Omicron,BA.2,2022-02-19
-23.685537,-21.231182,10,EPI_ISL_13257462,Omicron,BA.2.12.1,2022-06-03
-29.999147,-25.950748,10,EPI_ISL_11662326,Omicron,BA.2.9,2022-03-26
-29.960136,-25.833677,10,EPI_ISL_12894730,Omicron,BA.2,2022-05-09
-30.030428,-25.90402,10,EPI_ISL_13197686,Omicron,BA.2,2022-05-17
-29.960064,-25.896069,10,EPI_ISL_14125265,Omicron,BA.2.10.1,2022-06-14
-29.87421,-25.731915,10,EPI_ISL_14190845,Omicron,BA.2.3.7,2022-05-24
-28.108463,-24.28675,10,EPI_ISL_10719302,Omicron,BA.2,2022-02-21
-29.975666,-25.880413,10,EPI_ISL_9440092,Omicron,BA.2.9,2022-01-25
-28.319458,-24.513166,10,EPI_ISL_17595117,Omicron,BA.2,2023-01-16
-29.85086,-25.927465,10,EPI_ISL_10217774,Omicron,BA.2.9,2022-02-14
-30.053751,-25.911724,10,EPI_ISL_8927253,Omicron,BA.2,2022-01-13
-30.124256,-25.997646,10,EPI_ISL_14055495,Omicron,BA.2.54,2022-06-14
-30.022491,-25.857065,10,EPI_ISL_11813416,Omicron,BA.2,2022-03-16
-29.983704,-25.966469,10,EPI_ISL_13015001,Omicron,BA.2.3,2022-05-23
-29.983606,-25.911753,10,EPI_ISL_13095393,Omicron,Unassigned,2022-05-16
-29.99134,-25.716286,10,EPI_ISL_12850460,Omicron,BA.2.1,2022-05-06
-23.67777,-21.262386,10,EPI_ISL_13262752,Omicron,BA.2.12.1,2022-06-01
-29.913115,-25.817778,10,EPI_ISL_12787324,Omicron,BA.2.3,2022-04-19
-21.47414,-19.035833,10,EPI_ISL_14426336,Omicron,BA.2,2022-08-03
-30.108486,-25.911905,10,EPI_ISL_13614454,Omicron,BA.2,2022-05-15
-23.685612,-21.246971,10,EPI_ISL_13241960,Omicron,BA.2.12.1,2022-06-07
-29.96799,-25.927456,10,EPI_ISL_12328641,Omicron,BA.2,2022-04-01
-29.952374,-25.849123,10,EPI_ISL_13045411,Omicron,BA.2,2022-04-26
-29.983624,-25.825813,10,EPI_ISL_11432286,Omicron,BA.2,2022-03-20
-30.022757,-25.98188,10,EPI_ISL_12873928,Omicron,BA.2.3,2022-04-25
-29.96815,-25.84121,10,EPI_ISL_10926642,Omicron,BA.2,2022-03-04
-23.685764,-21.246845,10,EPI_ISL_13078855,Omicron,BA.2.12.1,2022-05-20
-29.921173,-25.770943,10,EPI_ISL_12361394,Omicron,BA.2,2022-04-17
-29.897484,-25.880447,10,EPI_ISL_13013084,Omicron,BA.2.9,2022-05-16
-28.483494,-24.552292,10,EPI_ISL_11550141,Omicron,BA.2,2022-03-22
-30.085014,-26.005524,10,EPI_ISL_13128143,Omicron,BA.2,2022-05-28
-29.921167,-25.755383,10,EPI_ISL_12461768,Omicron,BA.2,2022-02-28
-29.960096,-25.872742,10,EPI_ISL_12783564,Omicron,BA.2.12,2022-04-29
-29.905384,-25.825745,10,EPI_ISL_12534315,Omicron,BA.2,2022-03-22
-29.944668,-25.818035,10,EPI_ISL_13051451,Omicron,BA.2,2022-05-13
-29.85864,-25.724197,10,EPI_ISL_15683669,Omicron,BA.2.2,2022-07-23
-23.708994,-21.270233,10,EPI_ISL_13061501,Omicron,BA.2.12.1,2022-05-09
-30.006935,-25.896063,10,EPI_ISL_10931598,Omicron,BA.2,2022-03-04
-29.967978,-25.849016,10,EPI_ISL_14589476,Omicron,BA.2,2022-07-19
-30.100863,-25.98983,10,EPI_ISL_12190063,Omicron,BA.2,2022-04-05
-29.96004,-25.896017,10,EPI_ISL_12023476,Omicron,BA.2,2022-03-29
-30.053862,-25.989632,10,EPI_ISL_9788004,Omicron,BA.2,2022-02-04
-23.685663,-21.246992,10,EPI_ISL_13315787,Omicron,BA.2.12.1,2022-06-04
-29.975733,-25.849169,10,EPI_ISL_11553172,Omicron,BA.2.9,2022-03-24
-30.10844,-25.763393,10,EPI_ISL_13324142,Omicron,BA.2,2022-05-16
-29.842937,-25.732307,10,EPI_ISL_10507791,Omicron,BA.2,2022-02-07
-23.67,-21.21564,10,EPI_ISL_13731570,Omicron,BA.2.12.1,2022-06-27
-29.975828,-25.8258,10,EPI_ISL_12720613,Omicron,BA.2,2022-04-30
-29.983381,-25.872633,10,EPI_ISL_10571794,Omicron,BA.2,2022-02-23
-27.803474,-24.060183,10,EPI_ISL_13689774,Omicron,BA.2.53,2022-06-17
-23.68549,-21.246986,10,EPI_ISL_13116642,Omicron,BA.2.12.1,2022-05-16
-29.882004,-25.786545,10,EPI_ISL_9869484,Omicron,BA.2.4,2022-02-07
-29.991325,-25.684961,10,EPI_ISL_13786170,Omicron,BA.2.72,2022-05-19
-29.90533,-25.747686,10,EPI_ISL_12980730,Omicron,BA.2,2022-05-09
-29.999144,-25.903654,10,EPI_ISL_14349869,Omicron,BA.2.85,2022-07-27
-28.413065,-24.560013,10,EPI_ISL_17129188,Omicron,BA.2,2022-05-20
-30.01476,-25.88044,10,EPI_ISL_10881839,Omicron,BA.2,2022-03-04
-30.069561,-25.97414,10,EPI_ISL_9511617,Omicron,BA.2.10,2022-01-27
-29.975891,-25.888453,10,EPI_ISL_13333017,Omicron,BA.2.73,2022-05-11
-29.999226,-25.880356,10,EPI_ISL_12070675,Omicron,BA.2,2022-03-28
-30.022472,-25.817963,10,EPI_ISL_10746666,Omicron,BA.2.10,2022-02
-29.803883,-25.841515,10,EPI_ISL_11176680,Omicron,BA.2.10,2022-03-03
-23.662222,-21.231222,10,EPI_ISL_14806373,Omicron,BA.2.12.1,2022-08-18
-23.677834,-21.238987,10,EPI_ISL_13262371,Omicron,BA.2.12.1,2022-05-24
-29.991377,-25.95066,10,EPI_ISL_13272352,Omicron,BA.2,2022-04-21
-30.014519,-25.833534,10,EPI_ISL_10207035,Omicron,BA.2,2022-02-14
-27.795914,-24.052372,10,EPI_ISL_13451653,Omicron,BA.2.9,2022-06-09
-30.053673,-25.833553,10,EPI_ISL_8659432,Omicron,BA.2,2022-01-06
-30.007135,-25.82575,10,EPI_ISL_11278917,Omicron,BA.2,2022-03-16
-23.65443,-21.215773,10,EPI_ISL_13305566,Omicron,BA.2.12.1,2022-06-02
-30.00692,-25.84145,10,EPI_ISL_12172985,Omicron,BA.2.10.1,2022-03-30
-30.092937,-25.95848,10,EPI_ISL_13046282,Omicron,BA.2.3,2022-05-13
-29.952194,-25.903746,10,EPI_ISL_13398179,Omicron,BA.2.85,2022-05-23
-29.905415,-25.80222,10,EPI_ISL_11117846,Omicron,BA.2.9,2022-03-11
-29.975819,-25.865004,10,EPI_ISL_12457339,Omicron,BA.2.9,2022-04-21
-23.685646,-21.262638,10,EPI_ISL_12053409,Omicron,BA.2.12.1,2022-03-31
-28.483152,-24.505463,10,EPI_ISL_12311476,Omicron,BA.2,2022-04-11
-29.928953,-25.794575,10,EPI_ISL_14590992,Omicron,BA.2.10.1,2022-06-07
-30.02251,-25.880571,10,EPI_ISL_13709466,Omicron,BA.2,2022-06-09
-23.68571,-21.24707,10,EPI_ISL_14524377,Omicron,BA.2.12.1,2022-06
-30.038208,-25.943035,10,EPI_ISL_14139798,Omicron,BA.2,2022-06-17
-30.053818,-25.74769,10,EPI_ISL_8886717,Omicron,BA.2,2022-01-13
-30.046251,-25.93512,10,EPI_ISL_14017726,Omicron,BA.2.29,2022-06-17
-29.96022,-25.85701,10,EPI_ISL_9453464,Omicron,BA.2,2022-01-26
-29.960066,-25.802212,10,EPI_ISL_14113391,Omicron,BA.2.29,2022-06-03
-29.905373,-25.732027,10,EPI_ISL_12320645,Omicron,BA.2,2022-04-10
-22.810642,-20.145414,10,EPI_ISL_13039593,Omicron,BA.2.12.1,2022-04-28
-29.686653,-25.786596,10,EPI_ISL_11286396,Omicron,BA.2.9,2022-03-14
-23.670076,-21.246878,10,EPI_ISL_13186895,Omicron,BA.2.12.1,2022-05-23
-29.874008,-25.70864,10,EPI_ISL_13144450,Omicron,BA.2,2022-05-12
-29.999321,-25.825811,10,EPI_ISL_10494832,Omicron,BA.2,2022-01-19
-30.03013,-25.778793,10,EPI_ISL_10475521,Omicron,BA.2,2022-02-08
-29.86641,-25.841408,10,EPI_ISL_12551199,Omicron,BA.2,2022-04-18
-30.038353,-25.87257,10,EPI_ISL_11665217,Omicron,BA.2,2022-03-26
-29.850891,-25.919518,10,EPI_ISL_13376849,Omicron,BA.2,2022-04-13
-29.95218,-25.857124,10,EPI_ISL_13574752,Omicron,BA.2,2022
-29.88206,-25.802301,10,EPI_ISL_11351404,Omicron,BA.2.9.2,2022-03-07
-29.889835,-25.78647,10,EPI_ISL_14135236,Omicron,BA.2,2022-04-11
-23.693378,-21.254814,10,EPI_ISL_13062454,Omicron,BA.2.12.1,2022-05-11
-29.991364,-25.89612,10,EPI_ISL_9620955,Omicron,BA.2,2022-01-31
-29.991253,-25.942963,10,EPI_ISL_10746347,Omicron,BA.2.10,2022-02
-29.866428,-25.849165,10,EPI_ISL_12548364,Omicron,BA.2.3,2022-04-25
-23.685705,-21.23135,10,EPI_ISL_14721206,Omicron,BA.2.12.1,2022-06-01
-29.803816,-25.872639,10,EPI_ISL_12997481,Omicron,BA.2,2022-05-13
-23.732174,-21.293922,10,EPI_ISL_13592261,Omicron,BA.2.12.1,2022-06-13
-29.913263,-25.8023,10,EPI_ISL_13166041,Omicron,BA.2,2022-04
-22.365185,-19.90318,10,EPI_ISL_13365306,Omicron,BA.2.12.1,2022-05-31
-23.709091,-21.278069,10,EPI_ISL_13078331,Omicron,BA.2.12.1,2022-05-20
-30.069466,-25.872784,10,EPI_ISL_9787607,Omicron,BA.2,2022-02-05
-29.295826,-25.177221,10,EPI_ISL_12436274,Omicron,BA.2,2022-04-12
-30.13187,-25.903954,10,EPI_ISL_13578078,Omicron,BA.2.3,2022-06-09
-23.724869,-21.293863,10,EPI_ISL_17043161,Omicron,BA.2.12.1,2022-05-24
-30.014906,-25.872593,10,EPI_ISL_12710760,Omicron,BA.2,2022-05-02
-29.999075,-25.927338,10,EPI_ISL_10802282,Omicron,BA.2,2022-02-27
-30.077196,-25.810179,10,EPI_ISL_13529791,Omicron,BA.2.23,2022-06-11
-23.724644,-21.223408,10,EPI_ISL_13422645,Omicron,BA.2.12.1,2022-06-05
-29.967829,-25.904118,10,EPI_ISL_12227891,Omicron,BA.2.3,2022-04-16
-28.467691,-24.497551,10,EPI_ISL_12902837,Omicron,BA.2,2022-04-18
-30.022646,-25.896143,10,EPI_ISL_15224160,Omicron,BA.2,2022-04-21
-29.881866,-25.739712,10,EPI_ISL_12640821,Omicron,BA.2,2022-04-23
-30.022614,-25.90381,10,EPI_ISL_11981118,Omicron,BA.2,2022-04-04
-29.944517,-25.896095,10,EPI_ISL_12542688,Omicron,BA.2.1,2022-04-12
-23.881025,-21.442204,10,EPI_ISL_14080197,Omicron,BA.2.12.1,2022-07-08
-29.928925,-25.880465,10,EPI_ISL_11768757,Omicron,BA.2,2022-03-28
-23.71703,-21.262585,10,EPI_ISL_14524772,Omicron,BA.2.12.1,2022-07-23
-23.67781,-21.239214,10,EPI_ISL_13285570,Omicron,BA.2.12.1,2022-05-31
-21.935417,-19.457836,10,EPI_ISL_13575221,Omicron,BA.2.12.1,2022-06-13
-29.9054,-25.810183,10,EPI_ISL_12103268,Omicron,BA.2,2022-04-02
-23.630964,-21.200127,10,EPI_ISL_13707502,Omicron,BA.2.12.1,2022-06-23
-30.014698,-25.888391,10,EPI_ISL_11380986,Omicron,BA.2,2022-03-17
-29.905354,-25.810232,10,EPI_ISL_11514105,Omicron,BA.2,2022-03-20
-29.991402,-25.872585,10,EPI_ISL_13576816,Omicron,BA.2,2022-06-14
-23.787304,-21.3406,10,EPI_ISL_13155776,Omicron,BA.2.12.1,2022-05-19
-30.007126,-25.864876,10,EPI_ISL_12465024,Omicron,BA.2,2022-04-18
-29.928677,-25.849218,10,EPI_ISL_11132142,Omicron,BA.2,2022-03-07
-29.95255,-25.755384,10,EPI_ISL_11304114,Omicron,BA.2,2022-03-15
-28.202198,-24.356998,10,EPI_ISL_10696339,Omicron,BA.2.3,2022-02-09
-29.85841,-25.919474,10,EPI_ISL_12582303,Omicron,BA.2,2022-04-19
-29.94432,-25.864773,10,EPI_ISL_12455188,Omicron,BA.2.9.3,2022-04-25
-30.061714,-25.919449,10,EPI_ISL_13516120,Omicron,BA.2.9,2022-06-20
-29.991364,-25.880337,10,EPI_ISL_11021430,Omicron,BA.2,2022-02-21
-30.045982,-25.888046,10,EPI_ISL_10962500,Omicron,BA.2,2022-03-05
-29.952229,-25.817837,10,EPI_ISL_14121735,Omicron,BA.2.3,2022-06-11
-29.95996,-25.888428,10,EPI_ISL_12247079,Omicron,BA.2,2022-04-13
-29.96008,-25.817963,10,EPI_ISL_12033710,Omicron,BA.2,2022-03-25
-30.030415,-25.849274,10,EPI_ISL_11132777,Omicron,BA.2,2022-03-06
-29.803938,-25.71651,10,EPI_ISL_12087711,Omicron,BA.2,2022-03-21
-29.84293,-25.849293,10,EPI_ISL_13787451,Omicron,BA.2.9,2022-07-02
-30.014927,-25.896103,10,EPI_ISL_12816301,Omicron,BA.2,2022-04-30
-29.991245,-25.857063,10,EPI_ISL_12752499,Omicron,BA.2.12,2022-04-10
-23.724745,-21.2861,10,EPI_ISL_13449657,Omicron,BA.2.12.1,2022-05-26
-29.967928,-25.833557,10,EPI_ISL_10313846,Omicron,BA.2,2022-02-09
-29.850586,-25.89608,10,EPI_ISL_12075155,Omicron,BA.2.3,2022-03-19
-29.928904,-25.771015,10,EPI_ISL_12491918,Omicron,BA.2,2022-04-28
-29.897623,-25.849268,10,EPI_ISL_14017085,Omicron,BA.2.3.14,2022-06-26
-23.748209,-21.293768,10,EPI_ISL_13352542,Omicron,BG.2,2022-06-06
-23.71686,-21.293833,10,EPI_ISL_11683529,Omicron,BA.2.12.1,2022-03-20
-30.038246,-25.802448,10,EPI_ISL_10677449,Omicron,BA.2,2022-02-27
-23.599691,-21.153357,10,EPI_ISL_13645684,Omicron,BA.2.12.1,2022-06-20
-28.702286,-24.560055,10,EPI_ISL_10795520,Omicron,BA.2,2022-02-28
-29.913128,-25.74781,10,EPI_ISL_11654539,Omicron,BA.2,2022-03-17
-29.889946,-25.786737,10,EPI_ISL_12932406,Omicron,BA.2.42,2022-05-14
-29.991352,-25.810001,10,EPI_ISL_12629306,Omicron,BA.2,2022-05-05
-29.850561,-25.684952,10,EPI_ISL_13710447,Omicron,BA.2.42,2022-07-01
-29.967888,-25.73205,10,EPI_ISL_10733494,Omicron,BA.2.9,2022-02-25
-23.646639,-21.309414,10,EPI_ISL_13829304,Omicron,BA.2.12.1,2022-06-15
-29.881893,-25.833595,10,EPI_ISL_12402796,Omicron,BA.2.7,2022-04-20
-29.99126,-25.872604,10,EPI_ISL_12619054,Omicron,BA.2,2022-04-22
-27.81947,-24.0678,10,EPI_ISL_13568543,Omicron,BA.2,2022-06-23
-27.95933,-24.169334,10,EPI_ISL_12161209,Omicron,BA.2.9,2022-04-13
-22.498245,-20.074932,10,EPI_ISL_13506242,Omicron,BA.2.12.1,2022-06-01
-29.967918,-25.857002,10,EPI_ISL_12053663,Omicron,BA.2.2,2022-04-02
-29.975697,-25.849289,10,EPI_ISL_12939247,Omicron,BA.2.3.1,2022-04-06
-29.81946,-25.903706,10,EPI_ISL_9122057,Omicron,BA.2,2022-01-14
-29.944397,-25.8179,10,EPI_ISL_10400720,Omicron,BA.2.9,2022-02-18
-29.983408,-25.692867,10,EPI_ISL_13331168,Omicron,BA.2,2022-04-30
-29.71787,-25.825842,10,EPI_ISL_11491044,Omicron,BA.2.10.1,2022-03-18
-23.732573,-21.301723,10,EPI_ISL_12704189,Omicron,BA.2.12.1,2022-05-10
-29.905514,-25.80999,10,EPI_ISL_11255596,Omicron,BA.2,2022-02-26
-28.88971,-25.216312,10,EPI_ISL_11507638,Omicron,BA.2,2022-03-11
-29.967875,-25.903759,10,EPI_ISL_11545021,Omicron,BA.2,2022-03-23
-29.983608,-25.786602,10,EPI_ISL_8657817,Omicron,BA.2,2022-01-07
-23.84188,-21.410948,10,EPI_ISL_13581200,Omicron,BA.2.12.1,2022-06-17
-29.944485,-25.763107,10,EPI_ISL_10008646,Omicron,BA.2.10,2022-02-01
-29.975723,-25.857065,10,EPI_ISL_13204393,Omicron,BA.2,2022-05-26
-29.975842,-25.747551,10,EPI_ISL_13283712,Omicron,BA.2,2022-05-23
-29.975704,-25.677242,10,EPI_ISL_11671353,Omicron,BA.2,2022-03-15
-29.819618,-25.833529,10,EPI_ISL_10690189,Omicron,BA.2,2022-02-25
-29.959942,-25.864761,10,EPI_ISL_14030956,Omicron,BA.2.10.1,2022-03-27
-29.889814,-25.895914,10,EPI_ISL_10752172,Omicron,BA.2,2022-02-21
-29.991423,-25.888191,10,EPI_ISL_14539300,Omicron,Unassigned,2022-06-11
-28.75698,-24.638136,10,EPI_ISL_12185264,Omicron,BA.2.3,2022-03-29
-30.139729,-26.02091,10,EPI_ISL_10257509,Omicron,BA.2,2022-02-06
-30.030323,-25.958641,10,EPI_ISL_10112614,Omicron,BA.2.9,2022-02-11
-29.952126,-25.856998,10,EPI_ISL_11021446,Omicron,BA.2.12,2022-02-21
-29.975641,-25.864882,10,EPI_ISL_12139979,Omicron,BA.2.10,2022-03
-29.959911,-25.731941,10,EPI_ISL_10630585,Omicron,BA.2.10,2022-02-12
-29.772726,-25.825832,10,EPI_ISL_12323861,Omicron,BA.2,2022-04-13
-29.967922,-25.888435,10,EPI_ISL_13164472,Omicron,BA.2,2022-04-22
-23.779398,-21.340836,10,EPI_ISL_13465227,Omicron,BA.2.12.1,2022-06-18
-29.967817,-25.849384,10,EPI_ISL_12904099,Omicron,BA.2.36,2022-05-02
-29.874336,-25.739794,10,EPI_ISL_12299995,Omicron,BA.2.9,2022-04-05
-23.693417,-21.270348,10,EPI_ISL_13407179,Omicron,BA.2.12.1,2022-06-07
-30.10864,-25.92733,10,EPI_ISL_11688171,Omicron,BA.2,2022-03-27
-29.98363,-25.841457,10,EPI_ISL_13004612,Omicron,BA.2,2022-05-10
-23.662212,-21.223598,10,EPI_ISL_13315500,Omicron,BA.2.12.1,2022-06-03
-29.882172,-25.872585,10,EPI_ISL_10744935,Omicron,BA.2,2022-02-15
-29.928755,-25.76344,10,EPI_ISL_13610959,Omicron,BA.2,2022-06
-30.045956,-25.919441,10,EPI_ISL_9916259,Omicron,BA.2,2022-01-31
-29.991428,-25.880476,10,EPI_ISL_12522070,Omicron,BA.2,2022-04-25
-30.014784,-25.880503,10,EPI_ISL_10548741,Omicron,BA.2,2022-02-18
-29.960045,-25.85698,10,EPI_ISL_14840122,Omicron,BA.2.10,2022
-29.91332,-25.771053,10,EPI_ISL_16520711,Omicron,BA.2.3,2022-08-16
-28.358505,-24.567862,10,EPI_ISL_14197535,Omicron,BA.2,2022-07-26
-30.02262,-25.896048,10,EPI_ISL_15953058,Omicron,BA.2,2022-06-07
-29.975746,-25.966557,10,EPI_ISL_12483931,Omicron,Unassigned,2022-04-18
-29.881851,-25.833517,10,EPI_ISL_14877481,Omicron,BA.2.72,2022-08-24
-23.857422,-21.419054,10,EPI_ISL_15340134,Omicron,BA.2.12.1,2022-07-27
-23.654322,-21.223484,10,EPI_ISL_12885113,Omicron,BA.2.12.1,2022-05-07
-28.350365,-24.419462,10,EPI_ISL_11438755,Omicron,BA.2,2022-03-15
-30.054073,-25.888391,10,EPI_ISL_11218113,Omicron,BA.2.5,2022-03-07
-23.70906,-21.285992,10,EPI_ISL_13364900,Omicron,BA.2.12.1,2022-05-29
-28.389503,-24.45854,10,EPI_ISL_15860163,Omicron,BA.2.65,2022-11-08
-29.920956,-25.92739,10,EPI_ISL_11786455,Omicron,BA.2,2022-03-29
-23.693441,-21.270462,10,EPI_ISL_12637873,Omicron,BA.2.12.1,2022-04-25
-29.882008,-25.794464,10,EPI_ISL_11277978,Omicron,BA.2,2022-03-14
-30.163332,-25.927332,10,EPI_ISL_13404687,Omicron,Unassigned,2022-06-04
-29.827404,-25.692976,10,EPI_ISL_10938771,Omicron,BA.2,2022-03-04
-29.913315,-25.810282,10,EPI_ISL_16610315,Omicron,BA.2.2,2022-03-22
-23.810726,-21.348553,10,EPI_ISL_12167833,Omicron,BA.2.12.1,2022-04-04
-29.975882,-25.810133,10,EPI_ISL_11270962,Omicron,BA.2.1,2022-03-14
-29.967909,-25.880539,10,EPI_ISL_13175939,Omicron,BA.2,2022-05-20
-29.89774,-25.958557,10,EPI_ISL_15477307,Omicron,Unassigned,2022-09-05
-29.983658,-25.794466,10,EPI_ISL_9438111,Omicron,BA.2,2022-01-24
-29.952295,-25.88047,10,EPI_ISL_13353021,Omicron,BA.2.3,2022-05-24
-29.952314,-25.903847,10,EPI_ISL_11914653,Omicron,BA.2,2022-03-31
-29.87424,-25.80241,10,EPI_ISL_11159431,Omicron,BA.2.9,2022-03-10
-23.709106,-21.247013,10,EPI_ISL_14064531,Omicron,BA.2.12.1,2022-06-29
-29.936768,-25.802412,10,EPI_ISL_13010330,Omicron,BA.2,2022-05-09
-29.921133,-25.89625,10,EPI_ISL_9777568,Omicron,BA.2,2022-02-04
-28.39759,-24.458675,10,EPI_ISL_12434919,Omicron,BA.2,2022-04-24
-28.506489,-24.505325,10,EPI_ISL_11904466,Omicron,BA.2,2022-03-29
-29.913342,-25.802479,10,EPI_ISL_13305488,Omicron,BA.2,2022-06-02
-29.991245,-26.099106,10,EPI_ISL_13095838,Omicron,Unassigned,2022-05-16
-30.046165,-25.919743,10,EPI_ISL_11188597,Omicron,BA.2,2022-03-12
-23.685684,-21.239075,10,EPI_ISL_13551209,Omicron,BA.2.12.1,2022-06-03
-29.850779,-25.802504,10,EPI_ISL_12902057,Omicron,BA.2.9,2022-04-22
-21.69342,-19.231417,10,EPI_ISL_12967454,Omicron,BA.2.12.1,2022-04-28
-23.677803,-21.239223,10,EPI_ISL_12883188,Omicron,BA.2.12.1,2022-05-08
-29.913113,-25.833523,10,EPI_ISL_11698596,Omicron,BA.2,2022-03-28
-29.936749,-25.982014,10,EPI_ISL_11429747,Omicron,BA.2,2022-03-19
-29.944544,-25.96642,10,EPI_ISL_11281154,Omicron,BA.2.9,2022-03-14
-23.6856,-21.246803,10,EPI_ISL_12867090,Omicron,BA.2.12.1,2022-05-06
-23.69349,-21.246946,10,EPI_ISL_12711497,Omicron,BA.2.12.1,2022-05-02
-30.022528,-25.934896,10,EPI_ISL_12296971,Omicron,BA.2,2022-04-07
-23.755875,-21.30952,10,EPI_ISL_13645214,Omicron,BA.2.12.1,2022-06-18
-23.685532,-21.262611,10,EPI_ISL_12497733,Omicron,BA.2.12.1,2022-04-18
-29.850615,-25.942844,10,EPI_ISL_13274273,Omicron,BA.2,2022-05-09
-30.108614,-25.935286,10,EPI_ISL_8705594,Omicron,BA.2,2022-01-03
-23.716843,-21.207998,10,EPI_ISL_13507002,Omicron,BA.2.12.1,2022-06-07
-29.952305,-25.856976,10,EPI_ISL_12225175,Omicron,BA.2.23,2022-04-05
-29.967834,-25.802288,10,EPI_ISL_9583040,Omicron,BA.2.10,2022-01-30
-23.709019,-21.2782,10,EPI_ISL_12881421,Omicron,BA.2.12.1,2022-05-12
-29.952295,-25.747784,10,EPI_ISL_10303850,Omicron,BA.2.10,2022-02-03
-29.991474,-25.841541,10,EPI_ISL_12481984,Omicron,BA.2.10.1,2022-04-23
-29.991257,-25.825825,10,EPI_ISL_11328278,Omicron,BA.2,2022-03-07
-23.779434,-21.34844,10,EPI_ISL_12080811,Omicron,BA.2.12.1,2022-03-23
-29.803986,-25.981997,10,EPI_ISL_10369344,Omicron,BA.2,2022-02-01
-29.944477,-25.888237,10,EPI_ISL_11478195,Omicron,BA.2,2022-03-15
-28.162918,-24.341393,10,EPI_ISL_10869700,Omicron,BA.2.10.1,2022-02-25
-29.975689,-25.880415,10,EPI_ISL_13283092,Omicron,BA.2,2022-04-24
-29.999125,-25.857185,10,EPI_ISL_11870797,Omicron,BA.2.10.1,2022-04-03
-30.038149,-25.81018,10,EPI_ISL_10710465,Omicron,BA.2,2022-02-25
-29.960068,-25.864754,10,EPI_ISL_9841328,Omicron,BA.2.10,2022-02-05
-30.030375,-25.919546,10,EPI_ISL_9641398,Omicron,BA.2.1,2022-02-02
-23.67779,-21.254591,10,EPI_ISL_13218997,Omicron,BA.2.12.1,2022-05-25
-23.724876,-21.239113,10,EPI_ISL_12791233,Omicron,BA.2.12.1,2022-05-07
-30.061619,-25.747662,10,EPI_ISL_10204385,Omicron,BA.2,2022-02-14
-29.772562,-25.90404,10,EPI_ISL_13472519,Omicron,Unassigned,2022-05-30
-23.732521,-21.270462,10,EPI_ISL_13189684,Omicron,BA.2.12.1,2022-05-28
-23.6935,-21.25489,10,EPI_ISL_13644242,Omicron,BA.2.12.1,2022-06-25
-29.819546,-25.8414,10,EPI_ISL_14076903,Omicron,BA.2,2022-06-10
-29.921001,-25.802406,10,EPI_ISL_11001495,Omicron,BA.2,2022-02-10
-29.905354,-25.78656,10,EPI_ISL_11992916,Omicron,BA.2,2022-03-30
-30.077177,-25.818111,10,EPI_ISL_10807730,Omicron,BA.2,2022-03-02
-30.06947,-26.075706,10,EPI_ISL_11474705,Omicron,BA.2,2022-03-13
-23.69344,-21.270344,10,EPI_ISL_13147397,Omicron,BA.2.12.1,2022-05-25
-30.085152,-25.982138,10,EPI_ISL_10436239,Omicron,BA.2,2022-02-10
-29.999077,-25.880335,10,EPI_ISL_11916804,Omicron,BA.2,2022-04-04
-30.014854,-25.888302,10,EPI_ISL_12560742,Omicron,BA.2,2022-04-02
-29.975683,-25.857128,10,EPI_ISL_14261358,Omicron,BA.2.36,2022-07-27
-29.944462,-25.864857,10,EPI_ISL_15143840,Omicron,BA.2,2022-04-19
-29.991238,-25.872751,10,EPI_ISL_15240879,Omicron,BA.2,2022-06-15
-21.513618,-19.098541,10,EPI_ISL_13372274,Omicron,BA.2.12.1,2022-06-08
-30.030312,-25.911745,10,EPI_ISL_11987690,Omicron,BA.2.9,2022-04-04
-28.897577,-24.856886,10,EPI_ISL_9504177,Omicron,BA.2,2022-01-25
-30.069557,-25.91956,10,EPI_ISL_12595014,Omicron,BA.2.9,2022-04-25
-29.84311,-25.763126,10,EPI_ISL_11269408,Omicron,BA.2,2022-03-16
-29.944548,-25.856922,10,EPI_ISL_12441930,Omicron,BA.2,2022-04-12
-23.623198,-21.184475,10,EPI_ISL_12890498,Omicron,BA.2.12.1,2022-05-13
-29.967953,-25.794521,10,EPI_ISL_12721083,Omicron,BA.2,2022-05-03
-30.077219,-25.942963,10,EPI_ISL_13164385,Omicron,BA.2,2022-05-15
-30.04615,-25.895935,10,EPI_ISL_12560733,Omicron,BA.2,2022-04-03
-23.810686,-21.364101,10,EPI_ISL_13468286,Omicron,BA.2.12.1,2022-06-06
-23.794947,-21.348547,10,EPI_ISL_13734656,Omicron,BA.2.12.1,2022-06-27
-30.08522,-25.919579,10,EPI_ISL_13576056,Omicron,BA.2.3.13,2022-04-01
-30.014757,-25.895992,10,EPI_ISL_9289809,Omicron,BA.2.10,2022-01-04
-30.03823,-25.919651,10,EPI_ISL_9787056,Omicron,BA.2,2022-02-06
-29.968079,-25.825638,10,EPI_ISL_12821478,Omicron,BA.2,2022-04-25
-29.983673,-25.880535,10,EPI_ISL_9125338,Omicron,BA.2,2022-01-16
-23.693317,-21.262486,10,EPI_ISL_13882083,Omicron,BA.2.12.1,2022
-29.866257,-25.763332,10,EPI_ISL_9255349,Omicron,BA.2,2022-01-21
-29.99137,-25.872747,10,EPI_ISL_10718635,Omicron,BA.2,2022-02-21
-28.522238,-24.40388,10,EPI_ISL_14856139,Omicron,BA.2.3,2022-08-21
-29.999163,-25.810066,10,EPI_ISL_13529936,Omicron,BA.2.48,2022-06-11
-21.95919,-19.504593,10,EPI_ISL_15815606,Omicron,BA.2.12.1,2022-11-03
-30.014812,-25.872747,10,EPI_ISL_12922578,Omicron,BA.2,2022-05-10
-30.038242,-25.778866,10,EPI_ISL_13199161,Omicron,BA.2.42,2022-05-30
-29.913288,-25.85708,10,EPI_ISL_10927716,Omicron,BA.2,2022-03-04
-29.819397,-25.692848,10,EPI_ISL_10005480,Omicron,BA.2.10,2022-01-09
-30.100742,-25.950806,10,EPI_ISL_11289157,Omicron,BA.2.36,2022-03-15
-29.991385,-25.935106,10,EPI_ISL_10777717,Omicron,BA.2,2022-02-21
-23.59199,-21.160933,10,EPI_ISL_13162810,Omicron,BA.2.12.1,2022-05-25
-29.99133,-25.896023,10,EPI_ISL_12258240,Omicron,BA.2.9,2022-04-15
-29.88974,-25.966421,10,EPI_ISL_12852306,Omicron,BA.2.48,2022-04-11
-29.936514,-25.700867,10,EPI_ISL_10216583,Omicron,BA.2,2022-02-16
-23.724579,-21.286123,10,EPI_ISL_13439180,Omicron,BA.2.12.1,2022-06-13
-29.952166,-25.739746,10,EPI_ISL_9971957,Omicron,BA.2.9,2022-02-08
-29.882046,-25.833532,10,EPI_ISL_11520136,Omicron,BA.2,2022-03-21
-29.967922,-25.849113,10,EPI_ISL_13992122,Omicron,BA.2,2022-06-02
-29.827414,-25.653831,10,EPI_ISL_9269583,Omicron,BA.2.9,2022-01-22
-23.756073,-21.30172,10,EPI_ISL_12857466,Omicron,BA.2.12.1,2022-05-13
-29.921232,-25.685226,10,EPI_ISL_11209313,Omicron,BA.2.9,2022-03-09
-23.732397,-21.293846,10,EPI_ISL_13632863,Omicron,BA.2.12.1,2022-06-27
-23.685678,-21.254751,10,EPI_ISL_12710028,Omicron,BA.2.12.1,2022-05-04
-23.693542,-21.262543,10,EPI_ISL_13261120,Omicron,BA.2.12.1,2022-05-20
-28.405478,-24.724182,10,EPI_ISL_11944633,Omicron,BA.2,2022-02-21
-23.732603,-21.23109,10,EPI_ISL_13187832,Omicron,BA.2.12.1,2022-05-26
-23.709244,-21.270466,10,EPI_ISL_12590135,Omicron,BA.2.12.1,2022-04-25
-30.006943,-25.825794,10,EPI_ISL_10796628,Omicron,BA.2,2022-03-01
-29.975597,-25.747755,10,EPI_ISL_11431530,Omicron,BA.2,2022-03-20
-29.983324,-25.849257,10,EPI_ISL_15735829,Omicron,BA.2,2022-06-14
-30.007069,-25.82585,10,EPI_ISL_10353783,Omicron,BA.2,2022-02-16
-23.709023,-21.27033,10,EPI_ISL_13219224,Omicron,BA.2.12.1,2022-05-25
-21.95901,-19.48138,10,EPI_ISL_13744856,Omicron,BA.2.12.1,2022-06-27
-30.05376,-25.903862,10,EPI_ISL_13187256,Omicron,BA.2,2022-05-18
-30.006954,-25.669498,10,EPI_ISL_8807767,Omicron,BA.2,2022-01-07
-29.998936,-25.880474,10,EPI_ISL_11643260,Omicron,BA.2,2022-03-03
-29.928925,-25.802343,10,EPI_ISL_13272072,Omicron,BA.2,2022-04-13
-23.685764,-21.262632,10,EPI_ISL_13270395,Omicron,BA.2.12.1,2022-05-31
-29.850588,-25.739727,10,EPI_ISL_10918090,Omicron,BA.2,2022-02-21
-29.9366,-25.810215,10,EPI_ISL_12499812,Omicron,BA.2,2022-04-11
-29.82732,-25.630547,10,EPI_ISL_13210084,Omicron,BA.2,2022-05-02
-29.952274,-25.833797,10,EPI_ISL_12103488,Omicron,BA.2.3,2022-04-02
-29.858585,-25.763275,10,EPI_ISL_13388895,Omicron,BA.2,2022-05-22
-30.030434,-25.895874,10,EPI_ISL_11679945,Omicron,BA.2.9,2022-03-19
-29.88211,-25.849232,10,EPI_ISL_13709469,Omicron,BA.2,2022-06-10
-30.05384,-25.927475,10,EPI_ISL_9821756,Omicron,BA.2,2022-02-04
-29.928701,-25.747444,10,EPI_ISL_13293411,Omicron,BA.2.3.1,2022-05-02
-29.88993,-25.693052,10,EPI_ISL_11698304,Omicron,BA.2,2022-03-27
-29.936726,-25.739786,10,EPI_ISL_12930722,Omicron,BA.2,2022-04-12
-29.999111,-25.896027,10,EPI_ISL_13420917,Omicron,BA.2.36,2022-06-14
-29.975811,-25.864819,10,EPI_ISL_10002285,Omicron,BA.2,2022-02-08
-23.716839,-21.278244,10,EPI_ISL_13722301,Omicron,BA.2.12.1,2022-06-24
-30.038239,-25.724178,10,EPI_ISL_9736756,Omicron,BA.2,2022-02-02
-23.67015,-21.231155,10,EPI_ISL_13489718,Omicron,BA.2.12.1,2022-06-08
-23.646534,-21.215466,10,EPI_ISL_14175129,Omicron,BA.2.12.1,2022-07-10
-30.022827,-25.981907,10,EPI_ISL_13276737,Omicron,BA.2,2022-05-31
-29.99139,-25.958447,10,EPI_ISL_13342112,Omicron,BA.2,2022-06-06
-29.991358,-25.872614,10,EPI_ISL_12438326,Omicron,BA.2,2022-04-26
-29.920965,-25.739635,10,EPI_ISL_12321696,Omicron,BA.2,2022-04-05
-29.928778,-25.809944,10,EPI_ISL_15902821,Omicron,BA.2,2022-09-01
-29.921013,-26.067902,10,EPI_ISL_17239332,Omicron,BA.2.9,2022-04-21
-23.685682,-21.254803,10,EPI_ISL_13395995,Omicron,BA.2.12.1,2022-06-02
-29.999146,-25.786776,10,EPI_ISL_10528522,Omicron,BA.2.10,2022-02-22
-29.99922,-25.864723,10,EPI_ISL_11119036,Omicron,BA.2.9,2022-02-28
-29.795967,-25.731947,10,EPI_ISL_13938517,Omicron,BA.2.36,2022-06-20
-30.006964,-25.825693,10,EPI_ISL_10198112,Omicron,BA.2,2022-02-14
-23.709064,-21.293747,10,EPI_ISL_12890320,Omicron,BA.2.12.1,2022-05-13
-23.740442,-21.309156,10,EPI_ISL_12867076,Omicron,BA.2.12.1,2022-05-05
-23.670103,-21.223475,10,EPI_ISL_13937283,Omicron,BA.2.12.1,2022-07-01
-30.01476,-25.755466,10,EPI_ISL_13065904,Omicron,BA.2,2022-05-25
-29.967731,-25.817913,10,EPI_ISL_13351278,Omicron,BA.2,2022-06-09
-30.00692,-25.693146,10,EPI_ISL_13402881,Omicron,Unassigned,2022-06-06
-30.038275,-25.849201,10,EPI_ISL_9119820,Omicron,BA.2,2022-01-18
-30.06946,-25.763256,10,EPI_ISL_10525596,Omicron,BA.2,2022-02-22
-29.991285,-25.849112,10,EPI_ISL_12151638,Omicron,BA.2,2022-04-14
-30.014828,-25.904045,10,EPI_ISL_9886111,Omicron,BA.2.9,2022-01-31
-30.077227,-25.966663,10,EPI_ISL_14052017,Omicron,BA.2,2022-06-14
-29.921124,-25.857037,10,EPI_ISL_12937026,Omicron,BA.2.3.1,2022-03-15
-30.046093,-25.935087,10,EPI_ISL_11791206,Omicron,BA.2,2022-03-24
-29.936922,-25.810349,10,EPI_ISL_13710220,Omicron,BA.2.10.1,2022-06-30
-29.936695,-25.739712,10,EPI_ISL_11763144,Omicron,BA.2.20,2022-03-25
-23.717033,-21.278368,10,EPI_ISL_13061593,Omicron,BA.2.12.1,2022-05-09
-29.921154,-25.849129,10,EPI_ISL_12935306,Omicron,BA.2.3,2022-05-05
-29.960068,-25.919529,10,EPI_ISL_14130019,Omicron,BA.2.3,2022-07-01
-30.014797,-25.9194,10,EPI_ISL_15333988,Omicron,BA.2,2022-04-18
-30.053791,-25.950693,10,EPI_ISL_10507598,Omicron,BA.2,2022-02-17
-23.724684,-21.200226,10,EPI_ISL_13298193,Omicron,BA.2.12.1,2022-05-21
-30.17099,-25.607117,10,EPI_ISL_11647887,Omicron,BA.2,2022-03-20
-29.881935,-25.7165,10,EPI_ISL_12513088,Omicron,BA.2,2022-04-21
-29.98359,-25.896091,10,EPI_ISL_13268084,Omicron,BA.2.9,2022-05-31
-29.89748,-25.78668,10,EPI_ISL_13910748,Omicron,BA.2,2022-06-14
-23.709011,-21.27819,10,EPI_ISL_12168221,Omicron,BA.2.12.1,2022-04-05
-23.763798,-21.33275,10,EPI_ISL_12883878,Omicron,BA.2.12.1,2022-05-05
-29.999146,-25.880405,10,EPI_ISL_12537365,Omicron,BA.2,2022-04-19
-29.944519,-25.880383,10,EPI_ISL_10633417,Omicron,BA.2.9,2022-02-25
-30.030449,-25.911812,10,EPI_ISL_13667468,Omicron,BA.2.36,2022-06-09
-30.03044,-25.91961,10,EPI_ISL_9006451,Omicron,BA.2.9,2022-01-16
-23.701359,-21.270359,10,EPI_ISL_13189828,Omicron,BA.2.12.1,2022-05-28
-23.857475,-21.42671,10,EPI_ISL_12926098,Omicron,BA.2.12.1,2022-05-12
-29.78044,-25.66956,10,EPI_ISL_11448110,Omicron,BA.2.9,2022-03-21
-29.98354,-25.895975,10,EPI_ISL_11287821,Omicron,BA.2.9,2022-03-15
-29.944572,-25.919596,10,EPI_ISL_12505720,Omicron,BA.2,2022-04-18
-30.085052,-25.935135,10,EPI_ISL_11590296,Omicron,BA.2,2022-03-22
-30.022533,-25.911777,10,EPI_ISL_12979470,Omicron,BA.2.37,2022-05-05
-30.007,-25.96637,10,EPI_ISL_12730463,Omicron,BA.2,2022-04-27
-29.991312,-25.896088,10,EPI_ISL_10525046,Omicron,BA.2,2022-02-23
-23.67796,-21.246946,10,EPI_ISL_13261170,Omicron,BA.2.12.1,2022-05-20
-21.716873,-19.254904,10,EPI_ISL_13558658,Omicron,BA.2.12.1,2022-06-09
-29.92882,-25.903946,10,EPI_ISL_12774201,Omicron,BA.2.9,2022-03-30
-29.967802,-25.943043,10,EPI_ISL_12851677,Omicron,BA.2,2022-05-02
-30.014713,-25.849255,10,EPI_ISL_13045841,Omicron,BA.2.42,2022-05-09
-29.975658,-25.888325,10,EPI_ISL_10777528,Omicron,BA.2,2022-02-28
-23.75586,-21.223347,10,EPI_ISL_14078044,Omicron,BA.2.12.1,2022-06-23
-29.999119,-25.786726,10,EPI_ISL_13576885,Omicron,BA.2.9,2022-06-16
-29.999023,-25.76316,10,EPI_ISL_10467795,Omicron,BA.2.10.1,2022-02-22
-30.038252,-25.919495,10,EPI_ISL_12207905,Omicron,BA.2,2022-04-16
-29.921072,-25.896107,10,EPI_ISL_11273300,Omicron,BA.2,2022-03-15
-23.748175,-21.309559,10,EPI_ISL_13224991,Omicron,BA.2.12.1,2022-05-25
-29.241264,-25.13826,10,EPI_ISL_12272368,Omicron,BA.2.10,2022-04-07
-29.983387,-25.802385,10,EPI_ISL_12980826,Omicron,BA.2,2022-05-10
-23.052818,-20.606304,10,EPI_ISL_13486032,Omicron,BA.2.12.1,2022-06-11
-30.053997,-25.911789,10,EPI_ISL_13424602,Omicron,BA.2,2022-06-10
-29.960026,-25.888283,10,EPI_ISL_13139957,Omicron,BA.2.9,2022-04-26
-29.975582,-25.857082,10,EPI_ISL_12236833,Omicron,BA.2.23,2022-04-15
-23.670094,-21.215715,10,EPI_ISL_13511295,Omicron,BA.2.12.1,2022-06-21
-29.74137,-25.63816,10,EPI_ISL_12947746,Omicron,BA.2.3.1,2022-04-12
-30.022552,-25.81805,10,EPI_ISL_13513261,Omicron,BA.2.31.1,2022-06-09
-23.693333,-21.270351,10,EPI_ISL_13510879,Omicron,BA.2.12.1,2022-06-10
-29.921135,-25.802485,10,EPI_ISL_12776486,Omicron,BA.2,2022-03-25
-29.967936,-25.825912,10,EPI_ISL_10260944,Omicron,BA.2.9,2022-02-18
-29.889744,-25.833714,10,EPI_ISL_10747334,Omicron,BA.1,2022-02-17
-23.716986,-21.28595,10,EPI_ISL_12691395,Omicron,BA.2.12.1,2022-05-03
-29.999117,-25.84926,10,EPI_ISL_13671745,Omicron,BA.2.22,2022-05-30
-30.01472,-25.904074,10,EPI_ISL_12442678,Omicron,BA.2.3,2022-04-10
-29.98336,-25.802486,10,EPI_ISL_12252755,Omicron,BA.2,2022-04-17
-29.913206,-25.802263,10,EPI_ISL_10315958,Omicron,BA.2.10,2022-01-30
-23.669949,-21.246914,10,EPI_ISL_13469300,Omicron,BA.2.12.1,2022-06-08
-29.811628,-25.669529,10,EPI_ISL_8832487,Omicron,BA.2.9,2022-01-12
-29.9679,-25.794565,10,EPI_ISL_10893662,Omicron,BA.2,2022-03-04
-23.693462,-21.254955,10,EPI_ISL_14034926,Omicron,BA.2.12.1,2022-07-04
-23.724789,-21.278255,10,EPI_ISL_13558664,Omicron,BA.2.12.1,2022-06-09
-29.905563,-25.794563,10,EPI_ISL_12311625,Omicron,BA.2,2022-04-20
-23.771664,-21.325188,10,EPI_ISL_12597199,Omicron,BA.2.12.1,2022-04-22
-30.038286,-25.94299,10,EPI_ISL_9457493,Omicron,BA.2,2022-01-17
-30.030365,-25.919472,10,EPI_ISL_11785609,Omicron,BA.2,2022-03-26
-23.716887,-21.27837,10,EPI_ISL_12534600,Omicron,BA.2.12.1,2022-04-23
-23.630898,-21.215698,10,EPI_ISL_13235699,Omicron,BA.2.12.1,2022-05-30
-28.303822,-24.513138,10,EPI_ISL_11637396,Omicron,BA.2,2022-03-26
-23.7248,-21.285961,10,EPI_ISL_13808841,Omicron,BA.2.12.1,2022-06-28
-23.716846,-21.286049,10,EPI_ISL_13753659,Omicron,Unassigned,2022-06-27
-29.913137,-25.856972,10,EPI_ISL_12893846,Omicron,BA.2.23,2022-05-10
-29.936829,-25.841564,10,EPI_ISL_11640079,Omicron,BA.2,2022-03-21
-29.858479,-25.677431,10,EPI_ISL_13673288,Omicron,BA.2.50,2022-06-27
-29.85852,-25.786684,10,EPI_ISL_12731628,Omicron,BA.2.9,2022-04-14
-29.90537,-25.84153,10,EPI_ISL_13539307,Omicron,BA.2.3.12,2022-06-01
-30.030449,-25.919434,10,EPI_ISL_10725615,Omicron,BA.2,2022-02-27
-30.01486,-25.818153,10,EPI_ISL_10810069,Omicron,BA.2,2022-02-21
-30.030348,-25.895992,10,EPI_ISL_11809290,Omicron,BA.2.12,2022
-29.928923,-25.88829,10,EPI_ISL_13087851,Omicron,BA.2.9,2022-05-26
-23.701159,-21.286177,10,EPI_ISL_13190715,Omicron,BA.2.12.1,2022-05-29
-29.874205,-25.731958,10,EPI_ISL_11646000,Omicron,BA.2,2022-03-27
-30.038252,-25.92728,10,EPI_ISL_12786730,Omicron,BA.2,2022-05-02
-29.835167,-25.739784,10,EPI_ISL_14539354,Omicron,Unassigned,2022-06-15
-29.936705,-25.864819,10,EPI_ISL_11644460,Omicron,BA.2.3,2022-03-24
-29.983538,-25.841303,10,EPI_ISL_13418503,Omicron,BA.2.42,2022-06-18
-29.921124,-25.943016,10,EPI_ISL_14114998,Omicron,BA.2.3.1,2022-05-31
-28.319427,-24.528934,10,EPI_ISL_12512690,Omicron,BA.2,2022-04-29
-30.092888,-25.997557,10,EPI_ISL_12997360,Omicron,BA.2,2022-05-12
-29.999138,-25.802488,10,EPI_ISL_11561743,Omicron,BA.2.36,2022-03-09
-23.654472,-21.215584,10,EPI_ISL_13824514,Omicron,BA.2.12.1,2022-06-21
-29.897602,-25.786667,10,EPI_ISL_12815911,Omicron,BA.2,2022-04-28
-29.913261,-25.810272,10,EPI_ISL_13037534,Omicron,BA.2.9,2022-04-20
-29.764585,-25.888288,10,EPI_ISL_15517911,Omicron,BA.2.7,2022-05-11
-29.991497,-25.888222,10,EPI_ISL_13547011,Omicron,BA.2.51,2022-05-29
-30.03822,-25.919596,10,EPI_ISL_12598918,Omicron,BA.2.49,2022-04-26
-29.788181,-25.614685,10,EPI_ISL_10841635,Omicron,BA.2,2022-02-23
-29.975746,-25.880335,10,EPI_ISL_8560063,Omicron,BA.2,2021-12-24
-30.139662,-26.02099,10,EPI_ISL_13389612,Omicron,BA.2,2022-05-30
-23.802742,-21.3564,10,EPI_ISL_13197234,Omicron,BA.2.12.1,2022-05-25
-23.795113,-21.348362,10,EPI_ISL_13959659,Omicron,BA.2.12.1,2022-06-29
-21.677813,-19.27824,10,EPI_ISL_12859357,Omicron,BA.2.12.1,2022-05-07
-29.905657,-25.872658,10,EPI_ISL_10813111,Omicron,BA.2.9,2022-03-01
-29.74901,-25.731932,10,EPI_ISL_12081643,Omicron,BA.2.9,2022-03-30
-29.905487,-25.818037,10,EPI_ISL_13095216,Omicron,Unassigned,2022-05-16
-29.897459,-25.739977,10,EPI_ISL_11414004,Omicron,BA.2.10,2022-03-06
-23.708958,-21.278069,10,EPI_ISL_14647177,Omicron,BA.2.12.1,2022-08-04
-28.530466,-24.599274,10,EPI_ISL_10803341,Omicron,BA.2.32,2022-02-26
-23.677917,-21.309364,10,EPI_ISL_11758952,Omicron,BA.2.12.1,2022-03-22
-23.709179,-21.270374,10,EPI_ISL_12505610,Omicron,BA.2.12.1,2022-04-17
-29.93652,-25.91168,10,EPI_ISL_8770510,Omicron,BA.2,2022-01-11
-29.968004,-25.864614,10,EPI_ISL_9723109,Omicron,BA.2,2022-01-27
-29.89754,-25.880356,10,EPI_ISL_12199928,Omicron,BA.2.23,2022-04-13
-29.897594,-25.771292,10,EPI_ISL_12484656,Omicron,BA.2.9,2022-03-29
-23.70914,-21.270458,10,EPI_ISL_13582478,Omicron,BA.2.12.1,2022-06-22
-23.685617,-21.293804,10,EPI_ISL_13307674,Omicron,BA.2.12.1,2022-05-24
-30.015026,-25.841272,10,EPI_ISL_15010363,Omicron,BA.2,2022-04-16
-29.92883,-25.849125,10,EPI_ISL_12618429,Omicron,BA.2.7,2022-04-20
-23.748123,-21.309423,10,EPI_ISL_13714340,Omicron,Unassigned,2022-06-18
-23.732735,-21.2938,10,EPI_ISL_13759199,Omicron,BA.2.12.1,2022-06-27
-28.803888,-24.68518,10,EPI_ISL_12645991,Omicron,BA.2.10.1,2022-04-25
-30.108644,-25.982119,10,EPI_ISL_12846140,Omicron,BA.2.3,2022-04-26
-28.350742,-24.5522,10,EPI_ISL_13409768,Omicron,BA.2.43,2022-05
-23.748123,-21.293823,10,EPI_ISL_14384291,Omicron,BA.2.12.1,2022-07-29
-29.874197,-25.7868,10,EPI_ISL_13266911,Omicron,BA.2.5,2022-05-30
-23.685753,-21.239182,10,EPI_ISL_13157150,Omicron,BA.2.12.1,2022-05-24
-29.913124,-25.786655,10,EPI_ISL_13645098,Omicron,BA.2,2022-06-17
-23.685719,-21.262726,10,EPI_ISL_12706856,Omicron,BA.2.12.1,2022-05-01
-21.450813,-19.020298,10,EPI_ISL_14216553,Omicron,BA.2.3.21,2022-06-28
-23.70903,-21.270315,10,EPI_ISL_13096414,Omicron,Unassigned,2022-05-18
-23.700996,-21.246967,10,EPI_ISL_13039049,Omicron,BA.2.12.1,2022-04-13
-29.874226,-25.896214,10,EPI_ISL_12320889,Omicron,BA.2.9,2022-04-13
-30.02254,-25.903902,10,EPI_ISL_10960560,Omicron,BA.2.7,2022-03-03
-29.90541,-25.903963,10,EPI_ISL_12436150,Omicron,BA.2,2022-04-25
-30.007,-25.802217,10,EPI_ISL_13719803,Omicron,BA.2.9,2022-05-12
-30.07718,-25.864788,10,EPI_ISL_12812370,Omicron,BA.2.3,2022-05-16
-28.202026,-24.341265,10,EPI_ISL_9503410,Omicron,BA.2.9,2022-01-25
-30.007038,-25.919556,10,EPI_ISL_10927052,Omicron,BA.2,2022-03-04
-29.983585,-25.794445,10,EPI_ISL_11837469,Omicron,BA.2,2022-03-17
-30.014774,-25.786705,10,EPI_ISL_12794486,Omicron,Unassigned,2022-03-10
-29.983438,-25.817999,10,EPI_ISL_12184254,Omicron,BA.2,2022-04-01
-29.95243,-25.86491,10,EPI_ISL_12169167,Omicron,BA.2,2022-04-07
-29.921173,-25.74763,10,EPI_ISL_12265085,Omicron,BA.2,2022-04-13
-23.69342,-21.254978,10,EPI_ISL_12099855,Omicron,BA.2.12.1,2022-04-09
-29.999298,-25.880463,10,EPI_ISL_11741272,Omicron,BA.2.7,2022
-23.732521,-21.28585,10,EPI_ISL_12595363,Omicron,BA.2.12.1,2022-04-25
-29.889751,-25.78669,10,EPI_ISL_12123745,Omicron,BA.2,2022-04-11
-30.10073,-25.989721,10,EPI_ISL_13296695,Omicron,BA.2,2022-05-30
-30.046062,-25.802444,10,EPI_ISL_14841531,Omicron,BA.2,2022
-29.913382,-25.880424,10,EPI_ISL_11810809,Omicron,BA.2.9,2022-03-14
-23.709366,-21.254848,10,EPI_ISL_12192409,Omicron,BA.2.12.1,2022-04-06
-29.866295,-25.755348,10,EPI_ISL_13615808,Omicron,BA.2.36,2022-05-14
-29.897606,-25.80232,10,EPI_ISL_11744613,Omicron,BA.2.10.1,2022-03-20
-29.95229,-25.833569,10,EPI_ISL_11630560,Omicron,BA.2,2022-03-17
-23.740387,-21.293829,10,EPI_ISL_13621792,Omicron,BA.2.12.1,2022-06-19
-29.96783,-25.83359,10,EPI_ISL_12788944,Omicron,BA.2,2022-05-03
-28.514631,-24.63832,10,EPI_ISL_12505388,Omicron,BA.2,2022-04-16
-22.693487,-20.246937,10,EPI_ISL_13875524,Omicron,BA.2.56,2022-07-05
-29.952404,-25.79442,10,EPI_ISL_14148034,Omicron,BA.2,2022-02-04
-29.913185,-25.872755,10,EPI_ISL_12186957,Omicron,BA.2.9,2022-04-04
-29.936779,-25.833502,10,EPI_ISL_12669329,Omicron,BA.2,2022-04-19
-29.79594,-25.911777,10,EPI_ISL_9730800,Omicron,BA.2,2022-01-18
-23.70919,-21.27052,10,EPI_ISL_12889622,Omicron,BA.2.12.1,2022-05-12
-29.967928,-25.818014,10,EPI_ISL_11478331,Omicron,BA.2,2022-03-15
-29.79618,-25.73197,10,EPI_ISL_10284942,Omicron,BA.2,2022-02-18
-29.967962,-25.872751,10,EPI_ISL_15300399,Omicron,BA.2.9.3,2022-06-07
-29.866318,-25.880482,10,EPI_ISL_11386463,Omicron,BA.2.3,2022-03-16
-30.038166,-25.872652,10,EPI_ISL_12678997,Omicron,BA.2,2022-05-03
-29.944687,-25.856964,10,EPI_ISL_11235877,Omicron,BA.2,2022-03-10
-30.053846,-25.911657,10,EPI_ISL_14135619,Omicron,BA.2,2022-03-14
-29.975895,-25.85681,10,EPI_ISL_12050253,Omicron,BA.2,2022-03-26
-29.999153,-25.888279,10,EPI_ISL_12053637,Omicron,BA.2.2,2022-04-02
-30.069485,-25.950794,10,EPI_ISL_12730774,Omicron,BA.2.9,2022-05-09
-29.850807,-25.810234,10,EPI_ISL_15868749,Omicron,BA.2,2022-04-16
-29.835318,-25.739716,10,EPI_ISL_11305259,Omicron,BA.2,2022-03-16
-30.077435,-25.97432,10,EPI_ISL_15801959,Omicron,BA.2,2022-05-15
-29.780354,-25.771194,10,EPI_ISL_9033574,Omicron,BA.2,2022-01-13
-23.677998,-21.262405,10,EPI_ISL_13577468,Omicron,BA.2.12.1,2022-06-21
-23.646347,-21.200062,10,EPI_ISL_14411400,Omicron,BA.2.12.1,2022-07-28
-23.662245,-21.161129,10,EPI_ISL_13911691,Omicron,BA.2.12.1,2022-06-28
-29.881958,-25.833668,10,EPI_ISL_12909442,Omicron,Unassigned,2022-05-06
-29.99921,-25.771053,10,EPI_ISL_10746577,Omicron,BA.2.10,2022-02
-29.874155,-25.786839,10,EPI_ISL_13058364,Omicron,BA.2,2022-05-15
-29.905293,-25.857082,10,EPI_ISL_11590158,Omicron,BA.2.10.1,2022-03-23
-23.716753,-21.278206,10,EPI_ISL_13155332,Omicron,BA.2.12.1,2022-05-23
-23.615524,-21.176552,10,EPI_ISL_13479778,Omicron,BA.2.12.1,2022-06-10
-29.889725,-25.974411,10,EPI_ISL_11126305,Omicron,BA.2.10,2022-03-02
-29.858385,-25.75543,10,EPI_ISL_13537776,Omicron,BA.2.36,2022-06-13
-30.077269,-25.989994,10,EPI_ISL_9820022,Omicron,BA.2,2022-02-05
-29.905283,-25.935192,10,EPI_ISL_17325412,Omicron,BA.1.17,2022-02-26
-29.882095,-25.888184,10,EPI_ISL_13235795,Omicron,BA.2,2022-05-24
-29.960087,-25.864769,10,EPI_ISL_12282188,Omicron,BA.2,2022-04-19
-29.975899,-25.81797,10,EPI_ISL_11178718,Omicron,BA.2,2022-03-08
-30.014877,-25.73195,10,EPI_ISL_13694158,Omicron,BA.2.3.15,2022-05-27
-29.975786,-25.841162,10,EPI_ISL_12259505,Omicron,BA.2,2022-04-04
-23.677847,-21.231398,10,EPI_ISL_14539341,Omicron,Unassigned,2022-06-14
-30.030483,-25.864931,10,EPI_ISL_12718528,Omicron,BA.2.23,2022-04-24
-29.866308,-25.919641,10,EPI_ISL_13582605,Omicron,BA.2.48,2022-06-09
-28.655487,-24.552456,10,EPI_ISL_12719973,Omicron,BA.2.41,2022-04-28
-29.897537,-25.80246,10,EPI_ISL_12681551,Omicron,BA.2.3,2022-04-18
-21.544617,-19.059492,10,EPI_ISL_11527359,Omicron,BA.2.10.1,2022-03-17
-22.216587,-19.78607,10,EPI_ISL_14081144,Omicron,BA.2.12.1,2022-06-13
-29.967894,-25.872704,10,EPI_ISL_12671261,Omicron,BA.2,2022-04-23
-29.960045,-25.755465,10,EPI_ISL_14600656,Omicron,BA.2,2022-06-27
-23.74043,-21.285797,10,EPI_ISL_13977422,Omicron,BA.2.12.1,2022-07-16
-29.952381,-25.88818,10,EPI_ISL_13777637,Omicron,BA.2.3,2022-04-16
-29.827295,-25.685106,10,EPI_ISL_11560342,Omicron,BA.2,2022-03-18
-28.241116,-24.372593,10,EPI_ISL_8806047,Omicron,BA.2.9,2022-01-11
-29.921019,-25.958502,10,EPI_ISL_12512970,Omicron,BA.2,2022-04-21
-29.897709,-25.739902,10,EPI_ISL_12097849,Omicron,BA.2,2022-04-11
-21.865614,-19.379908,10,EPI_ISL_13859579,Omicron,BA.2.12.1,2022-06-09
-29.491224,-25.622528,10,EPI_ISL_13991785,Omicron,BA.2,2022-05-30
-29.921085,-25.692932,10,EPI_ISL_12333094,Omicron,BA.2.9,2022-04-12
-30.01473,-25.79469,10,EPI_ISL_12851416,Omicron,BA.2.9,2022-05-18
-27.974962,-24.169415,10,EPI_ISL_12538934,Omicron,BA.2,2022-04-07
-29.975817,-25.880383,10,EPI_ISL_14751543,Omicron,BA.2.3,2022-04-09
-23.71684,-21.285912,10,EPI_ISL_12709712,Omicron,BA.2.12.1,2022-04-10
-30.093117,-25.802267,10,EPI_ISL_11417503,Omicron,BA.2,2022-03-19
-29.952435,-25.849371,10,EPI_ISL_12938179,Omicron,BA.2.3.1,2022-04-01
-29.975876,-25.85709,10,EPI_ISL_11181155,Omicron,BA.2,2022-03-13
-29.913181,-25.911655,10,EPI_ISL_9175977,Omicron,BA.2,2022-01-04
-23.670063,-21.238976,10,EPI_ISL_13831219,Omicron,BA.2.12.1,2022-06-23
-23.685734,-21.246756,10,EPI_ISL_12974365,Omicron,BA.2.12.1,2022-05-13
-23.70132,-21.270435,10,EPI_ISL_13382857,Omicron,BA.2.12.1,2022-06-08
-30.061607,-25.95086,10,EPI_ISL_13691120,Omicron,BA.2,2022-06-22
-29.991413,-25.927162,10,EPI_ISL_12114963,Omicron,BA.2.3,2022-03-31
-29.874094,-25.927528,10,EPI_ISL_14016982,Omicron,BA.2,2022-06-24
-30.022755,-25.895927,10,EPI_ISL_10097894,Omicron,BA.2,2022-02-07
-29.93661,-25.849087,10,EPI_ISL_12518446,Omicron,BA.2.50,2022-04-24
-30.069408,-26.005392,10,EPI_ISL_11769215,Omicron,BA.2,2022-03-29
-29.959976,-25.841316,10,EPI_ISL_13378805,Omicron,BA.2,2022-06-08
-30.038195,-25.896078,10,EPI_ISL_13246291,Omicron,BA.2.36,2022-05-27
-29.999268,-25.849018,10,EPI_ISL_13752200,Omicron,BA.2.3.7,2022-06-27
-29.991219,-25.731934,10,EPI_ISL_11285226,Omicron,BA.2,2022-03-13
-23.740284,-21.309378,10,EPI_ISL_13898226,Omicron,BA.2.12.1,2022-06-26
-29.98352,-25.942944,10,EPI_ISL_13473470,Omicron,Unassigned,2022-06-15
-28.13936,-24.302197,10,EPI_ISL_11121478,Omicron,BA.2,2022-03-11
-30.077332,-25.825691,10,EPI_ISL_11347842,Omicron,BA.2,2022-03-19
-29.889858,-25.810083,10,EPI_ISL_14344315,Omicron,BA.2.10,2022-07-08
-30.02257,-25.942913,10,EPI_ISL_10339943,Omicron,BA.2,2022-01-04
-29.960133,-25.89592,10,EPI_ISL_12345942,Omicron,BA.2.9,2022-04-21
-29.83514,-25.825829,10,EPI_ISL_12095888,Omicron,BA.2,2022-04-11
-23.732605,-21.293755,10,EPI_ISL_13079264,Omicron,BA.2.12.1,2022-04-19
-29.999327,-25.934996,10,EPI_ISL_14011416,Omicron,BA.2,2022-07-14
-29.882053,-25.950666,10,EPI_ISL_13418340,Omicron,BA.2.3.1,2022-05-01
-29.991377,-25.903774,10,EPI_ISL_10501204,Omicron,BA.2,2022-02-15
-30.014732,-25.89611,10,EPI_ISL_13024042,Omicron,BA.2.3,2022-04-24
-29.99128,-25.872654,10,EPI_ISL_11040442,Omicron,BA.2,2022-03-07
-29.952305,-25.927246,10,EPI_ISL_12313848,Omicron,BA.2.9,2022-04-04
-29.866365,-25.810175,10,EPI_ISL_12915690,Omicron,BA.2,2022-05-15
-30.069519,-25.66949,10,EPI_ISL_12219662,Omicron,BA.2,2022-04-11
-29.936647,-25.763268,10,EPI_ISL_12848765,Omicron,BA.2,2022-04-28
-23.709076,-21.270393,10,EPI_ISL_13375187,Omicron,BA.2.12.1,2022-05-10
-29.928843,-25.794588,10,EPI_ISL_13176030,Omicron,BA.2,2022-05-25
-29.835182,-25.91183,10,EPI_ISL_13269935,Omicron,BA.2,2022-05-26
-30.006962,-25.88037,10,EPI_ISL_12583456,Omicron,BA.2,2022-04-23
-29.96788,-25.82582,10,EPI_ISL_12362457,Omicron,BA.2,2022-04-12
-29.967993,-25.849184,10,EPI_ISL_11987357,Omicron,BA.2.9,2022-04-04
-23.670063,-21.247028,10,EPI_ISL_12383822,Omicron,BA.2.12.1,2022-03-29
-29.882082,-25.646004,10,EPI_ISL_14429354,Omicron,BA.2.42,2022-08-01
-29.765068,-25.747526,10,EPI_ISL_16251477,Omicron,BA.2,2022-06-10
-29.897581,-25.841124,10,EPI_ISL_12601315,Omicron,BA.2.3,2022-04-22
-29.921055,-25.864704,10,EPI_ISL_14869143,Omicron,BA.2,2022-05-23
-30.085035,-25.95095,10,EPI_ISL_13450239,Omicron,BA.2,2022-05-30
-30.053802,-25.8415,10,EPI_ISL_9571193,Omicron,BA.2.10,2022-01-23
-23.72477,-21.278011,10,EPI_ISL_14151661,Omicron,BA.2.12.1,2022-07-18
-21.748188,-19.270332,10,EPI_ISL_13641690,Omicron,BA.2.12.1,2022-06-11
-29.936672,-25.911629,10,EPI_ISL_12512928,Omicron,BA.2,2022-04-21
-29.928894,-25.856907,10,EPI_ISL_12043617,Omicron,BA.2,2022-03-24
-30.053923,-25.90382,10,EPI_ISL_13080744,Omicron,BA.2,2022-05-23
-29.944603,-25.747517,10,EPI_ISL_10589816,Omicron,BA.2,2022-02-11
-29.991444,-25.849354,10,EPI_ISL_12249093,Omicron,BA.2.36,2022-03-29
-23.67781,-21.2392,10,EPI_ISL_13315953,Omicron,BA.2.12.1,2022-05-27
-29.889656,-25.802364,10,EPI_ISL_10978172,Omicron,BA.2,2022-03-05
-23.810785,-21.37987,10,EPI_ISL_15478440,Omicron,Unassigned,2022-07-28
-30.03035,-25.896175,10,EPI_ISL_11647049,Omicron,BA.2.9,2022-03-27
-29.92872,-25.77123,10,EPI_ISL_12178476,Omicron,BA.2,2022-04-14
-29.874155,-25.786825,10,EPI_ISL_13156802,Omicron,BA.2,2022-06-01
-29.944479,-26.052446,10,EPI_ISL_11614387,Omicron,BA.2.10.1,2022-03-13
-29.95228,-25.927343,10,EPI_ISL_11180209,Omicron,BA.2,2022-03-13
-29.94455,-25.927515,10,EPI_ISL_11549357,Omicron,BA.2,2022-03-23
-29.803894,-25.661552,10,EPI_ISL_12486844,Omicron,BA.2.3,2022-04-20
-23.701227,-21.262413,10,EPI_ISL_13232542,Omicron,BA.2.12.1,2022-05-23
-30.077118,-25.849232,10,EPI_ISL_13402807,Omicron,Unassigned,2022-06-06
-29.952177,-25.810074,10,EPI_ISL_13370654,Omicron,BA.2,2022-06-08
-29.983624,-25.80986,10,EPI_ISL_10420772,Omicron,BA.2,2022-02-19
-23.669973,-21.262775,10,EPI_ISL_13288379,Omicron,BA.2.12.1,2022-06-05
-30.147377,-25.934982,10,EPI_ISL_10840344,Omicron,BA.2.9,2022-02-19
-29.843105,-25.669394,10,EPI_ISL_10968605,Omicron,BA.2.9.5,2022-02-21
-30.069324,-25.739693,10,EPI_ISL_9421178,Omicron,BA.2,2022-01
-29.92117,-25.864714,10,EPI_ISL_11988010,Omicron,BA.2,2022-04-04
-29.952213,-25.872704,10,EPI_ISL_12455070,Omicron,BA.2,2022-04-25
-23.708818,-21.286057,10,EPI_ISL_13448951,Omicron,Unassigned,2022-06-07
-30.007046,-25.66157,10,EPI_ISL_13126532,Omicron,BA.2,2022-04-20
-29.889801,-25.778866,10,EPI_ISL_12333896,Omicron,BA.2,2022-04-12
-23.693558,-21.254768,10,EPI_ISL_13708432,Omicron,BA.2.12.1,2022-06-27
-29.96792,-25.903946,10,EPI_ISL_12480182,Omicron,BA.2,2022-04-24
-30.038048,-25.943073,10,EPI_ISL_13200777,Omicron,BA.2.3,2022-05-20
-30.014627,-25.903908,10,EPI_ISL_11372055,Omicron,BA.2,2022-01-10
-30.006912,-25.942999,10,EPI_ISL_12889011,Omicron,BA.2.12,2022-05-11
-28.428871,-24.529045,10,EPI_ISL_12793380,Omicron,Unassigned,2022-03-14
-29.905384,-25.888235,10,EPI_ISL_14965154,Omicron,BA.2,2022-04-12
-23.66219,-21.223326,10,EPI_ISL_13334832,Omicron,BA.2.12.1,2022-05-22
-30.046085,-25.989807,10,EPI_ISL_11642902,Omicron,BA.2.41,2022-03-22
-30.069336,-25.911774,10,EPI_ISL_11096186,Omicron,BA.2,2022-03-06
-29.960068,-25.841389,10,EPI_ISL_13281724,Omicron,BA.2,2022-05-25
-30.05397,-25.911715,10,EPI_ISL_9840561,Omicron,BA.2,2022-02-05
-29.858458,-25.872559,10,EPI_ISL_10057898,Omicron,BA.2,2022-02-05
-21.70118,-19.27051,10,EPI_ISL_15865359,Omicron,BA.2.12.1,2022-06-29
-29.952335,-25.841522,10,EPI_ISL_10323798,Omicron,BA.2,2022
-30.014977,-25.88824,10,EPI_ISL_14663507,Omicron,BA.2,2022-04-21
-23.71677,-21.278122,10,EPI_ISL_13725229,Omicron,BA.2.12.1,2022-06-14
-29.913218,-25.786709,10,EPI_ISL_13696471,Omicron,BA.2.9,2022-06-06
-29.843025,-25.778994,10,EPI_ISL_12638762,Omicron,BA.2.9,2022-04-29
-29.96007,-25.841358,10,EPI_ISL_9379297,Omicron,BA.2,2022-01-22
-29.952236,-25.825808,10,EPI_ISL_9788373,Omicron,BA.2.9,2022-02-04
-30.014668,-25.919542,10,EPI_ISL_12748115,Omicron,BA.2,2022-05-10
-30.022787,-25.708652,10,EPI_ISL_12542175,Omicron,BA.2,2022-04-08
-29.944551,-25.825712,10,EPI_ISL_12690053,Omicron,BA.2,2022-04-25
-29.874088,-25.84911,10,EPI_ISL_10516179,Omicron,BA.2,2022-02-22
-29.93686,-25.982063,10,EPI_ISL_14050806,Omicron,BA.2,2022-07
-30.038155,-25.958702,10,EPI_ISL_12153513,Omicron,BA.2.3,2022-03-07
-30.04612,-25.86494,10,EPI_ISL_11311697,Omicron,BA.2,2022-02-27
-29.913132,-25.864912,10,EPI_ISL_13337494,Omicron,BA.2,2022-06-04
-29.960247,-25.833508,10,EPI_ISL_10349116,Omicron,BA.2.51,2022-02-19
-30.100761,-25.98984,10,EPI_ISL_10079977,Omicron,BA.2.9,2022-02-07
-28.420906,-25.04456,10,EPI_ISL_11381656,Omicron,BA.2,2022-03-17
-21.693426,-19.254723,10,EPI_ISL_11288963,Omicron,BA.2.9,2022-03-14
-28.217724,-24.364832,10,EPI_ISL_13276687,Omicron,BA.2.10.1,2022-05-31
-23.724766,-21.293804,10,EPI_ISL_13811156,Omicron,BA.2.12.1,2022-07-01
-23.70922,-21.278118,10,EPI_ISL_14212090,Omicron,BA.2,2022-07-11
-30.045988,-25.911507,10,EPI_ISL_11098928,Omicron,BA.2,2022-03-07
-23.685595,-21.254774,10,EPI_ISL_12889585,Omicron,BA.2.12.1,2022-05-12
-30.014818,-25.903908,10,EPI_ISL_11118892,Omicron,BA.2,2022-03-05
-30.038223,-25.896004,10,EPI_ISL_12956479,Omicron,BA.2,2022-05-18
-30.053928,-25.849142,10,EPI_ISL_13319365,Omicron,BA.2,2022-05-13
-23.685692,-21.332804,10,EPI_ISL_16086369,Omicron,BA.2.12.1,2022-07-11
-29.866234,-25.802227,10,EPI_ISL_12017160,Omicron,BA.2,2022-04-02
-30.007051,-25.86482,10,EPI_ISL_14126631,Omicron,BA.2.3.18,2022-06-29
-29.928902,-25.802284,10,EPI_ISL_14063499,Omicron,BA.2,2022-02-23
-29.91315,-25.794636,10,EPI_ISL_12737757,Omicron,BA.2,2022-05-05
-23.810555,-21.36405,10,EPI_ISL_13549045,Omicron,BA.2.12.1,2022-06-06
-21.810654,-19.364159,10,EPI_ISL_13412466,Omicron,BA.2.12.1,2022-05-27
-23.732515,-21.301666,10,EPI_ISL_13468275,Omicron,BA.2.12.1,2022-06-06
-30.054,-25.8726,10,EPI_ISL_10061971,Omicron,BA.2,2022-02-07
-29.999098,-25.700745,10,EPI_ISL_12782884,Omicron,BA.2,2022-05-02
-23.693562,-21.262558,10,EPI_ISL_12573745,Omicron,BA.2.12.1,2022-04-16
-28.772661,-24.645943,10,EPI_ISL_12701874,Omicron,BA.2.9,2022-05-05
-29.960062,-25.857185,10,EPI_ISL_13385161,Omicron,BA.2,2022-05-16
-29.819618,-25.810059,10,EPI_ISL_9785410,Omicron,BA.2,2022-02-05
-29.944584,-25.896116,10,EPI_ISL_12297653,Omicron,BA.2,2022-04-10
-29.858335,-25.841354,10,EPI_ISL_17159513,Omicron,BA.2.6,2022-05-16
-30.022825,-25.91942,10,EPI_ISL_13235655,Omicron,BA.2,2022-05-30
-21.709278,-19.262568,10,EPI_ISL_13480209,Omicron,BA.2.12.1,2022-06-17
-29.929037,-25.919422,10,EPI_ISL_8935148,Omicron,BA.2,2022-01-12
-30.092907,-25.73199,10,EPI_ISL_11930775,Omicron,BA.2,2022-03-27
-30.022707,-25.857023,10,EPI_ISL_14252938,Omicron,BA.2,2022-07-13
-30.030403,-25.58359,10,EPI_ISL_11886989,Omicron,BA.2,2022-03-10
-29.889729,-25.79457,10,EPI_ISL_12902521,Omicron,BA.2.3.1,2022-04-11
-29.882,-25.645996,10,EPI_ISL_12141391,Omicron,BA.2.10.1,2022-03
-29.86641,-25.67717,10,EPI_ISL_13937477,Omicron,BA.2.9,2022-06-30
-30.100727,-25.97421,10,EPI_ISL_10385538,Omicron,BA.2,2022-02-11
-23.81843,-21.403183,10,EPI_ISL_13766491,Omicron,BA.2,2022-07-04
-29.90551,-25.888216,10,EPI_ISL_10861994,Omicron,BA.2.9,2022-03-03
-29.920946,-25.857264,10,EPI_ISL_12005461,Omicron,BA.2,2022-03-19
-29.967873,-25.865036,10,EPI_ISL_11345630,Omicron,BA.2.9,2022-03-18
-29.83523,-25.716309,10,EPI_ISL_9867173,Omicron,BA.2,2022-02-07
-23.701153,-21.270342,10,EPI_ISL_13167381,Omicron,BA.2.12.1,2022-05-20
-29.889797,-25.778957,10,EPI_ISL_11555095,Omicron,BA.2.3,2022-03-21
-29.819464,-25.693125,10,EPI_ISL_14737492,Omicron,BA.2,2022-08-14
-29.967918,-25.857077,10,EPI_ISL_13276626,Omicron,BA.2.9,2022-05-06
-23.693361,-21.246944,10,EPI_ISL_13511048,Omicron,BA.2.12.1,2022-06-11
-30.092762,-25.622496,10,EPI_ISL_11478761,Omicron,BA.2,2022-03-12
-30.046213,-25.825891,10,EPI_ISL_13210420,Omicron,BA.2.3.1,2022-05-02
-29.850729,-26.005394,10,EPI_ISL_12288687,Omicron,BA.2.73,2022-04-07
-23.623196,-21.161167,10,EPI_ISL_13270396,Omicron,BA.2.12.1,2022-05-31
-29.921062,-25.81797,10,EPI_ISL_14539708,Omicron,Unassigned,2022-06-30
-21.755856,-19.301575,10,EPI_ISL_13074614,Omicron,BA.2.12.1,2022-05-18
-30.07741,-25.927164,10,EPI_ISL_12659500,Omicron,BA.2.12,2022-04-24
-23.709139,-21.278122,10,EPI_ISL_12573673,Omicron,BA.2.12.1,2022-04-27
-21.802692,-19.364155,10,EPI_ISL_13306347,Omicron,BA.2.12.1,2022-06-03
-23.724604,-21.278374,10,EPI_ISL_13526095,Omicron,BA.2.12.1,2022-06-06
-29.913246,-25.903748,10,EPI_ISL_13794889,Omicron,BA.2.72,2022-06-04
-29.959866,-25.825851,10,EPI_ISL_12122428,Omicron,BA.2,2022-04-13
-30.07732,-25.927292,10,EPI_ISL_12734859,Omicron,BA.2,2022-05-05
-29.655388,-25.950722,10,EPI_ISL_13104038,Omicron,BA.2,2022-05-09
-30.022581,-25.888256,10,EPI_ISL_9323553,Omicron,BA.2.3,2022-01-04
-29.889717,-25.841446,10,EPI_ISL_11731674,Omicron,BA.2,2022-03-28
-23.670166,-21.286047,10,EPI_ISL_13592826,Omicron,BA.2.12.1,2022-06-08
-29.991245,-25.880455,10,EPI_ISL_13541158,Omicron,BA.2,2022-06-12
-23.755966,-21.317331,10,EPI_ISL_12873802,Omicron,BA.2.12.1,2022-04-26
-23.146563,-20.708046,10,EPI_ISL_14022566,Omicron,BA.2.12.1,2022-07-03
-23.709099,-21.286125,10,EPI_ISL_12321514,Omicron,BA.2.3.4,2022-03-31
-29.96009,-25.896095,10,EPI_ISL_11631285,Omicron,BA.2.10,2022-03-18
-30.061768,-25.91176,10,EPI_ISL_10663266,Omicron,BA.2.9,2022-02-28
-29.944454,-25.864895,10,EPI_ISL_13730713,Omicron,BA.2.9,2022-06-30
-29.905355,-25.825886,10,EPI_ISL_11762871,Omicron,BA.2.20,2022-03-29
-29.95229,-25.919495,10,EPI_ISL_13234650,Omicron,BA.2.3,2022-04-13
-29.952368,-25.825802,10,EPI_ISL_12477901,Omicron,BA.2.12,2022-04-26
-30.09279,-25.887989,10,EPI_ISL_9558986,Omicron,BA.2,2022-01-29
-29.889814,-25.83358,10,EPI_ISL_12615413,Omicron,BA.2,2022-04-17
-29.9212,-25.778933,10,EPI_ISL_13182975,Omicron,BA.2,2022-05-11
-23.685638,-21.254675,10,EPI_ISL_12593639,Omicron,BA.2.12.1,2022-04-19
-23.748295,-21.309475,10,EPI_ISL_13080116,Omicron,BA.2.12.1,2022-05-22
-30.1242,-25.794693,10,EPI_ISL_12671392,Omicron,BA.2,2022-04-21
-29.975805,-25.864925,10,EPI_ISL_12914060,Omicron,BA.2.3,2022-05-09
-29.952475,-25.919416,10,EPI_ISL_10650487,Omicron,BA.2,2022-02
-29.975529,-25.778782,10,EPI_ISL_11751225,Omicron,BA.2,2022-03-15
-29.921175,-25.8414,10,EPI_ISL_12134298,Omicron,BA.2,2022-03-28
-29.952263,-25.810333,10,EPI_ISL_14189763,Omicron,BA.2.3.7,2022-04-29
-29.999203,-25.771244,10,EPI_ISL_10508271,Omicron,BA.2,2022-02-21
-23.701307,-21.270308,10,EPI_ISL_14574514,Omicron,BA.2.12.1,2022-08-10
-29.967705,-25.83343,10,EPI_ISL_13372629,Omicron,BA.2.9,2022-06-07
-23.693464,-21.278086,10,EPI_ISL_12886295,Omicron,BA.2.12.1,2022-05-09
-29.92887,-25.81792,10,EPI_ISL_10800376,Omicron,BA.2,2022-03-02
-28.436405,-24.53682,10,EPI_ISL_11181445,Omicron,BA.2.23,2022-03-12
-21.86528,-19.372028,10,EPI_ISL_14637961,Omicron,BA.2.12.1,2022-07-16
-22.443539,-19.996813,10,EPI_ISL_13366884,Omicron,BA.2.12.1,2022-06-09
-29.87421,-25.747648,10,EPI_ISL_11775895,Omicron,BA.2,2022-03-27
-29.92112,-25.794495,10,EPI_ISL_12238737,Omicron,BA.2.20,2022-04-06
-29.92891,-25.872555,10,EPI_ISL_10918459,Omicron,BA.2,2022-03-03
-30.030378,-25.93509,10,EPI_ISL_10981622,Omicron,BA.2,2022-03-01
-22.599716,-20.153421,10,EPI_ISL_15594333,Omicron,BA.2.12.1,2022-10-18
-30.07718,-25.950775,10,EPI_ISL_12448150,Omicron,BA.2,2022-04-19
-29.999184,-25.802223,10,EPI_ISL_10465162,Omicron,BA.2,2022-02-22
-30.022501,-25.841478,10,EPI_ISL_13208285,Omicron,BA.2.29,2022-05-05
-29.678907,-25.716469,10,EPI_ISL_12193049,Omicron,BA.2,2022-04-09
-30.053867,-25.818134,10,EPI_ISL_13530995,Omicron,BA.2.3.1,2022-05-26
-27.943735,-24.153778,10,EPI_ISL_12206759,Omicron,BA.2.9,2022-04-15
-23.74814,-21.309456,10,EPI_ISL_13739128,Omicron,BA.2.12.1,2022-07-04
-29.796082,-25.810156,10,EPI_ISL_13123179,Omicron,BA.2,2022-05-23
-28.553696,-24.520924,10,EPI_ISL_13261049,Omicron,BA.2,2022-05-31
-21.802979,-19.285955,10,EPI_ISL_12508085,Omicron,BA.2.12.1,2022-04-18
-29.99127,-25.872583,10,EPI_ISL_13446884,Omicron,BA.2.49,2022-06-13
-29.905344,-25.864822,10,EPI_ISL_13268159,Omicron,BA.2,2022-06-01
-29.928871,-25.872498,10,EPI_ISL_11273813,Omicron,BA.2.23,2022-03-14
-23.716736,-21.270426,10,EPI_ISL_12506141,Omicron,BA.2.12.1,2022-04-18
-23.709044,-21.27799,10,EPI_ISL_13166730,Omicron,BA.2.12.1,2022-05-23
-30.006954,-25.77109,10,EPI_ISL_11181923,Omicron,BA.2,2022-03-12
-29.991335,-25.841307,10,EPI_ISL_13391092,Omicron,BA.2.36,2022-06
-22.685549,-20.23912,10,EPI_ISL_14380987,Omicron,BA.2.12.1,2022-07-14
-29.967918,-26.00541,10,EPI_ISL_13120756,Omicron,BA.2,2022-05-14
-29.94445,-25.778868,10,EPI_ISL_12212180,Omicron,BA.2.22,2022-04-14
-30.06183,-25.943066,10,EPI_ISL_12790228,Omicron,BA.2,2022-05-05
-29.999382,-25.911507,10,EPI_ISL_12512905,Omicron,BA.2,2022-04-21
-29.803825,-25.708681,10,EPI_ISL_12266680,Omicron,BA.2,2022-04-15
-29.92901,-25.73974,10,EPI_ISL_11782166,Omicron,BA.2,2022-03-29
-29.921022,-25.91152,10,EPI_ISL_14151804,Omicron,BA.2.9,2022-04-21
-23.716787,-21.270443,10,EPI_ISL_14288666,Omicron,BA.2.12.1,2022-07-09
-29.88964,-25.724411,10,EPI_ISL_9492787,Omicron,BA.2,2022
-29.952316,-25.778896,10,EPI_ISL_11379266,Omicron,BA.2,2022-03-18
-23.677948,-21.29373,10,EPI_ISL_13333594,Omicron,BA.2.12.1,2022-05-19
-30.139717,-26.013186,10,EPI_ISL_10539914,Omicron,BA.2,2022-02-18
-30.014847,-25.872688,10,EPI_ISL_12768285,Omicron,BA.2,2022-04-29
-29.94451,-25.94273,10,EPI_ISL_13205453,Omicron,BA.2.3,2022-05-13
-29.83513,-25.911758,10,EPI_ISL_10934570,Omicron,BA.2,2022-02-20
-23.724762,-21.285852,10,EPI_ISL_13071862,Omicron,BA.2.12.1,2022-05-21
-23.70138,-21.317308,10,EPI_ISL_12543720,Omicron,BA.2.12.1,2022-04-22
-29.944458,-25.84927,10,EPI_ISL_12419134,Omicron,BA.2.2,2022-03-23
-30.030523,-25.864838,10,EPI_ISL_10988162,Omicron,BA.2,2022-03-07
-30.03833,-25.950813,10,EPI_ISL_11664910,Omicron,BA.2,2022-03-22
-29.99139,-25.85696,10,EPI_ISL_8834910,Omicron,BA.2.9,2022-01-11
-29.96798,-25.8259,10,EPI_ISL_12547499,Omicron,BA.2,2022-04-28
-30.006832,-25.810102,10,EPI_ISL_11867058,Omicron,BA.2.3,2022-04-01
-29.975817,-25.81781,10,EPI_ISL_12118245,Omicron,BA.2.3,2022-04-02
-29.944727,-25.84147,10,EPI_ISL_9569128,Omicron,BA.2,2022-01-27
-29.920935,-25.747593,10,EPI_ISL_10011796,Omicron,BA.2,2022-02-12
-23.724728,-21.24691,10,EPI_ISL_13529598,Omicron,BA.2.12.1,2022-06-11
-29.999306,-25.81028,10,EPI_ISL_13095841,Omicron,Unassigned,2022-05-16
-30.02268,-25.599228,10,EPI_ISL_13216336,Omicron,BA.2.3.1,2022-04-30
-29.999092,-25.81786,10,EPI_ISL_12802754,Omicron,BA.2.10,2022-04-10
-29.99146,-25.841473,10,EPI_ISL_11453376,Omicron,BA.2,2022-03-07
-30.163162,-25.935167,10,EPI_ISL_12482645,Omicron,Unassigned,2022-04-20
-30.061687,-25.786612,10,EPI_ISL_13638563,Omicron,BA.2,2022-06-16
-23.73248,-21.301561,10,EPI_ISL_12716321,Omicron,BA.2.12.1,2022-04-15
-29.960018,-25.888205,10,EPI_ISL_13576049,Omicron,BA.2.29,2022-04-01
-29.858505,-25.896141,10,EPI_ISL_16620764,Omicron,BA.2.14,2022-07-04
-29.905403,-25.935335,10,EPI_ISL_12161098,Omicron,BA.2,2022-04-05
-28.881804,-24.872696,10,EPI_ISL_13067309,Omicron,BA.2,2022-05-27
-29.913107,-25.817663,10,EPI_ISL_13615891,Omicron,BA.2.1,2022-06-06
-30.061832,-25.966463,10,EPI_ISL_13103732,Omicron,BA.2.3,2022-05-01
-29.929,-25.833698,10,EPI_ISL_10093557,Omicron,BA.2,2022-02-12
-23.685501,-21.223434,10,EPI_ISL_12192419,Omicron,BA.2.12.1,2022-04-06
-23.709013,-21.270454,10,EPI_ISL_13721894,Omicron,BA.2.12.1,2022-06-23
-21.62303,-19.215855,10,EPI_ISL_12760289,Omicron,BA.2.12.1,2022-05-04
-30.007154,-25.865013,10,EPI_ISL_13546719,Omicron,BA.2.3.4,2022-05-29
-30.085255,-25.927212,10,EPI_ISL_13109074,Omicron,BA.2.3,2022-05-21
-29.897625,-25.849226,10,EPI_ISL_11810264,Omicron,BA.2,2022-03-21
-29.889858,-25.817854,10,EPI_ISL_11286229,Omicron,BA.2,2022-03-15
-30.030285,-25.880436,10,EPI_ISL_15829598,Omicron,BA.2.27,2022-11-04
-29.81181,-25.872698,10,EPI_ISL_12517773,Omicron,BA.2,2022-04-23
-29.889778,-25.864899,10,EPI_ISL_12381543,Omicron,BA.2.10,2022-03-14
-30.100754,-25.856995,10,EPI_ISL_11212862,Omicron,BA.2,2022-03-14
-30.053703,-25.927423,10,EPI_ISL_9993370,Omicron,BA.2,2022-02-09
-23.631033,-21.184284,10,EPI_ISL_13861686,Omicron,BA.2.12.1,2022-06-17
-30.053726,-25.786621,10,EPI_ISL_12454065,Omicron,BA.2,2022-04-10
-29.788088,-25.677284,10,EPI_ISL_12310397,Omicron,BA.2,2022-04-12
-21.450623,-19.012617,10,EPI_ISL_13579455,Omicron,BA.2.9,2022-06-24
-23.646658,-21.32499,10,EPI_ISL_12087185,Omicron,BA.2.12.1,2022-03-28
-29.944443,-25.81018,10,EPI_ISL_13589940,Omicron,BA.2.44,2022-05-13
-29.928787,-25.755339,10,EPI_ISL_13556043,Omicron,BA.2.9,2022-06-11
-30.061785,-25.911556,10,EPI_ISL_10965932,Omicron,BA.2,2022-03-05
-29.882023,-25.778782,10,EPI_ISL_11596045,Omicron,BA.2,2022-03-24
-23.7014,-21.254879,10,EPI_ISL_13307358,Omicron,BA.2.12.1,2022-05-24
-29.866116,-25.76334,10,EPI_ISL_12910180,Omicron,Unassigned,2022-05-05
-23.708908,-21.278072,10,EPI_ISL_13479243,Omicron,BA.2.12.1,2022-06-16
-29.952276,-25.833813,10,EPI_ISL_13023163,Omicron,BA.2,2022-04-01
-23.654222,-21.207817,10,EPI_ISL_14194265,Omicron,BA.2.12.1,2022-07-19
-29.803944,-25.677317,10,EPI_ISL_13309343,Omicron,BA.2.9,2022-05-31
-30.014898,-25.880375,10,EPI_ISL_11512020,Omicron,BA.2,2022-03-22
-29.858376,-25.700535,10,EPI_ISL_11832143,Omicron,BA.2.14,2022-04-01
-29.608398,-25.552279,10,EPI_ISL_8831849,Omicron,BA.2,2022-01-11
-23.693335,-21.270367,10,EPI_ISL_14191869,Omicron,BA.2.12.1,2022-07-09
-29.928802,-25.919655,10,EPI_ISL_13950643,Omicron,BA.2,2022-06-30
-30.038273,-25.943005,10,EPI_ISL_12710037,Omicron,BA.2,2022-05-02
-23.716925,-21.285992,10,EPI_ISL_14782313,Omicron,BA.2.12.1,2022-07-06
-29.936634,-25.997616,10,EPI_ISL_13440613,Omicron,BA.2,2022-05-27
-23.701092,-21.262564,10,EPI_ISL_12890655,Omicron,BA.2.12.1,2022-05-13
-29.936508,-25.80222,10,EPI_ISL_11181147,Omicron,BA.2,2022-03-13
-23.68557,-21.247066,10,EPI_ISL_13165987,Omicron,BA.2.12.1,2022-04
-28.42866,-24.5524,10,EPI_ISL_14788048,Omicron,BA.2,2022-08-23
-29.889936,-25.833567,10,EPI_ISL_10638697,Omicron,BA.2.25,2022-02-22
-29.975838,-25.778908,10,EPI_ISL_12343019,Omicron,BA.2,2022-04-19
-30.014816,-25.810043,10,EPI_ISL_16031946,Omicron,BA.2,2022-05-11
-29.788174,-25.88818,10,EPI_ISL_12386624,Omicron,BA.2.3,2022-04-12
-29.97574,-25.903915,10,EPI_ISL_12309128,Omicron,BA.2.3,2022-03-17
-29.975693,-25.880486,10,EPI_ISL_14117800,Omicron,BA.2,2022-06-07
-23.669912,-21.286173,10,EPI_ISL_10814341,Omicron,BA.2,2022-02-22
-23.724604,-21.301657,10,EPI_ISL_13657794,Omicron,BA.2.12.1,2022-06-19
-30.00708,-25.90373,10,EPI_ISL_10571527,Omicron,BA.2,2022-02-24
-29.866405,-25.786554,10,EPI_ISL_9786068,Omicron,BA.2,2022-02-04
-29.983534,-25.857141,10,EPI_ISL_13926191,Omicron,BA.2.9,2022-06-25
-29.874289,-25.68512,10,EPI_ISL_13425778,Omicron,BA.2.9,2022-05-01
-30.014795,-25.841307,10,EPI_ISL_10079704,Omicron,BA.2,2022-02-08
-23.630806,-21.19236,10,EPI_ISL_13151392,Omicron,BA.2.12.1,2022-05-20
-30.007038,-25.825748,10,EPI_ISL_13915486,Omicron,BA.2,2022-06-14
-29.952213,-25.763191,10,EPI_ISL_11660241,Omicron,BA.2,2022-03-11
-30.163197,-26.06015,10,EPI_ISL_10367586,Omicron,BA.2,2022-02-13
-30.038223,-25.919662,10,EPI_ISL_9448303,Omicron,BA.1,2022
-23.724527,-21.278185,10,EPI_ISL_13543742,Omicron,BA.2.12.1,2022-06-16
-29.921173,-25.770958,10,EPI_ISL_12942769,Omicron,BA.2.3.1,2022-03-28
-29.827236,-25.677324,10,EPI_ISL_13396424,Omicron,BA.2.48,2022-06-08
-28.444437,-25.029034,10,EPI_ISL_9270916,Omicron,BA.2,2022-01-22
-29.905415,-25.888239,10,EPI_ISL_11379504,Omicron,BA.2,2022-03-18
-29.866333,-25.942715,10,EPI_ISL_12164336,Omicron,BA.2,2022-04-06
-30.108704,-25.911705,10,EPI_ISL_12587156,Omicron,BA.2,2022-04-05
-30.038269,-25.896166,10,EPI_ISL_13113008,Omicron,BA.2,2022-05-16
-29.85069,-25.85709,10,EPI_ISL_16044291,Omicron,BA.2.3,2022-05-23
-30.069248,-25.903915,10,EPI_ISL_13571529,Omicron,BA.2,2022-06-06
-29.881948,-25.903786,10,EPI_ISL_12808669,Omicron,BA.2.12,2022-05-09
-27.959349,-24.169437,10,EPI_ISL_13283598,Omicron,BA.2,2022-05-23
-23.810602,-21.387533,10,EPI_ISL_12049867,Omicron,BA.2,2022-03-25
-29.819466,-25.731966,10,EPI_ISL_11445064,Omicron,BA.2,2022-03-19
-23.716864,-21.2704,10,EPI_ISL_13565978,Omicron,BA.2.12.1,2022-06-16
-21.927858,-19.465683,10,EPI_ISL_12924005,Omicron,BA.2.12.1,2022-05-08
-29.74923,-25.708567,10,EPI_ISL_12140380,Omicron,BA.2.10.1,2022-03
-28.397655,-24.700872,10,EPI_ISL_11546749,Omicron,BA.2,2022-03-24
-30.006977,-25.903772,10,EPI_ISL_9681727,Omicron,BA.2,2022-01-30
-23.662367,-21.231333,10,EPI_ISL_13510501,Omicron,BA.2.12.1,2022-06-08
-30.03037,-25.864733,10,EPI_ISL_9596927,Omicron,BA.2.10.1,2022-01-29
-29.232964,-25.161587,10,EPI_ISL_12361018,Omicron,BA.2.10,2022-03-27
-29.983788,-25.864878,10,EPI_ISL_14339021,Omicron,BA.2,2022-05-30
-29.897501,-25.818024,10,EPI_ISL_12941078,Omicron,BA.2.3,2022-04-30
-29.850689,-25.794579,10,EPI_ISL_13389606,Omicron,BA.2,2022-05-30
-29.96788,-25.747822,10,EPI_ISL_10416683,Omicron,BA.2,2022-02-20
-23.701185,-21.270409,10,EPI_ISL_13071421,Omicron,BA.2.12.1,2022-05-20
-30.01473,-25.896048,10,EPI_ISL_9655531,Omicron,BA.2.9,2022-02-01
-29.93678,-25.598965,10,EPI_ISL_13255680,Omicron,BA.2.48,2022-05-29
-23.662197,-21.231277,10,EPI_ISL_13218823,Omicron,BA.2.12.1,2022-05-25
-23.72461,-21.285797,10,EPI_ISL_12857079,Omicron,BA.2.12.1,2022-05-14
-29.975704,-25.872807,10,EPI_ISL_14021261,Omicron,BA.2.42,2022-07-05
-29.913136,-25.81018,10,EPI_ISL_12667303,Omicron,BA.2.2,2022-05-03
-23.716785,-21.301487,10,EPI_ISL_13188731,Omicron,BA.2.12.1,2022-05-27
-30.100613,-26.013323,10,EPI_ISL_13318002,Omicron,BA.2.3,2022-05-06
-29.952364,-25.888418,10,EPI_ISL_13421389,Omicron,BA.2.9,2022-06-13
-30.006989,-25.888433,10,EPI_ISL_10654174,Omicron,BA.2,2022-02-11
-23.693733,-21.254856,10,EPI_ISL_13977565,Omicron,BA.2.12.1,2022-07-05
-30.014826,-25.872482,10,EPI_ISL_12115862,Omicron,BA.2.3,2022-04-04
-29.952307,-25.825727,10,EPI_ISL_13799813,Omicron,BA.2.3.6,2022-06-18
-23.82616,-21.39544,10,EPI_ISL_14080595,Omicron,BA.2.12.1,2022-07-08
-30.030495,-25.911633,10,EPI_ISL_13712650,Omicron,BA.2,2022-04-04
-30.01493,-25.95068,10,EPI_ISL_12544536,Omicron,BA.2.64,2022-03-24
-29.991463,-25.911713,10,EPI_ISL_11395900,Omicron,BA.2,2022-03-17
-29.81177,-25.989965,10,EPI_ISL_12131668,Omicron,BA.2.3,2022-03-22
-23.662352,-21.262718,10,EPI_ISL_13553766,Omicron,BA.2.12.1,2022-06-08
-30.030388,-25.919565,10,EPI_ISL_10966075,Omicron,BA.2,2022-03-06
-29.921059,-25.802322,10,EPI_ISL_12871568,Omicron,BA.2.36,2022-05-05
-29.921019,-25.724285,10,EPI_ISL_12884799,Omicron,BA.2,2022-05-06
-23.74036,-21.29372,10,EPI_ISL_12502612,Omicron,BA.2.12.1,2022-04-13
-30.069576,-25.81795,10,EPI_ISL_13155846,Omicron,BA.2,2022-05-24
-30.007122,-25.763187,10,EPI_ISL_9382623,Omicron,BA.2.1,2022-01-25
-30.132027,-25.76334,10,EPI_ISL_11083528,Omicron,BA.2.1,2022-03-09
-29.022423,-25.02091,10,EPI_ISL_10633734,Omicron,BA.2.9,2022-02-21
-29.960016,-25.849157,10,EPI_ISL_10855221,Omicron,BA.2.37,2022-03-02
-30.030214,-25.872517,10,EPI_ISL_13211061,Omicron,BA.2.3.1,2022-05-06
-23.685713,-21.26258,10,EPI_ISL_12974919,Omicron,BA.2.12.1,2022-05-15
-29.975773,-25.880367,10,EPI_ISL_14189953,Omicron,BA.2.3.7,2022-05-03
-29.9757,-25.927383,10,EPI_ISL_12687986,Omicron,BA.2,2022-05-04
-23.709122,-21.278255,10,EPI_ISL_13060780,Omicron,BA.2.12.1,2022-05-08
-23.693558,-21.26255,10,EPI_ISL_13121606,Omicron,BA.2.12.1,2022-05-22
-29.944332,-25.786726,10,EPI_ISL_11091532,Omicron,BA.2.9,2022-03-08
-28.631994,-24.583565,10,EPI_ISL_12433433,Omicron,BA.2,2022-04-19
-29.905567,-25.817924,10,EPI_ISL_12159518,Omicron,BA.2,2022-04-12
-29.921246,-25.89606,10,EPI_ISL_13020871,Omicron,BA.2.47,2022-05-10
-29.921204,-25.84908,10,EPI_ISL_14120670,Omicron,BA.2.3.1,2022-06-15
-29.967857,-25.622622,10,EPI_ISL_11158685,Omicron,BA.2.9,2022-03-10
-29.811821,-25.849245,10,EPI_ISL_9654145,Omicron,BA.2.9,2022-01-28
-23.638966,-21.207853,10,EPI_ISL_15239314,Omicron,BA.2.12.1,2022-05-26
-30.014717,-25.817759,10,EPI_ISL_13440830,Omicron,BA.2.3,2022-05-31
-29.936707,-25.818098,10,EPI_ISL_10059914,Omicron,BA.2.9,2022-02-09
-29.913479,-25.857016,10,EPI_ISL_12499816,Omicron,BA.2,2022-04-11
-23.732494,-21.286053,10,EPI_ISL_12973610,Omicron,BA.2.12.1,2022-05-12
-23.677883,-21.277987,10,EPI_ISL_12707952,Omicron,BA.2.12.1,2022-05-05
-30.02264,-25.88037,10,EPI_ISL_8418601,Omicron,BA.2.9,2021-12-27
-30.07735,-25.919598,10,EPI_ISL_11605940,Omicron,BA.2,2022-03-22
-29.874237,-25.747707,10,EPI_ISL_11340046,Omicron,BA.2.10,2022-03-16
-29.858496,-25.755304,10,EPI_ISL_13572134,Omicron,BA.2,2022-06-10
-29.967857,-25.708523,10,EPI_ISL_12850146,Omicron,BA.2.19,2022-05-03
-29.858501,-25.692875,10,EPI_ISL_11335937,Omicron,BA.2,2022-03-17
-29.96812,-25.841328,10,EPI_ISL_12189869,Omicron,BA.2,2022-04-06
-29.999035,-25.802462,10,EPI_ISL_12414673,Omicron,BA.2.3,2022-04-10
-29.952236,-25.763294,10,EPI_ISL_12908584,Omicron,Unassigned,2022-05-09
-29.8976,-25.872746,10,EPI_ISL_14570605,Omicron,BA.2,2022-07-07
-30.030355,-25.810146,10,EPI_ISL_13538809,Omicron,BA.2,2022-05-17
-29.80402,-25.927261,10,EPI_ISL_11340338,Omicron,BA.2,2022-03-16
-23.841871,-21.403095,10,EPI_ISL_13807627,Omicron,BA.2.12.1,2022-06-27
-28.170483,-24.317875,10,EPI_ISL_13347482,Omicron,Unassigned,2022-05-30
-30.07739,-25.88057,10,EPI_ISL_12499676,Omicron,BA.2,2022-04-11
-29.967907,-25.825731,10,EPI_ISL_13414052,Omicron,BA.2,2022-04-10
-29.936684,-25.708456,10,EPI_ISL_12119296,Omicron,BA.2,2022-03-21
-29.967915,-25.864864,10,EPI_ISL_15693600,Omicron,BA.2.2,2022-08-26
-29.921082,-25.84134,10,EPI_ISL_14561294,Omicron,BA.2,2022-04-24
-29.991516,-25.888369,10,EPI_ISL_14121051,Omicron,BA.2.3.1,2022-06-16
-30.053923,-25.982014,10,EPI_ISL_10065806,Omicron,BA.2.10,2022-02-04
-29.889862,-25.817818,10,EPI_ISL_10563487,Omicron,BA.2.9,2022-02-17
-23.755936,-21.317091,10,EPI_ISL_14150915,Omicron,BA.2.12.1,2022-06-16
-29.967966,-25.880566,10,EPI_ISL_12659653,Omicron,BA.2.9,2022-04-24
-23.740227,-21.293705,10,EPI_ISL_13849255,Omicron,BA.2.12.1,2022-07-02
-30.022663,-25.880482,10,EPI_ISL_11783453,Omicron,XG,2022-03-25
-29.897657,-25.864765,10,EPI_ISL_12887557,Omicron,BA.2,2022-05-10
-30.061733,-25.966356,10,EPI_ISL_13188820,Omicron,BA.2,2022-05-09
-23.709196,-21.270372,10,EPI_ISL_12466263,Omicron,BA.2.12.1,2022-04-19
-23.685452,-21.246944,10,EPI_ISL_13256989,Omicron,BA.2.12.1,2022-06-03
-21.92781,-19.45777,10,EPI_ISL_13423518,Omicron,BA.2,2022-06-07
-29.93685,-25.755236,10,EPI_ISL_12118521,Omicron,BA.2,2022-03-24
-29.967953,-25.872618,10,EPI_ISL_15865068,Omicron,BA.2,2022-05-20
-23.66228,-21.238953,10,EPI_ISL_12503435,Omicron,BA.2.12.1,2022-04-16
-29.991425,-25.84157,10,EPI_ISL_12618707,Omicron,BA.2,2022-04-21
-30.100739,-25.966354,10,EPI_ISL_12828193,Omicron,BA.2,2022-05-16
-29.999146,-25.888313,10,EPI_ISL_12737191,Omicron,BA.2,2022-05-08
-29.991344,-25.888369,10,EPI_ISL_13208023,Omicron,BA.2.9.5,2022-05-22
-29.897587,-25.763494,10,EPI_ISL_13770162,Omicron,BA.2.9,2022-06-02
-21.701378,-19.262619,10,EPI_ISL_12891105,Omicron,BA.2.12.1,2022-05-17
-29.882084,-25.763447,10,EPI_ISL_12909097,Omicron,Unassigned,2022-05-12
-29.983498,-25.708796,10,EPI_ISL_13099860,Omicron,BA.2.9,2022-05-11
-29.929054,-25.771084,10,EPI_ISL_10536438,Omicron,BA.2.41,2022-02-19
-29.952354,-25.677319,10,EPI_ISL_12148233,Omicron,BA.2,2022-03-24
-30.00711,-25.911823,10,EPI_ISL_12096055,Omicron,BA.2,2022-04-10
-23.685808,-21.285984,10,EPI_ISL_13543855,Omicron,BA.2.12.1,2022-06-16
-29.952307,-25.864815,10,EPI_ISL_14043826,Omicron,BA.2,2022-07-18
-23.693375,-21.262615,10,EPI_ISL_13559126,Omicron,BA.2.12.1,2022-06-12
-23.873205,-21.4423,10,EPI_ISL_13255515,Omicron,BA.2.12.1,2022-05-26
-29.975824,-25.872612,10,EPI_ISL_10846199,Omicron,BA.2,2022-03-02
-29.991503,-25.778893,10,EPI_ISL_11478668,Omicron,BA.2,2022-03-14
-23.76372,-21.278078,10,EPI_ISL_13759322,Omicron,BA.2.12.1,2022-06-27
-29.882008,-25.849163,10,EPI_ISL_8136635,Omicron,BA.2,2021-12-16
-29.99897,-25.9194,10,EPI_ISL_12309277,Omicron,BA.2.3,2022-03-24
-30.061773,-25.927254,10,EPI_ISL_10845799,Omicron,BA.2,2022-03-03
-29.897682,-25.802256,10,EPI_ISL_13765922,Omicron,BA.2.3.1,2022-06-24
-21.677887,-19.239147,10,EPI_ISL_13469569,Omicron,BA.2.12.1,2022-06-09
-23.662346,-21.215763,10,EPI_ISL_13077135,Omicron,BA.2.12.1,2022-05-28
-28.725628,-24.802233,10,EPI_ISL_12644892,Omicron,BA.2,2022-04-13
-29.96026,-25.825768,10,EPI_ISL_9647555,Omicron,BA.2.10,2022-01-30
-30.13198,-25.981953,10,EPI_ISL_12650009,Omicron,BA.2,2022-04-16
-29.98354,-25.82586,10,EPI_ISL_13657281,Omicron,BA.2,2022-06-09
-23.69346,-21.254763,10,EPI_ISL_13098859,Omicron,BA.2.12.1,2022-05-23
-23.693638,-21.24689,10,EPI_ISL_13366131,Omicron,BA.2.12.1,2022-06-10
-29.975822,-25.841417,10,EPI_ISL_11741249,Omicron,BA.2,2022
-29.905403,-25.76324,10,EPI_ISL_11870649,Omicron,BA.2.10.1,2022-03-28
-29.952446,-25.90381,10,EPI_ISL_9167075,Omicron,BA.2,2022-01-20
-23.669968,-21.293941,10,EPI_ISL_13416407,Omicron,BA.2.12.1,2022-05-30
-29.913225,-25.903975,10,EPI_ISL_8927302,Omicron,BA.2,2022-01-12
-29.850803,-25.872604,10,EPI_ISL_8859929,Omicron,BA.2.10.1,2022-01-04
-29.936861,-25.990042,10,EPI_ISL_13588872,Omicron,BA.2.3,2022-06-03
-29.811863,-25.778904,10,EPI_ISL_11646238,Omicron,BA.2.3,2022-03-24
-30.038286,-25.911722,10,EPI_ISL_14539493,Omicron,Unassigned,2022-06-23
-29.944414,-25.794697,10,EPI_ISL_12165533,Omicron,BA.2,2022-04-13
-29.96798,-25.864902,10,EPI_ISL_14016248,Omicron,BA.2.3,2022-07-15
-30.014938,-25.89611,10,EPI_ISL_13066560,Omicron,BA.2,2022-05-13
-30.046082,-25.87246,10,EPI_ISL_9010510,Omicron,BA.2,2022-01-16
-30.022736,-25.857016,10,EPI_ISL_14735199,Omicron,BA.2.3.1,2022-07-16
-30.045954,-25.84149,10,EPI_ISL_8381794,Omicron,BA.2,2021-12-23
-29.967781,-25.841366,10,EPI_ISL_11401045,Omicron,BA.2,2022-03-15
-28.483461,-24.646122,10,EPI_ISL_13403857,Omicron,Unassigned,2022-06-06
-29.968002,-25.880302,10,EPI_ISL_11244260,Omicron,BA.2,2022-02-28
-29.95233,-25.95075,10,EPI_ISL_12211796,Omicron,BA.2,2022-04-14
-23.779396,-21.356493,10,EPI_ISL_13116124,Omicron,BA.2.12.1,2022-05-17
-22.07631,-19.606308,10,EPI_ISL_13352754,Omicron,BA.2.12.1,2022-06-07
-30.046022,-25.919527,10,EPI_ISL_12694109,Omicron,BA.2.23,2022-05-06
-29.99134,-25.90393,10,EPI_ISL_10241856,Omicron,BA.2,2022-02-16
-30.006985,-25.856865,10,EPI_ISL_13332992,Omicron,BA.2,2022-05-24
-29.97576,-25.872791,10,EPI_ISL_13363603,Omicron,BA.2,2022-05-01
-29.944279,-25.927315,10,EPI_ISL_9623622,Omicron,BA.2.3.15,2022-02-01
-29.95238,-25.849161,10,EPI_ISL_9902011,Omicron,BA.2.9,2022-02-07
-29.889874,-25.817867,10,EPI_ISL_13485168,Omicron,BA.2.48,2022-06-07
-23.67008,-21.23142,10,EPI_ISL_13291196,Omicron,BA.2.12.1,2022-05-29
-30.147491,-25.966312,10,EPI_ISL_13457683,Omicron,BA.2.42,2022-05-26
-28.780287,-24.661636,10,EPI_ISL_12934669,Omicron,BA.2.37,2022-05-13
-23.701271,-21.262636,10,EPI_ISL_13607155,Omicron,BA.2.12.1,2022-06-01
-30.077337,-25.903833,10,EPI_ISL_12189883,Omicron,BA.2.9,2022-04-06
-23.67777,-21.262379,10,EPI_ISL_12499931,Omicron,BA.2.12.1,2022-04-12
-29.967869,-25.864786,10,EPI_ISL_10349233,Omicron,BA.2,2022-02-20
-29.93652,-25.802559,10,EPI_ISL_11279424,Omicron,BA.2,2022-03-14
-23.748116,-21.27821,10,EPI_ISL_13856926,Omicron,BA.2.12.1,2022-06-15
-30.10841,-25.9742,10,EPI_ISL_9450864,Omicron,BA.2.9,2022-01-25
-30.06168,-25.943047,10,EPI_ISL_12886574,Omicron,BA.2,2022-05-09
-23.701244,-21.262676,10,EPI_ISL_13646318,Omicron,BA.2.12.1,2022-06-22
-29.897522,-25.763124,10,EPI_ISL_12727890,Omicron,BA.2,2022-04
-29.99922,-25.880322,10,EPI_ISL_12537002,Omicron,BA.2,2022-04-19
-29.819641,-25.622707,10,EPI_ISL_11831474,Omicron,BA.2,2022-03-31
-30.014654,-25.763096,10,EPI_ISL_12557020,Omicron,BA.2,2022-04-27
-29.983519,-25.849249,10,EPI_ISL_14631949,Omicron,BA.2,2022-03-27
-29.827412,-25.755447,10,EPI_ISL_9173659,Omicron,BA.2.3,2022-01-20
-29.967941,-25.786783,10,EPI_ISL_13854465,Omicron,BA.2.9,2022-07-04
-21.450823,-19.012716,10,EPI_ISL_11281171,Omicron,BA.2,2022-03-15
-29.936687,-25.857048,10,EPI_ISL_13559310,Omicron,BA.2,2022-06-15
-29.827215,-25.73987,10,EPI_ISL_10096952,Omicron,BA.2,2022-02-11
-23.677826,-21.231594,10,EPI_ISL_13702506,Omicron,BA.2.12.1,2022-06-22
-29.967808,-25.896118,10,EPI_ISL_12231690,Omicron,Unassigned,2022-04-08
-23.69349,-21.262434,10,EPI_ISL_15241483,Omicron,BA.2.12.1,2022-06-08
-29.944504,-25.818035,10,EPI_ISL_14394067,Omicron,BA.2,2022-07-15
-30.053988,-25.71639,10,EPI_ISL_10257508,Omicron,BA.2.10,2022-02-05
-29.757008,-25.896116,10,EPI_ISL_13012923,Omicron,BA.2,2022-05-16
-30.022743,-25.872665,10,EPI_ISL_12967325,Omicron,BA.2.3.6,2022-04-27
-28.538134,-24.505352,10,EPI_ISL_13067836,Omicron,BA.2.36,2022-05-27
-29.936707,-25.78687,10,EPI_ISL_11775283,Omicron,BA.2.9,2022-03-26
-29.92098,-25.755516,10,EPI_ISL_9454359,Omicron,BA.2,2022-01-24
-23.654442,-21.309628,10,EPI_ISL_13506765,Omicron,BA.2.12.1,2022-06-07
-29.905388,-25.778835,10,EPI_ISL_16050008,Omicron,BA.2,2022-05-18
-29.95251,-25.84142,10,EPI_ISL_13795762,Omicron,BA.2,2022-07-08
-30.022573,-25.856846,10,EPI_ISL_12165912,Omicron,BA.2,2022-04-06
-29.936682,-25.880474,10,EPI_ISL_14118167,Omicron,BA.2.72,2022-06-10
-28.811604,-24.78669,10,EPI_ISL_12918664,Omicron,BA.2,2022-05-09
-30.00688,-25.857069,10,EPI_ISL_12909567,Omicron,Unassigned,2022-05-09
-23.670044,-21.23145,10,EPI_ISL_13310052,Omicron,BA.2.12.1,2022-05-31
-29.983593,-25.708567,10,EPI_ISL_14114060,Omicron,BA.2.3.1,2022-06-03
-28.740993,-24.59913,10,EPI_ISL_12839402,Omicron,BA.2.3,2022-05-05
-30.139818,-25.997663,10,EPI_ISL_12583902,Omicron,BA.2,2022-04-07
-29.928848,-25.810186,10,EPI_ISL_11309071,Omicron,BA.2.55,2022-03-15
-30.01488,-25.8883,10,EPI_ISL_12117585,Omicron,BA.2,2022-04-06
-29.944628,-25.755346,10,EPI_ISL_13107721,Omicron,BA.2,2022-05-24
-29.967989,-25.85699,10,EPI_ISL_13031182,Omicron,BA.2.36,2022-05-16
-30.092974,-25.8337,10,EPI_ISL_12317475,Omicron,BA.2,2022-04-21
-30.069275,-26.005478,10,EPI_ISL_12920459,Omicron,BA.2,2022-05-17
-29.920973,-25.810247,10,EPI_ISL_11581385,Omicron,BA.2,2022-02-28
-29.913391,-25.872875,10,EPI_ISL_11867490,Omicron,BA.2,2022-03-17
-30.100697,-25.92722,10,EPI_ISL_11419581,Omicron,BA.2,2022-03-16
-29.889805,-25.802212,10,EPI_ISL_11547224,Omicron,BA.2,2022-03-21
-28.42883,-24.552168,10,EPI_ISL_12449627,Omicron,BA.2,2022-04-25
-29.8507,-25.818005,10,EPI_ISL_13614452,Omicron,BA.2.3,2022-05-15
-29.92892,-25.825668,10,EPI_ISL_10009650,Omicron,BA.2,2022-01-27
-29.90551,-25.771236,10,EPI_ISL_14441257,Omicron,BA.2.9.7,2022-07-07
-30.046024,-25.833464,10,EPI_ISL_11741313,Omicron,BA.2,2022
-23.716682,-21.285904,10,EPI_ISL_17619354,Omicron,BA.2.12.1,2022-05-18
-29.975592,-25.817904,10,EPI_ISL_9651149,Omicron,BA.2.10,2022-02-02
-30.03035,-25.755451,10,EPI_ISL_13015702,Omicron,BA.2.36,2022-05-20
-28.280018,-24.419386,10,EPI_ISL_13177067,Omicron,BA.2,2022-05-29
-29.874134,-26.044525,10,EPI_ISL_10811995,Omicron,BA.2.9,2022-03-01
-30.030443,-25.903936,10,EPI_ISL_14074996,Omicron,BA.2.73,2022-07-05
-29.967941,-25.935204,10,EPI_ISL_12675535,Omicron,BA.2,2022-04-29
-29.936558,-25.849075,10,EPI_ISL_14999341,Omicron,BA.2,2022
-29.866375,-25.708569,10,EPI_ISL_11540152,Omicron,BA.2.2,2022-03-21
-29.960184,-25.903837,10,EPI_ISL_12319915,Omicron,BA.2,2022-04-01
-29.897612,-25.825748,10,EPI_ISL_12282872,Omicron,BA.2,2022-04-18
-23.732573,-21.231487,10,EPI_ISL_14286754,Omicron,BA.2.12.1,2022-06-28
-29.921059,-25.7789,10,EPI_ISL_13056388,Omicron,BA.2,2022-05-24
-29.827322,-25.856857,10,EPI_ISL_14079174,Omicron,BA.2.71,2022-07-07
-29.881828,-25.732018,10,EPI_ISL_11007267,Omicron,BA.2,2022-02-22
-29.858482,-25.934805,10,EPI_ISL_13283652,Omicron,BA.2,2022-05-30
-23.701168,-21.286074,10,EPI_ISL_13097603,Omicron,Unassigned,2022-05-22
-29.98378,-25.849209,10,EPI_ISL_13223925,Omicron,BA.2.36,2022-06-03
-29.959988,-25.927296,10,EPI_ISL_12384645,Omicron,BA.2,2022-04-03
-30.030472,-25.864666,10,EPI_ISL_10734092,Omicron,BA.2,2022-02-26
-29.850834,-25.77098,10,EPI_ISL_13409263,Omicron,BA.2,2022-05-30
-29.92106,-25.888474,10,EPI_ISL_12769081,Omicron,BA.2,2022-05-11
-30.124176,-25.935013,10,EPI_ISL_12943065,Omicron,BA.2.3.1,2022-03-29
-23.701342,-21.278278,10,EPI_ISL_13395164,Omicron,BA.2.12.1,2022-06-02
-29.960377,-25.794575,10,EPI_ISL_11446440,Omicron,BA.2,2022-03-14
-29.97564,-25.817966,10,EPI_ISL_10537868,Omicron,BA.2.10,2022-02-19
-29.952332,-25.849155,10,EPI_ISL_14297304,Omicron,Unassigned,2022-07-22
-30.006844,-25.755306,10,EPI_ISL_13113225,Omicron,BA.2.9,2022-05-25
-30.00703,-25.794657,10,EPI_ISL_12095821,Omicron,BA.2,2022-04-11
-29.874168,-25.7476,10,EPI_ISL_12710396,Omicron,BA.2,2022-04-27
-23.748064,-21.317215,10,EPI_ISL_12572631,Omicron,BA.2.12.1,2022-04-19
-30.022493,-25.833511,10,EPI_ISL_12113242,Omicron,BA.2.1,2022-04-01
-23.654356,-21.223595,10,EPI_ISL_13888625,Omicron,BA.2.12.1,2022-07-07
-29.975834,-25.833622,10,EPI_ISL_13620973,Omicron,BA.2.9,2022-06-24
-30.022745,-25.91185,10,EPI_ISL_12408499,Omicron,BA.2,2022-04-19
-29.95999,-25.810228,10,EPI_ISL_10015225,Omicron,BA.2,2022-02-12
-29.952312,-25.849182,10,EPI_ISL_8926255,Omicron,BA.2,2022-01-15
-23.654333,-21.200094,10,EPI_ISL_14056830,Omicron,BA.2.12.1,2022-07-05
-29.90556,-26.013329,10,EPI_ISL_12503352,Omicron,BA.2,2022-04-15
-30.163229,-25.810162,10,EPI_ISL_11366103,Omicron,BA.2.3,2022-02-14
-30.07735,-25.958508,10,EPI_ISL_16411047,Omicron,BA.2,2022-02-23
-29.874107,-25.778587,10,EPI_ISL_9068148,Omicron,BA.2,2022-01-13
-29.952156,-25.794601,10,EPI_ISL_16411106,Omicron,BA.2,2022-04-18
-23.685663,-21.25465,10,EPI_ISL_13541472,Omicron,BA.2.12.1,2022-06-12
-29.983454,-25.896101,10,EPI_ISL_15858485,Omicron,BA.2,2022-03-15
-29.92883,-25.739931,10,EPI_ISL_11710151,Omicron,BA.2.3.1,2022-02-12
-29.952345,-25.763306,10,EPI_ISL_12291988,Omicron,BA.2,2022-04-11
-30.147547,-25.864712,10,EPI_ISL_14125343,Omicron,BA.2.3.18,2022-06-16
-29.920925,-25.82565,10,EPI_ISL_14108791,Omicron,BA.2.3.1,2022-05-20
-30.046175,-25.911785,10,EPI_ISL_12589972,Omicron,BA.2.3.15,2022-04-26
-23.701227,-21.25481,10,EPI_ISL_12450554,Omicron,BA.2.12.1,2022-04-19
-30.0383,-25.771221,10,EPI_ISL_12986494,Omicron,BA.2.10.2,2022-04-17
-30.061657,-25.942938,10,EPI_ISL_14227311,Omicron,Unassigned,2022
-29.968098,-25.833538,10,EPI_ISL_12910472,Omicron,Unassigned,2022-05-08
-30.007029,-25.864723,10,EPI_ISL_12456919,Omicron,BA.2,2022-04-22
-29.936687,-25.857155,10,EPI_ISL_11481149,Omicron,BA.2,2022-02-18
-23.724752,-21.285975,10,EPI_ISL_13809759,Omicron,BA.2.12.1,2022-06-29
-29.632046,-25.677258,10,EPI_ISL_12428797,Omicron,BA.2,2022-04-22
-23.732435,-21.286077,10,EPI_ISL_13080624,Omicron,BA.2.12.1,2022-05-23
-30.014648,-25.888191,10,EPI_ISL_11263070,Omicron,BA.2,2022-02-27
-30.022497,-25.989904,10,EPI_ISL_10635653,Omicron,BA.2,2022-02-24
-29.921198,-25.770927,10,EPI_ISL_10148876,Omicron,BA.2.10,2022-01-27
-23.70924,-21.293877,10,EPI_ISL_13525556,Omicron,BA.2.12.1,2022-06-08
-30.00709,-25.841238,10,EPI_ISL_10813022,Omicron,BA.2,2022-02-22
-29.91319,-25.927343,10,EPI_ISL_13858935,Omicron,BA.2.2,2022-02-19
-29.819637,-25.802486,10,EPI_ISL_9779438,Omicron,BA.2.10,2022-01-12
-29.858555,-25.708502,10,EPI_ISL_8700569,Omicron,BA.2.9,2022-01-07
-28.358511,-24.560196,10,EPI_ISL_13778679,Omicron,BA.2.9,2022-06-02
-29.772509,-25.661566,10,EPI_ISL_9904971,Omicron,BA.2.9,2022-02-01
-29.91316,-25.833519,10,EPI_ISL_13100377,Omicron,BA.2,2022-05-18
-29.999228,-25.786846,10,EPI_ISL_11263323,Omicron,BA.2.2,2022-03-13
-23.787237,-21.33299,10,EPI_ISL_13864322,Omicron,BG.2,2022-07-03
-30.022633,-25.841478,10,EPI_ISL_12512922,Omicron,BA.2.3,2022-04-21
-29.944542,-25.786499,10,EPI_ISL_10206196,Omicron,BA.2,2022-02-15
-23.756107,-21.301605,10,EPI_ISL_13406889,Omicron,BA.2,2022-05-30
-23.81854,-21.395359,10,EPI_ISL_14594933,Omicron,BA.2.12.1,2022-07-21
-21.802883,-19.33289,10,EPI_ISL_13305620,Omicron,BA.2.12.1,2022-06-02
-29.85852,-25.927505,10,EPI_ISL_12658071,Omicron,BA.2,2022-05-09
-29.983408,-25.810139,10,EPI_ISL_12475912,Omicron,BA.2.9.3,2022-04-27
-30.077171,-25.91942,10,EPI_ISL_10524719,Omicron,BA.2.10,2022-02-08
-29.983389,-25.818111,10,EPI_ISL_11185670,Omicron,BA.2,2022-03-11
-30.038258,-25.89601,10,EPI_ISL_11656190,Omicron,BA.2,2022-03-23
-30.006954,-25.87257,10,EPI_ISL_11554911,Omicron,BA.2,2022-03-21
-23.685488,-21.278229,10,EPI_ISL_13640777,Omicron,BA.2.12.1,2022-06-13
-29.78846,-25.989813,10,EPI_ISL_12286342,Omicron,BA.2,2022-04-18
-22.107395,-19.661007,10,EPI_ISL_14338914,Omicron,BA.2.12.1,2022-06-05
-30.061562,-25.864931,10,EPI_ISL_13964180,Omicron,BA.2.3,2022-07-06
-22.427555,-19.981403,10,EPI_ISL_13725256,Omicron,BA.2.12.1,2022-06-18
-30.069462,-25.74751,10,EPI_ISL_10681925,Omicron,BA.2.10,2022-02-14
-29.9837,-25.872704,10,EPI_ISL_10319108,Omicron,BA.2,2022-02-18
-30.03827,-25.888332,10,EPI_ISL_13276233,Omicron,BA.2,2022-05-31
-29.96021,-25.857052,10,EPI_ISL_11444335,Omicron,BA.2.3,2022-03-21
-29.944378,-25.794514,10,EPI_ISL_12280624,Omicron,BA.2.36,2022-04-20
-23.693493,-21.24711,10,EPI_ISL_13160404,Omicron,BA.2.12.1,2022-05-19
-29.983454,-25.896034,10,EPI_ISL_14112007,Omicron,BA.2.3.1,2022-06-02
-29.975744,-25.997475,10,EPI_ISL_11114788,Omicron,BA.2.9,2022-03-10
-30.014816,-25.833725,10,EPI_ISL_13795601,Omicron,BA.2.9,2022-06-27
-30.007065,-25.825718,10,EPI_ISL_11664330,Omicron,BA.2.3.15,2022-03-22
-23.685484,-21.239105,10,EPI_ISL_15244141,Omicron,BA.2.12.1,2022-06-23
-28.678787,-24.638208,10,EPI_ISL_12870698,Omicron,BA.2,2022-05-09
-29.991354,-25.864834,10,EPI_ISL_13892975,Omicron,BA.2,2022-06-02
-29.819508,-25.685148,10,EPI_ISL_11396005,Omicron,BA.2,2022-03-16
-23.693285,-21.254784,10,EPI_ISL_13114303,Omicron,BA.2.12.1,2022-05-24
-29.850718,-26.044641,10,EPI_ISL_9011381,Omicron,BA.2.9,2022-01-14
-30.006786,-25.888466,10,EPI_ISL_12185229,Omicron,BA.2.12,2022-03-24
-29.967873,-25.841269,10,EPI_ISL_13914062,Omicron,BA.2,2022-06-14
-29.913303,-25.786469,10,EPI_ISL_11381431,Omicron,BA.2,2022-03-17
-29.921017,-25.864897,10,EPI_ISL_13366692,Omicron,BA.2.36,2022-06-12
-23.685514,-21.25487,10,EPI_ISL_13742705,Omicron,BA.2.12.1,2022-06-24
-29.975725,-25.88052,10,EPI_ISL_10096467,Omicron,BA.2,2022-02-13
-29.944685,-25.818054,10,EPI_ISL_10506221,Omicron,BA.2,2022-02-22
-29.99133,-25.83358,10,EPI_ISL_9123260,Omicron,BA.2,2022-01-17
-29.897764,-25.771156,10,EPI_ISL_15479044,Omicron,Unassigned,2022-07-14
-30.030312,-25.895998,10,EPI_ISL_12433567,Omicron,BA.2,2022-04-18
-30.053782,-25.770947,10,EPI_ISL_11919649,Omicron,BA.2,2022-03-29
-28.186245,-24.310059,10,EPI_ISL_12122663,Omicron,BA.2,2022-04-11
-30.030657,-25.857079,10,EPI_ISL_13381334,Omicron,BA.2,2022-06-09
-29.944473,-25.778915,10,EPI_ISL_12850139,Omicron,BA.2.37,2022-05-02
-23.677969,-21.23906,10,EPI_ISL_12711496,Omicron,BA.2.12.1,2022-05-02
-29.975748,-25.880384,10,EPI_ISL_12139280,Omicron,BA.2,2022-04-09
-29.764668,-25.989819,10,EPI_ISL_15683580,Omicron,BA.2.2,2022-07-20
-30.046135,-25.888283,10,EPI_ISL_13895243,Omicron,BA.2,2022-04-01
-29.858658,-25.771233,10,EPI_ISL_16239479,Omicron,BA.2,2022-06-02
-23.708977,-21.301584,10,EPI_ISL_15142015,Omicron,BA.2.12.1,2022-04-20
-29.827389,-25.919428,10,EPI_ISL_12836969,Omicron,BA.2,2022-04-14
-29.881966,-25.78653,10,EPI_ISL_12844638,Omicron,BA.2,2022-05-02
-29.881914,-25.770967,10,EPI_ISL_11904744,Omicron,BA.2,2022-03-31
-23.685652,-21.254707,10,EPI_ISL_13543158,Omicron,BA.2.12.1,2022-06-14
-29.850828,-25.653929,10,EPI_ISL_11770757,Omicron,BA.2,2022-03-29
-30.022566,-25.771194,10,EPI_ISL_12895819,Omicron,BA.2,2022-05-10
-29.944578,-25.880444,10,EPI_ISL_9779455,Omicron,BA.2.10.1,2022-01-16
-30.022614,-25.896118,10,EPI_ISL_9163783,Omicron,BA.2.9,2022-01-20
-29.96,-25.817926,10,EPI_ISL_15680569,Omicron,BA.2.2,2022-08-30
-29.967817,-25.833494,10,EPI_ISL_14103194,Omicron,BA.2,2022-04-19
-29.975817,-25.857122,10,EPI_ISL_12490305,Omicron,BA.2,2022-04-27
-29.93664,-25.919647,10,EPI_ISL_9651115,Omicron,BA.2,2022-02-03
-23.70132,-21.262648,10,EPI_ISL_13581265,Omicron,BA.2.12.1,2022-06-17
-30.069557,-25.927452,10,EPI_ISL_13205083,Omicron,BA.2.29,2022-05-06
-29.881994,-25.80235,10,EPI_ISL_14491271,Omicron,BA.2.3,2022-07-09
-30.061615,-25.935266,10,EPI_ISL_13197227,Omicron,BA.2,2022-05-26
-29.975641,-25.872639,10,EPI_ISL_10643796,Omicron,BA.2,2022-02-24
-29.920898,-25.739716,10,EPI_ISL_15252517,Omicron,BA.2,2022-05-09
-23.724764,-21.278141,10,EPI_ISL_13902022,Omicron,BA.2.12.1,2022-06-27
-30.030447,-25.817907,10,EPI_ISL_13636031,Omicron,BA.2,2022-06-10
-23.732454,-21.285984,10,EPI_ISL_12599357,Omicron,BA.2.12.1,2022-04-26
-30.053913,-25.904076,10,EPI_ISL_11786549,Omicron,BA.2,2022-03-28
-23.599695,-21.192383,10,EPI_ISL_13433032,Omicron,BA.2.12.1,2022-06-04
-23.662233,-21.215809,10,EPI_ISL_13505203,Omicron,BA.2.12.1,2022-06-16
-23.709145,-21.285862,10,EPI_ISL_13585378,Omicron,BA.2.12.1,2022-06-19
-21.670132,-19.246864,10,EPI_ISL_12664882,Omicron,BA.2.12.1,2022-04-21
-23.71681,-21.27042,10,EPI_ISL_13312337,Omicron,BA.2.12.1,2022-05-20
-30.093067,-25.950806,10,EPI_ISL_10920302,Omicron,BA.2,2022-03-04
-29.975716,-25.825785,10,EPI_ISL_14190060,Omicron,BA.2.3.7,2022-05-05
-29.96794,-25.880377,10,EPI_ISL_13181710,Omicron,BA.2,2022-05-01
-29.999146,-25.849174,10,EPI_ISL_10095604,Omicron,BA.2.9,2022-02-11
-23.677933,-21.247005,10,EPI_ISL_12922683,Omicron,BA.2.12.1,2022-05-10
-23.709217,-21.215704,10,EPI_ISL_16035633,Omicron,BA.2.12.1,2022-06-14
-23.677616,-21.223467,10,EPI_ISL_12502328,Omicron,BA.2.12.1,2022-04-24
-30.01474,-25.794395,10,EPI_ISL_11466373,Omicron,BA.2,2022-03-07
-29.749176,-25.716415,10,EPI_ISL_13472675,Omicron,Unassigned,2022-05-29
-29.905518,-25.786837,10,EPI_ISL_12793024,Omicron,Unassigned,2022-04-27
-23.693424,-21.2392,10,EPI_ISL_12885902,Omicron,BA.2.12.1,2022-05-09
-29.163174,-25.333582,10,EPI_ISL_10462154,Omicron,BA.2,2022-02-21
-29.983639,-25.802464,10,EPI_ISL_11030076,Omicron,BA.2,2022-03-08
-29.967949,-25.84911,10,EPI_ISL_10065300,Omicron,BA.2,2022-02-10
-28.366129,-24.536755,10,EPI_ISL_14916651,Omicron,BA.2,2022-08-29
-30.061644,-25.857096,10,EPI_ISL_13324196,Omicron,BA.2,2022-05-30
-23.669983,-21.23909,10,EPI_ISL_13724934,Omicron,BA.2.12.1,2022-06-04
-29.983477,-25.833685,10,EPI_ISL_12865784,Omicron,BA.2.73,2022-04-29
-29.90541,-25.724016,10,EPI_ISL_10808345,Omicron,BA.2.9,2022-03-02
-23.834238,-21.395397,10,EPI_ISL_13227059,Omicron,BA.2.12.1,2022-05-22
-29.866344,-25.76321,10,EPI_ISL_13826515,Omicron,BA.2,2022-06-15
-29.835165,-25.661745,10,EPI_ISL_10983491,Omicron,BA.2.9,2022-03-05
-30.007153,-25.87249,10,EPI_ISL_10345228,Omicron,BA.2.3,2022-02-14
-23.779522,-21.231342,10,EPI_ISL_13364754,Omicron,BA.2.12.1,2022-05-27
-30.030529,-25.864855,10,EPI_ISL_9131596,Omicron,BA.2,2022-01-18
-29.897594,-25.880468,10,EPI_ISL_12995910,Omicron,BA.2,2022-05-16
-29.929054,-25.825844,10,EPI_ISL_11463304,Omicron,BA.2,2022-03-04
-28.139507,-24.302263,10,EPI_ISL_11354596,Omicron,BA.2,2022-03-10
-30.007055,-25.888329,10,EPI_ISL_9840596,Omicron,BA.2.10.1,2022-02-06
-29.920992,-25.833576,10,EPI_ISL_12145123,Omicron,BA.2,2022-03-12
-28.498972,-24.54451,10,EPI_ISL_12137402,Omicron,BA.2,2022-04-08
-21.857342,-19.426624,10,EPI_ISL_13333016,Omicron,BA.2.12.1,2022-05-12
-29.9446,-25.661688,10,EPI_ISL_10483986,Omicron,BA.2,2022-02-15
-29.967894,-25.85711,10,EPI_ISL_11806231,Omicron,BA.2,2022-03-30
-23.677746,-21.238998,10,EPI_ISL_13464251,Omicron,BA.2.12.1,2022-06-05
-30.038187,-25.966381,10,EPI_ISL_14612078,Omicron,BA.2,2022-07-01
-23.717026,-21.278227,10,EPI_ISL_12926264,Omicron,BA.2.12.1,2022-05-12
-22.482422,-20.020256,10,EPI_ISL_12621901,Omicron,BA.2.12.1,2022-04-27
-28.436615,-24.521172,10,EPI_ISL_13501531,Omicron,BA.2,2022-06-17
-29.81175,-25.747631,10,EPI_ISL_13190357,Omicron,BA.2,2022-05-29
-29.99931,-25.888203,10,EPI_ISL_13945522,Omicron,BA.2,2022-07-06
-29.850775,-25.88061,10,EPI_ISL_12870291,Omicron,BA.2,2022-05-13
-29.991306,-25.872604,10,EPI_ISL_9742545,Omicron,BA.2.9,2022-02-02
-29.983446,-25.919584,10,EPI_ISL_12019134,Omicron,BA.2.9,2022-04-04
-29.069355,-24.903913,10,EPI_ISL_11317064,Omicron,BA.2.9,2022-03-17
-29.91332,-25.818104,10,EPI_ISL_12533224,Omicron,BA.2.51,2022-04-23
-23.64677,-21.262657,10,EPI_ISL_13581393,Omicron,BA.2.12.1,2022-06-17
-30.03834,-25.87262,10,EPI_ISL_13372350,Omicron,BA.2.41,2022-06-08
-29.803932,-25.700792,10,EPI_ISL_12606962,Omicron,BA.2,2022-05-03
-29.944546,-25.716444,10,EPI_ISL_12111943,Omicron,BA.2.10,2022-03-28
-30.108576,-25.935394,10,EPI_ISL_9997240,Omicron,BA.2,2022-02-10
-29.90539,-25.763266,10,EPI_ISL_13458720,Omicron,BA.2,2022-06-07
-29.905333,-25.739899,10,EPI_ISL_9064035,Omicron,BA.2,2022-01-16
-23.747965,-21.301493,10,EPI_ISL_13914625,Omicron,BA.2.12.1,2022-07-03
-30.014793,-25.810055,10,EPI_ISL_13139732,Omicron,Unassigned,2022-05-20
-29.97564,-25.864904,10,EPI_ISL_12419321,Omicron,BA.2.43,2022-04-16
-23.654533,-21.231297,10,EPI_ISL_13848370,Omicron,BA.2.12.1,2022-06-30
-23.615242,-21.192295,10,EPI_ISL_12886080,Omicron,BA.2.12.1,2022-05-09
-29.983765,-25.856958,10,EPI_ISL_10987713,Omicron,BA.2,2022-03-07
-29.952415,-25.857025,10,EPI_ISL_11636610,Omicron,BA.2,2022-03-25
-29.983543,-25.825798,10,EPI_ISL_13864919,Omicron,BA.2.14,2022-06-04
-29.960178,-25.841536,10,EPI_ISL_12125328,Omicron,BA.2,2022-04-10
-28.272545,-24.481974,10,EPI_ISL_12514688,Omicron,BA.2,2022-04-29
-30.046146,-25.888287,10,EPI_ISL_11596475,Omicron,BA.2,2022-03-22
-29.866358,-25.786777,10,EPI_ISL_11388598,Omicron,BA.2,2022-03-18
-29.897602,-25.84927,10,EPI_ISL_12704448,Omicron,BA.2,2022-05-10
-29.967989,-25.692898,10,EPI_ISL_10246384,Omicron,BA.2,2022-02-14
-29.944572,-25.8491,10,EPI_ISL_9689691,Omicron,BA.2,2022
-30.014837,-25.872784,10,EPI_ISL_9868386,Omicron,BA.2,2022-02-06
-29.944407,-25.794516,10,EPI_ISL_12018243,Omicron,BA.2.12,2022-04-05
-29.936775,-25.817894,10,EPI_ISL_12113444,Omicron,BA.2.47,2022-04-01
-29.991373,-25.849133,10,EPI_ISL_13575717,Omicron,BA.2,2022-05-09
-29.983522,-25.77101,10,EPI_ISL_12948268,Omicron,BA.2.3,2022-04-05
-29.983644,-25.833658,10,EPI_ISL_11774375,Omicron,BA.2,2022-03-26
-29.921112,-25.841438,10,EPI_ISL_9652028,Omicron,BA.2,2022-01-30
-30.046005,-25.88805,10,EPI_ISL_13621868,Omicron,BA.2.48,2022-06-17
-29.99905,-25.87268,10,EPI_ISL_10059277,Omicron,BA.2,2022-02-09
-29.975662,-25.864883,10,EPI_ISL_12089669,Omicron,BA.2.9,2022-04-03
-23.70123,-21.25483,10,EPI_ISL_13151744,Omicron,BA.2.12.1,2022-05-23
-29.98344,-25.841404,10,EPI_ISL_11186635,Omicron,BA.2,2022-03-11
-30.046059,-25.771042,10,EPI_ISL_14749036,Omicron,BA.2.10,2022-01-28
-30.077223,-25.927505,10,EPI_ISL_13135173,Omicron,BA.2,2022-05-25
-29.967945,-25.794561,10,EPI_ISL_12772431,Omicron,BA.2,2022-05-11
-29.850746,-25.708656,10,EPI_ISL_11701374,Omicron,BA.2,2022-03-26
-30.030304,-25.895985,10,EPI_ISL_12470061,Omicron,BA.2,2022-04-25
-29.819426,-25.872663,10,EPI_ISL_12571895,Omicron,BA.2.3,2022-04-25
-23.77162,-21.40311,10,EPI_ISL_12302292,Omicron,BA.2.12.1,2022-04-11
-29.84301,-25.825853,10,EPI_ISL_13244449,Omicron,BA.2,2022-05-31
-23.701298,-21.239174,10,EPI_ISL_13726333,Omicron,BA.2.12.1,2022-06-17
-23.701313,-21.270378,10,EPI_ISL_13529874,Omicron,BA.2.12.1,2022-06-11
-29.850815,-25.771002,10,EPI_ISL_12014196,Omicron,BA.2,2022-04-05
-23.677862,-21.23925,10,EPI_ISL_13315188,Omicron,BA.2.12.1,2022-06-02
-30.085258,-25.935051,10,EPI_ISL_12013783,Omicron,BA.2.36,2022-03-30
-29.983624,-25.872711,10,EPI_ISL_9123147,Omicron,BA.2,2022-01-20
-29.311302,-25.177294,10,EPI_ISL_12237226,Omicron,BA.2.36,2022-04-15
-29.9523,-25.872747,10,EPI_ISL_12423961,Omicron,BA.2,2022-03-30
-23.670029,-21.239246,10,EPI_ISL_13862109,Omicron,BA.2.12.1,2022-06-23
-21.450596,-19.012646,10,EPI_ISL_13254158,Omicron,BA.2.10,2022-05-31
-29.97561,-25.809986,10,EPI_ISL_11628205,Omicron,BA.2,2022-03-17
-23.677841,-21.239063,10,EPI_ISL_13218880,Omicron,BA.2.12.1,2022-05-25
-29.967804,-25.911587,10,EPI_ISL_11692074,Omicron,BA.2.23,2022-03-26
-29.897453,-25.85702,10,EPI_ISL_9789198,Omicron,BA.2,2022-02-04
-30.022615,-25.888416,10,EPI_ISL_10519648,Omicron,BA.2,2022-02-23
-29.975733,-25.794577,10,EPI_ISL_11665029,Omicron,BA.2.9,2022-03-14
-30.092735,-25.919453,10,EPI_ISL_10924972,Omicron,BA.2,2022-03-04
-29.960117,-25.78674,10,EPI_ISL_13096642,Omicron,Unassigned,2022-05-19
-29.952332,-25.802296,10,EPI_ISL_11046096,Omicron,BA.2.10.1,2022-02-21
-29.81937,-25.65406,10,EPI_ISL_12960473,Omicron,BA.2,2022-04-27
-29.85066,-25.849237,10,EPI_ISL_12805554,Omicron,BA.2.10.1,2022-05-10
-30.06941,-25.81785,10,EPI_ISL_11270762,Omicron,BA.2,2022-03-14
-30.053873,-25.943064,10,EPI_ISL_12672453,Omicron,BA.2,2022-04-27
-29.835094,-25.927275,10,EPI_ISL_13577993,Omicron,BA.2.42,2022-06-10
-22.357601,-20.03604,10,EPI_ISL_12597358,Omicron,BA.2.12.1,2022-04-22
-29.86624,-25.880356,10,EPI_ISL_12256280,Omicron,BA.2.3,2022-04-14
-29.928873,-25.724186,10,EPI_ISL_12452006,Omicron,BA.2,2022-04-04
-29.921177,-25.841576,10,EPI_ISL_11467011,Omicron,BA.2,2022-03-07
-30.030518,-25.81789,10,EPI_ISL_13200340,Omicron,BA.2.3,2022-05-16
-23.654608,-21.215858,10,EPI_ISL_13135733,Omicron,BA.2.12.1,2022-04-25
-29.975655,-25.841482,10,EPI_ISL_12095453,Omicron,BA.2,2022-04-10
-29.944342,-25.786528,10,EPI_ISL_12201640,Omicron,BA.2,2022-03-31
-29.772526,-25.716362,10,EPI_ISL_14130411,Omicron,BA.2,2022-07-01
-29.850918,-25.716549,10,EPI_ISL_12808548,Omicron,BA.2.23,2022-05-06
-23.740452,-21.301586,10,EPI_ISL_13336494,Omicron,BA.2.12.1,2022-05-24
-23.71687,-21.278229,10,EPI_ISL_13058389,Omicron,BA.2.12.1,2022-05-16
-30.006733,-25.833685,10,EPI_ISL_13904271,Omicron,BA.2,2022-04-12
-30.11636,-25.77872,10,EPI_ISL_13778550,Omicron,BA.2.9.3,2022-06-15
-29.327328,-24.982079,10,EPI_ISL_11738939,Omicron,BA.2,2022
-29.866259,-25.857,10,EPI_ISL_10205969,Omicron,BA.2,2022-02-15
-30.014751,-25.841404,10,EPI_ISL_11875383,Omicron,Unassigned,2022-03-27
-29.850613,-25.83354,10,EPI_ISL_11345779,Omicron,BA.2,2022-03-18
-23.678009,-21.254656,10,EPI_ISL_14246413,Omicron,BA.2.12.1,2022-07-05
-23.654476,-21.231293,10,EPI_ISL_12594559,Omicron,BA.2.12.1,2022-04-23
-29.928913,-25.857037,10,EPI_ISL_13262489,Omicron,BA.2.7,2022-05-25
-30.077194,-25.763395,10,EPI_ISL_13046172,Omicron,XAA,2022-04-19
-29.88982,-25.8335,10,EPI_ISL_12606572,Omicron,BA.2.36,2022-05-03
-29.944468,-25.833626,10,EPI_ISL_10586877,Omicron,BA.2.9,2022-02-24
-29.96782,-25.786617,10,EPI_ISL_13667088,Omicron,BA.2.43,2022-06-17
-23.787125,-21.364092,10,EPI_ISL_13549999,Omicron,BA.2.12.1,2022-05-31
-29.991306,-25.888268,10,EPI_ISL_12019076,Omicron,BA.2,2022-04-05
-29.968037,-25.841282,10,EPI_ISL_11720467,Omicron,BA.2,2022-03-26
-23.935724,-21.5049,10,EPI_ISL_13762702,Omicron,BA.2.12.1,2022-05-27
-30.014772,-25.888271,10,EPI_ISL_11522459,Omicron,BA.2,2022-03-14
-30.014801,-25.83364,10,EPI_ISL_12771838,Omicron,BA.2.2,2022-05-10
-29.999155,-25.857021,10,EPI_ISL_11877899,Omicron,BA.2,2022-03-31
-23.72477,-21.301796,10,EPI_ISL_13543051,Omicron,BA.2.12.1,2022-06-14
-21.70117,-19.293865,10,EPI_ISL_13850054,Omicron,BA.2.12.1,2022-06-27
-29.97575,-25.856884,10,EPI_ISL_10748893,Omicron,BA.2,2022-02-02
-28.374014,-24.70081,10,EPI_ISL_12704168,Omicron,BA.2,2022-05-06
-29.827326,-25.599218,10,EPI_ISL_12343390,Omicron,BA.2,2022-04-03
-23.755978,-21.348602,10,EPI_ISL_13217405,Omicron,BA.2.12.1,2022-05-22
-30.014835,-25.88822,10,EPI_ISL_12612253,Omicron,BA.2,2022-04-21
-29.952412,-25.857119,10,EPI_ISL_13175991,Omicron,BA.2,2022-05-20
-23.670078,-21.223434,10,EPI_ISL_13757609,Omicron,BA.2.12.1,2022-06-23
-23.724796,-21.293938,10,EPI_ISL_13763047,Omicron,BA.2.12.1,2022-05-20
-23.693382,-21.270458,10,EPI_ISL_13720865,Omicron,BA.2.12.1,2022-06-22
-30.014864,-25.802204,10,EPI_ISL_9430465,Omicron,BA.2.10,2022-01-27
-29.881977,-25.630608,10,EPI_ISL_12516211,Omicron,BA.2,2022-04-27
-23.623028,-21.17667,10,EPI_ISL_13261634,Omicron,BA.2.12.1,2022-05-22
-28.100275,-24.30229,10,EPI_ISL_11281976,Omicron,BA.2,2022-03-09
-29.889847,-25.763323,10,EPI_ISL_10635696,Omicron,BA.2.32,2022-02-22
-23.732426,-21.278162,10,EPI_ISL_13351898,Omicron,BA.2.12.1,2022-06-07
-29.92101,-25.896091,10,EPI_ISL_12555403,Omicron,BA.2,2022-04-06
-30.092894,-25.935066,10,EPI_ISL_13510208,Omicron,BA.2.3,2022-06-08
-23.716795,-21.270477,10,EPI_ISL_13316393,Omicron,BA.2.12.1,2022-05-31
-28.115734,-24.278954,10,EPI_ISL_12607552,Omicron,BA.2,2022-04-28
-29.850748,-25.91181,10,EPI_ISL_11841871,Omicron,BA.2,2022-03-20
-29.850779,-25.84927,10,EPI_ISL_11029679,Omicron,BA.2.9,2022-03-08
-29.921135,-25.856998,10,EPI_ISL_13014082,Omicron,BA.2,2022-05-18
-23.78736,-21.348497,10,EPI_ISL_12757954,Omicron,BA.2.12.1,2022-05-02
-23.904428,-21.457937,10,EPI_ISL_13146463,Omicron,BA.2.12.1,2022-05-24
-29.983536,-25.817932,10,EPI_ISL_9847651,Omicron,BA.2.3,2022-01-14
-29.944399,-25.89595,10,EPI_ISL_13855875,Omicron,BA.2,2022-06-13
-29.999275,-25.82576,10,EPI_ISL_14509715,Omicron,BA.2.65,2022-07-27
-23.685684,-21.278088,10,EPI_ISL_13334204,Omicron,BA.2.12.1,2022-06-01
-23.693472,-21.278183,10,EPI_ISL_12866726,Omicron,BA.2.12.1,2022-05-02
-29.866215,-25.825634,10,EPI_ISL_11119676,Omicron,BA.2.9,2022-03-07
-23.6542,-21.223486,10,EPI_ISL_12593666,Omicron,BA.2.12.1,2022-04-20
-29.991045,-25.872795,10,EPI_ISL_13724449,Omicron,BA.2,2022-06-14
-29.991295,-25.90384,10,EPI_ISL_9303691,Omicron,BA.2.3,2022-01-07
-29.960075,-25.958557,10,EPI_ISL_10798128,Omicron,BA.2.10,2022-02-28
-29.98352,-25.825768,10,EPI_ISL_12847882,Omicron,BA.2,2022-04-19
-23.693558,-21.254805,10,EPI_ISL_13451518,Omicron,BA.2.12.1,2022-06-08
-29.99134,-25.864841,10,EPI_ISL_13704182,Omicron,BA.2,2022-05-14
-28.303825,-24.52103,10,EPI_ISL_12748350,Omicron,BA.2,2022-05-07
-28.311676,-24.520958,10,EPI_ISL_12259536,Omicron,BA.2,2022-04-04
-23.670046,-21.239216,10,EPI_ISL_13830684,Omicron,BA.2.12.1,2022-06-22
-30.061787,-25.864883,10,EPI_ISL_11447211,Omicron,BA.2,2022-03-21
-30.046112,-25.927227,10,EPI_ISL_12497691,Omicron,BA.2.3,2022-04-18
-23.685772,-21.262634,10,EPI_ISL_13546593,Omicron,BA.2.12.1,2022-06-05
-29.92105,-25.786646,10,EPI_ISL_12859856,Omicron,BA.2.48,2022-05-09
-29.92096,-25.841473,10,EPI_ISL_14287370,Omicron,BA.2.3,2022-07-14
-30.038408,-25.919407,10,EPI_ISL_13113175,Omicron,BA.2.50,2022-05-25
-29.98363,-25.942982,10,EPI_ISL_15592711,Omicron,Unassigned,2022-02-02
-23.716831,-21.278286,10,EPI_ISL_12860618,Omicron,BA.2.12.1,2022-05-12
-29.702284,-25.442959,10,EPI_ISL_11785128,Omicron,BA.2,2022-03-22
-29.991297,-25.841524,10,EPI_ISL_11773898,Omicron,BA.2,2022-03-28
-29.960154,-25.716328,10,EPI_ISL_12794650,Omicron,Unassigned,2022-03-23
-29.874084,-25.794462,10,EPI_ISL_10351429,Omicron,BA.2,2022-02-01
-29.827284,-25.802132,10,EPI_ISL_12175108,Omicron,BA.2.2,2022-04-08
-29.819595,-25.927391,10,EPI_ISL_15168158,Omicron,BA.2.3.7,2022-09-17
-29.913254,-25.85711,10,EPI_ISL_11730594,Omicron,BA.2.39,2022-03-28
-30.014961,-25.825794,10,EPI_ISL_9503267,Omicron,BA.2,2022-01-28
-23.943375,-21.489128,10,EPI_ISL_14059991,Omicron,BA.2.12.1,2022-07-05
-29.983507,-25.857086,10,EPI_ISL_11352783,Omicron,BA.2.10,2022-03-09
-29.881876,-25.958546,10,EPI_ISL_9868539,Omicron,BA.2,2022-01-22
-30.0148,-25.927181,10,EPI_ISL_13372547,Omicron,BA.2,2022-06-07
-29.88197,-25.794647,10,EPI_ISL_16347781,Omicron,BA.2.2,2022-03-14
-29.866398,-25.857151,10,EPI_ISL_12852167,Omicron,BA.2,2022-04-19
-29.999203,-25.833666,10,EPI_ISL_11528117,Omicron,BA.2.72,2022-03-12
-29.98363,-25.880445,10,EPI_ISL_10109168,Omicron,BA.2,2022-02-11
-29.889856,-25.77104,10,EPI_ISL_9560588,Omicron,BA.2,2022-01-29
-29.913357,-25.786919,10,EPI_ISL_11269940,Omicron,BA.2,2022-03-15
-30.061687,-25.85707,10,EPI_ISL_12570914,Omicron,BA.2,2022-05-03
-30.085182,-25.810328,10,EPI_ISL_13941929,Omicron,BA.2,2022-07-05
-23.740166,-21.301777,10,EPI_ISL_13993050,Omicron,BA.2,2022-07-09
-29.936644,-25.856993,10,EPI_ISL_12958825,Omicron,BA.2.52,2022-05-17
-29.881832,-25.747578,10,EPI_ISL_12846447,Omicron,BA.2,2022-04-14
-29.999355,-25.896074,10,EPI_ISL_13322978,Omicron,BA.2,2022-06-06
-23.693417,-21.254715,10,EPI_ISL_13262151,Omicron,BA.2.12.1,2022-05-24
-29.960224,-25.872494,10,EPI_ISL_13937372,Omicron,BA.2,2022-06-27
-29.99144,-25.786665,10,EPI_ISL_9737916,Omicron,BA.2,2022
-28.194008,-24.333805,10,EPI_ISL_14722982,Omicron,BA.2.76,2022-08
-23.724724,-21.293869,10,EPI_ISL_13420455,Omicron,BA.2.12.1,2022-06-15
-23.771526,-21.325146,10,EPI_ISL_13162396,Omicron,BA.2.12.1,2022-05-24
-29.960197,-25.794466,10,EPI_ISL_14712627,Omicron,BA.2.3,2022-06-21
-30.085066,-26.060186,10,EPI_ISL_10068661,Omicron,BA.2,2022-02-16
-30.038113,-25.903934,10,EPI_ISL_10800954,Omicron,BA.2,2022-02-28
-29.983631,-25.778814,10,EPI_ISL_9783419,Omicron,BA.2.9,2022-02-04
-28.577217,-24.818024,10,EPI_ISL_14539578,Omicron,Unassigned,2022-06-26
-28.36634,-24.372631,10,EPI_ISL_13276436,Omicron,BA.2,2022-05-31
-29.920895,-25.91169,10,EPI_ISL_13046233,Omicron,BA.2.52,2022-05-11
-29.928677,-25.778923,10,EPI_ISL_12134274,Omicron,BA.2,2022-03-28
-29.959913,-25.92753,10,EPI_ISL_12359303,Omicron,BA.2,2022-03-15
-29.936785,-25.825863,10,EPI_ISL_14455957,Omicron,BA.2.9.3,2022-07-14
-29.73364,-25.73976,10,EPI_ISL_14524663,Omicron,BA.2,2022-06-21
-23.73254,-21.28621,10,EPI_ISL_17145174,Omicron,BA.2.12.1,2022-06-01
-29.90527,-25.825638,10,EPI_ISL_12557259,Omicron,BA.2,2022-04-30
-30.05381,-25.708406,10,EPI_ISL_13341666,Omicron,BA.2,2022-06-12
-21.787169,-19.33283,10,EPI_ISL_13310949,Omicron,BA.2.12.1,2022-06-01
-30.046143,-25.919533,10,EPI_ISL_14190857,Omicron,BA.2.3.7,2022-05-25
-29.944424,-25.802347,10,EPI_ISL_12154586,Omicron,BA.2.3.9,2022-04-03
-30.05368,-25.91943,10,EPI_ISL_12656324,Omicron,BA.2,2022-05-01
-29.960047,-25.66154,10,EPI_ISL_11879652,Omicron,BA.2.9,2022-04-01
-23.888666,-21.450048,10,EPI_ISL_13070185,Omicron,BA.2.12.1,2022-05-17
-29.960064,-25.872652,10,EPI_ISL_12085028,Omicron,BA.2,2022-04-04
-29.928795,-25.755451,10,EPI_ISL_11840236,Omicron,BA.2,2022-03-27
-29.944416,-25.77895,10,EPI_ISL_12520524,Omicron,BA.2,2022-04-21
-29.897652,-25.849323,10,EPI_ISL_13767351,Omicron,BA.2,2022-05-31
-29.913172,-25.77887,10,EPI_ISL_11880099,Omicron,BA.2.36,2022-03-25
-30.014915,-25.896206,10,EPI_ISL_13096412,Omicron,Unassigned,2022-05-17
-30.030476,-25.927404,10,EPI_ISL_13103504,Omicron,BA.2,2022-05-06
-29.913372,-25.911812,10,EPI_ISL_11824945,Omicron,BA.2,2022-03-21
-23.677862,-21.239258,10,EPI_ISL_13725304,Omicron,BA.2.12.1,2022-06-06
-23.670006,-21.20796,10,EPI_ISL_13218977,Omicron,BA.2.12.1,2022-05-25
-29.866335,-25.778912,10,EPI_ISL_12722165,Omicron,BA.2.21,2022-05-02
-30.069342,-25.935162,10,EPI_ISL_14539507,Omicron,Unassigned,2022-06-23
-21.630877,-19.231197,10,EPI_ISL_12228071,Omicron,BA.2.12.1,2022-04-08
-29.999273,-25.825645,10,EPI_ISL_9240088,Omicron,BA.2,2022-01-21
-29.93671,-25.794651,10,EPI_ISL_14402122,Omicron,BA.2,2022-06-07
-29.936745,-25.896107,10,EPI_ISL_12123989,Omicron,BA.2.48,2022-04-11
-29.991442,-25.903934,10,EPI_ISL_13843176,Omicron,BA.2.3,2022-06-05
-29.881943,-25.927486,10,EPI_ISL_14793618,Omicron,BA.2,2022-07-26
-21.865196,-19.387852,10,EPI_ISL_13062762,Omicron,BA.2.12.1,2022-05-16
-29.97565,-25.755404,10,EPI_ISL_11510322,Omicron,BA.2,2022-03-21
-29.897661,-25.935133,10,EPI_ISL_11210753,Omicron,BA.2,2022-03-14
-29.928825,-25.841362,10,EPI_ISL_14015967,Omicron,BA.2.2,2022-07-14
-29.796164,-26.067877,10,EPI_ISL_11488100,Omicron,BA.2,2022-03-18
-30.085072,-25.958778,10,EPI_ISL_10012205,Omicron,BA.2,2022-02-08
-29.87426,-25.888159,10,EPI_ISL_11929043,Omicron,BA.2.10.1,2022-03-18
-29.97575,-25.864689,10,EPI_ISL_16890000,Omicron,BA.2,2022-05-05
-29.764723,-25.810047,10,EPI_ISL_9364443,Omicron,BA.2.10,2022-01-26
-29.889908,-25.786762,10,EPI_ISL_12923844,Omicron,BA.2,2022-05-07
-29.718147,-25.622688,10,EPI_ISL_8919908,Omicron,BA.2.3,2022-01-03
-23.740255,-21.309368,10,EPI_ISL_13190562,Omicron,BA.2.12.1,2022-05-29
-27.78011,-24.052053,10,EPI_ISL_11832201,Omicron,BA.2.53,2022-04-01
-23.701382,-21.262722,10,EPI_ISL_13316432,Omicron,BA.2.12.1,2022-05-31
-30.045988,-25.864769,10,EPI_ISL_13622824,Omicron,BA.2,2022-06-22
-23.724735,-21.29393,10,EPI_ISL_13486598,Omicron,BA.2.12.1,2022-06-13
-29.97583,-25.872606,10,EPI_ISL_9249467,Omicron,BA.2,2022-01-19
-28.436678,-25.036581,10,EPI_ISL_11169786,Omicron,BA.2.3,2022-03-10
-28.31933,-24.505486,10,EPI_ISL_10205476,Omicron,BA.2,2022-02-10
-29.843107,-25.802279,10,EPI_ISL_13821766,Omicron,BA.2,2022-05-31
-29.92888,-25.857088,10,EPI_ISL_12291894,Omicron,BA.2,2022-04-18
-30.030384,-25.802387,10,EPI_ISL_12699056,Omicron,BA.2,2022-04-25
-28.32701,-24.458622,10,EPI_ISL_11208922,Omicron,BA.2,2022-03-13
-29.99147,-25.911722,10,EPI_ISL_13207976,Omicron,BA.2,2022-05-24
-23.826143,-21.395285,10,EPI_ISL_11996479,Omicron,BA.2.12.1,2022-03-15
-30.069553,-25.817945,10,EPI_ISL_13060764,Omicron,BA.2,2022-05-08
-30.03043,-25.911688,10,EPI_ISL_13013296,Omicron,BA.2.49,2022-05-18
-29.835112,-25.778843,10,EPI_ISL_11536228,Omicron,BA.2.3.1,2022-03-05
-30.077284,-25.950895,10,EPI_ISL_10764540,Omicron,BA.2,2022-02-15
-29.959982,-25.849304,10,EPI_ISL_11038557,Omicron,BA.2,2022-03-06
-23.724781,-21.254818,10,EPI_ISL_14076381,Omicron,BA.2.12.1,2022-07-15
-29.905575,-25.841457,10,EPI_ISL_12909073,Omicron,Unassigned,2022-05-17
-29.913084,-25.888441,10,EPI_ISL_12827187,Omicron,BA.2,2022-05-10
-28.311462,-24.497566,10,EPI_ISL_10681114,Omicron,BA.2,2022-02-22
-30.139708,-25.747602,10,EPI_ISL_13477455,Omicron,BA.2,2022-05-16
-29.921167,-25.73191,10,EPI_ISL_15685883,Omicron,BA.2,2022
-29.944523,-25.810165,10,EPI_ISL_13064469,Omicron,BA.2,2022-05-02
-29.960045,-25.86471,10,EPI_ISL_11722425,Omicron,BA.2.9,2022-03-27
-29.827267,-25.732136,10,EPI_ISL_13078651,Omicron,BA.2,2022-05-20
-29.952198,-25.794464,10,EPI_ISL_12935416,Omicron,BA.2.20,2022-05-10
-28.374084,-24.567957,10,EPI_ISL_12449631,Omicron,BA.2,2022-04-27
-29.88202,-25.810177,10,EPI_ISL_12209615,Omicron,BA.2.49,2022-04-04
-23.677856,-21.325226,10,EPI_ISL_14249751,Omicron,BA.2.12.1,2022-06-13
-30.116266,-25.85711,10,EPI_ISL_11427685,Omicron,BA.2,2022-03-08
-23.724735,-21.254726,10,EPI_ISL_13989465,Omicron,BA.2.12.1,2022-07-16
-30.007057,-25.903872,10,EPI_ISL_11564491,Omicron,BA.2.3.15,2022-03-21
-23.646572,-21.356314,10,EPI_ISL_14059802,Omicron,BA.2.12.1,2022-07-05
-23.787148,-21.28614,10,EPI_ISL_13411512,Omicron,BA.2.12.1,2022-05-22
-29.881964,-25.825706,10,EPI_ISL_11178204,Omicron,BA.2,2022-03-06
-23.81847,-21.403217,10,EPI_ISL_13434782,Omicron,BA.2.12.1,2022-06-08
-23.795048,-21.364185,10,EPI_ISL_12791366,Omicron,BA.2.12.1,2022-05-05
-28.397568,-25.060102,10,EPI_ISL_12648970,Omicron,BA.2,2022-05-04
-30.069454,-25.958637,10,EPI_ISL_10415300,Omicron,BA.2,2022-02-20
-28.18637,-24.333551,10,EPI_ISL_11788386,Omicron,BA.2,2022-03-30
-30.053953,-25.911604,10,EPI_ISL_11761219,Omicron,BA.2.9,2022-03-09
-30.030571,-26.021152,10,EPI_ISL_12916062,Omicron,XE,2022-05-15
-29.86643,-25.802532,10,EPI_ISL_13446747,Omicron,BA.2,2022-06-07
-30.038342,-25.903889,10,EPI_ISL_10763297,Omicron,BA.2,2022-02-14
-29.936615,-25.896076,10,EPI_ISL_14922324,Omicron,BA.2,2022-09-03
-29.89767,-25.771193,10,EPI_ISL_14147995,Omicron,BA.2.12,2022-02-02
-30.030334,-25.880547,10,EPI_ISL_11078332,Omicron,BA.2,2022-03-09
-29.999184,-25.849375,10,EPI_ISL_14016433,Omicron,BA.2,2022-07-15
-29.897661,-25.93507,10,EPI_ISL_12762909,Omicron,Unassigned,2022-05-06
-23.693474,-21.262737,10,EPI_ISL_13069996,Omicron,BA.2.12.1,2022-05-17
-23.646597,-21.200096,10,EPI_ISL_13058663,Omicron,BG.5,2022-05-18
-30.007061,-25.8961,10,EPI_ISL_12701881,Omicron,BA.2,2022-05-05
-29.99144,-25.8647,10,EPI_ISL_10351982,Omicron,BA.2,2022-02-19
-29.92113,-25.880447,10,EPI_ISL_8418875,Omicron,BA.2,2021-12-28
-29.89753,-25.732079,10,EPI_ISL_14550479,Omicron,BA.2.10.1,2022-07-31
-29.983444,-25.94302,10,EPI_ISL_12632453,Omicron,BA.2.9,2022-05-06
-29.897478,-25.919497,10,EPI_ISL_13379743,Omicron,BA.2.9,2022-05-31
-29.99146,-25.856956,10,EPI_ISL_13939745,Omicron,BA.2,2022-06-28
-29.897743,-25.849072,10,EPI_ISL_16614154,Omicron,BA.2.2.1,2022-05-10
-30.163227,-25.630457,10,EPI_ISL_13214960,Omicron,BA.2,2022-05-09
-28.217674,-24.388075,10,EPI_ISL_9783155,Omicron,BA.2.10.1,2022-02-02
-29.881931,-25.91959,10,EPI_ISL_12660087,Omicron,BA.2,2022-04-26
-28.795898,-24.544525,10,EPI_ISL_13359950,Omicron,BA.2,2022-06-05
-29.881945,-25.81795,10,EPI_ISL_13724881,Omicron,BA.2,2022-06-08
-22.271492,-19.817537,10,EPI_ISL_13163771,Omicron,BA.2.12.1,2022-05-31
-29.960096,-25.79466,10,EPI_ISL_13976791,Omicron,BA.2,2022-07-08
-29.74142,-25.778915,10,EPI_ISL_11873244,Omicron,BA.2.9,2022-03-31
-29.921097,-25.794376,10,EPI_ISL_12910283,Omicron,Unassigned,2022-05-08
-29.98343,-25.880499,10,EPI_ISL_13025831,Omicron,BA.2.50,2022-05-23
-29.874043,-25.763313,10,EPI_ISL_10808152,Omicron,BA.2,2022-03-02
-23.685566,-21.246822,10,EPI_ISL_12770094,Omicron,BA.2.12.1,2022-05-04
-30.10853,-25.974268,10,EPI_ISL_10881525,Omicron,BA.2.37,2022-03-03
-29.81948,-25.763128,10,EPI_ISL_13872176,Omicron,BA.2.36,2022-04-19
-29.90562,-25.68502,10,EPI_ISL_12665236,Omicron,BA.2,2022-04-04
-30.053707,-25.880564,10,EPI_ISL_11094727,Omicron,BA.2,2022-03-08
-29.983494,-25.85698,10,EPI_ISL_12610887,Omicron,BA.2,2022-04-07
-29.835041,-25.982,10,EPI_ISL_10465594,Omicron,BA.2,2022-02-21
-30.06954,-25.841333,10,EPI_ISL_11365404,Omicron,BA.2.37,2022-02-11
-30.092968,-25.950714,10,EPI_ISL_12920148,Omicron,BA.2.50,2022-05-19
-29.975784,-25.74003,10,EPI_ISL_10315946,Omicron,BA.2.10.1,2022-01-23
-29.905327,-25.864761,10,EPI_ISL_13502208,Omicron,BA.2,2022-03-28
-30.014828,-25.880451,10,EPI_ISL_11444389,Omicron,BA.2,2022-03-20
-23.826336,-21.371914,10,EPI_ISL_13258021,Omicron,BA.2.12.1,2022-05-31
-28.4831,-24.552547,10,EPI_ISL_16231873,Omicron,BA.2.1,2022-10-16
-23.701267,-21.254734,10,EPI_ISL_12767992,Omicron,BA.2.12.1,2022-04-27
-29.991375,-25.857052,10,EPI_ISL_11272752,Omicron,BA.2.3.2,2022-03-15
-28.522482,-24.521194,10,EPI_ISL_13557347,Omicron,BA.2.36,2022-05-25
-23.70911,-21.278332,10,EPI_ISL_12857741,Omicron,BA.2.12.1,2022-05-14
-29.811775,-25.864975,10,EPI_ISL_12541743,Omicron,BA.2.3.6,2022-04-18
-23.724676,-21.27821,10,EPI_ISL_12860486,Omicron,BA.2.12.1,2022-05-12
-23.70913,-21.262596,10,EPI_ISL_13406030,Omicron,BA.2.12.1,2022-06-14
-29.749102,-25.880718,10,EPI_ISL_11950255,Omicron,BA.2,2022-04-05
-28.334908,-24.41162,10,EPI_ISL_12980300,Omicron,BA.2.42,2022-05-23
-23.693373,-21.262735,10,EPI_ISL_12100998,Omicron,BA.2.12.1,2022-04-09
-29.819633,-25.653656,10,EPI_ISL_13417178,Omicron,BA.2.3.1,2022-05-14
-29.772703,-25.685085,10,EPI_ISL_12191884,Omicron,BA.2.10.1,2022-04-08
-29.82716,-25.677328,10,EPI_ISL_12983275,Omicron,BA.2.20,2022-05-19
-29.811623,-25.72403,10,EPI_ISL_13379829,Omicron,BA.2,2022-05-31
-29.913326,-25.755508,10,EPI_ISL_13072105,Omicron,BA.2,2022-05-21
-29.756937,-25.638275,10,EPI_ISL_12190302,Omicron,BA.2,2022-04-09
-29.889786,-25.739826,10,EPI_ISL_10860155,Omicron,BA.2,2022-02-23
-29.78835,-25.67738,10,EPI_ISL_12966945,Omicron,BA.2,2022-04-27
-29.796062,-25.71638,10,EPI_ISL_10966096,Omicron,BA.2,2022-03-04
-23.623074,-21.184454,10,EPI_ISL_14191927,Omicron,BA.2.12.1,2022-07-09
-23.62326,-21.192253,10,EPI_ISL_13070511,Omicron,BA.2.12.1,2022-05-18
-23.63099,-21.184578,10,EPI_ISL_12638254,Omicron,BA.2.12.1,2022-04-27
-29.733528,-25.622602,10,EPI_ISL_13140090,Omicron,BA.2.9,2022-05-17
-29.092743,-25.044394,10,EPI_ISL_17367336,Omicron,BA.2.9,2023-03
-28.670883,-24.669565,10,EPI_ISL_16158363,Omicron,BA.2,2022-11-10
-29.788223,-25.646156,10,EPI_ISL_13879030,Omicron,BA.2,2022-02-17
-29.897823,-25.763107,10,EPI_ISL_12442582,Omicron,BA.2,2022-04-04
-29.710081,-25.57566,10,EPI_ISL_9916528,Omicron,BA.2,2022-01-27
-29.84298,-25.70065,10,EPI_ISL_10732260,Omicron,BA.2,2022-02-26
-29.835081,-25.716293,10,EPI_ISL_11194507,Omicron,BA.2,2022-03-13
-29.882034,-25.747627,10,EPI_ISL_15491233,Omicron,BA.2,2022-03-21
