t-SNE component 1,t-SNE component 2,Cluster,Seq ID,Variant,Pango lineage,Collection date
-37.04459,10.751441,0,EPI_ISL_16120796,Omicron,BN.1.5,2022-11-28
-38.295444,8.419567,0,EPI_ISL_15836628,Omicron,CH.1.1.3,2022-11-13
-38.17778,8.703612,0,EPI_ISL_17014809,Omicron,BR.2.1,2023-01-06
-37.392693,10.015164,0,EPI_ISL_17007533,Omicron,XBF.2,2023-01-31
-38.295662,8.418346,0,EPI_ISL_16886431,Omicron,CH.1.1.18,2023-02-05
-37.073082,10.698143,0,EPI_ISL_16951578,Omicron,BN.1.1.1,2023-02-06
-37.39427,9.393372,0,EPI_ISL_16401045,Omicron,XBB,2022-12-13
-37.062305,10.712556,0,EPI_ISL_17474458,Omicron,BN.1.2,2023-03-22
-37.063526,10.7117,0,EPI_ISL_17328073,Omicron,BN.1.3.1,2023-03-13
-37.850433,9.1671715,0,EPI_ISL_15452557,Omicron,BM.1.1.3,2022-10-15
-37.452198,9.895695,0,EPI_ISL_16757696,Omicron,XBF,2023-01-22
-38.29542,8.419078,0,EPI_ISL_17390881,Omicron,CH.1.1.3,2023-03-21
-38.29541,8.419442,0,EPI_ISL_17368885,Omicron,CH.1.1.3,2023-03-15
-38.295513,8.418731,0,EPI_ISL_17164947,Omicron,DV.5,2023-02-26
-38.177814,8.703587,0,EPI_ISL_16559277,Omicron,BR.2.1,2022-12-20
-37.06402,10.711214,0,EPI_ISL_16534731,Omicron,BN.1.9,2023-01-03
-37.0443,10.749806,0,EPI_ISL_15979493,Omicron,BN.1.3,2022-11-11
-38.295532,8.418592,0,EPI_ISL_16808691,Omicron,CH.1.1.1,2023-01-27
-38.295334,8.419607,0,EPI_ISL_17370722,Omicron,CH.1.1.1,2023-01-06
-38.28858,8.427241,0,EPI_ISL_17650380,Omicron,CH.1.1.1,2023-01
-38.29539,8.419482,0,EPI_ISL_16615861,Omicron,CH.1.1,2023-01-01
-37.94241,9.495031,0,EPI_ISL_16133988,Omicron,BL.2,2022-11-28
-38.295002,8.428016,0,EPI_ISL_16977132,Omicron,CH.1.1,2023-02-15
-38.29522,8.41961,0,EPI_ISL_17590188,Omicron,CH.1.1.3,2023-04-11
-37.452206,9.895679,0,EPI_ISL_16584770,Omicron,XBF.8.1,2023-01-10
-37.071053,10.658356,0,EPI_ISL_16079403,Omicron,BN.1.9,2022-11-30
-38.293148,8.412808,0,EPI_ISL_16910084,Omicron,CH.1.1.3,2023-01-12
-37.063496,10.712514,0,EPI_ISL_15617413,Omicron,BN.1,2022-10-07
-37.061996,10.884419,0,EPI_ISL_15351928,Omicron,BN.3.1,2022-09-29
-37.06353,10.712372,0,EPI_ISL_15862013,Omicron,BN.1.3,2022-11-08
-37.053547,10.729955,0,EPI_ISL_16600457,Omicron,BN.1.3,2023-01-01
-38.177277,8.702118,0,EPI_ISL_16246146,Omicron,BR.2.1,2022-11-30
-38.295395,8.418815,0,EPI_ISL_17136321,Omicron,CH.1.1.1,2023-02-16
-38.204407,9.525059,0,EPI_ISL_15300695,Omicron,BA.2.75.1,2022-08-07
-38.35517,8.267068,0,EPI_ISL_15835170,Omicron,BQ.1.8,2022-11-10
-37.82551,9.215727,0,EPI_ISL_15419945,Omicron,BA.2.75.2,2022
-37.309566,9.89478,0,EPI_ISL_16011721,Omicron,BN.1,2022-11-18
-38.37323,9.202196,0,EPI_ISL_15269820,Omicron,BR.1,2022
-37.824085,9.21637,0,EPI_ISL_15146788,Omicron,BY.1,2022-09-10
-37.73504,9.400285,0,EPI_ISL_15612774,Omicron,CA.5,2022-10-11
-37.063545,10.712365,0,EPI_ISL_16845342,Omicron,BN.1.2,2023-02-01
-37.82255,9.216538,0,EPI_ISL_14987860,Omicron,BM.4.1.1,2022-08-30
-37.825455,9.216412,0,EPI_ISL_15350844,Omicron,BA.2.75.2,2022-09-18
-37.07385,10.689752,0,EPI_ISL_17016307,Omicron,BN.1.3,2023-02-13
-37.063522,10.712083,0,EPI_ISL_15802406,Omicron,BN.1.4.2,2022-11-14
-38.295395,8.419469,0,EPI_ISL_17541044,Omicron,CH.1.1.1,2023-02-03
-37.825264,9.2161665,0,EPI_ISL_15165752,Omicron,BM.1.1.3,2022-09-12
-37.15404,10.708759,0,EPI_ISL_16818674,Omicron,BN.2.1,2023-01-04
-38.295315,8.419509,0,EPI_ISL_16722470,Omicron,CH.1.1.1,2022-12-26
-38.17824,8.633274,0,EPI_ISL_15950960,Omicron,CA.7,2022-11-11
-38.177784,8.703626,0,EPI_ISL_16811045,Omicron,BR.2.1,2023-01-18
-38.295155,8.419557,0,EPI_ISL_17209101,Omicron,CH.1.1,2023-02-22
-37.45221,9.895686,0,EPI_ISL_16969446,Omicron,XBF,2023-02-10
-38.303673,8.41599,0,EPI_ISL_17662978,Omicron,CH.1.1.1,2023-05-08
-38.295444,8.419614,0,EPI_ISL_17376145,Omicron,CH.1.1.1,2023-03-08
-37.06345,10.712108,0,EPI_ISL_16831379,Omicron,BN.1.4,2023-01-23
-37.825165,9.217799,0,EPI_ISL_15912500,Omicron,BM.1.1.3,2022-10-06
-38.36132,8.266918,0,EPI_ISL_17018114,Omicron,XBB,2023-02-14
-38.30126,8.395575,0,EPI_ISL_17098700,Omicron,CH.1.1.20,2023-02-21
-37.027462,10.783295,0,EPI_ISL_16886378,Omicron,BN.1.3.1,2023-02-05
-38.300175,8.407038,0,EPI_ISL_17565851,Omicron,CH.1.1.1,2023-04-13
-38.295616,8.418696,0,EPI_ISL_16524095,Omicron,CH.1.1.3,2023-01-09
-38.176926,8.702105,0,EPI_ISL_16196594,Omicron,BR.2.1,2022-12-04
-38.29915,8.667815,0,EPI_ISL_15617512,Omicron,BA.2.75,2022-09-22
-38.17771,9.222535,0,EPI_ISL_14890582,Omicron,BM.4.1,2022-09-01
-38.295353,8.419452,0,EPI_ISL_17097367,Omicron,CH.1.1.1,2023-02-16
-38.29557,8.418254,0,EPI_ISL_16484587,Omicron,CH.1.1.1,2022-12-30
-37.063465,10.712161,0,EPI_ISL_17025032,Omicron,BN.1.7,2023
-38.20562,8.558203,0,EPI_ISL_15813974,Omicron,CA.7,2022-11-08
-37.06383,10.71192,0,EPI_ISL_16578313,Omicron,BN.1.4,2022-12-28
-37.063644,10.712244,0,EPI_ISL_16827963,Omicron,BN.1.3,2023-01-07
-38.29523,8.419123,0,EPI_ISL_16059397,Omicron,CH.1.1.3,2022-11-23
-37.840714,9.610621,0,EPI_ISL_15854924,Omicron,BL.1,2022-09-27
-38.29557,8.418927,0,EPI_ISL_17657928,Omicron,CH.1.1.1,2023-04-12
-38.29671,8.408738,0,EPI_ISL_16535867,Omicron,CH.1.1.2,2023-01-09
-37.44983,9.814165,0,EPI_ISL_14987851,Omicron,BM.1.1.1,2022-08-27
-37.06354,10.712166,0,EPI_ISL_17187970,Omicron,Unassigned,2023-03-04
-38.204395,9.525116,0,EPI_ISL_15283481,Omicron,BA.2.75.1,2022-09-21
-38.204746,9.5250635,0,EPI_ISL_15854758,Omicron,BA.2.75,2022-07-26
-38.295303,8.419626,0,EPI_ISL_17173585,Omicron,CH.1.1,2023-03-01
-37.048225,10.444716,0,EPI_ISL_16400462,Omicron,BN.1.5,2022-12-10
-38.204395,9.5252,0,EPI_ISL_14853744,Omicron,BA.2.75.1,2022-08-22
-37.4522,9.895692,0,EPI_ISL_15776701,Omicron,CJ.1,2022-10-27
-37.06453,10.703616,0,EPI_ISL_16334269,Omicron,BN.1.3,2022-11-13
-38.295418,8.4195385,0,EPI_ISL_17288335,Omicron,CH.1.1.3,2023-03-08
-38.204346,9.525139,0,EPI_ISL_15502915,Omicron,BA.2.75.1,2022-10-06
-37.06338,10.712183,0,EPI_ISL_16413869,Omicron,BN.1.2.2,2022-12-21
-37.95826,9.187605,0,EPI_ISL_15531502,Omicron,BL.1,2022-10-17
-37.063534,10.712351,0,EPI_ISL_16663562,Omicron,BN.1.3,2023-01-08
-37.825443,9.215822,0,EPI_ISL_14987895,Omicron,BA.2.75.2,2022-09-05
-37.140865,10.771017,0,EPI_ISL_15425813,Omicron,BN.3.1,2022-10-08
-37.452206,9.895688,0,EPI_ISL_16272835,Omicron,XBF,2022-12-07
-38.373234,9.202194,0,EPI_ISL_16425519,Omicron,BR.1,2022-12-13
-38.17779,8.703607,0,EPI_ISL_16702720,Omicron,BR.2.1,2023-01-18
-38.177807,8.703598,0,EPI_ISL_16342295,Omicron,BR.2,2022-12-16
-38.177788,8.7036085,0,EPI_ISL_17015533,Omicron,BR.2.1,2023-02-11
-38.299507,8.424071,0,EPI_ISL_16647732,Omicron,CH.1.1.1,2022-12-24
-38.29535,8.4191675,0,EPI_ISL_16484618,Omicron,CH.1.1.3,2022-12-30
-38.29541,8.419591,0,EPI_ISL_16937643,Omicron,CH.1.1.1,2023-02-05
-38.292034,8.426298,0,EPI_ISL_17317936,Omicron,CH.1.1.3,2023-02-03
-36.898834,9.4174185,0,EPI_ISL_16122276,Omicron,XBB.1.4,2022-11-11
-38.11781,8.724889,0,EPI_ISL_16224307,Omicron,BL.1,2022-11-23
-38.439938,8.795776,0,EPI_ISL_17090480,Omicron,BR.5,2023-02-03
-37.962105,9.463831,0,EPI_ISL_14916013,Omicron,BL.1,2022-08
-37.07305,10.698022,0,EPI_ISL_16656910,Omicron,BN.1.1.1,2023-01-12
-37.073174,10.69795,0,EPI_ISL_16286883,Omicron,BN.1,2022-12-06
-37.063248,10.712601,0,EPI_ISL_16366391,Omicron,BN.1.2,2022-12-19
-37.731472,8.4243765,0,EPI_ISL_17068262,Omicron,Unassigned,2023-02-16
-37.49663,9.81039,0,EPI_ISL_17112525,Omicron,XBF.4,2023-02-24
-38.20735,9.529206,0,EPI_ISL_14718362,Omicron,BA.2.75.3,2022-07-11
-37.216553,9.844455,0,EPI_ISL_17258148,Omicron,XBB.1.5,2023-02-21
-37.962116,9.463832,0,EPI_ISL_16224209,Omicron,BL.1,2022-11-18
-37.06364,10.7116785,0,EPI_ISL_16451901,Omicron,BN.1.3.1,2022-12-18
-37.03285,10.762261,0,EPI_ISL_16526398,Omicron,BN.1.3,2023-01-10
-37.073708,10.689608,0,EPI_ISL_17623785,Omicron,BN.1.3,2023-03-02
-38.20431,9.525133,0,EPI_ISL_15309237,Omicron,BA.2.75,2022-08-25
-38.17779,8.703588,0,EPI_ISL_16059610,Omicron,BR.2.1,2022-11-30
-37.8255,9.215778,0,EPI_ISL_15724261,Omicron,BM.1.1.3,2022-10-15
-38.29542,8.418838,0,EPI_ISL_17475849,Omicron,CH.1.1.3,2023-03-27
-38.18119,9.5416975,0,EPI_ISL_14569467,Omicron,BA.2.75.3,2022-07-16
-38.295425,8.419328,0,EPI_ISL_16519293,Omicron,Unassigned,2022-12-31
-38.15737,8.752801,0,EPI_ISL_16521271,Omicron,BR.2.1,2023-01-02
-37.06363,10.712005,0,EPI_ISL_16072223,Omicron,BN.1.9,2022-11-16
-37.962204,9.463882,0,EPI_ISL_15854942,Omicron,BL.2,2022-10-17
-37.063526,10.712191,0,EPI_ISL_16213716,Omicron,BN.1.2.2,2022-12-13
-37.063572,10.712302,0,EPI_ISL_15914299,Omicron,Unassigned,2022-11-16
-37.898563,9.799764,0,EPI_ISL_17465440,Omicron,XBK.1,2023-04-01
-37.154255,10.786705,0,EPI_ISL_16618381,Omicron,BN.3.1,2022-12-07
-37.063793,10.711833,0,EPI_ISL_17527786,Omicron,BN.1.2,2023-03-07
-38.295334,8.419519,0,EPI_ISL_17016650,Omicron,CH.1.1.1,2023-02-17
-36.650406,9.182712,0,EPI_ISL_17675120,Omicron,XBB.1.18,2023-02-13
-38.20438,9.52514,0,EPI_ISL_14910165,Omicron,BA.2.75,2022-08-28
-37.42097,10.007263,0,EPI_ISL_16353073,Omicron,BA.2.75,2022-10-10
-37.45219,9.895704,0,EPI_ISL_16235946,Omicron,XBK.1,2022-11-24
-38.177765,8.703615,0,EPI_ISL_16221119,Omicron,BR.2.1,2022-12-12
-37.063503,10.712339,0,EPI_ISL_15744642,Omicron,BN.1.7,2022-10-30
-38.201332,8.923051,0,EPI_ISL_16830368,Omicron,CA.7,2023-01-16
-38.224384,8.84101,0,EPI_ISL_16258546,Omicron,BA.2.75.6,2022-08-08
-37.05993,10.717415,0,EPI_ISL_17282340,Omicron,Unassigned,2023-03-13
-36.984104,10.880327,0,EPI_ISL_17001503,Omicron,BN.1.3,2023-01-26
-37.044563,10.751509,0,EPI_ISL_16638993,Omicron,BN.1.2,2022-12-27
-37.06345,10.712425,0,EPI_ISL_16390626,Omicron,BN.1.2,2022-12-28
-37.063404,10.712427,0,EPI_ISL_15979674,Omicron,BN.1.3,2022-11-11
-37.06364,10.711596,0,EPI_ISL_17615030,Omicron,BN.1.2,2023-04-13
-37.05547,10.724011,0,EPI_ISL_16700278,Omicron,BN.1.2.1,2023-01-04
-38.29534,8.419151,0,EPI_ISL_17500228,Omicron,CH.1.1.2,2023-04-07
-37.549786,9.163971,0,EPI_ISL_15935949,Omicron,BY.1,2022-09-28
-37.825455,9.215875,0,EPI_ISL_15036348,Omicron,CA.3,2022-09-07
-38.17825,8.633282,0,EPI_ISL_15994443,Omicron,Unassigned,2022-11-15
-38.204346,9.525203,0,EPI_ISL_13521502,Omicron,BA.2.75,2022-06-18
-37.06334,10.7123,0,EPI_ISL_16105061,Omicron,BN.1.4,2022-11-22
-38.295506,8.418773,0,EPI_ISL_17426392,Omicron,CH.1.1.1,2023-03-23
-37.481167,9.8580265,0,EPI_ISL_17015403,Omicron,XBF,2023-01-31
-38.295437,8.418748,0,EPI_ISL_17210869,Omicron,CH.1.1.2,2023-01-06
-37.9621,9.463831,0,EPI_ISL_16317018,Omicron,BL.1,2022-11-02
-38.29558,8.419301,0,EPI_ISL_17016259,Omicron,DV.4,2023-02-14
-38.17768,8.702386,0,EPI_ISL_16059227,Omicron,BR.2,2022-11-26
-37.063606,10.71218,0,EPI_ISL_16747982,Omicron,BN.1.3,2023-01-14
-37.452198,9.895691,0,EPI_ISL_16980074,Omicron,XBF,2023-02-10
-37.063923,10.711542,0,EPI_ISL_16925033,Omicron,BN.1.3,2023-01-16
-37.82546,9.215928,0,EPI_ISL_16314793,Omicron,BA.2.75.2,2022
-37.063602,10.712281,0,EPI_ISL_16971266,Omicron,BN.1.3,2023-01-12
-37.044548,10.751508,0,EPI_ISL_16825171,Omicron,BN.1.4.3,2023-01-02
-38.2043,9.525144,0,EPI_ISL_14717217,Omicron,BA.2.75.1,2022-08-17
-38.295555,8.419449,0,EPI_ISL_16692782,Omicron,CH.1.1.1,2023-01-20
-38.423504,9.29873,0,EPI_ISL_13854339,Omicron,BA.2.12.1,2022-07-03
-37.452217,9.8956785,0,EPI_ISL_15980499,Omicron,XBF,2022-11-17
-37.140854,10.771194,0,EPI_ISL_16912071,Omicron,BN.3.1,2023-01-07
-37.82242,9.216379,0,EPI_ISL_15899644,Omicron,XBD,2022-11-06
-37.06369,10.712059,0,EPI_ISL_16721684,Omicron,BN.1.4,2022-12-23
-37.45031,9.816651,0,EPI_ISL_15313032,Omicron,BM.1.1.1,2022-08-23
-37.063324,10.712116,0,EPI_ISL_16655477,Omicron,BN.1,2023-01-02
-38.17775,8.703608,0,EPI_ISL_17246051,Omicron,BR.2.1,2023-03-03
-38.177803,8.703601,0,EPI_ISL_16523594,Omicron,BR.2.1,2022-12-21
-37.825447,9.215929,0,EPI_ISL_16365581,Omicron,BA.2.75.2,2022-12-10
-37.063942,10.711483,0,EPI_ISL_16084600,Omicron,BN.1.3,2022-11-26
-38.17726,8.702122,0,EPI_ISL_15820592,Omicron,BR.2.1,2022-11-07
-37.490356,9.07173,0,EPI_ISL_17001754,Omicron,BA.2,2023-02-04
-38.177685,8.702402,0,EPI_ISL_16091973,Omicron,BR.2,2022-11-28
-37.06353,10.712171,0,EPI_ISL_16737448,Omicron,BN.1.5,2023-01-18
-37.066837,10.698774,0,EPI_ISL_16610018,Omicron,BN.1,2023-01-02
-37.073162,10.697976,0,EPI_ISL_16137293,Omicron,BN.1.1.1,2022-11-27
-37.1445,10.414522,0,EPI_ISL_17347179,Omicron,BM.1.1.4,2023-03-17
-37.063763,10.712883,0,EPI_ISL_17473337,Omicron,BN.1.3,2023-03-23
-37.045097,10.748182,0,EPI_ISL_16744418,Omicron,BN.1.3,2023-01
-38.29534,8.418589,0,EPI_ISL_17506151,Omicron,CH.1.1.1,2023-03-26
-38.295483,8.4183445,0,EPI_ISL_17256016,Omicron,CH.1.1.1,2023-03-07
-38.2955,8.419331,0,EPI_ISL_16924880,Omicron,CH.1.1,2023-02-04
-37.063686,10.712278,0,EPI_ISL_16974622,Omicron,BN.1.3,2023-01-26
-38.150394,8.658587,0,EPI_ISL_16520350,Omicron,BM.1.1.5,2022-12-30
-38.19251,9.43933,0,EPI_ISL_16299902,Omicron,BA.2.75,2022-11-15
-37.84929,10.219179,0,EPI_ISL_16299109,Omicron,BA.2.75.5,2022-12-08
-38.286774,8.444367,0,EPI_ISL_16535476,Omicron,CH.1.1.1,2023-01-05
-37.45221,9.895682,0,EPI_ISL_17172128,Omicron,CJ.1,2023-02-18
-38.295547,8.41937,0,EPI_ISL_15758176,Omicron,CH.1.1.2,2022-11-08
-37.06358,10.712294,0,EPI_ISL_17295239,Omicron,BN.1.2,2023-03-08
-38.355133,8.266799,0,EPI_ISL_16513238,Omicron,Unassigned,2022-12-28
-38.29528,8.419603,0,EPI_ISL_17184871,Omicron,CH.1.1.1,2023-01-12
-37.849304,10.219492,0,EPI_ISL_14996237,Omicron,BN.2,2022-09-05
-38.29561,8.41935,0,EPI_ISL_16075997,Omicron,CH.1.1.1,2022-11-28
-38.29537,8.419522,0,EPI_ISL_17258933,Omicron,CH.1.1.1,2022-12-15
-37.063473,10.712047,0,EPI_ISL_16121982,Omicron,BN.1.3,2022-11
-37.876522,9.072319,0,EPI_ISL_15926270,Omicron,CB.1,2022-11-11
-38.295353,8.419411,0,EPI_ISL_17327699,Omicron,CH.1.1.1,2023-03-06
-38.295616,8.41898,0,EPI_ISL_16676749,Omicron,CH.1.1.1,2023-01-16
-37.892735,9.602198,0,EPI_ISL_15313061,Omicron,BL.1,2022-09-11
-38.291718,8.426849,0,EPI_ISL_16526651,Omicron,CH.1.1.3,2022-12-30
-37.057175,10.676766,0,EPI_ISL_17299229,Omicron,BN.1.3.1,2023-03-08
-38.204395,9.5252075,0,EPI_ISL_16241399,Omicron,BA.2.75,2022-07-26
-38.25105,8.499412,0,EPI_ISL_16713008,Omicron,CA.3.1,2023-01-12
-37.82415,9.216527,0,EPI_ISL_16244678,Omicron,BA.2.75.2,2022-12-07
-37.825497,9.215779,0,EPI_ISL_14445845,Omicron,BM.1.1,2022-08-02
-37.89273,9.6022,0,EPI_ISL_16292124,Omicron,BL.1,2022-12
-38.163563,8.752802,0,EPI_ISL_17017978,Omicron,BR.2.1,2023-02-14
-38.295334,8.419545,0,EPI_ISL_17292796,Omicron,CH.1.1.1,2023-03-11
-37.45216,9.895731,0,EPI_ISL_17016244,Omicron,XBF,2023-02-14
-37.154217,9.863321,0,EPI_ISL_17490164,Omicron,XBB.1.5,2023-04-06
-37.140854,10.771195,0,EPI_ISL_16027838,Omicron,BN.3.1,2022-11-28
-37.766094,10.304906,0,EPI_ISL_14810077,Omicron,BA.2.75.5,2022-08-22
-38.16412,8.645345,0,EPI_ISL_16975309,Omicron,CV.1,2023-02-09
-37.452198,9.895701,0,EPI_ISL_17022206,Omicron,XBF,2023-01-26
-37.650845,9.531469,0,EPI_ISL_15440363,Omicron,BA.2.75.2,2022-09-17
-36.952244,9.922736,0,EPI_ISL_17445427,Omicron,Unassigned,2023-03-14
-38.295403,8.419334,0,EPI_ISL_17096111,Omicron,CH.1.1,2023-02-12
-37.45221,9.89573,0,EPI_ISL_16494090,Omicron,XBQ,2022-12-21
-38.295555,8.419336,0,EPI_ISL_16026602,Omicron,CH.1.1.7,2022-11-23
-38.295353,8.419543,0,EPI_ISL_16386635,Omicron,CH.1.1.3,2022-12-26
-38.295364,8.419569,0,EPI_ISL_17398248,Omicron,CH.1.1.1,2023-03-27
-37.06362,10.7122135,0,EPI_ISL_15923601,Omicron,BN.1.3,2022-11-18
-37.094845,10.615686,0,EPI_ISL_16711131,Omicron,BM.1.1.4,2023
-38.369926,8.419002,0,EPI_ISL_16414761,Omicron,CH.1.1.1,2022-12-26
-37.044548,10.751509,0,EPI_ISL_16739546,Omicron,BN.1.3,2022-11-03
-38.2953,8.419182,0,EPI_ISL_17434243,Omicron,CH.1.1.1,2023-04-04
-37.0567,10.730229,0,EPI_ISL_15955041,Omicron,BN.1.5.1,2022-11-21
-37.06056,10.7174635,0,EPI_ISL_16273726,Omicron,BN.1.4,2022-12-13
-38.2435,9.4731,0,EPI_ISL_14933239,Omicron,BA.2.75,2022-07-28
-38.288494,8.425368,0,EPI_ISL_16940785,Omicron,CH.1.1,2023-02-03
-38.295265,8.419247,0,EPI_ISL_16581974,Omicron,Unassigned,2023-01-10
-38.29534,8.419589,0,EPI_ISL_17284863,Omicron,CH.1.1.4,2023-03-06
-38.295532,8.418118,0,EPI_ISL_17033032,Omicron,CH.1.1.1,2023-02-07
-37.063423,10.712671,0,EPI_ISL_16707151,Omicron,BN.1.3,2023-01-10
-38.295414,8.418541,0,EPI_ISL_16205108,Omicron,CH.1.1,2022-12-03
-37.45221,9.89569,0,EPI_ISL_16365795,Omicron,XBF,2022-12-22
-37.87659,9.072348,0,EPI_ISL_14810559,Omicron,CB.1,2022-08-30
-37.06349,10.712269,0,EPI_ISL_16180549,Omicron,BN.1.3,2022-11-24
-38.295345,8.419659,0,EPI_ISL_17165973,Omicron,Unassigned,2023-02-27
-37.06342,10.712223,0,EPI_ISL_16674419,Omicron,BN.1.2,2022-12-16
-37.337437,9.669245,0,EPI_ISL_17562557,Omicron,XBB.2.3,2023-04-03
-37.063602,10.712171,0,EPI_ISL_17015059,Omicron,BN.1.2,2023-02-03
-37.07697,10.699755,0,EPI_ISL_15231879,Omicron,BN.1.4,2022-09-21
-37.044575,10.75151,0,EPI_ISL_17374042,Omicron,BN.1.2,2023-03-09
-38.163258,8.717639,0,EPI_ISL_16245967,Omicron,BR.2.1,2022-12-11
-37.825386,9.216215,0,EPI_ISL_15050830,Omicron,CA.3,2022-08-12
-37.825317,9.215875,0,EPI_ISL_15617412,Omicron,BM.1.1.3,2022-09-21
-38.29545,8.41922,0,EPI_ISL_16238162,Omicron,CH.1.1.3,2022-11-08
-37.063526,10.712195,0,EPI_ISL_16569161,Omicron,BN.1.2,2022-12-22
-38.295605,8.418943,0,EPI_ISL_17599483,Omicron,CH.1.1.3,2023-04-16
-37.06368,10.712284,0,EPI_ISL_15264572,Omicron,BN.1.3,2022-09-20
-38.204445,9.525227,0,EPI_ISL_13502559,Omicron,BA.2.75,2022-06-20
-38.177933,8.633269,0,EPI_ISL_17036187,Omicron,CV.1,2023-02-02
-38.295425,8.419281,0,EPI_ISL_15854826,Omicron,CH.1.1.11,2022-10-07
-38.177914,8.633275,0,EPI_ISL_16048113,Omicron,CA.1,2022-11-28
-38.23164,9.537895,0,EPI_ISL_15377783,Omicron,BA.2.75,2022-09-07
-38.17501,8.831285,0,EPI_ISL_16400137,Omicron,BR.2.1,2022-12-19
-38.37323,9.202195,0,EPI_ISL_15671645,Omicron,BR.1,2022-10-14
-38.34407,8.388056,0,EPI_ISL_15920597,Omicron,BR.3,2022-11-14
-37.4522,9.895695,0,EPI_ISL_17468440,Omicron,XBF,2023-03-25
-37.06337,10.712782,0,EPI_ISL_16963627,Omicron,BN.1.2,2023-02-01
-38.295372,8.419629,0,EPI_ISL_17100270,Omicron,CH.1.1.1,2023-02-26
-37.05351,10.719171,0,EPI_ISL_16506998,Omicron,BN.1.3,2022-12-25
-38.20452,9.5251045,0,EPI_ISL_16528718,Omicron,BA.2.75.1,2022-08-13
-38.204384,9.525074,0,EPI_ISL_15378047,Omicron,BA.2.75.1,2022-09-19
-37.063812,10.711835,0,EPI_ISL_16825784,Omicron,BN.1.3,2023-01-18
-37.07308,10.69818,0,EPI_ISL_16970411,Omicron,BN.1.1,2023-02-05
-37.0565,10.730277,0,EPI_ISL_15958436,Omicron,BN.1.5.1,2022-11-19
-38.178238,8.63327,0,EPI_ISL_17189574,Omicron,CV.1,2023-03-06
-37.063778,10.71186,0,EPI_ISL_16814712,Omicron,BN.1,2023-01-13
-37.54978,9.163971,0,EPI_ISL_15430105,Omicron,CA.3,2022-09-20
-36.983765,10.749957,0,EPI_ISL_17535883,Omicron,BN.1.3.4,2023-03-09
-38.295418,8.419341,0,EPI_ISL_17209665,Omicron,DV.1.1,2023-02-16
-37.452225,9.895724,0,EPI_ISL_17613927,Omicron,XBK.1,2023-04-18
-37.556404,9.134117,0,EPI_ISL_17438135,Omicron,XBB,2023-03-26
-37.06372,10.71205,0,EPI_ISL_16568572,Omicron,BN.1.3,2023-01-01
-38.295357,8.419399,0,EPI_ISL_17007511,Omicron,BY.1.1.1,2023-01-31
-37.12795,10.585476,0,EPI_ISL_16827309,Omicron,BN.1.2.3,2022-11-26
-38.335094,8.445699,0,EPI_ISL_16212891,Omicron,CH.1.1.1,2022-12-12
-37.4522,9.895694,0,EPI_ISL_17275237,Omicron,XBK.1,2023-02-28
-37.45221,9.89569,0,EPI_ISL_17198890,Omicron,XBF,2023-02-23
-37.063602,10.712011,0,EPI_ISL_15482675,Omicron,EJ.2,2022-10-10
-37.849346,10.219137,0,EPI_ISL_16832954,Omicron,BA.2.75.5,2022-11-15
-37.06531,10.714748,0,EPI_ISL_15736754,Omicron,BN.1.3,2022-11-03
-38.319046,8.356538,0,EPI_ISL_16722032,Omicron,CH.1.1.9,2023-01-13
-37.06341,10.712303,0,EPI_ISL_17528250,Omicron,Unassigned,2023-04-08
-37.044556,10.751509,0,EPI_ISL_15616008,Omicron,EJ.2,2022-10-20
-37.063446,10.712532,0,EPI_ISL_17076371,Omicron,BN.1.3,2023-02-09
-37.06387,10.711679,0,EPI_ISL_15695749,Omicron,BN.1.3,2022-11-02
-37.489956,9.816354,0,EPI_ISL_17177439,Omicron,XBF,2023-02-26
-38.295403,8.418857,0,EPI_ISL_16903394,Omicron,CH.1.1.1,2023-01-27
-38.295437,8.419153,0,EPI_ISL_17189308,Omicron,CH.1.1,2023-02-16
-38.498062,8.6299925,0,EPI_ISL_14417492,Omicron,BF.10,2022-07-22
-38.295383,8.419477,0,EPI_ISL_17607419,Omicron,CH.1.1.3,2023-04-11
-38.251076,8.49941,0,EPI_ISL_16763077,Omicron,CA.3.1,2023-01-20
-37.449932,9.814236,0,EPI_ISL_16449550,Omicron,XBB,2022-11-15
-37.69998,9.380434,0,EPI_ISL_17118317,Omicron,BM.1.1.3,2022-11-07
-37.595154,9.098652,0,EPI_ISL_16495344,Omicron,CH.1.1.4,2022-12-23
-38.295288,8.419585,0,EPI_ISL_16975149,Omicron,CH.1.1.1,2023-02-03
-38.295357,8.418692,0,EPI_ISL_17094325,Omicron,CH.1.1.1,2023-02-27
-37.452198,9.895693,0,EPI_ISL_15732271,Omicron,XBF,2022-10-31
-37.825317,9.2159195,0,EPI_ISL_16394691,Omicron,BM.1.1.3,2022-10-18
-37.06361,10.712315,0,EPI_ISL_15596777,Omicron,BN.1.3,2022-10-21
-37.06352,10.712317,0,EPI_ISL_16985098,Omicron,BN.1,2023-02-04
-38.17778,8.703609,0,EPI_ISL_16194387,Omicron,BR.2.1,2022-12-05
-38.295414,8.419584,0,EPI_ISL_17587203,Omicron,CH.1.1.1,2023-04-17
-37.44053,9.827542,0,EPI_ISL_15911788,Omicron,BA.2.75.2,2022-10-21
-38.295307,8.419553,0,EPI_ISL_16985621,Omicron,CH.1.1,2023-02-13
-37.927242,9.477254,0,EPI_ISL_15636394,Omicron,BL.2,2022-10-20
-37.07315,10.697985,0,EPI_ISL_16292079,Omicron,BN.1.1.1,2022-11-25
-37.553814,9.612097,0,EPI_ISL_16465616,Omicron,CA.2,2022-11-07
-37.18042,9.923739,0,EPI_ISL_16520922,Omicron,BA.5,2022-10-23
-37.063587,10.71235,0,EPI_ISL_17538489,Omicron,BN.1.3,2023-03-28
-37.06342,10.712221,0,EPI_ISL_16945850,Omicron,BN.1,2023-01-31
-37.06347,10.71243,0,EPI_ISL_17374077,Omicron,BN.1.2,2023-03-09
-37.962112,9.463831,0,EPI_ISL_15363345,Omicron,BL.1,2022-09-09
-37.062195,10.712853,0,EPI_ISL_17049008,Omicron,BN.1.3,2023-02-08
-38.29527,8.419401,0,EPI_ISL_16952225,Omicron,CH.1.1.3,2023-02-09
-37.825165,9.217859,0,EPI_ISL_15510195,Omicron,BM.1.1.3,2022-10-10
-37.96211,9.463832,0,EPI_ISL_15440366,Omicron,BA.2.75.6,2022-09-16
-38.177788,8.70359,0,EPI_ISL_17374004,Omicron,BR.2.1,2023-03-09
-37.414265,9.9485655,0,EPI_ISL_16910260,Omicron,XBF,2023-01-22
-37.825317,9.215875,0,EPI_ISL_16741282,Omicron,BM.1.1,2022-11-29
-38.29546,8.419394,0,EPI_ISL_17166094,Omicron,Unassigned,2023-02-17
-38.3613,8.266917,0,EPI_ISL_17045324,Omicron,BA.5,2023-02-07
-38.204464,9.525158,0,EPI_ISL_14536360,Omicron,BA.2.75.3,2022-08-06
-38.177765,8.70359,0,EPI_ISL_15820324,Omicron,BR.2.1,2022-11-02
-37.06217,10.713296,0,EPI_ISL_17153170,Omicron,BN.1.2,2023-02-16
-37.84363,9.124198,0,EPI_ISL_15668719,Omicron,BM.1.1.3,2022-10-27
-38.288807,8.427044,0,EPI_ISL_17215472,Omicron,CH.1.1.3,2023-01-11
-37.49146,9.154607,0,EPI_ISL_16495425,Omicron,Unassigned,2022-11-16
-37.06366,10.711986,0,EPI_ISL_16372215,Omicron,BN.1.5,2022-12-18
-37.452194,9.8957,0,EPI_ISL_16508865,Omicron,XBF,2022-12-21
-37.14086,10.771196,0,EPI_ISL_16486376,Omicron,BN.3.1,2022-12-20
-37.82234,9.216381,0,EPI_ISL_15477439,Omicron,Unassigned,2022-08-24
-37.06371,10.711985,0,EPI_ISL_17185567,Omicron,BN.1.3,2023-02-21
-37.063614,10.711771,0,EPI_ISL_17185392,Omicron,BN.1.3,2023-02-22
-37.867382,9.902737,0,EPI_ISL_15075416,Omicron,BL.4,2022
-38.2956,8.419537,0,EPI_ISL_16726408,Omicron,CH.1.1.1,2022-12-28
-37.140903,10.771121,0,EPI_ISL_15905679,Omicron,BN.3.1,2022-11-09
-37.82241,9.21653,0,EPI_ISL_16100139,Omicron,CH.3,2022-10-31
-38.29543,8.419617,0,EPI_ISL_16996596,Omicron,CH.1.1.3,2023-02-15
-37.063324,10.712593,0,EPI_ISL_16416523,Omicron,EJ.2,2022-12-23
-37.675884,9.458381,0,EPI_ISL_16098750,Omicron,BM.1.1.3,2022-04-10
-37.073082,10.697971,0,EPI_ISL_17047312,Omicron,BN.1.1,2023-02-02
-37.063477,10.712601,0,EPI_ISL_16542166,Omicron,BN.1.2,2022-11-22
-38.177773,8.703609,0,EPI_ISL_15694032,Omicron,BR.2.1,2022-10-28
-38.204414,9.525081,0,EPI_ISL_14320606,Omicron,BA.2.75.1,2022-07-26
-37.17802,9.749524,0,EPI_ISL_17658967,Omicron,XBB.1.16.1,2023-04-18
-37.063435,10.712298,0,EPI_ISL_17187747,Omicron,BN.1.3,2022-11-29
-38.20507,9.525182,0,EPI_ISL_14827548,Omicron,BA.2.75.1,2022-08-20
-38.204384,9.525208,0,EPI_ISL_15146774,Omicron,BL.4,2022-09-07
-37.63761,9.517089,0,EPI_ISL_16735518,Omicron,XBB,2022-12-01
-37.063385,10.7126,0,EPI_ISL_17280658,Omicron,BN.1.2,2023-03-16
-37.06359,10.712079,0,EPI_ISL_16900979,Omicron,BN.1.3,2023-01-18
-38.2955,8.419579,0,EPI_ISL_17098054,Omicron,CH.1.1.3,2023-02-20
-36.993,10.808987,0,EPI_ISL_15640456,Omicron,BN.1.3,2022-10-29
-37.063545,10.712341,0,EPI_ISL_16456089,Omicron,BN.1.3.1,2022-12-18
-38.295315,8.419353,0,EPI_ISL_17683675,Omicron,CH.1.1.3,2023-05-09
-36.926487,10.637458,0,EPI_ISL_16549014,Omicron,BN.1.3.4,2022-12-06
-37.452255,9.895698,0,EPI_ISL_17615100,Omicron,XBF,2023-04-17
-37.4522,9.895697,0,EPI_ISL_17373794,Omicron,CJ.1,2023-03-12
-38.177803,8.703592,0,EPI_ISL_16133989,Omicron,BR.2.1,2022-11-30
-37.452194,9.895698,0,EPI_ISL_16451033,Omicron,XBF,2023-01-02
-37.06351,10.712336,0,EPI_ISL_16856990,Omicron,BN.1,2023-01-31
-37.0635,10.712417,0,EPI_ISL_16036053,Omicron,BN.1.3,2022-11-10
-37.063763,10.711844,0,EPI_ISL_17414800,Omicron,BN.1.3,2023-03-15
-37.843624,9.124198,0,EPI_ISL_16097247,Omicron,BM.1.1,2022-10-29
-38.165043,9.957763,0,EPI_ISL_15929218,Omicron,BN.1.1.1,2022-10-31
-37.825375,9.215725,0,EPI_ISL_15099321,Omicron,BM.1.1.2,2022-09-16
-37.063293,10.712507,0,EPI_ISL_16513282,Omicron,Unassigned,2022-12-31
-38.265747,8.412986,0,EPI_ISL_17017937,Omicron,XBT,2023-02-14
-38.29539,8.419448,0,EPI_ISL_16250685,Omicron,CH.1.1.3,2022-12-11
-37.84101,9.206246,0,EPI_ISL_15831059,Omicron,BM.1.1.3,2022-11-13
-37.063602,10.712067,0,EPI_ISL_16744417,Omicron,BN.1.3.8,2023-01
-37.452267,9.895685,0,EPI_ISL_17334514,Omicron,BM.1.1.1,2023-03-06
-37.063385,10.712333,0,EPI_ISL_15897464,Omicron,BN.1.3.1,2022-11-15
-38.43799,9.190719,0,EPI_ISL_16258523,Omicron,BN.6,2022-08-08
-37.957317,9.228056,0,EPI_ISL_16265243,Omicron,BL.6,2022-12-04
-38.295216,8.419279,0,EPI_ISL_16749989,Omicron,CH.1.1.3,2023-01-04
-37.97522,8.4432,0,EPI_ISL_16224313,Omicron,BM.1.1.3,2022-11-27
-37.063763,10.71153,0,EPI_ISL_17008704,Omicron,BN.1.3,2022-12-19
-37.05089,10.791817,0,EPI_ISL_16027504,Omicron,BN.1.4,2022-11-22
-37.030087,9.866223,0,EPI_ISL_16389972,Omicron,BN.1.9,2022-11-20
-38.43996,8.782919,0,EPI_ISL_17538857,Omicron,BR.5,2023-03-30
-37.82242,9.216356,0,EPI_ISL_15149932,Omicron,BM.1.1.3,2022-09-19
-37.42216,9.172026,0,EPI_ISL_15870477,Omicron,BF.7.24,2022-10-27
-38.295494,8.419365,0,EPI_ISL_17010302,Omicron,Unassigned,2023-02-13
-37.032875,10.76226,0,EPI_ISL_16735752,Omicron,BN.1.4,2023-01-06
-37.06342,10.71219,0,EPI_ISL_16122119,Omicron,BN.1.3,2022-11-18
-38.17777,8.703596,0,EPI_ISL_16058957,Omicron,BR.2.1,2022-11-16
-38.2953,8.419665,0,EPI_ISL_17221861,Omicron,CH.1.1.1,2023-03-02
-37.62352,10.396877,0,EPI_ISL_14770296,Omicron,BN.6,2022-08-24
-38.295277,8.419617,0,EPI_ISL_17032708,Omicron,CH.1.1.3,2023-02-07
-38.29533,8.419394,0,EPI_ISL_16676761,Omicron,CH.1.1.1,2023-01-16
-37.063553,10.711914,0,EPI_ISL_16016504,Omicron,BN.1,2022-11-26
-37.06338,10.712123,0,EPI_ISL_17016099,Omicron,BN.1.2,2023-01-11
-37.849316,10.219167,0,EPI_ISL_15579531,Omicron,BA.2.75.5,2022-10-16
-37.063213,10.712676,0,EPI_ISL_16682638,Omicron,BN.1.2,2023-01-09
-38.204517,9.525225,0,EPI_ISL_14722987,Omicron,BA.2.75.10,2022-08
-38.21816,9.4598875,0,EPI_ISL_15075418,Omicron,BM.6,2022
-38.17779,8.703602,0,EPI_ISL_16887771,Omicron,BR.2,2023-01-31
-38.295418,8.419561,0,EPI_ISL_17017745,Omicron,CH.1.1.3,2023-02-07
-37.061523,10.712699,0,EPI_ISL_16569924,Omicron,BN.1.2,2022-12-22
-37.822414,9.21653,0,EPI_ISL_15617553,Omicron,BA.2.75.2,2022-09-13
-37.063747,10.712866,0,EPI_ISL_16352571,Omicron,BN.1.3.1,2022-12-20
-38.17776,8.703604,0,EPI_ISL_17017605,Omicron,BR.2.1,2023-01-30
-37.063465,10.712205,0,EPI_ISL_16825587,Omicron,BN.1.3,2023-01-17
-38.295567,8.419583,0,EPI_ISL_16255626,Omicron,CH.1.1.3,2022-11-28
-37.841053,9.159643,0,EPI_ISL_15961819,Omicron,BA.2.75.2,2022-09-14
-38.29538,8.418864,0,EPI_ISL_17351004,Omicron,CH.1.1.2,2023-01-14
-37.724823,10.3506155,0,EPI_ISL_14976038,Omicron,BN.5,2022-07-20
-37.04796,10.7322235,0,EPI_ISL_16651553,Omicron,BN.1.3,2022-12-28
-37.636375,9.596472,0,EPI_ISL_16584839,Omicron,XBF,2023-01-09
-38.295364,8.419828,0,EPI_ISL_16560394,Omicron,CH.1.1,2023-01-09
-37.53998,9.358301,0,EPI_ISL_17103918,Omicron,BA.2,2023-01-30
-38.19847,8.898734,0,EPI_ISL_15196644,Omicron,Unassigned,2022-09-21
-37.45221,9.895691,0,EPI_ISL_17440694,Omicron,XBF,2023-03-27
-38.292072,8.4262495,0,EPI_ISL_17046338,Omicron,CH.1.1.1,2023-02-16
-37.849308,10.219467,0,EPI_ISL_16112685,Omicron,BA.2.75.5,2022-11-14
-38.29549,8.419433,0,EPI_ISL_16352787,Omicron,CH.1.1.3,2022-12-18
-38.295353,8.419442,0,EPI_ISL_17210518,Omicron,CH.1.1,2023-03-09
-38.295284,8.4192705,0,EPI_ISL_17173469,Omicron,CH.1.1.1,2023-02-28
-37.062237,10.713225,0,EPI_ISL_15807959,Omicron,BN.1.3,2022-11-02
-38.158997,9.664367,0,EPI_ISL_15293951,Omicron,BA.2.75.3,2022-07-21
-37.063354,10.712672,0,EPI_ISL_16534004,Omicron,BN.1.9,2023-01-09
-37.063416,10.712288,0,EPI_ISL_16116683,Omicron,BN.1.3,2022-11-07
-37.063393,10.712464,0,EPI_ISL_17172126,Omicron,BN.1.2,2023-02-18
-38.337124,8.200311,0,EPI_ISL_15617535,Omicron,BM.1.1.1,2022-09-24
-38.28459,8.434603,0,EPI_ISL_17275121,Omicron,CH.1.1,2023-03-08
-37.062,10.713341,0,EPI_ISL_16059094,Omicron,BN.1,2022-11-24
-37.057587,10.719526,0,EPI_ISL_16678263,Omicron,BN.1.3,2022-12-20
-38.29548,8.419588,0,EPI_ISL_17189417,Omicron,CH.1.1.17,2023-03-06
-38.295483,8.419271,0,EPI_ISL_17298675,Omicron,CH.1.1.1,2023-03-10
-37.82531,9.215874,0,EPI_ISL_15193341,Omicron,BM.1.1.3,2022-09-22
-37.45221,9.895717,0,EPI_ISL_17657456,Omicron,XBF,2023-04-24
-38.189816,8.699038,0,EPI_ISL_17198898,Omicron,BR.2.1,2023-02-25
-37.06342,10.712619,0,EPI_ISL_16541779,Omicron,BN.1.3,2023-01-03
-38.237232,9.459663,0,EPI_ISL_16156961,Omicron,BA.2.75.1,2022-08-22
-37.06349,10.712357,0,EPI_ISL_17173008,Omicron,BN.1.3,2023-02-08
-37.1026,10.600049,0,EPI_ISL_17625387,Omicron,BN.1,2023-04-27
-37.962208,9.463881,0,EPI_ISL_15440339,Omicron,BL.2,2022-10-10
-38.208168,9.483238,0,EPI_ISL_14569471,Omicron,BA.2.75,2022-07-15
-38.461315,9.003298,0,EPI_ISL_15317251,Omicron,BA.2.75,2022
-38.29534,8.419462,0,EPI_ISL_16284516,Omicron,CH.1.1.3,2022-12-05
-37.657513,9.435877,0,EPI_ISL_15519948,Omicron,XBH,2022-10-13
-38.29526,8.419693,0,EPI_ISL_17544346,Omicron,CH.1.1.3,2023-02-15
-37.80932,9.276588,0,EPI_ISL_15602415,Omicron,BM.1.1.3,2022-10-11
-37.452198,9.89571,0,EPI_ISL_16133720,Omicron,XBF,2022-11-29
-37.506935,9.785524,0,EPI_ISL_17015439,Omicron,XBF,2023-02-03
-38.295452,8.419452,0,EPI_ISL_17023014,Omicron,CH.1.1.18,2023-02-07
-38.29547,8.423128,0,EPI_ISL_16906681,Omicron,CH.1.1.3,2023-02-07
-38.02579,9.379148,0,EPI_ISL_15313025,Omicron,BA.2.75.6,2022-08-15
-37.06222,10.7128105,0,EPI_ISL_17414351,Omicron,BN.1.7,2023-02-10
-38.1778,8.703591,0,EPI_ISL_16937028,Omicron,BR.2.1,2023-02-08
-38.29526,8.419507,0,EPI_ISL_16978312,Omicron,CH.1.1.3,2023-02-09
-37.825386,9.216322,0,EPI_ISL_15760140,Omicron,BY.1,2022-10-01
-38.373234,9.202195,0,EPI_ISL_16218544,Omicron,BR.1,2022-12-11
-37.452248,9.895692,0,EPI_ISL_17660506,Omicron,XBF,2023
-37.452168,9.895721,0,EPI_ISL_17348931,Omicron,XBF,2023-03-19
-37.825443,9.215929,0,EPI_ISL_14807682,Omicron,XBH,2022-07-27
-38.1778,8.703596,0,EPI_ISL_16747801,Omicron,BR.2.1,2023-01-11
-38.21713,9.5027075,0,EPI_ISL_16561915,Omicron,BA.2.75,2022-09-12
-38.29544,8.41939,0,EPI_ISL_17015796,Omicron,CH.1.1.3,2022-12
-38.177814,8.703591,0,EPI_ISL_16172628,Omicron,BR.2.1,2022-11-25
-37.134624,10.787182,0,EPI_ISL_17069300,Omicron,BN.3.1,2022-12-30
-37.06341,10.712464,0,EPI_ISL_16341180,Omicron,BN.1.3.8,2022-12-08
-37.056477,10.724038,0,EPI_ISL_16339589,Omicron,BN.1.3,2022-12-04
-37.849216,10.219667,0,EPI_ISL_14723200,Omicron,BA.2.75.5,2022-08-14
-38.178246,8.633271,0,EPI_ISL_16708226,Omicron,CV.1,2022-12-31
-37.45216,9.895731,0,EPI_ISL_17691973,Omicron,CJ.1,2023-04-26
-38.17778,8.703597,0,EPI_ISL_16972098,Omicron,BR.2,2023-01-27
-37.055878,10.725664,0,EPI_ISL_15783764,Omicron,BN.1.3,2022-11-09
-37.03283,10.623001,0,EPI_ISL_17243063,Omicron,BN.1.3.2,2023-03-01
-37.063393,10.712584,0,EPI_ISL_16971837,Omicron,BN.1.3,2023-01-31
-38.295506,8.419433,0,EPI_ISL_16547404,Omicron,CH.1.1.1,2022-12-26
-38.295334,8.419662,0,EPI_ISL_16726359,Omicron,CH.1.1.1,2023-01-06
-37.0623,10.716673,0,EPI_ISL_16092510,Omicron,BN.1.4,2022-11-25
-38.29545,8.419635,0,EPI_ISL_16848829,Omicron,CH.1.1.3,2023-01-23
-37.460175,9.239887,0,EPI_ISL_17508178,Omicron,Unassigned,2023-03-24
-37.07316,10.698089,0,EPI_ISL_16582164,Omicron,Unassigned,2023-01-09
-37.825497,9.215779,0,EPI_ISL_15487010,Omicron,BA.2.75.2,2022-10-08
-37.063274,10.712383,0,EPI_ISL_16715372,Omicron,BN.1,2023-01-05
-37.849354,10.219409,0,EPI_ISL_15300745,Omicron,BA.2.75.5,2022-08-27
-37.82243,9.216477,0,EPI_ISL_14900368,Omicron,BM.4.1.1,2022-08-27
-37.150852,10.580592,0,EPI_ISL_17563258,Omicron,BN.1.3,2023-04-04
-38.295506,8.419395,0,EPI_ISL_16735296,Omicron,DV.4,2023-01-23
-38.20438,9.525202,0,EPI_ISL_14479720,Omicron,BA.2.75,2022-07-15
-37.061485,10.712833,0,EPI_ISL_15906318,Omicron,BN.1.9,2022-11-06
-37.06318,10.712611,0,EPI_ISL_16534580,Omicron,BN.1.9,2022-12-29
-37.792736,9.248778,0,EPI_ISL_15666739,Omicron,XBD,2022-10-16
-38.295383,8.419532,0,EPI_ISL_17464928,Omicron,CH.1.1.1,2023-03-30
-38.337093,9.286556,0,EPI_ISL_15724655,Omicron,BA.2.75.1,2022-11-01
-38.167934,8.653591,0,EPI_ISL_17062426,Omicron,BF.7,2023-01-09
-38.29559,8.418858,0,EPI_ISL_17556131,Omicron,CH.1.1.1,2023-04-02
-37.063255,10.712219,0,EPI_ISL_17074742,Omicron,BN.1.3.1,2023-02-08
-37.452198,9.895697,0,EPI_ISL_17058076,Omicron,XBF.8,2023-02-07
-37.89273,9.6022,0,EPI_ISL_17632093,Omicron,BL.1,2022-11-25
-37.063534,10.712065,0,EPI_ISL_17090880,Omicron,BN.1,2023-02-05
-37.063744,10.711964,0,EPI_ISL_16011451,Omicron,BN.1.4,2022-11-16
-38.295223,8.419242,0,EPI_ISL_16134375,Omicron,CH.1.1.17,2022-11-28
-37.735073,9.4002495,0,EPI_ISL_16240184,Omicron,CA.2,2022-12-05
-38.295494,8.419502,0,EPI_ISL_17200854,Omicron,CH.1.1.1,2023-03-07
-38.290287,8.445149,0,EPI_ISL_17243513,Omicron,CH.1.1.1,2023-02-19
-37.06341,10.712142,0,EPI_ISL_17563371,Omicron,BN.1.3,2023-04-05
-38.294632,8.4218,0,EPI_ISL_16095512,Omicron,CH.1.1.3,2022-12-05
-37.82404,9.216421,0,EPI_ISL_15939350,Omicron,BA.2.75.2,2022-11-15
-38.118126,10.3344345,0,EPI_ISL_17079911,Omicron,BN.1,2023-02-14
-38.29546,8.419582,0,EPI_ISL_16473838,Omicron,CH.1.1.15,2022-12-19
-38.204468,9.5257,0,EPI_ISL_14410226,Omicron,BA.2.75,2022-07-04
-37.825314,9.215821,0,EPI_ISL_15324143,Omicron,XBD,2022-09-22
-37.82545,9.215876,0,EPI_ISL_15440153,Omicron,BA.2.75.2,2022-10-12
-37.84036,10.215283,0,EPI_ISL_15849553,Omicron,BA.2.75.5,2022-11-01
-37.06336,10.712377,0,EPI_ISL_16339723,Omicron,BN.1,2022-12-04
-37.06205,10.713474,0,EPI_ISL_17015289,Omicron,BN.1.3,2023-02-04
-38.29541,8.419585,0,EPI_ISL_17484620,Omicron,CH.1.1.3,2023-03-30
-38.295425,8.419395,0,EPI_ISL_17201939,Omicron,CH.1.1.3,2023-02-23
-38.177708,8.702387,0,EPI_ISL_17656547,Omicron,BR.2.1,2023-04-19
-38.295547,8.419347,0,EPI_ISL_16804203,Omicron,Unassigned,2023-01-24
-38.29532,8.419463,0,EPI_ISL_17390824,Omicron,CH.1.1.3,2023-03
-37.452213,9.895678,0,EPI_ISL_17564176,Omicron,CJ.1,2023-04-09
-37.08938,10.656883,0,EPI_ISL_17364966,Omicron,BN.1.3,2023-03-13
-37.93471,9.492297,0,EPI_ISL_16048579,Omicron,BL.1.1,2022-11-16
-38.204376,9.525329,0,EPI_ISL_14722498,Omicron,BA.2.75.1,2022-08-06
-38.177788,8.703609,0,EPI_ISL_16059639,Omicron,BR.2.1,2022-11-30
-38.29527,8.419662,0,EPI_ISL_15854153,Omicron,CH.1.1,2022-11-14
-37.06343,10.712632,0,EPI_ISL_16758792,Omicron,BN.1.3,2023-01-08
-37.063354,10.712283,0,EPI_ISL_17062451,Omicron,BN.1.3,2023-01-11
-37.063454,10.712473,0,EPI_ISL_16678804,Omicron,BN.1.4,2023-01-09
-38.288696,8.427432,0,EPI_ISL_17482636,Omicron,CH.1.1,2023-03-08
-38.37323,9.202195,0,EPI_ISL_15213827,Omicron,BR.1,2022-09-06
-38.29558,8.419527,0,EPI_ISL_16957172,Omicron,CH.1.1.3,2023-01-30
-37.82543,9.2159815,0,EPI_ISL_15059181,Omicron,BA.2.75.2,2022-09-03
-37.0614,10.713158,0,EPI_ISL_17187178,Omicron,BN.1.3,2023-02-15
-37.0634,10.712653,0,EPI_ISL_16975924,Omicron,BN.1.2,2023-01-25
-38.299213,8.421382,0,EPI_ISL_16616643,Omicron,CH.1.1,2023-01-06
-37.07311,10.698152,0,EPI_ISL_16131691,Omicron,BN.1.1,2022-12-02
-38.204487,9.525098,0,EPI_ISL_15344800,Omicron,BA.2.75.1,2022-10-01
-37.452164,9.895726,0,EPI_ISL_17367077,Omicron,Unassigned,2023-03-16
-38.178246,8.633275,0,EPI_ISL_17017579,Omicron,CA.7,2023-01-30
-37.03531,10.756593,0,EPI_ISL_16899963,Omicron,BN.1.3,2023-01-11
-38.302273,8.414615,0,EPI_ISL_17152307,Omicron,CH.1.1.5,2023-02-22
-37.452194,9.895702,0,EPI_ISL_17326819,Omicron,XBF,2023-03-07
-38.177803,8.703611,0,EPI_ISL_16342154,Omicron,BR.2.1,2022-12-15
-38.20445,9.525252,0,EPI_ISL_15051648,Omicron,BA.2.75.1,2022-08-24
-38.177814,8.703586,0,EPI_ISL_16905350,Omicron,BR.2.1,2023-01-29
-38.289948,8.443785,0,EPI_ISL_16419624,Omicron,CH.1.1,2022-11-24
-36.91352,9.431027,0,EPI_ISL_15888919,Omicron,XBB.4,2022-11-11
-37.80716,9.199219,0,EPI_ISL_15743382,Omicron,BY.1,2022-10-24
-37.051033,10.731695,0,EPI_ISL_17187922,Omicron,Unassigned,2023-02-27
-38.1778,8.7035885,0,EPI_ISL_16426178,Omicron,BR.2.1,2022-12-03
-37.3582,10.566994,0,EPI_ISL_15317207,Omicron,BN.4,2022
-37.350624,10.089322,0,EPI_ISL_15830182,Omicron,XBF.8,2022-11-09
-37.049236,10.738992,0,EPI_ISL_16362439,Omicron,BN.1.2,2022-11-29
-37.06353,10.712214,0,EPI_ISL_17068379,Omicron,BN.1.3,2023-02-08
-38.204437,9.525155,0,EPI_ISL_14890579,Omicron,BA.2.75.1,2022-09-01
-38.29533,8.419425,0,EPI_ISL_17641163,Omicron,CH.1.1.1,2023-04-24
-37.695816,9.543838,0,EPI_ISL_15378004,Omicron,BM.2,2022-09-14
-37.82247,9.216381,0,EPI_ISL_15350826,Omicron,BA.2.75.2,2022-09-20
-37.449787,9.814142,0,EPI_ISL_16224177,Omicron,BM.1.1.3,2022-11-14
-37.825237,9.2177105,0,EPI_ISL_16509779,Omicron,BA.2.75.2,2022-11-06
-37.06359,10.712351,0,EPI_ISL_16107243,Omicron,BN.1.3,2022-11-24
-37.0634,10.712437,0,EPI_ISL_17665135,Omicron,BN.1.2,2023-02-08
-38.29528,8.4193325,0,EPI_ISL_17174463,Omicron,CH.1.1.1,2023-02-10
-38.295364,8.419271,0,EPI_ISL_16911810,Omicron,CH.1.1.11,2023-02-07
-38.04828,8.769243,0,EPI_ISL_15300734,Omicron,CH.1,2022-08-17
-38.30119,8.401181,0,EPI_ISL_17472529,Omicron,CH.1.1.3,2023-03-27
-38.295246,8.419433,0,EPI_ISL_17408821,Omicron,CH.1.1.3,2023-03-20
-37.817734,10.326347,0,EPI_ISL_15789674,Omicron,BN.3,2022-10-17
-37.06347,10.712333,0,EPI_ISL_16827338,Omicron,BN.1.3,2022-12-02
-38.271675,9.499097,0,EPI_ISL_14175394,Omicron,BA.2.75,2022-06-30
-38.295483,8.419431,0,EPI_ISL_16613202,Omicron,CH.1.1,2023-01-15
-37.82537,9.215831,0,EPI_ISL_15854993,Omicron,BM.4.1.1,2022-09-17
-36.95925,10.89141,0,EPI_ISL_17416064,Omicron,BN.1.3,2023-03-15
-38.295265,8.419274,0,EPI_ISL_17545498,Omicron,CH.1.1.3,2023-04-11
-37.069355,10.71385,0,EPI_ISL_17374433,Omicron,BN.1.2,2023-03-11
-37.073124,10.698103,0,EPI_ISL_16286927,Omicron,BN.1.1,2022-12-07
-38.295265,8.419444,0,EPI_ISL_17565867,Omicron,CH.1.1.3,2023-04-10
-38.30436,8.416258,0,EPI_ISL_17350572,Omicron,CH.1.1,2023-03-20
-38.439926,8.795777,0,EPI_ISL_16505880,Omicron,BR.5,2022-12-21
-37.063416,10.712197,0,EPI_ISL_16473857,Omicron,BN.1.3.1,2022-12-20
-38.301285,8.398517,0,EPI_ISL_15836714,Omicron,CH.1.1,2022-11-11
-38.299088,8.416542,0,EPI_ISL_17364417,Omicron,CH.1.1.1,2023-03-08
-37.063347,10.712606,0,EPI_ISL_16899843,Omicron,BN.1.3,2023-01-11
-37.062878,10.711974,0,EPI_ISL_16534579,Omicron,BN.1.2,2023-01-06
-37.400932,9.99946,0,EPI_ISL_17563952,Omicron,CJ.1,2023-04-08
-37.0638,10.7117,0,EPI_ISL_17273596,Omicron,BN.1.2,2023-03-02
-38.295197,8.419383,0,EPI_ISL_16584170,Omicron,CH.1.1.3,2023-01-04
-37.0446,10.751459,0,EPI_ISL_17173118,Omicron,BN.1.3,2023-01-31
-38.29161,8.426845,0,EPI_ISL_16555600,Omicron,CH.1.1.1,2022-12-30
-38.20444,9.525181,0,EPI_ISL_13302209,Omicron,BA.2.75,2022-06-07
-38.177784,8.703593,0,EPI_ISL_15907463,Omicron,BR.2.1,2022-11-16
-38.295288,8.419188,0,EPI_ISL_16440271,Omicron,CH.1.1.3,2022-12-27
-37.818466,9.2161455,0,EPI_ISL_15231842,Omicron,BM.1.1.3,2022-09-19
-37.062122,10.712862,0,EPI_ISL_16021181,Omicron,BN.1.2,2022-11-24
-38.29545,8.419669,0,EPI_ISL_15926100,Omicron,CH.1.1.6,2022-11-15
-37.452133,9.895747,0,EPI_ISL_17015462,Omicron,XBF,2023-02-06
-38.29549,8.4196005,0,EPI_ISL_16330784,Omicron,CH.1.1.5,2022-12-21
-38.17777,8.703589,0,EPI_ISL_16887640,Omicron,BR.2.1,2023-01-30
-38.29522,8.41969,0,EPI_ISL_17153643,Omicron,CH.1.1.1,2023-02-27
-37.063396,10.7123575,0,EPI_ISL_16901517,Omicron,BN.1,2023-01-19
-37.82545,9.215875,0,EPI_ISL_15772685,Omicron,BA.2.75.2,2022-10-12
-38.17832,8.633266,0,EPI_ISL_16183699,Omicron,CA.7,2022-11-27
-37.06343,10.712387,0,EPI_ISL_15575831,Omicron,BN.1,2022-10-19
-36.864517,10.099575,0,EPI_ISL_15617534,Omicron,XBB.2.8,2022-10-01
-38.201317,8.923051,0,EPI_ISL_16718108,Omicron,BR.3,2022-12-27
-38.29534,8.419374,0,EPI_ISL_15731930,Omicron,CH.1.1.3,2022-10-28
-38.24504,9.504039,0,EPI_ISL_14785405,Omicron,BM.5,2022-08-14
-38.295963,8.406085,0,EPI_ISL_17281760,Omicron,Unassigned,2023-03-15
-38.295513,8.4196825,0,EPI_ISL_17550993,Omicron,CH.1.1.2,2023-04-11
-38.21723,9.524627,0,EPI_ISL_15802579,Omicron,BA.2.75.3,2022-08-19
-38.295208,8.419484,0,EPI_ISL_17622466,Omicron,CH.1.1.3,2023-04-18
-37.82544,9.2159815,0,EPI_ISL_14861972,Omicron,BY.1,2022-08-05
-37.05588,10.725662,0,EPI_ISL_16914125,Omicron,BN.1.3,2023-01-30
-37.05616,10.722608,0,EPI_ISL_16582492,Omicron,Unassigned,2023-01-09
-37.449585,9.814166,0,EPI_ISL_15231853,Omicron,BM.1.1.1,2022-09-21
-38.287407,8.435226,0,EPI_ISL_17416924,Omicron,CH.1.1.1,2023-03-23
-38.177826,8.7035885,0,EPI_ISL_16246032,Omicron,BR.2.1,2022-12-14
-38.29556,8.419535,0,EPI_ISL_17156716,Omicron,CH.1.1.3,2023-02-02
-37.063374,10.7126045,0,EPI_ISL_17186458,Omicron,BN.1.3,2023-01-24
-37.055523,10.725462,0,EPI_ISL_16445445,Omicron,BN.1.2.1,2022-12-25
-38.295433,8.419432,0,EPI_ISL_17033013,Omicron,CH.1.1.1,2023-02-02
-38.29454,8.430209,0,EPI_ISL_17283176,Omicron,Unassigned,2023-03-06
-37.06337,10.712751,0,EPI_ISL_15534977,Omicron,BN.1.3,2022-10-17
-38.177814,8.703595,0,EPI_ISL_16448140,Omicron,BR.2.1,2022-12-14
-37.452175,9.895716,0,EPI_ISL_16273253,Omicron,XBF.2,2022-12-13
-37.063686,10.71294,0,EPI_ISL_15802415,Omicron,BN.1.3,2022-11-12
-37.96202,9.463822,0,EPI_ISL_15942616,Omicron,BL.1,2022-10-25
-38.361298,8.266918,0,EPI_ISL_17296039,Omicron,XBB,2023-02-24
-37.06231,10.712593,0,EPI_ISL_16705249,Omicron,BN.1.3,2022-12-19
-37.825375,9.215884,0,EPI_ISL_15668953,Omicron,BA.2.75.2,2022-10-22
-37.0633,10.712494,0,EPI_ISL_16600735,Omicron,BN.1.2,2022-12-31
-37.818893,10.2264185,0,EPI_ISL_16677563,Omicron,BA.2.75.5,2022-12-20
-37.063396,10.712243,0,EPI_ISL_16912273,Omicron,BN.1.3,2022-12-28
-37.06348,10.7123375,0,EPI_ISL_17061013,Omicron,BN.1.2,2023-01-01
-37.825317,9.215867,0,EPI_ISL_15831986,Omicron,BM.1.1.3,2022-11-11
-38.18433,8.691419,0,EPI_ISL_16864475,Omicron,BR.2.1,2023-01-20
-37.06358,10.712262,0,EPI_ISL_17077596,Omicron,BN.1.3.1,2023-01-27
-38.204533,9.525822,0,EPI_ISL_13574760,Omicron,BA.2.75,2022-06-11
-37.214325,9.136463,0,EPI_ISL_16611880,Omicron,XBB.1.4,2022-12-19
-37.073997,9.887099,0,EPI_ISL_17466387,Omicron,XBB.1.16,2023-03-31
-37.063393,10.712311,0,EPI_ISL_16224214,Omicron,BN.1.2,2022-11-20
-37.45217,9.895718,0,EPI_ISL_16284267,Omicron,CJ.1,2022-12-11
-37.06207,10.713405,0,EPI_ISL_16847636,Omicron,BN.1.2,2023-01-31
-37.092342,10.652434,0,EPI_ISL_17691993,Omicron,BN.1.3.3,2023-04-28
-37.077705,10.651569,0,EPI_ISL_17275822,Omicron,BN.1.3,2023-02-16
-37.063236,10.712569,0,EPI_ISL_16519964,Omicron,BN.1.3,2022-12-17
-38.204433,9.525194,0,EPI_ISL_14727135,Omicron,BL.4,2022-08-22
-38.323124,8.361163,0,EPI_ISL_16724920,Omicron,DJ.1.1,2022-12-19
-38.2954,8.4198265,0,EPI_ISL_17177112,Omicron,CH.1.1.3,2023-01-27
-37.962097,9.463831,0,EPI_ISL_16219432,Omicron,BL.1,2022-12-15
-38.30552,8.378507,0,EPI_ISL_16907575,Omicron,CA.1,2023-01-29
-36.864502,10.099615,0,EPI_ISL_17226351,Omicron,XBB.1.15,2023-01-25
-37.06347,10.712411,0,EPI_ISL_17539113,Omicron,BN.1.2,2023-04-01
-37.079613,10.796383,0,EPI_ISL_16735623,Omicron,BA.2,2022-12-14
-38.328053,8.424836,0,EPI_ISL_17607093,Omicron,CH.1.1.3,2023-04-18
-37.89071,9.08431,0,EPI_ISL_14993456,Omicron,CB.1,2022-09-05
-37.849293,10.21923,0,EPI_ISL_15475692,Omicron,BA.2.75.5,2022-10-06
-38.292725,8.406137,0,EPI_ISL_17189893,Omicron,DV.1.1,2023-02-19
-37.06207,10.713328,0,EPI_ISL_16974917,Omicron,BN.1.3,2023-01-27
-37.051617,10.744067,0,EPI_ISL_16731580,Omicron,BN.1.2.1,2023-01-20
-38.20446,9.525245,0,EPI_ISL_16054674,Omicron,BA.2.75.1,2022-11-03
-37.06352,10.712269,0,EPI_ISL_16807480,Omicron,BN.1.2,2023-01-04
-37.04857,10.745313,0,EPI_ISL_15389815,Omicron,BN.1.2.1,2022-09-29
-37.256878,9.518132,0,EPI_ISL_17482035,Omicron,XBB.2.3,2023-03-24
-37.962116,9.463821,0,EPI_ISL_15434784,Omicron,BL.1,2022-10-13
-38.295067,8.419173,0,EPI_ISL_16937639,Omicron,CH.1.1.2,2023-02-07
-37.436085,9.915386,0,EPI_ISL_16133375,Omicron,XBF.3,2022-11-27
-37.06359,10.712149,0,EPI_ISL_16493064,Omicron,BN.1.2,2022-12-24
-38.295364,8.419556,0,EPI_ISL_17513452,Omicron,CH.1.1.1,2023-03-26
-38.361294,8.266918,0,EPI_ISL_16724952,Omicron,BQ.1.11,2022-12-15
-37.063442,10.712384,0,EPI_ISL_16887748,Omicron,BN.1.2,2023-01-31
-38.295494,8.419289,0,EPI_ISL_17295358,Omicron,CH.1.1,2023-03-12
-38.42493,9.20313,0,EPI_ISL_15807875,Omicron,BA.2.12.1,2022-10-08
-38.295395,8.419588,0,EPI_ISL_16924511,Omicron,DV.1.1,2023-02-09
-37.061317,10.713135,0,EPI_ISL_17374937,Omicron,BN.1.2,2023-03-08
-38.31595,8.360224,0,EPI_ISL_16527337,Omicron,CH.1,2023-01-09
-37.817528,10.326475,0,EPI_ISL_15613439,Omicron,BN.3,2022-10-19
-37.470768,9.220445,0,EPI_ISL_16134666,Omicron,BM.1.1.3,2022-11-27
-38.28871,8.42733,0,EPI_ISL_16344787,Omicron,CH.1.1.15,2022-12-13
-37.82531,9.215814,0,EPI_ISL_16030202,Omicron,BM.4.1.1,2022-11-06
-38.29274,8.406136,0,EPI_ISL_17481102,Omicron,CH.1.1.3,2023-03-16
-38.204456,9.525145,0,EPI_ISL_14726727,Omicron,BA.2.75.10,2022-07-25
-38.295437,8.418809,0,EPI_ISL_17188219,Omicron,CH.1.1.3,2023-03-08
-38.29529,8.419433,0,EPI_ISL_16361191,Omicron,CH.1.1.3,2022-12-17
-37.4596,9.822454,0,EPI_ISL_15440370,Omicron,BM.1.1.3,2022-09-14
-38.295273,8.419419,0,EPI_ISL_17668029,Omicron,DV.5,2023-05-02
-37.849304,10.219495,0,EPI_ISL_15821124,Omicron,BA.2.75.5,2022-10-31
-37.8255,9.215831,0,EPI_ISL_15758231,Omicron,BM.1.1.3,2022-11-07
-37.06347,10.712406,0,EPI_ISL_16060201,Omicron,BN.1.3,2022-11-16
-37.092407,10.634376,0,EPI_ISL_15758232,Omicron,BN.1.3.1,2022-11-07
-38.299828,8.405231,0,EPI_ISL_17201198,Omicron,CH.1.1.3,2023-01-17
-38.29541,8.419655,0,EPI_ISL_17547457,Omicron,CH.1.1.3,2023-04-12
-38.29549,8.419404,0,EPI_ISL_16829567,Omicron,CH.1.1.3,2023-01-17
-37.199753,10.598646,0,EPI_ISL_15857443,Omicron,BM.2,2022-10-12
-37.82532,9.215851,0,EPI_ISL_14987828,Omicron,CA.3,2022-08-20
-37.745758,10.3462,0,EPI_ISL_16011701,Omicron,BA.2.75.5,2022-11-18
-38.25107,8.499411,0,EPI_ISL_16184377,Omicron,CA.3.1,2022-12-04
-37.279892,9.965592,0,EPI_ISL_16224282,Omicron,BN.1.3,2022-11-21
-37.82404,9.216413,0,EPI_ISL_15209877,Omicron,BM.1.1.3,2022-09-19
-38.1778,8.703588,0,EPI_ISL_16332762,Omicron,BR.2.1,2022-12-07
-37.06328,10.712539,0,EPI_ISL_16832980,Omicron,BN.1.2,2022-11-24
-38.17826,8.633268,0,EPI_ISL_15846782,Omicron,CA.1,2022-11-04
-37.06219,10.71282,0,EPI_ISL_17281203,Omicron,BN.1.2,2023-02-13
-38.295235,8.419954,0,EPI_ISL_17484531,Omicron,CH.1.1.1,2023-03-31
-37.452156,9.895741,0,EPI_ISL_16902334,Omicron,XBF,2023-01-31
-37.061455,10.713224,0,EPI_ISL_17283139,Omicron,Unassigned,2023-03-04
-37.825188,9.215972,0,EPI_ISL_15262226,Omicron,BA.2.75.2,2022-09-23
-37.824028,9.216527,0,EPI_ISL_17025490,Omicron,BM.1.1.3,2022-08
-38.204453,9.525727,0,EPI_ISL_14734170,Omicron,BL.4,2022-07-29
-38.177723,9.222545,0,EPI_ISL_15259246,Omicron,BM.1,2022-08-21
-37.962112,9.463831,0,EPI_ISL_16167087,Omicron,BL.1,2022-11-07
-37.876522,9.072319,0,EPI_ISL_15914607,Omicron,Unassigned,2022-11-16
-38.295403,8.41884,0,EPI_ISL_17419054,Omicron,CH.1.1.1,2023-03-27
-38.296566,8.418572,0,EPI_ISL_16588247,Omicron,CH.1.1.1,2022-12-27
-37.810715,9.221617,0,EPI_ISL_16009324,Omicron,CV.2,2022-11-17
-38.290264,8.445181,0,EPI_ISL_17507290,Omicron,CH.1.1.1,2023-03-03
-37.06357,10.713287,0,EPI_ISL_17068890,Omicron,BN.1.3.1,2023-02-07
-37.825443,9.215876,0,EPI_ISL_14721368,Omicron,BA.2.75.2,2022-08-17
-38.295395,8.41885,0,EPI_ISL_17465162,Omicron,CH.1.1.3,2023-04-04
-37.063225,10.712582,0,EPI_ISL_16022237,Omicron,BN.1.2,2022-11-25
-38.2894,9.913478,0,EPI_ISL_15063790,Omicron,BA.2.75.5,2022-08-06
-37.06338,10.712283,0,EPI_ISL_16611274,Omicron,BN.1.3,2022-12-26
-37.80727,9.199208,0,EPI_ISL_16524676,Omicron,BA.2.75.2,2022-11-26
-37.433086,9.158392,0,EPI_ISL_17432667,Omicron,XBB,2023-03-21
-37.063385,10.712747,0,EPI_ISL_17503517,Omicron,BN.1.3,2023-02-27
-38.295284,8.41945,0,EPI_ISL_16482813,Omicron,CH.1.1.7,2023-01-03
-37.061382,10.712943,0,EPI_ISL_16218011,Omicron,BN.1.7,2022-12-15
-37.898556,9.799764,0,EPI_ISL_16048468,Omicron,XBF,2022-12-06
-37.452267,9.895684,0,EPI_ISL_16412062,Omicron,XBF.7,2022-12-23
-37.822536,9.216432,0,EPI_ISL_16347089,Omicron,BM.1.1.3,2022-12-06
-37.452156,9.895725,0,EPI_ISL_17613847,Omicron,XBK.1,2023-04-17
-37.933624,9.522591,0,EPI_ISL_15854829,Omicron,BL.2,2022-10-11
-37.07312,10.697948,0,EPI_ISL_16224381,Omicron,BN.1.1.1,2022-11
-37.032852,10.623004,0,EPI_ISL_17002011,Omicron,BN.1.3.2,2023-02-18
-38.295494,8.419593,0,EPI_ISL_16456802,Omicron,CH.1.1,2023-01-03
-37.140884,10.771017,0,EPI_ISL_16406082,Omicron,BN.3.1,2022-12-26
-37.061367,10.71307,0,EPI_ISL_16490922,Omicron,BN.1.3.1,2023-01-03
-38.295425,8.41944,0,EPI_ISL_17007313,Omicron,CH.1.1.3,2023-02-14
-37.062237,10.712903,0,EPI_ISL_16595331,Omicron,BN.1.4.2,2022-12-19
-37.160133,10.712444,0,EPI_ISL_15154451,Omicron,BN.4,2022-09-13
-38.295307,8.419591,0,EPI_ISL_15830320,Omicron,CH.1.1.3,2022-11-10
-38.295555,8.399083,0,EPI_ISL_17486449,Omicron,CH.1.1.3,2023-04-02
-37.42097,10.007263,0,EPI_ISL_15617555,Omicron,BN.1.4,2022-10-06
-38.29525,8.419469,0,EPI_ISL_17068606,Omicron,CH.1.1.1,2023-02-13
-38.295277,8.419411,0,EPI_ISL_17685116,Omicron,CH.1.1.3,2022-12-22
-37.06145,10.712971,0,EPI_ISL_16288271,Omicron,BN.1.3,2022-12-17
-37.06139,10.713065,0,EPI_ISL_16505982,Omicron,BN.1.2,2022-12-22
-37.06339,10.712257,0,EPI_ISL_16545483,Omicron,BN.1.2,2023-01-02
-38.295406,8.4188795,0,EPI_ISL_16336001,Omicron,CH.1.1.2,2022-12-14
-38.29531,8.41987,0,EPI_ISL_16713644,Omicron,CH.1.1,2023-01-19
-37.825314,9.215875,0,EPI_ISL_15510073,Omicron,BM.4.1.1,2022-10-11
-38.297325,8.436722,0,EPI_ISL_17390982,Omicron,CH.1.1,2023-03-08
-37.063477,10.712252,0,EPI_ISL_15812038,Omicron,BN.1.5,2022-11-09
-37.065556,10.720685,0,EPI_ISL_16461320,Omicron,BN.1.5.2,2022-12-20
-38.20442,9.525183,0,EPI_ISL_15809316,Omicron,BA.2.75.1,2022-10-24
-37.062202,10.712807,0,EPI_ISL_17248969,Omicron,BN.1.3.1,2023-03-05
-38.20446,9.525171,0,EPI_ISL_15041972,Omicron,BA.2.75.1,2022-08-31
-37.026436,10.62611,0,EPI_ISL_17089500,Omicron,BN.1.3.2,2023-02-13
-38.29531,8.418952,0,EPI_ISL_17022861,Omicron,CH.1.1.1,2023-02-12
-38.295486,8.418795,0,EPI_ISL_17306437,Omicron,CH.1.1.1,2023-03-10
-37.42858,9.944438,0,EPI_ISL_17080054,Omicron,XBK.1,2023-02-23
-38.20448,9.525253,0,EPI_ISL_14603945,Omicron,BA.2.75,2022-08-11
-38.29552,8.418685,0,EPI_ISL_16584698,Omicron,CH.1.1.1,2023-01-04
-38.295338,8.419731,0,EPI_ISL_17370698,Omicron,CH.1.1.1,2022-12-13
-38.29544,8.419429,0,EPI_ISL_16763317,Omicron,BM.1.1.5,2023-01-22
-37.044598,10.751459,0,EPI_ISL_15857617,Omicron,BN.1.2,2022-10-29
-38.28201,9.431456,0,EPI_ISL_14862007,Omicron,BA.2.75.1,2022-08-15
-37.06332,10.712765,0,EPI_ISL_17088264,Omicron,BN.1.2,2023-01-19
-37.962097,9.463831,0,EPI_ISL_15027423,Omicron,BL.1,2022-09-03
-37.84929,10.219508,0,EPI_ISL_15854886,Omicron,BA.2.75.5,2022-08-29
-37.07771,10.651578,0,EPI_ISL_17424064,Omicron,BN.1.8,2022-11-23
-38.149044,8.755935,0,EPI_ISL_17075212,Omicron,BR.2,2023-02-27
-37.06682,10.694688,0,EPI_ISL_15617485,Omicron,BN.1.4,2022-10-03
-38.177376,8.703746,0,EPI_ISL_16808858,Omicron,BR.2.1,2023-01-24
-37.06334,10.712453,0,EPI_ISL_17017627,Omicron,BN.1.2,2023-01-30
-37.062298,10.713218,0,EPI_ISL_17002301,Omicron,BN.1.3.1,2023-02-18
-37.063374,10.712618,0,EPI_ISL_17247670,Omicron,BN.1.7,2023-02-17
-37.061344,10.71317,0,EPI_ISL_17282431,Omicron,Unassigned,2023-03-13
-37.82525,9.215875,0,EPI_ISL_15508327,Omicron,XBD,2022-09-23
-37.833763,9.177628,0,EPI_ISL_15617465,Omicron,BM.4.1.1,2022-09-19
-38.295307,8.419605,0,EPI_ISL_16978355,Omicron,CH.1.1.1,2023-02-09
-38.29539,8.419517,0,EPI_ISL_16938491,Omicron,CH.1.1.1,2023-02-07
-38.29546,8.419662,0,EPI_ISL_16652012,Omicron,CH.1.1.3,2022-12-29
-38.29547,8.419531,0,EPI_ISL_16547289,Omicron,CH.1.1.1,2022-12-23
-37.06349,10.712422,0,EPI_ISL_15951611,Omicron,BN.1.4,2022-11-13
-38.29537,8.41889,0,EPI_ISL_16956880,Omicron,CH.1.1,2023-01-27
-37.825375,9.215809,0,EPI_ISL_15379656,Omicron,BY.1,2022-10-03
-38.295444,8.418927,0,EPI_ISL_17098249,Omicron,CH.1.1.1,2023-02-25
-37.462353,9.745108,0,EPI_ISL_16315149,Omicron,XBF,2022-12-14
-38.295425,8.419486,0,EPI_ISL_17480131,Omicron,CH.1.1.1,2023-03-29
-38.295406,8.419564,0,EPI_ISL_16613183,Omicron,CH.1.1.1,2023-01-10
-37.047215,10.7464485,0,EPI_ISL_16466258,Omicron,BN.1.3,2022-11-16
-37.063347,10.712652,0,EPI_ISL_16417379,Omicron,EJ.2,2022-12-15
-37.849308,10.219508,0,EPI_ISL_15275257,Omicron,BN.6,2022-09-25
-37.45221,9.895689,0,EPI_ISL_16906672,Omicron,XBK.1,2023-01-31
-38.295494,8.419465,0,EPI_ISL_16676370,Omicron,CH.1.1,2023-01-17
-37.063343,10.712907,0,EPI_ISL_15841123,Omicron,BN.1.3,2022-11-06
-38.21468,9.520818,0,EPI_ISL_15030991,Omicron,BA.2.75.1,2022-08-05
-37.032852,10.622935,0,EPI_ISL_16972548,Omicron,BN.1.3.4,2023-01-17
-37.407326,9.981221,0,EPI_ISL_16837929,Omicron,XBF,2023-01-23
-38.295284,8.419556,0,EPI_ISL_16285465,Omicron,CH.1.1.3,2022-12-21
-37.063396,10.7125025,0,EPI_ISL_15907441,Omicron,BN.1.2,2022-11-18
-37.452213,9.895726,0,EPI_ISL_16902322,Omicron,XBF.2,2023-01-29
-37.06335,10.712695,0,EPI_ISL_16083150,Omicron,BN.1.4,2022-11-21
-37.068222,10.712674,0,EPI_ISL_15733674,Omicron,BN.1.3,2022-10-22
-37.06151,10.712777,0,EPI_ISL_16475548,Omicron,BN.1.2,2023-01-02
-37.82546,9.215852,0,EPI_ISL_16368875,Omicron,BN.1.4,2022-11-03
-38.295456,8.418913,0,EPI_ISL_17045867,Omicron,DV.1.1,2023-02-20
-38.164806,9.661746,0,EPI_ISL_14807723,Omicron,BA.2.75,2022-08-18
-37.823902,9.216466,0,EPI_ISL_15387228,Omicron,BA.2.75.2,2022-09-30
-37.825447,9.215876,0,EPI_ISL_15914930,Omicron,Unassigned,2022-11-08
-37.452213,9.895686,0,EPI_ISL_16134022,Omicron,XBF,2022-12-03
-38.29537,8.419674,0,EPI_ISL_17660849,Omicron,CH.1.1.3,2023-04-27
-37.0634,10.71248,0,EPI_ISL_15610560,Omicron,BN.1,2022
-38.299274,8.421383,0,EPI_ISL_16887522,Omicron,CH.1.1.3,2023-01-25
-37.063995,10.712972,0,EPI_ISL_17548942,Omicron,BN.1.7,2023-04-05
-37.07674,10.672388,0,EPI_ISL_16381932,Omicron,BN.1.2,2022-12-20
-37.06332,10.712881,0,EPI_ISL_15974589,Omicron,BN.1.5,2022-11-21
-38.295593,8.419356,0,EPI_ISL_16468164,Omicron,CH.1.1.1,2022-12-29
-37.962105,9.463831,0,EPI_ISL_15970132,Omicron,BL.1,2022-11-02
-37.452213,9.895686,0,EPI_ISL_16074163,Omicron,XBF.2,2022-12-06
-37.9621,9.463831,0,EPI_ISL_15896883,Omicron,BL.2,2022-11-03
-38.29533,8.419659,0,EPI_ISL_17656330,Omicron,CH.1.1.3,2023-04-07
-37.063736,10.711791,0,EPI_ISL_16064630,Omicron,Unassigned,2022-11-28
-37.82242,9.216372,0,EPI_ISL_16096066,Omicron,BM.1.1.3,2022-11-24
-38.295437,8.419692,0,EPI_ISL_17347155,Omicron,CH.1.1.3,2023-03-17
-38.20448,9.525189,0,EPI_ISL_14196573,Omicron,BA.2.75,2022-07-19
-38.29552,8.419501,0,EPI_ISL_17437839,Omicron,CH.1.1.1,2023-03-21
-37.45219,9.895703,0,EPI_ISL_16600944,Omicron,CJ.1,2022-12-31
-38.3025,8.423161,0,EPI_ISL_16886475,Omicron,CH.1.1,2023-01-24
-38.295444,8.418948,0,EPI_ISL_17075071,Omicron,CH.1.1.3,2023-02-10
-38.177834,8.703556,0,EPI_ISL_16668191,Omicron,BR.2.1,2023-01-10
-37.0633,10.712452,0,EPI_ISL_16600241,Omicron,BN.1.3,2022-12-31
-37.063564,10.712082,0,EPI_ISL_16912142,Omicron,BN.1.3,2023-01-16
-37.06357,10.712177,0,EPI_ISL_16008677,Omicron,BN.1.3,2022-11-17
-37.063343,10.712585,0,EPI_ISL_16519851,Omicron,Unassigned,2023-01-02
-37.063534,10.712124,0,EPI_ISL_16413332,Omicron,EJ.2,2022-11-29
-37.023067,10.788787,0,EPI_ISL_15720432,Omicron,BN.1.3,2022-10
-38.295284,8.4191065,0,EPI_ISL_17547843,Omicron,CH.1.1.3,2023-04-04
-37.84928,10.219567,0,EPI_ISL_15202985,Omicron,BA.2.75.5,2022-09-23
-37.063717,10.711842,0,EPI_ISL_16419577,Omicron,BN.1.3,2022-11-29
-38.304947,8.403406,0,EPI_ISL_16513678,Omicron,BA.2,2022-12-20
-38.369915,8.418998,0,EPI_ISL_15968274,Omicron,CH.1.1.7,2022-11-28
-38.05353,9.208638,0,EPI_ISL_15937076,Omicron,BM.1,2022
-38.295387,8.419434,0,EPI_ISL_17386860,Omicron,CH.1.1.1,2023-03-20
-37.452187,9.895718,0,EPI_ISL_16306103,Omicron,XBK,2022-12-20
-37.962105,9.463832,0,EPI_ISL_15941219,Omicron,BL.1,2022-09-19
-38.29524,8.419595,0,EPI_ISL_16978362,Omicron,CH.1.1.1,2023-02-06
-37.06145,10.712859,0,EPI_ISL_17235891,Omicron,Unassigned,2023-02-27
-37.96211,9.463832,0,EPI_ISL_16729840,Omicron,CB.1,2022-11-29
-37.055477,10.72401,0,EPI_ISL_16715960,Omicron,BN.1.2.1,2023-01-09
-37.843616,9.124284,0,EPI_ISL_14584615,Omicron,BY.1,2022-08-07
-38.295353,8.419645,0,EPI_ISL_17350982,Omicron,CH.1.1.3,2023-01-14
-37.063396,10.712593,0,EPI_ISL_17089964,Omicron,BN.1.3,2023-02-01
-37.96212,9.463821,0,EPI_ISL_15213769,Omicron,BL.1.1,2022-09-11
-38.3613,8.266918,0,EPI_ISL_16907579,Omicron,CB.1,2023-01-29
-37.06344,10.712269,0,EPI_ISL_16973976,Omicron,BN.1.2,2023-01-31
-37.063377,10.712195,0,EPI_ISL_17630718,Omicron,BN.1.2,2023-04-10
-37.825375,9.215832,0,EPI_ISL_16109484,Omicron,BM.1.1.3,2022-11-29
-37.063442,10.7123995,0,EPI_ISL_17230114,Omicron,BN.1.2,2023-03-05
-38.20453,9.525166,0,EPI_ISL_14933303,Omicron,BA.2.75,2022-08-04
-37.452187,9.895704,0,EPI_ISL_17324167,Omicron,XBF,2023-03-14
-38.29544,8.419314,0,EPI_ISL_17210186,Omicron,CH.1.1.3,2023-03-06
-37.033947,10.624387,0,EPI_ISL_16559400,Omicron,BN.1.3.2,2022-12-22
-38.295425,8.419425,0,EPI_ISL_16645514,Omicron,CH.1.1.1,2023-01-14
-37.876534,9.072319,0,EPI_ISL_15611020,Omicron,CB.1,2022-08-16
-37.063248,10.712543,0,EPI_ISL_16523552,Omicron,BN.1,2022-12-19
-37.452164,9.895733,0,EPI_ISL_17469149,Omicron,XBF,2023-03-22
-37.061485,10.712944,0,EPI_ISL_17089712,Omicron,BN.1.3,2023-01-29
-38.295334,8.419496,0,EPI_ISL_17520913,Omicron,CH.1.1.3,2023-03-28
-37.420967,10.007263,0,EPI_ISL_17503596,Omicron,BN.1.4.1,2023-03-08
-38.201603,9.150213,0,EPI_ISL_16224489,Omicron,BA.2,2022-11
-38.20444,9.525246,0,EPI_ISL_14933878,Omicron,BA.2.75.1,2022-08-29
-37.062008,10.713494,0,EPI_ISL_16723645,Omicron,BN.1.3,2023-01-11
-37.140892,10.771118,0,EPI_ISL_16804069,Omicron,Unassigned,2023-01-23
-37.951588,9.473349,0,EPI_ISL_14962783,Omicron,BL.1,2022-08-30
-37.45215,9.895742,0,EPI_ISL_16349223,Omicron,CJ.1,2022-12-21
-38.295315,8.419643,0,EPI_ISL_16937724,Omicron,CH.1.1,2023-02-03
-37.82528,9.217879,0,EPI_ISL_15440178,Omicron,BA.2.75.2,2022-10-09
-37.061947,10.713524,0,EPI_ISL_17165903,Omicron,Unassigned,2023-02-28
-38.295258,8.419628,0,EPI_ISL_17269799,Omicron,CH.1.1.1,2023-03-06
-38.44035,9.26025,0,EPI_ISL_13070589,Omicron,BA.2.12.1,2022-05-27
-37.06139,10.713,0,EPI_ISL_16600408,Omicron,BN.1,2023-01-01
-37.82544,9.215929,0,EPI_ISL_15777801,Omicron,BA.2.75.2,2022-10-16
-37.82416,9.216421,0,EPI_ISL_16186376,Omicron,BM.1.1.3,2022-11-16
-38.17778,8.703597,0,EPI_ISL_15820530,Omicron,BR.2.1,2022-11-05
-38.303326,8.388659,0,EPI_ISL_16954601,Omicron,CH.1.1.16,2023-01-30
-38.378136,8.232355,0,EPI_ISL_17078976,Omicron,CH.1.1.1,2023-02-17
-38.20449,9.525272,0,EPI_ISL_14853882,Omicron,BA.2.75.1,2022-08-28
-37.452183,9.895707,0,EPI_ISL_17564104,Omicron,CJ.1,2023-04-09
-37.825516,9.2156725,0,EPI_ISL_15308567,Omicron,BA.2.75.2,2022-09-26
-36.83585,10.1921215,0,EPI_ISL_16921755,Omicron,XBB,2022-12-02
-37.06149,10.712885,0,EPI_ISL_16615235,Omicron,BN.1.3.1,2023-01-02
-37.962112,9.463832,0,EPI_ISL_14987825,Omicron,BL.4,2022-08-20
-37.063465,10.712189,0,EPI_ISL_16010878,Omicron,BN.1,2022-11-15
-38.29548,8.418872,0,EPI_ISL_16584892,Omicron,CH.1.1.17,2023-01-11
-37.23287,9.750126,0,EPI_ISL_16943894,Omicron,XBB.1.5,2023-02-07
-38.354313,8.271176,0,EPI_ISL_16444878,Omicron,EF.1.1,2022-12-30
-37.063187,10.71247,0,EPI_ISL_16735277,Omicron,BN.1.4,2023-01-17
-38.329514,8.308604,0,EPI_ISL_17515845,Omicron,CH.1.1.18,2023-04-06
-38.29955,8.422951,0,EPI_ISL_17304491,Omicron,CH.1.1.1,2023-01-23
-38.295433,8.419596,0,EPI_ISL_17076650,Omicron,CH.1.1.1,2023-02-13
-37.073174,10.698067,0,EPI_ISL_16700326,Omicron,BN.1.1,2023-01-06
-38.17785,8.703581,0,EPI_ISL_16858178,Omicron,BR.2.1,2023-01-23
-37.055485,10.7240095,0,EPI_ISL_16440039,Omicron,BN.1.2.1,2022-12-20
-38.177788,8.703595,0,EPI_ISL_16952019,Omicron,BR.2.1,2023-01-27
-38.16481,9.661749,0,EPI_ISL_15149014,Omicron,BA.2.75.1,2022-09-18
-38.178234,8.633275,0,EPI_ISL_16639994,Omicron,CA.7,2023-01-16
-38.35697,8.897477,0,EPI_ISL_16669336,Omicron,BA.2,2022-12-20
-38.29533,8.419309,0,EPI_ISL_17166290,Omicron,Unassigned,2023-03-01
-37.063396,10.712656,0,EPI_ISL_17415061,Omicron,BN.1.3,2023-03-16
-37.452274,9.895677,0,EPI_ISL_17474243,Omicron,BM.1.1.1,2023-03-22
-37.825317,9.215971,0,EPI_ISL_14987877,Omicron,BM.1.1.3,2022-09-04
-38.29539,8.41945,0,EPI_ISL_17366137,Omicron,Unassigned,2023-03-20
-38.175755,8.71296,0,EPI_ISL_16495514,Omicron,BR.2.1,2022-12-31
-38.295433,8.419554,0,EPI_ISL_16874950,Omicron,Unassigned,2023-01-31
-37.452156,9.895737,0,EPI_ISL_16986622,Omicron,XBF,2023-02-07
-37.06149,10.713299,0,EPI_ISL_16485552,Omicron,BN.1.3.1,2023-01-02
-37.95825,9.187611,0,EPI_ISL_16022540,Omicron,BL.6,2022-10-10
-38.20508,9.525344,0,EPI_ISL_13719318,Omicron,BA.2.75,2022-06-24
-38.20448,9.525155,0,EPI_ISL_14807465,Omicron,BA.2.75.1,2022-08-16
-37.140903,10.771121,0,EPI_ISL_16011319,Omicron,BA.2.75.5,2022-11-16
-38.20439,9.525189,0,EPI_ISL_14175427,Omicron,BA.2.75.3,2022-07-04
-38.17285,8.729808,0,EPI_ISL_17535682,Omicron,BR.2.1,2023-04-02
-38.29549,8.418927,0,EPI_ISL_16810556,Omicron,CH.1.1.1,2023-01-15
-38.29544,8.419778,0,EPI_ISL_17171461,Omicron,CH.1.1.3,2023-02-15
-37.849304,10.219505,0,EPI_ISL_14917660,Omicron,BA.2.75.5,2022-09-07
-38.20449,9.52516,0,EPI_ISL_16970184,Omicron,BA.2.75,2022-07-20
-37.824158,9.216421,0,EPI_ISL_16342237,Omicron,BM.1.1,2022-12-20
-38.17828,8.632878,0,EPI_ISL_16132281,Omicron,CA.7,2022-12-02
-37.06229,10.716658,0,EPI_ISL_16550736,Omicron,BN.1.3.1,2022-12-19
-37.06359,10.712108,0,EPI_ISL_16506029,Omicron,BN.1.3.8,2022-12-22
-37.840717,9.61062,0,EPI_ISL_17448682,Omicron,BL.2,2022-08-16
-38.036068,9.350065,0,EPI_ISL_15854767,Omicron,BL.1,2022-08-22
-38.13607,8.797916,0,EPI_ISL_16994544,Omicron,BR.2.1,2023-02-07
-37.07317,10.689657,0,EPI_ISL_16697019,Omicron,BN.1.2,2022-12-31
-38.276314,8.43372,0,EPI_ISL_15794432,Omicron,BN.1.3,2022-10-31
-37.82545,9.215852,0,EPI_ISL_15641517,Omicron,BM.1.1.3,2022-10-25
-37.26126,10.169319,0,EPI_ISL_16742919,Omicron,BN.1.2,2022-12-23
-38.29263,8.406138,0,EPI_ISL_17189923,Omicron,CH.1.1,2023-02-23
-37.06352,10.712139,0,EPI_ISL_15893281,Omicron,BN.1.3.1,2022-11-08
-38.20446,9.525154,0,EPI_ISL_14550898,Omicron,BA.2.75.1,2022-07-18
-38.284397,8.43123,0,EPI_ISL_17229022,Omicron,CH.1.1.1,2023-03-01
-38.357483,8.785199,0,EPI_ISL_16760549,Omicron,BA.2.75.6,2023-01-22
-37.06341,10.712454,0,EPI_ISL_15610535,Omicron,BN.1,2022
-38.295486,8.419584,0,EPI_ISL_17008158,Omicron,CH.1.1,2023-02-13
-38.295673,8.419603,0,EPI_ISL_17505946,Omicron,CH.1.1.3,2023-03-17
-37.063797,10.711732,0,EPI_ISL_15932155,Omicron,BN.1.4,2022-10-31
-38.295498,8.423087,0,EPI_ISL_17504890,Omicron,CH.1.1.3,2023-03-29
-37.452168,9.895721,0,EPI_ISL_17349805,Omicron,XBF,2023-03-15
-38.29539,8.4197,0,EPI_ISL_16553708,Omicron,CH.1.1.1,2023-01-03
-38.29554,8.419629,0,EPI_ISL_17215162,Omicron,CH.1.1,2023-01-13
-38.295486,8.419544,0,EPI_ISL_17650342,Omicron,CH.1.1.1,2022-12
-38.177807,8.703578,0,EPI_ISL_16640113,Omicron,BR.2.1,2023-01-09
-37.06225,10.712778,0,EPI_ISL_17033534,Omicron,Unassigned,2023-02-06
-37.81005,9.210295,0,EPI_ISL_15216715,Omicron,BM.4.1.1,2022-09-22
-37.063156,10.712582,0,EPI_ISL_17650241,Omicron,BN.1.2,2022-12
-37.82537,9.21577,0,EPI_ISL_15728434,Omicron,BM.1.1,2022-10-24
-37.48996,9.816353,0,EPI_ISL_17062922,Omicron,XBF,2023-02-02
-37.825314,9.215973,0,EPI_ISL_15428364,Omicron,BA.2.75.2,2022-09-15
-37.06329,10.712835,0,EPI_ISL_16424260,Omicron,BN.1.7,2022-12-12
-37.062046,10.713384,0,EPI_ISL_16864941,Omicron,BN.1.2,2023-01-14
-38.29534,8.419479,0,EPI_ISL_17428343,Omicron,CH.1.1.3,2023-04-01
-38.338688,8.382199,0,EPI_ISL_16978230,Omicron,DV.1.1,2023-02-07
-37.825447,9.215928,0,EPI_ISL_15328499,Omicron,BA.2.75.2,2022-09-19
-38.295345,8.419747,0,EPI_ISL_17235481,Omicron,Unassigned,2023-02-27
-37.962116,9.463831,0,EPI_ISL_14285583,Omicron,BL.1,2022-07-26
-38.29541,8.419467,0,EPI_ISL_17050934,Omicron,CH.1.1.1,2023-02-15
-38.295403,8.41958,0,EPI_ISL_17248134,Omicron,CH.1.1.3,2023-02-22
-37.452198,9.895694,0,EPI_ISL_16568459,Omicron,CJ.1,2023-01-01
-38.37454,8.487115,0,EPI_ISL_16665707,Omicron,BR.1.2,2023-01-08
-37.45219,9.8957,0,EPI_ISL_16611823,Omicron,XBF,2023-01-10
-38.29564,8.419321,0,EPI_ISL_16457034,Omicron,CH.1.1.1,2023-01-03
-37.71616,9.299666,0,EPI_ISL_15794389,Omicron,CB.1,2022-10-31
-38.335125,8.445611,0,EPI_ISL_16980617,Omicron,CH.1.1.3,2023-02-01
-38.295403,8.418777,0,EPI_ISL_16996777,Omicron,CH.1.1.1,2023-02-10
-38.17779,8.703569,0,EPI_ISL_16613960,Omicron,BR.2.1,2023-01-11
-37.79916,9.341446,0,EPI_ISL_16353048,Omicron,BM.2.3,2022-10-11
-37.150845,10.580595,0,EPI_ISL_17235173,Omicron,Unassigned,2023-03-06
-38.439934,8.795774,0,EPI_ISL_17171811,Omicron,BR.5,2023-02-16
-37.063507,10.7121935,0,EPI_ISL_16305955,Omicron,BN.1,2022-12-19
-37.06148,10.712774,0,EPI_ISL_17373858,Omicron,BN.1,2023-03-12
-38.295403,8.419587,0,EPI_ISL_16693808,Omicron,CH.1.1.3,2023-01-03
-38.295387,8.419515,0,EPI_ISL_16963278,Omicron,CH.1.1.3,2023-01-29
-37.063557,10.712145,0,EPI_ISL_17563664,Omicron,BN.1.2,2023-04-05
-37.063503,10.712321,0,EPI_ISL_17214331,Omicron,BN.1.3,2022-11-29
-38.164978,8.638857,0,EPI_ISL_16640549,Omicron,CA.7,2022-12-30
-37.06135,10.713042,0,EPI_ISL_16715874,Omicron,BN.1.2.4,2023-01-08
-37.04455,10.751508,0,EPI_ISL_16121845,Omicron,BN.1.2,2022-11-09
-37.063335,10.712317,0,EPI_ISL_15670904,Omicron,BN.1.3,2022-11-01
-37.06549,10.72078,0,EPI_ISL_16976360,Omicron,BN.1.3,2023-01-28
-38.295418,8.419781,0,EPI_ISL_17189075,Omicron,CH.1.1.3,2023-03-06
-38.295444,8.419458,0,EPI_ISL_16594551,Omicron,CH.1.1,2022-12-20
-37.825317,9.2159195,0,EPI_ISL_15783554,Omicron,BY.1,2022-10-26
-38.17782,8.703599,0,EPI_ISL_16702471,Omicron,BR.2.1,2023-01-11
-38.29555,8.419412,0,EPI_ISL_17640925,Omicron,CH.1.1.3,2023-04-09
-37.061512,10.712768,0,EPI_ISL_16592790,Omicron,BN.1.4,2023-01-04
-38.295307,8.41878,0,EPI_ISL_16406976,Omicron,CH.1.1.11,2022-12-23
-37.19546,9.795819,0,EPI_ISL_17445428,Omicron,Unassigned,2023-03-14
-37.84936,10.219123,0,EPI_ISL_15419953,Omicron,BA.2.75.5,2022
-38.36132,8.266918,0,EPI_ISL_16647695,Omicron,XBU,2022-12-29
-38.287766,8.440161,0,EPI_ISL_16900635,Omicron,CH.1.1.3,2023-01-15
-37.483562,9.848199,0,EPI_ISL_17171490,Omicron,CJ.1,2023-02-15
-37.062992,10.71285,0,EPI_ISL_17629777,Omicron,BN.1.2,2023-04-14
-38.298058,8.436134,0,EPI_ISL_17241419,Omicron,CH.1.1,2023-03-09
-37.82546,9.215928,0,EPI_ISL_14938883,Omicron,BM.4.1.1,2022-09-01
-37.45095,9.818513,0,EPI_ISL_16449561,Omicron,XBB,2022-11-04
-37.048126,10.7397175,0,EPI_ISL_17033541,Omicron,Unassigned,2023-02-06
-37.04459,10.751458,0,EPI_ISL_15300616,Omicron,BN.1.3,2022-08-25
-38.177807,8.703583,0,EPI_ISL_16523527,Omicron,BR.2.1,2022-12-16
-38.177795,8.703608,0,EPI_ISL_16925284,Omicron,BR.2.1,2023-01-30
-37.641968,9.492972,0,EPI_ISL_16074824,Omicron,CA.3,2022-11-11
-37.07306,10.702408,0,EPI_ISL_16053574,Omicron,BN.1.5,2022-11-10
-37.06227,10.712613,0,EPI_ISL_15617536,Omicron,BN.1.4.1,2022-10-01
-38.290302,8.445097,0,EPI_ISL_17006826,Omicron,CH.1.1,2023-02-08
-38.439934,8.795778,0,EPI_ISL_17294226,Omicron,BR.5,2023-03-01
-38.053528,9.208639,0,EPI_ISL_14358963,Omicron,BA.2.75.7,2022-07-28
-38.177773,8.703602,0,EPI_ISL_16495718,Omicron,BR.2.1,2022-12-23
-37.93272,10.218662,0,EPI_ISL_14735983,Omicron,BA.2.75.5,2022-08-17
-38.29557,8.418733,0,EPI_ISL_17063821,Omicron,CH.1.1.3,2023-02-16
-38.22126,8.546946,0,EPI_ISL_16609984,Omicron,CV.1,2023-01-09
-37.82533,9.215866,0,EPI_ISL_16725283,Omicron,BM.4.1.1,2022-12-02
-37.063522,10.712169,0,EPI_ISL_17089648,Omicron,BN.1,2023-02-15
-38.31439,8.3687315,0,EPI_ISL_17192663,Omicron,CH.1.1,2023-03-01
-37.0633,10.71239,0,EPI_ISL_15861913,Omicron,BN.1.2,2022-11-09
-37.0732,10.697936,0,EPI_ISL_16432239,Omicron,BN.1.1,2022-12-05
-38.29543,8.419852,0,EPI_ISL_16167552,Omicron,CH.1.1.2,2022-12-09
-37.06339,10.712448,0,EPI_ISL_16887415,Omicron,BN.1.3,2023-01-06
-38.31401,8.365353,0,EPI_ISL_16905182,Omicron,CH.1.1.11,2023-02-08
-37.06356,10.712239,0,EPI_ISL_15981525,Omicron,BN.1.2.2,2022-11-17
-38.295555,8.419468,0,EPI_ISL_16757635,Omicron,CH.1.1.19,2023-01-25
-38.20451,9.525217,0,EPI_ISL_15328385,Omicron,BA.2.75.1,2022-09-08
-37.063538,10.712306,0,EPI_ISL_17105286,Omicron,BN.1.4,2023-02-28
-37.06338,10.712631,0,EPI_ISL_17482055,Omicron,BN.1.2,2023-03-21
-37.9621,9.463831,0,EPI_ISL_14722496,Omicron,BM.2,2022-08-06
-37.825447,9.215875,0,EPI_ISL_16007249,Omicron,BA.2.75.2,2022-11-12
-38.29534,8.419392,0,EPI_ISL_16159387,Omicron,CH.1.1.18,2022-11-26
-37.063274,10.712641,0,EPI_ISL_17539016,Omicron,BN.1.2,2023-03-31
-37.230934,9.747839,0,EPI_ISL_17632282,Omicron,FD.2,2023-04-10
-37.94601,9.357097,0,EPI_ISL_15979826,Omicron,BL.6,2022-11-11
-38.20441,9.525223,0,EPI_ISL_14722518,Omicron,BA.2.75,2022-08-07
-38.17778,8.703586,0,EPI_ISL_16192539,Omicron,BR.2.1,2022-12-09
-37.06335,10.712347,0,EPI_ISL_16299869,Omicron,BN.1.2,2022-11-11
-37.062103,10.71336,0,EPI_ISL_17034990,Omicron,BN.1,2023-02-13
-37.073086,10.698076,0,EPI_ISL_16841163,Omicron,BN.1.1,2023-01-10
-37.84931,10.219475,0,EPI_ISL_15915068,Omicron,Unassigned,2022-11-07
-37.073154,10.698097,0,EPI_ISL_15955169,Omicron,BN.1.1,2022-11-21
-37.822426,9.216355,0,EPI_ISL_16000873,Omicron,BA.2.75.2,2022-11-24
-37.044586,10.751458,0,EPI_ISL_16638825,Omicron,EJ.2,2022-12-27
-37.15404,10.70876,0,EPI_ISL_16107244,Omicron,BN.4,2022-11-24
-38.29884,8.398595,0,EPI_ISL_17351015,Omicron,CH.1.1.2,2023-01-14
-38.317955,8.371358,0,EPI_ISL_17483092,Omicron,CH.1.1.3,2023-03-27
-38.29548,8.419412,0,EPI_ISL_16878125,Omicron,CH.1.1.15,2023-01-27
-37.452183,9.895709,0,EPI_ISL_17032399,Omicron,XBF.1,2023-02-13
-37.06353,10.711874,0,EPI_ISL_17283422,Omicron,Unassigned,2023-03-13
-37.15019,10.516475,0,EPI_ISL_16895781,Omicron,BM.1.1.3,2022-12-05
-37.825512,9.21621,0,EPI_ISL_15329899,Omicron,BY.1.2,2022-10-06
-37.057808,10.719776,0,EPI_ISL_16332851,Omicron,BN.1,2022-12-09
-37.735043,9.400285,0,EPI_ISL_15357326,Omicron,BM.4.1.1,2022-10-03
-37.063477,10.712316,0,EPI_ISL_17273488,Omicron,BN.1.2,2023-02-27
-37.063354,10.712278,0,EPI_ISL_16715414,Omicron,BN.1.3,2023-01-05
-37.403015,9.959384,0,EPI_ISL_17637989,Omicron,XBF,2023-04-22
-38.177784,8.703605,0,EPI_ISL_16246564,Omicron,BR.2.1,2022-12-07
-37.825405,9.217827,0,EPI_ISL_14584618,Omicron,BA.2.75.2,2022-08-09
-38.29536,8.419608,0,EPI_ISL_16913841,Omicron,CH.1.1.4,2023-01-17
-38.167297,8.643432,0,EPI_ISL_16008911,Omicron,CA.7,2022
-38.29522,8.419484,0,EPI_ISL_16985907,Omicron,CH.1.1.1,2023-02-13
-37.05698,10.7211685,0,EPI_ISL_16484644,Omicron,BN.1.3,2022-12-29
-38.295513,8.41953,0,EPI_ISL_16879687,Omicron,CH.1.1.3,2023-01-30
-38.29544,8.419379,0,EPI_ISL_16808746,Omicron,CH.1.1,2023-01-23
-37.063484,10.712189,0,EPI_ISL_17685285,Omicron,BN.1.3,2023-02-04
-38.29545,8.419381,0,EPI_ISL_16638132,Omicron,CH.1.1.4,2023-01-11
-38.290268,8.445138,0,EPI_ISL_16466183,Omicron,CH.1.1.2,2022-11-30
-37.063763,10.713469,0,EPI_ISL_15816328,Omicron,Unassigned,2022-11-03
-37.824173,9.216474,0,EPI_ISL_15894826,Omicron,XBD,2022-10-31
-37.45214,9.895747,0,EPI_ISL_17015553,Omicron,XBF.2,2023-02-11
-38.204422,9.525111,0,EPI_ISL_14985390,Omicron,BA.2.75.1,2022-08-21
-37.061398,10.713067,0,EPI_ISL_17090028,Omicron,BN.1.3,2023-02-01
-37.063755,10.712741,0,EPI_ISL_16533641,Omicron,BN.1.7,2022
-38.204422,9.525261,0,EPI_ISL_14995369,Omicron,BA.2.75.1,2022-08-30
-37.062145,10.713414,0,EPI_ISL_16686099,Omicron,Unassigned,2023-01-16
-38.295593,8.419246,0,EPI_ISL_16812692,Omicron,CH.1.1.11,2023-01-16
-37.144497,10.41452,0,EPI_ISL_16984449,Omicron,EP.1,2023-01-13
-37.05546,10.7240095,0,EPI_ISL_16495805,Omicron,BN.1.2.1,2023-01-06
-38.295578,8.418935,0,EPI_ISL_16917179,Omicron,CH.1.1.3,2023-02-03
-38.295456,8.419494,0,EPI_ISL_16723201,Omicron,CH.1.1.11,2023-01-16
-38.295506,8.418857,0,EPI_ISL_16550840,Omicron,CH.1.1.10,2022-12-19
-38.295315,8.4195,0,EPI_ISL_17598847,Omicron,CH.1.1.1,2023-04-13
-37.063572,10.711881,0,EPI_ISL_16742881,Omicron,BN.1.2,2022-12-20
-37.063248,10.712369,0,EPI_ISL_17273572,Omicron,BN.1.2,2023-03-01
-37.197536,10.611297,0,EPI_ISL_16449519,Omicron,BA.2.75,2022-11-08
-38.295483,8.419779,0,EPI_ISL_16948412,Omicron,CH.1.1.3,2023-02-02
-38.295574,8.419269,0,EPI_ISL_17575742,Omicron,CH.1.1.3,2022-12-29
-37.062145,10.71289,0,EPI_ISL_16617463,Omicron,BN.1.3,2023-01-16
-37.822414,9.216424,0,EPI_ISL_15830129,Omicron,BA.2.75.2,2022-11-08
-38.295223,8.419959,0,EPI_ISL_16663628,Omicron,CH.1.1,2023-01-09
-38.204464,9.525793,0,EPI_ISL_14976026,Omicron,BA.2.75.10,2022-07-19
-37.06224,10.713186,0,EPI_ISL_15852245,Omicron,BN.1.3,2022-11-09
-37.079407,10.551065,0,EPI_ISL_17085342,Omicron,BN.1,2023-02-20
-37.063206,10.712593,0,EPI_ISL_16048807,Omicron,BN.1.3,2022-11-23
-37.4522,9.895704,0,EPI_ISL_16947399,Omicron,XBF,2023-02-07
-37.817753,10.326348,0,EPI_ISL_15059301,Omicron,BN.3,2022-09-02
-37.452187,9.895713,0,EPI_ISL_16945851,Omicron,XBF.9,2023-01-31
-37.063236,10.712517,0,EPI_ISL_15887457,Omicron,BN.1.3,2022-10-05
-38.29561,8.419581,0,EPI_ISL_16062118,Omicron,CH.1.1.3,2022-12-03
-38.295483,8.419882,0,EPI_ISL_16879536,Omicron,CH.1.1,2023-01-28
-37.06354,10.712231,0,EPI_ISL_16904003,Omicron,BN.1.7,2023-01-29
-37.063774,10.711626,0,EPI_ISL_16569371,Omicron,BN.1.2,2022-12-23
-38.178337,8.633272,0,EPI_ISL_17020423,Omicron,CV.1,2023-02-03
-38.295444,8.418768,0,EPI_ISL_17317142,Omicron,CH.1.1.1,2023-03-20
-37.06352,10.712226,0,EPI_ISL_16715523,Omicron,BN.1,2023-01-05
-38.304893,8.395169,0,EPI_ISL_17579109,Omicron,CH.1.1.3,2023-01-14
-38.29561,8.418827,0,EPI_ISL_17683612,Omicron,CH.1.1,2023-05-09
-37.007393,10.798639,0,EPI_ISL_16943069,Omicron,Unassigned,2023-02-06
-37.094833,10.615687,0,EPI_ISL_16465331,Omicron,BN.1.4,2022-11-11
-37.308937,10.564055,0,EPI_ISL_14599111,Omicron,BA.2.75.5,2022-07-31
-38.177685,8.702376,0,EPI_ISL_16910445,Omicron,BR.2.1,2023-01-30
-37.2561,10.171774,0,EPI_ISL_16389957,Omicron,BN.1.9,2022-11-14
-38.19384,8.953159,0,EPI_ISL_16628580,Omicron,BM.2,2022-10-26
-37.40519,10.000363,0,EPI_ISL_16902307,Omicron,XBF.2,2023-01-24
-38.229095,9.516621,0,EPI_ISL_15075466,Omicron,BL.4,2022
-37.06353,10.711882,0,EPI_ISL_16359752,Omicron,BN.1.3,2022-12-09
-37.055534,10.725462,0,EPI_ISL_16611881,Omicron,BN.1.2.1,2023-01-10
-38.1778,8.703599,0,EPI_ISL_16584746,Omicron,BR.2.1,2023-01-04
-37.06337,10.7126255,0,EPI_ISL_17648560,Omicron,BN.1.3,2023-04-23
-37.052765,10.739444,0,EPI_ISL_15916878,Omicron,BN.1.5,2022-11-10
-37.82531,9.21592,0,EPI_ISL_15856847,Omicron,BM.4.1.1,2022-10-17
-37.42788,9.9001,0,EPI_ISL_17010705,Omicron,Unassigned,2023-02-13
-37.154037,10.708759,0,EPI_ISL_16647669,Omicron,BN.4,2022-12-20
-37.063293,10.712557,0,EPI_ISL_16578492,Omicron,BN.1.3,2022-12-29
-37.06142,10.713051,0,EPI_ISL_16950436,Omicron,BN.1.2,2023-01-25
-38.277237,8.455705,0,EPI_ISL_16918789,Omicron,CH.1.1,2023-01-24
-38.295506,8.4193735,0,EPI_ISL_17383402,Omicron,CH.1.1.3,2023-02-03
-37.958263,9.187612,0,EPI_ISL_16419094,Omicron,BL.6,2022-12-15
-37.825447,9.215981,0,EPI_ISL_15902184,Omicron,BM.1.1,2022-11-07
-38.251076,8.49941,0,EPI_ISL_16212827,Omicron,CH.1.1,2022-12-15
-38.29536,8.419483,0,EPI_ISL_16903266,Omicron,CH.1.1.1,2023-02-02
-37.063343,10.712966,0,EPI_ISL_17600940,Omicron,BN.1.7,2023-04-05
-38.295418,8.419459,0,EPI_ISL_17540633,Omicron,CH.1.1.3,2023-04-07
-37.032856,10.6229315,0,EPI_ISL_16971749,Omicron,BN.1.3.2,2023-01-26
-38.284615,8.434603,0,EPI_ISL_16174511,Omicron,CH.1,2022-11-09
-37.140858,10.771195,0,EPI_ISL_16402273,Omicron,BN.3.1,2022-12-19
-38.204483,9.5251665,0,EPI_ISL_15170885,Omicron,BA.2.75.1,2022-09-26
-37.82254,9.216484,0,EPI_ISL_16008553,Omicron,BA.2.75.2,2022-11-24
-37.062103,10.7129,0,EPI_ISL_16568783,Omicron,BN.1.3,2023-01-05
-38.57992,8.608305,0,EPI_ISL_14716148,Omicron,BA.5,2022-08-20
-38.29551,8.418787,0,EPI_ISL_17328631,Omicron,CH.1.1.1,2023-02-27
-37.061462,10.713002,0,EPI_ISL_16342416,Omicron,BN.1.2,2022-12-09
-38.295322,8.419565,0,EPI_ISL_16503048,Omicron,CH.1.1.1,2022-12-15
-37.063446,10.7125225,0,EPI_ISL_16600730,Omicron,BN.1.4.3,2022-12-29
-37.063366,10.712515,0,EPI_ISL_16159401,Omicron,BN.1.4,2022-11-21
-38.283794,8.448588,0,EPI_ISL_17209541,Omicron,CH.1.1.2,2023-02-18
-37.032833,10.623001,0,EPI_ISL_17172946,Omicron,BN.1.3,2023-02-23
-38.30066,8.423065,0,EPI_ISL_17416768,Omicron,CH.1.1.3,2023-03-25
-38.204533,9.525102,0,EPI_ISL_15617386,Omicron,BA.2.75,2022-09-07
-37.032833,10.623,0,EPI_ISL_16950681,Omicron,BN.1.3.2,2023-01-24
-37.049347,10.6876745,0,EPI_ISL_17195666,Omicron,DS.1,2023-02-26
-37.452156,9.895728,0,EPI_ISL_16813693,Omicron,XBF,2023-01-10
-38.295406,8.419364,0,EPI_ISL_17367051,Omicron,Unassigned,2023-03-15
-37.449783,9.814362,0,EPI_ISL_15910760,Omicron,BA.2.75.2,2022-11-18
-38.2955,8.419395,0,EPI_ISL_17246860,Omicron,CH.1.1.5,2023-02-02
-37.06348,10.7123575,0,EPI_ISL_16901817,Omicron,BN.1.2,2023-01-21
-37.09241,10.634375,0,EPI_ISL_16428237,Omicron,BN.1.3,2022-12-23
-37.062283,10.712607,0,EPI_ISL_15978978,Omicron,BN.1.3,2022-11-22
-37.452213,9.895676,0,EPI_ISL_17034165,Omicron,XBF,2023-02-20
-37.962116,9.463832,0,EPI_ISL_16158702,Omicron,BL.1,2022-08-22
-37.84933,10.219151,0,EPI_ISL_16545803,Omicron,BN.4,2022-12-16
-36.96965,10.649853,0,EPI_ISL_17374883,Omicron,XBB.1.5.18,2023-03-07
-37.063316,10.71259,0,EPI_ISL_16482377,Omicron,BN.1.2,2022-12-22
-37.063526,10.711867,0,EPI_ISL_16216694,Omicron,DS.2,2022-11-30
-37.87694,9.098156,0,EPI_ISL_16353052,Omicron,CA.3,2022-11-03
-38.29535,8.41928,0,EPI_ISL_17178931,Omicron,CH.1.1.5,2023-03-01
-37.1409,10.77112,0,EPI_ISL_16268088,Omicron,BN.3.1,2022-12-14
-37.452198,9.895704,0,EPI_ISL_16475649,Omicron,XBF,2023-01-04
-36.96965,10.649852,0,EPI_ISL_16986540,Omicron,XBB.1.5.18,2023-02-11
-37.45226,9.895698,0,EPI_ISL_17647719,Omicron,CJ.1,2023-04-19
-38.18505,9.65,0,EPI_ISL_14288037,Omicron,BA.2.75,2022-08-02
-37.035355,9.984797,0,EPI_ISL_16900720,Omicron,BN.1.3,2023-01-16
-37.06218,10.712741,0,EPI_ISL_17597590,Omicron,BN.1.2,2023-01-17
-38.20444,9.525205,0,EPI_ISL_14575371,Omicron,BL.3,2022-08-08
-37.049618,10.726244,0,EPI_ISL_17427627,Omicron,BN.1.2,2022-11-25
-38.295452,8.419689,0,EPI_ISL_17074706,Omicron,CH.1.1.3,2023-02-18
-38.295525,8.419542,0,EPI_ISL_17561052,Omicron,CH.1.1.7,2023-04-18
-38.29532,8.419454,0,EPI_ISL_16285618,Omicron,CH.1.1,2022-12-21
-37.53189,9.055847,0,EPI_ISL_17068341,Omicron,Unassigned,2023-02-18
-37.452206,9.895685,0,EPI_ISL_16691130,Omicron,XBF,2023-01-18
-38.295452,8.420006,0,EPI_ISL_16533958,Omicron,CH.1.1,2023-01-11
-37.962116,9.46383,0,EPI_ISL_15511872,Omicron,BL.1,2022-10-09
-37.140865,10.771196,0,EPI_ISL_16951405,Omicron,BN.3.1,2023-02-06
-37.14313,10.788331,0,EPI_ISL_16446156,Omicron,BN.3.1,2022-12-12
-38.29551,8.419694,0,EPI_ISL_16951814,Omicron,CH.1.1.3,2022-12-16
-38.204388,9.52602,0,EPI_ISL_16303399,Omicron,BA.2.75,2022-08-19
-38.126614,8.679609,0,EPI_ISL_16519639,Omicron,Unassigned,2023-01-02
-38.295345,8.419449,0,EPI_ISL_16071760,Omicron,CH.1.1.3,2022-11-29
-37.232956,9.750113,0,EPI_ISL_17075401,Omicron,XBB,2023-02-19
-37.044544,10.751509,0,EPI_ISL_16638815,Omicron,BN.1.2,2022-12-23
-38.204426,9.5252285,0,EPI_ISL_14371453,Omicron,BA.2.75,2022-07-16
-37.073154,10.698084,0,EPI_ISL_16900929,Omicron,BN.1.1,2023-01-18
-37.07383,10.689672,0,EPI_ISL_15758175,Omicron,BN.1.3.1,2022-11-07
-37.03285,10.623,0,EPI_ISL_16948839,Omicron,BN.1.3.2,2023-01-12
-37.032887,10.622925,0,EPI_ISL_17076005,Omicron,BN.1.4,2023-02-16
-37.452194,9.895712,0,EPI_ISL_16617773,Omicron,XBF,2023-01-04
-37.45216,9.895733,0,EPI_ISL_15935192,Omicron,CJ.1,2022-11-14
-37.4522,9.8956995,0,EPI_ISL_16584991,Omicron,XBF,2023-01-13
-37.063484,10.712428,0,EPI_ISL_16833372,Omicron,EJ.2,2022-12-10
-38.29542,8.419272,0,EPI_ISL_17396523,Omicron,CH.1.1.1,2023-02-28
-37.063545,10.711991,0,EPI_ISL_17600987,Omicron,BN.1.3.1,2023-04-12
-38.295387,8.419309,0,EPI_ISL_17283363,Omicron,Unassigned,2023-03-13
-38.29527,8.419332,0,EPI_ISL_17360187,Omicron,CH.1.1.3,2023-03-16
-38.18776,8.688418,0,EPI_ISL_16947458,Omicron,BR.2.1,2023-02-09
-38.20436,9.525205,0,EPI_ISL_15276614,Omicron,BA.2.75.1,2022-09-05
-37.029327,10.762282,0,EPI_ISL_16513821,Omicron,BN.1.1,2022-12-20
-37.063553,10.712203,0,EPI_ISL_15645674,Omicron,XBB,2022-10-24
-37.06336,10.712174,0,EPI_ISL_16682293,Omicron,BN.1.3,2023-01-21
-37.54607,9.1317,0,EPI_ISL_16752525,Omicron,XBB.1.5.32,2023-01-04
-37.063435,10.712055,0,EPI_ISL_15892000,Omicron,DS.1,2022-10-14
-38.21175,8.807262,0,EPI_ISL_17006626,Omicron,CH.1.1.1,2023-02-17
-37.84932,10.219119,0,EPI_ISL_15350825,Omicron,BA.2.75.5,2022-09-19
-38.440346,9.260242,0,EPI_ISL_14194152,Omicron,BA.2.12.1,2022-07-22
-37.197536,10.611296,0,EPI_ISL_16423228,Omicron,BM.1.1.3,2022-12-15
-38.251064,8.499409,0,EPI_ISL_16049200,Omicron,CA.3.1,2022-11-26
-37.04315,10.756739,0,EPI_ISL_17171726,Omicron,BN.1.2.1,2023-02-16
-38.29538,8.419398,0,EPI_ISL_16546911,Omicron,CH.1.1.2,2023-01-02
-37.452225,9.895712,0,EPI_ISL_17029928,Omicron,XBF,2023-02-15
-37.063477,10.712026,0,EPI_ISL_16295029,Omicron,BN.1.5,2022-12-01
-38.295383,8.419553,0,EPI_ISL_16956498,Omicron,CH.1.1.3,2023-01-04
-38.295612,8.419503,0,EPI_ISL_17155507,Omicron,CH.1.1.3,2023-02-27
-36.791817,10.441349,0,EPI_ISL_15966044,Omicron,BN.1.9,2022-11-08
-37.0634,10.712524,0,EPI_ISL_14987834,Omicron,BN.1.5,2022-08-22
-38.29555,8.419338,0,EPI_ISL_17236219,Omicron,CH.1.1.1,2023-02-24
-38.295315,8.419812,0,EPI_ISL_16678015,Omicron,CH.1.1.1,2022-12-19
-38.191227,8.6552925,0,EPI_ISL_16584645,Omicron,BR.2.1,2023-01-07
-37.082916,10.767983,0,EPI_ISL_17251777,Omicron,BN.1.5,2022-12-02
-37.82242,9.216372,0,EPI_ISL_15168336,Omicron,BM.1.1.3,2022-09-14
-38.295357,8.420083,0,EPI_ISL_17513605,Omicron,CH.1.1,2023-03-28
-37.05089,10.791822,0,EPI_ISL_16600314,Omicron,BN.1.3,2023-01-01
-38.23414,9.487428,0,EPI_ISL_14642527,Omicron,BA.2.75,2022-08-15
-37.05401,10.728532,0,EPI_ISL_16328962,Omicron,BN.1.2.1,2022-12-22
-38.531628,8.956266,0,EPI_ISL_16286965,Omicron,BN.3,2022-12-15
-38.025616,9.261882,0,EPI_ISL_15602422,Omicron,BL.1,2022-10-09
-37.45216,9.895726,0,EPI_ISL_17047075,Omicron,CJ.1,2023-02-03
-38.177788,8.703593,0,EPI_ISL_16912170,Omicron,BR.2.1,2023-01-24
-37.063477,10.712506,0,EPI_ISL_17039825,Omicron,BN.1.5,2022-10-14
-38.295574,8.419502,0,EPI_ISL_17646999,Omicron,CH.1.1.3,2023-04-21
-38.30337,8.412729,0,EPI_ISL_17018328,Omicron,CH.1.1.3,2023-02-10
-37.05606,10.726204,0,EPI_ISL_16505759,Omicron,BN.1.3,2022-12-21
-37.82276,9.203366,0,EPI_ISL_15693429,Omicron,BA.2.75.2,2022-10-03
-38.303345,8.412731,0,EPI_ISL_17383034,Omicron,CH.1.1.3,2023-03-17
-37.823902,9.216361,0,EPI_ISL_15531836,Omicron,BM.1.1,2022-10-12
-37.063423,10.712133,0,EPI_ISL_16901837,Omicron,BN.1.2.2,2023-01-21
-37.420967,10.007264,0,EPI_ISL_15840557,Omicron,BM.1.1.1,2022-11-04
-37.063507,10.712334,0,EPI_ISL_16716393,Omicron,BN.1.3,2022-12-26
-38.204437,9.525921,0,EPI_ISL_13727120,Omicron,BA.2.75,2022-06-30
-37.06351,10.712387,0,EPI_ISL_17231067,Omicron,BN.1.3,2023-02-25
-38.20449,9.525228,0,EPI_ISL_15742952,Omicron,BA.2.75.1,2022-11-04
-38.295532,8.419661,0,EPI_ISL_17618236,Omicron,CH.1.1.3,2023-02-02
-37.825447,9.21577,0,EPI_ISL_15469913,Omicron,XBD,2022-10-05
-37.06346,10.711906,0,EPI_ISL_15259717,Omicron,BN.1.6,2022-09-27
-37.962105,9.463832,0,EPI_ISL_16832965,Omicron,BL.1,2022-11-08
-38.295315,8.419923,0,EPI_ISL_16686769,Omicron,Unassigned,2023-01-12
-38.204372,9.525223,0,EPI_ISL_14353750,Omicron,BA.2.75,2022-08-03
-38.29547,8.419801,0,EPI_ISL_16495098,Omicron,CH.1.1.11,2022-12-15
-37.063557,10.712111,0,EPI_ISL_17016011,Omicron,BN.1.2,2023-01-06
-37.063393,10.71229,0,EPI_ISL_16584204,Omicron,BN.1.3,2023-01-01
-37.876575,9.072344,0,EPI_ISL_16099096,Omicron,CB.1,2022-11-17
-37.4522,9.895694,0,EPI_ISL_15996315,Omicron,Unassigned,2022-11-21
-37.962116,9.463831,0,EPI_ISL_15031292,Omicron,BL.1,2022-09-14
-37.0636,10.712124,0,EPI_ISL_16521399,Omicron,BN.1,2022-12-31
-38.29521,8.419505,0,EPI_ISL_16122051,Omicron,CH.1.1.3,2022-11
-37.876514,9.072319,0,EPI_ISL_16591347,Omicron,CB.1,2022-12-01
-38.295403,8.419531,0,EPI_ISL_17153778,Omicron,CH.1.1.3,2023-02-24
-37.061504,10.712813,0,EPI_ISL_16286892,Omicron,BN.1.5,2022-12-05
-37.063465,10.712142,0,EPI_ISL_16890639,Omicron,BN.1,2022-11-30
-37.063847,10.711581,0,EPI_ISL_15642318,Omicron,BN.1.3,2022-10-19
-37.06146,10.712912,0,EPI_ISL_15967836,Omicron,BN.1.3,2022-11-21
-37.05647,10.724259,0,EPI_ISL_17604259,Omicron,BN.1.2,2023-04-11
-37.15404,10.70876,0,EPI_ISL_16481443,Omicron,BN.1.2,2023-01-09
-37.144497,10.414514,0,EPI_ISL_16899330,Omicron,EP.1,2023-02-05
-37.452206,9.895685,0,EPI_ISL_16502628,Omicron,XBF,2022-12-29
-38.295486,8.419436,0,EPI_ISL_17347576,Omicron,CH.1.1.3,2023-03-15
-38.295513,8.41942,0,EPI_ISL_17611523,Omicron,CH.1.1.1,2023-04-02
-37.063442,10.712532,0,EPI_ISL_15259642,Omicron,BN.1.6,2022-09-28
-38.537518,8.829799,0,EPI_ISL_16185109,Omicron,BR.4,2022-11-28
-37.06151,10.71286,0,EPI_ISL_17683962,Omicron,BN.1.3,2023-05-05
-37.452217,9.895678,0,EPI_ISL_16736384,Omicron,XBF.8.1,2023-01-23
-38.29527,8.419764,0,EPI_ISL_16826976,Omicron,CH.1.1.1,2023-01-24
-38.295315,8.419565,0,EPI_ISL_16973882,Omicron,CH.1.1.3,2023-01-30
-37.02275,10.77247,0,EPI_ISL_17640693,Omicron,BN.1.2,2023-03-13
-38.295334,8.419652,0,EPI_ISL_17047788,Omicron,CH.1.1.3,2023-02-04
-37.295456,9.805187,0,EPI_ISL_17104050,Omicron,Unassigned,2023-02-15
-37.45217,9.895718,0,EPI_ISL_17174776,Omicron,XBF,2023-02-23
-38.295525,8.41963,0,EPI_ISL_16457244,Omicron,CH.1.1.1,2022-12-30
-37.810787,9.221253,0,EPI_ISL_15065717,Omicron,CJ.1,2022-09-06
-37.062134,10.713409,0,EPI_ISL_15826711,Omicron,BN.1,2022-11-13
-37.536324,9.318688,0,EPI_ISL_17427642,Omicron,BA.2.10.1,2023-02-19
-38.29547,8.419805,0,EPI_ISL_17447117,Omicron,CH.1.1.2,2023-03-21
-38.17779,8.703603,0,EPI_ISL_16910089,Omicron,BR.2.1,2023-01-12
-38.178295,8.632895,0,EPI_ISL_16724659,Omicron,CA.7,2022-12-27
-38.053543,9.20863,0,EPI_ISL_15724662,Omicron,BM.1.1.3,2022-11-01
-38.295452,8.419303,0,EPI_ISL_17292082,Omicron,CH.1.1.1,2023-03-16
-38.29541,8.419749,0,EPI_ISL_16824787,Omicron,CH.1.1.13,2023-01-27
-38.295475,8.419224,0,EPI_ISL_16760084,Omicron,CH.1.1.3,2023-01-10
-38.1778,8.703604,0,EPI_ISL_15533543,Omicron,BR.2,2022-10-24
-37.073074,10.698042,0,EPI_ISL_16286070,Omicron,BN.1.1,2022-11-30
-37.063557,10.712236,0,EPI_ISL_15896621,Omicron,BN.1,2022-11-24
-37.6754,9.465277,0,EPI_ISL_15941137,Omicron,BM.1.1.3,2022-10-22
-37.06367,10.711973,0,EPI_ISL_16107085,Omicron,BN.1.2.2,2022-11-21
-37.637558,9.517086,0,EPI_ISL_15162197,Omicron,CA.3,2022-09-12
-38.295464,8.4194765,0,EPI_ISL_16280704,Omicron,CH.1.1.4,2022-12-21
-38.16883,8.714455,0,EPI_ISL_16895155,Omicron,BR.2.1,2023-01-30
-37.45223,9.895709,0,EPI_ISL_17690977,Omicron,CJ.1,2023-04-26
-37.063747,10.711463,0,EPI_ISL_15498738,Omicron,BN.1,2022-10-14
-37.82531,9.215874,0,EPI_ISL_16341665,Omicron,BA.2.75.2,2022-11-21
-37.063824,10.711624,0,EPI_ISL_16279495,Omicron,BN.1.3,2022-12-06
-37.452198,9.895704,0,EPI_ISL_16273259,Omicron,XBF,2022-12-12
-38.177807,8.703598,0,EPI_ISL_16584530,Omicron,BR.2.1,2022-12-23
-37.06333,10.712648,0,EPI_ISL_15387802,Omicron,BN.1,2022-09-14
-37.06353,10.71193,0,EPI_ISL_16678630,Omicron,BN.1,2022-12-20
-38.29539,8.419825,0,EPI_ISL_16515554,Omicron,CH.1.1.3,2023-01-06
-37.063362,10.71251,0,EPI_ISL_16506870,Omicron,BN.1.2,2022-12-25
-38.13394,9.709541,0,EPI_ISL_14818978,Omicron,BA.2.75,2022-06-18
-38.205017,9.525319,0,EPI_ISL_14175136,Omicron,BM.3,2022-07-11
-37.04401,10.746687,0,EPI_ISL_16397263,Omicron,BN.1.2,2022-11-14
-38.177803,8.703598,0,EPI_ISL_15961232,Omicron,BR.2.1,2022-11-12
-37.063324,10.712319,0,EPI_ISL_17015919,Omicron,BN.1.2,2023-01-05
-37.06358,10.7121105,0,EPI_ISL_16456226,Omicron,BN.1.8,2022-12-13
-38.29536,8.419408,0,EPI_ISL_17446453,Omicron,CH.1.1.3,2023-04-02
-37.799164,9.341447,0,EPI_ISL_15231856,Omicron,BM.2.3,2022-09-19
-37.14086,10.771195,0,EPI_ISL_16907955,Omicron,BN.3.1,2023-02-06
-37.055473,10.72401,0,EPI_ISL_17171622,Omicron,BN.1.2.1,2023-02-15
-37.065315,10.714746,0,EPI_ISL_16806919,Omicron,BN.1.2,2023-01-04
-36.980602,10.660302,0,EPI_ISL_17562543,Omicron,XBB.1.16.1,2023-04-02
-38.319107,8.3715515,0,EPI_ISL_17102114,Omicron,CH.1.1.3,2023-02-25
-37.056168,10.718673,0,EPI_ISL_16707211,Omicron,BN.1,2023-01-10
-37.06339,10.712251,0,EPI_ISL_15440166,Omicron,BN.1.10,2022-10-10
-38.29523,8.419669,0,EPI_ISL_16884838,Omicron,DV.1.1,2023-01-24
-37.06343,10.712042,0,EPI_ISL_15713956,Omicron,BN.1.4.1,2022-11-01
-37.094833,10.615687,0,EPI_ISL_15398204,Omicron,BM.1.1.4,2022-10-11
-37.04527,10.75177,0,EPI_ISL_17414398,Omicron,BN.1.4,2023-03-20
-38.17218,9.412752,0,EPI_ISL_14987841,Omicron,BM.1.1.3,2022-08-25
-37.063583,10.711798,0,EPI_ISL_17091539,Omicron,BN.1.2,2023-02-09
-38.295364,8.4197645,0,EPI_ISL_17624123,Omicron,CH.1.1.3,2023-04-11
-37.06227,10.712659,0,EPI_ISL_17152365,Omicron,BN.1.3,2023-02-20
-38.302525,8.406979,0,EPI_ISL_17210003,Omicron,CH.1.1.3,2023-03-07
-38.177723,8.702379,0,EPI_ISL_16702714,Omicron,BR.2.1,2023-01-18
-37.825314,9.215926,0,EPI_ISL_15983578,Omicron,BM.1.1.3,2022-11-17
-38.295506,8.419511,0,EPI_ISL_17347534,Omicron,CH.1.1.1,2023-03-17
-37.06337,10.712521,0,EPI_ISL_16465277,Omicron,BN.1.3.6,2022-11-26
-37.82241,9.216432,0,EPI_ISL_15054430,Omicron,BA.2.75.2,2022-09-09
-37.0659,10.719913,0,EPI_ISL_16498475,Omicron,BN.1.2,2022-12-23
-38.288727,8.427474,0,EPI_ISL_17519964,Omicron,CH.1.1,2023-04-14
-37.06328,10.712488,0,EPI_ISL_16833842,Omicron,BN.1.2,2023-01-05
-37.82527,9.217772,0,EPI_ISL_15231808,Omicron,BA.2.75.2,2022-09-20
-38.295406,8.419666,0,EPI_ISL_17182599,Omicron,CH.1.1.1,2023-02-25
-38.29542,8.419437,0,EPI_ISL_17615732,Omicron,CH.1.1.1,2023-04-14
-37.452217,9.895682,0,EPI_ISL_16375124,Omicron,XBF.3,2022-12-16
-37.06225,10.712663,0,EPI_ISL_17016334,Omicron,BN.1.1.1,2023-02-17
-37.063614,10.712042,0,EPI_ISL_16446540,Omicron,BN.1.3,2022-12-21
-37.876583,9.072348,0,EPI_ISL_15761398,Omicron,CB.1,2022-11-01
-37.171303,9.824911,0,EPI_ISL_17675111,Omicron,XBB.1.5,2023-02-03
-37.030766,10.770291,0,EPI_ISL_16286811,Omicron,BN.1,2022-12-02
-37.512207,9.200607,0,EPI_ISL_16643205,Omicron,BM.4.1.1,2022-12-27
-37.0726,10.695064,0,EPI_ISL_16333879,Omicron,BN.1.3,2022-11-11
-37.96916,9.426984,0,EPI_ISL_16353009,Omicron,BL.2,2022-09-03
-37.82242,9.216372,0,EPI_ISL_15057640,Omicron,BA.2.75.2,2022-09-13
-38.30332,8.388659,0,EPI_ISL_17465272,Omicron,CH.1.1.3,2023-03-29
-36.930073,10.510964,0,EPI_ISL_16642975,Omicron,BN.1.5,2022-12-06
-37.06149,10.712778,0,EPI_ISL_15806786,Omicron,BN.1.3,2022-10-23
-37.452206,9.895689,0,EPI_ISL_16611554,Omicron,XBF,2023-01-02
-37.452267,9.895697,0,EPI_ISL_17677138,Omicron,XBK.1,2023-05-02
-37.06378,10.711526,0,EPI_ISL_16105981,Omicron,BN.1.5,2022-10-11
-37.063488,10.712296,0,EPI_ISL_16597674,Omicron,BN.1.3.1,2022-12-27
-37.45227,9.89568,0,EPI_ISL_17030237,Omicron,XBF,2023-01-27
-37.45219,9.895699,0,EPI_ISL_16910097,Omicron,XBF,2023-01-10
-37.54843,9.618065,0,EPI_ISL_17083497,Omicron,Unassigned,2023-02-21
-38.295353,8.419966,0,EPI_ISL_16613743,Omicron,CH.1.1.14,2023-01-09
-38.295334,8.419542,0,EPI_ISL_16212578,Omicron,CH.1.1.3,2022-12-15
-38.29025,8.445141,0,EPI_ISL_17505744,Omicron,CH.1.1,2023-03-28
-37.063507,10.712095,0,EPI_ISL_17247400,Omicron,BN.1.2,2023-01-11
-38.295372,8.418792,0,EPI_ISL_17280691,Omicron,CH.1.1.1,2023-03-16
-38.295288,8.419634,0,EPI_ISL_17322304,Omicron,CH.1.1.3,2023-01-30
-37.044083,10.731875,0,EPI_ISL_16583911,Omicron,BN.1.2.1,2023-01-14
-37.452206,9.89569,0,EPI_ISL_17182167,Omicron,XBF.3,2023-03-01
-37.452194,9.895701,0,EPI_ISL_17563912,Omicron,XBK,2023-04-08
-38.295204,8.419407,0,EPI_ISL_17557176,Omicron,CH.1.1.3,2023-03-13
-37.063335,10.712638,0,EPI_ISL_17090231,Omicron,BN.1.2,2023-02-02
-37.45216,9.895738,0,EPI_ISL_17229050,Omicron,XBF,2023-03-01
-37.82539,9.216215,0,EPI_ISL_15337176,Omicron,BA.2.75.2,2022-09-19
-37.063576,10.71212,0,EPI_ISL_16377083,Omicron,BN.1,2022-11-11
-37.825504,9.215779,0,EPI_ISL_15744734,Omicron,BM.1.1.3,2022-10-31
-37.825203,9.217681,0,EPI_ISL_15602400,Omicron,BM.1.1.3,2022-10-11
-38.29539,8.4195595,0,EPI_ISL_16709932,Omicron,CH.1.1.1,2023-01-09
-37.452206,9.895684,0,EPI_ISL_16578006,Omicron,XBF,2023-01-08
-37.551254,9.420758,0,EPI_ISL_16947590,Omicron,CJ.1.1,2023-01-30
-38.17776,8.703605,0,EPI_ISL_16611506,Omicron,BR.2.1,2023-01-02
-37.06631,10.69868,0,EPI_ISL_16278260,Omicron,BN.1.3,2022-12-11
-37.04507,10.748238,0,EPI_ISL_17414415,Omicron,BN.1.4,2023-03-14
-37.825497,9.215726,0,EPI_ISL_15381832,Omicron,BA.2.75.2,2022-09-24
-38.295486,8.419401,0,EPI_ISL_17156198,Omicron,CH.1.1,2023-02-13
-38.251076,8.499416,0,EPI_ISL_17371812,Omicron,CH.1.1.3,2023-03-21
-37.45221,9.89569,0,EPI_ISL_16723797,Omicron,XBF,2023-01-07
-37.14085,10.771194,0,EPI_ISL_16598886,Omicron,BN.3.1,2022-12-08
-38.295242,8.408542,0,EPI_ISL_17083362,Omicron,Unassigned,2023-02-15
-38.295235,8.419414,0,EPI_ISL_17296091,Omicron,CH.1.1.1,2023-03-14
-37.14091,10.771121,0,EPI_ISL_17018426,Omicron,BN.3.1,2023-02-11
-38.29534,8.419621,0,EPI_ISL_16969263,Omicron,CH.1.1.3,2023-02-06
-37.95708,9.369617,0,EPI_ISL_15908965,Omicron,BL.2,2022-10-01
-38.29529,8.419497,0,EPI_ISL_16880410,Omicron,CH.1.1.5,2023-01-09
-37.04675,10.615284,0,EPI_ISL_16522981,Omicron,BN.1.3.4,2022-12-14
-38.295288,8.4193945,0,EPI_ISL_16584434,Omicron,CH.1.1.1,2023-01-06
-37.09485,10.615687,0,EPI_ISL_16833007,Omicron,BM.1.1.4,2022-11-15
-38.204304,9.525941,0,EPI_ISL_13660061,Omicron,BA.2.75,2022-06-15
-37.074326,10.6707,0,EPI_ISL_16192412,Omicron,BN.1.3.1,2022-12-14
-38.178276,8.632878,0,EPI_ISL_16221343,Omicron,CA.7,2022-12-12
-38.29531,8.419961,0,EPI_ISL_16482794,Omicron,CH.1.1.1,2022-12-28
-38.290268,8.445151,0,EPI_ISL_16419605,Omicron,CH.1.1,2022-11
-37.06334,10.712784,0,EPI_ISL_16179992,Omicron,BN.1.4.3,2022-12-05
-38.295395,8.419554,0,EPI_ISL_17179252,Omicron,CH.1.1.3,2023-02-06
-38.17792,8.633268,0,EPI_ISL_15527517,Omicron,CV.1,2022-10-11
-38.16152,8.666426,0,EPI_ISL_15690486,Omicron,CV.1,2022-10-31
-38.295876,8.426806,0,EPI_ISL_17094822,Omicron,CH.1.1.3,2023-02-19
-37.057766,10.719365,0,EPI_ISL_17347175,Omicron,BN.1.2,2023-03-16
-37.0635,10.712524,0,EPI_ISL_17604137,Omicron,BN.1.2,2023-04-08
-37.4522,9.8956995,0,EPI_ISL_17258058,Omicron,BA.2,2023-02-08
-37.89856,9.799764,0,EPI_ISL_16580417,Omicron,XBF.2,2023-01-17
-37.452152,9.895728,0,EPI_ISL_16386664,Omicron,XBF,2022-12-26
-38.288754,8.427241,0,EPI_ISL_17024092,Omicron,CH.1.1,2023-02-17
-38.204323,9.5263,0,EPI_ISL_14275561,Omicron,BA.2.75,2022-07-19
-37.06391,10.711531,0,EPI_ISL_17015765,Omicron,BN.1.2,2022-12-27
-37.063847,10.711623,0,EPI_ISL_17432885,Omicron,BN.1.4,2023-03-22
-38.316162,8.351063,0,EPI_ISL_17268261,Omicron,CH.1.1.3,2023-03-07
-38.332726,8.446021,0,EPI_ISL_17692213,Omicron,BM.2,2023-04-23
-37.063297,10.71243,0,EPI_ISL_16036956,Omicron,BN.1.3,2022-11-28
-37.825195,9.216362,0,EPI_ISL_16203377,Omicron,XBD,2022-11-30
-37.393974,9.940927,0,EPI_ISL_17537529,Omicron,XBF,2023-04-13
-38.295433,8.419555,0,EPI_ISL_17387918,Omicron,CH.1.1,2023-03-19
-37.82545,9.215822,0,EPI_ISL_16842771,Omicron,BY.1,2022-11-10
-37.055473,10.724012,0,EPI_ISL_16830079,Omicron,BN.1.2.1,2023-01-15
-37.073166,10.698089,0,EPI_ISL_16262207,Omicron,Unassigned,2022-12-12
-37.657207,9.068754,0,EPI_ISL_16862489,Omicron,XBB,2023-01-17
-38.313416,8.366729,0,EPI_ISL_16867313,Omicron,CH.1.1.1,2023-01-29
-38.29537,8.419839,0,EPI_ISL_16837669,Omicron,DV.1.1,2023-01-30
-38.17779,8.703602,0,EPI_ISL_16990514,Omicron,BR.2.1,2023-02-11
-38.17767,8.702395,0,EPI_ISL_15830224,Omicron,BR.2.1,2022-11-09
-38.20437,9.525276,0,EPI_ISL_14645765,Omicron,BA.2.75,2022-07-27
-36.669304,9.316957,0,EPI_ISL_15937072,Omicron,XBB.8,2022
-37.53187,9.056093,0,EPI_ISL_17001745,Omicron,XBB,2023-02-09
-37.06229,10.716684,0,EPI_ISL_16266186,Omicron,BN.1.3,2022-12-03
-37.766354,9.221964,0,EPI_ISL_16109435,Omicron,XBB,2022-11-29
-37.063442,10.7123165,0,EPI_ISL_16506873,Omicron,BN.1.4,2022-12-25
-38.439926,8.795775,0,EPI_ISL_16690966,Omicron,Unassigned,2023-01-06
-37.45219,9.895707,0,EPI_ISL_16416439,Omicron,XBF.5,2022-12-22
-37.063442,10.71255,0,EPI_ISL_16973605,Omicron,BN.1.3,2023-01-29
-37.063244,10.7125,0,EPI_ISL_16973828,Omicron,BN.1.2,2023-02-02
-37.84933,10.219404,0,EPI_ISL_15508325,Omicron,BN.6,2022-09-23
-38.17833,8.633273,0,EPI_ISL_16621979,Omicron,CA.7,2022-12-28
-38.089165,8.816416,0,EPI_ISL_16611667,Omicron,BR.2.1,2023-01-08
-37.063663,10.711908,0,EPI_ISL_16715708,Omicron,BN.1.3,2023-01-07
-37.452194,9.8957,0,EPI_ISL_16560379,Omicron,XBK,2023-01-13
-37.637558,9.517086,0,EPI_ISL_14537415,Omicron,BA.2.75.2,2022-08-02
-37.452187,9.89571,0,EPI_ISL_17246962,Omicron,XBK.1,2023-02-06
-37.202972,10.589704,0,EPI_ISL_17556621,Omicron,BN.1.3,2023-03-28
-37.073017,10.701068,0,EPI_ISL_17247640,Omicron,BN.1.3.1,2023-02-07
-38.29539,8.419628,0,EPI_ISL_16583968,Omicron,CH.1.1.3,2023-01-13
-38.29525,8.4194565,0,EPI_ISL_17046198,Omicron,CH.1.1.1,2023-02-18
-38.439938,8.795774,0,EPI_ISL_16600246,Omicron,BR.5,2022-12-31
-38.354385,8.264005,0,EPI_ISL_17660513,Omicron,BA.5,2023
-38.177822,8.703602,0,EPI_ISL_16246155,Omicron,BR.2.1,2022-11-30
-37.06335,10.712332,0,EPI_ISL_17604200,Omicron,BN.1.2,2023-04-11
-37.45226,9.895683,0,EPI_ISL_16829744,Omicron,XBF,2023-01-11
-37.0637,10.711909,0,EPI_ISL_15995964,Omicron,Unassigned,2022-11-17
-37.076954,10.661002,0,EPI_ISL_16780316,Omicron,XBB,2023-01-14
-37.063427,10.712666,0,EPI_ISL_17089668,Omicron,BN.1.4,2023-01-25
-38.20441,9.525952,0,EPI_ISL_14656447,Omicron,BA.2.75.3,2022-08-06
-37.451637,9.746326,0,EPI_ISL_16916186,Omicron,XBB.1.5.9,2023-01-29
-37.07317,10.698086,0,EPI_ISL_16059156,Omicron,BN.1.1,2022-11-25
-38.177677,8.702384,0,EPI_ISL_16305432,Omicron,BR.2.1,2022-12-13
-37.63924,9.557183,0,EPI_ISL_15709266,Omicron,BM.1.1.3,2022-10-18
-37.063663,10.712146,0,EPI_ISL_17002769,Omicron,BN.1.3,2023-01-15
-38.292732,8.4061365,0,EPI_ISL_17598075,Omicron,CH.1.1,2023-04-13
-37.80989,9.32543,0,EPI_ISL_16094576,Omicron,BM.1.1.3,2022-12-06
-38.276314,8.433717,0,EPI_ISL_16513223,Omicron,Unassigned,2022-12-28
-37.032875,10.7622595,0,EPI_ISL_17323607,Omicron,BN.1.2,2023-02-23
-37.073162,10.697972,0,EPI_ISL_16067077,Omicron,BN.1.1,2022-12-01
-37.393517,10.619443,0,EPI_ISL_15626893,Omicron,BA.2.75.5,2022-09-28
-37.021328,10.787847,0,EPI_ISL_16697206,Omicron,BN.1.4.2,2023-01-09
-38.298965,8.418151,0,EPI_ISL_17540649,Omicron,CH.1.1.1,2023-04-10
-37.056404,10.724094,0,EPI_ISL_16506484,Omicron,BN.1.3,2022-12-28
-37.076015,10.693335,0,EPI_ISL_17004223,Omicron,BN.1.3,2023-02-01
-37.464016,9.878034,0,EPI_ISL_17166184,Omicron,Unassigned,2023-02-28
-38.167313,9.659451,0,EPI_ISL_13892311,Omicron,BA.2.75.3,2022
-37.063526,10.711956,0,EPI_ISL_16259783,Omicron,BN.1.3,2022-11-19
-38.20134,8.923051,0,EPI_ISL_15914236,Omicron,Unassigned,2022-11-15
-38.2955,8.41903,0,EPI_ISL_17166281,Omicron,Unassigned,2023-02-28
-37.39911,9.897651,0,EPI_ISL_15313028,Omicron,BM.1.1.1,2022-08-14
-38.361298,8.266917,0,EPI_ISL_16657321,Omicron,BA.5,2022-12-26
-37.063408,10.712644,0,EPI_ISL_15366276,Omicron,BN.1,2022-10-03
-37.45224,9.895728,0,EPI_ISL_17030399,Omicron,XBF,2023-02-07
-38.26514,9.481044,0,EPI_ISL_16134703,Omicron,BR.1,2022-11-29
-38.295364,8.419652,0,EPI_ISL_16978905,Omicron,CH.1.1.3,2023-02-06
-37.062252,10.712701,0,EPI_ISL_15916354,Omicron,BN.1.4.3,2022-11-17
-38.295467,8.419513,0,EPI_ISL_16376637,Omicron,CH.1.1.11,2022-12-25
-37.452206,9.895688,0,EPI_ISL_16826145,Omicron,XBF,2023-01-05
-37.06379,10.711799,0,EPI_ISL_16582078,Omicron,Unassigned,2023-01-09
-37.063774,10.711878,0,EPI_ISL_16521510,Omicron,BN.1.2,2022-12-30
-37.825447,9.2159815,0,EPI_ISL_15112470,Omicron,BM.4.1.1,2022
-37.062176,10.7133255,0,EPI_ISL_16616652,Omicron,BN.1,2023-01-07
-38.29563,8.419598,0,EPI_ISL_17298728,Omicron,CH.1.1.2,2023-03-14
-37.063633,10.712221,0,EPI_ISL_15846815,Omicron,BN.1.3.1,2022-11-04
-38.295284,8.419543,0,EPI_ISL_17273951,Omicron,CH.1.1.3,2023-03-15
-37.045246,10.751822,0,EPI_ISL_17236518,Omicron,BN.1.3,2023-02-12
-38.288784,8.42705,0,EPI_ISL_17519969,Omicron,CH.1.1.1,2023-04-13
-37.84932,10.219385,0,EPI_ISL_14930004,Omicron,BA.2.75.5,2022-08-30
-38.29029,8.445105,0,EPI_ISL_16744419,Omicron,CH.1.1,2023-01
-38.14256,8.637574,0,EPI_ISL_17401356,Omicron,CH.1,2023-03-27
-38.295444,8.419715,0,EPI_ISL_16977399,Omicron,CH.1.1.7,2023-01-29
-37.82544,9.215928,0,EPI_ISL_16115001,Omicron,BM.1.1.3,2022-11-29
-38.295403,8.419499,0,EPI_ISL_16266005,Omicron,CH.1.1,2022-12-02
-37.26732,10.072981,0,EPI_ISL_16656921,Omicron,BN.1.1.1,2023-01-06
-37.063374,10.712386,0,EPI_ISL_16386477,Omicron,BN.1.3,2022-12-26
-38.053535,9.208629,0,EPI_ISL_15889804,Omicron,BM.1,2022-09-07
-37.82531,9.215814,0,EPI_ISL_16060224,Omicron,BA.2.75.2,2022-11-17
-38.30337,8.412728,0,EPI_ISL_17279784,Omicron,CH.1.1.3,2023-03-09
-38.29534,8.419664,0,EPI_ISL_17409261,Omicron,CH.1.1.3,2023-03-29
-37.063457,10.712674,0,EPI_ISL_17364799,Omicron,BN.1.2,2023-03-15
-38.204292,9.526526,0,EPI_ISL_14323402,Omicron,BA.2.75,2022-07-31
-38.05353,9.208637,0,EPI_ISL_16414526,Omicron,XBD,2022-12-19
-37.069633,10.706094,0,EPI_ISL_16600624,Omicron,BN.1.4,2023-01-03
-38.29534,8.419929,0,EPI_ISL_17527162,Omicron,CH.1.1.1,2022-12-29
-37.032867,10.7622595,0,EPI_ISL_16813071,Omicron,BN.1.3,2023-01-24
-38.295464,8.419422,0,EPI_ISL_17525518,Omicron,CH.1.1.3,2023-04-07
-38.19947,9.616536,0,EPI_ISL_16158705,Omicron,BA.2.75.3,2022-08-22
-38.163506,8.752803,0,EPI_ISL_17327020,Omicron,BR.2.1,2023-02-27
-37.825447,9.215876,0,EPI_ISL_15511729,Omicron,BM.1.1,2022-10-15
-37.07315,10.698093,0,EPI_ISL_16975906,Omicron,BN.1.1.1,2023-01-25
-37.825317,9.215875,0,EPI_ISL_14632448,Omicron,BA.2.75.2,2022-08-14
-37.063282,10.712208,0,EPI_ISL_16282338,Omicron,BN.1.2,2022-12-11
-37.825306,9.215928,0,EPI_ISL_15773892,Omicron,BA.2.75.2,2022-10-07
-38.17777,8.703591,0,EPI_ISL_16826352,Omicron,BR.2.1,2023-01-25
-37.073177,10.697975,0,EPI_ISL_16066894,Omicron,BN.1.1.1,2022-11-30
-38.295597,8.419441,0,EPI_ISL_16236907,Omicron,CH.1.1.3,2022-12-06
-37.063675,10.712022,0,EPI_ISL_16135851,Omicron,BN.1.3,2022-11-18
-37.962112,9.463832,0,EPI_ISL_15350831,Omicron,BL.2,2022-09-13
-37.817753,10.326348,0,EPI_ISL_15822765,Omicron,BN.3,2022-10-19
-38.20452,9.527139,0,EPI_ISL_14162095,Omicron,BA.2.75,2022-07
-38.373234,9.202195,0,EPI_ISL_15922678,Omicron,BR.1,2022-09-16
-38.29528,8.419788,0,EPI_ISL_16878333,Omicron,CH.1.1.1,2022-12-27
-37.462143,9.745173,0,EPI_ISL_16949146,Omicron,CJ.1,2023-02-07
-37.06353,10.712394,0,EPI_ISL_16994493,Omicron,BN.1.3,2023-02-06
-38.295437,8.419748,0,EPI_ISL_16519246,Omicron,Unassigned,2022-12-31
-38.29525,8.419599,0,EPI_ISL_16417203,Omicron,CH.1.1.3,2022-12-14
-38.176495,8.711625,0,EPI_ISL_16359488,Omicron,BR.2.1,2022-11-27
-37.056396,10.724344,0,EPI_ISL_15649852,Omicron,BN.1.3,2022-10-15
-37.91893,9.042425,0,EPI_ISL_15963209,Omicron,BM.4.1.1,2022-10-17
-37.065857,10.720009,0,EPI_ISL_16473851,Omicron,BN.1.3,2022-12-21
-38.2954,8.419081,0,EPI_ISL_16996310,Omicron,CH.1,2023-02-16
-37.076607,10.674603,0,EPI_ISL_17198178,Omicron,BN.1.1,2022-12-09
-38.29534,8.419962,0,EPI_ISL_17194246,Omicron,CH.1.1.3,2023-02-20
-37.0657,9.855928,0,EPI_ISL_17495798,Omicron,XBB.1.5,2023-02-19
-38.2992,8.421382,0,EPI_ISL_16963379,Omicron,CH.1.1.3,2023-02-01
-37.822414,9.216477,0,EPI_ISL_16260430,Omicron,BA.2.75.2,2022-11-14
-37.6754,9.465278,0,EPI_ISL_15486850,Omicron,BA.2.75.2,2022-10-07
-37.063293,10.712403,0,EPI_ISL_17293754,Omicron,BN.1.3,2023-02-28
-38.29751,8.398202,0,EPI_ISL_16737916,Omicron,CH.1.1.3,2023-01-24
-38.29529,8.419605,0,EPI_ISL_16908366,Omicron,CH.1.1,2023-01-21
-38.295433,8.419643,0,EPI_ISL_16954856,Omicron,FJ.1,2023-02-04
-38.21823,9.525216,0,EPI_ISL_14614193,Omicron,BA.2.75.3,2022-08-06
-38.29549,8.419364,0,EPI_ISL_16586502,Omicron,CH.1.1,2023-01-05
-38.164833,9.661741,0,EPI_ISL_14610735,Omicron,BA.2.75.10,2022-08-19
-38.17775,8.703608,0,EPI_ISL_17682813,Omicron,BR.2.1,2023-04-02
-37.82532,9.215822,0,EPI_ISL_15440517,Omicron,BM.1.1.3,2022-09-21
-37.063457,10.712679,0,EPI_ISL_17000931,Omicron,BN.1.3,2023-02-02
-38.29541,8.419549,0,EPI_ISL_17411296,Omicron,CH.1.1.3,2023-03-20
-37.140858,10.771195,0,EPI_ISL_16268118,Omicron,BN.3.1,2022-12-16
-37.03123,10.762306,0,EPI_ISL_16137368,Omicron,BN.1.3,2022-11-29
-38.294548,8.421457,0,EPI_ISL_17319294,Omicron,CH.1.1.1,2023-03-13
-37.065823,9.856118,0,EPI_ISL_17645877,Omicron,XBB.1.5.35,2023-04-10
-37.030624,10.625273,0,EPI_ISL_15881592,Omicron,BN.1.5,2022-10-23
-38.126648,8.680497,0,EPI_ISL_16495747,Omicron,BY.1,2023-01-03
-38.38129,8.251301,0,EPI_ISL_17285430,Omicron,BM.1.1.3,2023-03-18
-38.29553,8.419444,0,EPI_ISL_16573612,Omicron,CH.1.1.3,2022-12-29
-38.295383,8.419447,0,EPI_ISL_16975107,Omicron,CH.1.1.3,2023-01-25
-37.452198,9.895696,0,EPI_ISL_16595362,Omicron,XBF,2023-01-02
-37.042446,10.751569,0,EPI_ISL_16647993,Omicron,BN.1.3.1,2023-01-08
-37.02666,10.785674,0,EPI_ISL_16826132,Omicron,BN.1.3,2023-01-04
-38.29535,8.419707,0,EPI_ISL_16094820,Omicron,CH.1.1,2022-12-06
-37.06341,10.712593,0,EPI_ISL_17082467,Omicron,Unassigned,2023-02-20
-37.061516,10.712897,0,EPI_ISL_16580822,Omicron,BN.1.4,2022-12-29
