t-SNE component 1,t-SNE component 2,Cluster,Seq ID,Variant,Pango lineage,Collection date
-2.6376138,-21.631138,10,EPI_ISL_16329121,Omicron,BF.7,2022-12-05
-1.5895501,-22.439602,10,EPI_ISL_15219040,Omicron,BA.4.6,2022-09-16
-1.2039253,-21.611311,10,EPI_ISL_16332930,Omicron,BF.7.4,2022-12-05
-1.5906427,-22.43384,10,EPI_ISL_16034795,Omicron,BF.7,2022-11-14
-1.6020001,-22.429775,10,EPI_ISL_16179093,Omicron,XBG,2022-11-30
-1.5944325,-22.43496,10,EPI_ISL_15861492,Omicron,BA.4.6,2022-10-17
-1.204106,-21.611351,10,EPI_ISL_16628634,Omicron,BF.11.2,2022-11-03
-3.4981496,-20.281755,10,EPI_ISL_14583230,Omicron,Unassigned,2022-07-19
-1.6053443,-22.44038,10,EPI_ISL_16653063,Omicron,BA.5.2.35,2022-12-22
-1.57965,-22.444292,10,EPI_ISL_16575717,Omicron,BF.7.15,2022-12-13
-1.5794755,-22.42899,10,EPI_ISL_16521923,Omicron,BF.7.15,2022-12-23
-1.5975035,-22.42591,10,EPI_ISL_16306987,Omicron,BF.7.14,2022-11-24
-1.5860351,-22.437088,10,EPI_ISL_16949422,Omicron,CP.7,2023-01-01
-2.844266,-21.124815,10,EPI_ISL_16252745,Omicron,BQ.1.1.32,2022-11-20
-1.5941278,-22.428148,10,EPI_ISL_15259594,Omicron,BF.7,2022-09-27
-1.5816613,-22.443155,10,EPI_ISL_15344974,Omicron,BF.7,2022-10-03
-2.9696724,-23.023361,10,EPI_ISL_13565964,Omicron,BA.2.38,2022-06-15
-1.5993156,-22.42666,10,EPI_ISL_15341953,Omicron,BA.4.6,2022-10-01
-1.5971615,-22.422535,10,EPI_ISL_16709117,Omicron,BF.7.14,2023-01-09
-1.5913035,-22.433815,10,EPI_ISL_15232808,Omicron,BA.4.6,2022-09-21
-1.5848429,-22.42797,10,EPI_ISL_14897370,Omicron,BA.4.6,2022-08-25
-1.5883529,-22.426298,10,EPI_ISL_16456566,Omicron,BF.7.14,2022-12-30
-2.9588156,-23.049135,10,EPI_ISL_13017889,Omicron,BA.2.76,2022-05-22
-1.5975962,-22.424744,10,EPI_ISL_15914854,Omicron,Unassigned,2022-11-12
-1.5902073,-22.421558,10,EPI_ISL_15888253,Omicron,BA.4.1.1,2022-10-25
2.6504521,-21.703447,10,EPI_ISL_14942257,Omicron,BA.5.9,2022-08-29
-1.5864717,-22.436924,10,EPI_ISL_15064853,Omicron,BA.4.6,2022-09-06
-2.920341,-21.03758,10,EPI_ISL_13901536,Omicron,BA.4.6,2022-07-01
-3.412981,-20.377539,10,EPI_ISL_15248342,Omicron,Unassigned,2022-09-12
-1.6005601,-22.44386,10,EPI_ISL_16054553,Omicron,BF.7,2022-09-01
2.370817,-21.758879,10,EPI_ISL_16103210,Omicron,BA.4.7,2022-10-04
-2.3707993,-22.400307,10,EPI_ISL_15384915,Omicron,BF.7.9,2022-10-06
-1.579216,-22.43636,10,EPI_ISL_16257995,Omicron,BF.7,2022-12-09
2.3708224,-21.75888,10,EPI_ISL_14074281,Omicron,BA.4,2022-07-20
2.6504524,-21.703444,10,EPI_ISL_16065963,Omicron,BA.5.9,2022-11-28
-1.5867445,-22.430523,10,EPI_ISL_15993154,Omicron,BA.5.2.28,2022-11-16
-2.5922782,-23.05854,10,EPI_ISL_16159397,Omicron,BA.5.2,2022-11-24
-1.5871874,-22.418598,10,EPI_ISL_16263789,Omicron,Unassigned,2022-12-13
2.37083,-21.758875,10,EPI_ISL_14556108,Omicron,BA.4.7,2022-07-31
-1.5835677,-22.44595,10,EPI_ISL_15298841,Omicron,BF.7.4.1,2022-09-30
-0.904589,-22.575468,10,EPI_ISL_16416238,Omicron,CQ.1,2022-12-21
2.6457462,-21.725178,10,EPI_ISL_13281878,Omicron,BA.5.9,2022-05-28
-2.2113054,-22.312578,10,EPI_ISL_16694918,Omicron,BF.7,2023-01-12
-1.5846533,-22.436249,10,EPI_ISL_16644881,Omicron,BA.5.2.6,2023-01-04
-3.002134,-23.067852,10,EPI_ISL_13387341,Omicron,BA.2.9,2022-05-09
-2.8443787,-21.124844,10,EPI_ISL_15879074,Omicron,BQ.1.25.1,2022-11-07
-2.8279371,-21.196503,10,EPI_ISL_15521708,Omicron,BA.4.6,2022-10-13
-2.1968677,-22.522741,10,EPI_ISL_16489706,Omicron,BA.5.1.5,2022-12-19
-1.5995711,-22.425,10,EPI_ISL_13807796,Omicron,BA.4.6.5,2022-06-27
-1.5959481,-22.440992,10,EPI_ISL_14742369,Omicron,BA.4.6,2022-08-12
-1.5863898,-22.424433,10,EPI_ISL_15888302,Omicron,CP.1,2022-10-28
-2.8720975,-23.108282,10,EPI_ISL_14727160,Omicron,BA.2.74,2022-08-23
-1.5928692,-22.441229,10,EPI_ISL_14261858,Omicron,BF.7,2022-07-28
-1.5855461,-22.43231,10,EPI_ISL_15988544,Omicron,BF.7,2022-11-23
-1.2109764,-21.680304,10,EPI_ISL_15966793,Omicron,BA.4.6,2022-11-14
-2.9437933,-23.066097,10,EPI_ISL_13779402,Omicron,BA.2.38.4,2022-06-17
-1.5892488,-22.44228,10,EPI_ISL_16682116,Omicron,BA.5.1.22,2023-01-02
-0.9587675,-20.937029,10,EPI_ISL_16231619,Omicron,XBC.2,2022-11-28
-1.5787808,-22.435394,10,EPI_ISL_15509547,Omicron,BF.7.1,2022-10-17
-1.1741128,-23.512558,10,EPI_ISL_16070764,Omicron,BE.1.2.1,2022-11-28
-1.5998688,-22.420664,10,EPI_ISL_16205955,Omicron,BA.5.2.34,2022-12-04
-3.194481,-20.614027,10,EPI_ISL_13901559,Omicron,BA.5.2,2022-07-01
2.6354082,-21.704742,10,EPI_ISL_14840732,Omicron,BA.5.9,2022-08-31
-1.5781605,-22.43857,10,EPI_ISL_15163274,Omicron,BA.4.1.8,2022-09-03
-2.9438102,-23.066084,10,EPI_ISL_14992651,Omicron,BA.2.9.5,2022-07-04
-1.595049,-22.431747,10,EPI_ISL_15640283,Omicron,BF.7.13.2,2022-10-20
2.6277356,-21.721848,10,EPI_ISL_14048665,Omicron,BA.4,2022-06-12
2.3708196,-21.758875,10,EPI_ISL_15891764,Omicron,BA.5.2.9,2022-11-10
-1.5925647,-22.428982,10,EPI_ISL_15878341,Omicron,BF.7,2022-11-13
-1.5807474,-22.432419,10,EPI_ISL_15614397,Omicron,BF.7,2022-10-15
-1.5927577,-22.431858,10,EPI_ISL_14981640,Omicron,BF.7,2022-08-29
-1.5937824,-22.45059,10,EPI_ISL_14221667,Omicron,BA.4.6,2022-07-31
2.3541744,-21.767689,10,EPI_ISL_16012545,Omicron,BA.5.2.23,2022-11-02
-1.5965497,-22.420975,10,EPI_ISL_15909216,Omicron,BF.7,2022-11-04
-1.5985886,-22.432629,10,EPI_ISL_14525805,Omicron,BA.4.6.5,2022-07-31
-1.1876966,-23.522451,10,EPI_ISL_17170746,Omicron,BF.7.14,2023-01-17
-1.9298745,-23.189861,10,EPI_ISL_15661988,Omicron,Unassigned,2022-10-20
-1.5994631,-22.43778,10,EPI_ISL_15487324,Omicron,BA.5.1,2022-09-24
-1.6023576,-22.436872,10,EPI_ISL_16120073,Omicron,BA.5.2.35,2022-12-07
-0.9045966,-22.575212,10,EPI_ISL_16705927,Omicron,CR.1.1,2022-12-15
-2.652097,-21.646183,10,EPI_ISL_16042061,Omicron,BF.7.4.1,2022-11-25
-1.0524294,-22.55386,10,EPI_ISL_15843916,Omicron,BE.1.4,2022-11-07
2.6850686,-21.707485,10,EPI_ISL_15273580,Omicron,BA.4.1,2022-09-06
-2.6375465,-21.631544,10,EPI_ISL_15295559,Omicron,BF.7.1,2022-09-12
-2.9438307,-23.065964,10,EPI_ISL_13466588,Omicron,BA.2.64,2022-05-10
-0.048275977,-21.946613,10,EPI_ISL_17109506,Omicron,BA.4.1,2022-08-23
-0.9045966,-22.575209,10,EPI_ISL_16365252,Omicron,CR.1.3,2022-11-16
-1.2034785,-21.611202,10,EPI_ISL_16186244,Omicron,BF.10,2022-11-17
-1.5967877,-22.442873,10,EPI_ISL_17512372,Omicron,BA.5.11,2023-01-27
-1.6018213,-22.438719,10,EPI_ISL_16736699,Omicron,BF.7.4.1,2023-01-12
-1.6032587,-22.428896,10,EPI_ISL_16093435,Omicron,BF.7.15,2022-11-21
-1.3206682,-23.322111,10,EPI_ISL_16310718,Omicron,BF.4,2022-11-28
2.6504095,-21.703436,10,EPI_ISL_14743173,Omicron,BA.5.9,2022-08-13
-1.5935149,-22.436274,10,EPI_ISL_15441007,Omicron,BF.7.5,2022-09-23
2.6502059,-21.703447,10,EPI_ISL_15296279,Omicron,BA.5.1,2022-09-25
-1.5868526,-22.439352,10,EPI_ISL_14192098,Omicron,BA.4.1.9,2022-07-10
-1.1741127,-23.512554,10,EPI_ISL_15586729,Omicron,BE.1.2.1,2022-10-21
-1.5898498,-22.422888,10,EPI_ISL_16150566,Omicron,BF.7.6,2022-11-07
-2.5274518,-23.083944,10,EPI_ISL_15866846,Omicron,BE.1.2,2022-11-07
-1.7918067,-21.689604,10,EPI_ISL_15935100,Omicron,BF.7,2022-11-10
-1.5995581,-22.43278,10,EPI_ISL_16584345,Omicron,BA.5.2.6,2023-01-07
-0.9983446,-22.776314,10,EPI_ISL_17612052,Omicron,BA.5,2023-04-18
-1.5886643,-22.431215,10,EPI_ISL_15427407,Omicron,BA.4.6,2022-09-15
-2.63759,-21.631132,10,EPI_ISL_15856512,Omicron,BF.7,2022-10-31
-1.5837067,-22.431366,10,EPI_ISL_16558832,Omicron,BF.7,2022-11-25
-0.9370291,-22.516762,10,EPI_ISL_16213448,Omicron,BA.5.2.6,2022-11-29
-1.587137,-23.601604,10,EPI_ISL_15814048,Omicron,BA.4.6,2022-10-17
-1.0524929,-22.553926,10,EPI_ISL_14938786,Omicron,BA.4.6,2022-09-02
-1.2040412,-21.611458,10,EPI_ISL_15014429,Omicron,BF.7,2022-09-07
-3.4981496,-20.281755,10,EPI_ISL_15356537,Omicron,Unassigned,2022-08-05
-1.6006356,-22.438545,10,EPI_ISL_15546802,Omicron,BA.4.6,2022-10-14
-1.5846088,-22.423431,10,EPI_ISL_16695548,Omicron,BE.1,2023-01-09
-1.5983158,-22.421186,10,EPI_ISL_15740438,Omicron,BF.7,2022-11-04
-1.601886,-22.416384,10,EPI_ISL_15646864,Omicron,BF.7,2022-10-21
-1.59289,-22.428625,10,EPI_ISL_16557060,Omicron,BF.7,2022-12-14
-1.5986028,-22.421185,10,EPI_ISL_16350941,Omicron,BF.7.14,2022-12-20
-0.9526545,-22.425169,10,EPI_ISL_16592563,Omicron,CK.1.2,2022-12-22
-1.5833206,-22.429901,10,EPI_ISL_14156026,Omicron,BA.4.6,2022-07-12
2.5240636,-21.72794,10,EPI_ISL_16812851,Omicron,BA.5.1,2023-01-17
-2.8711474,-23.151245,10,EPI_ISL_14518101,Omicron,BA.2,2022-07-27
2.3708248,-21.758871,10,EPI_ISL_16210980,Omicron,BF.13,2022-11-25
-1.5905077,-22.419786,10,EPI_ISL_14529002,Omicron,BA.4.6,2022-08-01
-1.2033714,-21.611675,10,EPI_ISL_15723582,Omicron,BA.4.6,2022-08-04
-1.6250321,-22.446667,10,EPI_ISL_15697732,Omicron,BF.7.3,2022-10-30
-0.90458894,-22.575468,10,EPI_ISL_17031442,Omicron,CR.1.1,2023-01-28
-1.6013434,-22.414852,10,EPI_ISL_16108278,Omicron,BF.7,2022-10-12
-1.5857159,-22.431736,10,EPI_ISL_16176037,Omicron,BF.7,2022-11-29
-2.2112782,-22.312622,10,EPI_ISL_16144118,Omicron,BF.7.4.1,2022-11-30
-1.5888443,-22.43949,10,EPI_ISL_15914496,Omicron,Unassigned,2022-11-15
-1.5839171,-22.424011,10,EPI_ISL_16884754,Omicron,BF.7,2023-01-30
-1.1630119,-23.529596,10,EPI_ISL_15419951,Omicron,XBB.3,2022
-1.5865303,-22.430466,10,EPI_ISL_14536295,Omicron,BF.7.21,2022-08-05
2.6504169,-21.703167,10,EPI_ISL_16534169,Omicron,BA.5.2,2022-12-31
2.6503747,-21.703152,10,EPI_ISL_14666699,Omicron,BA.5.9,2022-07-27
-0.80838156,-21.785063,10,EPI_ISL_16584192,Omicron,XBC.1.1,2023-01-04
-0.85510576,-22.520996,10,EPI_ISL_17343862,Omicron,CM.11,2023-02-23
-1.5932872,-22.427284,10,EPI_ISL_15064235,Omicron,BA.5.2.6,2022-08-15
-0.53139794,-21.92835,10,EPI_ISL_14217015,Omicron,BA.5.2,2022-07-11
-1.9135256,-23.298222,10,EPI_ISL_15221817,Omicron,BA.4.6,2022-09-16
-2.8783708,-21.094337,10,EPI_ISL_16134772,Omicron,DF.1.1,2022-11-22
-1.5841398,-22.416853,10,EPI_ISL_14316322,Omicron,BA.4.6,2022-07-14
-1.2038817,-21.611425,10,EPI_ISL_15096870,Omicron,BA.5.2.1,2022-08-02
-0.9860535,-22.740913,10,EPI_ISL_15849758,Omicron,BF.7.26,2022-11-01
-0.9045968,-22.575209,10,EPI_ISL_15930039,Omicron,BA.5.2.6,2022-11-10
-1.7285962,-21.650412,10,EPI_ISL_15391536,Omicron,BF.7,2022-10-01
-1.2036817,-21.611382,10,EPI_ISL_15621453,Omicron,BA.4.6,2022-09-19
-2.8443756,-21.12484,10,EPI_ISL_14972875,Omicron,BF.11.1,2022-08-17
-1.5885015,-22.439634,10,EPI_ISL_17170722,Omicron,BF.7.14,2023-01-16
2.6504536,-21.703154,10,EPI_ISL_15129640,Omicron,BA.5.9,2022-09-07
-1.5929804,-22.421732,10,EPI_ISL_15593614,Omicron,BF.7.4.1,2022-10-07
-1.589655,-22.423111,10,EPI_ISL_16711348,Omicron,BA.5.10.1,2022-12-26
-2.72967,-23.01004,10,EPI_ISL_14496652,Omicron,BA.4.6,2022-07-11
-1.5972143,-22.427046,10,EPI_ISL_15619328,Omicron,BA.4.6,2022-10-19
2.721894,-21.68403,10,EPI_ISL_15196903,Omicron,Unassigned,2022-09-19
-1.2930964,-23.083857,10,EPI_ISL_17229554,Omicron,BA.5.2.6,2023-02-09
-1.5895013,-22.427866,10,EPI_ISL_14853116,Omicron,BA.5.1.18,2022-08-27
-1.2034854,-21.611425,10,EPI_ISL_15906797,Omicron,BA.4.6,2022-11-04
-2.6193185,-21.615211,10,EPI_ISL_16258705,Omicron,BF.7,2022-11-28
-1.9739345,-23.144781,10,EPI_ISL_16812940,Omicron,BF.7.4,2023-01-21
-2.8721027,-23.108307,10,EPI_ISL_14796373,Omicron,BA.2.74,2022-07-18
-1.6001873,-22.433764,10,EPI_ISL_15027365,Omicron,BA.4.6,2022-09-02
-2.797478,-22.787344,10,EPI_ISL_16825475,Omicron,BS.1.1,2023-01-16
-1.600655,-22.422892,10,EPI_ISL_16867176,Omicron,BA.5.11,2023-01-30
2.6504147,-21.703457,10,EPI_ISL_14851849,Omicron,BA.4.1,2022-08-24
-2.6287668,-21.993153,10,EPI_ISL_16941903,Omicron,BQ.1.1.18,2023-01-10
-1.5930725,-22.435253,10,EPI_ISL_14250014,Omicron,BA.4.6,2022-07-17
-1.5860702,-22.436172,10,EPI_ISL_16560846,Omicron,BA.5.11,2022-12-24
-1.6247847,-22.425945,10,EPI_ISL_16092741,Omicron,BA.5.2.6,2022-11-18
-2.9698167,-23.016582,10,EPI_ISL_14148358,Omicron,BA.2.38,2022-06-26
-0.93702936,-22.516768,10,EPI_ISL_13806188,Omicron,BF.7,2022-07-04
-1.5986787,-22.424488,10,EPI_ISL_15291342,Omicron,BA.5.2.6,2022-09-25
-1.594887,-22.426651,10,EPI_ISL_16616826,Omicron,BF.7.14,2022-12-25
2.3434398,-21.765612,10,EPI_ISL_15392082,Omicron,BA.5.2.1,2022-10-10
-1.5863686,-22.430508,10,EPI_ISL_15348431,Omicron,BF.7.3,2022-09-06
-1.9732667,-23.171017,10,EPI_ISL_15510841,Omicron,BA.4.1.8,2022-10-07
2.6504147,-21.703453,10,EPI_ISL_14660458,Omicron,BA.4,2022-07-05
-3.4129956,-20.377533,10,EPI_ISL_14007566,Omicron,Unassigned,2022-06-09
-1.7139703,-21.63897,10,EPI_ISL_14202054,Omicron,BA.4.6,2022-07-26
-1.0698777,-22.1163,10,EPI_ISL_17072294,Omicron,BF.7.14,2023-02-16
-2.9437833,-23.066109,10,EPI_ISL_15865273,Omicron,BA.2,2022-06-27
-1.5872505,-22.439034,10,EPI_ISL_14512946,Omicron,BA.4.6,2022-08-08
-1.5855166,-22.422089,10,EPI_ISL_16136966,Omicron,BA.5.2.6,2022-11-25
-1.5820085,-22.439476,10,EPI_ISL_14306036,Omicron,BA.4.6,2022-07-28
-1.5869558,-22.432392,10,EPI_ISL_14116271,Omicron,BA.5.2.1,2022-07-01
-1.6018215,-22.424406,10,EPI_ISL_14960052,Omicron,BA.5.2.34,2022-08-24
-0.80841506,-21.784966,10,EPI_ISL_16093267,Omicron,XBC.1,2022-11-22
-2.6604388,-21.989447,10,EPI_ISL_16340894,Omicron,BE.1.4.2,2022-12-23
-1.5897173,-22.436975,10,EPI_ISL_16218267,Omicron,BF.7,2022-12-08
-1.5941907,-22.429264,10,EPI_ISL_15221261,Omicron,BA.4.6,2022-09-15
-0.8090207,-21.801638,10,EPI_ISL_16723819,Omicron,XBC.1.1,2023-01-10
-1.5933992,-22.437523,10,EPI_ISL_15410280,Omicron,BA.4.1.8,2022-09-28
-0.95518684,-22.424925,10,EPI_ISL_16149641,Omicron,CL.1,2022-10-18
-1.5947431,-22.425735,10,EPI_ISL_16217327,Omicron,DQ.1,2022-12-05
-2.637601,-21.631151,10,EPI_ISL_15780335,Omicron,BE.4.1,2022-10-24
-1.5871202,-22.434269,10,EPI_ISL_15743268,Omicron,BA.5.2,2022-10-31
-2.0493221,-21.806952,10,EPI_ISL_14831115,Omicron,BA.5.5,2022-08-18
-1.59523,-22.433157,10,EPI_ISL_16695268,Omicron,BF.7.5.1,2023-01-10
-1.5929202,-22.443665,10,EPI_ISL_16949108,Omicron,BA.5.2.28,2023-01-28
-3.4129782,-20.377539,10,EPI_ISL_14973257,Omicron,Unassigned,2022-08-22
-2.6375437,-21.631115,10,EPI_ISL_16216705,Omicron,BF.7.6,2022-12-05
-2.6376145,-21.63116,10,EPI_ISL_15554550,Omicron,BF.7.21,2022-10-10
-2.9776237,-23.012716,10,EPI_ISL_13133241,Omicron,BA.2,2022-05-17
-0.90460193,-22.575186,10,EPI_ISL_16093793,Omicron,CR.1.1,2022-12-01
-1.5902618,-22.431934,10,EPI_ISL_15783685,Omicron,BA.5.2.47,2022-09-26
-2.8442638,-21.124796,10,EPI_ISL_14087633,Omicron,BA.4.6,2022-07-11
-0.9526235,-22.425064,10,EPI_ISL_15365449,Omicron,BA.4.6.3,2022-09-29
-1.5949996,-22.426683,10,EPI_ISL_15728456,Omicron,CP.8,2022-10-19
2.369422,-21.759718,10,EPI_ISL_15791412,Omicron,BA.5.2.57,2022-10-23
2.3708215,-21.758894,10,EPI_ISL_14975919,Omicron,BA.4.7,2022-09-07
-0.9817308,-22.589088,10,EPI_ISL_16524742,Omicron,BA.5.2.20,2022-12-09
-1.5863241,-22.442415,10,EPI_ISL_15216768,Omicron,BF.7.12,2022-09-07
-1.589025,-22.433737,10,EPI_ISL_14711607,Omicron,BA.4.1.8,2022-08-09
-1.1741129,-23.512558,10,EPI_ISL_15548931,Omicron,Unassigned,2022-10-17
-1.5868487,-22.431019,10,EPI_ISL_15663367,Omicron,Unassigned,2022-10-19
-2.7434635,-22.524773,10,EPI_ISL_16735680,Omicron,BA.5.2.9,2022-12-19
-1.6016127,-22.424904,10,EPI_ISL_16149809,Omicron,BF.7,2022-10-17
-1.2042211,-21.611494,10,EPI_ISL_15273480,Omicron,BA.4.6,2022-08-14
-1.5788745,-22.451826,10,EPI_ISL_15479257,Omicron,Unassigned,2022-10-14
-2.5922527,-23.05861,10,EPI_ISL_16841720,Omicron,BA.4.6,2022-12-04
-0.98582345,-22.263056,10,EPI_ISL_15183305,Omicron,BA.4.6,2022-09-20
-3.0259063,-22.634441,10,EPI_ISL_17482576,Omicron,BA.2,2023-03-21
-1.7881929,-23.348858,10,EPI_ISL_17016070,Omicron,BF.5.1,2023-01
-3.603392,-20.149715,10,EPI_ISL_14082932,Omicron,BA.2.12,2022-06-20
-1.1741129,-23.512556,10,EPI_ISL_16831793,Omicron,BA.5.2.35,2023-01-30
2.341039,-21.765049,10,EPI_ISL_17330612,Omicron,BF.13,2022-08-11
-1.5933522,-22.430622,10,EPI_ISL_15809872,Omicron,BA.5.2.6,2022-09-26
-2.6375859,-21.631144,10,EPI_ISL_15320435,Omicron,BA.4.6,2022-09-19
-1.173909,-23.5125,10,EPI_ISL_17031882,Omicron,BF.7.14,2023-02-10
-1.5901108,-22.434937,10,EPI_ISL_15461460,Omicron,Unassigned,2022-10-11
-1.6005611,-22.435503,10,EPI_ISL_14065219,Omicron,BF.11,2022-07-19
-2.9438157,-23.066072,10,EPI_ISL_14215265,Omicron,BA.2.2,2022-06-16
-2.637609,-21.631544,10,EPI_ISL_15850679,Omicron,BA.5.2.6,2022
-2.94377,-23.06624,10,EPI_ISL_12440731,Omicron,BA.2,2022-04-19
-2.9437602,-23.066195,10,EPI_ISL_13439715,Omicron,BA.2.76,2022-06-15
-1.5848085,-22.430937,10,EPI_ISL_15983536,Omicron,BA.5.2.6,2022-11-07
-1.5949457,-22.425423,10,EPI_ISL_15221996,Omicron,BF.11,2022-09-17
-1.2151998,-23.527536,10,EPI_ISL_16888626,Omicron,BE.1.2.1,2023-01-10
-1.599013,-22.426647,10,EPI_ISL_15919427,Omicron,BA.5.2.6,2022-11-07
-1.5945628,-22.424892,10,EPI_ISL_15347408,Omicron,BF.7.4,2022-10-06
-1.0726824,-23.444975,10,EPI_ISL_15152938,Omicron,CR.1.2,2022-09-20
-1.1150087,-23.500448,10,EPI_ISL_17599935,Omicron,XBB.1.16,2023-03
-3.4129925,-20.377535,10,EPI_ISL_15870588,Omicron,BA.5.2.1,2022-11-11
-1.5954204,-22.434729,10,EPI_ISL_15990714,Omicron,BF.7,2022-11-24
2.6851451,-21.707489,10,EPI_ISL_16628705,Omicron,BA.5.9,2022-11-10
-0.8083571,-21.785126,10,EPI_ISL_16093278,Omicron,XBC.1,2022-11-22
-1.5917692,-22.423052,10,EPI_ISL_16004666,Omicron,BF.7,2022-11-17
-2.6376355,-21.631182,10,EPI_ISL_15259835,Omicron,BF.7,2022-08-26
2.6504147,-21.703453,10,EPI_ISL_15784966,Omicron,BA.5.2.22,2022-09-02
-1.5873674,-22.434233,10,EPI_ISL_14804552,Omicron,BA.5.2.13,2022-08-24
2.3708239,-21.758875,10,EPI_ISL_13447891,Omicron,Unassigned,2022-06-13
-3.1944683,-20.614065,10,EPI_ISL_14083518,Omicron,Unassigned,2022-07-08
2.6602674,-21.701431,10,EPI_ISL_17015458,Omicron,BA.5.9,2023-02-07
-1.5999961,-22.415236,10,EPI_ISL_16165389,Omicron,BA.4.6,2022-12-02
2.3541741,-21.767685,10,EPI_ISL_14787546,Omicron,BA.4,2022-08-27
-2.7843165,-22.302563,10,EPI_ISL_16461657,Omicron,BA.4.1.9,2022-06
2.3708248,-21.758883,10,EPI_ISL_15771074,Omicron,BF.13,2022-10-26
-1.1150466,-22.776052,10,EPI_ISL_15894883,Omicron,BA.5.2.34,2022-11-09
-1.5947282,-22.427343,10,EPI_ISL_16757978,Omicron,BF.7.14,2023-01-06
-1.6015812,-22.431387,10,EPI_ISL_15218919,Omicron,BF.7,2022-09-16
-1.0318105,-22.179426,10,EPI_ISL_15449765,Omicron,BA.5.2.34,2022-10-01
-2.8314335,-21.17093,10,EPI_ISL_16066455,Omicron,BF.11.1,2022-11-03
2.6504142,-21.70346,10,EPI_ISL_14850548,Omicron,BA.5.2,2022-08-22
-2.9438698,-23.066032,10,EPI_ISL_13238872,Omicron,BA.2.3,2022-05-28
-1.604198,-22.43015,10,EPI_ISL_17104764,Omicron,BF.7.14,2023-02-24
-1.6006904,-22.44793,10,EPI_ISL_15693293,Omicron,BF.7.4,2022-10-22
-1.599857,-22.419779,10,EPI_ISL_15668153,Omicron,BF.7.20,2022-10-31
-1.8235489,-23.823257,10,EPI_ISL_16967086,Omicron,BA.1,2023-01-01
-1.0636944,-22.632643,10,EPI_ISL_14351998,Omicron,BA.5.2.13,2022-08-01
-2.9438334,-23.066294,10,EPI_ISL_13769182,Omicron,BA.2.76,2022-06-29
-1.5851324,-22.428778,10,EPI_ISL_16519914,Omicron,BA.5.1.18,2022-12-28
-2.2476866,-22.615309,10,EPI_ISL_15351222,Omicron,BA.4.6,2022-09-25
-1.2039475,-21.61134,10,EPI_ISL_16884988,Omicron,BA.5.2.35,2023-01-24
-2.992221,-22.95532,10,EPI_ISL_14335095,Omicron,BA.2,2022-07-15
2.3708246,-21.758877,10,EPI_ISL_15100535,Omicron,BA.5.2,2022-09-14
-2.6059082,-21.434555,10,EPI_ISL_17103869,Omicron,BQ.1.18,2023-02-20
-1.153057,-21.729034,10,EPI_ISL_17215676,Omicron,BA.4.1.6,2023-01-25
-1.6007967,-22.438358,10,EPI_ISL_17000889,Omicron,BF.7.4.1,2023-02-01
-1.5815325,-22.434376,10,EPI_ISL_15470040,Omicron,BF.7,2022-10-09
-1.5892651,-22.426752,10,EPI_ISL_16017844,Omicron,BA.4.6,2022-11-28
-1.5789086,-22.43838,10,EPI_ISL_16420777,Omicron,Unassigned,2022-12-20
-1.5947863,-22.429968,10,EPI_ISL_16007286,Omicron,BF.7.10,2022-11-10
2.6504533,-21.703146,10,EPI_ISL_14758589,Omicron,BA.5.9,2022-08-16
2.6502495,-21.70346,10,EPI_ISL_15329192,Omicron,CE.1,2022-10-03
-2.791414,-21.346493,10,EPI_ISL_15797065,Omicron,BF.7,2022-10-24
-1.6037444,-22.439306,10,EPI_ISL_15999759,Omicron,BA.5.3.5,2022-11-14
-2.3487563,-22.740953,10,EPI_ISL_17619307,Omicron,BF.7.14,2023-04-12
2.3690937,-21.759594,10,EPI_ISL_16202767,Omicron,BA.5.1,2022-11-26
2.370821,-21.75887,10,EPI_ISL_16392820,Omicron,BF.13,2022-11-12
-1.625098,-22.439146,10,EPI_ISL_15415335,Omicron,BA.4.6,2022-09-07
-1.5943284,-22.438719,10,EPI_ISL_15383915,Omicron,BE.4.1,2022-10-10
-1.5864077,-22.427746,10,EPI_ISL_15459452,Omicron,Unassigned,2022-10-11
-1.5805217,-22.424759,10,EPI_ISL_16294871,Omicron,BF.7.4,2022
-2.867114,-21.132425,10,EPI_ISL_15881682,Omicron,Unassigned,2022-10-20
-1.5868765,-22.43632,10,EPI_ISL_16816285,Omicron,BF.11,2023-01-10
-0.80832803,-21.785198,10,EPI_ISL_17171973,Omicron,XBC.1.5,2023-02-16
-1.5989099,-22.442858,10,EPI_ISL_15537807,Omicron,BA.4.6,2022-10-03
-2.8306572,-21.18385,10,EPI_ISL_15797145,Omicron,BQ.1.1,2022-10-21
2.65025,-21.703459,10,EPI_ISL_16079836,Omicron,BA.5.2,2022-11-01
-1.9177047,-23.441078,10,EPI_ISL_16939950,Omicron,XAY.1.1.1,2023-02-06
-1.587212,-22.42964,10,EPI_ISL_15703067,Omicron,BF.10,2022-10-14
-1.5906283,-22.428137,10,EPI_ISL_15538503,Omicron,BF.7,2022-09-23
-1.5939794,-22.433851,10,EPI_ISL_13800153,Omicron,BA.4.6,2022-06-26
-1.6243469,-22.424803,10,EPI_ISL_15948680,Omicron,BF.7,2022-11-19
-1.5887527,-22.441689,10,EPI_ISL_15914101,Omicron,BF.7.4.1,2022-11-11
-1.980404,-23.559076,10,EPI_ISL_15783315,Omicron,BA.5.2.13,2022-09-01
-1.588894,-22.415045,10,EPI_ISL_15495080,Omicron,BF.7,2022-09-30
-2.661418,-21.764193,10,EPI_ISL_15685215,Omicron,BA.4.6,2022-09-13
-0.8551798,-22.520895,10,EPI_ISL_17646700,Omicron,CM.11,2023-05-02
2.6504548,-21.703156,10,EPI_ISL_12872600,Omicron,BA.4,2022-05-06
-1.6205739,-22.430658,10,EPI_ISL_15460653,Omicron,Unassigned,2022-10-04
-1.5856174,-22.433372,10,EPI_ISL_14945427,Omicron,BA.4.6,2022-08-27
-2.6288245,-21.993378,10,EPI_ISL_16516471,Omicron,DT.2,2022-12-10
-1.5999415,-22.426071,10,EPI_ISL_15845898,Omicron,BA.4.6,2022-10-18
-3.4129846,-20.377546,10,EPI_ISL_16401035,Omicron,BQ.1.1.32,2022-12-13
-1.5933632,-22.423386,10,EPI_ISL_16657112,Omicron,BF.7.27,2022-12-24
2.650414,-21.703455,10,EPI_ISL_15522136,Omicron,BA.5.9,2022-10-17
-2.637698,-21.631256,10,EPI_ISL_15901414,Omicron,BF.7,2022-11-08
-1.5841125,-22.428364,10,EPI_ISL_15915122,Omicron,Unassigned,2022-11-09
-2.9540143,-20.625973,10,EPI_ISL_14429412,Omicron,BA.5.6,2022-07-29
-1.5991018,-22.416107,10,EPI_ISL_16535218,Omicron,BA.5.1.38,2022-12-28
-1.5973293,-22.417284,10,EPI_ISL_16218968,Omicron,BF.7.4.2,2022-12-07
-0.9045966,-22.575214,10,EPI_ISL_15852419,Omicron,BF.7.4.1,2022-11-12
-1.7610226,-21.638975,10,EPI_ISL_14489806,Omicron,BE.1.2,2022-07-31
-1.5978609,-22.426281,10,EPI_ISL_15503640,Omicron,BF.7.15,2022-10-07
-1.5927681,-22.435768,10,EPI_ISL_15125060,Omicron,BE.1.2,2022-09-02
-2.8443658,-21.124813,10,EPI_ISL_16643424,Omicron,BF.7.4,2023-01-03
-1.5934892,-22.438402,10,EPI_ISL_17185665,Omicron,BF.7,2023-02-20
-0.93513995,-22.288553,10,EPI_ISL_15712553,Omicron,BA.5.2.35,2022-10-24
-1.9279113,-23.190174,10,EPI_ISL_14499477,Omicron,BA.4.6,2022-07-27
-2.8339689,-21.131334,10,EPI_ISL_16400604,Omicron,BQ.1.1.11,2022-12-18
-1.5801014,-22.429735,10,EPI_ISL_15380848,Omicron,BF.7,2022-10-03
2.7113297,-21.709654,10,EPI_ISL_16729656,Omicron,BA.5.6.4,2022-12-26
-0.808376,-21.785078,10,EPI_ISL_16640902,Omicron,XBC.1.2,2023-01-10
-3.4981496,-20.281755,10,EPI_ISL_14854983,Omicron,B.1.1.529,2022-08-10
-1.6247917,-22.42795,10,EPI_ISL_16322621,Omicron,BF.10,2022-12-14
-1.5933486,-22.43196,10,EPI_ISL_16635806,Omicron,BF.7.14,2023-01-09
-2.585632,-21.50726,10,EPI_ISL_17103736,Omicron,BF.7.4.1,2023-02-13
-1.6015556,-22.443457,10,EPI_ISL_15841289,Omicron,BE.4.1,2022-11-07
2.6502492,-21.703457,10,EPI_ISL_16396175,Omicron,BA.5.9,2022-12-23
-1.093099,-21.798338,10,EPI_ISL_16694876,Omicron,BF.7.20,2023-01-13
-1.1741127,-23.512558,10,EPI_ISL_16070143,Omicron,BE.1.2.1,2022-11-11
-1.590152,-22.427835,10,EPI_ISL_15041779,Omicron,BA.4.6,2022-08-31
-0.9056686,-22.59295,10,EPI_ISL_15951282,Omicron,CR.1.1,2022-11-12
-1.5955706,-22.439592,10,EPI_ISL_15097333,Omicron,BA.4.6.5,2022-09-10
-2.5626886,-23.10163,10,EPI_ISL_16878720,Omicron,DE.1,2023-01-06
-2.9437833,-23.066141,10,EPI_ISL_11738602,Omicron,BA.2,2022
-1.8181258,-23.425337,10,EPI_ISL_17255509,Omicron,BA.2,2023-02-27
-3.4129746,-20.377539,10,EPI_ISL_14971441,Omicron,BA.5.2.3,2022-08-22
-1.5782409,-22.442793,10,EPI_ISL_15666829,Omicron,BA.4.6,2022-10-11
-1.5839226,-22.432045,10,EPI_ISL_16446512,Omicron,BA.5.2.6,2022-12-15
-1.5891137,-22.434818,10,EPI_ISL_13300227,Omicron,BA.5.2.6,2022-06-07
2.3708253,-21.758884,10,EPI_ISL_14899913,Omicron,BF.13,2022-08-25
-1.928577,-23.189653,10,EPI_ISL_15267445,Omicron,BA.4.6.5,2022-10-01
-1.5978572,-22.416056,10,EPI_ISL_15374779,Omicron,BF.7,2022-09-27
-1.9176708,-23.4411,10,EPI_ISL_16459207,Omicron,XAY.1.1,2022-12-16
-0.9045919,-22.574884,10,EPI_ISL_15531642,Omicron,BA.5.2.6,2022-10-11
2.650118,-21.70343,10,EPI_ISL_16725253,Omicron,BA.5.9,2022-12-17
-1.59857,-22.433905,10,EPI_ISL_14877361,Omicron,BF.7.5,2022-08-22
-1.6184767,-22.435968,10,EPI_ISL_16273635,Omicron,BF.7.20,2022-12-13
-1.7610298,-21.638977,10,EPI_ISL_14377015,Omicron,BA.4.6,2022-07-14
-1.5999857,-22.436544,10,EPI_ISL_15829063,Omicron,BA.5.2.6,2022-10-19
-2.242311,-22.213913,10,EPI_ISL_14706884,Omicron,BF.7,2022-08-23
-1.0653336,-22.811357,10,EPI_ISL_14803918,Omicron,BA.4.6,2022
2.6501653,-21.70314,10,EPI_ISL_17505689,Omicron,BF.7.14,2023-04-04
-2.979735,-20.957788,10,EPI_ISL_16252744,Omicron,BQ.1.1.5,2022-12-04
-3.4129796,-20.377523,10,EPI_ISL_14007463,Omicron,Unassigned,2022-06-20
-1.5932968,-22.435545,10,EPI_ISL_15342060,Omicron,BF.7.4,2022-10-01
-2.9164815,-21.045418,10,EPI_ISL_17517105,Omicron,BE.1.1,2022-11-15
-0.9045966,-22.57521,10,EPI_ISL_16219332,Omicron,BA.5.1.5,2022-11-30
-1.5956764,-22.421642,10,EPI_ISL_17536864,Omicron,BF.7.14,2023-04-09
-1.600306,-22.437433,10,EPI_ISL_16004761,Omicron,BA.5.12,2022-11-28
2.4191844,-21.73217,10,EPI_ISL_16341492,Omicron,BQ.1.21,2022-12-11
-1.6228321,-22.430687,10,EPI_ISL_14336767,Omicron,BA.4.6,2022-07-22
-2.9438305,-23.066189,10,EPI_ISL_14767276,Omicron,BA.2,2022-07-21
-1.5984958,-22.445156,10,EPI_ISL_15942207,Omicron,BE.1.1,2022-11-02
-1.6005495,-22.439337,10,EPI_ISL_15273111,Omicron,BF.7,2022-09-17
-1.6019617,-22.438578,10,EPI_ISL_17170709,Omicron,BF.7.14,2023-01-18
-1.596117,-22.433788,10,EPI_ISL_17170720,Omicron,BF.7.14,2023-01-16
-1.6029546,-22.430258,10,EPI_ISL_15485299,Omicron,BF.11,2022-10-13
-1.0726788,-23.444971,10,EPI_ISL_16293621,Omicron,BA.4.1.9,2022-12-14
-1.5972905,-22.433168,10,EPI_ISL_16268306,Omicron,BA.5.1.37,2022-12-11
-2.3849607,-22.402103,10,EPI_ISL_16764252,Omicron,BE.7,2023-01-16
-1.597486,-22.42521,10,EPI_ISL_16452401,Omicron,XBM,2022-12-28
-3.4981499,-20.281754,10,EPI_ISL_13167239,Omicron,Unassigned,2022-05-17
-0.04828179,-21.946741,10,EPI_ISL_17109484,Omicron,BA.5.1,2022-08-01
-1.6007769,-22.4333,10,EPI_ISL_17512900,Omicron,BA.5.11,2023-02-06
-1.5929817,-22.43043,10,EPI_ISL_15793830,Omicron,BA.5.2.1,2022-10-27
-1.5929685,-22.429178,10,EPI_ISL_14900617,Omicron,CN.2,2022-08-29
-2.637628,-21.631157,10,EPI_ISL_15685102,Omicron,BF.41,2022-09-12
-1.6238564,-22.440268,10,EPI_ISL_17228021,Omicron,BF.7.14,2023-02-22
-1.6017374,-22.431765,10,EPI_ISL_14654168,Omicron,BE.1,2022-08-10
-1.5872736,-22.444424,10,EPI_ISL_17489346,Omicron,BF.7.14,2023-03-21
2.370823,-21.758862,10,EPI_ISL_16445605,Omicron,BA.5.1,2022-12-13
-2.847772,-23.126131,10,EPI_ISL_13692499,Omicron,BA.2.74,2022-06-22
-1.6037797,-22.440323,10,EPI_ISL_16075705,Omicron,BA.5.1.27,2022-11-22
-2.6409094,-21.637457,10,EPI_ISL_15506334,Omicron,DA.1,2022-10-02
-1.6017178,-22.433714,10,EPI_ISL_14893204,Omicron,BF.7,2022-08-29
-2.8971567,-21.743958,10,EPI_ISL_16377998,Omicron,BA.2,2022-12-28
-2.637388,-21.631142,10,EPI_ISL_15717676,Omicron,BA.4.6,2022-10-10
-1.6028285,-22.425678,10,EPI_ISL_16859016,Omicron,BA.5,2023-01-26
-1.5906881,-22.435593,10,EPI_ISL_15721042,Omicron,BA.5.1.27,2022-11-01
-2.8347123,-21.135199,10,EPI_ISL_16752447,Omicron,BQ.1.1.18,2023-01-09
-1.597691,-22.430683,10,EPI_ISL_17163071,Omicron,BF.7.15,2023-02-15
-1.6032765,-22.455694,10,EPI_ISL_15468277,Omicron,BA.5.2.35,2022-10-12
2.6500778,-21.703121,10,EPI_ISL_17640910,Omicron,BA.5.1,2023-04-17
-2.888167,-23.098618,10,EPI_ISL_13826285,Omicron,BA.2.74,2022-06-12
-1.5962491,-22.436321,10,EPI_ISL_15991214,Omicron,BF.11.4,2022-11-14
-2.7519917,-23.020882,10,EPI_ISL_15467691,Omicron,BS.1.2,2022-10-16
-2.9438562,-23.066135,10,EPI_ISL_16076496,Omicron,BA.2.9,2022-11-29
-2.9437623,-23.066174,10,EPI_ISL_12785813,Omicron,BA.2,2022-03-24
-2.6776524,-22.06251,10,EPI_ISL_16991033,Omicron,BQ.1.1,2023-01-18
-2.1214888,-22.073322,10,EPI_ISL_16070082,Omicron,BA.5.2.34,2022-11-12
-1.5944402,-22.431131,10,EPI_ISL_15370093,Omicron,BA.4.6,2022-10-05
-2.6376283,-21.631126,10,EPI_ISL_16766480,Omicron,BA.5.2.35,2022-12-12
-2.8784127,-21.094355,10,EPI_ISL_16134795,Omicron,BQ.1.1.27,2022-11-23
-1.6023197,-22.434772,10,EPI_ISL_16164734,Omicron,Unassigned,2022-12-05
-1.5973401,-22.419245,10,EPI_ISL_16509742,Omicron,BA.4.6,2022-11-02
-0.9045916,-22.574888,10,EPI_ISL_15927917,Omicron,BF.11,2022-11-14
-1.5968575,-22.433317,10,EPI_ISL_16571901,Omicron,BA.4.6,2022-12-22
-2.6527872,-21.74359,10,EPI_ISL_16549057,Omicron,BA.5.2.6,2023-01-05
-1.1741128,-23.512558,10,EPI_ISL_15988859,Omicron,BE.1.2.1,2022-11-20
-2.769585,-21.252516,10,EPI_ISL_15799333,Omicron,BF.7.6,2022-11-01
-1.5893316,-22.427145,10,EPI_ISL_15663422,Omicron,Unassigned,2022-10-24
2.668985,-21.722004,10,EPI_ISL_17211201,Omicron,BA.2,2022-08-27
-1.8928717,-23.13341,10,EPI_ISL_15293255,Omicron,BA.5.1.22,2022-10-02
-2.8442204,-21.124815,10,EPI_ISL_17001670,Omicron,BQ.1.18,2023-02-04
-1.2039746,-21.611319,10,EPI_ISL_13885490,Omicron,BF.5.1,2022-07-09
-0.9370293,-22.516771,10,EPI_ISL_15984989,Omicron,BA.4.6.1,2022-11-26
2.650163,-21.703436,10,EPI_ISL_15173713,Omicron,BA.5.2,2022-09-03
2.6501653,-21.703144,10,EPI_ISL_15682638,Omicron,BA.5.1,2022-10-26
-1.955682,-23.177185,10,EPI_ISL_15611952,Omicron,BE.8,2022-10-19
-2.868557,-22.994106,10,EPI_ISL_14901672,Omicron,BA.2,2022-08-05
2.3576345,-21.760921,10,EPI_ISL_15495388,Omicron,BE.6,2022-10-18
-1.2039475,-21.611338,10,EPI_ISL_16884080,Omicron,BF.7.6,2023-01-23
2.370832,-21.758883,10,EPI_ISL_14977634,Omicron,BA.4.7,2022-08-29
-2.2108235,-22.262207,10,EPI_ISL_16043609,Omicron,BF.7.1,2022-11-30
-3.0383222,-22.25278,10,EPI_ISL_15967698,Omicron,BS.1.1,2022-11-04
-0.9551926,-22.42529,10,EPI_ISL_15931736,Omicron,BA.4.6.3,2022-11-08
-1.6227772,-22.427874,10,EPI_ISL_16310709,Omicron,CN.2,2022-11-26
-0.86739343,-22.606462,10,EPI_ISL_17074171,Omicron,CR.1.1,2022-12-20
2.6503737,-21.703156,10,EPI_ISL_13976645,Omicron,BA.5.5,2022-07-08
-2.323371,-22.073889,10,EPI_ISL_16998014,Omicron,BF.11.2,2023-01-31
-1.6189651,-22.437023,10,EPI_ISL_13344484,Omicron,BA.4.6,2022-05-30
-0.7850352,-21.561514,10,EPI_ISL_16680068,Omicron,XBC.1,2022-12-30
0.39963466,-22.635283,10,EPI_ISL_16818446,Omicron,XBB,2022-11
-1.5959442,-22.433157,10,EPI_ISL_15431334,Omicron,BF.7,2022-10-03
2.3708248,-21.75888,10,EPI_ISL_15982532,Omicron,BA.5.2.57,2022-11-23
-1.6218514,-22.431362,10,EPI_ISL_16497653,Omicron,BF.7,2022-12-15
-1.5953155,-22.44237,10,EPI_ISL_14665191,Omicron,BF.7,2022-08-17
-1.713971,-21.638968,10,EPI_ISL_16541886,Omicron,BA.5.2.34,2023-01-06
-2.637607,-21.631153,10,EPI_ISL_15451243,Omicron,BF.7.6,2022-10-07
-1.6003649,-22.428938,10,EPI_ISL_16440943,Omicron,BF.11.2,2023-01-01
-1.5989519,-22.44007,10,EPI_ISL_14055889,Omicron,BA.4.6,2022-07-13
-2.8442852,-21.124838,10,EPI_ISL_15870341,Omicron,BA.5.1.18,2022-11-10
-1.6049305,-22.443188,10,EPI_ISL_16811926,Omicron,BE.1.4,2023-01-18
-1.2038056,-21.61138,10,EPI_ISL_17003146,Omicron,BF.7.4.1,2023-02-03
-1.5841795,-22.422382,10,EPI_ISL_17031893,Omicron,BA.5.2.6,2023-02-12
-1.390494,-23.549353,10,EPI_ISL_16749542,Omicron,DF.1.1,2023-01-12
-2.8803432,-23.10002,10,EPI_ISL_13824638,Omicron,BA.2.56,2022-06-08
-1.2041274,-21.611376,10,EPI_ISL_15622270,Omicron,BA.4.6.1,2022-10-19
-1.5840702,-22.431664,10,EPI_ISL_16058767,Omicron,BA.5.11,2022-11-16
-1.581065,-22.438143,10,EPI_ISL_14833784,Omicron,BA.5.1.18,2022-08-20
-1.6043673,-22.436184,10,EPI_ISL_16335817,Omicron,BF.11,2022-12-12
-1.597185,-22.438923,10,EPI_ISL_16522025,Omicron,BF.7.15,2022-12-24
-0.9035947,-22.566202,10,EPI_ISL_16711497,Omicron,BA.5.1.10,2022-12-29
-1.5972105,-22.426327,10,EPI_ISL_16529175,Omicron,BA.5.1.26,2023-01-05
-2.60597,-21.434612,10,EPI_ISL_16066535,Omicron,CN.2,2022-11-21
-2.2496743,-22.099483,10,EPI_ISL_16381332,Omicron,BF.10,2022-12-19
-1.5917821,-22.449827,10,EPI_ISL_15904821,Omicron,BF.7.1,2022-11-11
-1.59302,-22.4393,10,EPI_ISL_15403647,Omicron,BF.11.4,2022-10-08
2.3708167,-21.758905,10,EPI_ISL_15637546,Omicron,BA.5.2.57,2022-10-25
-3.0707026,-20.940739,10,EPI_ISL_15861977,Omicron,BQ.1.1,2022-11-12
-1.596862,-22.44297,10,EPI_ISL_14756523,Omicron,BF.7,2022-08-16
-2.9697227,-23.023285,10,EPI_ISL_14175610,Omicron,BA.2.38,2022-06-29
-1.5956379,-22.443308,10,EPI_ISL_15724256,Omicron,BA.5.1.9,2022-10-13
-1.585045,-22.424242,10,EPI_ISL_15928962,Omicron,BE.7,2022-11-14
-1.1678386,-23.064243,10,EPI_ISL_17014598,Omicron,BF.7,2023-02-09
-0.6531271,-21.829796,10,EPI_ISL_17682924,Omicron,XBC.1,2023-04-19
-1.4872072,-23.538301,10,EPI_ISL_16461655,Omicron,BA.4.1.9,2022-06
-1.6031078,-22.44638,10,EPI_ISL_14319013,Omicron,BA.4.6,2022-07-18
2.650113,-21.703405,10,EPI_ISL_12845418,Omicron,BA.5.9,2022-05-11
-3.1599982,-21.402752,10,EPI_ISL_13388912,Omicron,BA.2,2022-06-04
-0.9045917,-22.574888,10,EPI_ISL_15947172,Omicron,CR.1.1,2022-11-17
-0.06796505,-21.941515,10,EPI_ISL_13799699,Omicron,BA.4,2022-06-09
-1.5860254,-22.44291,10,EPI_ISL_15811613,Omicron,BF.7,2022-11-08
-1.5891427,-22.423931,10,EPI_ISL_15952316,Omicron,BF.30,2022-10-18
-2.6287541,-21.993082,10,EPI_ISL_16417833,Omicron,BQ.1.1.23,2022-12-11
-3.413433,-20.368244,10,EPI_ISL_17104067,Omicron,Unassigned,2023-02-16
-1.6229211,-22.428198,10,EPI_ISL_16688577,Omicron,BA.5.1.6,2022-09-22
-1.6001781,-22.43499,10,EPI_ISL_16365397,Omicron,BA.5.1.10,2022-12-01
-1.0223782,-21.984444,10,EPI_ISL_15072289,Omicron,BF.7,2022-09-12
-1.597065,-22.442945,10,EPI_ISL_16828450,Omicron,BF.7.15,2023-01-12
-1.62445,-22.438704,10,EPI_ISL_16964713,Omicron,BF.5.1,2022-12-14
-2.9576683,-23.046185,10,EPI_ISL_13660065,Omicron,BA.2.76,2022-06-18
-0.8084124,-21.784975,10,EPI_ISL_16899686,Omicron,XBC.1,2023-01-11
-1.3184979,-21.6636,10,EPI_ISL_15799680,Omicron,BF.7,2022-11-04
-1.594625,-22.439005,10,EPI_ISL_15541194,Omicron,BF.7.11,2022-09-30
-1.5965089,-22.423635,10,EPI_ISL_15947810,Omicron,BA.4.6,2022-11-03
-0.90458876,-22.575466,10,EPI_ISL_16596410,Omicron,CR.1.3,2023-01-09
-2.6375494,-21.631092,10,EPI_ISL_15526478,Omicron,BA.4.6,2022-10-12
-3.4129798,-20.37754,10,EPI_ISL_15935987,Omicron,Unassigned,2022-11-13
2.5040727,-21.738764,10,EPI_ISL_17380478,Omicron,BF.13,2022-10-29
2.6771579,-21.74093,10,EPI_ISL_15357190,Omicron,BA.5.2,2022-09-29
-1.9171572,-21.718666,10,EPI_ISL_15952677,Omicron,EB.1,2022-10-31
-3.4129734,-20.37754,10,EPI_ISL_14582392,Omicron,BA.5.1.3,2022-07-18
-1.6033908,-22.436249,10,EPI_ISL_15649982,Omicron,BF.7.22,2022-10-21
2.6502063,-21.703455,10,EPI_ISL_15517616,Omicron,BA.5.2.27,2022-10-17
-1.6027291,-22.436184,10,EPI_ISL_14735877,Omicron,BA.5.10.1,2022-08-17
-1.6046749,-22.42248,10,EPI_ISL_16582332,Omicron,Unassigned,2023-01-10
-2.6376462,-21.631172,10,EPI_ISL_13892359,Omicron,BA.4.6,2022-07-07
-1.2761401,-21.67344,10,EPI_ISL_15933280,Omicron,BE.1,2022-10-29
-2.5924258,-23.058216,10,EPI_ISL_17494212,Omicron,BA.5.2.6,2023-03-26
-1.4287705,-23.40334,10,EPI_ISL_15846736,Omicron,BF.7,2022-11-03
-1.5999993,-22.424444,10,EPI_ISL_17046867,Omicron,BF.7.14,2023-01-21
-2.63757,-21.631136,10,EPI_ISL_15451692,Omicron,BF.7,2022-09-20
-1.6021248,-22.422794,10,EPI_ISL_16834104,Omicron,BF.11,2022-12-19
-1.5979491,-22.437452,10,EPI_ISL_16890786,Omicron,BF.7.4,2022-12-11
-1.6214583,-22.426884,10,EPI_ISL_14758703,Omicron,BF.7,2022-07-26
-1.5848435,-22.42614,10,EPI_ISL_15631122,Omicron,BF.11.5,2022-10-16
-1.5977299,-22.43465,10,EPI_ISL_15125683,Omicron,BA.5.2.6,2022-09-24
-1.1741127,-23.512556,10,EPI_ISL_15226000,Omicron,BE.1.2.1,2022-09-25
-1.2035407,-21.61143,10,EPI_ISL_15934837,Omicron,BA.4.6,2022-10-12
-1.6019762,-22.427082,10,EPI_ISL_15948636,Omicron,BE.1.2,2022-11-19
-1.6338081,-22.4402,10,EPI_ISL_13634237,Omicron,BA.4.6,2022-06-28
-1.6009349,-22.441399,10,EPI_ISL_15275323,Omicron,BA.4.6.5,2022-09-26
-2.8442757,-21.124826,10,EPI_ISL_15935792,Omicron,BQ.1.1,2022-11-14
-1.5997857,-22.43183,10,EPI_ISL_14804565,Omicron,BF.7.23,2022-08-25
-1.5994986,-22.423216,10,EPI_ISL_16726172,Omicron,BF.7,2022-10-05
-1.6039417,-22.430092,10,EPI_ISL_14435942,Omicron,BA.4.1.1,2022-08-05
-1.5923151,-22.431614,10,EPI_ISL_15619110,Omicron,BA.4.6,2022-10-18
-1.6203612,-22.43033,10,EPI_ISL_15670343,Omicron,BA.5.2.6,2022-10-17
-2.2420473,-22.214554,10,EPI_ISL_16095084,Omicron,BF.7,2022-11-28
-1.5985345,-22.440506,10,EPI_ISL_16562154,Omicron,BA.4.6.5,2022-09-12
-3.1458063,-21.269373,10,EPI_ISL_17104011,Omicron,Unassigned,2023-02-19
-1.6036322,-22.442791,10,EPI_ISL_14625702,Omicron,BA.4.6,2022-08-21
-2.9438248,-23.066174,10,EPI_ISL_13381308,Omicron,BA.2,2022-06-09
-2.6287522,-21.993069,10,EPI_ISL_17013355,Omicron,BQ.1.1.18,2023-01-16
-1.597858,-22.442822,10,EPI_ISL_16722653,Omicron,BF.7,2022-12-22
-2.5690444,-22.588161,10,EPI_ISL_17324173,Omicron,XBC.1.6,2023-03-15
-2.6375964,-21.631132,10,EPI_ISL_14554487,Omicron,BA.4.6.1,2022-07-25
2.419185,-21.732168,10,EPI_ISL_16366552,Omicron,BQ.1.21,2022-12-19
-1.5985954,-22.429058,10,EPI_ISL_15410767,Omicron,BA.4.6,2022-10-03
-1.5985392,-22.437729,10,EPI_ISL_15483679,Omicron,BA.4.6,2022-10-09
-1.6249923,-22.427103,10,EPI_ISL_17690173,Omicron,BA.4.6,2022-08-19
-2.541444,-21.714651,10,EPI_ISL_16711279,Omicron,BF.7.5,2022-12-27
-1.5994223,-22.426172,10,EPI_ISL_14321866,Omicron,BA.4.6,2022-07-18
-3.6033921,-20.149715,10,EPI_ISL_13762621,Omicron,Unassigned,2022-06-28
-2.6375833,-21.631126,10,EPI_ISL_15727319,Omicron,BF.7.5,2022-11-07
-2.5261507,-21.62615,10,EPI_ISL_14481277,Omicron,BA.4.6,2022-07-14
-1.5957627,-22.438875,10,EPI_ISL_15227081,Omicron,BE.1.1,2022-09-17
-1.5966349,-22.446186,10,EPI_ISL_17184829,Omicron,BF.11,2023-01-14
-1.1741129,-23.512556,10,EPI_ISL_16383050,Omicron,BA.4.6.2,2022-12-23
2.6850688,-21.707489,10,EPI_ISL_14734956,Omicron,BA.5.2,2022-07-08
-1.0347149,-22.584345,10,EPI_ISL_16856015,Omicron,EW.1,2023-01-10
-3.008955,-21.80331,10,EPI_ISL_16220789,Omicron,BN.1.4.2,2022-12-07
2.370823,-21.758877,10,EPI_ISL_15259501,Omicron,BF.13,2022-09-26
-1.6040168,-22.426956,10,EPI_ISL_16669271,Omicron,BA.5.12,2023-01-02
-2.644178,-21.943975,10,EPI_ISL_15889824,Omicron,BA.4.1.9,2022-11-07
-2.1946752,-22.080698,10,EPI_ISL_14516951,Omicron,BF.7.21,2022-08-10
-1.6178402,-22.443031,10,EPI_ISL_15311618,Omicron,BA.4.6,2022-09-26
2.6501155,-21.703114,10,EPI_ISL_14777050,Omicron,BA.5.9,2022-08-17
-1.6256348,-22.444574,10,EPI_ISL_15269366,Omicron,BA.4.6,2022-09-09
-1.2037967,-21.611504,10,EPI_ISL_15286680,Omicron,BA.4.6,2022-09-13
-2.62882,-21.993364,10,EPI_ISL_16414985,Omicron,BQ.1.1,2022-12-05
-1.9278647,-23.1898,10,EPI_ISL_15094513,Omicron,BA.4.6,2022-08-30
-1.5957398,-22.441067,10,EPI_ISL_16165917,Omicron,BA.5,2022-12-01
-2.6376112,-21.631157,10,EPI_ISL_16294802,Omicron,BF.7,2022
-0.90460145,-22.575184,10,EPI_ISL_16640308,Omicron,CR.1,2022-11-06
-1.5977013,-22.42154,10,EPI_ISL_16388622,Omicron,BA.5.2.6,2022-12-15
-0.90459645,-22.575209,10,EPI_ISL_16383037,Omicron,CR.1.1,2022-12-23
-1.6003203,-22.440655,10,EPI_ISL_15071115,Omicron,BA.4.6,2022-09-06
-2.247687,-22.615313,10,EPI_ISL_16023415,Omicron,CP.3,2022-11-29
-1.6358836,-22.442257,10,EPI_ISL_17031526,Omicron,CR.1,2023-01-28
-0.9045965,-22.57521,10,EPI_ISL_16238961,Omicron,CR.1,2022-12-13
-1.594893,-22.427475,10,EPI_ISL_17517743,Omicron,BA.2,2023-01-16
-1.1326257,-22.738764,10,EPI_ISL_16267706,Omicron,BF.7.4,2022-12-07
-1.9095664,-23.071445,10,EPI_ISL_17494120,Omicron,BF.7,2023-03-10
-1.5867132,-22.427036,10,EPI_ISL_16257925,Omicron,BF.7.21,2022-12-02
-2.8076818,-21.404863,10,EPI_ISL_15357988,Omicron,BA.4.6.4,2022-10-06
-1.5942434,-22.436754,10,EPI_ISL_14845499,Omicron,BA.5.1.21,2022-08-23
-1.6038435,-22.440668,10,EPI_ISL_17109920,Omicron,BA.4.6,2022-09-07
-2.844326,-21.124807,10,EPI_ISL_17103840,Omicron,BQ.1.1,2023-01-30
-1.5988729,-22.429646,10,EPI_ISL_16642366,Omicron,BF.7.14.6,2022-11-20
-0.95513225,-22.425203,10,EPI_ISL_16576453,Omicron,CK.1.2,2023-01-01
-1.6216124,-22.428442,10,EPI_ISL_16505496,Omicron,BF.11.2,2022-11-03
-1.6201926,-22.43469,10,EPI_ISL_17490461,Omicron,BF.7.14,2023-03-21
-1.5923153,-22.426472,10,EPI_ISL_16376714,Omicron,BF.7,2022-12-11
-2.9438126,-23.066189,10,EPI_ISL_9612845,Omicron,BA.2,2022-01-31
-1.2542028,-23.111761,10,EPI_ISL_15832468,Omicron,BA.5.11,2022-11-07
-1.5949771,-22.441021,10,EPI_ISL_16486415,Omicron,BF.7,2022-12-21
-1.5893419,-22.440075,10,EPI_ISL_15975707,Omicron,BA.5.2.35,2022-09-26
1.7778696,-21.359085,10,EPI_ISL_17372651,Omicron,XBB,2023-01-05
-1.5845749,-22.440762,10,EPI_ISL_16376333,Omicron,BA.4.6.5,2022-11-25
-2.1748157,-22.31399,10,EPI_ISL_15576383,Omicron,BA.5.10.1,2022-09-20
-1.5905901,-22.446087,10,EPI_ISL_15981237,Omicron,BF.7,2022-10-22
-2.9437869,-23.066122,10,EPI_ISL_14075192,Omicron,BA.2.9.4,2022-05-23
-1.5994903,-22.448534,10,EPI_ISL_17493939,Omicron,BF.7.14,2023-03-24
-1.619978,-22.430475,10,EPI_ISL_14927638,Omicron,BA.4.6,2022-08-31
-2.0854056,-21.606693,10,EPI_ISL_16018900,Omicron,BE.1.2.1,2022-11-18
2.3708215,-21.758862,10,EPI_ISL_15540949,Omicron,BA.5.2,2022-09-29
-2.8367312,-22.090773,10,EPI_ISL_15782400,Omicron,Unassigned,2022-09-07
-1.5953077,-22.45109,10,EPI_ISL_14900396,Omicron,BA.4.6,2022-08-27
-2.6376452,-21.631199,10,EPI_ISL_15855489,Omicron,BA.4.6,2022-11-03
-0.9046019,-22.575184,10,EPI_ISL_16487818,Omicron,BF.7,2022-12-22
-0.95267564,-22.425058,10,EPI_ISL_15613481,Omicron,BA.4.6.3,2022-10-18
-0.9045967,-22.57521,10,EPI_ISL_16506826,Omicron,BF.7.18,2022-12-25
-1.6024574,-22.445536,10,EPI_ISL_15602788,Omicron,BF.7.21,2022-10-25
0.026925238,-21.96291,10,EPI_ISL_15904558,Omicron,BA.5.2.33,2022-10-26
2.6499898,-21.703098,10,EPI_ISL_15794064,Omicron,BA.5.9,2022-10-31
-1.5999244,-22.432459,10,EPI_ISL_15329282,Omicron,BF.7.24,2022-10-04
-1.598606,-22.436686,10,EPI_ISL_16949414,Omicron,BF.11,2023-01-01
-1.5950519,-22.430918,10,EPI_ISL_14444848,Omicron,BF.10,2022-07-20
-0.9045919,-22.574886,10,EPI_ISL_15629157,Omicron,CQ.1,2022-10-17
-3.4055047,-20.38866,10,EPI_ISL_16400579,Omicron,BQ.1.1.69,2022-12-20
-1.5969303,-22.438179,10,EPI_ISL_17488825,Omicron,BF.7.14,2023-02-26
-3.4129982,-20.377531,10,EPI_ISL_14088514,Omicron,Unassigned,2022-07-11
-0.9404325,-22.189371,10,EPI_ISL_15979237,Omicron,CK.1.2,2022-11-08
-1.6011854,-22.425947,10,EPI_ISL_14950529,Omicron,BA.4.6,2022-08-31
2.650034,-21.70311,10,EPI_ISL_15902793,Omicron,BA.5.9,2022-11-14
-2.0452404,-21.81547,10,EPI_ISL_16055859,Omicron,BA.4.6,2022-11-21
-3.0136847,-22.98989,10,EPI_ISL_16613357,Omicron,BA.2.31.1,2022-02-16
-1.5893687,-22.4429,10,EPI_ISL_15365479,Omicron,BA.4.6,2022-09-27
-1.5949222,-22.43339,10,EPI_ISL_15398846,Omicron,BA.4.6,2022-09-20
-1.6196823,-22.44361,10,EPI_ISL_15441458,Omicron,BA.5.2.1,2022-07-15
-1.5950313,-22.4287,10,EPI_ISL_17493657,Omicron,BF.7.14,2023-02-23
-2.7975264,-22.787151,10,EPI_ISL_15262212,Omicron,BS.1.1,2022-09-22
-1.5928574,-22.424803,10,EPI_ISL_15974358,Omicron,BF.7,2022-11-24
-1.6258839,-22.441584,10,EPI_ISL_17076323,Omicron,BF.7.4.1,2023-02-08
-1.603855,-22.419437,10,EPI_ISL_14623625,Omicron,BA.2,2022-07-01
-1.5969806,-22.436121,10,EPI_ISL_16445646,Omicron,BF.26,2022-12-05
-1.5828347,-22.442657,10,EPI_ISL_16642876,Omicron,BA.4.6,2022-11-16
-2.8443127,-21.124796,10,EPI_ISL_14857603,Omicron,BA.4.6,2022-08-08
-2.9018342,-21.673985,10,EPI_ISL_16542187,Omicron,BQ.1.1,2023-01-03
-2.878386,-21.094341,10,EPI_ISL_15881821,Omicron,Unassigned,2022-11-02
0.51566803,-22.491291,10,EPI_ISL_17104086,Omicron,Unassigned,2023-02-24
2.6500773,-21.703117,10,EPI_ISL_17008736,Omicron,BA.5.9,2022-12-13
-1.174113,-23.512556,10,EPI_ISL_16462044,Omicron,BA.4.6.2,2022-12-03
-1.6215261,-22.435705,10,EPI_ISL_14385672,Omicron,BA.4.6,2022-07-23
-0.99357176,-22.54394,10,EPI_ISL_17233115,Omicron,BE.7,2023-02-15
2.3694222,-21.75971,10,EPI_ISL_16563406,Omicron,BA.5.2.58,2023-01-19
-1.8090353,-21.65601,10,EPI_ISL_14798593,Omicron,BA.4.6.1,2022-08-10
-1.623491,-22.43763,10,EPI_ISL_15097929,Omicron,BA.4.6,2022-09-11
-1.619394,-22.437044,10,EPI_ISL_14271453,Omicron,BA.4.6,2022-07-11
-1.078841,-23.473818,10,EPI_ISL_17601398,Omicron,XBB.1.16,2023-04-20
-2.8500094,-21.112984,10,EPI_ISL_16901621,Omicron,BQ.1.1,2023-01-19
-2.51415,-21.71545,10,EPI_ISL_17199165,Omicron,BA.5.1.23,2022-10-26
-1.2191621,-23.51389,10,EPI_ISL_16376194,Omicron,BE.5,2022-11-21
-2.2515504,-22.637028,10,EPI_ISL_14894074,Omicron,Unassigned,2022-08-30
-1.2038172,-21.611511,10,EPI_ISL_16020289,Omicron,BF.7,2022-11-30
-1.60191,-22.429232,10,EPI_ISL_16460457,Omicron,BF.7,2022-12-19
-1.603489,-22.43939,10,EPI_ISL_15098004,Omicron,BE.1.4.2,2022-09-11
-1.5905007,-22.446842,10,EPI_ISL_15060737,Omicron,BA.4.6,2022-09-07
-2.637596,-21.63115,10,EPI_ISL_16152356,Omicron,BF.7,2022-12-02
-2.8444045,-21.124783,10,EPI_ISL_15862031,Omicron,BQ.1.1.28,2022-11-08
-2.0653758,-23.025244,10,EPI_ISL_15802878,Omicron,BA.4.6,2022-10-12
-2.7979023,-22.795433,10,EPI_ISL_15980285,Omicron,BS.1.1,2022-11-13
-1.6017005,-22.427752,10,EPI_ISL_15340788,Omicron,BA.4.6,2022-08-19
-1.5958228,-22.452744,10,EPI_ISL_15447699,Omicron,BF.7.5,2022-10-03
-1.0821805,-23.470951,10,EPI_ISL_16858593,Omicron,XBB.2.5,2023-01
-1.5944108,-22.424255,10,EPI_ISL_15978704,Omicron,BF.7.21,2022-11-20
-1.6210806,-22.43596,10,EPI_ISL_16633359,Omicron,BF.7.15,2022-12-31
-1.9221882,-23.438196,10,EPI_ISL_17176831,Omicron,XAY.1.1,2023-02-23
-1.6231425,-22.436855,10,EPI_ISL_14704659,Omicron,Unassigned,2022-08-11
-2.8689117,-21.105787,10,EPI_ISL_16134979,Omicron,BF.7,2022-11-18
-1.5996357,-22.436987,10,EPI_ISL_16646231,Omicron,BF.11.2,2023-01-05
-3.603392,-20.149717,10,EPI_ISL_14973160,Omicron,Unassigned,2022-08-24
-2.7913368,-21.346483,10,EPI_ISL_14854875,Omicron,BA.4.6,2022-07-19
-1.6202284,-22.435059,10,EPI_ISL_15692059,Omicron,BF.7.27,2022-08-23
-1.5931599,-22.43477,10,EPI_ISL_17322490,Omicron,BF.7.15,2022-12-26
-2.6376276,-21.631142,10,EPI_ISL_16149739,Omicron,BF.7,2022-10-19
-1.174113,-23.512556,10,EPI_ISL_17001106,Omicron,BE.4.1,2023-02-03
-1.5971373,-22.429285,10,EPI_ISL_17000944,Omicron,BF.7.15,2023-02-02
-3.6033921,-20.149715,10,EPI_ISL_15248356,Omicron,Unassigned,2022-09-20
2.3708203,-21.75888,10,EPI_ISL_15159387,Omicron,BF.13,2022-09-14
-1.9178779,-23.1601,10,EPI_ISL_16203426,Omicron,BA.5.2.6,2022-11-30
-2.6373954,-21.631136,10,EPI_ISL_15656140,Omicron,BA.5.2.1,2022-10-17
-3.4129915,-20.377537,10,EPI_ISL_17104142,Omicron,Unassigned,2023-02-15
-1.5970958,-22.430222,10,EPI_ISL_13978546,Omicron,BA.4.6,2022-07-08
2.650203,-21.70345,10,EPI_ISL_16956663,Omicron,BA.5.9,2022-12-27
-1.6224774,-22.428705,10,EPI_ISL_17371217,Omicron,BF.7.14,2022-12-21
-0.98686427,-22.768991,10,EPI_ISL_15879055,Omicron,BF.28,2022-11-05
-1.2482125,-21.62078,10,EPI_ISL_17408084,Omicron,BF.7.6,2023-03-24
-1.5996187,-22.425068,10,EPI_ISL_14562934,Omicron,BA.5.2.6,2022-08-15
-2.8053381,-21.164547,10,EPI_ISL_15783322,Omicron,BA.4.1.1,2022-11-02
-3.412995,-20.377535,10,EPI_ISL_14973137,Omicron,BF.26,2022-08-24
-1.0367918,-22.079235,10,EPI_ISL_16848000,Omicron,BA.5.2.34,2022-12-24
-1.6034038,-22.444672,10,EPI_ISL_16064113,Omicron,BF.7,2022-11-21
-1.604666,-22.444965,10,EPI_ISL_15712281,Omicron,BF.7.4.1,2022-10-21
-1.0698735,-22.116299,10,EPI_ISL_16895459,Omicron,BF.7.5,2022-11-08
-1.594516,-22.436321,10,EPI_ISL_16396137,Omicron,BA.5.2.6,2022-12-23
-2.7978194,-22.78696,10,EPI_ISL_16240649,Omicron,BS.1.1,2022-11-08
-1.6212591,-22.420336,10,EPI_ISL_15145452,Omicron,BA.4.6.5,2022-09-12
-1.6025689,-22.439318,10,EPI_ISL_17618599,Omicron,BF.7.14,2023-04-17
-1.3348383,-23.291676,10,EPI_ISL_13708278,Omicron,BA.4.6,2022-06-27
-1.5976129,-22.430666,10,EPI_ISL_15375286,Omicron,BA.5.2.47,2022-09-28
-2.9437647,-23.066235,10,EPI_ISL_14937491,Omicron,BA.2,2022-07-13
-1.5884178,-22.443295,10,EPI_ISL_14732950,Omicron,BA.4.6,2022-08-06
-2.2619188,-22.995255,10,EPI_ISL_16306329,Omicron,BA.4.6,2022-12-12
-1.6214464,-22.435558,10,EPI_ISL_16110902,Omicron,BF.11,2022-12-08
-1.1741129,-23.512558,10,EPI_ISL_15768469,Omicron,BE.1.2.1,2022-11-03
-2.6374955,-21.631208,10,EPI_ISL_16555213,Omicron,BF.7.5,2022-12-06
-2.9438665,-23.065866,10,EPI_ISL_13206993,Omicron,BA.2.3.1,2022-05-18
-1.622508,-22.440306,10,EPI_ISL_16635338,Omicron,BF.7.14.6,2023-01-10
-2.9437468,-23.066267,10,EPI_ISL_16634185,Omicron,BA.2.76,2022-09-09
-1.6202534,-22.437294,10,EPI_ISL_17684322,Omicron,BF.7.14,2023-03-29
2.3708231,-21.758883,10,EPI_ISL_16191338,Omicron,BA.5.2.1,2022-11-02
-0.048256304,-21.946625,10,EPI_ISL_14770057,Omicron,BA.5.1,2022-07-25
-1.5972581,-22.429201,10,EPI_ISL_17016202,Omicron,BF.7,2023-02-14
2.650414,-21.70316,10,EPI_ISL_15323433,Omicron,BE.3,2022-09-26
-1.598476,-22.436064,10,EPI_ISL_16268775,Omicron,BA.5.1.27,2022-12-01
-1.9157976,-23.443937,10,EPI_ISL_17615116,Omicron,XAY.1.1.1,2023-04-21
-3.027159,-22.877903,10,EPI_ISL_13388910,Omicron,BA.2.38,2022-06-04
-2.5282528,-23.083826,10,EPI_ISL_15866876,Omicron,BE.1.2,2022-10-28
-3.2397392,-20.55886,10,EPI_ISL_14008900,Omicron,Unassigned,2022-06-18
-1.2038822,-21.611423,10,EPI_ISL_16528568,Omicron,BA.4.6.1,2022-11-14
-2.1087313,-22.17368,10,EPI_ISL_16056825,Omicron,DF.1,2022-11-20
-1.1698176,-23.454966,10,EPI_ISL_15394230,Omicron,BE.1.2.1,2022-09-21
-2.1695201,-23.065586,10,EPI_ISL_15796810,Omicron,BA.5.2.34,2022-10-26
-1.5950139,-22.437008,10,EPI_ISL_13903290,Omicron,BA.4.6.1,2022-07-10
-1.6255765,-22.442118,10,EPI_ISL_16383513,Omicron,BF.7,2022-11-15
-1.5964049,-22.437643,10,EPI_ISL_17514207,Omicron,BF.7.4,2022-11-07
-1.6206777,-22.432613,10,EPI_ISL_16089935,Omicron,BA.4.6,2022-11-28
-2.841087,-21.165323,10,EPI_ISL_17001699,Omicron,BQ.1.1.10,2023-02-02
-3.4129746,-20.377537,10,EPI_ISL_16252782,Omicron,BE.1.1,2022-11-30
-1.5948699,-22.43929,10,EPI_ISL_17014793,Omicron,BF.7.15,2023-01-04
-1.5869851,-22.435955,10,EPI_ISL_15197493,Omicron,Unassigned,2022-09-20
-2.9528673,-23.021809,10,EPI_ISL_13779777,Omicron,BA.2.76,2022-06-21
2.6501646,-21.703142,10,EPI_ISL_15580857,Omicron,BA.5.9,2022-10-12
-2.637355,-21.631119,10,EPI_ISL_15738163,Omicron,BF.7.5,2022-10-26
-2.637631,-21.631609,10,EPI_ISL_16221245,Omicron,BF.7,2022-12-06
-0.8504381,-22.166794,10,EPI_ISL_16977223,Omicron,BF.7.14,2023-02-01
-2.637684,-21.631203,10,EPI_ISL_16417813,Omicron,BA.5.2.34,2022-12-06
-1.5986857,-22.445843,10,EPI_ISL_15486671,Omicron,BA.5.2.6,2022-10-18
-2.9437938,-23.066174,10,EPI_ISL_13338052,Omicron,BA.2.9,2022-06-10
-1.6008854,-22.416307,10,EPI_ISL_17103458,Omicron,BF.7.15,2023-02-16
-1.5999484,-22.446465,10,EPI_ISL_14428275,Omicron,BA.5.5,2022-07-27
-1.5966012,-22.435324,10,EPI_ISL_16633744,Omicron,XBM,2023-01-11
-3.4129822,-20.377542,10,EPI_ISL_13845329,Omicron,BA.2,2022-07-03
-2.9577024,-23.045992,10,EPI_ISL_15157617,Omicron,BA.2.76,2022-05-19
-1.6254214,-22.42745,10,EPI_ISL_14563088,Omicron,BF.7,2022-08-11
-1.5753131,-22.44361,10,EPI_ISL_16299127,Omicron,BF.5.1,2022-12-08
-1.5846126,-22.439764,10,EPI_ISL_15996149,Omicron,Unassigned,2022-11-21
-2.3885794,-23.808228,10,EPI_ISL_16282525,Omicron,BF.7.6,2022-10-28
-1.6201696,-22.434948,10,EPI_ISL_15826089,Omicron,BF.7,2022-11-14
-2.637658,-21.631136,10,EPI_ISL_14587354,Omicron,BA.4.6,2022-08-05
-2.7122881,-21.806345,10,EPI_ISL_16803775,Omicron,Unassigned,2023-01-25
-2.9438477,-23.066082,10,EPI_ISL_13102708,Omicron,BA.2.76,2022-05-25
-3.6033914,-20.149715,10,EPI_ISL_15248351,Omicron,BA.2,2022-09-17
-1.598381,-22.434464,10,EPI_ISL_15331723,Omicron,BF.7,2022-10-06
-1.5942794,-22.43321,10,EPI_ISL_14501522,Omicron,BA.4.6.5,2022-08-02
-2.6288185,-21.993359,10,EPI_ISL_16008920,Omicron,BQ.1.1,2022
-1.8636914,-23.183619,10,EPI_ISL_15916330,Omicron,BF.7.6,2022-11-17
2.3708222,-21.75886,10,EPI_ISL_15357907,Omicron,BA.5.2.1,2022-10-06
-2.829901,-21.173271,10,EPI_ISL_15879134,Omicron,BQ.1.1.5,2022-10-18
-1.5989283,-22.446426,10,EPI_ISL_16184524,Omicron,BA.4.6,2022-12-05
-1.5849526,-22.443129,10,EPI_ISL_15846913,Omicron,BA.4.6,2022-11-04
2.6504958,-21.70316,10,EPI_ISL_15422822,Omicron,BA.5.1,2022-10-04
-1.5974896,-22.439682,10,EPI_ISL_15819227,Omicron,BF.7.20,2022-10-30
-1.5950224,-22.449947,10,EPI_ISL_15491491,Omicron,BA.4.6,2022
-1.5843254,-22.447062,10,EPI_ISL_16222278,Omicron,BA.5.2.6,2022-11-27
-1.59232,-22.445642,10,EPI_ISL_15460228,Omicron,Unassigned,2022-10-10
-1.6216326,-22.426626,10,EPI_ISL_14217247,Omicron,BF.7,2022-07-22
-1.5895585,-22.421188,10,EPI_ISL_15493417,Omicron,BE.4.1,2022-10-01
2.6501613,-21.703144,10,EPI_ISL_15645560,Omicron,BA.5.9,2022-10-24
-1.5963352,-22.4369,10,EPI_ISL_15357091,Omicron,BA.5.2.35,2022-09-28
-2.592386,-23.058273,10,EPI_ISL_16811674,Omicron,CP.6,2023-01-19
-1.6217939,-22.431534,10,EPI_ISL_17441643,Omicron,BF.7,2022-11-12
-1.5837183,-22.429058,10,EPI_ISL_16958556,Omicron,BA.4.6,2022-11-11
-1.6013658,-22.45424,10,EPI_ISL_15799241,Omicron,BA.4.6,2022-11-02
-1.6231781,-22.440552,10,EPI_ISL_15427773,Omicron,BA.5.3.5,2022-10-08
-1.0831394,-21.659355,10,EPI_ISL_16885081,Omicron,BF.7.5,2023-01-31
-1.620682,-22.437075,10,EPI_ISL_16264160,Omicron,BF.7,2022-12-01
-1.5921222,-22.448267,10,EPI_ISL_15540953,Omicron,BF.7,2022-09-30
-2.9800158,-20.964195,10,EPI_ISL_15782410,Omicron,Unassigned,2022-11-04
-2.2619112,-22.995277,10,EPI_ISL_15220945,Omicron,BA.4.6,2022-09-20
-2.6041162,-21.638784,10,EPI_ISL_15365038,Omicron,BF.7.5,2022-10-04
-2.94385,-23.06584,10,EPI_ISL_13803911,Omicron,BA.2.76,2022-06-17
-2.1510844,-22.397795,10,EPI_ISL_15157923,Omicron,BF.7.8,2022-08-29
-2.506305,-21.806433,10,EPI_ISL_15459161,Omicron,BA.5.2.23,2022
-1.5904402,-22.42356,10,EPI_ISL_15398250,Omicron,BA.4.6,2022-09-18
-3.4129715,-20.377522,10,EPI_ISL_15881786,Omicron,Unassigned,2022-09-06
-1.6043594,-22.42875,10,EPI_ISL_16334630,Omicron,BF.7.14.3,2022-12-21
-1.1760786,-23.502853,10,EPI_ISL_16207808,Omicron,BA.4.6,2022
-2.9018698,-21.674026,10,EPI_ISL_15900000,Omicron,BN.1.5,2022-11-02
-1.203671,-21.611252,10,EPI_ISL_13730342,Omicron,BF.5.1,2022-07-04
-1.5996883,-22.422098,10,EPI_ISL_15330166,Omicron,BA.4.6.4,2022-08-03
-2.6376212,-21.631151,10,EPI_ISL_16235108,Omicron,BF.7,2022-11-28
2.6504948,-21.703457,10,EPI_ISL_14258623,Omicron,BA.5.8,2022-07-15
2.6384487,-21.706936,10,EPI_ISL_16647874,Omicron,BA.5.1,2023-01-03
-2.5619404,-22.141567,10,EPI_ISL_17199319,Omicron,BF.7.4.1,2022-12-15
-0.048331372,-21.94646,10,EPI_ISL_13374470,Omicron,BA.5.1,2022-06-12
-2.0438566,-21.696583,10,EPI_ISL_17071680,Omicron,BA.5.2.1,2023-01-25
-1.596659,-22.42588,10,EPI_ISL_16049000,Omicron,BF.26,2022-11-23
-1.5942842,-22.437307,10,EPI_ISL_17342539,Omicron,BF.7.15,2023-03-22
-1.114037,-21.963129,10,EPI_ISL_15502575,Omicron,BA.5.2.6,2022-09-12
-1.5932369,-22.44432,10,EPI_ISL_17157199,Omicron,BA.4.6.5,2022-11-08
-0.8884728,-22.287674,10,EPI_ISL_16628642,Omicron,BA.5.1.5,2022-11-03
2.3694234,-21.759712,10,EPI_ISL_16414843,Omicron,BA.4.7,2022-12-05
-1.0347149,-22.584349,10,EPI_ISL_16921883,Omicron,BF.7.14,2023-01-18
-1.5818946,-22.437916,10,EPI_ISL_15087459,Omicron,Unassigned,2022-09-13
-1.5926311,-22.431532,10,EPI_ISL_16412129,Omicron,BA.5.2.6,2022-12-06
-1.592504,-22.441324,10,EPI_ISL_17109922,Omicron,CP.1,2022-09-08
-2.206083,-22.672127,10,EPI_ISL_15185557,Omicron,BA.4.6.4,2022-09-26
-1.5839843,-22.4323,10,EPI_ISL_16189317,Omicron,XBM,2022-11-21
-1.6030755,-22.455868,10,EPI_ISL_15495142,Omicron,BF.11.4,2022-10-11
-1.6038368,-22.43405,10,EPI_ISL_15527989,Omicron,BF.28,2022-10-12
-3.4129739,-20.37754,10,EPI_ISL_14970997,Omicron,BA.5.2,2022-08-04
-1.2039282,-21.611334,10,EPI_ISL_15943429,Omicron,BF.7.5.1,2022-11-07
-1.585124,-22.436968,10,EPI_ISL_15802409,Omicron,BF.7.8,2022-11-09
-1.1698172,-23.454962,10,EPI_ISL_15943249,Omicron,BF.25,2022-11-03
-1.5940645,-22.419737,10,EPI_ISL_15222149,Omicron,BF.7.21,2022-09-23
-0.95513475,-22.425505,10,EPI_ISL_16738360,Omicron,BA.5.3.5,2023-01-17
-2.9604225,-22.661295,10,EPI_ISL_15811111,Omicron,BS.1,2022-10-28
-1.5932186,-22.434738,10,EPI_ISL_15770561,Omicron,BF.7.4,2022-10-26
2.6504073,-21.703432,10,EPI_ISL_15304213,Omicron,BA.5.9,2022-09-23
-2.3849576,-22.402098,10,EPI_ISL_17258063,Omicron,BQ.1.1.13,2023-02-10
-2.6287782,-21.993195,10,EPI_ISL_16991007,Omicron,BQ.1.1.13,2023-01-25
-1.5923836,-22.42413,10,EPI_ISL_15311411,Omicron,BA.4.6,2022-09-20
-2.3849578,-22.402094,10,EPI_ISL_16578998,Omicron,BQ.1.1.1,2022-12-06
-1.5997634,-22.425894,10,EPI_ISL_16107001,Omicron,BF.7.20,2022-11-28
-2.6376233,-21.631174,10,EPI_ISL_13417523,Omicron,BA.4.6,2022
-1.6251214,-22.437716,10,EPI_ISL_14914463,Omicron,BA.4.6,2022-09-01
-1.5859463,-22.443918,10,EPI_ISL_15694057,Omicron,BA.5.2.6,2022-10-31
-1.3926954,-21.62393,10,EPI_ISL_15394349,Omicron,BA.4.6,2022-09-21
-1.6033137,-22.426748,10,EPI_ISL_16386774,Omicron,BF.11,2022-12-13
-1.6490647,-22.443596,10,EPI_ISL_14166037,Omicron,BF.11,2022-07-22
-1.6242172,-22.439785,10,EPI_ISL_16715132,Omicron,BF.7.18,2023-01-05
-1.5974116,-22.417492,10,EPI_ISL_15205837,Omicron,BA.4.6.5,2022-09-22
2.3708177,-21.758867,10,EPI_ISL_15478607,Omicron,Unassigned,2022-08-14
-0.048208784,-21.946733,10,EPI_ISL_16847642,Omicron,BF.24,2023-02-01
-2.9438922,-23.06588,10,EPI_ISL_12139126,Omicron,BA.2,2022-04-07
-1.9681642,-23.41611,10,EPI_ISL_16885223,Omicron,XAY.1.1.1,2023-02-01
-3.4269402,-20.3502,10,EPI_ISL_13901546,Omicron,BF.28,2022-07-01
-1.5986382,-22.428825,10,EPI_ISL_14906167,Omicron,BA.5.2.6,2022-08-27
-0.8551396,-22.520636,10,EPI_ISL_16905205,Omicron,CM.11,2023-02-08
-2.8693812,-21.158676,10,EPI_ISL_15782477,Omicron,BF.11,2022-10-25
-1.6030325,-22.436825,10,EPI_ISL_15227512,Omicron,BA.4.1.8,2022-09-19
-2.0685735,-23.126225,10,EPI_ISL_16290692,Omicron,BA.5.2.6,2022-12-05
-1.0816673,-22.687136,10,EPI_ISL_16669313,Omicron,BA.4.6,2023-01-13
-1.6007574,-22.430904,10,EPI_ISL_16191554,Omicron,BA.5.2.6,2022-12-05
2.6504498,-21.70344,10,EPI_ISL_15367682,Omicron,BA.5.1.21,2022-09-29
-1.174113,-23.512556,10,EPI_ISL_15761665,Omicron,CP.1.1,2022-10-17
2.5261147,-21.726316,10,EPI_ISL_15229477,Omicron,BA.4.1,2022-09-16
-1.5998616,-22.420807,10,EPI_ISL_16405523,Omicron,BA.5.2.6,2022-12-19
-1.600017,-22.449501,10,EPI_ISL_17092512,Omicron,BF.7,2022-12-19
-2.9438198,-23.066055,10,EPI_ISL_14419345,Omicron,BA.2.82,2022-07-19
-2.7394462,-23.004969,10,EPI_ISL_15579548,Omicron,BS.1,2022-09-06
2.6502,-21.703426,10,EPI_ISL_14398974,Omicron,BA.5.9,2022-07-13
-1.5851443,-22.437237,10,EPI_ISL_15259342,Omicron,BA.4.6,2022-09-08
-2.6376545,-21.631163,10,EPI_ISL_14694125,Omicron,BA.5.2.6,2022-08-11
-3.03363,-20.884806,10,EPI_ISL_15949555,Omicron,Unassigned,2022-11-14
2.363208,-21.727558,10,EPI_ISL_13747305,Omicron,BA.4.1,2022-07-05
-1.5862125,-22.423351,10,EPI_ISL_16285205,Omicron,BF.7,2022-11-30
-1.0832984,-23.47471,10,EPI_ISL_16763203,Omicron,XBB.1.5,2023-01-21
-1.5990179,-22.43931,10,EPI_ISL_16331555,Omicron,BA.4.6,2022-12-16
-1.5995356,-22.44476,10,EPI_ISL_16812366,Omicron,BF.7,2023-01-18
-1.5993552,-22.44112,10,EPI_ISL_16041537,Omicron,BF.7.20,2022-11-24
-1.6260585,-22.440018,10,EPI_ISL_16417474,Omicron,BF.7.6,2022-12-19
-1.5732483,-22.448435,10,EPI_ISL_14418033,Omicron,BF.7,2022-07-29
-0.9045967,-22.575207,10,EPI_ISL_16130867,Omicron,CR.1.1,2022-11-29
-2.3234267,-22.07404,10,EPI_ISL_15114567,Omicron,BF.7.21,2022-09-13
-1.5796845,-22.437674,10,EPI_ISL_16444588,Omicron,BF.7.26,2022-10-13
-1.5955071,-22.442902,10,EPI_ISL_17157487,Omicron,BF.26,2022-12-10
-3.4129748,-20.377542,10,EPI_ISL_15935974,Omicron,Unassigned,2022-11-15
-1.5930958,-22.457333,10,EPI_ISL_17025994,Omicron,BE.1.4,2022-11-16
-1.5826598,-22.438364,10,EPI_ISL_15132141,Omicron,BF.7.21,2022-09-07
-1.5961246,-22.446154,10,EPI_ISL_15530993,Omicron,BA.4.6,2022-10-08
-2.9588168,-23.048943,10,EPI_ISL_14175135,Omicron,BA.2.76,2022-07-11
-1.5860145,-22.441446,10,EPI_ISL_16548447,Omicron,BF.7.5,2022-12-17
-2.9437828,-23.066277,10,EPI_ISL_13207780,Omicron,BA.2,2022-05-20
2.6504962,-21.703165,10,EPI_ISL_16102886,Omicron,BA.5.6,2022-09-29
-1.6253823,-22.442038,10,EPI_ISL_16055142,Omicron,BA.5.2.6,2022-10-11
-3.412994,-20.37753,10,EPI_ISL_14973258,Omicron,Unassigned,2022-08-19
-2.5789654,-23.205101,10,EPI_ISL_16352558,Omicron,BF.7,2022-12-16
-1.6226797,-22.436422,10,EPI_ISL_15667464,Omicron,BE.1.2,2022-10-23
-1.6023965,-22.433252,10,EPI_ISL_17031293,Omicron,BF.7.15,2023-01-26
-1.5898104,-22.433748,10,EPI_ISL_16192254,Omicron,BF.7,2022-12-12
-2.5750616,-23.09349,10,EPI_ISL_16884248,Omicron,BA.5.2.35,2023-01-26
-2.8443732,-21.12487,10,EPI_ISL_16134995,Omicron,BA.4.6,2022-11-29
-1.599425,-22.44696,10,EPI_ISL_17261692,Omicron,BF.7.14,2023-02-28
-0.8650792,-21.964235,10,EPI_ISL_16488020,Omicron,BF.11,2022-12-21
-1.0730051,-23.445082,10,EPI_ISL_17185072,Omicron,CQ.2,2023-02-06
-1.5929277,-22.445126,10,EPI_ISL_15314956,Omicron,BA.4.6,2022-08-31
-1.5964028,-22.435837,10,EPI_ISL_15963328,Omicron,BF.7.4,2022-11-19
-1.6216478,-22.444918,10,EPI_ISL_16180036,Omicron,BF.7,2022-12-03
2.3311348,-21.769764,10,EPI_ISL_17201134,Omicron,BA.5,2023-01-17
-1.8713319,-21.7512,10,EPI_ISL_15581094,Omicron,BA.5.2.34,2022-10-17
-2.7810102,-20.825832,10,EPI_ISL_16134667,Omicron,BF.26,2022-11-30
2.639499,-21.704575,10,EPI_ISL_17590449,Omicron,BA.5.1,2023-03-23
-2.820185,-21.174389,10,EPI_ISL_15861967,Omicron,BQ.1.1,2022-11-09
-1.5974611,-22.432598,10,EPI_ISL_16481064,Omicron,BF.7.15,2022-12-01
-2.9437864,-23.066078,10,EPI_ISL_13970063,Omicron,BA.2.65,2022-07
-2.637611,-21.631144,10,EPI_ISL_15025952,Omicron,BA.5.1.20,2022
2.6298046,-21.719517,10,EPI_ISL_16149019,Omicron,BA.5.9,2022-10-27
-0.9045969,-22.57521,10,EPI_ISL_15765862,Omicron,CR.1.1,2022-10-27
2.370816,-21.758871,10,EPI_ISL_15296803,Omicron,BF.13,2022-09-22
-2.957699,-23.045979,10,EPI_ISL_17156341,Omicron,BA.2.82,2022-07-12
-0.55970323,-22.058374,10,EPI_ISL_16977845,Omicron,BA.5.1,2022-10-25
-1.6224412,-22.43164,10,EPI_ISL_16581213,Omicron,CP.8.1,2023-01-04
-1.1314477,-21.62178,10,EPI_ISL_17616404,Omicron,BA.5.2.47,2022-09
-2.9437804,-23.066172,10,EPI_ISL_13373155,Omicron,BA.2.76,2022-06
-2.8708498,-22.652359,10,EPI_ISL_14329537,Omicron,BA.2.76,2022-06-26
2.5040727,-21.738764,10,EPI_ISL_15573865,Omicron,BA.5.2.1,2022-10-07
-1.6021754,-22.43403,10,EPI_ISL_15900813,Omicron,BA.5.2.13,2022-11-15
2.3774045,-21.758444,10,EPI_ISL_15812849,Omicron,BE.6,2022-11-07
-1.9269166,-23.189856,10,EPI_ISL_14826638,Omicron,BA.4.6,2022-08-19
-1.5985193,-22.427877,10,EPI_ISL_14464512,Omicron,BF.7.6,2022-07-29
-3.1645687,-21.758265,10,EPI_ISL_14083316,Omicron,Unassigned,2022-07-07
2.6504936,-21.703451,10,EPI_ISL_16066062,Omicron,CE.1,2022-11-28
-1.1813112,-23.513214,10,EPI_ISL_15766394,Omicron,BE.1.2.1,2022-10-30
-1.6225667,-22.439579,10,EPI_ISL_15295470,Omicron,BA.5.2.6,2022-08-26
-2.8783906,-21.094334,10,EPI_ISL_16134969,Omicron,BA.5.2.6,2022-11-28
-1.3088121,-21.607658,10,EPI_ISL_16374982,Omicron,BF.7,2022-12-04
-2.8801951,-22.97869,10,EPI_ISL_16760523,Omicron,BA.2.75.6,2023-01-22
-1.0089782,-22.513424,10,EPI_ISL_16072111,Omicron,BA.4.6.3,2022-11-30
2.3773994,-21.758455,10,EPI_ISL_16492493,Omicron,BE.6,2022-12-14
-2.9438474,-23.066086,10,EPI_ISL_12220103,Omicron,BA.2,2022-04-14
-2.9438558,-23.06619,10,EPI_ISL_16832953,Omicron,BA.2.9,2022-11-21
-1.5943283,-22.451794,10,EPI_ISL_15212818,Omicron,BF.7.24,2022-09-10
-2.5414386,-21.714643,10,EPI_ISL_15760983,Omicron,CP.1.3,2022-10-28
-1.5913985,-22.451904,10,EPI_ISL_15525920,Omicron,BA.4.6,2022-10-08
-1.5943924,-22.42923,10,EPI_ISL_14177735,Omicron,BA.4.1.8,2022-07-20
-2.9025686,-20.921175,10,EPI_ISL_15870449,Omicron,BF.26,2022-11-11
2.6504505,-21.70344,10,EPI_ISL_14650043,Omicron,BA.5.2.1,2022-08-17
-1.5895258,-22.453697,10,EPI_ISL_16826328,Omicron,BA.4.6,2023-01-23
-2.8633485,-23.13163,10,EPI_ISL_16092571,Omicron,BA.2,2022-06-11
-2.6376295,-21.63115,10,EPI_ISL_16149626,Omicron,BF.7,2022-10-19
-2.6376684,-21.631159,10,EPI_ISL_15791386,Omicron,BA.5.2.6,2022-10-19
-1.0698735,-22.1163,10,EPI_ISL_17176972,Omicron,BF.7.4.1,2023-02-09
-1.6039988,-22.427547,10,EPI_ISL_15294109,Omicron,BF.7,2022-09-05
2.650371,-21.70315,10,EPI_ISL_15285426,Omicron,BA.5.2.1,2022-09-27
-1.6222588,-22.439585,10,EPI_ISL_15112779,Omicron,BF.7,2022-08-30
-1.5995426,-22.44146,10,EPI_ISL_15520585,Omicron,BF.7.6,2022-10-05
-2.8443396,-21.124804,10,EPI_ISL_15881770,Omicron,Unassigned,2022-11-05
-1.5909746,-22.434418,10,EPI_ISL_16757997,Omicron,BF.7.14,2023-01-04
-1.8928719,-23.133411,10,EPI_ISL_16746593,Omicron,BF.7.14.4,2023-01-17
-2.7266011,-23.164,10,EPI_ISL_13251021,Omicron,BA.2.76,2022-05-06
-1.5930183,-22.428917,10,EPI_ISL_15482129,Omicron,BA.5.1.27,2022-10-07
2.37082,-21.758898,10,EPI_ISL_15545308,Omicron,BA.5.2.57,2022-10-24
-1.6007596,-22.450115,10,EPI_ISL_15857207,Omicron,BF.7,2022-10-24
-1.6332238,-22.440197,10,EPI_ISL_16747839,Omicron,BF.7.15,2023-01-12
-1.0698732,-22.116302,10,EPI_ISL_14503302,Omicron,BA.4.6,2022-08-06
-1.2034365,-21.611431,10,EPI_ISL_16625770,Omicron,BA.5.1,2022-09-27
2.277383,-21.782719,10,EPI_ISL_15140390,Omicron,BA.4.7,2022-09-20
-1.584319,-22.434364,10,EPI_ISL_16719461,Omicron,BF.7.14,2023-01-20
-1.6001797,-22.418638,10,EPI_ISL_15984507,Omicron,BF.7.20,2022-11-24
-1.5987182,-22.429756,10,EPI_ISL_15905204,Omicron,BF.7.1,2022-11-11
-1.5925921,-22.447067,10,EPI_ISL_15646855,Omicron,BF.7.8,2022-10-24
-2.8443773,-21.12485,10,EPI_ISL_16400452,Omicron,BQ.1.25,2022-12-14
-3.4981499,-20.281757,10,EPI_ISL_13660646,Omicron,Unassigned,2022-06-13
2.6504498,-21.703438,10,EPI_ISL_15798260,Omicron,BA.5.9,2022-10-28
-1.5928403,-22.444603,10,EPI_ISL_16642401,Omicron,BF.7.14.6,2022-11-21
-1.5965645,-22.436794,10,EPI_ISL_14848549,Omicron,CP.5,2022-08-18
-1.6352473,-22.440626,10,EPI_ISL_15715166,Omicron,BA.5.2.35,2022-10-26
-1.595892,-22.429941,10,EPI_ISL_15664082,Omicron,Unassigned,2022-10-25
-1.620617,-22.433622,10,EPI_ISL_15068418,Omicron,BA.4.6,2022-09-01
-1.6242926,-22.419788,10,EPI_ISL_15507211,Omicron,BF.7.5,2022-10-10
-1.587105,-22.445166,10,EPI_ISL_15786962,Omicron,BF.7.6,2022-11-09
-2.5685842,-22.588297,10,EPI_ISL_17552763,Omicron,XBC.1.6,2023-04-11
-1.6216013,-22.430084,10,EPI_ISL_15460878,Omicron,Unassigned,2022-10-10
-1.622959,-22.428238,10,EPI_ISL_16849870,Omicron,BF.7.5,2023-01-17
-1.6034911,-22.44053,10,EPI_ISL_14015299,Omicron,BA.4.6.4,2022-07-16
-0.90459824,-22.575,10,EPI_ISL_16166335,Omicron,CQ.1.1,2022-11-22
-0.9045966,-22.575212,10,EPI_ISL_14740665,Omicron,BE.1.2,2022-08-19
-2.665768,-22.99619,10,EPI_ISL_16018921,Omicron,BE.1.2,2022-11-18
-1.587074,-22.429468,10,EPI_ISL_17512816,Omicron,BF.7.5,2022-12-28
-1.6000868,-22.453648,10,EPI_ISL_15540385,Omicron,BE.4.1,2022-10-03
-1.2038616,-21.611418,10,EPI_ISL_16628681,Omicron,BF.7.5,2022-11-10
-1.1056945,-22.636658,10,EPI_ISL_15165492,Omicron,BF.7,2022-09-18
-1.5902003,-22.442904,10,EPI_ISL_15688634,Omicron,BA.5.3.5,2022-10-30
-2.943828,-23.065899,10,EPI_ISL_13618436,Omicron,BA.2.9.4,2022-06-27
-1.6211396,-22.432032,10,EPI_ISL_16807865,Omicron,BF.7.23,2023-01-27
-1.6262412,-22.44216,10,EPI_ISL_15389914,Omicron,BF.7.8,2022-10-02
-1.625653,-22.4443,10,EPI_ISL_16971345,Omicron,BF.7.4.1,2023-01-13
-2.9696052,-23.023355,10,EPI_ISL_13066080,Omicron,BA.2.18,2022-05-25
-1.5997189,-22.444757,10,EPI_ISL_14049222,Omicron,BA.4.6,2022-07-12
-1.5947435,-22.43763,10,EPI_ISL_17645633,Omicron,BF.7.14,2023-04-28
-2.8784003,-21.094341,10,EPI_ISL_16401143,Omicron,BQ.1.1,2022-11-28
-1.6248884,-22.423124,10,EPI_ISL_16222848,Omicron,BA.5.2.13,2022-12-05
-2.6373508,-21.631107,10,EPI_ISL_15788888,Omicron,BA.4.6,2022-11-07
-1.5979685,-22.436975,10,EPI_ISL_15226887,Omicron,BA.4.6,2022-09-16
-1.5997654,-22.44118,10,EPI_ISL_15313494,Omicron,BA.4.6,2022-09-22
2.370816,-21.758902,10,EPI_ISL_15645754,Omicron,BA.4,2022-10-26
-2.637687,-21.631195,10,EPI_ISL_15603376,Omicron,BF.7,2022-10-17
-1.6038415,-22.422827,10,EPI_ISL_15628160,Omicron,BA.5.10.1,2022-09-13
-2.8783975,-21.094337,10,EPI_ISL_15861739,Omicron,Unassigned,2022-10-13
-1.5945727,-22.429161,10,EPI_ISL_15057209,Omicron,BF.7,2022-09-16
-1.7434838,-21.68626,10,EPI_ISL_14383785,Omicron,BA.4.6,2022-07-27
-3.4130106,-20.377533,10,EPI_ISL_16643153,Omicron,BA.5.2.1,2022-12-21
-1.592583,-22.437744,10,EPI_ISL_16013477,Omicron,BA.4.6,2022-11-01
-2.637387,-21.631142,10,EPI_ISL_15266129,Omicron,BA.5.6,2022-09-17
-1.6222394,-22.439734,10,EPI_ISL_14330809,Omicron,BA.4.6,2022-07-24
-1.5924039,-22.443169,10,EPI_ISL_17261999,Omicron,BF.7.14,2023-02-27
-0.90459627,-22.575207,10,EPI_ISL_16700221,Omicron,CR.1,2022-12-30
-1.2041076,-21.61137,10,EPI_ISL_16233824,Omicron,BF.7,2022-12-12
-1.5992632,-22.43677,10,EPI_ISL_16330909,Omicron,BF.5,2022-12-13
2.3708208,-21.75888,10,EPI_ISL_15640583,Omicron,BA.5.2.57,2022-10-24
2.3708231,-21.758865,10,EPI_ISL_16111888,Omicron,BA.5.2.57,2022-11-18
-1.5943335,-22.435865,10,EPI_ISL_16458627,Omicron,BF.26,2022-12-27
-2.960552,-20.98505,10,EPI_ISL_16401092,Omicron,BQ.1.1.18,2022-12-10
-1.6048528,-22.431044,10,EPI_ISL_17495191,Omicron,BF.7.14,2023-03-14
-1.5823848,-22.448946,10,EPI_ISL_15515605,Omicron,BA.4.6,2022-09-15
-2.2316222,-22.997522,10,EPI_ISL_16428146,Omicron,BE.1.4,2022-12-21
-2.6408532,-21.637455,10,EPI_ISL_15508564,Omicron,DA.1,2022-09-24
2.3708203,-21.758894,10,EPI_ISL_14564778,Omicron,BA.4,2022-07-27
-1.5954269,-22.450905,10,EPI_ISL_16757169,Omicron,BA.5.1,2022-12-20
-1.5965891,-22.420269,10,EPI_ISL_15389867,Omicron,BF.7.8,2022-10-02
2.673903,-21.718096,10,EPI_ISL_16041121,Omicron,BA.5.2.20,2022-11-24
-3.4981494,-20.281755,10,EPI_ISL_16023273,Omicron,BA.5.2,2022-11-20
-1.6218657,-22.432014,10,EPI_ISL_13905974,Omicron,BA.5.1.5,2022-07-10
-1.5993434,-22.427553,10,EPI_ISL_15391745,Omicron,BF.7,2022-10-02
-1.5896012,-22.432673,10,EPI_ISL_15260572,Omicron,BA.4.6,2022-09-22
2.5040727,-21.738764,10,EPI_ISL_16533134,Omicron,BA.5.2.1,2022-11-30
-1.6039559,-22.437271,10,EPI_ISL_14988597,Omicron,BA.4.6,2022-08-23
-1.5949472,-22.430649,10,EPI_ISL_15409422,Omicron,BF.7,2022-09-14
-2.2619193,-22.995253,10,EPI_ISL_14743254,Omicron,BA.4.6,2022-08-13
-0.047719855,-21.94703,10,EPI_ISL_13323366,Omicron,BA.4,2022-06-01
2.520693,-21.720263,10,EPI_ISL_16752369,Omicron,BQ.1,2023-01-09
-2.8443441,-21.124804,10,EPI_ISL_16401050,Omicron,BA.5.2.34,2022-11-29
-1.599017,-22.435503,10,EPI_ISL_16651656,Omicron,CN.2,2022-12-28
-1.6216398,-22.429111,10,EPI_ISL_15157703,Omicron,BA.4.6.5,2022-09-06
-1.9178871,-23.44099,10,EPI_ISL_16866773,Omicron,XAY.1.1,2023-01-23
-1.5859786,-22.436493,10,EPI_ISL_14811059,Omicron,BA.5.2.1,2022-08-16
2.6504936,-21.703455,10,EPI_ISL_16041054,Omicron,BA.5.9,2022-11-21
-1.9222102,-23.438105,10,EPI_ISL_15808280,Omicron,XAY.1.1,2022-10-28
-2.9438365,-23.06599,10,EPI_ISL_13876983,Omicron,BA.2.76,2022-06-26
-1.5892442,-22.424591,10,EPI_ISL_16471099,Omicron,BF.7.15,2022-12-01
2.3708317,-21.758875,10,EPI_ISL_15113191,Omicron,BA.5.5,2022-09-09
-1.6439868,-22.445566,10,EPI_ISL_16185294,Omicron,BA.5.1.27,2022-11-29
-2.6443732,-21.605906,10,EPI_ISL_14755155,Omicron,BF.7,2022-08-18
-1.6213917,-22.428349,10,EPI_ISL_16162339,Omicron,Unassigned,2022-12-05
-2.9203005,-21.037596,10,EPI_ISL_16643202,Omicron,BQ.1.1.52,2022-12-27
-2.9576852,-23.046,10,EPI_ISL_12687720,Omicron,BA.2.9.4,2022-04-11
-2.6375651,-21.631552,10,EPI_ISL_16478493,Omicron,BA.4.6,2022-11-28
-2.6376195,-21.631163,10,EPI_ISL_16238733,Omicron,BA.4.6,2022-12-15
-1.065289,-22.811285,10,EPI_ISL_15374235,Omicron,BF.7.5,2022-10-05
-2.2253609,-22.547983,10,EPI_ISL_15801241,Omicron,BA.5.2.35,2022-10-23
-3.281312,-20.52879,10,EPI_ISL_14582373,Omicron,Unassigned,2022-06-28
-1.6491742,-22.450241,10,EPI_ISL_16614024,Omicron,BF.7.24,2023-01-09
-1.5990595,-22.450426,10,EPI_ISL_16353710,Omicron,CP.1,2022-11-29
-1.6017294,-22.412155,10,EPI_ISL_15407903,Omicron,BF.7.22,2022-10-04
-2.9690976,-22.768002,10,EPI_ISL_14216595,Omicron,BA.2.3,2022-06-22
-1.0872903,-23.483498,10,EPI_ISL_17196729,Omicron,XBB.1.5,2023-02-19
-1.9778434,-23.589832,10,EPI_ISL_16893786,Omicron,BQ.1.1.37,2023-02-01
2.3708231,-21.7589,10,EPI_ISL_16120342,Omicron,BF.26,2022-12-01
-1.5876161,-22.439524,10,EPI_ISL_17494015,Omicron,BF.7.14,2023-03-19
-2.8314288,-21.170944,10,EPI_ISL_16218229,Omicron,BF.7,2022-12-08
2.6504955,-21.703161,10,EPI_ISL_14902733,Omicron,BA.5.9,2022-08-24
-2.6376011,-21.631168,10,EPI_ISL_14554104,Omicron,BA.4.6,2022-08-01
-2.9026442,-20.921162,10,EPI_ISL_16643437,Omicron,BA.5.2.9,2023-01-03
-1.6007785,-22.432491,10,EPI_ISL_15101001,Omicron,BA.5.2.6,2022-09-16
2.3034375,-21.77038,10,EPI_ISL_15427401,Omicron,BF.26,2022-09-14
-1.5959119,-22.439497,10,EPI_ISL_15929957,Omicron,BA.5.2.6,2022-11-09
-2.9587808,-23.04937,10,EPI_ISL_13388920,Omicron,BA.2,2022-06-03
-2.152711,-23.235043,10,EPI_ISL_16237804,Omicron,BE.1.2.1,2022-11-29
2.6504097,-21.703432,10,EPI_ISL_14941624,Omicron,BA.5.1.35,2022-08-29
2.78017,-21.692432,10,EPI_ISL_15173496,Omicron,BA.5.6.4,2022-09-04
-0.9551388,-22.42525,10,EPI_ISL_16720274,Omicron,CK.1.2,2022-12-26
-1.2034988,-21.611206,10,EPI_ISL_15934838,Omicron,BA.4.6,2022-10-13
2.3972328,-21.73134,10,EPI_ISL_15799678,Omicron,BQ.1.21,2022-11-04
2.6504936,-21.703457,10,EPI_ISL_15181511,Omicron,BA.5.9,2022-09-10
-1.5929966,-22.446463,10,EPI_ISL_16213929,Omicron,DF.1,2022-12-04
-1.6020792,-22.440971,10,EPI_ISL_16709260,Omicron,BF.7.14,2022-12-31
-0.9109306,-22.339682,10,EPI_ISL_16242408,Omicron,BA.5.1.5,2022-11-06
-2.6376693,-21.63114,10,EPI_ISL_16595318,Omicron,BF.7.20,2022-12-21
-1.5797136,-22.421259,10,EPI_ISL_16500419,Omicron,BF.5.1,2022-11-04
-1.5953118,-22.419489,10,EPI_ISL_15503625,Omicron,BF.5.1,2022-10-07
2.3744824,-21.75825,10,EPI_ISL_16203965,Omicron,BA.5.2,2022-12-01
-1.5902528,-22.431034,10,EPI_ISL_15152806,Omicron,BA.5.1.20,2022-09-15
-1.5834202,-22.435244,10,EPI_ISL_15703302,Omicron,BA.4.1.1,2022-10-17
-1.1739088,-23.512499,10,EPI_ISL_15816765,Omicron,Unassigned,2022-11-07
-1.5890175,-22.428385,10,EPI_ISL_15242244,Omicron,BA.4.6,2022-09-16
-1.593371,-22.434841,10,EPI_ISL_16330352,Omicron,BF.7.6,2022-12-15
-1.5884831,-22.446861,10,EPI_ISL_16617200,Omicron,BF.7.14,2022-12-01
-0.80837804,-21.78508,10,EPI_ISL_16091380,Omicron,XBC.1.3,2022-11-27
-1.5981351,-22.45104,10,EPI_ISL_16024950,Omicron,BA.5.6,2022-11-20
-1.1741126,-23.512558,10,EPI_ISL_16420157,Omicron,Unassigned,2022-12-19
-1.5957849,-22.451708,10,EPI_ISL_14960194,Omicron,BA.4.6,2022-08-29
2.3708181,-21.758879,10,EPI_ISL_15662977,Omicron,Unassigned,2022-10-24
-1.5927032,-22.462133,10,EPI_ISL_16057841,Omicron,BA.5.2.6,2022-11-17
-1.589686,-22.441534,10,EPI_ISL_16532286,Omicron,BF.7.5,2022-12-27
-2.6376908,-21.631186,10,EPI_ISL_14887708,Omicron,BA.5.1.5,2022-08-21
-2.7078967,-22.996107,10,EPI_ISL_17515093,Omicron,BQ.1.1,2023-03-16
-1.5900608,-22.42284,10,EPI_ISL_15209292,Omicron,BF.7,2022-09-27
-1.5969434,-22.423779,10,EPI_ISL_14750926,Omicron,BA.4.6,2022-08-26
-1.6048313,-22.412813,10,EPI_ISL_16830340,Omicron,BE.7,2023-01-20
-1.5904726,-22.424217,10,EPI_ISL_15879688,Omicron,BF.10,2022-10-15
-2.211273,-22.26212,10,EPI_ISL_16193647,Omicron,BA.4.6,2022-12-07
-3.3597186,-20.437105,10,EPI_ISL_13900026,Omicron,BA.4.1,2022-06-27
-3.6033928,-20.149715,10,EPI_ISL_14854936,Omicron,BA.4.6,2022-08-08
-1.6050283,-22.43044,10,EPI_ISL_15318099,Omicron,BF.7,2022-10-05
-2.9164245,-21.045412,10,EPI_ISL_15935829,Omicron,Unassigned,2022-10-28
-1.6006054,-22.4421,10,EPI_ISL_16837510,Omicron,BF.7,2023-01-23
-1.5888247,-22.453192,10,EPI_ISL_16303089,Omicron,BF.7,2022-11-17
-1.5981593,-22.448332,10,EPI_ISL_14256528,Omicron,BA.4.6,2022-07-29
-1.5856826,-22.433891,10,EPI_ISL_15939278,Omicron,BA.5.1.26,2022-11-16
-1.6207198,-22.43382,10,EPI_ISL_16282045,Omicron,BF.11.2,2022-12-01
-2.628819,-21.99335,10,EPI_ISL_16549733,Omicron,BQ.1.1.10,2022-12-17
-1.6227053,-22.443233,10,EPI_ISL_17278128,Omicron,BA.5.2.1,2022-12-20
-1.6027944,-22.45046,10,EPI_ISL_16984966,Omicron,BF.11,2022-11-18
-1.5948327,-22.437466,10,EPI_ISL_15772683,Omicron,BF.7.7,2022-10-14
-3.4981494,-20.281755,10,EPI_ISL_13845316,Omicron,Unassigned,2022-07-05
-1.5863762,-22.442648,10,EPI_ISL_15153945,Omicron,BA.5.2.6,2022-09-20
-1.6217209,-22.438578,10,EPI_ISL_15885909,Omicron,BF.7,2022-10-10
-1.6008215,-22.426691,10,EPI_ISL_15533210,Omicron,BA.5.2.1,2022-10-14
2.6504931,-21.703457,10,EPI_ISL_15509576,Omicron,CE.1,2022-10-13
-1.0373434,-22.58426,10,EPI_ISL_15901525,Omicron,BF.7,2022-11-11
-1.7472653,-21.565962,10,EPI_ISL_15669046,Omicron,BA.5.2.6,2022-10-23
-2.6373045,-21.631517,10,EPI_ISL_15581622,Omicron,BA.5.1.18,2022
-2.8204887,-21.23927,10,EPI_ISL_16022970,Omicron,BQ.1.1.28,2022-11-14
-0.80838513,-21.785027,10,EPI_ISL_17229579,Omicron,XBC.1,2023-02-25
2.6504936,-21.70345,10,EPI_ISL_16018823,Omicron,BA.5.2,2022-11-01
1.8474909,-21.823608,10,EPI_ISL_14701660,Omicron,BA.5.2,2022-08-07
-1.5898166,-22.438774,10,EPI_ISL_16343787,Omicron,CP.1,2022-12-20
-1.5952302,-22.43,10,EPI_ISL_16972328,Omicron,BF.7.15,2023-01-23
-1.6019092,-22.42611,10,EPI_ISL_15542731,Omicron,BF.7.26,2022-10-17
-0.048341844,-21.946405,10,EPI_ISL_16198367,Omicron,BF.7,2022-11-09
-1.6186112,-22.44034,10,EPI_ISL_15860231,Omicron,BA.5.2.34,2022-11-08
-2.2316222,-22.99752,10,EPI_ISL_17689383,Omicron,BF.7.14,2023-05-09
-1.5903215,-22.430124,10,EPI_ISL_16911602,Omicron,BF.7.14,2023-01-05
-1.5964794,-22.429071,10,EPI_ISL_14907627,Omicron,BA.4.6,2022-08-07
-1.5908215,-22.425695,10,EPI_ISL_15921378,Omicron,BA.4.6.1,2022-11-15
-1.587091,-22.415293,10,EPI_ISL_17659222,Omicron,BF.7.14,2023-04-30
-2.3849578,-22.402094,10,EPI_ISL_17194211,Omicron,BQ.1.1.32,2023-02-20
-1.7032336,-21.639912,10,EPI_ISL_16593650,Omicron,BF.7.20,2023-01-08
-1.595206,-22.445997,10,EPI_ISL_15315540,Omicron,BA.4.1.9,2022-09-20
-1.6001441,-22.414042,10,EPI_ISL_14306520,Omicron,BA.4.6,2022-07-30
-1.6012611,-22.404884,10,EPI_ISL_15425124,Omicron,BA.4.6,2022-10-04
-1.8033297,-23.516708,10,EPI_ISL_16520956,Omicron,BA.5.2,2022-10-29
-0.9045965,-22.575212,10,EPI_ISL_16271145,Omicron,CR.1.1,2022-12-06
2.6548536,-21.702007,10,EPI_ISL_14778112,Omicron,BA.5.9,2022-08-22
2.370818,-21.758898,10,EPI_ISL_16029745,Omicron,BA.5.2,2022-11-11
-1.2037677,-21.6113,10,EPI_ISL_16883398,Omicron,BF.7.5,2023-01-23
-1.5808812,-22.432838,10,EPI_ISL_16025194,Omicron,BA.4.6,2022-11-21
-1.5954384,-22.434252,10,EPI_ISL_17015284,Omicron,BF.7.1,2023-02-06
-1.6239231,-22.436995,10,EPI_ISL_16188130,Omicron,BF.7.4,2022-12-04
-0.93560725,-23.258163,10,EPI_ISL_17558612,Omicron,CQ.2,2023-03-27
-2.6287665,-21.993176,10,EPI_ISL_17025009,Omicron,BQ.1,2023
-3.412992,-20.37754,10,EPI_ISL_13660603,Omicron,Unassigned,2022-06-07
-0.04838345,-21.946396,10,EPI_ISL_13247797,Omicron,BA.5.2.1,2022-06-06
-1.6237973,-22.420872,10,EPI_ISL_17443786,Omicron,BF.7,2022-11-17
-1.6220317,-22.432198,10,EPI_ISL_16747886,Omicron,BF.5.1,2023-01-13
2.370818,-21.7589,10,EPI_ISL_15731474,Omicron,BF.26,2022-11-02
2.3355541,-21.764795,10,EPI_ISL_16473625,Omicron,BA.5.2.57,2022-12-02
-1.602268,-22.434542,10,EPI_ISL_14436434,Omicron,BA.4.6.5,2022-08-03
-1.5932353,-22.461882,10,EPI_ISL_16132746,Omicron,BA.4.6,2022-11-23
-1.9866534,-23.623615,10,EPI_ISL_15048616,Omicron,BA.4.6,2022-09-01
-1.5863277,-22.457823,10,EPI_ISL_15628167,Omicron,DF.1,2022-09-16
2.6504943,-21.703457,10,EPI_ISL_15939089,Omicron,BA.5.9,2022-11-18
2.6557798,-21.71969,10,EPI_ISL_16590500,Omicron,BA.5.9,2022-11-21
-2.8265398,-21.1512,10,EPI_ISL_16134779,Omicron,BF.7.4,2022-11-23
-1.5759948,-22.457382,10,EPI_ISL_16709458,Omicron,BF.7.14.4,2023-01-03
-2.3579452,-22.646206,10,EPI_ISL_15844196,Omicron,BA.4.6,2022-11-09
-1.5921948,-22.438272,10,EPI_ISL_14512489,Omicron,BF.7,2022-08-13
-1.5871128,-22.447706,10,EPI_ISL_16635226,Omicron,BF.7.14,2023-01-02
-0.8880955,-22.25834,10,EPI_ISL_17062602,Omicron,BF.7.15,2023-01-30
-3.603392,-20.149717,10,EPI_ISL_14245305,Omicron,BA.5.2,2022-07-15
-1.5844802,-22.458424,10,EPI_ISL_16670995,Omicron,BF.7.14.4,2023-01-07
-1.5888772,-22.446404,10,EPI_ISL_15946648,Omicron,CP.5,2022-11-14
-1.5845499,-22.449314,10,EPI_ISL_15990900,Omicron,BF.7.13.2,2022-11-24
-2.9575963,-23.04644,10,EPI_ISL_13969899,Omicron,BA.2.76,2022-07
-1.58111,-22.440308,10,EPI_ISL_14543216,Omicron,BE.1.1,2022-08-11
-1.5880439,-22.449806,10,EPI_ISL_15716792,Omicron,BF.7,2022-10-18
-1.594912,-22.435968,10,EPI_ISL_14820863,Omicron,Unassigned,2022-08-22
-2.3849053,-22.402613,10,EPI_ISL_16199147,Omicron,DN.1,2022-12-13
2.2235498,-21.781618,10,EPI_ISL_14814306,Omicron,BA.4.7,2022-07-22
-0.98172534,-22.589664,10,EPI_ISL_16074843,Omicron,BA.5.2.20,2022-11-18
-1.5796146,-22.44294,10,EPI_ISL_16994939,Omicron,BF.7.15,2023-01-30
-2.7124443,-21.80659,10,EPI_ISL_17592203,Omicron,XBB.1.5,2023-03-23
-1.5823345,-22.4598,10,EPI_ISL_14897996,Omicron,BA.5.1.18,2022-08-27
-1.5881673,-22.46276,10,EPI_ISL_15184779,Omicron,BF.7,2022-09-02
-1.5819974,-22.440134,10,EPI_ISL_16580589,Omicron,BA.5.2.6,2022-12-19
-2.0337036,-21.63476,10,EPI_ISL_15866863,Omicron,BE.1.2.1,2022-11-01
-2.8783543,-21.094322,10,EPI_ISL_16135019,Omicron,BF.11,2022-11-29
-3.4129953,-20.37753,10,EPI_ISL_16643118,Omicron,BQ.1,2022-12-20
-1.575473,-22.451643,10,EPI_ISL_15015243,Omicron,BA.4.1.9,2022-09-10
-1.5880309,-22.4509,10,EPI_ISL_14827992,Omicron,BA.4.6,2022-08-21
2.214848,-21.782347,10,EPI_ISL_15175360,Omicron,BA.5.2.57,2022-09-14
-1.7285954,-21.65041,10,EPI_ISL_14010716,Omicron,BA.4.6,2022-07-02
-1.579088,-22.455254,10,EPI_ISL_15953411,Omicron,BF.7,2022-11-12
-1.5853534,-22.449032,10,EPI_ISL_17645282,Omicron,BF.7.15,2023-03-17
-1.5904933,-22.454641,10,EPI_ISL_14857508,Omicron,BA.4.6,2022-08-09
-2.014673,-23.687626,10,EPI_ISL_16751791,Omicron,BA.1.18,2023-01-07
-2.79116,-23.176853,10,EPI_ISL_14842257,Omicron,BA.2.76,2022-06-29
-1.5874178,-22.452892,10,EPI_ISL_15482887,Omicron,BF.10,2022-10-11
2.6743176,-21.698206,10,EPI_ISL_15842605,Omicron,BA.5.9,2022-10-23
-1.5832105,-22.451752,10,EPI_ISL_13794668,Omicron,BA.4.6,2022-06-03
-1.6032485,-22.458664,10,EPI_ISL_16396489,Omicron,BF.7.8,2022-12-12
-2.3230727,-22.835524,10,EPI_ISL_16494676,Omicron,BF.7.14,2023-01-03
-1.174113,-23.512556,10,EPI_ISL_16317915,Omicron,CP.1.1,2022-12-08
-1.2039269,-21.611332,10,EPI_ISL_16352563,Omicron,BF.7,2022-12-20
-2.8443396,-21.1248,10,EPI_ISL_16134770,Omicron,BQ.1.1,2022-11-27
-1.6024202,-22.457558,10,EPI_ISL_16540821,Omicron,BF.7,2022-12-25
-3.4129896,-20.377533,10,EPI_ISL_14971461,Omicron,BE.5,2022-08-22
-1.5892102,-22.45471,10,EPI_ISL_16442498,Omicron,BA.5.3.1,2022-12-28
-1.5930265,-22.461588,10,EPI_ISL_15548947,Omicron,Unassigned,2022-10-17
-1.5966977,-22.461752,10,EPI_ISL_16164636,Omicron,Unassigned,2022-12-05
-1.5726814,-22.450584,10,EPI_ISL_14906816,Omicron,BF.7.5,2022-08-30
-1.5889115,-22.45774,10,EPI_ISL_14075540,Omicron,BA.4.6,2022-07-12
-1.1741128,-23.512554,10,EPI_ISL_16294179,Omicron,BE.1.2.1,2022-12-18
-2.9237049,-23.08346,10,EPI_ISL_13419822,Omicron,BA.2.76,2022-06-04
-1.5783144,-22.46059,10,EPI_ISL_14896893,Omicron,BA.4.1.8,2022-08-24
-2.8400338,-21.113453,10,EPI_ISL_15935905,Omicron,Unassigned,2022-11-15
-1.5792632,-22.460054,10,EPI_ISL_16823855,Omicron,BF.11,2023-01-17
-2.225361,-22.547983,10,EPI_ISL_15765988,Omicron,DC.1,2022-10-29
-1.0089334,-22.513565,10,EPI_ISL_16015890,Omicron,BA.4.6.3,2022-11-28
-1.5929773,-22.450844,10,EPI_ISL_16648090,Omicron,BA.5.2.6,2023-01-05
2.65045,-21.703453,10,EPI_ISL_13933514,Omicron,BA.5.9,2022-06-30
-1.5893202,-22.454868,10,EPI_ISL_15168086,Omicron,BA.5.2.47,2022-09-02
2.3708282,-21.758875,10,EPI_ISL_15105394,Omicron,BA.4,2022-09-16
-1.5879385,-22.458305,10,EPI_ISL_15951557,Omicron,BF.7,2022-11-13
-1.5795023,-22.449665,10,EPI_ISL_14387360,Omicron,BA.4.6,2022-08-03
-1.0367917,-22.079233,10,EPI_ISL_16201015,Omicron,BF.7,2022-11-14
-1.9779937,-23.589758,10,EPI_ISL_17211236,Omicron,BA.2,2022-09-15
-1.5995497,-22.469986,10,EPI_ISL_16321357,Omicron,BA.5.1.18,2022-12-12
-0.97973186,-22.566082,10,EPI_ISL_16178909,Omicron,BA.5.2.20,2022-11-25
-1.0576854,-23.34707,10,EPI_ISL_17064240,Omicron,BA.4.1.9,2023
-1.5892967,-22.443281,10,EPI_ISL_14833958,Omicron,BF.7.4.1,2022-08-22
-1.5953727,-22.447392,10,EPI_ISL_17433433,Omicron,BF.11,2023-03-23
-1.5790205,-22.442501,10,EPI_ISL_15367047,Omicron,BF.7,2022-10-09
-1.5827289,-22.460365,10,EPI_ISL_17152848,Omicron,BF.7.15,2023-02-09
-2.9438405,-23.06614,10,EPI_ISL_14371464,Omicron,BA.2,2022-07-15
-1.5956513,-22.43508,10,EPI_ISL_15334853,Omicron,BE.7,2022-10-01
-1.6240022,-22.430481,10,EPI_ISL_14948658,Omicron,BA.4.6.1,2022-09-05
-1.9333427,-21.851807,10,EPI_ISL_15460822,Omicron,Unassigned,2022-10-10
-1.5921851,-22.446861,10,EPI_ISL_14429464,Omicron,BA.4.6.5,2022-08-04
-1.6205535,-22.432415,10,EPI_ISL_16055120,Omicron,BF.7,2022-10-09
-1.5894115,-22.446821,10,EPI_ISL_15118480,Omicron,BA.4.6.4,2022-08-15
-1.3049874,-21.649172,10,EPI_ISL_16717119,Omicron,BF.7,2023-01-13
-1.1106519,-22.792664,10,EPI_ISL_15540078,Omicron,BF.7.21,2022-10-06
-3.412975,-20.377546,10,EPI_ISL_14662219,Omicron,Unassigned,2022-07-22
-2.3089864,-22.591011,10,EPI_ISL_17481516,Omicron,BE.7,2023-02-21
-2.8783865,-21.09435,10,EPI_ISL_15881743,Omicron,Unassigned,2022-11-02
2.650408,-21.703434,10,EPI_ISL_15155038,Omicron,BA.5.9,2022-09-21
-1.6030427,-22.429825,10,EPI_ISL_16411260,Omicron,BA.4.6,2022-11-27
-1.586828,-22.432081,10,EPI_ISL_16042508,Omicron,BF.7,2022-11-29
-1.589644,-22.430075,10,EPI_ISL_16426176,Omicron,BF.7,2022-12-03
-2.5922332,-21.63752,10,EPI_ISL_16057031,Omicron,BA.5.1,2022-11-17
-1.1741129,-23.512554,10,EPI_ISL_15231365,Omicron,BE.1.2.1,2022-09-23
-1.2019241,-21.613596,10,EPI_ISL_16627336,Omicron,BF.7,2022-11-02
-1.5896215,-22.434647,10,EPI_ISL_16902687,Omicron,BF.7.14,2023-02-10
-2.2316222,-22.997519,10,EPI_ISL_14983086,Omicron,BA.4.6,2022-09-01
-1.6024421,-22.440786,10,EPI_ISL_15238153,Omicron,BA.4.6,2022-09-20
2.6548545,-21.70201,10,EPI_ISL_15372151,Omicron,Unassigned,2022-10-03
-1.5936134,-22.44056,10,EPI_ISL_16054962,Omicron,BA.5.2.6,2022-10-28
-1.1739086,-23.512505,10,EPI_ISL_15745041,Omicron,BE.1.2.1,2022-11-01
2.3694224,-21.759708,10,EPI_ISL_16358196,Omicron,BF.13,2022-12-19
-1.6049157,-22.439114,10,EPI_ISL_16913363,Omicron,XBG,2023-01-27
-2.8235242,-22.222355,10,EPI_ISL_15790271,Omicron,BF.5,2022-10-31
-1.597473,-22.430923,10,EPI_ISL_16055364,Omicron,BA.5.2.6,2022-11-28
-1.161976,-23.571539,10,EPI_ISL_17530892,Omicron,XBB.1.5,2023-01-06
-1.6243498,-22.439014,10,EPI_ISL_16972843,Omicron,BF.7.4.1,2023-02-03
2.3708222,-21.75887,10,EPI_ISL_15522076,Omicron,BA.5.2.58,2022-10-19
-2.637663,-21.631182,10,EPI_ISL_15855823,Omicron,BA.4.6,2022-10-01
-1.5931318,-22.454636,10,EPI_ISL_15295462,Omicron,BA.5.2.6,2022-08-25
-1.5938809,-22.457617,10,EPI_ISL_15816454,Omicron,Unassigned,2022-11-08
-1.5759547,-22.452076,10,EPI_ISL_15821715,Omicron,BA.4.6,2022-11-02
-1.5901464,-22.456747,10,EPI_ISL_15074489,Omicron,BA.5.12,2022-09-17
-1.5922315,-22.467249,10,EPI_ISL_17493748,Omicron,BF.7.14,2023-03-06
-1.5805553,-22.448471,10,EPI_ISL_15684818,Omicron,BA.5.2.6,2022-10-27
-0.9042201,-22.569357,10,EPI_ISL_16122272,Omicron,CQ.1,2022-11-09
-1.5849109,-22.452662,10,EPI_ISL_17014937,Omicron,BA.5.2.6,2023-02-07
-1.5857409,-22.459711,10,EPI_ISL_14886737,Omicron,BF.7,2022-08-29
-1.1741129,-23.512558,10,EPI_ISL_16522307,Omicron,BE.1.2.1,2022-12-13
-1.5866411,-22.44795,10,EPI_ISL_15610690,Omicron,BA.5,2022-10-19
-2.9605594,-23.057076,10,EPI_ISL_14478208,Omicron,BA.2.64,2022-07-06
-1.5864309,-22.454151,10,EPI_ISL_15922074,Omicron,BE.1.4.2,2022-11-17
2.3708258,-21.758902,10,EPI_ISL_16446569,Omicron,BA.4,2022-12-11
-1.5822607,-22.461626,10,EPI_ISL_14830599,Omicron,BA.4.1.8,2022-08-16
-1.2038834,-21.611425,10,EPI_ISL_17562007,Omicron,CP.6,2022-11-21
-1.5975792,-22.46871,10,EPI_ISL_16849221,Omicron,BF.7.14,2023-01-18
-1.1103942,-22.743511,10,EPI_ISL_17512451,Omicron,BA.5.2.1,2023-03-03
-1.5864702,-22.458344,10,EPI_ISL_16610825,Omicron,BF.7.14,2023-01-04
-1.5812848,-22.44898,10,EPI_ISL_17485733,Omicron,BF.7.14,2023-03-28
-2.637602,-21.631144,10,EPI_ISL_14799374,Omicron,BA.4.6,2022-08-03
-1.5801716,-22.451382,10,EPI_ISL_14738049,Omicron,BA.4.6,2022-08-15
-1.591426,-22.450323,10,EPI_ISL_14923226,Omicron,XBM,2022-08-27
-1.5870888,-22.450428,10,EPI_ISL_15920149,Omicron,CR.1,2022-11-13
-3.412978,-20.377537,10,EPI_ISL_15862107,Omicron,Unassigned,2022-09-17
-2.8443592,-21.124805,10,EPI_ISL_15782419,Omicron,BA.5.2.1,2022-11-01
-1.1741129,-23.51256,10,EPI_ISL_16200447,Omicron,BA.4.6.5,2022-12-01
-1.5897166,-22.44725,10,EPI_ISL_17689370,Omicron,BF.7.14,2023-04-26
-2.9018586,-21.674044,10,EPI_ISL_16420588,Omicron,Unassigned,2022-12-28
-1.5931416,-22.462065,10,EPI_ISL_15209845,Omicron,BF.7.7,2022-09-19
-1.5870699,-22.468306,10,EPI_ISL_17485670,Omicron,BF.7.14,2023-04-03
-1.5875847,-22.448753,10,EPI_ISL_15719191,Omicron,BA.5.2,2022-10-02
-1.5962312,-22.432388,10,EPI_ISL_15495429,Omicron,BF.7,2022-10-18
-3.412986,-20.377539,10,EPI_ISL_15250603,Omicron,BF.5,2022-07-09
-2.6376326,-21.63116,10,EPI_ISL_16516429,Omicron,BF.7,2022-11-29
-2.9438727,-23.0661,10,EPI_ISL_12334408,Omicron,BA.2.9.4,2022-04-18
-2.8285778,-21.860062,10,EPI_ISL_16104801,Omicron,BQ.1.1,2022-11-18
-1.5924585,-22.441313,10,EPI_ISL_15901718,Omicron,BF.7,2022-11-12
-1.5915402,-22.445614,10,EPI_ISL_16635051,Omicron,BF.7.14,2022-12-29
-3.2620413,-20.500303,10,EPI_ISL_14973044,Omicron,BF.4,2022-08-20
-2.6375759,-21.631573,10,EPI_ISL_16366708,Omicron,BF.7.3,2022-12-19
-1.5833366,-22.442993,10,EPI_ISL_15698869,Omicron,BF.7.12,2022-09-27
-2.8784459,-21.094364,10,EPI_ISL_15870406,Omicron,BQ.1.1.3,2022-10-26
-2.0410435,-23.542387,10,EPI_ISL_15866869,Omicron,BE.1.2.1,2022-10-26
-0.9857572,-22.741653,10,EPI_ISL_14983113,Omicron,BA.4.6,2022-08-29
-2.9438586,-23.06614,10,EPI_ISL_13525069,Omicron,BA.2.9.4,2022-06-13
-2.9438293,-23.066185,10,EPI_ISL_14175283,Omicron,BA.2.76,2022-07-01
-2.8414376,-21.155071,10,EPI_ISL_15935734,Omicron,BQ.1.1.28,2022-11-06
-2.6375897,-21.63113,10,EPI_ISL_14005180,Omicron,BA.4.1.9,2022-07-11
-1.600565,-22.430923,10,EPI_ISL_15139168,Omicron,BF.7.9,2022-09-18
-1.5988752,-22.46689,10,EPI_ISL_15219737,Omicron,BF.26,2022-09-17
-1.5688618,-22.448359,10,EPI_ISL_16407540,Omicron,BF.11.2,2022-12-21
-1.5982611,-22.463404,10,EPI_ISL_16111148,Omicron,BA.5.11,2022-12-07
-2.6287987,-21.993256,10,EPI_ISL_17679157,Omicron,BQ.1.1.29,2023-04-12
-1.5803218,-22.454237,10,EPI_ISL_16188733,Omicron,BF.7,2022-10-10
-1.6014729,-22.461002,10,EPI_ISL_15816106,Omicron,Unassigned,2022-11-08
-2.2316225,-22.997526,10,EPI_ISL_16178870,Omicron,BF.7,2022-12-12
-1.6012629,-22.467838,10,EPI_ISL_15600669,Omicron,BA.4.6,2022-10-10
-1.5819789,-22.454535,10,EPI_ISL_15530414,Omicron,BA.4.1.8,2022-10-03
-1.5816609,-22.462645,10,EPI_ISL_14415554,Omicron,BA.5.2.6,2022-07-25
-1.2036058,-21.611341,10,EPI_ISL_16233851,Omicron,BF.7,2022-12-12
-1.584991,-22.456871,10,EPI_ISL_16842475,Omicron,BF.5.1,2023-01-13
-1.5979204,-22.464933,10,EPI_ISL_14938736,Omicron,BF.7,2022-08-17
-3.4129896,-20.377535,10,EPI_ISL_14973240,Omicron,Unassigned,2022-08-21
-1.6004772,-22.469728,10,EPI_ISL_15830457,Omicron,BA.5.2.34,2022-11-11
-1.595581,-22.442635,10,EPI_ISL_15435503,Omicron,BA.5.11,2022-09-15
-1.5999985,-22.462809,10,EPI_ISL_13920347,Omicron,BA.4.6,2022-07-07
2.718347,-21.690458,10,EPI_ISL_15327292,Omicron,BA.5.9,2022-09-26
2.370822,-21.7589,10,EPI_ISL_16029971,Omicron,BA.4,2022-11-22
2.3708243,-21.758877,10,EPI_ISL_14183846,Omicron,BF.13,2022-07-17
2.3708231,-21.7589,10,EPI_ISL_16056803,Omicron,BA.5.2.9,2022-11-18
-1.588326,-22.440598,10,EPI_ISL_16055499,Omicron,BF.7,2022-11-18
-0.61348474,-22.037403,10,EPI_ISL_16914554,Omicron,BA.5.2,2022-08-30
-2.6288207,-21.99333,10,EPI_ISL_16341692,Omicron,DN.1,2022-12-05
-1.598085,-22.442905,10,EPI_ISL_16652162,Omicron,BF.11,2022-12-29
-1.5858862,-22.44863,10,EPI_ISL_15985676,Omicron,BF.7.19,2022-11-14
-2.872092,-23.108292,10,EPI_ISL_14232859,Omicron,BA.2.74,2022
-1.5955185,-22.456055,10,EPI_ISL_17185396,Omicron,BE.1.4,2023-02-22
-1.5846472,-22.450224,10,EPI_ISL_14411188,Omicron,BA.5.1,2022-07-26
-2.6376526,-21.63117,10,EPI_ISL_15685256,Omicron,BA.4.6,2022-09-05
-1.5700763,-22.454254,10,EPI_ISL_14484980,Omicron,BF.7,2022-08-01
-1.593507,-22.447584,10,EPI_ISL_15919613,Omicron,BF.7.6,2022-10-26
-1.58724,-22.44099,10,EPI_ISL_14850725,Omicron,BA.4.6,2022-08-22
-1.0337352,-22.458508,10,EPI_ISL_17511836,Omicron,BF.7.14,2023-04-06
-1.5879253,-22.447025,10,EPI_ISL_15396317,Omicron,BA.4.6,2022-09-26
-1.5814857,-22.463875,10,EPI_ISL_16319724,Omicron,BF.10,2022-12-10
-1.2041053,-21.611347,10,EPI_ISL_15309479,Omicron,BA.4.6,2022-10-05
-1.5844404,-22.46284,10,EPI_ISL_15990908,Omicron,BF.7,2022-11-24
-1.5978725,-22.466072,10,EPI_ISL_14669815,Omicron,BA.4.6,2022-08-10
-1.5871373,-23.601604,10,EPI_ISL_16458769,Omicron,BF.7,2022-10-07
-1.5833839,-22.467848,10,EPI_ISL_16461666,Omicron,BA.4.1.9,2022-07
-1.5987977,-22.451977,10,EPI_ISL_15727544,Omicron,BA.5.3.5,2022-10-25
2.6504934,-21.703457,10,EPI_ISL_16329474,Omicron,BA.5.1.23,2022-12-17
-2.8347824,-21.135191,10,EPI_ISL_15881618,Omicron,BA.4.6,2022-10-24
-0.90459687,-22.57486,10,EPI_ISL_15653219,Omicron,CR.1.1,2022-10-25
-0.9046057,-22.575092,10,EPI_ISL_15637600,Omicron,BA.5.2.6,2022-10-25
-1.5775487,-22.448875,10,EPI_ISL_16712082,Omicron,BF.7.14,2022-12-29
-0.048378784,-21.946396,10,EPI_ISL_13514868,Omicron,BA.5.1,2022-06-17
-2.5922973,-23.058498,10,EPI_ISL_15780940,Omicron,BF.7.19.1,2022-10-28
-1.1930982,-23.083721,10,EPI_ISL_16269424,Omicron,BA.4.6,2022-11-14
-1.5711821,-22.454613,10,EPI_ISL_14318206,Omicron,BA.4.6,2022-07-15
-2.9557323,-21.030424,10,EPI_ISL_16643994,Omicron,Unassigned,2022-12-31
-2.6376374,-21.63119,10,EPI_ISL_16329248,Omicron,BF.7,2022-12-14
-1.599975,-22.464933,10,EPI_ISL_15048428,Omicron,BA.4.6,2022-08-18
-1.5868937,-22.45723,10,EPI_ISL_16011235,Omicron,BA.5.1.21,2022-11-16
-1.5816671,-22.4648,10,EPI_ISL_16948693,Omicron,BF.7,2023-01-25
-3.5292194,-20.233633,10,EPI_ISL_15805765,Omicron,BA.5.2.1,2022-10-17
-1.5773458,-22.457588,10,EPI_ISL_16635528,Omicron,BF.7.14.4,2022-12-19
-1.2482104,-21.62078,10,EPI_ISL_15174519,Omicron,BF.7.4,2022-09-16
-1.5858235,-22.44847,10,EPI_ISL_17075489,Omicron,BF.7,2023
-1.5808426,-22.462116,10,EPI_ISL_16814245,Omicron,BA.5.1.28,2023-01-27
-1.5770404,-22.44769,10,EPI_ISL_15436123,Omicron,BF.7,2022-10-15
-1.5853777,-22.460253,10,EPI_ISL_17698490,Omicron,BA.5.2.34,2022-10-31
2.3708272,-21.758892,10,EPI_ISL_15216400,Omicron,BA.4.7,2022-09-14
-2.8347201,-21.1352,10,EPI_ISL_15949351,Omicron,BQ.1.1.13,2022-11-16
-1.5806438,-22.456396,10,EPI_ISL_14509661,Omicron,BA.4.6.1,2022-07-20
2.6500075,-21.703362,10,EPI_ISL_16148846,Omicron,BA.5.9,2022-10-27
-1.246252,-23.181479,10,EPI_ISL_15641669,Omicron,BA.5.2.6,2022-10-20
-2.8721209,-23.108263,10,EPI_ISL_13574761,Omicron,BA.2.74,2022-06-15
-1.5769656,-22.4423,10,EPI_ISL_16480733,Omicron,BA.5.2.6,2022-12-08
-1.5857413,-22.44324,10,EPI_ISL_16080933,Omicron,BF.4,2022-11-23
-1.581339,-22.461151,10,EPI_ISL_16674628,Omicron,BF.7.14,2023-01-13
2.6557798,-21.719688,10,EPI_ISL_15451722,Omicron,BA.5.9,2022-10-04
-1.2037476,-21.611296,10,EPI_ISL_15636091,Omicron,BF.7,2022-10-24
-1.590102,-22.44248,10,EPI_ISL_17187140,Omicron,BF.7.15,2023-02-13
-1.5930283,-22.454323,10,EPI_ISL_15892631,Omicron,BA.4.1.8,2022-10-07
-2.8399801,-21.113434,10,EPI_ISL_17001644,Omicron,BQ.1.1,2023-02-02
-3.4129822,-20.37755,10,EPI_ISL_13492865,Omicron,BA.2,2022-06-01
-2.8443394,-21.124828,10,EPI_ISL_16493778,Omicron,DR.1,2022-12-28
-1.5924778,-22.430578,10,EPI_ISL_16483439,Omicron,BF.26,2022-12-16
-1.5814081,-22.450857,10,EPI_ISL_16151089,Omicron,BF.7,2022-11-25
-1.5761577,-22.459919,10,EPI_ISL_14427966,Omicron,BA.4.6,2022-07-26
-2.2324595,-21.924715,10,EPI_ISL_17373639,Omicron,BF.7.4.1,2023-02-20
-1.5970358,-22.449652,10,EPI_ISL_17187103,Omicron,BF.7.4.1,2023-02-09
-1.6007425,-22.467081,10,EPI_ISL_16644395,Omicron,CP.1,2023-01-07
-1.5833156,-22.440725,10,EPI_ISL_16311562,Omicron,BA.5.2.6,2022-12-12
-2.8829064,-21.075884,10,EPI_ISL_15935625,Omicron,Unassigned,2022-11-15
-1.5823526,-22.446451,10,EPI_ISL_15148881,Omicron,BA.4.6,2022-09-17
-1.0697862,-22.116383,10,EPI_ISL_17558565,Omicron,BF.7.15,2023-03-20
-2.1216419,-22.540426,10,EPI_ISL_17645613,Omicron,BF.7.14,2023-04-25
-2.637619,-21.631176,10,EPI_ISL_16587418,Omicron,BF.7,2022-12-20
-2.8971498,-21.743923,10,EPI_ISL_16749103,Omicron,XBF,2023-01-26
-2.0572627,-21.730444,10,EPI_ISL_17645607,Omicron,BF.7.14,2023-04-22
-1.2109764,-21.6803,10,EPI_ISL_16487783,Omicron,BF.11,2022-12-26
-1.1192513,-23.468042,10,EPI_ISL_16886595,Omicron,XBB,2023-02-02
-1.5863522,-22.448305,10,EPI_ISL_15301940,Omicron,BA.4.6.1,2022-09-25
-1.7992828,-23.268217,10,EPI_ISL_16060811,Omicron,BA.5.11,2022-11-15
-1.5797193,-22.467093,10,EPI_ISL_15895203,Omicron,BF.7.19,2022-10-18
-1.5801946,-22.448353,10,EPI_ISL_14823059,Omicron,BF.7.5,2022-08-28
2.3708203,-21.758892,10,EPI_ISL_15281721,Omicron,BA.5.2.1,2022-09-16
-0.9383109,-22.188643,10,EPI_ISL_15979234,Omicron,CK.1.2,2022-11-08
-1.9345973,-21.852028,10,EPI_ISL_16373485,Omicron,BA.5.2.6,2022-12-13
-1.5785483,-22.452436,10,EPI_ISL_17165316,Omicron,BF.7.14,2023-02-24
-2.9437551,-23.06623,10,EPI_ISL_12806770,Omicron,BA.2.82,2022-04-28
-1.5747447,-22.44159,10,EPI_ISL_15414517,Omicron,BF.7,2022-10-05
-2.9438202,-23.066145,10,EPI_ISL_13362869,Omicron,BA.2,2022-05-30
-1.5888615,-22.458895,10,EPI_ISL_15907840,Omicron,BF.7,2022-11-07
-1.5891407,-22.465229,10,EPI_ISL_17392619,Omicron,BF.7,2023-03-15
-1.5770714,-22.455471,10,EPI_ISL_15449393,Omicron,BF.7.22,2022-10-08
-1.6031798,-22.46034,10,EPI_ISL_16220788,Omicron,BA.5.1,2022-12-08
-1.6023693,-22.461271,10,EPI_ISL_14925430,Omicron,BF.7.4.2,2022-08-30
-2.6376386,-21.631174,10,EPI_ISL_14419450,Omicron,BF.7,2022-07-21
-2.8783946,-21.094318,10,EPI_ISL_16643939,Omicron,BF.4,2022-12-27
-1.5899166,-22.466103,10,EPI_ISL_17058790,Omicron,BF.7.14,2023-02-15
-2.8783998,-21.094437,10,EPI_ISL_15881728,Omicron,Unassigned,2022-10-23
-2.4786794,-22.278101,10,EPI_ISL_17602469,Omicron,BQ.1.1,2023-04-13
-3.077764,-23.098175,10,EPI_ISL_16327455,Omicron,BA.2,2022-12-01
-1.5785234,-22.461828,10,EPI_ISL_13993349,Omicron,BA.4.6,2022-07-12
-1.5834535,-22.468952,10,EPI_ISL_16633333,Omicron,BF.7.4.1,2022-12-31
-2.6505113,-21.69991,10,EPI_ISL_16419723,Omicron,BQ.1.1.41,2023-01-03
-1.5773683,-22.45036,10,EPI_ISL_14671214,Omicron,BF.7,2022-08-12
2.3708258,-21.758863,10,EPI_ISL_15777307,Omicron,BE.6,2022-10-31
-1.5902698,-22.438623,10,EPI_ISL_15773434,Omicron,BA.4.6,2022-10-26
-1.1103885,-22.743555,10,EPI_ISL_16740494,Omicron,BF.7,2023-01-09
-1.5884438,-22.44006,10,EPI_ISL_14869637,Omicron,BA.4.6,2022-08-15
-1.5861657,-22.442755,10,EPI_ISL_15129343,Omicron,BF.7.4,2022-09-05
-1.204062,-21.611462,10,EPI_ISL_16812854,Omicron,BF.11.1,2023-01-20
-1.9642805,-23.052946,10,EPI_ISL_17380858,Omicron,BF.7,2022-11-28
-3.4129977,-20.377539,10,EPI_ISL_16066660,Omicron,Unassigned,2022-11-14
-1.174113,-23.512556,10,EPI_ISL_15701321,Omicron,BA.4.1,2022-10-23
-1.593695,-22.460575,10,EPI_ISL_16122227,Omicron,BF.7.9,2022-11-16
-1.5822948,-22.448631,10,EPI_ISL_15901671,Omicron,CR.1,2022-11-12
-1.5847998,-22.431782,10,EPI_ISL_15715173,Omicron,BA.5.2.35,2022-10-25
-3.3597217,-20.437084,10,EPI_ISL_13845327,Omicron,Unassigned,2022-07-05
-2.637612,-21.631151,10,EPI_ISL_15777124,Omicron,BF.11.2,2022-10-21
-2.0024488,-21.743383,10,EPI_ISL_17024099,Omicron,BF.31.1,2023-02-15
-1.9387083,-23.078827,10,EPI_ISL_16487290,Omicron,BF.7,2022-12-27
-1.2001221,-23.525393,10,EPI_ISL_15915819,Omicron,Unassigned,2022-11-15
-2.6365173,-21.599712,10,EPI_ISL_15791390,Omicron,BA.5.2.47,2022-10-19
-1.5992229,-22.430328,10,EPI_ISL_16839138,Omicron,BE.1.4.2,2023-01-24
-0.048351757,-21.946476,10,EPI_ISL_15368148,Omicron,BA.5.1,2022-10-05
-2.8437731,-21.138737,10,EPI_ISL_14336054,Omicron,BA.4.6,2022-07-13
-1.5832026,-22.459465,10,EPI_ISL_17493723,Omicron,BF.7.14,2023-03-13
-2.6300044,-21.447279,10,EPI_ISL_16252403,Omicron,Unassigned,2022-12-12
-1.7610246,-21.638975,10,EPI_ISL_15533248,Omicron,BA.4.6.4,2022-10-15
-2.0104966,-22.797394,10,EPI_ISL_16366368,Omicron,BA.4.1.10,2022-12-19
-1.5837847,-22.445213,10,EPI_ISL_17273683,Omicron,BF.7.14,2023-02-24
-1.5838163,-22.452652,10,EPI_ISL_14829914,Omicron,BA.5.1.18,2022-08-15
-1.5826803,-22.462542,10,EPI_ISL_16309917,Omicron,BF.7,2022-12-02
2.370821,-21.7589,10,EPI_ISL_14261748,Omicron,BA.4.7,2022-07-25
2.3708212,-21.758875,10,EPI_ISL_15279755,Omicron,BA.5.2.10,2022-08-19
-0.58005506,-21.937374,10,EPI_ISL_15116352,Omicron,BA.5.2,2022-08-09
-1.585291,-22.45926,10,EPI_ISL_15970917,Omicron,BF.7,2022-11-13
-0.90954226,-22.570166,10,EPI_ISL_14810831,Omicron,CQ.1,2022-08-30
-1.5863454,-22.449354,10,EPI_ISL_16150926,Omicron,BF.7,2022-11-21
-1.5795071,-22.451708,10,EPI_ISL_16070421,Omicron,BF.7,2022-11-21
-2.8513339,-23.132309,10,EPI_ISL_14788099,Omicron,BA.2.12.1,2022-08-22
-3.4855773,-20.299778,10,EPI_ISL_14674128,Omicron,BA.2,2022-06-13
-1.58045,-22.447273,10,EPI_ISL_15153501,Omicron,BA.5.6,2022-09-19
-2.9438024,-23.06608,10,EPI_ISL_14977062,Omicron,BA.2.76,2022-08-04
-1.5856246,-22.448187,10,EPI_ISL_16373977,Omicron,BF.11,2022-12-12
-1.5787168,-22.455263,10,EPI_ISL_17170921,Omicron,BF.7.14,2023-02-07
-1.0983964,-21.71687,10,EPI_ISL_15892869,Omicron,BA.5.1.18,2022-11-06
-1.0048094,-23.409649,10,EPI_ISL_16617791,Omicron,XBB.1.5,2023-01-12
-2.637663,-21.631145,10,EPI_ISL_16007723,Omicron,BF.41.1,2022-11-14
-1.5829685,-22.462273,10,EPI_ISL_16193985,Omicron,BF.7,2022-11-21
-2.6428828,-21.651499,10,EPI_ISL_15115395,Omicron,BA.4.6,2022-09-12
2.370821,-21.758902,10,EPI_ISL_14612174,Omicron,BA.4,2022-07-13
-2.5922465,-23.058615,10,EPI_ISL_17563568,Omicron,BA.5.2.6,2023-03-23
-1.592599,-22.460926,10,EPI_ISL_15747382,Omicron,Unassigned,2022-11-03
-1.5894775,-22.443754,10,EPI_ISL_17022463,Omicron,BF.7.5,2023-01-27
-1.5997103,-22.454676,10,EPI_ISL_17552824,Omicron,BF.11,2023-03-31
-1.9937809,-23.566893,10,EPI_ISL_16389961,Omicron,ED.1,2022-11-14
-2.541497,-21.7148,10,EPI_ISL_16029177,Omicron,BA.4.6,2022-12-02
2.6504066,-21.703434,10,EPI_ISL_16551981,Omicron,BA.5.1,2022-07-18
-1.5822341,-22.46208,10,EPI_ISL_15162330,Omicron,BA.4.6,2022-09-19
-1.5985601,-22.463625,10,EPI_ISL_16136360,Omicron,BF.7.18,2022-11-25
-1.8218343,-21.640528,10,EPI_ISL_15829361,Omicron,BA.4.6,2022-10-21
-1.575376,-22.45129,10,EPI_ISL_16227767,Omicron,BF.4,2022-11-13
-1.5813879,-22.453491,10,EPI_ISL_15154514,Omicron,BF.7.1,2022-09-20
-1.5870652,-22.453379,10,EPI_ISL_16903422,Omicron,BA.5.11,2023-01-28
-1.5771284,-22.457073,10,EPI_ISL_16518964,Omicron,Unassigned,2023-01-02
-1.5853652,-22.44933,10,EPI_ISL_17103542,Omicron,BF.7.14,2023-01-30
2.377677,-21.757444,10,EPI_ISL_16100953,Omicron,BF.13,2022-11-25
-1.5828575,-22.46072,10,EPI_ISL_15893299,Omicron,BF.7.4.1,2022-11-08
-1.5962256,-22.454926,10,EPI_ISL_15542489,Omicron,BA.5.2.34,2022-10-20
-1.9802686,-23.559118,10,EPI_ISL_15805729,Omicron,Unassigned,2022-10-21
-1.5932864,-22.448177,10,EPI_ISL_16971393,Omicron,BA.5.2.6,2023-01-16
-2.2476866,-22.615303,10,EPI_ISL_16811636,Omicron,BF.7,2023-01-19
-0.9730635,-22.53853,10,EPI_ISL_16056884,Omicron,BA.4.6,2022-11-28
-2.9695609,-23.023506,10,EPI_ISL_13433873,Omicron,BA.2.38,2022-06-05
-2.3234258,-22.074038,10,EPI_ISL_15343456,Omicron,BF.7,2022-09-10
-1.5783858,-22.458895,10,EPI_ISL_15540702,Omicron,BF.7,2022-09-29
-1.6213214,-22.452875,10,EPI_ISL_17227612,Omicron,BF.7.14,2023-03-05
2.3694234,-21.759706,10,EPI_ISL_15780299,Omicron,BA.4.7,2022-10-24
-2.9576511,-23.04626,10,EPI_ISL_14734125,Omicron,BA.2.38.1,2022-06-30
-1.2309294,-21.604877,10,EPI_ISL_15446152,Omicron,BF.7,2022-09-30
-2.946295,-21.030046,10,EPI_ISL_17034853,Omicron,BQ.1.1,2023-01-25
-1.5835081,-22.450914,10,EPI_ISL_16296657,Omicron,BE.7,2022-12-03
-1.5938251,-22.456207,10,EPI_ISL_17087240,Omicron,BF.7,2023-02-03
-1.6982193,-21.626001,10,EPI_ISL_15435538,Omicron,BA.5.11,2022-10-06
-1.5865265,-22.455156,10,EPI_ISL_14384853,Omicron,BF.11,2022-07-20
-2.9438066,-23.066015,10,EPI_ISL_13345468,Omicron,BA.2,2022-06-04
-1.5854069,-22.472324,10,EPI_ISL_16357660,Omicron,BF.11.1,2022-12-13
-1.5841832,-22.461737,10,EPI_ISL_16432710,Omicron,BF.5.1,2022-12-06
-1.0333625,-23.439447,10,EPI_ISL_17622399,Omicron,XBB.1.5.7,2023-04-24
-2.8783774,-21.094324,10,EPI_ISL_16311890,Omicron,BA.4.6.5,2022-08-22
-1.5984774,-22.45362,10,EPI_ISL_16206966,Omicron,BA.5.2.6,2022-11-29
2.3708243,-21.75885,10,EPI_ISL_15603260,Omicron,BA.5.2.57,2022-09-28
-1.5938991,-22.455101,10,EPI_ISL_15229261,Omicron,BA.4.6,2022-09-19
-1.601193,-22.46051,10,EPI_ISL_14155364,Omicron,BA.4.6,2022-07-15
-0.53142416,-21.928308,10,EPI_ISL_14217016,Omicron,BA.4.6,2022-07-11
-2.8443072,-21.124823,10,EPI_ISL_16643427,Omicron,BQ.1.1.18,2023-01-03
2.649939,-21.703064,10,EPI_ISL_13940401,Omicron,BA.5.9,2022-06-29
-1.5861845,-22.45185,10,EPI_ISL_16475434,Omicron,BF.11.3,2023-01-02
2.3271124,-21.767635,10,EPI_ISL_15739911,Omicron,BA.5.2.1,2022-10-15
-3.0711608,-22.640427,10,EPI_ISL_15343197,Omicron,DD.1,2022-09-20
2.65007,-21.703102,10,EPI_ISL_15368271,Omicron,BA.5.9,2022-10-05
-2.6373327,-21.631105,10,EPI_ISL_14931420,Omicron,BA.4.6,2022
-2.39292,-22.364014,10,EPI_ISL_17616148,Omicron,BA.5.2.6,2023-04-04
-2.6376379,-21.6316,10,EPI_ISL_15788895,Omicron,BE.5,2022-11-07
-2.0295036,-22.666445,10,EPI_ISL_16084502,Omicron,BA.5.3.5,2022-11-26
-1.5866266,-22.445343,10,EPI_ISL_15531077,Omicron,BA.4.6,2022-10-09
-1.2912221,-21.677746,10,EPI_ISL_17493396,Omicron,BF.7.14,2023-02-23
-1.6225146,-22.449709,10,EPI_ISL_15319593,Omicron,BF.7.4.1,2022-09-27
-1.0697863,-22.116375,10,EPI_ISL_16531687,Omicron,XBM,2023-01-06
2.3708217,-21.758879,10,EPI_ISL_16001085,Omicron,BF.13,2022-11-26
-2.6376188,-21.631157,10,EPI_ISL_15433475,Omicron,BA.4.6,2022-08-24
2.370827,-21.75887,10,EPI_ISL_15263186,Omicron,BA.4.7,2022-09-20
-1.5862931,-22.456202,10,EPI_ISL_16390586,Omicron,BF.7,2022-12-26
-1.5855584,-22.450493,10,EPI_ISL_16518732,Omicron,Unassigned,2022-12-27
-0.9045918,-22.574884,10,EPI_ISL_15050825,Omicron,BA.5.2.1,2022-08-11
-1.5891343,-22.445791,10,EPI_ISL_16892117,Omicron,BA.5.2.6,2023-01-23
-1.5830768,-22.459604,10,EPI_ISL_16440184,Omicron,BA.5.2.35,2022-12-26
-1.034715,-22.584341,10,EPI_ISL_15930821,Omicron,BA.5.2.9,2022-11-18
-1.5851125,-22.460798,10,EPI_ISL_16365392,Omicron,BF.7.22,2022-11-29
-2.1955233,-22.200758,10,EPI_ISL_16097225,Omicron,BA.5.2.6,2022-10-27
-1.5853002,-22.458652,10,EPI_ISL_15908433,Omicron,BF.7.15,2022-10-17
-1.5867447,-22.454765,10,EPI_ISL_15890551,Omicron,BA.4.6,2022-11-11
-2.6287851,-21.993223,10,EPI_ISL_16008971,Omicron,ED.2,2022
-0.99854755,-21.985292,10,EPI_ISL_16428839,Omicron,BF.11.1,2022-11-14
-1.589289,-22.459988,10,EPI_ISL_15790608,Omicron,BF.7,2022-10-30
-1.5847352,-22.458261,10,EPI_ISL_16109402,Omicron,BA.5.1.27,2022-11-28
-3.6033921,-20.149715,10,EPI_ISL_13900024,Omicron,BA.4.4,2022-06-27
-2.4810116,-21.561747,10,EPI_ISL_15982597,Omicron,BA.5.2.6,2022-10-22
-1.5846395,-22.455706,10,EPI_ISL_16520397,Omicron,BF.7.14,2022-12-22
-2.3632915,-23.099428,10,EPI_ISL_16114960,Omicron,BA.5,2022-11-28
-1.1741127,-23.512558,10,EPI_ISL_16508706,Omicron,BF.7,2022-12-26
-1.5925486,-22.445213,10,EPI_ISL_15242110,Omicron,BA.4.6,2022-09-15
-1.5850866,-22.452974,10,EPI_ISL_15048397,Omicron,BA.4.6,2022-08-18
-2.6378353,-21.604551,10,EPI_ISL_16007899,Omicron,BA.4.6,2022-11-11
-1.2560639,-21.607004,10,EPI_ISL_15980276,Omicron,BF.7,2022-11-13
-1.5874424,-22.43465,10,EPI_ISL_15815440,Omicron,BA.4.6,2022-11-04
-2.6380215,-21.60462,10,EPI_ISL_15772917,Omicron,BA.4.6,2022-11-05
-1.8636918,-23.18362,10,EPI_ISL_15930908,Omicron,BA.4.6,2022-11-12
-2.637604,-21.63158,10,EPI_ISL_15647616,Omicron,BA.4.6,2022-10-27
-2.637661,-21.631184,10,EPI_ISL_17320844,Omicron,BA.4.6,2022-11-21
-2.9437807,-23.066128,10,EPI_ISL_14028209,Omicron,BA.2,2022-07-14
-0.9370291,-22.516771,10,EPI_ISL_14650119,Omicron,BA.4.6,2022-08-04
-1.5800662,-22.458849,10,EPI_ISL_16635101,Omicron,BF.7.14,2023-01-05
-2.6376843,-21.631199,10,EPI_ISL_16091826,Omicron,BA.4.6.5,2022-11-26
-1.5793233,-22.452562,10,EPI_ISL_14930927,Omicron,BA.4.6,2022-08-25
-1.5772656,-22.432726,10,EPI_ISL_15703178,Omicron,BF.26,2022-10-16
-1.5813564,-22.453491,10,EPI_ISL_14657629,Omicron,BA.4.6,2022-08-12
-1.5936105,-22.458363,10,EPI_ISL_16049484,Omicron,BF.7.27,2022-11-21
-1.572928,-22.45673,10,EPI_ISL_14674777,Omicron,BA.4.6,2022-07-16
-0.9140142,-22.57055,10,EPI_ISL_15075482,Omicron,BF.28,2022
-1.5847769,-22.461756,10,EPI_ISL_16220478,Omicron,BF.7.4,2022-12-09
-1.577931,-22.451319,10,EPI_ISL_16044932,Omicron,DF.1,2022-11-13
-1.5808631,-22.449715,10,EPI_ISL_15761384,Omicron,CP.5,2022-11-01
-1.5791951,-22.454865,10,EPI_ISL_16167712,Omicron,BF.7,2022-12-09
-1.5820832,-22.454275,10,EPI_ISL_15339168,Omicron,DF.1,2022-09-25
-1.5800897,-22.456614,10,EPI_ISL_14151653,Omicron,BA.4.6,2022-07-18
-1.5883417,-22.450706,10,EPI_ISL_16509412,Omicron,BA.5.1.28,2022-12-14
2.6504087,-21.703436,10,EPI_ISL_14452029,Omicron,Unassigned,2022-07-25
-1.5945325,-22.459866,10,EPI_ISL_16420536,Omicron,Unassigned,2022-12-26
-2.3849013,-22.402617,10,EPI_ISL_17558870,Omicron,BQ.1.1.18,2023-03-30
-1.603873,-22.44609,10,EPI_ISL_15917426,Omicron,BF.7,2022-10-26
-2.6376405,-21.631165,10,EPI_ISL_16297740,Omicron,BF.7,2022-11-12
-1.2040626,-21.611462,10,EPI_ISL_17445530,Omicron,BF.7.15,2022-12-21
-2.8443415,-21.124777,10,EPI_ISL_16066539,Omicron,BA.4.6,2022-11-09
-1.582289,-22.451857,10,EPI_ISL_14457757,Omicron,BA.5.8,2022-08-06
-2.5923998,-23.058292,10,EPI_ISL_17072264,Omicron,BA.5.2,2023-02-14
2.6499012,-21.70308,10,EPI_ISL_14852718,Omicron,BA.5.9,2022-08-25
-2.2316222,-22.997524,10,EPI_ISL_16417506,Omicron,BF.7.27,2022-12-21
2.4191847,-21.73217,10,EPI_ISL_16956082,Omicron,BQ.1.21,2023-01-30
-0.9590415,-22.422886,10,EPI_ISL_16601652,Omicron,BA.4.6.3,2022-12-08
-1.590245,-22.450014,10,EPI_ISL_15197015,Omicron,Unassigned,2022-09-19
-1.5901288,-22.453363,10,EPI_ISL_15947106,Omicron,BA.5.2.1,2022-11-16
-1.5764574,-22.454403,10,EPI_ISL_17562703,Omicron,BA.5.2.6,2023-03-23
-1.5919374,-22.44514,10,EPI_ISL_15815993,Omicron,BF.7,2022-11-01
-1.284363,-23.545374,10,EPI_ISL_15541391,Omicron,BE.1.2.1,2022-09-29
-1.587877,-22.467644,10,EPI_ISL_15434177,Omicron,BF.7.4.1,2022-10-08
-1.6013815,-22.463192,10,EPI_ISL_16455637,Omicron,BA.4.6,2022-12-26
-2.3259552,-21.558256,10,EPI_ISL_15990712,Omicron,BE.1.4,2022-11-23
-1.5902404,-22.456366,10,EPI_ISL_15583568,Omicron,BA.5.1.3,2022-10-18
-1.5921792,-22.449944,10,EPI_ISL_16509082,Omicron,BA.5.2.6,2022-12-28
-1.5989217,-22.463938,10,EPI_ISL_15925039,Omicron,BA.5.2.44,2022-10-29
2.6850688,-21.707485,10,EPI_ISL_15636073,Omicron,BA.5.9,2022-10-18
-1.2441628,-23.424505,10,EPI_ISL_17263882,Omicron,BA.5.1,2023-03-11
-1.5875087,-22.449856,10,EPI_ISL_17104720,Omicron,BF.7.14,2023-02-13
-1.5841323,-22.449196,10,EPI_ISL_15479683,Omicron,BF.7,2022-10-12
-1.9631518,-21.605534,10,EPI_ISL_15358313,Omicron,BA.4.6,2022-08-24
-1.5810051,-22.457455,10,EPI_ISL_17494463,Omicron,BF.7.14,2023-02-27
-1.2039455,-21.611315,10,EPI_ISL_16342584,Omicron,BF.7,2022-12-05
-3.4129822,-20.37754,10,EPI_ISL_16134967,Omicron,BA.5.1.3,2022-11-26
-1.2462178,-23.181782,10,EPI_ISL_16149143,Omicron,BF.11,2022-10-28
-3.4129841,-20.377546,10,EPI_ISL_14583189,Omicron,Unassigned,2022-07-21
-1.809036,-21.656008,10,EPI_ISL_17380099,Omicron,BA.5.2.6,2022-09-10
-1.5859429,-22.453897,10,EPI_ISL_13863831,Omicron,BA.4.6,2022-06-30
-1.57865,-22.450987,10,EPI_ISL_16973214,Omicron,BF.7.15,2023-01-24
-1.5874412,-22.449793,10,EPI_ISL_14650087,Omicron,BA.4.6,2022-08-03
-1.590118,-22.462042,10,EPI_ISL_17359197,Omicron,BA.5.2.6,2023
-1.5766712,-22.451902,10,EPI_ISL_15936787,Omicron,BF.7,2022-11-21
-2.640846,-21.637487,10,EPI_ISL_15507585,Omicron,DA.1,2022-10-03
-1.5804522,-22.463108,10,EPI_ISL_14619351,Omicron,BF.7.10,2022-08-10
-0.98200935,-22.64683,10,EPI_ISL_17653892,Omicron,BF.7,2023-03-17
-0.80838823,-21.785028,10,EPI_ISL_16912219,Omicron,XBC.1.3,2023-01-31
-1.5985166,-22.46701,10,EPI_ISL_16556816,Omicron,DF.1,2022-12-13
-2.9164672,-21.04543,10,EPI_ISL_16023242,Omicron,BA.4.6,2022-11-21
2.6501997,-21.703432,10,EPI_ISL_15973027,Omicron,BA.5.1,2022-11-16
-1.5762628,-22.460283,10,EPI_ISL_16963794,Omicron,BF.7.15,2023-02-01
-2.6373868,-21.631134,10,EPI_ISL_15075058,Omicron,BF.7,2022-09-05
-1.5942322,-22.454445,10,EPI_ISL_16429532,Omicron,BA.5.11,2022-12-29
-0.9006225,-22.575396,10,EPI_ISL_15451277,Omicron,CQ.1,2022-10-07
-1.5748034,-22.44939,10,EPI_ISL_15816895,Omicron,Unassigned,2022-11-02
-1.5797203,-22.457115,10,EPI_ISL_15924790,Omicron,BF.5.1,2022-10-20
2.5261142,-21.726318,10,EPI_ISL_15576579,Omicron,BA.5.2.1,2022-09-20
-0.8512374,-22.169582,10,EPI_ISL_17383289,Omicron,BF.11,2023-02-12
-1.5823759,-22.45918,10,EPI_ISL_15647048,Omicron,BF.7.5,2022-10-20
-2.3388402,-22.645678,10,EPI_ISL_16951878,Omicron,BF.7,2023-02-05
-2.9438198,-23.066174,10,EPI_ISL_13892279,Omicron,BA.2.76,2022
-1.5949955,-22.452923,10,EPI_ISL_15707967,Omicron,BA.4.6.5,2022-10-23
-1.5885212,-22.449162,10,EPI_ISL_15763476,Omicron,BF.7.8,2022-10-24
-0.83335006,-22.163366,10,EPI_ISL_17413096,Omicron,BA.5.2.6,2023-03-07
-1.5808842,-22.464947,10,EPI_ISL_15659089,Omicron,BA.4.6,2022-10-03
-3.039415,-21.433807,10,EPI_ISL_16066642,Omicron,Unassigned,2022-11-19
-1.5796772,-22.466488,10,EPI_ISL_17071920,Omicron,DQ.1,2023-02-15
-1.603402,-22.467196,10,EPI_ISL_16709475,Omicron,BF.7.14,2022-12-23
-2.6288438,-21.99343,10,EPI_ISL_16726916,Omicron,EF.1.1,2023-01-17
-2.9423368,-23.05189,10,EPI_ISL_15312119,Omicron,BA.2,2022-09-26
-1.5773741,-22.456253,10,EPI_ISL_16843369,Omicron,BE.4.1,2022-12-30
-1.5786576,-22.45407,10,EPI_ISL_17026015,Omicron,BA.4.6,2022-11-14
-1.2039276,-21.611332,10,EPI_ISL_15936387,Omicron,BA.5.1.22,2022-11-18
2.370823,-21.758884,10,EPI_ISL_15309519,Omicron,BA.5.2.57,2022-10-05
-1.9801307,-23.559143,10,EPI_ISL_16701385,Omicron,BQ.1.1,2023-01
-1.7659726,-21.63687,10,EPI_ISL_15357621,Omicron,BA.4.6.4,2022-10-03
-1.5935607,-22.4739,10,EPI_ISL_16807407,Omicron,BF.7.4.1,2023-01-04
-2.0809734,-22.863817,10,EPI_ISL_17330560,Omicron,BF.11,2022-08-15
-1.4787326,-21.616793,10,EPI_ISL_15292217,Omicron,CQ.2,2022-09-24
-1.3048245,-21.64934,10,EPI_ISL_15510060,Omicron,BA.5.1.37,2022-10-11
-2.6060457,-21.43464,10,EPI_ISL_16493654,Omicron,BF.7,2022-12-27
-1.5898911,-22.442972,10,EPI_ISL_17154423,Omicron,BF.7,2023-02-22
-1.0367334,-22.079126,10,EPI_ISL_15216129,Omicron,BF.7.4.2,2022-09-09
-1.5887358,-22.442825,10,EPI_ISL_15729781,Omicron,BF.7,2022-10-10
-1.6015759,-22.4479,10,EPI_ISL_14584668,Omicron,BA.5.1.20,2022-08-08
-1.174113,-23.512558,10,EPI_ISL_15708554,Omicron,BA.4.6,2022-10-21
-1.9936273,-23.09753,10,EPI_ISL_17189298,Omicron,BA.5.1.23,2023-02-17
2.5509963,-21.720198,10,EPI_ISL_15380035,Omicron,BA.4.1,2022-10-10
-1.5899125,-22.442682,10,EPI_ISL_15994726,Omicron,Unassigned,2022-11-23
-2.8443525,-21.12486,10,EPI_ISL_16493609,Omicron,BQ.1.25.1,2022-12-22
-1.5965244,-22.44953,10,EPI_ISL_15546690,Omicron,CN.2,2022-10-14
-2.7696972,-21.252531,10,EPI_ISL_14807725,Omicron,CP.1,2022-08-18
-1.0343119,-22.533424,10,EPI_ISL_15548575,Omicron,Unassigned,2022-10-18
-2.6376264,-21.631159,10,EPI_ISL_15850626,Omicron,BF.11,2022
-1.641836,-22.440643,10,EPI_ISL_15219246,Omicron,BA.4.6,2022-09-17
-3.6288471,-20.121832,10,EPI_ISL_14869684,Omicron,Unassigned,2022-07-29
-1.5857698,-22.43814,10,EPI_ISL_15149184,Omicron,BA.4.6,2022-09-16
-1.588296,-22.449244,10,EPI_ISL_16950659,Omicron,BF.7.4.1,2023-01-27
-1.5775385,-22.455402,10,EPI_ISL_15476609,Omicron,BF.5,2022-10-10
-1.5812624,-22.455364,10,EPI_ISL_16841095,Omicron,BA.5.2.6,2023-01-10
-1.586125,-22.455688,10,EPI_ISL_17494392,Omicron,BF.7.14,2023-02-07
-1.5968758,-22.46204,10,EPI_ISL_16581307,Omicron,BA.5.2.6,2023-01-06
-1.5928372,-22.44719,10,EPI_ISL_16051511,Omicron,BF.5.1,2022-11-14
-1.2039278,-21.611332,10,EPI_ISL_17236536,Omicron,BA.5,2023-02-09
2.6500716,-21.70308,10,EPI_ISL_15810361,Omicron,BA.5.1.5,2022-10-24
-3.41298,-20.37754,10,EPI_ISL_16495455,Omicron,Unassigned,2022-12-22
-2.5922678,-23.058554,10,EPI_ISL_15854773,Omicron,BA.5.2.1,2022-08-17
-1.5842808,-22.460043,10,EPI_ISL_16674905,Omicron,BF.7,2022-12-17
-0.8356516,-22.029623,10,EPI_ISL_17006513,Omicron,BF.11,2023-02-09
-2.640867,-21.637474,10,EPI_ISL_15508540,Omicron,DA.1,2022-09-29
-1.6035452,-22.458632,10,EPI_ISL_15722266,Omicron,BA.4.1.8,2022-10-26
-1.5828506,-22.450716,10,EPI_ISL_17510581,Omicron,BA.4.6,2022-09-22
-1.5856514,-22.449266,10,EPI_ISL_16803355,Omicron,BA.4.6,2022-12-05
-2.94385,-23.06592,10,EPI_ISL_13521479,Omicron,BA.2.76,2022-06-03
-2.7976265,-22.787708,10,EPI_ISL_15896859,Omicron,BS.1,2022-11-07
-2.943753,-23.06615,10,EPI_ISL_14162051,Omicron,BA.2.76,2022-07
-1.5823356,-22.451141,10,EPI_ISL_16099564,Omicron,BA.5.1.28,2022-11-23
-2.6375988,-21.631142,10,EPI_ISL_16366783,Omicron,BF.7,2022-12-12
-2.341083,-21.55378,10,EPI_ISL_15331132,Omicron,BF.7.6,2022-10-05
-1.5851992,-22.459023,10,EPI_ISL_14866202,Omicron,BF.26,2022-08-28
-2.8721006,-23.108276,10,EPI_ISL_14571453,Omicron,BA.2.74,2022-07-01
-1.5736148,-22.453854,10,EPI_ISL_16601021,Omicron,BA.4.6.1,2023-01-07
-1.5891243,-22.457733,10,EPI_ISL_15508642,Omicron,BA.5.2.6,2022-09-07
-1.5954976,-22.435122,10,EPI_ISL_16964593,Omicron,BA.5.2.6,2022-12-03
-3.4129999,-20.377527,10,EPI_ISL_15244437,Omicron,BA.5.2,2022-07-18
-2.637654,-21.631186,10,EPI_ISL_16516614,Omicron,BA.5.2.9,2022-12-14
-1.580253,-22.44018,10,EPI_ISL_16694968,Omicron,BF.7,2023-01-09
-1.5854949,-22.449812,10,EPI_ISL_15742507,Omicron,BF.7,2022-10-12
-2.8784018,-21.09434,10,EPI_ISL_16400434,Omicron,BQ.1.1,2022-12-16
-1.5865399,-22.453617,10,EPI_ISL_15371910,Omicron,Unassigned,2022-10-04
-0.85513365,-22.520817,10,EPI_ISL_16912163,Omicron,CM.8.1,2023-01-24
-1.5807694,-22.452578,10,EPI_ISL_17229420,Omicron,BF.7.15,2023-02-05
-1.5840391,-22.4501,10,EPI_ISL_16336846,Omicron,BA.5.2.6,2022-12-02
2.863548,-21.794367,10,EPI_ISL_14582722,Omicron,BA.5.5,2022-08-01
-2.6376224,-21.631163,10,EPI_ISL_16735584,Omicron,BA.5.2.1,2022-12-04
-1.5797627,-22.46323,10,EPI_ISL_15534197,Omicron,BA.5.1.28,2022-10-07
-1.0893375,-22.284143,10,EPI_ISL_16581578,Omicron,BF.26,2023-01-11
-2.8783994,-21.094326,10,EPI_ISL_16252710,Omicron,BQ.1.1,2022-12-01
-1.5678983,-22.44524,10,EPI_ISL_15661907,Omicron,Unassigned,2022-10-19
-2.637634,-21.631208,10,EPI_ISL_16329216,Omicron,BF.7,2022-12-13
-1.592788,-22.454956,10,EPI_ISL_15762773,Omicron,BF.7.26,2022-10-26
-1.5873741,-22.45279,10,EPI_ISL_15946314,Omicron,CP.1,2022-11-13
-1.3696537,-23.47511,10,EPI_ISL_15448118,Omicron,BF.11,2022-10-05
-1.5992479,-22.442987,10,EPI_ISL_15636120,Omicron,BE.4.1,2022-10-24
-1.589996,-22.442665,10,EPI_ISL_15055003,Omicron,BA.4.6.5,2022-09-05
-1.5963736,-22.445774,10,EPI_ISL_14437036,Omicron,BF.7,2022-08-07
-1.5868442,-22.450573,10,EPI_ISL_14250644,Omicron,BA.4.6.4,2022-07-21
-1.594115,-22.454517,10,EPI_ISL_15426811,Omicron,BF.11,2022-10-03
-2.1517363,-22.397684,10,EPI_ISL_14176912,Omicron,BA.4.6,2022-07-18
-1.5861989,-22.446299,10,EPI_ISL_14704411,Omicron,Unassigned,2022-08-16
2.370828,-21.758862,10,EPI_ISL_15655129,Omicron,BF.13,2022-08-17
-1.5777696,-22.443842,10,EPI_ISL_15821208,Omicron,BA.4.6,2022-10-31
2.6545172,-21.699108,10,EPI_ISL_15959349,Omicron,BA.5.9,2022-11-23
2.2745824,-21.775024,10,EPI_ISL_17512336,Omicron,BA.5.2,2022-12-26
-1.5845404,-22.449932,10,EPI_ISL_16703619,Omicron,BF.7.21,2023-01-03
2.3679593,-21.7595,10,EPI_ISL_14936503,Omicron,BA.5.2.1,2022-06-28
-0.93702924,-22.51677,10,EPI_ISL_16803363,Omicron,BA.4.6,2022-12-05
-2.1521564,-22.398104,10,EPI_ISL_16584495,Omicron,BA.5.11,2023-01-05
-1.5760872,-22.446589,10,EPI_ISL_15441312,Omicron,BA.4.6.5,2022-09-14
-3.4129882,-20.37753,10,EPI_ISL_13762535,Omicron,Unassigned,2022-06-27
-1.5824059,-22.452173,10,EPI_ISL_15537857,Omicron,BF.7,2022-10-17
-2.637546,-21.631514,10,EPI_ISL_15200881,Omicron,BA.4.6,2022-09-04
-1.5984702,-22.461071,10,EPI_ISL_16942722,Omicron,Unassigned,2023-02-01
-1.5973037,-22.460634,10,EPI_ISL_17512556,Omicron,BF.11.2,2022-12-22
-1.5824646,-22.452955,10,EPI_ISL_15404594,Omicron,BA.5.1,2022-10-02
2.633245,-21.705534,10,EPI_ISL_13656619,Omicron,BA.5.9,2022-06-30
-1.5837958,-22.447166,10,EPI_ISL_16213682,Omicron,BF.5,2022-12-12
-1.5861921,-22.45321,10,EPI_ISL_17488045,Omicron,BF.7.14,2023-02-27
-1.5758358,-22.448431,10,EPI_ISL_15469158,Omicron,BF.7.8,2022-10-08
-2.6428819,-21.65161,10,EPI_ISL_15553714,Omicron,BA.4.1.10,2022-09-26
2.4905272,-21.737421,10,EPI_ISL_17002954,Omicron,BQ.1.21,2023-01-31
-1.6036476,-22.4586,10,EPI_ISL_16604428,Omicron,BF.7.14,2022-12-28
-1.5792485,-22.451824,10,EPI_ISL_14777592,Omicron,BA.5,2022-08-21
-0.04825094,-21.946665,10,EPI_ISL_15645259,Omicron,BA.5.2,2022-10-14
-1.5716366,-22.453787,10,EPI_ISL_17014500,Omicron,BA.5.2.12,2023-01-26
-1.5765939,-22.461304,10,EPI_ISL_14346277,Omicron,BA.4.1.9,2022-07-08
-1.5955906,-22.467241,10,EPI_ISL_15994396,Omicron,Unassigned,2022-11-10
-1.0844572,-22.791513,10,EPI_ISL_15204348,Omicron,BF.7,2022-09-03
-1.579137,-22.446009,10,EPI_ISL_13871309,Omicron,BA.4.6,2022-07-14
-1.5890987,-22.455399,10,EPI_ISL_15288386,Omicron,BF.7.20,2022-10-02
-2.9575915,-23.046373,10,EPI_ISL_13846999,Omicron,BA.2,2022-06-13
-1.5766585,-22.45732,10,EPI_ISL_15429292,Omicron,BA.5.2.6,2022-10-06
-1.5882154,-22.448505,10,EPI_ISL_16041698,Omicron,BF.11.4,2022-11-27
-1.3206679,-23.322115,10,EPI_ISL_15902720,Omicron,BA.5.2.34,2022-11-14
-1.5860925,-22.452854,10,EPI_ISL_15761533,Omicron,BF.7.8,2022-10-23
-1.5802498,-22.46025,10,EPI_ISL_15301805,Omicron,BF.7.4,2022-09-26
-1.5962751,-22.459633,10,EPI_ISL_15767387,Omicron,BF.7,2022-10-26
-1.5939002,-22.444466,10,EPI_ISL_15712753,Omicron,BF.7,2022-10-28
-1.5887219,-22.457361,10,EPI_ISL_17243385,Omicron,BF.7.14,2023-03-01
-1.586512,-22.468462,10,EPI_ISL_15793942,Omicron,BF.5,2022-11-02
2.65578,-21.719688,10,EPI_ISL_13012812,Omicron,BA.5.9,2022-05-18
-1.5857227,-22.450584,10,EPI_ISL_15845386,Omicron,BA.5.1.27,2022-10-26
-1.5872557,-22.456459,10,EPI_ISL_16949603,Omicron,BF.7.15,2022-12-28
2.3708303,-21.758879,10,EPI_ISL_16130287,Omicron,BA.5.1.3,2022-11-30
-1.5853124,-22.450056,10,EPI_ISL_15536961,Omicron,BF.7,2022-09-26
2.3708253,-21.758867,10,EPI_ISL_17198539,Omicron,BF.13,2023-02-14
-1.5848417,-22.45834,10,EPI_ISL_13733709,Omicron,BF.5.1,2022-07-02
2.6500764,-21.70312,10,EPI_ISL_14952284,Omicron,BA.5.9,2022-08-28
-1.2041281,-21.611376,10,EPI_ISL_15927375,Omicron,BF.5,2022-11-17
2.6564958,-21.703007,10,EPI_ISL_16339075,Omicron,BA.5.2.21,2022-12-02
-1.5783521,-22.4653,10,EPI_ISL_17493002,Omicron,BF.7.14,2023-03-16
-1.1741129,-23.512558,10,EPI_ISL_15844370,Omicron,BE.1.2.1,2022-11-12
-1.5875221,-22.45015,10,EPI_ISL_16083147,Omicron,BF.7.4.1,2022-11-21
-1.5785893,-22.453856,10,EPI_ISL_15530395,Omicron,BA.5.1,2022-10-03
-2.8720984,-23.108295,10,EPI_ISL_14550897,Omicron,BA.2.74,2022-07-15
-1.5795029,-22.46219,10,EPI_ISL_14668386,Omicron,BA.4.6,2022-08-07
-1.5812895,-22.439863,10,EPI_ISL_16731067,Omicron,BA.4.6,2023-01-13
-1.587027,-22.438057,10,EPI_ISL_15380460,Omicron,BA.4.6.1,2022-10-07
-2.8312626,-21.170898,10,EPI_ISL_16035883,Omicron,CR.1.1,2022-11-14
-1.9280986,-23.189573,10,EPI_ISL_15286589,Omicron,BF.7,2022-09-28
-1.5811992,-22.440819,10,EPI_ISL_15515537,Omicron,BA.5.1.18,2022-09-19
-1.585381,-22.438292,10,EPI_ISL_16316354,Omicron,BF.7.6,2022-12-06
-1.5848778,-22.43976,10,EPI_ISL_15995226,Omicron,Unassigned,2022-11-17
-1.5721371,-22.437227,10,EPI_ISL_15087355,Omicron,Unassigned,2022-09-12
-2.637501,-21.631516,10,EPI_ISL_15214692,Omicron,BA.4.6,2022-09-12
-1.5901878,-22.457365,10,EPI_ISL_16406864,Omicron,BF.7.10,2022-12-23
-1.5704594,-22.452251,10,EPI_ISL_15219211,Omicron,BA.5.2.6,2022-09-17
-2.2112784,-22.312622,10,EPI_ISL_16154526,Omicron,BF.7,2022-12-05
-1.5920894,-22.440584,10,EPI_ISL_14696640,Omicron,BA.5.2.6,2022-08-21
-1.602868,-22.464857,10,EPI_ISL_16048725,Omicron,BA.4.6.4,2022-11-27
-1.2037036,-21.611387,10,EPI_ISL_17258442,Omicron,BF.7,2023-02-28
2.6501558,-21.703417,10,EPI_ISL_14693419,Omicron,BA.5.9,2022-08-13
-1.6009219,-22.467014,10,EPI_ISL_15798810,Omicron,BF.7.19,2022-11-03
-1.973941,-23.144775,10,EPI_ISL_17508279,Omicron,BA.4.6,2022-09-16
-2.6375544,-21.631124,10,EPI_ISL_16899506,Omicron,BF.7.14,2023-01-11
-1.6222001,-22.458813,10,EPI_ISL_15231447,Omicron,BE.1.2,2022-09-26
2.6501577,-21.703123,10,EPI_ISL_15404280,Omicron,BA.5.9,2022-10-02
2.6501553,-21.703417,10,EPI_ISL_15733427,Omicron,BA.5.2,2022-10-21
2.6557798,-21.719692,10,EPI_ISL_15327194,Omicron,BA.5.9,2022-09-26
-2.6375933,-21.63116,10,EPI_ISL_15309844,Omicron,BA.4.6,2022-09-26
2.370817,-21.758867,10,EPI_ISL_15959579,Omicron,BA.5.2.9,2022-10-22
2.650027,-21.70309,10,EPI_ISL_14400437,Omicron,BA.5.9,2022-07-21
-1.5864735,-22.46803,10,EPI_ISL_15772674,Omicron,BA.5.2.6,2022-10-07
-1.0828973,-23.468462,10,EPI_ISL_16344048,Omicron,CQ.2,2022-12-21
-2.9136906,-23.094566,10,EPI_ISL_14795750,Omicron,BA.2.9.4,2022-08-22
-1.1885393,-22.887959,10,EPI_ISL_15643830,Omicron,BF.7,2022-10-08
-1.9306796,-23.077555,10,EPI_ISL_14012904,Omicron,Unassigned,2022-07-15
-1.821851,-21.640537,10,EPI_ISL_16471485,Omicron,CP.1,2022-10-31
-1.5805986,-22.44833,10,EPI_ISL_14718551,Omicron,BF.7.20,2022-08-19
-3.0202544,-23.053547,10,EPI_ISL_14892395,Omicron,BA.2.1,2022-08-12
-1.5871056,-22.465986,10,EPI_ISL_16949560,Omicron,BF.7.15,2023-02-01
-1.5943772,-22.459162,10,EPI_ISL_15633015,Omicron,BF.7,2022-10-26
-1.5893466,-22.463825,10,EPI_ISL_15931847,Omicron,BF.7.4,2022-10-07
-1.5778819,-22.457315,10,EPI_ISL_16857852,Omicron,BF.7,2023-01-23
-2.6287608,-21.993116,10,EPI_ISL_17013362,Omicron,BQ.1.1.18,2023-01-16
-2.5415168,-21.714819,10,EPI_ISL_15371140,Omicron,Unassigned,2022-10-02
2.3668535,-21.75918,10,EPI_ISL_15546702,Omicron,BF.26,2022-10-14
-2.1697898,-23.45771,10,EPI_ISL_16362357,Omicron,CR.1.1,2022-11-28
-2.9659915,-23.057026,10,EPI_ISL_14943208,Omicron,BA.2,2022-08-23
-2.878389,-21.094343,10,EPI_ISL_16134931,Omicron,BQ.1.1,2022-11-27
-2.878406,-21.094336,10,EPI_ISL_16252642,Omicron,BA.5.2.34,2022-11-22
-3.4981494,-20.281755,10,EPI_ISL_14971484,Omicron,BF.26,2022-08-24
-1.110387,-22.743544,10,EPI_ISL_14808509,Omicron,BA.4.6,2022-08-24
-0.93702906,-22.516771,10,EPI_ISL_16025354,Omicron,BF.7,2022-11-21
-1.1739086,-23.512505,10,EPI_ISL_15396564,Omicron,BE.1.2.1,2022-10-04
-1.5888295,-22.456675,10,EPI_ISL_17433743,Omicron,Unassigned,2023-03-10
-2.5923824,-23.058323,10,EPI_ISL_17493408,Omicron,BF.7.14,2023-01-12
-1.5750265,-22.453163,10,EPI_ISL_16596239,Omicron,BF.7.14,2022-12-05
-1.9848456,-21.747034,10,EPI_ISL_16570462,Omicron,CP.8,2022-12-28
-2.1167777,-22.761572,10,EPI_ISL_16365350,Omicron,BF.7,2022-11-20
-1.6026125,-22.462093,10,EPI_ISL_15950294,Omicron,BF.26,2022-11-09
-1.5947921,-22.460333,10,EPI_ISL_16856011,Omicron,BQ.1.1.32,2023-01-11
-1.599084,-22.433434,10,EPI_ISL_15884761,Omicron,BA.5.2.39,2022-10-14
-2.1521568,-22.3981,10,EPI_ISL_16073737,Omicron,BF.11,2022-11-29
-1.5837948,-22.457855,10,EPI_ISL_16653904,Omicron,BA.5.1,2022-12-26
-1.5873508,-22.44757,10,EPI_ISL_17089710,Omicron,BF.7,2023-01-29
-3.4167686,-20.647282,10,EPI_ISL_16862469,Omicron,XBB.1.5,2023-01-15
2.3708215,-21.758875,10,EPI_ISL_15893476,Omicron,BA.4,2022-11-08
-1.5791283,-22.443975,10,EPI_ISL_16318879,Omicron,BA.5.2.6,2022-12-09
-2.6375587,-21.631523,10,EPI_ISL_15586023,Omicron,BA.4.6,2022-10-18
-1.5997347,-22.444895,10,EPI_ISL_16483071,Omicron,BF.7.14,2023-01-01
-1.579299,-22.455153,10,EPI_ISL_15970572,Omicron,BA.4.6,2022-11-07
-2.9168131,-21.671103,10,EPI_ISL_16488269,Omicron,BN.1.4,2022-12-22
-1.5918064,-22.450924,10,EPI_ISL_15367738,Omicron,BF.7,2022-09-20
-0.80837244,-21.785086,10,EPI_ISL_16284557,Omicron,XBC.1,2022-12-04
-1.5770398,-22.460407,10,EPI_ISL_15851314,Omicron,BA.5.2.6,2022-11-02
-1.167217,-22.899622,10,EPI_ISL_15929188,Omicron,BA.4.6,2022-10-26
-1.5853277,-22.454702,10,EPI_ISL_15724893,Omicron,BA.5.2.13,2022-11-05
2.370822,-21.758884,10,EPI_ISL_17579728,Omicron,BA.5.2.9,2022-12-22
-1.5739559,-22.452042,10,EPI_ISL_16951004,Omicron,BF.11.1,2023-01-13
-1.5832,-22.458866,10,EPI_ISL_16549090,Omicron,BA.5.10.1,2022-11-29
-1.5849338,-22.444834,10,EPI_ISL_15704757,Omicron,BF.11.4,2022-10-24
-2.8443387,-21.124817,10,EPI_ISL_16495294,Omicron,BQ.1.1,2022-12-11
-2.0998106,-23.626509,10,EPI_ISL_17068265,Omicron,Unassigned,2023-02-13
-1.6222771,-22.459047,10,EPI_ISL_16094887,Omicron,BA.5.2.6,2022-12-06
-0.8083537,-21.785149,10,EPI_ISL_16902830,Omicron,XBC.1.5,2023-01-19
-1.8928721,-23.133419,10,EPI_ISL_15784239,Omicron,BF.7,2022-11-09
2.419185,-21.732172,10,EPI_ISL_16484287,Omicron,BQ.1.21,2023-01-03
-2.7976477,-22.787655,10,EPI_ISL_15168154,Omicron,BS.1.1,2022-09-17
-1.0828803,-23.46843,10,EPI_ISL_16835703,Omicron,CQ.2,2023-01-18
2.370823,-21.758892,10,EPI_ISL_15513084,Omicron,BA.5.5,2022-10-13
-2.5414371,-21.714708,10,EPI_ISL_16912085,Omicron,BF.7,2023-01-11
-1.5937893,-22.424627,10,EPI_ISL_16875068,Omicron,Unassigned,2023-01-30
-2.9748738,-21.063646,10,EPI_ISL_16252692,Omicron,Unassigned,2022-11-23
-1.3184987,-21.663603,10,EPI_ISL_17546029,Omicron,BF.5,2022-12-04
-2.6172402,-21.662457,10,EPI_ISL_15312481,Omicron,BF.7.5,2022-10-03
-0.8083656,-21.785086,10,EPI_ISL_17656492,Omicron,XBC.1.3,2023-04-15
-1.5933789,-22.459156,10,EPI_ISL_15399509,Omicron,BF.10,2022-09-22
-1.5965807,-22.45042,10,EPI_ISL_16676445,Omicron,BF.5.1,2023-01-22
-1.5884862,-22.445219,10,EPI_ISL_15823615,Omicron,BA.5.2.6,2022-11-02
-3.412973,-20.377533,10,EPI_ISL_17239005,Omicron,BA.4,2022-07-10
-0.51561964,-21.986801,10,EPI_ISL_13436268,Omicron,BA.2,2022-01-06
-1.5875207,-22.448938,10,EPI_ISL_16365230,Omicron,BF.7,2022-11-06
-1.0622793,-22.881947,10,EPI_ISL_16286952,Omicron,BF.11,2022-12-07
-0.97973174,-22.566082,10,EPI_ISL_16059835,Omicron,BA.5.2.6,2022-11-21
-1.5895814,-22.447994,10,EPI_ISL_14055850,Omicron,BA.4.6,2022-07-13
-0.9045916,-22.574883,10,EPI_ISL_15196758,Omicron,Unassigned,2022-09-21
2.6498513,-21.703037,10,EPI_ISL_13927382,Omicron,BA.5.9,2022-06-29
-1.5792795,-22.458267,10,EPI_ISL_15145436,Omicron,BA.4.6,2022-09-20
-3.4129755,-20.377531,10,EPI_ISL_15936032,Omicron,Unassigned,2022-11-08
-1.5885142,-22.445642,10,EPI_ISL_16320533,Omicron,BA.5.1.27,2022-12-11
-1.5831679,-22.453756,10,EPI_ISL_17493815,Omicron,BF.7.14,2023-03-19
2.3708189,-21.758896,10,EPI_ISL_16079894,Omicron,BA.5.2.57,2022-11-01
-2.021302,-23.566954,10,EPI_ISL_15805659,Omicron,Unassigned,2022-10-22
-2.323426,-22.07404,10,EPI_ISL_15095820,Omicron,BA.5.1.15,2022-08-04
-2.9576933,-23.045969,10,EPI_ISL_14175556,Omicron,BA.2.76,2022-06-26
-3.4129808,-20.37754,10,EPI_ISL_15250201,Omicron,BA.4.1,2022-08-22
-1.5834602,-22.447977,10,EPI_ISL_15704585,Omicron,BA.4.6,2022-10-23
-1.5835716,-22.445475,10,EPI_ISL_15994711,Omicron,Unassigned,2022-11-23
-1.5844182,-22.443398,10,EPI_ISL_16946859,Omicron,BF.7.14,2023-02-11
-1.5807681,-22.44843,10,EPI_ISL_14549301,Omicron,BA.4.6.4,2022-08-11
-3.0379255,-22.177568,10,EPI_ISL_16449568,Omicron,BA.2,2022-11-10
-1.5925733,-22.443531,10,EPI_ISL_15290979,Omicron,Unassigned,2022-09-26
-2.820521,-21.239267,10,EPI_ISL_16237855,Omicron,BQ.1.1,2022-11-30
-1.5879045,-22.446386,10,EPI_ISL_16164738,Omicron,Unassigned,2022-12-05
-2.6375382,-21.631538,10,EPI_ISL_16329247,Omicron,BA.5.2.34,2022-12-12
-1.1698174,-23.454964,10,EPI_ISL_16347331,Omicron,BE.1.2.1,2022-11-22
-1.5858623,-22.446938,10,EPI_ISL_17645540,Omicron,BF.7.14,2023-04-17
-1.5861872,-22.458443,10,EPI_ISL_16218615,Omicron,BA.5.2.6,2022-12-05
2.6497276,-21.703035,10,EPI_ISL_14962818,Omicron,BA.5.5,2022-08-30
-1.597289,-22.45902,10,EPI_ISL_14410014,Omicron,BF.7,2022-07-11
-1.5885067,-22.457108,10,EPI_ISL_16812581,Omicron,BF.7,2023-01-18
-1.5925962,-22.458265,10,EPI_ISL_15952708,Omicron,BA.5.1.18,2022-10-29
-1.0347115,-22.584349,10,EPI_ISL_14827942,Omicron,BA.4.1.8,2022-08-21
-1.5826273,-22.454546,10,EPI_ISL_16393831,Omicron,BF.7.24,2022-11
-1.5815902,-22.466415,10,EPI_ISL_17171926,Omicron,BF.7,2023-02-16
-1.5777822,-22.461159,10,EPI_ISL_16596997,Omicron,BF.7.14.3,2023-01-03
-1.5796083,-22.445421,10,EPI_ISL_16609543,Omicron,BA.5.2.34,2023-01-05
-1.2039275,-21.611334,10,EPI_ISL_14445455,Omicron,BA.4.6,2022-07-14
-1.5821398,-22.459932,10,EPI_ISL_15994022,Omicron,BF.7,2022-11-17
-1.598204,-22.46184,10,EPI_ISL_15726102,Omicron,BF.11,2022-10-26
-1.5795321,-22.442894,10,EPI_ISL_16056276,Omicron,BF.11,2022-11-21
-1.2037474,-21.611296,10,EPI_ISL_16627299,Omicron,BF.7,2022-11-01
-1.5866523,-22.452864,10,EPI_ISL_15581093,Omicron,BF.11,2022-10-15
-3.0159597,-22.923792,10,EPI_ISL_13934682,Omicron,BA.2,2022-07-01
-2.6376536,-21.63117,10,EPI_ISL_14525236,Omicron,BA.4.6,2022-06-22
2.3541703,-21.767685,10,EPI_ISL_16264328,Omicron,BF.13,2022-12-02
-1.593861,-22.46207,10,EPI_ISL_16880263,Omicron,BF.7.14.5,2023-01-26
-1.5893571,-22.444267,10,EPI_ISL_16473779,Omicron,BE.7,2022-11-09
-1.5864171,-22.44948,10,EPI_ISL_17104816,Omicron,BF.7.14,2023-02-23
-1.5883542,-22.459255,10,EPI_ISL_16589158,Omicron,BA.5.2.6,2023-01-01
-1.8090354,-21.65601,10,EPI_ISL_15743415,Omicron,BF.7.26,2022-11-05
-1.6001858,-22.457577,10,EPI_ISL_15180239,Omicron,BA.5.2.34,2022-09-20
-1.58697,-22.441662,10,EPI_ISL_16586453,Omicron,BF.7,2023-01-02
-1.5696552,-22.440134,10,EPI_ISL_15070011,Omicron,BF.7.6,2022-09-15
-1.5942856,-22.464466,10,EPI_ISL_16099573,Omicron,BF.7.21,2022-11-27
-2.9437492,-23.066467,10,EPI_ISL_14211893,Omicron,BA.2,2022-07-15
2.6545823,-21.700653,10,EPI_ISL_14410753,Omicron,BA.5.9,2022-07-25
-2.9697096,-23.000223,10,EPI_ISL_17434223,Omicron,BA.2,2023-04-04
-1.9135253,-23.298222,10,EPI_ISL_17481520,Omicron,BA.5.3.1,2023-02-26
-1.5901933,-22.440275,10,EPI_ISL_16051495,Omicron,BF.7.15,2022-11-14
-1.5845765,-22.451485,10,EPI_ISL_15538090,Omicron,BA.5.2,2022-10-03
-1.5867021,-22.456585,10,EPI_ISL_17406189,Omicron,CR.1,2023-03-06
-1.5825653,-22.447773,10,EPI_ISL_15902962,Omicron,BA.4.1.1,2022-11-11
-1.5768712,-22.458807,10,EPI_ISL_15404673,Omicron,BE.1.2,2022-10-09
-1.1298728,-23.506481,10,EPI_ISL_17535979,Omicron,XBB.1.5,2023
-2.6375604,-21.63112,10,EPI_ISL_15664810,Omicron,BF.7,2022-10-17
-1.5926964,-22.448114,10,EPI_ISL_15420986,Omicron,BA.4.6,2022-10-10
-1.5836868,-22.444616,10,EPI_ISL_16526549,Omicron,BA.5.1.22,2022-12-20
-2.6059992,-21.43462,10,EPI_ISL_16134580,Omicron,BA.5.2.34,2022-11-29
-3.603392,-20.149717,10,EPI_ISL_14583031,Omicron,BA.2,2022-06-23
-1.2106546,-21.680456,10,EPI_ISL_16588635,Omicron,BF.7,2022-12-23
-2.844322,-21.124796,10,EPI_ISL_13273499,Omicron,BA.4.6,2022-06-07
-1.5832819,-22.460093,10,EPI_ISL_14313296,Omicron,BA.4.6,2022-07-29
-1.0223833,-21.984217,10,EPI_ISL_16009364,Omicron,BA.4.6,2022-11-16
-1.5873507,-22.45721,10,EPI_ISL_15011783,Omicron,BA.4.6,2022-08-12
-3.0336566,-20.884777,10,EPI_ISL_16134927,Omicron,BA.5.1.18,2022-11-18
-1.5777091,-22.45694,10,EPI_ISL_16807879,Omicron,BF.7.23,2023-01-17
-1.5964047,-22.448187,10,EPI_ISL_16173773,Omicron,CP.1,2022-11-22
-2.8053887,-21.164484,10,EPI_ISL_15861744,Omicron,BA.5.2.34,2022-11-08
-2.9555962,-21.006826,10,EPI_ISL_16643490,Omicron,BQ.1.1,2023-01-05
-3.0321198,-21.965456,10,EPI_ISL_16443916,Omicron,CJ.1,2022-12-19
-1.5888544,-22.44918,10,EPI_ISL_16505709,Omicron,BF.7,2022-12-28
-1.4428912,-23.375385,10,EPI_ISL_15179987,Omicron,BA.5.2,2022-09-14
-1.6034395,-22.456402,10,EPI_ISL_15037783,Omicron,BF.7.20,2022-09-13
-1.5795542,-22.448065,10,EPI_ISL_16312940,Omicron,BF.26,2022-11-26
-1.5776973,-22.448664,10,EPI_ISL_16854219,Omicron,BF.7.14,2023-01-24
2.6497276,-21.703037,10,EPI_ISL_15897471,Omicron,BA.5.9,2022-11-15
-0.80843174,-21.784899,10,EPI_ISL_16157385,Omicron,XBC.1.5,2022-10-22
-0.9045966,-22.57521,10,EPI_ISL_15316586,Omicron,CR.1.1,2022-10-03
-1.5777501,-22.45586,10,EPI_ISL_16002198,Omicron,BF.7.10,2022-11-24
-2.4411037,-22.750544,10,EPI_ISL_16760564,Omicron,BA.5,2023-01-24
-3.603392,-20.149715,10,EPI_ISL_16134963,Omicron,BQ.1.1.67,2022-11-17
-1.5924624,-22.45508,10,EPI_ISL_15013136,Omicron,BF.4,2022-08-26
2.3708258,-21.75889,10,EPI_ISL_16209992,Omicron,BF.13,2022-12-01
-1.7610216,-21.638975,10,EPI_ISL_16115922,Omicron,BA.4.6,2022-12-01
-2.8837585,-22.96364,10,EPI_ISL_15079437,Omicron,BA.2.76,2022-08-06
-2.3234255,-22.074041,10,EPI_ISL_14579266,Omicron,BA.5,2022-08-05
-1.5999944,-22.459194,10,EPI_ISL_16750773,Omicron,BE.5,2023-01-10
-1.5828674,-22.443197,10,EPI_ISL_16328529,Omicron,BF.7,2022-12-15
2.6497276,-21.703033,10,EPI_ISL_16558830,Omicron,BA.5.2.1,2022-11-25
-1.5747827,-22.450054,10,EPI_ISL_16215134,Omicron,BF.7.4,2022-12-16
-1.5866109,-22.445187,10,EPI_ISL_15456770,Omicron,BA.5.1.5,2022-10-12
-1.6419489,-22.441183,10,EPI_ISL_15647098,Omicron,BF.7,2022-10-25
-2.6376152,-21.631172,10,EPI_ISL_15945539,Omicron,BA.5.5,2022-10-27
-1.600482,-22.459541,10,EPI_ISL_14096113,Omicron,BA.5.2.6,2022-07-09
-1.5980692,-22.459888,10,EPI_ISL_16949071,Omicron,BF.7.15,2023-02-03
-1.6207615,-22.446396,10,EPI_ISL_16600105,Omicron,BF.7.4.3,2022-12-29
-2.773342,-21.223349,10,EPI_ISL_16240011,Omicron,BQ.1.1.29,2022-12-13
-3.2397125,-20.558844,10,EPI_ISL_16400518,Omicron,EE.2,2022-12-05
-1.2482108,-21.620785,10,EPI_ISL_16883980,Omicron,BA.5.2.1,2023-01-24
-1.1356045,-22.864986,10,EPI_ISL_15288819,Omicron,Unassigned,2022-09-27
-1.5840608,-22.454317,10,EPI_ISL_15469117,Omicron,BA.4.6,2022-10-08
2.3708231,-21.758877,10,EPI_ISL_16075514,Omicron,BA.4,2022-11-17
-1.9784207,-23.589643,10,EPI_ISL_16472662,Omicron,BA.2,2022-06
-1.5793447,-22.452509,10,EPI_ISL_15816075,Omicron,Unassigned,2022-11-08
-0.9370293,-22.516771,10,EPI_ISL_14915141,Omicron,BA.5.5,2022-09-01
2.3708217,-21.758883,10,EPI_ISL_16031814,Omicron,BA.5.2,2022-11-09
-3.6033924,-20.149715,10,EPI_ISL_15936028,Omicron,Unassigned,2022-11-14
-1.308551,-21.665228,10,EPI_ISL_16725796,Omicron,BA.5,2022-11-24
-1.5820557,-22.448475,10,EPI_ISL_15624780,Omicron,BA.4.6,2022-08-31
-1.5829166,-22.458197,10,EPI_ISL_17047086,Omicron,BA.5.2.6,2023-02-02
2.370821,-21.758894,10,EPI_ISL_16544534,Omicron,BF.13,2022-11-09
-1.5937665,-22.440523,10,EPI_ISL_17210066,Omicron,BF.7.5,2023-01-04
-1.5789845,-22.454924,10,EPI_ISL_15419582,Omicron,BA.5.2.6,2022-10-06
-1.5871373,-23.601606,10,EPI_ISL_16276928,Omicron,BA.5.1.26,2022-12-14
-1.5998932,-22.465794,10,EPI_ISL_16300502,Omicron,BF.11.2,2022-12-11
-0.808337,-21.78518,10,EPI_ISL_16715949,Omicron,XBC.1,2023-01-09
-1.5855719,-22.44817,10,EPI_ISL_15483785,Omicron,BA.4.6,2022-10-13
-3.603392,-20.149717,10,EPI_ISL_14582967,Omicron,BA.2,2022-07-18
-1.1741128,-23.512558,10,EPI_ISL_16599704,Omicron,BE.1,2023-01-08
-1.6214168,-22.453793,10,EPI_ISL_15987081,Omicron,BF.7,2022-11-09
-1.5971407,-22.452177,10,EPI_ISL_17490543,Omicron,BF.7.14,2023-03-20
-1.5863047,-22.453987,10,EPI_ISL_15619022,Omicron,BF.7.27,2022-10-18
-1.9865487,-23.448195,10,EPI_ISL_15203888,Omicron,BA.2.76,2022-06-27
-1.5708026,-22.443476,10,EPI_ISL_15523740,Omicron,BE.1.1,2022-09-28
-1.5933721,-22.446476,10,EPI_ISL_14976231,Omicron,BA.4.6,2022-08-22
-2.0526724,-22.903812,10,EPI_ISL_17059212,Omicron,BA.4.6,2022-12-09
2.6498156,-21.703032,10,EPI_ISL_15904896,Omicron,BA.5.9,2022-11-09
-2.9576051,-23.046389,10,EPI_ISL_14891417,Omicron,BA.2.76,2022-06-22
-2.9438117,-23.066053,10,EPI_ISL_14408779,Omicron,BA.2.76,2022-06-26
-1.2042224,-21.611496,10,EPI_ISL_16885254,Omicron,BF.7,2023-01-30
-2.028362,-23.592539,10,EPI_ISL_17070948,Omicron,BF.7,2023-01-20
-2.4949708,-21.561443,10,EPI_ISL_17026189,Omicron,BF.7,2022-10-26
-1.5822394,-22.451355,10,EPI_ISL_15260173,Omicron,BA.5.1.23,2022-09-21
-1.2278346,-23.539835,10,EPI_ISL_16098344,Omicron,BE.1.2.1,2022-11-07
-2.637573,-21.631138,10,EPI_ISL_16007823,Omicron,BF.41.1,2022-11-08
-1.5861379,-22.445877,10,EPI_ISL_16955415,Omicron,BF.7.14,2023-01-31
-2.637581,-21.631525,10,EPI_ISL_13804903,Omicron,BA.5.2.6,2022-06-13
-1.5958656,-22.460606,10,EPI_ISL_16723607,Omicron,BF.7.15,2023-01-13
-1.5840274,-22.466171,10,EPI_ISL_15541522,Omicron,BF.7,2022-10-02
-1.5794208,-22.465937,10,EPI_ISL_15306573,Omicron,BA.4.6,2022-09-23
-3.4129884,-20.377542,10,EPI_ISL_16643991,Omicron,BQ.1.25,2022-12-07
-1.5867131,-22.473574,10,EPI_ISL_15434382,Omicron,BF.11,2022-10-10
-1.5760052,-22.46529,10,EPI_ISL_14869882,Omicron,BA.4.6,2022-08-14
2.7218935,-21.68403,10,EPI_ISL_16563273,Omicron,BA.5.6.4,2022-09-27
-1.574694,-22.479328,10,EPI_ISL_16732175,Omicron,BF.7,2023-01-16
-1.5730808,-22.466007,10,EPI_ISL_16166208,Omicron,BF.10,2022-12-02
3.2551827,-21.622765,10,EPI_ISL_15918542,Omicron,XBB,2022-11-16
-2.6375592,-21.631104,10,EPI_ISL_15451849,Omicron,BF.7,2022-10-04
-1.562932,-22.468248,10,EPI_ISL_15242376,Omicron,BF.11,2022-09-17
-1.5685868,-22.469566,10,EPI_ISL_15472936,Omicron,BF.7.4.1,2022-10-18
-2.6375375,-21.631102,10,EPI_ISL_15685082,Omicron,BA.5.2.1,2022-09-13
-1.566744,-22.471624,10,EPI_ISL_14703073,Omicron,Unassigned,2022-08-14
2.2773924,-21.782665,10,EPI_ISL_15233000,Omicron,BA.4.1,2022-07-29
-1.0650868,-22.81097,10,EPI_ISL_16423663,Omicron,BA.4.6,2022-12-19
2.649772,-21.703043,10,EPI_ISL_15806651,Omicron,BA.5.9,2022-10-16
-1.5871209,-22.4494,10,EPI_ISL_16495165,Omicron,BA.5.2.6,2022-12-17
-1.5887089,-22.445581,10,EPI_ISL_14466613,Omicron,BA.4.1.1,2022-08-04
-1.6252046,-22.450838,10,EPI_ISL_15849320,Omicron,BF.7.20,2022-11-02
-1.6238462,-22.444677,10,EPI_ISL_15259302,Omicron,CP.5,2022-09-09
-1.593019,-22.460625,10,EPI_ISL_15771257,Omicron,BA.4.6,2022-10-27
-2.135772,-22.257423,10,EPI_ISL_14831885,Omicron,BA.5,2022-08-20
-2.6375484,-21.631506,10,EPI_ISL_15513982,Omicron,BA.4.6,2022-10-09
-1.5783075,-22.443998,10,EPI_ISL_15963923,Omicron,BA.5.2.6,2022-10-12
-1.6222436,-22.45947,10,EPI_ISL_16063477,Omicron,BF.11.4,2022-12-05
-2.225361,-22.547977,10,EPI_ISL_13972349,Omicron,BA.4.6,2022-07-14
-2.005986,-22.858593,10,EPI_ISL_15466482,Omicron,BA.4.1.10,2022-10-04
-1.5977093,-22.471321,10,EPI_ISL_13208783,Omicron,BA.4.6,2022-06-02
-1.7616743,-23.49523,10,EPI_ISL_15738941,Omicron,BQ.1.18,2022-11-02
-1.5832196,-22.463875,10,EPI_ISL_16545076,Omicron,BF.7,2022-12-30
-1.585164,-22.455168,10,EPI_ISL_16604812,Omicron,BF.7.14.5,2022-12-21
-1.5758644,-22.455408,10,EPI_ISL_16439740,Omicron,BA.4.6.1,2022-12-28
-1.5861183,-22.45409,10,EPI_ISL_15946871,Omicron,BA.4.6.1,2022-11-15
-1.9176954,-23.441086,10,EPI_ISL_17256443,Omicron,XAY.1.1.1,2023-03-09
2.419185,-21.73217,10,EPI_ISL_16353785,Omicron,BQ.1.21,2022-12-03
2.3708258,-21.758867,10,EPI_ISL_16494238,Omicron,BA.5.2.57,2022-12-27
-1.5762361,-22.436687,10,EPI_ISL_15962228,Omicron,BF.7.19,2022-11-15
-1.5791233,-22.45727,10,EPI_ISL_17015839,Omicron,BF.7.20,2022-12-28
-0.86510986,-21.964058,10,EPI_ISL_16711088,Omicron,CP.1,2023
-2.5070422,-21.550957,10,EPI_ISL_17423985,Omicron,BA.5.2.34,2022-10-03
2.370824,-21.758883,10,EPI_ISL_17438744,Omicron,BA.5.2,2022-12-15
-2.6435769,-22.042215,10,EPI_ISL_16298048,Omicron,BQ.1.1,2022-11-12
-1.5973576,-22.457525,10,EPI_ISL_15331821,Omicron,BA.5.1.22,2022-09-28
-1.5832175,-22.455904,10,EPI_ISL_16083777,Omicron,BF.7,2022-11-25
