UMAP 1,UMAP 2,Cluster,Seq ID,Variant,Pango lineage,Collection date
-32.70671,2.207662,9,EPI_ISL_15441824,Omicron,BA.5.2.10,2022-07-12
-32.948795,2.2543182,9,EPI_ISL_15670934,Omicron,BA.5.2,2022-11-01
-32.909786,2.223013,9,EPI_ISL_13781884,Omicron,BA.5.5,2022-06-14
-31.011267,2.988689,9,EPI_ISL_16718597,Omicron,BA.5.2.1,2023-01-05
-31.151695,3.0356455,9,EPI_ISL_13879759,Omicron,BA.5.1.22,2022-06-28
-33.214355,2.559146,9,EPI_ISL_14903337,Omicron,BA.5.1.1,2022-08-30
-31.322636,2.9181082,9,EPI_ISL_16708813,Omicron,BA.5.2,2023-01-08
-32.85514,2.1997304,9,EPI_ISL_16348133,Omicron,BA.5.2,2022-09-28
-33.003685,2.1370978,9,EPI_ISL_12809033,Omicron,BA.5.1,2022-05-12
-33.07385,2.2934465,9,EPI_ISL_14683457,Omicron,BE.1.1,2022-08-04
-33.019096,2.2233315,9,EPI_ISL_14263494,Omicron,BA.5.2.1,2022-07-18
-32.808147,2.113783,9,EPI_ISL_15432603,Omicron,BA.5.2,2022-09-20
-33.05816,2.379331,9,EPI_ISL_14136333,Omicron,BA.5.2.1,2022-06-29
-33.08155,2.3245974,9,EPI_ISL_14811952,Omicron,BA.5.1,2022-08-24
-32.92525,2.395049,9,EPI_ISL_15653095,Omicron,BA.5.2.1,2022-10-25
-33.097275,2.285418,9,EPI_ISL_16201759,Omicron,BA.5.1.34,2022-12-04
-32.81592,2.3401794,9,EPI_ISL_13448737,Omicron,Unassigned,2022-06-07
-33.09715,2.348034,9,EPI_ISL_13460804,Omicron,BA.5.5,2022-06-20
-32.948616,2.3481026,9,EPI_ISL_15192830,Omicron,BA.4.1,2022-09-18
-32.8161,2.44973,9,EPI_ISL_14528907,Omicron,BA.4,2022-08-01
-32.972183,2.2933464,9,EPI_ISL_16327310,Omicron,BF.39,2022-12-11
-32.933083,2.3714137,9,EPI_ISL_14269958,Omicron,BA.5.1.30,2022-07-18
-33.00354,2.254284,9,EPI_ISL_13430296,Omicron,BF.5,2022-06-10
-32.917583,2.2075052,9,EPI_ISL_13763135,Omicron,BA.4,2022-06-22
-30.628288,3.0434284,9,EPI_ISL_14821858,Omicron,Unassigned,2022-08-23
-32.956665,2.137329,9,EPI_ISL_12871947,Omicron,BA.2,2022-05-07
-33.10488,2.3716202,9,EPI_ISL_14377734,Omicron,BA.5.3.1,2022-07-07
-32.987778,2.1840515,9,EPI_ISL_16494120,Omicron,BF.5,2022-12-24
-33.011257,2.246512,9,EPI_ISL_13927392,Omicron,BE.1.1,2022-06-29
-33.034805,2.0981207,9,EPI_ISL_15006346,Omicron,Unassigned,2022-09-05
-32.933094,2.230836,9,EPI_ISL_15478050,Omicron,Unassigned,2022-07-26
-33.019127,2.2698994,9,EPI_ISL_13994923,Omicron,BE.1.1,2022-07-18
-33.08158,2.4183903,9,EPI_ISL_14351171,Omicron,BA.5.2,2022-07-20
-32.800533,2.410489,9,EPI_ISL_16606054,Omicron,BA.5.2.3,2022-12-17
-33.12072,2.2387505,9,EPI_ISL_14160074,Omicron,BA.4.1.4,2022-07-17
-29.869186,2.9495192,9,EPI_ISL_14150591,Omicron,BA.5,2022-07-19
-32.83157,2.1995564,9,EPI_ISL_15597564,Omicron,BF.5,2022-09-22
-32.76117,2.2465053,9,EPI_ISL_14475330,Omicron,BF.5,2022-07-29
-32.792534,2.262209,9,EPI_ISL_15136288,Omicron,BF.5,2022-07-20
-33.089355,2.2856693,9,EPI_ISL_15149524,Omicron,BF.5,2022-09-15
-33.0423,2.2543068,9,EPI_ISL_14079633,Omicron,BA.5.5,2022-07-07
-33.01909,2.3246217,9,EPI_ISL_15220407,Omicron,BF.21,2022-09-17
-32.909798,2.1761131,9,EPI_ISL_15514324,Omicron,BF.26,2022-10-07
-32.636284,2.238636,9,EPI_ISL_13176307,Omicron,BA.4,2022-05-23
-33.128357,2.4888048,9,EPI_ISL_14904412,Omicron,BA.5.5,2022-08-18
-32.980072,2.3870716,9,EPI_ISL_15121695,Omicron,BA.5.2.1,2022-09-19
-33.026787,2.4030285,9,EPI_ISL_15943968,Omicron,BA.5.2,2022-11-09
-31.41732,2.988658,9,EPI_ISL_15484159,Omicron,BA.5.2.1,2022-10-11
-30.127533,3.0198503,9,EPI_ISL_15388081,Omicron,BA.4.1,2022-09-02
-32.92524,2.2152324,9,EPI_ISL_15114622,Omicron,BA.4,2022-09-13
-32.933186,2.2621584,9,EPI_ISL_15687443,Omicron,BA.2,2022-09-09
-32.96446,2.176363,9,EPI_ISL_14486398,Omicron,BF.5,2022-08-02
-32.941086,2.301187,9,EPI_ISL_14021410,Omicron,BA.5.2.1,2022-07-05
-32.886322,2.3089461,9,EPI_ISL_13889423,Omicron,BF.5,2022-07-11
-33.019035,2.262195,9,EPI_ISL_15536577,Omicron,BA.5.1,2022-09-19
-33.066063,2.1916175,9,EPI_ISL_14411226,Omicron,BA.5.1.3,2022-07-26
-32.84717,2.3950224,9,EPI_ISL_14862886,Omicron,BF.5,2022-07-19
-32.823715,2.270112,9,EPI_ISL_13292331,Omicron,BA.5.1.9,2022-05-24
-33.042686,2.5200596,9,EPI_ISL_14914197,Omicron,BA.5.6,2022-08-29
-32.730026,2.4730172,9,EPI_ISL_14027643,Omicron,BA.4.1.1,2022-07-07
-32.972145,2.2387862,9,EPI_ISL_13369068,Omicron,BA.5.1,2022-06-06
-32.933205,2.3559694,9,EPI_ISL_16173628,Omicron,BA.5.2.1,2022-11-22
-32.878273,2.3482275,9,EPI_ISL_15290860,Omicron,Unassigned,2022-09-27
-31.847107,2.9885578,9,EPI_ISL_14873174,Omicron,BF.5,2022-08-05
-33.01123,2.2934341,9,EPI_ISL_17051946,Omicron,BE.2,2022-07-16
-32.99556,2.1841583,9,EPI_ISL_14829968,Omicron,BA.5,2022-08-15
-33.136253,2.1528702,9,EPI_ISL_15275744,Omicron,BA.5.5,2022-09-07
-33.06601,2.1137924,9,EPI_ISL_13886141,Omicron,BA.5.1,2022-07-03
-32.972267,2.2700768,9,EPI_ISL_15765310,Omicron,BA.5.2,2022-09-28
-33.152107,2.2309685,9,EPI_ISL_13062978,Omicron,BA.5.5,2022-05-17
-32.99566,2.0823421,9,EPI_ISL_15971130,Omicron,BA.5.2.1,2022-08-12
-32.854897,2.2386942,9,EPI_ISL_15817313,Omicron,Unassigned,2022-11-03
-32.972084,2.4027777,9,EPI_ISL_14816291,Omicron,BF.39,2022-08-16
-32.956562,2.1450982,9,EPI_ISL_13780274,Omicron,BA.5.2.1,2022-06-23
-33.042564,2.1450338,9,EPI_ISL_15086302,Omicron,BA.5.1.5,2022-09-15
-32.901848,2.402835,9,EPI_ISL_15587253,Omicron,BA.5.5,2022-10-12
-33.12834,2.1527443,9,EPI_ISL_16269343,Omicron,BF.26,2022-11-11
-33.05042,2.270071,9,EPI_ISL_15803803,Omicron,BA.5.2.9,2022-10-27
-33.11268,2.5044165,9,EPI_ISL_14043894,Omicron,BA.5.1.17,2022-07-18
-33.026978,2.3013306,9,EPI_ISL_15262494,Omicron,BA.5.2,2022-09-28
-32.987885,2.3793354,9,EPI_ISL_13354611,Omicron,BA.5.1,2022-06-12
-32.972076,2.3715367,9,EPI_ISL_14427158,Omicron,BF.28,2022-07-23
-33.026993,2.3403945,9,EPI_ISL_15429006,Omicron,BA.5.2,2022-10-04
-33.06602,2.192029,9,EPI_ISL_15006467,Omicron,Unassigned,2022-09-06
-30.158909,2.8792105,9,EPI_ISL_15796533,Omicron,BA.5.2,2022-11-01
-32.862717,2.1293278,9,EPI_ISL_13358936,Omicron,BA.4.1,2022-06-10
-32.98796,2.24642,9,EPI_ISL_13621009,Omicron,BA.5.2.1,2022-06-24
-32.815857,2.238824,9,EPI_ISL_14941708,Omicron,BA.5.2.1,2022-08-29
-32.9645,2.1607022,9,EPI_ISL_14415575,Omicron,BA.5.6,2022-07-25
-32.79248,2.5041742,9,EPI_ISL_14207126,Omicron,BA.5.2.1,2022-07-21
-32.987854,2.3326473,9,EPI_ISL_14519499,Omicron,BA.5.5,2022-08-09
-32.97995,2.3479395,9,EPI_ISL_14827871,Omicron,BA.5.5,2022-08-21
-32.894135,2.559054,9,EPI_ISL_13712409,Omicron,BA.5.2.1,2022-06-29
-33.206665,2.3637133,9,EPI_ISL_14295808,Omicron,BA.5.2.1,2022-07-29
-33.12852,2.4185753,9,EPI_ISL_16910957,Omicron,BA.4.4,2023-01-23
-32.917553,2.6138215,9,EPI_ISL_15113358,Omicron,BA.5.2.1,2022-09-10
-33.04252,2.2464952,9,EPI_ISL_16637406,Omicron,BA.5.2,2023-01-04
-33.261158,2.231141,9,EPI_ISL_15809924,Omicron,BA.5.2.1,2022-10-17
-33.050217,2.2544317,9,EPI_ISL_14866326,Omicron,BA.5.2.31,2022-08-30
-33.07381,2.1762862,9,EPI_ISL_15857122,Omicron,BA.5.2.1,2022-11-07
-33.09746,2.4419532,9,EPI_ISL_13971544,Omicron,BA.5.1,2022-07-15
-33.190845,2.2857842,9,EPI_ISL_13955653,Omicron,BA.5.5,2022-07-07
-32.66734,2.2228036,9,EPI_ISL_14691084,Omicron,BA.5.2,2022-08-19
-33.00351,2.2700672,9,EPI_ISL_15244779,Omicron,BA.5.2,2022-09-01
-32.81595,2.1997328,9,EPI_ISL_15391656,Omicron,BF.10,2022-10-02
-33.003754,2.2153854,9,EPI_ISL_13491108,Omicron,BA.4.1,2022-06-18
-33.01922,2.0746765,9,EPI_ISL_15736202,Omicron,BA.5.2.55,2022-10-14
-33.35492,1.9732971,9,EPI_ISL_13929506,Omicron,BE.1.1,2022-07-01
-32.76146,2.2466621,9,EPI_ISL_15102057,Omicron,BA.5.5,2022-08-29
-32.823753,2.355774,9,EPI_ISL_14702853,Omicron,BA.5.1,2022-08-04
-32.901917,2.1683445,9,EPI_ISL_14848656,Omicron,BF.26,2022-08-18
-32.870544,2.3325806,9,EPI_ISL_15080664,Omicron,BA.5.2,2022-09-04
-32.894146,2.1291857,9,EPI_ISL_15807871,Omicron,BA.5.2.1,2022-10-09
-32.99574,2.2621298,9,EPI_ISL_13553394,Omicron,BA.5.1.3,2022-06-08
-32.862804,2.4342704,9,EPI_ISL_16551333,Omicron,BF.5,2022-12-20
-32.93315,2.230826,9,EPI_ISL_14758662,Omicron,BA.5.1.30,2022-08-01
-32.784607,2.3481216,9,EPI_ISL_15286582,Omicron,BA.5.2.1,2022-09-27
-32.941,2.3403516,9,EPI_ISL_15385327,Omicron,BA.5.2,2022-10-03
-28.961042,2.8478837,9,EPI_ISL_17119993,Omicron,XAZ,2022-08-30
-29.924332,2.9262064,9,EPI_ISL_14718227,Omicron,BA.5.1,2022-08-08
-33.00335,2.3168907,9,EPI_ISL_13932149,Omicron,BA.4,2022-07-07
-31.776764,3.0511642,9,EPI_ISL_15189120,Omicron,BA.5.2,2022-09-08
-32.925266,2.3090572,9,EPI_ISL_13301710,Omicron,BA.5.3.1,2022-06-04
-32.870605,2.3403816,9,EPI_ISL_15438532,Omicron,BF.5,2022-09-06
-33.01127,2.2075214,9,EPI_ISL_14305505,Omicron,BA.5.5,2022-07-26
-32.71434,2.1681051,9,EPI_ISL_15849279,Omicron,BF.4,2022-10-31
-30.127907,2.9260108,9,EPI_ISL_15014764,Omicron,BA.5.1,2022-08-14
-33.08936,2.2310748,9,EPI_ISL_16289738,Omicron,BF.5,2022-07-21
-29.729187,3.011982,9,EPI_ISL_14908557,Omicron,DA.1,2022-08-16
-33.042572,2.21523,9,EPI_ISL_13864127,Omicron,BF.10,2022-07-01
-32.941063,2.2231474,9,EPI_ISL_13322149,Omicron,BA.5.2.1,2022-06-02
-32.901997,2.0825558,9,EPI_ISL_15463856,Omicron,BA.5.2.1,2022-10-03
-32.909794,2.2231297,9,EPI_ISL_14776155,Omicron,BA.5.2.1,2022-08-14
-32.77675,2.426282,9,EPI_ISL_15237706,Omicron,BF.21,2022-09-18
-33.10484,2.1370525,9,EPI_ISL_14206526,Omicron,BA.4.2,2022-06-22
-32.956444,2.2230597,9,EPI_ISL_15367791,Omicron,BA.5.2,2022-08-10
-32.78462,2.129342,9,EPI_ISL_15477831,Omicron,Unassigned,2022-08-17
-32.80034,2.1371374,9,EPI_ISL_15902082,Omicron,BA.5.1,2022-11-11
-32.800327,2.41075,9,EPI_ISL_13327078,Omicron,BA.5.1,2022-06-09
-32.972034,2.1762648,9,EPI_ISL_14887487,Omicron,BE.1.1,2022-08-26
-32.964504,2.3169003,9,EPI_ISL_16947840,Omicron,BA.5.2,2023-01-19
-33.066,2.136991,9,EPI_ISL_12772089,Omicron,BF.4,2022-05-12
-33.02703,2.2932072,9,EPI_ISL_15013502,Omicron,BA.5.2,2022-08-15
-33.073784,2.1605988,9,EPI_ISL_17698482,Omicron,BA.5.2.1,2022-10-26
-32.964485,2.1448898,9,EPI_ISL_15100540,Omicron,BE.1.1,2022-09-14
-32.80809,2.2856598,9,EPI_ISL_15798184,Omicron,BA.5.1.1,2022-11-04
-33.105072,2.2544956,9,EPI_ISL_14347598,Omicron,BF.5.4,2022-07-19
-33.05043,2.1527796,9,EPI_ISL_15147231,Omicron,BA.5.2,2022-09-14
-32.73789,2.137179,9,EPI_ISL_14754861,Omicron,BA.5.2.1,2022-08-12
-33.011387,2.098063,9,EPI_ISL_17016013,Omicron,BA.5.2.27,2023-01-06
-33.01111,2.2230859,9,EPI_ISL_16713360,Omicron,BA.5.2.49,2023-01-17
-33.02689,2.355967,9,EPI_ISL_14299136,Omicron,BA.5.1.2,2022-07-22
-33.050278,2.293316,9,EPI_ISL_15046896,Omicron,BA.5.2.1,2022-08-25
-32.917458,2.293291,9,EPI_ISL_15086081,Omicron,BA.5.2.1,2022-08-31
-32.94873,2.3247628,9,EPI_ISL_15093539,Omicron,BA.5.2,2022-09-13
-33.097256,2.254467,9,EPI_ISL_15036268,Omicron,BA.5.1,2022-09-05
-32.855003,2.3402634,9,EPI_ISL_14523863,Omicron,BE.1.1,2022-07-22
-30.72929,2.980825,9,EPI_ISL_17330640,Omicron,BA.5.2,2022-08-07
-32.91761,2.2309055,9,EPI_ISL_14593120,Omicron,Unassigned,2022-08-08
-32.97998,2.3715224,9,EPI_ISL_17042044,Omicron,BA.5.5,2022-07-01
-33.06575,2.2387667,9,EPI_ISL_14475357,Omicron,BA.5.5,2022-07-29
-33.019104,2.4418845,9,EPI_ISL_15054576,Omicron,BA.5.5,2022-08-23
-32.76917,2.4263086,9,EPI_ISL_13604923,Omicron,BA.5.2.1,2022-06-26
-33.159943,2.2467031,9,EPI_ISL_13852768,Omicron,Unassigned,2022-07-04
-33.065952,2.1684222,9,EPI_ISL_13498394,Omicron,BA.5.1,2022-06-21
-32.987877,2.3247633,9,EPI_ISL_16862856,Omicron,BF.18,2022-09-14
-33.01922,2.2777796,9,EPI_ISL_17299688,Omicron,BF.29,2023-03-08
-32.886284,2.3792849,9,EPI_ISL_16698435,Omicron,DY.4,2023-01-13
-32.917606,2.129385,9,EPI_ISL_15202526,Omicron,BA.4.1,2022-07-26
-33.042538,2.356165,9,EPI_ISL_15937743,Omicron,BA.4.2,2022-07-14
-33.167492,2.293397,9,EPI_ISL_17495412,Omicron,BA.5.2.48,2023-03-23
-33.0739,2.2544012,9,EPI_ISL_15919801,Omicron,BA.5.2,2022-11-07
-32.956593,2.121501,9,EPI_ISL_15862664,Omicron,BA.5.1,2022-07-24
-31.94094,2.9337273,9,EPI_ISL_13337408,Omicron,BE.1,2022-06-05
-32.925354,2.5826864,9,EPI_ISL_15360176,Omicron,BA.5.1,2022-08-20
-32.68313,2.41851,9,EPI_ISL_16465090,Omicron,BA.4.1,2022-07-28
-33.081657,2.1918535,9,EPI_ISL_15110898,Omicron,BV.1,2022-09-01
-32.917625,2.199604,9,EPI_ISL_12401117,Omicron,BA.4.1,2022-04-08
-32.87065,2.129387,9,EPI_ISL_14089819,Omicron,BA.4,2022-07-13
-33.003662,2.355877,9,EPI_ISL_14090851,Omicron,BA.5.1,2022-07-22
-32.87061,2.3013673,9,EPI_ISL_14764941,Omicron,BA.5.1.15,2022-07-19
-33.058174,2.1916199,9,EPI_ISL_15931702,Omicron,BE.1.1.2,2022-09-26
-33.01886,2.1136322,9,EPI_ISL_15155146,Omicron,BA.5.2.20,2022-09-22
-33.026985,2.2073898,9,EPI_ISL_13796930,Omicron,BA.4.1,2022-07-05
-33.12047,2.215397,9,EPI_ISL_14383014,Omicron,BA.5.2.1,2022-07-25
-32.323586,2.5433044,9,EPI_ISL_15046465,Omicron,BF.10,2022-09-09
-33.081596,2.3325233,9,EPI_ISL_14504678,Omicron,BA.5.2.1,2022-08-04
-32.659508,2.207385,9,EPI_ISL_15697573,Omicron,BA.5,2022-11-01
-32.831654,2.1684208,9,EPI_ISL_15206411,Omicron,BF.5,2022-09-16
-32.88643,2.277792,9,EPI_ISL_14907917,Omicron,BE.1.4,2022-08-11
-32.964466,2.1527767,9,EPI_ISL_13372830,Omicron,BA.5,2022-06-07
-32.980198,2.285553,9,EPI_ISL_14549880,Omicron,BA.5.1.22,2022-08-19
-32.753525,2.2231212,9,EPI_ISL_14034709,Omicron,BA.5.2,2022-07-03
-28.92289,2.9962664,9,EPI_ISL_15919834,Omicron,BA.5.2.1,2022-11-09
-32.893967,2.184167,9,EPI_ISL_13708125,Omicron,BA.5.1,2022-06-25
-33.05044,2.246613,9,EPI_ISL_15786355,Omicron,BA.5.2.1,2022-11-02
-33.02706,2.3401747,9,EPI_ISL_15486680,Omicron,BA.5.1,2022-10-17
-33.03483,2.4419098,9,EPI_ISL_14169576,Omicron,BF.5,2022-07-21
-32.88629,2.2621565,9,EPI_ISL_15819712,Omicron,BA.5.2,2022-11-09
-32.893852,2.2309055,9,EPI_ISL_16590396,Omicron,BA.5.1,2022-12-19
-32.769108,2.121429,9,EPI_ISL_13917062,Omicron,BE.1,2022-06-17
-33.175476,2.1293192,9,EPI_ISL_13718511,Omicron,BA.4.1,2022-06-19
-32.972237,2.527749,9,EPI_ISL_14020052,Omicron,BA.5.1,2022-07-14
-32.96427,2.3011007,9,EPI_ISL_13890010,Omicron,BF.10,2022-07-05
-32.745724,2.3636413,9,EPI_ISL_14558573,Omicron,BA.4.1,2022-08-03
-32.956604,2.2935104,9,EPI_ISL_13932686,Omicron,XAZ,2022-06-23
-33.02669,2.2228994,9,EPI_ISL_14725410,Omicron,BE.1.1,2022-08-09
-32.753567,2.1996622,9,EPI_ISL_15352260,Omicron,BA.5.1.3,2022-09-21
-32.862785,2.4964514,9,EPI_ISL_14053935,Omicron,BA.5.5,2022-07-09
-30.049107,3.0353122,9,EPI_ISL_13749704,Omicron,BA.5.2.1,2022-06-30
-32.909733,2.1683378,9,EPI_ISL_15271570,Omicron,BA.5.2,2022-09-19
-33.10519,2.3793883,9,EPI_ISL_15541597,Omicron,BE.1.1,2022-10-13
-33.136448,2.1295033,9,EPI_ISL_13917757,Omicron,BA.5.2,2022-07-05
-33.034782,2.1215172,9,EPI_ISL_14057777,Omicron,BA.5.5,2022-06-28
-32.706696,2.3559065,9,EPI_ISL_13054090,Omicron,BA.5.1.1,2022-05-22
-32.94118,2.2856674,9,EPI_ISL_17206723,Omicron,BF.5,2022-09-25
-33.003494,2.1293793,9,EPI_ISL_15042714,Omicron,BA.5.1.23,2022-09-01
-33.11284,2.1920547,9,EPI_ISL_16901886,Omicron,BA.5.1,2023-01-21
-33.065903,2.1450348,9,EPI_ISL_14717143,Omicron,BA.5.1,2022-08-19
-32.92531,2.3480997,9,EPI_ISL_14907638,Omicron,BA.4.4,2022-08-08
-32.894245,2.51199,9,EPI_ISL_13539721,Omicron,BA.5.2,2022-06-22
-32.96431,2.434215,9,EPI_ISL_15077746,Omicron,BE.1,2022-08-20
-32.90177,2.1841607,9,EPI_ISL_14040734,Omicron,BA.5.2.1,2022-07-07
-33.0113,2.3090768,9,EPI_ISL_13531237,Omicron,BA.4,2022-06-21
-33.073704,2.2933393,9,EPI_ISL_13458641,Omicron,BA.5.2.4,2022-06-08
-32.659615,2.3013248,9,EPI_ISL_15898760,Omicron,BF.26,2022-10-18
-32.753403,2.332427,9,EPI_ISL_15690353,Omicron,BF.5.5,2022-10-24
-33.026943,2.3402166,9,EPI_ISL_17062080,Omicron,BA.5.2.48,2023-02-13
-33.151913,2.1137304,9,EPI_ISL_13009853,Omicron,BA.5.3.2,2022-05-17
-33.003433,2.301231,9,EPI_ISL_14269304,Omicron,BA.5.5,2022-07-18
-32.940987,2.309122,9,EPI_ISL_17150601,Omicron,BA.5.2.48,2023-02-13
-29.742992,3.043024,9,EPI_ISL_16389510,Omicron,BA.4,2022-07-07
-32.87843,2.1526384,9,EPI_ISL_12703375,Omicron,BA.5.3,2022-05-01
-29.555866,3.050717,9,EPI_ISL_16044617,Omicron,BE.1.3,2022-06-10
-33.08146,2.3090477,9,EPI_ISL_15645465,Omicron,BA.5.3.1,2022-10-24
-32.745636,2.379263,9,EPI_ISL_13499216,Omicron,BF.6,2022-06-17
-32.878586,2.1995988,9,EPI_ISL_15402644,Omicron,BF.5,2022-08-26
-33.097305,2.2778082,9,EPI_ISL_14081523,Omicron,BA.5.5,2022-07-06
-29.110554,3.01964,9,EPI_ISL_14702464,Omicron,BE.1.1,2022-07-27
-32.7378,2.4026332,9,EPI_ISL_14158915,Omicron,BA.4,2022-07-22
-32.88636,2.1763039,9,EPI_ISL_13342157,Omicron,BF.3,2022-06-06
-33.003326,2.2153091,9,EPI_ISL_14727109,Omicron,BA.5.2,2022-08-23
-32.745575,2.3324757,9,EPI_ISL_14414431,Omicron,BF.10,2022-07-31
-32.97219,2.3246193,9,EPI_ISL_15998459,Omicron,BA.5.2.21,2022-08-21
-32.925243,2.1293025,9,EPI_ISL_13845925,Omicron,BA.5.2.1,2022-07-01
-32.80805,2.4339962,9,EPI_ISL_15865365,Omicron,BA.5,2022-06-29
-32.901802,2.1839228,9,EPI_ISL_14310061,Omicron,Unassigned,2022-07-22
-32.886242,2.410564,9,EPI_ISL_13394394,Omicron,BA.5.6,2022-06-11
-32.933132,2.2465458,9,EPI_ISL_15597426,Omicron,BA.5.10,2022-09-15
-33.120728,2.3557987,9,EPI_ISL_14996450,Omicron,BA.5.2,2022-08-29
-30.143875,3.0903778,9,EPI_ISL_17109391,Omicron,BA.5.2,2022-08-29
-31.722244,2.965335,9,EPI_ISL_15216747,Omicron,BA.5.2.1,2022-09-12
-33.06595,2.3950214,9,EPI_ISL_15715508,Omicron,BF.5,2022-11-02
-30.963486,2.8166256,9,EPI_ISL_17424364,Omicron,BF.5,2022-11-19
-32.85505,2.3091655,9,EPI_ISL_15006028,Omicron,Unassigned,2022-09-06
-32.995667,2.176281,9,EPI_ISL_13922997,Omicron,BA.5.3.4,2022-06-22
-32.89393,2.1528282,9,EPI_ISL_14956667,Omicron,BA.5.6,2022-08-16
-30.565275,2.941639,9,EPI_ISL_15149527,Omicron,BA.5.1,2022-09-16
-33.05829,2.2153358,9,EPI_ISL_16514849,Omicron,BA.5.2,2023-01-04
-33.097458,2.4106102,9,EPI_ISL_14173410,Omicron,BA.4.1,2022-07-16
-32.761185,2.3561606,9,EPI_ISL_15749056,Omicron,BA.5.1,2022-10-26
-32.995632,2.2153053,9,EPI_ISL_14877375,Omicron,BA.5.2,2022-08-23
-32.925358,2.1606698,9,EPI_ISL_15898544,Omicron,BA.5,2022-11-08
-32.87841,2.3794327,9,EPI_ISL_16151131,Omicron,BA.5.2,2022-11-16
-33.136166,2.309085,9,EPI_ISL_14057608,Omicron,BA.4.1,2022-07-12
-33.019043,2.1762776,9,EPI_ISL_14922791,Omicron,BF.10,2022-08-18
-32.011066,2.7932868,9,EPI_ISL_17505670,Omicron,BA.5.2.48,2023-03-29
-32.95659,2.3091402,9,EPI_ISL_17630622,Omicron,BA.5.2,2022-08-26
-32.87848,2.3323002,9,EPI_ISL_17495056,Omicron,BA.5.2.48,2023-03-05
-32.753418,2.5199318,9,EPI_ISL_14785731,Omicron,BA.5.2,2022-08-23
-32.980026,2.2856598,9,EPI_ISL_16561610,Omicron,BA.5.2.1,2022-08-16
-33.081745,2.238852,9,EPI_ISL_13624803,Omicron,BA.5.2.1,2022-06-22
-33.07375,2.4341254,9,EPI_ISL_13381588,Omicron,BA.5.3.2,2022-06-08
-32.761105,2.394806,9,EPI_ISL_14903313,Omicron,BA.5.1.10,2022-08-31
-28.876074,3.027296,9,EPI_ISL_15677002,Omicron,BA.5,2022-10-19
-33.13633,2.2856236,9,EPI_ISL_15031713,Omicron,BA.5.1,2022-07-01
-33.105076,2.2855735,9,EPI_ISL_13372913,Omicron,BF.2,2022-05-30
-32.831455,2.230918,9,EPI_ISL_15226855,Omicron,BE.5,2022-09-16
-32.70672,2.1917548,9,EPI_ISL_14291998,Omicron,BA.5.2.1,2022-08-01
-32.901684,2.2856703,9,EPI_ISL_15538622,Omicron,BA.4,2022-10-05
-32.823753,2.4182558,9,EPI_ISL_13767796,Omicron,BA.5.2.1,2022-07-06
-32.940987,2.2699695,9,EPI_ISL_14883065,Omicron,BA.5.1,2022-07-12
-33.01919,2.1839023,9,EPI_ISL_14623547,Omicron,BE.1,2022-06-25
-32.847324,2.27766,9,EPI_ISL_13277033,Omicron,BA.5.1,2022-06-04
-32.698757,2.2309036,9,EPI_ISL_14302871,Omicron,BA.5.1,2022-07-07
-33.003403,2.2465734,9,EPI_ISL_16008718,Omicron,BA.5.5,2022-11-09
-32.88649,2.3168087,9,EPI_ISL_14897369,Omicron,BA.4.1,2022-08-25
-32.96448,2.3636208,9,EPI_ISL_15189175,Omicron,BA.5.2,2022-08-25
-32.980022,2.223226,9,EPI_ISL_16029572,Omicron,BA.5.1.34,2022-12-02
-33.00346,2.2387109,9,EPI_ISL_16240963,Omicron,BA.5.1.5,2022-12-12
-30.667278,2.9887562,9,EPI_ISL_13368907,Omicron,BA.5.1,2022-06-05
-32.964535,2.3714619,9,EPI_ISL_14449401,Omicron,Unassigned,2022-07-27
-33.190968,2.5980434,9,EPI_ISL_15453392,Omicron,BF.5,2022-10-16
-33.0113,2.2464948,9,EPI_ISL_17195181,Omicron,BA.5.8,2022-12-28
-31.120642,3.0668616,9,EPI_ISL_14703589,Omicron,Unassigned,2022-08-11
-33.05033,2.2858152,9,EPI_ISL_14389076,Omicron,BA.4.5,2022-06-30
-33.159645,2.215231,9,EPI_ISL_13845634,Omicron,BF.1,2022-06-27
-32.91764,2.4105086,9,EPI_ISL_14409592,Omicron,BA.5.2.20,2022-07-22
-32.91743,2.3168716,9,EPI_ISL_15166827,Omicron,BA.5.2.1,2022-08-15
-32.847095,2.53576,9,EPI_ISL_16404640,Omicron,BA.5.2.1,2022-12-15
-32.987976,2.2309508,9,EPI_ISL_15305279,Omicron,BA.5.1,2022-09-26
-32.839622,2.1684246,9,EPI_ISL_14875399,Omicron,BA.5.1,2022-08-18
-33.120647,2.1450095,9,EPI_ISL_15733723,Omicron,BF.5,2022-10-22
-32.886314,2.5279102,9,EPI_ISL_15068992,Omicron,BA.5.1.22,2022-08-29
-32.933113,2.6371984,9,EPI_ISL_14288118,Omicron,BF.1,2022-08-02
-33.01908,2.3013191,9,EPI_ISL_15345777,Omicron,BF.5,2022-08-22
-31.745441,2.8088732,9,EPI_ISL_15490292,Omicron,BA.5.2.1,2022-10-10
-32.714233,1.9340973,9,EPI_ISL_15478303,Omicron,Unassigned,2022-09-04
-33.00347,2.1059265,9,EPI_ISL_16191003,Omicron,BA.5.2.1,2022-08-06
-33.144104,2.176159,9,EPI_ISL_15001845,Omicron,BA.5.2.1,2022-09-04
-32.901875,2.1996055,9,EPI_ISL_15719826,Omicron,BA.5.2,2022-10-25
-33.120766,2.4185858,9,EPI_ISL_13918203,Omicron,BA.5.2.1,2022-07-06
-33.105022,2.152954,9,EPI_ISL_15119479,Omicron,BA.5.2.1,2022-09-03
-33.105003,2.3871222,9,EPI_ISL_16421141,Omicron,Unassigned,2022-12-19
-33.136333,2.2700253,9,EPI_ISL_14106746,Omicron,BA.5.1,2022-07-16
-32.83165,2.3402739,9,EPI_ISL_14327674,Omicron,BF.5,2022-07-30
-32.863094,2.4419346,9,EPI_ISL_15086790,Omicron,Unassigned,2022-09-12
-32.784737,2.3088675,9,EPI_ISL_15190702,Omicron,BA.5.2,2022-08-13
-32.987755,2.3480864,9,EPI_ISL_14480547,Omicron,BA.5.1,2022-07-12
-32.972153,2.1528654,9,EPI_ISL_15600588,Omicron,BA.5.2.1,2022-10-14
-32.964546,2.2856402,9,EPI_ISL_14331291,Omicron,BA.5.2.1,2022-07-26
-32.878334,2.316873,9,EPI_ISL_15061253,Omicron,BF.28,2022-09-10
-32.964314,2.1683693,9,EPI_ISL_14474300,Omicron,BA.5.2,2022-07-26
-32.808197,2.2465916,9,EPI_ISL_13398871,Omicron,BA.5.2,2022-06-15
-33.175507,2.4028492,9,EPI_ISL_15898550,Omicron,EQ.1,2022-11-08
-32.847298,2.1917686,9,EPI_ISL_15313963,Omicron,BA.5.6,2022-09-26
-32.89409,2.1839213,9,EPI_ISL_13471141,Omicron,BF.5,2022-06-20
-33.011406,2.1450605,9,EPI_ISL_15219379,Omicron,BA.5.2.1,2022-09-17
-33.050262,2.4184623,9,EPI_ISL_15806791,Omicron,BA.5.2,2022-10-21
-33.081432,2.262094,9,EPI_ISL_15275206,Omicron,BA.5.2.1,2022-09-22
-32.995613,2.3403406,9,EPI_ISL_13102133,Omicron,BA.4.1,2022-05-23
-32.84735,2.45755,9,EPI_ISL_14042976,Omicron,BA.5.1,2022-07-06
-32.870728,2.1685343,9,EPI_ISL_17513150,Omicron,BA.5.1.3,2022-12-20
-33.03474,2.1373372,9,EPI_ISL_15105346,Omicron,BA.5.1,2022-09-15
-32.839386,2.246615,9,EPI_ISL_15812621,Omicron,BA.5.1,2022-11-05
-32.940887,2.262227,9,EPI_ISL_13723740,Omicron,BA.5.6,2022-06-17
-33.097176,2.410668,9,EPI_ISL_14163733,Omicron,BA.5.2,2022-07-18
-32.862663,2.1764164,9,EPI_ISL_14832118,Omicron,BF.21,2022-08-20
-32.753586,2.0904222,9,EPI_ISL_13848523,Omicron,BA.5.2.1,2022-07-01
-32.956635,2.2544303,9,EPI_ISL_14449933,Omicron,Unassigned,2022-08-01
-32.964485,2.3089771,9,EPI_ISL_16746986,Omicron,BA.5.2,2023-01-07
-32.800243,2.2074103,9,EPI_ISL_13709474,Omicron,BA.5.2.1,2022-06-11
-30.68295,3.2309532,9,EPI_ISL_15834254,Omicron,BF.10,2022-10-27
-33.05829,2.238821,9,EPI_ISL_14798187,Omicron,BA.5.2.1,2022-08-08
-32.78476,2.293396,9,EPI_ISL_14551413,Omicron,BA.5.1,2022-07-19
-32.94881,2.3090706,9,EPI_ISL_13247123,Omicron,BA.4,2022-05-31
-32.839417,2.0511322,9,EPI_ISL_13447583,Omicron,Unassigned,2022-06-13
-32.81598,2.191822,9,EPI_ISL_16357732,Omicron,BF.31.1,2022-12-15
-32.97986,1.9496689,9,EPI_ISL_14387514,Omicron,BA.5.8,2022-08-02
-32.823868,2.137146,9,EPI_ISL_15065932,Omicron,BA.5.2,2022-09-07
-32.80049,2.0981388,9,EPI_ISL_13491104,Omicron,BA.5.5,2022-06-11
-32.940746,2.3637486,9,EPI_ISL_13479167,Omicron,BA.4.1,2022-06-13
-33.175415,2.324638,9,EPI_ISL_14947823,Omicron,BA.5.2.28,2022-07-27
-33.0347,2.4342117,9,EPI_ISL_14656084,Omicron,BA.5.5,2022-08-05
-32.995457,2.1607513,9,EPI_ISL_14313574,Omicron,BA.5.2.1,2022-07-28
-32.823685,2.11376,9,EPI_ISL_15359482,Omicron,BA.5.2.27,2022-09-24
-33.02698,2.246663,9,EPI_ISL_16010877,Omicron,BA.5.2.1,2022-11-15
-32.042244,2.8560114,9,EPI_ISL_14453724,Omicron,Unassigned,2022-07-25
-32.75357,2.4497108,9,EPI_ISL_16713254,Omicron,DZ.2,2022-12-29
-32.987984,2.3639069,9,EPI_ISL_15193785,Omicron,BF.5,2022-08-30
-29.75291,3.137138,9,EPI_ISL_14836546,Omicron,BA.5.8,2022-08-03
-30.549822,2.988617,9,EPI_ISL_15174741,Omicron,BA.5.2,2022-09-11
-32.80044,2.2856665,9,EPI_ISL_15063925,Omicron,BA.5.1.3,2022-09-03
-32.972286,2.3244228,9,EPI_ISL_13344816,Omicron,BA.5.2.1,2022-06-08
-32.940994,2.4653234,9,EPI_ISL_15149487,Omicron,BA.5.8,2022-09-17
-33.16749,2.2076106,9,EPI_ISL_15918434,Omicron,BA.5.2.27,2022-11-15
-30.096632,3.0433688,9,EPI_ISL_14163628,Omicron,BA.5.3.1,2022-07-22
-32.909824,2.629229,9,EPI_ISL_13637158,Omicron,BA.5.3.2,2022-05-30
-31.23748,2.8167405,9,EPI_ISL_13846387,Omicron,BA.5.6.1,2022-07-05
-30.862484,3.0277615,9,EPI_ISL_14453128,Omicron,Unassigned,2022-07-25
-33.167534,2.3871307,9,EPI_ISL_15398537,Omicron,BA.5.2.1,2022-09-19
-32.792385,2.3010964,9,EPI_ISL_15635282,Omicron,DH.1,2022-10-26
-32.925243,2.2934647,9,EPI_ISL_14719491,Omicron,BA.5.8,2022-07-18
-32.808083,2.4028273,9,EPI_ISL_12628227,Omicron,BF.1,2022-04-27
-32.79258,2.3168516,9,EPI_ISL_15103938,Omicron,BA.5.2,2022-09-10
-33.073826,2.137168,9,EPI_ISL_14917750,Omicron,BA.5.2.28,2022-09-06
-32.97992,2.2699585,9,EPI_ISL_15323498,Omicron,BA.5.2.1,2022-09-26
-33.0035,2.2231445,9,EPI_ISL_13871280,Omicron,BA.5.1,2022-07-06
-33.073837,2.1450515,9,EPI_ISL_15532717,Omicron,BA.5.2,2022-10-12
-32.90982,2.473168,9,EPI_ISL_14912106,Omicron,BA.5.2.1,2022-07-21
-32.862785,2.309207,9,EPI_ISL_14639002,Omicron,BA.5.2,2022-07-19
-32.870544,2.45749,9,EPI_ISL_15804691,Omicron,BA.5.2.1,2022-11-02
-32.64413,2.3246212,9,EPI_ISL_14785705,Omicron,BA.5.2,2022-08-27
-33.198734,2.3871956,9,EPI_ISL_14313398,Omicron,BA.4.1,2022-07-30
-33.097206,2.4264188,9,EPI_ISL_16137531,Omicron,BA.5.1.10,2022-11-21
-32.82394,2.2466588,9,EPI_ISL_15262479,Omicron,BA.5.1.22,2022-09-28
-32.95661,2.2699575,9,EPI_ISL_15329343,Omicron,BA.5.1,2022-10-03
-32.87064,2.3791437,9,EPI_ISL_14456667,Omicron,BA.5.2.1,2022-07-02
-32.77686,2.2622976,9,EPI_ISL_13504860,Omicron,BA.5.2.1,2022-06-14
-32.987846,2.1917262,9,EPI_ISL_14236598,Omicron,BA.5.5,2022-06-01
-32.862915,2.223166,9,EPI_ISL_14013144,Omicron,Unassigned,2022-07-15
-31.737408,2.8325634,9,EPI_ISL_16317674,Omicron,BA.5.1.33,2022-12-07
-32.88643,2.2075462,9,EPI_ISL_14409795,Omicron,BA.5.2,2022-07-18
-32.972275,2.355873,9,EPI_ISL_15494460,Omicron,BA.5.2,2022-10-01
-33.081604,2.2388306,9,EPI_ISL_16019147,Omicron,BA.5.2,2022-10-05
-33.011246,2.4105186,9,EPI_ISL_13967085,Omicron,BA.5.2.1,2022-07-12
-33.065903,2.2307854,9,EPI_ISL_14895393,Omicron,Unassigned,2022-08-25
-32.94879,2.347866,9,EPI_ISL_13772512,Omicron,BE.1.1,2022-07-05
-29.846004,2.933795,9,EPI_ISL_15367823,Omicron,BA.5.1,2022-10-04
-33.10503,2.3324594,9,EPI_ISL_15953538,Omicron,BF.5,2022-11-15
-32.79239,2.4341068,9,EPI_ISL_15232584,Omicron,BA.5.2,2022-09-22
-32.956596,2.324646,9,EPI_ISL_14008026,Omicron,BA.4.1,2022-06-21
-32.948677,2.3013806,9,EPI_ISL_14247386,Omicron,BF.19,2022-07-25
-33.097214,2.371644,9,EPI_ISL_13809411,Omicron,BA.4.1,2022-06-28
-33.105,2.4339972,9,EPI_ISL_15614152,Omicron,BA.5.1,2022-10-14
-33.066074,2.1371045,9,EPI_ISL_15352336,Omicron,BA.5.2.1,2022-09-22
-33.112724,2.3714757,9,EPI_ISL_13730252,Omicron,BF.5,2022-06-28
-32.940887,2.1999044,9,EPI_ISL_13657013,Omicron,BE.1.1,2022-06-25
-32.980106,2.480856,9,EPI_ISL_14318387,Omicron,BA.5.5,2022-07-16
-32.847202,2.1138716,9,EPI_ISL_13936652,Omicron,BA.5.2,2022-07-04
-30.330921,2.9184604,9,EPI_ISL_15280634,Omicron,BA.5.2.1,2022-09-09
-32.894047,2.1839676,9,EPI_ISL_13424903,Omicron,BA.5.2,2022-06-11
-30.221561,2.8169012,9,EPI_ISL_16334827,Omicron,BA.5.2.1,2022-12-10
-32.87847,2.293314,9,EPI_ISL_14640326,Omicron,BF.5,2022-08-03
-33.065845,2.1528583,9,EPI_ISL_15092361,Omicron,BA.5.2.1,2022-09-09
-32.964546,2.1214142,9,EPI_ISL_14293605,Omicron,BA.5.5,2022-07-21
-32.987656,2.4890137,9,EPI_ISL_14860177,Omicron,BA.5.1,2022-08-22
-32.987766,2.356094,9,EPI_ISL_15218528,Omicron,BA.5.1.22,2022-09-15
-30.503174,2.9574451,9,EPI_ISL_13461717,Omicron,BA.5.2,2022-06-20
-33.120796,2.2541542,9,EPI_ISL_13543913,Omicron,BA.4.1,2022-06-08
-33.105076,2.1528544,9,EPI_ISL_12582288,Omicron,BA.4.1,2022-04-14
-32.683064,2.4105825,9,EPI_ISL_14839094,Omicron,BF.39,2022-08-29
-33.136406,2.2856035,9,EPI_ISL_13621046,Omicron,BA.5.1,2022-06-24
-33.04264,2.3401737,9,EPI_ISL_15459723,Omicron,Unassigned,2022-10-10
-32.69082,2.2230873,9,EPI_ISL_16539270,Omicron,BA.5.2,2022-10-20
-33.175156,2.4417152,9,EPI_ISL_13403528,Omicron,Unassigned,2022-06-06
-32.84715,2.0981293,9,EPI_ISL_14258501,Omicron,BA.5.1,2022-07-21
-32.862995,2.3635654,9,EPI_ISL_14266768,Omicron,BA.5.2.1,2022-07-15
-32.831615,2.3167439,9,EPI_ISL_15344947,Omicron,BF.5,2022-10-03
-30.041424,3.1292396,9,EPI_ISL_15062442,Omicron,BA.5.2.1,2022-09-05
-33.07378,2.176239,9,EPI_ISL_14874098,Omicron,BA.5.1,2022-08-01
-33.206665,2.2152462,9,EPI_ISL_17160017,Omicron,BA.5.5,2022-07-16
-32.73004,2.1214046,9,EPI_ISL_14045367,Omicron,BA.5.1,2022-07-05
-33.066017,2.3012133,9,EPI_ISL_15706552,Omicron,BA.5.1.25,2022-10-21
-32.917618,2.1607666,9,EPI_ISL_14584262,Omicron,BA.5.5,2022-07-05
-30.815384,2.9966102,9,EPI_ISL_15817346,Omicron,Unassigned,2022-11-04
-33.12059,2.1137886,9,EPI_ISL_13548420,Omicron,BA.5.5,2022-06-05
-33.065987,2.3246117,9,EPI_ISL_13917698,Omicron,BE.1.1,2022-06-15
-33.198776,2.137123,9,EPI_ISL_17420837,Omicron,BE.2,2022-08-16
-33.183327,2.1136856,9,EPI_ISL_13461487,Omicron,BF.5,2022-06-18
-33.05041,2.2855377,9,EPI_ISL_15090578,Omicron,BA.5.2.1,2022-06-03
-33.02699,2.184063,9,EPI_ISL_14031276,Omicron,BA.5.8,2022-07-11
-33.011375,2.3013735,9,EPI_ISL_15525302,Omicron,BA.5.2.1,2022-10-20
-32.62834,2.0744743,9,EPI_ISL_15048356,Omicron,BA.4.1,2022-08-12
-33.112988,2.1840534,9,EPI_ISL_15806607,Omicron,BF.10,2022-10-11
-32.917473,2.4262133,9,EPI_ISL_15135999,Omicron,BA.5.2,2022-09-13
-30.948343,2.9261894,9,EPI_ISL_13330180,Omicron,BA.5.1,2022-06-07
-33.011288,2.3948374,9,EPI_ISL_16138693,Omicron,BF.5,2022-11-29
-30.53428,2.926281,9,EPI_ISL_15108402,Omicron,BA.5.2,2022-09-06
-33.027008,2.2464724,9,EPI_ISL_15616450,Omicron,BA.5.2,2022-10-11
-32.987663,2.1840467,9,EPI_ISL_15919468,Omicron,BF.5,2022-10-31
-33.003395,2.2934008,9,EPI_ISL_13933673,Omicron,BA.5.1,2022-06-27
-33.081554,2.1529527,9,EPI_ISL_15508776,Omicron,BA.5.5,2022-08-02
-32.706596,2.3323917,9,EPI_ISL_14257075,Omicron,BA.4,2022-07-29
-32.71444,2.426341,9,EPI_ISL_15478497,Omicron,Unassigned,2022-08-14
-31.581367,2.9495707,9,EPI_ISL_14074000,Omicron,BF.5,2022-07-19
-32.94088,2.17622,9,EPI_ISL_15772193,Omicron,BA.5.1.22,2022-10-31
-33.05045,2.0823765,9,EPI_ISL_14043489,Omicron,BF.1,2022-07-05
-33.05028,2.090229,9,EPI_ISL_15430917,Omicron,BA.5.1,2022-10-13
-32.948944,2.1840997,9,EPI_ISL_15322570,Omicron,BA.5.1,2022-09-23
-32.98788,2.3324924,9,EPI_ISL_13919394,Omicron,BA.4.1,2022-07-06
-33.089188,2.3011274,9,EPI_ISL_14063235,Omicron,BA.5.5,2022-07-18
-33.011414,2.238646,9,EPI_ISL_15465971,Omicron,BA.5.2,2022-09-22
-32.925217,2.2152295,9,EPI_ISL_13716922,Omicron,BA.5.2.22,2022-07-03
-32.917477,2.1840382,9,EPI_ISL_14511641,Omicron,BA.5.1,2022-06-21
-32.9723,2.2621794,9,EPI_ISL_13019032,Omicron,BA.5.1,2022-05-17
-28.961077,2.848009,9,EPI_ISL_14592088,Omicron,Unassigned,2022-08-09
-32.925377,2.4026504,9,EPI_ISL_16635401,Omicron,DY.3,2022-12-06
-32.886116,2.3558612,9,EPI_ISL_14035597,Omicron,BA.5.2,2022-07-05
-32.96444,2.2231612,9,EPI_ISL_13700485,Omicron,BA.5.2.1,2022-06-24
-33.00354,2.2935228,9,EPI_ISL_13591183,Omicron,BA.4.1,2022-06-10
-32.870598,2.1450539,9,EPI_ISL_15398243,Omicron,BA.5.2,2022-09-18
-32.971977,2.4651947,9,EPI_ISL_13483248,Omicron,BA.4.1,2022-06-15
-33.065918,2.2308693,9,EPI_ISL_14445676,Omicron,BA.5.2,2022-07-22
-32.972153,2.2232933,9,EPI_ISL_14808600,Omicron,BF.26,2022-08-24
-32.90194,2.105915,9,EPI_ISL_15102067,Omicron,BF.10,2022-09-03
-32.683197,2.4419203,9,EPI_ISL_15443670,Omicron,BA.5.1,2022-09-29
-33.089405,2.2465773,9,EPI_ISL_15404688,Omicron,BA.5.2.1,2022-10-05
-32.854977,2.191893,9,EPI_ISL_14420039,Omicron,BA.5.2,2022-08-05
-33.11271,2.355888,9,EPI_ISL_15690265,Omicron,BF.28,2022-10-27
-33.159595,2.1763678,9,EPI_ISL_15678920,Omicron,BA.5.1,2022-10-30
-31.971832,2.7464795,9,EPI_ISL_13987281,Omicron,BF.10,2022-07-13
-33.050484,2.3011785,9,EPI_ISL_13808691,Omicron,BA.5.2.9,2022-06-28
-32.769012,2.4262338,9,EPI_ISL_14321110,Omicron,BA.4.1,2022-08-02
-33.073715,2.199647,9,EPI_ISL_13656845,Omicron,BA.4.1,2022-06-29
-30.166843,2.879109,9,EPI_ISL_16165748,Omicron,BA.5.2,2022-12-06
-33.01923,2.2151604,9,EPI_ISL_14464529,Omicron,BF.3,2022-08-10
-32.95644,2.434184,9,EPI_ISL_17043157,Omicron,BF.4,2022-05-30
-31.68272,2.9576015,9,EPI_ISL_14971352,Omicron,BA.5.2.1,2022-09-05
-32.948753,2.5590072,9,EPI_ISL_14375734,Omicron,BF.3,2022-07-18
-32.901924,2.2701292,9,EPI_ISL_17151690,Omicron,BA.5.5,2022-10-28
-32.980183,2.246653,9,EPI_ISL_15359211,Omicron,BA.5.2.1,2022-09-23
-32.92528,2.4262161,9,EPI_ISL_15478484,Omicron,Unassigned,2022-08-25
-32.925507,2.2856169,9,EPI_ISL_15647516,Omicron,BA.5.1,2022-10-27
-33.144123,2.2777839,9,EPI_ISL_14983068,Omicron,BA.4.1,2022-08-24
-32.97211,2.5199475,9,EPI_ISL_13612181,Omicron,BA.4.2,2022-06-22
-32.97991,2.238717,9,EPI_ISL_15376439,Omicron,BA.5.2.1,2022-09-06
-33.05038,2.3091078,9,EPI_ISL_13338343,Omicron,BE.5,2022-06-07
-33.175323,2.0202274,9,EPI_ISL_15369273,Omicron,BA.5.1,2022-10-08
-32.956528,2.371634,9,EPI_ISL_14009071,Omicron,BA.5.1,2022-07-01
-32.90982,2.3558955,9,EPI_ISL_15547853,Omicron,Unassigned,2022-10-18
-33.081512,2.0432835,9,EPI_ISL_15130840,Omicron,BE.1.1,2022-09-02
-33.02688,2.2465963,9,EPI_ISL_16600165,Omicron,BA.5.2,2022-12-31
-30.150959,2.8793364,9,EPI_ISL_16266652,Omicron,CD.2,2022-12-06
-29.822243,3.0197134,9,EPI_ISL_16383644,Omicron,BA.5.2,2022-09-19
-30.651745,3.0589852,9,EPI_ISL_12819222,Omicron,BA.5.3,2022-05-03
-32.847225,2.3090453,9,EPI_ISL_14651684,Omicron,BA.5.2.1,2022-08-08
-32.815952,2.293509,9,EPI_ISL_14306566,Omicron,BA.4.4,2022-07-31
-33.01129,2.2464771,9,EPI_ISL_14093931,Omicron,BE.1,2022-06-21
-32.894154,2.30128,9,EPI_ISL_15781176,Omicron,BA.5.2,2022-10-06
-32.90173,2.394874,9,EPI_ISL_13444452,Omicron,BA.5.2.1,2022-06-17
-33.089264,2.1605415,9,EPI_ISL_14625189,Omicron,BA.5.1,2022-08-01
-33.050423,2.3715286,9,EPI_ISL_14859412,Omicron,BE.1,2022-08-18
-32.83931,2.3950653,9,EPI_ISL_16907746,Omicron,BA.5.2.1,2022-12-02
-32.77694,2.2387466,9,EPI_ISL_14067114,Omicron,BA.5.1,2022-07-07
-32.979935,2.2464752,9,EPI_ISL_14399860,Omicron,BA.5.1,2022-07-19
-33.113033,2.4653797,9,EPI_ISL_15762071,Omicron,BA.5.1,2022-10-14
-31.292149,2.9809647,9,EPI_ISL_15244938,Omicron,BA.5.2.20,2022-08-22
-33.003384,2.3715243,9,EPI_ISL_14456368,Omicron,BE.1.1.2,2022-07-26
-33.003456,2.4184055,9,EPI_ISL_15466290,Omicron,BF.5,2022-10-05
-32.933304,2.1606207,9,EPI_ISL_14532800,Omicron,BF.18,2022-08-02
-33.05039,2.2075539,9,EPI_ISL_17330572,Omicron,BA.5.5,2022-08-13
-32.886326,2.2699618,9,EPI_ISL_13879497,Omicron,BA.5.1,2022-07-04
-31.808105,2.8090334,9,EPI_ISL_16054889,Omicron,BA.5.2,2022-11-08
-33.089554,2.223249,9,EPI_ISL_15761519,Omicron,BA.5.1,2022-10-21
-32.878456,2.285654,9,EPI_ISL_14260578,Omicron,BA.5.2,2022
-30.675234,3.2153144,9,EPI_ISL_17253364,Omicron,BA.5.2.48,2023-03-06
-32.8238,2.4262667,9,EPI_ISL_14775783,Omicron,BA.5.2.26,2022-08-13
-33.058083,2.1449008,9,EPI_ISL_15803693,Omicron,BA.5.2,2022-10-19
-32.925392,2.1452007,9,EPI_ISL_13983532,Omicron,BA.5.5,2022-06-27
-32.97219,2.012103,9,EPI_ISL_14136723,Omicron,BF.27,2022-07-06
-32.909676,2.394825,9,EPI_ISL_15669303,Omicron,BA.2.75,2022-10-24
-33.073822,2.1450663,9,EPI_ISL_14945444,Omicron,BA.5.2,2022-08-27
-32.94879,2.3715,9,EPI_ISL_14525210,Omicron,BF.6,2022-07-14
-33.08155,2.121767,9,EPI_ISL_14454454,Omicron,BA.5.5,2022-08-03
-33.011154,2.4029799,9,EPI_ISL_14905668,Omicron,BE.3,2022-08-24
-32.722214,2.4262338,9,EPI_ISL_14095956,Omicron,BA.5.3.1,2022-07-11
-33.027046,2.2309217,9,EPI_ISL_15910488,Omicron,BF.5,2022-11-01
-32.917633,2.2855368,9,EPI_ISL_14307188,Omicron,BA.5.1,2022-07-04
-29.83097,3.082366,9,EPI_ISL_15242105,Omicron,BA.5.1.30,2022-09-15
-33.151863,2.394816,9,EPI_ISL_15993045,Omicron,BA.5.2.16,2022-11-10
-32.886154,2.5356045,9,EPI_ISL_13657012,Omicron,BA.4.2,2022-06-25
-32.90187,2.2542553,9,EPI_ISL_13576622,Omicron,BA.4,2022-06-14
-32.80027,2.4652953,9,EPI_ISL_15645671,Omicron,BA.5.1.5,2022-10-24
-33.07376,2.3324337,9,EPI_ISL_14548318,Omicron,BF.15,2022-08-04
-32.987953,2.309,9,EPI_ISL_17015897,Omicron,BF.5,2023-01-05
-32.792408,2.449821,9,EPI_ISL_15259956,Omicron,BA.5.2,2022-09-06
-32.93313,2.3090792,9,EPI_ISL_13927692,Omicron,BE.1.1,2022-06-30
-33.151726,2.4029102,9,EPI_ISL_17109009,Omicron,BA.5.1.10,2022-09-30
-32.71433,2.4029036,9,EPI_ISL_15068924,Omicron,BF.5,2022-09-08
-33.058266,2.5199056,9,EPI_ISL_14826419,Omicron,BF.26,2022-08-19
-33.01149,2.105957,9,EPI_ISL_15087337,Omicron,Unassigned,2022-09-11
-30.8937,2.988737,9,EPI_ISL_15837855,Omicron,BA.5.2,2022-10-24
-33.065887,2.1526985,9,EPI_ISL_14589458,Omicron,BF.10,2022-07-19
-32.995453,2.2230186,9,EPI_ISL_17014507,Omicron,BF.5,2023-01-26
-33.0972,2.207325,9,EPI_ISL_15029022,Omicron,BA.5.2,2022-09-04
-33.050255,2.3870049,9,EPI_ISL_13584976,Omicron,BF.5,2022-06-17
-32.714336,2.309166,9,EPI_ISL_15493089,Omicron,BA.5.2.1,2022-09-30
-33.050358,2.2230263,9,EPI_ISL_13355315,Omicron,BA.5.2.1,2022-06-12
-31.058002,3.012219,9,EPI_ISL_15084757,Omicron,BA.5.1,2022-08-12
-33.01907,2.4887218,9,EPI_ISL_13939619,Omicron,BA.5.3.3,2022-07-06
-32.98,2.020002,9,EPI_ISL_15293496,Omicron,BA.5.2.1,2022-10-02
-32.91752,2.1450372,9,EPI_ISL_16621256,Omicron,BA.5.2,2022-08-08
-32.925293,2.3872566,9,EPI_ISL_14015188,Omicron,BA.5.2,2022-07-14
-32.854992,2.2076116,9,EPI_ISL_13136981,Omicron,BA.5.1,2022-05-23
-32.987755,2.129232,9,EPI_ISL_14232803,Omicron,BA.4.1,2022-07-19
-32.89405,2.1840625,9,EPI_ISL_15232802,Omicron,BA.5.3.3,2022-09-22
-32.925323,2.1761427,9,EPI_ISL_15587662,Omicron,BF.26,2022-10-19
-33.011215,2.3481407,9,EPI_ISL_15744470,Omicron,BA.5.2.28,2022-10-28
-32.925377,2.1137872,9,EPI_ISL_14378435,Omicron,BA.4,2022-07-13
-32.854935,2.3403006,9,EPI_ISL_13953269,Omicron,BF.5,2022-07-04
-32.79278,2.387097,9,EPI_ISL_15845883,Omicron,BA.5.2.20,2022-10-27
-31.463972,2.808824,9,EPI_ISL_15813610,Omicron,BA.5.2,2022-10-24
-33.04248,2.2622213,9,EPI_ISL_15134167,Omicron,BA.5.2,2022-09-09
-32.808273,2.316946,9,EPI_ISL_14896221,Omicron,BE.1,2022-07-25
-32.862843,2.2777667,9,EPI_ISL_16188668,Omicron,BA.5.2.1,2022-11-14
-32.980076,2.4341125,9,EPI_ISL_14578343,Omicron,BA.4.1.6,2022-07-27
-33.081703,2.0981412,9,EPI_ISL_15336836,Omicron,BA.5.2.2,2022-09-07
-33.03482,2.2621279,9,EPI_ISL_15392413,Omicron,BF.27,2022-09-16
-32.870766,2.1684222,9,EPI_ISL_13447400,Omicron,Unassigned,2022-06-13
-32.987686,2.3326025,9,EPI_ISL_17015112,Omicron,BF.5,2023-02-02
-33.128494,2.2855444,9,EPI_ISL_13244819,Omicron,BA.5.3.2,2022-05-27
-32.89382,2.2855353,9,EPI_ISL_15992977,Omicron,BA.5.2,2022-10-20
-32.82384,2.3639307,9,EPI_ISL_15159957,Omicron,BA.5.8,2022-09-16
-33.065933,2.3558993,9,EPI_ISL_15222978,Omicron,BA.5.1,2022-09-28
-32.909477,2.332644,9,EPI_ISL_13568532,Omicron,BA.5.1,2022-06-23
-32.878315,2.4809914,9,EPI_ISL_16256712,Omicron,BF.5,2022-11-25
-31.073498,2.9183073,9,EPI_ISL_15359698,Omicron,BA.5.1,2022-09-25
-33.159805,2.3246117,9,EPI_ISL_15767013,Omicron,BA.5.2.9,2022-10-31
-30.377897,2.9339123,9,EPI_ISL_14474637,Omicron,BA.5.1,2022-07-30
-29.744802,3.0119305,9,EPI_ISL_15132009,Omicron,BA.5.2.1,2022-09-05
-33.097076,2.2701416,9,EPI_ISL_14389202,Omicron,BA.5.1,2022-07-19
-32.745487,2.1528134,9,EPI_ISL_15924798,Omicron,BF.5,2022-10-20
-32.82384,2.2309446,9,EPI_ISL_16035576,Omicron,BA.5.2,2022-11-27
-33.081703,2.129414,9,EPI_ISL_16545304,Omicron,BF.5,2022-12-24
-32.88615,2.238956,9,EPI_ISL_13995738,Omicron,BE.1,2022-07-12
-32.972355,2.3716702,9,EPI_ISL_14909598,Omicron,BA.5.1.1,2022-08-27
-32.8551,2.1919951,9,EPI_ISL_14811037,Omicron,BA.5.1,2022-07-19
-32.823814,2.121728,9,EPI_ISL_14258059,Omicron,BA.5.5,2022-07-24
-32.933212,2.152814,9,EPI_ISL_15267919,Omicron,BA.5.2.26,2022-10-01
-32.97202,2.6293287,9,EPI_ISL_17584985,Omicron,BA.5.2.19,2023-03-01
-32.800224,2.6138191,9,EPI_ISL_13018905,Omicron,BA.5.1,2022-05-16
-29.846794,3.0904016,9,EPI_ISL_14673455,Omicron,BA.5.2.3,2022-07-05
-32.815887,2.207489,9,EPI_ISL_14918514,Omicron,BA.5.2.19,2022-08-24
-32.66754,2.2309551,9,EPI_ISL_14596536,Omicron,BA.5.2.1,2022-08-18
-33.026993,2.3012915,9,EPI_ISL_14447951,Omicron,BE.1.1,2022-07-26
-33.034786,2.2074747,9,EPI_ISL_14773108,Omicron,BA.5.1,2022-08-12
-32.87071,2.4104948,9,EPI_ISL_14232620,Omicron,BA.5.1.22,2022-07-12
-32.90191,2.2777843,9,EPI_ISL_14916287,Omicron,BA.5.2,2022-09-04
-32.9878,2.277707,9,EPI_ISL_13710401,Omicron,BF.17,2022-06-30
-32.971996,2.176085,9,EPI_ISL_15230741,Omicron,BF.5,2022-09-15
-32.862934,2.2152653,9,EPI_ISL_15044608,Omicron,BA.5,2022-08-29
-29.485493,3.0119295,9,EPI_ISL_14796589,Omicron,BA.5.1,2022-08-10
-32.901836,2.3559904,9,EPI_ISL_16432883,Omicron,BF.5.4,2022-12-05
-30.518394,2.9416547,9,EPI_ISL_15716278,Omicron,BF.5,2022-11-02
-33.019005,2.3012276,9,EPI_ISL_15052789,Omicron,BA.4,2022-08-11
-32.808174,2.0122557,9,EPI_ISL_15158974,Omicron,BA.5.1.5,2022-09-13
-32.753418,2.207436,9,EPI_ISL_14382600,Omicron,BA.5.5,2022-07-22
-32.9802,2.1058474,9,EPI_ISL_15156967,Omicron,BA.5.2.1,2022-06-28
-32.83922,2.4261303,9,EPI_ISL_14430417,Omicron,BE.1,2022-07-21
-33.081596,2.3322945,9,EPI_ISL_14406363,Omicron,BA.5.2.1,2022-07-07
-32.870625,2.395172,9,EPI_ISL_13916262,Omicron,BA.5.5,2022-07-05
-32.91746,2.3792338,9,EPI_ISL_15265948,Omicron,BF.36,2022-09-14
-33.003483,2.2230144,9,EPI_ISL_15357165,Omicron,BA.5.2.1,2022-09-29
-32.93318,2.3402605,9,EPI_ISL_16640370,Omicron,BA.5.2,2023-01-11
-33.003716,2.2543502,9,EPI_ISL_14616039,Omicron,BA.5.2.4,2022-08-11
-32.96438,2.3715286,9,EPI_ISL_14877395,Omicron,BF.5,2022-08-12
-33.050415,2.2855988,9,EPI_ISL_14900031,Omicron,BA.5.2.1,2022-08-25
-33.00351,2.1212769,9,EPI_ISL_15924883,Omicron,BA.5.1,2022-10-22
-33.222107,2.3012238,9,EPI_ISL_15936991,Omicron,BA.5.1,2022-11-23
-32.90969,2.199741,9,EPI_ISL_15018803,Omicron,BA.5.2.1,2022-08-26
-32.839363,2.2541857,9,EPI_ISL_13653418,Omicron,BF.10,2022-06-27
-32.862762,2.301116,9,EPI_ISL_13663225,Omicron,Unassigned,2022-06-17
-32.620594,2.4105759,9,EPI_ISL_15045483,Omicron,BA.5,2022-08-22
-32.956497,2.3950047,9,EPI_ISL_14192381,Omicron,BA.5.6,2022-07-10
-32.667328,2.3403625,9,EPI_ISL_15622396,Omicron,BE.1.1,2022-10-04
-33.073692,2.418456,9,EPI_ISL_14662596,Omicron,BA.5.1.22,2022-08-07
-33.120667,2.1917496,9,EPI_ISL_13768473,Omicron,BA.5.1,2022-07-06
-32.956497,2.3871412,9,EPI_ISL_13890904,Omicron,BF.5,2022-07-06
-32.95644,2.1761112,9,EPI_ISL_14193493,Omicron,BA.4.1,2022-07-11
-33.011272,2.2231388,9,EPI_ISL_16090934,Omicron,BA.5.1,2022-11-25
-32.737812,2.4262228,9,EPI_ISL_15248697,Omicron,BA.5.1.6,2022-09-02
-32.730114,2.231102,9,EPI_ISL_15230813,Omicron,BA.5.2,2022-09-12
-32.894024,2.3168197,9,EPI_ISL_17187535,Omicron,BA.5.2,2022-12-01
-32.815857,2.3871179,9,EPI_ISL_14593608,Omicron,BE.1,2022-08-08
-32.933235,2.2152548,9,EPI_ISL_16136162,Omicron,BF.21,2022-11-25
-31.698605,2.879366,9,EPI_ISL_14041401,Omicron,BA.5.1,2022-07-07
-32.8628,2.1060128,9,EPI_ISL_16078374,Omicron,BF.5,2022-10
-30.158958,2.8792849,9,EPI_ISL_15043292,Omicron,BA.5.2.9,2022-09-06
-32.878433,2.3637228,9,EPI_ISL_13949765,Omicron,BF.1,2022-07-04
-33.08949,2.121478,9,EPI_ISL_17488021,Omicron,BA.5.2.48,2023-03-01
-32.94097,2.566877,9,EPI_ISL_14709776,Omicron,BF.10,2022-08-12
-33.10493,2.1684217,9,EPI_ISL_14906829,Omicron,BA.5.2,2022-08-31
-31.823711,2.793345,9,EPI_ISL_15159510,Omicron,BA.5.2,2022-09-15
-33.12845,2.293397,9,EPI_ISL_15643742,Omicron,BE.1,2022-10-20
-32.95643,2.223143,9,EPI_ISL_15363022,Omicron,BA.5.1,2022-09-02
-33.050255,2.3481255,9,EPI_ISL_13717135,Omicron,BA.5.1,2022-06-22
-32.815914,2.3715854,9,EPI_ISL_14236585,Omicron,BA.4,2022-06-19
-32.80054,2.0277233,9,EPI_ISL_13897639,Omicron,BA.5.5,2022-06-25
-33.058186,2.3325486,9,EPI_ISL_15812739,Omicron,BA.5.10,2022-09-09
-32.98001,2.4495573,9,EPI_ISL_14397204,Omicron,BA.5.1,2022-07-18
-32.706398,2.5200114,9,EPI_ISL_15614515,Omicron,BA.5.6,2022-08-28
-32.690865,2.4419556,9,EPI_ISL_14983685,Omicron,BA.5.2.22,2022-09-02
-32.917484,2.2856693,9,EPI_ISL_13525940,Omicron,BA.5.2.1,2022-06-17
-32.753548,2.316967,9,EPI_ISL_13744036,Omicron,BA.5.2.1,2022-06-27
-32.800087,2.215126,9,EPI_ISL_14074362,Omicron,BA.5.1.31,2022-07-18
-32.72223,2.1605225,9,EPI_ISL_16575928,Omicron,BA.5.2.1,2022-12-15
-33.08927,2.1292725,9,EPI_ISL_16811793,Omicron,BA.5.2.1,2022-12-09
-32.964104,2.2933493,9,EPI_ISL_15176256,Omicron,BA.5.2,2022-09-21
-32.956776,2.473322,9,EPI_ISL_15189083,Omicron,BA.5.2.1,2022-08-27
-32.956627,2.2543983,9,EPI_ISL_15119550,Omicron,BA.5.2.1,2022-09-02
-32.925423,2.223003,9,EPI_ISL_13807747,Omicron,BA.4.4,2022-06-27
-33.058273,2.426175,9,EPI_ISL_15962766,Omicron,BA.5.1,2022-11-08
-33.06584,2.3559752,9,EPI_ISL_14593243,Omicron,Unassigned,2022-08-08
-32.56606,2.402782,9,EPI_ISL_13796260,Omicron,BE.1.1,2022-07-05
-33.136387,2.1996894,9,EPI_ISL_15271292,Omicron,BA.5.2.1,2022-09-26
-33.042465,2.1917877,9,EPI_ISL_15775417,Omicron,BA.5.1.23,2022-10-13
-32.73019,2.3011227,9,EPI_ISL_13290960,Omicron,BF.10,2022-05-29
-32.995647,2.340457,9,EPI_ISL_15782923,Omicron,BA.5.2.1,2022-09-26
-33.003456,2.3168936,9,EPI_ISL_13302504,Omicron,BA.4.1,2022-06-02
-32.980072,2.1839619,9,EPI_ISL_14352215,Omicron,BA.4.1.4,2022-08-01
-32.917435,2.293419,9,EPI_ISL_15132234,Omicron,BA.5.2,2022-07
-32.706493,2.3794603,9,EPI_ISL_14196642,Omicron,BF.4,2022
-32.88625,2.3793216,9,EPI_ISL_14617085,Omicron,BA.5.1,2022-08-16
-33.01126,2.4263415,9,EPI_ISL_15408615,Omicron,BF.5.4,2022-08-29
-32.831528,2.301282,9,EPI_ISL_14410782,Omicron,BA.4,2022-07-28
-31.17492,2.723154,9,EPI_ISL_14574685,Omicron,BE.1,2022-08-11
-31.025421,2.94179,9,EPI_ISL_16470042,Omicron,BF.27,2022-11-29
-32.940994,2.3715854,9,EPI_ISL_15642565,Omicron,BA.5.2,2022-10-20
-32.784775,2.176084,9,EPI_ISL_14877909,Omicron,BA.5.2,2022-08-11
-32.86276,2.426218,9,EPI_ISL_13425318,Omicron,BE.1.1,2022-06-18
-32.831497,2.2623782,9,EPI_ISL_13718628,Omicron,BA.5.2.1,2022-06-28
-33.01889,2.3323927,9,EPI_ISL_13713701,Omicron,BE.1.1,2022-06-27
-32.73005,2.223197,9,EPI_ISL_14480328,Omicron,BA.5.2.9,2022-07-23
-33.019077,2.309062,9,EPI_ISL_14821298,Omicron,Unassigned,2022-08-20
-33.073936,2.3794723,9,EPI_ISL_13732481,Omicron,BA.4.1.4,2022-07-02
-30.667309,3.05902,9,EPI_ISL_14589319,Omicron,BE.1,2022-07-16
-32.909626,2.230897,9,EPI_ISL_15765514,Omicron,BA.5.2,2022-10-18
-32.80822,2.4651518,9,EPI_ISL_14025644,Omicron,BA.4.1,2022-07-01
-32.9019,2.3794017,9,EPI_ISL_15288614,Omicron,BF.10,2022-09-22
-32.972282,2.152841,9,EPI_ISL_15170305,Omicron,BA.5.1.22,2022-08-23
-33.026768,2.3947659,9,EPI_ISL_15696047,Omicron,BA.5.2,2022-09
-33.026917,2.1918707,9,EPI_ISL_15428955,Omicron,BF.5,2022-10-02
-32.995537,2.4576206,9,EPI_ISL_15221774,Omicron,BA.5.2.1,2022-09-16
-32.85478,2.3170242,9,EPI_ISL_14072532,Omicron,BF.5,2022-07-17
-32.84717,2.2778902,9,EPI_ISL_16277820,Omicron,BA.5.2,2022-09-24
-33.23005,2.3637376,9,EPI_ISL_15238211,Omicron,BF.5,2022-09-20
-32.839474,2.0434675,9,EPI_ISL_13707591,Omicron,BA.4.5,2022-06-23
-33.011337,2.3948302,9,EPI_ISL_15245583,Omicron,BA.4.1,2022-09-12
-33.019005,2.2151852,9,EPI_ISL_13850733,Omicron,BA.5.1.23,2022-07-08
-33.09711,2.23073,9,EPI_ISL_13696277,Omicron,BA.5.1,2022-07-01
-33.011215,2.1841393,9,EPI_ISL_14773203,Omicron,BA.5.2,2022-08-11
-32.98005,2.2076411,9,EPI_ISL_15478413,Omicron,Unassigned,2022-08-10
-33.07385,2.176208,9,EPI_ISL_13900972,Omicron,BA.5.1,2022-06-27
-32.956482,2.4731855,9,EPI_ISL_14965209,Omicron,BA.5.6,2022-08-01
-32.69077,2.5045123,9,EPI_ISL_14386272,Omicron,BF.5,2022-07-24
-32.714165,2.5433903,9,EPI_ISL_14406412,Omicron,BA.5.2.2,2022-07-13
-32.82383,2.2390594,9,EPI_ISL_15820327,Omicron,BA.5.1.5,2022-11-02
-32.956585,2.2855444,9,EPI_ISL_14179354,Omicron,BF.10,2022-07-15
-29.955666,3.0511546,9,EPI_ISL_15519556,Omicron,BA.5.2.1,2022-10-13
-33.12832,2.3558316,9,EPI_ISL_14650369,Omicron,BA.5.1.10,2022-08-05
-33.011417,2.1762056,9,EPI_ISL_14691968,Omicron,BA.5.2,2022-08-11
-33.019096,2.309126,9,EPI_ISL_11999053,Omicron,BA.4,2022-03-29
-33.050377,2.3404737,9,EPI_ISL_14538584,Omicron,Unassigned,2022-08-03
-29.822622,3.0198488,9,EPI_ISL_13831358,Omicron,BA.4.4,2022-06-15
-32.83177,2.309084,9,EPI_ISL_15657765,Omicron,BF.26,2022-09-09
-33.120686,2.2620692,9,EPI_ISL_15989130,Omicron,BF.5,2022-11-21
-32.87066,2.3560276,9,EPI_ISL_15441124,Omicron,BA.5.2.1,2022-09-23
-32.92542,2.1997166,9,EPI_ISL_15691008,Omicron,BA.5.2.1,2022-10-22
-32.925343,2.2779264,9,EPI_ISL_14077076,Omicron,BA.5.1,2022-07-19
-33.081493,2.3091173,9,EPI_ISL_13519674,Omicron,BA.5,2022-06-22
-30.565287,2.9259472,9,EPI_ISL_17041211,Omicron,BA.5.2.9,2022-07-22
-33.128242,2.418387,9,EPI_ISL_16260301,Omicron,BA.5.6,2022-09-20
-32.831703,2.2542424,9,EPI_ISL_13808353,Omicron,BA.5.6,2022-06-27
-32.839546,2.3168855,9,EPI_ISL_14737005,Omicron,BA.5.2.28,2022-08-12
-32.917377,2.2153225,9,EPI_ISL_16054500,Omicron,BA.5.2.20,2022-09-19
-33.018936,2.4731627,9,EPI_ISL_16529679,Omicron,BA.5.1.7,2022-12-21
-32.839424,2.168488,9,EPI_ISL_15096143,Omicron,BA.5.2.1,2022-08-14
-33.026913,2.2856135,9,EPI_ISL_14174157,Omicron,BA.5.1,2022-07-11
-32.894047,2.301291,9,EPI_ISL_15515566,Omicron,BA.5.1.3,2022-09-04
-32.88638,2.3481388,9,EPI_ISL_15717172,Omicron,BA.5.2.1,2022-09-07
-33.11279,2.1606417,9,EPI_ISL_15092317,Omicron,BE.1,2022-09-09
-33.026833,2.4574041,9,EPI_ISL_15216746,Omicron,BF.36,2022-09-08
-32.964306,2.4028263,9,EPI_ISL_15599075,Omicron,BA.5.1.23,2022-09-26
-33.10504,2.4027805,9,EPI_ISL_15329554,Omicron,BA.5.1.5,2022-10-04
-32.91725,2.1683388,9,EPI_ISL_13506453,Omicron,BA.4.1,2022-06-08
-32.84713,2.356164,9,EPI_ISL_15995323,Omicron,Unassigned,2022-11-19
-32.73785,2.223104,9,EPI_ISL_13772676,Omicron,BA.4,2022-07-05
-32.85515,2.4262333,9,EPI_ISL_16241311,Omicron,BA.5.2,2022-07-26
-32.94112,2.4340687,9,EPI_ISL_13617075,Omicron,BA.4,2022-06-28
-33.034637,2.4264126,9,EPI_ISL_15737815,Omicron,BF.5,2022-10-29
-32.940777,2.2388563,9,EPI_ISL_14819528,Omicron,BA.5.2,2022-08-17
-32.96425,2.2464695,9,EPI_ISL_15183053,Omicron,BA.5.6,2022-09-15
-32.964436,2.176278,9,EPI_ISL_14386053,Omicron,BA.5.2.1,2022-07-24
-33.05815,2.3872032,9,EPI_ISL_14798025,Omicron,BF.10,2022-08-09
-32.894135,2.2389889,9,EPI_ISL_14917362,Omicron,BA.5.1.22,2022-09-04
-32.83136,2.3403492,9,EPI_ISL_13122132,Omicron,BA.4.1,2022-05-24
-33.011314,2.199728,9,EPI_ISL_16376314,Omicron,BA.5.1.10,2022-11-22
-33.003326,2.184061,9,EPI_ISL_13545766,Omicron,BA.4.1,2022-06-01
-32.901924,2.2543335,9,EPI_ISL_16534912,Omicron,BF.5,2022-12-18
-32.847122,2.277773,9,EPI_ISL_13747063,Omicron,BA.5.2.1,2022-06-27
-31.768837,2.3090258,9,EPI_ISL_14527859,Omicron,BA.5,2022-08-05
-32.667423,2.3011398,9,EPI_ISL_17420840,Omicron,BA.5.2.1,2022-09-01
-31.268955,3.0200753,9,EPI_ISL_14471384,Omicron,BA.4,2022-07-09
-33.042503,2.2778158,9,EPI_ISL_14446833,Omicron,BA.5.2.1,2022-08-01
-32.917606,2.3948421,9,EPI_ISL_15155649,Omicron,BA.5.2,2022-09-22
-32.675354,2.543583,9,EPI_ISL_16269058,Omicron,BA.5.2.1,2022-12-06
-32.90189,2.2933764,9,EPI_ISL_13469658,Omicron,BA.4.1,2022-06-10
-32.972355,2.1527882,9,EPI_ISL_13868894,Omicron,BF.5,2022-07-07
-30.072206,3.0197253,9,EPI_ISL_14088116,Omicron,BA.5.2.3,2022-07-21
-32.94873,2.5122833,9,EPI_ISL_13528552,Omicron,BA.4.1,2022-06-08
-32.933132,2.1841116,9,EPI_ISL_17387765,Omicron,BA.5.2.1,2023-03-13
-32.886177,2.3167348,9,EPI_ISL_14513058,Omicron,BA.5.5,2022-08-01
-32.85475,2.1920033,9,EPI_ISL_14003020,Omicron,BA.5.2.1,2022-07-01
-33.065956,2.269887,9,EPI_ISL_13976847,Omicron,BA.5.6,2022-07-09
-33.050285,2.2467546,9,EPI_ISL_14370773,Omicron,BF.10,2022-07-27
-33.034615,2.2153306,9,EPI_ISL_17243159,Omicron,BF.5,2023-03-03
-33.03469,2.535654,9,EPI_ISL_12727048,Omicron,BA.5.1,2022-05-07
-33.089447,2.41049,9,EPI_ISL_14166379,Omicron,BA.4,2022-07-22
-32.972305,2.3715444,9,EPI_ISL_14014521,Omicron,Unassigned,2022-07-10
-32.870506,2.3012376,9,EPI_ISL_15381861,Omicron,BA.5.2,2022-09-24
-32.6284,2.3870435,9,EPI_ISL_15057700,Omicron,BF.5.5,2022-09-13
-33.058025,2.1134605,9,EPI_ISL_15395020,Omicron,BA.5.1,2022-09-28
-30.385498,3.0355186,9,EPI_ISL_15625577,Omicron,BA.5.2,2022-08-25
-31.74556,2.809207,9,EPI_ISL_14701171,Omicron,BA.5.2.1,2022-08-15
-33.136116,2.2154493,9,EPI_ISL_14800737,Omicron,BF.26,2022-08-23
-33.081493,2.4963775,9,EPI_ISL_14344211,Omicron,BA.5.2,2022-07-21
-32.99573,2.2308264,9,EPI_ISL_15828556,Omicron,BF.15,2022-09-14
-32.893986,2.2310438,9,EPI_ISL_15478900,Omicron,Unassigned,2022-08-20
-32.979942,2.18402,9,EPI_ISL_14920990,Omicron,BA.5.2.1,2022-08-17
-32.893913,2.1839948,9,EPI_ISL_15840811,Omicron,BA.5.2.1,2022-11-05
-32.98002,2.5201187,9,EPI_ISL_15464056,Omicron,BF.5,2022-10-03
-33.112873,2.3091812,9,EPI_ISL_14734971,Omicron,BA.4.1,2022-07-06
-33.073795,2.4809217,9,EPI_ISL_15117483,Omicron,BA.5.2.1,2022-08-03
-32.753513,2.2074313,9,EPI_ISL_13713945,Omicron,BA.5.1,2022-06-27
-33.06606,2.2154112,9,EPI_ISL_15377746,Omicron,BF.5,2022-09-29
-32.034424,2.7464976,9,EPI_ISL_14217019,Omicron,BA.5.1.35,2022-07-12
-32.972137,2.2387176,9,EPI_ISL_14312790,Omicron,BF.8,2022-07-26
-32.972206,2.1996942,9,EPI_ISL_13981340,Omicron,BA.5.5,2022-07-14
-32.948677,2.2151856,9,EPI_ISL_15001995,Omicron,BA.5.1,2022-09-06
-33.00329,2.2622418,9,EPI_ISL_13873624,Omicron,BA.5.2.1,2022-06-27
-33.027042,2.3167782,9,EPI_ISL_16161403,Omicron,BA.5.6,2022-08-29
-32.901714,2.2153225,9,EPI_ISL_14141814,Omicron,BF.5,2022-07-12
-32.753376,2.426303,9,EPI_ISL_16008556,Omicron,BA.5.2,2022-11-25
-32.90961,2.1917953,9,EPI_ISL_13885435,Omicron,BA.4.1,2022-07-07
-32.925148,2.2388625,9,EPI_ISL_15093070,Omicron,BA.5.10,2022-09-12
-32.93311,2.5591269,9,EPI_ISL_14015831,Omicron,BA.5.1,2022-07-12
-33.214417,2.3323474,9,EPI_ISL_15063106,Omicron,BF.10,2022-09-08
-32.77707,2.3167896,9,EPI_ISL_17490378,Omicron,BA.5.2.49,2023-03-07
-32.784832,2.2777567,9,EPI_ISL_17158608,Omicron,BA.5.2.4,2022-10-21
-33.011368,2.3479776,9,EPI_ISL_14029093,Omicron,BA.5.1,2022-07-11
-32.870495,2.3950348,9,EPI_ISL_16098514,Omicron,BF.5,2022-09-04
-32.83947,2.2933006,9,EPI_ISL_17006886,Omicron,BA.5.1,2023-02-12
-33.01916,2.2933645,9,EPI_ISL_13981337,Omicron,BA.5.1,2022-07-08
-33.104916,2.1603866,9,EPI_ISL_15833573,Omicron,BF.5,2022-10-07
-32.941093,2.2152386,9,EPI_ISL_14080895,Omicron,BA.4,2022-07-09
-32.667496,2.19977,9,EPI_ISL_17490399,Omicron,BA.5.2.48,2023-03-15
-32.97222,2.3715649,9,EPI_ISL_15319758,Omicron,BA.5.10,2022-09-28
-32.74587,2.4341583,9,EPI_ISL_15168754,Omicron,BF.26,2022-09-12
-33.08163,2.5121922,9,EPI_ISL_14895695,Omicron,Unassigned,2022-08-29
-32.878525,2.1215324,9,EPI_ISL_15642568,Omicron,BF.5,2022-10-17
-32.870712,2.277835,9,EPI_ISL_14399190,Omicron,BA.5,2022-05-24
-30.128086,3.0043921,9,EPI_ISL_14821056,Omicron,Unassigned,2022-08-22
-32.948807,2.285612,9,EPI_ISL_14593301,Omicron,Unassigned,2022-08-08
-32.94889,2.277794,9,EPI_ISL_13661182,Omicron,BA.5.1.3,2022-06-08
-29.84663,3.0824594,9,EPI_ISL_14310816,Omicron,Unassigned,2022-07-14
-33.034683,2.285646,9,EPI_ISL_14342196,Omicron,BA.5.2.1,2022-07-03
-32.995705,2.3091393,9,EPI_ISL_15639785,Omicron,BA.5.2,2022-10-20
-33.0973,2.1216364,9,EPI_ISL_15435098,Omicron,BA.5.1.17,2022-10-10
-32.85501,2.3793664,9,EPI_ISL_15343042,Omicron,BA.5.1,2022-09-24
-32.956512,2.183898,9,EPI_ISL_14627484,Omicron,BA.5.6,2022-08-07
-32.831566,2.6059875,9,EPI_ISL_14245520,Omicron,BA.4.1,2022-07-28
-33.105038,2.2541819,9,EPI_ISL_14004957,Omicron,BA.4.1.1,2022-07-04
-32.894188,2.1605558,9,EPI_ISL_13114781,Omicron,BA.2,2022-05-26
-32.948788,2.496355,9,EPI_ISL_13491228,Omicron,BA.4.2,2022-06-09
-32.776962,2.332697,9,EPI_ISL_12791262,Omicron,BA.4.1,2022-05-06
-32.81578,2.4418316,9,EPI_ISL_14602116,Omicron,BA.4.1,2022-08-08
-33.167473,2.4808903,9,EPI_ISL_14807830,Omicron,BF.6,2022-08-22
-33.05031,2.2934031,9,EPI_ISL_14750258,Omicron,BA.5.5,2022-08-08
-33.00328,2.3480382,9,EPI_ISL_13750390,Omicron,BA.5.2,2022-06-30
-28.937538,2.8401701,9,EPI_ISL_15279832,Omicron,BA.5.2.1,2022-08-29
-32.901733,2.4341679,9,EPI_ISL_14251044,Omicron,BA.4.1,2022-07-24
-32.933086,2.3091955,9,EPI_ISL_15147082,Omicron,BA.5.1.30,2022-09-13
-33.07395,2.4104805,9,EPI_ISL_14530201,Omicron,BA.5.1,2022-07-25
-33.042538,2.2933998,9,EPI_ISL_14161516,Omicron,BA.5.2,2022-07-20
-31.886238,2.9261637,9,EPI_ISL_15455971,Omicron,BA.5.1.10,2022-10-13
-32.93312,2.1293635,9,EPI_ISL_14793418,Omicron,BF.5,2022-08-25
-33.09719,2.1528177,9,EPI_ISL_15659853,Omicron,BA.5.1.22,2022-10-11
-32.67532,2.543312,9,EPI_ISL_16073092,Omicron,BF.5,2022-11-14
-32.862762,2.2231545,9,EPI_ISL_15540464,Omicron,BA.5.1,2022-10-04
-33.065994,2.4416656,9,EPI_ISL_13981482,Omicron,BA.5.2,2022-07-05
-32.94082,2.2310023,9,EPI_ISL_13620925,Omicron,BA.5.2.1,2022-06-22
-29.92308,3.019607,9,EPI_ISL_14593279,Omicron,Unassigned,2022-08-08
-32.894154,2.3012376,9,EPI_ISL_13923598,Omicron,BA.5.5,2022-06-23
-32.964485,2.129466,9,EPI_ISL_14071013,Omicron,BA.4.4,2022-07-10
-32.948643,2.3482637,9,EPI_ISL_14383372,Omicron,BA.5.2.1,2022-07-25
-33.136303,2.4184818,9,EPI_ISL_13219440,Omicron,BA.4.1,2022-05-26
-33.104927,2.11375,9,EPI_ISL_14485391,Omicron,BA.5.2.1,2022-08-01
-32.839455,2.3168435,9,EPI_ISL_15792960,Omicron,BA.5.2.1,2022-09-21
-32.77687,2.2701073,9,EPI_ISL_14519018,Omicron,BA.5.2.1,2022-08-10
-32.87848,2.2777796,9,EPI_ISL_14338336,Omicron,BA.5.5,2022-07-25
-33.011314,2.3325448,9,EPI_ISL_17489310,Omicron,BA.5.2.48,2023-02-10
-30.800179,2.9807596,9,EPI_ISL_14065953,Omicron,BA.4.1,2022-07-19
-32.823757,2.3637242,9,EPI_ISL_17110190,Omicron,BA.5.5,2022-07-24
-32.87052,2.2152767,9,EPI_ISL_14507381,Omicron,BA.5.5,2022-07-26
-32.894073,2.2153158,9,EPI_ISL_15159264,Omicron,BA.5.1,2022-09-14
-33.050243,2.566949,9,EPI_ISL_13506455,Omicron,BA.5.6,2022-06-03
-33.03466,2.2308955,9,EPI_ISL_15293153,Omicron,BA.5.2,2022-10-02
-33.144043,2.4576144,9,EPI_ISL_15634731,Omicron,BA.5.2.21,2022-10-24
-33.02684,2.1137314,9,EPI_ISL_16604798,Omicron,DY.4,2023-01-04
-33.06604,2.3638277,9,EPI_ISL_15220568,Omicron,BA.5.5,2022-09-17
-33.019062,2.3482103,9,EPI_ISL_14394338,Omicron,BE.1.1.2,2022-07-09
-33.042587,2.2075214,9,EPI_ISL_13879736,Omicron,BA.5.1.5,2022-06-26
-32.878345,2.3012447,9,EPI_ISL_14434631,Omicron,BA.5.2.1,2022-08-01
-32.894226,2.199624,9,EPI_ISL_15403069,Omicron,BA.5.2,2022-09-27
-33.003456,2.2152982,9,EPI_ISL_13992854,Omicron,BA.5.6,2022-07-09
-32.73021,2.277647,9,EPI_ISL_13485372,Omicron,BA.5.5,2022-06-07
-32.909637,2.160634,9,EPI_ISL_16357415,Omicron,BA.5.2,2022-12-07
-33.21434,2.5668483,9,EPI_ISL_15372226,Omicron,Unassigned,2022-10-04
-32.784744,2.254259,9,EPI_ISL_14124549,Omicron,BA.5.2.4,2022-07-20
-33.05033,2.0824661,9,EPI_ISL_15763551,Omicron,BA.5.1.30,2022-10-24
-33.073765,2.246666,9,EPI_ISL_15602500,Omicron,BF.5,2022-09-22
-32.79243,2.1294394,9,EPI_ISL_14952985,Omicron,BE.1.1,2022-07-21
-32.761414,2.4026914,9,EPI_ISL_14290956,Omicron,BA.5.1,2022-07-20
-32.964333,2.371726,9,EPI_ISL_16340254,Omicron,BA.5.2.1,2022-12-08
-32.8081,2.1137342,9,EPI_ISL_14821316,Omicron,Unassigned,2022-08-19
-33.011322,2.3013535,9,EPI_ISL_15510953,Omicron,BA.5.1.1,2022-10-10
-32.894154,2.4341302,9,EPI_ISL_13229813,Omicron,BA.5.1,2022-05-31
-32.83162,2.0433078,9,EPI_ISL_16595964,Omicron,BF.5,2022-12-15
-33.003464,2.1605487,9,EPI_ISL_15462318,Omicron,BA.4,2022-07-13
-33.24575,2.2776957,9,EPI_ISL_14304436,Omicron,BA.5.2,2022-07-25
-33.128605,2.0982137,9,EPI_ISL_15034459,Omicron,BA.4.1,2022-07-21
-32.909748,2.2778687,9,EPI_ISL_13705780,Omicron,BA.5.2.1,2022-06-19
-33.14408,2.2388344,9,EPI_ISL_13724367,Omicron,BA.5.2.1,2022-06-18
-31.690792,2.832664,9,EPI_ISL_14607346,Omicron,BA.5.1,2022-08-04
-32.92531,2.2776918,9,EPI_ISL_14539288,Omicron,Unassigned,2022-06-11
-33.01906,2.3638592,9,EPI_ISL_16716834,Omicron,BA.5.2.1,2023-01-12
-32.987724,2.4810686,9,EPI_ISL_15912446,Omicron,BA.5.1,2022-10-12
-29.768284,3.0821638,9,EPI_ISL_17343060,Omicron,BA.5.2.1,2023-03-11
-32.948853,2.2465763,9,EPI_ISL_15619849,Omicron,BA.5.2,2022-09-26
-32.847153,2.191937,9,EPI_ISL_14186644,Omicron,BA.4.4,2022-07-25
-32.948807,2.3013263,9,EPI_ISL_13428586,Omicron,BA.5.1.23,2022-06-10
-32.862823,2.3636818,9,EPI_ISL_14967301,Omicron,BF.5,2022-08-09
-33.081642,2.3716364,9,EPI_ISL_14892326,Omicron,BA.5.2,2022-08-15
-29.915455,3.0198498,9,EPI_ISL_14853464,Omicron,BA.4,2022-07-14
-32.831604,2.2387266,9,EPI_ISL_14405711,Omicron,BA.5.1,2022-07-24
-30.268469,3.066756,9,EPI_ISL_14574839,Omicron,BA.5.2,2022-08-11
-32.979958,2.2777796,9,EPI_ISL_16150067,Omicron,BF.28,2022-10-20
-32.87832,2.535561,9,EPI_ISL_14184058,Omicron,BA.5.2.1,2022-07-18
-33.05812,2.168538,9,EPI_ISL_14987570,Omicron,BA.4.1,2022-08-31
-33.02688,2.1919937,9,EPI_ISL_15006895,Omicron,Unassigned,2022-09-04
-33.05815,2.1684446,9,EPI_ISL_15200260,Omicron,BA.5.2.1,2022-09-10
-32.979904,2.1840372,9,EPI_ISL_14148839,Omicron,BA.5.1.5,2022-07-20
-33.058273,2.2856255,9,EPI_ISL_15225711,Omicron,BA.5.2.53,2022-09-23
-32.78457,2.1606026,9,EPI_ISL_15261136,Omicron,BF.21,2022-09-03
-32.909637,2.5354419,9,EPI_ISL_15237810,Omicron,BA.5.1,2022-09-18
-32.79245,2.3480167,9,EPI_ISL_15292147,Omicron,BA.5.2,2022-09-19
-32.980064,2.3950176,9,EPI_ISL_13409448,Omicron,BF.3,2022-06-12
-32.81589,2.4496417,9,EPI_ISL_14781379,Omicron,BF.5,2022-08-10
-29.745213,3.1448383,9,EPI_ISL_16316965,Omicron,BA.5.1,2022-11-25
-33.026917,2.3870978,9,EPI_ISL_16083569,Omicron,BA.5.1,2022-11-07
-33.019196,2.3402295,9,EPI_ISL_15965964,Omicron,BA.5.2,2022-10-16
-32.933136,2.1840286,9,EPI_ISL_15478035,Omicron,Unassigned,2022-07-29
-30.706411,3.0120468,9,EPI_ISL_15548051,Omicron,Unassigned,2022-10-17
-33.089306,2.192102,9,EPI_ISL_14899666,Omicron,BA.5.5,2022-08-24
-33.03473,2.3324986,9,EPI_ISL_14848023,Omicron,BA.5.2.1,2022-08-16
-32.792603,2.1839104,9,EPI_ISL_13809858,Omicron,BA.4.1,2022-06-29
-33.167564,2.5980206,9,EPI_ISL_13739063,Omicron,BA.4.1,2022-07-02
-32.995686,2.371642,9,EPI_ISL_14522165,Omicron,BA.5.2.20,2022-08-10
-33.050186,2.113708,9,EPI_ISL_15808804,Omicron,BA.5.2,2022-10-16
-30.95648,3.1918287,9,EPI_ISL_14982034,Omicron,BA.5,2022-08-26
-29.854166,3.0666437,9,EPI_ISL_17187584,Omicron,BA.5.2,2022-09-20
-33.081528,2.28543,9,EPI_ISL_13461389,Omicron,BF.5,2022-06-19
-32.901814,2.2544584,9,EPI_ISL_14381774,Omicron,BA.4,2022-07-04
-33.073723,2.3636923,9,EPI_ISL_14323359,Omicron,BF.5,2022-07-31
-30.472109,3.0668335,9,EPI_ISL_14188282,Omicron,BA.5.1.1,2022-07-18
-32.77684,2.238638,9,EPI_ISL_15643642,Omicron,BA.5.2,2022-10-20
-33.097244,2.0980644,9,EPI_ISL_14251151,Omicron,BA.5.2.1,2022-07-21
-32.925224,2.3012552,9,EPI_ISL_13176917,Omicron,BA.5.1,2022-05-30
-28.961018,2.848064,9,EPI_ISL_15828931,Omicron,BA.5.2.20,2022-10-07
-32.933094,2.1763287,9,EPI_ISL_13991464,Omicron,BA.5.1,2022-06-21
-32.81595,2.285584,9,EPI_ISL_16486444,Omicron,BA.5.1,2022-12-22
-33.073837,2.2699795,9,EPI_ISL_16167915,Omicron,BA.5.2.1,2022-12-13
-32.745792,2.1450753,9,EPI_ISL_16216688,Omicron,BA.5.2,2022-12-03
-31.862492,2.855874,9,EPI_ISL_15891133,Omicron,BA.5.3.1,2022-09-19
-32.83168,2.176138,9,EPI_ISL_15494442,Omicron,BA.5.2,2022-09-29
-32.933178,2.1529684,9,EPI_ISL_14954104,Omicron,BA.5.2,2022-09-06
-32.792473,2.4654036,9,EPI_ISL_13768435,Omicron,BA.5.2.3,2022-07-06
-31.729904,3.0046005,9,EPI_ISL_14505901,Omicron,BA.5.2,2022-07-18
-33.105137,2.2856002,9,EPI_ISL_13199134,Omicron,BE.1,2022-06-04
-32.94879,2.3167086,9,EPI_ISL_13924229,Omicron,BE.1.1,2022-06-23
-32.948784,2.0512724,9,EPI_ISL_17281223,Omicron,BF.5,2023-02-27
-32.76901,2.512236,9,EPI_ISL_15806676,Omicron,BA.5.2.26,2022-10-17
-32.96444,2.2151833,9,EPI_ISL_14523059,Omicron,BA.5.2.1,2022-07-27
-33.08144,2.2465801,9,EPI_ISL_14915318,Omicron,BA.5.2.26,2022-08-05
-33.128513,2.30896,9,EPI_ISL_14257016,Omicron,BA.4.5,2022-07-28
-32.706486,2.355814,9,EPI_ISL_16948623,Omicron,BA.5.2,2023-01-11
-32.769043,2.1604977,9,EPI_ISL_17328848,Omicron,BF.8,2022-10-16
-32.917496,2.590312,9,EPI_ISL_14256666,Omicron,BA.5.2,2022-07-23
-32.98002,2.2152643,9,EPI_ISL_13890964,Omicron,BF.5,2022-07-05
-33.151848,2.3716211,9,EPI_ISL_16286999,Omicron,BA.5.2,2022-12-14
-32.71445,2.559103,9,EPI_ISL_13916347,Omicron,BA.5.3,2022-07-05
-33.0347,2.2388024,9,EPI_ISL_14339952,Omicron,BF.5,2022-07-08
-32.800434,2.184103,9,EPI_ISL_15049868,Omicron,BA.5.2.1,2022-08-10
-33.04256,2.254177,9,EPI_ISL_15421695,Omicron,BA.5.2,2022-09-01
-32.847183,2.293398,9,EPI_ISL_13914441,Omicron,BE.1.1,2022-06-13
-32.995483,2.3559256,9,EPI_ISL_15527936,Omicron,BA.5.2,2022-10-10
-32.987732,2.137236,9,EPI_ISL_15658783,Omicron,BA.5.2,2022-09-22
-32.823807,2.4105759,9,EPI_ISL_14869912,Omicron,BA.5.5,2022-08-04
-32.81598,2.0358343,9,EPI_ISL_15436127,Omicron,BA.5.2,2022-10-15
-33.019062,2.3323865,9,EPI_ISL_15992890,Omicron,BA.5.2,2022-11-21
-33.003513,2.1293602,9,EPI_ISL_17697496,Omicron,BA.5.2,2022-09-14
-32.99552,2.1527991,9,EPI_ISL_15169422,Omicron,BA.5.2.1,2022-08-29
-32.948826,2.2230697,9,EPI_ISL_15274435,Omicron,BA.5.1.5,2022-09-04
-32.995758,2.2855067,9,EPI_ISL_16481781,Omicron,BA.5.2.1,2022-12-26
-33.04255,2.2465754,9,EPI_ISL_14027848,Omicron,BA.5.1.3,2022-06-30
-32.956615,2.0823884,9,EPI_ISL_14980108,Omicron,BA.5.2.3,2022-08-29
-33.058228,2.1997557,9,EPI_ISL_15418773,Omicron,BA.5.1.10,2022-09-12
-32.839355,2.324666,9,EPI_ISL_15306472,Omicron,BA.5.2.1,2022-09-18
-32.94081,2.4106488,9,EPI_ISL_12721245,Omicron,BA.5.1.3,2022-05-01
-31.268543,3.012188,9,EPI_ISL_17041208,Omicron,BE.2,2022-07-25
-33.019264,2.3168612,9,EPI_ISL_12903475,Omicron,BA.4,2022-04-23
-32.753372,2.3559523,9,EPI_ISL_15478454,Omicron,Unassigned,2022-08-09
-32.925392,2.1526852,9,EPI_ISL_13634314,Omicron,BA.4,2022-06-27
-32.80789,2.3245502,9,EPI_ISL_13743993,Omicron,BA.5.1,2022-06-27
-33.0347,2.2935357,9,EPI_ISL_17501576,Omicron,BA.5.2.48,2023-03-31
-33.073826,2.137135,9,EPI_ISL_13849718,Omicron,BA.5.6,2022-07-05
-32.722195,2.4340057,9,EPI_ISL_15534613,Omicron,BA.5.2.1,2022-10-09
-32.800274,2.3400645,9,EPI_ISL_14900006,Omicron,BA.5.2.1,2022-08-25
-32.79252,2.0903735,9,EPI_ISL_15478744,Omicron,Unassigned,2022-08-18
-32.831543,2.3481302,9,EPI_ISL_13971849,Omicron,BA.5.2,2022-07-13
-33.081577,2.2467146,9,EPI_ISL_14824304,Omicron,BA.4.1,2022-08-14
-32.651802,2.301096,9,EPI_ISL_13933812,Omicron,BE.1.1,2022-07-07
-32.83153,2.2934923,9,EPI_ISL_15286607,Omicron,BE.1.1,2022-09-28
-33.034576,2.2776766,9,EPI_ISL_14267186,Omicron,BA.5.2.1,2022-07-16
-32.737816,2.3012118,9,EPI_ISL_14327669,Omicron,BA.4.1.4,2022-07-31
-32.894142,2.1763744,9,EPI_ISL_15544025,Omicron,BA.5.2,2022-10-10
-31.84684,2.7309885,9,EPI_ISL_14898121,Omicron,BA.5.2.21,2022-08-27
-32.800327,2.262107,9,EPI_ISL_14637762,Omicron,BF.5,2022-07-26
-32.65195,2.3872857,9,EPI_ISL_14805404,Omicron,BA.5.2.1,2022-08-03
-32.964508,2.1214705,9,EPI_ISL_14651165,Omicron,BA.4.1,2022-08-05
-32.839283,2.4575982,9,EPI_ISL_15374278,Omicron,BF.5,2022-10-06
-33.0114,2.2310677,9,EPI_ISL_13768468,Omicron,BA.4.4,2022-07-05
-32.92534,2.2231407,9,EPI_ISL_16557984,Omicron,BA.5.2,2022-11-21
-33.15178,2.261949,9,EPI_ISL_15815977,Omicron,BA.5.2,2022-11-01
-30.846722,3.012123,9,EPI_ISL_13427487,Omicron,BE.1,2022-06-07
-32.761246,2.4574366,9,EPI_ISL_17443716,Omicron,BA.5.5,2022-11-04
-33.042545,2.1136718,9,EPI_ISL_13848713,Omicron,BE.3,2022-07-01
-33.042404,2.3012094,9,EPI_ISL_14853870,Omicron,BA.5.2,2022-08-28
-33.0348,2.2856798,9,EPI_ISL_14573094,Omicron,BA.5.1,2022-08-02
-32.948624,2.3324966,9,EPI_ISL_13866702,Omicron,BA.5.1,2022-07-04
-33.097187,2.4029965,9,EPI_ISL_13977246,Omicron,BA.5.5,2022-07-10
-32.93319,2.2151608,9,EPI_ISL_14563240,Omicron,BE.1.1,2022-08-12
-32.909653,2.2855744,9,EPI_ISL_14807113,Omicron,BA.5.1,2022-08-23
-32.941185,2.277875,9,EPI_ISL_15504170,Omicron,BA.5.2,2022-09-10
-32.737896,2.5902643,9,EPI_ISL_16217259,Omicron,BA.5.2,2022-12-06
-32.987865,2.2154288,9,EPI_ISL_13102144,Omicron,BA.4,2022-05-24
-32.956505,2.2621412,9,EPI_ISL_14335032,Omicron,BA.5,2022-07-19
-32.81601,2.301468,9,EPI_ISL_16977212,Omicron,BA.5.2.48,2023-02-01
-32.956696,2.2933712,9,EPI_ISL_13873896,Omicron,BA.4,2022-06-27
-30.135714,3.058837,9,EPI_ISL_13966494,Omicron,BA.5.1,2022-06-27
-33.10499,2.1527014,9,EPI_ISL_15661908,Omicron,Unassigned,2022-10-20
-32.761177,2.0747104,9,EPI_ISL_14180003,Omicron,BA.5.1,2022-07-23
-32.97995,2.246499,9,EPI_ISL_15245532,Omicron,BF.28,2022-09-15
-29.846489,3.0511646,9,EPI_ISL_14639952,Omicron,BA.5.1,2022-08-17
-33.089405,2.0825977,9,EPI_ISL_14973911,Omicron,BA.5.2,2022-09-12
-33.01136,2.4417462,9,EPI_ISL_13295940,Omicron,BA.5.3,2022-05-25
-32.92511,2.301197,9,EPI_ISL_13888720,Omicron,BA.2,2022-07-08
-32.948765,2.2231884,9,EPI_ISL_15119619,Omicron,BA.5.2.1,2022-09-05
-32.768936,2.3560348,9,EPI_ISL_14834661,Omicron,BA.4.1.1,2022-08-22
-33.011147,2.1839695,9,EPI_ISL_15074370,Omicron,BA.5.2.37,2022-08
-33.03458,2.3872123,9,EPI_ISL_13856652,Omicron,BA.5.6,2022-07-07
-30.589241,3.0591059,9,EPI_ISL_13393986,Omicron,BF.1,2022-06-09
-33.11281,2.480977,9,EPI_ISL_16340639,Omicron,BA.5.2,2022-12-11
-32.901978,2.3948364,9,EPI_ISL_13019086,Omicron,BA.5.1,2022-05-16
-33.050377,2.1057386,9,EPI_ISL_15266976,Omicron,BA.5.1.1,2022-09-21
-32.91773,2.1762738,9,EPI_ISL_15477603,Omicron,Unassigned,2022-07-28
-32.964302,2.2465382,9,EPI_ISL_14476145,Omicron,BA.5.2,2022-08-02
-28.90767,3.027545,9,EPI_ISL_14156119,Omicron,BA.4.1,2022-07-09
-32.894016,2.3558912,9,EPI_ISL_13473264,Omicron,Unassigned,2022-06-09
-32.948727,2.2464542,9,EPI_ISL_15645914,Omicron,BE.1.1,2022-10-25
-33.0035,2.3402767,9,EPI_ISL_14983585,Omicron,BA.5.2.1,2022-09-02
-32.964417,2.2620459,9,EPI_ISL_13647883,Omicron,BA.5.2,2022-06-21
-32.886177,2.2232533,9,EPI_ISL_15369603,Omicron,BA.5.2.1,2022-10-03
-32.50366,2.3950062,9,EPI_ISL_16698001,Omicron,BA.5.2.49,2023-01-22
-32.964527,2.348071,9,EPI_ISL_13644073,Omicron,BF.10,2022-06-17
-32.72227,2.1683683,9,EPI_ISL_14253217,Omicron,BA.5.2.1,2022-08-02
-32.792572,2.2545023,9,EPI_ISL_15667237,Omicron,BE.2,2022-10-11
-33.089493,2.4340878,9,EPI_ISL_14528141,Omicron,BE.1.1,2022-07-18
-32.831455,2.2154455,9,EPI_ISL_15696751,Omicron,BA.5.2.26,2022-09-29
-33.050346,2.1763086,9,EPI_ISL_14445660,Omicron,BA.5.2,2022-07-27
-32.76123,2.3402243,9,EPI_ISL_14818551,Omicron,BA.5.2.20,2022-08-25
-33.06609,2.3403158,9,EPI_ISL_13098049,Omicron,Unassigned,2022-05-24
-33.058273,2.223073,9,EPI_ISL_15105542,Omicron,BE.1,2022-09-07
-32.83946,2.1683626,9,EPI_ISL_14822310,Omicron,Unassigned,2022-08-22
-33.11287,2.2935047,9,EPI_ISL_13108926,Omicron,BA.5.1,2022-05-24
-32.85508,2.3402205,9,EPI_ISL_15280824,Omicron,BA.4,2022-07-10
-32.91744,2.2466717,9,EPI_ISL_13772342,Omicron,BA.5,2022-07-05
-30.158918,2.8791895,9,EPI_ISL_16054938,Omicron,BA.5.1,2022-11-07
-32.815865,2.6061225,9,EPI_ISL_13912735,Omicron,BA.5.5,2022-06-29
-30.706396,3.0122328,9,EPI_ISL_13282759,Omicron,BA.5.1,2022-05-31
-33.073677,2.2856755,9,EPI_ISL_14549491,Omicron,BA.5.2,2022-07-13
-33.089764,2.0903301,9,EPI_ISL_14160291,Omicron,BF.5,2022-07-13
-33.120815,2.4654016,9,EPI_ISL_15861787,Omicron,BA.5.2.31,2022-11-10
-32.894043,2.2699094,9,EPI_ISL_16107088,Omicron,BA.5.2,2022-11-21
-32.870632,2.1842089,9,EPI_ISL_13229922,Omicron,BA.5.1,2022-05-29
-28.951618,2.8481445,9,EPI_ISL_15413219,Omicron,BA.5.2,2022-09-28
-33.050335,2.4029245,9,EPI_ISL_15170980,Omicron,BA.5.1,2022-09-11
-33.027084,2.0981998,9,EPI_ISL_13516328,Omicron,BA.4.1,2022-06-22
-32.94092,2.473311,9,EPI_ISL_14666955,Omicron,BA.5.2,2022-08-16
-32.964203,2.1920223,9,EPI_ISL_14362378,Omicron,BA.5.6,2022-07-14
-32.917656,2.277769,9,EPI_ISL_14316159,Omicron,BA.5.2,2022-07-24
-33.02684,2.441895,9,EPI_ISL_15479815,Omicron,BA.5.2.20,2022-08-17
-32.956604,2.4418082,9,EPI_ISL_15478530,Omicron,Unassigned,2022-08-30
-32.964653,2.4105964,9,EPI_ISL_16279451,Omicron,BA.5.2,2022-12-06
-33.120716,2.2153988,9,EPI_ISL_14013607,Omicron,Unassigned,2022-07-12
-33.089375,2.3636703,9,EPI_ISL_15170419,Omicron,BF.15,2022-08-09
-33.1128,2.1762667,9,EPI_ISL_17110254,Omicron,BA.5.2.1,2022-10-25
-32.94879,2.2386618,9,EPI_ISL_14254846,Omicron,BF.27,2022-07-11
-32.698627,2.316801,9,EPI_ISL_13712426,Omicron,BA.4.5,2022-06-29
-32.91763,2.2933884,9,EPI_ISL_14573747,Omicron,BA.5.2,2022-08-11
-32.925373,2.2385979,9,EPI_ISL_14452848,Omicron,Unassigned,2022-07-25
-32.995544,2.082592,9,EPI_ISL_16019684,Omicron,BA.5.2.59,2022-11-27
-32.948822,2.5201163,9,EPI_ISL_15988172,Omicron,BA.5.2,2022-11-15
-33.089447,2.0121589,9,EPI_ISL_14902155,Omicron,BA.5.2.31,2022-08-23
-32.909622,2.6136184,9,EPI_ISL_14313901,Omicron,BA.4.1.6,2022-07-29
-32.909897,2.3794389,9,EPI_ISL_14607144,Omicron,BA.5.2,2022-07-27
-32.87839,2.1137075,9,EPI_ISL_15129420,Omicron,BA.5.1,2022-09-06
-32.948887,2.3638248,9,EPI_ISL_14656446,Omicron,BF.8,2022-08-06
-32.95665,2.2622986,9,EPI_ISL_15421384,Omicron,BE.1,2022-09-16
-32.79239,2.2152343,9,EPI_ISL_14165196,Omicron,BA.5.2,2022-07-19
-32.862778,2.1839309,9,EPI_ISL_14012891,Omicron,Unassigned,2022-07-15
-32.956516,2.0666447,9,EPI_ISL_15219635,Omicron,BA.5.5,2022-09-17
-33.11287,2.2933645,9,EPI_ISL_13732927,Omicron,BA.5.1.3,2022-06-30
-32.98015,2.2778115,9,EPI_ISL_16432767,Omicron,BF.5,2022-12-05
-32.886253,2.3169637,9,EPI_ISL_14337307,Omicron,BA.5.1,2022-07-23
-32.92539,2.2154207,9,EPI_ISL_14828352,Omicron,BA.5.2,2022-08-21
-33.0504,2.18403,9,EPI_ISL_13285704,Omicron,BA.4.1,2022-05-30
-32.73776,2.199772,9,EPI_ISL_13738987,Omicron,BA.4.1,2022-07-03
-32.94071,2.2622695,9,EPI_ISL_13048552,Omicron,BA.4,2022-04-30
-31.276623,3.027567,9,EPI_ISL_15170632,Omicron,BF.5,2022-08-31
-33.003483,2.2778358,9,EPI_ISL_15264160,Omicron,BA.5.2,2022-09-09
-32.96449,2.6606913,9,EPI_ISL_14883625,Omicron,BA.5.2,2022-08-26
-33.105137,2.1605453,9,EPI_ISL_14161309,Omicron,BF.4,2022-07-05
-33.11269,2.074687,9,EPI_ISL_14996359,Omicron,BA.5.2,2022-09-05
-31.721943,3.0903225,9,EPI_ISL_14274200,Omicron,BA.5.2.1,2022-07-17
-33.066032,2.0745964,9,EPI_ISL_14359500,Omicron,BA.4.1.7,2022-08-02
-32.808167,2.1137304,9,EPI_ISL_15623040,Omicron,BA.5.2,2022-10-19
-32.964504,2.3793392,9,EPI_ISL_14387200,Omicron,BA.4.1,2022-08-05
-33.152016,2.356038,9,EPI_ISL_13549302,Omicron,BA.4,2022-06-07
-32.855137,2.4262042,9,EPI_ISL_13381508,Omicron,BA.5,2022-06-07
-33.05049,2.2700853,9,EPI_ISL_15472320,Omicron,BA.5.2.20,2022-10-05
-33.11283,2.2621298,9,EPI_ISL_15047463,Omicron,BA.5.2,2022-08-15
-29.625912,3.082129,9,EPI_ISL_15797142,Omicron,BA.5.2.1,2022-10-21
-32.698853,2.4729095,9,EPI_ISL_16846582,Omicron,BA.5.6,2022-07-22
-33.00341,2.2231493,9,EPI_ISL_14617121,Omicron,BA.5.2,2022-08-17
-33.0895,2.2542949,9,EPI_ISL_15901320,Omicron,BA.5.1,2022-11-08
-32.901833,2.449728,9,EPI_ISL_16241959,Omicron,BA.5.2,2022-07-28
-32.87068,2.504281,9,EPI_ISL_15051891,Omicron,BA.5.5,2022-08-21
-30.995409,2.895082,9,EPI_ISL_15816403,Omicron,Unassigned,2022-11-08
-32.777122,2.5042386,9,EPI_ISL_14767022,Omicron,BA.5.2.3,2022-08-01
-32.909565,2.5668907,9,EPI_ISL_14076566,Omicron,BA.5.5,2022-07-15
-32.972553,2.5825396,9,EPI_ISL_15132648,Omicron,BA.5.1,2022-07-19
-32.99555,2.426197,9,EPI_ISL_15597727,Omicron,BA.5.1,2022-09-24
-32.94082,2.277851,9,EPI_ISL_13881202,Omicron,BA.4.1.1,2022-06-24
-33.050182,2.3871536,9,EPI_ISL_14608091,Omicron,BA.5.5,2022-08-15
-33.003475,2.44981,9,EPI_ISL_15509082,Omicron,BA.5.2,2022-09-22
-33.00361,2.1840367,9,EPI_ISL_16614079,Omicron,BA.5.2.49,2022-12-08
-32.7847,2.394971,9,EPI_ISL_16337773,Omicron,BF.21,2022-11-25
-32.909782,2.2229538,9,EPI_ISL_14476923,Omicron,BA.5.6,2022-07-29
-33.097107,2.2620144,9,EPI_ISL_15024512,Omicron,BF.39,2022-08-31
-32.878513,2.1918464,9,EPI_ISL_17494657,Omicron,BA.5.2.49,2023-02-24
-32.987743,2.3012362,9,EPI_ISL_16039751,Omicron,BF.5,2022-11-14
-32.78481,2.168497,9,EPI_ISL_15820828,Omicron,BA.5.2.1,2022-10-28
-33.0346,2.4107227,9,EPI_ISL_14993352,Omicron,BA.5.2,2022-09-06
-32.925163,2.215434,9,EPI_ISL_13503558,Omicron,BA.5.1.1,2022-06-18
-32.948753,2.1293364,9,EPI_ISL_15157825,Omicron,BE.1.1,2022-08-16
-31.761368,3.0903668,9,EPI_ISL_15693266,Omicron,BA.5.2.1,2022-10-22
-32.76924,2.238689,9,EPI_ISL_15149170,Omicron,BA.5.2.1,2022-09-16
-32.886322,2.340382,9,EPI_ISL_14310558,Omicron,Unassigned,2022-07-14
-33.08178,2.254509,9,EPI_ISL_15086514,Omicron,Unassigned,2022-09-13
-32.85501,2.3714466,9,EPI_ISL_16636083,Omicron,BA.5.2.49,2022-12-23
-33.01112,2.4966044,9,EPI_ISL_15291642,Omicron,BA.5.2,2022-06-09
-32.925323,2.184144,9,EPI_ISL_15448883,Omicron,BA.5.1.5,2022-10-04
-32.79251,2.3950548,9,EPI_ISL_14060110,Omicron,BA.5.5,2022-07-05
-32.956505,2.1526508,9,EPI_ISL_14147229,Omicron,BA.5,2022-07-07
-32.92524,2.2699947,9,EPI_ISL_12845565,Omicron,BA.4.1,2022-05-11
-29.84655,3.0744896,9,EPI_ISL_16950732,Omicron,BF.5,2023-01-30
-32.94093,2.1918159,9,EPI_ISL_14830683,Omicron,BA.5.6,2022-08-17
-32.956535,2.45751,9,EPI_ISL_14523567,Omicron,BE.1.1,2022-08-08
-30.90155,2.949513,9,EPI_ISL_16301840,Omicron,BA.5.2.1,2022-11-26
-33.03495,2.3325539,9,EPI_ISL_15149604,Omicron,BF.5,2022-09-12
-32.972336,2.1762419,9,EPI_ISL_15411793,Omicron,BF.39,2022-09-26
-33.05055,2.426301,9,EPI_ISL_15993145,Omicron,BA.5.2.20,2022-11-16
-32.8472,2.0824547,9,EPI_ISL_14282424,Omicron,BF.5,2022-07-25
-33.097435,2.1214294,9,EPI_ISL_14819197,Omicron,BE.1,2022-08-27
-33.206448,2.223082,9,EPI_ISL_14652142,Omicron,BA.5.1,2022-08-07
-32.93318,2.3011446,9,EPI_ISL_13235041,Omicron,BA.5.3,2022-05-25
-32.94886,2.527636,9,EPI_ISL_14539523,Omicron,Unassigned,2022-06-25
-32.97226,2.1293607,9,EPI_ISL_14820051,Omicron,Unassigned,2022-08-17
-32.823746,2.3090763,9,EPI_ISL_15919993,Omicron,BA.5.1.22,2022-09-22
-32.925262,2.1918783,9,EPI_ISL_14311054,Omicron,BA.5.5,2022-07-26
-32.956627,2.1606212,9,EPI_ISL_16543331,Omicron,BA.5.2.1,2022-08-23
-32.784817,2.5434294,9,EPI_ISL_16159447,Omicron,BA.5,2022-11-01
-32.894157,2.4338841,9,EPI_ISL_14687289,Omicron,BA.5.2,2022-08-21
-32.987793,2.309084,9,EPI_ISL_16604632,Omicron,BA.5.2.49,2023-01-06
-32.769104,2.3714552,9,EPI_ISL_14267965,Omicron,BA.5.5,2022-07-15
-32.71438,2.1763964,9,EPI_ISL_17187058,Omicron,BF.5,2023-02-07
-33.00358,2.2700233,9,EPI_ISL_17698493,Omicron,BF.5,2022-11-01
-33.026848,2.3169646,9,EPI_ISL_14416714,Omicron,BA.5.2,2022-07-29
-32.932945,2.5746703,9,EPI_ISL_15098933,Omicron,BA.5.2,2022-08-06
-33.073765,2.504342,9,EPI_ISL_16167383,Omicron,BA.5.1.21,2022-10-02
-32.94094,2.3011527,9,EPI_ISL_13999516,Omicron,BA.5.1,2022-06-29
-32.988018,2.301198,9,EPI_ISL_13977266,Omicron,BA.5,2022-07-10
-32.90963,2.3559084,9,EPI_ISL_15404905,Omicron,BF.5,2022-09-27
-32.886368,2.4887385,9,EPI_ISL_17487022,Omicron,BA.5.2.48,2023-03-10
-33.136272,2.457644,9,EPI_ISL_14041493,Omicron,BA.4.1,2022-07-08
-33.08937,2.160653,9,EPI_ISL_15418702,Omicron,BA.5.2,2022-09-21
-32.909695,2.512064,9,EPI_ISL_14293861,Omicron,BA.5.2.21,2022-07-22
-33.011307,2.3636913,9,EPI_ISL_13923242,Omicron,BA.5.5,2022-07-10
-32.784718,2.285658,9,EPI_ISL_16360144,Omicron,BA.5.2.1,2022-11-07
-33.104935,2.3325195,9,EPI_ISL_16241400,Omicron,BF.3,2022-08-10
-32.98784,2.2934122,9,EPI_ISL_16279625,Omicron,BF.5,2022-12-09
-32.74561,2.3402367,9,EPI_ISL_15720767,Omicron,BF.5,2022-11-01
-33.144108,2.3245592,9,EPI_ISL_15222525,Omicron,BA.5.2.26,2022-09-22
-32.97999,2.5589352,9,EPI_ISL_17014503,Omicron,BA.5.2.1,2023-01-26
-33.089287,2.1764011,9,EPI_ISL_16534931,Omicron,BF.5,2022-12-20
-32.85491,2.1683884,9,EPI_ISL_15085869,Omicron,BA.5.1,2022-09-04
-31.768934,2.89507,9,EPI_ISL_14866443,Omicron,BA.5.2.1,2022-08-26
-32.933006,2.1293192,9,EPI_ISL_14661693,Omicron,BA.5.5,2022-07-19
-33.081562,2.1996174,9,EPI_ISL_13849137,Omicron,BA.5.5,2022-07-02
-33.198742,2.3793836,9,EPI_ISL_15924494,Omicron,BA.5.2.19,2022-10-29
-32.902065,2.3168259,9,EPI_ISL_14191960,Omicron,BA.5.2.1,2022-07-09
-32.839375,2.168552,9,EPI_ISL_14738361,Omicron,BA.5.2.1,2022-08-15
-33.0895,2.3950233,9,EPI_ISL_16054952,Omicron,BA.5.2,2022-10-24
-31.674957,2.8089561,9,EPI_ISL_13564614,Omicron,BA.4.1,2022-06-10
-32.941032,2.1919484,9,EPI_ISL_13954803,Omicron,BA.5.1.5,2022-07-03
-32.83158,2.394896,9,EPI_ISL_14043399,Omicron,BA.5.1,2022-07-05
-32.97985,2.1762366,9,EPI_ISL_16396786,Omicron,BA.5.5,2022-09-06
-30.580952,2.879332,9,EPI_ISL_14032931,Omicron,BA.5.2,2022-07-11
-32.972073,2.402699,9,EPI_ISL_14886732,Omicron,BA.5.2,2022-08-23
-32.901756,2.2933917,9,EPI_ISL_14386191,Omicron,BF.21,2022-07-24
-33.183258,2.0201025,9,EPI_ISL_15924988,Omicron,BA.5.2.1,2022-11-18
-32.644062,2.3715515,9,EPI_ISL_14074951,Omicron,BA.4.1,2022-07-21
-32.933163,2.2620587,9,EPI_ISL_14721401,Omicron,BA.5.2,2022-08-17
-32.902016,2.3324933,9,EPI_ISL_13637489,Omicron,BA.5.2,2022-06-23
-32.74566,2.0121675,9,EPI_ISL_16334622,Omicron,DY.1.1,2022-12-22
-33.128525,2.3872662,9,EPI_ISL_16940328,Omicron,BF.5,2023-02-02
-33.175503,2.4497457,9,EPI_ISL_15119322,Omicron,BF.5,2022-08-31
-32.87049,2.2854843,9,EPI_ISL_15643823,Omicron,BA.5.2,2022-10-17
-32.76146,2.0512009,9,EPI_ISL_14286092,Omicron,BA.4.1,2022-06-24
-33.019035,2.5511212,9,EPI_ISL_14591200,Omicron,Unassigned,2022-08-01
-28.899752,3.0194402,9,EPI_ISL_13387050,Omicron,BA.5.3.2,2022-06-13
-32.909767,2.2389655,9,EPI_ISL_16289147,Omicron,BF.21,2022-08-15
-32.948685,2.1373158,9,EPI_ISL_14843731,Omicron,BA.5.1,2022-07-25
-32.980232,2.1997046,9,EPI_ISL_14457756,Omicron,BA.5.8,2022-08-02
-32.909542,2.246478,9,EPI_ISL_15111629,Omicron,BA.5.1,2022-09-12
-32.964314,2.2230601,9,EPI_ISL_14950012,Omicron,BF.21,2022-08-25
-32.761154,2.144977,9,EPI_ISL_14165950,Omicron,BF.6,2022-07-20
-32.855072,2.1059084,9,EPI_ISL_15281892,Omicron,BA.5.2.1,2022-09-18
-32.964226,2.3636303,9,EPI_ISL_15447567,Omicron,BA.5,2022-10-01
-32.808018,2.3324547,9,EPI_ISL_14021552,Omicron,BA.5.1,2022-07-06
-32.91749,2.269987,9,EPI_ISL_15289194,Omicron,Unassigned,2022-09-26
-32.831654,2.2545357,9,EPI_ISL_17482335,Omicron,BF.5,2023-02-10
-32.956604,2.4964676,9,EPI_ISL_14813256,Omicron,BA.5,2022-08-18
-33.050262,2.2778702,9,EPI_ISL_14795368,Omicron,BA.5.2.16,2022-08-16
-33.00347,2.3324857,9,EPI_ISL_14578028,Omicron,BA.5.2,2022-08-08
-33.027016,2.12144,9,EPI_ISL_13697444,Omicron,BA.4.1,2022-06-23
-32.706467,2.5278645,9,EPI_ISL_14281879,Omicron,BA.4.2,2022-07-23
-32.815975,2.3715572,9,EPI_ISL_16107269,Omicron,BF.5,2022-11-25
-32.995663,2.1919494,9,EPI_ISL_16154310,Omicron,BE.1.1,2022-11-30
-33.136242,2.1996932,9,EPI_ISL_14265922,Omicron,BA.4.1,2022-07-13
-32.92531,2.47336,9,EPI_ISL_16051060,Omicron,BA.5.2.1,2022-11-21
-32.80036,2.098095,9,EPI_ISL_15218372,Omicron,BA.5.2.1,2022-09-15
-33.01127,2.3011646,9,EPI_ISL_14178289,Omicron,BA.5.6,2022-07-21
-32.792347,2.3170185,9,EPI_ISL_14293541,Omicron,BA.5.5,2022-07-21
-30.464329,3.0668187,9,EPI_ISL_14237094,Omicron,BA.5.2.22,2022-07-21
-32.979874,2.2855892,9,EPI_ISL_15245863,Omicron,BF.5,2022-09-16
-33.011272,2.215723,9,EPI_ISL_14741992,Omicron,BA.5.2.31,2022-08-12
-33.09719,2.137363,9,EPI_ISL_13260075,Omicron,BA.4,2022-05-26
-32.667652,2.3871827,9,EPI_ISL_16460187,Omicron,BA.5.2,2022-12-19
-32.964237,2.2855644,9,EPI_ISL_14572821,Omicron,BF.27,2022-08-02
-32.98004,2.1917958,9,EPI_ISL_14105916,Omicron,BA.5.1,2022-07-14
-28.90737,3.027172,9,EPI_ISL_14211434,Omicron,BA.5.1.4,2022-07-20
-32.96441,2.418375,9,EPI_ISL_13872804,Omicron,BA.4.1.1,2022-07-08
-32.90969,2.152883,9,EPI_ISL_13706584,Omicron,BA.4.1,2022-06-21
-30.002151,3.0511088,9,EPI_ISL_15297538,Omicron,BA.5.2,2022-08-29
-32.901836,2.4651499,9,EPI_ISL_14930702,Omicron,BA.5.2.1,2022-08-11
-33.089546,2.168459,9,EPI_ISL_14805532,Omicron,BA.5.6,2022-08-05
-29.713543,3.0119486,9,EPI_ISL_14833818,Omicron,BA.5.2.1,2022-08-21
-33.011276,2.0825143,9,EPI_ISL_14557196,Omicron,BA.5.2.1,2022-08-01
-33.073742,2.2621427,9,EPI_ISL_16973987,Omicron,BF.5,2023-01-30
-31.167248,2.996439,9,EPI_ISL_15447183,Omicron,BE.1.1,2022-09-28
-33.050255,2.3247585,9,EPI_ISL_16501702,Omicron,BF.5,2022-12-09
-33.05811,2.2543387,9,EPI_ISL_15288737,Omicron,Unassigned,2022-09-27
-32.80819,2.0120397,9,EPI_ISL_16054986,Omicron,BF.5,2022-11-01
-33.09721,2.3872166,9,EPI_ISL_14905941,Omicron,BF.26,2022-08-26
-32.909813,2.543414,9,EPI_ISL_13612614,Omicron,BA.5.5,2022-06-14
-32.97225,2.199544,9,EPI_ISL_15473836,Omicron,BA.5.2.1,2022-10-05
-32.917503,2.2855864,9,EPI_ISL_14660783,Omicron,BA.5.5,2022-08-09
-32.909706,2.5824041,9,EPI_ISL_15411684,Omicron,BA.5.2,2022-09-25
-32.987823,2.355856,9,EPI_ISL_13875990,Omicron,XAZ,2022-07-11
-32.753532,2.277954,9,EPI_ISL_15826041,Omicron,BA.5.1,2022
-31.33073,2.9184484,9,EPI_ISL_14591415,Omicron,Unassigned,2022-08-02
-32.73011,2.0902276,9,EPI_ISL_14025245,Omicron,BA.5.2.1,2022-07-05
-32.722206,2.2543602,9,EPI_ISL_15643604,Omicron,BA.5.2.1,2022-10-20
-33.081703,2.3950906,9,EPI_ISL_14484525,Omicron,BA.5.5,2022-08-01
-32.815907,2.6451988,9,EPI_ISL_15399332,Omicron,BA.5.2,2022-09-22
-32.933167,2.2073984,9,EPI_ISL_14296381,Omicron,BA.4.1,2022-07-23
-32.956406,2.371634,9,EPI_ISL_16702246,Omicron,BA.5.2.48,2023-01-04
-32.940845,2.39499,9,EPI_ISL_15443239,Omicron,BA.5.2,2022-09-22
-31.628342,3.0825768,9,EPI_ISL_13229724,Omicron,BA.5.1,2022-05-30
-32.948807,2.215334,9,EPI_ISL_14547462,Omicron,BA.5.1,2022-07-28
-32.995564,2.2542949,9,EPI_ISL_15613478,Omicron,BA.5.1,2022-10-19
-33.06581,2.3872414,9,EPI_ISL_14426659,Omicron,BA.5.2,2022-07-26
-33.175358,2.0279922,9,EPI_ISL_14995114,Omicron,BF.1,2022-08-25
-28.96882,2.8480377,9,EPI_ISL_15349531,Omicron,BE.1.1,2022-09-14
-32.91758,2.238853,9,EPI_ISL_14949479,Omicron,BA.5.8,2022-08-31
-33.073853,2.3558455,9,EPI_ISL_15245708,Omicron,BF.5,2022-09-13
-32.979965,2.449644,9,EPI_ISL_15634795,Omicron,BA.5.2,2022-10-23
-32.644005,2.418532,9,EPI_ISL_15015651,Omicron,BA.5.2,2022-09-07
-32.933205,2.3325233,9,EPI_ISL_15640613,Omicron,BA.5.1.5,2022-10-24
-32.89385,2.2933655,9,EPI_ISL_14456676,Omicron,BA.5.2.1,2022-07-02
-32.995625,2.1061044,9,EPI_ISL_15792945,Omicron,BE.1,2022-09-21
-32.808228,2.441853,9,EPI_ISL_14059954,Omicron,BA.5.5,2022-07-05
-30.86265,3.051301,9,EPI_ISL_16290393,Omicron,BE.1.1,2022-08-02
-33.019318,2.3012156,9,EPI_ISL_13940587,Omicron,BA.5.1,2022-07-08
-32.862778,2.199706,9,EPI_ISL_14936928,Omicron,BA.5.1.5,2022-09-01
-32.870586,2.3793564,9,EPI_ISL_16047437,Omicron,BA.5.2.1,2022-11-20
-33.05017,2.2151918,9,EPI_ISL_15207342,Omicron,BF.5,2022-08-11
-32.90966,2.1135883,9,EPI_ISL_14574619,Omicron,BA.5.2,2022-08-09
-32.95656,2.1136942,9,EPI_ISL_15148049,Omicron,BA.5.2.1,2022-08-31
-32.91765,2.1919117,9,EPI_ISL_16280161,Omicron,BF.5,2022-12-12
-32.956596,2.191908,9,EPI_ISL_14478603,Omicron,BA.5.2.1,2022-07-28
-32.956657,2.2778554,9,EPI_ISL_13740456,Omicron,BA.4.4,2022-07-06
-33.073788,2.4263053,9,EPI_ISL_15644086,Omicron,BA.5.1.5,2022-10-19
-33.026897,2.1685686,9,EPI_ISL_15108373,Omicron,BF.5.4,2022-09-06
-33.011414,2.2543874,9,EPI_ISL_14675989,Omicron,BA.5.2.1,2022
-32.93301,2.4105988,9,EPI_ISL_15315594,Omicron,BA.5.1,2022-09-12
-33.152077,2.348188,9,EPI_ISL_14815178,Omicron,BA.5.1,2022-08-27
-32.917374,2.4340496,9,EPI_ISL_15291953,Omicron,BA.5.2,2022-09-21
-30.03361,3.0432796,9,EPI_ISL_17021808,Omicron,BA.5.2.1,2022-12-26
-32.97213,2.496554,9,EPI_ISL_15168741,Omicron,BA.5.1,2022-09-15
-32.94882,2.3326073,9,EPI_ISL_14652477,Omicron,BA.5.5,2022-08-07
-33.00344,2.1920238,9,EPI_ISL_17493277,Omicron,BA.5.2.48,2023-03-16
-33.143997,2.363697,9,EPI_ISL_15429026,Omicron,BF.24,2022-09-04
-32.87841,2.3089933,9,EPI_ISL_14741777,Omicron,BE.3,2022-08-12
-33.151817,2.4260387,9,EPI_ISL_15764982,Omicron,BA.5.2,2022-10-05
-32.96431,2.3713818,9,EPI_ISL_15694630,Omicron,BA.5.2,2022-09-23
-33.183144,2.098216,9,EPI_ISL_14537439,Omicron,BA.5.10,2022-08-02
-33.08152,2.2935877,9,EPI_ISL_13580947,Omicron,BA.4,2022-06-25
-33.003384,2.3871136,9,EPI_ISL_16203857,Omicron,BA.5.2.1,2022-12-01
-32.972107,2.363553,9,EPI_ISL_15442666,Omicron,BA.5.1,2022-08-09
-32.964214,2.113655,9,EPI_ISL_14885969,Omicron,BF.6,2022-08-24
-33.104755,2.1528149,9,EPI_ISL_13647341,Omicron,BA.5.5,2022-06-18
-33.08943,2.3949347,9,EPI_ISL_16150797,Omicron,BE.1,2022-11-02
-32.93331,2.269971,9,EPI_ISL_13994236,Omicron,BA.5.1,2022-07-04
-32.988007,2.105976,9,EPI_ISL_14637661,Omicron,BA.5.2.1,2022-07-21
-30.831602,3.035553,9,EPI_ISL_13465331,Omicron,BA.5.1,2022-06-18
-32.91756,2.1369915,9,EPI_ISL_14297302,Omicron,Unassigned,2022-07-22
-32.909775,2.3089757,9,EPI_ISL_13306245,Omicron,BA.4,2022-06-03
-32.823975,2.2544417,9,EPI_ISL_17109551,Omicron,BA.5.5,2022-08-16
-33.019135,2.332306,9,EPI_ISL_16882315,Omicron,BA.5.1,2023-01-27
-33.073807,2.1995215,9,EPI_ISL_13604880,Omicron,BA.5.1,2022-06-23
-32.98002,2.2620773,9,EPI_ISL_14129993,Omicron,BA.5.1,2022-07-02
-31.776552,2.957374,9,EPI_ISL_15429886,Omicron,BA.5.2.1,2022-10-10
-32.93309,2.1293888,9,EPI_ISL_16635773,Omicron,DY.4,2023-01-02
-30.151089,2.8636374,9,EPI_ISL_16096864,Omicron,CD.2,2022-11-02
-32.86293,2.2776284,9,EPI_ISL_14895584,Omicron,Unassigned,2022-08-29
-32.878532,2.426302,9,EPI_ISL_16242285,Omicron,BA.5.2.20,2022-09-29
-32.878418,2.3872352,9,EPI_ISL_15185370,Omicron,BA.5.2.1,2022-09-22
-32.878372,2.2621627,9,EPI_ISL_15460342,Omicron,Unassigned,2022-10-05
-32.886242,2.2776031,9,EPI_ISL_13944638,Omicron,BA.5.2,2022-07-05
-32.777008,2.3637161,9,EPI_ISL_13895883,Omicron,BA.5.2.28,2022-07-12
-32.87825,2.3405643,9,EPI_ISL_14434442,Omicron,BA.5.2.1,2022-08-01
-31.776558,2.7854834,9,EPI_ISL_14987520,Omicron,BA.5.2.27,2022-09-02
-32.94895,2.324607,9,EPI_ISL_13809849,Omicron,BE.1.4,2022-06-29
-32.901848,2.1293511,9,EPI_ISL_15001783,Omicron,BA.5,2022-07-05
-32.62847,2.5902371,9,EPI_ISL_14998364,Omicron,BF.21,2022-08-28
-32.878494,2.504386,9,EPI_ISL_15655072,Omicron,BA.5.2.1,2022-08-17
-32.784477,2.574772,9,EPI_ISL_15623207,Omicron,BA.4.4,2022-09-21
-32.972137,2.5199838,9,EPI_ISL_14270317,Omicron,BA.4,2022-07-10
-32.66749,2.4495916,9,EPI_ISL_15434326,Omicron,BA.5.2.1,2022-10-11
-32.948727,2.3246984,9,EPI_ISL_15199482,Omicron,BA.5.1,2022-09-13
-33.105217,2.3325338,9,EPI_ISL_17015758,Omicron,BA.5.2,2022-12-27
-32.88619,2.1372285,9,EPI_ISL_14032812,Omicron,BA.5.1,2022-07-07
-32.823875,2.2310877,9,EPI_ISL_15730531,Omicron,BF.10,2022-09-20
-32.77695,2.1921067,9,EPI_ISL_15318680,Omicron,BA.5.1.23,2022-09-17
-32.948864,2.1996012,9,EPI_ISL_14054772,Omicron,BA.5.2.21,2022-07-11
-30.097187,3.1214123,9,EPI_ISL_16024956,Omicron,BA.5.2.1,2022-11-20
-32.995735,2.1684384,9,EPI_ISL_13647871,Omicron,BE.1,2022-06-21
-32.88625,2.26233,9,EPI_ISL_13501542,Omicron,BA.5.2,2022-06-17
-32.83136,2.4029045,9,EPI_ISL_14726853,Omicron,BA.5.8,2022-08-16
-32.77693,2.5198889,9,EPI_ISL_14417933,Omicron,BE.1,2022-07-29
-33.09718,2.2231355,9,EPI_ISL_14376268,Omicron,BA.4.1,2022-07-13
-32.94099,2.1059513,9,EPI_ISL_15272383,Omicron,BF.5,2022-09-20
-32.964283,2.2230601,9,EPI_ISL_15916761,Omicron,BF.10,2022-11-09
-33.12845,2.1216335,9,EPI_ISL_17199715,Omicron,BA.5.2.48,2023-02-18
-32.847267,2.3247309,9,EPI_ISL_15318592,Omicron,BF.5,2022-09-10
-32.698765,2.1762357,9,EPI_ISL_15554155,Omicron,BA.5.2,2022-10-03
-33.073845,2.2700715,9,EPI_ISL_15541967,Omicron,BF.5,2022-07-27
-33.073624,2.1839504,9,EPI_ISL_16493459,Omicron,BA.5.2.1,2022-12-05
-32.972225,2.3248177,9,EPI_ISL_13931538,Omicron,BF.26,2022-07-05
-32.831753,2.3559685,9,EPI_ISL_12893573,Omicron,BA.5.1,2022-05-17
-33.042564,2.5045595,9,EPI_ISL_15052034,Omicron,BA.5.2.1,2022-08-29
-33.026993,2.3326163,9,EPI_ISL_15055626,Omicron,BE.1.1,2022-09-13
-33.03463,2.473155,9,EPI_ISL_15320034,Omicron,BA.5.2.31,2022-09-30
-32.886185,2.18426,9,EPI_ISL_14069702,Omicron,BA.5.2.1,2022-07-21
-33.1754,2.1917157,9,EPI_ISL_14362078,Omicron,BE.1,2022-07-25
-33.042473,2.465129,9,EPI_ISL_15227597,Omicron,BA.5.2.1,2022-09-19
-32.86284,2.363842,9,EPI_ISL_13874697,Omicron,BF.6,2022-07-08
-32.784683,2.2542896,9,EPI_ISL_13276956,Omicron,BF.23,2022-06-01
-30.73676,2.9730897,9,EPI_ISL_17330635,Omicron,BE.3,2022-08-06
-32.995667,2.254387,9,EPI_ISL_14706052,Omicron,BA.4.1,2022-08-02
-32.940987,2.2934012,9,EPI_ISL_14480421,Omicron,BF.19,2022-07-27
-33.02681,2.113813,9,EPI_ISL_16041102,Omicron,BA.5.2.1,2022-11-28
-32.972076,2.2387347,9,EPI_ISL_15040927,Omicron,BA.5.1.22,2022-08-23
-30.167492,3.0823703,9,EPI_ISL_15353932,Omicron,BA.5.1,2022-09-26
-32.948776,2.2623377,9,EPI_ISL_17425158,Omicron,BF.5,2022-12-03
-32.88624,2.2073622,9,EPI_ISL_14982623,Omicron,BA.5.5,2022-08-30
-33.09716,2.2621527,9,EPI_ISL_14305952,Omicron,BA.5.1,2022-07-26
-32.894165,2.160562,9,EPI_ISL_13942716,Omicron,BA.5.1,2022-07-04
-33.104996,2.42624,9,EPI_ISL_15999871,Omicron,BA.5.1,2022-10-26
-33.08164,2.2466278,9,EPI_ISL_14477648,Omicron,BA.5.1,2022-08-09
-32.956497,2.3948503,9,EPI_ISL_13980969,Omicron,BA.5.1.10,2022-07-16
-33.04246,2.3248172,9,EPI_ISL_14983633,Omicron,BA.5.2.27,2022-09-02
-32.839394,2.238696,9,EPI_ISL_15186630,Omicron,BA.5.2,2022-09-10
-32.95651,2.2698755,9,EPI_ISL_15422271,Omicron,BA.5.1.10,2022-10-04
-29.901134,3.0669522,9,EPI_ISL_15167970,Omicron,BA.5.2,2022-09-11
-33.144127,2.371521,9,EPI_ISL_15530538,Omicron,BA.5.2.1,2022-10-03
-32.96434,2.1684866,9,EPI_ISL_17254871,Omicron,BA.5.2.48,2023-02-28
-33.081436,2.3012886,9,EPI_ISL_14140786,Omicron,BF.5,2022-07-07
-33.151962,2.058998,9,EPI_ISL_13117169,Omicron,BA.4,2022-05-17
-33.16745,2.1136708,9,EPI_ISL_16391201,Omicron,BA.5.2,2022-08-16
-33.05815,2.332615,9,EPI_ISL_14296255,Omicron,BA.5.6,2022-07-28
-32.980057,2.199523,9,EPI_ISL_15147260,Omicron,BA.5.2,2022-09-13
-32.847164,2.20755,9,EPI_ISL_15231567,Omicron,BA.5.2,2022-09-21
-33.08165,2.2542553,9,EPI_ISL_13269610,Omicron,BE.1.1,2022-06-07
-33.019005,2.2621746,9,EPI_ISL_14362391,Omicron,BA.5.2,2022-07-14
-32.94075,2.379325,9,EPI_ISL_15632975,Omicron,BA.5.2,2022-10-27
-32.597267,2.4729605,9,EPI_ISL_14784367,Omicron,BA.5.2.1,2022-08-16
-32.987747,2.1762667,9,EPI_ISL_14900185,Omicron,BF.28,2022-08-26
-32.964363,2.3090334,9,EPI_ISL_14069050,Omicron,BA.5.1.22,2022-07-15
-32.85486,2.3091574,9,EPI_ISL_16688934,Omicron,BA.5.5,2022-06-28
-32.90969,2.168416,9,EPI_ISL_15107048,Omicron,BA.5.2,2022-08-02
-32.80802,2.121502,9,EPI_ISL_17488350,Omicron,BA.5.2.49,2022-12-21
-33.042503,2.324686,9,EPI_ISL_15651269,Omicron,BA.5.2.1,2022-10-20
-32.854958,2.394847,9,EPI_ISL_14467203,Omicron,BE.1,2022-08-02
-32.776855,2.340375,9,EPI_ISL_15185624,Omicron,BA.5.1,2022-09-25
-32.901897,2.4807615,9,EPI_ISL_14005796,Omicron,BA.4.1.6,2022-06-23
-32.503372,2.199655,9,EPI_ISL_15828895,Omicron,BA.5.2.31,2022-10-07
-32.948788,2.3090363,9,EPI_ISL_15945714,Omicron,BA.5.2,2022-11-15
-32.917328,2.066907,9,EPI_ISL_13722255,Omicron,BA.4.1,2022-06-20
-32.839302,2.3792696,9,EPI_ISL_14834081,Omicron,BA.5.2.22,2022-08-22
-33.003315,2.4339285,9,EPI_ISL_13931652,Omicron,BF.5,2022-07-05
-33.136192,2.105761,9,EPI_ISL_13521633,Omicron,BA.4.1,2022-05-30
-32.948822,2.2542405,9,EPI_ISL_16400760,Omicron,BA.5.1.5,2022-12-14
-32.65952,2.2620993,9,EPI_ISL_14252595,Omicron,BA.4.1,2022-07-18
-33.03455,2.3090281,9,EPI_ISL_13796928,Omicron,BA.5.1.3,2022-07-05
-32.878582,2.4731398,9,EPI_ISL_14302620,Omicron,BF.28,2022-07-11
-33.089443,2.238842,9,EPI_ISL_13176919,Omicron,BA.5.2.1,2022-05-30
-32.917347,2.1369152,9,EPI_ISL_14017092,Omicron,BA.5.2,2022-06-26
-30.815912,3.0041547,9,EPI_ISL_14999874,Omicron,BA.5.2.59,2022-08-25
-33.07366,2.4026346,9,EPI_ISL_14804274,Omicron,BA.5,2022-08-25
-32.870846,2.3637843,9,EPI_ISL_14936906,Omicron,BA.5.2,2022-08-25
-32.941006,2.1369886,9,EPI_ISL_15825876,Omicron,BA.5.1.5,2022-11-07
-32.94864,2.254314,9,EPI_ISL_13051413,Omicron,BA.5.5,2022-05-23
-32.706673,2.441928,9,EPI_ISL_14774337,Omicron,BA.5.1,2022-08-17
-33.050186,2.2389097,9,EPI_ISL_17150537,Omicron,BA.5.2.48,2023-01-08
-33.050446,2.254447,9,EPI_ISL_16498372,Omicron,BA.5.2,2022-12-23
-33.190903,2.496364,9,EPI_ISL_17016149,Omicron,BA.5.2.1,2023-01-11
-32.980095,2.2076015,9,EPI_ISL_15693764,Omicron,BA.5.2.1,2022-10-27
-33.003384,2.18433,9,EPI_ISL_15763466,Omicron,BA.5.1,2022-11-07
-33.089325,2.2233253,9,EPI_ISL_15241970,Omicron,BA.5.2.9,2022-09-22
-33.268967,2.0512915,9,EPI_ISL_14244253,Omicron,BF.10,2022-08-01
-32.94087,2.1370935,9,EPI_ISL_17213417,Omicron,BA.5.2.48,2023-02-27
-32.815926,2.449644,9,EPI_ISL_12970046,Omicron,BA.4,2022-05-17
-33.073902,2.3091202,9,EPI_ISL_15765546,Omicron,BA.5.2,2022-09-26
-32.776985,2.402964,9,EPI_ISL_16080036,Omicron,BA.5.2,2022-09-16
-32.84713,2.3325548,9,EPI_ISL_13485970,Omicron,BA.5.6,2022-06-11
-31.737808,2.9575715,9,EPI_ISL_14711349,Omicron,BA.5.2,2022-08-05
-32.87848,2.3559656,9,EPI_ISL_16716383,Omicron,BA.5.2,2022-12-26
-32.93307,2.3949776,9,EPI_ISL_14805533,Omicron,BA.5.5,2022-08-02
-32.761253,2.4417815,9,EPI_ISL_15959143,Omicron,BA.5.2.1,2022-11-10
-32.815918,2.4417057,9,EPI_ISL_14374282,Omicron,BA.5.2.21,2022-07-21
-32.956467,2.4027538,9,EPI_ISL_14668525,Omicron,BA.5.2.31,2022-08-07
-29.713577,3.0119982,9,EPI_ISL_15639455,Omicron,BF.10,2022-10-18
-33.019035,2.191783,9,EPI_ISL_15442900,Omicron,BA.5.2,2022-09-22
-32.979942,2.30927,9,EPI_ISL_13441762,Omicron,BA.5.1.24,2022-06-15
-33.026836,2.1684217,9,EPI_ISL_15735961,Omicron,BF.5,2022-10-22
-32.730003,2.2699728,9,EPI_ISL_12474465,Omicron,BA.4,2022-04-22
-32.972263,2.2387743,9,EPI_ISL_15215120,Omicron,BA.5.2,2022-09-19
-33.00329,2.340211,9,EPI_ISL_15413982,Omicron,BA.5.2.31,2022-10-03
-32.816017,2.1841507,9,EPI_ISL_13621444,Omicron,BA.5.5,2022-06-21
-33.003525,2.434104,9,EPI_ISL_15358648,Omicron,BA.5.1,2022-08-29
-33.01911,2.1760492,9,EPI_ISL_14432910,Omicron,BA.5.2,2022-08-07
-32.878426,2.285575,9,EPI_ISL_15783630,Omicron,BA.5.2.1,2022-11-03
-32.901924,2.3245583,9,EPI_ISL_13916612,Omicron,BF.1,2022-07-05
-31.901833,2.8637176,9,EPI_ISL_14970089,Omicron,BA.5.6,2022-07-19
-32.9019,2.566761,9,EPI_ISL_15828550,Omicron,BA.5.2,2022-09-26
-33.003445,2.3716478,9,EPI_ISL_13712427,Omicron,BF.5,2022-06-29
-32.69864,2.4339652,9,EPI_ISL_16563922,Omicron,BA.5.1,2022-10-05
-32.85508,2.5198746,9,EPI_ISL_14820597,Omicron,Unassigned,2022-08-17
-33.02684,2.0982304,9,EPI_ISL_15845995,Omicron,BA.5.2.1,2022-10-20
-33.17536,2.387321,9,EPI_ISL_14765920,Omicron,BF.4,2022-07-22
-33.03486,2.270041,9,EPI_ISL_14136292,Omicron,BA.5.5,2022-06-26
-33.073727,2.0589051,9,EPI_ISL_15610224,Omicron,BF.4,2022-10-11
-33.042656,2.473218,9,EPI_ISL_15445636,Omicron,BA.5.1,2022-10-04
-32.79244,2.3872485,9,EPI_ISL_14730768,Omicron,BA.5.2,2022-07-15
-33.06576,2.4261084,9,EPI_ISL_14060272,Omicron,BA.4,2022-07-05
-31.894184,3.0511298,9,EPI_ISL_13566403,Omicron,BE.1.1,2022-06-25
-32.816116,2.2855587,9,EPI_ISL_16151609,Omicron,BA.5.1.24,2022-11-07
-33.06597,2.3247747,9,EPI_ISL_15285050,Omicron,BA.5.2,2022-08-29
-32.98773,2.410696,9,EPI_ISL_17186826,Omicron,BA.5.2.49,2023-02-07
-32.854862,2.121635,9,EPI_ISL_14977312,Omicron,BA.5.1,2022-09-09
-32.972206,2.254428,9,EPI_ISL_14013506,Omicron,Unassigned,2022-07-11
-33.01895,2.1918736,9,EPI_ISL_13440092,Omicron,BA.5.5,2022-06-10
-33.01914,2.340282,9,EPI_ISL_13936999,Omicron,BA.5.2.1,2022-06-24
-32.854973,2.0826273,9,EPI_ISL_16036656,Omicron,BA.5.5,2022-11-01
-33.12057,2.3169384,9,EPI_ISL_14740678,Omicron,BA.5.2.1,2022-08-19
-29.532017,3.0586414,9,EPI_ISL_15458679,Omicron,BA.5.5,2022-08-30
-32.909744,2.1294532,9,EPI_ISL_13638591,Omicron,BA.4.1,2022-06-20
-32.831394,2.56679,9,EPI_ISL_15609628,Omicron,BA.5.2,2022-10-14
-33.05812,2.2543697,9,EPI_ISL_14503369,Omicron,BF.5,2022-08-12
-33.034706,2.2855282,9,EPI_ISL_15382040,Omicron,BA.5.2.1,2022-10-06
-32.87056,2.5042577,9,EPI_ISL_13858160,Omicron,BA.5.2.1,2022-06-19
-33.159866,2.2152538,9,EPI_ISL_13568890,Omicron,BE.1.1.2,2022-06-29
-33.159676,2.3324642,9,EPI_ISL_15739152,Omicron,BA.5.2,2022-11-01
-32.831673,2.4027653,9,EPI_ISL_13905331,Omicron,BA.4.5,2022-07-02
-33.011402,2.1138554,9,EPI_ISL_14009015,Omicron,BA.5.1.1,2022-07-01
-33.128384,2.3168588,9,EPI_ISL_14893407,Omicron,Unassigned,2022-08-29
-33.01116,2.3792868,9,EPI_ISL_15384193,Omicron,BA.5.2.20,2022-10-10
-33.081585,2.1762228,9,EPI_ISL_15689388,Omicron,BA.5.1,2022-10-23
-32.886375,2.4106536,9,EPI_ISL_12401149,Omicron,BA.4,2022-04-12
-32.933357,2.2853703,9,EPI_ISL_15915881,Omicron,Unassigned,2022-11-14
-32.933193,2.1763082,9,EPI_ISL_14244142,Omicron,BF.5,2022-07-29
-32.956623,2.1371613,9,EPI_ISL_15442244,Omicron,BA.5.1,2022-09-27
-33.026875,2.2152872,9,EPI_ISL_14501620,Omicron,BF.10,2022-08-02
-32.97985,2.2231078,9,EPI_ISL_15135891,Omicron,BA.5.2,2022-09-13
-33.06598,2.3400488,9,EPI_ISL_14938783,Omicron,BA.5.6,2022-09-04
-32.95658,2.496624,9,EPI_ISL_14780397,Omicron,BA.5.5,2022-08-07
-32.78464,2.2855196,9,EPI_ISL_15478751,Omicron,Unassigned,2022-09-01
-32.988045,2.4496408,9,EPI_ISL_13603242,Omicron,BA.4.1.1,2022-06-17
-32.909725,2.183919,9,EPI_ISL_15517015,Omicron,BF.5,2022-10-15
-32.90192,2.1839542,9,EPI_ISL_16528660,Omicron,BA.5,2023-01-03
-33.1442,2.3795137,9,EPI_ISL_14443822,Omicron,BF.6,2022-08-06
-33.14424,2.1762772,9,EPI_ISL_15857725,Omicron,BA.5.2,2022-10-26
-33.097107,2.3089042,9,EPI_ISL_15542324,Omicron,BA.5.1,2022-08-09
-30.144066,3.113758,9,EPI_ISL_15667767,Omicron,BA.5.2,2022-10-28
-32.753387,2.4418736,9,EPI_ISL_13693369,Omicron,BA.5.5,2022-06-29
-33.04253,2.1917953,9,EPI_ISL_13915385,Omicron,BA.5.5,2022-07-06
-32.855034,2.3559213,9,EPI_ISL_15586489,Omicron,BF.31.1,2022-10-19
-32.909573,2.1685543,9,EPI_ISL_15360321,Omicron,BF.5,2022-09-01
-32.878445,2.0747013,9,EPI_ISL_15522024,Omicron,BA.5.1,2022-10-17
-32.972202,2.3169346,9,EPI_ISL_15001151,Omicron,BA.5.2.32,2022-09-03
-29.815556,3.019885,9,EPI_ISL_16982598,Omicron,BA.5.1.5,2023
-30.12043,3.1294003,9,EPI_ISL_14030188,Omicron,BA.5.2,2022-07-14
-30.510738,3.0435276,9,EPI_ISL_14938869,Omicron,BA.5.2.1,2022-09-01
-32.956566,2.0981884,9,EPI_ISL_16949143,Omicron,BF.5,2023-02-03
-33.097275,2.2545314,9,EPI_ISL_13926468,Omicron,BE.1.1,2022-06-28
-30.963577,2.8166466,9,EPI_ISL_13823187,Omicron,BE.1.1,2022-07-08
-33.097176,2.4420156,9,EPI_ISL_15372165,Omicron,Unassigned,2022-10-03
-32.933174,2.3167171,9,EPI_ISL_15711204,Omicron,BA.4.1,2022-07-24
-31.807947,2.8480973,9,EPI_ISL_14209040,Omicron,BA.5.1,2022-07-12
-33.011326,2.324492,9,EPI_ISL_15476551,Omicron,BA.5.1.33,2022-10-10
-32.89399,2.129405,9,EPI_ISL_14493498,Omicron,BA.5,2022-08-10
-32.74556,2.254262,9,EPI_ISL_14712716,Omicron,BA.5.2,2022-06-28
-33.065895,2.277719,9,EPI_ISL_14012874,Omicron,Unassigned,2022-07-15
-32.972263,2.2700438,9,EPI_ISL_14967365,Omicron,BA.5.2.1,2022-08-10
-33.011364,2.434143,9,EPI_ISL_14352938,Omicron,BF.21,2022-07-08
-33.06599,2.230856,9,EPI_ISL_16973899,Omicron,BA.5.2,2023-01-31
-32.94101,2.3327608,9,EPI_ISL_14607145,Omicron,BA.5.1,2022-07-27
-32.96431,2.543457,9,EPI_ISL_14894235,Omicron,Unassigned,2022-08-28
-33.05818,2.2071815,9,EPI_ISL_13941499,Omicron,BA.5.1,2022-07-07
-29.729435,3.137168,9,EPI_ISL_14334909,Omicron,BE.1,2022-07-17
-33.058117,2.6058984,9,EPI_ISL_14523572,Omicron,BF.5,2022-08-11
-32.933254,2.316821,9,EPI_ISL_15546884,Omicron,BA.5.2.9,2022-10-15
-32.83944,2.4575548,9,EPI_ISL_14718623,Omicron,BA.4.1,2022-06-24
-32.870705,2.1214952,9,EPI_ISL_15663461,Omicron,Unassigned,2022-10-24
-32.98001,2.2700863,9,EPI_ISL_15695678,Omicron,BF.5,2022-09-20
-32.83948,2.2387085,9,EPI_ISL_15244510,Omicron,BA.5.5,2022-08-24
-30.11225,3.0666165,9,EPI_ISL_16026608,Omicron,BA.5.2.1,2022-11-23
-32.980076,2.1530275,9,EPI_ISL_14161558,Omicron,BE.1.4,2022-07-19
-33.089268,2.2075663,9,EPI_ISL_13570727,Omicron,BA.5.1,2022-06-21
-32.776993,2.355939,9,EPI_ISL_14412677,Omicron,BA.5.3.2,2022-07-27
-33.073864,2.2699585,9,EPI_ISL_15217606,Omicron,BA.5.2.1,2022-09-13
-32.80813,2.3010912,9,EPI_ISL_16404927,Omicron,BF.5,2022-12-19
-32.98783,2.3873239,9,EPI_ISL_14455710,Omicron,BE.1.1,2022-08-07
-30.81585,3.0354218,9,EPI_ISL_14396501,Omicron,BA.5.2,2022-07-06
-32.80046,2.277728,9,EPI_ISL_15000965,Omicron,BA.5.1.30,2022-09-03
-32.73794,2.4810448,9,EPI_ISL_13428379,Omicron,BA.4.1,2022-06-09
-32.97985,2.1761618,9,EPI_ISL_17485728,Omicron,BA.5.2.48,2023-03-28
-32.972385,2.4262118,9,EPI_ISL_15125685,Omicron,BF.5,2022-09-24
-33.09711,2.1841516,9,EPI_ISL_14072907,Omicron,BA.5.5,2022-07-11
-29.854233,3.0589843,9,EPI_ISL_13403598,Omicron,Unassigned,2022-06-07
-29.84661,3.0902376,9,EPI_ISL_14789953,Omicron,BA.5.1,2022-08-23
-32.76909,2.3714356,9,EPI_ISL_14899962,Omicron,BA.5.5,2022-08-25
-33.17533,2.3246536,9,EPI_ISL_13581433,Omicron,BA.4.1.1,2022-06-17
-31.017826,2.9183817,9,EPI_ISL_15007506,Omicron,Unassigned,2022-09-06
-32.831543,2.152812,9,EPI_ISL_13795735,Omicron,BF.5,2022-07-07
-32.89413,2.1058412,9,EPI_ISL_14106676,Omicron,BA.4.4,2022-07-15
-32.902058,2.230739,9,EPI_ISL_14941065,Omicron,BA.5.1,2022-08-31
-32.83187,2.3872232,9,EPI_ISL_15990873,Omicron,BF.5,2022-11-24
-33.034805,2.293311,9,EPI_ISL_14084254,Omicron,BA.5.5,2022-06-24
-32.870544,2.0511932,9,EPI_ISL_14302900,Omicron,BA.5.2.1,2022-07-06
-32.94107,2.1212559,9,EPI_ISL_13231754,Omicron,BA.5.1,2022-06-04
-29.555843,3.0430837,9,EPI_ISL_16075684,Omicron,BA.5.1,2022-11-30
-32.98772,2.2075338,9,EPI_ISL_13690959,Omicron,BA.4.1,2022-06-22
-32.96443,2.340322,9,EPI_ISL_12871964,Omicron,BA.4.1,2022-05-06
-32.761135,2.418632,9,EPI_ISL_14651561,Omicron,BA.5.1,2022-08-06
-32.964283,2.3247528,9,EPI_ISL_15502566,Omicron,BF.5,2022-09-11
-32.925346,2.4184275,9,EPI_ISL_17104821,Omicron,BA.5.2.49,2023-02-20
-32.737698,2.1527243,9,EPI_ISL_15158906,Omicron,BA.5.5,2022-09-12
-33.073807,2.1763601,9,EPI_ISL_13930964,Omicron,BA.5.2.1,2022-07-06
-33.13622,2.277783,9,EPI_ISL_15970155,Omicron,BA.5.2,2022-10-24
-33.08174,2.3482037,9,EPI_ISL_15227694,Omicron,BF.10,2022-09-20
-32.894157,2.269987,9,EPI_ISL_16165660,Omicron,BA.5.1.5,2022-12-02
-33.042454,2.2933555,9,EPI_ISL_14009141,Omicron,BA.5.5,2022-07-05
-32.84723,2.410612,9,EPI_ISL_15875364,Omicron,BA.5.2.12,2022-10-31
-33.08153,2.277842,9,EPI_ISL_15330050,Omicron,BA.5.2,2022-09-22
-32.847183,2.3090868,9,EPI_ISL_15367782,Omicron,BA.5.2,2022-08-08
-32.753296,2.3168058,9,EPI_ISL_14337537,Omicron,BA.5.6,2022-07-23
-32.956497,2.3871531,9,EPI_ISL_14068303,Omicron,BF.5,2022-07-16
-33.042503,2.1762114,9,EPI_ISL_14898858,Omicron,BA.5.2.1,2022-08-29
-32.16732,2.8715782,9,EPI_ISL_15503676,Omicron,BA.5.2,2022-10-08
-32.698734,2.3247128,9,EPI_ISL_14456861,Omicron,BF.5,2022-07-30
-32.99547,2.2311516,9,EPI_ISL_15687312,Omicron,BA.5.2,2022-09-03
-32.980057,2.3090496,9,EPI_ISL_15363826,Omicron,BA.4.1,2022-06-14
-32.831627,2.488761,9,EPI_ISL_15286091,Omicron,BA.4.1,2022-09-19
-32.84728,2.0979767,9,EPI_ISL_15161070,Omicron,BA.5.2.22,2022-09-12
-32.92534,2.222846,9,EPI_ISL_13461497,Omicron,BA.5.1,2022-06-14
-33.026985,2.3169641,9,EPI_ISL_15263844,Omicron,BA.5.1.30,2022-09-05
-33.034718,2.2700481,9,EPI_ISL_15081441,Omicron,BA.5.2.1,2022-08-22
-29.846554,3.0667195,9,EPI_ISL_15808723,Omicron,BF.5,2022-11-01
-33.05024,2.14504,9,EPI_ISL_12274011,Omicron,BA.4,2022-03-30
-32.831635,2.6292486,9,EPI_ISL_15993149,Omicron,BF.5,2022-11-16
-33.08149,2.2387228,9,EPI_ISL_14068567,Omicron,BA.5.2,2022-07-22
-32.948936,2.3558922,9,EPI_ISL_16082241,Omicron,BF.3,2022-11-27
-33.01918,2.2934265,9,EPI_ISL_15862601,Omicron,BA.5.2.20,2022-07-25
-31.057907,2.832469,9,EPI_ISL_14591378,Omicron,Unassigned,2022-08-02
-33.06601,2.0511656,9,EPI_ISL_17014896,Omicron,BF.5,2023-01-16
-32.917465,2.3167615,9,EPI_ISL_13359007,Omicron,BA.5.3.3,2022-06-12
-32.823776,2.332429,9,EPI_ISL_15928424,Omicron,BA.4.1,2022-07-12
-32.925224,2.1530762,9,EPI_ISL_13543258,Omicron,BA.4.4,2022-06-14
-32.58161,2.1917968,9,EPI_ISL_13739168,Omicron,BA.5.1.23,2022-07-04
-33.089367,2.1606283,9,EPI_ISL_14950002,Omicron,BA.5.2,2022-08-25
-32.948837,2.2074842,9,EPI_ISL_15486437,Omicron,BA.5.1.5,2022-10-18
-33.04241,2.3169155,9,EPI_ISL_15351005,Omicron,BE.1,2022-09-27
-33.167427,2.3168383,9,EPI_ISL_13617918,Omicron,BA.4,2022-06-19
-32.768967,2.0591092,9,EPI_ISL_17088649,Omicron,BA.5.2.49,2023-01-07
-32.93328,2.4338608,9,EPI_ISL_14882929,Omicron,BA.5.2.1,2022-08-18
-30.096348,3.0200863,9,EPI_ISL_15908118,Omicron,BA.5.2,2022-09-27
-32.870758,2.309163,9,EPI_ISL_15441029,Omicron,BA.5.1,2022-09-22
-31.95641,2.8948927,9,EPI_ISL_14683465,Omicron,BE.1.1,2022-08-01
-33.03475,2.363885,9,EPI_ISL_17176969,Omicron,BF.5,2023-02-08
-32.956486,1.9965811,9,EPI_ISL_17563571,Omicron,BA.5.2.49,2023-03-23
-32.995678,2.2620726,9,EPI_ISL_16076381,Omicron,BA.5.2,2022-11-19
-32.925377,2.2388372,9,EPI_ISL_14375454,Omicron,BA.4.1,2022-07-17
-33.112934,2.4184084,9,EPI_ISL_14040220,Omicron,BA.5,2022-07-16
-32.917442,2.2152786,9,EPI_ISL_15264036,Omicron,BA.5.2.22,2022-09-16
-33.019104,2.2777863,9,EPI_ISL_13483225,Omicron,BA.5.5,2022-06-15
-29.90903,3.0667534,9,EPI_ISL_14265112,Omicron,BA.5.2.1,2022-07-21
-32.956673,2.4028196,9,EPI_ISL_13700372,Omicron,BA.5.5,2022-06-26
-33.12068,2.559001,9,EPI_ISL_14708635,Omicron,BF.5,2022-08-16
-33.026928,2.1762843,9,EPI_ISL_15469251,Omicron,BA.5.1,2022-10-08
-33.042664,2.480856,9,EPI_ISL_13183432,Omicron,BA.4.1,2022-05-31
-32.62056,2.2464714,9,EPI_ISL_13946739,Omicron,BA.5.1.3,2022-07-12
-32.97232,2.348,9,EPI_ISL_16054987,Omicron,BA.5.2,2022-11-07
-32.839134,2.332481,9,EPI_ISL_14687821,Omicron,BA.5.1.6,2022-07-26
-32.862885,2.2700214,9,EPI_ISL_15780795,Omicron,BA.5.2,2022-10-30
-32.96442,2.2308455,9,EPI_ISL_15105146,Omicron,BA.5.1,2022-08-18
-32.776955,2.4418073,9,EPI_ISL_14748103,Omicron,BF.5,2022-07-08
-33.128304,2.3559704,9,EPI_ISL_14730565,Omicron,BF.5,2022-07-22
-33.214455,2.4416838,9,EPI_ISL_16671149,Omicron,BA.5.2.1,2022-11-01
-32.66771,2.223288,9,EPI_ISL_12934498,Omicron,BA.4.1,2022-05-17
-32.86295,2.1840906,9,EPI_ISL_14895117,Omicron,Unassigned,2022-08-30
-32.831696,2.0824184,9,EPI_ISL_12918905,Omicron,BA.4.1,2022-05-17
-32.784748,2.5120893,9,EPI_ISL_13359514,Omicron,BF.1,2022-06-12
-33.034706,2.3246493,9,EPI_ISL_15672403,Omicron,BA.5.2,2022-10-14
-33.06584,2.4028368,9,EPI_ISL_13065968,Omicron,BF.6,2022-05-24
-32.933235,2.2544813,9,EPI_ISL_15444683,Omicron,BA.5.1,2022-09-29
-30.690987,2.9105692,9,EPI_ISL_15514736,Omicron,BA.5,2022-10-14
-33.065968,2.4496098,9,EPI_ISL_13749030,Omicron,BA.4.1,2022-07-01
-33.00364,2.1216002,9,EPI_ISL_14831519,Omicron,BA.5.5,2022-08-19
-32.987907,2.2074232,9,EPI_ISL_17243364,Omicron,BF.5,2023-03-03
-32.96431,2.4183683,9,EPI_ISL_13645438,Omicron,BA.5.2.1,2022-06-20
-32.925255,2.2777462,9,EPI_ISL_16149545,Omicron,BA.5.2.1,2022-10-21
-31.948448,3.0513372,9,EPI_ISL_16383099,Omicron,BF.5,2022-11-14
-33.1752,2.43406,9,EPI_ISL_13874355,Omicron,BA.5.2.3,2022-07-11
-33.034767,2.238759,9,EPI_ISL_13907635,Omicron,BA.5.3,2022-07-05
-32.9254,2.1997986,9,EPI_ISL_15037511,Omicron,BF.5,2022-09-13
-32.768944,2.2231555,9,EPI_ISL_15227356,Omicron,BA.5.2.1,2022-09-19
-32.839474,2.371572,9,EPI_ISL_14233266,Omicron,BA.5.1.3,2022-07-27
-32.79235,2.051177,9,EPI_ISL_15782928,Omicron,BA.5.2,2022-10-28
-29.84643,3.0588908,9,EPI_ISL_15419646,Omicron,BA.5.1,2022-10-06
-32.839462,2.3089528,9,EPI_ISL_14651532,Omicron,BF.28,2022-08-12
-30.706444,2.9261155,9,EPI_ISL_15781134,Omicron,BA.4.1,2022-05-07
-33.01914,2.2153282,9,EPI_ISL_13396698,Omicron,BF.10,2022-06-04
-32.941093,2.277771,9,EPI_ISL_13667067,Omicron,BA.4.1.1,2022-06-20
-32.925194,2.332511,9,EPI_ISL_16716873,Omicron,BF.5,2022-12-20
-32.91744,2.2387772,9,EPI_ISL_15646990,Omicron,BA.5.2,2022-10-20
-32.839294,2.504364,9,EPI_ISL_15672545,Omicron,BA.5.2,2022-10-14
-32.800377,2.262267,9,EPI_ISL_13426791,Omicron,BF.5,2022-06-16
-32.800285,2.2700682,9,EPI_ISL_13733423,Omicron,BA.5.1,2022-07-04
-33.175232,2.379263,9,EPI_ISL_14349956,Omicron,BA.5.2.20,2022-07-22
-32.69858,2.5277076,9,EPI_ISL_14814992,Omicron,BT.1,2022-08-16
-32.581543,2.5199804,9,EPI_ISL_13201420,Omicron,BA.4.1,2022-06-05
-32.980156,2.5044065,9,EPI_ISL_15174096,Omicron,BA.5.1,2022-09-08
-32.737682,2.5513182,9,EPI_ISL_16510985,Omicron,BA.5.1,2022-08-16
-31.190681,3.0200777,9,EPI_ISL_14280990,Omicron,BF.10,2022-07-19
-32.550323,2.4654045,9,EPI_ISL_13382552,Omicron,BA.5.1,2022-06-09
-33.066017,2.160605,9,EPI_ISL_13560446,Omicron,BA.4.1,2022-06-07
-32.94081,2.137083,9,EPI_ISL_16747055,Omicron,BF.5,2023-01-17
-32.948635,2.2622604,9,EPI_ISL_14653699,Omicron,BA.5.2.1,2022-08-09
-32.777,2.2778778,9,EPI_ISL_15402719,Omicron,BF.5,2022-08-25
-33.058064,2.4341516,9,EPI_ISL_13355790,Omicron,BA.4.1,2022-06-13
-29.87798,3.090088,9,EPI_ISL_15453498,Omicron,BA.5.2.1,2022-10-14
-32.90976,2.6372013,9,EPI_ISL_13403025,Omicron,Unassigned,2022-06-06
-32.940887,2.4184275,9,EPI_ISL_15006235,Omicron,Unassigned,2022-09-05
-33.120747,2.3403358,9,EPI_ISL_15822811,Omicron,BA.5.2,2022-11-02
-33.034676,2.3011808,9,EPI_ISL_15647891,Omicron,BF.2,2022-09-07
-30.846716,2.9886742,9,EPI_ISL_14274826,Omicron,BA.5.5,2022-07-18
-32.9645,2.270133,9,EPI_ISL_13178746,Omicron,BA.5.1,2022-06-03
-32.90976,2.2934694,9,EPI_ISL_13756900,Omicron,BA.5.5,2022-07-05
-30.831047,3.0043125,9,EPI_ISL_13763182,Omicron,BE.3,2022-06-29
-32.909615,2.3012543,9,EPI_ISL_16285552,Omicron,BA.5,2022-12-20
-32.964355,2.3246446,9,EPI_ISL_13134936,Omicron,BE.3,2022-05-24
-33.112778,2.4573278,9,EPI_ISL_15163901,Omicron,BA.5.1,2022-08-31
-32.769104,2.207447,9,EPI_ISL_16059571,Omicron,XBB,2022-12-05
-32.886086,2.4184542,9,EPI_ISL_15804299,Omicron,BA.5.2,2022-11-01
-33.042416,2.2309837,9,EPI_ISL_17505708,Omicron,BA.5.2.48,2023-04-04
-33.22211,2.4731183,9,EPI_ISL_15047787,Omicron,BA.5.2,2022-09-08
-32.87058,2.176402,9,EPI_ISL_14374873,Omicron,BA.5.2.1,2022-07-20
-32.862732,2.2622185,9,EPI_ISL_15408945,Omicron,BA.5.2.1,2022-10-07
-32.823742,2.5356693,9,EPI_ISL_14539726,Omicron,Unassigned,2022-07-01
-32.89438,2.5823846,9,EPI_ISL_16365367,Omicron,BF.5,2022-11-08
-32.964485,2.473112,9,EPI_ISL_15416843,Omicron,Unassigned,2022-10-07
-32.86284,2.340136,9,EPI_ISL_15806374,Omicron,BA.5.1.5,2022-10-04
-32.925278,2.3948545,9,EPI_ISL_15448098,Omicron,BA.5.2.1,2022-10-06
-33.05024,2.402864,9,EPI_ISL_15894661,Omicron,BE.1.1,2022-11-10
-32.807987,2.1604652,9,EPI_ISL_13980026,Omicron,BE.1,2022-06-29
-32.894104,2.5979967,9,EPI_ISL_14154555,Omicron,BF.3,2022-07-04
-32.956642,2.4262447,9,EPI_ISL_14324798,Omicron,BF.5,2022-07-28
-32.956608,2.3715687,9,EPI_ISL_15065701,Omicron,BA.5.1.25,2022-09-06
-32.90979,2.0590134,9,EPI_ISL_13311753,Omicron,BE.1,2022-06-07
-32.761353,2.238534,9,EPI_ISL_16051683,Omicron,BF.5,2022-11-17
-33.120712,2.3246746,9,EPI_ISL_15102900,Omicron,BA.5.1.3,2022-09-06
-33.128624,2.418418,9,EPI_ISL_14019394,Omicron,BA.4.1,2022-07-19
-33.011284,2.4263086,9,EPI_ISL_14725918,Omicron,BA.5.2,2022-07-14
-33.011284,2.4106092,9,EPI_ISL_17062090,Omicron,BA.5.2.48,2023-02-11
-32.94109,2.2544823,9,EPI_ISL_15875205,Omicron,BF.5,2022-10-24
-32.88629,2.2073607,9,EPI_ISL_13277926,Omicron,BA.4.2,2022-05-30
-32.769104,2.0823212,9,EPI_ISL_15445447,Omicron,BA.5.2.1,2022-10-03
-33.081406,2.1684217,9,EPI_ISL_13535956,Omicron,BE.1,2022-06-09
-33.019,2.1683998,9,EPI_ISL_15263957,Omicron,BA.5.1,2022-09-21
-32.777016,2.184126,9,EPI_ISL_15040264,Omicron,BA.5.1,2022-08-30
-32.901978,2.3091373,9,EPI_ISL_15102244,Omicron,BA.5.5,2022-09-01
-32.948692,2.2151608,9,EPI_ISL_13226358,Omicron,BA.5.10,2022-05-18
-32.97999,2.2465458,9,EPI_ISL_13849297,Omicron,BA.5.5,2022-07-03
-32.776855,2.2468567,9,EPI_ISL_15967982,Omicron,BE.1.1,2022-11-14
-32.792625,2.3091326,9,EPI_ISL_15125559,Omicron,BF.5,2022-09-08
-33.120605,2.129384,9,EPI_ISL_15203215,Omicron,BA.5.1,2022-09-20
-32.972157,2.191946,9,EPI_ISL_16344168,Omicron,DY.4,2022-12-20
-33.105034,2.4652472,9,EPI_ISL_15811075,Omicron,BA.5.2.1,2022-10-27
-29.6733,3.0587997,9,EPI_ISL_14986758,Omicron,BA.5.2.1,2022-08-29
-32.745766,2.1529617,9,EPI_ISL_14749182,Omicron,BF.8,2022-08-10
-32.761147,2.0279365,9,EPI_ISL_14989982,Omicron,BF.5,2022-07-20
-32.987885,2.3870897,9,EPI_ISL_14164967,Omicron,BA.5.1.5,2022-07-22
-33.058212,2.2386103,9,EPI_ISL_14512271,Omicron,BA.5.2,2022-08-11
-32.948612,2.2934752,9,EPI_ISL_15127341,Omicron,BA.5.1,2022-08-26
-30.253315,3.0901403,9,EPI_ISL_13874507,Omicron,BA.5.1.21,2022-07-11
-29.924255,2.988536,9,EPI_ISL_15656933,Omicron,BA.5.2,2022-10-09
-32.99565,2.1685238,9,EPI_ISL_16848760,Omicron,BA.5.1.5,2023-01-02
-32.894173,2.3325748,9,EPI_ISL_13432301,Omicron,BA.4.1,2022-06-12
-33.026894,2.285666,9,EPI_ISL_16357159,Omicron,BA.5.1,2022-12-04
-32.964386,2.2701874,9,EPI_ISL_14903521,Omicron,BA.5.5,2022-08-04
-32.925232,2.3088975,9,EPI_ISL_12863607,Omicron,BA.5.1,2022-05-09
-32.86287,2.2072191,9,EPI_ISL_16373988,Omicron,BA.5.2,2022-12-12
-33.1128,2.2856388,9,EPI_ISL_15090130,Omicron,BA.5.1.23,2022-09-11
-33.050117,2.2856245,9,EPI_ISL_13419994,Omicron,BA.5.1,2022-06-15
-33.003494,2.3169403,9,EPI_ISL_16806170,Omicron,BF.5,2023-01-12
-29.939587,3.0119,9,EPI_ISL_12863085,Omicron,BA.5.1,2022-05-07
-33.058098,2.1293688,9,EPI_ISL_14075994,Omicron,BF.28,2022-07-13
-32.769016,2.3323755,9,EPI_ISL_14028639,Omicron,BA.5.3.3,2022-07-14
-32.97235,2.2464943,9,EPI_ISL_15442741,Omicron,BA.5.2.1,2022-09-24
-33.026817,2.2777824,9,EPI_ISL_14331921,Omicron,BA.5.1.10,2022-07-31
-32.86285,2.2854967,9,EPI_ISL_14886685,Omicron,BE.1.1,2022-08-23
-32.597122,2.113772,9,EPI_ISL_15716813,Omicron,BA.5.1,2022-10-20
-32.909744,2.1057787,9,EPI_ISL_14193441,Omicron,BF.5,2022-07-08
-32.870663,2.1918716,9,EPI_ISL_13941461,Omicron,BA.5.1,2022-07-07
-32.987854,2.199669,9,EPI_ISL_13833143,Omicron,BF.8,2022-06-18
-32.80809,2.2621498,9,EPI_ISL_14954286,Omicron,BF.5,2022-09-01
-32.88639,2.340107,9,EPI_ISL_14409948,Omicron,BA.5.1.1,2022-07-18
-32.87071,2.3790689,9,EPI_ISL_14762707,Omicron,BF.1,2022-07-04
-32.84721,2.1372151,9,EPI_ISL_14250000,Omicron,BA.5.2.1,2022-07-17
-32.909718,2.1216345,9,EPI_ISL_16340468,Omicron,DY.1,2022-12-19
-32.80815,2.1919832,9,EPI_ISL_16055308,Omicron,BA.5.2,2022-11-07
-33.08159,2.1917768,9,EPI_ISL_14785687,Omicron,BA.5.2,2022-08-28
-33.027077,2.1840105,9,EPI_ISL_14279912,Omicron,BA.5.5,2022-07-11
-32.972206,2.21521,9,EPI_ISL_14874689,Omicron,BA.5.1,2022
-32.604935,2.3639312,9,EPI_ISL_16016963,Omicron,BE.1,2022-08-11
-32.917404,2.3012104,9,EPI_ISL_15245614,Omicron,BA.5.2,2022-09-12
-32.77693,2.4730463,9,EPI_ISL_15393797,Omicron,BA.5.1,2022-10-03
-33.175133,2.1528397,9,EPI_ISL_15306280,Omicron,BA.5.2.9,2022-09-19
-33.08928,2.1136608,9,EPI_ISL_16633319,Omicron,BF.5,2022-12-31
-33.050278,2.1214557,9,EPI_ISL_14456358,Omicron,BA.4,2022-07-26
-32.980087,2.2621212,9,EPI_ISL_16921914,Omicron,BA.5.2.48,2023-01-13
-32.933212,2.3402724,9,EPI_ISL_15323364,Omicron,BA.5.5,2022-09-26
-29.92453,3.0587015,9,EPI_ISL_14042134,Omicron,BA.4,2022-07-08
-32.90193,2.1763873,9,EPI_ISL_14806962,Omicron,BA.5.2.16,2022-08-02
-33.089375,2.215324,9,EPI_ISL_14996231,Omicron,BV.1,2022-09-05
-33.081673,2.3951077,9,EPI_ISL_13445916,Omicron,BA.5.8,2022-06-17
-32.917435,2.2152624,9,EPI_ISL_14948611,Omicron,BA.5.1,2022-09-03
-33.042725,2.1761417,9,EPI_ISL_15135829,Omicron,BA.5.2.1,2022-09-12
-33.011284,2.4340224,9,EPI_ISL_14946639,Omicron,BA.5.2.1,2022-09-04
-33.120453,2.2857194,9,EPI_ISL_14826718,Omicron,BA.5.1.23,2022-08-19
-33.159843,2.3090386,9,EPI_ISL_15799978,Omicron,BA.5.1.5,2022-10-25
-32.979996,2.2465115,9,EPI_ISL_15899156,Omicron,BA.5.1.17,2022-11-08
-32.76143,2.121521,9,EPI_ISL_14734891,Omicron,BA.5.2,2022-08-13
-32.98771,2.379305,9,EPI_ISL_13466135,Omicron,BA.5.1.3,2022-06-15
-33.058247,2.0825353,9,EPI_ISL_12705939,Omicron,BA.4.1,2022-05-08
-32.870613,2.2465692,9,EPI_ISL_14200526,Omicron,BA.5.2.1,2022-07-18
-32.862793,2.4418783,9,EPI_ISL_13891910,Omicron,BA.5.5,2022-07-07
-33.019188,2.238719,9,EPI_ISL_15353994,Omicron,BA.5.6,2022-09-26
-32.87063,2.2542548,9,EPI_ISL_14742759,Omicron,BA.5.2,2022-08-13
-32.90981,2.1607122,9,EPI_ISL_14706030,Omicron,BA.4,2022-07-30
-32.917526,2.3325071,9,EPI_ISL_14445679,Omicron,BA.5.1,2022-07-23
-33.08938,2.379403,9,EPI_ISL_17014728,Omicron,BF.5,2022-12-10
-32.964344,2.098092,9,EPI_ISL_15318385,Omicron,BA.5.1.24,2022
-32.97205,2.2777615,9,EPI_ISL_13877768,Omicron,BA.5.2.20,2022-06-27
-33.15189,2.2778597,9,EPI_ISL_13658507,Omicron,BA.4.1,2022-06-29
-32.964367,2.183991,9,EPI_ISL_15389455,Omicron,BA.5.1.6,2022-08-02
-32.940907,2.3793998,9,EPI_ISL_14213891,Omicron,BA.5.5,2022-07-27
-32.847435,2.3090096,9,EPI_ISL_15575963,Omicron,BA.5.2.1,2022-09-14
-31.737705,2.9652677,9,EPI_ISL_13870738,Omicron,BA.5.6,2022-07-07
-33.09705,2.394978,9,EPI_ISL_15765527,Omicron,BA.5.2.1,2022-09-22
-29.930729,3.0351224,9,EPI_ISL_15724970,Omicron,BA.5.1.5,2022-10-25
-33.042397,2.3246918,9,EPI_ISL_13795794,Omicron,BA.5.1,2022-07-07
-28.953186,2.8402824,9,EPI_ISL_15746909,Omicron,Unassigned,2022-11-01
-32.901875,2.1761966,9,EPI_ISL_14474632,Omicron,BA.5.1,2022-08-01
-29.893368,3.098103,9,EPI_ISL_15179941,Omicron,BA.5.2,2022-09-20
-30.534212,3.0355039,9,EPI_ISL_15196927,Omicron,Unassigned,2022-09-20
-33.019188,2.2621222,9,EPI_ISL_13947025,Omicron,BA.5.1.3,2022-07-12
-32.96447,2.348256,9,EPI_ISL_15646699,Omicron,BA.5.2,2022-10-24
-33.011192,2.3480144,9,EPI_ISL_16736745,Omicron,BA.5.2.48,2023-01-16
-32.847267,2.5356374,9,EPI_ISL_15681718,Omicron,BA.5.2.20,2022-10-25
-31.300282,2.9184542,9,EPI_ISL_13913248,Omicron,BA.5.2,2022-06-14
-33.143993,2.4028244,9,EPI_ISL_14695426,Omicron,BA.5.2,2022-08-15
-32.87845,2.3560152,9,EPI_ISL_15538140,Omicron,BA.5.1,2022-10-03
-32.808125,2.0748749,9,EPI_ISL_15159765,Omicron,BA.5.2.1,2022-09-15
-32.933132,2.23878,9,EPI_ISL_13267830,Omicron,BE.1.1,2022-06-04
-32.722385,2.269947,9,EPI_ISL_13102646,Omicron,BA.5.2,2022-05-20
-32.90204,2.1450071,9,EPI_ISL_15629311,Omicron,BA.5.2.1,2022-10-17
-32.777073,2.488562,9,EPI_ISL_14349411,Omicron,BA.5.2.1,2022-07-27
-32.93316,2.1294055,9,EPI_ISL_14206126,Omicron,BE.1,2022-06-21
-32.878418,2.07481,9,EPI_ISL_15144521,Omicron,BA.5.6,2022-09-02
-33.05803,2.2072525,9,EPI_ISL_14198410,Omicron,BA.5.1.2,2022-07-18
-32.972088,2.2075105,9,EPI_ISL_15370498,Omicron,BF.5,2022-09-28
-32.901875,2.2856688,9,EPI_ISL_13981339,Omicron,BA.5.5,2022-07-14
-33.02687,2.2933598,9,EPI_ISL_14011277,Omicron,BA.5.2.1,2022-07-17
-33.042545,2.4107141,9,EPI_ISL_12889682,Omicron,BA.4,2022-05-12
-33.02696,2.4340744,9,EPI_ISL_15287722,Omicron,BE.1.1.2,2022-09-12
-32.823784,2.1139283,9,EPI_ISL_14660079,Omicron,BA.5.1,2022-08-23
-33.019203,2.0902328,9,EPI_ISL_15738014,Omicron,BA.5.2.1,2022-10-26
-29.735561,3.066267,9,EPI_ISL_14410777,Omicron,BF.1,2022-07-28
-30.581606,3.0511994,9,EPI_ISL_16285177,Omicron,BA.5.2,2022-11-24
-32.98006,2.2935333,9,EPI_ISL_16340465,Omicron,DY.1,2022-12-19
-32.956417,2.1995735,9,EPI_ISL_15806417,Omicron,BA.5.1.5,2022-10-05
-32.808212,2.3791752,9,EPI_ISL_13882355,Omicron,BA.5.1,2022-06-28
-32.956543,2.3247185,9,EPI_ISL_13400966,Omicron,BA.5.2.1,2022-06-16
-32.83941,2.3014011,9,EPI_ISL_14177629,Omicron,BA.5.1,2022-07-20
-33.073723,2.2777877,9,EPI_ISL_14825716,Omicron,BA.5.6,2022-08-18
-33.058006,2.129373,9,EPI_ISL_14525835,Omicron,BA.5.5,2022-08-01
-32.980095,2.223083,9,EPI_ISL_14810809,Omicron,BA.5.2,2022-08-29
-32.940926,2.2701445,9,EPI_ISL_15133257,Omicron,BA.5.2,2022-09-03
-32.82383,2.1215172,9,EPI_ISL_15108478,Omicron,BA.5.1,2022-08-24
-32.987732,2.1527991,9,EPI_ISL_15777373,Omicron,BA.5.2,2022-10-09
-33.112812,2.2387614,9,EPI_ISL_13967399,Omicron,BE.1.3,2022-06-21
-32.83155,2.348216,9,EPI_ISL_13822241,Omicron,BA.5.5,2022-06-24
-32.86281,2.4027138,9,EPI_ISL_13706231,Omicron,BA.5.5,2022-06-20
-33.011177,2.2777576,9,EPI_ISL_13994559,Omicron,BA.5.5,2022-07-15
-32.847107,2.0669022,9,EPI_ISL_15389695,Omicron,BA.5.2.31,2022-09-19
-33.02696,2.270115,9,EPI_ISL_15040973,Omicron,BA.5.2.1,2022-08-17
-29.360695,3.0431337,9,EPI_ISL_15692380,Omicron,BA.4.1,2022-09-14
-32.901985,2.4496698,9,EPI_ISL_13749627,Omicron,BA.5.5,2022-06-28
-32.839283,2.262269,9,EPI_ISL_16341977,Omicron,BA.5.2,2022-12-11
-33.136158,2.1838207,9,EPI_ISL_16127646,Omicron,BA.4,2022-07-01
-32.87055,2.3559718,9,EPI_ISL_16912102,Omicron,BA.5.2,2023-01-14
-33.03488,2.176258,9,EPI_ISL_14623435,Omicron,BF.6,2022-07-23
-32.901817,2.2621164,9,EPI_ISL_15811384,Omicron,BA.5.2,2022-10-28
-32.940933,2.340104,9,EPI_ISL_14752425,Omicron,BA.4.1,2022-08-22
-32.839462,2.051063,9,EPI_ISL_15736346,Omicron,BA.5.1.5,2022-10-31
-32.847332,2.2153306,9,EPI_ISL_15098623,Omicron,BA.5.2.1,2022-09-07
-33.12062,2.4027843,9,EPI_ISL_15411117,Omicron,BA.5.2.1,2022-09-21
-32.980225,2.3403206,9,EPI_ISL_15771741,Omicron,BA.5.2.1,2022-10-29
-32.800278,2.5277052,9,EPI_ISL_13798992,Omicron,BA.5.2.1,2022-06-24
-32.95658,2.3791513,9,EPI_ISL_13625649,Omicron,BA.5.1,2022-06-21
-33.01905,2.285615,9,EPI_ISL_13337368,Omicron,BA.5.1,2022-06-02
-32.948822,2.3793278,9,EPI_ISL_14667229,Omicron,BA.5.2,2022-08-15
-33.06596,2.3716216,9,EPI_ISL_15290492,Omicron,Unassigned,2022-09-19
-33.081516,2.3714242,9,EPI_ISL_16694557,Omicron,BA.5.2,2023-01-05
-32.949043,2.3245602,9,EPI_ISL_13441992,Omicron,BA.4,2022-06-14
-32.81598,2.0903473,9,EPI_ISL_15341876,Omicron,BA.5.1,2022-10-01
-32.94884,2.481069,9,EPI_ISL_15408444,Omicron,BE.1,2022-09-21
-32.86297,2.1763353,9,EPI_ISL_15764958,Omicron,BA.5.2,2022-10-05
-33.050514,2.4184666,9,EPI_ISL_14919134,Omicron,BA.4,2022-07-14
-33.128456,2.0435162,9,EPI_ISL_14267231,Omicron,BA.4.1,2022-07-16
-32.862755,2.4731188,9,EPI_ISL_14139513,Omicron,BA.5.8,2022-07-13
-33.03483,2.3872519,9,EPI_ISL_14272132,Omicron,BA.5.5,2022-07-14
-32.94886,2.2154064,9,EPI_ISL_15919914,Omicron,BA.5.2,2022-09-04
-32.894154,2.2856631,9,EPI_ISL_15965918,Omicron,BA.5.2,2022-09-14
-32.667572,2.4262724,9,EPI_ISL_15178116,Omicron,BA.5.2,2022-09-04
-32.659817,2.3558464,9,EPI_ISL_14905812,Omicron,BA.5.5,2022-08-25
-32.667477,2.6057959,9,EPI_ISL_15089209,Omicron,BA.5.2,2022-09-13
-32.839405,2.5746179,9,EPI_ISL_14714637,Omicron,BA.5.2,2022-07-27
-32.831635,2.4497194,9,EPI_ISL_16846413,Omicron,BA.5.5,2022-07-21
-32.925583,2.5276985,9,EPI_ISL_15312986,Omicron,BA.5.2,2022-10-04
-32.784683,2.49644,9,EPI_ISL_14602088,Omicron,BA.5.1,2022-08-04
-32.932903,2.2545528,9,EPI_ISL_15798432,Omicron,BA.5.1,2022-10-24
-33.034718,2.207758,9,EPI_ISL_17015115,Omicron,BF.5,2023-02-02
-29.986862,3.0276618,9,EPI_ISL_16599956,Omicron,BF.8,2023-01-09
-33.06606,2.2309184,9,EPI_ISL_15432162,Omicron,BA.5.2.1,2022-10-04
-32.776947,2.3872747,9,EPI_ISL_15312811,Omicron,BE.1.1,2022-10-01
-32.956467,2.129394,9,EPI_ISL_15993176,Omicron,BA.5.2,2022-11-04
-33.04241,2.1294441,9,EPI_ISL_16149010,Omicron,BA.5.2,2022-10-27
-29.862274,3.05904,9,EPI_ISL_13776221,Omicron,BF.1,2022-06-28
-32.917618,2.44204,9,EPI_ISL_14060713,Omicron,BA.4.1.1,2022-07-06
-32.94884,2.3012395,9,EPI_ISL_15168382,Omicron,BA.5.1,2022-09-14
-32.6987,2.4652638,9,EPI_ISL_17583989,Omicron,BA.5.2.22,2022-11-17
-33.050217,2.2545347,9,EPI_ISL_13865912,Omicron,BA.4.1,2022-06-16
-32.97995,2.3167896,9,EPI_ISL_16983879,Omicron,BF.21,2023-01-13
-33.042526,2.2231255,9,EPI_ISL_14298886,Omicron,BA.2.12.1,2022-07-02
-32.76127,2.3403559,9,EPI_ISL_14707279,Omicron,BA.5.1.23,2022-08-24
-33.081703,2.215382,9,EPI_ISL_14541720,Omicron,BA.5.1.10,2022-08-12
-32.90165,2.223034,9,EPI_ISL_15242246,Omicron,BA.5.2,2022-09-16
-32.807972,2.3637228,9,EPI_ISL_16581106,Omicron,BA.5.1.3,2023-01-06
-32.86279,2.238912,9,EPI_ISL_14491928,Omicron,BA.5.1.3,2022-08-09
-33.05828,2.168448,9,EPI_ISL_13753946,Omicron,Unassigned,2022-06-27
-33.02687,2.1058512,9,EPI_ISL_13854498,Omicron,BA.5.1.22,2022-07-04
-32.886196,2.2778978,9,EPI_ISL_14491962,Omicron,BA.5.2,2022-08-09
-32.84713,2.2465487,9,EPI_ISL_13264477,Omicron,BA.4,2022-06-07
-33.01898,2.246561,9,EPI_ISL_13662636,Omicron,Unassigned,2022-06-20
-32.99569,2.2701302,9,EPI_ISL_15898829,Omicron,BE.1,2022-10-13
-32.98784,2.4575586,9,EPI_ISL_15346605,Omicron,BA.5.2,2022-09-03
-32.90983,2.2073221,9,EPI_ISL_13516598,Omicron,BA.4.1,2022-06-20
-31.612846,2.8480697,9,EPI_ISL_16995822,Omicron,BA.5.2,2022-12-11
-32.878254,2.5121298,9,EPI_ISL_14729860,Omicron,BA.5.1,2022-08-02
-32.706547,2.3482227,9,EPI_ISL_13407473,Omicron,BA.5.2,2022-06-10
-32.854836,2.1449194,9,EPI_ISL_15119440,Omicron,BA.5.2,2022-09-01
-33.097248,2.2934504,9,EPI_ISL_15158912,Omicron,BA.5.2,2022-09-12
-32.902054,2.2699642,9,EPI_ISL_14382830,Omicron,BF.28,2022-07-24
-32.917576,2.356192,9,EPI_ISL_13580537,Omicron,BA.5.1,2022-06-16
-33.136375,2.2857094,9,EPI_ISL_13611977,Omicron,BA.5.2.16,2022-06-20
-32.85484,2.1683102,9,EPI_ISL_14484987,Omicron,BA.5.1,2022-08-01
-33.05831,2.2854548,9,EPI_ISL_15001905,Omicron,BA.5.1,2022-09-05
-32.620617,2.2076645,9,EPI_ISL_13368755,Omicron,BA.5.1,2022-06-13
-30.854843,2.9418755,9,EPI_ISL_14060893,Omicron,BA.5.2.1,2022-07-06
-33.10504,2.2231998,9,EPI_ISL_15292781,Omicron,BA.5.1.4,2022-09-24
-32.800438,2.3874006,9,EPI_ISL_15111085,Omicron,BA.5.1.10,2022-09-14
-32.964363,2.3716335,9,EPI_ISL_15080379,Omicron,BA.5.2,2022-09-02
-33.06591,2.2700024,9,EPI_ISL_12958821,Omicron,BA.4,2022-05-16
-32.995823,2.2153163,9,EPI_ISL_17109570,Omicron,BA.5.1,2022-08-13
-33.019096,2.3325143,9,EPI_ISL_16712139,Omicron,BA.5.2.48,2023-01-15
-32.839424,2.2544308,9,EPI_ISL_16348228,Omicron,BA.5.2,2022-10-21
-30.581184,2.9964504,9,EPI_ISL_14281721,Omicron,BA.5.1,2022-07-23
-32.83931,2.0981855,9,EPI_ISL_16102632,Omicron,BA.5.2,2022-10-08
-32.987656,2.355834,9,EPI_ISL_14020692,Omicron,BA.5.2.1,2022-07-16
-32.91735,2.230771,9,EPI_ISL_14980775,Omicron,BA.5.2,2022-08-23
-32.808136,2.2542272,9,EPI_ISL_16567414,Omicron,BE.1.1,2022-10-10
-32.901836,2.5901852,9,EPI_ISL_14162665,Omicron,BA.5.1.25,2022-07-25
-33.16759,2.0669289,9,EPI_ISL_17261765,Omicron,BA.5.2.48,2023-03-02
-33.128384,2.1683974,9,EPI_ISL_15477689,Omicron,Unassigned,2022-08-04
-32.995586,2.1763153,9,EPI_ISL_14058360,Omicron,BA.5.1,2022-06-30
-33.019005,2.238512,9,EPI_ISL_13715493,Omicron,BA.4,2022
-33.058205,2.3714252,9,EPI_ISL_14169357,Omicron,BA.5.2,2022-07-25
-33.003418,2.3167906,9,EPI_ISL_15232619,Omicron,BF.6,2022-09-21
-32.862907,2.5120974,9,EPI_ISL_14882305,Omicron,BA.5.3.1,2022-08-18
-33.066093,2.3715806,9,EPI_ISL_14726740,Omicron,BA.5.2.37,2022-08-02
-33.14415,2.0981112,9,EPI_ISL_13849521,Omicron,BA.5.5,2022-07-03
-33.22212,2.4496646,9,EPI_ISL_15993086,Omicron,BA.5.2,2022-09-27
-32.839325,2.4573994,9,EPI_ISL_14059992,Omicron,BA.5.2.1,2022-07-05
-29.924004,3.0041738,9,EPI_ISL_15809698,Omicron,BA.5.1.33,2022-10-25
-32.94098,2.285677,9,EPI_ISL_14428834,Omicron,BA.5.1,2022-07-30
-32.729877,2.207407,9,EPI_ISL_14482343,Omicron,BA.4,2022-07-25
-32.78473,2.1059146,9,EPI_ISL_15748146,Omicron,BA.5.2.31,2022-10-30
-32.964417,2.2152143,9,EPI_ISL_13132110,Omicron,BA.4.1,2022-05-30
-32.80819,2.3168526,9,EPI_ISL_13579400,Omicron,BA.5.5,2022-06-20
-32.620716,2.207562,9,EPI_ISL_16624235,Omicron,BE.1,2022-09-16
-29.979237,3.0276182,9,EPI_ISL_15137336,Omicron,BF.5,2022-09-08
-32.831604,2.1839204,9,EPI_ISL_15050997,Omicron,BA.5.5,2022-08-16
-33.081493,2.4496136,9,EPI_ISL_15668152,Omicron,BA.5.1.3,2022-10-29
-32.956604,2.2543392,9,EPI_ISL_15118190,Omicron,BA.5.2.1,2022-08-29
-32.9174,2.6215544,9,EPI_ISL_13801023,Omicron,BA.5.1,2022-06-29
-33.00347,2.2154388,9,EPI_ISL_12598764,Omicron,BA.5.1,2022-04-25
-29.846642,3.0589056,9,EPI_ISL_13381593,Omicron,BF.1,2022-06-08
-32.81609,2.4340763,9,EPI_ISL_14692168,Omicron,BF.4,2022-08-15
-33.026672,2.2776642,9,EPI_ISL_16497131,Omicron,BA.5.2.21,2022-12-12
-29.721405,3.0119977,9,EPI_ISL_13486128,Omicron,BA.4,2022-06-11
-32.7927,2.6448689,9,EPI_ISL_14442759,Omicron,BA.5.1,2022-07-25
-30.565407,3.0979834,9,EPI_ISL_13885093,Omicron,BA.5.2.1,2022-07-11
-32.987694,2.301427,9,EPI_ISL_16553012,Omicron,BF.5,2022-02-09
-33.011364,2.301272,9,EPI_ISL_13324855,Omicron,BF.1,2022-06-08
-31.362396,2.8791595,9,EPI_ISL_15458237,Omicron,BA.5.2.1,2022-10-08
-32.7614,2.2231846,9,EPI_ISL_14895133,Omicron,Unassigned,2022-08-30
-31.378212,3.0121145,9,EPI_ISL_13754447,Omicron,Unassigned,2022-06-27
-33.081688,2.3010616,9,EPI_ISL_15405023,Omicron,BA.5.2.31,2022-09-29
-33.050213,2.2856488,9,EPI_ISL_15579302,Omicron,BA.5,2022-09-05
-33.026848,2.1604462,9,EPI_ISL_14071628,Omicron,BA.4.1.3,2022-07-19
-32.831608,2.4340763,9,EPI_ISL_14691162,Omicron,BA.4,2022-08-18
-32.97225,2.3481684,9,EPI_ISL_14284652,Omicron,BA.4.1.1,2022-07-23
-33.042538,2.1997042,9,EPI_ISL_16841423,Omicron,BA.5.2,2023-01-10
-32.995636,2.293395,9,EPI_ISL_12925304,Omicron,BA.4,2022-05-10
-32.8238,2.4966745,9,EPI_ISL_13567971,Omicron,BA.5.2.1,2022-05-22
-32.90979,2.2307878,9,EPI_ISL_16614701,Omicron,BA.4.6,2022-07-28
-32.73003,2.3869996,9,EPI_ISL_13754156,Omicron,Unassigned,2022-06-28
-32.97214,2.254468,9,EPI_ISL_14714247,Omicron,BA.5.1,2022-08-20
-33.02671,2.3560028,9,EPI_ISL_15110063,Omicron,BA.5.2.1,2022-08-26
-29.823057,3.0744886,9,EPI_ISL_15521799,Omicron,BA.5.2.1,2022-10-04
-31.33133,2.988657,9,EPI_ISL_14660066,Omicron,BA.5.1,2022-08-16
-33.066147,2.2074738,9,EPI_ISL_14714965,Omicron,BF.3,2022-08-19
-30.90945,2.9575787,9,EPI_ISL_16394902,Omicron,BA.5.2,2022-10-17
-33.027016,2.168582,9,EPI_ISL_16747984,Omicron,BA.5.2.1,2023-01-14
-30.60455,3.0042572,9,EPI_ISL_15330733,Omicron,BA.5.1.23,2022-09-25
-32.925217,2.2699814,9,EPI_ISL_14283070,Omicron,BA.5.5,2022-07-16
-32.995804,2.3323908,9,EPI_ISL_15622556,Omicron,BA.5.1,2022-10-06
-33.04249,2.176363,9,EPI_ISL_13605072,Omicron,BA.5.5,2022-06-23
-33.05822,2.1683478,9,EPI_ISL_13620985,Omicron,BA.5.2,2022-06-24
-33.05817,2.2857199,9,EPI_ISL_15293547,Omicron,BA.5.3.1,2022-10-02
-32.854904,2.2309952,9,EPI_ISL_13953850,Omicron,BF.5,2022-07-01
-28.992334,2.8480093,9,EPI_ISL_13385216,Omicron,BA.5.1,2022-05-30
-33.08938,2.3638577,9,EPI_ISL_15520678,Omicron,BA.5.2,2022-10-10
-32.97237,2.1215725,9,EPI_ISL_15252043,Omicron,BA.5.2.29,2022-07-12
-32.706676,2.1918583,9,EPI_ISL_16008508,Omicron,BA.5.2,2022-11-17
-32.823723,2.3638954,9,EPI_ISL_14393083,Omicron,BA.5.2.3,2022-08-04
-32.99569,2.2544446,9,EPI_ISL_13944413,Omicron,BA.5.2.21,2022-07-14
-32.878387,2.32473,9,EPI_ISL_17489315,Omicron,BA.5.2.48,2023-03-24
-29.493393,2.9884005,9,EPI_ISL_13440805,Omicron,BA.5.5,2022-05-30
-32.847176,2.5043,9,EPI_ISL_15189148,Omicron,BA.5.2,2022-08-24
-30.791393,2.988607,9,EPI_ISL_17330618,Omicron,BA.5.5,2022-08-12
-28.89162,3.0117912,9,EPI_ISL_14620615,Omicron,BA.5.1,2022-08-09
-32.80036,2.19179,9,EPI_ISL_14834272,Omicron,BA.5.2.1,2022-08-22
-32.784756,2.3403568,9,EPI_ISL_15477630,Omicron,Unassigned,2022-08-17
-33.08162,2.3246722,9,EPI_ISL_15792876,Omicron,BK.1,2022-09-06
-32.98018,2.2154217,9,EPI_ISL_13311922,Omicron,BA.4.1.1,2022-06-06
-32.93345,2.3481355,9,EPI_ISL_16003401,Omicron,BA.4.1.1,2022-09-21
-33.050423,2.2856226,9,EPI_ISL_13403645,Omicron,Unassigned,2022-06-07
-32.93309,2.3794222,9,EPI_ISL_13605728,Omicron,BA.5.2.1,2022-06-25
-32.956787,2.3246903,9,EPI_ISL_15031465,Omicron,BA.5.10,2022-09-06
-32.831635,2.3560033,9,EPI_ISL_15492189,Omicron,BA.5.2,2022-09-27
-33.05813,2.3871655,9,EPI_ISL_15764951,Omicron,BA.5.2.1,2022-10-06
-32.987797,2.2621732,9,EPI_ISL_13381936,Omicron,BA.5.3.2,2022-06-13
-32.847176,2.2466297,9,EPI_ISL_14091434,Omicron,BA.5,2022-07-22
-32.933056,2.246563,9,EPI_ISL_13760980,Omicron,BA.5.2,2022-07-01
-33.081528,2.2465634,9,EPI_ISL_14298756,Omicron,BA.5.1,2022-07-27
-28.891617,3.0040379,9,EPI_ISL_15329125,Omicron,BA.5.2,2022-09-29
-32.854954,2.2855859,9,EPI_ISL_13850037,Omicron,BA.5.3,2022-06-30
-32.964592,2.3089075,9,EPI_ISL_13499787,Omicron,BA.4.4,2022-06-16
-29.994171,3.0355303,9,EPI_ISL_15634610,Omicron,BA.5,2022-06-14
-31.143959,3.0199027,9,EPI_ISL_14643382,Omicron,BF.5,2022-08-02
-32.956524,2.3247814,9,EPI_ISL_15179046,Omicron,BA.5.2.28,2022-09-17
-32.80031,2.1372457,9,EPI_ISL_15719457,Omicron,Unassigned,2022-10-26
-33.042576,2.1449952,9,EPI_ISL_15521731,Omicron,BA.5.2.20,2022-10-13
-33.073753,2.2466965,9,EPI_ISL_15075609,Omicron,BA.4.1,2022-08-29
-32.800407,2.1525488,9,EPI_ISL_16109952,Omicron,BE.1.1,2022-11-15
-32.7613,2.3402781,9,EPI_ISL_15498708,Omicron,BA.5.1,2022-06-24
-32.878334,2.316893,9,EPI_ISL_13734088,Omicron,BA.5.2,2022-07-02
-33.02701,2.1839714,9,EPI_ISL_16093266,Omicron,BF.5,2022-11-21
-32.92528,2.3949184,9,EPI_ISL_15861909,Omicron,BA.5.2,2022-11-07
-33.011288,2.1840458,9,EPI_ISL_14557337,Omicron,BE.1.1,2022-08-01
-33.02686,2.3012094,9,EPI_ISL_14457899,Omicron,BA.4.1.4,2022-08-03
-32.870716,2.0825462,9,EPI_ISL_15083651,Omicron,BA.5.1.5,2022-09-05
-32.90204,2.2544022,9,EPI_ISL_15545602,Omicron,BA.5.1.21,2022-10-13
-32.90963,2.2386823,9,EPI_ISL_15789331,Omicron,BA.5.2.1,2022-10-24
-32.878353,2.231061,9,EPI_ISL_13386796,Omicron,BA.5.1.10,2022-06-15
-32.847183,2.160626,9,EPI_ISL_17016085,Omicron,XAZ,2023-01-10
-32.92537,2.4105463,9,EPI_ISL_15178629,Omicron,BA.5.2,2022-09-13
-32.83145,2.2621136,9,EPI_ISL_13748840,Omicron,BF.5,2022-07-03
-32.987793,2.238739,9,EPI_ISL_15054379,Omicron,BE.1,2022-09-03
-32.95658,2.16074,9,EPI_ISL_14708615,Omicron,BA.5.1.5,2022-08-18
-32.722164,2.3012505,9,EPI_ISL_16587563,Omicron,BA.5.2.1,2022-12-16
-32.87069,2.4809446,9,EPI_ISL_13543288,Omicron,BA.5.1,2022-06-14
-32.8864,2.1370401,9,EPI_ISL_16365228,Omicron,BA.5.2,2022-11-06
-33.003513,2.26997,9,EPI_ISL_15060387,Omicron,BA.5.1,2022-09-06
-32.84739,2.3478894,9,EPI_ISL_15263740,Omicron,BA.5.1,2022-09-16
-32.96437,2.191875,9,EPI_ISL_15155553,Omicron,BA.5.1,2022-09-23
-32.870728,2.1451378,9,EPI_ISL_13773295,Omicron,BA.5.2,2022-07-05
-32.987907,2.1919384,9,EPI_ISL_15531467,Omicron,BA.5.2,2022-10-17
-33.16745,2.3871112,9,EPI_ISL_16058221,Omicron,BA.5.1.33,2022-11-18
-33.0582,2.5278578,9,EPI_ISL_15449443,Omicron,BA.5.2.1,2022-10-11
-33.01905,2.2231083,9,EPI_ISL_15599774,Omicron,BA.5.2,2022-10-06
-32.988,2.2464585,9,EPI_ISL_14913680,Omicron,BA.5.2,2022-08-21
-33.183372,2.3792815,9,EPI_ISL_14827531,Omicron,BE.1,2022-08-20
-32.808174,2.2310052,9,EPI_ISL_15418090,Omicron,BA.5.2,2022-10-04
-33.04247,2.6450443,9,EPI_ISL_14669462,Omicron,BA.5.5,2022-08-09
-32.964508,2.2465057,9,EPI_ISL_14485960,Omicron,BA.5.5,2022-08-01
-32.964333,2.457549,9,EPI_ISL_13568575,Omicron,BA.5.2.1,2022-06-23
-32.979965,2.277761,9,EPI_ISL_15496252,Omicron,BA.5,2022-10-15
-32.82372,2.2152276,9,EPI_ISL_15344222,Omicron,BA.5.1,2022-09-14
-32.980038,2.230936,9,EPI_ISL_16359789,Omicron,BE.1.1,2022-12-05
-32.933258,2.1528492,9,EPI_ISL_15865397,Omicron,BA.5.2,2022-06-30
-32.93306,2.2388716,9,EPI_ISL_15220643,Omicron,BE.1.1.2,2022-08-29
-32.940712,2.1839528,9,EPI_ISL_16215438,Omicron,BA.5.2.1,2022-10-19
-32.925304,2.2853389,9,EPI_ISL_15542682,Omicron,BA.5.1.5,2022-10-17
-32.823795,2.012042,9,EPI_ISL_14654902,Omicron,BF.1,2022-08-04
-33.06585,2.176283,9,EPI_ISL_15777332,Omicron,BA.5.2,2022-09-21
-33.15188,2.1215415,9,EPI_ISL_15438639,Omicron,BF.5,2022-09-10
-32.769,2.356022,9,EPI_ISL_15803680,Omicron,BA.5.2.1,2022-10-18
-32.74577,2.2858896,9,EPI_ISL_16110605,Omicron,BA.5.1.34,2022-12-09
-32.76917,2.4264116,9,EPI_ISL_14785437,Omicron,BA.4.5,2022-08-13
-32.65186,2.441718,9,EPI_ISL_15506395,Omicron,BA.5.2,2022-10-14
-32.683083,2.5902367,9,EPI_ISL_15647739,Omicron,BA.5.1,2022-10-21
-30.909126,2.94977,9,EPI_ISL_15006713,Omicron,Unassigned,2022-08-30
-32.90972,2.3950853,9,EPI_ISL_15781571,Omicron,BA.5.1.33,2022-09-19
-32.847073,2.262086,9,EPI_ISL_15919553,Omicron,BA.5.2.3,2022-10-29
-33.120728,2.0980644,9,EPI_ISL_14880922,Omicron,BA.5.2,2022-08-21
-33.08173,2.3090801,9,EPI_ISL_14881567,Omicron,BA.5.2.1,2022-08-20
-32.925323,2.4574814,9,EPI_ISL_14267699,Omicron,BA.5.5,2022-07-17
-32.792572,2.3559418,9,EPI_ISL_13932366,Omicron,BA.5.6,2022-07-10
-32.730038,2.2622066,9,EPI_ISL_14774130,Omicron,BA.5.1.3,2022-08-18
-32.941254,2.2310963,9,EPI_ISL_15899968,Omicron,BA.5.1.5,2022-10-26
-33.00344,2.2231956,9,EPI_ISL_15290991,Omicron,Unassigned,2022-09-27
-32.83944,2.0668745,9,EPI_ISL_16216363,Omicron,BF.5,2022-12-13
-32.7612,2.066967,9,EPI_ISL_14296006,Omicron,BA.5.2,2022-08-01
-31.878433,2.7855835,9,EPI_ISL_14217003,Omicron,BA.5.1,2022-07-08
-32.823887,2.3403826,9,EPI_ISL_17170885,Omicron,BA.5.2.48,2023-02-08
-32.816128,2.0747814,9,EPI_ISL_13354662,Omicron,BF.5,2022-06-13
-32.8784,2.34019,9,EPI_ISL_16340684,Omicron,BA.5.2,2022-12-10
-33.16752,2.410574,9,EPI_ISL_14589161,Omicron,BA.5.2,2022-07-15
-32.83946,2.3013902,9,EPI_ISL_13915215,Omicron,BA.5.2.1,2022-07-05
-33.08158,2.3559074,9,EPI_ISL_13943675,Omicron,BA.5.2,2022-06-30
-32.96438,2.285613,9,EPI_ISL_14054551,Omicron,BA.4.2,2022-07-11
-33.003468,2.3402915,9,EPI_ISL_17157342,Omicron,BA.5.1,2022-12-02
-33.011257,2.293521,9,EPI_ISL_15618557,Omicron,BF.26,2022-10-12
-32.909626,2.3951073,9,EPI_ISL_14652540,Omicron,BA.5.2.1,2022-08-08
-29.924652,3.0590482,9,EPI_ISL_14821226,Omicron,Unassigned,2022-08-17
-33.065983,2.2542448,9,EPI_ISL_17062097,Omicron,BA.5.2.49,2023-02-14
-29.86153,2.9807224,9,EPI_ISL_14741646,Omicron,BA.5.2,2022-08-12
-32.894035,2.2154255,9,EPI_ISL_14799854,Omicron,BF.5,2022-08-19
-32.854935,2.387123,9,EPI_ISL_13773208,Omicron,BE.4,2022-07-05
-32.956703,2.2856731,9,EPI_ISL_13971810,Omicron,BA.5.2,2022-07-12
-33.10479,2.4185057,9,EPI_ISL_15016492,Omicron,BA.4.1,2022-08-18
-29.791645,3.027701,9,EPI_ISL_13372681,Omicron,BA.4,2022-06-07
-32.8942,2.3090472,9,EPI_ISL_15245438,Omicron,BA.5.2.12,2022-09-14
-32.98789,2.301178,9,EPI_ISL_12307562,Omicron,BA.4,2022-04-04
-32.83177,2.1918926,9,EPI_ISL_14075873,Omicron,BA.5.5,2022-07-13
-32.87858,2.3166504,9,EPI_ISL_14058246,Omicron,BA.5.2.1,2022-07-05
-33.12854,2.082408,9,EPI_ISL_14309242,Omicron,Unassigned,2022-07-12
-32.94876,2.168395,9,EPI_ISL_13768702,Omicron,BA.4.1,2022-07-05
-32.862724,2.418539,9,EPI_ISL_16422868,Omicron,BA.5.1,2022-11-11
-32.75343,2.527842,9,EPI_ISL_15728390,Omicron,BA.5.2.1,2022-08-31
-32.972244,2.3325005,9,EPI_ISL_14082882,Omicron,BA.2,2022-06-20
-32.886223,2.1526632,9,EPI_ISL_14516514,Omicron,BA.5.2.1,2022-08-03
-32.86257,2.2699237,9,EPI_ISL_14456695,Omicron,BA.5.2,2022-07-05
-33.034782,2.3246994,9,EPI_ISL_17243655,Omicron,BF.5,2023-03-02
-33.151882,2.2934532,9,EPI_ISL_13871109,Omicron,BA.5.2,2022-07-11
-32.88629,2.1919136,9,EPI_ISL_13883480,Omicron,BA.4.1.6,2022-07-06
-33.06593,2.269969,9,EPI_ISL_14552845,Omicron,BA.5.5,2022-08-06
-33.120743,2.2699819,9,EPI_ISL_14323320,Omicron,BF.5,2022-07-27
-32.745735,2.0745625,9,EPI_ISL_15769244,Omicron,BA.5.6,2022-10-16
-32.964367,2.3246508,9,EPI_ISL_13620475,Omicron,BA.5.1,2022-06-20
-33.073822,2.2152567,9,EPI_ISL_13425749,Omicron,BA.5.1.22,2022-06-09
-33.019062,2.2465725,9,EPI_ISL_15963531,Omicron,BA.5.1.30,2022-11-17
-32.800377,2.2309074,9,EPI_ISL_16161065,Omicron,BA.5.1,2022-09-01
-33.144096,2.387145,9,EPI_ISL_15669454,Omicron,BA.5.1,2022-10-21
-33.08944,2.1370397,9,EPI_ISL_15218130,Omicron,BA.5.6,2022-09-14
-32.753334,2.3947601,9,EPI_ISL_16042063,Omicron,BF.5,2022-11-27
-33.15191,2.0823946,9,EPI_ISL_15908171,Omicron,BA.5.2.21,2022-10-24
-32.98777,2.3088632,9,EPI_ISL_14606475,Omicron,BF.5,2022-08-15
-32.95652,2.3558912,9,EPI_ISL_15972118,Omicron,BA.5.1.34,2022-11-23
-32.831577,2.4342031,9,EPI_ISL_15437591,Omicron,BA.5.2.1,2022-09-30
-33.050354,2.324664,9,EPI_ISL_13887056,Omicron,BA.4.1.6,2022-07-06
-32.68307,2.3559036,9,EPI_ISL_15610266,Omicron,BF.5,2022-10-12
-32.956505,2.2465987,9,EPI_ISL_14152001,Omicron,BA.4.1,2022-06-22
-32.83158,2.1683369,9,EPI_ISL_14696093,Omicron,BE.1.1.2,2022-08-18
-32.862797,2.3245487,9,EPI_ISL_15345867,Omicron,BF.4,2022-08-22
-32.909706,2.222855,9,EPI_ISL_16678169,Omicron,BA.5.2.1,2022-12-19
-33.183304,2.433875,9,EPI_ISL_17488900,Omicron,BA.5.2.48,2023-04-07
-30.55755,3.1135416,9,EPI_ISL_15491853,Omicron,BA.5.2,2022-09-30
-32.909565,2.2151694,9,EPI_ISL_16173678,Omicron,BA.5.2,2022-11-22
-32.847385,2.3402572,9,EPI_ISL_17501532,Omicron,BA.5.2.48,2023-04-06
-33.0271,2.2699318,9,EPI_ISL_14709858,Omicron,BF.27,2022-08-13
-33.104935,2.3871412,9,EPI_ISL_13889485,Omicron,BA.4.2,2022-06-23
-32.9644,2.3245487,9,EPI_ISL_13559123,Omicron,BA.5.1,2022-06-12
-32.87062,2.496451,9,EPI_ISL_14895570,Omicron,Unassigned,2022-08-28
-32.92544,2.1214242,9,EPI_ISL_15748156,Omicron,BA.5.2.1,2022-10-18
-33.112705,2.160676,9,EPI_ISL_14880159,Omicron,BF.5,2022-08-17
-28.984476,2.8400922,9,EPI_ISL_17494571,Omicron,BA.5.2.48,2023-03
-33.058174,2.2307878,9,EPI_ISL_15777519,Omicron,BA.5.2,2022-09-02
-32.956474,2.3402185,9,EPI_ISL_14427561,Omicron,BA.5.5,2022-07-25
-32.9722,2.1685572,9,EPI_ISL_15980101,Omicron,BA.5.2.1,2022-11-13
-32.99562,2.3481479,9,EPI_ISL_13697615,Omicron,BF.5,2022-06-25
-32.97991,2.2699356,9,EPI_ISL_16251809,Omicron,BA.5.2,2022-12-05
-32.9331,2.2778106,9,EPI_ISL_14572842,Omicron,BA.4,2022-07-27
-33.011208,2.2232146,9,EPI_ISL_13714792,Omicron,BA.5.5,2022-07-03
-31.933048,3.0043764,9,EPI_ISL_14165227,Omicron,BA.5.1.23,2022-07-23
-32.94075,2.3948603,9,EPI_ISL_14572826,Omicron,BA.4.1,2022-07-31
-32.792545,2.3559809,9,EPI_ISL_15489776,Omicron,BA.5.1,2022-09-09
-32.97205,2.332572,9,EPI_ISL_13432248,Omicron,BA.5.1,2022-06-07
-33.08136,2.2855892,9,EPI_ISL_14710961,Omicron,BA.5.1.5,2022-08-17
-32.792404,2.19971,9,EPI_ISL_13848910,Omicron,BA.4.1,2022-07-02
-32.870686,2.0745583,9,EPI_ISL_15599847,Omicron,BA.5.2.1,2022-10-06
-32.87844,2.2699785,9,EPI_ISL_16365356,Omicron,BA.5.2.26,2022-11-07
-33.058018,2.3562384,9,EPI_ISL_15008643,Omicron,BE.1,2022-09-05
-32.97244,2.3481212,9,EPI_ISL_15029225,Omicron,BA.5.1.3,2022-09-06
-32.97229,2.4340372,9,EPI_ISL_13912468,Omicron,BA.5.1.3,2022-06-10
-32.995525,2.121603,9,EPI_ISL_13874169,Omicron,BA.5.1,2022-06-27
-32.691097,2.3870568,9,EPI_ISL_14409411,Omicron,BA.5.1.3,2022-07-22
-32.854984,2.2153788,9,EPI_ISL_15282722,Omicron,BA.5.1,2022-08-25
-32.948772,2.199707,9,EPI_ISL_13759321,Omicron,BA.5.1.10,2022-06-27
-30.120285,3.0668125,9,EPI_ISL_15598295,Omicron,BF.10,2022-09-23
-31.886158,2.8326306,9,EPI_ISL_13430627,Omicron,BA.5.2.1,2022-06-16
-33.0035,2.215477,9,EPI_ISL_14273778,Omicron,BA.5.1.3,2022-07-17
-33.050346,2.3402882,9,EPI_ISL_15437253,Omicron,BA.5.2,2022-10-04
-33.011467,2.3483047,9,EPI_ISL_14328275,Omicron,BA.5.1.23,2022-07-26
-33.065933,2.2074728,9,EPI_ISL_15355837,Omicron,BF.10,2022-08-12
-32.980083,2.3638062,9,EPI_ISL_14997817,Omicron,BE.1.3,2022-08-31
-33.128593,2.2545476,9,EPI_ISL_15577699,Omicron,BA.5.2.27,2022-10-18
-32.980034,2.2856226,9,EPI_ISL_14997031,Omicron,BA.4.1,2022-08-17
-32.9723,2.3248043,9,EPI_ISL_13576955,Omicron,BE.1,2022-06-22
-32.948757,2.2233076,9,EPI_ISL_16423840,Omicron,BA.5.2.6,2022-11-21
-32.83942,2.105894,9,EPI_ISL_13415009,Omicron,BA.5.5,2022-06-05
-31.74553,2.941883,9,EPI_ISL_16636923,Omicron,BA.5.2.1,2022-10-29
-33.026806,2.2932987,9,EPI_ISL_14453637,Omicron,Unassigned,2022-07-26
-32.94891,2.3011932,9,EPI_ISL_14662751,Omicron,BA.5.2,2022-08-05
-33.073845,2.2855816,9,EPI_ISL_15992863,Omicron,BA.5.2,2022-10-19
-33.011345,2.246252,9,EPI_ISL_14778046,Omicron,BA.5.1,2022-08-16
-33.04247,2.348227,9,EPI_ISL_14574370,Omicron,BF.5,2022-08-08
-32.964226,2.2229939,9,EPI_ISL_14588190,Omicron,BA.5.1.24,2022-07-22
-32.98787,2.2855997,9,EPI_ISL_15358043,Omicron,BA.5.1,2022-07-19
-33.050316,2.3012238,9,EPI_ISL_17454116,Omicron,Unassigned,2022-08-01
-33.097244,2.152872,9,EPI_ISL_15446331,Omicron,BA.5.2.1,2022-09-27
-32.855076,2.4576817,9,EPI_ISL_13713939,Omicron,BA.5.1.17,2022-06-27
-32.886185,2.1605325,9,EPI_ISL_13961942,Omicron,BA.5.2.1,2022-07-11
-32.917507,2.3167186,9,EPI_ISL_14246962,Omicron,BA.5.2,2022-07-27
-32.99559,2.371428,9,EPI_ISL_15717677,Omicron,BA.5.2,2022-10-10
-32.995564,2.2228494,9,EPI_ISL_15625776,Omicron,BA.5.2,2022-09-02
-33.027115,2.2935581,9,EPI_ISL_15919660,Omicron,BA.5.2.44,2022-10-14
-33.011246,2.223002,9,EPI_ISL_14106499,Omicron,BA.5.5,2022-07-15
-31.31496,2.87914,9,EPI_ISL_15504018,Omicron,BA.5.2.28,2022-09-09
-30.166752,2.8715687,9,EPI_ISL_15189316,Omicron,BA.5.1,2022-08-30
-32.792534,2.199644,9,EPI_ISL_14897283,Omicron,BA.5.1,2022-08-25
-33.11273,2.2152772,9,EPI_ISL_14585141,Omicron,BA.5.1,2022-07-29
-33.01127,2.1528292,9,EPI_ISL_14954292,Omicron,BA.5.2.1,2022-09-01
-32.956615,2.090434,9,EPI_ISL_13530238,Omicron,BA.5.5,2022-06-12
-29.907404,3.0196905,9,EPI_ISL_14299261,Omicron,BA.5.1,2022-07-26
-32.863014,2.1606889,9,EPI_ISL_15447705,Omicron,BA.5.2.1,2022-10-03
-31.025587,2.9340568,9,EPI_ISL_14193833,Omicron,BE.5,2022-07-26
-33.026886,2.231071,9,EPI_ISL_14494121,Omicron,BE.1,2022-08-02
-33.050426,2.2386618,9,EPI_ISL_13610147,Omicron,BA.4.1,2022-06-27
-32.909595,2.168374,9,EPI_ISL_13796145,Omicron,BA.5.2.1,2022-07-08
-32.95654,2.2619743,9,EPI_ISL_12892490,Omicron,BA.5.2.1,2022-05-09
-32.831596,2.29357,9,EPI_ISL_15196459,Omicron,Unassigned,2022-09-20
-32.94091,2.2152872,9,EPI_ISL_13977781,Omicron,BA.5.2.1,2022-07-06
-32.99576,2.1605859,9,EPI_ISL_13310198,Omicron,BA.5.6,2022-05-31
-32.956577,2.1995606,9,EPI_ISL_13552686,Omicron,BA.4.4,2022-06-07
-32.730083,2.11378,9,EPI_ISL_15754107,Omicron,BA.5.2.1,2022-10-27
-32.75332,2.2699304,9,EPI_ISL_16137812,Omicron,BF.31.1,2022-12-01
-32.72985,2.2307682,9,EPI_ISL_14450405,Omicron,Unassigned,2022-08-02
-33.065956,2.2387905,9,EPI_ISL_15531429,Omicron,BA.5.2.1,2022-10-11
-33.11281,2.3012295,9,EPI_ISL_13732490,Omicron,BA.4.1.3,2022-06-29
-32.948685,2.332542,9,EPI_ISL_13365601,Omicron,BA.5.2.1,2022-06-08
-32.901817,2.1840987,9,EPI_ISL_14207825,Omicron,BA.5.2.1,2022-07-08
-32.800346,2.3091192,9,EPI_ISL_13352021,Omicron,BA.5.1,2022-06-06
-32.956703,2.3247037,9,EPI_ISL_14732600,Omicron,BF.5,2022-07-16
-32.870735,2.2778835,9,EPI_ISL_14072805,Omicron,BF.5,2022-07-19
-32.855026,2.426231,9,EPI_ISL_13418287,Omicron,BA.4.1,2022-06-16
-32.878567,2.207438,9,EPI_ISL_16624048,Omicron,BE.1,2022-09-15
-32.956444,2.402872,9,EPI_ISL_15735977,Omicron,BA.5.2,2022-10-23
-33.12068,2.1840277,9,EPI_ISL_15262702,Omicron,BA.5.2,2022-09-06
-32.823734,2.074482,9,EPI_ISL_15377545,Omicron,BF.5,2022-09-27
-32.854866,2.4495068,9,EPI_ISL_17227568,Omicron,BA.5.2.48,2023-02-20
-33.073883,2.442021,9,EPI_ISL_14977060,Omicron,BA.5.2,2022-08-05
-33.105072,2.207417,9,EPI_ISL_14144348,Omicron,BA.5.1.22,2022-07-24
-32.886196,2.1372108,9,EPI_ISL_15444293,Omicron,BA.5.1.3,2022-09-26
-33.14397,2.5667887,9,EPI_ISL_15806383,Omicron,BA.5.2.1,2022-10-04
-32.893997,2.3560667,9,EPI_ISL_14342328,Omicron,BA.5.1,2022-07-05
-32.784878,2.27772,9,EPI_ISL_15829458,Omicron,BA.5.2,2022-09-14
-32.667503,2.2074232,9,EPI_ISL_17090665,Omicron,BA.5.2,2023-02-04
-32.87066,2.2152886,9,EPI_ISL_13639718,Omicron,BF.10,2022-06-19
-32.99566,2.4495583,9,EPI_ISL_15363043,Omicron,BA.5.1.10,2022-09-01
-31.065432,2.918465,9,EPI_ISL_15129641,Omicron,BA.5.1,2022-09-04
-33.112892,2.3404179,9,EPI_ISL_13956834,Omicron,BA.5.5,2022-07-02
-33.08164,2.3872395,9,EPI_ISL_15859764,Omicron,BA.5.2,2022-11-05
-32.83935,2.1371293,9,EPI_ISL_14069112,Omicron,BA.4.1,2022-07-17
-32.870693,2.3247185,9,EPI_ISL_15217423,Omicron,BA.5.5,2022-09-12
-32.901703,2.4729924,9,EPI_ISL_13902794,Omicron,BA.5,2022-07-03
-30.84713,2.9966297,9,EPI_ISL_14486306,Omicron,BA.5.1.10,2022-08-02
-32.95659,2.3013363,9,EPI_ISL_16055321,Omicron,BA.5.2,2022-11-15
-32.941,2.5591002,9,EPI_ISL_16017867,Omicron,BA.5.1.34,2022-11-29
-33.183167,2.0903292,9,EPI_ISL_17109567,Omicron,BA.4.4,2022-08-13
-32.722164,2.1764083,9,EPI_ISL_14385834,Omicron,BF.39,2022-07-23
-33.03472,2.2776651,9,EPI_ISL_14784800,Omicron,BA.5.2.19,2022-08-15
-32.92526,2.3324423,9,EPI_ISL_14880681,Omicron,BA.5.2.28,2022-08-16
-30.22921,2.8088374,9,EPI_ISL_14523608,Omicron,BA.5.1,2022-08-10
-29.071297,2.8401465,9,EPI_ISL_17516659,Omicron,BA.4,2023-04-10
-32.96447,2.3794208,9,EPI_ISL_16723143,Omicron,DZ.2,2023-01-15
-32.972378,2.2933607,9,EPI_ISL_13902597,Omicron,BA.5,2022-07-12
-32.64409,2.348116,9,EPI_ISL_14588173,Omicron,BA.5.1,2022-07-25
-33.042496,2.1838617,9,EPI_ISL_14299718,Omicron,BA.5.8,2022-07-07
-33.089264,2.1294355,9,EPI_ISL_14821989,Omicron,Unassigned,2022-08-21
-33.02681,2.4418392,9,EPI_ISL_14419185,Omicron,BA.5.2,2022-08-02
-33.034714,2.2620716,9,EPI_ISL_16290777,Omicron,BA.5.2,2022-11-23
-32.95655,2.270051,9,EPI_ISL_17625565,Omicron,BA.5.2.48,2023-04-25
-33.097153,2.2777119,9,EPI_ISL_14243848,Omicron,BA.5.1.21,2022-07-20
-31.299368,2.9025187,9,EPI_ISL_14088995,Omicron,BA.5.2,2022-07-08
-33.09712,2.4340715,9,EPI_ISL_15452497,Omicron,BA.5,2022-10-09
-32.862946,2.3247523,9,EPI_ISL_14827569,Omicron,BE.1,2022-08-20
-32.847233,2.3479538,9,EPI_ISL_15239194,Omicron,BA.5.5,2022-05-18
-32.97203,2.4339643,9,EPI_ISL_14381546,Omicron,BA.5.6,2022-07-06
-32.94096,2.3796616,9,EPI_ISL_14164347,Omicron,BE.1.1,2022-07-25
-32.948807,2.238741,9,EPI_ISL_13930167,Omicron,BE.1,2022-07-02
-29.822159,2.9651804,9,EPI_ISL_14653606,Omicron,BA.5.2.1,2022-08-09
-30.111738,2.9338527,9,EPI_ISL_16563612,Omicron,BA.5.1,2022-10-03
-33.050415,2.3092089,9,EPI_ISL_14686851,Omicron,BE.1,2022-08-17
-33.03457,2.308895,9,EPI_ISL_16108324,Omicron,BA.5.2.31,2022-12-02
-32.91758,2.2701797,9,EPI_ISL_15806348,Omicron,BA.5.2,2022-09-29
-33.05819,2.4417772,9,EPI_ISL_15998387,Omicron,BA.5,2022-08-30
-32.9877,2.2152648,9,EPI_ISL_13290240,Omicron,BA.5.5,2022-05-27
-32.8237,2.2309456,9,EPI_ISL_13809026,Omicron,BF.5,2022-06-28
-32.886185,2.6058316,9,EPI_ISL_17109339,Omicron,BA.4,2022-05-31
-32.987843,2.1527276,9,EPI_ISL_16923011,Omicron,BA.5.2.49,2022-10-25
-32.97995,2.4495826,9,EPI_ISL_14294638,Omicron,BF.5,2022-07-25
-32.909912,2.3324199,9,EPI_ISL_14856045,Omicron,BA.5.2,2022-08-21
-32.925312,2.3324351,9,EPI_ISL_14950957,Omicron,BA.5.2.1,2022-09-08
-33.034702,2.2541857,9,EPI_ISL_14270290,Omicron,BA.5.2.1,2022-07-10
-32.980103,2.3559427,9,EPI_ISL_14651990,Omicron,BA.5,2022-08-07
-32.8081,2.2934952,9,EPI_ISL_15640423,Omicron,BA.5.2.1,2022-10-26
-32.784718,2.0280056,9,EPI_ISL_15765031,Omicron,BA.5.2,2022-10-11
-32.917492,2.3873177,9,EPI_ISL_15962897,Omicron,BA.5.1,2022-11-07
-33.01103,2.4107218,9,EPI_ISL_15105684,Omicron,BF.5,2022-09-12
-32.894047,2.355836,9,EPI_ISL_13368929,Omicron,BA.5.1,2022-06-07
-32.886333,2.7074509,9,EPI_ISL_14785353,Omicron,BA.5.2,2022-08-16
-33.08145,2.2466822,9,EPI_ISL_14502425,Omicron,BA.5.2,2022-08-04
-29.8465,3.066759,9,EPI_ISL_14321052,Omicron,BA.5.2,2022-06-20
-32.815804,2.6527643,9,EPI_ISL_14156586,Omicron,BA.5.5,2022-07-14
-33.151913,2.4262347,9,EPI_ISL_14301513,Omicron,BA.5.2.1,2022-08-05
-32.878426,2.441959,9,EPI_ISL_15646788,Omicron,BE.1.1,2022-10-21
-32.97233,2.355815,9,EPI_ISL_14777364,Omicron,BA.5.2.1,2022-08-18
-33.011192,2.1526957,9,EPI_ISL_15381499,Omicron,BA.5.7,2022-09-17
-32.93314,2.3324833,9,EPI_ISL_14992163,Omicron,BA.4,2022-08-27
-32.97228,2.277812,9,EPI_ISL_15777357,Omicron,BA.5.2,2022-09-29
-33.097298,2.4262066,9,EPI_ISL_14456809,Omicron,BA.4.1.5,2022-07-30
-32.91759,2.4028268,9,EPI_ISL_14866665,Omicron,BA.4.1.1,2022-08-25
-33.09719,2.2778378,9,EPI_ISL_14170432,Omicron,BA.5.1.35,2022-07-21
-32.847122,2.5434504,9,EPI_ISL_14272127,Omicron,BA.5.5,2022-07-14
-32.987804,2.3325357,9,EPI_ISL_14867502,Omicron,BA.5.1.33,2022-08-18
-32.87048,2.1295395,9,EPI_ISL_14850106,Omicron,BE.3,2022-08-22
-32.644188,2.2153454,9,EPI_ISL_15113658,Omicron,BA.5.5,2022-09-11
-32.980167,2.1450796,9,EPI_ISL_15079866,Omicron,BA.5.2,2022-09-12
-32.917397,2.387166,9,EPI_ISL_15421768,Omicron,BA.5.2.22,2022-09-01
-32.956497,2.145115,9,EPI_ISL_13976854,Omicron,BA.5.5,2022-07-09
-30.760365,2.972958,9,EPI_ISL_17330578,Omicron,BA.5.2.1,2022-08-13
-32.9411,2.0823498,9,EPI_ISL_15271993,Omicron,BA.5.2,2022-09-18
-32.933105,2.2699003,9,EPI_ISL_16974494,Omicron,BA.5.2.49,2023-01-25
-33.00351,2.2387638,9,EPI_ISL_14035261,Omicron,BF.26,2022-07-05
-33.00343,2.2700214,9,EPI_ISL_15032170,Omicron,BA.5.1,2022-07-25
-32.92527,2.2543697,9,EPI_ISL_14541146,Omicron,BA.5.2,2022-08-02
-32.800278,2.090478,9,EPI_ISL_14532198,Omicron,BA.5.2,2022-07-25
-33.128296,2.348298,9,EPI_ISL_16899535,Omicron,BA.5.2.48,2023-02-10
-32.85496,2.488697,9,EPI_ISL_13367529,Omicron,BE.3,2022-06-05
-30.151272,2.8791065,9,EPI_ISL_13853153,Omicron,Unassigned,2022-06-27
-32.894127,2.1996303,9,EPI_ISL_15421635,Omicron,BA.5,2022-09-19
-32.847256,2.0199547,9,EPI_ISL_15578963,Omicron,BA.5.2,2022-10-19
-33.24578,2.3872814,9,EPI_ISL_14461598,Omicron,BE.1.4,2022-08-07
-32.89404,2.2543745,9,EPI_ISL_14029342,Omicron,BA.5.1,2022-07-18
-32.96457,2.0355682,9,EPI_ISL_14192288,Omicron,BA.5.1,2022-07-10
-33.04269,2.410503,9,EPI_ISL_15478598,Omicron,Unassigned,2022-08-16
-32.933178,2.2231255,9,EPI_ISL_15070608,Omicron,BA.5.2,2022-08-17
-32.956375,2.348197,9,EPI_ISL_14449609,Omicron,Unassigned,2022-07-27
-30.72194,2.9653125,9,EPI_ISL_13149254,Omicron,BA.4,2022-04-26
-33.104855,2.2230587,9,EPI_ISL_13732090,Omicron,BA.4.1.4,2022-07-03
-32.972023,2.4887238,9,EPI_ISL_14855536,Omicron,BA.5.2.19,2022-08-19
-32.79238,2.2855873,9,EPI_ISL_14275284,Omicron,BA.5.2.1,2022-07-18
-33.175095,2.2777405,9,EPI_ISL_14705631,Omicron,BA.5.1.3,2022-08-03
-32.964348,2.4105363,9,EPI_ISL_17083355,Omicron,Unassigned,2023-02-13
-33.011414,2.301437,9,EPI_ISL_14089863,Omicron,BA.5.1,2022-07-11
-31.69873,2.730949,9,EPI_ISL_15828426,Omicron,BF.7,2022-09-23
-33.026543,2.32443,9,EPI_ISL_13750823,Omicron,BA.4,2022-06-30
-32.84722,2.2934647,9,EPI_ISL_16899490,Omicron,BA.5.2.49,2023-01-19
-32.956505,2.3247433,9,EPI_ISL_12635951,Omicron,BA.5.3.1,2022-04-28
-32.85511,2.480895,9,EPI_ISL_14876547,Omicron,BA.5.2,2022-08-19
-33.050415,2.5201826,9,EPI_ISL_14692023,Omicron,BA.5.2.1,2022-08-10
-33.042587,2.2464075,9,EPI_ISL_15829134,Omicron,BA.5.3.1,2022-10-09
-33.105057,2.277875,9,EPI_ISL_15175704,Omicron,BA.5.6,2022-09-12
-32.97218,2.207696,9,EPI_ISL_15981517,Omicron,BF.5,2022-11-17
-32.839558,2.4809294,9,EPI_ISL_16102946,Omicron,BA.5.2.1,2022-08-03
-32.784782,2.207405,9,EPI_ISL_14274667,Omicron,BA.5.2.1,2022-07-18
-32.862724,2.1295242,9,EPI_ISL_15115748,Omicron,BA.5.2,2022-08-29
-33.128487,2.270022,9,EPI_ISL_15493589,Omicron,BF.27,2022-10-03
-32.91764,2.3559327,9,EPI_ISL_15147825,Omicron,BA.5.1,2022-08-29
-33.073647,2.2543182,9,EPI_ISL_14992125,Omicron,BA.5.5,2022-08-23
-32.987946,2.2153606,9,EPI_ISL_15970947,Omicron,BA.5.1,2022-10-04
-33.03474,2.473093,9,EPI_ISL_16054886,Omicron,BA.5.2,2022-11-08
-33.050247,2.4341354,9,EPI_ISL_13647285,Omicron,BA.4.1,2022-06-17
-32.65969,2.2855625,9,EPI_ISL_14940081,Omicron,BA.5.2.31,2022-08-29
-32.89406,2.5512476,9,EPI_ISL_14670545,Omicron,DE.1,2022-08-11
-32.839474,2.410643,9,EPI_ISL_14156176,Omicron,BA.5.1,2022-06-29
-30.31534,3.0198917,9,EPI_ISL_16229942,Omicron,BA.4,2022-07-13
-32.948708,2.2856226,9,EPI_ISL_15965044,Omicron,BA.5.1,2022-07-08
-32.87081,2.3012786,9,EPI_ISL_13977124,Omicron,BA.5.6,2022-07-10
-32.854996,2.2077827,9,EPI_ISL_15927156,Omicron,BA.5.2.1,2022-11-15
-32.886257,2.223094,9,EPI_ISL_15226707,Omicron,BA.5.5,2022-09-14
-32.792496,2.332447,9,EPI_ISL_16210646,Omicron,BF.5,2022-11-28
-33.00352,2.473137,9,EPI_ISL_15625321,Omicron,BA.5.2,2022-08-17
-32.77705,2.2546477,9,EPI_ISL_14060300,Omicron,BA.5.2,2022-07-05
-32.92534,2.3091311,9,EPI_ISL_14466248,Omicron,BA.5.1,2022-07-19
-33.01136,2.3325338,9,EPI_ISL_17437710,Omicron,BF.5,2023-03-12
-33.018906,2.3088713,9,EPI_ISL_14612946,Omicron,BA.5.2.1,2022-07-20
-33.19082,2.1762729,9,EPI_ISL_14798182,Omicron,BA.5.2,2022-08-08
-32.558125,2.2778692,9,EPI_ISL_15329048,Omicron,BA.5.1.2,2022-09-14
-32.870407,2.1215796,9,EPI_ISL_15496936,Omicron,BA.5.1.15,2022-10-06
-32.94886,2.285718,9,EPI_ISL_14990933,Omicron,BF.5,2022-08-03
-33.01131,2.1605768,9,EPI_ISL_15746344,Omicron,Unassigned,2022-10-31
-32.948803,2.4263468,9,EPI_ISL_14822826,Omicron,BA.5.2.29,2022-08-28
-32.987823,2.3872008,9,EPI_ISL_14392321,Omicron,BA.5,2022-07-10
-32.97998,2.2935314,9,EPI_ISL_15259784,Omicron,BA.4.1,2022-09-27
-32.81605,2.1997528,9,EPI_ISL_14135817,Omicron,BA.5.1,2022-07-14
-32.917458,2.4887018,9,EPI_ISL_13452093,Omicron,BA.4.2,2022-06-10
-33.089436,2.1997433,9,EPI_ISL_14980700,Omicron,BF.10,2022-09-10
-32.940956,2.5822258,9,EPI_ISL_13897602,Omicron,BA.5.5,2022-06-25
-32.81604,2.4809675,9,EPI_ISL_14676173,Omicron,BF.4,2022-07-30
-32.816036,2.3560452,9,EPI_ISL_14523556,Omicron,BA.5.3.1,2022-08-11
-33.05809,2.3247204,9,EPI_ISL_15206140,Omicron,BF.5,2022-09-15
-32.77678,2.2308226,9,EPI_ISL_14243989,Omicron,BF.5,2022-07-29
-32.90192,2.1683931,9,EPI_ISL_14155777,Omicron,BA.5.2.1,2022-07-19
-32.870842,2.2857318,9,EPI_ISL_13775974,Omicron,BA.4.1.4,2022-07-06
-32.69094,2.3638406,9,EPI_ISL_13724503,Omicron,BA.5.2,2022-06-19
-31.198605,2.9731712,9,EPI_ISL_17186310,Omicron,BA.5.2,2023-02-18
-32.862896,2.2464523,9,EPI_ISL_16039501,Omicron,BF.5,2022-11-25
-32.940773,2.1450763,9,EPI_ISL_14170909,Omicron,BA.5.2,2022-07-11
-32.792496,2.3168092,9,EPI_ISL_16581143,Omicron,BF.5,2022-12-26
-33.167534,2.3949966,9,EPI_ISL_15087995,Omicron,Unassigned,2022-09-13
-32.886223,2.3950396,9,EPI_ISL_16715135,Omicron,BA.5.2.1,2023-01-05
-32.91743,2.1763358,9,EPI_ISL_15483569,Omicron,BA.5.2.1,2022-10-09
-29.713343,2.9806404,9,EPI_ISL_15703835,Omicron,BA.5.2.38,2022-10-19
-32.948723,2.5983152,9,EPI_ISL_17109636,Omicron,BA.5.5,2022-08-04
-33.073837,2.176198,9,EPI_ISL_16983556,Omicron,BE.1.1,2023-02-02
-29.9086,3.0120602,9,EPI_ISL_13339968,Omicron,BA.4.1,2022-05-04
-33.011307,2.2464123,9,EPI_ISL_14898876,Omicron,BF.5,2022-08-29
-32.941048,2.1997252,9,EPI_ISL_16327545,Omicron,BA.5.2.49,2022-12-04
-32.89419,2.4028578,9,EPI_ISL_13359203,Omicron,BA.5.2.3,2022-06-13
-32.776688,2.410575,9,EPI_ISL_14609203,Omicron,BA.4.1,2022-08-14
-32.761253,2.3947926,9,EPI_ISL_17309097,Omicron,BA.5.2.48,2023-03-09
-32.940804,2.1450815,9,EPI_ISL_15601260,Omicron,BA.5.1.5,2022-10-21
-31.495403,2.8873467,9,EPI_ISL_14446774,Omicron,BA.5.2.1,2022-07-29
-32.85486,2.590189,9,EPI_ISL_15114924,Omicron,BA.5.1.17,2022-09-12
-33.14395,2.246705,9,EPI_ISL_13460777,Omicron,BE.1,2022-06-20
-33.08165,2.3479838,9,EPI_ISL_15535674,Omicron,BA.5.2,2022-07-25
-32.96437,2.16827,9,EPI_ISL_15362081,Omicron,BA.5.2,2022-09-15
-32.925255,2.309081,9,EPI_ISL_14983143,Omicron,BE.1.1,2022-09-01
-30.89309,2.8793364,9,EPI_ISL_15354081,Omicron,BA.5.2.1,2022-09-26
-32.98,2.2937737,9,EPI_ISL_13068300,Omicron,BA.4.1.1,2022-05-28
-28.88375,3.011876,9,EPI_ISL_15163001,Omicron,BF.4,2022-09-06
-32.956512,2.3871465,9,EPI_ISL_15337482,Omicron,BA.5.1.5,2022-09-21
-32.72222,2.1136465,9,EPI_ISL_14496192,Omicron,BE.1.1,2022-08-07
-33.026855,2.3247457,9,EPI_ISL_13981043,Omicron,BA.5.2.1,2022-07-06
-33.01114,2.1528692,9,EPI_ISL_13983800,Omicron,BE.1,2022-06-29
-33.120476,2.0747643,9,EPI_ISL_15281171,Omicron,BA.5.2,2022-09-16
-32.956432,2.199687,9,EPI_ISL_16559820,Omicron,BA.5.2.1,2022-12-18
-32.565945,2.316886,9,EPI_ISL_13891824,Omicron,BA.4.1,2022-07-10
-33.018974,2.246614,9,EPI_ISL_16964942,Omicron,BF.5,2023-01-06
-33.081642,2.1839876,9,EPI_ISL_17014521,Omicron,BA.5.2.1,2023-02-02
-33.05039,2.2620325,9,EPI_ISL_17123828,Omicron,BF.10,2022-08-08
-33.042564,2.4184074,9,EPI_ISL_15268263,Omicron,BA.4.4,2022-09-25
-32.72988,2.199469,9,EPI_ISL_14652188,Omicron,BE.1,2022-08-07
-32.83145,2.1683946,9,EPI_ISL_13077177,Omicron,BF.5,2022-05-28
-29.71344,3.0044394,9,EPI_ISL_13132121,Omicron,BA.4,2022-05-23
-33.03461,2.3403378,9,EPI_ISL_17015995,Omicron,BA.5.1,2023-01-06
-32.99553,2.2231236,9,EPI_ISL_15282857,Omicron,BA.5.2.1,2022-08-19
-32.987637,2.340375,9,EPI_ISL_13666194,Omicron,BA.5.8,2022-06-08
-32.941093,2.3090086,9,EPI_ISL_15292163,Omicron,BA.5.1,2022-09-20
-32.878464,2.238771,9,EPI_ISL_13622053,Omicron,BF.21,2022-06-16
-33.097275,2.2076273,9,EPI_ISL_13746310,Omicron,BA.4.1,2022-06-21
-32.941143,2.1995134,9,EPI_ISL_14977995,Omicron,BA.5.2.21,2022-08-27
-33.081505,2.2153301,9,EPI_ISL_15938677,Omicron,BF.5,2022-10-31
-33.05037,2.0589972,9,EPI_ISL_16286224,Omicron,BA.5.2,2022-12-01
-33.003384,2.1917133,9,EPI_ISL_13636680,Omicron,BA.5.2.27,2022-06-25
-32.925484,2.121461,9,EPI_ISL_14225677,Omicron,BA.4,2022-06-30
-33.167496,2.3951292,9,EPI_ISL_15919322,Omicron,BE.1,2022-10-05
-31.479969,3.0513291,9,EPI_ISL_16014825,Omicron,BA.5.1.3,2022-11-08
-33.058243,2.2933607,9,EPI_ISL_13497538,Omicron,BA.5.5,2022-06-10
-33.050266,2.121654,9,EPI_ISL_14773271,Omicron,BA.5.1,2022-07-24
-32.940933,2.418353,9,EPI_ISL_14927625,Omicron,BA.5.2,2022-09-01
-32.90194,2.4186296,9,EPI_ISL_15919648,Omicron,BA.5.2,2022-10-13
-33.183243,2.3168716,9,EPI_ISL_13313816,Omicron,BF.5,2022-06-03
-33.10499,2.3246317,9,EPI_ISL_14078852,Omicron,BA.5.2.1,2022-07-05
-32.839535,2.176373,9,EPI_ISL_15421582,Omicron,BA.5.6,2022-09-19
-32.784668,2.4966373,9,EPI_ISL_13886902,Omicron,BA.5.2.3,2022-07-11
-32.964355,2.551094,9,EPI_ISL_14412250,Omicron,BA.5.3.1,2022-07-28
-33.01128,2.129407,9,EPI_ISL_16138435,Omicron,BF.5,2022-11-16
-33.097187,2.387196,9,EPI_ISL_16521731,Omicron,BF.5,2022-12-19
-32.886116,2.2778869,9,EPI_ISL_15265138,Omicron,BA.5.2.26,2022-09-12
-32.823803,2.2853966,9,EPI_ISL_14338509,Omicron,BA.5.6,2022-07-25
-33.019142,2.2934246,9,EPI_ISL_14876563,Omicron,BA.5.2,2022-08-09
-32.901924,2.2776217,9,EPI_ISL_17488754,Omicron,BA.5.2.48,2023-03-21
-33.042503,2.207334,9,EPI_ISL_13241112,Omicron,BA.5.3,2022-05-30
-32.99544,2.4183445,9,EPI_ISL_16737835,Omicron,BA.5.2.49,2023-01-16
-32.737778,2.4730759,9,EPI_ISL_14308698,Omicron,Unassigned,2022-07-11
-29.368616,3.0273838,9,EPI_ISL_16183964,Omicron,BA.5.5,2022-11-05
-32.831566,2.309039,9,EPI_ISL_13432060,Omicron,BA.5.1,2022-06-03
-32.870712,2.3949876,9,EPI_ISL_13514074,Omicron,BA.5.1,2022-06-22
-33.011337,2.1997318,9,EPI_ISL_14832459,Omicron,BA.5.2.22,2022-08-21
-31.714241,2.809144,9,EPI_ISL_15492116,Omicron,BF.5,2022-09-21
-29.877735,3.0903301,9,EPI_ISL_13519300,Omicron,BA.5.3,2022-06-22
-33.011177,2.2308693,9,EPI_ISL_15288274,Omicron,BF.10,2022-09-26
-33.14412,2.4966078,9,EPI_ISL_13951145,Omicron,BA.5.2,2022-06-09
-32.94866,2.2855859,9,EPI_ISL_15686550,Omicron,BA.5.2.1,2022-10-15
-33.042465,2.5200496,9,EPI_ISL_14051185,Omicron,BA.5.5,2022-07-13
-31.96416,2.7074318,9,EPI_ISL_14389192,Omicron,BA.2,2022-07-20
-32.93307,2.3952618,9,EPI_ISL_13752310,Omicron,Unassigned,2022-06-27
-32.83171,2.6684184,9,EPI_ISL_16039798,Omicron,BF.5,2022-11-14
-32.80812,2.5278454,9,EPI_ISL_13153272,Omicron,BA.4.1,2022-05-19
-32.753395,2.590289,9,EPI_ISL_14694895,Omicron,BE.1.1,2022-08-11
-32.909714,2.1841102,9,EPI_ISL_17584953,Omicron,BA.5.2.48,2023-03-27
-32.847385,2.457591,9,EPI_ISL_14249995,Omicron,BF.27,2022-07-17
-32.823757,2.598134,9,EPI_ISL_14853662,Omicron,BA.5.2.1,2022-07-22
-32.940815,2.5122533,9,EPI_ISL_15852447,Omicron,BA.5.2,2022-11-15
-30.978893,2.7932048,9,EPI_ISL_13739284,Omicron,BE.1,2022-07-05
-32.691113,2.4887495,9,EPI_ISL_15641361,Omicron,BA.5.1,2022-10-24
-33.0737,2.285616,9,EPI_ISL_14068643,Omicron,BF.5,2022-07-19
-32.91761,2.4419384,9,EPI_ISL_14807466,Omicron,BA.5.2.1,2022-08-16
-33.08161,2.3400488,9,EPI_ISL_14822313,Omicron,Unassigned,2022-08-22
-32.93321,2.3012438,9,EPI_ISL_15061442,Omicron,BF.28,2022-09-11
-33.01927,2.3324652,9,EPI_ISL_14959986,Omicron,BA.5.2.1,2022-08-25
-32.784748,2.324597,9,EPI_ISL_14336960,Omicron,BA.5.2.9,2022-07-22
-33.042545,2.3560076,9,EPI_ISL_15118539,Omicron,BA.5.2,2022-08-20
-33.01915,2.230997,9,EPI_ISL_17140966,Omicron,BA.5.5,2022-08-01
-32.909718,2.2698941,9,EPI_ISL_14503017,Omicron,BE.3,2022-08-05
-32.135925,3.0356522,9,EPI_ISL_15851784,Omicron,BF.25,2022-11-08
-31.401749,2.879365,9,EPI_ISL_17545966,Omicron,BA.5.2,2022-10-30
-32.86275,2.1918583,9,EPI_ISL_16215901,Omicron,BA.5.2.1,2022-11-01
-32.933205,2.3012772,9,EPI_ISL_15315911,Omicron,BA.5.1.23,2022-09-16
-32.66738,2.105947,9,EPI_ISL_15309486,Omicron,BA.5.1,2022-10-05
-32.886246,2.4653163,9,EPI_ISL_13382814,Omicron,BE.1,2022-06-03
-28.899443,3.0272212,9,EPI_ISL_13251607,Omicron,BA.4.1,2022-06-06
-33.112713,2.4105844,9,EPI_ISL_13910697,Omicron,BA.5.1,2022-06-15
-30.182533,2.8558145,9,EPI_ISL_16716850,Omicron,BA.5.2.1,2023-01-09
-30.534428,2.9421425,9,EPI_ISL_14249144,Omicron,BA.4.1.3,2022-07-21
-32.90954,2.2386193,9,EPI_ISL_15014036,Omicron,BA.4,2022-07-11
-32.862747,2.5357714,9,EPI_ISL_14172937,Omicron,BA.5.1.24,2022-07-15
-29.846748,3.0824718,9,EPI_ISL_14693349,Omicron,BA.4.1,2022-08-11
-33.104946,2.1919951,9,EPI_ISL_13375377,Omicron,BA.4,2022-05-10
-33.042435,2.3169303,9,EPI_ISL_12720971,Omicron,BA.5.1,2022-04-30
-32.83161,2.1137204,9,EPI_ISL_14004987,Omicron,BA.5.2.37,2022-07-01
-32.8784,2.3714952,9,EPI_ISL_14547335,Omicron,BA.5.2,2022-07-30
-30.557648,3.0980968,9,EPI_ISL_14321271,Omicron,BA.5,2022-07-27
-32.94072,2.379202,9,EPI_ISL_13874795,Omicron,BF.5,2022-07-07
-33.198727,2.3323855,9,EPI_ISL_13525362,Omicron,BA.4.1,2022-06-07
-30.104366,3.0509362,9,EPI_ISL_14895676,Omicron,Unassigned,2022-08-29
-32.90191,2.1213875,9,EPI_ISL_16280105,Omicron,BF.5,2022-12-14
-33.081608,2.3246164,9,EPI_ISL_14731904,Omicron,BA.5.2,2022-07-26
-32.95667,2.1371584,9,EPI_ISL_14879953,Omicron,BA.5.2,2022-08-04
-32.956497,2.160596,9,EPI_ISL_16841412,Omicron,BA.5.2.1,2023-01-10
-30.159035,2.8791227,9,EPI_ISL_13732102,Omicron,BA.4.1.4,2022-06-30
-32.573624,2.285531,9,EPI_ISL_16994154,Omicron,BA.5.2.1,2023-01-02
-32.90969,2.3715425,9,EPI_ISL_16610087,Omicron,DY.1,2023-01-05
-32.96412,2.2855754,9,EPI_ISL_16060572,Omicron,BF.5,2022-11-26
-32.878403,2.4028573,9,EPI_ISL_14852236,Omicron,BA.5.2.1,2022-08-24
-29.908806,3.019741,9,EPI_ISL_13735053,Omicron,BF.5,2022-06-27
-32.800358,2.27777,9,EPI_ISL_13705918,Omicron,BA.5.5,2022-06-20
-32.95658,2.2855916,9,EPI_ISL_13559567,Omicron,BA.5.5,2022-06-13
-32.925087,2.1763554,9,EPI_ISL_15134423,Omicron,BA.5.2.37,2022-09-05
-33.066124,2.2856288,9,EPI_ISL_15842247,Omicron,BA.5.5,2022-11-06
-33.12075,2.2699575,9,EPI_ISL_15383014,Omicron,BA.5.2.1,2022-08-19
-32.839417,2.3169222,9,EPI_ISL_15516896,Omicron,BF.5,2022-09-28
-32.855087,2.402666,9,EPI_ISL_15177715,Omicron,BE.1,2022-08-30
-32.698814,2.1214714,9,EPI_ISL_14265670,Omicron,BF.5,2022-07-12
-33.00339,2.230986,9,EPI_ISL_13924097,Omicron,BA.5.1,2022-07-13
-33.09724,2.1761131,9,EPI_ISL_13983872,Omicron,BA.5.2.1,2022-07-07
-32.83948,2.1449242,9,EPI_ISL_13640051,Omicron,BA.5.2,2022-06-16
-33.144062,2.1372194,9,EPI_ISL_13106722,Omicron,BA.5.1,2022-05-30
-32.737736,2.3091125,9,EPI_ISL_14513195,Omicron,BA.5.2.31,2022-08-01
-32.97229,2.606018,9,EPI_ISL_15061859,Omicron,BA.4.1.6,2022-08-15
-32.948746,2.3246021,9,EPI_ISL_14936753,Omicron,BA.5.1,2022-08-19
-33.050316,2.1918268,9,EPI_ISL_13610181,Omicron,BA.5.1,2022-06-27
-33.151913,2.2933226,9,EPI_ISL_14929080,Omicron,BA.5.5.2,2022-08-27
-32.84725,2.3012066,9,EPI_ISL_14995950,Omicron,BA.5.2.1,2022-08-25
-32.690914,2.402874,9,EPI_ISL_13666772,Omicron,BA.5.2.1,2022-06-10
-33.12838,2.2699986,9,EPI_ISL_16597075,Omicron,DY.1,2023-01-04
-31.315102,2.8872092,9,EPI_ISL_14743033,Omicron,BA.5.2.12,2022-08-13
-32.636406,2.3404608,9,EPI_ISL_15216554,Omicron,BA.5.2.1,2022-09-11
-29.524677,3.0430899,9,EPI_ISL_16290673,Omicron,BA.5.2,2022-11-07
-32.69868,2.2385812,9,EPI_ISL_15264082,Omicron,BA.5.1.30,2022-09-19
-32.925255,2.5903568,9,EPI_ISL_13018886,Omicron,BA.5.1,2022-05-14
-32.917473,2.3637557,9,EPI_ISL_14651576,Omicron,BA.5.1.10,2022-08-06
-32.972145,2.1840224,9,EPI_ISL_15000005,Omicron,BF.4,2022-08-30
-32.933296,2.3482409,9,EPI_ISL_14237416,Omicron,BA.5.2,2022-07-18
-33.01137,2.3483205,9,EPI_ISL_16279608,Omicron,BA.5.2,2022-12-08
-31.745346,2.887032,9,EPI_ISL_16279440,Omicron,BA.5.2,2022-12-05
-33.019043,2.2621317,9,EPI_ISL_15346281,Omicron,BF.5,2022-08-23
-32.8784,2.512062,9,EPI_ISL_14156415,Omicron,BF.5,2022-07-11
-32.8863,2.4106207,9,EPI_ISL_14826966,Omicron,BA.5.5,2022-08-20
-32.870636,2.3561125,9,EPI_ISL_14072441,Omicron,BA.4.1,2022-07-11
-33.120594,2.410746,9,EPI_ISL_15180287,Omicron,BA.4.1,2022-09-12
-32.995743,2.2543983,9,EPI_ISL_14476651,Omicron,BA.4,2022-08-02
-32.862926,2.496705,9,EPI_ISL_13915119,Omicron,BA.5.2.1,2022-07-05
-33.00339,2.2150917,9,EPI_ISL_13690194,Omicron,BA.5.1.3,2022-06-17
-32.925415,2.2777767,9,EPI_ISL_15149449,Omicron,BA.5.2,2022-09-01
-32.886307,2.35574,9,EPI_ISL_13922782,Omicron,BE.1.1,2022-06-23
-32.995712,2.2701235,9,EPI_ISL_13157014,Omicron,BA.4.4,2022-05-31
-32.893982,2.2623615,9,EPI_ISL_13871319,Omicron,BA.5.2.1,2022-07-13
-32.91754,2.371624,9,EPI_ISL_13581704,Omicron,BA.4,2022-06-18
-33.128494,2.1996121,9,EPI_ISL_15048592,Omicron,BA.5.2.27,2022-09-03
-31.714401,2.855896,9,EPI_ISL_15071834,Omicron,BA.5.2,2022-09-09
-32.84719,2.2621145,9,EPI_ISL_15422980,Omicron,BE.1.4,2022-09-25
-32.94877,2.0589838,9,EPI_ISL_14205910,Omicron,BA.5.1,2022-07-22
-32.956776,2.0981283,9,EPI_ISL_14949483,Omicron,BA.5.1.23,2022-09-06
-32.909576,2.3091516,9,EPI_ISL_16708854,Omicron,BA.5.2.37,2023-01-09
-32.95656,2.1997166,9,EPI_ISL_15359279,Omicron,BA.5.2.1,2022-09-23
-33.003338,2.2309818,9,EPI_ISL_14990078,Omicron,BA.5.1,2022-07-20
-32.87847,2.332397,9,EPI_ISL_13854813,Omicron,BA.5.1,2022-06-27
-33.042603,2.2075,9,EPI_ISL_14897140,Omicron,BA.5.1.10,2022-08-25
-33.105133,2.1607208,9,EPI_ISL_15181326,Omicron,BA.5.1,2022-08-31
-33.230003,2.1371212,9,EPI_ISL_13979048,Omicron,BF.28,2022-07-11
-32.81596,2.4420018,9,EPI_ISL_15810498,Omicron,BA.5.2.44,2022-10-28
-32.96432,2.2543154,9,EPI_ISL_15536746,Omicron,BA.5.1,2022-09-19
-32.855053,2.262188,9,EPI_ISL_13808262,Omicron,BA.5.5,2022-06-27
-32.847317,2.2387571,9,EPI_ISL_14615300,Omicron,BA.5.2.9,2022-08-08
-32.753548,2.1684904,9,EPI_ISL_15835790,Omicron,BA.5.2.1,2022-08-25
-32.956593,2.3715878,9,EPI_ISL_17690304,Omicron,BA.5.1,2022-06-20
-33.12049,2.4027443,9,EPI_ISL_13990489,Omicron,BA.5.2.1,2022-06-26
-33.050297,2.340135,9,EPI_ISL_15417319,Omicron,BF.5,2022-08-30
-32.86284,2.3166618,9,EPI_ISL_14903173,Omicron,BF.5,2022-07-11
-32.729927,2.3561764,9,EPI_ISL_14388254,Omicron,BA.5.2,2022-07-28
-32.902008,2.1762161,9,EPI_ISL_16444949,Omicron,BA.5.1,2022-08-05
-32.88639,2.2152348,9,EPI_ISL_16107581,Omicron,BF.5,2022-11-12
-32.78472,2.2232828,9,EPI_ISL_15514200,Omicron,BA.5.1,2022-09-23
-32.8394,2.496664,9,EPI_ISL_15888230,Omicron,BA.5.2,2022-11-01
-30.541977,3.1060102,9,EPI_ISL_15818280,Omicron,BA.5.6,2022-11-01
-32.89405,2.285656,9,EPI_ISL_15920062,Omicron,BA.5.2.1,2022-08-31
-33.073868,2.301488,9,EPI_ISL_15909483,Omicron,BA.5.1.5,2022-11-17
-32.995613,2.387268,9,EPI_ISL_16357198,Omicron,BA.5.1.31,2022-12-09
-32.894188,2.1761918,9,EPI_ISL_14703731,Omicron,Unassigned,2022-08-12
-33.003407,2.3245869,9,EPI_ISL_15293632,Omicron,BA.5.1,2022-10-02
-32.90978,2.3637486,9,EPI_ISL_13944178,Omicron,BA.5.2,2022-07-12
-32.76909,2.441753,9,EPI_ISL_13385787,Omicron,BE.1.1,2022-06-08
-32.847336,2.1293578,9,EPI_ISL_13170350,Omicron,BA.5.2.1,2022-05-25
-32.886246,2.066864,9,EPI_ISL_13749761,Omicron,BA.5.6,2022-06-29
-33.073956,2.2856646,9,EPI_ISL_13973260,Omicron,BA.5.1,2022-07-04
-32.878426,2.379417,9,EPI_ISL_14246435,Omicron,BA.5.2.1,2022-07-10
-33.050636,2.4263039,9,EPI_ISL_13891744,Omicron,BA.5.5,2022-07-08
-33.06613,2.1138,9,EPI_ISL_16053249,Omicron,BF.5,2022-11-30
-28.907333,3.011816,9,EPI_ISL_14528590,Omicron,BA.5,2022-07-26
-33.175285,2.1450071,9,EPI_ISL_15210650,Omicron,BA.5.1,2022-09-26
-33.11278,2.0747118,9,EPI_ISL_13392952,Omicron,BA.5.1.3,2022-06-07
-33.151844,2.5278597,9,EPI_ISL_13230379,Omicron,BA.5.1,2022-05-29
-32.972298,2.152658,9,EPI_ISL_15491638,Omicron,BA.5.10,2022-09-29
-32.82377,2.3480897,9,EPI_ISL_15193467,Omicron,BA.5.1,2022-07-19
-32.722126,2.6371217,9,EPI_ISL_14451179,Omicron,Unassigned,2022-07-26
-33.12853,2.223061,9,EPI_ISL_14913080,Omicron,BE.1,2022-08-23
-32.87062,2.2386785,9,EPI_ISL_15835015,Omicron,BF.5,2022-10-11
-29.893375,2.9574504,9,EPI_ISL_17069181,Omicron,BA.5.2.1,2023-01-03
-33.09709,2.1214948,9,EPI_ISL_14309204,Omicron,Unassigned,2022-07-12
-32.792492,2.4260955,9,EPI_ISL_14928561,Omicron,BA.5.1.5,2022-08-25
-32.93324,2.1215754,9,EPI_ISL_16698235,Omicron,BA.5.2.49,2022-11-29
-33.011154,2.1682334,9,EPI_ISL_15828367,Omicron,BA.5.2,2022-10-27
-32.925404,2.2466173,9,EPI_ISL_13512464,Omicron,BA.4.1,2022-06-23
-33.09736,2.2387667,9,EPI_ISL_15765484,Omicron,BA.5.2,2022-09-24
-32.8628,2.2934828,9,EPI_ISL_15727078,Omicron,BA.5.2.1,2022-11-02
-32.886265,2.1684575,9,EPI_ISL_13874094,Omicron,BA.5,2022-06-27
-32.800346,2.3716264,9,EPI_ISL_14980266,Omicron,BA.5.8,2022-08-29
-31.448639,2.8014126,9,EPI_ISL_15928013,Omicron,BA.5.2,2022-11-14
-32.964466,2.2464476,9,EPI_ISL_14358825,Omicron,BA.5.2.31,2022-07-31
-30.947763,2.8479638,9,EPI_ISL_14980162,Omicron,BA.5.1,2022-08-26
-33.105003,2.2543879,9,EPI_ISL_14294863,Omicron,BE.1,2022-07-26
-31.761177,2.8401155,9,EPI_ISL_13486130,Omicron,BA.4.1,2022-06-11
-32.82376,2.5197587,9,EPI_ISL_14539465,Omicron,Unassigned,2022-06-22
-28.961046,2.840191,9,EPI_ISL_15796628,Omicron,BA.5.2.1,2022-10-12
-33.159714,2.2387753,9,EPI_ISL_13566047,Omicron,BA.4,2022-06-24
-32.96439,2.1214824,9,EPI_ISL_15950983,Omicron,BA.5,2022-11-11
-32.870728,2.1294894,9,EPI_ISL_14029423,Omicron,BA.5.2,2022-07-15
-30.299774,3.0667791,9,EPI_ISL_14483061,Omicron,BA.4.4,2022-07-29
-32.940865,2.2466602,9,EPI_ISL_16481273,Omicron,BA.5.2,2022-12-01
-32.995636,2.2310295,9,EPI_ISL_17199876,Omicron,BA.5.2.48,2023-03-04
-33.058197,2.270194,9,EPI_ISL_17014827,Omicron,BF.5,2022-11-28
-32.948616,2.3481045,9,EPI_ISL_17113114,Omicron,BA.5.1,2023-02-02
-32.964436,2.1920028,9,EPI_ISL_15625382,Omicron,BA.5.2,2022-08-12
-32.93315,2.3637137,9,EPI_ISL_14536476,Omicron,BA.5.2.1,2022-08-04
-32.925377,2.4810777,9,EPI_ISL_16505986,Omicron,BA.5.2,2022-12-22
-32.878387,2.184023,9,EPI_ISL_16338201,Omicron,BF.5,2022-12-01
-33.026806,2.2541647,9,EPI_ISL_15782818,Omicron,BA.5.2,2022-10-27
-32.948765,2.4498348,9,EPI_ISL_15282729,Omicron,BA.4,2022-08-25
-32.964325,2.262271,9,EPI_ISL_14947104,Omicron,BA.5.2,2022-08-29
-32.815872,2.3558235,9,EPI_ISL_14385172,Omicron,BA.5.1,2022-07-21
-31.25355,3.0431943,9,EPI_ISL_15083379,Omicron,BA.5.1,2022-08-29
-31.034618,2.9651847,9,EPI_ISL_14877021,Omicron,BF.5,2022-08-23
-30.760944,2.9964876,9,EPI_ISL_13752012,Omicron,BA.5.2,2022-07-05
-33.011307,2.1059942,9,EPI_ISL_14180232,Omicron,BK.1,2022-07-20
-33.01116,2.0902367,9,EPI_ISL_15085914,Omicron,BA.5.1,2022-08-17
-33.01908,2.176272,9,EPI_ISL_16051581,Omicron,BA.5.2.31,2022-11-16
-29.82931,3.0352669,9,EPI_ISL_16433692,Omicron,BA.5.2.1,2022-11-07
-32.979973,2.4185138,9,EPI_ISL_14386979,Omicron,BA.5.1.10,2022-07-22
-31.503178,3.0121193,9,EPI_ISL_15428903,Omicron,BA.5.2,2022-10-04
-32.730152,2.2386513,9,EPI_ISL_14772957,Omicron,BA.5.1.3,2022-08-02
-33.06592,2.4887748,9,EPI_ISL_14499220,Omicron,BA.5.2.1,2022-07-14
-32.94105,2.184167,9,EPI_ISL_13819031,Omicron,BF.24,2022-07-01
-30.589008,2.9652038,9,EPI_ISL_16425238,Omicron,BA.5,2022-12-09
-33.00348,2.1919565,9,EPI_ISL_17587684,Omicron,BA.4.1,2022-07-13
-31.987864,2.723219,9,EPI_ISL_16289507,Omicron,BA.5.1.23,2022-07-25
-33.105137,2.4731007,9,EPI_ISL_15571382,Omicron,BA.5.2.1,2022-10-14
-33.04243,2.3402205,9,EPI_ISL_16339294,Omicron,BA.5.1.10,2022-12-02
-30.448067,3.051251,9,EPI_ISL_15495974,Omicron,BA.5,2022-10-14
-32.870544,2.277648,9,EPI_ISL_15834073,Omicron,BA.5.2.27,2022-10-03
-31.768768,2.7465816,9,EPI_ISL_14661585,Omicron,BA.5.1,2022-08-11
-32.862938,2.4262733,9,EPI_ISL_13915976,Omicron,BA.5.2.1,2022-07-05
-33.02697,2.317091,9,EPI_ISL_13854875,Omicron,BA.5.1.19,2022-06-29
-32.987663,2.2074018,9,EPI_ISL_13500859,Omicron,BA.5.1.4,2022-06-20
-30.550148,2.980811,9,EPI_ISL_14536879,Omicron,BA.5.2,2022-07-29
-32.972282,2.3013344,9,EPI_ISL_13851694,Omicron,Unassigned,2022-07-04
-32.98013,2.22324,9,EPI_ISL_13404155,Omicron,Unassigned,2022-06-06
-30.573692,3.2307277,9,EPI_ISL_15924313,Omicron,BF.5,2022-09-29
-29.721375,3.0121913,9,EPI_ISL_14814326,Omicron,BA.5.1.24,2022-07-28
-32.964516,2.1607952,9,EPI_ISL_15049051,Omicron,BA.5.2.1,2022-07-19
-32.980007,2.355977,9,EPI_ISL_14282541,Omicron,BA.5.1,2022-07-25
-30.573313,3.0120378,9,EPI_ISL_14502898,Omicron,BA.5.5,2022-08-05
-33.026855,2.1451435,9,EPI_ISL_14319517,Omicron,BA.5.2.1,2022-07-19
-33.081543,2.363925,9,EPI_ISL_15767692,Omicron,BA.5.2,2022-10-28
-33.10512,2.2934494,9,EPI_ISL_14659548,Omicron,BA.5.1.22,2022-08-13
-33.229965,2.6292596,9,EPI_ISL_15328468,Omicron,BA.5.6,2022-09-22
-29.555912,3.0507493,9,EPI_ISL_14456208,Omicron,BF.5,2022-07-31
-32.925125,2.2152867,9,EPI_ISL_15983653,Omicron,BA.5.6,2022-10-22
-30.072819,3.0978637,9,EPI_ISL_14920432,Omicron,BA.5.1,2022-08-29
-32.815712,2.34021,9,EPI_ISL_16702044,Omicron,BA.5.2.48,2023-01-06
-33.011253,2.402677,9,EPI_ISL_15028510,Omicron,BA.5.2.1,2022-09-04
-32.870754,2.2546096,9,EPI_ISL_15447670,Omicron,BA.5.1,2022-10-04
-33.003258,2.1058483,9,EPI_ISL_14735446,Omicron,BF.5,2022-07-16
-33.050232,2.2699566,9,EPI_ISL_14314525,Omicron,BA.5.2,2022-07-21
-32.651733,2.3169332,9,EPI_ISL_13795660,Omicron,BE.1.3,2022-07-07
-31.042355,3.0199614,9,EPI_ISL_15477335,Omicron,Unassigned,2022-08-22
-32.987717,2.1841135,9,EPI_ISL_14610940,Omicron,BA.5.2.31,2022-08-09
-32.964424,2.285726,9,EPI_ISL_14460681,Omicron,BA.5.1,2022-08-01
-33.17533,2.426248,9,EPI_ISL_17015298,Omicron,BA.5.2,2023-02-04
-33.073822,2.137185,9,EPI_ISL_14349508,Omicron,BA.5.2,2022-07-19
-33.019062,2.4185386,9,EPI_ISL_13229546,Omicron,BA.5.1.23,2022-05-30
-32.98002,2.2856507,9,EPI_ISL_13663549,Omicron,Unassigned,2022-06-20
-32.855156,2.1996632,9,EPI_ISL_14030245,Omicron,BA.5.1.10,2022-07-18
-32.722,2.629406,9,EPI_ISL_13844941,Omicron,BA.4,2022-07-07
-32.956604,2.2932377,9,EPI_ISL_14547534,Omicron,BE.1.1,2022-08-02
-32.901794,2.3010974,9,EPI_ISL_14898223,Omicron,BA.5.2.1,2022-08-27
-32.886364,2.3399496,9,EPI_ISL_15365717,Omicron,BA.5.2,2022-09-30
-32.925186,2.199854,9,EPI_ISL_16052645,Omicron,Unassigned,2022-11-20
-32.909637,2.2230525,9,EPI_ISL_16073329,Omicron,BA.5.2.1,2022-11-30
-33.097107,2.0826406,9,EPI_ISL_14469812,Omicron,BA.5.1,2022
-32.808014,2.0825052,9,EPI_ISL_14401463,Omicron,BA.5.2,2022-07-21
-33.065918,2.3325953,9,EPI_ISL_14019415,Omicron,BA.5.1.3,2022-07-19
-32.78453,2.2543297,9,EPI_ISL_14284568,Omicron,BF.10,2022-07-22
-32.980064,2.223206,9,EPI_ISL_14294703,Omicron,BE.1.4,2022-07-25
-32.71447,2.0747309,9,EPI_ISL_13432766,Omicron,BA.5.5,2022-06-01
-32.964436,2.144987,9,EPI_ISL_14825994,Omicron,BF.5,2022-08-18
-33.105026,2.340321,9,EPI_ISL_15919881,Omicron,BA.5.2,2022-09-02
-32.839348,2.3091025,9,EPI_ISL_14440229,Omicron,BA.4.1,2022-08-03
-32.940857,2.129403,9,EPI_ISL_15081264,Omicron,BA.5.2.1,2022-09-01
-33.08165,2.1137848,9,EPI_ISL_13909354,Omicron,BA.5.1.3,2022-06-08
-31.22972,2.9498258,9,EPI_ISL_14498671,Omicron,BF.1.1,2022-07-23
-32.956394,2.3169727,9,EPI_ISL_14752069,Omicron,BA.5.1.10,2022-08-04
-33.19111,2.4730172,9,EPI_ISL_15457788,Omicron,BA.5.1,2022-06-27
-33.058105,2.1683626,9,EPI_ISL_15090647,Omicron,BA.4,2022-06-16
-32.894043,2.4654732,9,EPI_ISL_17495047,Omicron,Unassigned,2023-03-09
-33.05794,2.2464628,9,EPI_ISL_16057247,Omicron,BA.4.1,2022-08-08
-33.058167,2.4418745,9,EPI_ISL_15762126,Omicron,BA.5.2,2022-10-14
-32.823616,2.1451073,9,EPI_ISL_15107334,Omicron,BA.5.1.3,2022-08-26
-30.683014,3.0199013,9,EPI_ISL_16811877,Omicron,BA.5.1,2023-01-08
-32.956596,2.4341526,9,EPI_ISL_15812929,Omicron,BA.5.2.1,2022-10-30
-33.04246,2.1762152,9,EPI_ISL_14819546,Omicron,BF.5,2022-08-15
-29.823318,3.082491,9,EPI_ISL_13646765,Omicron,BA.4.1,2022-06-24
-30.706457,3.0120811,9,EPI_ISL_14987603,Omicron,BA.5.2.1,2022-08-31
-32.940937,2.285688,9,EPI_ISL_13673273,Omicron,BF.28,2022-06-27
-32.902084,2.3011737,9,EPI_ISL_13888985,Omicron,BA.5.2.1,2022-07-08
-33.042686,2.1527114,9,EPI_ISL_14527626,Omicron,BA.5.1,2022-07-29
-31.72987,2.99649,9,EPI_ISL_13991410,Omicron,BA.5.2.1,2022-07-03
-32.85498,2.3403091,9,EPI_ISL_13730307,Omicron,BA.5.2,2022-06-28
-32.800346,2.473074,9,EPI_ISL_15528895,Omicron,BA.5.2.1,2022-10-19
-32.988003,2.4497042,9,EPI_ISL_15542567,Omicron,BA.5.2.59,2022-10-17
-32.776833,2.3870645,9,EPI_ISL_16426526,Omicron,BA.5.2,2022-12-02
-33.097065,2.152955,9,EPI_ISL_16256773,Omicron,BA.5.1.34,2022-12-18
-31.932838,2.7310033,9,EPI_ISL_14847649,Omicron,BA.5.5,2022-06-25
-32.90187,2.3167286,9,EPI_ISL_16299026,Omicron,BA.5.2.55,2022-12-06
-30.503016,2.9106474,9,EPI_ISL_17485654,Omicron,BA.5.2.48,2023-04-02
-32.862694,2.2935028,9,EPI_ISL_15352337,Omicron,BA.5.6,2022-09-22
-29.854603,3.0823593,9,EPI_ISL_14211128,Omicron,BF.5,2022-06-22
-32.76134,2.0591116,9,EPI_ISL_15655111,Omicron,BA.5.2,2022-08-17
-32.85515,2.3558512,9,EPI_ISL_15658857,Omicron,BA.5,2022-09-29
-29.89238,3.050965,9,EPI_ISL_16520819,Omicron,BA.5.2.1,2022-09-20
-33.026966,2.480957,9,EPI_ISL_15482494,Omicron,BA.5.1.2,2022-10-09
-33.026833,2.160637,9,EPI_ISL_13231110,Omicron,BA.4.1,2022-06-05
-32.847206,2.3479195,9,EPI_ISL_15421376,Omicron,BA.5.2.1,2022-09-21
-32.964428,2.433878,9,EPI_ISL_14546065,Omicron,BA.4.1.1,2022-07-18
-30.104347,3.066649,9,EPI_ISL_15550145,Omicron,BA.5.2.1,2022-10-14
-32.88621,2.37153,9,EPI_ISL_14604362,Omicron,BA.5.1.22,2022-07-24
-32.94094,2.2466784,9,EPI_ISL_15344714,Omicron,BA.5.2,2022-10-05
-32.92536,2.2467136,9,EPI_ISL_14539620,Omicron,Unassigned,2022-06-27
-33.08158,2.106039,9,EPI_ISL_15214523,Omicron,BA.5.1.22,2022-09-12
-33.058197,2.2465997,9,EPI_ISL_17443841,Omicron,BA.5.1,2022-12-09
-33.07361,2.3558612,9,EPI_ISL_15181049,Omicron,BF.5,2022-09-19
-32.925175,2.1762867,9,EPI_ISL_13547685,Omicron,BA.5.1.3,2022-06-02
-33.058,2.5356421,9,EPI_ISL_12268509,Omicron,BE.1,2022-04-16
-32.839367,2.2621088,9,EPI_ISL_15080576,Omicron,BA.5.2,2022-09-04
-32.823887,2.1137972,9,EPI_ISL_15823197,Omicron,BA.5,2022-10-25
-33.07375,2.4262223,9,EPI_ISL_15189500,Omicron,BA.5.2,2022-08-23
-33.019226,2.1762047,9,EPI_ISL_13907334,Omicron,BA.5.1,2022-07-12
-32.808197,2.1997776,9,EPI_ISL_16184133,Omicron,BF.10,2022-12-04
-33.050236,2.402855,9,EPI_ISL_13809525,Omicron,BA.4.1,2022-06-29
-32.800266,2.3949928,9,EPI_ISL_13385398,Omicron,BA.5.1,2022-06-14
-29.829998,3.011952,9,EPI_ISL_15478641,Omicron,Unassigned,2022-09-02
-32.956764,2.1919146,9,EPI_ISL_15799189,Omicron,BA.5.2,2022-10-25
-32.97998,2.2308903,9,EPI_ISL_15155707,Omicron,BF.4,2022-09-23
-33.08156,2.2543335,9,EPI_ISL_15149628,Omicron,BA.5.2.1,2022-09-14
-32.56604,2.4339685,9,EPI_ISL_15745904,Omicron,Unassigned,2022-10-31
-32.886173,2.246436,9,EPI_ISL_15473854,Omicron,BA.5.6,2022-10-05
-33.120674,2.3402681,9,EPI_ISL_17109389,Omicron,BA.4.1,2022-08-29
-31.82351,2.9887834,9,EPI_ISL_15089358,Omicron,BA.5,2022-09-10
-32.901905,2.410728,9,EPI_ISL_13079795,Omicron,BA.4.2,2022-05-18
-32.89409,2.0746374,9,EPI_ISL_15311856,Omicron,BE.1.1,2022-09-06
-33.089375,2.4342542,9,EPI_ISL_15767529,Omicron,BA.5.6,2022-10-27
-33.003426,2.2387295,9,EPI_ISL_14641011,Omicron,BA.5.2,2022-07-29
-32.70658,2.2229967,9,EPI_ISL_16298906,Omicron,BA.5.2,2022-12-06
-33.14415,2.1997585,9,EPI_ISL_14247455,Omicron,BF.5,2022-07-26
-30.112183,3.0668373,9,EPI_ISL_14314258,Omicron,BA.5.2.1,2022-07-08
-32.86286,2.254475,9,EPI_ISL_15639702,Omicron,BA.5.2.1,2022-10-24
-32.995697,2.043191,9,EPI_ISL_15672271,Omicron,BA.5.2,2022-10-14
-29.924622,3.0824876,9,EPI_ISL_14639189,Omicron,BF.5,2022-07-22
-32.917492,2.066918,9,EPI_ISL_16849763,Omicron,BA.5.1,2023-01-23
-32.979797,2.2310266,9,EPI_ISL_14523432,Omicron,BA.4,2022-07-12
-32.88652,2.2543478,9,EPI_ISL_16135138,Omicron,BF.5,2022-11-20
-32.76904,2.1918936,9,EPI_ISL_14293718,Omicron,BA.5.5,2022-07-21
-33.05819,2.3873224,9,EPI_ISL_13576985,Omicron,BA.5.8,2022-06-15
-32.80034,2.1762486,9,EPI_ISL_16273789,Omicron,BF.5,2022-12-05
-29.815329,3.1212826,9,EPI_ISL_13988530,Omicron,BE.1.1,2022-07-14
-32.800297,2.301115,9,EPI_ISL_14286723,Omicron,BF.28,2022-06-18
-32.815845,2.2932787,9,EPI_ISL_14974677,Omicron,BA.5.2,2022-09-06
-32.894035,2.504449,9,EPI_ISL_15492707,Omicron,BF.5,2022-10-13
-33.03478,2.230935,9,EPI_ISL_13446846,Omicron,BA.5.1,2022-06-13
-32.940945,2.3484764,9,EPI_ISL_15806413,Omicron,BA.5.2.1,2022-10-05
-32.862846,2.4027815,9,EPI_ISL_13403135,Omicron,Unassigned,2022-06-07
-32.964275,2.4104233,9,EPI_ISL_15005151,Omicron,BA.5.2,2022-09-01
-32.878613,2.324708,9,EPI_ISL_14763899,Omicron,BA.5.1,2022-07-13
-32.901924,2.355918,9,EPI_ISL_15176854,Omicron,BA.5.2,2022-09-07
-32.925407,2.2075477,9,EPI_ISL_14966953,Omicron,BF.5,2022-08-02
-33.058197,2.4183474,9,EPI_ISL_15695043,Omicron,BA.5.2.26,2022-10-01
-32.925274,2.2073712,9,EPI_ISL_15118095,Omicron,BA.4,2022-06-25
-33.0033,2.2154083,9,EPI_ISL_16833594,Omicron,BA.5.2.1,2022-07-05
-32.956486,2.27001,9,EPI_ISL_15812481,Omicron,BA.5.1.30,2022-10-31
-32.815994,2.3559551,9,EPI_ISL_17199902,Omicron,BA.5.2.49,2023-03-07
-32.68319,2.0822482,9,EPI_ISL_14325254,Omicron,BF.5,2022-07-30
-32.956715,2.160634,9,EPI_ISL_15806638,Omicron,BA.5.2.44,2022-10-16
-32.784794,2.4575224,9,EPI_ISL_15910472,Omicron,BA.5.1.5,2022-11-01
-32.7067,2.184002,9,EPI_ISL_13645937,Omicron,BA.5.5,2022-06-21
-30.174513,2.8716702,9,EPI_ISL_15950798,Omicron,BA.5.2.1,2022-11-10
-32.847168,2.2544155,9,EPI_ISL_15647017,Omicron,BF.4,2022-10-22
-33.16745,2.0746279,9,EPI_ISL_14967502,Omicron,BF.39,2022-08-13
-31.971905,2.6996212,9,EPI_ISL_13606067,Omicron,BA.5.1,2022-06-23
-32.64402,2.1840043,9,EPI_ISL_14786115,Omicron,BA.4,2022-08-23
-33.042534,2.2154255,9,EPI_ISL_15324043,Omicron,BA.5.2.1,2022-09-21
-33.01139,2.1919403,9,EPI_ISL_13746407,Omicron,BA.4,2022-06-23
-33.058132,2.32473,9,EPI_ISL_15901687,Omicron,BA.5.1.33,2022-11-10
-33.04259,2.262003,9,EPI_ISL_14233145,Omicron,BA.5.2.1,2022-07-21
-32.94112,2.3715005,9,EPI_ISL_15158992,Omicron,BA.5.2.1,2022-09-13
-33.105103,2.2465916,9,EPI_ISL_13313141,Omicron,BA.5.3,2022-05-22
-33.04245,2.31674,9,EPI_ISL_15287309,Omicron,BA.5.2.20,2022-09-19
-33.034603,2.332602,9,EPI_ISL_14106519,Omicron,BA.5.5,2022-07-15
-32.97203,2.207594,9,EPI_ISL_15362143,Omicron,BA.5.2,2022-09-05
-32.862774,2.387185,9,EPI_ISL_15550492,Omicron,BA.5.2,2022-10-18
-33.10489,2.2466106,9,EPI_ISL_15993169,Omicron,BA.5.2,2022-11-02
-33.011246,2.1214824,9,EPI_ISL_15387561,Omicron,BA.5.2.1,2022-10-05
-33.01129,2.207491,9,EPI_ISL_15832890,Omicron,BE.1.1.2,2022-10-16
-32.98781,2.317019,9,EPI_ISL_16102960,Omicron,BA.4.1,2022-08-06
-32.823887,2.543428,9,EPI_ISL_17015671,Omicron,BA.5.1.10,2022-12-24
-33.097015,2.2933817,9,EPI_ISL_15777267,Omicron,BA.5.2,2022-10-31
-33.027138,2.0982018,9,EPI_ISL_14185438,Omicron,BA.4.4,2022-07-10
-33.03457,2.3013182,9,EPI_ISL_13841985,Omicron,BA.5.1,2022-07-04
-31.84711,2.7544518,9,EPI_ISL_17628759,Omicron,BF.5,2023-04-12
-28.921822,2.8400526,9,EPI_ISL_14167300,Omicron,BF.39,2022-07-23
-33.112926,2.3325195,9,EPI_ISL_14179797,Omicron,BA.5.1,2022-07-19
-32.87073,2.3013697,9,EPI_ISL_14588076,Omicron,BA.5.1,2022-08-09
-32.87063,2.2230768,9,EPI_ISL_14060817,Omicron,BF.8,2022-07-06
-32.90184,2.1995945,9,EPI_ISL_15109444,Omicron,BA.5.6,2022-09-20
-33.00362,2.082448,9,EPI_ISL_14416592,Omicron,BA.5.1,2022-07-25
-32.870693,2.5823936,9,EPI_ISL_13109064,Omicron,BA.5.1,2022-05-23
-33.05032,2.3245502,9,EPI_ISL_14519366,Omicron,BA.5.2,2022-08-05
-28.906147,2.832138,9,EPI_ISL_15302880,Omicron,BA.5,2022-09-20
-32.88636,2.3559294,9,EPI_ISL_13505815,Omicron,BA.5.2.1,2022-06-15
-32.948845,2.2933187,9,EPI_ISL_14219890,Omicron,BA.4.1.1,2022-07-13
-30.502962,2.9651794,9,EPI_ISL_13561540,Omicron,BA.5.1,2022-06-13
-30.581137,3.0120738,9,EPI_ISL_15351126,Omicron,BA.4.1,2022-10-02
-33.097214,2.2387524,9,EPI_ISL_13642069,Omicron,BA.5.5,2022-06-13
-33.073673,2.3091779,9,EPI_ISL_13978598,Omicron,BA.5.5,2022-07-08
-29.892723,2.9729204,9,EPI_ISL_15178373,Omicron,BA.5.1.25,2022-09-15
-32.683132,2.2543297,9,EPI_ISL_13525243,Omicron,BA.4.1,2022-06-07
-32.964478,2.4418268,9,EPI_ISL_15277266,Omicron,BA.5.2,2022-08-28
-32.94094,2.3166623,9,EPI_ISL_14321007,Omicron,BA.5.1,2022-06-20
-32.925198,2.4652572,9,EPI_ISL_15552494,Omicron,BA.5.1,2022-10-23
-32.85504,2.4261498,9,EPI_ISL_13941478,Omicron,BA.5.3.4,2022-07-07
-32.964386,2.4732513,9,EPI_ISL_13019069,Omicron,BA.5.1,2022-05-16
-29.86025,3.0431771,9,EPI_ISL_15664302,Omicron,BA.5.2.19,2022-10-17
-32.886303,2.3637562,9,EPI_ISL_14806363,Omicron,BA.5.2.1,2022-08-18
-33.00343,2.0981522,9,EPI_ISL_15064019,Omicron,BA.5.2.1,2022-09-04
-32.847023,2.504252,9,EPI_ISL_14560401,Omicron,BA.5.2,2022-08-03
-32.988052,2.4418163,9,EPI_ISL_14338278,Omicron,BF.21,2022-07-25
-32.870533,2.2856827,9,EPI_ISL_14983825,Omicron,BF.10,2022-09-03
-33.05824,2.145063,9,EPI_ISL_17243318,Omicron,BA.5.2.1,2023-03-01
-33.034588,2.2229624,9,EPI_ISL_13898288,Omicron,BA.5.5,2022-06-26
-33.058205,2.098106,9,EPI_ISL_14758021,Omicron,BA.5.1.21,2022-08-16
-32.870514,2.4028401,9,EPI_ISL_15281693,Omicron,BA.5.2,2022-09-16
-32.83155,2.043666,9,EPI_ISL_13667462,Omicron,BA.5.1,2022-06-24
-32.87849,2.1759577,9,EPI_ISL_15093068,Omicron,BA.5.1,2022-09-12
-32.66761,2.363738,9,EPI_ISL_13886610,Omicron,BA.5.2,2022-07-07
-33.073597,2.2074175,9,EPI_ISL_13466167,Omicron,BA.5.2,2022-06-01
-32.886295,2.3325467,9,EPI_ISL_14777029,Omicron,BA.5.2,2022-08-17
-32.909813,2.644825,9,EPI_ISL_14391618,Omicron,BA.5.1,2022-08-05
-32.94909,2.238697,9,EPI_ISL_14692190,Omicron,BA.5.1,2022-08-10
-30.096329,2.9263473,9,EPI_ISL_15132566,Omicron,BA.5.2.1,2022-09-08
-33.089478,2.4496922,9,EPI_ISL_15477825,Omicron,Unassigned,2022-08-28
-32.886322,2.129428,9,EPI_ISL_15829263,Omicron,BA.5.2,2022-10-12
-32.792515,2.1606264,9,EPI_ISL_13460015,Omicron,BA.5.2.1,2022-06-18
-32.917606,2.3560271,9,EPI_ISL_13920799,Omicron,BA.4.1,2022-07-07
-32.87841,2.270091,9,EPI_ISL_12932907,Omicron,BA.5.2.4,2022-05-17
-32.651936,2.3558125,9,EPI_ISL_15354831,Omicron,BA.5.2.1,2022-09-26
-29.813877,3.0274343,9,EPI_ISL_14961495,Omicron,BF.5,2022-08-30
-32.808304,2.105917,9,EPI_ISL_17188277,Omicron,BA.5.2.49,2023-03-03
-32.839256,2.2230592,9,EPI_ISL_13604219,Omicron,BA.4,2022-06-24
-31.886192,2.8480153,9,EPI_ISL_14140850,Omicron,BA.5.5,2022-07-10
-32.917343,2.2545357,9,EPI_ISL_16162451,Omicron,Unassigned,2022-12-05
-32.925316,2.222941,9,EPI_ISL_14304336,Omicron,BA.4,2022-07-25
-29.03212,2.8481693,9,EPI_ISL_14694934,Omicron,BA.5.2.1,2022-08-15
-33.050377,2.3090997,9,EPI_ISL_14275291,Omicron,BA.5.2.9,2022-07-18
-32.972168,2.3636236,9,EPI_ISL_15784638,Omicron,BA.5.2.1,2022-10-26
-31.214066,2.8404946,9,EPI_ISL_16702140,Omicron,BA.5.2.48,2023-01-08
-32.90191,2.254383,9,EPI_ISL_14588257,Omicron,BA.5.2.1,2022-08-08
-32.94107,2.3012714,9,EPI_ISL_13477952,Omicron,BA.5.1,2022-06-21
-33.058174,2.1605763,9,EPI_ISL_16301688,Omicron,BA.5.2.1,2022-12-20
-33.00336,2.1683407,9,EPI_ISL_13868389,Omicron,BA.5,2022-07-03
-32.839394,2.2154722,9,EPI_ISL_16539568,Omicron,BA.5.2.1,2022-12-06
-30.12777,2.8168235,9,EPI_ISL_16089370,Omicron,BA.5.2.1,2022-11-28
-33.026894,2.3091183,9,EPI_ISL_15626151,Omicron,BA.5.2.1,2022-08-11
-33.073757,2.1918368,9,EPI_ISL_14177983,Omicron,BF.6,2022-07-24
-32.651848,2.1918316,9,EPI_ISL_14182936,Omicron,BA.5.5,2022-07-14
-30.471851,2.92624,9,EPI_ISL_15399652,Omicron,BA.5.2.1,2022-09-23
-33.050278,2.1606474,9,EPI_ISL_15248445,Omicron,BA.5.1,2022-09-07
-32.808174,2.5355244,9,EPI_ISL_14810689,Omicron,BA.5.2,2022-08-29
-32.972305,2.246441,9,EPI_ISL_13772572,Omicron,BA.5.2.1,2022-07-05
-32.823723,2.1918821,9,EPI_ISL_14043195,Omicron,BA.5.1.24,2022-07-05
-33.081528,2.4497638,9,EPI_ISL_14348827,Omicron,BA.5.2.1,2022-07-18
-33.00365,2.394969,9,EPI_ISL_14570774,Omicron,BA.5.2,2022-08-06
-33.058197,2.2932806,9,EPI_ISL_15764960,Omicron,BA.5.1.3,2022-10-05
-33.11287,2.410678,9,EPI_ISL_14519538,Omicron,BA.5.1.22,2022-07-18
-32.722206,2.3952694,9,EPI_ISL_16207660,Omicron,BA.5.2,2022-11-18
-32.972237,2.285736,9,EPI_ISL_14048165,Omicron,BA.4.4,2022-06-27
-29.532223,3.058638,9,EPI_ISL_14381810,Omicron,BA.5.2.1,2022-07-01
-32.730087,2.3871222,9,EPI_ISL_14012425,Omicron,Unassigned,2022-07-11
-32.933174,2.4184303,9,EPI_ISL_15616646,Omicron,BA.5.2.20,2022-09-13
-32.800415,2.0903473,9,EPI_ISL_15661587,Omicron,BA.5.1.23,2022-10-11
-30.112247,2.8949995,9,EPI_ISL_15571995,Omicron,BA.5,2022-08-17
-29.721455,3.0120277,9,EPI_ISL_15364827,Omicron,BA.5.2,2022-10-10
-32.91756,2.2152395,9,EPI_ISL_17309102,Omicron,BA.5.2.48,2023-03-01
-33.003395,2.2934613,9,EPI_ISL_13094889,Omicron,Unassigned,2022-05-18
-33.042503,2.355792,9,EPI_ISL_12919725,Omicron,BE.1,2022-05-20
-32.901974,2.1762514,9,EPI_ISL_15539394,Omicron,BA.5.1.22,2022-10-17
-33.13623,2.0981827,9,EPI_ISL_13994119,Omicron,BA.5.1,2022-07-02
-32.86297,2.012042,9,EPI_ISL_17031223,Omicron,BF.38.1,2023-01-31
-32.97214,2.1371937,9,EPI_ISL_13090285,Omicron,BA.5.1,2022-05-28
-32.979897,2.0980225,9,EPI_ISL_17443618,Omicron,BA.5.2.21,2022-11-03
-29.854366,3.0669174,9,EPI_ISL_14381181,Omicron,BF.1,2022-07-14
-33.02697,2.3090334,9,EPI_ISL_14019526,Omicron,BA.5,2022-07-19
-32.823902,2.2388258,9,EPI_ISL_15435997,Omicron,BA.5.2.1,2022-08-04
-32.839436,2.262279,9,EPI_ISL_17148891,Omicron,BA.5.1.5,2022-11-18
-32.722263,2.3871226,9,EPI_ISL_13854591,Omicron,BA.5.1.23,2022-07-03
-32.940975,2.168355,9,EPI_ISL_15648322,Omicron,BA.5.1,2022-10-20
-32.99551,2.2073503,9,EPI_ISL_14263549,Omicron,BA.5.2.1,2022-07-18
-28.899364,3.0117297,9,EPI_ISL_15658909,Omicron,BA.5.2.1,2022-09-30
-32.870636,2.3169374,9,EPI_ISL_14201449,Omicron,BA.5.1.24,2022-07-18
-33.112812,2.3793993,9,EPI_ISL_13892619,Omicron,BA.5.2.21,2022-07-12
-33.167534,2.0356646,9,EPI_ISL_15286583,Omicron,BA.5.2,2022-09-27
-32.917564,2.2543254,9,EPI_ISL_14632834,Omicron,BE.1,2022-07-17
-32.909798,2.4183526,9,EPI_ISL_13500469,Omicron,BA.5.1.23,2022-06-21
-32.769115,2.3637037,9,EPI_ISL_13888575,Omicron,BA.4,2022-07-08
-32.964508,2.2386174,9,EPI_ISL_15159632,Omicron,BA.5.2.1,2022-09-15
-32.831585,2.2153502,9,EPI_ISL_14669931,Omicron,BA.5,2022-08-10
-32.909683,2.3009934,9,EPI_ISL_15579277,Omicron,BE.1.4,2022-08-31
-32.92531,2.3950062,9,EPI_ISL_13567378,Omicron,BA.5.1.17,2022-06-23
-32.87862,2.1449223,9,EPI_ISL_14433584,Omicron,BA.5.2,2022-07-19
-33.042503,2.2074428,9,EPI_ISL_14321012,Omicron,BA.5.1,2022-06-20
-29.729115,3.0120244,9,EPI_ISL_17512500,Omicron,BA.5.1.5,2023-02-03
-32.94888,2.129445,9,EPI_ISL_15471874,Omicron,BA.5.2,2022-09-20
-33.003387,2.3792787,9,EPI_ISL_16898479,Omicron,BA.5.1,2022-07-16
-32.86283,2.3950825,9,EPI_ISL_14187609,Omicron,BA.5.2,2022-07-11
-33.15988,2.15275,9,EPI_ISL_14539554,Omicron,Unassigned,2022-06-26
-32.948933,2.2543736,9,EPI_ISL_12644727,Omicron,BA.5.3,2022-04-28
-33.151855,2.3010812,9,EPI_ISL_15303264,Omicron,BA.5.1.10,2022-10-03
-32.792725,2.0903172,9,EPI_ISL_15930563,Omicron,BF.4,2022-11-18
-33.073845,2.332635,9,EPI_ISL_14839129,Omicron,BA.5.8,2022-08-30
-32.800346,2.0279365,9,EPI_ISL_16123875,Omicron,BF.5,2022-11-10
-29.994532,3.050806,9,EPI_ISL_15111536,Omicron,BA.5.1.10,2022-08-27
-33.011314,2.1762462,9,EPI_ISL_13047913,Omicron,BA.5,2022-05-24
-32.987713,2.2778993,9,EPI_ISL_14004945,Omicron,BA.5.2.1,2022-07-01
-32.855003,2.3167257,9,EPI_ISL_15290337,Omicron,Unassigned,2022-09-27
-33.175407,2.2151914,9,EPI_ISL_14563635,Omicron,BF.4,2022-08-15
-32.870564,2.309082,9,EPI_ISL_15085356,Omicron,BA.5.2,2022-09-13
-32.88648,2.4262028,9,EPI_ISL_15919921,Omicron,BA.5.2,2022-09-05
-33.011387,2.3402562,9,EPI_ISL_13534215,Omicron,BA.5.2.1,2022-06-25
-32.862885,2.2153358,9,EPI_ISL_15098095,Omicron,BE.1,2022-09-11
-32.855034,2.246674,9,EPI_ISL_14194271,Omicron,BA.5.2,2022-07-23
-32.808186,2.0043736,9,EPI_ISL_15818447,Omicron,BA.5.1,2022-11-04
-32.933,2.1840978,9,EPI_ISL_16036865,Omicron,BA.5.2,2022-09-20
-32.97205,2.1293335,9,EPI_ISL_16240709,Omicron,BA.5.2,2022-11-18
-32.878468,2.254425,9,EPI_ISL_12606534,Omicron,BA.4,2022-05-04
-32.761253,2.2388635,9,EPI_ISL_17143790,Omicron,BA.5.5,2022-06-30
-33.011204,2.3715267,9,EPI_ISL_14032850,Omicron,BA.5.1,2022-07-09
-32.80828,2.4026632,9,EPI_ISL_14493722,Omicron,BA.5.1,2022-07-26
-32.74566,2.199758,9,EPI_ISL_12863416,Omicron,BA.5.1.5,2022-05-10
-31.67516,2.9262881,9,EPI_ISL_15925891,Omicron,BA.5.2,2022-11-07
-33.018955,2.1995955,9,EPI_ISL_16413885,Omicron,BA.5.2,2022-12-21
-33.08165,2.231021,9,EPI_ISL_17046438,Omicron,BA.5.2.1,2023-02-09
-32.948936,2.5200615,9,EPI_ISL_14690988,Omicron,BA.5.2,2022-08-21
-30.721174,2.9887304,9,EPI_ISL_17330606,Omicron,BA.5.2,2022-08-11
-32.73013,2.4574494,9,EPI_ISL_13851752,Omicron,Unassigned,2022-07-05
-32.808308,2.2543926,9,EPI_ISL_14546140,Omicron,BF.5,2022-08-13
-30.40067,3.0277157,9,EPI_ISL_13879855,Omicron,BA.5.2.33,2022-06-20
-32.80028,2.2152414,9,EPI_ISL_14013485,Omicron,Unassigned,2022-07-12
-31.94093,2.8559327,9,EPI_ISL_15671244,Omicron,BA.5.1.22,2022-10-04
-32.815964,2.31713,9,EPI_ISL_13656146,Omicron,BA.4.1,2022-06-29
-32.972115,2.2933607,9,EPI_ISL_14568570,Omicron,BF.5,2022-08-11
-33.089554,2.3091269,9,EPI_ISL_17601666,Omicron,BA.5.1,2022-10-22
-32.95665,2.4260554,9,EPI_ISL_14886318,Omicron,BA.5.2,2022-08-27
-32.870716,2.3325114,9,EPI_ISL_13031200,Omicron,BA.4.1,2022-05-16
-32.917545,2.30902,9,EPI_ISL_15604485,Omicron,BA.5.2,2022-10-18
-32.93313,2.605916,9,EPI_ISL_14225792,Omicron,BA.5.2.9,2022-07-13
-32.776867,2.3793736,9,EPI_ISL_14708181,Omicron,BA.5.1.3,2022-08-09
-33.120502,2.3248587,9,EPI_ISL_15537233,Omicron,BA.5.2.1,2022-09-12
-33.011135,2.4106393,9,EPI_ISL_15659220,Omicron,BA.5.1.15,2022-09-28
-33.073853,2.3948345,9,EPI_ISL_16603835,Omicron,BA.5.2.1,2022-11-26
-32.956436,2.2388039,9,EPI_ISL_14796214,Omicron,BF.3,2022-07-19
-33.027,2.3402839,9,EPI_ISL_14699053,Omicron,BA.5.1,2022-07-04
-33.01127,2.1451263,9,EPI_ISL_15334092,Omicron,BA.5.1,2022-09-29
-32.74572,2.3089561,9,EPI_ISL_12918519,Omicron,BA.5.2.1,2022-05-05
-33.05809,2.215355,9,EPI_ISL_14325990,Omicron,BF.5,2022-07-25
-32.995693,2.3557987,9,EPI_ISL_14396540,Omicron,BA.5.1,2022-07-11
-33.128433,2.293375,9,EPI_ISL_16634852,Omicron,BF.7.14,2022-12-20
-32.964203,2.1840658,9,EPI_ISL_15029919,Omicron,BA.4.1,2022-07-17
-32.901894,2.270247,9,EPI_ISL_14983893,Omicron,BF.10,2022-08-27
-32.88614,2.1371994,9,EPI_ISL_14039960,Omicron,BA.4.4,2022-07-19
-32.9489,2.4418492,9,EPI_ISL_13731237,Omicron,BF.5,2022-06-29
-33.128395,2.0044508,9,EPI_ISL_15305323,Omicron,BA.5.2,2022-09-26
-32.816128,2.0903735,9,EPI_ISL_16150285,Omicron,BF.5,2022-10-26
-33.105076,2.168398,9,EPI_ISL_12252681,Omicron,BA.5.3,2022-04-14
-32.870796,2.3012958,9,EPI_ISL_14970381,Omicron,BA.5.5,2022-07-07
-32.89408,2.5201101,9,EPI_ISL_16723457,Omicron,BA.5.2,2023-01-13
-32.05777,3.0119543,9,EPI_ISL_16083544,Omicron,BA.5.2.23,2022-11-01
-29.846622,3.066825,9,EPI_ISL_16148847,Omicron,BA.5.2.1,2022-10-27
-33.073708,2.1840868,9,EPI_ISL_13369044,Omicron,BA.5.1,2022-06-02
-32.839317,2.3480077,9,EPI_ISL_14883047,Omicron,BA.5.2.3,2022-07-24
-30.589016,3.238688,9,EPI_ISL_16178986,Omicron,BA.5.1.33,2022-12-05
-32.99545,2.4496393,9,EPI_ISL_14447185,Omicron,BA.5.6,2022-07-09
-33.144173,2.3479786,9,EPI_ISL_12672113,Omicron,BA.4.1,2022-04-25
-32.714287,2.3247643,9,EPI_ISL_14821940,Omicron,Unassigned,2022-08-21
-33.120605,2.402999,9,EPI_ISL_15505371,Omicron,BA.5.2,2022-10-19
-30.815563,3.0122519,9,EPI_ISL_14839364,Omicron,BA.5.1,2022-08-22
-32.714428,2.4106684,9,EPI_ISL_13705037,Omicron,BA.5.5,2022-06-17
-32.565865,2.4185615,9,EPI_ISL_14014079,Omicron,Unassigned,2022-07-08
-32.98008,2.324479,9,EPI_ISL_15457772,Omicron,BA.5.1.3,2022-10-02
-30.00307,3.0510244,9,EPI_ISL_13963061,Omicron,BA.5.6,2022-06-25
-33.050343,2.1372447,9,EPI_ISL_15616569,Omicron,BA.5.2,2022-09-21
-33.159546,2.176065,9,EPI_ISL_14503119,Omicron,BA.4,2022-05-08
-32.90171,2.1372366,9,EPI_ISL_13976088,Omicron,BA.5.5,2022-07-06
-32.93318,2.5666714,9,EPI_ISL_13771803,Omicron,BA.5.2.1,2022-07-05
-33.05033,2.1683931,9,EPI_ISL_13902629,Omicron,BA.5.6,2022-07-10
-29.760649,3.105782,9,EPI_ISL_15577996,Omicron,BA.5.1,2022-10-05
-33.13636,2.3794231,9,EPI_ISL_16458318,Omicron,DY.1,2023-01-03
-32.933067,2.2309017,9,EPI_ISL_16098876,Omicron,BA.5.2,2022-10-07
-32.89421,2.1762657,9,EPI_ISL_16341570,Omicron,BA.5.2,2022-12-11
-33.042572,2.3090153,9,EPI_ISL_14877257,Omicron,BA.5.2,2022-07-27
-32.94102,2.3090339,9,EPI_ISL_13758077,Omicron,BA.4.1,2022-06-24
-32.839497,2.4965763,9,EPI_ISL_15515557,Omicron,BA.5.5,2022-09-07
-33.13616,2.1526718,9,EPI_ISL_15218745,Omicron,BA.5.5,2022-09-16
-33.112717,2.1058664,9,EPI_ISL_13810839,Omicron,BA.4.1,2022-07-01
-33.003464,2.2933097,9,EPI_ISL_14787003,Omicron,BA.5.1,2022-08-15
-32.64391,2.426176,9,EPI_ISL_14737061,Omicron,BA.5.5,2022-08-13
-33.026844,2.5199404,9,EPI_ISL_13711684,Omicron,BA.4,2022-07-01
-32.8863,2.2933588,9,EPI_ISL_14318381,Omicron,BF.4,2022-07-16
-30.471794,2.9419808,9,EPI_ISL_14451895,Omicron,Unassigned,2022-08-01
-32.82379,2.285429,9,EPI_ISL_14410125,Omicron,BA.5.2,2022-07-14
-31.081245,3.10603,9,EPI_ISL_14782615,Omicron,BF.5,2022-08-15
-33.136086,2.3949213,9,EPI_ISL_15029208,Omicron,BA.5.2.1,2022-09-06
-33.00338,2.4028497,9,EPI_ISL_16007414,Omicron,BA.5.1,2022-11-11
-32.729958,2.3715887,9,EPI_ISL_15627795,Omicron,BA.5.1.22,2022-08-11
-32.93307,2.2545624,9,EPI_ISL_16330159,Omicron,BA.5.2,2022-12-15
-32.86283,2.3169708,9,EPI_ISL_16279731,Omicron,BA.5.2.1,2022-12-12
-32.893864,2.2698984,9,EPI_ISL_13958026,Omicron,BA.5.8,2022-07-04
-33.050407,2.2231321,9,EPI_ISL_16379255,Omicron,Unassigned,2022-12-19
-32.940823,2.3638206,9,EPI_ISL_13516041,Omicron,BA.5.8,2022-06-22
-31.823723,3.04362,9,EPI_ISL_14657946,Omicron,Unassigned,2022-06-28
-33.065865,2.3715115,9,EPI_ISL_15175470,Omicron,BA.5.2,2022-08-29
-33.057888,2.3402104,9,EPI_ISL_13913307,Omicron,BA.5.5,2022-06-30
-32.698586,2.3871303,9,EPI_ISL_12934503,Omicron,BE.1,2022-05-16
-32.769188,2.4106598,9,EPI_ISL_15764798,Omicron,BA.5.2,2022-09-27
-32.839497,2.3949633,9,EPI_ISL_14159227,Omicron,BA.4.1.4,2022-07-18
-32.823757,2.0277114,9,EPI_ISL_14697813,Omicron,BE.1.1,2022-08-26
-32.95656,2.4420447,9,EPI_ISL_14256966,Omicron,BF.4,2022-07-25
-33.019165,2.293334,9,EPI_ISL_15354552,Omicron,BA.5.2.1,2022-09-27
-33.003235,2.1761155,9,EPI_ISL_13416879,Omicron,BA.5.3,2022-05-31
-33.089355,2.3950481,9,EPI_ISL_15210496,Omicron,BA.5.2,2022-09-05
-32.70653,2.1606383,9,EPI_ISL_15459638,Omicron,Unassigned,2022-10-11
-32.909737,2.2777648,9,EPI_ISL_15788423,Omicron,BA.5.2,2022-11-07
-33.12834,2.1761227,9,EPI_ISL_15828490,Omicron,BE.1.1,2022-10-06
-32.683083,2.082487,9,EPI_ISL_15152756,Omicron,BA.5.2.1,2022-09-13
-32.894035,2.340417,9,EPI_ISL_15097557,Omicron,BA.5.1.1,2022-09-10
-33.081535,2.3403268,9,EPI_ISL_13432030,Omicron,BA.5.1,2022-06-13
-32.839466,2.1451473,9,EPI_ISL_13646458,Omicron,BA.5.2.1,2022-06-22
-32.714447,2.230957,9,EPI_ISL_14704508,Omicron,Unassigned,2022-08-17
-32.84731,2.2463994,9,EPI_ISL_13999320,Omicron,BA.4.1,2022-07-01
-33.034645,2.0900536,9,EPI_ISL_15136315,Omicron,BF.4,2022-07-20
-32.909794,2.121502,9,EPI_ISL_14051017,Omicron,BA.5.1.10,2022-07-14
-33.089268,2.1450949,9,EPI_ISL_16134526,Omicron,BA.5.2.1,2022-12-03
-32.89402,2.3011284,9,EPI_ISL_13722626,Omicron,BA.5.3,2022-06-25
-32.737762,2.1917782,9,EPI_ISL_13068916,Omicron,BA.4,2022-05-28
-33.065834,2.3792906,9,EPI_ISL_13233168,Omicron,BA.4.1,2022-05-24
-32.940903,2.2778072,9,EPI_ISL_13313942,Omicron,BA.5.1,2022-06-03
-32.995525,2.2466402,9,EPI_ISL_13659110,Omicron,BE.1,2022-06-28
-32.964096,2.105823,9,EPI_ISL_14657655,Omicron,BA.5.5,2022-08-12
-33.06604,2.2308373,9,EPI_ISL_16604712,Omicron,BA.5.2.49,2023-01-04
-32.870853,2.1372204,9,EPI_ISL_14904955,Omicron,BA.5.5,2022-08-22
-32.87056,2.254304,9,EPI_ISL_13982387,Omicron,BE.1,2022-07-09
-32.99579,2.3559256,9,EPI_ISL_15334899,Omicron,BA.5.2,2022-09-21
-32.964333,2.1917639,9,EPI_ISL_14038269,Omicron,BA.4.1,2022-07-13
-32.761173,2.0826578,9,EPI_ISL_14035829,Omicron,BA.4.1,2022-07-05
-32.722115,2.4575415,9,EPI_ISL_16675743,Omicron,BA.5.2.1,2023-01-08
-32.98769,2.2076387,9,EPI_ISL_14696727,Omicron,BA.5.2,2022-08-22
-33.042522,2.3248143,9,EPI_ISL_14492341,Omicron,BA.4.1,2022-06-30
-33.089447,2.4261518,9,EPI_ISL_14883146,Omicron,BF.5,2022-08-20
-32.94097,2.3871288,9,EPI_ISL_15670815,Omicron,BA.5.1,2022-10-18
-32.72997,2.4027762,9,EPI_ISL_14646332,Omicron,BF.5,2022-08-08
-32.745594,2.5432606,9,EPI_ISL_15438553,Omicron,BF.1,2022-09-06
-32.901863,2.2620592,9,EPI_ISL_15420923,Omicron,BA.5.2.1,2022-09-29
-33.17522,2.1371703,9,EPI_ISL_15919529,Omicron,BA.5.2,2022-10-24
-33.00354,2.285719,9,EPI_ISL_14742461,Omicron,BA.5.1.1,2022-08-13
-32.800262,2.5122418,9,EPI_ISL_16238033,Omicron,BA.5.2,2022-11-17
-32.870758,2.2228527,9,EPI_ISL_14613348,Omicron,BA.5.1,2022-07-21
-33.19082,2.3169732,9,EPI_ISL_14940249,Omicron,BA.5.2.1,2022-08-29
-32.90197,2.2389498,9,EPI_ISL_13418159,Omicron,BA.5.5,2022-06-15
-32.886314,2.2232237,9,EPI_ISL_13969064,Omicron,BA.5.1,2022-07-07
-32.8942,2.3792024,9,EPI_ISL_13963822,Omicron,BA.5,2022-07-12
-30.729176,2.9884703,9,EPI_ISL_17330597,Omicron,BA.5.2,2022-08-07
-32.964653,2.1918783,9,EPI_ISL_14438925,Omicron,BA.5.1,2022-07-07
-32.91773,2.3639145,9,EPI_ISL_13886187,Omicron,BF.5,2022-07-07
-32.925255,2.22303,9,EPI_ISL_13299739,Omicron,BA.5.1,2022-06-10
-32.94877,2.2388086,9,EPI_ISL_14485267,Omicron,BA.4.1,2022-08-01
-31.604813,2.8794594,9,EPI_ISL_17157323,Omicron,BF.5,2022-11-28
-30.159489,3.090221,9,EPI_ISL_14996291,Omicron,BA.5.2.1,2022-09-05
-32.933212,2.2309446,9,EPI_ISL_15097593,Omicron,BE.1,2022-09-10
-32.847317,2.2387614,9,EPI_ISL_16603681,Omicron,BA.5.2.16,2022-12-17
-32.85521,2.012175,9,EPI_ISL_14697930,Omicron,BA.5.1.22,2022-08-09
-32.81597,2.3480797,9,EPI_ISL_14758812,Omicron,BE.1.3,2022-08-08
-32.90965,2.3637457,9,EPI_ISL_14363451,Omicron,BA.5.2,2022-07-09
-33.073925,2.4105005,9,EPI_ISL_14451087,Omicron,Unassigned,2022-07-25
-32.948936,2.3247137,9,EPI_ISL_14909265,Omicron,BA.5.2,2022-08-26
-33.104847,2.465413,9,EPI_ISL_15758010,Omicron,BA.5.2.20,2022-11-08
-33.04256,2.1762352,9,EPI_ISL_15242837,Omicron,BA.5.1.5,2022-09-20
-33.11287,2.2857084,9,EPI_ISL_14010514,Omicron,BA.5.1,2022-07-05
-32.9721,2.222999,9,EPI_ISL_15076044,Omicron,BA.5.1.10,2022-09-19
-32.8708,2.043559,9,EPI_ISL_16137408,Omicron,BA.5.2.1,2022-12-01
-32.831577,2.4105864,9,EPI_ISL_15262190,Omicron,BA.5.2,2022-09-20
-33.144096,2.4261656,9,EPI_ISL_14840594,Omicron,BE.1.1,2022-08-31
-32.972206,2.3871431,9,EPI_ISL_15853768,Omicron,BA.5.2,2022-11-07
-33.050392,2.1606798,9,EPI_ISL_13945017,Omicron,BE.1.1,2022-07-07
-33.026962,2.293552,9,EPI_ISL_14275580,Omicron,BA.5.1,2022-07-19
-32.792458,2.2154264,9,EPI_ISL_13782358,Omicron,BA.4.1,2022-06-27
-32.995537,2.24657,9,EPI_ISL_14486240,Omicron,BA.5.2.9,2022-08-02
-33.09709,2.4105082,9,EPI_ISL_14311424,Omicron,BA.5.5,2022-07-20
-32.917465,2.1449852,9,EPI_ISL_14820275,Omicron,Unassigned,2022-08-15
-32.784775,2.4730606,9,EPI_ISL_15432588,Omicron,BA.5.1.5,2022-10-03
-33.03481,2.371725,9,EPI_ISL_14259499,Omicron,BA.5.1,2022-07-13
-32.792553,2.3871388,9,EPI_ISL_15608982,Omicron,BA.5.1.1,2022-09-22
-33.105167,2.285716,9,EPI_ISL_15662958,Omicron,Unassigned,2022-10-24
-32.706875,2.3558187,9,EPI_ISL_15205141,Omicron,BA.5,2022-09-26
-32.831474,2.3558922,9,EPI_ISL_13398931,Omicron,BF.28,2022-06-14
-32.95655,2.2934685,9,EPI_ISL_13835161,Omicron,BA.4,2022-05-19
-30.964321,3.1918344,9,EPI_ISL_14028840,Omicron,BA.4.1,2022-07-13
-32.948715,2.2778492,9,EPI_ISL_15089746,Omicron,BA.5.1,2022-09-07
-32.909546,2.3403583,9,EPI_ISL_15037090,Omicron,BA.5.2,2022-09-11
-33.034714,2.2934546,9,EPI_ISL_15438541,Omicron,BF.1,2022-09-06
-31.386086,2.9575768,9,EPI_ISL_15953978,Omicron,BA.5.1,2022-11-15
-32.92538,2.4808707,9,EPI_ISL_17014590,Omicron,BA.5.2.1,2023-02-15
-32.894066,2.3791857,9,EPI_ISL_15932152,Omicron,BA.5.2.1,2022-10-28
-32.9565,2.387197,9,EPI_ISL_13911610,Omicron,BA.5.2.1,2022-06-28
-32.66747,2.2230988,9,EPI_ISL_16523366,Omicron,BA.5.2.1,2022-12-22
-33.14389,2.2542515,9,EPI_ISL_15227327,Omicron,BA.5.2.1,2022-09-19
-33.20639,2.230917,9,EPI_ISL_13957189,Omicron,BA.5.1,2022-06-27
-32.995888,2.246635,9,EPI_ISL_16279385,Omicron,BF.5,2022-12-16
-32.08143,2.8246546,9,EPI_ISL_13887443,Omicron,BA.5.6,2022-07-07
-33.018932,2.238782,9,EPI_ISL_15510860,Omicron,BA.4.6,2022-10-08
-32.878403,2.3480988,9,EPI_ISL_16593738,Omicron,BA.5.2.20,2023-01-02
-30.940552,2.9340687,9,EPI_ISL_14556425,Omicron,BA.4.1,2022-07-31
-32.729877,2.3871694,9,EPI_ISL_13761172,Omicron,BA.5.1,2022-06-27
-32.987877,2.2698717,9,EPI_ISL_14259643,Omicron,BA.5.1,2022-07-14
-30.75244,2.980896,9,EPI_ISL_17330586,Omicron,BA.5.2.1,2022-08-14
-32.92537,2.230959,9,EPI_ISL_15704117,Omicron,BF.5,2022-10-20
-33.175533,2.1763468,9,EPI_ISL_13425279,Omicron,BA.4.1.4,2022-06-18
-32.901882,2.223053,9,EPI_ISL_14973888,Omicron,BA.5.2,2022-09-12
-33.08937,2.2153206,9,EPI_ISL_15637875,Omicron,BA.5.2,2022-10-26
-32.941067,2.348136,9,EPI_ISL_14257097,Omicron,BF.6,2022-07-29
-33.011337,2.4652252,9,EPI_ISL_14071035,Omicron,BA.4.4,2022-07-15
-33.08177,2.2545528,9,EPI_ISL_15978578,Omicron,BA.5.2,2022-11-14
-33.11284,2.1762438,9,EPI_ISL_16042993,Omicron,BF.5,2022-11-23
-32.9098,2.238799,9,EPI_ISL_15395401,Omicron,BF.27,2022-09-30
-32.97222,2.4184966,9,EPI_ISL_16240840,Omicron,BA.5.2.1,2022-11-14
-33.136436,2.1293335,9,EPI_ISL_15031677,Omicron,BA.4.1,2022-07-15
-33.206314,2.1684613,9,EPI_ISL_14696667,Omicron,BA.5.1.24,2022-08-09
-29.838955,3.0670042,9,EPI_ISL_15134103,Omicron,BA.5.1,2022-09-12
-33.042656,2.246398,9,EPI_ISL_13746129,Omicron,BA.5.2,2022-07-03
-33.167496,2.08255,9,EPI_ISL_14079408,Omicron,BA.5.5,2022-07-07
-33.05823,2.1763034,9,EPI_ISL_15449867,Omicron,BA.5.2,2022-09-30
-29.916805,3.0745974,9,EPI_ISL_14322739,Omicron,BA.4.1.4,2022-08-02
-32.894093,2.3168755,9,EPI_ISL_14042210,Omicron,BA.5.1,2022-07-08
-32.85514,2.6058202,9,EPI_ISL_13428171,Omicron,BA.4.1.4,2022-06-12
-33.0971,2.2855854,9,EPI_ISL_17273689,Omicron,BA.5.2.48,2023-02-27
-32.855263,2.1450715,9,EPI_ISL_14246504,Omicron,BA.4.1,2022-07-29
-32.93312,2.4027267,9,EPI_ISL_17051839,Omicron,BA.5.2.1,2022-07-22
-30.221746,2.9887152,9,EPI_ISL_15291184,Omicron,Unassigned,2022-09-26
-32.784657,2.1605105,9,EPI_ISL_13795915,Omicron,BA.5.2.1,2022-07-07
-33.183334,2.2073746,9,EPI_ISL_14928582,Omicron,BA.5.2,2022-08-25
-33.089508,2.246438,9,EPI_ISL_15645603,Omicron,BF.5,2022-10-24
-33.01912,2.1839833,9,EPI_ISL_13102202,Omicron,BA.4.1,2022-05-23
-33.05034,2.2308388,9,EPI_ISL_15464098,Omicron,BA.5.2.12,2022-10-06
-33.042328,2.1058826,9,EPI_ISL_14798306,Omicron,BA.5.1.3,2022-08-05
-32.831528,2.269929,9,EPI_ISL_15178037,Omicron,BA.5.2,2022-09-04
-32.92524,2.551498,9,EPI_ISL_14192538,Omicron,BA.4,2022-07-21
-32.84709,2.371602,9,EPI_ISL_15919888,Omicron,BF.5,2022-09-04
-32.784706,2.3872094,9,EPI_ISL_14389152,Omicron,BA.5.1,2022-07-20
-32.7769,2.3089867,9,EPI_ISL_15616087,Omicron,BA.5.2,2022-10-21
-32.8783,2.3715558,9,EPI_ISL_15425139,Omicron,BA.5.1.10,2022-10-05
-32.901863,2.3482175,9,EPI_ISL_15783207,Omicron,BK.1,2022-10-31
-32.73018,2.3088331,9,EPI_ISL_15579581,Omicron,BA.5.2,2022-09-21
-32.940826,2.2386594,9,EPI_ISL_15342768,Omicron,BA.5.2,2022-09-19
-31.737335,2.7386637,9,EPI_ISL_13838363,Omicron,BA.5.6,2022-07-04
-32.97213,2.191966,9,EPI_ISL_14922433,Omicron,BA.4.4,2022-08-18
-33.097385,2.3090544,9,EPI_ISL_13662696,Omicron,Unassigned,2022-06-20
-33.081383,2.2230382,9,EPI_ISL_15148255,Omicron,BA.5.2,2022-09-02
-32.84724,2.2154417,9,EPI_ISL_16411857,Omicron,BF.5,2022-10-20
-32.89409,2.0747128,9,EPI_ISL_14065869,Omicron,BA.5.2,2022-07-12
-33.136395,2.1293325,9,EPI_ISL_14034396,Omicron,BA.5.5,2022-07-03
-33.01895,2.3560295,9,EPI_ISL_14703716,Omicron,Unassigned,2022-08-07
-33.136307,2.2387943,9,EPI_ISL_15186928,Omicron,BA.5.2.1,2022-09-12
-32.948856,2.324648,9,EPI_ISL_15983145,Omicron,BF.5,2022-10-21
-32.87068,2.2544107,9,EPI_ISL_12961771,Omicron,BA.4.2,2022-05-17
-32.839348,2.1997952,9,EPI_ISL_16290217,Omicron,BA.5.2,2022-07-25
-32.94093,2.2230334,9,EPI_ISL_15463972,Omicron,BF.5,2022-10-06
-33.050476,2.2776594,9,EPI_ISL_14512443,Omicron,BA.4,2022-08-09
-33.14411,2.121437,9,EPI_ISL_16287563,Omicron,BA.5.5,2022-12-12
-32.73005,2.215066,9,EPI_ISL_16392603,Omicron,BF.9,2022-09
-33.065945,2.2620072,9,EPI_ISL_13448316,Omicron,Unassigned,2022-06-13
-31.229671,2.9340267,9,EPI_ISL_17014905,Omicron,BA.5.2,2023-01-05
-32.90187,2.5434804,9,EPI_ISL_13501906,Omicron,BF.10,2022-06-03
-32.948673,2.4888177,9,EPI_ISL_13446935,Omicron,BA.5.1,2022-06-13
-32.894066,2.3716173,9,EPI_ISL_15522270,Omicron,BA.5.2,2022-10-13
-33.081635,2.0667167,9,EPI_ISL_12918582,Omicron,BA.4,2022-05-04
-32.847054,2.2933893,9,EPI_ISL_14475531,Omicron,BA.5.2,2022-07-29
-33.07377,2.4496813,9,EPI_ISL_16149011,Omicron,BA.5.1,2022-10-27
-33.03472,2.1136618,9,EPI_ISL_13289564,Omicron,BA.5.5,2022-05-29
-32.956787,2.5278625,9,EPI_ISL_15285747,Omicron,BA.5.2.1,2022-09-12
-32.792587,2.2933822,9,EPI_ISL_13018940,Omicron,BA.5.1.22,2022-05-16
-33.019,2.2856417,9,EPI_ISL_15478573,Omicron,Unassigned,2022-07-14
-33.12069,2.231039,9,EPI_ISL_14559785,Omicron,BA.5.1,2022-08-01
-29.909122,3.0120091,9,EPI_ISL_14137611,Omicron,BA.5.1,2022-06-24
-32.933113,2.2310877,9,EPI_ISL_14410800,Omicron,BA.5.1,2022-07-28
-32.9017,2.2311568,9,EPI_ISL_13703877,Omicron,BA.5.1,2022-06-19
-32.94081,2.34805,9,EPI_ISL_15546888,Omicron,BA.5.2.9,2022-10-15
-32.87853,2.3715496,9,EPI_ISL_13355384,Omicron,BF.5,2022-06-13
-33.042492,2.4417458,9,EPI_ISL_14908582,Omicron,BA.5.2.20,2022-08-16
-29.940025,2.9416056,9,EPI_ISL_16304982,Omicron,BA.5.5,2022-10-06
-32.987793,2.3638482,9,EPI_ISL_16827461,Omicron,BA.5.2,2023-01-17
-32.917515,2.207425,9,EPI_ISL_16103203,Omicron,BA.5.2.26,2022-10-03
-30.659283,2.9418774,9,EPI_ISL_14509474,Omicron,BA.5.1,2022-07-18
-32.854935,2.4106307,9,EPI_ISL_14385736,Omicron,BF.5,2022-07-23
-32.862835,2.152689,9,EPI_ISL_16138750,Omicron,BA.5.2.1,2022-12-06
-32.987785,2.2699614,9,EPI_ISL_16102804,Omicron,BA.5.2.9,2022-11-07
-33.04252,2.2544298,9,EPI_ISL_14686561,Omicron,BA.4.1,2022-08-15
-32.620537,2.3480215,9,EPI_ISL_14920795,Omicron,BA.5.2.1,2022-08-21
-33.089485,2.2543993,9,EPI_ISL_13639901,Omicron,BE.1,2022-06-10
-33.11279,2.3168688,9,EPI_ISL_14836029,Omicron,BA.5.10,2022-08-02
-32.901836,2.2932796,9,EPI_ISL_14885803,Omicron,BA.5.8,2022-08-20
-32.88624,2.4575558,9,EPI_ISL_14274912,Omicron,BA.5.6,2022-07-18
-32.88633,2.2778616,9,EPI_ISL_15571404,Omicron,BF.5,2022-10-11
-32.878464,2.4809327,9,EPI_ISL_14457699,Omicron,BF.5,2022-08-05
-33.058186,2.3793578,9,EPI_ISL_14548933,Omicron,BA.5.2.1,2022-07-13
-31.690907,2.9887657,9,EPI_ISL_13947116,Omicron,BA.5.5,2022-07-09
-32.776726,2.3012128,9,EPI_ISL_14848086,Omicron,BA.5.5,2022-08-16
-32.941025,2.3091621,9,EPI_ISL_14205880,Omicron,BA.5.2,2022-07-23
-32.964363,2.3246007,9,EPI_ISL_15715258,Omicron,BA.5.1.5,2022
-32.683083,2.207467,9,EPI_ISL_15064060,Omicron,BA.5.2,2022-09-04
-32.730015,2.3169866,9,EPI_ISL_13872124,Omicron,BA.5.2.1,2022-07-04
-32.979977,2.3247218,9,EPI_ISL_16137380,Omicron,BA.5.2.20,2022-11-30
-28.914007,2.848117,9,EPI_ISL_15970978,Omicron,BA.5.1,2022-11-24
-31.8703,2.879342,9,EPI_ISL_14432495,Omicron,BA.5.2.1,2022-08-09
-33.01909,2.356009,9,EPI_ISL_15543261,Omicron,BA.5.1,2022-08-29
-33.011147,2.4261918,9,EPI_ISL_15148165,Omicron,BA.5.2,2022-09-08
-32.894093,2.121501,9,EPI_ISL_16052746,Omicron,Unassigned,2022-10-05
-33.003365,2.4261923,9,EPI_ISL_14198926,Omicron,BA.5.5,2022-07-15
-32.737938,2.2777596,9,EPI_ISL_17153140,Omicron,BA.5.1,2023-02-08
-32.964386,2.2309875,9,EPI_ISL_14781227,Omicron,BA.5.2,2022-08-08
-32.792446,2.277852,9,EPI_ISL_14080781,Omicron,BA.5.1,2022-07-09
-33.065907,2.2076707,9,EPI_ISL_14531993,Omicron,BE.1,2022-07-22
-32.987873,2.2622795,9,EPI_ISL_14776961,Omicron,BA.5.5,2022-08-17
-30.00246,3.035202,9,EPI_ISL_14409310,Omicron,BA.5.1,2022-07-25
-31.683025,3.0745897,9,EPI_ISL_14452109,Omicron,Unassigned,2022-06-25
-30.00227,3.058876,9,EPI_ISL_15041295,Omicron,BA.5.2.38,2022-08-18
-32.870792,2.293332,9,EPI_ISL_14477656,Omicron,BA.5.2,2022-08-07
-33.120567,2.395,9,EPI_ISL_14840699,Omicron,BF.5,2022-09-02
-33.00331,2.20749,9,EPI_ISL_14440404,Omicron,BA.5.2,2022-07-20
-32.636368,2.3403087,9,EPI_ISL_16830003,Omicron,BA.5.2.48,2023-01-27
-33.011322,2.2857342,9,EPI_ISL_15337631,Omicron,BA.5.2,2022-09-21
-32.753445,2.0512528,9,EPI_ISL_14559517,Omicron,BE.1,2022-08-05
-33.019115,2.2074418,9,EPI_ISL_14698358,Omicron,BA.4.1.4,2022-08-22
-32.925423,2.2776299,9,EPI_ISL_14501005,Omicron,BA.5.6,2022-08-02
-32.980022,2.184174,9,EPI_ISL_16160962,Omicron,BF.10,2022-09-20
-33.034645,2.1683264,9,EPI_ISL_13808579,Omicron,BA.4.4,2022-06-28
-33.065994,2.3325496,9,EPI_ISL_13641573,Omicron,BA.5.5,2022-06-18
-33.018997,2.2855277,9,EPI_ISL_14930981,Omicron,BA.5.1,2022-08-20
-32.886276,2.121541,9,EPI_ISL_13944486,Omicron,BA.5.2.1,2022-07-06
-29.854172,3.0901155,9,EPI_ISL_16616340,Omicron,BF.5,2022-11-21
-32.87838,2.504538,9,EPI_ISL_15802813,Omicron,BF.39,2022-10-15
-32.628387,2.379446,9,EPI_ISL_13883493,Omicron,BA.5.1.1,2022-07-07
-32.948864,2.3012676,9,EPI_ISL_15295250,Omicron,BF.5,2022-09-26
-33.112915,2.3167405,9,EPI_ISL_14393240,Omicron,BF.2,2022-08-02
-32.91746,2.395084,9,EPI_ISL_14012398,Omicron,Unassigned,2022-07-10
-32.95646,2.3558497,9,EPI_ISL_14641363,Omicron,BF.5,2022-08-02
-33.065746,2.316801,9,EPI_ISL_14309467,Omicron,Unassigned,2022-07-18
-33.034683,2.2779598,9,EPI_ISL_13398835,Omicron,BA.5.1,2022-06-15
-32.67519,2.3246002,9,EPI_ISL_15020110,Omicron,BA.5.2,2022-09-12
-31.659527,2.9730053,9,EPI_ISL_13801505,Omicron,BA.5.2,2022-06-26
-28.89965,3.0196528,9,EPI_ISL_14443818,Omicron,BE.1.1,2022-08-06
-33.14405,2.4027967,9,EPI_ISL_15468171,Omicron,BA.5.2.1,2022-10-08
-33.02691,2.230919,9,EPI_ISL_14542448,Omicron,BA.5.1,2022-08-06
-32.847107,2.1060095,9,EPI_ISL_14144687,Omicron,BA.5.2.1,2022-07-24
-33.058037,2.074566,9,EPI_ISL_15006573,Omicron,Unassigned,2022-09-05
-33.05818,2.4887123,9,EPI_ISL_13916192,Omicron,BA.5.2,2022-07-05
-33.073654,2.3324013,9,EPI_ISL_15514600,Omicron,BA.5,2022-10-13
-32.91749,2.535658,9,EPI_ISL_14084283,Omicron,BA.5.5,2022-06-28
-32.784565,2.309147,9,EPI_ISL_15582055,Omicron,BA.5.1.5,2022-10-20
-32.89397,2.2778273,9,EPI_ISL_14936341,Omicron,BA.5.2.1,2022-08-19
-29.729853,3.1372156,9,EPI_ISL_14470526,Omicron,BA.5.1,2022-08-09
-30.198631,3.066863,9,EPI_ISL_14833175,Omicron,BA.5.2.21,2022-08-23
-32.847275,2.2543073,9,EPI_ISL_17124295,Omicron,BA.5.5,2022-07-08
-32.847103,2.152731,9,EPI_ISL_14649860,Omicron,BA.5.2.1,2022-08-03
-32.972164,2.1683044,9,EPI_ISL_15770576,Omicron,BA.5.1,2022-10-27
-32.854958,2.4575438,9,EPI_ISL_13605208,Omicron,BF.5,2022-06-24
-32.83945,2.3560476,9,EPI_ISL_15901350,Omicron,BA.5.2,2022-11-11
-33.081364,2.0824838,9,EPI_ISL_16589238,Omicron,BA.5.2,2022-12-06
-32.956604,2.137103,9,EPI_ISL_13971582,Omicron,BA.5.1,2022-07-15
-32.847137,2.4341354,9,EPI_ISL_16340134,Omicron,BA.5.2,2022-12-07
-32.972206,2.418519,9,EPI_ISL_16604172,Omicron,BA.5.1,2022-08-06
-33.01908,2.1215668,9,EPI_ISL_14980394,Omicron,BA.5.1,2022-09-02
-32.96447,2.301344,9,EPI_ISL_15993031,Omicron,BA.5.2,2022-09-19
-32.90991,2.3482761,9,EPI_ISL_14419184,Omicron,BA.5.1,2022-08-02
-32.862854,2.2153025,9,EPI_ISL_14773941,Omicron,BE.1,2022-08-04
-33.136223,2.3794293,9,EPI_ISL_16263008,Omicron,Unassigned,2022-12-11
-33.05823,2.465468,9,EPI_ISL_16472143,Omicron,BA.5.2.26,2022-11-08
-29.7297,3.1372118,9,EPI_ISL_14644144,Omicron,BA.5.2,2022-07-30
-32.956463,2.1292953,9,EPI_ISL_15377323,Omicron,BA.5.6,2022-09-24
-33.089386,2.1605673,9,EPI_ISL_14704455,Omicron,Unassigned,2022-08-16
-33.034836,2.2621865,9,EPI_ISL_15346399,Omicron,BA.5.2,2022-09-05
-30.096687,3.129202,9,EPI_ISL_13739029,Omicron,BA.5.2.1,2022-07-04
-32.940987,2.1760697,9,EPI_ISL_13612191,Omicron,BA.5.7,2022-06-23
-33.175316,2.4183445,9,EPI_ISL_14196534,Omicron,BA.5.2,2022-07-07
-33.050243,2.5043545,9,EPI_ISL_14016474,Omicron,BA.4.2,2022-07-04
-32.956573,2.2542715,9,EPI_ISL_15343685,Omicron,BA.5.2.28,2022-09-03
-32.94086,2.2074103,9,EPI_ISL_16514742,Omicron,BF.5,2022-12-31
-32.964497,2.3090925,9,EPI_ISL_14347302,Omicron,BA.5.1,2022-07-08
-32.948807,2.254386,9,EPI_ISL_14608653,Omicron,BA.5.8,2022-08-09
-32.71435,2.2464514,9,EPI_ISL_13188632,Omicron,BF.4,2022-05-27
-32.909622,2.3483248,9,EPI_ISL_15086077,Omicron,BA.5.1,2022-08-19
-32.9645,2.2074156,9,EPI_ISL_14075000,Omicron,BA.5.1,2022-07-06
-32.95651,2.0277843,9,EPI_ISL_16635955,Omicron,DY.1,2023-01-10
-32.69867,2.4966655,9,EPI_ISL_16709490,Omicron,BA.5.2.48,2023-01-09
-32.800293,2.277851,9,EPI_ISL_14604307,Omicron,BA.5,2022-08-11
-32.909756,2.3169174,9,EPI_ISL_14083403,Omicron,BA.4,2022-07-08
-33.04257,2.2621603,9,EPI_ISL_17033739,Omicron,BA.5.2.1,2022-10-28
-33.0194,2.4027672,9,EPI_ISL_15196669,Omicron,Unassigned,2022-09-20
-33.06601,2.1684985,9,EPI_ISL_15774289,Omicron,BA.5.2.12,2022-10-27
-33.09749,2.2622752,9,EPI_ISL_15378234,Omicron,BA.5.2.20,2022-09-22
-32.987823,2.3245,9,EPI_ISL_15594054,Omicron,BA.5.5,2022-08-01
-33.104984,2.1917963,9,EPI_ISL_13612646,Omicron,BA.5.1.23,2022-06-20
-33.14402,2.512169,9,EPI_ISL_15360292,Omicron,BA.5.5,2022-09-01
-32.917515,2.363841,9,EPI_ISL_15015854,Omicron,BA.5.2.1,2022-09-08
-32.940838,2.2386732,9,EPI_ISL_12786635,Omicron,BA.5.5,2022-05-07
-33.206516,2.4653845,9,EPI_ISL_14557257,Omicron,BA.5.2,2022-08-01
-32.925224,2.1605206,9,EPI_ISL_15610093,Omicron,BA.5.2,2022-09-28
-32.87069,2.4184613,9,EPI_ISL_15381298,Omicron,BA.5.2,2022-10-07
-32.87052,2.2621274,9,EPI_ISL_15940843,Omicron,BA.5.1.3,2022-08-10
-33.120644,2.2854142,9,EPI_ISL_16011313,Omicron,BA.5.2,2022-11-16
-32.995815,2.2778578,9,EPI_ISL_13514049,Omicron,BA.5.8,2022-06-20
-30.963003,2.9493732,9,EPI_ISL_17150881,Omicron,BA.5.1.1,2022-11-10
-29.697264,3.0510826,9,EPI_ISL_13272496,Omicron,BA.4.1,2022-05-31
-29.845531,2.9964924,9,EPI_ISL_13297612,Omicron,BA.4.1,2022-05-31
-32.86278,2.2542024,9,EPI_ISL_15541052,Omicron,BA.5.2.1,2022-10-02
-33.01895,2.1995993,9,EPI_ISL_14150330,Omicron,BA.5.5,2022-07-17
-32.67552,2.5436053,9,EPI_ISL_13953966,Omicron,BA.5.1,2022-07-11
-32.9566,2.1293488,9,EPI_ISL_14753775,Omicron,BA.5.2.1,2022-08-18
-32.86273,2.4185486,9,EPI_ISL_16233801,Omicron,EQ.1,2022-12-09
-33.042683,2.1761427,9,EPI_ISL_14079400,Omicron,BF.28,2022-07-07
-32.964508,2.3012242,9,EPI_ISL_15633621,Omicron,BA.5.1.34,2022-10-27
-32.68315,2.254404,9,EPI_ISL_15916852,Omicron,BA.5.2.1,2022-11-12
-33.159687,2.1762161,9,EPI_ISL_13930659,Omicron,BF.4,2022-07-07
-33.034595,2.4339705,9,EPI_ISL_15478752,Omicron,Unassigned,2022-08-20
-33.112804,2.3717842,9,EPI_ISL_15599478,Omicron,BF.4,2022-10-02
-33.02684,2.223092,9,EPI_ISL_14668340,Omicron,BA.5.8,2022-08-06
-32.784817,2.4340034,9,EPI_ISL_13499397,Omicron,BA.5.1.10,2022-06-20
-32.870483,2.3870811,9,EPI_ISL_14632383,Omicron,BA.5.2,2022-08-11
-32.753284,2.5044947,9,EPI_ISL_13932446,Omicron,BF.4,2022-07-09
-32.980103,2.2779045,9,EPI_ISL_14049284,Omicron,BF.4,2022-07-18
-32.85482,2.5668836,9,EPI_ISL_15540849,Omicron,BA.5.2.1,2022-10-09
-33.08158,2.1451583,9,EPI_ISL_13854772,Omicron,BA.5.1,2022-06-29
-33.019066,2.277834,9,EPI_ISL_14815524,Omicron,BA.5.2.2,2022-08-22
-33.034897,2.3012238,9,EPI_ISL_16051228,Omicron,BA.5.2.1,2022-11-19
-32.987915,2.3014112,9,EPI_ISL_14698600,Omicron,BF.6,2022-08-22
-32.667267,2.2778478,9,EPI_ISL_16948860,Omicron,BF.5,2023-01-21
-32.8238,2.0512385,9,EPI_ISL_15014971,Omicron,BA.5.2.9,2022-08-23
-32.62079,2.2699776,9,EPI_ISL_14116465,Omicron,BA.5.2.1,2022-07-06
-32.815994,2.3091092,9,EPI_ISL_16241768,Omicron,BA.5.2,2022-07-12
-30.36256,3.0669832,9,EPI_ISL_16383121,Omicron,BA.5.2,2022-09-29
-29.721392,3.0042562,9,EPI_ISL_13095986,Omicron,Unassigned,2022-05-17
-32.972187,2.3401947,9,EPI_ISL_15919504,Omicron,BA.5.6,2022-09-26
-32.8158,2.3403325,9,EPI_ISL_14449661,Omicron,Unassigned,2022-08-01
-32.823845,2.183959,9,EPI_ISL_14263866,Omicron,BA.5.1,2022-07-19
-33.05054,2.145176,9,EPI_ISL_15909943,Omicron,BF.5,2022-10-27
-32.85504,2.3792849,9,EPI_ISL_16559913,Omicron,BF.5,2022-11-25
-32.792675,2.2074833,9,EPI_ISL_16427288,Omicron,BA.5.2,2022-12-05
-33.026894,2.3247166,9,EPI_ISL_14947636,Omicron,BA.5.2,2022-07-26
-33.019127,2.176135,9,EPI_ISL_15485663,Omicron,BA.5,2022-08-15
-33.019028,2.3637648,9,EPI_ISL_14233438,Omicron,BA.5.3.3,2022-07-23
-33.097153,2.2387772,9,EPI_ISL_15176036,Omicron,BF.5,2022-09-01
-32.800358,2.449748,9,EPI_ISL_14547471,Omicron,BA.5.2,2022-07-29
-32.823875,2.30895,9,EPI_ISL_13470598,Omicron,BA.5.1,2022-06-20
-32.940895,2.1760988,9,EPI_ISL_14283162,Omicron,BA.5.2.1,2022-07-17
-32.933083,2.3089914,9,EPI_ISL_14308940,Omicron,Unassigned,2022-07-18
-33.05036,2.1917582,9,EPI_ISL_17014790,Omicron,BA.5.2.1,2023-01-04
-33.02696,2.2619648,9,EPI_ISL_14705966,Omicron,BA.5.2.20,2022-07-29
-33.0269,2.371758,9,EPI_ISL_14201486,Omicron,BA.5,2022-07-20
-32.276787,2.7854986,9,EPI_ISL_13723868,Omicron,BA.4.4,2022-06-18
-32.854836,2.4184341,9,EPI_ISL_16559639,Omicron,BA.5.2.20,2023-01-04
-32.784798,2.0901694,9,EPI_ISL_17527595,Omicron,BA.5.2.12,2022-12-16
-32.980045,2.3088045,9,EPI_ISL_16052049,Omicron,BA.5.2.27,2022-11-28
-32.980137,2.1527886,9,EPI_ISL_12678905,Omicron,BE.1,2022-05-04
-32.972412,2.1681385,9,EPI_ISL_14562992,Omicron,BA.5.1.3,2022-08-15
-32.862793,2.2700686,9,EPI_ISL_15993922,Omicron,BF.10,2022-11-10
-33.050365,2.2465491,9,EPI_ISL_14833593,Omicron,BA.5.5,2022-08-20
-32.76908,2.2622232,9,EPI_ISL_13967594,Omicron,BE.1.3,2022-06-23
-32.894066,2.5199676,9,EPI_ISL_14574965,Omicron,BA.5.1.5,2022-08-11
-32.93314,2.0670156,9,EPI_ISL_16258972,Omicron,BA.5.1,2022-07-29
-33.04258,2.3481774,9,EPI_ISL_14075055,Omicron,BE.1.1,2022-07-08
-32.839474,2.1918411,9,EPI_ISL_15030759,Omicron,BA.5.2.31,2022-07-22
-32.698784,2.5901952,9,EPI_ISL_15405252,Omicron,BA.5.2,2022-09-29
-32.776855,2.5903893,9,EPI_ISL_13943480,Omicron,BA.4.1,2022-07-05
-32.75349,2.5667448,9,EPI_ISL_15903051,Omicron,BA.5.2.20,2022-11-14
-32.75345,2.5902324,9,EPI_ISL_14911429,Omicron,BA.5.5.2,2022-08-23
-32.636124,2.7076068,9,EPI_ISL_14980290,Omicron,BA.5.1,2022-08-29
-32.72232,2.691721,9,EPI_ISL_14657019,Omicron,BA.5.1.3,2022-08-08
-32.7145,2.5980759,9,EPI_ISL_15948973,Omicron,BF.5,2022-11-08
-32.70675,2.6058216,9,EPI_ISL_14440930,Omicron,BA.5.2.1,2022-07-01
-32.63614,2.6371484,9,EPI_ISL_14407662,Omicron,BA.5.2.1,2022-07-06
-32.82382,2.527913,9,EPI_ISL_16871124,Omicron,BA.5.1,2023-01-25
-32.706573,2.6294217,9,EPI_ISL_14985192,Omicron,BA.5.1,2022-08-26
-32.698814,2.6138744,9,EPI_ISL_13564592,Omicron,BA.5.6,2022-06-10
-32.73005,2.4888473,9,EPI_ISL_14293471,Omicron,BA.5.1.1,2022-07-20
-32.784706,2.5745811,9,EPI_ISL_14457186,Omicron,BF.5,2022-07-28
-32.683113,2.6217794,9,EPI_ISL_13936928,Omicron,BA.4,2022-06-28
-32.768982,2.637157,9,EPI_ISL_14105281,Omicron,BA.5.2.1,2022-07-12
-32.753292,2.6059623,9,EPI_ISL_16973159,Omicron,BA.5.2,2023-01-10
-32.722267,2.5354748,9,EPI_ISL_15404661,Omicron,BE.1,2022-10-02
-32.69082,2.6997976,9,EPI_ISL_14841010,Omicron,BA.5.6,2022-08-31
-32.75335,2.5904298,9,EPI_ISL_15244721,Omicron,BA.5.2.1,2022-08-26
-30.90931,2.9497404,9,EPI_ISL_15919414,Omicron,BA.5.2,2022-11-08
-32.651913,2.6372714,9,EPI_ISL_13413097,Omicron,BA.5.2.28,2022-06-03
-32.761253,2.5669527,9,EPI_ISL_14795576,Omicron,BA.5.2,2022-08-19
