UMAP 1,UMAP 2,Cluster,Seq ID,Variant,Pango lineage,Collection date
34.782806,253.09003,-1,EPI_ISL_4381354,Alpha,B.1.1.7,2021-04-30
-2.4044647,140.7464,-1,EPI_ISL_1191671,Alpha,B.1.1.7,2021-02-05
9.88035,-24.348148,-1,EPI_ISL_2453073,Alpha,B.1.1.7,2021-05
35.642227,253.20728,-1,EPI_ISL_1760299,Alpha,B.1.1.7,2021-03-02
-2.0686646,140.96521,-1,EPI_ISL_2612592,Alpha,B.1.1.7,2021-06-08
-2.8654633,140.56677,-1,EPI_ISL_1288098,Alpha,B.1.1.7,2021-03-01
9.856811,-24.22319,-1,EPI_ISL_12013701,Alpha,B.1.1.7,2021-07-15
9.59547,235.34796,-1,EPI_ISL_1356268,Alpha,B.1.1.7,2021-03-09
-19.919983,170.57458,-1,EPI_ISL_1572447,Alpha,B.1.1.7,2021-03-25
15.400173,259.7151,-1,EPI_ISL_1594404,Alpha,B.1.1.7,2021-03-30
9.94286,-24.269768,-1,EPI_ISL_2757584,Alpha,B.1.1.7,2021-05-28
11.535401,-37.02932,-1,EPI_ISL_1684472,Alpha,B.1.1.7,2021-04-04
-8.238915,2.212926,-1,EPI_ISL_1729796,Alpha,B.1.1.7,2021-03-30
11.535442,-37.03699,-1,EPI_ISL_2361279,Alpha,B.1.1.7,2021-05
11.347935,-37.20097,-1,EPI_ISL_1193407,Alpha,B.1.1,2021-03-03
11.394678,-37.17758,-1,EPI_ISL_2031120,Alpha,B.1.1.7,2021-03-09
9.958366,-24.26985,-1,EPI_ISL_2406493,Alpha,B.1.1.7,2021-05-07
-18.183609,9.065246,-1,EPI_ISL_2597595,Alpha,B.1.1.7,2021-04-11
34.4001,253.41827,-1,EPI_ISL_2361319,Alpha,B.1.1.7,2021-05
35.243805,252.85571,-1,EPI_ISL_1895349,Alpha,B.1.1.7,2021-03-15
-2.693596,141.11353,-1,EPI_ISL_1742762,Alpha,B.1.1.7,2021-04-01
34.720367,253.56671,-1,EPI_ISL_2326304,Alpha,B.1.1.7,2021-04-06
9.973955,-24.238647,-1,EPI_ISL_1211960,Alpha,B.1.1.7,2021-02-26
9.817839,-24.38697,-1,EPI_ISL_1799868,Alpha,B.1.1.7,2021-04-09
9.942773,-24.285522,-1,EPI_ISL_2475480,Alpha,B.1.1.7,2021-05-26
-7.6645126,4.323923,-1,EPI_ISL_2798993,Alpha,B.1.1.7,2021-05-24
-7.601987,4.3940754,-1,EPI_ISL_2469815,Alpha,B.1.1.7,2021-05-29
-8.589663,3.119008,-1,EPI_ISL_7883812,Alpha,B.1.1.7,2021-04-23
11.519685,-37.060394,-1,EPI_ISL_4081280,Alpha,B.1.1.7,2021-02
9.934851,-24.285637,-1,EPI_ISL_1967500,Alpha,B.1.1,2021-04-05
9.544228,-20.67602,-1,EPI_ISL_7270239,Alpha,B.1.1.7,2021-10-05
-16.98402,14.269537,-1,EPI_ISL_2149731,Alpha,B.1.1.7,2021-04-22
11.519797,-37.052643,-1,EPI_ISL_1696533,Alpha,B.1.1.7,2021-01-28
11.535366,-37.02129,-1,EPI_ISL_2046812,Alpha,B.1.1.7,2021-05-03
35.079727,253.10577,-1,EPI_ISL_1846759,Alpha,B.1.1.7,2021-04-19
35.235977,253.64484,-1,EPI_ISL_3012566,Alpha,B.1.1.7,2021-06
-8.701363,332.4886,-1,EPI_ISL_1435310,Alpha,B.1.1.7,2021-03-12
-16.009863,10.846825,-1,EPI_ISL_2792430,Alpha,B.1.1.7,2021-05-11
-16.009808,10.854574,-1,EPI_ISL_1659638,Alpha,B.1.1.7,2021-03-31
-15.447235,11.448389,-1,EPI_ISL_1451276,Alpha,B.1.1.7,2021-03-01
-18.160393,9.112095,-1,EPI_ISL_1623742,Alpha,B.1.1.7,2021-03-30
9.958448,-24.285473,-1,EPI_ISL_2179728,Alpha,B.1.1.7,2021-04-20
12.816664,-35.1384,-1,EPI_ISL_10146008,Alpha,B.1.1.7,2021-04-01
-17.061935,14.269474,-1,EPI_ISL_1796192,Alpha,B.1.1.7,2021-04-10
-7.6722174,4.331541,-1,EPI_ISL_13461955,Alpha,B.1.1.7,2021-04
-7.656646,4.331623,-1,EPI_ISL_2085116,Alpha,B.1.1.7,2021-02-21
9.942771,-24.301214,-1,EPI_ISL_11991774,Alpha,B.1.1.7,2021-07-22
-6.875268,5.0660625,-1,EPI_ISL_15649882,Alpha,B.1.1.7,2021-05-14
-16.999748,14.331949,-1,EPI_ISL_3487847,Alpha,B.1.1.7,2021-04-18
9.97415,-24.238543,-1,EPI_ISL_2440698,Alpha,B.1.1.7,2021-05-20
-7.6564713,4.3472557,-1,EPI_ISL_1207592,Alpha,B.1.1.7,2021-02-25
9.966172,-24.269758,-1,EPI_ISL_11036434,Alpha,B.1.1.7,2021-07-03
-16.0096,10.846775,-1,EPI_ISL_1629823,Alpha,B.1.1.7,2021-03-27
9.981791,-24.230717,-1,EPI_ISL_2153089,Alpha,B.1.1.7,2021-03-25
-18.175716,9.072891,-1,EPI_ISL_1553783,Alpha,B.1.1.7,2021-03-13
-17.069988,14.277267,-1,EPI_ISL_2138376,Alpha,B.1.1.7,2021-05-10
-18.167866,9.088846,-1,EPI_ISL_2185191,Alpha,B.1.1.7,2021-05-05
-2.2562256,15.715205,-1,EPI_ISL_1297239,Alpha,B.1.1.7,2021-01-25
-9.03126,4.31633,-1,EPI_ISL_2716477,Alpha,Q.3,2021-06-05
-8.27008,2.1815977,-1,EPI_ISL_1293707,Alpha,B.1.1.7,2021-03-10
9.942768,-24.277964,-1,EPI_ISL_1743287,Alpha,B.1.1.7,2021-03
-18.183754,9.065105,-1,EPI_ISL_1922439,Alpha,B.1.1.7,2021-04-12
11.364353,-22.574173,-1,EPI_ISL_3797908,Alpha,B.1.1.7,2021-08-23
9.950682,-24.27,-1,EPI_ISL_3452949,Alpha,B.1.1.7,2021-06-01
-7.656395,4.3552065,-1,EPI_ISL_2306834,Alpha,B.1.1.7,2021-05-12
11.504025,-37.060265,-1,EPI_ISL_4026491,Alpha,B.1.1.7,2021-02-18
12.027676,-36.380707,-1,EPI_ISL_1013671,Alpha,B.1.1.7,2021-02-02
9.950501,-24.269955,-1,EPI_ISL_1721010,Alpha,B.1.1.7,2021-03-31
-16.001886,10.870364,-1,EPI_ISL_1189647,Alpha,B.1.1.7,2021-02-24
9.99737,-24.3559,-1,EPI_ISL_12011264,Alpha,B.1.1.7,2021-07-17
11.535303,-37.036915,-1,EPI_ISL_2760615,Alpha,B.1,2021-06-17
9.981817,-24.24654,-1,EPI_ISL_3154985,Alpha,B.1.1.7,2021-07-13
-17.030825,14.300585,-1,EPI_ISL_2834803,Alpha,B.1.1.7,2021-05-19
11.519695,-37.036926,-1,EPI_ISL_2604634,Alpha,B.1.1.7,2021-03-27
9.950605,-24.285576,-1,EPI_ISL_1439178,Alpha,B.1.1.7,2021-03-20
12.840075,-35.13058,-1,EPI_ISL_10149548,Alpha,B.1.1.7,2021-04-28
11.51201,-37.037132,-1,EPI_ISL_2597504,Alpha,B.1.1.7,2021-03-28
-16.04876,10.862344,-1,EPI_ISL_1011815,Alpha,B.1.1.7,2021-02-08
-18.183825,9.065163,-1,EPI_ISL_2320289,Alpha,B.1.1.7,2021-05-09
-17.0232,14.285198,-1,EPI_ISL_2637827,Alpha,B.1.1.7,2021-06-07
11.527591,-37.021446,-1,EPI_ISL_3671215,Alpha,B.1.1.7,2021-06-03
9.942712,-24.261919,-1,EPI_ISL_1971073,Alpha,B.1.1.7,2021-04-13
-9.031289,4.316298,-1,EPI_ISL_1488870,Alpha,B.1.1.7,2021-03-23
10.333284,-23.707397,-1,EPI_ISL_1960934,Alpha,B.1.1.7,2021-04-06
11.527531,-37.029312,-1,EPI_ISL_1842632,Alpha,B.1.1.7,2021-02-13
13.004177,-35.412086,-1,EPI_ISL_2647543,Alpha,B.1.1.7,2021-05-24
11.503976,-37.044907,-1,EPI_ISL_1307547,Alpha,B.1.1.7,2021-03-10
-16.095713,10.776563,-1,EPI_ISL_1587779,Alpha,B.1.1.7,2021-03-31
11.55096,-37.02926,-1,EPI_ISL_1681647,Alpha,B.1.1.7,2021-04-12
-17.023113,14.300802,-1,EPI_ISL_2368165,Alpha,B.1.1.7,2021-05-19
-18.175808,9.073126,-1,EPI_ISL_1759356,Alpha,B.1.1.7,2021-03-31
-15.61994,11.213524,-1,EPI_ISL_2016000,Alpha,B.1.1.7,2021-04-26
11.535294,-37.021324,-1,EPI_ISL_1304202,Alpha,B.1.1.7,2021-01-25
9.927121,-24.301262,-1,EPI_ISL_2774000,Alpha,B.1.1.7,2021-06-27
-18.191547,8.99489,-1,EPI_ISL_2324159,Alpha,B.1.1.7,2021-05-12
-16.999577,14.324293,-1,EPI_ISL_2115256,Alpha,B.1.1.7,2021-04-30
-17.015352,14.308653,-1,EPI_ISL_2109452,Alpha,B.1.1.7,2021-04-22
11.519571,-37.021374,-1,EPI_ISL_1643531,Alpha,B.1.1.7,2021-04-09
12.925983,-34.79464,-1,EPI_ISL_4174482,Alpha,B.1.1.7,2021-05-07
9.966206,-24.309021,-1,EPI_ISL_1300810,Alpha,B.1.1.7,2021-02-07
9.927244,-24.269953,-1,EPI_ISL_2374082,Alpha,B.1.1.7,2021-04-27
9.9351,-24.26991,-1,EPI_ISL_2504065,Alpha,B.1.1.7,2021-06-03
11.519724,-37.068096,-1,EPI_ISL_3014496,Alpha,B.1.1.7,2021-04-14
9.950741,-24.261988,-1,EPI_ISL_11036458,Alpha,B.1.1.7,2021-07-21
11.425987,-37.138603,-1,EPI_ISL_3998651,Alpha,B.1.1.7,2021-05-17
11.449332,-37.099422,-1,EPI_ISL_2844231,Alpha,B.1.1.7,2021-06-10
-18.254047,9.002819,-1,EPI_ISL_2247317,Alpha,B.1.1.7,2021-05-01
11.512082,-37.03695,-1,EPI_ISL_1753712,Alpha,B.1.1.7,2021-04-20
11.488499,-37.075935,-1,EPI_ISL_3087849,Alpha,B.1.1.7,2021-06-05
9.911431,-24.293373,-1,EPI_ISL_2314345,Alpha,B.1.1.7,2021-05-12
11.551086,-37.15407,-1,EPI_ISL_5937722,Alpha,B.1.1.7,2021-06-27
-16.009644,10.85456,-1,EPI_ISL_1678368,Alpha,B.1.1.7,2021-03-22
-7.6566086,4.3394337,-1,EPI_ISL_2482780,Alpha,B.1.1.7,2021-05-20
11.512062,-37.037056,-1,EPI_ISL_1842583,Alpha,B.1.1.7,2021-02-10
-16.095724,10.776234,-1,EPI_ISL_6481213,Alpha,B.1.1.7,2021-07-05
-7.6487284,4.3550797,-1,EPI_ISL_2625900,Alpha,B.1.1.7,2021-06-03
11.519698,-37.05249,-1,EPI_ISL_1576917,Alpha,B.1.1.7,2021-03-31
9.935041,-24.28536,-1,EPI_ISL_2110537,Alpha,B.1.1.7,2021-04-12
-17.023067,14.30864,-1,EPI_ISL_1455903,Alpha,B.1.1.7,2021-03-12
-9.031227,4.3317585,-1,EPI_ISL_2502705,Alpha,B.1.1.7,2021-04-28
-8.589742,3.1110067,-1,EPI_ISL_1848322,Alpha,B.1.1.7,2021-04-15
-16.001842,10.846974,-1,EPI_ISL_2388617,Alpha,B.1.1.7,2021-05-14
-16.00959,10.854685,-1,EPI_ISL_1712027,Alpha,B.1.1.7,2021-04-13
-15.587599,11.291964,-1,EPI_ISL_1581238,Alpha,B.1.1.7,2021-03-24
9.966355,-24.215279,-1,EPI_ISL_1802299,Alpha,B.1.1.7,2021-04-17
-8.270271,2.1813936,-1,EPI_ISL_907422,Alpha,B.1.1.7,2021-01-21
11.527486,-37.044746,-1,EPI_ISL_2583859,Alpha,B.1.1.7,2021-01-26
9.958228,-24.254269,-1,EPI_ISL_4505537,Alpha,B.1.1.7,2021-07-23
9.911616,-24.301165,-1,EPI_ISL_1340956,Alpha,B.1.1.7,2021-03-09
9.9428005,-24.262112,-1,EPI_ISL_6564730,Alpha,B.1.1.7,2021-04-19
-17.015198,14.3164215,-1,EPI_ISL_3894742,Alpha,B.1.1.7,2021-06-29
-7.6411543,4.355152,-1,EPI_ISL_3409667,Alpha,B.1.1.7,2021-03-30
11.527443,-37.091568,-1,EPI_ISL_2635594,Alpha,B.1.1.7,2021-06-10
178.32416,-17.108559,-1,EPI_ISL_3545753,Alpha,B.1.1.7,2021-07-21
11.53521,-37.05251,-1,EPI_ISL_2608868,Alpha,B.1.1.7,2021-05-05
9.989806,-24.277739,-1,EPI_ISL_2027499,Alpha,Q.1,2021-04-26
11.504234,-37.01347,-1,EPI_ISL_5199377,Alpha,B.1,2021-02-02
9.536277,-20.691637,-1,EPI_ISL_6484381,Alpha,B.1.1.7,2021-06-19
9.92726,-24.269964,-1,EPI_ISL_2724932,Alpha,B.1.1.7,2021-06
-16.999704,14.238113,-1,EPI_ISL_1999427,Alpha,B.1.1.7,2021-04-13
-17.038685,14.285151,-1,EPI_ISL_1787512,Alpha,B.1.1.7,2021-03
-16.00969,10.846777,-1,EPI_ISL_1844275,Alpha,B.1.1.7,2021-04-20
-18.300812,8.963745,-1,EPI_ISL_2045887,Alpha,B.1.1.7,2021-05-02
-7.6720505,4.3237457,-1,EPI_ISL_2792764,Alpha,B.1.1.7,2021-06-10
-9.046944,4.316123,-1,EPI_ISL_1710220,Alpha,B.1.1.7,2021-03-31
-8.597527,3.118991,-1,EPI_ISL_3266682,Alpha,B.1.1.7,2021-07-07
9.942687,-24.269806,-1,EPI_ISL_2820252,Alpha,B.1.1.7,2021-06-23
9.942881,-24.26983,-1,EPI_ISL_2636219,Alpha,B.1.1.7,2021-05-15
12.527546,-35.849293,-1,EPI_ISL_2090665,Alpha,B.1.1.7,2021-03-29
-18.261806,8.987018,-1,EPI_ISL_1795563,Alpha,B.1.1.7,2021-04-10
13.0900345,-35.138683,-1,EPI_ISL_2508159,Alpha,B.1.1.7,2021-04-16
-16.025307,10.846801,-1,EPI_ISL_2289412,Alpha,B.1.1.7,2021-05-11
-8.581728,3.1345034,-1,EPI_ISL_1939855,Alpha,B.1.1.7,2021-03-21
-8.58193,3.1268387,-1,EPI_ISL_2481493,Alpha,B.1,2021-05-20
-8.270125,2.1814542,-1,EPI_ISL_1242105,Alpha,B.1.1.7,2021-02-17
11.551081,-37.021423,-1,EPI_ISL_1621332,Alpha,B.1.1.7,2021-03-17
11.16937,-22.15266,-1,EPI_ISL_2027235,Alpha,Q.1,2021-05-03
11.472683,-37.08374,-1,EPI_ISL_3022425,Alpha,B.1.1.7,2021-03-08
9.942837,-24.324581,-1,EPI_ISL_1404435,Alpha,B.1.1.7,2021-03-18
-16.991901,14.339647,-1,EPI_ISL_1703074,Alpha,B.1.1.7,2021-03-29
11.574517,-36.997963,-1,EPI_ISL_2184255,Alpha,B.1.1.7,2021-05-05
11.551056,-37.029114,-1,EPI_ISL_3014510,Alpha,B.1.1,2021-05-12
9.974214,-24.25434,-1,EPI_ISL_3527766,Alpha,B.1.1.7,2021
11.551054,-37.02912,-1,EPI_ISL_2597488,Alpha,B.1.1.7,2021-03-22
11.527441,-37.029125,-1,EPI_ISL_1602622,Alpha,B.1.1.7,2021-02-25
12.965182,-34.81812,-1,EPI_ISL_2645106,Alpha,B.1.1.7,2021-05-13
-17.030743,14.292963,-1,EPI_ISL_2215493,Alpha,B.1.1.7,2021-05-04
-16.009695,10.854675,-1,EPI_ISL_2405472,Alpha,B.1.1.7,2021-05-04
11.519703,-37.04472,-1,EPI_ISL_2258826,Alpha,B.1.1.7,2021-03-26
11.3332615,-22.637077,-1,EPI_ISL_1848653,Alpha,B.1.1.7,2021-04-12
11.496299,-37.021374,-1,EPI_ISL_2597610,Alpha,B.1.1.7,2021-04-21
11.519911,-37.0213,-1,EPI_ISL_2185380,Alpha,B.1.1.7,2021-05-06
-17.06997,14.355537,-1,EPI_ISL_2364726,Alpha,B.1.1.7,2021-05
-17.023018,14.331926,-1,EPI_ISL_1242475,Alpha,B.1.1.7,2021-02-22
-18.17609,9.073122,-1,EPI_ISL_2183470,Alpha,B.1.1.7,2021-05-10
11.527546,-37.04473,-1,EPI_ISL_1842276,Alpha,B.1.1.7,2021-02-01
-6.882968,5.0660963,-1,EPI_ISL_2455732,Alpha,Q.2,2021-03-28
9.903761,-24.31672,-1,EPI_ISL_5052341,Alpha,B.1.1.7,2021-09-27
11.511793,-37.0447,-1,EPI_ISL_1964178,Alpha,B.1.1.7,2021-04-07
-9.031418,4.285044,-1,EPI_ISL_3781857,Alpha,B.1.1.7,2021-04-19
-16.33549,14.996103,-1,EPI_ISL_3599639,Alpha,B.1.1.7,2021-04-30
-17.02294,14.308512,-1,EPI_ISL_2480528,Alpha,B.1.1.7,2021-05-30
9.974089,-24.23871,-1,EPI_ISL_2839503,Alpha,B.1.1.7,2021-05-20
-16.92942,14.386656,-1,EPI_ISL_1302722,Alpha,B.1.1.7,2021-03-08
9.966388,-24.25428,-1,EPI_ISL_1709621,Alpha,B.1.1.7,2021-03-23
11.558876,-37.005753,-1,EPI_ISL_2566474,Alpha,B.1.1.7,2021-05-17
11.519613,-37.036816,-1,EPI_ISL_1335449,Alpha,B.1.1.7,2021-03-08
-8.27022,2.1815557,-1,EPI_ISL_1623334,Alpha,Q.4,2021-03-30
-18.183647,9.065086,-1,EPI_ISL_4926572,Alpha,B.1.1.7,2021-06-01
-17.015163,14.316322,-1,EPI_ISL_1527072,Alpha,B.1.1.7,2021-03-14
-18.160303,9.088547,-1,EPI_ISL_1664565,Alpha,B.1.1.7,2021-04-11
11.543125,-37.02922,-1,EPI_ISL_2875216,Alpha,B.1.1.7,2021-06-01
-6.898817,5.0504427,-1,EPI_ISL_1537885,Alpha,B.1.1.7,2021-04-01
9.888042,-24.332363,-1,EPI_ISL_2160938,Alpha,B.1.1.7,2021-05-09
11.441802,-37.091698,-1,EPI_ISL_1929653,Alpha,B.1.1,2021-04-21
-16.009571,10.846625,-1,EPI_ISL_2475594,Alpha,B.1.1.7,2021-05-28
9.958351,-24.262222,-1,EPI_ISL_2110584,Alpha,B.1.1.7,2021-04-12
12.832435,-35.13836,-1,EPI_ISL_10145977,Alpha,B.1.1.7,2021-03-22
-18.285368,8.979292,-1,EPI_ISL_2204663,Alpha,B.1.1.7,2021-05-13
-17.046402,14.269388,-1,EPI_ISL_2390010,Alpha,B.1.1.7,2021-05-18
-17.038654,14.285263,-1,EPI_ISL_2558284,Alpha,B.1.1.7,2021-05-04
9.551888,-20.652702,-1,EPI_ISL_2988845,Alpha,B.1.1.7,2021-06-20
12.840226,-35.153996,-1,EPI_ISL_10145985,Alpha,B.1.1.7,2021-06-23
-17.023087,14.30867,-1,EPI_ISL_1789165,Alpha,B.1.1.7,2021-04-07
-18.175903,9.0651865,-1,EPI_ISL_1801228,Alpha,B.1.1.7,2021-04-15
11.504086,-37.052467,-1,EPI_ISL_2604356,Alpha,B.1.1.7,2021-02-25
-16.952763,14.238195,-1,EPI_ISL_2933319,Alpha,B.1.1.7,2021-06-29
9.848911,-24.355812,-1,EPI_ISL_4259926,Alpha,B.1.1.7,2021-09-06
11.566551,-37.00556,-1,EPI_ISL_1798499,Alpha,B.1.1.7,2021-04-05
12.160602,-35.779335,-1,EPI_ISL_1549193,Alpha,B.1.1.7,2021-03-15
-9.039001,4.3162804,-1,EPI_ISL_2880278,Alpha,B.1.1.7,2021-04-30
-8.5819235,3.1110497,-1,EPI_ISL_3984185,Alpha,B.1.1.7,2021-08
11.519608,-37.075863,-1,EPI_ISL_1592846,Alpha,B.1.1.7,2021-03-30
9.966221,-24.262104,-1,EPI_ISL_2635986,Alpha,B.1.1.7,2021-05-06
11.18486,-22.895,-1,EPI_ISL_2612639,Alpha,B.1.1.7,2021-06-08
9.950486,-24.270142,-1,EPI_ISL_2095666,Alpha,B.1.1.7,2021-05
9.895966,-24.316784,-1,EPI_ISL_2565999,Alpha,B.1.1.7,2021-05-07
11.574459,-37.00557,-1,EPI_ISL_2375399,Alpha,B.1.1.7,2020-12-16
-8.270094,2.1814632,-1,EPI_ISL_1234462,Alpha,B.1.1.7,2021-03-02
9.974172,-24.2308,-1,EPI_ISL_11985465,Alpha,B.1.1.7,2021-08-23
9.591054,-20.730782,-1,EPI_ISL_2955402,Alpha,B.1.1.7,2021-07-05
11.496412,-37.06824,-1,EPI_ISL_1598435,Alpha,B.1.1.7,2021-03-21
11.504002,-37.052567,-1,EPI_ISL_1195722,Alpha,B.1.1.7,2021-02-14
-6.890766,5.066053,-1,EPI_ISL_2420013,Alpha,B.1.1.7,2021-05-05
9.942825,-24.30091,-1,EPI_ISL_2420341,Alpha,B.1.1.7,2021-05-27
-18.191704,9.065156,-1,EPI_ISL_2597669,Alpha,B.1.1.7,2021-03-05
-16.009563,10.84692,-1,EPI_ISL_3386605,Alpha,B.1.1.7,2021-07-10
-16.009907,10.854661,-1,EPI_ISL_2661475,Alpha,B.1.1.7,2021-05-17
11.527293,-37.044846,-1,EPI_ISL_2363820,Alpha,B.1.1.7,2021-05-03
11.511943,-37.044937,-1,EPI_ISL_2046408,Alpha,B.1.1.7,2021-04-29
9.934937,-24.293343,-1,EPI_ISL_2811829,Alpha,B.1.1.7,2021-06-10
-17.030804,14.332027,-1,EPI_ISL_2414181,Alpha,B.1.1.7,2021-05-05
11.527548,-37.03717,-1,EPI_ISL_1577316,Alpha,B.1.1.7,2021-02-14
11.535107,-37.02932,-1,EPI_ISL_15742050,Alpha,B.1.1.7,2021-06-23
-16.00976,10.846753,-1,EPI_ISL_2388372,Alpha,B.1.1.7,2021-05-17
-8.270334,2.1736937,-1,EPI_ISL_1329950,Alpha,B.1.1.7,2021-03-12
11.496201,-37.076057,-1,EPI_ISL_1496734,Alpha,B.1.1.7,2021-01-29
11.386908,-37.161873,-1,EPI_ISL_2157679,Alpha,B.1.1.7,2021-03-16
11.527483,-37.060333,-1,EPI_ISL_1647622,Alpha,B.1.1.7,2021-04-06
-16.009808,10.831103,-1,EPI_ISL_2878543,Alpha,B.1.1.7,2021-06-29
-16.056614,10.815484,-1,EPI_ISL_1205707,Alpha,B.1.1.7,2021-03-01
-6.875244,5.0739336,-1,EPI_ISL_1347960,Alpha,B.1.1.7,2021-03-08
-8.589687,3.110959,-1,EPI_ISL_2975289,Alpha,B.1.1.7,2021-06-22
11.504147,-37.060368,-1,EPI_ISL_1718299,Alpha,B.1.1.7,2021-03-18
11.535263,-37.01358,-1,EPI_ISL_3453511,Alpha,B.1.1.7,2021-03-30
9.942835,-24.269941,-1,EPI_ISL_2758216,Alpha,B.1.1.7,2021-06-17
9.919376,-24.309128,-1,EPI_ISL_2463158,Alpha,B.1.1.7,2021-05-25
9.966087,-24.238636,-1,EPI_ISL_3068204,Alpha,B.1.1.7,2021-07-13
-6.9841614,5.043064,-1,EPI_ISL_2159731,Alpha,B.1.1.7,2021-05-01
9.942856,-24.246563,-1,EPI_ISL_2413892,Alpha,B.1.1.7,2021-05-04
9.950511,-24.254194,-1,EPI_ISL_2102020,Alpha,B.1.1.7,2021-04-28
9.927153,-24.301104,-1,EPI_ISL_1763799,Alpha,B.1.1.7,2021-02-14
-16.079975,10.79211,-1,EPI_ISL_2248655,Alpha,B.1.1.7,2021-05-03
11.433634,-37.122803,-1,EPI_ISL_1157160,Alpha,B.1.1.7,2021-01-15
9.934942,-24.285479,-1,EPI_ISL_2888119,Alpha,B.1.1.7,2021-06-22
-17.007233,14.308662,-1,EPI_ISL_1361358,Alpha,B.1.1.7,2021-03-08
11.550785,-37.02922,-1,EPI_ISL_1658215,Alpha,B.1.1,2021-04-05
9.856821,-24.285603,-1,EPI_ISL_2942471,Alpha,B.1.1.7,2021-06-15
9.950489,-24.238628,-1,EPI_ISL_1756554,Alpha,B.1.1.7,2021-04-13
11.496341,-37.044914,-1,EPI_ISL_2016199,Alpha,B.1.1.7,2021-04
-18.183687,9.065329,-1,EPI_ISL_1760336,Alpha,B.1.1.7,2021-03-31
9.935044,-24.277687,-1,EPI_ISL_2257514,Alpha,B.1.1,2021-03-29
11.543262,-37.013355,-1,EPI_ISL_1306925,Alpha,B.1.1.7,2021-03-13
-16.99181,14.339668,-1,EPI_ISL_2862442,Alpha,B.1.1.7,2021-06-17
10.177048,-24.058895,-1,EPI_ISL_2021406,Alpha,Q.1,2021-04-27
11.589949,-37.13069,-1,EPI_ISL_3671136,Alpha,B.1.1.7,2021-06-01
-8.270185,2.1815171,-1,EPI_ISL_1381782,Alpha,B.1.1.7,2021-03-17
-2.2638886,15.715313,-1,EPI_ISL_1731066,Alpha,B.1.1.7,2021-02-18
11.511717,-37.068336,-1,EPI_ISL_1307509,Alpha,B.1.1.7,2021-03-10
9.935078,-24.277771,-1,EPI_ISL_1717515,Alpha,B.1.1.7,2021-04-17
-16.793674,10.525823,-1,EPI_ISL_2648640,Alpha,B.1.1.7,2021-03-31
11.558872,-37.00576,-1,EPI_ISL_3502513,Alpha,B.1.1.7,2021-05-18
-9.023564,4.3476076,-1,EPI_ISL_1191258,Alpha,B.1.1.7,2021-02-15
11.480583,-37.068092,-1,EPI_ISL_2597642,Alpha,B.1.1.7,2021-04-29
11.480757,-37.099556,-1,EPI_ISL_2031126,Alpha,B.1.1.7,2021-03-10
11.535421,-37.029293,-1,EPI_ISL_2507469,Alpha,B.1.1.7,2021-03-24
9.950501,-24.262127,-1,EPI_ISL_5543884,Alpha,B.1.1.7,2021-07-28
-17.038656,14.316427,-1,EPI_ISL_1837023,Alpha,B.1.1.7,2021-04-07
11.4728155,-37.091763,-1,EPI_ISL_1240764,Alpha,B.1.1.7,2021-02-27
-18.214918,9.03405,-1,EPI_ISL_3418933,Alpha,B.1.1.7,2021-04-17
178.68347,-17.694527,-1,EPI_ISL_2981220,Alpha,B.1.1.7,2021-06-14
9.958315,-24.25423,-1,EPI_ISL_1700657,Alpha,B.1.1.7,2021-04-13
9.895855,-24.293278,-1,EPI_ISL_3075678,Alpha,Q.1,2021-05-31
11.566589,-36.974472,-1,EPI_ISL_2258870,Alpha,B.1.1.7,2021-03-16
-8.270175,2.1815357,-1,EPI_ISL_3025732,Alpha,B.1.1.7,2021-05-14
-17.015213,14.316166,-1,EPI_ISL_1232397,Alpha,B.1.1.7,2021-02-18
11.527638,-37.036926,-1,EPI_ISL_17113526,Alpha,B.1.1.7,2021-04-05
11.5120945,-37.0056,-1,EPI_ISL_1684766,Alpha,Q.3,2021-04-07
9.942657,-24.285646,-1,EPI_ISL_4299098,Alpha,B.1.1.7,2021-09-11
-17.417217,9.815456,-1,EPI_ISL_2557103,Alpha,B.1.1.7,2021-05-22
11.535421,-37.03691,-1,EPI_ISL_2110504,Alpha,B.1.1.7,2021-04-12
13.183657,-35.200966,-1,EPI_ISL_2626300,Alpha,B.1.1.7,2021-04-12
-7.656603,4.3395424,-1,EPI_ISL_2762072,Alpha,B.1.1.7,2021-06-23
-16.999584,14.316261,-1,EPI_ISL_1695992,Alpha,B.1.1.7,2021-03-02
11.51218,-37.068275,-1,EPI_ISL_1753758,Alpha,B.1.1.7,2021-04-19
11.441643,-37.122856,-1,EPI_ISL_2185038,Alpha,B.1.1.7,2021-05-03
9.888021,-24.269917,-1,EPI_ISL_2357810,Alpha,B.1.1.7,2021-05-19
12.817545,-34.769875,-1,EPI_ISL_2238352,Alpha,B.1.1.7,2021-05-07
-16.647812,14.683594,-1,EPI_ISL_2093705,Alpha,B.1.1.7,2021-04-20
11.5434,-37.0058,-1,EPI_ISL_3388697,Alpha,B.1.1.7,2021-04-24
9.849112,-24.348064,-1,EPI_ISL_1903960,Alpha,P.1,2021-03-15
-16.009647,10.846739,-1,EPI_ISL_1333002,Alpha,B.1.1.7,2021-03-05
11.418053,-37.0214,-1,EPI_ISL_2608903,Alpha,B.1.1.7,2021-03-06
-15.384861,11.46398,-1,EPI_ISL_1409754,Alpha,B.1.1.7,2021-03-20
-7.64102,4.34733,-1,EPI_ISL_1846403,Alpha,B.1.1.7,2021-04-19
-17.116814,14.331781,-1,EPI_ISL_5433628,Alpha,B.1.1.7,2021-05-13
11.472859,-37.075928,-1,EPI_ISL_1643607,Alpha,B.1.1.7,2021-04-09
11.550962,-37.029324,-1,EPI_ISL_1846326,Alpha,B.1.1.7,2021-03-29
11.488293,-37.06808,-1,EPI_ISL_1753685,Alpha,B.1.1.7,2021-04-19
11.543037,-37.029213,-1,EPI_ISL_4093668,Alpha,B.1.1.7,2021-06-29
9.926962,-24.31696,-1,EPI_ISL_2235160,Alpha,B.1.1.7,2021-05-17
9.950593,-24.277777,-1,EPI_ISL_2631548,Alpha,B.1.1.7,2021-06-02
-8.401945,2.7516642,-1,EPI_ISL_4347039,Alpha,B.1.1.7,2021-05-06
-7.734688,4.2532177,-1,EPI_ISL_1852484,Alpha,B.1.1.7,2021-04-22
9.536264,-20.676025,-1,EPI_ISL_2929330,Alpha,B.1.1.7,2021-06-28
11.543346,-36.99777,-1,EPI_ISL_2090651,Alpha,B.1.1.7,2021-03-16
11.504309,-37.052536,-1,EPI_ISL_2658841,Alpha,B.1.177.86,2021-04-22
-16.048725,10.86231,-1,EPI_ISL_1046319,Alpha,B.1.1.7,2021-01-27
11.08347,-23.082542,-1,EPI_ISL_2464534,Alpha,B.1.1.7,2021-04-22
12.519839,-35.990143,-1,EPI_ISL_2604464,Alpha,B.1.1.7,2021-02-26
11.5352745,-37.029026,-1,EPI_ISL_1302738,Alpha,B.1.1.7,2021-03-08
-16.009832,10.854486,-1,EPI_ISL_1493485,Alpha,B.1.1.7,2021-03-27
11.511891,-37.060432,-1,EPI_ISL_2594893,Alpha,B.1.1.7,2020-11-19
9.966205,-24.308945,-1,EPI_ISL_4497105,Alpha,B.1.1.7,2021-07-27
9.950639,-24.308893,-1,EPI_ISL_2110807,Alpha,B.1.1.7,2021-04-25
9.856691,-24.4106,-1,EPI_ISL_10774012,Alpha,B.1.1.7,2021-04-28
-18.238422,9.018633,-1,EPI_ISL_2248427,Alpha,B.1.1.7,2021-05-03
-8.2703085,2.181652,-1,EPI_ISL_2428006,Alpha,B.1.1.7,2021-05-11
11.566595,-36.982178,-1,EPI_ISL_1307396,Alpha,B.1.1.7,2021-03-10
11.51193,-37.052753,-1,EPI_ISL_2110508,Alpha,B.1.177,2021-04-12
12.941524,-34.802483,-1,EPI_ISL_3671072,Alpha,B.1.1.7,2021-06-02
-17.023,14.308582,-1,EPI_ISL_1186636,Alpha,B.1.1.7,2021-02-28
11.512182,-36.989994,-1,EPI_ISL_1501009,Alpha,B.1.1.7,2021-01-29
-8.293593,2.1894455,-1,EPI_ISL_3164196,Alpha,B.1.1.7,2021-06-17
-8.58189,3.1112123,-1,EPI_ISL_3574472,Alpha,B.1.1.7,2021-06-04
-16.00958,10.8467865,-1,EPI_ISL_2957960,Alpha,B.1.1.7,2021-06-04
-17.015276,14.308477,-1,EPI_ISL_1327323,Alpha,B.1.1.7,2021-03-12
9.96624,-24.254368,-1,EPI_ISL_2543561,Alpha,B.1.1.7,2021-05-23
9.919241,-24.300997,-1,EPI_ISL_3570989,Alpha,B.1.1.7,2021-08-15
-18.184004,9.065159,-1,EPI_ISL_2098832,Alpha,B.1.1.7,2021-05-05
-17.007454,14.308647,-1,EPI_ISL_2253201,Alpha,B.1.1.7,2021-04-10
9.934835,-24.269896,-1,EPI_ISL_2110526,Alpha,B.1.1.7,2021-04-12
13.019924,-34.693226,-1,EPI_ISL_3745441,Alpha,B.1.1.7,2021-07-13
-17.030792,14.300768,-1,EPI_ISL_1961159,Alpha,B.1.1.7,2021-04-19
-18.183624,9.065182,-1,EPI_ISL_3418952,Alpha,B.1.1.7,2021-04-28
11.543229,-37.02909,-1,EPI_ISL_2476397,Alpha,B.1.1.7,2021-05-03
12.94142,-34.77926,-1,EPI_ISL_4174484,Alpha,B.1.1.7,2021-05-07
-18.19162,9.057363,-1,EPI_ISL_2927460,Alpha,B.1.1.7,2021-06-20
11.511917,-37.052704,-1,EPI_ISL_1914602,Alpha,B.1.1,2020-12-16
-8.589691,3.1110287,-1,EPI_ISL_2136347,Alpha,B.1.1.7,2021-04-07
9.966269,-24.246504,-1,EPI_ISL_3133816,Alpha,B.1.1.7,2021-07-04
-17.069805,14.300713,-1,EPI_ISL_1748267,Alpha,B.1.1.7,2021-03-09
-17.030745,14.292927,-1,EPI_ISL_2131292,Alpha,B.1.1.7,2021-05-06
-6.86738,5.073992,-1,EPI_ISL_1374483,Alpha,B.1.1.7,2021-03-12
9.857112,-24.23882,-1,EPI_ISL_1755390,Alpha,B.1.1.7,2021-03-30
11.511882,-37.045033,-1,EPI_ISL_1153232,Alpha,B.1.1.7,2021-02-25
-15.970688,10.846763,-1,EPI_ISL_2304517,Alpha,B.1.1.7,2021-05-11
11.488481,-37.0762,-1,EPI_ISL_3388679,Alpha,B.1.1.7,2021-06-24
11.496401,-37.044895,-1,EPI_ISL_1841663,Alpha,B.1.1.7,2021-02-12
-17.007425,14.308462,-1,EPI_ISL_1242864,Alpha,B.1.1.7,2021-03-02
9.794223,-24.441662,-1,EPI_ISL_2264662,Alpha,B.1.1.7,2021-05-12
11.153677,-22.152628,-1,EPI_ISL_3144944,Alpha,B.1.1.7,2021-04-11
9.974049,-24.262085,-1,EPI_ISL_2427227,Alpha,B.1.1.7,2021-05-17
11.488518,-37.076157,-1,EPI_ISL_2305344,Alpha,B.1.1.7,2021-05-15
-7.695649,4.292636,-1,EPI_ISL_2464381,Alpha,B.1.1.7,2021-05-26
9.9037895,-24.293272,-1,EPI_ISL_908209,Alpha,B.1.1.7,2021-01-16
9.950457,-24.269836,-1,EPI_ISL_1963159,Alpha,B.1.1.7,2021-04-25
-18.214949,9.065182,-1,EPI_ISL_17534340,Alpha,B.1.1.7,2021-03-20
9.942914,-24.285458,-1,EPI_ISL_2464443,Alpha,B.1.1.7,2021-05-25
-17.101301,14.214836,-1,EPI_ISL_2185437,Alpha,B.1.1.7,2021-05-08
-7.6252804,4.3003407,-1,EPI_ISL_1705701,Alpha,B.1.1.7,2021-03-31
9.966231,-24.254166,-1,EPI_ISL_1189089,Alpha,B.1.1.7,2021-02-23
-9.07819,4.300858,-1,EPI_ISL_2877060,Alpha,B.1.1.7,2021-03-18
-16.056725,10.823366,-1,EPI_ISL_2367950,Alpha,B.1.1.7,2021-05-12
9.997322,-24.22296,-1,EPI_ISL_2176425,Alpha,Q.1,2021-05-10
-7.656618,4.355135,-1,EPI_ISL_2940306,Alpha,B.1.1.7,2021-05-11
-16.009861,10.854658,-1,EPI_ISL_1473275,Alpha,B.1.1.7,2021-03-26
9.950587,-24.27761,-1,EPI_ISL_5062502,Alpha,B.1.1.7,2021-07-12
-8.285774,2.1736746,-1,EPI_ISL_2878094,Alpha,B.1.1.7,2021-06-17
11.480648,-37.122906,-1,EPI_ISL_1533645,Alpha,B.1.1.7,2021-03-01
-17.02305,14.300768,-1,EPI_ISL_2376387,Alpha,B.1.1.7,2021-03-05
-7.5863914,4.4021406,-1,EPI_ISL_1708226,Alpha,B.1.1.7,2021-04-15
-18.222721,9.0262985,-1,EPI_ISL_2480248,Alpha,B.1.1.7,2021-05-26
-18.207294,9.03412,-1,EPI_ISL_4926705,Alpha,B.1.1.7,2021-04-12
-16.03322,10.854558,-1,EPI_ISL_2286403,Alpha,B.1.1.7,2021-04-29
-18.246243,9.073074,-1,EPI_ISL_1836800,Alpha,B.1.1.7,2021-04-08
-18.207203,9.049721,-1,EPI_ISL_10657901,Alpha,B.1.1.7,2021-05-17
-18.183784,9.057497,-1,EPI_ISL_2082730,Alpha,B.1.1.7,2021-04-05
11.496159,-37.0683,-1,EPI_ISL_1669789,Alpha,B.1.1.7,2021-03
-16.009705,10.846767,-1,EPI_ISL_2753390,Alpha,B.1.1.7,2021-02-22
-9.0392885,4.308325,-1,EPI_ISL_4414714,Alpha,B.1.1.7,2021-04-12
11.325691,-22.699419,-1,EPI_ISL_11838558,Alpha,B.1.1.7,2021-07-26
-18.183733,9.057431,-1,EPI_ISL_2185383,Alpha,B.1.1.7,2021-05-06
-9.0391,4.316107,-1,EPI_ISL_2610316,Alpha,B.1.1.7,2021-05-21
11.551056,-37.029106,-1,EPI_ISL_2981870,Alpha,B.1.1.7,2021-07-05
-9.047106,4.308305,-1,EPI_ISL_2633016,Alpha,B.1.1.7,2021-06-09
9.880079,-24.34797,-1,EPI_ISL_2110510,Alpha,B.1.1.7,2021-04-12
11.48837,-37.060463,-1,EPI_ISL_2046608,Alpha,B.1.1.7,2021-05-01
11.574392,-36.98222,-1,EPI_ISL_1638645,Alpha,B.1.1.7,2021-03-09
-9.046803,4.3086376,-1,EPI_ISL_1834691,Alpha,B.1.1.7,2021-04-06
-8.581986,3.118771,-1,EPI_ISL_1262957,Alpha,B.1.1.7,2021-03-02
9.935064,-24.285313,-1,EPI_ISL_2658505,Alpha,B.1.351,2021-04-21
10.114756,-24.105913,-1,EPI_ISL_3633983,Alpha,B.1.1.7,2021-08-04
-8.270255,2.1814203,-1,EPI_ISL_2315617,Alpha,B.1.1.7,2021-05-04
-16.009813,10.846844,-1,EPI_ISL_2724918,Alpha,B.1.1.7,2021-06
-17.030838,14.293118,-1,EPI_ISL_2403045,Alpha,B.1.1.7,2021-05-25
9.934875,-24.254242,-1,EPI_ISL_3242734,Alpha,B.1.1.7,2021-06-12
-18.168045,9.08099,-1,EPI_ISL_17113361,Alpha,B.1.1.7,2021-03-29
9.966137,-24.254293,-1,EPI_ISL_1699840,Alpha,B.1.1.7,2021-04-14
-18.214958,9.057197,-1,EPI_ISL_7156706,Alpha,B.1.1.7,2021-03-20
9.958417,-24.25419,-1,EPI_ISL_2801376,Alpha,B.1.1.7,2021-06-09
9.903534,-24.277874,-1,EPI_ISL_2464035,Alpha,B.1.1.7,2021-05-11
-17.038841,14.285072,-1,EPI_ISL_2134206,Alpha,B.1.1.7,2021-05-04
11.464893,-37.10716,-1,EPI_ISL_2341364,Alpha,B.1.1,2021-04-07
12.824631,-35.154007,-1,EPI_ISL_10145981,Alpha,B.1.1.7,2021-06-14
11.480606,-37.07603,-1,EPI_ISL_2506786,Alpha,B.1.1.7,2021-03-17
-17.007404,14.308575,-1,EPI_ISL_2080454,Alpha,B.1.1.7,2021-04-30
-7.7816286,4.2066364,-1,EPI_ISL_1402696,Alpha,B.1.1.7,2021-03-12
-17.015484,14.324318,-1,EPI_ISL_4119267,Alpha,B.1.1.7,2021-05-01
-18.175812,9.065206,-1,EPI_ISL_2098676,Alpha,B.1.1.7,2021-04-25
-16.009739,10.846712,-1,EPI_ISL_988123,Alpha,B.1.1.7,2021-02-04
9.966339,-24.269812,-1,EPI_ISL_2791338,Alpha,B.1.1.7,2021-06-07
9.942707,-24.277649,-1,EPI_ISL_2096373,Alpha,B.1.1.7,2021-05-03
9.911461,-24.31663,-1,EPI_ISL_1342703,Alpha,B.1.1.7,2021-03-15
11.527592,-37.036957,-1,EPI_ISL_2604781,Alpha,B.1.1.7,2021-04-12
-18.176073,9.065256,-1,EPI_ISL_3048283,Alpha,B.1.1.7,2021-05-28
10.294119,-23.9336,-1,EPI_ISL_7813896,Alpha,B.1.1.7,2021-11-14
10.005188,-24.215202,-1,EPI_ISL_2176582,Alpha,Q.1,2021-05-10
-17.022928,14.292967,-1,EPI_ISL_1259214,Alpha,B.1.1.7,2021-03-09
-18.19172,9.073006,-1,EPI_ISL_1802620,Alpha,B.1.1.7,2021-04-15
-16.00984,10.846674,-1,EPI_ISL_3159329,Alpha,B.1.1.7,2021-05-26
-15.994167,10.768745,-1,EPI_ISL_1596125,Alpha,B.1.1.7,2021-03-30
12.840378,-35.13844,-1,EPI_ISL_10145997,Alpha,B.1.1.7,2021-03-31
11.527727,-37.044853,-1,EPI_ISL_2246593,Alpha,B.1.1.7,2021-04-18
-18.175976,9.073147,-1,EPI_ISL_2982665,Alpha,B.1.1.7,2021-06-17
11.4101715,-36.982258,-1,EPI_ISL_3022611,Alpha,B.1.1.7,2021-04-19
10.333431,-23.910503,-1,EPI_ISL_2024150,Alpha,Q.1,2021-04-26
11.519658,-37.02923,-1,EPI_ISL_2258987,Alpha,B.1.1.7,2021-03-10
10.536583,-23.691803,-1,EPI_ISL_3074558,Alpha,Q.1,2021-05-31
11.53521,-37.037025,-1,EPI_ISL_1307622,Alpha,B.1,2021-03-11
-7.679945,4.3237267,-1,EPI_ISL_1910477,Alpha,B.1.1.7,2021-04-01
11.519634,-37.052776,-1,EPI_ISL_2448454,Alpha,B.1.1.7,2021-04-24
-17.00745,14.324184,-1,EPI_ISL_2674429,Alpha,B.1.1.7,2021-05
9.9349375,-24.262115,-1,EPI_ISL_2471706,Alpha,B.1.1.7,2021-05-28
9.903755,-24.262236,-1,EPI_ISL_2475311,Alpha,B.1.1.7,2021-05-12
11.566566,-36.990013,-1,EPI_ISL_2442297,Alpha,B.1.1.7,2021-04-10
9.927052,-24.293491,-1,EPI_ISL_3046479,Alpha,B.1.1.7,2021-05-24
10.458493,-23.29324,-1,EPI_ISL_2567625,Alpha,B.1.1.7,2021-05-16
-16.009846,10.846979,-1,EPI_ISL_1810985,Alpha,B.1.1.7,2021-04-16
11.527457,-37.036858,-1,EPI_ISL_1197354,Alpha,B.1.1.7,2021-02-10
-2.279481,15.637161,-1,EPI_ISL_4200245,Alpha,B.1.1.7,2021-09
11.480755,-37.060333,-1,EPI_ISL_2179774,Alpha,B.1.1.7,2021-04-25
-16.001915,10.768766,-1,EPI_ISL_1717414,Alpha,B.1.1.7,2021-04-15
-18.222656,9.026223,-1,EPI_ISL_1736026,Alpha,B.1.1.7,2021-04-03
11.511989,-37.03691,-1,EPI_ISL_1497003,Alpha,B.1.1.7,2021-02-09
11.512024,-37.04465,-1,EPI_ISL_1483097,Alpha,B.1.1.7,2021-03-12
-9.0860195,4.3395414,-1,EPI_ISL_2612666,Alpha,B.1.1.7,2021-06-08
11.496004,-37.068047,-1,EPI_ISL_2658818,Alpha,B.1.1.7,2021-04-23
9.95825,-24.24649,-1,EPI_ISL_1397670,Alpha,B.1.1.7,2021-03-01
-17.038616,14.308702,-1,EPI_ISL_3895052,Alpha,B.1.1.7,2021-07-05
-8.5818,3.1110153,-1,EPI_ISL_3707862,Alpha,B.1.1.7,2021-07
-18.191448,9.05744,-1,EPI_ISL_2160486,Alpha,B.1.1.7,2021-04-30
-8.597607,3.1345387,-1,EPI_ISL_2240394,Alpha,B.1.1.7,2021
-9.039122,4.3083334,-1,EPI_ISL_6481869,Alpha,B.1.1.7,2021-07-08
-16.001928,10.846777,-1,EPI_ISL_946265,Alpha,B.1.1.7,2021-01-27
-17.02302,14.300674,-1,EPI_ISL_1277057,Alpha,B.1.1.7,2021-03-07
13.160387,-35.216534,-1,EPI_ISL_1013755,Alpha,B.1.1.7,2021-02-02
-2.2563233,15.715337,-1,EPI_ISL_1788849,Alpha,B.1.1.7,2021-04-13
9.934917,-24.293287,-1,EPI_ISL_5260498,Alpha,B.1.1.7,2021-10-01
-8.277985,2.1815886,-1,EPI_ISL_2452939,Alpha,B.1.1.7,2021-05
9.934947,-24.262085,-1,EPI_ISL_2894420,Alpha,B.1.1.7,2021-06-23
-9.078283,4.261607,-1,EPI_ISL_2198218,Alpha,B.1.1.7,2021-04-19
11.535235,-37.02127,-1,EPI_ISL_2344210,Alpha,B.1.1.7,2021-05-08
12.887098,-35.0446,-1,EPI_ISL_10149547,Alpha,B.1.1.7,2021-04-30
-8.270182,2.1971045,-1,EPI_ISL_3061753,Alpha,B.1.1.7,2021-05-30
-18.121233,9.135616,-1,EPI_ISL_2305010,Alpha,B.1.1.7,2021-05-10
9.942791,-24.2776,-1,EPI_ISL_1308177,Alpha,B.1.1.7,2021-02-21
-16.00982,10.878011,-1,EPI_ISL_3602408,Alpha,B.1.1.7,2021-06-25
11.488533,-37.060368,-1,EPI_ISL_2324404,Alpha,B.1.1.7,2021-05-09
11.50416,-37.036835,-1,EPI_ISL_1577233,Alpha,B.1.1.7,2021-02-15
12.840259,-35.130657,-1,EPI_ISL_10146029,Alpha,B.1.1.7,2021-06-19
9.552138,-20.668266,-1,EPI_ISL_3061928,Alpha,B.1.1.7,2021-07-13
11.418337,-37.122936,-1,EPI_ISL_2604657,Alpha,B.1.1.7,2021-03-30
-7.656538,4.3471737,-1,EPI_ISL_2264619,Alpha,B.1.1.7,2021-05-13
-17.01515,14.300755,-1,EPI_ISL_938018,Alpha,B.1.1.7,2021-01-21
9.958441,-24.262125,-1,EPI_ISL_1051787,Alpha,B.1.1.7,2021-01-12
-9.023485,4.3475447,-1,EPI_ISL_1692977,Alpha,B.1.1.7,2021-04-07
11.503993,-37.06046,-1,EPI_ISL_2638063,Alpha,B.1.1.7,2021-05-12
-16.976225,14.339741,-1,EPI_ISL_5070285,Alpha,B.1.1.7,2021-05-07
11.519735,-37.052574,-1,EPI_ISL_1197355,Alpha,B.1.1.7,2021-02-11
11.511944,-37.037033,-1,EPI_ISL_1470388,Alpha,B.1.1.7,2021-03-12
9.973972,-24.254421,-1,EPI_ISL_3374608,Alpha,B.1.1.7,2021-07-30
9.942743,-24.293459,-1,EPI_ISL_2312197,Alpha,B.1.1.7,2021-05-18
11.347992,-37.232292,-1,EPI_ISL_2604512,Alpha,B.1.1.7,2021-04-05
-16.001904,10.84688,-1,EPI_ISL_2122178,Alpha,B.1.1.7,2021-05-07
9.895882,-24.215347,-1,EPI_ISL_2658468,Alpha,B.1.351,2021-04-19
11.527416,-37.02919,-1,EPI_ISL_2031020,Alpha,B.1.1.7,2021-02-22
9.911358,-24.293316,-1,EPI_ISL_3049644,Alpha,B.1.1.7,2021-06-23
9.950611,-24.261955,-1,EPI_ISL_2714514,Alpha,B.1.1.7,2021-06
11.55101,-37.029133,-1,EPI_ISL_5155829,Alpha,B.1.1.7,2021-04-09
9.958459,-24.270071,-1,EPI_ISL_2254868,Alpha,Q.1,2021-03-24
13.156332,-28.95191,-1,EPI_ISL_4138838,Alpha,B.1.1.7,2021-08-04
11.566513,-36.997726,-1,EPI_ISL_2708955,Alpha,B.1.1.7,2021-06-13
9.536537,-20.699661,-1,EPI_ISL_2785228,Alpha,B.1.1.7,2021-06-16
11.535379,-36.99808,-1,EPI_ISL_1625642,Alpha,B.1.1.7,2021-04-06
-8.5898,3.110876,-1,EPI_ISL_2462893,Alpha,B.1.1.7,2021-05-11
11.53526,-37.029106,-1,EPI_ISL_2658802,Alpha,B.1.177,2021-04-23
11.519554,-37.036926,-1,EPI_ISL_2508241,Alpha,B.1.1.7,2021-04-22
11.535465,-37.013397,-1,EPI_ISL_2188585,Alpha,B.1.1.7,2021-04-28
-16.04871,10.799931,-1,EPI_ISL_2266550,Alpha,B.1.1.7,2021-05-14
11.519717,-37.04461,-1,EPI_ISL_2691934,Alpha,B.1.1.7,2021-05-17
-8.270237,2.181614,-1,EPI_ISL_1190373,Alpha,B.1.1.7,2021-02-25
11.543178,-37.021404,-1,EPI_ISL_5156178,Alpha,B.1.1.7,2021-04-02
-18.176067,9.057551,-1,EPI_ISL_2270654,Alpha,B.1.1.7,2021-05-05
11.519861,-37.044693,-1,EPI_ISL_2604600,Alpha,B.1.1.7,2021-03-18
-18.175905,9.080865,-1,EPI_ISL_1822121,Alpha,B.1.1.7,2021-04-15
9.942829,-24.262077,-1,EPI_ISL_2878556,Alpha,B.1.1.7,2021-06-29
9.536408,-20.683792,-1,EPI_ISL_2927227,Alpha,B.1.1.7,2021-06-19
-7.6487017,4.3472195,-1,EPI_ISL_2266096,Alpha,B.1.1.7,2021-05-09
11.519806,-37.044838,-1,EPI_ISL_2258673,Alpha,B.1.1.7,2021-02-28
11.519739,-37.021255,-1,EPI_ISL_7079460,Alpha,B.1.1.7,2021-05-11
-17.015263,14.300684,-1,EPI_ISL_2185371,Alpha,B.1.1.7,2021-05-06
9.950584,-24.246508,-1,EPI_ISL_2112898,Alpha,B.1.1.7,2021-05-03
11.465078,-37.09954,-1,EPI_ISL_1197323,Alpha,B.1.1,2021-02-12
11.5196295,-37.04481,-1,EPI_ISL_1549196,Alpha,B.1,2021-03-16
9.942788,-24.262077,-1,EPI_ISL_3538806,Alpha,B.1.1.7,2021-08-13
9.911655,-24.293377,-1,EPI_ISL_1860612,Alpha,B.1.1.7,2021-04-05
9.942747,-24.269855,-1,EPI_ISL_1206501,Alpha,B.1.1.7,2021-02-17
-16.009806,10.854562,-1,EPI_ISL_2464752,Alpha,B.1.1.7,2021-05-25
11.527629,-37.013588,-1,EPI_ISL_1811029,Alpha,B.1.1.7,2021-04-19
9.934963,-24.301182,-1,EPI_ISL_2110529,Alpha,B.1.1.7,2021-04-12
9.958439,-24.262117,-1,EPI_ISL_1842819,Alpha,B.1.1.7,2021-04-07
9.919086,-24.316782,-1,EPI_ISL_2499838,Alpha,B.1.1.7,2021-04-27
-18.199495,9.065153,-1,EPI_ISL_2203882,Alpha,B.1.1.7,2021-04-30
11.527677,-37.021294,-1,EPI_ISL_4376697,Alpha,B.1.411,2021-04-30
9.942702,-24.254082,-1,EPI_ISL_2475611,Alpha,B.1.1.7,2021-05-26
9.927324,-24.293243,-1,EPI_ISL_1802300,Alpha,B.1.1.7,2021-04-17
11.44931,-37.130524,-1,EPI_ISL_1638652,Alpha,B.1.1.7,2021-03-08
-9.039113,4.3160696,-1,EPI_ISL_1328048,Alpha,B.1.1.7,2021-03-13
9.950682,-24.254221,-1,EPI_ISL_7613690,Alpha,B.1.1.7,2021-06-11
-17.023079,14.308695,-1,EPI_ISL_2315235,Alpha,B.1.1.7,2021-05-21
-8.270062,2.1813812,-1,EPI_ISL_3087648,Alpha,B.1.1.7,2021-06-04
9.966176,-24.246368,-1,EPI_ISL_2793498,Alpha,Q.1,2021-06-07
-8.309235,2.1111622,-1,EPI_ISL_1257633,Alpha,B.1.1.7,2021-03-02
-18.175697,9.073235,-1,EPI_ISL_2184523,Alpha,B.1.1.7,2021-05-06
11.551071,-37.03704,-1,EPI_ISL_1153179,Alpha,B.1.1.7,2021-02-25
11.566608,-37.005478,-1,EPI_ISL_1073753,Alpha,B.1.1.7,2021-02-08
13.144672,-35.318283,-1,EPI_ISL_1324732,Alpha,B.1.1.7,2021-03-02
11.527544,-37.029118,-1,EPI_ISL_3020779,Alpha,B.1.1.7,2021-06-04
11.371305,-37.20101,-1,EPI_ISL_3014721,Alpha,B.1.1.7,2021-03-28
-7.672312,4.347146,-1,EPI_ISL_2725566,Alpha,B.1.1.7,2021-03-30
-18.175825,9.073071,-1,EPI_ISL_7156697,Alpha,B.1.1.7,2021-03-30
9.958321,-24.269894,-1,EPI_ISL_2234809,Alpha,B.1.1.7,2021-05
9.895948,-24.394966,-1,EPI_ISL_2942694,Alpha,B.1.1,2021-06-29
9.958481,-24.246555,-1,EPI_ISL_2110556,Alpha,B.1.1.7,2021-04-12
-16.009905,10.862505,-1,EPI_ISL_1929154,Alpha,B.1.1.7,2021-04-25
12.9339075,-34.794594,-1,EPI_ISL_2662981,Alpha,B.1.1.7,2021-05-19
-18.175873,9.073211,-1,EPI_ISL_1686663,Alpha,B.1.1.7,2021-03-28
9.927146,-24.29344,-1,EPI_ISL_1730425,Alpha,B.1.1.7,2021-04-15
11.535278,-37.013496,-1,EPI_ISL_2246735,Alpha,B.1.1.7,2021-04-19
-16.984045,14.331919,-1,EPI_ISL_2417609,Alpha,B.1.1.7,2021-05-18
-18.183617,9.065413,-1,EPI_ISL_3046981,Alpha,B.1.1.7,2021-05-06
11.310068,-22.660418,-1,EPI_ISL_3983659,Alpha,B.1.1.7,2021-08-29
-16.009743,10.8546,-1,EPI_ISL_985906,Alpha,B.1.1.7,2021-02-04
-9.046853,4.3082714,-1,EPI_ISL_2628618,Alpha,B.1.1.7,2021-04-08
9.809927,-24.394846,-1,EPI_ISL_2675769,Alpha,Q.1,2021-05-24
9.966312,-24.32459,-1,EPI_ISL_2174283,Alpha,Q.1,2021-05-10
9.92709,-24.293415,-1,EPI_ISL_2769375,Alpha,B.1.1.7,2021-05-11
9.919338,-24.293333,-1,EPI_ISL_3386569,Alpha,B.1.1.7,2021-06-21
11.527555,-37.02935,-1,EPI_ISL_1501119,Alpha,Q.4,2021-03-01
-18.175974,9.073102,-1,EPI_ISL_2380834,Alpha,B.1.1.7,2021-05-11
11.574289,-37.013474,-1,EPI_ISL_2361272,Alpha,B.1.1.7,2021-05
9.9428215,-24.27771,-1,EPI_ISL_2110579,Alpha,B.1.1.7,2021-04-12
11.5119705,-37.037117,-1,EPI_ISL_1842698,Alpha,B.1.1.7,2021-03-08
9.536352,-20.668444,-1,EPI_ISL_4377002,Alpha,B.1.1.7,2021-06-10
-18.183687,9.041787,-1,EPI_ISL_2599914,Alpha,B.1.1.7,2021-06-03
11.4806595,-37.08384,-1,EPI_ISL_3411897,Alpha,B.1.1.7,2021-04-06
9.974188,-24.246462,-1,EPI_ISL_4945754,Alpha,B.1.1.7,2021-07-27
13.168131,-35.23225,-1,EPI_ISL_1321732,Alpha,B.1.1.7,2021-02-22
-16.99961,14.339775,-1,EPI_ISL_2476055,Alpha,B.1.1.7,2021-05-15
-17.01509,14.292896,-1,EPI_ISL_3044117,Alpha,B.1.1.7,2021-07-09
-18.246223,9.010579,-1,EPI_ISL_1967531,Alpha,B.1.1.7,2021-04-07
-18.168423,9.080698,-1,EPI_ISL_2597666,Alpha,B.1.1.7,2021-05-11
11.364502,-22.855892,-1,EPI_ISL_2444376,Alpha,B.1.1.7,2021-05-21
-8.644331,3.1344175,-1,EPI_ISL_1739006,Alpha,B.1.1.7,2021-04-10
9.966419,-24.308945,-1,EPI_ISL_2123980,Alpha,B.1.1.7,2021-03-29
11.535207,-37.029213,-1,EPI_ISL_4430017,Alpha,B.1.1.7,2021-06-10
11.933863,-36.5917,-1,EPI_ISL_17113368,Alpha,B.1.1.7,2021-03-29
-17.038734,14.300701,-1,EPI_ISL_2007290,Alpha,B.1.1.7,2021-05-03
9.934855,-24.285461,-1,EPI_ISL_1447794,Alpha,B.1.1.7,2021-03-17
11.4963875,-37.06828,-1,EPI_ISL_2363910,Alpha,B.1.1.7,2021-05-01
11.4494,-37.16189,-1,EPI_ISL_1612542,Alpha,B.1,2021-04-03
9.919363,-24.285477,-1,EPI_ISL_1480225,Alpha,B.1.1.7,2021-03-06
11.449461,-37.013687,-1,EPI_ISL_10146010,Alpha,B.1.1.7,2021-05-01
9.950541,-24.277718,-1,EPI_ISL_1276592,Alpha,B.1.1.7,2021-03-07
9.942874,-24.269983,-1,EPI_ISL_1857866,Alpha,B.1.1.7,2021-04-25
-7.015849,4.9489183,-1,EPI_ISL_2136189,Alpha,B.1.1.7,2021-04-16
-16.009771,10.8467865,-1,EPI_ISL_5195449,Alpha,B.1.1.7,2021-06-29
12.809904,-34.76217,-1,EPI_ISL_1794847,Alpha,B.1.1.7,2021-04-04
-8.270169,2.1813736,-1,EPI_ISL_1334583,Alpha,B.1.1.7,2021-03-11
11.543091,-37.013733,-1,EPI_ISL_1501055,Alpha,B.1.1.7,2021-02-18
-9.09366,4.3475423,-1,EPI_ISL_13837237,Alpha,B.1.1.7,2021-06-15
9.942744,-24.285503,-1,EPI_ISL_2725419,Alpha,B.1.1.7,2021-05-07
-18.17603,9.096521,-1,EPI_ISL_1581881,Alpha,B.1.1.7,2021-03-30
-8.270112,2.1815429,-1,EPI_ISL_2098827,Alpha,B.1.1.7,2021-05-08
11.410185,-36.990185,-1,EPI_ISL_2340546,Alpha,B.1.1.7,2021-03-17
9.966209,-24.254478,-1,EPI_ISL_2131015,Alpha,B.1.1.7,2021-05-07
-15.994354,10.862331,-1,EPI_ISL_3878953,Alpha,B.1.1.7,2021-07-12
12.472873,-33.794815,-1,EPI_ISL_13571078,Alpha,B.1.1.7,2021-04-08
11.51186,-37.044624,-1,EPI_ISL_8189512,Alpha,B.1.1.7,2021-06-06
9.927225,-24.293146,-1,EPI_ISL_2110544,Alpha,B.1.1.7,2021-04-12
9.950447,-24.262058,-1,EPI_ISL_2471784,Alpha,B.1.1.7,2021-05-03
-16.327593,14.980265,-1,EPI_ISL_3020039,Alpha,B.1.1.7,2021-06-24
9.903912,-24.316729,-1,EPI_ISL_2613615,Alpha,B.1.1.7,2021-05-19
11.410351,-37.161934,-1,EPI_ISL_2185488,Alpha,B.1.1.7,2021-05-09
11.410269,-37.146294,-1,EPI_ISL_1064002,Alpha,B.1.1.7,2021-02-12
-16.009901,10.854681,-1,EPI_ISL_2289373,Alpha,B.1.1.7,2021-05-11
9.934801,-24.285345,-1,EPI_ISL_2658512,Alpha,B.1,2021-04-24
9.934914,-24.285522,-1,EPI_ISL_2489146,Alpha,B.1.1.7,2021-05-29
11.527558,-37.036743,-1,EPI_ISL_2467910,Alpha,B.1.1.7,2021-02-28
12.856257,-35.13068,-1,EPI_ISL_3671196,Alpha,B.1.1.7,2021-06-01
-7.6723948,4.3238535,-1,EPI_ISL_1548193,Alpha,B.1.1.7,2021-03-12
9.84129,-24.348057,-1,EPI_ISL_2636855,Alpha,B.1.1.7,2021-06-12
11.48042,-37.068066,-1,EPI_ISL_2597638,Alpha,B.1.1.7,2021-04-28
-18.246101,8.93266,-1,EPI_ISL_2044334,Alpha,B.1.1.7,2021-04-25
11.294214,-22.738766,-1,EPI_ISL_4030122,Alpha,B.1.1.7,2021-05-16
-17.007511,14.308601,-1,EPI_ISL_2040396,Alpha,B.1.1.7,2021-04-15
11.543093,-37.021423,-1,EPI_ISL_2507899,Alpha,B.1.1.7,2021-04-09
11.309948,-22.808865,-1,EPI_ISL_1517226,Alpha,B.1.1.7,2021-03-22
11.535446,-37.060593,-1,EPI_ISL_1402372,Alpha,B.1.1.7,2021-02-25
-8.589731,3.1189795,-1,EPI_ISL_1070435,Alpha,B.1.1.7,2021-02-12
-7.625243,4.3706217,-1,EPI_ISL_1712558,Alpha,B.1.1.7,2021-04-05
-18.183823,9.057536,-1,EPI_ISL_4155946,Alpha,B.1.1.7,2021-07-21
11.535087,-37.013412,-1,EPI_ISL_2597629,Alpha,B.1.1.7,2021-04-27
11.527512,-37.029022,-1,EPI_ISL_2450934,Alpha,B.1.1.7,2021-05-05
9.981777,-24.230806,-1,EPI_ISL_6865741,Alpha,B.1.1.7,2021-09
-15.986246,10.893528,-1,EPI_ISL_2148386,Alpha,B.1.1.7,2021-05-01
11.504261,-37.052834,-1,EPI_ISL_1842469,Alpha,B.1.1,2021-02-01
-7.6644344,4.323864,-1,EPI_ISL_2388916,Alpha,B.1.1.7,2021-05-15
-8.636636,3.1656208,-1,EPI_ISL_1939850,Alpha,B.1.1.7,2021-03-21
11.558896,-37.013565,-1,EPI_ISL_2385073,Alpha,B.1.1.7,2021-01-13
9.934941,-24.285545,-1,EPI_ISL_12012770,Alpha,B.1.1.7,2021-07-16
-18.261835,8.994995,-1,EPI_ISL_1967540,Alpha,B.1.1.7,2021-04-08
-8.597629,3.103055,-1,EPI_ISL_2963437,Alpha,B.1.1.7,2021-06-07
-6.8752346,5.073945,-1,EPI_ISL_2289618,Alpha,B.1.1.7,2021-05-11
11.5197525,-37.028973,-1,EPI_ISL_3014872,Alpha,B.1.1.7,2021-05-25
11.543127,-37.036964,-1,EPI_ISL_1240760,Alpha,B.1.1.7,2021-02-26
-16.056597,10.815456,-1,EPI_ISL_1991379,Alpha,B.1.1.7,2021-04-20
11.5119705,-37.044846,-1,EPI_ISL_2346348,Alpha,B.1.1.7,2021-05-11
11.527493,-37.036827,-1,EPI_ISL_3023233,Alpha,B.1.1.7,2021-04-14
11.3320675,-37.216652,-1,EPI_ISL_7604388,Alpha,B.1.1.7,2021-02-03
11.402371,-37.161846,-1,EPI_ISL_2179768,Alpha,B.1.1.7,2021-04-26
-6.883155,5.0661516,-1,EPI_ISL_3074238,Alpha,B.1.1.7,2021-06-07
11.356812,-22.832462,-1,EPI_ISL_3364250,Alpha,B.1.1.7,2021-04-01
-17.046322,14.269419,-1,EPI_ISL_3072924,Alpha,B.1.1.7,2021-07-19
11.543021,-37.03705,-1,EPI_ISL_2307467,Alpha,B.1.1,2021-04-30
9.958497,-24.277794,-1,EPI_ISL_2567498,Alpha,B.1.1.7,2021-06-08
-16.002182,10.84672,-1,EPI_ISL_1546637,Alpha,B.1.1.7,2021-04-06
11.558792,-36.997887,-1,EPI_ISL_17113327,Alpha,B.1.1.7,2021-03-30
11.543149,-37.083763,-1,EPI_ISL_1799052,Alpha,B.1.1.7,2021-04-16
11.51947,-37.037144,-1,EPI_ISL_1362258,Alpha,B.1.1,2021-02-24
11.527512,-37.013397,-1,EPI_ISL_1335561,Alpha,B.1.1.7,2021-03-08
9.934963,-24.277744,-1,EPI_ISL_2110527,Alpha,B.1,2021-04-12
11.504092,-37.06049,-1,EPI_ISL_4348200,Alpha,B.1.1.7,2021-04-29
-8.27028,2.1738129,-1,EPI_ISL_2858980,Alpha,B.1.1.7,2021-06-18
11.441557,-37.12281,-1,EPI_ISL_1970579,Alpha,B.1.1.7,2021-04-29
9.872486,-24.332382,-1,EPI_ISL_2339476,Alpha,B.1.1.7,2021-05-07
-17.054062,14.269531,-1,EPI_ISL_1748304,Alpha,B.1.1.7,2021-03-08
11.504284,-37.052624,-1,EPI_ISL_1297165,Alpha,B.1.1.7,2021-03-11
-8.58217,3.1031704,-1,EPI_ISL_3193139,Alpha,B.1.1.7,2021-06-26
-18.222616,9.02626,-1,EPI_ISL_2188574,Alpha,B.1.1.7,2021-04-28
-17.046429,14.269581,-1,EPI_ISL_2151334,Alpha,B.1.1.7,2021
11.402438,-37.138443,-1,EPI_ISL_1197169,Alpha,B.1.1.7,2021-02-09
-17.054115,14.347412,-1,EPI_ISL_2132310,Alpha,B.1.1.7,2021-04-22
-7.6799946,4.323908,-1,EPI_ISL_2470561,Alpha,B.1.1.7,2021-05-10
12.879168,-35.08381,-1,EPI_ISL_1970608,Alpha,B.1.1.7,2021-04-27
-18.175869,9.072935,-1,EPI_ISL_2184494,Alpha,B.1.1.7,2021-05-05
-7.6489534,4.3395004,-1,EPI_ISL_1228894,Alpha,B.1.1.7,2021-03-04
-9.054926,4.308591,-1,EPI_ISL_3485657,Alpha,B.1.1.7,2021-05-16
-17.02298,14.31641,-1,EPI_ISL_1863253,Alpha,B.1.1.7,2021-04-05
-9.047146,4.3162937,-1,EPI_ISL_2626701,Alpha,B.1.1.7,2021-05-04
11.535307,-37.021145,-1,EPI_ISL_1306807,Alpha,B.1.1.7,2021-03-13
9.989637,-24.223034,-1,EPI_ISL_2836232,Alpha,B.1.1.7,2021-05-19
-15.869509,11.002932,-1,EPI_ISL_1567064,Alpha,B.1.1.7,2021-03-27
9.551937,-20.691668,-1,EPI_ISL_2463186,Alpha,B.1.1.7,2021-05-25
-18.167774,9.073169,-1,EPI_ISL_2433197,Alpha,B.1.1.7,2021-05
11.543211,-37.029274,-1,EPI_ISL_1841685,Alpha,B.1.1.7,2021-02-14
-16.585398,14.7539425,-1,EPI_ISL_3078167,Alpha,B.1.1.7,2021-07-22
9.942759,-24.254335,-1,EPI_ISL_2210345,Alpha,B.1.1.7,2021-04-12
-17.015167,14.324112,-1,EPI_ISL_1103587,Alpha,B.1.1.7,2021-02-15
11.496328,-37.075912,-1,EPI_ISL_1621356,Alpha,B.1.1.7,2021-03-15
11.50414,-37.0604,-1,EPI_ISL_2506254,Alpha,B.1.1.7,2021-03-09
12.847949,-35.13064,-1,EPI_ISL_10145999,Alpha,B.1.1.7,2021-04-23
11.511877,-37.044712,-1,EPI_ISL_1640636,Alpha,B.1.1.7,2021-03-07
11.402447,-37.162045,-1,EPI_ISL_3014485,Alpha,B.1.1.7,2021-06-01
9.982009,-24.246391,-1,EPI_ISL_2422571,Alpha,B.1.1.7,2021-03-30
9.911543,-24.324717,-1,EPI_ISL_6340267,Alpha,B.1.1.7,2021-09-24
9.942768,-24.269802,-1,EPI_ISL_5345955,Alpha,B.1.1.7,2021-08-24
9.942826,-24.285538,-1,EPI_ISL_11998336,Alpha,B.1.1.7,2021-07-16
11.535256,-37.021133,-1,EPI_ISL_2862771,Alpha,B.1.1.7,2021-06-17
-18.18383,9.057245,-1,EPI_ISL_1753164,Alpha,B.1.1.7,2021-04-08
-17.030745,14.300716,-1,EPI_ISL_2453279,Alpha,B.1.1.7,2021-05
11.527503,-37.029144,-1,EPI_ISL_1240761,Alpha,B.1.1.7,2021-02-26
11.527461,-37.013573,-1,EPI_ISL_5156706,Alpha,B.1.1.7,2021-04-02
11.535345,-37.013626,-1,EPI_ISL_2185197,Alpha,B.1.1.7,2021-05-06
-7.664274,4.33173,-1,EPI_ISL_2632948,Alpha,B.1.1.7,2021-06-03
-17.015396,14.30851,-1,EPI_ISL_3021529,Alpha,B.1.1.7,2021-04-23
11.551133,-37.06044,-1,EPI_ISL_3532504,Alpha,B.1.1.7,2021-03-24
11.535458,-37.021206,-1,EPI_ISL_2398061,Alpha,B.1.1.7,2021-05-21
-8.270255,2.181519,-1,EPI_ISL_2669454,Alpha,B.1.1.7,2021-05-31
-8.270145,2.1815038,-1,EPI_ISL_4260444,Alpha,B.1.1.7,2021-05-24
11.457188,-37.091663,-1,EPI_ISL_3242423,Alpha,B.1.1.7,2021-05-28
-16.033102,10.831251,-1,EPI_ISL_2860472,Alpha,B.1.1.7,2021-06-03
-16.056507,10.81545,-1,EPI_ISL_1749077,Alpha,B.1.1.7,2021-03-31
-9.039107,4.308528,-1,EPI_ISL_3045255,Alpha,B.1.1.7,2021-06-17
-18.230642,9.049555,-1,EPI_ISL_1804056,Alpha,B.1.1.7,2021-04-09
11.535404,-37.02921,-1,EPI_ISL_2031060,Alpha,B.1.1.7,2021-03-04
-18.269764,8.979439,-1,EPI_ISL_1662905,Alpha,B.1.1.7,2021-04-03
11.527424,-37.13864,-1,EPI_ISL_1080819,Alpha,B.1.1.7,2021-02-10
11.465239,-37.044846,-1,EPI_ISL_2046257,Alpha,B.1.1.7,2021-04-28
9.911568,-24.215225,-1,EPI_ISL_2958254,Alpha,B.1.1.7,2021-05-31
-17.030766,14.300812,-1,EPI_ISL_2686468,Alpha,B.1.1.7,2021-06-01
11.56665,-37.01372,-1,EPI_ISL_2100545,Alpha,B.1.1.7,2021-04
11.543068,-37.00556,-1,EPI_ISL_1524627,Alpha,B.1.1.7,2021-03-17
11.480661,-37.068222,-1,EPI_ISL_2597497,Alpha,B.1.1.7,2021-03-28
-17.030876,14.300749,-1,EPI_ISL_2870595,Alpha,B.1.1.7,2021-06-10
11.54319,-37.0058,-1,EPI_ISL_1013732,Alpha,B.1.1.7,2021-01-25
12.644828,-35.927483,-1,EPI_ISL_2692109,Alpha,B.1.1.7,2021-05-17
11.520006,-37.04462,-1,EPI_ISL_2608464,Alpha,B.1.1.7,2021-03-01
-16.017519,10.854601,-1,EPI_ISL_9954535,Alpha,B.1.1.7,2021-05-06
-16.009663,10.846898,-1,EPI_ISL_1852943,Alpha,B.1.1.7,2021-04-24
-16.025333,10.854632,-1,EPI_ISL_1885986,Alpha,B.1.1.7,2021-04-16
11.527598,-37.02144,-1,EPI_ISL_2246638,Alpha,B.1.1.7,2021-04-02
11.574405,-36.982277,-1,EPI_ISL_13838094,Alpha,B.1.1.7,2021-07-21
-6.99207,5.0349407,-1,EPI_ISL_1844227,Alpha,B.1.1.7,2021-04-05
-16.00969,10.846838,-1,EPI_ISL_2536148,Alpha,B.1.1.7,2021-05-12
-17.022919,14.300858,-1,EPI_ISL_4188129,Alpha,B.1.1.7,2021-07-12
-8.270366,2.1345396,-1,EPI_ISL_2475921,Alpha,B.1.1.7,2021-05-21
-16.009823,10.854597,-1,EPI_ISL_17113640,Alpha,B.1.1.7,2021-03-24
-16.99952,14.324051,-1,EPI_ISL_2990677,Alpha,B.1.1.7,2021-05
-17.01532,14.316193,-1,EPI_ISL_2988727,Alpha,B.1.1.7,2021-07-02
9.96616,-24.301182,-1,EPI_ISL_2263939,Alpha,B.1.1.7,2021-05-11
-7.656641,4.3473988,-1,EPI_ISL_1679490,Alpha,B.1.1.7,2021-04-05
-18.168022,9.112211,-1,EPI_ISL_2320410,Alpha,B.1.1.7,2021-05-10
9.973975,-24.2229,-1,EPI_ISL_4368367,Alpha,Q.3,2021-06-30
-16.033138,10.854549,-1,EPI_ISL_2259265,Alpha,B.1.1.7,2021-04-13
9.935007,-24.285515,-1,EPI_ISL_2694089,Alpha,B.1.1.7,2021-05-31
-17.007492,14.3162,-1,EPI_ISL_1899205,Alpha,B.1.1.7,2021-04-08
-9.046837,4.316247,-1,EPI_ISL_1503895,Alpha,B.1.1.7,2021-03-25
9.966007,-24.238455,-1,EPI_ISL_4051639,Alpha,B.1.1.7,2021-07-23
11.496239,-37.052486,-1,EPI_ISL_1533647,Alpha,B.1,2021-03-01
11.5199375,-37.03718,-1,EPI_ISL_2017572,Alpha,B.1.1.7,2021-03-03
9.942881,-24.262241,-1,EPI_ISL_4994412,Alpha,B.1.1.7,2021-09-11
-17.03862,14.3087845,-1,EPI_ISL_2132384,Alpha,B.1.1.7,2021-04-22
10.153536,-24.074558,-1,EPI_ISL_2317635,Alpha,Q.1,2021-05-17
11.519682,-37.052467,-1,EPI_ISL_1753756,Alpha,B.1.1.7,2021-04-19
-16.001738,10.846794,-1,EPI_ISL_2670955,Alpha,B.1.1.7,2021-05-31
-17.116781,14.253963,-1,EPI_ISL_2414907,Alpha,B.1.1.7,2021-05-17
10.442806,-23.293442,-1,EPI_ISL_2567619,Alpha,B.1.1.7,2021-05-16
-8.270005,2.181322,-1,EPI_ISL_2084349,Alpha,B.1.1.7,2021-03-07
9.942742,-24.269764,-1,EPI_ISL_1720953,Alpha,B.1.1.7,2021-03-31
-17.038582,14.292921,-1,EPI_ISL_2118970,Alpha,B.1.1.7,2021-05-04
-18.246271,9.049546,-1,EPI_ISL_1291291,Alpha,B.1.1.7,2021-02-17
11.6057205,-37.224514,-1,EPI_ISL_1842679,Alpha,B.1.1.7,2021-03-09
9.513061,-20.660645,-1,EPI_ISL_3213239,Alpha,B.1.1.7,2021-07-04
11.511867,-37.0448,-1,EPI_ISL_3065370,Alpha,B.1.1.7,2021-06-28
-16.009819,10.854543,-1,EPI_ISL_1100409,Alpha,B.1.1.7,2021-02-21
11.519757,-36.982353,-1,EPI_ISL_2047931,Alpha,B.1.1.7,2021-04-01
9.9504175,-24.293243,-1,EPI_ISL_13903685,Alpha,B.1.1.7,2021-06-14
11.543317,-37.029182,-1,EPI_ISL_5095160,Alpha,B.1.1.7,2021-06-17
-18.191486,9.057339,-1,EPI_ISL_2872849,Alpha,B.1.1.7,2021-06-15
-9.039143,4.3162374,-1,EPI_ISL_1196617,Alpha,B.1.1.7,2021-02-09
11.527405,-37.03689,-1,EPI_ISL_1568552,Alpha,B.1.1.7,2021-02-27
11.511814,-37.04485,-1,EPI_ISL_1920200,Alpha,B.1.1.7,2021-04-17
-17.441599,9.783943,-1,EPI_ISL_1735611,Alpha,B.1.1.7,2021-04-05
9.95054,-24.277802,-1,EPI_ISL_4259950,Alpha,B.1.1.7,2021-09-10
11.488592,-37.107292,-1,EPI_ISL_5155951,Alpha,B.1.1.7,2021-04-07
-18.191538,9.049749,-1,EPI_ISL_1926358,Alpha,B.1.1.7,2021-04-16
-17.04649,14.277391,-1,EPI_ISL_5152155,Alpha,B.1.1.7,2021-08
9.958526,-24.26204,-1,EPI_ISL_1965499,Alpha,B.1.1.7,2021-03-27
-18.183617,9.112154,-1,EPI_ISL_1526875,Alpha,B.1.1.7,2021-03-03
-8.270138,2.1813908,-1,EPI_ISL_2322336,Alpha,B.1.1.7,2021-05-01
-9.054832,4.3162503,-1,EPI_ISL_1545608,Alpha,B.1.1.7,2021-03
-7.6567,4.362818,-1,EPI_ISL_1450665,Alpha,B.1.1.7,2021-02-25
-18.160416,9.08865,-1,EPI_ISL_1926658,Alpha,B.1.1.7,2021-04-19
-17.433762,9.838968,-1,EPI_ISL_2269310,Alpha,B.1.1.7,2021-05-13
-18.144714,9.096513,-1,EPI_ISL_2270809,Alpha,B.1.1.7,2021-05-06
-9.039178,4.3083773,-1,EPI_ISL_2046902,Alpha,B.1.1.7,2021-04-25
11.504057,-37.06817,-1,EPI_ISL_3020572,Alpha,B.1.1.7,2021-05-19
-17.077854,14.246084,-1,EPI_ISL_2130195,Alpha,B.1.1.7,2021-05-08
12.840214,-35.130493,-1,EPI_ISL_10149545,Alpha,B.1.1.7,2021-03-24
-16.983843,14.347691,-1,EPI_ISL_3489179,Alpha,B.1.1.7,2021-05-30
-7.6565247,4.331646,-1,EPI_ISL_2405553,Alpha,B.1.1.7,2021-05-16
10.481733,-23.769972,-1,EPI_ISL_2020564,Alpha,B.1.1.7,2021-04-14
12.848021,-35.10716,-1,EPI_ISL_10146026,Alpha,B.1.1.7,2021-06-29
-17.030853,14.292664,-1,EPI_ISL_1481420,Alpha,B.1.1.7,2021-03-08
-18.191616,9.073108,-1,EPI_ISL_10657760,Alpha,B.1.1.7,2021-04-14
11.372488,-22.832342,-1,EPI_ISL_2868247,Alpha,B.1.1.7,2021-05-18
9.94283,-24.262001,-1,EPI_ISL_2129084,Alpha,B.1.1.7,2021-05-07
9.856993,-24.324436,-1,EPI_ISL_2338581,Alpha,B.1.1.7,2021
9.934952,-24.285542,-1,EPI_ISL_2731439,Alpha,B.1.1.7,2021-06-11
9.989856,-24.23088,-1,EPI_ISL_3493890,Alpha,B.1.1.7,2021-03-02
9.942703,-24.2543,-1,EPI_ISL_1631310,Alpha,B.1.1.7,2021-04-08
-8.582033,3.1108246,-1,EPI_ISL_2189537,Alpha,B.1.1.7,2021-04-30
-18.191559,9.041962,-1,EPI_ISL_1798156,Alpha,B.1.1.7,2021-04-10
11.543176,-37.029,-1,EPI_ISL_2203008,Alpha,B.1.1.7,2021-04-20
9.950583,-24.277733,-1,EPI_ISL_2320504,Alpha,B.1.1.7,2021-05-10
12.449406,-36.068367,-1,EPI_ISL_2800338,Alpha,B.1.1.7,2021-06-12
-8.239098,2.2049007,-1,EPI_ISL_1489173,Alpha,B.1.1.7,2021-03-28
10.14587,-24.082487,-1,EPI_ISL_1415951,Alpha,Q.1,2021-03-18
-18.17576,9.080989,-1,EPI_ISL_2306151,Alpha,B.1.1.7,2021-05-11
11.5118065,-37.036873,-1,EPI_ISL_2030996,Alpha,B.1.1.7,2021-02-23
-18.230484,9.018465,-1,EPI_ISL_2399342,Alpha,B.1.1.7,2021-05-22
-17.132439,14.19133,-1,EPI_ISL_4645746,Alpha,B.1.1.7,2021-09-02
-18.230713,9.018522,-1,EPI_ISL_1738706,Alpha,B.1.1.7,2021-04-09
13.019722,-34.701046,-1,EPI_ISL_1533683,Alpha,B.1.1.7,2021-03-16
-16.97617,14.35537,-1,EPI_ISL_1997353,Alpha,B.1.1.7,2021-04-11
-8.558581,3.0643086,-1,EPI_ISL_2647972,Alpha,B.1.1.7,2021-05-28
9.950514,-24.269981,-1,EPI_ISL_2548070,Alpha,B.1.1.7,2021-05
9.950428,-24.262125,-1,EPI_ISL_3014772,Alpha,B.1.1.7,2021-06-04
11.5040455,-37.05261,-1,EPI_ISL_2422407,Alpha,B.1.1.7,2021-05-31
-16.991758,14.339909,-1,EPI_ISL_2930134,Alpha,B.1.1.7,2021-06-28
-18.175976,9.07311,-1,EPI_ISL_3845434,Alpha,B.1.1.7,2021-04-27
12.824871,-34.80197,-1,EPI_ISL_2257533,Alpha,B.1.1.7,2021-03-31
11.426035,-37.130745,-1,EPI_ISL_1804835,Alpha,B.1.1.7,2021-04-21
-17.015245,14.308481,-1,EPI_ISL_2620473,Alpha,B.1.1.7,2021-04-12
11.519646,-37.029083,-1,EPI_ISL_2644911,Alpha,B.1.1.7,2021-05-05
11.55871,-37.01339,-1,EPI_ISL_17113520,Alpha,B.1.1.7,2021-03-27
9.958294,-24.223036,-1,EPI_ISL_3915370,Alpha,B.1.1.7,2021-08-27
-9.039177,4.32382,-1,EPI_ISL_2633034,Alpha,B.1.1.7,2021-06-09
-17.007488,14.308519,-1,EPI_ISL_1756649,Alpha,B.1.1.7,2021-04-07
9.973802,-24.246506,-1,EPI_ISL_2228993,Alpha,B.1.1.7,2021-05-10
-9.039167,4.3240886,-1,EPI_ISL_2125303,Alpha,B.1.1.7,2021-04-24
-15.306629,11.198371,-1,EPI_ISL_1050632,Alpha,B.1.1.7,2021-01-29
11.496248,-37.0446,-1,EPI_ISL_2448403,Alpha,B.1.1.7,2021-04-16
11.574394,-36.982113,-1,EPI_ISL_14690231,Alpha,B.1.1.7,2020
-17.015354,14.308565,-1,EPI_ISL_2319141,Alpha,B.1.1.7,2021-05-12
-18.222721,9.018445,-1,EPI_ISL_1421873,Alpha,B.1.1.7,2021-02-28
11.527456,-37.036736,-1,EPI_ISL_13571154,Alpha,B.1.1.7,2021-04-08
-18.176006,9.073255,-1,EPI_ISL_1184158,Alpha,B.1.1.7,2021-02-16
9.895889,-24.324457,-1,EPI_ISL_1627967,Alpha,B.1.1.7,2021-03-27
178.9726,-17.444534,-1,EPI_ISL_3049971,Alpha,B.1.1.7,2021-07-01
9.958498,-24.27007,-1,EPI_ISL_2162215,Alpha,B.1.1.7,2021-04
9.934997,-24.285587,-1,EPI_ISL_1922610,Alpha,B.1.1,2021-03-13
11.566612,-36.99778,-1,EPI_ISL_3411849,Alpha,B.1.1.7,2021-03-30
9.52858,-20.691755,-1,EPI_ISL_1716991,Alpha,B.1.1.7,2021-04
-9.047012,4.3085184,-1,EPI_ISL_1759527,Alpha,B.1.1.7,2021-04-20
11.504202,-37.068306,-1,EPI_ISL_3020721,Alpha,B.1.1.7,2021-06-01
-15.994125,10.8545265,-1,EPI_ISL_3117152,Alpha,B.1.1.7,2021-06-09
-8.317091,2.150189,-1,EPI_ISL_4260430,Alpha,B.1.1.7,2021-05-20
9.942828,-24.285501,-1,EPI_ISL_4071827,Alpha,B.1.1.7,2021-09-03
9.942766,-24.269802,-1,EPI_ISL_2213002,Alpha,B.1.1.7,2021-04-24
10.153503,-24.066845,-1,EPI_ISL_2627371,Alpha,B.1.1.7,2021-06-06
9.864502,-24.230953,-1,EPI_ISL_2416959,Alpha,Q.1,2021-05-19
-8.270268,2.1814747,-1,EPI_ISL_1673177,Alpha,B.1.1.7,2021-04-12
-16.00981,10.85464,-1,EPI_ISL_2792985,Alpha,B.1.1.7,2021-04-26
9.989733,-24.27776,-1,EPI_ISL_2178505,Alpha,B.1.1.7,2021-04-27
9.958478,-24.254341,-1,EPI_ISL_1832155,Alpha,B.1.1.7,2021-04-22
-18.191626,9.057452,-1,EPI_ISL_2562771,Alpha,B.1.1.7,2021-05-06
11.4572935,-37.1071,-1,EPI_ISL_1684496,Alpha,B.1.1.7,2021-04-04
-16.017466,10.846653,-1,EPI_ISL_4377849,Alpha,B.1.1.7,2021-06-04
-17.085564,14.230398,-1,EPI_ISL_2988375,Alpha,B.1.1.7,2021-07-07
10.309938,-23.918549,-1,EPI_ISL_7813798,Alpha,B.1.1.7,2021-10-17
9.989616,-24.23884,-1,EPI_ISL_5468359,Alpha,B.1.1.7,2021-10-09
-16.00967,10.846808,-1,EPI_ISL_1671775,Alpha,B.1.1.7,2021-04-05
-16.00967,10.846978,-1,EPI_ISL_1331333,Alpha,B.1.1.7,2021-03-10
-16.001812,10.854565,-1,EPI_ISL_4372738,Alpha,B.1.1.7,2021-06-09
11.519689,-37.03685,-1,EPI_ISL_10146014,Alpha,B.1.1.7,2021-04-01
9.973858,-24.254396,-1,EPI_ISL_2110563,Alpha,B.1.1.7,2021-04-12
9.97398,-24.246492,-1,EPI_ISL_2045526,Alpha,B.1.1.7,2021-04-27
11.402502,-37.185547,-1,EPI_ISL_1804833,Alpha,B.1.1.7,2021-04-22
-8.589813,3.118904,-1,EPI_ISL_4444765,Alpha,B.1.1.7,2021-04-26
-7.6643734,4.3393803,-1,EPI_ISL_1970819,Alpha,B.1.1.7,2021-04-19
-7.6253853,4.3783665,-1,EPI_ISL_2041570,Alpha,B.1.1.7,2021-04-19
11.519745,-37.060402,-1,EPI_ISL_1336799,Alpha,B.1.1.7,2021-03
-8.262239,2.1738315,-1,EPI_ISL_2324884,Alpha,B.1.1.7,2021-04-15
-16.00203,10.854603,-1,EPI_ISL_1327304,Alpha,B.1.1.7,2021-03-05
9.95056,-24.269878,-1,EPI_ISL_2757661,Alpha,B.1.1.7,2021-06-05
-18.1681,9.088545,-1,EPI_ISL_1760333,Alpha,B.1.1.7,2021-03-31
11.356887,-22.43395,-1,EPI_ISL_5803007,Alpha,B.1.1.7,2021-10-22
-16.048813,10.862403,-1,EPI_ISL_2172054,Alpha,B.1.1.7,2021-05-11
-18.183874,9.057459,-1,EPI_ISL_1636250,Alpha,B.1.1.7,2021-04-09
-17.02306,14.308563,-1,EPI_ISL_2625777,Alpha,B.1.1.7,2021-06-11
-18.18368,9.057347,-1,EPI_ISL_2181248,Alpha,B.1.1.7,2021-05-08
9.888071,-24.277727,-1,EPI_ISL_2219647,Alpha,Q.1,2021-03-15
9.9662075,-24.254206,-1,EPI_ISL_2621477,Alpha,B.1.1.7,2021-05-07
9.934822,-24.293175,-1,EPI_ISL_2600793,Alpha,B.1.1.7,2021-05-26
11.488438,-37.091568,-1,EPI_ISL_1576938,Alpha,B.1.1,2021-04-05
-17.03867,14.285046,-1,EPI_ISL_3388702,Alpha,B.1.1.7,2021-06-14
-7.6721773,4.323844,-1,EPI_ISL_938791,Alpha,B.1.1.7,2021-01-25
11.558843,-37.029007,-1,EPI_ISL_4205935,Alpha,B.1.1.7,2021-07-09
-17.023308,14.30064,-1,EPI_ISL_15650634,Alpha,B.1.1.7,2021-04-27
11.496267,-37.044807,-1,EPI_ISL_2031053,Alpha,B.1.1.7,2021-03-04
11.371473,-37.224464,-1,EPI_ISL_1496735,Alpha,B.1.1.7,2021-02-09
-18.175842,9.073002,-1,EPI_ISL_1930115,Alpha,B.1.1.7,2021-04-24
-7.6956396,4.331917,-1,EPI_ISL_989856,Alpha,B.1.1.7,2021-01-27
-8.270262,2.1815262,-1,EPI_ISL_980588,Alpha,B.1.1.7,2021-01-30
11.5196705,-37.03687,-1,EPI_ISL_1841811,Alpha,B.1.1.7,2021-01-29
-9.109492,4.2614202,-1,EPI_ISL_2376287,Alpha,B.1.1.7,2021-04-28
9.942716,-24.277712,-1,EPI_ISL_3911446,Alpha,B.1.1.7,2021-06-09
11.996426,-36.544834,-1,EPI_ISL_1147266,Alpha,B.1.1.7,2021-01-26
-16.94501,14.378954,-1,EPI_ISL_1558210,Alpha,B.1.1.7,2021-03-16
9.895798,-24.316761,-1,EPI_ISL_2110517,Alpha,B.1.351,2021-04-12
-15.890341,15.191126,-1,EPI_ISL_2965609,Alpha,B.1.1.7,2021-07-13
11.49638,-37.068302,-1,EPI_ISL_2647406,Alpha,B.1.1.7,2021-05-20
9.94294,-24.277603,-1,EPI_ISL_2267634,Alpha,B.1.1.7,2021-05-19
11.527551,-37.02919,-1,EPI_ISL_3502647,Alpha,B.1.1.7,2021-05-05
10.520953,-23.699734,-1,EPI_ISL_1826638,Alpha,B.1.1.7,2021-04-14
9.934986,-24.285637,-1,EPI_ISL_2008854,Alpha,B.1.1.7,2021-04-21
9.841059,-24.355928,-1,EPI_ISL_1323808,Alpha,B.1.1.7,2021-02-23
11.496272,-37.083946,-1,EPI_ISL_1970401,Alpha,Q.8,2021-04-28
9.942735,-24.277573,-1,EPI_ISL_1763798,Alpha,B.1.1.7,2021-02-14
-17.069881,14.246023,-1,EPI_ISL_2453398,Alpha,B.1.1.7,2021-04-11
-16.056553,10.823285,-1,EPI_ISL_2399400,Alpha,B.1.1.7,2021-05-24
9.950577,-24.246284,-1,EPI_ISL_2927981,Alpha,B.1.1.7,2021-06-20
-9.101858,4.230503,-1,EPI_ISL_3192106,Alpha,B.1.1.7,2021-05-14
11.488415,-37.076054,-1,EPI_ISL_12388279,Alpha,B.1.1.7,2021-04-25
-18.222765,9.080849,-1,EPI_ISL_2184327,Alpha,B.1.1.7,2021-05-03
-18.175951,9.065328,-1,EPI_ISL_1623733,Alpha,B.1.1.7,2021-04-06
9.981924,-24.308815,-1,EPI_ISL_2382074,Alpha,B.1.1.7,2021-05-17
11.511961,-37.052452,-1,EPI_ISL_5156179,Alpha,B.1.1.7,2021-04-06
9.95063,-24.26989,-1,EPI_ISL_2658464,Alpha,B.1.1.7,2021-04-19
9.536306,-20.68381,-1,EPI_ISL_7704126,Alpha,B.1.1.7,2021-07-08
11.464956,-37.091614,-1,EPI_ISL_1335469,Alpha,B.1.1.7,2021-03-09
-8.581877,3.118785,-1,EPI_ISL_2045377,Alpha,B.1.1.7,2021-04-29
11.379035,-37.169823,-1,EPI_ISL_2258533,Alpha,B.1.1.7,2021-03-22
11.216183,-23.035572,-1,EPI_ISL_2182095,Alpha,B.1.1.7,2021-04-04
-18.17599,9.073078,-1,EPI_ISL_1718145,Alpha,B.1.1.7,2021-04-21
11.566517,-36.99798,-1,EPI_ISL_2031121,Alpha,B.1.1.7,2021-03-09
-6.898491,5.050562,-1,EPI_ISL_1853568,Alpha,B.1.1.7,2021-04-19
-7.648734,4.355012,-1,EPI_ISL_2791483,Alpha,Q.3,2021-06-15
-15.986393,10.870295,-1,EPI_ISL_8001538,Alpha,B.1.1.7,2021-09-28
9.974155,-24.238571,-1,EPI_ISL_1903775,Alpha,B.1.1.7,2021-03-15
-17.007618,14.316326,-1,EPI_ISL_2215668,Alpha,B.1.1.7,2021-05-03
9.786333,-24.426147,-1,EPI_ISL_1757353,Alpha,B.1.1.7,2021-04-12
11.527491,-37.044655,-1,EPI_ISL_3020574,Alpha,B.1.1.7,2021-05-17
11.519705,-37.06814,-1,EPI_ISL_1321639,Alpha,B.1,2021-02-01
9.926934,-24.293337,-1,EPI_ISL_2406420,Alpha,B.1.1.7,2021-05-18
-16.785934,10.518066,-1,EPI_ISL_1454186,Alpha,B.1.1.7,2021-03-21
9.958351,-24.269907,-1,EPI_ISL_1604574,Alpha,B.1.1.7,2021-03-04
-18.19171,9.065283,-1,EPI_ISL_2320884,Alpha,B.1.1.7,2021-05-08
-16.00989,10.846778,-1,EPI_ISL_1102931,Alpha,B.1.1.7,2021-02-16
9.817706,-24.402458,-1,EPI_ISL_2297328,Alpha,Q.1,2021-05-17
-18.176006,9.073252,-1,EPI_ISL_2098816,Alpha,B.1.1.7,2021-05-05
-16.984,14.355463,-1,EPI_ISL_2375622,Alpha,B.1.1.7,2021-05-11
11.543186,-37.03701,-1,EPI_ISL_1902379,Alpha,B.1.1.7,2021-04-01
9.84119,-24.410461,-1,EPI_ISL_2316436,Alpha,B.1.1.7,2021-05-21
11.449328,-37.11509,-1,EPI_ISL_1129507,Alpha,B.1.1.7,2021-01-09
12.825344,-34.7621,-1,EPI_ISL_2298389,Alpha,B.1.1.7,2021-05-17
9.97394,-24.26197,-1,EPI_ISL_1727260,Alpha,B.1.1.7,2021-04-15
9.942775,-24.285482,-1,EPI_ISL_1898828,Alpha,B.1.1.7,2021-03-16
11.543148,-37.03704,-1,EPI_ISL_2257528,Alpha,B.1.1.7,2021-03-30
11.527662,-37.044807,-1,EPI_ISL_1214635,Alpha,B.1.1.7,2021-02-25
9.950543,-24.26994,-1,EPI_ISL_3374671,Alpha,B.1.1.7,2021-08-07
-8.582173,3.1111174,-1,EPI_ISL_2839460,Alpha,B.1.1.7,2021-05-07
-18.183681,9.065254,-1,EPI_ISL_1811601,Alpha,B.1.1.7,2021-04-19
-16.056618,10.823391,-1,EPI_ISL_2034315,Alpha,B.1.1.7,2021-04-26
11.457231,-37.10724,-1,EPI_ISL_1970588,Alpha,B.1.1.7,2021-04-28
11.488402,-37.068256,-1,EPI_ISL_1335559,Alpha,B.1.1.7,2021-03-08
11.550877,-37.02913,-1,EPI_ISL_1481183,Alpha,B.1.1.7,2021-03-03
11.402807,-37.154186,-1,EPI_ISL_1195212,Alpha,B.1.1.7,2021-02-19
11.402405,-37.130676,-1,EPI_ISL_2508257,Alpha,B.1.1.7,2021-04-21
-18.19154,9.057322,-1,EPI_ISL_2090255,Alpha,B.1.1.7,2021-04-22
12.824873,-34.817398,-1,EPI_ISL_1172244,Alpha,B.1.1,2021-02-23
-7.641055,4.3628635,-1,EPI_ISL_1316955,Alpha,B.1.1.7,2021-03-11
11.488577,-37.083817,-1,EPI_ISL_2258884,Alpha,B.1.1.7,2021-03-19
9.958473,-24.238863,-1,EPI_ISL_3115681,Alpha,B.1.1.7,2021-06-08
12.54323,-33.826157,-1,EPI_ISL_1683918,Alpha,B.1.1.7,2021-04-07
11.50404,-37.044724,-1,EPI_ISL_2046212,Alpha,B.1.1.7,2021-04-28
9.94276,-24.277655,-1,EPI_ISL_1936814,Alpha,B.1.1.7,2021-04
9.935141,-24.277676,-1,EPI_ISL_2635470,Alpha,B.1.1.7,2021-06-11
-8.269999,2.1501245,-1,EPI_ISL_1502008,Alpha,B.1.1.7,2021-02-27
9.950594,-24.277557,-1,EPI_ISL_2367777,Alpha,B.1.1.7,2021-05-15
9.958277,-24.262043,-1,EPI_ISL_2918661,Alpha,B.1.1.7,2021-07-02
11.519834,-37.044846,-1,EPI_ISL_1350210,Alpha,B.1.1.7,2021-02-24
11.457162,-37.099487,-1,EPI_ISL_1638663,Alpha,B.1.1.7,2021-03-10
11.50407,-37.068226,-1,EPI_ISL_1931319,Alpha,B.1.1.7,2021-04-20
9.927092,-24.293255,-1,EPI_ISL_1300730,Alpha,B.1.1.7,2021-03-11
9.771096,-24.191896,-1,EPI_ISL_2835752,Alpha,B.1.1.7,2021-06-17
9.778752,-24.449703,-1,EPI_ISL_1965636,Alpha,B.1.1.7,2021-03-24
-9.047152,4.3162603,-1,EPI_ISL_2709169,Alpha,B.1.1.7,2021-05-18
-16.017519,10.846649,-1,EPI_ISL_1243740,Alpha,B.1.1.7,2021-02-28
11.527651,-37.03705,-1,EPI_ISL_2505628,Alpha,B.1.1.7,2021-03-03
9.911599,-24.285706,-1,EPI_ISL_1792816,Alpha,B.1.1.7,2021-04-13
-17.030735,14.28508,-1,EPI_ISL_2475636,Alpha,B.1.1.7,2021-05-18
12.512022,-36.083603,-1,EPI_ISL_1089491,Alpha,B.1.1.7,2021-02-05
-15.994289,10.870238,-1,EPI_ISL_4370601,Alpha,B.1.1.7,2021-05-16
9.981749,-24.254204,-1,EPI_ISL_4379700,Alpha,B.1.1.7,2021-05-24
11.543132,-37.01352,-1,EPI_ISL_2450916,Alpha,B.1.1.7,2021-05-05
9.942635,-24.269796,-1,EPI_ISL_2110570,Alpha,B.1.1.7,2021-04-12
9.958538,-24.269989,-1,EPI_ISL_2374054,Alpha,B.1.1.7,2021-04-12
-18.223036,9.026199,-1,EPI_ISL_1648794,Alpha,B.1.1.7,2021-04-02
-7.6409817,4.355013,-1,EPI_ISL_2369453,Alpha,B.1.1.7,2021-03-07
9.895784,-24.308928,-1,EPI_ISL_5899667,Alpha,B.1.1.7,2021-04-29
11.558655,-36.99784,-1,EPI_ISL_3502698,Alpha,B.1.1.7,2021-05-28
11.504001,-37.036926,-1,EPI_ISL_1403882,Alpha,B,2021-03-10
11.5119095,-37.052578,-1,EPI_ISL_2410132,Alpha,B.1.1.7,2021-02-10
11.519603,-37.03692,-1,EPI_ISL_10146007,Alpha,B.1.1.7,2021-04-01
-15.877004,10.995098,-1,EPI_ISL_1623238,Alpha,B.1.1.7,2021-03-30
11.4572935,-37.068336,-1,EPI_ISL_2095166,Alpha,B.1,2021-03-26
-7.6801157,4.3316727,-1,EPI_ISL_1344611,Alpha,B.1.1.7,2021-03-14
-7.640909,4.3160267,-1,EPI_ISL_2286569,Alpha,B.1.1.7,2021-04-29
-16.976173,14.355494,-1,EPI_ISL_5881412,Alpha,B.1.1.7,2021-09-30
12.918253,-35.02922,-1,EPI_ISL_3671095,Alpha,B.1.1.7,2021-06-01
9.98975,-24.30107,-1,EPI_ISL_2535473,Alpha,B.1.1.7,2021-05-04
-17.046345,14.316513,-1,EPI_ISL_2094380,Alpha,B.1.1.7,2021-04-25
-16.009739,10.846788,-1,EPI_ISL_2689655,Alpha,B.1.1.7,2021-06-13
9.958434,-24.285528,-1,EPI_ISL_1967541,Alpha,B.1.1,2021-04-08
12.840419,-35.138508,-1,EPI_ISL_10146006,Alpha,B.1.1.7,2021-04-01
12.817476,-34.769974,-1,EPI_ISL_1797779,Alpha,B.1.1.7,2021-03-20
10.161487,-24.074612,-1,EPI_ISL_1325124,Alpha,B.1.1.7,2021-03-13
13.113398,-35.271317,-1,EPI_ISL_2632204,Alpha,B.1.1.7,2021-06-02
11.566568,-37.013527,-1,EPI_ISL_2020086,Alpha,B.1.1.7,2021-04-08
9.950638,-24.324528,-1,EPI_ISL_5406607,Alpha,B.1.1.7,2021-05-20
-16.921543,14.394302,-1,EPI_ISL_1830528,Alpha,B.1.1.7,2021-04-22
9.927198,-24.277884,-1,EPI_ISL_2658484,Alpha,B.1.351,2021-04-20
-17.02303,14.308344,-1,EPI_ISL_2721599,Alpha,B.1.1.7,2021-05-02
-7.5862074,4.409689,-1,EPI_ISL_1480863,Alpha,B.1.1.7,2021-03-09
-17.085436,14.23052,-1,EPI_ISL_3933033,Alpha,B.1.1.7,2021-08-02
9.598919,-21.261938,-1,EPI_ISL_12013055,Alpha,B.1.1.7,2021-07-16
-7.6643524,4.3317394,-1,EPI_ISL_1850544,Alpha,B.1.1.7,2021-04-22
-18.222809,9.034079,-1,EPI_ISL_2183348,Alpha,B.1.1.7,2021-05-10
11.472862,-36.990047,-1,EPI_ISL_2031123,Alpha,B.1.1.7,2021-03-09
-16.009823,10.846809,-1,EPI_ISL_1648872,Alpha,B.1.1.7,2021-04-02
-18.175785,9.065247,-1,EPI_ISL_2501692,Alpha,B.1.1.7,2021-05-24
9.966201,-24.262012,-1,EPI_ISL_3032456,Alpha,B.1.1.7,2021-07-08
-8.278004,2.1736155,-1,EPI_ISL_11696191,Alpha,B.1.1.7,2021-07-21
-16.072283,10.807766,-1,EPI_ISL_1186791,Alpha,B.1.1.7,2021-02-27
-16.00968,10.8466835,-1,EPI_ISL_1520002,Alpha,B.1.1.7,2021-03-25
11.52743,-37.044716,-1,EPI_ISL_10145984,Alpha,B.1.1.7,2021-06-08
11.511921,-37.044815,-1,EPI_ISL_3411000,Alpha,B.1.1.7,2021-08-05
-8.270162,2.173625,-1,EPI_ISL_1190407,Alpha,B.1.1.7,2021-02-24
10.208321,-24.019619,-1,EPI_ISL_2427215,Alpha,B.1.1.7,2021-05-12
11.504299,-37.05255,-1,EPI_ISL_1928535,Alpha,B.1.1.7,2021-04-23
9.927146,-24.285479,-1,EPI_ISL_2177516,Alpha,Q.1,2021-05-10
-18.160275,9.0888,-1,EPI_ISL_3845454,Alpha,B.1.1.7,2021-04-28
-16.00976,10.854422,-1,EPI_ISL_1711183,Alpha,B.1.1.7,2021-03-19
-16.785969,10.526022,-1,EPI_ISL_2109029,Alpha,B.1.1.7,2021-04-19
9.942843,-24.262142,-1,EPI_ISL_2465593,Alpha,B.1.1.7,2021-05-08
9.950624,-24.293396,-1,EPI_ISL_1962137,Alpha,B.1.1.7,2021-04-19
-8.589709,3.1111946,-1,EPI_ISL_1417081,Alpha,B.1.1.7,2021-03-16
11.519857,-37.052467,-1,EPI_ISL_1433432,Alpha,B.1.1.7,2021-02-23
-7.656702,4.331624,-1,EPI_ISL_2614748,Alpha,B.1.1.7,2021-05-11
11.496258,-37.068253,-1,EPI_ISL_2031113,Alpha,B.1.1.7,2021-03-09
-18.199392,9.049483,-1,EPI_ISL_2043521,Alpha,B.1.1.7,2021-04-28
12.848172,-35.130585,-1,EPI_ISL_3910621,Alpha,B.1.1.7,2021-04-26
11.488586,-37.02915,-1,EPI_ISL_2506442,Alpha,B.1.1.7,2021-03-12
-2.279513,15.691889,-1,EPI_ISL_1707554,Alpha,B.1.1.7,2021-04-07
11.566504,-37.005493,-1,EPI_ISL_1307068,Alpha,B.1,2021-03-09
10.208527,-24.027674,-1,EPI_ISL_2357737,Alpha,B.1.1.7,2021-04-29
-7.6564827,4.34721,-1,EPI_ISL_16373400,Alpha,B.1.1.7,2021-04-07
9.935084,-24.285587,-1,EPI_ISL_3129938,Alpha,B.1.1.7,2021-06-08
-16.041122,10.846928,-1,EPI_ISL_2370551,Alpha,B.1.1.7,2021-04-20
11.5745735,-37.091625,-1,EPI_ISL_2257465,Alpha,B.1.1.7,2021-03-30
-9.046943,4.316214,-1,EPI_ISL_1904711,Alpha,B.1.1.7,2021-04-22
11.535566,-37.00562,-1,EPI_ISL_3023244,Alpha,B.1.1.7,2021-04-14
11.543091,-37.02928,-1,EPI_ISL_2031026,Alpha,B.1.1.7,2021-02-22
-18.183838,9.065392,-1,EPI_ISL_1540474,Alpha,B.1.1.7,2021-03-24
11.511755,-37.04487,-1,EPI_ISL_8628653,Alpha,B.1.1.7,2021-03-01
-17.48843,9.784128,-1,EPI_ISL_2481447,Alpha,B.1.1.7,2021-05-28
12.902927,-35.1619,-1,EPI_ISL_3925283,Alpha,B.1.1.7,2021-07-27
-16.777954,10.518148,-1,EPI_ISL_1894575,Alpha,B.1.1.7,2021-04-05
12.785612,-35.185356,-1,EPI_ISL_10149565,Alpha,B.1.1.7,2021-06-04
-18.144627,9.1121855,-1,EPI_ISL_2307253,Alpha,B.1.1.7,2021-05-07
-8.581952,3.111042,-1,EPI_ISL_2873525,Alpha,B.1.1.7,2021-06-28
12.464923,-36.1308,-1,EPI_ISL_2608453,Alpha,B.1.1.7,2021-03-02
11.511939,-37.044777,-1,EPI_ISL_2658848,Alpha,B.1.1.7,2021-04-19
9.927184,-24.285519,-1,EPI_ISL_2933313,Alpha,B.1.1.7,2021-06-29
-17.108864,14.214888,-1,EPI_ISL_919018,Alpha,B.1.1.7,2021
11.527426,-37.02121,-1,EPI_ISL_2645021,Alpha,B.1.1.7,2021-05-12
11.550843,-37.021248,-1,EPI_ISL_2508105,Alpha,B.1.1.7,2021-04-13
11.535452,-37.04481,-1,EPI_ISL_1842478,Alpha,B.1.1.7,2021-02-02
-8.278091,2.1814532,-1,EPI_ISL_2510150,Alpha,B.1.1.7,2021-03-16
-18.1838,9.057406,-1,EPI_ISL_3523175,Alpha,B.1.1.7,2021-08-02
-17.022938,14.300821,-1,EPI_ISL_2726391,Alpha,B.1.1.7,2021-05-07
11.543158,-37.060413,-1,EPI_ISL_2981492,Alpha,B.1.1.7,2021-06-15
10.013291,-24.215351,-1,EPI_ISL_2226590,Alpha,B.1.1.7,2021-04-19
9.958409,-24.246449,-1,EPI_ISL_2235496,Alpha,B.1.1.7,2021-05-08
11.55887,-36.997948,-1,EPI_ISL_5199397,Alpha,B.1.1.7,2021-01-19
-7.6644154,4.347254,-1,EPI_ISL_3142764,Alpha,B.1.1.7,2021-04-17
12.832398,-35.138184,-1,EPI_ISL_10146027,Alpha,B.1.1.7,2021-06-19
-8.270053,2.1816459,-1,EPI_ISL_1846756,Alpha,B.1.1.7,2021-04-16
9.927031,-24.301098,-1,EPI_ISL_2324532,Alpha,B.1.1.7,2021-05-13
-8.270306,2.1737971,-1,EPI_ISL_3665849,Alpha,B.1.1.7,2021-06-12
11.380397,-22.551235,-1,EPI_ISL_2386417,Alpha,B.1.1.7,2021-05-20
9.942581,-24.269842,-1,EPI_ISL_1726478,Alpha,B.1.1.7,2021-04-01
-15.978504,10.877938,-1,EPI_ISL_1245501,Alpha,B.1.1.7,2021-03-02
11.488419,-37.029243,-1,EPI_ISL_8528072,Alpha,B.1.1.7,2021-04-16
-17.629086,9.596474,-1,EPI_ISL_2372059,Alpha,B.1.1.7,2021-05-10
-18.18382,9.057379,-1,EPI_ISL_14590074,Alpha,B.1.1.7,2021-04-19
9.942872,-24.27761,-1,EPI_ISL_1534527,Alpha,B.1.1.7,2021-03-16
9.9504795,-24.254318,-1,EPI_ISL_2469680,Alpha,B.1.1.7,2021-05-30
11.488516,-37.06822,-1,EPI_ISL_1197321,Alpha,B.1.1,2021-02-12
9.981897,-24.238651,-1,EPI_ISL_12387499,Alpha,B.1.1.7,2021-04-09
12.817599,-34.73869,-1,EPI_ISL_2128981,Alpha,B.1.1.7,2021-05-07
-18.168041,9.088533,-1,EPI_ISL_2268971,Alpha,B.1.1.7,2021-05-03
9.927292,-24.277847,-1,EPI_ISL_3570974,Alpha,B.1.1.7,2021-08-12
-15.874714,15.198845,-1,EPI_ISL_5531585,Alpha,B.1.1.7,2021-07-19
11.496406,-37.06823,-1,EPI_ISL_1491153,Alpha,B.1.1.7,2021-03-16
11.519724,-37.044746,-1,EPI_ISL_3023237,Alpha,B.1.1.7,2021-04-14
13.093716,-29.084663,-1,EPI_ISL_5005326,Delta,AY.112,2021-09-12
178.45685,-18.288212,-1,EPI_ISL_6233724,Delta,AY.43,2021-10-26
178.38666,-17.827362,-1,EPI_ISL_5977744,Delta,AY.4,2021-10-25
242.83972,-86.24129,-1,EPI_ISL_7028183,Delta,AY.4,2021-11-26
178.31628,-17.460129,-1,EPI_ISL_4140722,Delta,AY.52,2021-08-07
179.37872,-17.967941,-1,EPI_ISL_7404600,Delta,AY.126,2021-11-15
178.58203,-17.921078,-1,EPI_ISL_9094330,Delta,AY.4,2021-09-07
179.07416,-17.592804,-1,EPI_ISL_3843885,Delta,B.1.617.2,2021-05-24
178.70697,-17.913147,-1,EPI_ISL_5620414,Delta,AY.126,2021-08-07
178.81635,-17.80391,-1,EPI_ISL_3389938,Delta,AY.5,2021-07-27
12.894897,-35.08366,-1,EPI_ISL_2958561,Delta,AY.45,2021-06-23
13.0938225,-29.037722,-1,EPI_ISL_15875738,Delta,AY.126,2021-12-21
13.085869,-29.030163,-1,EPI_ISL_3311981,Delta,AY.4,2021-07-29
13.086031,-29.030031,-1,EPI_ISL_9017615,Delta,AY.39,2021-11-19
13.000006,-29.162798,-1,EPI_ISL_4558058,Delta,B.1.617.2,2021-06-16
11.472954,-36.990036,-1,EPI_ISL_6370974,Delta,AY.44,2021-09-09
318.6366,-156.95206,-1,EPI_ISL_3007611,Delta,AY.102,2021-06-28
471.5506,280.10995,-1,EPI_ISL_3849112,Delta,AY.47,2021-07-30
178.21466,-18.209991,-1,EPI_ISL_8010294,Delta,AY.4,2021-11-24
178.59747,-17.600725,-1,EPI_ISL_4728631,Delta,AY.99.2,2021-08-25
178.69135,-17.12407,-1,EPI_ISL_4970764,Delta,AY.4,2021-10-01
179.16003,-18.006866,-1,EPI_ISL_4388218,Delta,B.1.617.2,2021-08-30
243.58197,-85.75687,-1,EPI_ISL_6132097,Delta,AY.126,2021-11-02
243.16003,-85.88971,-1,EPI_ISL_7196569,Delta,AY.4,2021-11-29
13.101475,-29.022219,-1,EPI_ISL_11696756,Delta,AY.127,2021-12-19
11.519833,-37.044647,-1,EPI_ISL_10145995,Delta,AY.4.2,2021-09-06
13.156145,-29.076977,-1,EPI_ISL_4091035,Delta,AY.35,2021-08-31
13.10144,-29.02192,-1,EPI_ISL_11105746,Delta,B.1.617.2,2021-09-09
13.155863,-28.967548,-1,EPI_ISL_7468603,Delta,AY.127,2021-11-15
179.3086,-17.780365,-1,EPI_ISL_7417295,Delta,AY.99,2021-09-25
178.51941,-17.819534,-1,EPI_ISL_5508106,Delta,AY.23,2021-09-20
178.46478,-17.405418,-1,EPI_ISL_5183155,Delta,AY.4,2021-10-08
11.480665,-37.083683,-1,EPI_ISL_3400841,Delta,AY.25.1,2021-08-04
243.3241,-86.45218,-1,EPI_ISL_8414411,Delta,AY.103,2021-12-11
178.99597,-18.069427,-1,EPI_ISL_4635340,Delta,AY.4.2.3,2021-09-22
243.79279,-86.23337,-1,EPI_ISL_4908712,Delta,AY.26,2021-08-26
178.50378,-17.592873,-1,EPI_ISL_5624202,Delta,AY.106,2021-09-30
178.12878,-17.952332,-1,EPI_ISL_4315669,Delta,AY.4,2021-09-07
178.89441,-18.14769,-1,EPI_ISL_4043329,Delta,AY.4.7,2021-08-30
13.093811,-29.04554,-1,EPI_ISL_5143605,Delta,AY.39,2021-09-24
11.511875,-37.044815,-1,EPI_ISL_6837706,Delta,AY.122,2021-10-15
13.093735,-29.022211,-1,EPI_ISL_9178370,Delta,AY.109,2021-12-23
11.511905,-37.037056,-1,EPI_ISL_3745227,Delta,AY.120.1,2021-07-26
11.527537,-37.021286,-1,EPI_ISL_7812953,Delta,AY.100,2021-07-24
14.554662,-27.57703,-1,EPI_ISL_5494709,Delta,AY.28,2021-10-14
14.476631,-27.576881,-1,EPI_ISL_4226485,Delta,AY.126,2021-09-04
13.023369,-29.014408,-1,EPI_ISL_9429819,Delta,AY.33,2021-10-24
11.605654,-36.95877,-1,EPI_ISL_4910743,Delta,AY.118,2021-08-26
13.109314,-29.014488,-1,EPI_ISL_5023010,Delta,AY.112.2,2021-09-22
14.578064,-27.45945,-1,EPI_ISL_14595798,Delta,B.1.617.2,2021-09-24
13.1014595,-29.030111,-1,EPI_ISL_7519965,Delta,AY.4.6,2021-12-02
13.43732,-28.67064,-1,EPI_ISL_6295312,Delta,AY.4.12,2021-11-08
13.101519,-29.014389,-1,EPI_ISL_16061141,Delta,B.1.617.2,2021
11.519717,-37.03704,-1,EPI_ISL_9678010,Delta,AY.44,2022-01-01
13.08588,-29.022116,-1,EPI_ISL_9609218,Delta,AY.127,2021-12-26
13.070225,-29.045502,-1,EPI_ISL_7945208,Delta,AY.44,2021-11-26
13.617001,-28.4518,-1,EPI_ISL_8033438,Delta,AY.103,2021-11-23
11.511908,-37.044792,-1,EPI_ISL_9429898,Delta,AY.122,2022-01-04
11.504065,-37.060307,-1,EPI_ISL_6147328,Delta,AY.44,2021-08-07
13.124828,-28.983192,-1,EPI_ISL_4298790,Delta,AY.100,2021-08-18
13.093727,-29.037775,-1,EPI_ISL_7471143,Delta,AY.121,2021-11-23
13.085857,-28.991028,-1,EPI_ISL_4439944,Delta,AY.122,2021-09-11
13.109476,-29.014423,-1,EPI_ISL_5644732,Delta,AY.112.2,2021-09-27
13.109436,-29.037834,-1,EPI_ISL_6698386,Delta,AY.122,2021-11
11.519819,-37.02907,-1,EPI_ISL_16799818,Delta,B.1.617.2,2021-12-06
13.054573,-29.053543,-1,EPI_ISL_8660998,Delta,AY.127,2021-12-07
13.1171,-29.014473,-1,EPI_ISL_8837586,Delta,AY.4.2.3,2021-12-22
11.48066,-37.08378,-1,EPI_ISL_7781320,Delta,AY.100,2021-11-14
13.101456,-29.014269,-1,EPI_ISL_8163760,Delta,B.1.617.2,2021-12-01
13.1171,-29.069172,-1,EPI_ISL_6540737,Delta,AY.122,2021-11-06
13.093733,-29.006569,-1,EPI_ISL_5876011,Delta,AY.36,2021-10-12
11.543183,-37.021255,-1,EPI_ISL_14192926,Delta,P.1,2020
13.101564,-29.022377,-1,EPI_ISL_7391470,Delta,AY.36,2021-12-01
11.535356,-37.021408,-1,EPI_ISL_6630027,Delta,AY.46.4,2021-11-02
13.08584,-29.045673,-1,EPI_ISL_7721930,Delta,AY.98,2021-12-08
14.546776,-27.56896,-1,EPI_ISL_7783711,Delta,AY.44,2021-11-15
13.0859585,-29.037842,-1,EPI_ISL_6537225,Delta,AY.103,2021-10-26
13.101471,-29.02989,-1,EPI_ISL_8731651,Delta,AY.34,2021-12-09
13.039112,-29.069038,-1,EPI_ISL_6587765,Delta,AY.121,2021-11-09
14.609419,-27.248672,-1,EPI_ISL_12317361,Delta,AY.43,2021-11-29
11.480625,-37.115074,-1,EPI_ISL_3056802,Delta,B.1.617.2,2021-06-17
13.109463,-29.03013,-1,EPI_ISL_9423510,Delta,B.1.617.2,2022-01-01
13.039036,-29.014256,-1,EPI_ISL_5075733,Delta,AY.70,2021-09
13.101599,-29.030016,-1,EPI_ISL_7414797,Delta,AY.103,2021-11-28
13.093885,-29.037794,-1,EPI_ISL_7921479,Delta,AY.122,2021-12-06
13.101513,-29.014425,-1,EPI_ISL_12302502,Delta,AY.77,2021-10-01
13.093683,-29.030258,-1,EPI_ISL_8001202,Delta,AY.122,2021-12-06
13.101372,-29.022278,-1,EPI_ISL_3697176,Delta,AY.4,2021-08-18
13.062357,-29.077076,-1,EPI_ISL_7391861,Delta,AY.36,2021-12-01
12.968786,-29.147148,-1,EPI_ISL_4571284,Delta,AY.4,2021-09-07
13.086006,-29.029907,-1,EPI_ISL_8788555,Delta,AY.122,2022-01-03
11.53512,-37.02942,-1,EPI_ISL_8082553,Delta,AY.46,2021-12-16
13.101517,-29.014473,-1,EPI_ISL_5945653,Delta,AY.36,2021-10-12
11.496462,-37.07598,-1,EPI_ISL_6652270,Delta,AY.26,2021-10-05
13.898296,-28.15497,-1,EPI_ISL_10497262,Delta,AY.29.2,2022-01-18
11.511999,-37.0604,-1,EPI_ISL_10123065,Delta,AY.29.1,2021-10-21
13.570602,-28.522343,-1,EPI_ISL_3277119,Delta,AY.17,2021-05-17
13.109524,-29.0145,-1,EPI_ISL_2785056,Delta,AY.35,2021-06-20
12.5040455,-33.81801,-1,EPI_ISL_13571079,Delta,AY.122,2021-11-04
13.070316,-29.030014,-1,EPI_ISL_4571109,Delta,AY.4,2021-09-14
14.647924,-26.874096,-1,EPI_ISL_8087934,Delta,AY.100,2021-12-18
13.148336,-29.107838,-1,EPI_ISL_5235797,Delta,AY.35,2021-09-07
13.1016655,-29.022306,-1,EPI_ISL_7317524,Delta,AY.14,2021-11-06
13.077995,-29.022175,-1,EPI_ISL_4934958,Delta,AY.122,2021-09-25
13.109182,-29.069084,-1,EPI_ISL_12099072,Delta,AY.127,2021-12-16
13.085865,-29.09261,-1,EPI_ISL_9701233,Delta,AY.43,2021-11-16
13.085833,-29.045746,-1,EPI_ISL_8482387,Delta,AY.35,2021-10-15
13.1250725,-29.05343,-1,EPI_ISL_8074577,Delta,AY.4,2021-08-06
13.109396,-28.998726,-1,EPI_ISL_8257907,Delta,AY.24,2021-07-26
11.519804,-37.0527,-1,EPI_ISL_3418989,Delta,AY.122,2021-07-05
13.070332,-29.03793,-1,EPI_ISL_9366555,Delta,B.1.617.2,2021-11-27
14.640232,-26.881714,-1,EPI_ISL_6842341,Delta,AY.127,2021-10-11
11.566621,-37.02912,-1,EPI_ISL_7422792,Delta,AY.126,2021-11-25
13.070457,-29.053383,-1,EPI_ISL_12318654,Delta,AY.122,2021-11-30
13.101547,-29.022127,-1,EPI_ISL_10005525,Delta,AY.127,2022-01-08
12.980759,-34.75576,-1,EPI_ISL_5642766,Delta,AY.44,2021-08-19
12.999931,-29.139408,-1,EPI_ISL_7909788,Delta,AY.126,2021-12-07
13.093662,-29.0299,-1,EPI_ISL_13842420,Delta,AY.36,2021-11-17
13.109278,-29.123892,-1,EPI_ISL_10329080,Delta,AY.26.1,2021-09-01
13.085997,-29.030115,-1,EPI_ISL_2238178,Delta,B.1.617.2,2021-05-09
14.601522,-27.60026,-1,EPI_ISL_6004717,Delta,AY.36,2021-10-30
13.101484,-29.022205,-1,EPI_ISL_7646489,Delta,AY.4.6,2021-12-02
13.0936775,-29.030056,-1,EPI_ISL_6713826,Delta,AY.4.6,2021-11-07
13.039223,-29.076944,-1,EPI_ISL_3820278,Delta,AY.35,2021-07-31
13.093651,-29.037605,-1,EPI_ISL_6826777,Delta,B.1.617.2,2021-10-22
13.085972,-29.045586,-1,EPI_ISL_4441451,Delta,B.1.617.2,2021-05-19
13.070221,-29.053448,-1,EPI_ISL_3542875,Delta,B.1.617.2,2021-07-19
13.077856,-29.045712,-1,EPI_ISL_11074418,Delta,AY.112.2,2021-12-18
13.078224,-29.045708,-1,EPI_ISL_4906652,Delta,AY.26,2021-09-07
13.101557,-29.030031,-1,EPI_ISL_7898709,Delta,AY.122,2021-12-03
13.093565,-28.998684,-1,EPI_ISL_6589470,Delta,AY.39,2021-11-15
13.085939,-29.037699,-1,EPI_ISL_4546493,Delta,AY.100,2021-08-09
13.085991,-29.045647,-1,EPI_ISL_6002803,Delta,AY.36,2021-09-03
13.101515,-29.01445,-1,EPI_ISL_6774060,Delta,AY.39.1.4,2021-11-15
13.031153,-29.092346,-1,EPI_ISL_7293724,Delta,AY.36,2021-11-30
11.535396,-37.029186,-1,EPI_ISL_3833494,Delta,AY.25,2021-08-06
13.06259,-29.076853,-1,EPI_ISL_8309328,Delta,AY.122,2021-12-11
11.519849,-37.052536,-1,EPI_ISL_5195406,Delta,B.1.617.2,2021-09-14
11.543301,-37.028954,-1,EPI_ISL_4412817,Delta,AY.9.2,2021-09-08
12.535213,-35.990173,-1,EPI_ISL_9429906,Delta,AY.92,2021-12-30
13.109341,-29.029839,-1,EPI_ISL_9120805,Delta,B.1.617.2,2021-10-12
13.093777,-29.014452,-1,EPI_ISL_9361710,Delta,B.1.617.2,2021-10-06
11.48851,-37.076035,-1,EPI_ISL_6065562,Delta,AY.26,2021-10-08
11.488278,-37.052666,-1,EPI_ISL_2385293,Delta,B.1.1.523,2021-04-23
13.09374,-29.037788,-1,EPI_ISL_12254190,Delta,AY.122,2022-01-03
13.038977,-29.014488,-1,EPI_ISL_6167378,Delta,AY.47,2021-10-11
9.950633,-24.277687,-1,EPI_ISL_14534318,Delta,AY.99.2,2021-08-11
12.98844,-34.787033,-1,EPI_ISL_6057233,Delta,AY.122,2021-10-01
13.421735,-28.693945,-1,EPI_ISL_8120532,Delta,AY.23,2021-12-16
13.085791,-29.053246,-1,EPI_ISL_6868978,Delta,AY.4.2,2021-11-23
13.086029,-29.069075,-1,EPI_ISL_7548719,Delta,AY.134,2021-12-06
13.101488,-29.045525,-1,EPI_ISL_6314141,Delta,AY.103,2021-10-19
13.117115,-29.014236,-1,EPI_ISL_7853275,Delta,AY.26,2021-11-22
13.125,-28.967682,-1,EPI_ISL_8404276,Delta,AY.44,2021-12-14
14.578039,-27.428574,-1,EPI_ISL_6099271,Delta,AY.4.6,2021-11-02
13.101429,-29.022224,-1,EPI_ISL_5230519,Delta,AY.46.4,2021-08-24
13.070368,-29.045639,-1,EPI_ISL_7547545,Delta,AY.59,2021-11-27
11.558841,-36.974598,-1,EPI_ISL_9669271,Delta,AY.43,2021-12-30
14.031145,-28.045622,-1,EPI_ISL_7904698,Delta,AY.4.6,2021-12-05
13.070137,-28.998634,-1,EPI_ISL_8285581,Delta,AY.127,2021-12-10
13.109299,-29.03001,-1,EPI_ISL_6512449,Delta,AY.113,2021-11-08
13.015583,-29.108068,-1,EPI_ISL_8510924,Delta,AY.103,2021-12-01
13.054531,-29.069168,-1,EPI_ISL_7608445,Delta,AY.70,2021-11-17
13.077934,-29.030079,-1,EPI_ISL_4362326,Delta,AY.43,2021-08-22
13.085857,-29.037842,-1,EPI_ISL_5588287,Delta,AY.126,2021-10-14
14.37483,-27.678463,-1,EPI_ISL_8161836,Delta,AY.3,2021-12-20
13.0468025,-29.076942,-1,EPI_ISL_6886165,Delta,AY.39,2021-09-27
14.671553,-26.850319,-1,EPI_ISL_9879528,Delta,AY.109,2022-01-27
13.101496,-29.02214,-1,EPI_ISL_3935025,Delta,AY.100,2021-07-15
13.08601,-29.053337,-1,EPI_ISL_13331531,Delta,B.1.617.2,2021-10-25
13.0937805,-29.022,-1,EPI_ISL_6002886,Delta,AY.36,2021-10-04
13.101692,-29.029978,-1,EPI_ISL_9429758,Delta,AY.77,2021-11-01
13.093887,-29.014547,-1,EPI_ISL_5935805,Delta,AY.113,2021-10-06
13.078104,-29.029861,-1,EPI_ISL_9116646,Delta,B.1.617.2,2021-11-12
13.101652,-29.022501,-1,EPI_ISL_11777660,Delta,AY.127,2021-12-15
13.1013565,-29.022121,-1,EPI_ISL_7205852,Delta,AY.70,2021-11-02
13.109417,-29.04549,-1,EPI_ISL_7695236,Delta,AY.85,2021-11-18
14.655801,-26.86611,-1,EPI_ISL_11512480,Delta,AY.30,2021-10-20
13.085966,-29.030079,-1,EPI_ISL_8781895,Delta,B.1.617.2,2021-12
14.64019,-26.889572,-1,EPI_ISL_4012581,Delta,AY.4.1,2021-08-30
11.535288,-37.0213,-1,EPI_ISL_4059065,Delta,AY.26,2021-08-06
13.109377,-29.014477,-1,EPI_ISL_7154439,Delta,AY.70,2021-11-21
13.085964,-29.022125,-1,EPI_ISL_8560475,Delta,AY.127,2021-12-17
11.472844,-37.04475,-1,EPI_ISL_5778104,Delta,AY.25.1,2021-09-12
13.023306,-29.02226,-1,EPI_ISL_4489779,Delta,B.1.617.2,2021-09-14
12.504216,-33.8025,-1,EPI_ISL_13571042,Delta,AY.43,2021-12-14
11.550909,-37.02127,-1,EPI_ISL_10146064,Delta,AY.98.1,2021-09-25
13.062513,-29.053337,-1,EPI_ISL_6944010,Delta,AY.36,2021-10-04
13.101498,-29.037983,-1,EPI_ISL_6424833,Delta,AY.9.2,2021-10-27
13.011822,-34.708595,-1,EPI_ISL_3640792,Delta,AY.2,2021-07-29
14.617306,-27.389477,-1,EPI_ISL_11246929,Delta,AY.36,2021-10-26
13.007568,-29.108023,-1,EPI_ISL_11297780,Delta,AY.36,2021
13.0859375,-29.030088,-1,EPI_ISL_8837423,Delta,AY.122,2021-12-20
11.519661,-37.04482,-1,EPI_ISL_3613790,Delta,AY.126,2021-08-18
13.023378,-29.100193,-1,EPI_ISL_6886396,Delta,B.1.617.2,2021-09-03
13.093777,-29.014252,-1,EPI_ISL_6952778,Delta,AY.121,2021-11-12
13.085934,-29.02985,-1,EPI_ISL_9931411,Delta,AY.103,2022-01-22
13.023548,-28.990982,-1,EPI_ISL_8799973,Delta,AY.4.2,2022-01-04
11.550941,-37.09186,-1,EPI_ISL_3833524,Delta,AY.47,2021-08-10
13.117165,-29.014282,-1,EPI_ISL_5328529,Delta,AY.23,2021-09-02
13.109274,-29.006592,-1,EPI_ISL_11533554,Delta,AY.103,2021-12-22
13.436968,-28.545813,-1,EPI_ISL_7651094,Delta,B.1.617.2,2021-11-03
13.085764,-29.077118,-1,EPI_ISL_5816255,Delta,AY.77,2021-09-18
11.543194,-37.021347,-1,EPI_ISL_7872901,Delta,AY.122,2021-11-19
13.093739,-29.037859,-1,EPI_ISL_8239703,Delta,AY.43,2021-12-20
12.92981,-29.186527,-1,EPI_ISL_16799715,Delta,AY.127,2021-12-19
13.054714,-29.069088,-1,EPI_ISL_7682007,Delta,AY.43,2021-12-07
13.109255,-29.006447,-1,EPI_ISL_6883888,Delta,AY.39,2021-11-15
11.527424,-37.1384,-1,EPI_ISL_8351160,Delta,AY.34,2021-08-20
11.449378,-37.0761,-1,EPI_ISL_16815513,Delta,AY.25.1,2021-10-07
13.093681,-28.99876,-1,EPI_ISL_12302457,Delta,AY.43,2021-10-02
13.085953,-29.045837,-1,EPI_ISL_8215393,Delta,B.1.617.2,2021-12-18
11.504037,-37.044624,-1,EPI_ISL_16800806,Delta,AY.113,2021-11-23
13.140684,-29.092512,-1,EPI_ISL_8252226,Delta,AY.127,2021-12-11
13.070227,-29.03768,-1,EPI_ISL_6886189,Delta,AY.127,2021-10-12
13.117056,-29.0065,-1,EPI_ISL_9854668,Delta,AY.127,2021-12-22
13.085646,-29.037743,-1,EPI_ISL_6001502,Delta,AY.100,2021-10-30
13.101555,-29.022375,-1,EPI_ISL_7580664,Delta,B.1.617.2,2021-12-02
13.039135,-29.084621,-1,EPI_ISL_3438218,Delta,AY.4,2021-08-07
11.535454,-37.029022,-1,EPI_ISL_7409296,Delta,AY.103,2021-11-11
13.093721,-29.014456,-1,EPI_ISL_5436088,Delta,AY.113,2021-09-27
-8.581892,3.110961,-1,EPI_ISL_2403294,Delta,B.1,2021-05-03
13.101482,-29.022276,-1,EPI_ISL_3935001,Delta,AY.112,2021-07-15
11.535228,-37.02916,-1,EPI_ISL_4051641,Delta,AY.4,2021-08-03
11.551014,-37.021347,-1,EPI_ISL_7942582,Delta,AY.44,2021-11-17
13.109398,-29.014492,-1,EPI_ISL_6512639,Delta,AY.122,2021-11-09
11.558554,-37.01355,-1,EPI_ISL_8471479,Delta,AY.25.1,2021-12-22
13.10936,-29.00653,-1,EPI_ISL_7930608,Delta,AY.35,2021-11-10
11.535269,-37.02115,-1,EPI_ISL_5422063,Delta,AY.103,2021-10-06
14.625071,-27.412786,-1,EPI_ISL_9409031,Delta,AY.100,2021-12-29
13.085846,-29.01424,-1,EPI_ISL_7877348,Delta,AY.36,2021-12-15
13.43721,-28.662725,-1,EPI_ISL_7161385,Delta,AY.4,2021-11-22
13.0859375,-29.045517,-1,EPI_ISL_7939877,Delta,AY.44,2021-11-22
14.460872,-27.600292,-1,EPI_ISL_16800060,Delta,AY.100,2021-12-30
11.551078,-37.013466,-1,EPI_ISL_5924569,Delta,AY.68,2021-07-09
13.101402,-29.022247,-1,EPI_ISL_3862291,Delta,AY.35,2021-08-05
11.519833,-37.05268,-1,EPI_ISL_2958368,Delta,AY.71,2021-06-17
13.093857,-29.029953,-1,EPI_ISL_6939040,Delta,AY.70,2021-11-17
13.101578,-29.022202,-1,EPI_ISL_8055821,Delta,AY.6,2021-11-01
14.539089,-27.483202,-1,EPI_ISL_5474401,Delta,AY.120,2021-08-17
13.093742,-29.03002,-1,EPI_ISL_5632985,Delta,AY.33,2021-10-14
13.09354,-29.02222,-1,EPI_ISL_3727353,Delta,AY.36,2021-08-19
12.976669,-29.139427,-1,EPI_ISL_5984533,Delta,B.1.617.2,2021-10-14
13.101591,-29.022312,-1,EPI_ISL_6594844,Delta,AY.36,2021-10-19
13.086077,-29.029903,-1,EPI_ISL_8296322,Delta,AY.122,2021-12-06
12.504015,-33.81826,-1,EPI_ISL_13571080,Delta,AY.43,2021-11-17
13.0936165,-29.030022,-1,EPI_ISL_16800499,Delta,AY.112.2,2021-10-29
13.015621,-29.061314,-1,EPI_ISL_4820732,Delta,AY.36,2021-08-16
13.01569,-28.990799,-1,EPI_ISL_5333199,Delta,AY.113,2021-09-26
12.96072,-29.061281,-1,EPI_ISL_6400055,Delta,AY.26.1,2021-10-19
11.519484,-37.03688,-1,EPI_ISL_6147441,Delta,AY.103,2021-09-10
13.093824,-29.03009,-1,EPI_ISL_16800619,Delta,AY.36,2021-11-07
13.085869,-29.037745,-1,EPI_ISL_6301955,Delta,AY.5,2021-11-06
13.046963,-29.05354,-1,EPI_ISL_7000508,Delta,AY.36,2021-11-08
11.535354,-37.03702,-1,EPI_ISL_16814517,Delta,AY.127,2021-11-20
11.512003,-37.068287,-1,EPI_ISL_6325204,Delta,AY.4.6,2021-10-22
11.543022,-37.029182,-1,EPI_ISL_6436453,Delta,AY.32,2021-08-17
13.093636,-29.022083,-1,EPI_ISL_6022917,Delta,AY.36,2021-10-26
11.58989,-36.989998,-1,EPI_ISL_8351158,Delta,AY.122,2021-08-27
13.12509,-28.983126,-1,EPI_ISL_3259676,Delta,AY.35,2021-06-24
13.093559,-29.022202,-1,EPI_ISL_11378518,Delta,AY.122,2021-12-16
13.070259,-29.006557,-1,EPI_ISL_12099057,Delta,B.1.617.2,2021-12-15
11.5197315,-37.03699,-1,EPI_ISL_6313285,Delta,AY.126,2021-10-18
13.062195,-29.068953,-1,EPI_ISL_4402929,Delta,AY.36,2021-09-15
12.991966,-29.076992,-1,EPI_ISL_5686832,Delta,AY.122,2021-09-21
13.086067,-29.022097,-1,EPI_ISL_6507618,Delta,AY.126,2021-09-30
13.125,-28.983074,-1,EPI_ISL_5926652,Delta,AY.100,2021-10-23
11.37899,-37.02138,-1,EPI_ISL_3411925,Delta,AY.56,2021-06-22
13.093845,-29.037733,-1,EPI_ISL_5828216,Delta,AY.4,2021-10-25
11.51189,-37.06031,-1,EPI_ISL_6049920,Delta,AY.103,2021-09
13.093483,-29.037773,-1,EPI_ISL_9405860,Delta,AY.3,2021-11-16
13.070362,-29.0222,-1,EPI_ISL_15885125,Delta,AY.122,2021-12-16
14.663773,-26.842533,-1,EPI_ISL_5464285,Delta,AY.98.1,2021-09-28
13.1014595,-29.022207,-1,EPI_ISL_8806074,Delta,AY.24,2021-10-30
13.054754,-29.069145,-1,EPI_ISL_4033388,Delta,AY.35,2021-08-14
13.109251,-29.022358,-1,EPI_ISL_8126355,Delta,AY.112.2,2021-11-28
13.077885,-29.030048,-1,EPI_ISL_3444876,Delta,AY.4,2021-08-07
13.140718,-28.998917,-1,EPI_ISL_15269714,Delta,AY.129,2021-11-09
11.480693,-37.099487,-1,EPI_ISL_6949268,Delta,B.1,2020-07-16
11.551014,-37.021294,-1,EPI_ISL_3122668,Delta,AY.4,2021-07-23
11.527481,-37.02897,-1,EPI_ISL_7945047,Delta,AY.103,2021-11-24
13.101446,-29.0223,-1,EPI_ISL_8404436,Delta,AY.44,2021-12-14
11.574478,-37.06028,-1,EPI_ISL_7160539,Delta,AY.3,2021-11-18
12.511839,-33.82592,-1,EPI_ISL_13571133,Delta,AY.43,2021-11-17
13.109423,-29.022179,-1,EPI_ISL_3292058,Delta,AY.36,2021-08-01
11.496235,-37.052414,-1,EPI_ISL_8345097,Delta,AY.122,2021-12-15
13.140633,-28.983185,-1,EPI_ISL_6722844,Delta,B.1.617.2,2021-11-02
13.038834,-29.084707,-1,EPI_ISL_8342881,Delta,AY.112.2,2021-12-15
13.101606,-29.029972,-1,EPI_ISL_16897750,Delta,AY.99.2,2022-01-03
13.00001,-29.115992,-1,EPI_ISL_6846133,Delta,AY.36,2021-11-09
13.117065,-29.006578,-1,EPI_ISL_7104666,Delta,AY.99.2,2021-10-10
12.504153,-33.872864,-1,EPI_ISL_13571062,Delta,AY.43,2021-11-17
13.101612,-29.069012,-1,EPI_ISL_13985253,Delta,AY.30,2022-05-02
13.101622,-29.022219,-1,EPI_ISL_5260528,Delta,AY.85,2021-10-03
11.54298,-37.029137,-1,EPI_ISL_14595353,Delta,AY.129,2021-10-15
13.101421,-29.006718,-1,EPI_ISL_16800436,Delta,AY.127,2021-10-25
13.09362,-29.022316,-1,EPI_ISL_7467025,Delta,AY.4,2021-11-19
13.117313,-29.053497,-1,EPI_ISL_9695439,Delta,AY.36,2021-11-11
13.093624,-29.022099,-1,EPI_ISL_6031976,Delta,AY.122,2021-09-07
13.093639,-29.022238,-1,EPI_ISL_4522671,Delta,AY.4,2021-09-20
11.496235,-37.083763,-1,EPI_ISL_6371128,Delta,AY.26,2021-09-28
11.527519,-37.03697,-1,EPI_ISL_4241606,Delta,AY.78,2021-08-19
13.031231,-29.100243,-1,EPI_ISL_6938079,Delta,AY.113,2021-11-08
13.031307,-29.022274,-1,EPI_ISL_6398189,Delta,AY.35,2021-10-26
13.08577,-29.037846,-1,EPI_ISL_13159097,Delta,AY.129,2021-12-27
13.117126,-29.014416,-1,EPI_ISL_8893580,Delta,AY.122,2021-12-23
11.519793,-37.0448,-1,EPI_ISL_11580737,Delta,AY.122,2021-10-30
-8.589859,3.1265945,-1,EPI_ISL_8112752,Delta,AY.5.7,2021-12-13
13.085651,-29.022444,-1,EPI_ISL_12301744,Delta,AY.43,2021-12-03
11.519869,-37.021553,-1,EPI_ISL_6631681,Delta,AY.44,2021-11-03
11.558708,-37.005775,-1,EPI_ISL_9429887,Delta,AY.127,2022-01-04
11.425985,-37.138508,-1,EPI_ISL_9201909,Delta,AY.44,2021-12-24
13.023323,-28.975399,-1,EPI_ISL_17116558,Delta,AY.25,2021-12-15
12.976505,-29.14722,-1,EPI_ISL_13830874,Delta,AY.122,2021-12-06
13.046915,-29.07693,-1,EPI_ISL_9609255,Delta,AY.85,2021-12-26
11.472881,-37.091625,-1,EPI_ISL_3833557,Delta,AY.103,2021-08-14
12.937317,-29.186184,-1,EPI_ISL_8888671,Delta,AY.43,2021-12-02
13.007956,-29.12386,-1,EPI_ISL_6755418,Delta,AY.35,2021-11-08
13.062624,-29.053516,-1,EPI_ISL_6650644,Delta,AY.47,2021-10-05
13.101553,-29.014538,-1,EPI_ISL_10542638,Delta,AY.122,2022-02-03
13.086117,-29.108131,-1,EPI_ISL_7521943,Delta,AY.126,2021-12-01
11.519709,-37.029106,-1,EPI_ISL_2987753,Delta,AY.44,2021-06-23
14.617069,-27.389374,-1,EPI_ISL_7547630,Delta,AY.36,2021-09
-8.597725,3.1267385,-1,EPI_ISL_8110661,Delta,AY.5.7,2021-12-05
13.085968,-29.022146,-1,EPI_ISL_7189714,Delta,AY.24,2021-10-30
11.54331,-37.01352,-1,EPI_ISL_13571099,Delta,AY.122,2021-11-25
13.10132,-29.029942,-1,EPI_ISL_9120946,Delta,AY.127,2021-10-12
13.078047,-29.053495,-1,EPI_ISL_6941906,Delta,AY.94,2021-11
13.085829,-29.029982,-1,EPI_ISL_9473063,Delta,AY.127,2021-12-29
14.578186,-27.615957,-1,EPI_ISL_8673268,Delta,AY.127,2021-12-27
11.55079,-37.08374,-1,EPI_ISL_4237520,Delta,AY.25,2021-08-06
13.0935135,-29.022182,-1,EPI_ISL_5050113,Delta,AY.9.2,2021-09-29
13.08614,-29.037746,-1,EPI_ISL_7268587,Delta,AY.36,2021-11-22
11.5042095,-37.044804,-1,EPI_ISL_6160706,Delta,AY.103,2021-09-25
13.101629,-29.022013,-1,EPI_ISL_9663019,Delta,B.1.617.2,2021-12-15
-15.657635,-2.9960127,-1,EPI_ISL_15983543,Omicron,BA.5.2.7,2022-11-07
-24.57747,-12.941646,-1,EPI_ISL_15088269,Omicron,Unassigned,2022-09-13
-19.210966,7.394516,-1,EPI_ISL_15991291,Omicron,CL.1,2022-11-15
-24.56213,-12.918074,-1,EPI_ISL_16190013,Omicron,BA.5.2,2022-12-05
-20.74206,6.19156,-1,EPI_ISL_16291351,Omicron,CK.1,2022-11-30
-24.632484,-12.965113,-1,EPI_ISL_14686631,Omicron,BA.5.2.1,2022-08-15
-14.778203,-3.187397,-1,EPI_ISL_17001384,Omicron,XBB.1.5.32,2023-02-09
-20.710989,6.2460833,-1,EPI_ISL_17320854,Omicron,DL.1,2022-11-19
-20.718578,6.2380466,-1,EPI_ISL_15860123,Omicron,CL.1,2022-11-07
-14.817234,-3.2421904,-1,EPI_ISL_17046123,Omicron,XBB.1.5.12,2023-02-16
-9.4586115,-8.903614,-1,EPI_ISL_11560594,Omicron,BA.2,2022-03-06
-9.661243,-9.067548,-1,EPI_ISL_12245472,Omicron,BA.2,2022-04-12
11.504042,-37.060493,-1,EPI_ISL_8335137,Omicron,BA.1,2021-12-28
-24.562094,-12.902134,-1,EPI_ISL_16527326,Omicron,BF.14,2023-01-09
-15.642183,-2.9957,-1,EPI_ISL_16460242,Omicron,BA.5.2.14,2022-12-19
-24.569754,-12.91807,-1,EPI_ISL_16240751,Omicron,BA.5.5.1,2022-11-13
11.504082,-37.044662,-1,EPI_ISL_9430038,Omicron,BA.2.10,2021-12-25
-20.742126,6.2459993,-1,EPI_ISL_16167911,Omicron,CK.2,2022-11-27
-24.60112,-12.933825,-1,EPI_ISL_16264612,Omicron,BA.5.6.1,2022-12-02
-15.6651125,-0.96479416,-1,EPI_ISL_16290386,Omicron,BF.21,2022-08-02
-20.671703,6.269573,-1,EPI_ISL_16008495,Omicron,CL.1.2,2022-11-18
-9.839341,-9.567449,-1,EPI_ISL_11027096,Omicron,BA.2,2022-03-08
-24.616766,-12.972854,-1,EPI_ISL_16411995,Omicron,BF.14,2022-12-21
11.504033,-37.044624,-1,EPI_ISL_9940202,Omicron,BA.1,2022-01-25
-24.515045,-12.871162,-1,EPI_ISL_16400633,Omicron,BA.5.2.37,2022-12-20
-24.632313,-12.980636,-1,EPI_ISL_15693939,Omicron,BA.5.2.44,2022-10-27
-15.603077,-3.042819,-1,EPI_ISL_15882208,Omicron,CG.1,2022-11-18
-15.634399,-2.9959474,-1,EPI_ISL_15670174,Omicron,BA.5.2.7,2022-10-23
-20.671803,6.1993484,-1,EPI_ISL_17579584,Omicron,CL.1,2022-12-29
-24.530708,-12.887037,-1,EPI_ISL_14840990,Omicron,BA.5.2.32,2022-08-31
-24.554085,-12.894838,-1,EPI_ISL_15038251,Omicron,BF.14,2022-09-06
-10.63121,-9.64601,-1,EPI_ISL_14640647,Omicron,BA.2,2022-07-17
-19.4375,7.371279,-1,EPI_ISL_16145029,Omicron,DL.1,2022-11
-10.005645,-8.481961,-1,EPI_ISL_13371810,Omicron,BA.2.9,2022-06-09
-23.444843,-11.871148,-1,EPI_ISL_16563879,Omicron,BF.14,2022-10-05
-20.765533,6.199196,-1,EPI_ISL_16460386,Omicron,CK.2.1.1,2022-12-19
12.996359,-35.20089,-1,EPI_ISL_14245356,Omicron,BA.2,2022-07-12
-24.577387,-12.925954,-1,EPI_ISL_16290676,Omicron,BA.5.2.60,2022-12-02
-24.59334,-12.949317,-1,EPI_ISL_16167820,Omicron,BA.5.2.62,2022-12-02
11.433739,-37.13064,-1,EPI_ISL_10066137,Omicron,BA.2,2022-01-10
-24.585358,-12.8946085,-1,EPI_ISL_16320580,Omicron,BA.5.2.53,2022-12-11
-20.687246,6.2618294,-1,EPI_ISL_17047783,Omicron,CL.1,2023-02-05
-24.554062,-12.933617,-1,EPI_ISL_17096021,Omicron,BA.5.10,2022-11-24
-23.358702,-11.785301,-1,EPI_ISL_16946332,Omicron,BA.5.2.23,2023-01-09
-20.773335,6.1914234,-1,EPI_ISL_16743503,Omicron,DL.1,2022-12-21
-24.577507,-12.9260845,-1,EPI_ISL_16428887,Omicron,BF.14,2022-11-15
-20.70322,6.246315,-1,EPI_ISL_16381419,Omicron,CK.1,2022-12-19
-20.67965,6.261713,-1,EPI_ISL_17174673,Omicron,CL.1,2023-02-23
-15.657335,-0.97256565,-1,EPI_ISL_15139227,Omicron,BA.5.1,2022-08-22
-20.749947,6.222763,-1,EPI_ISL_16388835,Omicron,CK.1.1,2022-12-17
-15.594863,-0.9099369,-1,EPI_ISL_13855968,Omicron,BF.4,2022-06-27
-20.358986,6.597687,-1,EPI_ISL_15805553,Omicron,DJ.1.1.1,2022-10-28
-9.450722,-8.942737,-1,EPI_ISL_12475994,Omicron,BA.2,2022-04-19
-19.851357,7.168042,-1,EPI_ISL_15737289,Omicron,DL.1,2022-10-29
-24.577496,-12.933839,-1,EPI_ISL_15333507,Omicron,BA.5.1,2022-09-29
-20.73436,6.26184,-1,EPI_ISL_15901221,Omicron,CK.2.1,2022-11-07
-24.56987,-12.91823,-1,EPI_ISL_15789127,Omicron,BF.14,2022-10-22
-14.786076,-3.2029905,-1,EPI_ISL_16875094,Omicron,Unassigned,2023-01-30
-14.770345,-3.2107925,-1,EPI_ISL_17473594,Omicron,XBB.1.16.1,2023-03-25
-9.458742,-8.895995,-1,EPI_ISL_12263531,Omicron,BA.2.9,2022-04-08
-24.601063,-12.949445,-1,EPI_ISL_16725237,Omicron,CN.1,2022-12-17
-24.632439,-12.972906,-1,EPI_ISL_15602681,Omicron,BF.14,2022-10-24
-9.982391,-8.489767,-1,EPI_ISL_10721138,Omicron,BA.2,2022-02-23
-20.68747,6.2618484,-1,EPI_ISL_16007748,Omicron,DL.1,2022-11-12
-20.663914,6.2384377,-1,EPI_ISL_17087668,Omicron,DL.1,2022-12-02
-20.68756,6.2462234,-1,EPI_ISL_15643616,Omicron,BA.5.2.23,2022-10-20
-20.671883,6.207224,-1,EPI_ISL_17517685,Omicron,CK.2.1.1,2023-01-17
-20.757751,6.0977497,-1,EPI_ISL_16424013,Omicron,CL.1,2022-12-05
-24.577526,-12.933685,-1,EPI_ISL_15324380,Omicron,BA.5.5.1,2022-09-23
-20.703003,6.245941,-1,EPI_ISL_16825610,Omicron,CK.1.1,2023-01-18
-24.39005,-12.832169,-1,EPI_ISL_15983136,Omicron,CN.1,2022-10-12
-24.608824,-12.933561,-1,EPI_ISL_16231244,Omicron,BF.14,2022-10-03
-9.4430485,-8.887966,-1,EPI_ISL_12156130,Omicron,BA.2,2022-04-12
-19.421844,7.3865957,-1,EPI_ISL_16286888,Omicron,CL.1,2022-12-06
-24.553934,-12.98071,-1,EPI_ISL_16090018,Omicron,BA.5.2.19,2022-11-29
12.824606,-35.130653,-1,EPI_ISL_10306559,Omicron,BA.2,2022-01-31
-20.687431,6.245881,-1,EPI_ISL_16236314,Omicron,DL.1,2022-11-30
-24.616709,-12.965077,-1,EPI_ISL_17560005,Omicron,BF.14,2023-01-18
-15.634502,-2.9957972,-1,EPI_ISL_16480878,Omicron,CY.2,2022-12-08
-24.56965,-12.917847,-1,EPI_ISL_16686821,Omicron,Unassigned,2023-01-03
-15.665499,-2.9958339,-1,EPI_ISL_15006940,Omicron,Unassigned,2022-09-06
-24.53081,-12.886665,-1,EPI_ISL_16685937,Omicron,Unassigned,2023-01-16
-15.657507,-0.9645581,-1,EPI_ISL_13912581,Omicron,BE.1.1,2022-06-15
-24.56985,-12.910374,-1,EPI_ISL_15584575,Omicron,BE.3,2022-10-14
-24.569696,-12.957221,-1,EPI_ISL_14893416,Omicron,Unassigned,2022-08-29
-15.618608,-2.98037,-1,EPI_ISL_14894173,Omicron,Unassigned,2022-08-29
-20.734243,6.2070675,-1,EPI_ISL_16064793,Omicron,Unassigned,2022-11-29
-24.577438,-12.933653,-1,EPI_ISL_15285574,Omicron,BF.3,2022-09-29
-20.687439,6.1679935,-1,EPI_ISL_16583612,Omicron,CL.1.1,2022-12-28
-24.507286,-12.847657,-1,EPI_ISL_15905184,Omicron,BF.14,2022-11-11
12.550903,-36.00565,-1,EPI_ISL_14087857,Omicron,Unassigned,2022-06-17
-20.695087,6.082157,-1,EPI_ISL_17566696,Omicron,CL.1,2023-02-02
-20.695356,6.2618027,-1,EPI_ISL_16109733,Omicron,CK.1,2022-11-22
-9.895445,-9.536274,-1,EPI_ISL_12395654,Omicron,BA.2,2022-04-23
-24.569954,-12.925998,-1,EPI_ISL_14264602,Omicron,BA.5.2.1,2022-07-20
-24.710312,-13.066675,-1,EPI_ISL_15263650,Omicron,BF.14,2022-09-16
-9.450748,-8.895735,-1,EPI_ISL_12569403,Omicron,BA.2.9,2022-03-25
12.970753,-35.09099,-1,EPI_ISL_13762578,Omicron,BA.2.12,2022-05-11
-9.450702,-8.89588,-1,EPI_ISL_11748091,Omicron,BA.2.9,2022-03-18
-23.17127,-11.7070465,-1,EPI_ISL_14851005,Omicron,BA.4.2,2022-08-23
-15.641926,-2.9957714,-1,EPI_ISL_14939033,Omicron,BA.5.2.31,2022-08-30
-20.70314,6.2307453,-1,EPI_ISL_17527799,Omicron,CK.1.1,2023-03-08
-20.374718,6.589979,-1,EPI_ISL_16527835,Omicron,CK.2.1.1,2023-01-06
-23.421423,-11.847633,-1,EPI_ISL_16309218,Omicron,BA.5.2.20,2022-12-16
-20.695145,6.2617674,-1,EPI_ISL_16297608,Omicron,DL.1,2022-11-08
-9.450768,-8.911441,-1,EPI_ISL_11906264,Omicron,BA.2.9,2022-03-26
-15.634258,-2.995885,-1,EPI_ISL_15930431,Omicron,BA.5.2.14,2022-11-21
-24.546276,-12.894576,-1,EPI_ISL_15815944,Omicron,BF.14,2022-11-07
-9.974754,-8.489557,-1,EPI_ISL_16977389,Omicron,BA.2,2022-09-22
-24.59318,-12.933607,-1,EPI_ISL_15745616,Omicron,Unassigned,2022-10-31
-24.54649,-12.902438,-1,EPI_ISL_16009255,Omicron,BF.14,2022-11-22
-24.569782,-12.894697,-1,EPI_ISL_15460074,Omicron,Unassigned,2022-10-10
-8.574212,3.1110153,-1,EPI_ISL_10707293,Omicron,B.1.1.529,2021-12-10
-14.785993,-3.2188454,-1,EPI_ISL_17526308,Omicron,XBB.1.5,2023-03-22
-15.719776,-0.9256182,-1,EPI_ISL_17426204,Omicron,BA.5.2.1,2022-07-19
-15.665139,-0.95667744,-1,EPI_ISL_14216120,Omicron,BA.5,2022-06-27
11.496238,-37.01365,-1,EPI_ISL_9430028,Omicron,BA.1.15,2021-12-27
-20.679699,6.261794,-1,EPI_ISL_16286920,Omicron,CL.1,2022-12-07
-24.562193,-12.894775,-1,EPI_ISL_16344341,Omicron,BA.5.2.62,2022-12-11
12.558842,-35.9276,-1,EPI_ISL_17238996,Omicron,BA.5.2.1,2022-06-15
-24.546377,-12.902401,-1,EPI_ISL_16083250,Omicron,BF.32,2022-11-22
-14.80175,-3.2107449,-1,EPI_ISL_17286263,Omicron,XBB.1.5,2023-03-06
-14.778194,-3.187418,-1,EPI_ISL_17103985,Omicron,BA.2,2023-02-17
-15.64221,-2.9958081,-1,EPI_ISL_14879170,Omicron,BA.5.2.56,2022-08-25
-24.569798,-12.918167,-1,EPI_ISL_16474409,Omicron,BF.14,2022-12-13
-9.419427,-8.86448,-1,EPI_ISL_13136000,Omicron,BA.2,2022-05-09
-15.657814,-2.9958067,-1,EPI_ISL_14617127,Omicron,BA.5.2.7,2022-08-17
-24.58539,-12.941623,-1,EPI_ISL_15649740,Omicron,BF.36,2022-10-08
-9.4586525,-8.903553,-1,EPI_ISL_13131258,Omicron,BA.2.1,2022-04-11
-9.895676,-9.536359,-1,EPI_ISL_12700997,Omicron,BA.2,2022-05-06
-9.403978,-8.856953,-1,EPI_ISL_16366888,Omicron,Unassigned,2022-01-07
-15.642132,-2.9958282,-1,EPI_ISL_15704468,Omicron,BA.5.2.7,2022-10-21
-14.78599,-3.2107182,-1,EPI_ISL_16925653,Omicron,XBB.1.5.12,2023-02-06
-14.778319,-3.2108202,-1,EPI_ISL_17241654,Omicron,XBB.1.5.12,2023-03-08
-20.695387,6.238415,-1,EPI_ISL_16586454,Omicron,CL.1,2023-01-05
-14.7940645,-3.2108927,-1,EPI_ISL_17365810,Omicron,Unassigned,2023-03-20
-20.702957,6.2305984,-1,EPI_ISL_17580675,Omicron,DL.1,2022-12-30
-14.793858,-3.2106771,-1,EPI_ISL_17006724,Omicron,XBB.1.5.12,2023-02-14
-20.75772,6.2694664,-1,EPI_ISL_15919850,Omicron,CL.1,2022-11-10
-20.718729,6.2383404,-1,EPI_ISL_16504039,Omicron,DL.1,2022-12-16
-9.98251,-8.497387,-1,EPI_ISL_13187252,Omicron,BA.2,2022-04-22
-24.530586,-12.925866,-1,EPI_ISL_15204410,Omicron,BA.5.6.1,2022-09-02
-20.71866,6.2382298,-1,EPI_ISL_16473811,Omicron,CL.1,2022-12-20
-15.657402,-0.95690155,-1,EPI_ISL_14431976,Omicron,BA.5.1,2022-08-04
-20.734324,6.1836557,-1,EPI_ISL_17085495,Omicron,CL.1,2023-02-19
-9.864758,-9.513012,-1,EPI_ISL_12265740,Omicron,BA.2,2022-04-04
-24.569704,-12.902256,-1,EPI_ISL_15830793,Omicron,BA.5,2022-11-11
11.5510435,-37.005646,-1,EPI_ISL_10746428,Omicron,BA.2,2022-02
-24.546316,-12.89437,-1,EPI_ISL_16054533,Omicron,BA.5.2,2022-09-26
-24.569735,-12.910224,-1,EPI_ISL_17014962,Omicron,BA.5.2.32,2023-02-13
-24.616701,-12.949181,-1,EPI_ISL_15460794,Omicron,Unassigned,2022-10-05
-20.765652,6.1835213,-1,EPI_ISL_16287363,Omicron,CL.1,2022-12-06
-9.4195385,-8.950515,-1,EPI_ISL_13253249,Omicron,BA.2.22,2022-05-06
-20.718666,6.24623,-1,EPI_ISL_17425692,Omicron,CK.1.1,2023-03-24
-20.726496,6.2225447,-1,EPI_ISL_16088413,Omicron,DG.1,2022-11-21
-24.49931,-12.855495,-1,EPI_ISL_15918453,Omicron,BA.5.2.1,2022-11-15
-15.680671,-0.956862,-1,EPI_ISL_13703392,Omicron,BA.4.1,2022-06-28
-9.450662,-8.903534,-1,EPI_ISL_13999703,Omicron,BA.2,2022-06-21
-24.57781,-12.933764,-1,EPI_ISL_15504751,Omicron,BE.4,2022-09-14
-9.411796,-8.849089,-1,EPI_ISL_12734300,Omicron,BA.2,2022-05-09
-15.665209,-0.96461105,-1,EPI_ISL_14398690,Omicron,BA.5.2,2022-07-02
-24.554155,-12.910373,-1,EPI_ISL_15223069,Omicron,BU.3,2022-09-26
-15.642307,-2.9959278,-1,EPI_ISL_16716241,Omicron,BA.5.2,2023-01-11
-24.600939,-12.933668,-1,EPI_ISL_16426829,Omicron,BA.5.5.1,2022-12-05
-24.304333,-12.69939,-1,EPI_ISL_16401000,Omicron,BF.32,2022-12-09
-9.990034,-8.497493,-1,EPI_ISL_13237010,Omicron,BA.2.72,2022-05-20
-20.71096,6.261675,-1,EPI_ISL_16920376,Omicron,CK.1,2023-02-01
-14.786092,-3.203084,-1,EPI_ISL_16381264,Omicron,XBB.3,2022-12-19
-24.616776,-12.941716,-1,EPI_ISL_15610737,Omicron,BA.5.5.1,2022-10-22
-24.561958,-12.925868,-1,EPI_ISL_15411113,Omicron,BA.5.5.1,2022-09-21
-20.69518,6.222849,-1,EPI_ISL_16709595,Omicron,CL.1,2022-12-09
-15.634533,-2.99572,-1,EPI_ISL_14299656,Omicron,BA.5.1.5,2022-07-05
11.519735,-37.044716,-1,EPI_ISL_9366701,Omicron,BA.1.1,2021-12-28
-24.546288,-12.894588,-1,EPI_ISL_15309627,Omicron,BA.5.2.52,2022-10-01
-24.671366,-12.902357,-1,EPI_ISL_14738104,Omicron,BA.5.5.1,2022-08-15
-20.827888,6.1915216,-1,EPI_ISL_16464754,Omicron,DL.1,2022-12-07
-20.69511,6.261631,-1,EPI_ISL_17537630,Omicron,CK.1,2023-03-11
-20.500053,6.449136,-1,EPI_ISL_15962615,Omicron,BV.2,2022-10-06
-15.626564,-2.9958582,-1,EPI_ISL_14734833,Omicron,BA.5.2,2022-08-12
-9.380562,-8.825609,-1,EPI_ISL_13082994,Omicron,BA.2,2022-05-09
-10.553011,-9.583628,-1,EPI_ISL_14083461,Omicron,BA.2.12.1,2022-07-08
-20.710718,6.246214,-1,EPI_ISL_16300866,Omicron,DJ.1.1.1,2022-12-14
-15.6423025,-2.9957285,-1,EPI_ISL_15757105,Omicron,BA.5.2.7,2022-10-21
-15.649487,-0.9568763,-1,EPI_ISL_16019689,Omicron,BF.27,2022-11-27
-20.687372,6.2771635,-1,EPI_ISL_15919376,Omicron,CL.1,2022-10-28
-20.734268,6.253893,-1,EPI_ISL_16582307,Omicron,Unassigned,2023-01-10
-23.351154,-11.769652,-1,EPI_ISL_15859515,Omicron,BA.5.2.23,2022-11-02
-24.546358,-12.894709,-1,EPI_ISL_16389940,Omicron,BA.5.5.1,2022-11-04
-24.5696,-12.926012,-1,EPI_ISL_16395825,Omicron,BF.14,2022-12-25
-15.642143,-2.9880948,-1,EPI_ISL_16750683,Omicron,BA.5.2.27,2022-12-25
-20.687454,6.2929955,-1,EPI_ISL_16690492,Omicron,CK.2,2022-12-15
-24.530708,-12.879185,-1,EPI_ISL_15884831,Omicron,BA.5.2.1,2022-10-15
-15.64205,-2.9879293,-1,EPI_ISL_15943251,Omicron,BA.5.2,2022-10-26
-14.79394,-3.218604,-1,EPI_ISL_17089245,Omicron,XBB.1.5.12,2023-02-21
-20.742231,6.253951,-1,EPI_ISL_16480227,Omicron,CK.1,2022-12-28
-15.665214,-0.9566717,-1,EPI_ISL_14307263,Omicron,BA.5.1,2022-07-26
11.348045,-37.22465,-1,EPI_ISL_15248387,Omicron,BA.5.2.1,2022-09-14
-20.702892,6.2461767,-1,EPI_ISL_16884262,Omicron,BA.5.1,2023-01-26
11.535353,-37.06839,-1,EPI_ISL_10306140,Omicron,BA.2,2022-02-02
-24.569702,-12.933733,-1,EPI_ISL_17103258,Omicron,BF.14,2023-02-14
-20.218552,6.6913834,-1,EPI_ISL_16008427,Omicron,CL.1,2022-11-21
-24.538591,-12.886845,-1,EPI_ISL_16159230,Omicron,BF.14,2022-12-02
-24.562008,-12.918182,-1,EPI_ISL_16198527,Omicron,BA.5.2.1,2022-11-07
-20.679617,6.27746,-1,EPI_ISL_15799261,Omicron,CK.2.1,2022-11-02
-20.781075,6.2697353,-1,EPI_ISL_17279275,Omicron,DL.1,2022-11-22
-19.695148,7.1365566,-1,EPI_ISL_17665240,Omicron,CL.1,2023-03-27
-24.29657,-12.675959,-1,EPI_ISL_16286989,Omicron,BA.5.2.1,2022-12-18
-19.765701,7.214905,-1,EPI_ISL_16831345,Omicron,DJ.1.3,2022-12-21
-20.695274,6.2383394,-1,EPI_ISL_16465862,Omicron,DL.1,2022-12-09
-24.624477,-12.972771,-1,EPI_ISL_16151218,Omicron,BA.5.2.60,2022-12-03
-24.593212,-12.9179945,-1,EPI_ISL_15671003,Omicron,BF.14,2022-11-02
-24.577328,-12.918182,-1,EPI_ISL_16619504,Omicron,BF.14,2023-01-10
-20.655949,6.300831,-1,EPI_ISL_16731748,Omicron,CL.1,2023-01-13
-9.091389,-8.333332,-1,EPI_ISL_13441367,Omicron,BA.2.3.14,2022-06-06
-24.608688,-12.941539,-1,EPI_ISL_15265710,Omicron,BF.14,2022-09-23
-23.452639,-11.878869,-1,EPI_ISL_15404008,Omicron,BF.14,2022-10-01
-20.695293,6.238222,-1,EPI_ISL_15966503,Omicron,CK.1,2022-11-21
-14.78624,-3.2186584,-1,EPI_ISL_17440496,Omicron,XBB.1.5.12,2023-03-30
-20.710873,6.2461777,-1,EPI_ISL_16597694,Omicron,CK.1,2022-12-27
-24.561993,-12.90246,-1,EPI_ISL_15821207,Omicron,BF.32,2022-10-31
-20.69534,6.2460747,-1,EPI_ISL_16867227,Omicron,CK.1,2023-02-01
-24.554234,-12.902619,-1,EPI_ISL_16471713,Omicron,BF.14,2022-09-09
-20.757923,6.199259,-1,EPI_ISL_16448060,Omicron,BE.4.2,2022-12-20
-14.816698,-3.1798701,-1,EPI_ISL_17503272,Omicron,XBB.1.5.12,2023-03-23
-9.505388,-8.856642,-1,EPI_ISL_12685220,Omicron,BA.2,2022-05-04
-24.569817,-12.93372,-1,EPI_ISL_15933877,Omicron,BA.5.2.32,2022-11-12
-9.990145,-8.497688,-1,EPI_ISL_12172583,Omicron,BA.2.3,2022-03-15
-24.546225,-12.894704,-1,EPI_ISL_15478676,Omicron,Unassigned,2022-08-19
-14.78595,-3.2108326,-1,EPI_ISL_17502092,Omicron,XBB.1.5.12,2023-04-03
-15.673105,-1.0115252,-1,EPI_ISL_14236596,Omicron,BE.1.1,2022-06-25
-10.005772,-8.481924,-1,EPI_ISL_16307380,Omicron,BA.2,2022-06-13
-24.577572,-12.933672,-1,EPI_ISL_16267304,Omicron,CN.1,2022-12-08
-9.497679,-8.872358,-1,EPI_ISL_13905152,Omicron,BA.2,2022-06-06
-23.45268,-11.83205,-1,EPI_ISL_16828999,Omicron,BA.5.10,2022-06-09
-24.170835,-12.574535,-1,EPI_ISL_16492910,Omicron,BE.1,2022-12-30
-24.562012,-12.9026165,-1,EPI_ISL_17317895,Omicron,CN.1,2023-01-10
-9.997925,-8.48186,-1,EPI_ISL_16211340,Omicron,BA.2.3,2022-04-22
-9.466476,-8.903718,-1,EPI_ISL_13018108,Omicron,BA.2,2022-05-10
-9.895453,-9.528614,-1,EPI_ISL_12291784,Omicron,BA.2.9,2022-04-19
-9.982302,-8.4898815,-1,EPI_ISL_14701413,Omicron,BA.2,2022-07-27
-15.649944,-2.995925,-1,EPI_ISL_15739742,Omicron,BA.5.2.14,2022-11-03
-20.695412,6.2461977,-1,EPI_ISL_16942174,Omicron,Unassigned,2023-02-06
-20.851547,6.1054554,-1,EPI_ISL_16465744,Omicron,DL.1,2022-12-14
-14.786036,-3.2108345,-1,EPI_ISL_17689951,Omicron,XBB.1.5.20,2023-05-01
-20.71098,6.2460737,-1,EPI_ISL_16916627,Omicron,BE.4.2,2023-02-01
-19.171629,7.339924,-1,EPI_ISL_16693995,Omicron,CL.1,2023-01-17
-10.584301,-9.599089,-1,EPI_ISL_15680483,Omicron,BA.2.2,2022-08-16
-19.82809,7.1444473,-1,EPI_ISL_16920109,Omicron,CK.1,2023-01-10
-9.427544,-8.849031,-1,EPI_ISL_13724627,Omicron,BA.2.9,2022-05-23
-20.710848,6.2383165,-1,EPI_ISL_17166385,Omicron,Unassigned,2023-02-28
-9.537212,-8.536596,-1,EPI_ISL_13407035,Omicron,BA.2,2022-06-01
11.503912,-37.075966,-1,EPI_ISL_8947440,Omicron,BA.1,2021-12-29
-15.641929,-0.9412985,-1,EPI_ISL_14398956,Omicron,BA.5.2,2022-07-15
-24.60113,-12.949218,-1,EPI_ISL_16396129,Omicron,BF.14,2022-12-23
-20.69524,6.246166,-1,EPI_ISL_17269032,Omicron,CK.1,2023-03-16
11.613592,-36.982323,-1,EPI_ISL_10306134,Omicron,BA.2,2022-02-02
-9.45093,-8.895902,-1,EPI_ISL_12713331,Omicron,BA.2.9.3,2022-05-10
-15.673109,-0.96455,-1,EPI_ISL_13856418,Omicron,BA.4.1.1,2022-06-29
-20.695404,6.246107,-1,EPI_ISL_16237440,Omicron,DL.1,2022-11-03
-15.657385,-0.9567623,-1,EPI_ISL_14525216,Omicron,BA.4,2022-07-05
-24.569874,-12.910293,-1,EPI_ISL_16812327,Omicron,BA.5.2,2023-01-19
-15.626215,-2.9722872,-1,EPI_ISL_16854377,Omicron,BA.5.2.48,2023-01-28
-24.593128,-12.926023,-1,EPI_ISL_15663687,Omicron,Unassigned,2022-10-11
-9.880253,-9.497499,-1,EPI_ISL_12280553,Omicron,BA.2.3.15,2022-04-13
-15.626389,-2.9801435,-1,EPI_ISL_17345585,Omicron,BA.5.2.14,2022-12-22
-20.695219,6.1601906,-1,EPI_ISL_16682305,Omicron,CK.1,2023-01-22
-15.641994,-2.99571,-1,EPI_ISL_15813833,Omicron,BA.5.2.14,2022-11-04
-24.554173,-12.9728365,-1,EPI_ISL_16041307,Omicron,BA.5.2.52,2022-11-28
-24.57764,-12.933686,-1,EPI_ISL_15450569,Omicron,BF.14,2022-10-10
-24.530716,-12.894741,-1,EPI_ISL_15098351,Omicron,BA.5.5.1,2022-09-12
-15.642235,-2.9957438,-1,EPI_ISL_15442087,Omicron,BA.5.2.7,2022-09-22
-15.66522,-0.9647126,-1,EPI_ISL_14706852,Omicron,BA.5.2.1,2022-08-16
-20.695354,6.246125,-1,EPI_ISL_16151593,Omicron,CL.1.3,2022-11-18
-9.895654,-9.53644,-1,EPI_ISL_12559878,Omicron,BA.2.32,2022-03-02
-24.57771,-12.933668,-1,EPI_ISL_16292830,Omicron,BF.14,2022-11-23
-15.642284,-2.9957247,-1,EPI_ISL_15616724,Omicron,BA.5.2.7,2022-10-05
-24.710495,-13.058664,-1,EPI_ISL_16328458,Omicron,BA.5.1.5,2022-12-14
-9.997992,-8.49763,-1,EPI_ISL_13010187,Omicron,BA.2,2022-05-10
-9.982275,-8.489725,-1,EPI_ISL_13010247,Omicron,BA.2.9,2022-05-10
-9.700338,-9.13016,-1,EPI_ISL_15039297,Omicron,BA.2,2022-04-04
-20.703007,6.246147,-1,EPI_ISL_16414527,Omicron,CK.1,2022-12-19
-15.657267,-0.9646363,-1,EPI_ISL_14916242,Omicron,BE.1.1,2022-08-16
-24.570055,-12.925924,-1,EPI_ISL_15633527,Omicron,BA.5.2.62,2022-10-28
-24.577688,-12.926013,-1,EPI_ISL_16257839,Omicron,BF.14,2022-11-14
-9.895628,-9.559884,-1,EPI_ISL_13203257,Omicron,BA.2.9,2022-05-13
-15.665054,-0.95679426,-1,EPI_ISL_17227555,Omicron,BA.5.2,2023-02-16
-15.642227,-2.9959388,-1,EPI_ISL_16448830,Omicron,BA.5.2.1,2022
-23.1479,-11.769785,-1,EPI_ISL_16607588,Omicron,BF.14,2022-11-21
-9.974543,-8.528843,-1,EPI_ISL_15165364,Omicron,BA.2,2022-04-20
-20.695198,6.1915054,-1,EPI_ISL_16007463,Omicron,CK.1,2022-11-10
-20.718529,6.2304993,-1,EPI_ISL_16315501,Omicron,DL.1,2022-12-14
11.379077,-37.20082,-1,EPI_ISL_13571167,Omicron,B,2022-01-04
-10.584093,-9.606954,-1,EPI_ISL_11823346,Omicron,BA.2.9,2022-03-25
-9.458694,-8.903688,-1,EPI_ISL_13251235,Omicron,BA.2,2022-03-22
-20.74216,6.238365,-1,EPI_ISL_16238950,Omicron,CL.1,2022-12-08
-20.695286,6.246249,-1,EPI_ISL_16380808,Omicron,CK.2.1,2022-12-15
-20.695145,6.2070856,-1,EPI_ISL_17518812,Omicron,CK.1,2023-04-02
-9.958907,-8.497471,-1,EPI_ISL_11486148,Omicron,BA.2,2022-02-20
-15.650013,-2.99573,-1,EPI_ISL_17365739,Omicron,BA.5.2.7,2023-01-28
-15.626499,-3.027113,-1,EPI_ISL_15973488,Omicron,BA.5.2.7,2022-11-10
-19.398396,7.16004,-1,EPI_ISL_16615597,Omicron,BA.5.2.1,2023-01-06
-20.71087,6.2382927,-1,EPI_ISL_15919279,Omicron,CK.1,2022-09-26
-24.55424,-12.925888,-1,EPI_ISL_16114304,Omicron,BA.5.1,2022-11-18
-24.577429,-12.925724,-1,EPI_ISL_15806560,Omicron,BF.14,2022-10-11
-9.997997,-8.497599,-1,EPI_ISL_16211952,Omicron,BA.2,2022-04-19
-20.726727,6.2226915,-1,EPI_ISL_16020802,Omicron,CK.1,2022-11-19
-24.577545,-12.910265,-1,EPI_ISL_15365558,Omicron,CN.1,2022-10-03
-24.554111,-12.91024,-1,EPI_ISL_15512799,Omicron,BA.5.2.44,2022-09-21
-20.70308,6.2383747,-1,EPI_ISL_15983651,Omicron,CL.1.2,2022-10-22
-15.657487,-0.96459675,-1,EPI_ISL_16471841,Omicron,BA.5.1,2022-09-05
-23.749382,-12.136776,-1,EPI_ISL_15581189,Omicron,BA.5.1,2022-10-11
-20.414082,6.5429306,-1,EPI_ISL_15934356,Omicron,BA.5.1,2022-10-26
-9.8878975,-9.536333,-1,EPI_ISL_15596841,Omicron,BA.2.10.1,2022-06
11.551022,-37.091644,-1,EPI_ISL_9430147,Omicron,BA.2,2022-01-04
-20.73426,6.2225513,-1,EPI_ISL_16883386,Omicron,CK.1,2023-01-23
-9.45871,-8.895979,-1,EPI_ISL_17444900,Omicron,BA.2,2022-05-29
-20.671722,6.22281,-1,EPI_ISL_16230234,Omicron,DL.1,2022-10-25
-20.703217,6.261792,-1,EPI_ISL_16265826,Omicron,CK.1,2022-12-02
-15.665129,-0.9645915,-1,EPI_ISL_15611796,Omicron,BA.5.6,2022-10-24
11.4961815,-37.07605,-1,EPI_ISL_15626963,Omicron,Unassigned,2022-10-04
-24.569902,-12.925782,-1,EPI_ISL_15126465,Omicron,BA.5.5.1,2022-09-19
-15.64226,-2.9957714,-1,EPI_ISL_15113429,Omicron,BA.5.2.16,2022-09-11
-15.603151,-3.0583596,-1,EPI_ISL_15414403,Omicron,BE.1.1,2022-10-04
-24.546318,-12.894718,-1,EPI_ISL_15002670,Omicron,BA.5.2.19,2022-09-04
-23.952505,-12.363457,-1,EPI_ISL_16406340,Omicron,BA.5.2,2022-12-20
-15.649542,-0.9568057,-1,EPI_ISL_14418753,Omicron,BE.1.1,2022-07-29
-24.546284,-12.917949,-1,EPI_ISL_14861999,Omicron,BA.5.2,2022-08-08
-14.832808,-3.164074,-1,EPI_ISL_17524708,Omicron,XBB.1.5.12,2023-04-03
-24.562008,-12.910259,-1,EPI_ISL_15237579,Omicron,BA.5.5.1,2022-09-17
-15.665312,-0.9568701,-1,EPI_ISL_14916247,Omicron,BA.5.2.1,2022-08-11
-24.58553,-12.902535,-1,EPI_ISL_15583707,Omicron,BF.14,2022-10-18
-9.450796,-8.895776,-1,EPI_ISL_13017176,Omicron,BA.2,2022-05-15
-24.601017,-12.933605,-1,EPI_ISL_15829227,Omicron,BA.5.2.33,2022-09-22
-9.388255,-8.6535015,-1,EPI_ISL_11906355,Omicron,BA.2.9,2022-03-29
-14.770522,-3.1953936,-1,EPI_ISL_17624029,Omicron,XBB.1.5.12,2023-05-08
11.504104,-37.03689,-1,EPI_ISL_17068312,Omicron,Unassigned,2023-02-16
-20.359386,6.605521,-1,EPI_ISL_16742823,Omicron,CK.1,2023-01-20
12.580351,-35.958622,-1,EPI_ISL_14335260,Omicron,BE.5,2022-06-22
-20.703098,6.215042,-1,EPI_ISL_15906487,Omicron,CK.1,2022-11-03
-14.793997,-3.2108698,-1,EPI_ISL_17297580,Omicron,XBB.1.5.12,2023-03-17
-24.561966,-12.910179,-1,EPI_ISL_15987403,Omicron,BF.14,2022-11-07
-24.561897,-12.910292,-1,EPI_ISL_16428865,Omicron,BA.5.2.60,2022-11-10
-24.56975,-12.91809,-1,EPI_ISL_15540965,Omicron,BF.14,2022-10-05
-20.72667,6.2304993,-1,EPI_ISL_17022444,Omicron,CK.2.1,2023-01-30
-24.538555,-12.89476,-1,EPI_ISL_17076933,Omicron,BF.14,2023-02-14
-9.982279,-8.474168,-1,EPI_ISL_15062104,Omicron,BA.2,2022-06-29
11.558944,-36.990078,-1,EPI_ISL_10066068,Omicron,AY.122,2022-01-10
11.55872,-37.021244,-1,EPI_ISL_10066034,Omicron,BA.1,2022-01-07
-20.812475,6.269518,-1,EPI_ISL_16069875,Omicron,CK.2.1.1,2022-11-14
-15.680912,-2.9958067,-1,EPI_ISL_16728877,Omicron,BA.5.2.7,2023-01-10
-15.611181,-2.995801,-1,EPI_ISL_16151449,Omicron,BA.5.2.56,2022-10-08
-20.742146,6.19928,-1,EPI_ISL_16084522,Omicron,CK.1,2022-11-26
-20.687326,6.269391,-1,EPI_ISL_16976739,Omicron,CL.1,2023-01-24
-9.295138,-8.755327,-1,EPI_ISL_12584149,Omicron,BA.2,2022-04-07
-15.689171,-2.9958982,-1,EPI_ISL_15849039,Omicron,CG.1,2022-10-26
-24.710579,-12.902524,-1,EPI_ISL_15459267,Omicron,Unassigned,2022-10-10
-24.640015,-12.980531,-1,EPI_ISL_16466631,Omicron,BA.5.5.1,2022-12-27
-24.585453,-12.949524,-1,EPI_ISL_15959821,Omicron,BF.14,2022-11-11
-20.710962,6.230336,-1,EPI_ISL_16611841,Omicron,CK.3,2023-01-07
-14.7707405,-3.1950731,-1,EPI_ISL_17503533,Omicron,XBB.1.5.12,2023-02-28
-23.460323,-11.878933,-1,EPI_ISL_15994485,Omicron,Unassigned,2022-11-23
-10.584386,-9.598978,-1,EPI_ISL_11684003,Omicron,BA.2.9,2022-03-14
-14.786262,-3.210867,-1,EPI_ISL_17281749,Omicron,Unassigned,2023-03-15
-20.679398,6.285139,-1,EPI_ISL_16298335,Omicron,DL.1,2022-10-23
-15.665113,-0.95682,-1,EPI_ISL_15137337,Omicron,BE.1.1,2022-09-08
-9.89587,-9.544186,-1,EPI_ISL_15008967,Omicron,BA.2,2022-09-05
-20.726543,6.2383633,-1,EPI_ISL_16286184,Omicron,CL.1,2022-12-10
-24.585442,-12.925797,-1,EPI_ISL_15352372,Omicron,CN.1,2022-09-22
-9.49774,-8.93502,-1,EPI_ISL_13017199,Omicron,BA.2.36,2022-05-16
-20.695314,6.238558,-1,EPI_ISL_16071919,Omicron,BA.5.2.63,2022-11-30
-9.44272,-8.895826,-1,EPI_ISL_11260402,Omicron,BA.2.9,2022-02-13
-19.414,7.3868484,-1,EPI_ISL_16290558,Omicron,CK.2.1,2022-11-29
-14.786217,-3.2109528,-1,EPI_ISL_17641479,Omicron,XBB.1.9.1,2023-05-02
-15.634256,-3.0268679,-1,EPI_ISL_15231751,Omicron,BE.4,2022-09-21
-20.703081,6.2462826,-1,EPI_ISL_17328327,Omicron,CK.1,2023-03-13
-24.56194,-12.9104805,-1,EPI_ISL_15436130,Omicron,BF.14,2022-10-15
-24.577553,-12.917862,-1,EPI_ISL_14492093,Omicron,BF.14,2022-08-09
-15.673527,-3.0350199,-1,EPI_ISL_15630790,Omicron,BA.5.2.7,2022
-24.71819,-13.050624,-1,EPI_ISL_16184070,Omicron,BU.3,2022-12-04
-9.450653,-8.895889,-1,EPI_ISL_11881094,Omicron,BA.2,2022-03-20
-10.584358,-9.599104,-1,EPI_ISL_13142483,Omicron,BA.2,2022-05-15
-9.442663,-8.630719,-1,EPI_ISL_17655018,Omicron,BA.2,2023-03-31
-20.703064,6.2462635,-1,EPI_ISL_16431364,Omicron,CL.1,2022-12-30
11.5432205,-37.02135,-1,EPI_ISL_10066150,Omicron,BA.1,2022-01-09
-20.765635,6.261879,-1,EPI_ISL_15973157,Omicron,CL.1,2022-11-21
-9.990177,-8.497577,-1,EPI_ISL_11011345,Omicron,BA.2,2022-01-11
-20.695244,6.2541046,-1,EPI_ISL_16457677,Omicron,CK.1,2023-01-03
-9.98234,-8.489681,-1,EPI_ISL_10721023,Omicron,BA.1,2022-02-23
-24.616682,-12.980553,-1,EPI_ISL_15730267,Omicron,BF.14,2022-10-17
-24.577374,-12.918147,-1,EPI_ISL_16317048,Omicron,BF.14,2022-11-10
-15.642059,-2.9958048,-1,EPI_ISL_16949039,Omicron,BA.5.2.7,2023-01-30
-9.903194,-9.543955,-1,EPI_ISL_13231738,Omicron,BA.2.1,2022-06-02
-20.703123,6.246044,-1,EPI_ISL_16558443,Omicron,DL.1,2022-11-28
-20.687374,6.269372,-1,EPI_ISL_16966304,Omicron,DL.1,2022-11-30
-9.411625,-8.833525,-1,EPI_ISL_14006082,Omicron,BA.2.72,2022-06-20
-19.742205,7.222578,-1,EPI_ISL_15998209,Omicron,CK.1,2022-11-23
-20.74205,6.2460537,-1,EPI_ISL_15992862,Omicron,CL.1,2022-10-19
-20.703182,6.246214,-1,EPI_ISL_16348907,Omicron,CL.1.3,2022-11-29
-24.640036,-12.980384,-1,EPI_ISL_15747583,Omicron,Unassigned,2022-11-03
-20.718828,6.238349,-1,EPI_ISL_16055204,Omicron,CL.1,2022-11-21
11.527491,-37.0368,-1,EPI_ISL_13571121,Omicron,BA.1,2022-01-06
-20.703049,6.2461233,-1,EPI_ISL_16857620,Omicron,CL.1,2023-01-17
-20.71857,6.2383766,-1,EPI_ISL_17295075,Omicron,CK.1.1,2023-03-11
-20.828022,6.277542,-1,EPI_ISL_16331077,Omicron,CL.1,2022-12-18
-15.64225,-2.9958124,-1,EPI_ISL_16287250,Omicron,BA.5.2,2022-11-29
-20.695404,6.2381535,-1,EPI_ISL_17324847,Omicron,CK.1,2023-02-07
-20.757782,6.277338,-1,EPI_ISL_16009301,Omicron,CK.1,2022-11-17
-15.6651745,-0.9569292,-1,EPI_ISL_14817527,Omicron,BA.5,2022-08-04
-24.616554,-12.96496,-1,EPI_ISL_15349215,Omicron,CC.1,2022-09-27
-24.616795,-12.972684,-1,EPI_ISL_15758565,Omicron,CN.1,2022-11-02
11.527491,-37.03701,-1,EPI_ISL_10066196,Omicron,BA.1.1,2022-01-08
-9.497469,-8.919374,-1,EPI_ISL_11747609,Omicron,BA.2,2022-03-22
-14.793908,-3.2110262,-1,EPI_ISL_17235718,Omicron,Unassigned,2023-03-07
-15.63451,-2.9959698,-1,EPI_ISL_16628769,Omicron,CG.1,2022-11-15
-20.703014,6.2382393,-1,EPI_ISL_16088961,Omicron,BE.4.2,2022-11-26
-20.687414,6.2618303,-1,EPI_ISL_15813821,Omicron,BA.5.1,2022-11-07
-9.982415,-8.497503,-1,EPI_ISL_15010434,Omicron,BA.2,2022-04-17
-24.734001,-13.074451,-1,EPI_ISL_15306103,Omicron,BA.5.1.5,2022-09-27
-19.390701,7.5040035,-1,EPI_ISL_16746385,Omicron,BU.1,2023-01-03
-20.726646,6.23032,-1,EPI_ISL_16762133,Omicron,BE.4.2,2023-01-16
-20.703135,6.2304745,-1,EPI_ISL_17156347,Omicron,CK.1,2022-10-26
-20.742046,6.2149,-1,EPI_ISL_16901919,Omicron,CL.1,2023-01-21
-24.648043,-13.011867,-1,EPI_ISL_17173023,Omicron,BA.5.2.1,2023-02-13
-24.55414,-12.925741,-1,EPI_ISL_16108270,Omicron,BA.5.2.61,2022-10-08
-24.561934,-12.925822,-1,EPI_ISL_15764529,Omicron,BA.5.2.61,2022-10-11
-15.649651,-0.9333992,-1,EPI_ISL_15192422,Omicron,BA.5.1.21,2022-09-19
-14.793775,-3.210991,-1,EPI_ISL_17589247,Omicron,XBB.1.5.21,2023-04-14
-7.649577,4.346884,-1,EPI_ISL_9366714,Omicron,BA.1,2021-12-30
-9.450829,-8.895881,-1,EPI_ISL_11906278,Omicron,BA.2,2022-03-24
-24.554329,-12.902455,-1,EPI_ISL_16564495,Omicron,BF.14,2022-10-06
-24.554134,-12.910313,-1,EPI_ISL_15259352,Omicron,BA.4.4,2022-09-07
-20.703018,6.277319,-1,EPI_ISL_16330401,Omicron,CL.1.1,2022-12-15
-24.616528,-12.941514,-1,EPI_ISL_15521644,Omicron,BA.5,2022-10-05
-9.982479,-8.481929,-1,EPI_ISL_13011085,Omicron,BA.2.9,2022-05-10
-9.450856,-8.895671,-1,EPI_ISL_13459924,Omicron,XAG,2022-06-06
-24.538464,-12.949472,-1,EPI_ISL_14410766,Omicron,BF.14,2022-07-27
-9.403694,-9.364664,-1,EPI_ISL_13087675,Omicron,BA.2,2022-05-24
-9.880131,-9.513022,-1,EPI_ISL_16722183,Omicron,BA.2.23,2023
-24.608881,-12.949362,-1,EPI_ISL_14717216,Omicron,CN.1,2022-08-17
-20.69532,6.214836,-1,EPI_ISL_16586720,Omicron,DG.1,2022-12-27
-20.687449,6.246071,-1,EPI_ISL_15824831,Omicron,CK.2,2022-11-13
-9.990221,-8.4975395,-1,EPI_ISL_8408975,Omicron,BA.2.3,2021-12-23
-24.585335,-12.918158,-1,EPI_ISL_15602628,Omicron,BF.14,2022-10-24
-20.734222,6.19149,-1,EPI_ISL_17619796,Omicron,BF.2,2022-11-28
-24.249542,-12.636843,-1,EPI_ISL_16252328,Omicron,BA.5.2.1,2022-12-07
11.488569,-37.06036,-1,EPI_ISL_8210537,Omicron,B.1.1.529,2021-12-20
-9.982348,-8.497528,-1,EPI_ISL_13011110,Omicron,BA.2.67,2022-05-08
-23.804161,-12.199509,-1,EPI_ISL_16354042,Omicron,CN.1,2022-12-05
-24.585411,-12.925899,-1,EPI_ISL_14975890,Omicron,CC.1,2022-09-03
-10.029327,-8.474069,-1,EPI_ISL_11758153,Omicron,BA.2.3,2022-03-21
-10.0681925,-8.427372,-1,EPI_ISL_13250737,Omicron,Unassigned,2022-05-18
-20.429512,6.5038195,-1,EPI_ISL_15793973,Omicron,CK.2.1.1,2022-10-29
-14.794,-3.2108192,-1,EPI_ISL_16957999,Omicron,XBB.1.5.12,2023-01-30
-24.491611,-12.84775,-1,EPI_ISL_16317179,Omicron,BF.14,2022-11-22
-20.6875,6.2616367,-1,EPI_ISL_16349964,Omicron,CL.1.3,2022-12-20
-24.554127,-12.902412,-1,EPI_ISL_16287263,Omicron,CN.1,2022-12-09
11.527571,-37.06053,-1,EPI_ISL_10065608,Omicron,BA.2,2022-02-01
-24.624557,-13.00379,-1,EPI_ISL_15341404,Omicron,BA.5.5.1,2022-09-28
-20.69526,6.26184,-1,EPI_ISL_15713669,Omicron,CK.2.1,2022-11-01
-23.436836,-11.871241,-1,EPI_ISL_15302039,Omicron,BA.5.1.2,2022-09-08
-23.671375,-12.074402,-1,EPI_ISL_16239014,Omicron,BF.14,2022-12-08
-24.57763,-12.918107,-1,EPI_ISL_15890050,Omicron,BF.26,2022-11-08
-19.40613,7.386883,-1,EPI_ISL_16290564,Omicron,CK.1,2022-12-08
-15.657606,-3.0035563,-1,EPI_ISL_15645608,Omicron,BA.5.2.14,2022-10-22
-20.710777,6.2460537,-1,EPI_ISL_17019903,Omicron,CK.2.1,2023-02-13
-9.458666,-8.903696,-1,EPI_ISL_13372656,Omicron,BA.2.9,2022-06-07
-24.569864,-12.917873,-1,EPI_ISL_15738858,Omicron,CN.1,2022-11-07
11.347715,-37.208904,-1,EPI_ISL_15805693,Omicron,Unassigned,2022-10-19
-24.64807,-13.011842,-1,EPI_ISL_16580954,Omicron,BA.5.5.1,2022-12-13
-15.673024,-0.96477175,-1,EPI_ISL_14952236,Omicron,BA.5.1,2022-08-01
-9.419464,-8.856755,-1,EPI_ISL_13135691,Omicron,BA.2,2022-04-25
-24.546318,-12.886833,-1,EPI_ISL_16912332,Omicron,BA.5.1.5,2023-01-16
-20.687479,6.2618446,-1,EPI_ISL_15509372,Omicron,BA.5.2,2022-10-17
-20.703049,6.230484,-1,EPI_ISL_16985183,Omicron,CL.1,2023-02-12
-24.561985,-12.902316,-1,EPI_ISL_16558360,Omicron,BA.5.5.1,2022-11-21
-10.591974,-9.614572,-1,EPI_ISL_14190706,Omicron,BA.2.3.7,2022-05-21
12.52746,-35.770966,-1,EPI_ISL_15142894,Omicron,Unassigned,2022-06-30
-9.4429655,-8.927172,-1,EPI_ISL_12713344,Omicron,BA.2,2022-05-09
-23.413677,-11.847893,-1,EPI_ISL_17158549,Omicron,BA.5.2.20,2022-10-18
-20.796825,6.144747,-1,EPI_ISL_16839978,Omicron,CK.1,2023-01-25
-20.703182,6.2460594,-1,EPI_ISL_16053236,Omicron,CK.1,2022-11-23
-24.624508,-12.957157,-1,EPI_ISL_16883527,Omicron,BA.5.2,2023-01-18
-24.53829,-12.87914,-1,EPI_ISL_15409075,Omicron,BA.5.5.1,2022-10-07
-15.634329,-2.995843,-1,EPI_ISL_14988750,Omicron,BA.5.2.14,2022-08-27
-9.420171,-8.833503,-1,EPI_ISL_13535421,Omicron,BA.2,2022-06-01
-9.50551,-8.934881,-1,EPI_ISL_12280272,Omicron,BA.2.12,2022-04-18
11.543131,-37.036777,-1,EPI_ISL_9361212,Omicron,BA.1.1,2022-01-19
-9.990223,-8.497486,-1,EPI_ISL_16438929,Omicron,BA.2,2022-07-11
-15.5875435,-2.9334188,-1,EPI_ISL_16410629,Omicron,BA.5.2.1,2022-11-07
-15.642132,-2.9957175,-1,EPI_ISL_16008568,Omicron,BA.5.2.7,2022-11-18
-20.742271,6.215028,-1,EPI_ISL_16569199,Omicron,CK.1,2022-12-22
-24.554266,-12.941458,-1,EPI_ISL_16686816,Omicron,Unassigned,2022-12-27
-19.69518,7.1210117,-1,EPI_ISL_17567099,Omicron,CL.1,2023-03-15
-24.624266,-12.902546,-1,EPI_ISL_15656203,Omicron,BA.5.2.60,2022-10-14
-24.546373,-12.894627,-1,EPI_ISL_17017644,Omicron,BF.14,2023-01-30
-14.793825,-3.2108097,-1,EPI_ISL_17238170,Omicron,XBB.1.5.19,2023-02-28
-24.593176,-12.957183,-1,EPI_ISL_15998353,Omicron,BF.14,2022-11-10
-20.703163,6.2304926,-1,EPI_ISL_16154191,Omicron,CK.2.1.1,2022-12-05
-9.466296,-8.89592,-1,EPI_ISL_11560468,Omicron,BA.2,2022-03-09
-20.702892,6.246171,-1,EPI_ISL_16657626,Omicron,CK.2,2022-12-27
-15.642105,-2.9958172,-1,EPI_ISL_15628204,Omicron,BA.5.2.7,2022-09-20
-23.350965,-11.777451,-1,EPI_ISL_15496064,Omicron,BE.1.1,2022-10-14
-20.69513,6.2228184,-1,EPI_ISL_16008449,Omicron,CL.1,2022-11-20
-24.163586,-12.558773,-1,EPI_ISL_16596446,Omicron,BA.5.2.52,2023-01-09
12.53526,-35.755413,-1,EPI_ISL_14971521,Omicron,BA.2,2022-08-21
-20.4452,6.4962673,-1,EPI_ISL_16290862,Omicron,CL.1.2,2022-11-29
-20.695236,6.246231,-1,EPI_ISL_15987048,Omicron,CK.2.1.1,2022-11-17
-24.577782,-12.92589,-1,EPI_ISL_17540938,Omicron,BA.5.1.5,2023-01-06
-24.554268,-12.910323,-1,EPI_ISL_16290799,Omicron,BA.5.2.32,2022-12-02
-24.648067,-12.98069,-1,EPI_ISL_16440607,Omicron,BF.14,2022-12-30
-15.665296,-0.9565897,-1,EPI_ISL_14441436,Omicron,BA.5.2.1,2022-06-23
-15.665403,-0.9569683,-1,EPI_ISL_14525215,Omicron,BA.5.1,2022-07-05
-20.73419,6.207039,-1,EPI_ISL_15828870,Omicron,CK.1,2022-10-22
-24.562035,-12.902449,-1,EPI_ISL_17173113,Omicron,BF.14,2023-01-30
-24.58543,-12.933752,-1,EPI_ISL_15744435,Omicron,BF.32,2022-10-28
-24.569805,-12.925899,-1,EPI_ISL_15505345,Omicron,BF.14,2022-10-19
-24.577507,-12.965069,-1,EPI_ISL_15418359,Omicron,BE.4,2022-10-03
-24.554394,-12.91044,-1,EPI_ISL_15670897,Omicron,BF.14,2022-11-01
-15.649607,-0.956789,-1,EPI_ISL_16241417,Omicron,BA.5.2.4,2022-08-10
-20.70311,6.222744,-1,EPI_ISL_16083632,Omicron,CK.2,2022-11-25
-24.61665,-12.972763,-1,EPI_ISL_15807189,Omicron,BF.26,2022-10-31
-20.73432,6.2070045,-1,EPI_ISL_16378831,Omicron,CL.1,2022-12-26
-24.562008,-12.941684,-1,EPI_ISL_15104040,Omicron,BA.5.5.1,2022-09-11
-9.310549,-8.762967,-1,EPI_ISL_12320612,Omicron,BA.2.5,2022-04-10
-15.642176,-2.9958515,-1,EPI_ISL_15981481,Omicron,BA.5.2.7,2022-11-16
-9.458522,-8.89602,-1,EPI_ISL_14535913,Omicron,BA.2,2022-06-27
-9.450758,-8.8957405,-1,EPI_ISL_13013602,Omicron,BA.2,2022-04-29
-20.71872,6.1914225,-1,EPI_ISL_16281160,Omicron,CK.3,2022-12-10
-15.649937,-2.995904,-1,EPI_ISL_17030774,Omicron,BA.5.2.7,2023-01-19
-20.499773,6.4726143,-1,EPI_ISL_16236349,Omicron,DL.1,2022-11-04
-9.239984,-8.794163,-1,EPI_ISL_13057636,Omicron,BA.2,2022-05-18
-14.770511,-3.2108498,-1,EPI_ISL_17094095,Omicron,XBB.1.5.12,2023-02-21
11.50415,-37.052727,-1,EPI_ISL_8210546,Omicron,B.1.1.529,2021-12-21
11.519689,-37.0915,-1,EPI_ISL_14357080,Omicron,BA.5.2,2022-07-01
11.566842,-36.982296,-1,EPI_ISL_8751526,Omicron,BA.1,2022-01-05
-24.350983,-12.753867,-1,EPI_ISL_16290667,Omicron,BF.5,2022-11-24
-15.657393,-0.956995,-1,EPI_ISL_14104416,Omicron,BA.5.1,2022-07-19
-23.358818,-11.785181,-1,EPI_ISL_16278889,Omicron,BA.5.2.9,2022-12-08
-9.450794,-8.966141,-1,EPI_ISL_13253139,Omicron,BA.2,2022-04-26
-15.642122,-2.9958968,-1,EPI_ISL_15629641,Omicron,BA.5.2.7,2022-10-07
-15.657283,-0.95679045,-1,EPI_ISL_16282432,Omicron,BA.5.2,2022-10-07
-24.569786,-12.918192,-1,EPI_ISL_16006399,Omicron,BA.5.2.1,2022-10-14
-24.616558,-12.972936,-1,EPI_ISL_16693922,Omicron,BU.3,2023-01-09
-20.695202,6.285263,-1,EPI_ISL_17660522,Omicron,CL.1,2023
-24.593323,-12.926065,-1,EPI_ISL_16647875,Omicron,BA.5.2.1,2023-01-03
-9.450691,-8.888243,-1,EPI_ISL_13013594,Omicron,BA.2.9,2022-05-05
-20.703167,6.2537518,-1,EPI_ISL_16709659,Omicron,CL.1,2022-12-15
-24.577772,-12.925656,-1,EPI_ISL_15242070,Omicron,BA.5.5.1,2022-09-15
-23.7806,-12.206991,-1,EPI_ISL_16940857,Omicron,BA.5.2.9,2023-01-30
-20.703102,6.269455,-1,EPI_ISL_15832063,Omicron,CK.1,2022-11-10
-24.569824,-12.925986,-1,EPI_ISL_15129361,Omicron,BF.14,2022-09-02
-24.57005,-12.933893,-1,EPI_ISL_16134328,Omicron,BF.14,2022-11-21
-20.718662,6.2384577,-1,EPI_ISL_17324863,Omicron,CK.1,2023-02-14
-24.600935,-12.941576,-1,EPI_ISL_16544862,Omicron,BA.5.5.1,2022-12-28
11.449491,-37.11487,-1,EPI_ISL_17068318,Omicron,BA.2,2023-02-13
-20.742373,6.2383575,-1,EPI_ISL_16667982,Omicron,CK.1,2023-01-12
-15.642057,-2.9958186,-1,EPI_ISL_15799278,Omicron,CG.1,2022-10-28
-9.982382,-8.497656,-1,EPI_ISL_13236985,Omicron,BA.2.9,2022-05-20
-24.569881,-12.918118,-1,EPI_ISL_17151742,Omicron,BE.1.1,2022-10-14
