t-SNE component 1,t-SNE component 2,Cluster,Seq ID,Variant,Pango lineage,Collection date
10.005994,24.556648,4,EPI_ISL_8314889,Delta,AY.4.5,2021-12-13
8.833707,26.954845,4,EPI_ISL_8817484,Omicron,BA.1,2022-01-07
8.828922,26.952333,4,EPI_ISL_10841450,Omicron,BA.1.20,2022-02-22
8.371942,26.505907,4,EPI_ISL_12842209,Omicron,BA.1.1.14,2022-01-11
8.826661,26.952799,4,EPI_ISL_11245781,Omicron,BA.1.17.2,2022-03-07
8.021253,25.940098,4,EPI_ISL_10921702,Omicron,BA.1.17.2,2022-02-17
8.021233,25.94011,4,EPI_ISL_9770879,Omicron,BA.1.18,2022-01-12
8.825816,26.954407,4,EPI_ISL_8853077,Omicron,BA.1.17.2,2022-01-11
8.346226,27.461508,4,EPI_ISL_13481941,Omicron,BA.1.18,2022-01-23
8.0213785,25.940111,4,EPI_ISL_9300543,Omicron,BA.1.15,2022-01-10
8.828902,26.949192,4,EPI_ISL_9841685,Omicron,BA.1,2022-02-05
8.825151,26.950945,4,EPI_ISL_9221093,Omicron,BA.1.15.1,2022-01-07
9.650945,25.205,4,EPI_ISL_11407052,Omicron,BA.1.14.1,2022-01-26
8.02126,25.9401,4,EPI_ISL_10121376,Omicron,BA.1,2022-02-14
8.83001,26.95956,4,EPI_ISL_9768717,Omicron,BA.1,2022-02-02
8.825824,26.960363,4,EPI_ISL_10541794,Omicron,BA.1.17.2,2022-02-18
8.827721,26.959118,4,EPI_ISL_9827575,Omicron,BA.1.17.2,2022-02-03
9.12601,26.019142,4,EPI_ISL_12411125,Omicron,BA.1,2022-03-05
9.650958,25.204918,4,EPI_ISL_10721917,Omicron,BA.1.15,2022-02-09
8.828325,26.956467,4,EPI_ISL_9593600,Omicron,BA.1.15,2022-01-24
8.824892,26.951473,4,EPI_ISL_9431742,Omicron,BA.1,2022-01-18
8.826018,26.94579,4,EPI_ISL_9021871,Omicron,BA.1.18,2022-01
8.834177,26.94871,4,EPI_ISL_11778911,Omicron,BA.1.15,2022-01-07
8.514254,25.774252,4,EPI_ISL_11036956,Omicron,BA.1.17.2,2021-12-27
9.694694,27.627499,4,EPI_ISL_8947470,Omicron,BA.1.15,2021-12-29
8.832322,26.958168,4,EPI_ISL_8945309,Omicron,BA.1.15.1,2022-01-12
8.830565,26.961617,4,EPI_ISL_8260423,Omicron,BA.1.15,2021-12-17
9.650949,25.204985,4,EPI_ISL_11407026,Omicron,BA.1.1,2022-01-26
8.821335,26.948977,4,EPI_ISL_9651780,Omicron,BA.1,2022-01-31
8.82856,26.956158,4,EPI_ISL_10478880,Omicron,BA.1,2022-02-15
9.650949,25.205006,4,EPI_ISL_9206642,Omicron,BA.1,2021-12-22
8.021271,25.94008,4,EPI_ISL_8091723,Omicron,BA.1.15.1,2021-12-17
7.7856946,26.871414,4,EPI_ISL_8923144,Omicron,BA.1,2022-01-13
8.826165,26.955484,4,EPI_ISL_8381996,Omicron,BA.1,2021-12-22
8.824541,26.954264,4,EPI_ISL_9693367,Omicron,BA.1,2022-01-04
9.126011,26.019102,4,EPI_ISL_12422784,Omicron,BA.1.9,2022-03-07
8.824455,26.952013,4,EPI_ISL_10197805,Omicron,BA.1.15.1,2022-02-14
8.824547,26.952353,4,EPI_ISL_9955506,Omicron,BA.1.20,2022-01-31
8.836826,26.944178,4,EPI_ISL_10743226,Omicron,BA.1.17.2,2022-02-19
7.9707537,26.046328,4,EPI_ISL_8501948,Omicron,BA.1,2021-12-29
8.829472,26.952032,4,EPI_ISL_11451612,Omicron,BA.1.15.1,2022-03-04
8.821656,26.947412,4,EPI_ISL_10484487,Omicron,BA.1,2022-02-16
8.834532,26.955696,4,EPI_ISL_8390500,Omicron,BA.1.15,2021-12-21
8.021264,25.940102,4,EPI_ISL_16181093,Omicron,BA.1.18,2022-01-22
8.821109,26.953676,4,EPI_ISL_8814825,Omicron,BA.1.17.2,2022-01-10
6.6891603,25.116062,4,EPI_ISL_8284507,Omicron,BA.1,2021-12-22
8.821378,26.952507,4,EPI_ISL_14134663,Omicron,BA.1.17.2,2022-01-31
9.579762,27.837545,4,EPI_ISL_9452242,Omicron,BA.1,2022-01-21
8.825136,26.950294,4,EPI_ISL_12749946,Omicron,BA.1,2022-01-11
8.826947,26.950083,4,EPI_ISL_8853020,Omicron,BA.1.17.2,2022-01-10
8.825925,26.956232,4,EPI_ISL_9129526,Omicron,BA.1,2022-01-19
8.830284,26.954487,4,EPI_ISL_9779173,Omicron,BA.1.17.2,2022-02-02
9.708184,27.601873,4,EPI_ISL_10244182,Omicron,BA.1.17,2022-02-01
8.824213,26.950867,4,EPI_ISL_9248930,Omicron,BA.1.15.1,2022-01-20
8.828725,26.957338,4,EPI_ISL_10787854,Omicron,BA.1,2022-02-05
9.743002,26.54572,4,EPI_ISL_9609575,Omicron,BA.1,2022-01-20
8.82491,26.951128,4,EPI_ISL_10013657,Omicron,BA.1.20,2022-02-08
9.70106,25.128157,4,EPI_ISL_9803463,Omicron,BA.1.15,2022-01-05
9.12597,26.019136,4,EPI_ISL_10309555,Omicron,BA.1,2022-02-01
8.833101,26.95469,4,EPI_ISL_10256490,Omicron,BA.1,2022-02-10
8.831945,26.954016,4,EPI_ISL_8821086,Omicron,BA.1,2022-01-05
8.822517,26.94632,4,EPI_ISL_9984931,Omicron,BA.1,2022-01-28
8.822975,26.952139,4,EPI_ISL_9562389,Omicron,BA.1.15.1,2022-01-29
8.832751,26.950144,4,EPI_ISL_9297098,Omicron,BA.1,2022-01-23
8.829179,26.952295,4,EPI_ISL_9932134,Omicron,BA.1,2022-01-24
8.827634,26.953537,4,EPI_ISL_12109459,Omicron,BA.1.15,2022-03-31
8.821686,26.956278,4,EPI_ISL_9820058,Omicron,BA.1.17.2,2022-02-05
8.825484,26.94523,4,EPI_ISL_11168803,Omicron,BA.1.17,2021-12-23
8.021213,25.940125,4,EPI_ISL_10291717,Omicron,BA.1.15,2022-02-03
8.8319235,26.94666,4,EPI_ISL_9188143,Omicron,BA.1.17,2022-01-10
8.822489,26.954342,4,EPI_ISL_10761123,Omicron,BA.1,2022-02-19
8.825461,26.951258,4,EPI_ISL_10210467,Omicron,BA.1,2021-12-22
8.824195,26.963541,4,EPI_ISL_9599465,Omicron,BA.1.17.2,2022-01-28
8.831195,26.950176,4,EPI_ISL_9335070,Omicron,BA.1.15,2022-01-14
8.835122,26.95273,4,EPI_ISL_9640591,Omicron,BA.1.5,2022-01-31
8.831529,26.95557,4,EPI_ISL_8816990,Omicron,BA.1.15,2022-01-06
10.072938,27.509663,4,EPI_ISL_9074364,Omicron,B.1.1.529,2022-01-10
8.829565,26.961964,4,EPI_ISL_8975707,Omicron,BA.1.17.2,2022-01-04
8.827853,26.957003,4,EPI_ISL_9226823,Omicron,BA.1.15.1,2022-01-02
8.021245,25.940102,4,EPI_ISL_11072005,Omicron,BA.1,2022-02-19
10.110582,24.556639,4,EPI_ISL_9151643,Omicron,B.1.1.529,2022-01-13
9.64773,26.654316,4,EPI_ISL_11071442,Omicron,BA.1,2022-02-17
8.82186,26.94942,4,EPI_ISL_8823700,Omicron,BA.1.17.2,2022-01-09
9.674412,25.185694,4,EPI_ISL_8950116,Omicron,BA.1.17.2,2022-01-04
8.831029,26.948046,4,EPI_ISL_11602794,Omicron,BA.1,2022-02-24
8.827338,26.954182,4,EPI_ISL_8790467,Omicron,BA.1,2022-01-05
8.828523,26.954517,4,EPI_ISL_8843540,Omicron,BA.1,2022-01-05
8.821415,26.94706,4,EPI_ISL_9414805,Omicron,BA.1.9,2022-01-11
8.828224,26.952736,4,EPI_ISL_10830193,Omicron,BA.1.15,2022-02-03
8.035602,25.953152,4,EPI_ISL_14793146,Omicron,BA.1,2022-08-05
8.826522,26.955736,4,EPI_ISL_9073474,Omicron,BA.1,2022-01-10
8.737579,27.48396,4,EPI_ISL_9456470,Omicron,BA.1.18,2022-01-15
8.826733,26.94842,4,EPI_ISL_10566841,Omicron,BA.1.15,2022-02-14
8.021241,25.940111,4,EPI_ISL_10282331,Omicron,BA.1.15,2022-01-19
9.65093,25.204983,4,EPI_ISL_9524034,Omicron,BA.1.15,2022-01-02
9.67973,25.212948,4,EPI_ISL_7801208,Omicron,BA.1,2021-12-01
8.822784,26.960354,4,EPI_ISL_16708209,Omicron,BA.1,2022-12-29
9.694679,27.62756,4,EPI_ISL_10083135,Omicron,BA.1,2022-01-10
8.823524,26.950912,4,EPI_ISL_9985371,Omicron,BA.1,2022-02-02
8.830049,26.945831,4,EPI_ISL_9108839,Omicron,BA.1,2022-01-05
8.832861,26.952879,4,EPI_ISL_10235180,Omicron,BA.1,2022-01-21
9.640481,25.215456,4,EPI_ISL_10240880,Omicron,BA.1.15,2022-01-17
8.829612,26.952427,4,EPI_ISL_9000224,Omicron,BD.1,2022-01-13
8.176958,27.521257,4,EPI_ISL_8834632,Omicron,BA.1,2021-12-26
8.021208,25.94013,4,EPI_ISL_9631480,Omicron,BA.1.15,2022-01-26
9.604627,26.946459,4,EPI_ISL_12141914,Omicron,BA.1,2022-03-28
9.5753565,26.931158,4,EPI_ISL_11507647,Omicron,BA.1,2022-03-11
8.831309,26.951881,4,EPI_ISL_12267727,Omicron,BA.1.20,2021-12-22
8.83022,26.959146,4,EPI_ISL_9780037,Omicron,BA.1.15.1,2022-02-03
8.832668,26.949709,4,EPI_ISL_9379539,Omicron,BA.1,2022-01-24
9.571687,27.189388,4,EPI_ISL_9257181,Omicron,BA.1,2022-01-28
8.346779,27.461523,4,EPI_ISL_9118391,Omicron,BA.1.17.2,2022-01-18
8.825155,26.954872,4,EPI_ISL_8925882,Omicron,BA.1.18,2021-12-27
9.650949,25.204998,4,EPI_ISL_11138505,Omicron,BA.1.15,2022-02-10
8.823756,26.952644,4,EPI_ISL_12559866,Omicron,BA.1.1,2022-03-01
9.70057,25.223135,4,EPI_ISL_8382019,Omicron,BA.1,2021-12-23
6.851894,25.311317,4,EPI_ISL_10088223,Omicron,BA.1.15,2022-02-02
10.353816,26.62376,4,EPI_ISL_11483474,Omicron,BA.2,2022-02-14
9.6359,25.211632,4,EPI_ISL_11407021,Omicron,BA.1.14.1,2022-01-26
8.02124,25.940107,4,EPI_ISL_9622034,Omicron,BA.1.13.1,2022-01-22
8.505282,25.740843,4,EPI_ISL_8484946,Omicron,BA.1,2021-12-30
8.831347,26.953432,4,EPI_ISL_10521653,Omicron,BA.1,2022-01-13
9.300238,26.291971,4,EPI_ISL_13019309,Omicron,BA.1,2022-05-11
8.825811,26.949507,4,EPI_ISL_10835316,Omicron,BA.1.15,2022-01-17
8.021241,25.940111,4,EPI_ISL_8721772,Omicron,BA.1,2021-12-29
8.880231,25.983942,4,EPI_ISL_8514028,Omicron,B.1.1.529,2021-12-30
8.823569,26.959333,4,EPI_ISL_8858221,Omicron,BA.1.15.1,2022-01-11
9.696272,25.21973,4,EPI_ISL_12959977,Omicron,BA.1.18,2022-05-08
8.840664,26.955791,4,EPI_ISL_12949557,Omicron,BA.1.15,2022-01-12
8.828065,26.954443,4,EPI_ISL_9182273,Omicron,BA.1.15,2022-01-08
8.825209,26.954502,4,EPI_ISL_9763799,Omicron,BA.1.17.2,2022-01-07
7.823042,27.27827,4,EPI_ISL_9737652,Omicron,BA.1.17.2,2022-01-30
10.219271,26.62297,4,EPI_ISL_10794835,Omicron,BA.1,2022-02-24
6.4440255,24.899673,4,EPI_ISL_8524545,Omicron,BA.1,2021-12-30
8.822899,26.949926,4,EPI_ISL_14148134,Omicron,BA.1.17.2,2021-12-07
8.820563,26.957142,4,EPI_ISL_9316132,Omicron,BA.1.15.1,2022-01-24
9.645867,25.204702,4,EPI_ISL_8502107,Omicron,BA.1.17.2,2021-12-30
9.650952,25.204916,4,EPI_ISL_10715068,Omicron,BA.1.15,2022-01-31
8.825514,26.952684,4,EPI_ISL_8848543,Omicron,BA.1.17.2,2022-01-11
8.834931,26.966984,4,EPI_ISL_10002769,Omicron,BA.1.15.1,2022-02-07
8.82399,26.953447,4,EPI_ISL_8520708,Omicron,BA.1.20,2022-01-02
8.823051,26.952593,4,EPI_ISL_10498345,Omicron,BA.1.18,2022-02-15
9.653642,25.20379,4,EPI_ISL_10869230,Omicron,BA.1.20,2022-02-03
9.578929,26.495691,4,EPI_ISL_11360114,Omicron,BA.1,2022-03-02
8.829449,26.964495,4,EPI_ISL_10828685,Omicron,BA.1.15,2022-01-31
9.647745,26.654127,4,EPI_ISL_9870759,Omicron,BA.1.17.2,2022-02-03
8.831051,26.953121,4,EPI_ISL_10941290,Omicron,Unassigned,2022-02-20
8.829779,26.95232,4,EPI_ISL_12617983,Omicron,BA.1,2022-04-26
8.826612,26.947384,4,EPI_ISL_10413394,Omicron,BA.1,2022-02-20
8.830087,26.953644,4,EPI_ISL_8419098,Omicron,BA.1,2021-12-29
8.826293,26.946804,4,EPI_ISL_10254984,Omicron,BA.1,2022-02-11
8.830371,26.950058,4,EPI_ISL_9846726,Omicron,BA.1.13.1,2022-01-21
8.829158,26.950428,4,EPI_ISL_8404722,Omicron,BA.1,2021-12-14
8.827813,26.95547,4,EPI_ISL_10586230,Omicron,BA.1,2022-02-17
9.694607,27.627783,4,EPI_ISL_9527555,Omicron,BA.1,2022-01-15
7.833317,26.653301,4,EPI_ISL_10861812,Omicron,BA.1.21,2022-02-05
8.60959,27.667667,4,EPI_ISL_10820838,Omicron,BA.1.15,2022-01-13
8.599699,27.625957,4,EPI_ISL_10740060,Omicron,BA.1.17,2022-02-25
8.021396,25.940102,4,EPI_ISL_9150025,Omicron,BA.1.15,2022-01-17
8.829203,26.950857,4,EPI_ISL_9778273,Omicron,BA.1,2022-02-02
8.830523,26.942804,4,EPI_ISL_8600022,Omicron,BA.1.20,2021-12-26
8.825987,26.951838,4,EPI_ISL_8831144,Omicron,BA.1.15,2021-12-30
8.824621,26.946548,4,EPI_ISL_8746648,Omicron,BA.1,2022-01-13
9.65264,25.298906,4,EPI_ISL_8998875,Omicron,BA.1.15.1,2022-01-13
8.021235,25.94011,4,EPI_ISL_12032558,Omicron,BA.1.15,2022-01-19
9.921927,24.809977,4,EPI_ISL_9679005,Omicron,BA.1,2022-01-02
8.830808,26.949839,4,EPI_ISL_11454523,Omicron,BA.1.18,2022-03-07
8.827562,26.959045,4,EPI_ISL_12136246,Omicron,BA.1.17.2,2022-02-17
8.733923,27.835987,4,EPI_ISL_10984617,Omicron,BA.1.17.2,2022-02-23
8.825719,26.956608,4,EPI_ISL_8976517,Omicron,BA.1.15,2021-12-30
8.82423,26.955976,4,EPI_ISL_8931513,Omicron,BA.1.17.2,2022-01-14
8.828652,26.952,4,EPI_ISL_12464183,Omicron,BA.1.15,2022-01-13
8.831021,26.952435,4,EPI_ISL_9065950,Omicron,BA.1,2022-01-18
8.824752,26.948656,4,EPI_ISL_9073363,Omicron,BA.1,2022-01-10
8.826677,26.955236,4,EPI_ISL_8821339,Omicron,BA.1,2022-01-09
8.83471,26.957771,4,EPI_ISL_9557914,Omicron,BA.1,2022-01-29
8.8158865,25.937778,4,EPI_ISL_11176250,Omicron,BA.1,2022-02-16
8.826624,26.953384,4,EPI_ISL_8758597,Omicron,BA.1,2022-01-10
8.830979,26.946877,4,EPI_ISL_11225792,Omicron,BA.1.18,2021-12-27
8.825264,26.958462,4,EPI_ISL_9306845,Omicron,BA.1,2022-01-23
8.821952,26.950766,4,EPI_ISL_8935111,Omicron,BA.1.17.2,2022-01-12
10.17272,26.624996,4,EPI_ISL_10858570,Omicron,BA.1.17,2022-02-17
8.829653,26.961172,4,EPI_ISL_9177201,Omicron,BA.1,2022-01-18
9.125986,26.01914,4,EPI_ISL_12235384,Omicron,BA.1,2022-02-14
8.829305,26.95466,4,EPI_ISL_11242082,Omicron,BA.1.18,2022-03-03
8.824594,26.946196,4,EPI_ISL_8756903,Omicron,BA.1.16,2022-01-05
9.237173,27.575058,4,EPI_ISL_10703269,Omicron,BA.1.15.2,2022-02-09
6.533232,24.962555,4,EPI_ISL_8428008,Omicron,BA.1,2021-12-15
9.6801605,27.658976,4,EPI_ISL_7897825,Omicron,BA.1.17.2,2021-12-15
9.650949,25.204994,4,EPI_ISL_9677154,Omicron,BA.1,2021-12-28
9.621381,26.461668,4,EPI_ISL_9073438,Omicron,BA.1,2022-01-10
8.021393,25.940098,4,EPI_ISL_10361391,Omicron,BA.1.15,2022-01-25
7.8693113,27.24663,4,EPI_ISL_8437389,Omicron,BA.1.16,2021-12-20
8.827092,26.955528,4,EPI_ISL_10132147,Omicron,BA.1.15,2022-02-09
8.364373,27.514738,4,EPI_ISL_9343260,Omicron,BA.1.20,2022-01-12
8.82381,26.954903,4,EPI_ISL_8972416,Omicron,BA.1.17.2,2022-01-15
8.831591,26.95924,4,EPI_ISL_11361677,Omicron,BA.1,2022-03-03
8.822235,26.952238,4,EPI_ISL_8863382,Omicron,BA.1,2022-01-09
9.744336,27.677826,4,EPI_ISL_8686723,Omicron,BA.1.20,2021-12-27
8.829699,26.96284,4,EPI_ISL_15814845,Omicron,BA.1.17,2022-02-08
8.830466,26.953135,4,EPI_ISL_8681659,Omicron,BA.1,2021-12-30
8.2703495,27.486605,4,EPI_ISL_11017475,Omicron,BA.1.20,2022-02-28
8.81758,26.953558,4,EPI_ISL_10824286,Omicron,BA.1.15,2022-01-24
9.650939,25.205,4,EPI_ISL_11016846,Omicron,BA.1.15,2022-01-29
8.834466,26.956839,4,EPI_ISL_9955777,Omicron,BA.1,2022-02-01
6.6891317,25.116064,4,EPI_ISL_12749913,Omicron,BA.1.15.1,2021-12-29
8.825154,26.954342,4,EPI_ISL_9386437,Omicron,BA.1.17.2,2022-01-22
8.828659,26.957335,4,EPI_ISL_10186760,Omicron,BA.1.15,2022-01-29
9.65094,25.204908,4,EPI_ISL_10721415,Omicron,BA.1.15,2022-02-09
8.821076,26.96258,4,EPI_ISL_9874178,Omicron,BA.1.15.1,2022-02-06
8.83162,26.952967,4,EPI_ISL_9312589,Omicron,BA.1.17.2,2022-01-23
8.83112,26.948956,4,EPI_ISL_9277105,Omicron,BA.1.17.2,2022-01-22
10.163942,26.558552,4,EPI_ISL_10875768,Omicron,BA.1,2022-02-12
8.825663,26.951591,4,EPI_ISL_8924954,Omicron,BA.1.17,2022-01-05
9.76842,27.60051,4,EPI_ISL_9120339,Omicron,BA.1,2022-01-06
9.692577,25.17738,4,EPI_ISL_11261910,Omicron,BA.1.15,2022-02-18
8.828032,26.952572,4,EPI_ISL_9127824,Omicron,BA.1,2022-01-17
8.824568,26.950563,4,EPI_ISL_8428774,Omicron,BA.1.17,2021-12-31
6.5332165,24.963295,4,EPI_ISL_8427998,Omicron,BA.1.1,2021-12-10
8.834775,26.94705,4,EPI_ISL_9616269,Omicron,BA.1,2022-01-30
8.514336,25.774237,4,EPI_ISL_11037027,Omicron,BA.1.17.2,2022-01-18
9.650947,25.204983,4,EPI_ISL_9679951,Omicron,BA.1.20,2022-01-03
8.448188,27.584845,4,EPI_ISL_8501882,Omicron,BA.1.15,2021-12-29
8.829118,26.957422,4,EPI_ISL_10876284,Omicron,BA.1.17.2,2022-02-28
8.822736,26.96348,4,EPI_ISL_10830360,Omicron,BA.1.15,2022-01-20
9.872925,26.563442,4,EPI_ISL_10774718,Omicron,BA.1.19,2022-02-02
8.833612,26.949768,4,EPI_ISL_9698177,Omicron,BA.1.17,2022-01-17
8.82975,26.948479,4,EPI_ISL_10037476,Omicron,Unassigned,2022-01-17
8.831316,26.944508,4,EPI_ISL_10036479,Omicron,BA.1.17.2,2022-01-15
9.628544,26.928207,4,EPI_ISL_10286249,Omicron,BA.1.17.2,2022-02-16
6.546304,24.97135,4,EPI_ISL_8243639,Omicron,BA.1,2021-12-23
8.330519,27.494057,4,EPI_ISL_10491621,Omicron,BA.1.20,2022-02-16
9.557897,26.457558,4,EPI_ISL_9620644,Omicron,BA.1.16,2022-01-30
9.66372,25.19582,4,EPI_ISL_11795210,Omicron,BA.1,2022-01-24
10.353845,26.62387,4,EPI_ISL_10911406,Omicron,BA.1.1,2022-02-24
8.830527,26.952875,4,EPI_ISL_9382912,Omicron,BA.1.17.2,2022-01-25
8.833601,26.95461,4,EPI_ISL_9872666,Omicron,BA.1.17.2,2022-02-02
8.828538,26.951963,4,EPI_ISL_11758464,Omicron,BA.1.15,2022-03-22
8.827476,26.950039,4,EPI_ISL_9310895,Omicron,BA.1.17.2,2022-01-04
8.275682,27.460848,4,EPI_ISL_8629712,Omicron,BA.1.15,2021-12-21
8.812966,27.602234,4,EPI_ISL_11298108,Omicron,BA.1,2022-01-31
8.824845,26.952677,4,EPI_ISL_9734051,Omicron,BA.1.15,2022-02-02
8.823177,26.958122,4,EPI_ISL_11878156,Omicron,BD.1,2022-03-23
8.827448,26.956972,4,EPI_ISL_9420516,Omicron,Unassigned,2022-01-09
9.578876,26.495424,4,EPI_ISL_9609578,Omicron,BA.1,2022-01-21
9.504376,26.554056,4,EPI_ISL_10557284,Omicron,BA.1.15,2022-02-07
8.08774,27.355625,4,EPI_ISL_15835472,Omicron,BA.1.17,2022-07-15
8.831236,26.955801,4,EPI_ISL_9975897,Omicron,BA.1,2022-01-25
9.650945,25.204998,4,EPI_ISL_11138462,Omicron,BA.1,2022-02-09
8.8267565,26.949308,4,EPI_ISL_10833948,Omicron,BA.1,2022-01-18
8.827174,26.948065,4,EPI_ISL_9892383,Omicron,BA.1.17.2,2022-02-05
9.650944,25.204998,4,EPI_ISL_12126622,Omicron,BA.1.17,2022-01-19
7.835452,27.13938,4,EPI_ISL_12845692,Omicron,BA.1.13.1,2022-03-15
8.833376,26.953293,4,EPI_ISL_8479664,Omicron,BA.1,2021-12-27
8.8326845,26.950998,4,EPI_ISL_8858241,Omicron,BA.1.17.2,2022-01-10
9.696308,25.219755,4,EPI_ISL_9951746,Omicron,BA.1,2022-01-28
8.8234215,26.955269,4,EPI_ISL_9984458,Omicron,BA.1.10,2022-01-19
8.815867,25.937769,4,EPI_ISL_11854947,Omicron,BA.1,2022-02-07
9.692578,25.177366,4,EPI_ISL_10299127,Omicron,BA.1.15,2022-01-14
8.502334,26.32146,4,EPI_ISL_9659188,Omicron,BA.1.15,2022-01-19
8.826206,26.956747,4,EPI_ISL_9167162,Omicron,BA.1.17.2,2022-01-02
8.826889,26.961485,4,EPI_ISL_9984938,Omicron,BA.1,2022-01-29
8.822393,26.952328,4,EPI_ISL_8928355,Omicron,BA.1.14,2022-01-03
8.827371,26.94597,4,EPI_ISL_8899105,Omicron,BA.1.17.2,2022-01-13
8.830576,26.949362,4,EPI_ISL_12949418,Omicron,BA.1.17.2,2022-01-10
8.828024,26.950577,4,EPI_ISL_8871134,Omicron,BA.1,2022-01-05
8.02125,25.940172,4,EPI_ISL_10031199,Omicron,BA.1,2022-02-01
7.9956617,26.092077,4,EPI_ISL_9044964,Omicron,BA.1,2021-12-30
8.825784,26.950489,4,EPI_ISL_11637608,Omicron,BA.1,2022-03-17
8.830818,26.955742,4,EPI_ISL_8825218,Omicron,BA.1,2022-01-10
9.868468,26.651352,4,EPI_ISL_11268781,Omicron,BA.1.15,2022-03-01
9.650931,25.204992,4,EPI_ISL_11685249,Omicron,BA.1,2022-01-25
9.578684,25.219954,4,EPI_ISL_10274436,Omicron,BA.1.18,2022-02-06
9.709072,25.176962,4,EPI_ISL_12559631,Omicron,BA.1,2022-04-29
8.819097,26.952883,4,EPI_ISL_10785645,Omicron,BA.1.17.2,2022-02-02
8.828607,26.95682,4,EPI_ISL_9066089,Omicron,BA.1.15.1,2022-01-17
8.45578,26.408337,4,EPI_ISL_12273865,Omicron,BA.1,2021-12-21
8.82098,25.925636,4,EPI_ISL_7671520,Omicron,BA.1.15,2021-12-12
8.817807,26.94724,4,EPI_ISL_10273280,Omicron,BA.1,2022-02-11
9.438436,27.79045,4,EPI_ISL_8412638,Omicron,BA.1.18,2021-12-25
8.593299,25.762629,4,EPI_ISL_8243726,Omicron,BA.1,2021-12-23
8.829967,26.94955,4,EPI_ISL_7740812,Omicron,BA.1.17,2021-11-23
8.830377,26.947842,4,EPI_ISL_8976520,Omicron,BA.1.15,2021-12-20
8.819333,26.948751,4,EPI_ISL_9864499,Omicron,BA.1.17.2,2022-02-07
8.827956,26.95965,4,EPI_ISL_11025499,Omicron,BA.1.17.2,2022-02-19
8.826523,26.953566,4,EPI_ISL_10359909,Omicron,Unassigned,2022-02-13
8.821261,26.946453,4,EPI_ISL_16195618,Omicron,BA.1.17,2022-02-14
10.353864,26.591585,4,EPI_ISL_10443572,Omicron,BA.1.14,2022-02-18
9.660473,27.703945,4,EPI_ISL_11627606,Omicron,BA.1,2022-01-10
8.829926,26.948286,4,EPI_ISL_8292656,Omicron,BA.1.15,2021-12-22
8.733915,27.835981,4,EPI_ISL_10115180,Omicron,BA.1.17,2022
8.827035,26.95258,4,EPI_ISL_9581868,Omicron,BA.1.17.2,2022-01-30
8.823171,26.95628,4,EPI_ISL_11161560,Omicron,Unassigned,2022-03-09
8.825421,26.952469,4,EPI_ISL_9247430,Omicron,BA.1.17.2,2022-01-20
9.662375,27.66119,4,EPI_ISL_8203494,Omicron,BA.1,2021-12-20
8.822646,26.953533,4,EPI_ISL_7915439,Omicron,BA.1.17.2,2021-12-06
9.650952,25.2049,4,EPI_ISL_10869363,Omicron,BA.1.15,2022-02-03
8.8290415,26.950047,4,EPI_ISL_9440041,Omicron,BA.1.5,2022-01-26
8.820993,26.954988,4,EPI_ISL_9030344,Omicron,BA.1.20,2021-12-27
8.826169,26.952143,4,EPI_ISL_10320662,Omicron,BA.1.15,2022-01-16
8.829543,26.954105,4,EPI_ISL_9224994,Omicron,BA.1,2022-01-07
9.6535425,25.19959,4,EPI_ISL_9361199,Omicron,BA.1.15.1,2022-01-19
8.021248,25.940107,4,EPI_ISL_11072365,Omicron,BA.1,2022-02-23
8.827784,26.949543,4,EPI_ISL_9724411,Omicron,BA.1.18,2022-01-24
8.830871,26.957668,4,EPI_ISL_10057092,Omicron,BA.1.17.2,2022-02-10
7.8143764,26.123823,4,EPI_ISL_15251028,Omicron,BA.1.17.2,2022-04-12
8.823947,26.952526,4,EPI_ISL_10537642,Omicron,BA.1.17.2,2022-02-19
8.427082,25.878325,4,EPI_ISL_12111991,Omicron,BA.1,2022-03-28
8.830017,26.953632,4,EPI_ISL_8969794,Omicron,BA.1.17,2022-01-10
9.680043,25.212059,4,EPI_ISL_9770548,Omicron,BA.1.18,2022-01-13
6.474351,24.913414,4,EPI_ISL_7829597,Omicron,BA.1.18,2021-12-06
8.317523,27.286715,4,EPI_ISL_9672432,Omicron,BA.1.15,2022-01-07
8.828631,26.960411,4,EPI_ISL_8760599,Omicron,BA.1.17.2,2022-01-04
8.804389,27.60709,4,EPI_ISL_13628863,Omicron,BA.1.15,2022-03-11
8.8264265,26.958368,4,EPI_ISL_14996991,Omicron,BA.1.15,2022-01-10
9.42669,27.632038,4,EPI_ISL_12303065,Omicron,BA.1.14.2,2022-02-01
8.822991,26.95261,4,EPI_ISL_9985492,Omicron,BA.1.17,2022-02-01
8.826561,26.942667,4,EPI_ISL_8182694,Omicron,BA.1.15,2021-12-17
8.825557,26.95093,4,EPI_ISL_9319930,Omicron,BA.1,2022-01-12
8.828418,26.952038,4,EPI_ISL_9826047,Omicron,BA.1,2022-02-04
8.829142,26.955824,4,EPI_ISL_9725012,Omicron,BA.1.17.2,2022-02-02
8.82774,26.95508,4,EPI_ISL_11412961,Omicron,BA.1.15,2022-03-08
8.021267,25.940098,4,EPI_ISL_10030077,Omicron,BA.1.17,2022-01-18
8.830092,26.953587,4,EPI_ISL_10832458,Omicron,BA.1.17.2,2022-02-06
8.819829,26.95877,4,EPI_ISL_9685253,Omicron,BA.1.15.1,2022-02-02
8.830434,26.94458,4,EPI_ISL_11694832,Omicron,BA.1,2022-03-23
8.833826,26.950277,4,EPI_ISL_12544627,Omicron,BA.1,2022-01-12
8.827426,26.942656,4,EPI_ISL_10828672,Omicron,BA.1.15,2022-02-01
8.8296995,26.949846,4,EPI_ISL_10823932,Omicron,BA.1,2022-01-25
8.825749,26.950163,4,EPI_ISL_9127615,Omicron,BA.1,2022-01-17
6.689137,25.11607,4,EPI_ISL_14561381,Omicron,BA.1,2022-02-10
8.832232,26.952377,4,EPI_ISL_12208411,Omicron,BA.1.17,2022-01-31
9.126022,26.019102,4,EPI_ISL_12040017,Omicron,BA.1.14.1,2022-01-27
9.575548,27.222881,4,EPI_ISL_8981841,Omicron,BA.1,2022-01-04
9.558388,26.457743,4,EPI_ISL_10959347,Omicron,BA.1.17.2,2022-03-05
9.635906,25.21163,4,EPI_ISL_11407050,Omicron,BA.1.15,2022-01-31
8.820742,26.95704,4,EPI_ISL_8154635,Omicron,BA.1,2021-12-13
8.823292,26.94498,4,EPI_ISL_9659976,Omicron,BA.1.15,2022-01-27
8.82627,26.953268,4,EPI_ISL_8589016,Omicron,BA.1.14,2022-01-02
8.825925,26.951569,4,EPI_ISL_13561128,Omicron,BA.2,2022-06-07
8.828759,26.949833,4,EPI_ISL_10838250,Omicron,BA.1.1,2021-12-27
7.690246,26.689186,4,EPI_ISL_15856290,Omicron,BA.1.13,2022
8.822342,26.945906,4,EPI_ISL_10608618,Omicron,BA.1.15,2022-01-07
8.822323,26.945904,4,EPI_ISL_10654071,Omicron,BA.1.20,2022-02-09
8.826072,26.950897,4,EPI_ISL_10110748,Omicron,BA.1.15.1,2022-02-11
8.823059,26.949797,4,EPI_ISL_10165273,Omicron,BA.1,2022-01-26
8.823646,26.95299,4,EPI_ISL_12139555,Omicron,BA.1.18,2022-02-14
8.830184,26.957619,4,EPI_ISL_8853346,Omicron,BA.1.17.2,2022-01-11
8.826511,26.941896,4,EPI_ISL_11905689,Omicron,BA.1,2022-02-26
8.821262,26.944153,4,EPI_ISL_8636479,Omicron,BA.1.13,2021-12-13
8.021235,25.940115,4,EPI_ISL_10720726,Omicron,BA.1.15,2022-01-20
8.829269,26.94928,4,EPI_ISL_10186176,Omicron,BA.1.16,2022-01-29
10.012569,24.703806,4,EPI_ISL_8426158,Omicron,BA.1.15,2021-12-22
8.823865,26.946878,4,EPI_ISL_10038419,Omicron,Unassigned,2022-01-11
7.674314,26.653091,4,EPI_ISL_14409468,Omicron,BA.1.1,2022-07-21
8.82091,26.952415,4,EPI_ISL_10582383,Omicron,BA.1.15.1,2022-02-07
9.680065,25.212051,4,EPI_ISL_11348558,Omicron,BA.1.18,2021-12-14
8.088816,25.879158,4,EPI_ISL_13071492,Omicron,BA.1,2022-02-02
8.399095,27.650307,4,EPI_ISL_8823176,Omicron,BA.1.15.1,2022-01-10
9.585782,27.371553,4,EPI_ISL_10720918,Omicron,BA.1,2022-02-23
8.824229,26.955475,4,EPI_ISL_10652196,Omicron,BA.1.17.2,2022-02-08
8.457719,26.271376,4,EPI_ISL_13345724,Omicron,BA.1,2022-05-10
8.824334,26.947803,4,EPI_ISL_9284653,Omicron,BA.1.17.2,2022-01-21
8.827019,26.957958,4,EPI_ISL_8115387,Omicron,BA.1.15,2021-12-20
8.824524,26.944145,4,EPI_ISL_9973470,Omicron,BA.1.15,2022-01-12
8.831938,26.950321,4,EPI_ISL_8427345,Omicron,BA.1.15,2021-12-19
8.828154,26.946705,4,EPI_ISL_9002234,Omicron,BA.1.17.2,2022-01-15
9.650945,25.20499,4,EPI_ISL_9133044,Omicron,BA.1.15,2021-12-18
8.82942,26.951384,4,EPI_ISL_9820825,Omicron,BA.1.17.2,2022-02-06
8.824885,26.955694,4,EPI_ISL_10501690,Omicron,BA.1,2022
8.823901,26.944765,4,EPI_ISL_9130279,Omicron,BA.1.17.2,2022-01-18
8.270329,27.486418,4,EPI_ISL_9298396,Omicron,BA.1.15.1,2022-01-22
8.63201,26.365404,4,EPI_ISL_9892328,Omicron,BA.1,2022-02-04
9.708462,27.654161,4,EPI_ISL_8870550,Omicron,BA.1.17,2021-12-26
8.829078,26.947067,4,EPI_ISL_10530245,Omicron,BA.1,2022-02-22
8.833562,26.957369,4,EPI_ISL_9461036,Omicron,BA.1.21,2021-12-20
8.828256,26.94603,4,EPI_ISL_12762999,Omicron,Unassigned,2022-05-02
8.828012,26.947435,4,EPI_ISL_9788428,Omicron,BA.1.15,2022-02-03
8.105126,25.899054,4,EPI_ISL_9697506,Omicron,BA.1.1,2022-01-05
8.021272,25.940084,4,EPI_ISL_10739008,Omicron,BA.1.8,2022-02-09
9.901069,26.61431,4,EPI_ISL_9899394,Omicron,BA.1,2022-01-31
9.650941,25.20491,4,EPI_ISL_9208350,Omicron,BA.1.17.2,2022-01-14
8.82588,26.946232,4,EPI_ISL_11562962,Omicron,BA.1,2022-01-19
8.826537,26.956516,4,EPI_ISL_9285224,Omicron,BA.1.17.2,2022-01-21
8.833575,26.955421,4,EPI_ISL_11212045,Omicron,BA.1.16,2022-03-14
8.83128,26.952816,4,EPI_ISL_8843446,Omicron,BA.1,2022-01-05
9.650938,25.204908,4,EPI_ISL_8950199,Omicron,BA.1.17.2,2022-01-06
8.823813,26.95302,4,EPI_ISL_9305219,Omicron,BA.1,2022-01-05
8.825247,26.943794,4,EPI_ISL_9870488,Omicron,BA.1.17.2,2022-02-06
8.8177595,26.952946,4,EPI_ISL_10255909,Omicron,BA.1.17,2022-01-30
8.824921,26.950798,4,EPI_ISL_8928482,Omicron,BA.1,2022-01-03
8.831895,26.951315,4,EPI_ISL_10273448,Omicron,BA.1.1,2022-02-11
8.823574,26.944641,4,EPI_ISL_13627113,Omicron,BA.1.17.2,2022-01-24
10.353855,26.623877,4,EPI_ISL_11383663,Omicron,Unassigned,2022-03-18
8.82918,26.946629,4,EPI_ISL_8206955,Omicron,BA.1,2021-12-22
9.846869,24.958485,4,EPI_ISL_11531501,Omicron,B.1.1.529,2022-01-24
8.828047,26.946796,4,EPI_ISL_8905802,Omicron,BA.1.17.2,2021-12-12
9.65094,25.204992,4,EPI_ISL_10092562,Omicron,BA.1.20,2022-02-03
8.827162,26.949854,4,EPI_ISL_9066284,Omicron,BA.1,2022-01-17
8.826998,26.952892,4,EPI_ISL_9963815,Omicron,BA.1.20,2022-01-28
8.822416,26.947575,4,EPI_ISL_10366112,Omicron,BA.1.4,2022-01-04
8.823452,26.949675,4,EPI_ISL_9751773,Omicron,BA.1,2022-02-01
9.575545,27.222889,4,EPI_ISL_9864094,Omicron,BA.1,2022-02-07
8.514236,25.774254,4,EPI_ISL_11036945,Omicron,BA.1,2021-12-21
8.021268,25.940094,4,EPI_ISL_9521230,Omicron,BA.1.14.1,2022-01-06
8.827522,26.949623,4,EPI_ISL_9510506,Omicron,BA.1,2022-01-27
8.830254,26.945423,4,EPI_ISL_10077348,Omicron,BA.1,2022-02-07
8.821544,26.952765,4,EPI_ISL_12949413,Omicron,BA.1,2021-12-15
8.821208,26.94954,4,EPI_ISL_10934854,Omicron,BA.1,2022-03-04
8.822857,26.946968,4,EPI_ISL_8820785,Omicron,BA.1,2022-01-10
8.484436,27.578033,4,EPI_ISL_10837246,Omicron,BA.1.15,2021-12-31
8.826304,26.947252,4,EPI_ISL_11123427,Omicron,BA.1,2022-03-11
8.021232,25.940115,4,EPI_ISL_11476505,Omicron,BA.1.15,2022-02-12
9.9529705,27.562956,4,EPI_ISL_9221395,Omicron,BA.1,2022-01-14
8.829027,26.949627,4,EPI_ISL_10287899,Omicron,BA.1.18,2022-02-10
10.395631,26.605013,4,EPI_ISL_12269282,Omicron,BA.1,2022-04-04
8.825972,26.956566,4,EPI_ISL_8353525,Omicron,BA.1.9,2021-12-22
8.827252,26.953436,4,EPI_ISL_11177562,Omicron,BA.1.15,2022-02-16
8.830848,26.947872,4,EPI_ISL_10905410,Omicron,BA.1.17,2022-02-11
8.826823,26.942665,4,EPI_ISL_8767776,Omicron,BA.1,2022-01-06
8.02123,25.940123,4,EPI_ISL_9105816,Omicron,BA.1,2021-12-30
8.821955,26.9526,4,EPI_ISL_8550960,Omicron,BA.1,2021-12-28
7.8229566,26.658978,4,EPI_ISL_11843851,Omicron,BA.1,2022-03-24
8.831351,26.947512,4,EPI_ISL_9175996,Omicron,BA.1,2022-01-05
8.826265,26.9493,4,EPI_ISL_9431582,Omicron,BA.1,2022-01-21
9.650934,25.20493,4,EPI_ISL_11415683,Omicron,BA.1,2022-01-31
10.427081,26.619934,4,EPI_ISL_11454758,Omicron,BA.1.1.1,2022-03-07
8.535848,27.611546,4,EPI_ISL_12949558,Omicron,BA.1.17.2,2022-01-08
9.68925,25.198553,4,EPI_ISL_9132769,Omicron,BA.1,2021-12-17
9.518626,26.310858,4,EPI_ISL_16211043,Omicron,BA.1.17,2022-03-30
8.831318,26.95733,4,EPI_ISL_8816493,Omicron,BA.1.15,2022-01-10
8.824891,26.950668,4,EPI_ISL_8331866,Omicron,BA.1.17,2021-12-30
8.820964,26.949333,4,EPI_ISL_9633294,Omicron,BA.1,2022-01-20
8.818165,26.948563,4,EPI_ISL_7889640,Omicron,BA.1,2021-12-15
8.826896,26.954622,4,EPI_ISL_9312708,Omicron,BA.1.17.2,2022-01-24
8.828082,26.953688,4,EPI_ISL_11223472,Omicron,BA.1.17.2,2022-02-09
8.021394,25.940105,4,EPI_ISL_10025481,Omicron,BA.1.18,2022-01-25
8.823857,26.95456,4,EPI_ISL_8896432,Omicron,BA.1,2022-01-07
9.683452,25.209845,4,EPI_ISL_8482892,Omicron,BA.1.15,2021-12-17
8.832784,26.941107,4,EPI_ISL_9785578,Omicron,BA.1,2022-02-03
9.694584,27.627913,4,EPI_ISL_10083121,Omicron,BA.1,2022-01-11
8.832174,26.945124,4,EPI_ISL_9025507,Omicron,BA.1.15.1,2022-01-16
8.823882,26.955902,4,EPI_ISL_12032709,Omicron,BA.1.17,2022-03-28
8.823706,26.955374,4,EPI_ISL_10064461,Omicron,BA.1.17.2,2022-02-07
8.830219,26.943863,4,EPI_ISL_10836808,Omicron,BA.1.15,2021-12-29
8.82342,26.95155,4,EPI_ISL_10456230,Omicron,BA.1,2022-02-18
10.11522,24.474382,4,EPI_ISL_8551354,Omicron,BA.1.20,2021-12-23
9.65094,25.204933,4,EPI_ISL_11406973,Omicron,BA.1.14.1,2022-01-21
9.846337,24.96571,4,EPI_ISL_8606219,Omicron,BA.1,2022-01-03
9.734442,25.14669,4,EPI_ISL_9199857,Omicron,B.1.1.529,2022-01-01
10.234523,26.655113,4,EPI_ISL_12559638,Omicron,BA.1,2022-03-01
8.8218775,26.948786,4,EPI_ISL_9844679,Omicron,BA.1.17.2,2022-01-24
9.189898,27.664295,4,EPI_ISL_9632056,Omicron,BA.1.15.2,2022-01-19
9.126004,26.019148,4,EPI_ISL_9899101,Omicron,BA.1.18,2022-01-27
8.829609,26.950354,4,EPI_ISL_10747600,Omicron,BA.1,2022-02-07
8.825417,26.94473,4,EPI_ISL_7747607,Omicron,BA.1.17,2021-12-08
10.310016,26.624224,4,EPI_ISL_11073321,Omicron,BA.2,2022-02-27
9.6471405,25.204006,4,EPI_ISL_11891346,Omicron,BA.1.15,2022-01-25
8.820436,26.95671,4,EPI_ISL_10228387,Omicron,BA.1.20,2022-02-05
10.395661,26.605053,4,EPI_ISL_11851857,Omicron,BA.2,2022-03-18
8.827944,26.952696,4,EPI_ISL_11695238,Omicron,BA.1,2022-02-23
6.546304,24.97135,4,EPI_ISL_8017604,Omicron,BA.1,2021-12-16
8.823618,26.949078,4,EPI_ISL_9471402,Omicron,BA.1,2022-01-17
8.826283,26.951021,4,EPI_ISL_10607458,Omicron,BA.1.15,2022-01-09
8.823669,26.954584,4,EPI_ISL_10824491,Omicron,BA.1.15,2022-01-24
7.689725,25.997908,4,EPI_ISL_12194183,Omicron,BA.1.17,2022-03-22
9.686946,25.204708,4,EPI_ISL_8567338,Omicron,BA.1,2021-12-10
7.8588257,27.054596,4,EPI_ISL_8843529,Omicron,BA.1,2022-01-05
9.629761,26.621445,4,EPI_ISL_15114745,Omicron,BA.1.17.2,2022-09-13
8.829757,26.950583,4,EPI_ISL_9387313,Omicron,BA.1.17.2,2022-01-20
8.828961,26.950628,4,EPI_ISL_9073364,Omicron,BA.1,2022-01-10
8.818832,26.956354,4,EPI_ISL_8775154,Omicron,BA.1.17.2,2022-01-09
8.827626,26.947577,4,EPI_ISL_14647578,Omicron,BA.1.15,2022-01-03
8.021263,25.940168,4,EPI_ISL_10739149,Omicron,BA.1.18,2022-02-07
8.827553,26.952286,4,EPI_ISL_9416927,Omicron,BA.1.17.2,2022-01-13
9.696356,25.219765,4,EPI_ISL_11865102,Omicron,BA.1.17.2,2022-02-01
9.661182,27.661283,4,EPI_ISL_8950626,Omicron,BA.1.17.2,2021-12-30
9.686924,25.204706,4,EPI_ISL_9613660,Omicron,BA.1.18,2021-12-27
8.826223,26.952324,4,EPI_ISL_10250188,Omicron,BA.1.17.2,2022-01-07
8.824407,26.957363,4,EPI_ISL_10858511,Omicron,BA.1,2022-02-17
8.8269205,26.952433,4,EPI_ISL_10652682,Omicron,BA.1.17.2,2022-02-21
8.827201,26.94813,4,EPI_ISL_12559697,Omicron,BA.1.17.2,2022-03-07
8.830552,26.954401,4,EPI_ISL_11108741,Omicron,BA.1.17.2,2022-03-07
8.826548,26.949856,4,EPI_ISL_9374335,Omicron,BD.1,2022-01-26
8.819222,26.945572,4,EPI_ISL_9565119,Omicron,BA.1,2022-01-28
8.82664,26.95323,4,EPI_ISL_9344653,Omicron,BA.1,2022-01-10
9.658124,25.182728,4,EPI_ISL_9923129,Omicron,BA.1,2022-01-04
6.533216,24.963312,4,EPI_ISL_17080077,Omicron,BA.1.1,2022-02-01
9.627234,27.026695,4,EPI_ISL_8820346,Omicron,BA.1.15.1,2022-01-06
8.834249,26.954437,4,EPI_ISL_10025572,Omicron,BA.1.17,2022-01-26
8.827828,26.948267,4,EPI_ISL_9887107,Omicron,BA.1,2022-01-19
8.821625,26.950142,4,EPI_ISL_9429539,Omicron,BA.1.15,2022-01-06
9.99618,27.190344,4,EPI_ISL_10016721,Omicron,BA.1,2022-02-11
8.830571,26.948391,4,EPI_ISL_9638209,Omicron,BA.1.17.2,2022-01-13
8.830181,26.948503,4,EPI_ISL_9319847,Omicron,BA.1,2022-01-12
8.826693,26.949831,4,EPI_ISL_10474699,Omicron,BD.1,2022-02-15
9.681789,25.211655,4,EPI_ISL_8897081,Omicron,BA.1.17,2021-12-31
9.125933,26.019146,4,EPI_ISL_9898926,Omicron,BA.1,2022-01-24
8.826125,26.948261,4,EPI_ISL_8843791,Omicron,BA.1,2022-01-05
8.9144745,25.98797,4,EPI_ISL_8184804,Omicron,BA.1,2021-12-16
7.23911,25.854094,4,EPI_ISL_12559700,Omicron,BA.1.17.2,2022-03-06
10.287723,26.608278,4,EPI_ISL_10729942,Omicron,BA.1,2022-02-23
8.828899,26.95249,4,EPI_ISL_10840855,Omicron,BA.1,2022-02-21
7.738122,26.379555,4,EPI_ISL_12551400,Omicron,BA.1,2022-04-18
7.817801,27.29487,4,EPI_ISL_9072047,Omicron,BA.1.17.2,2022-01-17
8.8217,26.946827,4,EPI_ISL_9095837,Omicron,BA.1.15,2022-01-09
8.549177,27.575617,4,EPI_ISL_8931123,Omicron,BA.1.17.2,2022-01-11
8.828708,26.954628,4,EPI_ISL_8965009,Omicron,BA.1.12,2022-01-14
9.6639595,27.23304,4,EPI_ISL_9028551,Omicron,BA.1.18,2021-12-22
8.8239565,26.959864,4,EPI_ISL_8208914,Omicron,BA.1.15,2021-12-16
8.505273,25.74085,4,EPI_ISL_10104061,Omicron,BA.1.15,2022-01-12
7.8004456,26.789734,4,EPI_ISL_12235211,Omicron,BA.1,2022-02-01
8.827236,26.955223,4,EPI_ISL_8778288,Omicron,BA.1.17.2,2022-01-06
8.830714,26.945793,4,EPI_ISL_10330518,Omicron,BA.1.15,2022-02-07
8.824968,26.945744,4,EPI_ISL_9688206,Omicron,BA.1,2022-01-24
8.8246155,26.950071,4,EPI_ISL_8854280,Omicron,BA.1.17.2,2022-01-11
8.828326,26.955545,4,EPI_ISL_9433762,Omicron,BA.1,2021-12-28
8.819544,26.952719,4,EPI_ISL_9303939,Omicron,BA.1.9,2022-01-10
10.395624,26.605019,4,EPI_ISL_13375326,Omicron,BA.1.1.1,2022-05-10
9.734293,25.162437,4,EPI_ISL_13564453,Omicron,BA.1,2022-05-16
8.822783,26.951914,4,EPI_ISL_10417292,Omicron,BD.1,2022-02-20
6.7539663,25.178083,4,EPI_ISL_8336438,Omicron,B.1.1.529,2021-12-31
8.455747,26.408337,4,EPI_ISL_9424361,Omicron,Unassigned,2022-01-02
7.8231826,27.278437,4,EPI_ISL_12203944,Omicron,BA.1.18,2022
8.825927,26.949972,4,EPI_ISL_8863847,Omicron,BA.1.15.1,2022-01-10
8.829635,26.954416,4,EPI_ISL_11431637,Omicron,BA.1.15,2022-03-19
10.097243,24.550682,4,EPI_ISL_8471253,Omicron,BA.1,2021-12-22
8.826803,26.948223,4,EPI_ISL_10785155,Omicron,BA.1.17.2,2022-01-27
8.824179,26.952003,4,EPI_ISL_8435000,Omicron,BA.1,2021-12-16
8.828067,26.948067,4,EPI_ISL_10757371,Omicron,BA.1,2022-02-14
8.822471,26.948357,4,EPI_ISL_10244474,Omicron,BA.1.17.2,2022-02-01
9.783829,25.076817,4,EPI_ISL_12970431,Omicron,BA.1,2022-01-06
8.733893,27.835978,4,EPI_ISL_10473634,Omicron,BA.1.17,2022-02-15
8.827405,26.95058,4,EPI_ISL_9015106,Omicron,BA.1.17.2,2021-12-28
8.8263855,26.947912,4,EPI_ISL_9778979,Omicron,BA.1,2022-02-03
8.8248205,26.943897,4,EPI_ISL_9504497,Omicron,BA.1.17,2022-01-28
8.823644,26.949436,4,EPI_ISL_15775340,Omicron,BA.1,2022
8.831955,26.947884,4,EPI_ISL_10053168,Omicron,BA.1.18,2022-02-09
8.363402,27.495543,4,EPI_ISL_8755362,Omicron,BA.1.17.2,2022-01-09
8.021249,25.940174,4,EPI_ISL_8560283,Omicron,BA.1.18,2021-12-21
8.826812,26.945364,4,EPI_ISL_11890511,Omicron,BA.1.18,2022-01-08
8.825193,26.951502,4,EPI_ISL_9690480,Omicron,BA.1,2022-01-30
9.613274,27.481218,4,EPI_ISL_9899279,Omicron,BA.1.14,2022-01-27
8.821867,26.951864,4,EPI_ISL_13791362,Omicron,BA.1.15,2022-01-31
8.831623,26.950272,4,EPI_ISL_9349597,Omicron,BA.1.17.2,2022-01-16
8.826476,26.952692,4,EPI_ISL_8789911,Omicron,BA.1.17.2,2021-12-27
8.822848,26.949057,4,EPI_ISL_9385936,Omicron,BA.1.14,2022-01-23
8.828728,26.94703,4,EPI_ISL_10148397,Omicron,BA.1.17.2,2022-01-25
9.703594,25.186724,4,EPI_ISL_14760819,Omicron,BA.1,2022-07-19
9.6363325,26.589087,4,EPI_ISL_11575395,Omicron,BA.1,2022-03-02
9.578867,26.495564,4,EPI_ISL_9514439,Omicron,BA.1.17.2,2022-01-04
8.8281145,26.947412,4,EPI_ISL_11560633,Omicron,BA.1.17.2,2022-03-07
8.821132,26.950245,4,EPI_ISL_16365828,Omicron,BA.1.17,2022-01-10
8.824833,26.941854,4,EPI_ISL_12275842,Omicron,BA.1,2022-02-28
8.390099,26.46806,4,EPI_ISL_8934071,Omicron,BA.1.15,2022-01-13
6.838413,25.272018,4,EPI_ISL_8336441,Omicron,BA.1,2021-12-31
9.561693,27.467802,4,EPI_ISL_9258951,Omicron,BA.1,2022-01-04
8.825619,26.949522,4,EPI_ISL_10472314,Omicron,BA.1,2022-02-16
9.450732,27.556057,4,EPI_ISL_10234545,Omicron,BA.1.15,2022-01-29
8.826494,26.949244,4,EPI_ISL_8472776,Omicron,BA.1.18,2021-12-23
7.9013066,25.997154,4,EPI_ISL_12167127,Omicron,BA.1,2022-03-28
8.820073,26.945885,4,EPI_ISL_12949386,Omicron,BA.1.17.2,2021-12-26
8.829449,26.955374,4,EPI_ISL_16180923,Omicron,BA.1.15,2022-01-09
9.517551,26.310183,4,EPI_ISL_9171574,Omicron,BA.1.8,2022-01-04
8.824508,26.947218,4,EPI_ISL_10096000,Omicron,BA.1.17,2022-02-03
9.650952,25.204994,4,EPI_ISL_9150388,Omicron,BA.1.15,2022-01-17
9.273837,27.474915,4,EPI_ISL_9270798,Omicron,BA.1,2022-01-22
9.517505,26.310123,4,EPI_ISL_12146876,Omicron,BA.1,2022-03-10
8.720065,27.837809,4,EPI_ISL_12922234,Omicron,BA.1.15,2022-02-15
8.826303,26.949312,4,EPI_ISL_9251290,Omicron,BA.1,2022-01-20
8.824963,26.950504,4,EPI_ISL_9477373,Omicron,BA.1.17.2,2022-01-07
8.821968,26.948654,4,EPI_ISL_8518426,Omicron,BA.1.17.2,2021-12-20
9.650948,25.205008,4,EPI_ISL_11406999,Omicron,BA.1.9,2021-12-29
8.938067,26.012974,4,EPI_ISL_8581731,Omicron,BA.1,2021-12-31
9.734449,25.146696,4,EPI_ISL_9204848,Omicron,AY.3,2022-01-05
9.696366,25.21976,4,EPI_ISL_11020516,Omicron,BA.1,2022-03-07
8.475423,27.676722,4,EPI_ISL_9876114,Omicron,BA.1,2022-02-06
8.828819,26.948168,4,EPI_ISL_9175727,Omicron,BA.1,2022-01-18
9.696061,25.222149,4,EPI_ISL_13948215,Omicron,BA.1.15,2022-04-25
9.102718,27.61587,4,EPI_ISL_8942598,Omicron,BA.1,2022-01-11
9.847493,26.658167,4,EPI_ISL_14057503,Omicron,BA.1.15,2022-07-11
8.821608,26.94567,4,EPI_ISL_8587811,Omicron,BA.1.15,2021-12-17
8.825915,26.950869,4,EPI_ISL_10507371,Omicron,BA.1.17.2,2022-02-04
8.827765,26.951672,4,EPI_ISL_9614392,Omicron,BA.1.17.2,2022-01-31
9.125985,26.019093,4,EPI_ISL_9919787,Omicron,BA.1.14.2,2022-01-10
8.822841,26.948492,4,EPI_ISL_12911827,Omicron,BA.1,2022-03-17
9.69629,25.219753,4,EPI_ISL_12183356,Omicron,BA.2,2022-04-07
8.177001,27.418867,4,EPI_ISL_11262980,Omicron,BA.1.21,2022-02-18
9.705303,25.21879,4,EPI_ISL_11176731,Omicron,BA.2,2022-03-03
8.825705,26.953047,4,EPI_ISL_9681364,Omicron,BA.1,2022-02-02
9.789921,27.648891,4,EPI_ISL_8544470,Omicron,BA.1.21.1,2022-01-02
8.828677,26.954195,4,EPI_ISL_12373839,Omicron,BA.1.18,2022-01-11
8.827486,26.947622,4,EPI_ISL_9250473,Omicron,BA.1.15.1,2022-01-19
8.829317,26.950308,4,EPI_ISL_8968832,Omicron,BA.1,2022-01-15
9.696304,25.219767,4,EPI_ISL_9344329,Omicron,BA.1.17,2022-01-12
8.821688,26.945524,4,EPI_ISL_10943273,Omicron,BA.1,2022-02-12
8.822678,26.951454,4,EPI_ISL_8827907,Omicron,BA.1.20,2021-12-29
10.110582,24.556639,4,EPI_ISL_8953235,Omicron,BA.1.15,2021-12-26
8.823064,26.948221,4,EPI_ISL_11156840,Omicron,BA.1.17.2,2022-02-05
9.578909,26.495523,4,EPI_ISL_11587943,Omicron,BA.1,2022-02-15
8.028179,25.91862,4,EPI_ISL_10850623,Omicron,BA.1.15,2021-12-30
9.966227,27.44577,4,EPI_ISL_13140935,Omicron,BA.1,2022-02-16
7.7855186,26.870813,4,EPI_ISL_10194700,Omicron,BA.1,2022-02-17
8.826301,26.951689,4,EPI_ISL_10672950,Omicron,BA.1,2022-02-15
8.820751,26.948195,4,EPI_ISL_9985008,Omicron,BA.1,2022-01-30
8.829816,26.947699,4,EPI_ISL_8776346,Omicron,BA.1,2022-01-10
6.533215,24.963312,4,EPI_ISL_8395463,Omicron,BA.1.1.18,2021-12-16
10.395612,26.604925,4,EPI_ISL_12004863,Omicron,BA.1.17.2,2021-12-31
8.827367,26.956028,4,EPI_ISL_8604515,Omicron,BA.1.17.2,2021-12-14
8.826346,26.95051,4,EPI_ISL_8895007,Omicron,BA.1.17.2,2022-01-13
8.826854,26.95084,4,EPI_ISL_9043863,Omicron,BA.1,2022-01-08
6.517191,24.943766,4,EPI_ISL_12704498,Omicron,BA.1.24,2022-04-26
9.692597,25.17738,4,EPI_ISL_9678860,Omicron,BA.1,2022-01-02
8.823877,26.949953,4,EPI_ISL_10264212,Omicron,BA.1.17.2,2022-02-02
9.125985,26.01914,4,EPI_ISL_10228899,Omicron,BA.1,2022-01-18
8.825998,26.9503,4,EPI_ISL_8959520,Omicron,BA.1.17.2,2021-12-28
8.823284,26.953123,4,EPI_ISL_8602821,Omicron,BA.1,2021-12-30
7.6607146,26.215338,4,EPI_ISL_11140726,Omicron,BA.1.18,2022-02-28
8.695773,25.836615,4,EPI_ISL_10121523,Omicron,BA.1,2022-02-14
8.823417,26.948805,4,EPI_ISL_9312069,Omicron,BA.1,2022-01-24
8.827034,26.943277,4,EPI_ISL_8847990,Omicron,BA.1.15.1,2022-01-10
8.021393,25.940104,4,EPI_ISL_11612026,Omicron,BA.1,2022-03-07
9.499796,27.325548,4,EPI_ISL_8308720,Omicron,BA.1.20,2021-12-18
9.65094,25.204998,4,EPI_ISL_11795586,Omicron,BA.1,2022-01-25
8.826811,26.948215,4,EPI_ISL_9934946,Omicron,BA.1.15,2022-01-30
8.824333,26.952627,4,EPI_ISL_10279056,Omicron,BA.1.15,2022-01-24
8.824721,26.947441,4,EPI_ISL_12136645,Omicron,BA.1,2022-04-02
8.829866,26.949488,4,EPI_ISL_9139200,Omicron,BA.1.17,2022-01-07
8.825806,26.951988,4,EPI_ISL_10324685,Omicron,BA.1.15,2022
8.826324,26.945084,4,EPI_ISL_9893075,Omicron,BA.1.15.1,2022-02-07
8.830557,26.948805,4,EPI_ISL_17491182,Omicron,BA.1.20,2022-01-07
8.581668,27.594936,4,EPI_ISL_9374720,Omicron,BA.1.17.2,2022-01-25
8.021256,25.940107,4,EPI_ISL_9772919,Omicron,BA.1.18,2022-01-20
8.745557,26.070946,4,EPI_ISL_11811441,Omicron,BA.1,2021-12-25
8.82976,26.950315,4,EPI_ISL_8542383,Omicron,BA.1.13,2021-12-20
8.021262,25.940166,4,EPI_ISL_10730172,Omicron,BA.1,2022-02-23
8.824375,26.95577,4,EPI_ISL_10000742,Omicron,BA.1,2022-02-08
8.824438,26.95315,4,EPI_ISL_11204133,Omicron,BA.1.19,2022-02-01
8.826642,26.949211,4,EPI_ISL_9857083,Omicron,BA.1,2022-01-10
8.021394,25.940105,4,EPI_ISL_16176762,Omicron,BA.1.17,2021-12-10
9.712844,25.201054,4,EPI_ISL_11507690,Omicron,BA.2,2022-03-11
9.68926,25.198545,4,EPI_ISL_7604480,Omicron,BA.1.15,2021-12-07
8.824253,26.954231,4,EPI_ISL_9571766,Omicron,BA.1.17.2,2022-01-13
9.201784,27.54288,4,EPI_ISL_11245038,Omicron,BA.1.17,2022-03-07
7.8111696,26.225466,4,EPI_ISL_12381195,Omicron,BA.1,2022-03-12
9.650939,25.20491,4,EPI_ISL_11415672,Omicron,BA.1,2022-01-31
8.827606,26.954784,4,EPI_ISL_8774076,Omicron,BA.1,2022-01-09
9.623881,27.440063,4,EPI_ISL_9202983,Omicron,BA.1,2022-01-06
8.828355,26.94853,4,EPI_ISL_10255060,Omicron,BA.1.1.18,2022-02-08
8.827235,26.949383,4,EPI_ISL_9869065,Omicron,BD.1,2022-02-08
8.820337,26.94815,4,EPI_ISL_9992756,Omicron,BA.1,2022-02-09
9.126071,26.019114,4,EPI_ISL_11406905,Omicron,BA.1,2021-12-28
6.474351,24.913414,4,EPI_ISL_8514334,Omicron,BA.1,2021-12-29
6.474351,24.913414,4,EPI_ISL_8825868,Omicron,B.1.1.529,2021-12-15
9.650945,25.20492,4,EPI_ISL_9922958,Omicron,BA.1,2022-02-04
8.827781,26.95688,4,EPI_ISL_8785270,Omicron,BA.1.17.2,2021-12-21
8.0212755,25.940086,4,EPI_ISL_10030116,Omicron,BA.1.15,2022-01-18
8.823078,26.947342,4,EPI_ISL_8852020,Omicron,BA.1,2022-01-11
8.823966,26.957035,4,EPI_ISL_12180324,Omicron,BA.1.14,2021-12-27
8.826891,26.95139,4,EPI_ISL_9722786,Omicron,BA.1.17.2,2022-01-31
8.826139,26.95116,4,EPI_ISL_9118634,Omicron,BA.1,2022-01-19
8.823509,26.947985,4,EPI_ISL_9559385,Omicron,BA.1.17.2,2022-01-27
8.380265,27.648302,4,EPI_ISL_12170546,Omicron,BA.1.15,2022-04-12
8.823349,26.95442,4,EPI_ISL_9557744,Omicron,BA.1.17.2,2022-01-28
8.820194,26.946785,4,EPI_ISL_11003262,Omicron,BA.1.17,2022-02-07
9.650951,25.204988,4,EPI_ISL_9678071,Omicron,BA.1.15,2022-01-02
8.123504,25.860859,4,EPI_ISL_10016613,Omicron,BA.1.17.2,2022-02-11
8.021236,25.940105,4,EPI_ISL_10704935,Omicron,BA.1,2022-01-17
9.676899,27.625376,4,EPI_ISL_11627595,Omicron,BA.1,2022-01-10
9.696367,25.219755,4,EPI_ISL_12206358,Omicron,BA.1.13.1,2022-02-26
8.824867,26.953796,4,EPI_ISL_9087859,Omicron,BA.1.15,2022-01-11
8.8232355,26.957754,4,EPI_ISL_9040401,Omicron,BA.1.17,2022-01-04
8.823161,26.95155,4,EPI_ISL_10374295,Omicron,BA.1.15,2022-02-06
8.832757,26.960014,4,EPI_ISL_8680179,Omicron,BA.1,2022-01-03
8.825965,26.949234,4,EPI_ISL_10193701,Omicron,BA.1.17.2,2022
8.823704,26.953138,4,EPI_ISL_8347597,Omicron,BA.1.18,2021-12-25
7.8876653,26.676577,4,EPI_ISL_11595352,Omicron,BA.1.1,2022-02-09
8.828246,26.955673,4,EPI_ISL_12949517,Omicron,BA.1.17.2,2022-01-13
8.827111,26.958826,4,EPI_ISL_9020780,Omicron,BA.1,2022-01-17
8.021263,25.940092,4,EPI_ISL_9899507,Omicron,BA.1.17.2,2022-01-31
8.830178,26.945475,4,EPI_ISL_10105075,Omicron,BA.1.1,2022-01-27
8.830885,26.948166,4,EPI_ISL_11133758,Omicron,BA.1.15,2022-02-02
9.578683,25.21996,4,EPI_ISL_9061435,Omicron,BA.1.17.2,2022-01-06
8.825982,26.952782,4,EPI_ISL_8828444,Omicron,BA.1.20,2022-01-04
8.824199,26.946543,4,EPI_ISL_10283650,Omicron,BA.1.18,2022-02-09
9.628888,26.64211,4,EPI_ISL_12411484,Omicron,BA.1,2022-03-07
8.827033,26.947962,4,EPI_ISL_8755634,Omicron,BA.1,2022-01-04
8.825664,26.955389,4,EPI_ISL_10852489,Omicron,BA.1,2022-03-02
8.820956,26.955889,4,EPI_ISL_10858398,Omicron,B.1.1.529,2022-02-17
7.078147,25.62982,4,EPI_ISL_9202411,Omicron,B.1,2022-01-11
9.650949,25.20492,4,EPI_ISL_9360867,Omicron,BA.1,2022-01-19
8.828643,26.952374,4,EPI_ISL_10563029,Omicron,BA.1,2022-02-06
8.830033,26.958397,4,EPI_ISL_11467881,Omicron,BA.1.18,2022-02-20
8.825075,26.955263,4,EPI_ISL_10821915,Omicron,BA.1.15,2022-01-11
8.270268,27.48653,4,EPI_ISL_10186171,Omicron,BA.1.17.2,2022-01-29
8.829014,26.957495,4,EPI_ISL_9284596,Omicron,BA.1,2022-01-20
8.83055,26.953564,4,EPI_ISL_8862980,Omicron,BA.1.17.2,2022-01-11
8.021359,25.94013,4,EPI_ISL_9344638,Omicron,BA.1.9,2022-01-10
8.824365,26.950579,4,EPI_ISL_10247657,Omicron,BA.1,2022-01-17
8.827491,26.961193,4,EPI_ISL_12008592,Omicron,BA.1.15.1,2022-03-20
6.8518972,25.311346,4,EPI_ISL_9202992,Omicron,B.1.1.529,2022-01-06
8.827337,26.960478,4,EPI_ISL_9445269,Omicron,BA.1.16,2022-01-26
8.830221,26.955608,4,EPI_ISL_15874512,Omicron,BA.1.17.2,2022-02-28
9.578687,25.21996,4,EPI_ISL_9521256,Omicron,BA.1.14.1,2022-01-06
8.827359,26.946335,4,EPI_ISL_9957478,Omicron,BA.1.17.2,2022-01-31
8.823104,26.95936,4,EPI_ISL_10025401,Omicron,BA.1,2022-01-15
8.825044,26.951916,4,EPI_ISL_9296662,Omicron,BA.1,2022-01-20
6.6891565,25.11608,4,EPI_ISL_9582395,Omicron,BA.1.15.1,2022-01-30
8.823767,26.946064,4,EPI_ISL_10904397,Omicron,BA.1.15.1,2022-02-20
9.696287,25.219763,4,EPI_ISL_10931495,Omicron,BA.1,2022-03-04
9.542383,26.359442,4,EPI_ISL_11632737,Omicron,BA.1.17,2022-03-05
10.110582,24.556639,4,EPI_ISL_8753323,Omicron,BA.1.15,2021-12-26
8.829372,26.961834,4,EPI_ISL_13812923,Omicron,BA.1.15,2022-01-06
9.650947,25.205002,4,EPI_ISL_9104593,Omicron,BA.1.17,2022-01-15
8.475443,27.676739,4,EPI_ISL_8790596,Omicron,BA.1.17,2022-01-05
8.021255,25.940104,4,EPI_ISL_13892250,Omicron,BA.1,2022-02-22
8.819364,26.964647,4,EPI_ISL_9129196,Omicron,BA.1,2022-01-19
8.825805,26.957596,4,EPI_ISL_8899092,Omicron,BA.1.17.2,2022-01-13
10.310043,26.624296,4,EPI_ISL_11869972,Omicron,BA.2,2022-03-23
8.818296,26.959719,4,EPI_ISL_10432394,Omicron,BA.1,2022-02-08
9.650962,25.204906,4,EPI_ISL_9803451,Omicron,BA.1.15,2022-01-04
8.826095,26.953444,4,EPI_ISL_9841457,Omicron,BA.1.17.2,2022-02-07
8.823075,26.95998,4,EPI_ISL_9356392,Omicron,BD.1,2022-01-26
8.827222,26.946583,4,EPI_ISL_12195770,Omicron,BA.1.14,2022-02-03
8.830077,26.960026,4,EPI_ISL_12694412,Omicron,BA.1.15,2022-01-26
8.337437,27.462523,4,EPI_ISL_8853475,Omicron,BA.1.17.2,2022-01-11
9.579708,27.837584,4,EPI_ISL_9446506,Omicron,BA.1,2022
7.7381334,26.3794,4,EPI_ISL_13289213,Omicron,BA.1,2022-06-02
8.82634,26.956738,4,EPI_ISL_10784497,Omicron,BA.1.17.2,2022-01-31
8.088659,25.879087,4,EPI_ISL_7889323,Omicron,BA.1.20,2021-12-15
9.91237,26.502045,4,EPI_ISL_11165451,Omicron,BA.1.15,2022-01-28
8.815911,27.6123,4,EPI_ISL_10188165,Omicron,BA.1.17.2,2022-01-29
8.475509,27.676758,4,EPI_ISL_9069296,Omicron,BA.1.16,2022-01-16
9.378291,27.538008,4,EPI_ISL_11815404,Omicron,BA.1,2022-03-23
8.021283,25.940147,4,EPI_ISL_9983802,Omicron,BA.1.14.1,2022-01-24
8.020327,25.934399,4,EPI_ISL_16181224,Omicron,BA.1,2022-01-28
8.629287,27.474472,4,EPI_ISL_10688322,Omicron,BA.1,2022-02-26
8.825663,26.955614,4,EPI_ISL_8903267,Omicron,BA.1,2021-12-28
8.821764,26.947754,4,EPI_ISL_9319825,Omicron,BA.1,2022-01-12
8.825259,26.961802,4,EPI_ISL_9204293,Omicron,BA.1.15,2022-01-04
7.1969833,25.731209,4,EPI_ISL_10114898,Omicron,BA.1.1,2022-01-13
8.021231,25.94011,4,EPI_ISL_10274516,Omicron,BA.1.18,2022-02-06
10.012568,24.703802,4,EPI_ISL_8719566,Omicron,BA.1.15,2021-12-28
8.8295965,26.960081,4,EPI_ISL_9298208,Omicron,BA.1.17.2,2022-01-22
9.126044,26.019152,4,EPI_ISL_10141902,Omicron,BA.1.14,2022-01-18
8.506093,27.57365,4,EPI_ISL_15652768,Omicron,BA.1,2022-04-13
8.831524,26.953802,4,EPI_ISL_11314685,Omicron,BA.1.15.1,2022-02-28
8.824271,26.941866,4,EPI_ISL_8969430,Omicron,BA.1.15.1,2022-01-15
8.12354,25.86084,4,EPI_ISL_11531609,Omicron,BA.1.15,2022-02-14
8.823329,26.955011,4,EPI_ISL_8863993,Omicron,BA.1.17.2,2022-01-10
9.440527,27.577963,4,EPI_ISL_9722768,Omicron,BA.1.17.2,2022-01-27
9.734438,25.146692,4,EPI_ISL_9103130,Omicron,AY.11,2021-12-23
8.021259,25.940168,4,EPI_ISL_16194955,Omicron,BA.1.17,2022-02-07
9.868474,26.65138,4,EPI_ISL_10294304,Omicron,BA.1.18,2022-02-09
8.336679,26.376411,4,EPI_ISL_11509836,Omicron,BA.1.18,2022-03-14
8.825254,26.952703,4,EPI_ISL_9176206,Omicron,BA.1.17.2,2022-01-19
7.823342,27.2787,4,EPI_ISL_11034964,Omicron,BA.1.17.2,2022-03-11
8.823308,26.953226,4,EPI_ISL_9475108,Omicron,BA.1,2022-01-18
8.435173,26.350042,4,EPI_ISL_9177269,Omicron,BA.1,2022-01-19
8.827654,26.950518,4,EPI_ISL_8774835,Omicron,BA.1,2022-01-09
8.83039,26.954119,4,EPI_ISL_8767730,Omicron,BA.1,2022-01-08
8.833212,26.95704,4,EPI_ISL_9171636,Omicron,BA.1.16,2022-01-18
8.475447,27.676725,4,EPI_ISL_10309554,Omicron,BA.1.15,2022-02-01
8.420668,27.52587,4,EPI_ISL_9022827,Omicron,BA.1.17.2,2022-01-17
8.93589,27.613276,4,EPI_ISL_13864833,Omicron,BA.1.17,2022-04-05
8.831117,26.954176,4,EPI_ISL_10866237,Omicron,BA.1.15,2022-02-23
8.8202915,26.96018,4,EPI_ISL_9408484,Omicron,BA.1.14,2022
9.789764,27.585602,4,EPI_ISL_10121365,Omicron,BA.1,2022-02-14
8.827175,26.948208,4,EPI_ISL_9641100,Omicron,BA.1,2022-02-01
8.51421,25.774265,4,EPI_ISL_8436269,Omicron,BA.1,2021-12-29
9.126022,26.019102,4,EPI_ISL_14319923,Omicron,BA.1,2022-01-10
10.234548,26.655155,4,EPI_ISL_10552762,Omicron,BA.2,2022-02-09
8.826093,26.947002,4,EPI_ISL_9912980,Omicron,BA.1.17,2022-01-25
8.83093,26.950514,4,EPI_ISL_10834000,Omicron,BA.1,2022-01-18
8.827581,26.949957,4,EPI_ISL_8767416,Omicron,BA.1,2022-01-10
8.830569,26.957102,4,EPI_ISL_9829145,Omicron,BA.1.17.2,2022-02-05
8.021263,25.940159,4,EPI_ISL_10850625,Omicron,BA.1.1,2022-01-02
7.8006015,26.283875,4,EPI_ISL_15471420,Omicron,BA.1.17,2022-10-12
7.885503,26.715946,4,EPI_ISL_11489345,Omicron,BA.1.15,2022-03-13
8.827568,26.95242,4,EPI_ISL_9734441,Omicron,BA.1,2022-02-01
8.880212,25.983759,4,EPI_ISL_11928005,Omicron,BA.1.17.2,2021-12-21
8.828731,26.961725,4,EPI_ISL_10075747,Omicron,BA.1.18,2022-01-31
8.829117,26.952679,4,EPI_ISL_7860140,Omicron,BA.1.17,2021-12-16
8.829633,26.958069,4,EPI_ISL_10186211,Omicron,BA.1.17.2,2022-01-27
8.832381,26.953125,4,EPI_ISL_10822981,Omicron,BA.1.15,2022-01-13
8.824245,26.957348,4,EPI_ISL_9956514,Omicron,BA.1.17.2,2022-01-25
8.827247,26.957884,4,EPI_ISL_15422487,Omicron,BA.1.15,2022-01-02
8.502373,26.32148,4,EPI_ISL_11834503,Omicron,BA.1.17,2022-03-28
8.828511,26.951727,4,EPI_ISL_11202295,Omicron,BA.1.20,2022-01-28
9.708405,27.659039,4,EPI_ISL_9076583,Omicron,BA.1.20,2022-01-05
8.83312,26.957485,4,EPI_ISL_8998956,Omicron,BA.1.17,2022-01-14
8.830359,26.956245,4,EPI_ISL_9202945,Omicron,BA.1.17,2022-01-06
8.829189,26.956839,4,EPI_ISL_10538065,Omicron,BD.1,2022-02-18
9.63258,25.23973,4,EPI_ISL_12274324,Omicron,BA.1.15,2022-04-11
8.614154,27.577469,4,EPI_ISL_11898014,Omicron,BA.1,2022-03-13
8.823978,26.955008,4,EPI_ISL_10904292,Omicron,BA.1,2022-02-10
8.830181,26.951994,4,EPI_ISL_8999621,Omicron,BA.1.17.2,2022-01-14
8.816378,26.952686,4,EPI_ISL_8843586,Omicron,BA.1,2022-01-05
8.825319,26.951124,4,EPI_ISL_9023312,Omicron,BA.1,2022-01-13
8.830154,26.956068,4,EPI_ISL_10531945,Omicron,BA.1.8,2022-02-21
7.8231835,27.27843,4,EPI_ISL_7684979,Omicron,BA.1,2021-11-28
8.817993,26.960663,4,EPI_ISL_9185249,Omicron,BA.1.18,2022-01-10
8.825708,26.954327,4,EPI_ISL_10969490,Omicron,BA.1.17.2,2022-01-05
8.822645,26.956718,4,EPI_ISL_8758778,Omicron,BA.1.12,2022-01-09
8.82784,26.954226,4,EPI_ISL_10513726,Omicron,BA.1.18,2022-02-09
8.825706,26.94926,4,EPI_ISL_9850054,Omicron,BA.1.17,2022-01-17
8.824352,26.961119,4,EPI_ISL_10901136,Omicron,BA.1.17.2,2022-02-22
10.110582,24.556635,4,EPI_ISL_11493647,Omicron,Unassigned,2022-01-20
8.760811,25.951826,4,EPI_ISL_11854927,Omicron,BA.1,2021-12-28
8.828447,26.94941,4,EPI_ISL_10000350,Omicron,BA.1,2022-02-08
9.220388,27.606895,4,EPI_ISL_12499648,Omicron,BA.1.15,2022-04-11
8.539012,27.573248,4,EPI_ISL_13627422,Omicron,BA.1,2022-01-26
8.826114,26.954216,4,EPI_ISL_9299158,Omicron,BD.1,2022-01-23
8.820209,26.956059,4,EPI_ISL_9360426,Omicron,BA.1.17.2,2022-01-25
9.126021,26.0191,4,EPI_ISL_16799966,Omicron,BA.1.15,2021-12-25
8.824891,26.959501,4,EPI_ISL_12949389,Omicron,BA.1,2021-12-26
8.823231,26.954151,4,EPI_ISL_8848342,Omicron,BA.1,2022-01-11
8.829241,26.956598,4,EPI_ISL_16860265,Omicron,BA.1,2022-01-22
8.832433,26.954727,4,EPI_ISL_8030430,Omicron,BA.1.15,2021-12-15
9.676058,27.601925,4,EPI_ISL_8485017,Omicron,BA.1,2021-12-30
8.823296,26.963123,4,EPI_ISL_8347409,Omicron,BA.1,2021-12-22
8.021274,25.940092,4,EPI_ISL_11886408,Omicron,BA.1.18,2021-12-28
9.30169,27.539516,4,EPI_ISL_8756146,Omicron,BA.1.17.2,2022-01-09
8.828373,26.961906,4,EPI_ISL_10515531,Omicron,BA.1,2022-02-22
8.826409,26.963251,4,EPI_ISL_10038158,Omicron,Unassigned,2022-01-21
8.0212555,25.940107,4,EPI_ISL_10031621,Omicron,BA.1.17.2,2022-01-31
8.834809,26.959206,4,EPI_ISL_10536058,Omicron,BA.1.18,2022-02-17
8.825426,26.959978,4,EPI_ISL_9310228,Omicron,BA.1,2022-01-24
9.696274,25.219753,4,EPI_ISL_10744260,Omicron,BA.1.18,2022-02-19
10.310055,26.624304,4,EPI_ISL_10743184,Omicron,BA.1.1,2022-02-17
9.189792,27.664352,4,EPI_ISL_10998822,Omicron,BA.1.15.2,2022-03-09
8.828646,26.95825,4,EPI_ISL_9712056,Omicron,BA.1.13,2022-02-01
8.830994,26.948532,4,EPI_ISL_9205433,Omicron,BA.1.15,2022-01-06
9.65093,25.204914,4,EPI_ISL_8952214,Omicron,BA.1.15,2022-01-10
9.744376,27.678131,4,EPI_ISL_9633835,Omicron,BA.1.20,2022-01-21
8.8300495,26.954165,4,EPI_ISL_7696315,Omicron,BA.1.14,2021-12-11
8.82007,26.946917,4,EPI_ISL_9530038,Omicron,BA.1,2022-01-11
8.828263,26.949848,4,EPI_ISL_13339708,Omicron,BA.1,2021-12-28
8.823218,26.959488,4,EPI_ISL_8935532,Omicron,BA.1.20,2022-01-09
8.31245,26.565619,4,EPI_ISL_8985379,Omicron,BA.1.18,2022-01-17
8.858032,27.60011,4,EPI_ISL_9202569,Omicron,BA.1,2022-01-11
8.828595,26.944187,4,EPI_ISL_10200772,Omicron,BA.1.15,2022-02-14
8.823134,26.953579,4,EPI_ISL_7612892,Omicron,BA.1.17,2021-12-07
8.834659,26.951769,4,EPI_ISL_9026576,Omicron,BA.1.16,2022-01-15
8.827644,26.955534,4,EPI_ISL_10739721,Omicron,BA.1.17.2,2022-01-11
8.827178,26.95394,4,EPI_ISL_10316047,Omicron,BA.1,2022-02-06
7.8232403,27.278631,4,EPI_ISL_10979431,Omicron,BA.1.15.1,2022-02-28
9.619495,26.961126,4,EPI_ISL_17311190,Omicron,BA.1.18,2022-01-21
8.821312,26.947454,4,EPI_ISL_16195992,Omicron,BA.1.17,2022-03-09
8.825496,26.960762,4,EPI_ISL_9110277,Omicron,BA.1.18,2022-01-07
8.82074,26.95195,4,EPI_ISL_10121863,Omicron,BA.1,2022-01-24
8.819881,26.95217,4,EPI_ISL_9687897,Omicron,BA.1.15.1,2022-01-24
8.828062,26.955338,4,EPI_ISL_12271050,Omicron,BA.1.20,2022-01-05
8.826092,26.956758,4,EPI_ISL_10074156,Omicron,BA.1.20,2022-02-02
8.823613,26.956594,4,EPI_ISL_11383956,Omicron,BA.1.17,2022-03-14
9.629758,26.621431,4,EPI_ISL_11073310,Omicron,BA.1,2022-02-27
8.052657,25.911304,4,EPI_ISL_10850677,Omicron,BA.1.1,2022-01-22
8.825279,26.965693,4,EPI_ISL_11140675,Omicron,BA.1.15,2022-01-19
8.827658,26.964182,4,EPI_ISL_13627921,Omicron,BA.1.17.2,2022-01-14
8.826461,26.948252,4,EPI_ISL_10045412,Omicron,BA.1.14,2022-01-24
8.826384,26.958277,4,EPI_ISL_8973614,Omicron,BD.1,2022-01-12
8.825973,26.950367,4,EPI_ISL_10340627,Omicron,BA.1.17,2022-02-18
8.021386,25.940115,4,EPI_ISL_7497767,Omicron,BA.1.15,2021-11-30
10.234518,26.655113,4,EPI_ISL_10858530,Omicron,BA.1.1,2022-02-17
8.808994,25.79626,4,EPI_ISL_10072777,Omicron,BA.1.20,2022-02-08
7.785851,26.871332,4,EPI_ISL_8509926,Omicron,BA.1.15.1,2021-12-14
8.823146,26.952206,4,EPI_ISL_10230405,Omicron,BA.1.20,2022-02-07
8.8309355,26.959244,4,EPI_ISL_11094217,Omicron,BA.1,2022-03-08
9.6946125,27.627754,4,EPI_ISL_10228003,Omicron,BA.1,2022-02-05
8.824087,26.955826,4,EPI_ISL_8973410,Omicron,BA.1,2022-01-12
8.826809,26.953768,4,EPI_ISL_10685259,Omicron,BA.1.17.2,2022-02-26
9.099979,26.044619,4,EPI_ISL_11855030,Omicron,BA.1,2022-02-01
8.834854,26.955309,4,EPI_ISL_9597817,Omicron,BA.1,2022-01-31
6.4848294,24.936125,4,EPI_ISL_9512430,Omicron,BA.1,2022-01-30
8.733997,27.835985,4,EPI_ISL_9690863,Omicron,BA.1.15.1,2022-01-28
6.7575235,25.18121,4,EPI_ISL_15582076,Omicron,BA.1,2022-10-14
8.828927,26.948666,4,EPI_ISL_9707068,Omicron,BA.1,2022-01-09
9.696279,25.21975,4,EPI_ISL_10606328,Omicron,BA.1.15,2022-02-20
8.820608,26.94718,4,EPI_ISL_10489172,Omicron,BA.1.8,2022-02-14
9.73149,25.153154,4,EPI_ISL_8947020,Omicron,BA.1,2022-01-04
8.82013,26.96036,4,EPI_ISL_9710788,Omicron,BA.1,2022-01-26
9.696297,25.219769,4,EPI_ISL_11490058,Omicron,BA.1,2022-03-02
8.823661,26.95643,4,EPI_ISL_11086992,Omicron,BA.1.17.2,2022-02-12
8.832079,26.947664,4,EPI_ISL_9110306,Omicron,BA.1,2022-01-07
9.451906,27.80347,4,EPI_ISL_9804790,Omicron,BA.1.14.1,2022-01-21
6.546304,24.971352,4,EPI_ISL_16799740,Omicron,BA.1.17.2,2021-12-20
9.563874,26.32038,4,EPI_ISL_9609675,Omicron,BA.1,2022-02-02
9.767842,27.632317,4,EPI_ISL_9120297,Omicron,BA.1,2022-01-06
8.819407,26.95449,4,EPI_ISL_8991979,Omicron,BA.1.8,2022-01-04
9.6599045,27.694805,4,EPI_ISL_10215421,Omicron,BA.1.20,2022-01-13
8.829511,26.955484,4,EPI_ISL_9128821,Omicron,BA.1.15,2022-01-18
8.8214035,26.958633,4,EPI_ISL_8625511,Omicron,BA.1.17,2021-12-30
9.557998,27.426008,4,EPI_ISL_12106659,Omicron,BA.1.17.2,2022-04-03
9.960111,24.795784,4,EPI_ISL_10103942,Omicron,B.1.1.529,2022-01-17
8.829713,26.962498,4,EPI_ISL_12039023,Omicron,BA.1.15,2022-03-28
8.832914,26.958355,4,EPI_ISL_9124768,Omicron,BA.1.15.1,2022-01-17
8.822433,26.948143,4,EPI_ISL_10945431,Omicron,BA.1.15,2021-12-29
8.824135,26.953907,4,EPI_ISL_9020477,Omicron,BA.1.17.2,2022-01-17
9.735587,27.67451,4,EPI_ISL_10189711,Omicron,BA.1,2022-01-19
6.689143,25.11608,4,EPI_ISL_12272394,Omicron,BA.1,2022-04-07
8.8262825,26.95527,4,EPI_ISL_10703232,Omicron,BA.1.15,2022-02-07
9.125989,26.019138,4,EPI_ISL_9831484,Omicron,BA.1.20,2022-01
6.4690056,24.902737,4,EPI_ISL_9227490,Omicron,BA.1.1,2021-12-27
8.820074,26.949244,4,EPI_ISL_8944438,Omicron,BA.1.15.1,2022-01-13
8.822968,26.94834,4,EPI_ISL_10359286,Omicron,Unassigned,2022-02-11
8.826018,26.952406,4,EPI_ISL_11226140,Omicron,BA.1.15.1,2022-03-05
8.830628,26.94997,4,EPI_ISL_9762628,Omicron,BA.1.20,2022-01-08
8.825298,26.956074,4,EPI_ISL_10420250,Omicron,BA.1,2022-02-17
9.640471,25.215462,4,EPI_ISL_10248633,Omicron,BA.1.15,2022-01-31
8.83329,26.953566,4,EPI_ISL_9300025,Omicron,BA.1,2022-01-22
8.830024,26.961567,4,EPI_ISL_11106092,Omicron,BA.1.13.1,2022-02-04
9.517556,26.31019,4,EPI_ISL_12455008,Omicron,BA.1.15,2022-04-20
9.557928,26.45762,4,EPI_ISL_9933434,Omicron,BA.1.18,2022-01-22
9.64143,27.253687,4,EPI_ISL_10016859,Omicron,BA.1,2022-02-08
9.642976,27.620893,4,EPI_ISL_9120381,Omicron,BA.1,2022-01-06
8.822803,26.94694,4,EPI_ISL_10365619,Omicron,BA.1.18,2022-02-07
8.825635,26.954075,4,EPI_ISL_9135145,Omicron,BA.1.17.2,2022-01-16
9.696298,25.21976,4,EPI_ISL_10611498,Omicron,BA.2,2022-02-13
8.021261,25.9401,4,EPI_ISL_12367380,Omicron,BA.1.17.2,2022-03-09
8.824908,26.946308,4,EPI_ISL_13181330,Omicron,BA.1.21,2022-01-13
8.81612,26.954798,4,EPI_ISL_10879553,Omicron,BA.1.17,2022-02-25
9.085081,26.253708,4,EPI_ISL_10724129,Omicron,BA.1,2022-01-31
8.831504,26.94704,4,EPI_ISL_10741915,Omicron,BA.1,2022-02-17
8.211085,27.56229,4,EPI_ISL_12690993,Omicron,BA.1.20,2022-01-09
6.649101,25.044542,4,EPI_ISL_8746647,Omicron,BA.1,2022-01-13
9.689256,25.19853,4,EPI_ISL_9193128,Omicron,BA.1.20,2021-12-06
8.823969,26.949547,4,EPI_ISL_8966465,Omicron,BA.1.17.2,2022-01-14
8.827359,26.955223,4,EPI_ISL_10786555,Omicron,BA.1,2022-02-06
9.126014,26.019102,4,EPI_ISL_9153391,Omicron,BA.1.17.2,2021-12-29
10.35384,26.623808,4,EPI_ISL_11449288,Omicron,BA.2.9,2022-03-07
8.829777,26.951769,4,EPI_ISL_10820126,Omicron,BA.1.15,2022-01-12
8.834099,26.952734,4,EPI_ISL_9712091,Omicron,BA.1.19,2022-01-29
8.828524,26.948296,4,EPI_ISL_10057072,Omicron,BA.1.15,2022-02-10
8.828038,26.956379,4,EPI_ISL_9253887,Omicron,BA.1.15.1,2022-01-21
8.852496,26.080742,4,EPI_ISL_11789916,Omicron,BA.1.8,2021-12-14
8.824486,26.949766,4,EPI_ISL_9838815,Omicron,BA.1.15.1,2022-02-06
9.728277,27.606926,4,EPI_ISL_9120394,Omicron,BA.1,2022-01-06
8.831263,26.959826,4,EPI_ISL_17122907,Omicron,BA.1.17,2021-12-27
8.829119,26.961044,4,EPI_ISL_9439880,Omicron,BA.1,2022-01-27
8.42762,26.324108,4,EPI_ISL_10828625,Omicron,BA.1.15,2022-02-01
9.529312,27.862993,4,EPI_ISL_8668435,Omicron,BA.1.18,2021-12-29
9.126014,26.019146,4,EPI_ISL_11133904,Omicron,BA.1.15,2022-02-22
8.82774,26.951868,4,EPI_ISL_8853506,Omicron,BA.1.12,2022-01-11
8.514292,25.774263,4,EPI_ISL_12150642,Omicron,BA.1,2022-01-23
8.824736,26.951273,4,EPI_ISL_8816478,Omicron,BA.1.17.2,2022-01-10
8.824719,26.951347,4,EPI_ISL_10530582,Omicron,BA.1,2022-02-22
9.629755,26.621424,4,EPI_ISL_12145028,Omicron,B.1.1.529,2022-03-12
9.661181,27.661272,4,EPI_ISL_10355541,Omicron,BA.1,2021-12-18
9.955885,26.657522,4,EPI_ISL_10121313,Omicron,BA.1,2022-02-11
8.827957,26.948732,4,EPI_ISL_11327404,Omicron,BA.1.17.2,2022-02-12
8.021274,25.940092,4,EPI_ISL_10850679,Omicron,BA.1,2022-01-22
8.823017,26.957603,4,EPI_ISL_10183404,Omicron,BA.1.15.1,2022
8.830655,26.955585,4,EPI_ISL_9567376,Omicron,BA.1.15.1,2022-01-25
8.827895,26.957321,4,EPI_ISL_11206646,Omicron,BA.1,2022-01-23
8.825607,26.957401,4,EPI_ISL_14822551,Omicron,BA.1.17.2,2022-02-28
8.830008,26.955427,4,EPI_ISL_9387961,Omicron,BA.1,2022-01-23
8.829399,26.959309,4,EPI_ISL_9467637,Omicron,BA.1.20,2022-01-13
8.827338,26.960836,4,EPI_ISL_9681572,Omicron,BA.1,2022-01-31
8.0214205,25.940092,4,EPI_ISL_12356129,Omicron,BA.1.17.2,2022-03-18
8.828156,26.951984,4,EPI_ISL_11071361,Omicron,BA.1.16.2,2022-02-20
9.783991,25.07718,4,EPI_ISL_12282762,Omicron,BA.2,2022-03-04
8.823,26.954092,4,EPI_ISL_11386356,Omicron,BA.1,2022-03-07
8.821578,26.954334,4,EPI_ISL_9433758,Omicron,BA.1,2021-12-27
7.823339,27.27869,4,EPI_ISL_15822436,Omicron,BA.1.17,2021-12-27
8.827214,26.965685,4,EPI_ISL_8594275,Omicron,BA.1.20,2021-12-22
8.824367,26.956675,4,EPI_ISL_9187471,Omicron,BA.1.18,2022-01-10
8.821619,26.961016,4,EPI_ISL_9247208,Omicron,BA.1.15.1,2022-01-21
8.823487,26.954369,4,EPI_ISL_7987897,Omicron,BA.1.17,2021-12-15
8.824161,26.958027,4,EPI_ISL_10256196,Omicron,BA.1,2022-02-06
8.4483595,27.58494,4,EPI_ISL_13221752,Omicron,BA.1.17.2,2022-01-04
8.831776,26.958986,4,EPI_ISL_11074358,Omicron,BA.1.15,2022-02-10
8.830196,26.957983,4,EPI_ISL_7545753,Omicron,BA.1,2021-12-04
8.825372,26.953201,4,EPI_ISL_8942717,Omicron,BA.1.17.2,2022-01-13
9.650944,25.204992,4,EPI_ISL_9105093,Omicron,BA.1.15,2022-01-14
8.832081,26.948046,4,EPI_ISL_7771439,Omicron,BA.1,2021-12-03
9.125986,26.019096,4,EPI_ISL_8519781,Omicron,BA.1.15,2021-12-26
8.82648,26.958487,4,EPI_ISL_8465022,Omicron,BA.1.17.2,2021-12-13
8.021215,25.940125,4,EPI_ISL_9220451,Omicron,BA.1,2022-01-05
8.823211,26.951984,4,EPI_ISL_9023119,Omicron,BA.1.15.1,2022-01-17
10.395639,26.605015,4,EPI_ISL_10298645,Omicron,BA.2,2022-02-17
8.825188,26.957481,4,EPI_ISL_9442182,Omicron,BA.1.17.2,2022-01-25
8.830951,26.952753,4,EPI_ISL_10479774,Omicron,BA.1.17.2,2022-02-10
9.650953,25.204992,4,EPI_ISL_8751288,Omicron,BA.1,2022-01-04
9.189808,27.664343,4,EPI_ISL_9347031,Omicron,BA.1.15.2,2021-12-22
10.35386,26.623844,4,EPI_ISL_10312553,Omicron,BA.1.1.1,2022-02-21
8.82739,26.960472,4,EPI_ISL_10985604,Omicron,BA.1,2022-02-20
8.822906,26.956436,4,EPI_ISL_11172609,Omicron,BA.1.17,2022-01-31
8.43015,27.525717,4,EPI_ISL_12559885,Omicron,BA.1.1,2022-03-08
9.852623,25.054161,4,EPI_ISL_8686506,Omicron,BA.1.15,2021-12-27
8.624377,25.80661,4,EPI_ISL_8335344,Omicron,BA.1.1,2021-12-27
8.832535,26.961021,4,EPI_ISL_6939061,Omicron,BA.1,2021-11-24
8.021273,25.94009,4,EPI_ISL_16195741,Omicron,BA.1.17,2022-02-16
8.828357,26.95304,4,EPI_ISL_7937781,Omicron,BA.1.17.2,2021-12-14
8.823514,26.95538,4,EPI_ISL_8964195,Omicron,BA.1.17.2,2022-01-15
9.126028,26.019104,4,EPI_ISL_12422600,Omicron,BA.1,2022-03-01
8.826358,26.961042,4,EPI_ISL_12372703,Omicron,BA.1.18,2022-01-18
8.833276,26.955341,4,EPI_ISL_10250227,Omicron,BA.1.17,2022-01-06
8.825015,26.955284,4,EPI_ISL_17510065,Omicron,BA.1.18,2022-01-08
10.110583,24.55664,4,EPI_ISL_8871840,Omicron,B.1.1.529,2021-12-28
7.823257,27.27867,4,EPI_ISL_16216135,Omicron,BA.1.17.2,2022-01-10
9.687052,25.20473,4,EPI_ISL_11277539,Omicron,BA.1,2021-12-14
10.188666,26.605953,4,EPI_ISL_10860961,Omicron,BA.1,2022-02-11
8.823416,26.960135,4,EPI_ISL_9441079,Omicron,BA.1,2022-01-27
8.47499,27.539581,4,EPI_ISL_11070433,Omicron,BA.1,2022-02-07
7.823348,27.278717,4,EPI_ISL_15822165,Omicron,BA.1,2021-12-11
8.825702,26.959362,4,EPI_ISL_9601985,Omicron,BA.1.13,2022-01-25
9.653556,25.199606,4,EPI_ISL_9679077,Omicron,BA.1.15,2022-01-31
8.833721,26.965107,4,EPI_ISL_8514045,Omicron,AY.1,2021-12-30
8.820125,26.962132,4,EPI_ISL_10512621,Omicron,BA.1.17,2022-02-23
8.823813,26.954563,4,EPI_ISL_8771122,Omicron,BA.1,2022-01-09
9.661159,27.661018,4,EPI_ISL_10355749,Omicron,BA.1,2021-12-19
9.566145,27.373348,4,EPI_ISL_10283778,Omicron,BA.1,2022-02-08
8.826458,26.96176,4,EPI_ISL_8867072,Omicron,BA.1,2021-12-27
8.08736,25.879475,4,EPI_ISL_8335642,Omicron,BA.1,2021-12-23
10.353852,26.623827,4,EPI_ISL_11858417,Omicron,BA.1,2022-01-28
8.830752,26.95607,4,EPI_ISL_11037632,Omicron,BA.1.17.2,2022-03-07
8.825056,26.965773,4,EPI_ISL_10701550,Omicron,BA.1,2022-01-31
10.310066,26.624372,4,EPI_ISL_9696835,Omicron,BA.1.15,2022-01-20
8.505253,25.740856,4,EPI_ISL_8335018,Omicron,BA.1.1,2021-12-27
9.282271,26.082308,4,EPI_ISL_12235765,Omicron,BA.1.9,2022-02-02
6.68573,25.100943,4,EPI_ISL_8974284,Omicron,BA.1.20,2021-12-29
8.827799,26.960615,4,EPI_ISL_9901327,Omicron,BA.1,2022-02-05
9.624821,27.025152,4,EPI_ISL_8431164,Omicron,BA.1,2021-12-17
8.826781,26.96278,4,EPI_ISL_9879336,Omicron,BA.1,2022-01-31
9.55534,26.161686,4,EPI_ISL_10016838,Omicron,BA.1,2022-02-08
8.823845,26.952873,4,EPI_ISL_8854635,Omicron,BA.1.17.2,2022-01-11
8.826582,26.953062,4,EPI_ISL_9367586,Omicron,BA.1.15.1,2022-01-26
9.692582,25.177382,4,EPI_ISL_11144330,Omicron,BA.1.15,2022-02-03
8.830318,26.953207,4,EPI_ISL_11225775,Omicron,BA.1.16,2021-12-27
8.828524,26.950571,4,EPI_ISL_9508945,Omicron,BA.1,2022-01-21
8.733982,27.835989,4,EPI_ISL_11973124,Omicron,BA.1.17,2022-02-01
8.830692,26.959478,4,EPI_ISL_10957675,Omicron,BA.1,2022-02-02
9.705312,25.21879,4,EPI_ISL_11082986,Omicron,BA.1,2022-02-25
8.821714,26.957092,4,EPI_ISL_10509976,Omicron,BA.1,2022-02-01
8.824068,26.952944,4,EPI_ISL_10545876,Omicron,BA.1.15,2022-01-11
8.818725,26.954731,4,EPI_ISL_8859086,Omicron,BA.1.15,2022-01-12
8.825472,26.949518,4,EPI_ISL_9826883,Omicron,BA.1,2022-02-04
8.502319,26.32151,4,EPI_ISL_10221411,Omicron,BA.1.15,2022-01-19
10.353865,26.623875,4,EPI_ISL_11592673,Omicron,BA.2,2022-03-08
8.823224,26.956041,4,EPI_ISL_8898367,Omicron,BA.1.15,2022-01-12
8.825707,26.964535,4,EPI_ISL_9866013,Omicron,BA.1.17.2,2022-02-07
8.817868,26.955965,4,EPI_ISL_10324235,Omicron,BA.1,2022-02-12
10.110582,24.556639,4,EPI_ISL_8259621,Omicron,BA.1.17.2,2021-12-16
8.831226,26.959013,4,EPI_ISL_9420339,Omicron,Unassigned,2022-01-07
8.111548,25.958908,4,EPI_ISL_16802700,Omicron,BA.1.17.2,2022-01-10
8.82673,26.958273,4,EPI_ISL_10888673,Omicron,BA.1.15.1,2022-03-03
8.8264265,26.95728,4,EPI_ISL_8624357,Omicron,BA.1.15,2022-01-02
8.127723,27.407894,4,EPI_ISL_9856691,Omicron,BA.1,2022-01-18
8.8201475,26.95888,4,EPI_ISL_12364630,Omicron,BA.1.17,2022-01-28
8.827499,26.96062,4,EPI_ISL_10124198,Omicron,BA.1.18,2022-02-01
8.82974,26.955582,4,EPI_ISL_8061899,Omicron,BA.1.15,2021-12-16
8.829112,26.960665,4,EPI_ISL_8773282,Omicron,BA.1.17.2,2022-01-10
9.650943,25.204994,4,EPI_ISL_10714856,Omicron,BA.1.20,2021-12-23
8.830886,26.96549,4,EPI_ISL_9565976,Omicron,BA.1.17.2,2022-01-25
9.65093,25.204994,4,EPI_ISL_9104646,Omicron,BA.1.15,2022-01-12
8.830193,26.963215,4,EPI_ISL_9078923,Omicron,BA.1.17.2,2022-01-17
8.822817,26.95974,4,EPI_ISL_9117485,Omicron,BA.1,2022-01-19
8.818303,26.958374,4,EPI_ISL_8749415,Omicron,BA.1.18,2022-01-04
9.450709,27.556072,4,EPI_ISL_8961505,Omicron,BA.1.17.2,2022-01-14
9.125936,26.019148,4,EPI_ISL_9194983,Omicron,BA.1,2022-01-06
8.021266,25.940092,4,EPI_ISL_16197111,Omicron,BA.1.17,2022-02-21
8.825626,26.951002,4,EPI_ISL_7845698,Omicron,BA.1,2021-12-11
8.830566,26.959187,4,EPI_ISL_8560241,Omicron,BA.1,2022-01-03
8.821227,26.958677,4,EPI_ISL_9777946,Omicron,BA.1,2022-02-04
8.8267,26.960918,4,EPI_ISL_10789843,Omicron,BA.1.15,2022-02-16
9.859982,27.30387,4,EPI_ISL_10298420,Omicron,BA.1,2022-02-17
8.826616,26.95673,4,EPI_ISL_11657273,Omicron,BA.1.17,2022-03-08
10.106813,24.623636,4,EPI_ISL_10298465,Omicron,BA.1,2022-02-17
10.100672,26.568094,4,EPI_ISL_11165415,Omicron,BA.1,2022-01-29
8.942536,27.6044,4,EPI_ISL_9820304,Omicron,BA.1,2022-01-25
9.650948,25.204908,4,EPI_ISL_10240893,Omicron,BA.1,2022-01-31
8.823983,26.955046,4,EPI_ISL_8150184,Omicron,BA.1.15,2021-12-14
8.826567,26.958302,4,EPI_ISL_9713554,Omicron,BA.1,2022-01-19
8.82786,26.954046,4,EPI_ISL_9660333,Omicron,BA.1,2022-01-22
8.823111,26.95619,4,EPI_ISL_8944623,Omicron,BA.1.17.2,2022-01-13
8.813195,26.952541,4,EPI_ISL_8857301,Omicron,BA.1.17.2,2022-01-09
9.742966,26.546446,4,EPI_ISL_9353235,Omicron,BA.1,2022-01-10
8.827458,26.959536,4,EPI_ISL_9864158,Omicron,BA.1.17.2,2022-02-07
9.125984,26.019138,4,EPI_ISL_9831429,Omicron,BA.1.15,2022-01
9.680416,27.658712,4,EPI_ISL_13391638,Omicron,BA.1,2022-01-24
9.723727,25.243511,4,EPI_ISL_12053470,Omicron,BA.1.15,2022-03-31
10.234537,26.655115,4,EPI_ISL_10552893,Omicron,BA.1,2022-02-12
7.82926,26.999641,4,EPI_ISL_12599143,Omicron,BA.1,2022-01-13
8.824709,26.964413,4,EPI_ISL_9191359,Omicron,BA.1.17,2022-01-11
8.448275,27.584896,4,EPI_ISL_12922064,Omicron,BA.1,2022-02-15
9.65095,25.204994,4,EPI_ISL_11406987,Omicron,BA.1.14.1,2022-01-24
8.817246,26.9583,4,EPI_ISL_9587040,Omicron,BA.1,2022-01-08
10.073988,27.508526,4,EPI_ISL_8259454,Omicron,BA.1.15.1,2021-12-16
8.823713,26.96025,4,EPI_ISL_9669969,Omicron,BA.1.20,2022-01-21
8.826252,26.953535,4,EPI_ISL_9319838,Omicron,BA.1,2022-01-12
8.82117,26.950993,4,EPI_ISL_9277939,Omicron,BA.1,2022-01-21
6.4743505,24.913414,4,EPI_ISL_16799711,Omicron,BA.1.1,2021-12-19
8.82264,26.9626,4,EPI_ISL_9999106,Omicron,BA.1,2022-02-10
8.81822,26.963886,4,EPI_ISL_11162007,Omicron,Unassigned,2022-03-04
8.789155,25.888033,4,EPI_ISL_14766361,Omicron,BA.1.15.1,2022-08-18
8.8243065,26.960796,4,EPI_ISL_11407375,Omicron,BA.1,2021-12-31
8.822788,26.958776,4,EPI_ISL_15865053,Omicron,BA.1,2022-05-19
8.823586,26.95804,4,EPI_ISL_9993520,Omicron,BA.1,2022-02-10
9.126003,26.019096,4,EPI_ISL_9516866,Omicron,BA.1,2022-01-12
9.650942,25.204912,4,EPI_ISL_11531435,Omicron,BA.1.15,2022-01-23
9.629765,26.621462,4,EPI_ISL_10320461,Omicron,BA.1.17,2022-01-14
8.82095,26.958187,4,EPI_ISL_9531014,Omicron,BA.1,2022-01-10
8.021268,25.940094,4,EPI_ISL_9195413,Omicron,BA.1.17.2,2022-01-11
8.827741,26.95371,4,EPI_ISL_11354622,Omicron,BA.1.18,2022-03-07
8.461362,27.51914,4,EPI_ISL_12485196,Omicron,BA.1,2022-04-05
8.828001,26.96504,4,EPI_ISL_8778093,Omicron,BA.1.17.2,2022-01-10
7.823331,27.27867,4,EPI_ISL_8083600,Omicron,BA.1.15,2021-12-15
8.8307905,26.954962,4,EPI_ISL_10039169,Omicron,Unassigned,2022-01-30
8.8269,26.953941,4,EPI_ISL_8755883,Omicron,BA.1.17.2,2022-01-08
10.374925,26.589222,4,EPI_ISL_9120387,Omicron,BA.1,2022-01-06
8.834754,26.953434,4,EPI_ISL_9997400,Omicron,BA.1.17.2,2022-02-10
9.742951,26.546396,4,EPI_ISL_9307950,Omicron,BA.1.17.2,2022-01-13
8.821207,26.956814,4,EPI_ISL_11007715,Omicron,BA.1.15,2021-12-28
8.828569,26.952509,4,EPI_ISL_8965210,Omicron,BA.1.15.1,2022-01-15
6.546304,24.971352,4,EPI_ISL_10864216,Omicron,BA.1,2021-12-09
9.578717,26.49552,4,EPI_ISL_9914691,Omicron,BA.1.15,2022-01-26
8.823422,26.956295,4,EPI_ISL_8462715,Omicron,BA.1.15.1,2021-12-28
9.694614,27.627747,4,EPI_ISL_8947522,Omicron,BA.1,2021-12-30
8.824769,26.96325,4,EPI_ISL_12275171,Omicron,BA.1,2022-02-23
10.239012,27.396435,4,EPI_ISL_8335232,Omicron,BA.1.15,2021-12-27
8.021252,25.94011,4,EPI_ISL_13249550,Omicron,BA.1.17.2,2022-01-25
8.021251,25.940176,4,EPI_ISL_10547737,Omicron,BA.1.15,2022-01-05
8.826769,26.964518,4,EPI_ISL_9514946,Omicron,BA.1.17,2022-01-04
7.7402644,26.695217,4,EPI_ISL_15022596,Omicron,BA.1.15,2022-05-25
8.820844,26.96042,4,EPI_ISL_9063461,Omicron,BA.1.17.2,2022-01-17
8.864809,25.97307,4,EPI_ISL_9627639,Omicron,BA.1,2022-01-09
9.700583,27.648281,4,EPI_ISL_9526854,Omicron,BA.1.17.2,2022-01-13
7.823395,27.278934,4,EPI_ISL_10013154,Omicron,BA.1,2022
8.821854,26.956442,4,EPI_ISL_10938944,Omicron,BA.1.15,2022-03-03
8.820046,26.962471,4,EPI_ISL_8882893,Omicron,BA.1.18,2022-01-03
8.825754,26.964853,4,EPI_ISL_10781901,Omicron,BA.1.15,2022-02-24
8.825848,26.948463,4,EPI_ISL_9195304,Omicron,BA.1.17.2,2022-01-09
9.693999,25.223446,4,EPI_ISL_10886015,Omicron,BA.1,2022-02-16
7.754931,27.19573,4,EPI_ISL_11950620,Omicron,BA.1.1.15,2021-12-28
8.404207,27.507032,4,EPI_ISL_8382039,Omicron,BA.1,2021-12-23
8.826791,26.96017,4,EPI_ISL_9976024,Omicron,BA.1.15,2022-01-08
8.824001,26.953257,4,EPI_ISL_8636493,Omicron,BA.1,2021-12-14
9.650939,25.204998,4,EPI_ISL_11144443,Omicron,BA.1.15,2022-02-19
8.82248,26.94943,4,EPI_ISL_9694873,Omicron,BA.1.17.2,2022-01-06
9.557934,26.457645,4,EPI_ISL_10508592,Omicron,BA.1.17.2,2022-02-05
9.661174,27.661306,4,EPI_ISL_8395317,Omicron,BA.1,2021-12-21
8.824039,26.962227,4,EPI_ISL_9688266,Omicron,BA.1,2022-01-22
10.472134,26.598232,4,EPI_ISL_10298428,Omicron,BA.1,2022-02-17
8.025622,26.086449,4,EPI_ISL_9822486,Omicron,BA.1,2022-01-31
8.822845,26.955345,4,EPI_ISL_8929059,Omicron,BA.1.18,2022-01-11
8.819037,26.954174,4,EPI_ISL_9722034,Omicron,BA.1.15.1,2022-02-03
8.8209305,26.952862,4,EPI_ISL_9674995,Omicron,BA.1.18,2022-01-22
8.852458,26.080736,4,EPI_ISL_10994990,Omicron,BA.1,2022-02-22
8.021266,25.94016,4,EPI_ISL_9770817,Omicron,BA.1.18,2022-01-16
8.827522,26.955868,4,EPI_ISL_11638449,Omicron,BA.1.18,2022-03-16
10.353816,26.623789,4,EPI_ISL_9405606,Omicron,BA.1.20,2022
8.827643,26.956446,4,EPI_ISL_8136272,Omicron,BA.1.17.2,2021-12-19
8.021268,25.940088,4,EPI_ISL_12025384,Omicron,BA.1.18,2021-12-20
9.699067,27.651224,4,EPI_ISL_10078277,Omicron,BA.1.15,2021-12-31
9.650942,25.204916,4,EPI_ISL_10722231,Omicron,BA.1,2022-02-03
8.824402,26.951881,4,EPI_ISL_12906760,Omicron,BA.1.17.2,2022-04-03
8.830196,26.954178,4,EPI_ISL_8843420,Omicron,BA.1,2022-01-05
9.126044,26.01911,4,EPI_ISL_9902678,Omicron,BA.1,2022-01-20
10.353847,26.591507,4,EPI_ISL_10443632,Omicron,BA.1,2022-02-18
9.517509,26.310223,4,EPI_ISL_10525690,Omicron,BA.1,2022-02-22
8.924797,27.613464,4,EPI_ISL_9180420,Omicron,BA.1.15,2022-01-19
8.350243,25.800047,4,EPI_ISL_8942356,Omicron,BA.1,2021-12-29
8.822508,26.96395,4,EPI_ISL_9267063,Omicron,BA.1.17,2022-01-12
8.827098,26.963346,4,EPI_ISL_9295737,Omicron,BA.1.16,2022-01-23
8.852566,26.080729,4,EPI_ISL_10430469,Omicron,BA.1.17.2,2022-01-11
8.8215065,26.954916,4,EPI_ISL_10670394,Omicron,BA.1.15.1,2022-02-18
8.822728,26.957367,4,EPI_ISL_14647641,Omicron,BA.1.17.2,2022-01-10
8.825465,26.95011,4,EPI_ISL_8599810,Omicron,BA.1,2021-12-23
8.826259,26.94996,4,EPI_ISL_8972298,Omicron,BA.1.17.2,2022-01-14
9.169114,26.054142,4,EPI_ISL_9319886,Omicron,BA.1,2022-01-12
8.821875,26.959572,4,EPI_ISL_8449902,Omicron,BA.1.17.2,2022-01-01
9.517477,26.310184,4,EPI_ISL_11274373,Omicron,BD.1,2022-03-11
9.846862,24.958567,4,EPI_ISL_12061107,Omicron,B.1.1.529,2022-01-30
9.6946125,27.627768,4,EPI_ISL_8119586,Omicron,BA.1,2021-12-19
8.827869,26.95871,4,EPI_ISL_11968852,Omicron,BA.1.20,2022-03-03
8.852487,26.080742,4,EPI_ISL_9523234,Omicron,BA.1.17.2,2022-01-31
8.823352,26.966072,4,EPI_ISL_8777155,Omicron,BA.1.17.2,2022-01-08
8.822841,26.957565,4,EPI_ISL_10835327,Omicron,BA.1.15,2022-01-17
8.825982,26.955774,4,EPI_ISL_9613245,Omicron,BA.1,2022-01-31
8.823646,26.9552,4,EPI_ISL_9513504,Omicron,BA.1.17,2022-01-25
8.829889,26.949764,4,EPI_ISL_9019081,Omicron,BA.1.17.2,2022-01-17
8.8171425,26.955006,4,EPI_ISL_15814833,Omicron,BA.1.17,2022-02-07
8.819499,26.955854,4,EPI_ISL_10672721,Omicron,BA.1.17.2,2022-02-26
9.639691,25.214277,4,EPI_ISL_7624219,Omicron,B.1.1.529,2021-12-03
8.82416,26.952694,4,EPI_ISL_11003798,Omicron,BA.1,2022-01-12
8.825149,26.961857,4,EPI_ISL_13791061,Omicron,BA.1.15,2021-12-31
8.829827,26.961882,4,EPI_ISL_9293513,Omicron,BA.1.15,2022-01-20
8.824586,26.965845,4,EPI_ISL_10835262,Omicron,BA.1.15,2022-01-17
8.8295965,26.95908,4,EPI_ISL_11657869,Omicron,BA.1.17.2,2022-03-17
8.819582,26.962173,4,EPI_ISL_11641200,Omicron,BA.1.18,2022-03-15
8.02127,25.94016,4,EPI_ISL_8404771,Omicron,BA.1,2021-12-17
10.096893,24.560673,4,EPI_ISL_10093094,Omicron,BA.1,2022-01-03
8.827514,26.956947,4,EPI_ISL_10256385,Omicron,BA.1,2022-02-10
9.70959,27.654148,4,EPI_ISL_8814959,Omicron,BA.1.20,2021-12-28
8.733897,27.835981,4,EPI_ISL_12146860,Omicron,BA.1,2022-03-07
8.092404,26.600178,4,EPI_ISL_8982544,Omicron,BA.1,2022-01-06
8.820241,26.947477,4,EPI_ISL_9122045,Omicron,BA.1,2022-01-11
8.826829,26.956343,4,EPI_ISL_10254472,Omicron,BA.1.1,2022-01-27
8.819155,26.956114,4,EPI_ISL_8814777,Omicron,BA.1,2022-01-10
8.827328,26.965736,4,EPI_ISL_10003419,Omicron,BA.1,2022-02-08
8.8258705,26.962524,4,EPI_ISL_9840874,Omicron,BA.1.15.1,2022-02-05
8.789666,25.869942,4,EPI_ISL_8335310,Omicron,BA.1,2021-12-28
8.8211155,26.953758,4,EPI_ISL_16862940,Omicron,BA.1.17,2022-02-20
8.827367,26.959723,4,EPI_ISL_9646891,Omicron,BA.1,2022-01-31
8.827704,26.955156,4,EPI_ISL_10769201,Omicron,BA.1.17.2,2022-02-13
8.821397,26.9473,4,EPI_ISL_9295512,Omicron,BA.1.15.1,2022-01-23
8.399953,27.65058,4,EPI_ISL_11241419,Omicron,BA.1.15,2022-01-19
8.823072,26.956476,4,EPI_ISL_11004302,Omicron,BA.1.17.2,2022-03-01
8.824627,26.9559,4,EPI_ISL_9343866,Omicron,BA.1.15,2022-01-12
8.826035,26.950686,4,EPI_ISL_11173439,Omicron,BA.1.15,2021-12-25
8.822445,26.957373,4,EPI_ISL_9176479,Omicron,BD.1,2022-01-21
9.662478,27.696745,4,EPI_ISL_10121400,Omicron,BA.1,2022-02-14
8.825644,26.960258,4,EPI_ISL_10819449,Omicron,BA.1.15,2022-01-10
9.664276,25.202097,4,EPI_ISL_9613657,Omicron,BA.1,2022-01-03
9.650927,25.204996,4,EPI_ISL_11261893,Omicron,BA.1.15,2022-02-22
9.571673,27.189442,4,EPI_ISL_11442628,Omicron,BA.1,2022-01-31
10.353852,26.59151,4,EPI_ISL_10443593,Omicron,BA.1,2022-02-18
8.823886,26.953026,4,EPI_ISL_8703926,Omicron,BA.1.17,2022-01-07
9.575494,27.223272,4,EPI_ISL_11076094,Omicron,BA.1.17.2,2022-03-09
8.475552,27.676434,4,EPI_ISL_9462473,Omicron,BA.1,2022-01-20
10.353857,26.623854,4,EPI_ISL_12123970,Omicron,BA.2.9,2022-03-21
8.827915,26.959475,4,EPI_ISL_11037039,Omicron,BA.1,2022-01-23
9.627234,27.026695,4,EPI_ISL_8933197,Omicron,BA.1.17.2,2022-01-13
8.820433,26.957241,4,EPI_ISL_9205788,Omicron,BA.1.15,2022-01-05
8.820328,26.950436,4,EPI_ISL_14493139,Omicron,BA.1,2022-08-03
8.817332,26.952358,4,EPI_ISL_11009170,Omicron,BA.1,2021-12-24
8.440571,25.798874,4,EPI_ISL_8307825,Omicron,BA.1.20,2021-12-17
8.830296,26.952435,4,EPI_ISL_12194723,Omicron,BA.1.14,2022-03-14
8.823214,26.961292,4,EPI_ISL_11355305,Omicron,BA.1.17.2,2022-01-12
8.823391,26.959717,4,EPI_ISL_10819231,Omicron,BA.1.15,2022-01-11
9.1899,27.664297,4,EPI_ISL_11174160,Omicron,BA.1.15.2,2022-03-03
8.827266,26.948856,4,EPI_ISL_9292131,Omicron,BA.1,2022-01-20
8.820834,26.95151,4,EPI_ISL_9980273,Omicron,BA.1.15,2022-02-02
10.219281,26.622978,4,EPI_ISL_10794844,Omicron,BA.1,2022-02-24
6.5853825,25.01452,4,EPI_ISL_9631959,Omicron,BA.1,2022-01-19
8.826815,26.955381,4,EPI_ISL_12222186,Omicron,BA.1.18,2022-01-17
8.819475,26.954626,4,EPI_ISL_9249942,Omicron,BA.1.17.2,2022-01-21
8.825365,26.951487,4,EPI_ISL_13430528,Omicron,BA.1.1,2022-02-18
8.827562,26.95882,4,EPI_ISL_8772415,Omicron,BA.1.17.2,2022-01-10
8.818702,25.91394,4,EPI_ISL_14243722,Omicron,BA.1.14.1,2022-01-04
8.828187,26.955217,4,EPI_ISL_12934856,Omicron,BA.1.15,2022-04-25
8.820349,26.965939,4,EPI_ISL_8813382,Omicron,BA.1.16,2021-12-23
8.021391,25.940107,4,EPI_ISL_11854837,Omicron,BA.1.15,2021-12-24
8.852523,26.080778,4,EPI_ISL_8083595,Omicron,BA.1.15,2021-12-15
8.824335,26.953997,4,EPI_ISL_9688043,Omicron,BA.1.17,2022-01-26
8.822145,26.96212,4,EPI_ISL_9981728,Omicron,BA.1,2022-02-07
7.8766136,27.048351,4,EPI_ISL_9117420,Omicron,BA.1.17.2,2022-01-18
8.827038,26.955194,4,EPI_ISL_9985305,Omicron,BA.1.1.1,2022-02-01
7.823248,27.278652,4,EPI_ISL_15814821,Omicron,BA.1.17,2022-02-09
8.826678,26.961372,4,EPI_ISL_8183809,Omicron,BA.1,2021-12-17
8.822978,26.958712,4,EPI_ISL_11162159,Omicron,BA.1,2022-03-07
9.68926,25.198551,4,EPI_ISL_10555768,Omicron,BA.1.15,2021-12
8.821769,26.958265,4,EPI_ISL_9977167,Omicron,BA.1,2022-02-01
8.852595,26.08074,4,EPI_ISL_9820589,Omicron,BA.1,2022-01-26
8.826699,26.960243,4,EPI_ISL_10532692,Omicron,BA.1.15,2022-01-31
8.827397,26.955044,4,EPI_ISL_9187092,Omicron,BA.1.15,2022-01-10
8.826362,26.960562,4,EPI_ISL_10944669,Omicron,BA.1.15,2021-12-28
9.689266,25.198547,4,EPI_ISL_9133893,Omicron,B.1.1.529,2021-12-23
8.825199,26.95094,4,EPI_ISL_9065563,Omicron,BA.1,2022-01-18
8.823379,26.96353,4,EPI_ISL_10418727,Omicron,BA.1.17.2,2022-02-20
8.822046,26.947212,4,EPI_ISL_10697159,Omicron,BA.1.20,2022-02-13
8.021396,25.940105,4,EPI_ISL_13140939,Omicron,BA.1.15,2022-02-07
8.824585,26.952532,4,EPI_ISL_11815593,Omicron,BA.1.15,2022-03-05
8.819757,26.951506,4,EPI_ISL_9119423,Omicron,BA.1.15.1,2022-01-19
9.703979,25.194954,4,EPI_ISL_15210373,Omicron,BA.1,2022-05-04
8.821325,26.958448,4,EPI_ISL_9205650,Omicron,BA.1.15,2022-01-06
9.708153,27.60197,4,EPI_ISL_12042629,Omicron,BA.1.17,2022-01-08
8.826397,26.951246,4,EPI_ISL_9223956,Omicron,BA.1,2022-01-19
8.824761,26.95427,4,EPI_ISL_10400361,Omicron,BA.1,2022-02-19
8.824743,26.95883,4,EPI_ISL_9474900,Omicron,BA.1.18,2022-01-17
9.650926,25.20498,4,EPI_ISL_11427356,Omicron,BA.1.15,2022-02-24
8.827411,26.959885,4,EPI_ISL_8818786,Omicron,BA.1.17.2,2022-01-13
9.125954,26.019129,4,EPI_ISL_9588471,Omicron,BA.1,2022
8.827072,26.961714,4,EPI_ISL_9786926,Omicron,BA.1,2022-02-04
8.81289,26.954922,4,EPI_ISL_11327412,Omicron,BA.1.6,2022-02-14
8.827694,26.964495,4,EPI_ISL_9797699,Omicron,BA.1.17,2022-01-03
6.474351,24.913414,4,EPI_ISL_9011263,Omicron,B.1.1.529,2022-01-02
9.60136,26.438917,4,EPI_ISL_12594037,Omicron,BA.2,2022-04-21
8.829724,26.953074,4,EPI_ISL_9380056,Omicron,BA.1.17.2,2022-01-24
6.474351,24.913414,4,EPI_ISL_8123969,Omicron,BA.1.1,2021-12-20
8.819902,26.953472,4,EPI_ISL_10230523,Omicron,BA.1.15,2022-02-07
9.321821,27.964886,4,EPI_ISL_9588086,Omicron,BA.1,2022
8.820532,26.953056,4,EPI_ISL_10250194,Omicron,BA.1.17,2022-01-06
8.817994,26.957668,4,EPI_ISL_17311526,Omicron,BA.1,2022-01-20
8.820174,26.958189,4,EPI_ISL_9284808,Omicron,BA.1.15.1,2022-01-22
10.353862,26.623905,4,EPI_ISL_13665456,Omicron,BE.3,2022-06-06
6.6891546,25.116066,4,EPI_ISL_11630165,Omicron,BA.1,2022-03-13
9.82247,27.441708,4,EPI_ISL_8143100,Omicron,BA.1,2021-12-10
8.615894,25.810928,4,EPI_ISL_10833662,Omicron,BA.1.15,2022-02-10
9.128067,27.699224,4,EPI_ISL_12533196,Omicron,BA.1.15.2,2022-04-25
8.828737,26.962242,4,EPI_ISL_8773995,Omicron,BA.1.17.2,2022-01-08
6.4716516,24.914457,4,EPI_ISL_8524416,Omicron,BA.1,2021-12-30
8.825482,26.957268,4,EPI_ISL_11778761,Omicron,BA.1.19,2022-01-06
8.821058,25.925642,4,EPI_ISL_8753833,Omicron,BA.1,2022-01-08
8.820719,26.952341,4,EPI_ISL_8427766,Omicron,BA.1.15,2021-12-21
8.632484,25.74783,4,EPI_ISL_8502049,Omicron,BA.1,2021-12-29
9.743002,26.545721,4,EPI_ISL_14424666,Omicron,BA.1,2022-03-11
8.815913,25.93778,4,EPI_ISL_11630914,Omicron,BA.1,2022-03-18
8.824663,26.952982,4,EPI_ISL_10917936,Omicron,BA.1.15,2022-02-28
8.824303,26.949852,4,EPI_ISL_7644806,Omicron,BA.1.14,2021-12-05
8.021276,25.940092,4,EPI_ISL_9220088,Omicron,BA.1,2022-01-10
6.6891546,25.116074,4,EPI_ISL_11344916,Omicron,BA.1,2022-02-28
8.823983,26.949408,4,EPI_ISL_10823292,Omicron,BA.1.15,2022-01-14
8.824972,26.957525,4,EPI_ISL_11973109,Omicron,BA.1,2022-02-01
8.825997,26.9556,4,EPI_ISL_16195253,Omicron,BA.1.17,2022-01-19
8.827059,26.95864,4,EPI_ISL_9628424,Omicron,BA.1.15,2022-01-14
8.454717,26.409218,4,EPI_ISL_10007550,Omicron,BA.1,2022-01-16
8.827884,26.953959,4,EPI_ISL_9748696,Omicron,BA.1,2022-01-20
9.8684,26.651348,4,EPI_ISL_8896006,Omicron,BA.1.15.1,2022-01-11
7.7879114,26.705782,4,EPI_ISL_11739819,Omicron,BA.1.15.1,2022-03-02
8.824275,26.959778,4,EPI_ISL_10254875,Omicron,BA.1,2022-02-01
8.82813,26.95442,4,EPI_ISL_9736509,Omicron,BA.1.17.2,2022-02-02
8.822058,26.957916,4,EPI_ISL_9317340,Omicron,BA.1,2022-01-24
9.579762,27.837542,4,EPI_ISL_10249474,Omicron,BA.1,2022
8.820479,26.957314,4,EPI_ISL_9025568,Omicron,BA.1,2022-01-17
8.821245,26.960814,4,EPI_ISL_9777947,Omicron,BA.1,2022-02-03
8.822563,26.963343,4,EPI_ISL_9687553,Omicron,BA.1.17.2,2022-01-31
8.82712,26.959492,4,EPI_ISL_8755206,Omicron,BA.1,2022-01-09
8.828746,26.952541,4,EPI_ISL_9384768,Omicron,BA.1.17.2,2022-01-04
6.4743505,24.913412,4,EPI_ISL_9430037,Omicron,B.1.1.529,2021-12-30
9.126002,26.01914,4,EPI_ISL_10309628,Omicron,BA.1.15,2022-01-31
8.820968,26.951002,4,EPI_ISL_9698492,Omicron,BA.1.19,2022-01-26
9.793879,27.426016,4,EPI_ISL_10190083,Omicron,BA.1,2022-01-30
9.743028,26.54579,4,EPI_ISL_14424636,Omicron,BA.1,2022-03-10
8.021383,25.940111,4,EPI_ISL_9773509,Omicron,BA.1,2022-01-19
9.151983,27.851818,4,EPI_ISL_9452254,Omicron,BA.1.18,2022-01-21
8.823346,26.960098,4,EPI_ISL_8838389,Omicron,BA.1.20,2022-01-04
8.823741,26.953505,4,EPI_ISL_11222903,Omicron,BA.1.18,2021-12-22
8.827655,26.960861,4,EPI_ISL_11379325,Omicron,BA.1.17.2,2022-02-01
9.84337,24.939259,4,EPI_ISL_10868269,Omicron,B.1.1.529,2022-02-09
8.824296,26.953321,4,EPI_ISL_8862193,Omicron,BA.1.15.1,2022-01-11
9.731316,27.599747,4,EPI_ISL_8885229,Omicron,BA.1,2022-01-03
9.784839,25.103233,4,EPI_ISL_10632312,Omicron,BA.1,2022-02-16
8.827379,26.954151,4,EPI_ISL_11562745,Omicron,BA.1,2021-12-31
9.674965,25.224287,4,EPI_ISL_10832439,Omicron,BA.1.15,2022-01-28
7.858327,27.054218,4,EPI_ISL_10920218,Omicron,BA.1.21,2022-03-02
10.395828,26.60507,4,EPI_ISL_13523515,Omicron,BA.1,2022-05-06
8.8289,26.958828,4,EPI_ISL_10100195,Omicron,BA.1,2022-02-14
8.640165,26.13513,4,EPI_ISL_17139891,Omicron,BA.1.20,2022-03-03
8.824957,26.96008,4,EPI_ISL_8758435,Omicron,BA.1.17.2,2022-01-08
10.606402,26.561844,4,EPI_ISL_12194610,Omicron,BA.2,2022-04-07
8.824629,26.967564,4,EPI_ISL_8436187,Omicron,BA.1.15,2021-12-24
8.825203,26.950214,4,EPI_ISL_8951406,Omicron,BA.1.15,2021-12-30
8.818989,26.953695,4,EPI_ISL_8932083,Omicron,BA.1.15.1,2022-01-13
9.674411,25.185701,4,EPI_ISL_8951015,Omicron,BA.1.15,2021-12-20
8.824397,26.941128,4,EPI_ISL_9849959,Omicron,BA.1.15.1,2022-01-11
8.5142565,25.77426,4,EPI_ISL_13391513,Omicron,BA.1.15,2022-01-25
8.745573,26.070934,4,EPI_ISL_11314408,Omicron,BA.1,2022
8.823643,26.953716,4,EPI_ISL_8819905,Omicron,BA.1.15.1,2022-01-10
8.829842,26.94989,4,EPI_ISL_11252640,Omicron,BA.1.15,2022-03-02
8.82631,26.967518,4,EPI_ISL_16196922,Omicron,BA.1.21,2022-06-03
8.829306,26.955475,4,EPI_ISL_12379524,Omicron,BA.1.17.2,2022-03-02
9.65094,25.204994,4,EPI_ISL_11415682,Omicron,BA.1.14.2,2022-01-31
8.826209,26.955982,4,EPI_ISL_9186319,Omicron,BA.1.15,2022-01-10
8.818156,26.955564,4,EPI_ISL_11359814,Omicron,BA.1.15,2022-01-24
8.81943,26.951174,4,EPI_ISL_8350087,Omicron,BA.1.12,2021-12-15
8.820925,26.957966,4,EPI_ISL_6699742,Omicron,BA.1.21,2021-11-18
8.82449,26.956343,4,EPI_ISL_9689755,Omicron,BA.1.15.1,2022
8.825259,26.952446,4,EPI_ISL_11073373,Omicron,BA.2,2022-02-23
10.382602,26.768484,4,EPI_ISL_8066155,Omicron,BA.1,2021-12-14
8.822897,26.958874,4,EPI_ISL_9030705,Omicron,BA.1.20,2021-12-28
8.828675,26.956635,4,EPI_ISL_9613340,Omicron,BA.1,2022-01-30
9.496277,27.860205,4,EPI_ISL_11376330,Omicron,BA.1.14.1,2022
9.496142,27.860294,4,EPI_ISL_11376320,Omicron,BA.1,2022
8.818471,26.954002,4,EPI_ISL_10098092,Omicron,BA.1.18,2022-02-14
6.524356,24.956291,4,EPI_ISL_8335053,Omicron,BA.1,2021-12-28
8.820564,26.951738,4,EPI_ISL_10823815,Omicron,BA.1.15,2022-01-25
8.639543,26.13516,4,EPI_ISL_9805140,Omicron,BA.1,2022-01-17
8.021264,25.940159,4,EPI_ISL_11072298,Omicron,BA.1,2022-02-23
8.826625,26.957508,4,EPI_ISL_10037352,Omicron,Unassigned,2022-01-19
8.05342,25.995153,4,EPI_ISL_10697707,Omicron,BA.1.15.2,2022-01-24
6.474351,24.913414,4,EPI_ISL_8825870,Omicron,B.1.1.529,2021-12-17
8.824046,26.953396,4,EPI_ISL_10837349,Omicron,BA.1.15,2021-12-30
8.821816,26.965988,4,EPI_ISL_9176280,Omicron,BA.1.15,2022-01-20
9.557919,26.457611,4,EPI_ISL_11361556,Omicron,BA.1,2022-03-01
8.824594,26.951855,4,EPI_ISL_9567462,Omicron,BA.1.17.2,2022-01-29
8.825939,26.95722,4,EPI_ISL_8859131,Omicron,BA.1.17,2022-01-10
8.339876,27.422098,4,EPI_ISL_9660362,Omicron,BA.1,2022-01-24
6.8517413,25.311308,4,EPI_ISL_8336454,Omicron,B.1.1.529,2021-12-31
8.823775,26.963657,4,EPI_ISL_11021566,Omicron,BA.1.21,2022-02-21
8.829664,26.972317,4,EPI_ISL_8944360,Omicron,BA.1.17.2,2022-01-13
9.139962,26.221333,4,EPI_ISL_13078213,Omicron,BA.2,2022-02-23
10.353859,26.623857,4,EPI_ISL_10304296,Omicron,BA.2,2022-02-15
8.82759,26.963703,4,EPI_ISL_9290150,Omicron,BA.1.17.2,2022-01-23
10.002452,27.298218,4,EPI_ISL_9417772,Omicron,B.1.1.529,2022-01-09
8.010903,26.106596,4,EPI_ISL_10298421,Omicron,BA.1,2022-02-17
9.125949,26.019127,4,EPI_ISL_8581769,Omicron,BA.1,2021-12-31
8.817887,26.95782,4,EPI_ISL_9291592,Omicron,BA.1.17.2,2022-01-23
8.818664,26.959627,4,EPI_ISL_10830254,Omicron,BA.1,2022-01-20
8.4033375,26.400986,4,EPI_ISL_11290628,Omicron,BA.1,2022-02-20
8.021397,25.9401,4,EPI_ISL_9046780,Omicron,BA.1.15,2022-01-02
8.82756,26.959503,4,EPI_ISL_9930817,Omicron,BA.1,2022-01-24
9.650951,25.204983,4,EPI_ISL_9027802,Omicron,BA.1.18,2022-01
8.823005,26.956345,4,EPI_ISL_10801894,Omicron,BA.1,2022-02-27
8.916469,26.220232,4,EPI_ISL_8920212,Omicron,BA.1,2022-01-06
8.829657,26.9579,4,EPI_ISL_11062314,Omicron,BA.1.17.2,2022-02-25
8.824557,26.952484,4,EPI_ISL_8934579,Omicron,BA.1.17.2,2022-01-14
7.8231072,27.278425,4,EPI_ISL_9738289,Omicron,BA.1.8,2022
8.82521,26.955887,4,EPI_ISL_12202127,Omicron,BA.1.17,2022-02-03
8.827437,26.954506,4,EPI_ISL_13368100,Omicron,BA.1.17.2,2022-01-10
10.219261,26.622961,4,EPI_ISL_10794911,Omicron,BA.1,2022-02-24
9.125993,26.019096,4,EPI_ISL_9265958,Omicron,BA.1,2022-01-01
8.824016,26.956747,4,EPI_ISL_8830961,Omicron,BA.1.15,2021-12-29
9.963905,27.406666,4,EPI_ISL_9902713,Omicron,BA.1.20,2022-01-07
8.822088,26.95286,4,EPI_ISL_9290011,Omicron,BA.1.17.2,2022-01-23
9.578929,26.495558,4,EPI_ISL_10435703,Omicron,BA.1.17,2022-02-16
8.825359,26.946362,4,EPI_ISL_9963855,Omicron,BA.1.17,2022-01-28
8.826221,26.949564,4,EPI_ISL_10495553,Omicron,BA.1.17.2,2022-01-30
9.546009,27.786308,4,EPI_ISL_9804789,Omicron,BA.1.9,2022-01-22
8.818963,26.95564,4,EPI_ISL_9950574,Omicron,BA.1.15,2022-01-24
9.189955,27.664286,4,EPI_ISL_9959461,Omicron,BA.1.15.2,2022-01-25
9.628909,27.403986,4,EPI_ISL_8581801,Omicron,BA.1,2021-12-31
9.54862,26.421019,4,EPI_ISL_9359018,Omicron,BA.1.15.1,2022-01-26
8.827451,26.95648,4,EPI_ISL_9365102,Omicron,BA.1.17.2,2022-01-25
8.823731,26.96106,4,EPI_ISL_9284102,Omicron,BA.1.15,2022-01-21
8.829448,26.955482,4,EPI_ISL_9786629,Omicron,BA.1.15.1,2022-02-04
8.828574,26.950607,4,EPI_ISL_8816185,Omicron,BA.1,2022-01-07
8.821107,26.957869,4,EPI_ISL_10464959,Omicron,BA.1.15,2022-02-13
9.126005,26.019142,4,EPI_ISL_8747593,Omicron,BA.1,2021-12-24
8.021263,25.940098,4,EPI_ISL_11884860,Omicron,BA.1.17,2021-12-30
8.828761,26.962446,4,EPI_ISL_9461666,Omicron,BA.1,2022-01-04
8.823781,26.955273,4,EPI_ISL_8799004,Omicron,BA.1.17,2022-01-09
9.650946,25.205,4,EPI_ISL_11794911,Omicron,BA.1.15,2022-01-19
8.826652,26.956259,4,EPI_ISL_9309330,Omicron,BA.1.15.1,2022-01-24
8.818726,26.957142,4,EPI_ISL_9178116,Omicron,BA.1.17.2,2022-01-19
8.828777,26.954395,4,EPI_ISL_9527612,Omicron,BA.1.15,2022-01-15
8.824732,26.958181,4,EPI_ISL_11852622,Omicron,BA.1.18,2022-01-11
9.696368,25.219763,4,EPI_ISL_12126289,Omicron,BA.1.15,2022-01-19
9.650954,25.204992,4,EPI_ISL_8395175,Omicron,BA.1,2021-12-21
8.822273,26.956482,4,EPI_ISL_11168464,Omicron,BA.1.18,2022-02-21
9.692593,25.177376,4,EPI_ISL_12569760,Omicron,BA.1.15,2022-01-19
8.021243,25.940102,4,EPI_ISL_10720723,Omicron,BA.1,2022-01-20
10.008184,26.601639,4,EPI_ISL_10858393,Omicron,B.1.1.529,2022-02-17
8.822934,26.958504,4,EPI_ISL_16196924,Omicron,BA.1.17,2022-03-09
8.346467,27.461388,4,EPI_ISL_10791450,Omicron,BA.1.15,2022-02-17
8.830336,26.9628,4,EPI_ISL_10563498,Omicron,BA.1,2022-02-09
9.021941,27.618355,4,EPI_ISL_10118119,Omicron,BA.1.17.2,2022-01-16
9.744351,27.677792,4,EPI_ISL_10104938,Omicron,BA.1.17.2,2021-12-27
8.821813,26.94781,4,EPI_ISL_11964606,Omicron,BA.1.17.2,2022-03-21
8.823294,26.95081,4,EPI_ISL_9254192,Omicron,BA.1.16,2022-01-21
8.819021,26.957167,4,EPI_ISL_9250555,Omicron,BA.1.15.1,2022-01-20
9.650937,25.204985,4,EPI_ISL_11687336,Omicron,BA.1.15,2022-01-24
9.650956,25.204914,4,EPI_ISL_10722268,Omicron,BA.1.19,2022-02-03
8.827301,26.948418,4,EPI_ISL_8325693,Omicron,BA.1,2021-12-24
6.4435744,24.892567,4,EPI_ISL_11856684,Omicron,BA.1.17,2021-12-23
8.821346,26.953772,4,EPI_ISL_14084940,Omicron,BA.1,2022-03-09
8.82676,26.950315,4,EPI_ISL_8940855,Omicron,BA.1,2022-01-14
8.8240795,26.952965,4,EPI_ISL_9659375,Omicron,BA.1,2022-01-19
8.8289175,26.951063,4,EPI_ISL_10543158,Omicron,BA.1.17.2,2022-02-16
8.817735,26.955236,4,EPI_ISL_10563387,Omicron,BA.1,2021-12-31
8.831077,26.953112,4,EPI_ISL_8898440,Omicron,BA.1.15,2022-01-11
8.823885,26.962517,4,EPI_ISL_8945874,Omicron,BA.1.17.2,2022-01-13
8.823823,26.949306,4,EPI_ISL_9464465,Omicron,BA.1,2022-01-11
9.151629,27.85187,4,EPI_ISL_9288640,Omicron,BA.1,2022
9.711736,25.151318,4,EPI_ISL_9524401,Omicron,BA.1.15,2022-01-02
8.824402,26.952215,4,EPI_ISL_8515568,Omicron,BA.1.15,2021-12-20
8.742577,27.83762,4,EPI_ISL_13011225,Omicron,BA.1.17,2022-04-22
8.823939,26.96323,4,EPI_ISL_9461033,Omicron,BA.1.21,2021-12-17
8.823986,26.956457,4,EPI_ISL_8801353,Omicron,BA.1,2021-12-21
9.126019,26.019106,4,EPI_ISL_9804881,Omicron,BA.1,2022-01-26
9.68926,25.198557,4,EPI_ISL_9793159,Omicron,BA.1.14,2022-01-20
9.504379,27.367935,4,EPI_ISL_11756315,Omicron,BA.1.15,2022-02-24
8.820817,26.959574,4,EPI_ISL_12931483,Omicron,BA.1.18,2022-02-09
9.680052,25.22801,4,EPI_ISL_17057865,Omicron,BA.1.15,2022-01-12
8.827213,26.953865,4,EPI_ISL_9672854,Omicron,BA.1.17,2022-01-07
8.824063,26.959602,4,EPI_ISL_8971135,Omicron,BA.1.17.2,2022-01-15
8.021269,25.940096,4,EPI_ISL_10276009,Omicron,BA.1.18,2022-02-06
9.517483,26.310192,4,EPI_ISL_12468844,Omicron,BA.1.15,2022-04-06
8.021238,25.940111,4,EPI_ISL_10958566,Omicron,BA.1.15,2022-02-17
9.636354,26.589146,4,EPI_ISL_11361969,Omicron,BA.2,2022-03-09
8.827005,26.957476,4,EPI_ISL_9912515,Omicron,BA.1.15,2022-01-24
8.818617,26.963537,4,EPI_ISL_10268579,Omicron,BA.1,2022-02-05
6.851741,25.311306,4,EPI_ISL_9417029,Omicron,BA.1.17.2,2022-01-10
9.674351,25.185692,4,EPI_ISL_9678830,Omicron,BA.1.15,2022-01-02
8.821234,26.950132,4,EPI_ISL_8772756,Omicron,BA.1.15.1,2022-01-08
8.375488,26.505663,4,EPI_ISL_11663035,Omicron,BA.1.17.2,2022-01-19
8.826322,26.960373,4,EPI_ISL_8860001,Omicron,BA.1.14,2022-01-10
8.823036,26.96213,4,EPI_ISL_10117725,Omicron,BA.1,2022-02-15
8.825128,26.958138,4,EPI_ISL_8755418,Omicron,BA.1,2022-01-04
8.366859,25.816631,4,EPI_ISL_10016855,Omicron,BA.1,2022-02-08
8.5132475,25.732365,4,EPI_ISL_10025503,Omicron,BA.1,2022-01-28
8.822583,26.953537,4,EPI_ISL_8468996,Omicron,BA.1,2021-12-19
8.827215,26.955635,4,EPI_ISL_9597880,Omicron,BA.1.17.2,2022-01-31
8.316421,27.46896,4,EPI_ISL_10703173,Omicron,BA.1.15,2022-02-06
8.820312,26.953058,4,EPI_ISL_8653650,Omicron,BA.1,2022-01-03
8.829279,26.950815,4,EPI_ISL_8945488,Omicron,BA.1.15.1,2022-01-12
8.021254,25.940107,4,EPI_ISL_10275990,Omicron,BA.1,2022-02-06
8.824447,26.955547,4,EPI_ISL_10037646,Omicron,Unassigned,2022-01-17
8.828588,26.95657,4,EPI_ISL_9307100,Omicron,BA.1.17.2,2022-01-25
8.823428,26.962797,4,EPI_ISL_10518008,Omicron,BA.1,2022-02-23
8.035643,25.953123,4,EPI_ISL_13800051,Omicron,BA.1.17.2,2022-06-19
8.827268,26.95381,4,EPI_ISL_10558590,Omicron,BA.1,2022-02-16
8.852522,26.080738,4,EPI_ISL_10372805,Omicron,BA.1.15.1,2021-12-24
8.821088,26.955332,4,EPI_ISL_10830801,Omicron,BA.1,2022-01-30
8.826928,26.95274,4,EPI_ISL_10037578,Omicron,Unassigned,2022-01-17
9.627568,27.469105,4,EPI_ISL_9202702,Omicron,BA.1,2022-01-12
8.819297,26.956299,4,EPI_ISL_9826703,Omicron,BA.1,2022-02-05
8.827351,26.960865,4,EPI_ISL_10831028,Omicron,BA.1.15.2,2022-02-04
8.823516,26.95726,4,EPI_ISL_8975821,Omicron,BA.1.17.2,2022-01-06
9.4215,26.11792,4,EPI_ISL_9073499,Omicron,BA.1,2022-01-10
8.830592,26.954613,4,EPI_ISL_11202830,Omicron,BA.1,2022-02-01
8.820779,26.959091,4,EPI_ISL_8871601,Omicron,BA.1,2021-12-24
8.81971,26.955742,4,EPI_ISL_11450288,Omicron,BA.1.17.2,2022-01-11
8.828467,26.958351,4,EPI_ISL_8602925,Omicron,BA.1.17.2,2021-12-30
7.9769807,27.239372,4,EPI_ISL_10628392,Omicron,BA.1.17.2,2022-02-18
7.723691,26.345308,4,EPI_ISL_9659739,Omicron,BA.1.17.2,2022-01-25
8.823565,26.956055,4,EPI_ISL_8746937,Omicron,BA.1,2022-01-13
8.721262,27.677824,4,EPI_ISL_9430936,Omicron,BA.1,2022-01-04
10.07301,27.50947,4,EPI_ISL_8800935,Omicron,B.1.1.529,2022-01-06
9.173445,27.58742,4,EPI_ISL_9689049,Omicron,BA.1,2022
9.679742,25.212036,4,EPI_ISL_8353554,Omicron,BA.1.14,2021-12-22
8.824978,26.959589,4,EPI_ISL_8932817,Omicron,BA.1.15.1,2022-01-13
9.696358,25.219751,4,EPI_ISL_9415036,Omicron,BA.1,2022-01-04
8.823261,26.955683,4,EPI_ISL_8092653,Omicron,BD.1,2021-12-18
8.761062,27.525978,4,EPI_ISL_10840552,Omicron,BA.1,2022-02-20
8.822775,26.95576,4,EPI_ISL_15740554,Omicron,BA.1,2022
8.821118,26.95884,4,EPI_ISL_12061986,Omicron,BA.1.17.2,2022-02-01
9.65096,25.204916,4,EPI_ISL_12060815,Omicron,BA.1.15,2022-03-21
8.821306,26.95409,4,EPI_ISL_9277045,Omicron,BA.1.17.2,2022-01-21
8.822367,26.957396,4,EPI_ISL_9888579,Omicron,BA.1.17.2,2022-02-09
8.826114,26.961918,4,EPI_ISL_9441764,Omicron,BA.1.15.1,2022-01-26
8.827792,26.950798,4,EPI_ISL_10983483,Omicron,BA.1.17,2022-01-30
8.823221,26.960186,4,EPI_ISL_8858171,Omicron,BA.1,2022-01-10
8.72395,27.834799,4,EPI_ISL_15330077,Omicron,BA.1.13.1,2022-08-30
8.82522,26.96342,4,EPI_ISL_9176023,Omicron,BA.1,2022-01-04
8.826724,26.958847,4,EPI_ISL_10624102,Omicron,BA.1.15,2022-02-09
8.823341,26.961596,4,EPI_ISL_16195530,Omicron,BA.1.17,2022-02-22
8.852513,26.080736,4,EPI_ISL_8581722,Omicron,BA.1,2021-12-31
8.819727,26.955189,4,EPI_ISL_8942067,Omicron,BA.1.15.1,2022-01-10
8.823325,26.95005,4,EPI_ISL_10839257,Omicron,BA.1.15,2022-02-11
8.655816,27.637121,4,EPI_ISL_12278956,Omicron,BA.1.17.2,2022-04-13
9.650932,25.204998,4,EPI_ISL_8766405,Omicron,BA.1.17.2,2022-01-05
8.823286,26.949787,4,EPI_ISL_9306792,Omicron,BA.1.17.2,2022-01-23
8.827837,26.95753,4,EPI_ISL_9679237,Omicron,BA.1.21.1,2022-01-11
9.126037,26.019108,4,EPI_ISL_9749714,Omicron,BA.1,2022-01-14
9.642099,26.929394,4,EPI_ISL_9754653,Omicron,BA.1,2022-01-25
9.126023,26.019102,4,EPI_ISL_11565287,Omicron,BA.1.15,2022-03-08
8.825256,26.954767,4,EPI_ISL_16197528,Omicron,BA.1.17,2022-03-23
9.650956,25.204987,4,EPI_ISL_9206656,Omicron,BA.1,2022-01-10
6.546304,24.97135,4,EPI_ISL_8721828,Omicron,BA.1.1,2021-12-28
8.825491,26.954126,4,EPI_ISL_10106442,Omicron,BA.1,2022-02-13
9.689265,25.19855,4,EPI_ISL_10555772,Omicron,BA.1.15,2021-12
9.66438,27.645079,4,EPI_ISL_11572740,Omicron,BA.1.21.1,2022-02-04
6.5332317,24.962564,4,EPI_ISL_8434702,Omicron,BA.1,2021-12-27
8.825895,26.957418,4,EPI_ISL_8780178,Omicron,BA.1.19,2022-01-04
8.829793,26.956303,4,EPI_ISL_10260214,Omicron,BA.1.16,2022-02-01
8.8220215,26.958864,4,EPI_ISL_10173230,Omicron,BA.1.18,2022-02-07
7.942176,25.953568,4,EPI_ISL_8281980,Omicron,BA.1,2021-12-21
8.822499,26.958475,4,EPI_ISL_12202095,Omicron,BA.1,2022-02-02
8.820147,26.952484,4,EPI_ISL_10557802,Omicron,BA.1.17,2022-02-15
9.734508,25.146702,4,EPI_ISL_8481755,Omicron,AY.25,2021-12-16
8.827369,26.957415,4,EPI_ISL_8785791,Omicron,BA.1,2021-12-22
9.532761,26.385654,4,EPI_ISL_10929046,Omicron,BA.1.17.2,2022-02-18
10.395633,26.605005,4,EPI_ISL_11108567,Omicron,BA.2,2022-02-25
8.821494,26.945774,4,EPI_ISL_8963675,Omicron,BA.1.17.2,2022-01-13
8.82745,26.948612,4,EPI_ISL_8780155,Omicron,BA.1.17.2,2022-01-02
9.6797495,25.212032,4,EPI_ISL_8349696,Omicron,BA.1.15.1,2021-12-13
9.497073,26.319166,4,EPI_ISL_9073476,Omicron,BA.1,2022-01-10
8.828889,26.952,4,EPI_ISL_10443462,Omicron,BA.1,2022-02-18
8.823881,26.954403,4,EPI_ISL_12326210,Omicron,BA.1.15.1,2022-03-02
9.125919,26.019142,4,EPI_ISL_9618611,Omicron,BA.1.18,2022-01-04
8.830116,26.95464,4,EPI_ISL_8875480,Omicron,BA.1,2021-12-31
9.7037735,25.208977,4,EPI_ISL_11575301,Omicron,BA.1,2022-03-02
8.852571,26.080725,4,EPI_ISL_11859650,Omicron,BA.1,2021-12-27
8.0212755,25.940086,4,EPI_ISL_10703289,Omicron,BA.1,2022-02-04
8.822527,26.95728,4,EPI_ISL_9282718,Omicron,BA.1.15,2022-01-21
9.629576,26.915768,4,EPI_ISL_8822686,Omicron,BA.1.17.2,2022-01-08
6.533217,24.963293,4,EPI_ISL_8875146,Omicron,BA.1.17,2021-12-15
6.618524,25.009731,4,EPI_ISL_8721736,Omicron,BA.1,2021-12-27
8.345619,27.485086,4,EPI_ISL_12559698,Omicron,BA.1.1,2022-02-26
8.827495,26.962168,4,EPI_ISL_9276011,Omicron,BA.1.15.1,2022-01-19
9.189818,27.664341,4,EPI_ISL_10833881,Omicron,BA.1,2022-02-14
8.829924,26.95885,4,EPI_ISL_15973992,Omicron,BA.1.15.1,2022-03-04
8.819639,26.959272,4,EPI_ISL_9908564,Omicron,BA.1.15.1,2022-01-25
8.82591,26.961227,4,EPI_ISL_9019047,Omicron,BA.1.15,2022-01-17
8.828259,26.961397,4,EPI_ISL_10256036,Omicron,BA.1,2022-02-09
8.819996,26.964415,4,EPI_ISL_10728341,Omicron,BA.1.17.2,2022-02-26
8.826118,26.96106,4,EPI_ISL_10785295,Omicron,BA.1.20,2022-01-31
8.828446,26.95283,4,EPI_ISL_12039433,Omicron,BA.1,2022-03-16
8.827022,26.954712,4,EPI_ISL_10837895,Omicron,BA.1.15,2021-12-27
8.828077,26.955717,4,EPI_ISL_7834390,Omicron,BA.1.15,2021-12-13
7.840831,27.08971,4,EPI_ISL_10777628,Omicron,BA.1.18,2022-02-28
7.82459,27.278875,4,EPI_ISL_10025349,Omicron,BA.1,2022-02-05
8.819981,26.956121,4,EPI_ISL_8706987,Omicron,BA.1.6,2022-01-07
9.637641,25.2107,4,EPI_ISL_9803475,Omicron,BA.1.20,2022-01-24
7.8233476,27.278704,4,EPI_ISL_11191731,Omicron,BA.1.15,2022-03-03
8.828003,26.953295,4,EPI_ISL_8550127,Omicron,BA.1.15,2021-12-28
6.689152,25.116083,4,EPI_ISL_14952220,Omicron,BA.1,2022-08-16
9.611681,27.003523,4,EPI_ISL_9838312,Omicron,BA.1,2022-02-07
8.820381,26.955107,4,EPI_ISL_9219988,Omicron,BA.1.20,2022-01-21
8.824435,26.961927,4,EPI_ISL_13678216,Omicron,BA.1.15,2022-02-05
8.818906,26.95851,4,EPI_ISL_11327712,Omicron,BA.1.17.2,2022-02-18
9.744388,27.677923,4,EPI_ISL_8551553,Omicron,BA.1.20,2021-12-23
8.826601,26.956476,4,EPI_ISL_10984532,Omicron,BA.1.17.2,2022-02-22
8.825196,26.954285,4,EPI_ISL_10053490,Omicron,BA.1,2022-02-12
7.668527,26.872879,4,EPI_ISL_9965921,Omicron,BA.1.15.1,2022-01-30
9.687098,25.212118,4,EPI_ISL_9198367,Omicron,BA.1.15,2021-12-20
8.389325,25.787024,4,EPI_ISL_7995626,Omicron,BA.1,2021-12-13
7.819343,26.909294,4,EPI_ISL_10420904,Omicron,BA.1.15.1,2022-02-19
9.692601,25.17738,4,EPI_ISL_11015232,Omicron,BA.1,2022-01-29
8.005366,26.092808,4,EPI_ISL_8746572,Omicron,BA.1.17,2022-01-13
8.827982,26.958305,4,EPI_ISL_14629308,Omicron,BA.1.21,2022-03-01
8.823898,26.954287,4,EPI_ISL_9004274,Omicron,BA.1,2022-01-02
10.233456,26.656244,4,EPI_ISL_11176584,Omicron,BA.2,2022-02-26
8.828098,26.950165,4,EPI_ISL_10262849,Omicron,BA.1.17,2022-01-24
9.650941,25.20491,4,EPI_ISL_11415708,Omicron,BA.1.14,2022-01-31
8.826507,26.961622,4,EPI_ISL_8929851,Omicron,BA.1,2022-01-07
8.8020735,25.93148,4,EPI_ISL_8754018,Omicron,BA.1.19,2021-12-19
8.823125,26.951166,4,EPI_ISL_8934699,Omicron,BA.1.17.2,2022-01-14
8.827043,26.95329,4,EPI_ISL_9631360,Omicron,BA.1,2022-01-26
8.81943,26.95719,4,EPI_ISL_9290122,Omicron,BA.1.17.2,2022-01-23
8.824368,26.954523,4,EPI_ISL_9013579,Omicron,BA.1,2022-01-10
8.829077,26.95617,4,EPI_ISL_10051775,Omicron,BD.1,2022-02-12
8.827491,26.953892,4,EPI_ISL_8860550,Omicron,BA.1,2022-01-08
8.774652,27.575708,4,EPI_ISL_13192065,Omicron,BA.1.20,2022-03-30
9.557899,26.457561,4,EPI_ISL_10283785,Omicron,BA.1.17,2022-02-06
8.825007,26.957733,4,EPI_ISL_17502702,Omicron,BA.1.20,2022-01-08
7.8232636,27.278679,4,EPI_ISL_11811440,Omicron,BA.1.17.2,2021-12-27
8.818975,26.952852,4,EPI_ISL_9901665,Omicron,BA.1.18,2022-01-30
6.546304,24.97135,4,EPI_ISL_9366694,Omicron,BA.1,2021-12-29
8.821487,26.955723,4,EPI_ISL_11663106,Omicron,BA.1.15.1,2022-01-19
8.825263,26.956152,4,EPI_ISL_8336426,Omicron,B.1.1.529,2021-12-31
6.533214,24.963314,4,EPI_ISL_7887529,Omicron,BA.1,2021-12-06
8.820167,26.955791,4,EPI_ISL_9003185,Omicron,BA.1.17.2,2022-01-09
9.744385,27.677725,4,EPI_ISL_8470816,Omicron,BA.1.20,2021-12-22
8.475551,27.676455,4,EPI_ISL_9748973,Omicron,BA.1.15,2022-01-27
8.824886,26.950047,4,EPI_ISL_9431814,Omicron,BA.1,2022-01-11
8.825782,26.951866,4,EPI_ISL_8036121,Omicron,BA.1,2021-12-10
8.823898,26.96017,4,EPI_ISL_8758817,Omicron,BA.1.17.2,2022-01-08
8.823186,26.951267,4,EPI_ISL_8981271,Omicron,BA.1.15.1,2022-01-04
8.81868,26.953434,4,EPI_ISL_9842274,Omicron,BA.1.15.1,2022-02-06
8.819478,26.956175,4,EPI_ISL_11858136,Omicron,BA.1.15,2022-01-28
9.650933,25.204918,4,EPI_ISL_12061161,Omicron,BA.1.15,2022-03-21
6.444032,24.863583,4,EPI_ISL_9227748,Omicron,BA.1.1,2022-01-13
8.827784,26.953259,4,EPI_ISL_8852856,Omicron,BA.1.15.1,2022-01-12
8.81796,26.95349,4,EPI_ISL_9900551,Omicron,BA.1,2022-02-05
8.733873,27.835981,4,EPI_ISL_10727440,Omicron,BA.1,2022-02-26
8.82154,26.960066,4,EPI_ISL_9617701,Omicron,BA.1.17.2,2022-01-31
8.826635,26.95967,4,EPI_ISL_8624586,Omicron,BA.1,2022-01-02
8.820921,26.957664,4,EPI_ISL_12563847,Omicron,BA.1.18,2022-01-02
8.823484,26.957954,4,EPI_ISL_9560579,Omicron,BA.1,2022-01-29
8.514307,25.774239,4,EPI_ISL_11036990,Omicron,BA.1.18,2021-12-15
6.533233,24.962555,4,EPI_ISL_8428026,Omicron,BA.1,2021-12-15
8.824305,26.959713,4,EPI_ISL_10835253,Omicron,BA.1,2022-01-17
8.82538,26.958172,4,EPI_ISL_8698967,Omicron,BA.1,2021-12-13
9.431646,27.87679,4,EPI_ISL_10882618,Omicron,BA.1.15,2022
8.4557295,26.411953,4,EPI_ISL_8857491,Omicron,BA.1.17.2,2022-01-11
7.6902404,26.689182,4,EPI_ISL_8998467,Omicron,BA.1,2022-01-16
8.825312,26.948284,4,EPI_ISL_10831668,Omicron,BA.1,2022-01-20
8.82538,26.953356,4,EPI_ISL_9661585,Omicron,BA.1.15,2022-01-18
8.824978,26.96406,4,EPI_ISL_10944722,Omicron,BA.1.15.1,2022-02-21
9.65093,25.204983,4,EPI_ISL_9133226,Omicron,BA.1.13,2021-12-23
9.689247,25.198551,4,EPI_ISL_8482628,Omicron,BA.1.15,2021-12-16
9.650936,25.204994,4,EPI_ISL_12880906,Omicron,BA.1.15,2022-01-21
7.816755,26.226458,4,EPI_ISL_10389903,Omicron,BA.1.15,2022-02-12
8.82151,26.956291,4,EPI_ISL_8777305,Omicron,BA.1.15.1,2022-01-09
8.820267,26.958132,4,EPI_ISL_10070887,Omicron,BA.1.17,2022-01-16
8.820535,26.95244,4,EPI_ISL_8725032,Omicron,BA.1,2021-12-22
8.733441,27.624748,4,EPI_ISL_10932705,Omicron,BA.1,2022-02-28
9.650967,25.204914,4,EPI_ISL_11795420,Omicron,BA.1.20,2022-01-24
8.339908,27.422068,4,EPI_ISL_9827099,Omicron,BA.1.17.2,2022-02-05
8.822855,26.955994,4,EPI_ISL_8867222,Omicron,BA.1,2021-12-30
8.821945,26.954494,4,EPI_ISL_9064698,Omicron,BA.1,2022-01-17
8.825016,26.960732,4,EPI_ISL_10632700,Omicron,BA.1,2022-01-17
8.82457,26.959553,4,EPI_ISL_9308089,Omicron,BA.1.15.1,2022-01-24
8.820912,26.949522,4,EPI_ISL_9863475,Omicron,BA.1.15,2022-02-03
7.6434336,26.817106,4,EPI_ISL_11681583,Omicron,BA.1.15,2022-03-18
8.021269,25.940086,4,EPI_ISL_10310052,Omicron,BA.1.17,2022-01-20
7.660789,26.215189,4,EPI_ISL_10223883,Omicron,BA.1,2022-02-07
9.661171,27.66132,4,EPI_ISL_10392648,Omicron,BA.1,2021-12-19
8.609521,27.667679,4,EPI_ISL_9249300,Omicron,BA.1,2022-01-20
9.826431,26.856081,4,EPI_ISL_10182288,Omicron,BA.1.8,2022
8.827648,26.955914,4,EPI_ISL_9783535,Omicron,BA.1,2022-02-03
8.818992,26.957258,4,EPI_ISL_8599635,Omicron,BA.1.17.2,2021-12-23
9.125994,26.019144,4,EPI_ISL_12423141,Omicron,BA.1,2022-03-01
9.189871,27.664316,4,EPI_ISL_9466146,Omicron,BA.1.15.2,2022-01-13
8.819074,26.957413,4,EPI_ISL_8582412,Omicron,BA.1.17.2,2022-01-03
8.399117,27.650309,4,EPI_ISL_11565576,Omicron,BA.1.17.2,2022-03-14
9.189894,27.664309,4,EPI_ISL_10333932,Omicron,BA.1.15.2,2022-02-09
9.134593,26.001835,4,EPI_ISL_9304766,Omicron,BA.1.9,2022-01-12
8.5022955,26.321518,4,EPI_ISL_11251533,Omicron,BA.1.17.2,2022-01-20
8.021238,25.940117,4,EPI_ISL_8059896,Omicron,BA.1.17.2,2021-12-07
9.367167,26.11003,4,EPI_ISL_14086661,Omicron,BA.1.1,2022-02-16
8.825966,26.962042,4,EPI_ISL_8854047,Omicron,BA.1,2022-01-10
8.820355,26.955076,4,EPI_ISL_11176598,Omicron,BA.2,2022-02-25
9.69257,25.177362,4,EPI_ISL_11404275,Omicron,BA.1,2022-01-27
9.6509495,25.20493,4,EPI_ISL_10722486,Omicron,BA.1.17.2,2022-02-09
8.820767,26.954832,4,EPI_ISL_10108851,Omicron,BA.1.17.2,2022-02-09
8.825012,26.953405,4,EPI_ISL_10486434,Omicron,BA.1.17.2,2022-02-06
8.021391,25.940113,4,EPI_ISL_8788985,Omicron,BA.1,2022-01-03
8.823624,26.956268,4,EPI_ISL_8823198,Omicron,BA.1.15,2022-01-07
8.820108,26.950068,4,EPI_ISL_8945142,Omicron,BA.1.17.2,2022-01-12
8.823038,26.950865,4,EPI_ISL_8942338,Omicron,BA.1.17.2,2022-01-08
8.823574,26.958117,4,EPI_ISL_8820514,Omicron,BA.1.18,2022-01-11
8.822418,26.950579,4,EPI_ISL_11223444,Omicron,BA.1.17,2022-02-08
8.8193245,26.960655,4,EPI_ISL_9512478,Omicron,BA.1.17.2,2022-01-31
8.818854,26.952032,4,EPI_ISL_9394662,Omicron,BA.1,2022-01-05
8.820038,26.958261,4,EPI_ISL_9787269,Omicron,BA.1.15,2022-01-06
9.650954,25.204927,4,EPI_ISL_9206638,Omicron,BA.1.17,2021-12-23
8.82255,26.948011,4,EPI_ISL_10945761,Omicron,BA.1.15,2021-12-28
6.851898,25.311552,4,EPI_ISL_11948879,Omicron,BA.1.17.2,2022-02-25
9.773774,25.130106,4,EPI_ISL_13114673,Omicron,BA.2,2022-05-28
8.820062,26.959572,4,EPI_ISL_10703108,Omicron,BA.1.15,2022-02-02
8.825097,26.95189,4,EPI_ISL_12188777,Omicron,BA.1.17.2,2022-03-21
8.822016,26.952383,4,EPI_ISL_8776499,Omicron,BA.1,2022-01-07
8.825067,26.953358,4,EPI_ISL_11813462,Omicron,BD.1,2022-03-17
6.546304,24.971352,4,EPI_ISL_16799645,Omicron,BA.1.1,2021-12-18
8.829882,26.957909,4,EPI_ISL_9504467,Omicron,BA.1.15.1,2022-01-29
8.0213585,25.940128,4,EPI_ISL_10292139,Omicron,BA.1.17.2,2022-02-07
8.826963,26.957178,4,EPI_ISL_16034212,Omicron,BA.1.17.2,2022-03-29
8.821949,26.950182,4,EPI_ISL_9417019,Omicron,BA.1.1.15,2022-01-10
9.78383,25.076822,4,EPI_ISL_12282796,Omicron,BA.2,2022-03-06
8.823305,26.958376,4,EPI_ISL_12025595,Omicron,BA.1.17.2,2022-03-31
8.831086,26.963207,4,EPI_ISL_9827882,Omicron,BA.1.17.2,2022-02-04
9.18995,27.66429,4,EPI_ISL_10831571,Omicron,BA.1.15.2,2022-02-05
8.823702,26.954533,4,EPI_ISL_8914730,Omicron,BA.1.20,2022-01-02
9.705738,27.617666,4,EPI_ISL_10545250,Omicron,BA.1.15,2022-01-19
8.822581,26.952168,4,EPI_ISL_7895794,Omicron,BA.1,2021-12-13
8.816272,26.959442,4,EPI_ISL_9044332,Omicron,BA.1.15,2021-12-30
8.852504,26.080994,4,EPI_ISL_11632768,Omicron,BA.1.17.1,2022-02-27
9.650935,25.204994,4,EPI_ISL_9211065,Omicron,BA.1.15,2022-01-17
6.5332155,24.96331,4,EPI_ISL_9087001,Omicron,BA.1,2022-01-11
9.689265,25.198563,4,EPI_ISL_8029724,Omicron,BA.1.15,2021-12-14
8.826931,26.955154,4,EPI_ISL_8678454,Omicron,BA.1.17.2,2022-01-03
8.02127,25.940086,4,EPI_ISL_10115587,Omicron,BA.1,2022-01-13
8.820595,26.948353,4,EPI_ISL_8132625,Omicron,BA.1.17,2021-12-17
8.821375,26.953823,4,EPI_ISL_8789476,Omicron,BA.1.17.2,2021-12-27
10.100674,26.568094,4,EPI_ISL_14424667,Omicron,BA.1,2022-03-10
8.82805,26.95658,4,EPI_ISL_11200594,Omicron,BA.1,2022-01-13
8.824404,26.953367,4,EPI_ISL_8771295,Omicron,BA.1.17.2,2022-01-08
8.809022,27.603268,4,EPI_ISL_12104161,Omicron,BA.1,2022-03-24
8.824406,26.953598,4,EPI_ISL_8994011,Omicron,BA.1,2022-01-15
8.389381,25.78701,4,EPI_ISL_8335469,Omicron,BA.1,2021-12-27
8.823209,26.947556,4,EPI_ISL_8975274,Omicron,BA.1,2022-01-05
8.81999,26.952168,4,EPI_ISL_7354124,Omicron,BA.1.17.2,2021-12-01
8.824674,26.955383,4,EPI_ISL_10860972,Omicron,BA.1.15,2022-01-31
8.824673,26.956877,4,EPI_ISL_9250483,Omicron,BA.1,2022-01-20
8.825472,26.953037,4,EPI_ISL_9344659,Omicron,BA.1,2022-01-11
8.824185,26.953379,4,EPI_ISL_8509604,Omicron,BA.1.15,2021-12-21
8.820312,26.954851,4,EPI_ISL_10960156,Omicron,BA.1,2022-03-06
8.832438,26.95016,4,EPI_ISL_9249718,Omicron,BA.1.15.1,2022-01-18
8.824922,26.948723,4,EPI_ISL_8645996,Omicron,BA.1.17,2021-12-29
9.70053,27.61849,4,EPI_ISL_10121388,Omicron,BA.1,2022-02-14
8.821024,26.948336,4,EPI_ISL_9531621,Omicron,BA.1,2022-01-18
8.823415,26.960161,4,EPI_ISL_8898822,Omicron,BA.1.17.2,2022-01-11
8.828384,26.95161,4,EPI_ISL_9184981,Omicron,BA.1.15.1,2022-01-06
8.823847,26.956764,4,EPI_ISL_9359130,Omicron,BA.1,2022-01-23
8.824888,26.951555,4,EPI_ISL_9683680,Omicron,BA.1.17.2,2022-02-02
9.693476,25.226624,4,EPI_ISL_11864114,Omicron,BA.1.15,2022-03-26
7.823253,27.278662,4,EPI_ISL_8606664,Omicron,BA.1.17.2,2021-12
8.8235,26.955063,4,EPI_ISL_8945304,Omicron,BA.1,2022-01-11
8.82156,26.950396,4,EPI_ISL_10539830,Omicron,BA.1.15.1,2022-02-18
8.823031,26.946747,4,EPI_ISL_9280596,Omicron,BA.1.15.1,2022-01-21
8.819406,26.95422,4,EPI_ISL_11596866,Omicron,BA.1.18,2022-02-21
9.11845,26.064194,4,EPI_ISL_10309567,Omicron,BA.1.14,2022-02-01
8.505278,25.740849,4,EPI_ISL_8551545,Omicron,BA.1,2021-12-28
8.830516,26.950968,4,EPI_ISL_9901017,Omicron,BA.1.18,2022-01-31
8.826881,26.955523,4,EPI_ISL_9987618,Omicron,BA.1.20,2021-12-25
9.65263,25.298906,4,EPI_ISL_11135024,Omicron,BA.1.15,2022-01-17
9.1259575,26.019129,4,EPI_ISL_9899013,Omicron,BA.1.17,2022-01-27
8.021375,25.940115,4,EPI_ISL_10298482,Omicron,BA.1,2022-02-17
8.826102,26.949245,4,EPI_ISL_9895194,Omicron,BA.1,2022-02-07
8.821294,26.951912,4,EPI_ISL_10418061,Omicron,BA.1.17.2,2022-02-19
8.822313,26.951994,4,EPI_ISL_9475956,Omicron,BA.1,2022-01-17
6.689155,25.116074,4,EPI_ISL_8518693,Omicron,BA.1.17.2,2021-12-21
9.61857,27.017408,4,EPI_ISL_12646361,Omicron,BA.1,2022-03-27
9.637628,25.210691,4,EPI_ISL_8179347,Omicron,BA.1.20,2021-12-15
8.82285,26.9541,4,EPI_ISL_10684161,Omicron,Unassigned,2022-02-25
8.824783,26.948935,4,EPI_ISL_8755060,Omicron,BA.1,2022-01-08
8.824322,26.954348,4,EPI_ISL_10589567,Omicron,BA.1.17,2022-02-17
9.373056,26.01447,4,EPI_ISL_11792753,Omicron,BA.1,2022-03-03
8.655693,27.637104,4,EPI_ISL_11897521,Omicron,BA.1,2022-03-01
9.126036,26.019106,4,EPI_ISL_10871074,Omicron,BA.1.15,2022-01-07
8.823631,26.956207,4,EPI_ISL_9407780,Omicron,BA.1,2022-01-14
9.530623,26.317104,4,EPI_ISL_8929514,Omicron,B.1.1.529,2022-01-10
10.026126,27.34237,4,EPI_ISL_8605053,Omicron,BA.1.17,2022-01-03
8.0212555,25.9401,4,EPI_ISL_9075695,Omicron,BA.1.20,2022-01-04
6.851929,25.311323,4,EPI_ISL_8513971,Omicron,AY.1,2021-12-30
8.8250885,26.94869,4,EPI_ISL_9386986,Omicron,BA.1,2022-01-24
9.614713,27.033154,4,EPI_ISL_10121324,Omicron,BA.1,2022-02-11
8.823784,26.95423,4,EPI_ISL_9713509,Omicron,BA.1,2022-01-19
10.219244,26.622929,4,EPI_ISL_10794831,Omicron,BA.1,2022-02-24
8.823112,26.956045,4,EPI_ISL_8307018,Omicron,BA.1.4,2021-12-20
8.123473,25.86086,4,EPI_ISL_7801238,Omicron,BA.1.15,2021-12-04
10.310016,26.624182,4,EPI_ISL_11073242,Omicron,B.1.1.529,2022-02-22
8.822495,26.946054,4,EPI_ISL_9422352,Omicron,Unassigned,2022-01-03
9.601386,26.43898,4,EPI_ISL_9988128,Omicron,BA.1.15,2021-12-29
8.820633,26.95997,4,EPI_ISL_9778077,Omicron,BD.1,2022-02-04
9.680062,25.212072,4,EPI_ISL_12411130,Omicron,BA.1.14.1,2022-03-02
8.824512,26.956831,4,EPI_ISL_10496925,Omicron,BA.1.15,2022-01-18
8.828187,26.956896,4,EPI_ISL_8962181,Omicron,BA.1.15.1,2022-01-14
8.820859,26.951538,4,EPI_ISL_9581981,Omicron,BA.1.17.2,2022-01-28
9.047667,26.040533,4,EPI_ISL_10083917,Omicron,BA.1.17.2,2022-01-26
8.9712715,27.58269,4,EPI_ISL_10844614,Omicron,BA.1,2022-01-20
8.822199,26.95702,4,EPI_ISL_9840741,Omicron,BA.1.15,2022-02-04
8.818845,26.96197,4,EPI_ISL_9765833,Omicron,BA.1.3,2022-01-14
8.821749,26.954334,4,EPI_ISL_9310608,Omicron,BA.1,2022-01-04
8.021249,25.9401,4,EPI_ISL_10859409,Omicron,BA.1.15.1,2022-01-19
9.578912,26.495522,4,EPI_ISL_8766386,Omicron,BA.1.18,2022-01-04
8.826131,26.9474,4,EPI_ISL_10318681,Omicron,BA.1.17,2022-01-30
10.304302,26.608788,4,EPI_ISL_10121395,Omicron,BA.1,2022-02-14
10.110582,24.55664,4,EPI_ISL_8751515,Omicron,BA.1,2022-01-03
8.82841,26.949535,4,EPI_ISL_9210248,Omicron,BA.1,2022-01-14
8.760711,25.951832,4,EPI_ISL_11629491,Omicron,BA.1.15,2021-12-16
8.829057,26.957718,4,EPI_ISL_11548749,Omicron,BA.1.16,2022-01-18
9.680063,25.212055,4,EPI_ISL_11168974,Omicron,BA.1,2022-02-17
9.629743,26.621386,4,EPI_ISL_10101427,Omicron,BA.1.18,2022-02-16
8.830158,26.953178,4,EPI_ISL_9299501,Omicron,BA.1,2022-01-21
8.823977,26.958237,4,EPI_ISL_10038401,Omicron,Unassigned,2021-12-26
8.010629,26.106766,4,EPI_ISL_8077853,Omicron,BA.1.15,2021-12-13
8.81565,26.954264,4,EPI_ISL_11354344,Omicron,BA.1,2022-03-04
8.021261,25.940166,4,EPI_ISL_10921383,Omicron,BA.1,2022-02-18
8.036166,25.952667,4,EPI_ISL_11455608,Omicron,BA.1.18,2022-03-02
8.823069,26.956951,4,EPI_ISL_8438332,Omicron,BA.1,2021-12-24
8.733839,27.835978,4,EPI_ISL_8677132,Omicron,BA.1.15,2021-12-21
8.613774,25.58641,4,EPI_ISL_9227676,Omicron,BA.1,2022-01-07
8.822455,26.953455,4,EPI_ISL_9187426,Omicron,BA.1.15,2022-01-10
8.82774,26.95624,4,EPI_ISL_8350025,Omicron,BA.1.15,2021-12-15
9.689264,25.198566,4,EPI_ISL_8891940,Omicron,BA.1.17.2,2022-01-12
8.819706,26.953743,4,EPI_ISL_10831071,Omicron,BA.1.15,2022-02-05
8.640238,26.135094,4,EPI_ISL_9398785,Omicron,BA.1.15.1,2022-01-27
8.8236475,26.952791,4,EPI_ISL_9444428,Omicron,BA.1.17.2,2022-01-27
8.745667,26.070913,4,EPI_ISL_9263774,Omicron,BA.1,2022-01-20
8.825843,26.94817,4,EPI_ISL_9646317,Omicron,BA.1,2022-01-31
8.064635,25.881355,4,EPI_ISL_8335502,Omicron,BA.1,2021-12-28
8.514218,25.774265,4,EPI_ISL_9467254,Omicron,BA.1.17.2,2022-01-21
8.823823,26.955767,4,EPI_ISL_8604651,Omicron,BA.1.15.1,2021-12-14
8.822235,26.955833,4,EPI_ISL_8970919,Omicron,BA.1.15.1,2022-01-15
9.650954,25.204906,4,EPI_ISL_11144296,Omicron,BA.1.15,2022-02-07
6.8518987,25.311321,4,EPI_ISL_11931066,Omicron,BA.1.17.2,2022-02-22
9.941712,26.833885,4,EPI_ISL_11859679,Omicron,BA.1.15,2021-12-21
6.744582,25.172962,4,EPI_ISL_13073691,Omicron,BA.1,2022-05-22
8.827169,26.959831,4,EPI_ISL_8779736,Omicron,BA.1,2022-01-10
7.823358,27.278723,4,EPI_ISL_11469651,Omicron,BA.1,2022
8.818548,26.954006,4,EPI_ISL_10762489,Omicron,BA.1.17.2,2022-02-17
8.825888,26.9536,4,EPI_ISL_9325974,Omicron,BA.1,2021-12-30
9.471816,27.58763,4,EPI_ISL_14858616,Omicron,BA.1,2022-02-07
8.827238,26.9472,4,EPI_ISL_9501501,Omicron,BA.1.17.2,2022-01-17
8.820632,26.955837,4,EPI_ISL_8898981,Omicron,BA.1.15,2022-01-12
8.021257,25.940098,4,EPI_ISL_8790008,Omicron,BA.1.17.2,2021-12-31
8.828141,26.954222,4,EPI_ISL_8648463,Omicron,BA.1,2022-01-01
10.16128,24.475515,4,EPI_ISL_8335317,Omicron,BA.1.15,2021-12-28
8.829659,26.953358,4,EPI_ISL_8602742,Omicron,BA.1,2021-12-29
9.4205265,27.609749,4,EPI_ISL_10025626,Omicron,BA.1.15,2022-01-31
9.650953,25.204924,4,EPI_ISL_9922931,Omicron,BA.1.15,2022-01-04
8.824209,26.94865,4,EPI_ISL_10694907,Omicron,BA.1.18,2022-02-24
8.827387,26.962053,4,EPI_ISL_13190103,Omicron,BA.1,2022-02-28
8.822644,26.951714,4,EPI_ISL_9535148,Omicron,BA.1.18,2021-12-30
8.021279,25.940147,4,EPI_ISL_10546428,Omicron,BA.1.15,2022-01-10
9.518582,26.310835,4,EPI_ISL_10412076,Omicron,BA.1.15,2022-02-16
8.827905,26.946238,4,EPI_ISL_10559995,Omicron,BA.1.15,2022-02-13
8.824506,26.961592,4,EPI_ISL_9686417,Omicron,BA.1,2022-02-02
9.12598,26.019136,4,EPI_ISL_9899098,Omicron,BA.1,2022-01-27
8.817275,26.955284,4,EPI_ISL_10697703,Omicron,BA.1.1,2022-01-21
6.5828695,25.017263,4,EPI_ISL_11084124,Omicron,BA.1.15,2022-02-25
8.097576,27.3635,4,EPI_ISL_12146851,Omicron,BA.1.15,2022-02-25
8.828867,26.9548,4,EPI_ISL_8815433,Omicron,BA.1.15,2021-12-29
8.815895,25.93778,4,EPI_ISL_11176258,Omicron,BA.1,2022-02-19
6.474351,24.913414,4,EPI_ISL_10121486,Omicron,BA.1.1,2022-02-14
9.650956,25.205,4,EPI_ISL_9204019,Omicron,BA.1,2022-01-04
8.82573,26.956223,4,EPI_ISL_10984337,Omicron,BA.1,2022-02-24
9.696294,25.21978,4,EPI_ISL_11891041,Omicron,BA.1.17.2,2022-01-26
9.653628,25.203772,4,EPI_ISL_9103203,Omicron,BA.1.15,2021-12-22
8.021254,25.940107,4,EPI_ISL_12842182,Omicron,BA.1.1.1,2022-01-07
8.823019,26.953238,4,EPI_ISL_10690177,Omicron,BA.1,2022-02-25
8.826111,26.956726,4,EPI_ISL_8996440,Omicron,BA.1,2022-01-14
8.252979,27.349249,4,EPI_ISL_10874814,Omicron,BA.1,2021-12-29
8.821708,26.952076,4,EPI_ISL_7916477,Omicron,BA.1,2021-12-05
8.120135,26.549555,4,EPI_ISL_10581733,Omicron,BA.1.14,2022-01-21
8.825155,26.951633,4,EPI_ISL_8771538,Omicron,BA.1.17.2,2022-01-06
7.823339,27.27869,4,EPI_ISL_9680331,Omicron,BA.1,2022-01-12
8.823397,26.954601,4,EPI_ISL_9564908,Omicron,BD.1,2022-01-29
10.306371,26.615156,4,EPI_ISL_11011979,Omicron,BA.1.18,2022-02-21
8.825191,26.94789,4,EPI_ISL_9585874,Omicron,BA.1,2022-01-27
9.518646,26.310883,4,EPI_ISL_9511742,Omicron,BA.1.15,2022-01-20
9.694711,27.627445,4,EPI_ISL_8394420,Omicron,BA.1.15,2021-12-21
10.353847,26.623785,4,EPI_ISL_9587585,Omicron,BA.1.17.2,2022
8.82258,26.950449,4,EPI_ISL_9171213,Omicron,BA.1.15.1,2022-01-18
8.683567,25.88177,4,EPI_ISL_15857490,Omicron,BA.2.75.2,2022-10
9.560512,27.258318,4,EPI_ISL_10834827,Omicron,BA.1,2022-01-17
9.652118,25.203035,4,EPI_ISL_12127092,Omicron,BA.1.17,2022-02-05
7.785912,26.870903,4,EPI_ISL_8292241,Omicron,BA.1.15,2021-12-22
8.817612,26.951397,4,EPI_ISL_8794574,Omicron,BA.1.15,2021-12-15
8.820519,26.955254,4,EPI_ISL_12838799,Omicron,BA.1.14.1,2022-03-15
8.829352,26.953463,4,EPI_ISL_10020533,Omicron,BA.1,2022-01-22
7.811189,26.225504,4,EPI_ISL_9178314,Omicron,BA.1.17.2,2022-01-19
8.827322,26.94995,4,EPI_ISL_8722484,Omicron,BA.1.17.2,2021-12-19
8.823586,26.952745,4,EPI_ISL_14629741,Omicron,BA.1.17.2,2022-03-10
8.820963,26.956062,4,EPI_ISL_13997141,Omicron,BA.1.15,2022-02-01
9.554811,27.736534,4,EPI_ISL_12830492,Omicron,BA.1.15,2022-01-27
8.824083,26.950447,4,EPI_ISL_11964646,Omicron,BA.1.17.2,2022-03-21
8.824685,26.9553,4,EPI_ISL_10827218,Omicron,BA.1.15,2022-01-28
8.825209,26.95764,4,EPI_ISL_8858753,Omicron,BA.1.15.1,2022-01-12
8.393666,27.656878,4,EPI_ISL_12656245,Omicron,BA.1,2022-04-21
8.826557,26.952105,4,EPI_ISL_10670148,Omicron,BA.1.12,2022-02-17
8.813153,26.942766,4,EPI_ISL_10110732,Omicron,BA.1.17.2,2022-02-11
8.818854,26.956257,4,EPI_ISL_11476408,Omicron,BA.1,2022-02-25
8.826044,26.951284,4,EPI_ISL_10824421,Omicron,BA.1.15,2022-01-24
9.359288,27.843458,4,EPI_ISL_11000953,Omicron,BA.1,2022
10.132832,24.56665,4,EPI_ISL_9045447,Omicron,BA.1.15,2021-12-30
9.784761,25.13372,4,EPI_ISL_11699574,Omicron,BA.1,2022-03-25
8.8251915,26.951942,4,EPI_ISL_10837062,Omicron,BA.1.15,2021-12-30
10.38259,26.76842,4,EPI_ISL_8501964,Omicron,BA.1.15,2021-12-28
8.827251,26.957142,4,EPI_ISL_9044044,Omicron,BA.1.17.2,2022-01-08
8.824024,26.961315,4,EPI_ISL_9889013,Omicron,BA.1,2022-02-08
9.6509495,25.20498,4,EPI_ISL_11687186,Omicron,BA.1.15,2022-01-24
8.311696,26.058212,4,EPI_ISL_13467273,Omicron,BA.1.17.2,2022-06-06
7.953772,27.214945,4,EPI_ISL_12299400,Omicron,BA.1.15,2022-04-08
