n_neighbors,min_dist,min_samples,min_cluster_size,ari,noise_fraction,silhouette,n_clusters
10,0.0,10,50,0.07841483505075589,0.4317553793884485,-0.22661156952381134,247
10,0.0,25,50,0.09397021936652362,0.5264628161570404,-0.13370302319526672,195
10,0.0,50,50,0.0978188476349194,0.5770177425443563,-0.04102471098303795,167
10,0.0,100,50,0.09236751939556735,0.6570630426576066,0.12672506272792816,88
10,0.0,250,50,0.06191511122647986,0.7463344658361646,0.34858986735343933,39
10,0.0,500,50,0.05166353492471321,0.7717478293695734,0.7021266222000122,18
10,0.0,1000,50,0.035786122673890274,0.8158701396753492,0.76540607213974,10
10,0.0,10,100,0.08665067996075936,0.29067572668931674,-0.4611795246601105,76
10,0.0,25,100,0.08350991605496318,0.549429973574934,-0.11657093465328217,95
10,0.0,50,100,0.0946145473570132,0.6175764439411099,0.08369991928339005,92
10,0.0,100,100,0.0912656232482252,0.6519290298225745,0.10607419162988663,74
10,0.0,250,100,0.06793849073468457,0.732623631559079,0.39098256826400757,28
10,0.0,500,100,0.0533125797576363,0.7705549263873159,0.7084141969680786,16
10,0.0,1000,100,0.035786122673890274,0.8158701396753492,0.76540607213974,10
10,0.0,10,250,0.10869073583813053,0.2584673461683654,-0.40462177991867065,29
10,0.0,25,250,0.057976812752015335,0.6126840317100792,0.1359235793352127,35
10,0.0,50,250,0.087710659125043,0.6876104190260476,0.31040534377098083,30
10,0.0,100,250,0.0877206532305003,0.6981804454511136,0.3504353165626526,29
10,0.0,250,250,0.0734940954208885,0.7284560211400528,0.5423119068145752,22
10,0.0,500,250,0.05270307179811899,0.7631257078142696,0.7052402496337891,13
10,0.0,1000,250,0.03478817862105327,0.8183314458286146,0.7673123478889465,9
10,0.0,10,500,0.10984989409532069,0.29455643639109097,-0.3609413206577301,18
10,0.0,25,500,0.052417938866193725,0.6284333710834277,0.22117756307125092,16
10,0.0,50,500,0.08455475218398308,0.6770101925254813,0.5123249292373657,14
10,0.0,100,500,0.08078397107320551,0.6991619479048697,0.48838889598846436,13
10,0.0,250,500,0.07056059507146016,0.7068478671196678,0.5041139125823975,13
10,0.0,500,500,0.05270307179811899,0.7631257078142696,0.7052402496337891,13
10,0.0,1000,500,0.042646631452104795,0.8076104190260476,0.6767664551734924,8
10,0.0,10,1000,0.1162861502745293,0.13867874669686675,-0.2594315707683563,6
10,0.0,25,1000,0.06310744654145443,0.5152283880709702,0.15610380470752716,9
10,0.0,50,1000,0.08537601762707608,0.67841449603624,0.40619584918022156,10
10,0.0,100,1000,0.0983620956567516,0.6877614194035485,0.4845086932182312,9
10,0.0,250,1000,0.06995779720430281,0.7122083805209513,0.39342808723449707,9
10,0.0,500,1000,0.050282248695760826,0.7720498301245753,0.7378012537956238,8
10,0.0,1000,1000,0.03757413615801552,0.8165647414118535,0.7494373321533203,7
10,0.0,10,2500,0.006538974387017407,0.010585126462816157,-0.0679895430803299,2
10,0.0,25,2500,0.007185552939074585,0.12792751981879955,-0.022868135944008827,2
10,0.0,50,2500,0.007093821926858232,0.13275953189882975,-0.01899832859635353,2
10,0.0,100,2500,0.005587259490900683,0.17037372593431482,-0.026713117957115173,2
10,0.0,250,2500,0.061418619640682924,0.6021291053227633,0.2931292951107025,2
10,0.0,500,2500,0.08713403991221437,0.7734541336353341,-0.06940652430057526,3
10,0.0,1000,2500,0.07442457304296343,0.8078067195167988,0.5884217023849487,3
10,0.0,10,5000,0.0,1.0,,0
10,0.0,25,5000,0.0,1.0,,0
10,0.0,50,5000,0.0,1.0,,0
10,0.0,100,5000,0.0,1.0,,0
10,0.0,250,5000,0.061418619640682924,0.6021291053227633,0.2931292653083801,2
10,0.0,500,5000,0.09655043235790571,0.772487731219328,0.25443997979164124,2
10,0.0,1000,5000,0.0,1.0,,0
10,0.0,10,10000,0.0,1.0,,0
10,0.0,25,10000,0.0,1.0,,0
10,0.0,50,10000,0.0,1.0,,0
10,0.0,100,10000,0.0,1.0,,0
10,0.0,250,10000,0.0,1.0,,0
10,0.0,500,10000,0.0,1.0,,0
10,0.0,1000,10000,0.0,1.0,,0
10,0.0,10,15000,0.0,1.0,,0
10,0.0,25,15000,0.0,1.0,,0
10,0.0,50,15000,0.0,1.0,,0
10,0.0,100,15000,0.0,1.0,,0
10,0.0,250,15000,0.0,1.0,,0
10,0.0,500,15000,0.0,1.0,,0
10,0.0,1000,15000,0.0,1.0,,0
10,0.0,10,20000,0.0,1.0,,0
10,0.0,25,20000,0.0,1.0,,0
10,0.0,50,20000,0.0,1.0,,0
10,0.0,100,20000,0.0,1.0,,0
10,0.0,250,20000,0.0,1.0,,0
10,0.0,500,20000,0.0,1.0,,0
10,0.0,1000,20000,0.0,1.0,,0
10,0.0,10,22000,0.0,1.0,,0
10,0.0,25,22000,0.0,1.0,,0
10,0.0,50,22000,0.0,1.0,,0
10,0.0,100,22000,0.0,1.0,,0
10,0.0,250,22000,0.0,1.0,,0
10,0.0,500,22000,0.0,1.0,,0
10,0.0,1000,22000,0.0,1.0,,0
15,0.0,10,50,0.09934094183668292,0.37532653831634577,-0.23302994668483734,227
15,0.0,25,50,0.09908111597445338,0.520317100792752,-0.041548121720552444,185
15,0.0,50,50,0.11086529951100016,0.5405360513401284,0.015549045987427235,154
15,0.0,100,50,0.10548289838974718,0.5757644394110986,0.03936327248811722,81
15,0.0,250,50,0.06757121736713871,0.6608833522083806,0.16395103931427002,32
15,0.0,500,50,0.06370763826178685,0.6837448093620234,0.448004812002182,17
15,0.0,1000,50,0.04162138217391542,0.7457455643639109,0.6966422200202942,10
15,0.0,10,100,0.08748083826880018,0.47557568893922236,-0.10717190057039261,111
15,0.0,25,100,0.1189917840801674,0.5052170630426576,-0.14940966665744781,96
15,0.0,50,100,0.11735239126656379,0.5248471121177803,-0.09837504476308823,86
15,0.0,100,100,0.11248037519516532,0.5614194035485088,0.0033699225168675184,74
15,0.0,250,100,0.07033018705050235,0.6623027557568893,0.17817452549934387,26
15,0.0,500,100,0.06364907827588888,0.6849981124952812,0.5205989480018616,14
15,0.0,1000,100,0.04162138217391542,0.7457455643639109,0.6966421008110046,10
15,0.0,10,250,0.11266612092191193,0.4529256323140808,0.055963173508644104,40
15,0.0,25,250,0.13072848557573682,0.5125556813892035,-0.020022151991724968,32
15,0.0,50,250,0.12182790996552641,0.4994790486976217,-0.06409946084022522,33
15,0.0,100,250,0.11842775531745019,0.5672329180822953,0.014360219240188599,30
15,0.0,250,250,0.07579587014882534,0.660309550773877,0.32287856936454773,23
15,0.0,500,250,0.06364907827588888,0.6849981124952812,0.5205990076065063,14
15,0.0,1000,250,0.04076097321497169,0.7479048697621744,0.6969181895256042,9
15,0.0,10,500,0.10214931671902204,0.540958852397131,0.29327598214149475,20
15,0.0,25,500,0.1119475009983483,0.556330690826727,0.10635203868150711,16
15,0.0,50,500,0.11726856307594773,0.5430577576443941,0.04291051626205444,19
15,0.0,100,500,0.09888386354365965,0.6149037372593431,0.2084047496318817,16
15,0.0,250,500,0.06132993270012524,0.6994035485088713,0.4770350158214569,13
15,0.0,500,500,0.06548007309238305,0.6830049075122688,0.556928813457489,13
15,0.0,1000,500,0.04210203507806839,0.753929784824462,0.735087513923645,8
15,0.0,10,1000,0.08218396697033507,0.6003473008682522,0.379799485206604,9
15,0.0,25,1000,0.11328881917415151,0.5871196677991695,0.3703189790248871,8
15,0.0,50,1000,0.11992575418052542,0.5672329180822953,0.3149022161960602,10
15,0.0,100,1000,0.09928411712948942,0.6312721781804455,0.372773140668869,9
15,0.0,250,1000,0.054451942042364705,0.715047187617969,0.6003753542900085,10
15,0.0,500,1000,0.061937712570985036,0.6970932427331068,0.5907742977142334,9
15,0.0,1000,1000,0.04210203507806839,0.753929784824462,0.7350875735282898,8
15,0.0,10,2500,0.10927650979071034,0.6601434503586259,0.7457065582275391,2
15,0.0,25,2500,0.039652476498346995,0.16090600226500565,0.056308500468730927,2
15,0.0,50,2500,0.04805822185826916,0.26420536051340127,0.10127325356006622,2
15,0.0,100,2500,0.0945131493527821,0.4335824839562099,0.16602946817874908,2
15,0.0,250,2500,0.09370060611882004,0.44070970177425445,0.07043220102787018,2
15,0.0,500,2500,0.093555512198094,0.6885466213665534,0.41040122509002686,2
15,0.0,1000,2500,0.0668591870904668,0.6566553416383542,0.27596622705459595,2
15,0.0,10,5000,0.0,1.0,,0
15,0.0,25,5000,0.0,1.0,,0
15,0.0,50,5000,0.07238839054051081,0.7832389580973952,0.375305712223053,2
15,0.0,100,5000,0.0,1.0,,0
15,0.0,250,5000,0.0,1.0,,0
15,0.0,500,5000,0.035153369985354455,0.8405134012835032,0.3538679778575897,2
15,0.0,1000,5000,0.0,1.0,,0
15,0.0,10,10000,0.0,1.0,,0
15,0.0,25,10000,0.0,1.0,,0
15,0.0,50,10000,0.0,1.0,,0
15,0.0,100,10000,0.0,1.0,,0
15,0.0,250,10000,0.0,1.0,,0
15,0.0,500,10000,0.0,1.0,,0
15,0.0,1000,10000,0.0,1.0,,0
15,0.0,10,15000,0.0,1.0,,0
15,0.0,25,15000,0.0,1.0,,0
15,0.0,50,15000,0.0,1.0,,0
15,0.0,100,15000,0.0,1.0,,0
15,0.0,250,15000,0.0,1.0,,0
15,0.0,500,15000,0.0,1.0,,0
15,0.0,1000,15000,0.0,1.0,,0
15,0.0,10,20000,0.0,1.0,,0
15,0.0,25,20000,0.0,1.0,,0
15,0.0,50,20000,0.0,1.0,,0
15,0.0,100,20000,0.0,1.0,,0
15,0.0,250,20000,0.0,1.0,,0
15,0.0,500,20000,0.0,1.0,,0
15,0.0,1000,20000,0.0,1.0,,0
15,0.0,10,22000,0.0,1.0,,0
15,0.0,25,22000,0.0,1.0,,0
15,0.0,50,22000,0.0,1.0,,0
15,0.0,100,22000,0.0,1.0,,0
15,0.0,250,22000,0.0,1.0,,0
15,0.0,500,22000,0.0,1.0,,0
15,0.0,1000,22000,0.0,1.0,,0
30,0.0,10,50,0.42368192982567154,0.09106832767081918,0.01759020797908306,165
30,0.0,25,50,0.42403000078545783,0.09226123065307663,0.00023014734324533492,151
30,0.0,50,50,0.42448309676088003,0.11021517553793884,0.2417072206735611,132
30,0.0,100,50,0.4230122328135482,0.12131370328425821,0.6042275428771973,62
30,0.0,250,50,0.4211170295715251,0.1737410343525859,0.646111786365509,31
30,0.0,500,50,0.4126155596414148,0.21352963382408455,0.6622390747070312,18
30,0.0,1000,50,0.400142315989012,0.2612608531521329,0.7494437098503113,14
30,0.0,10,100,0.42794724308006465,0.10172895432238581,0.20233240723609924,84
30,0.0,25,100,0.4272532463167538,0.10505096262740657,0.5548059940338135,74
30,0.0,50,100,0.4282868958634688,0.10234805587013968,0.5576245188713074,70
30,0.0,100,100,0.42320769307955036,0.12279350698376745,0.6093712449073792,61
30,0.0,250,100,0.422956585089285,0.1637901094752737,0.6410591006278992,29
30,0.0,500,100,0.4121114333123257,0.2161268403171008,0.6754065155982971,16
30,0.0,1000,100,0.400142315989012,0.2612608531521329,0.7494437098503113,14
30,0.0,10,250,0.43608084781839157,0.12034730086825217,0.5474404096603394,36
30,0.0,25,250,0.4329365134036699,0.10331445828614572,0.5619637966156006,34
30,0.0,50,250,0.4351583228810231,0.09297093242733107,0.5320857763290405,34
30,0.0,100,250,0.42410000816020843,0.13985654964137412,0.5992234945297241,30
30,0.0,250,250,0.4276522390180317,0.15204228010570026,0.5958421230316162,26
30,0.0,500,250,0.4120108035787318,0.2176972442431106,0.6890712380409241,15
30,0.0,1000,250,0.400142315989012,0.2612608531521329,0.7494438290596008,14
30,0.0,10,500,0.4351057963916744,0.14132125330313325,0.5787222981452942,22
30,0.0,25,500,0.4349715020012111,0.12899962249905625,0.6044585704803467,20
30,0.0,50,500,0.4314658173698623,0.14224235560588902,0.6349729299545288,21
30,0.0,100,500,0.41645531037612415,0.18456776141940354,0.6800942420959473,19
30,0.0,250,500,0.4179884822998786,0.2056625141562854,0.6834774613380432,15
30,0.0,500,500,0.4120108035787318,0.2176972442431106,0.6890712976455688,15
30,0.0,1000,500,0.40091359750235234,0.2682370705926765,0.7496254444122314,13
30,0.0,10,1000,0.43749140203885467,0.1616610041525104,0.5585157871246338,14
30,0.0,25,1000,0.43764978125008164,0.13383163457908645,0.5393744707107544,16
30,0.0,50,1000,0.43360706186149056,0.164001510003775,0.5794253945350647,14
30,0.0,100,1000,0.42048069223948475,0.19214798036995093,0.6533987522125244,14
30,0.0,250,1000,0.419202527524868,0.20344280860702152,0.6781713366508484,14
30,0.0,500,1000,0.41155205629521086,0.23956209890524727,0.7193245887756348,13
30,0.0,1000,1000,0.4052446039939864,0.27717629294073237,0.7554590106010437,11
30,0.0,10,2500,0.5882254612704586,0.33140052850132123,0.819148063659668,5
30,0.0,25,2500,0.46670749921068244,0.3930539826349566,0.8801477551460266,5
30,0.0,50,2500,0.46883525704811396,0.39175537938844845,0.882109522819519,5
30,0.0,100,2500,0.506974811112905,0.30292185730464327,0.7738873958587646,6
30,0.0,250,2500,0.5478752118694415,0.35207248018120046,0.7819296717643738,4
30,0.0,500,2500,0.49886646373324867,0.29843714609286526,0.7440313696861267,5
30,0.0,1000,2500,0.5039838168816192,0.3404303510758777,0.6769853830337524,4
30,0.0,10,5000,0.5578355933728383,0.323518308795772,0.6895118355751038,2
30,0.0,25,5000,0.5024481570341491,0.30195545488863723,0.6838862895965576,2
30,0.0,50,5000,0.5133060188345832,0.3171611929029823,0.6886574625968933,2
30,0.0,100,5000,0.4521796893621197,0.3014873537183843,0.6249702572822571,2
30,0.0,250,5000,0.5879575308909449,0.3994714986787467,0.8856685757637024,3
30,0.0,500,5000,0.5549328145878373,0.38719516798792,0.8923279047012329,3
30,0.0,1000,5000,0.5714977422903648,0.4307436768591921,0.7332264184951782,2
30,0.0,10,10000,0.5578355933728383,0.323518308795772,0.6895118355751038,2
30,0.0,25,10000,0.5024481570341491,0.30195545488863723,0.6838863492012024,2
30,0.0,50,10000,0.5133060188345832,0.3171611929029823,0.6886575818061829,2
30,0.0,100,10000,0.4521796893621197,0.3014873537183843,0.6249703764915466,2
30,0.0,250,10000,0.49571892862421285,0.35424688561721407,0.7255861163139343,2
30,0.0,500,10000,0.4742028958061563,0.3820007550018875,0.7345337867736816,2
30,0.0,1000,10000,0.5714977422903648,0.4307436768591921,0.7332262992858887,2
30,0.0,10,15000,0.5578355933728383,0.323518308795772,0.6895118951797485,2
30,0.0,25,15000,0.5024481570341491,0.30195545488863723,0.6838863492012024,2
30,0.0,50,15000,0.5133060188345832,0.3171611929029823,0.6886574625968933,2
30,0.0,100,15000,0.4521796893621197,0.3014873537183843,0.6249702572822571,2
30,0.0,250,15000,0.49571892862421285,0.35424688561721407,0.7255862951278687,2
30,0.0,500,15000,0.4742028958061563,0.3820007550018875,0.7345336079597473,2
30,0.0,1000,15000,0.5714977422903648,0.4307436768591921,0.7332264184951782,2
30,0.0,10,20000,0.0,1.0,,0
30,0.0,25,20000,0.0,1.0,,0
30,0.0,50,20000,0.0,1.0,,0
30,0.0,100,20000,0.0,1.0,,0
30,0.0,250,20000,0.0,1.0,,0
30,0.0,500,20000,0.0,1.0,,0
30,0.0,1000,20000,0.0,1.0,,0
30,0.0,10,22000,0.0,1.0,,0
30,0.0,25,22000,0.0,1.0,,0
30,0.0,50,22000,0.0,1.0,,0
30,0.0,100,22000,0.0,1.0,,0
30,0.0,250,22000,0.0,1.0,,0
30,0.0,500,22000,0.0,1.0,,0
30,0.0,1000,22000,0.0,1.0,,0
50,0.0,10,50,0.47952831471134855,0.04984522461306153,0.47651156783103943,167
50,0.0,25,50,0.47856620211047596,0.07993959984899962,0.42802438139915466,162
50,0.0,50,50,0.478751117669392,0.08561721404303511,0.485696017742157,144
50,0.0,100,50,0.4850171067747441,0.08277840694601736,0.7140901684761047,72
50,0.0,250,50,0.4914634328469221,0.11380898452246131,0.7007619738578796,31
50,0.0,500,50,0.49664890287987956,0.12812382030955077,0.7059347629547119,20
50,0.0,1000,50,0.5016527844497572,0.18059645149112874,0.7438262104988098,14
50,0.0,10,100,0.4819492220302217,0.06104945262363156,0.5057738423347473,87
50,0.0,25,100,0.48072662177207615,0.07098527746319366,0.5175747871398926,87
50,0.0,50,100,0.48752125547412883,0.0493922234805587,0.6706607341766357,75
50,0.0,100,100,0.49281864903021777,0.06381275953189883,0.6822978258132935,65
50,0.0,250,100,0.4997830291355603,0.07845979614949038,0.6495457291603088,28
50,0.0,500,100,0.49676018372941116,0.1248471121177803,0.6615045070648193,19
50,0.0,1000,100,0.5016527844497572,0.18059645149112874,0.7438262104988098,14
50,0.0,10,250,0.4965070274931145,0.0703359758399396,0.6412007212638855,34
50,0.0,25,250,0.49786812115105467,0.04910532276330691,0.5988990068435669,32
50,0.0,50,250,0.496550663209336,0.05360513401283503,0.6052180528640747,34
50,0.0,100,250,0.4950372760986921,0.07190637976594942,0.6262446045875549,31
50,0.0,250,250,0.4995652607822443,0.0799848999622499,0.6527155637741089,27
50,0.0,500,250,0.49676018372941116,0.1248471121177803,0.6615043878555298,19
50,0.0,1000,250,0.5022438773286554,0.18215175537938844,0.7513867020606995,13
50,0.0,10,500,0.502337653134809,0.06533786334465837,0.5576297640800476,19
50,0.0,25,500,0.4961534101967762,0.08305020762551907,0.6283604502677917,20
50,0.0,50,500,0.5015978409772381,0.06911287278218195,0.5469436049461365,19
50,0.0,100,500,0.5073623937982124,0.07367308418271046,0.5721487998962402,18
50,0.0,250,500,0.4995305441938496,0.1041751604379011,0.646471381187439,18
50,0.0,500,500,0.49676018372941116,0.1248471121177803,0.661504328250885,19
50,0.0,1000,500,0.5022438773286554,0.18215175537938844,0.7513867020606995,13
50,0.0,10,1000,0.5145098820531793,0.06884107210268026,0.49490439891815186,14
50,0.0,25,1000,0.5057305858596827,0.12555681389203474,0.5843845009803772,14
50,0.0,50,1000,0.5089859678369345,0.09701774254435636,0.5174816846847534,14
50,0.0,100,1000,0.5136903448652281,0.12042280105700265,0.5967689752578735,13
50,0.0,250,1000,0.5066261146641039,0.14668176670441677,0.6525488495826721,13
50,0.0,500,1000,0.5093555645651562,0.1806719516798792,0.6974422335624695,12
50,0.0,1000,1000,0.5022438773286554,0.18215175537938844,0.7513867616653442,13
50,0.0,10,2500,0.5300275259408336,0.06782936957342393,0.5998541712760925,9
50,0.0,25,2500,0.5352854268301507,0.19241978104945262,0.7108420133590698,7
50,0.0,50,2500,0.5239391851729686,0.05120422801057003,0.3127621114253998,4
50,0.0,100,2500,0.5295889127571698,0.02071725179312948,0.28522905707359314,4
50,0.0,250,2500,0.5237003122421457,0.024839562098905248,0.2893211245536804,4
50,0.0,500,2500,0.5240201965629175,0.025277463193657985,0.29494336247444153,4
50,0.0,1000,2500,0.5180648488493962,0.0445602114005285,0.31667786836624146,4
50,0.0,10,5000,0.5624671231888498,0.066560966402416,0.6819661259651184,4
50,0.0,25,5000,0.5778522264178185,0.06829747074367686,0.5904161930084229,3
50,0.0,50,5000,0.561767297250605,0.05120422801057003,0.5684608817100525,3
50,0.0,100,5000,0.5885691568603096,0.00037750094375235937,0.5383407473564148,3
50,0.0,250,5000,0.5833569845212503,0.0045149112872782185,0.5442303419113159,3
50,0.0,500,5000,0.5806408440039258,0.002249905624764062,0.5446277856826782,3
50,0.0,1000,5000,0.5838140431685108,0.004907512268780672,0.5502013564109802,3
50,0.0,10,10000,0.650184225057698,0.06728576821442053,0.6299079656600952,3
50,0.0,25,10000,0.5778522264178185,0.06829747074367686,0.5904162526130676,3
50,0.0,50,10000,0.561767297250605,0.05120422801057003,0.5684608221054077,3
50,0.0,100,10000,0.5885691568603096,0.00037750094375235937,0.5383407473564148,3
50,0.0,250,10000,0.5833569845212503,0.0045149112872782185,0.5442304015159607,3
50,0.0,500,10000,0.5806408440039258,0.002249905624764062,0.5446276068687439,3
50,0.0,1000,10000,0.5838140431685108,0.004907512268780672,0.5502012968063354,3
50,0.0,10,15000,0.6038771919480971,0.017440543601359004,0.5672662854194641,3
50,0.0,25,15000,0.5778522264178185,0.06829747074367686,0.5904163122177124,3
50,0.0,50,15000,0.561767297250605,0.05120422801057003,0.5684608221054077,3
50,0.0,100,15000,0.5885691568603096,0.00037750094375235937,0.5383407473564148,3
50,0.0,250,15000,0.5833569845212503,0.0045149112872782185,0.5442304611206055,3
50,0.0,500,15000,0.5806408440039258,0.002249905624764062,0.5446276664733887,3
50,0.0,1000,15000,0.5838140431685108,0.004907512268780672,0.5502012968063354,3
50,0.0,10,20000,0.44053442448381924,0.01808984522461306,0.6328051090240479,2
50,0.0,25,20000,0.0,1.0,,0
50,0.0,50,20000,0.0,1.0,,0
50,0.0,100,20000,0.0,1.0,,0
50,0.0,250,20000,0.0,1.0,,0
50,0.0,500,20000,0.0,1.0,,0
50,0.0,1000,20000,0.0,1.0,,0
50,0.0,10,22000,0.44081190967043843,0.017349943374858436,0.6329267024993896,2
50,0.0,25,22000,0.0,1.0,,0
50,0.0,50,22000,0.0,1.0,,0
50,0.0,100,22000,0.0,1.0,,0
50,0.0,250,22000,0.0,1.0,,0
50,0.0,500,22000,0.0,1.0,,0
50,0.0,1000,22000,0.0,1.0,,0
75,0.0,10,50,0.47415103119714863,0.07637599093997735,-0.017070099711418152,176
75,0.0,25,50,0.47797372300546165,0.07385428463571159,0.01753024198114872,154
75,0.0,50,50,0.4774283481602453,0.10419026047565119,-1042.8287353515625,147
75,0.0,100,50,0.4936932482663586,0.08931672329180823,0.5893966555595398,73
75,0.0,250,50,0.4997811047657153,0.08327670819177048,0.6465979218482971,29
75,0.0,500,50,0.4977844823460469,0.1328350320875802,0.678105354309082,17
75,0.0,1000,50,0.4988309416663165,0.14893167232918084,0.7137851119041443,15
75,0.0,10,100,0.4819419552529593,0.07581728954322386,0.5234463214874268,85
75,0.0,25,100,0.4899635610463652,0.04646281615704039,0.6489775776863098,78
75,0.0,50,100,0.490362135770561,0.058693846734616834,0.6040287017822266,78
75,0.0,100,100,0.4941634914869679,0.06556436391090978,0.567680299282074,65
75,0.0,250,100,0.5003033547514263,0.08073990184975463,0.6378915905952454,27
75,0.0,500,100,0.4977844823460469,0.1328350320875802,0.6781056523323059,17
75,0.0,1000,100,0.4988309416663165,0.14893167232918084,0.7137850522994995,15
75,0.0,10,250,0.501117729644873,0.048682521706304265,0.6035625338554382,32
75,0.0,25,250,0.5017167101422427,0.03975839939599849,0.5962099432945251,34
75,0.0,50,250,0.5024664719592157,0.04037750094375236,0.565970778465271,31
75,0.0,100,250,0.5053137185862032,0.03992449981124953,0.5794249176979065,30
75,0.0,250,250,0.5018468182490986,0.073280483201208,0.6184484958648682,25
75,0.0,500,250,0.4977844823460469,0.1328350320875802,0.6781054139137268,17
75,0.0,1000,250,0.4988309416663165,0.14893167232918084,0.7137851119041443,15
75,0.0,10,500,0.5018223865060846,0.06542846357115893,0.5919792652130127,22
75,0.0,25,500,0.5084877218710725,0.04282370705926765,0.5437890887260437,20
75,0.0,50,500,0.5078998480167907,0.052125330313325786,0.5559156537055969,19
75,0.0,100,500,0.5070260861323996,0.05260853152132881,0.5534056425094604,19
75,0.0,250,500,0.5022754837483586,0.0915364288410721,0.6110565662384033,18
75,0.0,500,500,0.4981760561156805,0.13158172895432238,0.6734851002693176,16
75,0.0,1000,500,0.49978775245028034,0.1527670819177048,0.7152355909347534,14
75,0.0,10,1000,0.5091910002821592,0.06474896187240468,0.5334169864654541,16
75,0.0,25,1000,0.5108380976886999,0.056640241600604005,0.5276697278022766,16
75,0.0,50,1000,0.5082094106278,0.06784446961117403,0.544694721698761,16
75,0.0,100,1000,0.5103273951655457,0.0646734616836542,0.545880913734436,16
75,0.0,250,1000,0.5049918531269956,0.10311815779539449,0.61684250831604,14
75,0.0,500,1000,0.5014518512203757,0.15343148357870895,0.6703627705574036,14
75,0.0,1000,1000,0.49978775245028034,0.1527670819177048,0.7152355313301086,14
75,0.0,10,2500,0.5423365826343413,0.1913929784824462,0.6493645906448364,8
75,0.0,25,2500,0.5468122748685849,0.11219328048320121,0.5207143425941467,7
75,0.0,50,2500,0.5524368637232919,0.190562476406191,0.592350423336029,7
75,0.0,100,2500,0.5281515652216007,0.15796149490373726,0.6086255311965942,8
75,0.0,250,2500,0.48628026096492993,0.09594563986409967,0.3735578656196594,5
75,0.0,500,2500,0.4884631221712814,0.11023027557568894,0.3917626142501831,5
75,0.0,1000,2500,0.5443502779725689,0.23420158550396375,0.663066565990448,7
75,0.0,10,5000,0.5398835360331383,0.18651566628916572,0.5028163194656372,3
75,0.0,25,5000,0.5602296846866144,0.15525858814647037,0.5535062551498413,4
75,0.0,50,5000,0.5406304061495639,0.1833295583238958,0.49761703610420227,3
75,0.0,100,5000,0.5406304061495639,0.1833295583238958,0.49761712551116943,3
75,0.0,250,5000,0.5403456218673619,0.18512646281615705,0.5012627840042114,3
75,0.0,500,5000,0.5396486553528113,0.19867119667799168,0.5223228931427002,3
75,0.0,1000,5000,0.5573922442976169,0.26752736881842204,0.601320743560791,3
75,0.0,10,10000,0.5398835360331383,0.18651566628916572,0.5028161406517029,3
75,0.0,25,10000,0.6591326744523591,0.2896187240468101,0.5257762670516968,3
75,0.0,50,10000,0.5406304061495639,0.1833295583238958,0.4976171553134918,3
75,0.0,100,10000,0.5406304061495639,0.1833295583238958,0.4976172149181366,3
75,0.0,250,10000,0.5403456218673619,0.18512646281615705,0.5012627243995667,3
75,0.0,500,10000,0.5396486553528113,0.19867119667799168,0.5223228931427002,3
75,0.0,1000,10000,0.5573922442976169,0.26752736881842204,0.6013209223747253,3
75,0.0,10,15000,0.5398835360331383,0.18651566628916572,0.5028161406517029,3
75,0.0,25,15000,0.32521309498708634,0.0,0.368009477853775,2
75,0.0,50,15000,0.5406304061495639,0.1833295583238958,0.49761712551116943,3
75,0.0,100,15000,0.5406304061495639,0.1833295583238958,0.49761703610420227,3
75,0.0,250,15000,0.5403456218673619,0.18512646281615705,0.5012627840042114,3
75,0.0,500,15000,0.5396486553528113,0.19867119667799168,0.5223228335380554,3
75,0.0,1000,15000,0.3246434678951208,0.0017365043412608532,0.36971786618232727,2
75,0.0,10,20000,0.0,1.0,,0
75,0.0,25,20000,0.0,1.0,,0
75,0.0,50,20000,0.0,1.0,,0
75,0.0,100,20000,0.0,1.0,,0
75,0.0,250,20000,0.0,1.0,,0
75,0.0,500,20000,0.0,1.0,,0
75,0.0,1000,20000,0.0,1.0,,0
75,0.0,10,22000,0.0,1.0,,0
75,0.0,25,22000,0.0,1.0,,0
75,0.0,50,22000,0.0,1.0,,0
75,0.0,100,22000,0.0,1.0,,0
75,0.0,250,22000,0.0,1.0,,0
75,0.0,500,22000,0.0,1.0,,0
75,0.0,1000,22000,0.0,1.0,,0
100,0.0,10,50,0.2822948079420055,0.11134767836919593,-0.003577859839424491,197
100,0.0,25,50,0.4750291434858354,0.07844469611174028,0.3144783675670624,166
100,0.0,50,50,0.47742376185403446,0.09429973574933938,0.32881882786750793,148
100,0.0,100,50,0.48851416052244256,0.1280332200830502,-1086.2410888671875,84
100,0.0,250,50,0.5037826549149335,0.10408456021140053,0.7603986859321594,30
100,0.0,500,50,0.5035830610937884,0.11198187995469988,0.6845186948776245,20
100,0.0,1000,50,0.5073689108632828,0.16409211023027556,0.7637207508087158,14
100,0.0,10,100,0.2998227879985338,0.1293469233673084,0.3548777997493744,108
100,0.0,25,100,0.47679755371158467,0.0971838429596074,0.6966705322265625,86
100,0.0,50,100,0.48611616297483545,0.07107587768969423,0.7341646552085876,79
100,0.0,100,100,0.49040554228807637,0.10184975462438656,-1054.59716796875,73
100,0.0,250,100,0.5026347028329738,0.07314458286145716,0.6880041360855103,27
100,0.0,500,100,0.5035698176562943,0.1095205738014345,0.7051373720169067,17
100,0.0,1000,100,0.5073689108632828,0.16409211023027556,0.7637207508087158,14
100,0.0,10,250,0.31917933342542315,0.11244998112495282,0.3710190951824188,40
100,0.0,25,250,0.5044505790572851,0.0413590033975085,0.6432843208312988,32
100,0.0,50,250,0.5067442719074303,0.04314080785201963,0.6388360857963562,29
100,0.0,100,250,0.5073190928736919,0.037161192902982254,0.6216984987258911,28
100,0.0,250,250,0.5026347028329738,0.07314458286145716,0.6880040168762207,27
100,0.0,500,250,0.5035698176562943,0.1095205738014345,0.7051374316215515,17
100,0.0,1000,250,0.5073689108632828,0.16409211023027556,0.7637208700180054,14
100,0.0,10,500,0.5115547251464327,0.02847867119667799,0.5513438582420349,20
100,0.0,25,500,0.510686498121983,0.04572291430728577,0.565062403678894,18
100,0.0,50,500,0.5113705855724284,0.04196300490751227,0.5581071972846985,18
100,0.0,100,500,0.510220216226028,0.06616836542091355,0.5803685188293457,17
100,0.0,250,500,0.5059146849829732,0.08600981502453756,0.6262578964233398,18
100,0.0,500,500,0.5035698176562943,0.1095205738014345,0.7051373720169067,17
100,0.0,1000,500,0.5077599862091557,0.1640619101547754,0.7706213593482971,13
100,0.0,10,1000,0.5223232190613084,0.014662136655341638,0.49619612097740173,13
100,0.0,25,1000,0.511630679972458,0.06127595318988297,0.5473282337188721,15
100,0.0,50,1000,0.5123220707329975,0.05747074367685919,0.5418820977210999,15
100,0.0,100,1000,0.5112140897157135,0.0848320120800302,0.582980215549469,14
100,0.0,250,1000,0.5042383196199187,0.09901094752736882,0.5966649055480957,13
100,0.0,500,1000,0.5028915604348136,0.12234050585126463,0.6760909557342529,14
100,0.0,1000,1000,0.5101893620491494,0.15977349943374858,0.7477673292160034,12
100,0.0,10,2500,0.5744865725299964,0.014662136655341638,0.5081096291542053,8
100,0.0,25,2500,0.550690280959111,0.0805436013590034,0.5885563492774963,8
100,0.0,50,2500,0.5507762189503301,0.0845753114382786,0.5895683169364929,8
100,0.0,100,2500,0.5582704282849306,0.13893544733861835,0.601113498210907,7
100,0.0,250,2500,0.5504876437061035,0.17570403926009814,0.6267535090446472,6
100,0.0,500,2500,0.5426839862073316,0.1817289543223858,0.6614397764205933,6
100,0.0,1000,2500,0.5699084906424557,0.24206870517176293,0.6883798837661743,6
100,0.0,10,5000,0.6682984943420359,0.006734616836542091,0.6010816693305969,6
100,0.0,25,5000,0.5030314139813783,0.11888259720649301,0.4403383731842041,4
100,0.0,50,5000,0.5026836250200931,0.06903737259343148,0.378299742937088,4
100,0.0,100,5000,0.5628428027659151,0.2019026047565119,0.5783325433731079,4
100,0.0,250,5000,0.5340528984234857,0.19128727821819555,0.4994446635246277,3
100,0.0,500,5000,0.5043321742227004,0.12730841827104566,0.4505149722099304,4
100,0.0,1000,5000,0.517158131490424,0.1978708946772367,0.5480009913444519,4
100,0.0,10,10000,0.8984657340140233,0.32759531898829747,0.9309679865837097,2
100,0.0,25,10000,0.5435645366428121,0.21756134390335977,0.5431430339813232,3
100,0.0,50,10000,0.525358191803214,0.16771611929029823,0.46343910694122314,3
100,0.0,100,10000,0.525358191803214,0.16771611929029823,0.4634391963481903,3
100,0.0,250,10000,0.5340528984234857,0.19128727821819555,0.49944448471069336,3
100,0.0,500,10000,0.5482376509202005,0.2259871649679124,0.5416364073753357,3
100,0.0,1000,10000,0.5751703010598717,0.2952359380898452,0.6172798275947571,3
100,0.0,10,15000,0.8984657340140233,0.32759531898829747,0.9309679865837097,2
100,0.0,25,15000,0.5435645366428121,0.21756134390335977,0.5431431531906128,3
100,0.0,50,15000,0.525358191803214,0.16771611929029823,0.46343913674354553,3
100,0.0,100,15000,0.525358191803214,0.16771611929029823,0.46343904733657837,3
100,0.0,250,15000,0.5340528984234857,0.19128727821819555,0.49944451451301575,3
100,0.0,500,15000,0.5482376509202005,0.2259871649679124,0.5416364669799805,3
100,0.0,1000,15000,0.325684214170437,0.006870517176292941,0.3807663321495056,2
100,0.0,10,20000,0.8984657340140233,0.32759531898829747,0.9309678673744202,2
100,0.0,25,20000,0.0,1.0,,0
100,0.0,50,20000,0.0,1.0,,0
100,0.0,100,20000,0.0,1.0,,0
100,0.0,250,20000,0.0,1.0,,0
100,0.0,500,20000,0.0,1.0,,0
100,0.0,1000,20000,0.0,1.0,,0
100,0.0,10,22000,0.0,1.0,,0
100,0.0,25,22000,0.0,1.0,,0
100,0.0,50,22000,0.0,1.0,,0
100,0.0,100,22000,0.0,1.0,,0
100,0.0,250,22000,0.0,1.0,,0
100,0.0,500,22000,0.0,1.0,,0
100,0.0,1000,22000,0.0,1.0,,0
10,0.1,10,50,0.05977851144358478,0.43688939222348055,-0.24880100786685944,269
10,0.1,25,50,0.08629775293969479,0.5337108342770857,-0.1894397884607315,205
10,0.1,50,50,0.10581676596087235,0.602733106832767,-0.027480129152536392,158
10,0.1,100,50,0.09287185097539316,0.6591317478293696,0.05327964574098587,78
10,0.1,250,50,0.05561673051085217,0.7538693846734617,0.36523890495300293,32
10,0.1,500,50,0.05124937067696759,0.7849301623254058,0.5591344237327576,20
10,0.1,1000,50,0.021554336388479697,0.8475802189505474,0.9333978295326233,8
10,0.1,10,100,0.05313941506033058,0.39026047565118915,-0.3542569875717163,86
10,0.1,25,100,0.07835997036331951,0.5909550773876935,-0.026800604537129402,91
10,0.1,50,100,0.09584035693861487,0.6169120422801057,-0.018323516473174095,76
10,0.1,100,100,0.09457219779093559,0.661109852774632,0.07530093193054199,69
10,0.1,250,100,0.05967052800956089,0.7564967912419781,0.409311443567276,26
10,0.1,500,100,0.050887030370991855,0.7877840694601737,0.5864350199699402,18
10,0.1,1000,100,0.021554336388479697,0.8475802189505474,0.9333978295326233,8
10,0.1,10,250,0.04425488948093553,0.4626500566251416,-0.16653874516487122,35
10,0.1,25,250,0.07488753991607582,0.6399093997734995,0.09462888538837433,35
10,0.1,50,250,0.09176122333442227,0.6445300113250283,0.04221023619174957,32
10,0.1,100,250,0.08693279496430295,0.6903284258210646,0.21726079285144806,29
10,0.1,250,250,0.0655172045796853,0.7536881842204606,0.5148155093193054,23
10,0.1,500,250,0.06152645004153227,0.7815628539071348,0.5320881009101868,12
10,0.1,1000,250,0.030723097035874197,0.829611174027935,0.8755309581756592,7
10,0.1,10,500,0.052007984613510555,0.4759682899207248,-0.0656050369143486,20
10,0.1,25,500,0.07404045509130885,0.6757870894677237,0.39779242873191833,18
10,0.1,50,500,0.07210509870678523,0.701442053605134,0.4086334705352783,16
10,0.1,100,500,0.09334334461411033,0.7136126840317101,0.45739802718162537,13
10,0.1,250,500,0.07537896980687259,0.7334843337108343,0.4830910265445709,11
10,0.1,500,500,0.05713009681361493,0.7873310683276709,0.5475014448165894,11
10,0.1,1000,500,0.030723097035874197,0.829611174027935,0.8755308389663696,7
10,0.1,10,1000,0.05016467970777365,0.5047187617969044,0.028115712106227875,12
10,0.1,25,1000,0.08436252333526577,0.6939675349188373,0.4165610671043396,10
10,0.1,50,1000,0.073219344537909,0.7157719894299736,0.49061793088912964,10
10,0.1,100,1000,0.07219337318824216,0.741759154397886,0.5807105898857117,8
10,0.1,250,1000,0.08166306215262162,0.7333182332955832,0.550545334815979,8
10,0.1,500,1000,0.06471853030957775,0.781910154775387,0.6090822219848633,8
10,0.1,1000,1000,0.030723097035874197,0.829611174027935,0.8755308389663696,7
10,0.1,10,2500,0.08111667672641902,0.2066742166855417,0.14115239679813385,2
10,0.1,25,2500,0.0156336795591204,0.18869007172517932,0.08062458783388138,2
10,0.1,50,2500,0.022315007789954412,0.776489241223103,0.6189479231834412,2
10,0.1,100,2500,0.01446102353958555,0.8342770856927142,0.6695274114608765,2
10,0.1,250,2500,0.07399143916448132,0.7041751604379011,0.3460908830165863,4
10,0.1,500,2500,0.10442143988231527,0.7535069837674594,0.5933868885040283,3
10,0.1,1000,2500,0.07739758394755467,0.8081238203095508,0.5962405800819397,2
10,0.1,10,5000,0.08111667672641902,0.2066742166855417,0.14115236699581146,2
10,0.1,25,5000,0.0,1.0,,0
10,0.1,50,5000,0.022315007789954412,0.776489241223103,0.6189479231834412,2
10,0.1,100,5000,0.0,1.0,,0
10,0.1,250,5000,0.02193227016657117,0.6940430351075878,0.2945583462715149,2
10,0.1,500,5000,0.09149113185066457,0.7473008682521707,0.37054529786109924,2
10,0.1,1000,5000,0.07739758394755467,0.8081238203095508,0.5962405800819397,2
10,0.1,10,10000,0.0,1.0,,0
10,0.1,25,10000,0.0,1.0,,0
10,0.1,50,10000,0.0,1.0,,0
10,0.1,100,10000,0.0,1.0,,0
10,0.1,250,10000,0.0,1.0,,0
10,0.1,500,10000,0.0,1.0,,0
10,0.1,1000,10000,0.0,1.0,,0
10,0.1,10,15000,0.0,1.0,,0
10,0.1,25,15000,0.0,1.0,,0
10,0.1,50,15000,0.0,1.0,,0
10,0.1,100,15000,0.0,1.0,,0
10,0.1,250,15000,0.0,1.0,,0
10,0.1,500,15000,0.0,1.0,,0
10,0.1,1000,15000,0.0,1.0,,0
10,0.1,10,20000,0.0,1.0,,0
10,0.1,25,20000,0.0,1.0,,0
10,0.1,50,20000,0.0,1.0,,0
10,0.1,100,20000,0.0,1.0,,0
10,0.1,250,20000,0.0,1.0,,0
10,0.1,500,20000,0.0,1.0,,0
10,0.1,1000,20000,0.0,1.0,,0
10,0.1,10,22000,0.0,1.0,,0
10,0.1,25,22000,0.0,1.0,,0
10,0.1,50,22000,0.0,1.0,,0
10,0.1,100,22000,0.0,1.0,,0
10,0.1,250,22000,0.0,1.0,,0
10,0.1,500,22000,0.0,1.0,,0
10,0.1,1000,22000,0.0,1.0,,0
15,0.1,10,50,0.07317416363002562,0.44736881842204607,-0.16792473196983337,232
15,0.1,25,50,0.09835291198407854,0.5238354095885239,-0.04946708679199219,187
15,0.1,50,50,0.10369914236496672,0.5539750849377123,0.04585905000567436,154
15,0.1,100,50,0.09310095232965339,0.5796149490373725,-0.018296923488378525,77
15,0.1,250,50,0.06738547220477867,0.6602189505473763,0.08344633877277374,33
15,0.1,500,50,0.061658934970244286,0.6775235938089845,0.6664957404136658,16
15,0.1,1000,50,0.03706173182247271,0.7690902227255568,0.755535364151001,11
15,0.1,10,100,0.10185497391405217,0.4639033597583994,-0.15101869404315948,110
15,0.1,25,100,0.11509852619984537,0.5159078897697245,-0.1581249237060547,94
15,0.1,50,100,0.10057151353198766,0.5295432238580596,-0.1275787502527237,86
15,0.1,100,100,0.10008679187326408,0.5787391468478671,-0.018855160102248192,69
15,0.1,250,100,0.0799083823423145,0.6217893544733862,0.2632767856121063,27
15,0.1,500,100,0.06369352340656001,0.6759682899207248,0.592214822769165,14
15,0.1,1000,100,0.03662949690912558,0.7702076255190637,0.8408047556877136,10
15,0.1,10,250,0.11494615869383863,0.4757568893922235,0.020392555743455887,43
15,0.1,25,250,0.12314173653015807,0.47056247640619103,-0.07128299027681351,31
15,0.1,50,250,0.12291608054943551,0.5035560588901472,0.1608555167913437,31
15,0.1,100,250,0.11406449653716129,0.5557266893167233,0.20951935648918152,28
15,0.1,250,250,0.07813616542127287,0.6277689694224236,0.3415173590183258,23
15,0.1,500,250,0.06517476475315602,0.6738391845979615,0.5977920889854431,13
15,0.1,1000,250,0.03662949690912558,0.7702076255190637,0.8408047556877136,10
15,0.1,10,500,0.1325359316934275,0.4764212910532276,0.17463675141334534,15
15,0.1,25,500,0.11512420686262138,0.5246055115137788,-0.006059475243091583,17
15,0.1,50,500,0.11470995842144154,0.5385428463571159,0.19563354551792145,18
15,0.1,100,500,0.10525256854379683,0.5874216685541714,0.14081312716007233,16
15,0.1,250,500,0.07769975273360517,0.6333257833144583,0.32296139001846313,14
15,0.1,500,500,0.06517476475315602,0.6738391845979615,0.5977921485900879,13
15,0.1,1000,500,0.03665031371511049,0.7747074367685919,0.8605650663375854,9
15,0.1,10,1000,0.12097292233128495,0.4968969422423556,0.18570534884929657,10
15,0.1,25,1000,0.1090540123635659,0.5607097017742544,0.3393048346042633,11
15,0.1,50,1000,0.09853254902930667,0.5817138542846357,0.24065430462360382,10
15,0.1,100,1000,0.09774334259876298,0.6071423178557946,0.42215609550476074,10
15,0.1,250,1000,0.07990014155712934,0.6610796526991317,0.5135022401809692,8
15,0.1,500,1000,0.06265458032978155,0.6885013212533031,0.6382388472557068,9
15,0.1,1000,1000,0.041858711330934086,0.7887504718761796,0.8531016111373901,8
15,0.1,10,2500,0.11463536016926881,0.5900188750471876,0.37737876176834106,3
15,0.1,25,2500,0.03408059913457734,0.15984899962249904,0.07695451378822327,2
15,0.1,50,2500,0.04414985572081094,0.21416383540958853,0.09890364855527878,2
15,0.1,100,2500,0.05320313471599108,0.2410570026425066,0.07966168224811554,2
15,0.1,250,2500,0.10620974756532528,0.4944809362023405,-0.05030641704797745,3
15,0.1,500,2500,0.0721123261995948,0.7327293318233296,0.4595830738544464,4
15,0.1,1000,2500,0.06657242413146922,0.6697772744431861,0.4799812138080597,2
15,0.1,10,5000,0.0,1.0,,0
15,0.1,25,5000,0.10340741084253587,0.577274443186108,0.5242106318473816,2
15,0.1,50,5000,0.09528695948213732,0.5280030200075501,0.4575933814048767,2
15,0.1,100,5000,0.05270553776810986,0.7922536806342015,0.34066230058670044,2
15,0.1,250,5000,0.041213351777343435,0.8154775386938468,0.3772493302822113,2
15,0.1,500,5000,0.0,1.0,,0
15,0.1,1000,5000,0.06657242413146922,0.6697772744431861,0.4799812138080597,2
15,0.1,10,10000,0.0,1.0,,0
15,0.1,25,10000,0.0,1.0,,0
15,0.1,50,10000,0.0,1.0,,0
15,0.1,100,10000,0.0,1.0,,0
15,0.1,250,10000,0.0,1.0,,0
15,0.1,500,10000,0.0,1.0,,0
15,0.1,1000,10000,0.0,1.0,,0
15,0.1,10,15000,0.0,1.0,,0
15,0.1,25,15000,0.0,1.0,,0
15,0.1,50,15000,0.0,1.0,,0
15,0.1,100,15000,0.0,1.0,,0
15,0.1,250,15000,0.0,1.0,,0
15,0.1,500,15000,0.0,1.0,,0
15,0.1,1000,15000,0.0,1.0,,0
15,0.1,10,20000,0.0,1.0,,0
15,0.1,25,20000,0.0,1.0,,0
15,0.1,50,20000,0.0,1.0,,0
15,0.1,100,20000,0.0,1.0,,0
15,0.1,250,20000,0.0,1.0,,0
15,0.1,500,20000,0.0,1.0,,0
15,0.1,1000,20000,0.0,1.0,,0
15,0.1,10,22000,0.0,1.0,,0
15,0.1,25,22000,0.0,1.0,,0
15,0.1,50,22000,0.0,1.0,,0
15,0.1,100,22000,0.0,1.0,,0
15,0.1,250,22000,0.0,1.0,,0
15,0.1,500,22000,0.0,1.0,,0
15,0.1,1000,22000,0.0,1.0,,0
30,0.1,10,50,0.3677995554694405,0.11793129482823707,0.057735197246074677,164
30,0.1,25,50,0.36579640470408215,0.14718006795016988,0.13164843618869781,167
30,0.1,50,50,0.3675512867535144,0.1479199697999245,0.09744332730770111,125
30,0.1,100,50,0.36567448781361395,0.18541336353340884,0.21699397265911102,70
30,0.1,250,50,0.3531416673463004,0.25760664401661004,0.6098578572273254,26
30,0.1,500,50,0.3348938638807206,0.3100339750849377,0.7259880900382996,16
30,0.1,1000,50,0.343585608920136,0.3383163457908645,0.8231790661811829,14
30,0.1,10,100,0.3809987914298925,0.12006040015100038,0.1466713845729828,84
30,0.1,25,100,0.37795327586915484,0.13366553416383542,0.18552012741565704,80
30,0.1,50,100,0.37827809845074434,0.13703284258210646,0.3021354377269745,70
30,0.1,100,100,0.3689225498961117,0.1849905624764062,0.18517327308654785,61
30,0.1,250,100,0.3544431573539905,0.25437523593808986,0.5875287055969238,25
30,0.1,500,100,0.3347617908252511,0.3111211778029445,0.7329951524734497,15
30,0.1,1000,100,0.34249594090405344,0.33967534918837294,0.8302444219589233,13
30,0.1,10,250,0.375688971123927,0.16382030955077387,0.32485121488571167,39
30,0.1,25,250,0.3772716049995329,0.18329935824839563,0.4424755573272705,32
30,0.1,50,250,0.3773743318798684,0.17381653454133636,0.4162232279777527,31
30,0.1,100,250,0.36752995239400676,0.209920724801812,0.5279788374900818,31
30,0.1,250,250,0.3555522115952323,0.2579992449981125,0.587049663066864,24
30,0.1,500,250,0.3347617908252511,0.3111211778029445,0.732995331287384,15
30,0.1,1000,250,0.34249594090405344,0.33967534918837294,0.8302444219589233,13
30,0.1,10,500,0.38455846439858477,0.1889769724424311,0.5544281601905823,17
30,0.1,25,500,0.38094214999477277,0.19981879954699885,0.623715877532959,16
30,0.1,50,500,0.37435177525930513,0.2203850509626274,0.6362870931625366,15
30,0.1,100,500,0.3572999212191174,0.25248773121932805,0.6546685099601746,17
30,0.1,250,500,0.34666948744809656,0.2934994337485844,0.6969499588012695,15
30,0.1,500,500,0.3347617908252511,0.3111211778029445,0.7329952716827393,15
30,0.1,1000,500,0.34591433153702156,0.3186107965269913,0.7415369749069214,12
30,0.1,10,1000,0.3974383709043972,0.1922838807097018,0.5409386157989502,14
30,0.1,25,1000,0.3821531522126683,0.2074594186485466,0.6490628719329834,14
30,0.1,50,1000,0.37435177525930513,0.2203850509626274,0.6362869739532471,15
30,0.1,100,1000,0.3625909709530832,0.23965269913174783,0.6848724484443665,14
30,0.1,250,1000,0.3517395095026518,0.29058512646281615,0.749662458896637,13
30,0.1,500,1000,0.35339469779731736,0.29146092865232165,0.7718020081520081,13
30,0.1,1000,1000,0.3461375746467701,0.328320120800302,0.7423758506774902,11
30,0.1,10,2500,0.47778551912400996,0.2764665911664779,0.7165762186050415,6
30,0.1,25,2500,0.40212548313296687,0.2954926387315968,0.7033350467681885,7
30,0.1,50,2500,0.36775951316403827,0.3446734616836542,0.7742416262626648,6
30,0.1,100,2500,0.3539983476595332,0.3037674594186485,0.7524718046188354,7
30,0.1,250,2500,0.4513925567228856,0.29102302755756887,0.7135370373725891,6
30,0.1,500,2500,0.41423343514892086,0.32813892034730086,0.7311710715293884,6
30,0.1,1000,2500,0.43061634664892967,0.3521932804832012,0.7583514451980591,5
30,0.1,10,5000,0.6309671777076475,0.4209437523593809,0.8079817891120911,2
30,0.1,25,5000,0.6436246386795214,0.4286296715741789,0.7806023359298706,2
30,0.1,50,5000,0.5848027728220624,0.42082295205738013,0.8521144390106201,2
30,0.1,100,5000,0.5441849996994065,0.4529860324650812,0.8894674181938171,2
30,0.1,250,5000,0.48745627528820995,0.39201208003020005,0.8296545743942261,3
30,0.1,500,5000,0.47457140939171927,0.3019705549263873,0.7870979309082031,4
30,0.1,1000,5000,0.379714093349461,0.3372442431106078,0.5426339507102966,3
30,0.1,10,10000,0.6309671777076475,0.4209437523593809,0.8079816102981567,2
30,0.1,25,10000,0.6436246386795214,0.4286296715741789,0.780602216720581,2
30,0.1,50,10000,0.5848027728220624,0.42082295205738013,0.8521142601966858,2
30,0.1,100,10000,0.5441849996994065,0.4529860324650812,0.8894674181938171,2
30,0.1,250,10000,0.5449523989891493,0.49576443941109855,0.8133512139320374,2
30,0.1,500,10000,0.5401852901535148,0.4995847489618724,0.8134933710098267,2
30,0.1,1000,10000,0.400279857890529,0.45117402793506983,0.5149226188659668,2
30,0.1,10,15000,0.6309671777076475,0.4209437523593809,0.8079817295074463,2
30,0.1,25,15000,0.6436246386795214,0.4286296715741789,0.7806021571159363,2
30,0.1,50,15000,0.5848027728220624,0.42082295205738013,0.8521143198013306,2
30,0.1,100,15000,0.5441849996994065,0.4529860324650812,0.8894674181938171,2
30,0.1,250,15000,0.0,1.0,,0
30,0.1,500,15000,0.0,1.0,,0
30,0.1,1000,15000,0.0,1.0,,0
30,0.1,10,20000,0.0,1.0,,0
30,0.1,25,20000,0.0,1.0,,0
30,0.1,50,20000,0.0,1.0,,0
30,0.1,100,20000,0.0,1.0,,0
30,0.1,250,20000,0.0,1.0,,0
30,0.1,500,20000,0.0,1.0,,0
30,0.1,1000,20000,0.0,1.0,,0
30,0.1,10,22000,0.0,1.0,,0
30,0.1,25,22000,0.0,1.0,,0
30,0.1,50,22000,0.0,1.0,,0
30,0.1,100,22000,0.0,1.0,,0
30,0.1,250,22000,0.0,1.0,,0
30,0.1,500,22000,0.0,1.0,,0
30,0.1,1000,22000,0.0,1.0,,0
50,0.1,10,50,0.4791627817712703,0.059720649301623255,0.23617392778396606,161
50,0.1,25,50,0.4788471722375566,0.10181955454888637,0.23872238397598267,154
50,0.1,50,50,0.4782261189051259,0.09041902604756512,0.3732578158378601,135
50,0.1,100,50,0.48344064286557586,0.09333333333333334,0.704399585723877,63
50,0.1,250,50,0.49393182468578034,0.11024537561343903,0.7620125412940979,28
50,0.1,500,50,0.4928099553867789,0.16623631559078897,0.8116369247436523,17
50,0.1,1000,50,0.5169649675359224,0.2050434126085315,0.8174444437026978,16
50,0.1,10,100,0.48600931216410775,0.05242733106832767,0.6479141712188721,80
50,0.1,25,100,0.4907920100951899,0.059448848622121554,0.6695043444633484,72
50,0.1,50,100,0.4905091696528927,0.05522083805209513,0.657686710357666,66
50,0.1,100,100,0.4833688236577016,0.09436013590033974,0.705125629901886,62
50,0.1,250,100,0.4953815119320312,0.10029445073612685,0.73505699634552,27
50,0.1,500,100,0.4928099553867789,0.16623631559078897,0.8116368651390076,17
50,0.1,1000,100,0.5106369858388031,0.18178935447338618,0.7869965434074402,14
50,0.1,10,250,0.49565524293130114,0.061155152887882216,0.664580762386322,37
50,0.1,25,250,0.5039536495944524,0.06293695734239335,0.6471900343894958,33
50,0.1,50,250,0.5025623197844458,0.06307285768214421,0.6707707643508911,32
50,0.1,100,250,0.5035124666823367,0.0644318610796527,0.6642481088638306,28
50,0.1,250,250,0.4961598368153957,0.0966704416761042,0.7141731381416321,25
50,0.1,500,250,0.4928099553867789,0.16623631559078897,0.8116368651390076,17
50,0.1,1000,250,0.5089228803072532,0.185443563608909,0.7916908860206604,13
50,0.1,10,500,0.5007138995433669,0.06027935069837675,0.6779404282569885,20
50,0.1,25,500,0.5081962576116886,0.06452246130615326,0.6190762519836426,19
50,0.1,50,500,0.5028078802344343,0.074080785201963,0.6878458857536316,21
50,0.1,100,500,0.5045449742977913,0.07226878067195168,0.6337589621543884,19
50,0.1,250,500,0.4971218391420565,0.111679879199698,0.7411118745803833,18
50,0.1,500,500,0.4941479814584364,0.16498301245753114,0.8147266507148743,15
50,0.1,1000,500,0.5087829696468043,0.19323518308795773,0.8065815567970276,11
50,0.1,10,1000,0.5068978797594772,0.056141940354850886,0.6230596303939819,15
50,0.1,25,1000,0.5153633684084955,0.08462061155152888,0.6000999212265015,12
50,0.1,50,1000,0.5089322930648744,0.13579463948659873,0.7136066555976868,12
50,0.1,100,1000,0.5106799776909914,0.11725179312948282,0.6294552087783813,13
50,0.1,250,1000,0.5041822303863718,0.1398867497168743,0.7388086318969727,13
50,0.1,500,1000,0.506727644574328,0.1992147980369951,0.8096828460693359,11
50,0.1,1000,1000,0.5087829696468043,0.19323518308795773,0.8065815567970276,11
50,0.1,10,2500,0.5193569409871407,0.11996979992449981,0.6835042238235474,9
50,0.1,25,2500,0.5607414324587776,0.19954699886749716,0.739424467086792,7
50,0.1,50,2500,0.5499475540091215,0.21967534918837298,0.8069639801979065,7
50,0.1,100,2500,0.5471098937482647,0.16733861834654587,0.7118339538574219,7
50,0.1,250,2500,0.5375756225155724,0.19367308418271045,0.7764331698417664,7
50,0.1,500,2500,0.5385664114377295,0.005707814269535674,0.28243106603622437,4
50,0.1,1000,2500,0.523464771805939,0.20181200453001133,0.6761203408241272,6
50,0.1,10,5000,0.5635994391133284,0.06696866742166856,0.5351835489273071,3
50,0.1,25,5000,0.5793833688951034,0.013454133635334087,0.5288519263267517,3
50,0.1,50,5000,0.580827199933037,0.012064930162325406,0.5138106346130371,3
50,0.1,100,5000,0.580827199933037,0.012064930162325406,0.5138106346130371,3
50,0.1,250,5000,0.5790416301505582,0.00019630049075122687,0.5082940459251404,3
50,0.1,500,5000,0.5829848644879316,0.003457908644771612,0.5147821307182312,3
50,0.1,1000,5000,0.5830222800348474,0.003457908644771612,0.5148124098777771,3
50,0.1,10,10000,0.5635994391133284,0.06696866742166856,0.5351834893226624,3
50,0.1,25,10000,0.5793833688951034,0.013454133635334087,0.5288518667221069,3
50,0.1,50,10000,0.580827199933037,0.012064930162325406,0.5138105750083923,3
50,0.1,100,10000,0.580827199933037,0.012064930162325406,0.5138106346130371,3
50,0.1,250,10000,0.5790416301505582,0.00019630049075122687,0.5082940459251404,3
50,0.1,500,10000,0.5829848644879316,0.003457908644771612,0.5147821307182312,3
50,0.1,1000,10000,0.5830222800348474,0.003457908644771612,0.5148122906684875,3
50,0.1,10,15000,0.5635994391133284,0.06696866742166856,0.5351834297180176,3
50,0.1,25,15000,0.5793833688951034,0.013454133635334087,0.5288518667221069,3
50,0.1,50,15000,0.580827199933037,0.012064930162325406,0.5138105154037476,3
50,0.1,100,15000,0.5906681892972754,0.002989807474518686,0.5170323848724365,3
50,0.1,250,15000,0.5790416301505582,0.00019630049075122687,0.5082939863204956,3
50,0.1,500,15000,0.5829848644879316,0.003457908644771612,0.5147821307182312,3
50,0.1,1000,15000,0.5830222800348474,0.003457908644771612,0.5148123502731323,3
50,0.1,10,20000,0.0,1.0,,0
50,0.1,25,20000,0.0,1.0,,0
50,0.1,50,20000,0.0,1.0,,0
50,0.1,100,20000,0.0,1.0,,0
50,0.1,250,20000,0.0,1.0,,0
50,0.1,500,20000,0.0,1.0,,0
50,0.1,1000,20000,0.0,1.0,,0
50,0.1,10,22000,0.0,1.0,,0
50,0.1,25,22000,0.0,1.0,,0
50,0.1,50,22000,0.0,1.0,,0
50,0.1,100,22000,0.0,1.0,,0
50,0.1,250,22000,0.0,1.0,,0
50,0.1,500,22000,0.0,1.0,,0
50,0.1,1000,22000,0.0,1.0,,0
75,0.1,10,50,0.4747268256638186,0.06822197055492639,0.3912311792373657,179
75,0.1,25,50,0.4794660659202994,0.0633446583616459,0.4485842287540436,160
75,0.1,50,50,0.4789366672130649,0.10055115137787844,0.4910755455493927,150
75,0.1,100,50,0.48345885521503185,0.09780294450736127,0.7202368378639221,70
75,0.1,250,50,0.4918183803219148,0.12344280860702152,0.7344468832015991,29
75,0.1,500,50,0.498068555705765,0.11568138920347301,0.6347889304161072,17
75,0.1,1000,50,0.49924715039391143,0.16368440921102304,0.6980376839637756,14
75,0.1,10,100,0.4773008740113551,0.08528501321253303,0.6150728464126587,88
75,0.1,25,100,0.48542303365479755,0.06372215930539826,0.6867430210113525,76
75,0.1,50,100,0.4874290419662096,0.06191015477538694,0.660923957824707,73
75,0.1,100,100,0.48368465778931474,0.09617214043035108,0.7063078284263611,65
75,0.1,250,100,0.49672219328017536,0.09641374103435259,0.6719669699668884,26
75,0.1,500,100,0.498146050369051,0.11645149112872782,0.6361671090126038,16
75,0.1,1000,100,0.49924715039391143,0.16368440921102304,0.6980376243591309,14
75,0.1,10,250,0.4995459068927522,0.047761419403548507,0.6030062437057495,34
75,0.1,25,250,0.49827756177975707,0.06853907134767837,0.6346195936203003,32
75,0.1,50,250,0.4970935026253095,0.06052095130237826,0.6254233121871948,32
75,0.1,100,250,0.4998436454122277,0.06425066062665157,0.597823977470398,30
75,0.1,250,250,0.49672219328017536,0.09641374103435259,0.6719667315483093,26
75,0.1,500,250,0.498146050369051,0.11645149112872782,0.636167049407959,16
75,0.1,1000,250,0.49924715039391143,0.16368440921102304,0.6980376839637756,14
75,0.1,10,500,0.5044983341277618,0.06607776519441298,0.5992766618728638,20
75,0.1,25,500,0.5059109518274052,0.09198942997357494,0.5996053814888,17
75,0.1,50,500,0.5081852958751434,0.062076255190637974,0.5401017665863037,16
75,0.1,100,500,0.5068907804217448,0.06746696866742166,0.5768276453018188,17
75,0.1,250,500,0.5010342528748294,0.10785956964892413,0.6383400559425354,17
75,0.1,500,500,0.498146050369051,0.11645149112872782,0.636167049407959,16
75,0.1,1000,500,0.5003912734700384,0.16764061910154776,0.7070561051368713,13
75,0.1,10,1000,0.5103283761891244,0.06305775764439411,0.5416744947433472,15
75,0.1,25,1000,0.5072892119521177,0.09281993204983012,0.551816463470459,14
75,0.1,50,1000,0.5068959399353595,0.0829294073235183,0.5423034429550171,14
75,0.1,100,1000,0.5064326257545,0.08832012080030201,0.5763590931892395,15
75,0.1,250,1000,0.502601594153369,0.15473008682521705,0.6540704369544983,13
75,0.1,500,1000,0.4989532005304563,0.1353114382785957,0.631426215171814,14
75,0.1,1000,1000,0.5003912734700384,0.16764061910154776,0.7070560455322266,13
75,0.1,10,2500,0.5571772229977228,0.16919592298980748,0.5804013013839722,7
75,0.1,25,2500,0.5495322547693072,0.17058512646281615,0.5887097120285034,7
75,0.1,50,2500,0.5484713061597445,0.192963382408456,0.6152139902114868,7
75,0.1,100,2500,0.513532652261823,0.03178557946394866,0.26464179158210754,4
75,0.1,250,2500,0.5172679644239568,0.036919592298980744,0.2697436809539795,4
75,0.1,500,2500,0.5163045056555754,0.08755001887504718,0.32086101174354553,4
75,0.1,1000,2500,0.5103770588486253,0.14708946772366932,0.3940579891204834,4
75,0.1,10,5000,0.5223899414368144,0.10521706304265761,0.5060016512870789,3
75,0.1,25,5000,0.521581079475758,0.07915439788599471,0.4812282919883728,3
75,0.1,50,5000,0.521581079475758,0.07915439788599471,0.4812282919883728,3
75,0.1,100,5000,0.521581079475758,0.07915439788599471,0.48122817277908325,3
75,0.1,250,5000,0.5244260263120583,0.0842884107210268,0.4867875874042511,3
75,0.1,500,5000,0.5267834502182991,0.13491883729709325,0.5305382013320923,3
75,0.1,1000,5000,0.5266879890079423,0.19445828614571536,0.5992245674133301,3
75,0.1,10,10000,0.5223899414368144,0.10521706304265761,0.5060015320777893,3
75,0.1,25,10000,0.521581079475758,0.07915439788599471,0.48122820258140564,3
75,0.1,50,10000,0.521581079475758,0.07915439788599471,0.48122817277908325,3
75,0.1,100,10000,0.521581079475758,0.07915439788599471,0.48122820258140564,3
75,0.1,250,10000,0.5244260263120583,0.0842884107210268,0.48678767681121826,3
75,0.1,500,10000,0.5267834502182991,0.13491883729709325,0.5305382609367371,3
75,0.1,1000,10000,0.5266879890079423,0.19445828614571536,0.5992245078086853,3
75,0.1,10,15000,0.5223899414368144,0.10521706304265761,0.5060015916824341,3
75,0.1,25,15000,0.521581079475758,0.07915439788599471,0.48122820258140564,3
75,0.1,50,15000,0.521581079475758,0.07915439788599471,0.48122814297676086,3
75,0.1,100,15000,0.521581079475758,0.07915439788599471,0.4812282919883728,3
75,0.1,250,15000,0.5244260263120583,0.0842884107210268,0.4867876172065735,3
75,0.1,500,15000,0.5267834502182991,0.13491883729709325,0.5305382609367371,3
75,0.1,1000,15000,0.5266879890079423,0.19445828614571536,0.5992244482040405,3
75,0.1,10,20000,0.0,1.0,,0
75,0.1,25,20000,0.0,1.0,,0
75,0.1,50,20000,0.0,1.0,,0
75,0.1,100,20000,0.0,1.0,,0
75,0.1,250,20000,0.0,1.0,,0
75,0.1,500,20000,0.0,1.0,,0
75,0.1,1000,20000,0.0,1.0,,0
75,0.1,10,22000,0.0,1.0,,0
75,0.1,25,22000,0.0,1.0,,0
75,0.1,50,22000,0.0,1.0,,0
75,0.1,100,22000,0.0,1.0,,0
75,0.1,250,22000,0.0,1.0,,0
75,0.1,500,22000,0.0,1.0,,0
75,0.1,1000,22000,0.0,1.0,,0
100,0.1,10,50,0.47592215617519323,0.07513778784446962,0.38537317514419556,170
100,0.1,25,50,0.47796634610055544,0.08351830879577199,0.46314138174057007,159
100,0.1,50,50,0.4784036874714952,0.12573801434503587,0.46380794048309326,146
100,0.1,100,50,0.49207902532674747,0.05978104945262363,0.4850763976573944,67
100,0.1,250,50,0.5007335835587654,0.09639864099660249,0.721605658531189,28
100,0.1,500,50,0.5039679921866406,0.1323820309550774,0.7581853270530701,18
100,0.1,1000,50,0.5139968426835286,0.17383163457908646,0.795446515083313,13
100,0.1,10,100,0.47820051346848785,0.07901849754624386,0.5018107891082764,85
100,0.1,25,100,0.49026739452156737,0.03852019630049075,0.48779723048210144,76
100,0.1,50,100,0.4895806728246745,0.06965647414118535,0.4735060930252075,75
100,0.1,100,100,0.4921208115111716,0.058286145715364286,0.4957609474658966,65
100,0.1,250,100,0.5033838889726319,0.08708191770479426,0.6858797669410706,27
100,0.1,500,100,0.5039679921866406,0.1323820309550774,0.7581855058670044,18
100,0.1,1000,100,0.5139968426835286,0.17383163457908646,0.795446515083313,13
100,0.1,10,250,0.49422234494170253,0.07376368440921102,0.6914100050926208,37
100,0.1,25,250,0.4988962281048049,0.06678746696866743,0.6745514869689941,32
100,0.1,50,250,0.5053951163200195,0.03921479803699509,0.6296741366386414,29
100,0.1,100,250,0.5057138804173625,0.04909022272555681,0.6247868537902832,28
100,0.1,250,250,0.5033697782092132,0.08546621366553417,0.7010801434516907,26
100,0.1,500,250,0.5044811782608288,0.13087202718006796,0.7430170774459839,17
100,0.1,1000,250,0.5150610041454433,0.176157040392601,0.7958494424819946,12
100,0.1,10,500,0.5052177314858777,0.0668629671574179,0.6133989691734314,18
100,0.1,25,500,0.5048763821914719,0.06304265760664401,0.6102781891822815,19
100,0.1,50,500,0.5095570743244614,0.047927519818799544,0.6013431549072266,19
100,0.1,100,500,0.5076202936296335,0.06704416761041902,0.622036874294281,18
100,0.1,250,500,0.5051123798439635,0.11755379388448471,0.6981441378593445,17
100,0.1,500,500,0.5044811782608288,0.13087202718006796,0.7430168986320496,17
100,0.1,1000,500,0.5150610041454433,0.176157040392601,0.7958494424819946,12
100,0.1,10,1000,0.5088730100239953,0.0802869007172518,0.58283931016922,14
100,0.1,25,1000,0.509536805800735,0.10636466591166478,0.6080736517906189,14
100,0.1,50,1000,0.512888974114523,0.09185352963382408,0.6025257110595703,14
100,0.1,100,1000,0.5108045126200116,0.09215553038882597,0.6118041276931763,15
100,0.1,250,1000,0.5160635743981545,0.12821442053605134,0.6565275192260742,13
100,0.1,500,1000,0.515039045234739,0.15220838052095131,0.7318586111068726,12
100,0.1,1000,1000,0.5150610041454433,0.176157040392601,0.7958494424819946,12
100,0.1,10,2500,0.5426449773148865,0.13522083805209514,0.5785149335861206,8
100,0.1,25,2500,0.5521775163895383,0.10428086070215176,0.5431641936302185,8
100,0.1,50,2500,0.5392163218874236,0.11308418271045678,0.5888535976409912,8
100,0.1,100,2500,0.5337361164599106,0.10243865609664024,0.6270227432250977,9
100,0.1,250,2500,0.5415401588909283,0.17694224235560588,0.66705322265625,8
100,0.1,500,2500,0.4932065051660565,0.14497546243865608,0.45299017429351807,5
100,0.1,1000,2500,0.5585932221888326,0.2429294073235183,0.7009860873222351,6
100,0.1,10,5000,0.5419380435008208,0.19267648169120422,0.49983540177345276,3
100,0.1,25,5000,0.6069084511219365,0.1678218195545489,0.5253483653068542,4
100,0.1,50,5000,0.6062056478016992,0.17306153265383165,0.5273815393447876,4
100,0.1,100,5000,0.5243286093747287,0.1596979992449981,0.4545403718948364,3
100,0.1,250,5000,0.525789593801948,0.169120422801057,0.46528133749961853,3
100,0.1,500,5000,0.553987686813488,0.24114760286900716,0.5568734407424927,3
100,0.1,1000,5000,0.6305087664723041,0.33623254058135144,0.6559933423995972,3
100,0.1,10,10000,0.5419380435008208,0.19267648169120422,0.4998352527618408,3
100,0.1,25,10000,0.5243286093747287,0.1596979992449981,0.4545403718948364,3
100,0.1,50,10000,0.5243286093747287,0.1596979992449981,0.4545404016971588,3
100,0.1,100,10000,0.5243286093747287,0.1596979992449981,0.4545404016971588,3
100,0.1,250,10000,0.525789593801948,0.169120422801057,0.4652813673019409,3
100,0.1,500,10000,0.553987686813488,0.24114760286900716,0.5568735003471375,3
100,0.1,1000,10000,0.32576962084874694,0.006719516798791997,0.36523014307022095,2
100,0.1,10,15000,0.5419380435008208,0.19267648169120422,0.499835342168808,3
100,0.1,25,15000,0.5243286093747287,0.1596979992449981,0.4545404016971588,3
100,0.1,50,15000,0.5243286093747287,0.1596979992449981,0.4545404016971588,3
100,0.1,100,15000,0.5243286093747287,0.1596979992449981,0.4545404016971588,3
100,0.1,250,15000,0.525789593801948,0.169120422801057,0.4652813971042633,3
100,0.1,500,15000,0.553987686813488,0.24114760286900716,0.5568734407424927,3
100,0.1,1000,15000,0.32576962084874694,0.006719516798791997,0.36523017287254333,2
100,0.1,10,20000,0.0,1.0,,0
100,0.1,25,20000,0.0,1.0,,0
100,0.1,50,20000,0.0,1.0,,0
100,0.1,100,20000,0.0,1.0,,0
100,0.1,250,20000,0.0,1.0,,0
100,0.1,500,20000,0.0,1.0,,0
100,0.1,1000,20000,0.0,1.0,,0
100,0.1,10,22000,0.0,1.0,,0
100,0.1,25,22000,0.0,1.0,,0
100,0.1,50,22000,0.0,1.0,,0
100,0.1,100,22000,0.0,1.0,,0
100,0.1,250,22000,0.0,1.0,,0
100,0.1,500,22000,0.0,1.0,,0
100,0.1,1000,22000,0.0,1.0,,0
10,0.15,10,50,0.05877746656873354,0.44172140430351076,-0.26967495679855347,261
10,0.15,25,50,0.08482217013821752,0.5375613439033597,-0.165461465716362,200
10,0.15,50,50,0.08187042200556631,0.6095583238958098,-0.04688749462366104,157
10,0.15,100,50,0.08076824559588248,0.6703661759154398,0.11133723706007004,77
10,0.15,250,50,0.05487257558101798,0.7505473763684409,0.38022348284721375,31
10,0.15,500,50,0.0415486319551073,0.7917855794639487,0.5794020295143127,16
10,0.15,1000,50,0.020733052983597917,0.8480936202340505,0.901863694190979,8
10,0.15,10,100,0.06563107270136415,0.46938467346168367,-0.2712356150150299,86
10,0.15,25,100,0.08477000948056962,0.5762476406191015,-0.11666203290224075,97
10,0.15,50,100,0.0910910522160131,0.6378859947149867,0.05354630574584007,80
10,0.15,100,100,0.08152981492660623,0.6710003775009438,0.14158377051353455,69
10,0.15,250,100,0.05877372760838905,0.7436919592298981,0.40668585896492004,27
10,0.15,500,100,0.04114927736248369,0.7925858814647037,0.6172047853469849,15
10,0.15,1000,100,0.024897754274735805,0.8395318988297471,0.8310784697532654,7
10,0.15,10,250,0.058827047191357236,0.5310683276708191,0.03345702588558197,32
10,0.15,25,250,0.070801143937744,0.6380671951679879,0.1332618147134781,33
10,0.15,50,250,0.08887721274161701,0.6696413741034353,0.1091354563832283,31
10,0.15,100,250,0.10582543932140907,0.6444696111740279,0.10033594071865082,28
10,0.15,250,250,0.06732514162968481,0.7408682521706305,0.48087403178215027,23
10,0.15,500,250,0.04317804001822726,0.7945186862967157,0.670158326625824,11
10,0.15,1000,250,0.024897754274735805,0.8395318988297471,0.8310784697532654,7
10,0.15,10,500,0.05998494628989541,0.5218724046810117,0.13234809041023254,19
10,0.15,25,500,0.08629885020796481,0.6566553416383542,0.2937363386154175,17
10,0.15,50,500,0.08276080741668036,0.7183389958474896,0.38675081729888916,13
10,0.15,100,500,0.10191293653666804,0.6843488108720271,0.23278005421161652,15
10,0.15,250,500,0.07829566400261322,0.7218422046055115,0.434771865606308,13
10,0.15,500,500,0.05026998931195215,0.785277463193658,0.6970759630203247,10
10,0.15,1000,500,0.024897754274735805,0.8395318988297471,0.8310784101486206,7
10,0.15,10,1000,0.04235130226614131,0.5445828614571536,0.09427875280380249,13
10,0.15,25,1000,0.1009629364375599,0.6460400151000377,0.3376663327217102,12
10,0.15,50,1000,0.07033423082622317,0.7359003397508493,0.4829338788986206,9
10,0.15,100,1000,0.08893812909461543,0.7343299358248395,0.455044150352478,9
10,0.15,250,1000,0.06800730529955697,0.7537032842582106,0.538368284702301,9
10,0.15,500,1000,0.04841914798004571,0.7935673839184598,0.767730176448822,8
10,0.15,1000,1000,0.024897754274735805,0.8395318988297471,0.8310784101486206,7
10,0.15,10,2500,0.05512905315606402,0.5637901094752736,0.31655508279800415,4
10,0.15,25,2500,0.007832361372250254,0.2615024537561344,0.04706351459026337,2
10,0.15,50,2500,0.012883621628327438,0.8403020007550018,0.6478639245033264,2
10,0.15,100,2500,0.0,1.0,,0
10,0.15,250,2500,0.07138532454654917,0.6918837297093243,0.33839431405067444,2
10,0.15,500,2500,0.061114305558670416,0.7756587391468479,0.6903830170631409,2
10,0.15,1000,2500,0.0,1.0,,0
10,0.15,10,5000,0.0,1.0,,0
10,0.15,25,5000,0.02910523325081047,0.8104945262363156,0.7526363134384155,2
10,0.15,50,5000,0.0,1.0,,0
10,0.15,100,5000,0.0,1.0,,0
10,0.15,250,5000,0.07138532454654917,0.6918837297093243,0.33839431405067444,2
10,0.15,500,5000,0.061114305558670416,0.7756587391468479,0.6903831362724304,2
10,0.15,1000,5000,0.0,1.0,,0
10,0.15,10,10000,0.0,1.0,,0
10,0.15,25,10000,0.0,1.0,,0
10,0.15,50,10000,0.0,1.0,,0
10,0.15,100,10000,0.0,1.0,,0
10,0.15,250,10000,0.0,1.0,,0
10,0.15,500,10000,0.0,1.0,,0
10,0.15,1000,10000,0.0,1.0,,0
10,0.15,10,15000,0.0,1.0,,0
10,0.15,25,15000,0.0,1.0,,0
10,0.15,50,15000,0.0,1.0,,0
10,0.15,100,15000,0.0,1.0,,0
10,0.15,250,15000,0.0,1.0,,0
10,0.15,500,15000,0.0,1.0,,0
10,0.15,1000,15000,0.0,1.0,,0
10,0.15,10,20000,0.0,1.0,,0
10,0.15,25,20000,0.0,1.0,,0
10,0.15,50,20000,0.0,1.0,,0
10,0.15,100,20000,0.0,1.0,,0
10,0.15,250,20000,0.0,1.0,,0
10,0.15,500,20000,0.0,1.0,,0
10,0.15,1000,20000,0.0,1.0,,0
10,0.15,10,22000,0.0,1.0,,0
10,0.15,25,22000,0.0,1.0,,0
10,0.15,50,22000,0.0,1.0,,0
10,0.15,100,22000,0.0,1.0,,0
10,0.15,250,22000,0.0,1.0,,0
10,0.15,500,22000,0.0,1.0,,0
10,0.15,1000,22000,0.0,1.0,,0
15,0.15,10,50,0.07152787094327323,0.44579841449603624,-0.24622471630573273,265
15,0.15,25,50,0.09341861118912405,0.5538391845979614,-0.12861210107803345,185
15,0.15,50,50,0.10042475158922491,0.5953944884862212,-0.015530945733189583,149
15,0.15,100,50,0.09135812436526047,0.6533182332955833,0.01451809424906969,70
15,0.15,250,50,0.08036080159721548,0.7139599848999623,-0.03816702961921692,33
15,0.15,500,50,0.06885266332867296,0.7631861079652699,0.29539769887924194,16
15,0.15,1000,50,0.026437744597632908,0.8554775386938467,0.4108566641807556,9
15,0.15,10,100,0.078350170726146,0.4774027935069838,-0.23572096228599548,120
15,0.15,25,100,0.10737019235509553,0.5573121932804832,-0.16416704654693604,93
15,0.15,50,100,0.11217734464639043,0.5990033975084937,-0.12004417181015015,82
15,0.15,100,100,0.09967426635774383,0.6444998112495282,-0.03891170024871826,63
15,0.15,250,100,0.08130555574004666,0.7148961872404681,0.10652030259370804,28
15,0.15,500,100,0.06885266332867296,0.7631861079652699,0.29539766907691956,16
15,0.15,1000,100,0.03667001578532936,0.8392449981124953,0.46867403388023376,8
15,0.15,10,250,0.08059773131646097,0.310079275198188,-0.5044912695884705,34
15,0.15,25,250,0.09184005159729883,0.6009513023782559,-0.13876231014728546,34
15,0.15,50,250,0.10799577905026486,0.6681313703284258,-0.03135932609438896,31
15,0.15,100,250,0.09754952747704988,0.6782936957342394,-0.05010870844125748,29
15,0.15,250,250,0.0826390198094984,0.7168893922234806,0.04530085250735283,24
15,0.15,500,250,0.06979962366558097,0.7666289165722915,0.3207447826862335,14
15,0.15,1000,250,0.03686455719853973,0.841117402793507,0.46639665961265564,7
15,0.15,10,500,0.07650718571150589,0.3671876179690449,-0.3465512990951538,14
15,0.15,25,500,0.08245418521482663,0.6550698376745941,0.01043508667498827,19
15,0.15,50,500,0.09175692301302012,0.7107436768591922,0.0063093737699091434,14
15,0.15,100,500,0.08988597329843236,0.7319592298980747,0.12366723269224167,16
15,0.15,250,500,0.07341907717704016,0.7295281238203095,0.09099853038787842,14
15,0.15,500,500,0.06979962366558097,0.7666289165722915,0.32074475288391113,14
15,0.15,1000,500,0.03686455719853973,0.841117402793507,0.46639665961265564,7
15,0.15,10,1000,0.076988106903132,0.3804303510758777,-0.320690780878067,9
15,0.15,25,1000,0.06219432636446732,0.6994186485466214,0.2688891887664795,12
15,0.15,50,1000,0.08069777450119793,0.725753114382786,0.16630154848098755,10
15,0.15,100,1000,0.08234598448641949,0.744160060400151,0.27368101477622986,7
15,0.15,250,1000,0.06849688377001831,0.7519365798414496,0.35707196593284607,9
15,0.15,500,1000,0.06584292371666182,0.7935069837674594,0.6324281692504883,7
15,0.15,1000,1000,0.03945041610281211,0.8515515288788222,0.4309518337249756,6
15,0.15,10,2500,0.04151177362935357,0.16445451113627785,0.09236325323581696,2
15,0.15,25,2500,0.00756995016784279,0.3071045677614194,0.04223814234137535,2
15,0.15,50,2500,0.054242559123983736,0.6072329180822952,0.20097127556800842,3
15,0.15,100,2500,0.05731253937345072,0.7066968667421668,0.1681639850139618,3
15,0.15,250,2500,0.10131205638460887,0.6914005285013213,0.038491033017635345,3
15,0.15,500,2500,0.048931824450087695,0.7757342393355984,0.006829974241554737,2
15,0.15,1000,2500,0.06557220439012793,0.7649377123442809,0.36159634590148926,2
15,0.15,10,5000,0.0,1.0,,0
15,0.15,25,5000,0.0,1.0,,0
15,0.15,50,5000,0.0,1.0,,0
15,0.15,100,5000,0.09497853034359821,0.6628765571913929,0.4052267074584961,2
15,0.15,250,5000,0.0,1.0,,0
15,0.15,500,5000,0.0,1.0,,0
15,0.15,1000,5000,0.06557220439012793,0.7649377123442809,0.36159637570381165,2
15,0.15,10,10000,0.0,1.0,,0
15,0.15,25,10000,0.0,1.0,,0
15,0.15,50,10000,0.0,1.0,,0
15,0.15,100,10000,0.09497853034359821,0.6628765571913929,0.4052267074584961,2
15,0.15,250,10000,0.0,1.0,,0
15,0.15,500,10000,0.0,1.0,,0
15,0.15,1000,10000,0.0,1.0,,0
15,0.15,10,15000,0.0,1.0,,0
15,0.15,25,15000,0.0,1.0,,0
15,0.15,50,15000,0.0,1.0,,0
15,0.15,100,15000,0.0,1.0,,0
15,0.15,250,15000,0.0,1.0,,0
15,0.15,500,15000,0.0,1.0,,0
15,0.15,1000,15000,0.0,1.0,,0
15,0.15,10,20000,0.0,1.0,,0
15,0.15,25,20000,0.0,1.0,,0
15,0.15,50,20000,0.0,1.0,,0
15,0.15,100,20000,0.0,1.0,,0
15,0.15,250,20000,0.0,1.0,,0
15,0.15,500,20000,0.0,1.0,,0
15,0.15,1000,20000,0.0,1.0,,0
15,0.15,10,22000,0.0,1.0,,0
15,0.15,25,22000,0.0,1.0,,0
15,0.15,50,22000,0.0,1.0,,0
15,0.15,100,22000,0.0,1.0,,0
15,0.15,250,22000,0.0,1.0,,0
15,0.15,500,22000,0.0,1.0,,0
15,0.15,1000,22000,0.0,1.0,,0
30,0.15,10,50,0.35700889368858674,0.26885617214043034,0.15616808831691742,185
30,0.15,25,50,0.4136487816158081,0.27510758776896943,0.29281288385391235,155
30,0.15,50,50,0.42634376419746356,0.2929105322763307,0.3249397277832031,131
30,0.15,100,50,0.42598177133869347,0.32767081917704793,0.4251445233821869,75
30,0.15,250,50,0.4022503327884505,0.40665911664779164,0.6054702997207642,31
30,0.15,500,50,0.3798278021183992,0.46029445073612685,0.7133883237838745,18
30,0.15,1000,50,0.35429151343424614,0.5119063797659494,0.8960112929344177,14
30,0.15,10,100,0.3953627423784953,0.22970177425443564,0.28348052501678467,98
30,0.15,25,100,0.4155430675583095,0.25741034352585884,0.28117474913597107,85
30,0.15,50,100,0.4279101364211851,0.2819328048320121,0.314928263425827,83
30,0.15,100,100,0.4326405122401891,0.31909399773499436,0.38804763555526733,71
30,0.15,250,100,0.4033047891484578,0.4009966024915062,0.6069337129592896,28
30,0.15,500,100,0.38193635003975474,0.4622876557191393,0.822589099407196,16
30,0.15,1000,100,0.35429151343424614,0.5119063797659494,0.8960113525390625,14
30,0.15,10,250,0.3702489310561593,0.16462061155152888,0.23045000433921814,39
30,0.15,25,250,0.4168166428826175,0.2741411853529634,0.3647613525390625,41
30,0.15,50,250,0.446816234503792,0.3148659871649679,0.40585383772850037,37
30,0.15,100,250,0.4529386254995709,0.33818044545111364,0.46604853868484497,35
30,0.15,250,250,0.41661147998432996,0.3933559833899585,0.5990034937858582,25
30,0.15,500,250,0.38193635003975474,0.4622876557191393,0.8225891590118408,16
30,0.15,1000,250,0.3517595907610564,0.5197583993959984,0.9443564414978027,11
30,0.15,10,500,0.3991821726274221,0.14799546998867497,0.2698395252227783,19
30,0.15,25,500,0.3657917425208753,0.2925783314458286,0.5151238441467285,20
30,0.15,50,500,0.4202672234094164,0.3999697999244998,0.6442859172821045,16
30,0.15,100,500,0.4471595829961982,0.38965647414118537,0.6599324941635132,17
30,0.15,250,500,0.41402841082345976,0.4190864477161193,0.6935689449310303,16
30,0.15,500,500,0.3755431610903106,0.4746847867119668,0.8477893471717834,14
30,0.15,1000,500,0.35489825800282504,0.5170403926009816,0.9250124096870422,10
30,0.15,10,1000,0.40232092778842576,0.16504341260853153,0.284951776266098,14
30,0.15,25,1000,0.35612267219405314,0.35287278218195545,0.5815886855125427,12
30,0.15,50,1000,0.41346859470185515,0.4036995092487731,0.6881101131439209,13
30,0.15,100,1000,0.4273558383566489,0.42030955077387694,0.7269874215126038,13
30,0.15,250,1000,0.40734642253699066,0.44314080785201965,0.7066046595573425,11
30,0.15,500,1000,0.3892988616592214,0.4662589656474141,0.7442361116409302,11
30,0.15,1000,1000,0.35489825800282504,0.5170403926009816,0.9250124096870422,10
30,0.15,10,2500,0.4596114398556454,0.19003397508493772,0.44355249404907227,3
30,0.15,25,2500,0.38312918184722405,0.23424688561721405,0.5158947706222534,4
30,0.15,50,2500,0.31571220448799486,0.23966779916949793,0.3129225969314575,3
30,0.15,100,2500,0.31695478177271125,0.35631559078897695,0.6048848032951355,4
30,0.15,250,2500,0.37513445550153485,0.5051566628916573,0.8519269824028015,4
30,0.15,500,2500,0.4035125795855478,0.43935069837674595,0.5007633566856384,4
30,0.15,1000,2500,0.4160398143388458,0.45574933937334844,0.6276323199272156,4
30,0.15,10,5000,0.4596114398556454,0.19003397508493772,0.4435524344444275,3
30,0.15,25,5000,0.31427569538058886,0.14455266138165346,0.4513641893863678,2
30,0.15,50,5000,0.33348788072413516,0.28711211778029444,0.5465289354324341,2
30,0.15,100,5000,0.297977432174106,0.35134767836919595,0.5842561721801758,2
30,0.15,250,5000,0.36341604505539726,0.5586409966024916,0.934796154499054,3
30,0.15,500,5000,0.26212043860838924,0.40224990562476404,0.2846078872680664,2
30,0.15,1000,5000,0.4398675424728461,0.44256700641751606,0.6714436411857605,3
30,0.15,10,10000,0.3797920302683695,0.1811853529633824,0.43856480717658997,2
30,0.15,25,10000,0.31427569538058886,0.14455266138165346,0.45136409997940063,2
30,0.15,50,10000,0.33348788072413516,0.28711211778029444,0.5465289950370789,2
30,0.15,100,10000,0.297977432174106,0.35134767836919595,0.584256112575531,2
30,0.15,250,10000,0.0,1.0,,0
30,0.15,500,10000,0.0,1.0,,0
30,0.15,1000,10000,0.0,1.0,,0
30,0.15,10,15000,0.3797920302683695,0.1811853529633824,0.43856483697891235,2
30,0.15,25,15000,0.31427569538058886,0.14455266138165346,0.4513641893863678,2
30,0.15,50,15000,0.33348788072413516,0.28711211778029444,0.5465289354324341,2
30,0.15,100,15000,0.297977432174106,0.35134767836919595,0.5842560529708862,2
30,0.15,250,15000,0.0,1.0,,0
30,0.15,500,15000,0.0,1.0,,0
30,0.15,1000,15000,0.0,1.0,,0
30,0.15,10,20000,0.0,1.0,,0
30,0.15,25,20000,0.0,1.0,,0
30,0.15,50,20000,0.0,1.0,,0
30,0.15,100,20000,0.0,1.0,,0
30,0.15,250,20000,0.0,1.0,,0
30,0.15,500,20000,0.0,1.0,,0
30,0.15,1000,20000,0.0,1.0,,0
30,0.15,10,22000,0.0,1.0,,0
30,0.15,25,22000,0.0,1.0,,0
30,0.15,50,22000,0.0,1.0,,0
30,0.15,100,22000,0.0,1.0,,0
30,0.15,250,22000,0.0,1.0,,0
30,0.15,500,22000,0.0,1.0,,0
30,0.15,1000,22000,0.0,1.0,,0
50,0.15,10,50,0.48081615115652543,0.0652170630426576,0.3461305797100067,157
50,0.15,25,50,0.481456629496525,0.07963759909399773,0.47122180461883545,153
50,0.15,50,50,0.48170798123963127,0.06807097017742544,0.4959307909011841,125
50,0.15,100,50,0.48442662017387933,0.09808984522461306,0.7290460467338562,64
50,0.15,250,50,0.4979974530283373,0.10929407323518309,0.6965610384941101,27
50,0.15,500,50,0.49732841657923027,0.15613439033597584,0.6964806914329529,17
50,0.15,1000,50,0.4979024576005382,0.17179312948282371,0.7508672475814819,14
50,0.15,10,100,0.48431761416180086,0.06994337485843714,0.46112504601478577,81
50,0.15,25,100,0.48640047037340733,0.05748584371460928,0.4508700668811798,77
50,0.15,50,100,0.4893717822961579,0.05431483578708947,0.43582266569137573,66
50,0.15,100,100,0.48836353799795457,0.08209890524726311,0.690650463104248,58
50,0.15,250,100,0.49822221274264783,0.11030577576443941,0.6990795731544495,26
50,0.15,500,100,0.4975628746645929,0.1570554926387316,0.6987951993942261,16
50,0.15,1000,100,0.4979024576005382,0.17179312948282371,0.7508673071861267,14
50,0.15,10,250,0.5014740436443237,0.05689694224235561,0.5665441751480103,32
50,0.15,25,250,0.49616819003109486,0.059010947527368816,0.6154208779335022,33
50,0.15,50,250,0.5003978902576224,0.0459041147602869,0.5851140022277832,31
50,0.15,100,250,0.5000019283090312,0.07450358625896565,0.639435887336731,29
50,0.15,250,250,0.49822221274264783,0.11030577576443941,0.6990795731544495,26
50,0.15,500,250,0.4978011445446794,0.15068327670819176,0.6953147053718567,14
50,0.15,1000,250,0.4979024576005382,0.17179312948282371,0.7508672475814819,14
50,0.15,10,500,0.5080240623333372,0.07263118157795395,0.5569781064987183,16
50,0.15,25,500,0.5032523982641172,0.08572291430728576,0.6327751874923706,17
50,0.15,50,500,0.5063640450059672,0.07498678746696867,0.606105387210846,17
50,0.15,100,500,0.5016553824395765,0.10376745941864855,0.6632179021835327,17
50,0.15,250,500,0.4991704338724071,0.14050585126462817,0.6869192719459534,15
50,0.15,500,500,0.4978011445446794,0.15068327670819176,0.695314884185791,14
50,0.15,1000,500,0.4980514889642613,0.15696489241223102,0.7661269903182983,13
50,0.15,10,1000,0.5113421405269383,0.07675349188372971,0.5548163652420044,14
50,0.15,25,1000,0.5041517323476861,0.09487353718384296,0.5997308492660522,15
50,0.15,50,1000,0.5130855805058876,0.07261608154020385,0.614817202091217,14
50,0.15,100,1000,0.5047585802867521,0.1020007550018875,0.605499804019928,14
50,0.15,250,1000,0.4993821579469351,0.13149112872782182,0.6577445268630981,14
50,0.15,500,1000,0.5007128056173952,0.13996224990562475,0.7048323154449463,13
50,0.15,1000,1000,0.4980514889642613,0.15696489241223102,0.7661269307136536,13
50,0.15,10,2500,0.5384681708434755,0.13321253303133257,0.6655848622322083,8
50,0.15,25,2500,0.5482090284053356,0.18450736126840317,0.7240430116653442,7
50,0.15,50,2500,0.5520806633849198,0.16170630426576066,0.7042182087898254,7
50,0.15,100,2500,0.5354253017308408,0.15913929784824463,0.6500763893127441,6
50,0.15,250,2500,0.539209700935009,0.0018271045677614194,0.31978124380111694,4
50,0.15,500,2500,0.5340280745882018,0.18351075877689693,0.6973275542259216,6
50,0.15,1000,2500,0.5297374933474478,0.15835409588523972,0.6491962671279907,6
50,0.15,10,5000,0.6832375277509734,0.07240468101170253,0.676250159740448,3
50,0.15,25,5000,0.5794256269324696,1.5100037750094376e-05,0.5192136168479919,3
50,0.15,50,5000,0.6052379375203488,0.1597281993204983,0.6156829595565796,4
50,0.15,100,5000,0.5794256269324696,1.5100037750094376e-05,0.5192135572433472,3
50,0.15,250,5000,0.5389300314059556,0.04915062287655719,0.5248466730117798,3
50,0.15,500,5000,0.5814181847195076,0.0016761041902604757,0.5224971771240234,3
50,0.15,1000,5000,0.5871777706774178,0.008380520951302378,0.532738208770752,3
50,0.15,10,10000,0.6832375277509734,0.07240468101170253,0.6762501001358032,3
50,0.15,25,10000,0.5794256269324696,1.5100037750094376e-05,0.5192137360572815,3
50,0.15,50,10000,0.5794256269324696,1.5100037750094376e-05,0.5192136168479919,3
50,0.15,100,10000,0.5794256269324696,1.5100037750094376e-05,0.5192136168479919,3
50,0.15,250,10000,0.5389300314059556,0.04915062287655719,0.5248467326164246,3
50,0.15,500,10000,0.5814181847195076,0.0016761041902604757,0.5224972367286682,3
50,0.15,1000,10000,0.5871777706774178,0.008380520951302378,0.5327381491661072,3
50,0.15,10,15000,0.6832375277509734,0.07240468101170253,0.6762500405311584,3
50,0.15,25,15000,0.5794256269324696,1.5100037750094376e-05,0.5192136764526367,3
50,0.15,50,15000,0.5794256269324696,1.5100037750094376e-05,0.5192136168479919,3
50,0.15,100,15000,0.5794256269324696,1.5100037750094376e-05,0.5192136168479919,3
50,0.15,250,15000,0.5389300314059556,0.04915062287655719,0.5248468518257141,3
50,0.15,500,15000,0.5814181847195076,0.0016761041902604757,0.5224972367286682,3
50,0.15,1000,15000,0.5871777706774178,0.008380520951302378,0.5327380299568176,3
50,0.15,10,20000,0.0,1.0,,0
50,0.15,25,20000,0.0,1.0,,0
50,0.15,50,20000,0.0,1.0,,0
50,0.15,100,20000,0.0,1.0,,0
50,0.15,250,20000,0.0,1.0,,0
50,0.15,500,20000,0.0,1.0,,0
50,0.15,1000,20000,0.0,1.0,,0
50,0.15,10,22000,0.0,1.0,,0
50,0.15,25,22000,0.0,1.0,,0
50,0.15,50,22000,0.0,1.0,,0
50,0.15,100,22000,0.0,1.0,,0
50,0.15,250,22000,0.0,1.0,,0
50,0.15,500,22000,0.0,1.0,,0
50,0.15,1000,22000,0.0,1.0,,0
75,0.15,10,50,0.4786726349644917,0.0654888637221593,0.33059707283973694,164
75,0.15,25,50,0.48023867911155743,0.057999244998112494,0.29123276472091675,150
75,0.15,50,50,0.4777216484174727,0.09975084937712345,0.2199786901473999,143
75,0.15,100,50,0.48945652501131753,0.06500566251415628,0.6164439916610718,65
75,0.15,250,50,0.4963886715010037,0.10856927142317856,0.7066865563392639,28
75,0.15,500,50,0.497508057849027,0.13629294073235182,0.6962533593177795,20
75,0.15,1000,50,0.5027089388255593,0.17076632691581728,0.7166632413864136,14
75,0.15,10,100,0.4870004293424133,0.04422801057002643,0.6089605093002319,78
75,0.15,25,100,0.4864673826396616,0.054224235560588904,0.6356567144393921,79
75,0.15,50,100,0.48824581886123986,0.05648924122310306,0.6318334341049194,74
75,0.15,100,100,0.4895731135991641,0.06574556436391091,0.6188270449638367,61
75,0.15,250,100,0.4975144100048592,0.08987542468856172,0.6671937108039856,26
75,0.15,500,100,0.49744592465169857,0.13736504341260852,0.6950986385345459,18
75,0.15,1000,100,0.5027089388255593,0.17076632691581728,0.7166633009910583,14
75,0.15,10,250,0.49634504644114225,0.045602114005285015,0.6137163043022156,39
75,0.15,25,250,0.5002129014366562,0.05478293695734239,0.6183692812919617,36
75,0.15,50,250,0.4981602409213873,0.06618346545866365,0.6372585296630859,34
75,0.15,100,250,0.4991641576279547,0.06002265005662514,0.6179502606391907,30
75,0.15,250,250,0.4994214873409107,0.07723669309173273,0.6315737366676331,24
75,0.15,500,250,0.49777840654226724,0.1389958474896187,0.6959046125411987,17
75,0.15,1000,250,0.5023773968982009,0.1672631181577954,0.6947165727615356,13
75,0.15,10,500,0.4979916373575666,0.09307663269158173,0.6506720185279846,21
75,0.15,25,500,0.5026275984974118,0.08505851264628161,0.6388891935348511,19
75,0.15,50,500,0.5042682696471402,0.07524348810872027,0.6203539371490479,19
75,0.15,100,500,0.5027788042316981,0.07492638731596829,0.602050244808197,19
75,0.15,250,500,0.49982593395303876,0.10345035862589656,0.6498532891273499,18
75,0.15,500,500,0.4983974379396984,0.1382257455643639,0.7018702030181885,16
75,0.15,1000,500,0.5023773968982009,0.1672631181577954,0.6947165131568909,13
75,0.15,10,1000,0.5067111529536268,0.08907512268780672,0.5477989912033081,13
75,0.15,25,1000,0.5084639150003393,0.09742544356360891,0.566648006439209,13
75,0.15,50,1000,0.5095428654429915,0.09135522838807097,0.5573847889900208,13
75,0.15,100,1000,0.5043531734617175,0.107361268403171,0.639927864074707,14
75,0.15,250,1000,0.5032293535141709,0.12809362023405058,0.5993832349777222,13
75,0.15,500,1000,0.5038386115854385,0.1533106832767082,0.6674120426177979,13
75,0.15,1000,1000,0.5023773968982009,0.1672631181577954,0.69471675157547,13
75,0.15,10,2500,0.5322195204032186,0.15149867874669687,0.6598009467124939,8
75,0.15,25,2500,0.5062481955952066,0.05481313703284258,0.28372788429260254,4
75,0.15,50,2500,0.5062481955952066,0.05481313703284258,0.28372785449028015,4
75,0.15,100,2500,0.5062481955952066,0.05481313703284258,0.28372782468795776,4
75,0.15,250,2500,0.509047248085618,0.05946394865987165,0.29036805033683777,4
75,0.15,500,2500,0.514428450945107,0.06752736881842204,0.3000064492225647,4
75,0.15,1000,2500,0.5254659869528047,0.07056247640619101,0.3068479001522064,4
75,0.15,10,5000,0.5072603114366575,0.1406870517176293,0.5222927927970886,4
75,0.15,25,5000,0.5186065238703854,0.10222725556813891,0.46744289994239807,3
75,0.15,50,5000,0.5186065238703854,0.10222725556813891,0.4674428105354309,3
75,0.15,100,5000,0.5186065238703854,0.10222725556813891,0.46744289994239807,3
75,0.15,250,5000,0.5205589783525871,0.10687806719516799,0.4768844246864319,3
75,0.15,500,5000,0.5244957491629674,0.11494148735371838,0.4912847578525543,3
75,0.15,1000,5000,0.5555533868056969,0.0483352208380521,0.5072910785675049,3
75,0.15,10,10000,0.5186065238703854,0.10222725556813891,0.4674428701400757,3
75,0.15,25,10000,0.5186065238703854,0.10222725556813891,0.4674430191516876,3
75,0.15,50,10000,0.5186065238703854,0.10222725556813891,0.46744295954704285,3
75,0.15,100,10000,0.5186065238703854,0.10222725556813891,0.46744289994239807,3
75,0.15,250,10000,0.5205589783525871,0.10687806719516799,0.4768844246864319,3
75,0.15,500,10000,0.5244957491629674,0.11494148735371838,0.4912847876548767,3
75,0.15,1000,10000,0.5555533868056969,0.0483352208380521,0.5072910785675049,3
75,0.15,10,15000,0.5186065238703854,0.10222725556813891,0.46744289994239807,3
75,0.15,25,15000,0.5186065238703854,0.10222725556813891,0.46744298934936523,3
75,0.15,50,15000,0.5186065238703854,0.10222725556813891,0.46744289994239807,3
75,0.15,100,15000,0.5186065238703854,0.10222725556813891,0.46744289994239807,3
75,0.15,250,15000,0.5205589783525871,0.10687806719516799,0.47688451409339905,3
75,0.15,500,15000,0.5244957491629674,0.11494148735371838,0.49128472805023193,3
75,0.15,1000,15000,0.5555533868056969,0.0483352208380521,0.5072911381721497,3
75,0.15,10,20000,0.0,1.0,,0
75,0.15,25,20000,0.0,1.0,,0
75,0.15,50,20000,0.0,1.0,,0
75,0.15,100,20000,0.0,1.0,,0
75,0.15,250,20000,0.0,1.0,,0
75,0.15,500,20000,0.0,1.0,,0
75,0.15,1000,20000,0.0,1.0,,0
75,0.15,10,22000,0.0,1.0,,0
75,0.15,25,22000,0.0,1.0,,0
75,0.15,50,22000,0.0,1.0,,0
75,0.15,100,22000,0.0,1.0,,0
75,0.15,250,22000,0.0,1.0,,0
75,0.15,500,22000,0.0,1.0,,0
75,0.15,1000,22000,0.0,1.0,,0
100,0.15,10,50,0.47599650552346295,0.07803699509248774,0.19358353316783905,175
100,0.15,25,50,0.480604517253202,0.10583616459041148,0.36007705330848694,162
100,0.15,50,50,0.4776519101804825,0.1049452623631559,0.340101420879364,144
100,0.15,100,50,0.49117301844115885,0.060626651566628914,0.653797447681427,65
100,0.15,250,50,0.5042693343505208,0.09949414873537184,0.6745268106460571,30
100,0.15,500,50,0.510425970548599,0.15235938089845225,0.7087724208831787,18
100,0.15,1000,50,0.5200481228978403,0.18748206870517176,0.7585250735282898,12
100,0.15,10,100,0.4763567566169144,0.08471121177802944,0.4911878705024719,92
100,0.15,25,100,0.48878926092150504,0.0719214798036995,0.6304959058761597,81
100,0.15,50,100,0.48872172253761015,0.0885919214798037,0.6485586762428284,77
100,0.15,100,100,0.49136198920580254,0.05991694979237448,0.6325589418411255,64
100,0.15,250,100,0.5042693343505208,0.09949414873537184,0.6745268106460571,30
100,0.15,500,100,0.510425970548599,0.15235938089845225,0.7087722420692444,18
100,0.15,1000,100,0.5200481228978403,0.18748206870517176,0.758525013923645,12
100,0.15,10,250,0.5020472051861481,0.0442884107210268,0.5911311507225037,36
100,0.15,25,250,0.5032863044093544,0.04021140052850132,0.5789129137992859,36
100,0.15,50,250,0.5041675953701389,0.03065307663269158,0.591740608215332,34
100,0.15,100,250,0.5035405138633988,0.04433371083427708,0.602503776550293,33
100,0.15,250,250,0.5042700989756906,0.0982559456398641,0.6927284598350525,26
100,0.15,500,250,0.5106388812166975,0.15146847867119667,0.7292566299438477,16
100,0.15,1000,250,0.5200481228978403,0.18748206870517176,0.7585249543190002,12
100,0.15,10,500,0.5058857930920994,0.06808607021517554,0.5833012461662292,19
100,0.15,25,500,0.5079259508774429,0.059962249905624765,0.5379009246826172,18
100,0.15,50,500,0.5085938698264,0.06298225745564363,0.5645090341567993,17
100,0.15,100,500,0.5046241090185543,0.08421291053227634,0.5701979398727417,16
100,0.15,250,500,0.507586452666533,0.13378633446583615,0.6626867055892944,15
100,0.15,500,500,0.5103075982115459,0.15009437523593808,0.7244705557823181,15
100,0.15,1000,500,0.5200481228978403,0.18748206870517176,0.758525013923645,12
100,0.15,10,1000,0.516429324402256,0.06435636089090223,0.5376102328300476,13
100,0.15,25,1000,0.5111022346858551,0.10754246885617214,0.5714933276176453,14
100,0.15,50,1000,0.5145160859281788,0.07124197810494526,0.49565547704696655,13
100,0.15,100,1000,0.5100276280274092,0.07805209513023782,0.5032445788383484,13
100,0.15,250,1000,0.5199059544187821,0.17419403548508872,0.6753150224685669,12
100,0.15,500,1000,0.5165796087467999,0.15418648546621366,0.6864888072013855,12
100,0.15,1000,1000,0.5200481228978403,0.18748206870517176,0.758525013923645,12
100,0.15,10,2500,0.5557533440652894,0.18992827482068705,0.6256619691848755,7
100,0.15,25,2500,0.5633990962904172,0.20795771989429973,0.6163777112960815,7
100,0.15,50,2500,0.530516831793091,0.08587391468478671,0.5372610688209534,9
100,0.15,100,2500,0.5351512756321787,0.13493393733484332,0.45415550470352173,6
100,0.15,250,2500,0.6126618806845482,0.2950849377123443,0.7002711892127991,6
100,0.15,500,2500,0.5995360190865756,0.2824462061155153,0.6966999173164368,6
100,0.15,1000,2500,0.6032749354608308,0.2999169497923745,0.6754803657531738,5
100,0.15,10,5000,0.553019007850005,0.15981879954699887,0.561703622341156,5
100,0.15,25,5000,0.5990158216205546,0.21328803322008305,0.6164542436599731,4
100,0.15,50,5000,0.5524121096039858,0.21330313325783315,0.5339324474334717,4
100,0.15,100,5000,0.5417909060723334,0.2160664401661004,0.5346348285675049,3
100,0.15,250,5000,0.5688890035406943,0.2563684409211023,0.5825570225715637,3
100,0.15,500,5000,0.5744804391736672,0.2805285013212533,0.6045432090759277,3
100,0.15,1000,5000,0.6376107892917606,0.34613816534541336,0.662991464138031,3
100,0.15,10,10000,0.536912577776734,0.20046810117025293,0.5308595895767212,3
100,0.15,25,10000,0.5259665764674777,0.17550773876934692,0.49830684065818787,3
100,0.15,50,10000,0.6238210537189232,0.2907512268780672,0.5838222503662109,3
100,0.15,100,10000,0.5417909060723334,0.2160664401661004,0.5346348881721497,3
100,0.15,250,10000,0.5688890035406943,0.2563684409211023,0.5825570821762085,3
100,0.15,500,10000,0.5744804391736672,0.2805285013212533,0.6045432686805725,3
100,0.15,1000,10000,0.3260891916537438,0.006915817289543224,0.3662912845611572,2
100,0.15,10,15000,0.536912577776734,0.20046810117025293,0.5308595299720764,3
100,0.15,25,15000,0.5259665764674777,0.17550773876934692,0.49830693006515503,3
100,0.15,50,15000,0.3252955925050824,0.0,0.3577958345413208,2
100,0.15,100,15000,0.5417909060723334,0.2160664401661004,0.5346348881721497,3
100,0.15,250,15000,0.5688890035406943,0.2563684409211023,0.582556962966919,3
100,0.15,500,15000,0.3252955925050824,0.0,0.3577958643436432,2
100,0.15,1000,15000,0.3260891916537438,0.006915817289543224,0.36629125475883484,2
100,0.15,10,20000,0.0,1.0,,0
100,0.15,25,20000,0.0,1.0,,0
100,0.15,50,20000,0.0,1.0,,0
100,0.15,100,20000,0.0,1.0,,0
100,0.15,250,20000,0.0,1.0,,0
100,0.15,500,20000,0.0,1.0,,0
100,0.15,1000,20000,0.0,1.0,,0
100,0.15,10,22000,0.0,1.0,,0
100,0.15,25,22000,0.0,1.0,,0
100,0.15,50,22000,0.0,1.0,,0
100,0.15,100,22000,0.0,1.0,,0
100,0.15,250,22000,0.0,1.0,,0
100,0.15,500,22000,0.0,1.0,,0
100,0.15,1000,22000,0.0,1.0,,0
10,0.25,10,50,0.05538215330061122,0.433280483201208,-0.2858319580554962,275
10,0.25,25,50,0.0780466461456882,0.5577802944507362,-0.15924738347530365,191
10,0.25,50,50,0.08974595965937324,0.6047565118912798,-0.08314841240644455,141
10,0.25,100,50,0.08254561636489505,0.6604001510003775,-0.02671693079173565,76
10,0.25,250,50,0.052108057691908884,0.771687429218573,0.5451591610908508,29
10,0.25,500,50,0.039209735521414095,0.812955832389581,0.6905472874641418,12
10,0.25,1000,50,0.023739549143723213,0.8481993204983013,0.8265260457992554,8
10,0.25,10,100,0.06200839444749804,0.4948131370328426,-0.20260225236415863,120
10,0.25,25,100,0.08791595579926477,0.566568516421291,-0.22724299132823944,81
10,0.25,50,100,0.09161425311178502,0.6279048697621744,0.01818784698843956,81
10,0.25,100,100,0.08560045830281023,0.6669233673084183,0.019211748614907265,68
10,0.25,250,100,0.061990313154857105,0.7604983012457531,0.504317581653595,24
10,0.25,500,100,0.039209735521414095,0.812955832389581,0.6905474066734314,12
10,0.25,1000,100,0.023739549143723213,0.8481993204983013,0.8265259265899658,8
10,0.25,10,250,0.07830949938438377,0.5453529633824085,-0.11746348440647125,42
10,0.25,25,250,0.08851802692004788,0.6341864854662137,-0.012277319096028805,30
10,0.25,50,250,0.09453279870941285,0.6219705549263873,0.00406180415302515,29
10,0.25,100,250,0.09869340996711479,0.657440543601359,0.11519096046686172,29
10,0.25,250,250,0.06279358186615328,0.7639713099282748,0.5131828188896179,22
10,0.25,500,250,0.05357490285095376,0.792631181577954,0.593913197517395,10
10,0.25,1000,250,0.023739549143723213,0.8481993204983013,0.8265261650085449,8
10,0.25,10,500,0.07420725553482858,0.44298980747451866,-0.015527093783020973,16
10,0.25,25,500,0.0807222278852835,0.6538316345790864,0.26928767561912537,15
10,0.25,50,500,0.08259601558526569,0.6913854284635712,0.30811867117881775,13
10,0.25,100,500,0.09322457034460088,0.6504492261230653,0.18146802484989166,16
10,0.25,250,500,0.06982983915546048,0.7673990184975462,0.3401239812374115,11
10,0.25,500,500,0.0513025755534134,0.7984748961872404,0.6064950227737427,9
10,0.25,1000,500,0.026600462870997644,0.8438505096262741,0.7766015529632568,7
10,0.25,10,1000,0.0783898090856867,0.46831257078142696,0.13843213021755219,9
10,0.25,25,1000,0.08782162827527604,0.6601434503586259,0.29558295011520386,9
10,0.25,50,1000,0.09493264191919543,0.6981653454133635,0.351923406124115,8
10,0.25,100,1000,0.07891103789501452,0.6734163835409589,0.21817795932292938,11
10,0.25,250,1000,0.07130654692701636,0.7703435258588146,0.4292772710323334,8
10,0.25,500,1000,0.05344627662391435,0.7976896942242355,0.6426911950111389,8
10,0.25,1000,1000,0.026600462870997644,0.8438505096262741,0.7766015529632568,7
10,0.25,10,2500,0.006767387963540723,0.12884862212155532,-0.018768858164548874,2
10,0.25,25,2500,0.008748678322368602,0.2758474896187241,0.059740111231803894,2
10,0.25,50,2500,0.01021637967642573,0.35821819554548884,0.08343636244535446,2
10,0.25,100,2500,0.010231631691954573,0.4217440543601359,0.060866110026836395,2
10,0.25,250,2500,0.06646418751871636,0.616957342393356,-0.0372183732688427,2
10,0.25,500,2500,0.052208637635870886,0.7863193657984145,0.28589367866516113,2
10,0.25,1000,2500,0.0,1.0,,0
10,0.25,10,5000,0.03132859678521326,0.5105171762929407,0.4273342490196228,2
10,0.25,25,5000,0.019758331299545184,0.8141940354850887,0.7357896566390991,2
10,0.25,50,5000,0.0,1.0,,0
10,0.25,100,5000,0.0,1.0,,0
10,0.25,250,5000,0.0,1.0,,0
10,0.25,500,5000,0.0,1.0,,0
10,0.25,1000,5000,0.0,1.0,,0
10,0.25,10,10000,0.0,1.0,,0
10,0.25,25,10000,0.0,1.0,,0
10,0.25,50,10000,0.0,1.0,,0
10,0.25,100,10000,0.0,1.0,,0
10,0.25,250,10000,0.0,1.0,,0
10,0.25,500,10000,0.0,1.0,,0
10,0.25,1000,10000,0.0,1.0,,0
10,0.25,10,15000,0.0,1.0,,0
10,0.25,25,15000,0.0,1.0,,0
10,0.25,50,15000,0.0,1.0,,0
10,0.25,100,15000,0.0,1.0,,0
10,0.25,250,15000,0.0,1.0,,0
10,0.25,500,15000,0.0,1.0,,0
10,0.25,1000,15000,0.0,1.0,,0
10,0.25,10,20000,0.0,1.0,,0
10,0.25,25,20000,0.0,1.0,,0
10,0.25,50,20000,0.0,1.0,,0
10,0.25,100,20000,0.0,1.0,,0
10,0.25,250,20000,0.0,1.0,,0
10,0.25,500,20000,0.0,1.0,,0
10,0.25,1000,20000,0.0,1.0,,0
10,0.25,10,22000,0.0,1.0,,0
10,0.25,25,22000,0.0,1.0,,0
10,0.25,50,22000,0.0,1.0,,0
10,0.25,100,22000,0.0,1.0,,0
10,0.25,250,22000,0.0,1.0,,0
10,0.25,500,22000,0.0,1.0,,0
10,0.25,1000,22000,0.0,1.0,,0
15,0.25,10,50,0.07407240468542986,0.44999622499056247,-0.24361859261989594,246
15,0.25,25,50,0.09587244627829576,0.5506228765571914,-0.11789291352033615,180
15,0.25,50,50,0.0916833316157346,0.6068403171007928,0.025100726634263992,145
15,0.25,100,50,0.08953385834075514,0.6533786334465836,0.07195363193750381,79
15,0.25,250,50,0.07302042967213514,0.7219026047565119,0.15532520413398743,33
15,0.25,500,50,0.05652610102533971,0.7750094375235939,0.4029357135295868,17
15,0.25,1000,50,0.02856704606307746,0.8497244243110608,0.7884508371353149,12
15,0.25,10,100,0.08722706184967283,0.4786258965647414,-0.2603423297405243,113
15,0.25,25,100,0.09243531523377341,0.5679275198187995,-0.083061583340168,91
15,0.25,50,100,0.10424989318716599,0.599682899207248,0.0014223247999325395,83
15,0.25,100,100,0.09175830339068483,0.6492714231785579,0.05919232219457626,69
15,0.25,250,100,0.07932577092529103,0.715832389580974,0.23763039708137512,29
15,0.25,500,100,0.05652610102533971,0.7750094375235939,0.4029356837272644,17
15,0.25,1000,100,0.028642181403257364,0.8531521328803322,0.7957988977432251,9
15,0.25,10,250,0.061989314546761515,0.5115741789354473,-0.10181739926338196,49
15,0.25,25,250,0.08282062838456156,0.6436995092487732,0.12973088026046753,36
15,0.25,50,250,0.09306402142149398,0.6559909399773499,0.18954499065876007,34
15,0.25,100,250,0.09191801288781014,0.7005964514911287,0.21711938083171844,27
15,0.25,250,250,0.08352625162570432,0.726719516798792,0.30511409044265747,23
15,0.25,500,250,0.05513302405259483,0.7765949414873538,0.4196726977825165,15
15,0.25,1000,250,0.026909880439791176,0.8568365420913552,0.8077310919761658,8
15,0.25,10,500,0.062115292726692,0.445919214798037,-0.18719510734081268,21
15,0.25,25,500,0.08773823553697763,0.7037372593431483,0.17460127174854279,16
15,0.25,50,500,0.09296318796323036,0.7188372970932427,0.026664577424526215,14
15,0.25,100,500,0.07283868194537779,0.7609362023405059,0.21879255771636963,13
15,0.25,250,500,0.07567319098931873,0.7305851264628161,0.23759420216083527,15
15,0.25,500,500,0.05920069506149486,0.7786183465458664,0.3539145290851593,13
15,0.25,1000,500,0.037411216373507,0.8413741034352585,0.6803210973739624,7
15,0.25,10,1000,0.05490309594076178,0.5446885617214043,0.12925562262535095,14
15,0.25,25,1000,0.08112965882346014,0.7381955454888637,0.22524681687355042,9
15,0.25,50,1000,0.08480716625641582,0.7611476028690072,0.3500182628631592,7
15,0.25,100,1000,0.09029530748311718,0.7619026047565118,0.3416890501976013,8
15,0.25,250,1000,0.09080249466909975,0.729286523216308,0.33512967824935913,8
15,0.25,500,1000,0.05670376462130016,0.8075953189882975,0.6380254626274109,7
15,0.25,1000,1000,0.03960675066602614,0.8497999244998112,0.6884051561355591,6
15,0.25,10,2500,0.008018353827120716,0.08922612306530767,-0.07054882496595383,2
15,0.25,25,2500,0.04628842589693012,0.7407625519063797,0.04512501507997513,2
15,0.25,50,2500,0.07676312031889286,0.6775084937712345,0.11540095508098602,3
15,0.25,100,2500,0.0683766128686247,0.753280483201208,0.12271846830844879,3
15,0.25,250,2500,0.08289812876991122,0.7282144205360513,0.12720711529254913,3
15,0.25,500,2500,0.07496805970400766,0.6957493393733485,0.03452832251787186,2
15,0.25,1000,2500,0.052893203670255365,0.7965722914307286,0.368442565202713,2
15,0.25,10,5000,0.0,1.0,,0
15,0.25,25,5000,0.0,1.0,,0
15,0.25,50,5000,0.0,1.0,,0
15,0.25,100,5000,0.0,1.0,,0
15,0.25,250,5000,0.0,1.0,,0
15,0.25,500,5000,0.0,1.0,,0
15,0.25,1000,5000,0.0,1.0,,0
15,0.25,10,10000,0.0,1.0,,0
15,0.25,25,10000,0.0,1.0,,0
15,0.25,50,10000,0.0,1.0,,0
15,0.25,100,10000,0.0,1.0,,0
15,0.25,250,10000,0.0,1.0,,0
15,0.25,500,10000,0.0,1.0,,0
15,0.25,1000,10000,0.0,1.0,,0
15,0.25,10,15000,0.0,1.0,,0
15,0.25,25,15000,0.0,1.0,,0
15,0.25,50,15000,0.0,1.0,,0
15,0.25,100,15000,0.0,1.0,,0
15,0.25,250,15000,0.0,1.0,,0
15,0.25,500,15000,0.0,1.0,,0
15,0.25,1000,15000,0.0,1.0,,0
15,0.25,10,20000,0.0,1.0,,0
15,0.25,25,20000,0.0,1.0,,0
15,0.25,50,20000,0.0,1.0,,0
15,0.25,100,20000,0.0,1.0,,0
15,0.25,250,20000,0.0,1.0,,0
15,0.25,500,20000,0.0,1.0,,0
15,0.25,1000,20000,0.0,1.0,,0
15,0.25,10,22000,0.0,1.0,,0
15,0.25,25,22000,0.0,1.0,,0
15,0.25,50,22000,0.0,1.0,,0
15,0.25,100,22000,0.0,1.0,,0
15,0.25,250,22000,0.0,1.0,,0
15,0.25,500,22000,0.0,1.0,,0
15,0.25,1000,22000,0.0,1.0,,0
30,0.25,10,50,0.1300773297738917,0.43439788599471496,-0.02876478061079979,220
30,0.25,25,50,0.16468527624526025,0.5098678746696866,0.08813534677028656,167
30,0.25,50,50,0.17284328908886634,0.5479199697999245,0.18982987105846405,129
30,0.25,100,50,0.15462216881886992,0.5915590788976972,0.26773199439048767,74
30,0.25,250,50,0.12109148225912515,0.6387466968667421,0.4829355776309967,36
30,0.25,500,50,0.08851323410962274,0.6895583238958097,0.6592321395874023,20
30,0.25,1000,50,0.059084533894586656,0.7478897697244243,0.8135930299758911,12
30,0.25,10,100,0.13775308046400359,0.4532125330313326,-0.015989216044545174,104
30,0.25,25,100,0.15748701558404535,0.5097923744809362,0.05031140521168709,86
30,0.25,50,100,0.16415437310624043,0.5392978482446206,0.08936834335327148,77
30,0.25,100,100,0.15263361259226907,0.5868327670819177,0.23053035140037537,68
30,0.25,250,100,0.12271291210269665,0.6383540958852397,0.4969789683818817,30
30,0.25,500,100,0.08853129397039057,0.6875802189505473,0.719247043132782,18
30,0.25,1000,100,0.058407053491611766,0.7501245753114383,0.8841572403907776,10
30,0.25,10,250,0.13212856047227872,0.49876934692336733,0.11418851464986801,45
30,0.25,25,250,0.16160300411293793,0.5184899962249906,0.1357867270708084,36
30,0.25,50,250,0.16096877788650954,0.5531445828614572,0.15899372100830078,37
30,0.25,100,250,0.155285570431951,0.5700717251793129,0.30712130665779114,37
30,0.25,250,250,0.12927322235056043,0.6326160815402039,0.5391033887863159,27
30,0.25,500,250,0.08922524326370257,0.6894224235560589,0.7349868416786194,17
30,0.25,1000,250,0.058407053491611766,0.7501245753114383,0.8841572403907776,10
30,0.25,10,500,0.10626872449387689,0.4008305020762552,-0.05981864407658577,19
30,0.25,25,500,0.1300080187814767,0.5979463948659872,0.39402225613594055,20
30,0.25,50,500,0.14285248154529592,0.6151755379388448,0.3528793752193451,19
30,0.25,100,500,0.13976928078467687,0.6280860702151755,0.35786885023117065,18
30,0.25,250,500,0.13658285317092195,0.6633144582861458,0.5039032101631165,16
30,0.25,500,500,0.09296186235365184,0.6889392223480558,0.5706629157066345,13
30,0.25,1000,500,0.06015890622755443,0.7567534918837298,0.9408797025680542,9
30,0.25,10,1000,0.11067479998135597,0.40607021517553793,-0.06995312869548798,13
30,0.25,25,1000,0.13573586082917602,0.6293846734616837,0.33152204751968384,12
30,0.25,50,1000,0.1296773572847027,0.6604303510758777,0.5037184357643127,11
30,0.25,100,1000,0.12110873495063915,0.6405134012835032,0.49362048506736755,12
30,0.25,250,1000,0.12223903205712666,0.6982106455266138,0.6068825125694275,12
30,0.25,500,1000,0.11109866152676431,0.698240845602114,0.4290877878665924,9
30,0.25,1000,1000,0.06015890622755443,0.7567534918837298,0.9408797025680542,9
30,0.25,10,2500,0.1671212308933581,0.27234428086070217,0.04019255191087723,5
30,0.25,25,2500,0.01762270384697242,0.08019630049075123,-0.04187280684709549,2
30,0.25,50,2500,0.01542004652693602,0.07554548886372216,-0.047161590307950974,2
30,0.25,100,2500,0.008097804977761547,0.12057380143450358,-0.03963613510131836,2
30,0.25,250,2500,0.03864917959366346,0.33322763306908265,-0.05607113987207413,2
30,0.25,500,2500,0.10716519978849702,0.7315968289920725,0.23603032529354095,4
30,0.25,1000,2500,0.10246124662357471,0.7605436013590035,0.750766932964325,5
30,0.25,10,5000,0.0,1.0,,0
30,0.25,25,5000,0.0,1.0,,0
30,0.25,50,5000,0.0,1.0,,0
30,0.25,100,5000,0.0,1.0,,0
30,0.25,250,5000,0.0,1.0,,0
30,0.25,500,5000,0.0,1.0,,0
30,0.25,1000,5000,0.0,1.0,,0
30,0.25,10,10000,0.0,1.0,,0
30,0.25,25,10000,0.0,1.0,,0
30,0.25,50,10000,0.0,1.0,,0
30,0.25,100,10000,0.0,1.0,,0
30,0.25,250,10000,0.0,1.0,,0
30,0.25,500,10000,0.0,1.0,,0
30,0.25,1000,10000,0.0,1.0,,0
30,0.25,10,15000,0.0,1.0,,0
30,0.25,25,15000,0.0,1.0,,0
30,0.25,50,15000,0.0,1.0,,0
30,0.25,100,15000,0.0,1.0,,0
30,0.25,250,15000,0.0,1.0,,0
30,0.25,500,15000,0.0,1.0,,0
30,0.25,1000,15000,0.0,1.0,,0
30,0.25,10,20000,0.0,1.0,,0
30,0.25,25,20000,0.0,1.0,,0
30,0.25,50,20000,0.0,1.0,,0
30,0.25,100,20000,0.0,1.0,,0
30,0.25,250,20000,0.0,1.0,,0
30,0.25,500,20000,0.0,1.0,,0
30,0.25,1000,20000,0.0,1.0,,0
30,0.25,10,22000,0.0,1.0,,0
30,0.25,25,22000,0.0,1.0,,0
30,0.25,50,22000,0.0,1.0,,0
30,0.25,100,22000,0.0,1.0,,0
30,0.25,250,22000,0.0,1.0,,0
30,0.25,500,22000,0.0,1.0,,0
30,0.25,1000,22000,0.0,1.0,,0
50,0.25,10,50,0.47930030769613235,0.06705926764816912,0.27936360239982605,164
50,0.25,25,50,0.4815245312204607,0.06556436391090978,0.303652822971344,141
50,0.25,50,50,0.4808422280979844,0.07249528123820309,0.34019219875335693,127
50,0.25,100,50,0.48684491524936796,0.09543223858059645,0.34316644072532654,62
50,0.25,250,50,0.5010887709489239,0.13140052850132125,0.7243226170539856,32
50,0.25,500,50,0.5014515138142566,0.17439033597583994,0.7892870903015137,18
50,0.25,1000,50,0.5096525697359153,0.206719516798792,0.8140028715133667,13
50,0.25,10,100,0.4878005687211244,0.0523518308795772,0.30284959077835083,77
50,0.25,25,100,0.49153758897247646,0.05201963004907512,0.28798842430114746,71
50,0.25,50,100,0.4897904494031976,0.0595998489996225,0.28844451904296875,69
50,0.25,100,100,0.48693577045340974,0.09179312948282371,0.3329753279685974,61
50,0.25,250,100,0.49983099148870186,0.128637221593054,0.7201316952705383,26
50,0.25,500,100,0.5015818197841841,0.1726840317100793,0.7899376749992371,17
50,0.25,1000,100,0.5096525697359153,0.206719516798792,0.8140029311180115,13
50,0.25,10,250,0.5006099616241453,0.063359758399396,0.6021372675895691,33
50,0.25,25,250,0.5013775088926183,0.07036617591543978,0.6145756244659424,31
50,0.25,50,250,0.500434601886459,0.07338618346545867,0.6288803219795227,30
50,0.25,100,250,0.4988950735445092,0.08795771989429974,0.6584221124649048,30
50,0.25,250,250,0.4986323957151122,0.12185730464326161,0.6899795532226562,24
50,0.25,500,250,0.5022553786248584,0.1744356360890902,0.7900939583778381,16
50,0.25,1000,250,0.5096525697359153,0.206719516798792,0.8140029311180115,13
50,0.25,10,500,0.50073072326915,0.08372970932427332,0.581864058971405,18
50,0.25,25,500,0.5002960087480929,0.10002265005662514,0.6320908665657043,17
50,0.25,50,500,0.4986283136423421,0.09420913552283881,0.6405362486839294,18
50,0.25,100,500,0.500336130293035,0.11125707814269535,0.6245545148849487,17
50,0.25,250,500,0.4995999411189506,0.15012457531143827,0.7579699754714966,16
50,0.25,500,500,0.5022553786248584,0.1744356360890902,0.7900941371917725,16
50,0.25,1000,500,0.505317505941821,0.18053605134012835,0.8327270746231079,12
50,0.25,10,1000,0.50437272251848,0.1114231785579464,0.6307310461997986,14
50,0.25,25,1000,0.5041648425169952,0.11386938467346168,0.6296201348304749,13
50,0.25,50,1000,0.5110574544863249,0.146878067195168,0.6943713426589966,13
50,0.25,100,1000,0.5078367942820567,0.13336353340883353,0.6494525074958801,13
50,0.25,250,1000,0.5088987884593718,0.14911287278218197,0.772528886795044,12
50,0.25,500,1000,0.5086757253932948,0.18044545111362778,0.7670571804046631,12
50,0.25,1000,1000,0.5053360639496773,0.1737108342770857,0.8318164348602295,11
50,0.25,10,2500,0.5446114771358528,0.1428161570403926,0.67984938621521,7
50,0.25,25,2500,0.5450363413227733,0.19337108342770856,0.7476414442062378,7
50,0.25,50,2500,0.5432834278827371,0.08024160060400151,0.6226471066474915,6
50,0.25,100,2500,0.5222270647870739,0.1062891657229143,0.5662556886672974,7
50,0.25,250,2500,0.5366974850829213,0.014480936202340505,0.2994098961353302,4
50,0.25,500,2500,0.5347818908594874,0.1105926764816912,0.6720053553581238,6
50,0.25,1000,2500,0.5276848215697605,0.14542846357115893,0.7088844776153564,6
50,0.25,10,5000,0.5046986004918328,0.056157040392600985,0.5377181768417358,4
50,0.25,25,5000,0.5260110502364641,0.09420913552283881,0.48786357045173645,3
50,0.25,50,5000,0.5332853587308406,0.12019630049075122,0.6482495665550232,4
50,0.25,100,5000,0.5316818681041829,0.14586636466591166,0.6463988423347473,4
50,0.25,250,5000,0.5374119136108171,0.06181955454888637,0.48344504833221436,3
50,0.25,500,5000,0.5280360151088378,0.14432616081540203,0.7101526260375977,4
50,0.25,1000,5000,0.5282831729964896,0.17707814269535674,0.7250068187713623,4
50,0.25,10,10000,0.5335157219336293,0.18375235938089846,0.6165214776992798,3
50,0.25,25,10000,0.5260110502364641,0.09420913552283881,0.4878636598587036,3
50,0.25,50,10000,0.5260110502364641,0.09420913552283881,0.48786360025405884,3
50,0.25,100,10000,0.5494381014092993,0.04021140052850132,0.4743013083934784,3
50,0.25,250,10000,0.5374119136108171,0.06181955454888637,0.48344504833221436,3
50,0.25,500,10000,0.5492672686666771,0.09591543978859947,0.5341091752052307,3
50,0.25,1000,10000,0.5379534928182482,0.29058512646281615,0.8795586824417114,3
50,0.25,10,15000,0.5335157219336293,0.18375235938089846,0.6165213584899902,3
50,0.25,25,15000,0.5260110502364641,0.09420913552283881,0.4878637194633484,3
50,0.25,50,15000,0.5260110502364641,0.09420913552283881,0.48786360025405884,3
50,0.25,100,15000,0.5494381014092993,0.04021140052850132,0.47430139780044556,3
50,0.25,250,15000,0.5374119136108171,0.06181955454888637,0.4834449887275696,3
50,0.25,500,15000,0.5492672686666771,0.09591543978859947,0.5341091752052307,3
50,0.25,1000,15000,0.32972699697974545,0.02142695356738392,0.260965496301651,2
50,0.25,10,20000,0.0,1.0,,0
50,0.25,25,20000,0.0,1.0,,0
50,0.25,50,20000,0.0,1.0,,0
50,0.25,100,20000,0.0,1.0,,0
50,0.25,250,20000,0.0,1.0,,0
50,0.25,500,20000,0.0,1.0,,0
50,0.25,1000,20000,0.0,1.0,,0
50,0.25,10,22000,0.0,1.0,,0
50,0.25,25,22000,0.0,1.0,,0
50,0.25,50,22000,0.0,1.0,,0
50,0.25,100,22000,0.0,1.0,,0
50,0.25,250,22000,0.0,1.0,,0
50,0.25,500,22000,0.0,1.0,,0
50,0.25,1000,22000,0.0,1.0,,0
75,0.25,10,50,0.2862250694355653,0.14429596073990186,0.085872121155262,190
75,0.25,25,50,0.48025446880407,0.08009060022650057,0.4169946610927582,143
75,0.25,50,50,0.4818547039661235,0.0695054737636844,0.44572654366493225,128
75,0.25,100,50,0.4867249097318197,0.08960362400906002,0.5364590883255005,66
75,0.25,250,50,0.49811220341444623,0.09568893922234806,0.5983381271362305,26
75,0.25,500,50,0.4987221343737823,0.13969044922612306,0.6218692660331726,17
75,0.25,1000,50,0.5006824353056862,0.15912419781049453,0.647435188293457,14
75,0.25,10,100,0.31134308737050426,0.11039637599093997,0.20931527018547058,86
75,0.25,25,100,0.48870021737355296,0.04945262363155908,0.48331964015960693,76
75,0.25,50,100,0.48965800879826066,0.05425443563608909,0.4723431169986725,65
75,0.25,100,100,0.48790901808085163,0.07773499433748585,0.512405276298523,61
75,0.25,250,100,0.49818040244463263,0.09158172895432239,0.5978380441665649,25
75,0.25,500,100,0.4990166268067947,0.13668554171385427,0.6205317378044128,15
75,0.25,1000,100,0.5006824353056862,0.15912419781049453,0.647435188293457,14
75,0.25,10,250,0.4933959047439016,0.06323895809739524,0.539239227771759,36
75,0.25,25,250,0.49154145206195415,0.08025670064175161,0.5553204417228699,34
75,0.25,50,250,0.5017599218753807,0.055930539826349567,0.5321474671363831,30
75,0.25,100,250,0.49897472015991984,0.06716496791241978,0.5485491156578064,28
75,0.25,250,250,0.49818040244463263,0.09158172895432239,0.5978378057479858,25
75,0.25,500,250,0.4990166268067947,0.13668554171385427,0.6205317378044128,15
75,0.25,1000,250,0.5006824353056862,0.15912419781049453,0.647435188293457,14
75,0.25,10,500,0.5024272982756087,0.068478671196678,0.5441132187843323,19
75,0.25,25,500,0.5051794588700085,0.06477916194790487,0.5311264991760254,17
75,0.25,50,500,0.5044896592641974,0.06724046810117025,0.5009042620658875,18
75,0.25,100,500,0.5006470660224822,0.09144582861457154,0.5513491630554199,17
75,0.25,250,500,0.49816350834756185,0.1156964892412231,0.5920617580413818,16
75,0.25,500,500,0.4990166268067947,0.13668554171385427,0.6205317378044128,15
75,0.25,1000,500,0.5011469579975774,0.1586107965269913,0.6522515416145325,13
75,0.25,10,1000,0.50747157423953,0.08104190260475651,0.57097327709198,14
75,0.25,25,1000,0.5073819678420359,0.08431861079652699,0.5624020099639893,14
75,0.25,50,1000,0.509298714671813,0.09469233673084183,0.5158389210700989,14
75,0.25,100,1000,0.507761667255931,0.09547753869384673,0.5592558979988098,13
75,0.25,250,1000,0.5041381859357658,0.13748584371460928,0.6011348962783813,13
75,0.25,500,1000,0.5081849394567542,0.17310683276708191,0.6207996606826782,12
75,0.25,1000,1000,0.5050810016072457,0.17285013212533032,0.6756100058555603,12
75,0.25,10,2500,0.5252983473975814,0.1194714986787467,0.5778377056121826,8
75,0.25,25,2500,0.5372913148458657,0.12261230653076632,0.5999532341957092,8
75,0.25,50,2500,0.5388980012966281,0.12128350320875803,0.597696840763092,8
75,0.25,100,2500,0.5497358423731634,0.12090600226500567,0.6154811978340149,7
75,0.25,250,2500,0.5292662880200943,0.1323518308795772,0.5963375568389893,6
75,0.25,500,2500,0.5440018820658875,0.18677236693091734,0.688575804233551,7
75,0.25,1000,2500,0.5682197544289533,0.2655039637599094,0.7296238541603088,6
75,0.25,10,5000,0.5688958073698989,0.03309928274820687,0.4734688997268677,3
75,0.25,25,5000,0.5070253108292289,0.1423178557946395,0.5121681094169617,4
75,0.25,50,5000,0.5688958073698989,0.03309928274820687,0.47346892952919006,3
75,0.25,100,5000,0.5532406645790773,0.05035862589656474,0.4662855863571167,3
75,0.25,250,5000,0.5087920542744822,0.17224613061532654,0.5536608099937439,4
75,0.25,500,5000,0.590895400718944,0.2743827859569649,0.7214168310165405,4
75,0.25,1000,5000,0.5870807505761153,0.24480181200453002,0.7274176478385925,3
75,0.25,10,10000,0.5688958073698989,0.03309928274820687,0.47346898913383484,3
75,0.25,25,10000,0.5688958073698989,0.03309928274820687,0.47346898913383484,3
75,0.25,50,10000,0.5688958073698989,0.03309928274820687,0.47346892952919006,3
75,0.25,100,10000,0.5532406645790773,0.05035862589656474,0.4662856161594391,3
75,0.25,250,10000,0.5373925242077908,0.09232163080407702,0.4834669232368469,3
75,0.25,500,10000,0.5262685771223092,0.19528878822197054,0.5410706996917725,3
75,0.25,1000,10000,0.32508936984905584,0.0,0.32271525263786316,2
75,0.25,10,15000,0.5688958073698989,0.03309928274820687,0.4734688997268677,3
75,0.25,25,15000,0.5688958073698989,0.03309928274820687,0.47346892952919006,3
75,0.25,50,15000,0.5688958073698989,0.03309928274820687,0.47346892952919006,3
75,0.25,100,15000,0.5532406645790773,0.05035862589656474,0.4662855863571167,3
75,0.25,250,15000,0.5373925242077908,0.09232163080407702,0.48346686363220215,3
75,0.25,500,15000,0.5262685771223092,0.19528878822197054,0.5410706400871277,3
75,0.25,1000,15000,0.32508936984905584,0.0,0.3227153718471527,2
75,0.25,10,20000,0.0,1.0,,0
75,0.25,25,20000,0.0,1.0,,0
75,0.25,50,20000,0.0,1.0,,0
75,0.25,100,20000,0.0,1.0,,0
75,0.25,250,20000,0.0,1.0,,0
75,0.25,500,20000,0.0,1.0,,0
75,0.25,1000,20000,0.0,1.0,,0
75,0.25,10,22000,0.0,1.0,,0
75,0.25,25,22000,0.0,1.0,,0
75,0.25,50,22000,0.0,1.0,,0
75,0.25,100,22000,0.0,1.0,,0
75,0.25,250,22000,0.0,1.0,,0
75,0.25,500,22000,0.0,1.0,,0
75,0.25,1000,22000,0.0,1.0,,0
100,0.25,10,50,0.47740009799947564,0.0995998489996225,0.37311509251594543,181
100,0.25,25,50,0.48609094466217334,0.09698754246885617,0.017719168215990067,150
100,0.25,50,50,0.4819398911070722,0.07386938467346169,0.10608671605587006,128
100,0.25,100,50,0.4896524773285454,0.08267270668176671,0.6568281650543213,64
100,0.25,250,50,0.49961241045984883,0.10692336730841827,0.6667713522911072,31
100,0.25,500,50,0.5115640165615386,0.15190637976594942,0.7188130617141724,17
100,0.25,1000,50,0.5265906115251897,0.19818799546998866,0.7644266486167908,12
100,0.25,10,100,0.4805643537926234,0.09345413363533409,0.5392242670059204,83
100,0.25,25,100,0.49014325378644913,0.05597583993959985,0.6115731596946716,71
100,0.25,50,100,0.49007605675974847,0.061411853529633825,0.5934711694717407,69
100,0.25,100,100,0.48919266037768283,0.08073990184975463,0.6479973793029785,61
100,0.25,250,100,0.4994476767873441,0.10514156285390713,0.6586785912513733,29
100,0.25,500,100,0.5115640165615386,0.15190637976594942,0.7188130021095276,17
100,0.25,1000,100,0.5265906115251897,0.19818799546998866,0.764426589012146,12
100,0.25,10,250,0.5032482730338254,0.031710079275198186,0.5302899479866028,33
100,0.25,25,250,0.5049660206182857,0.03954699886749717,0.533075749874115,32
100,0.25,50,250,0.5059684690104629,0.0370554926387316,0.524729311466217,31
100,0.25,100,250,0.5023205172047214,0.057516043790109474,0.5697381496429443,30
100,0.25,250,250,0.5063098482224239,0.08202340505851265,0.6270068883895874,25
100,0.25,500,250,0.5098022654257032,0.14236315590788978,0.697899580001831,16
100,0.25,1000,250,0.5285155331335996,0.20143450358625897,0.7702105641365051,11
100,0.25,10,500,0.5054402877876685,0.04638731596828992,0.5710875391960144,20
100,0.25,25,500,0.5070129742388348,0.0574556436391091,0.566502571105957,18
100,0.25,50,500,0.5072496054955652,0.06458286145715364,0.5776282548904419,18
100,0.25,100,500,0.5036299477691402,0.09502453756134391,0.6211029887199402,17
100,0.25,250,500,0.5091932516559898,0.11771989429973576,0.6600602865219116,17
100,0.25,500,500,0.510215131469783,0.13280483201208004,0.6774525046348572,15
100,0.25,1000,500,0.5285155331335996,0.20143450358625897,0.7702107429504395,11
100,0.25,10,1000,0.5136625466927556,0.0652170630426576,0.5624688267707825,14
100,0.25,25,1000,0.5126796074367743,0.06506606266515666,0.5639224052429199,15
100,0.25,50,1000,0.5129869462351377,0.07208758021895055,0.5750316381454468,15
100,0.25,100,1000,0.5126949486093976,0.0845753114382786,0.5896369218826294,14
100,0.25,250,1000,0.527403703420248,0.14915817289543223,0.6295665502548218,11
100,0.25,500,1000,0.5260025578629386,0.17947904869762174,0.7022488713264465,11
100,0.25,1000,1000,0.5285155331335996,0.20143450358625897,0.7702107429504395,11
100,0.25,10,2500,0.5823737190578554,0.2225292563231408,0.6744123697280884,7
100,0.25,25,2500,0.56161849483088,0.17404303510758776,0.6639606356620789,7
100,0.25,50,2500,0.5710174720733916,0.19983389958474895,0.6719748973846436,7
100,0.25,100,2500,0.4982548146905338,0.10332955832389581,0.3743542730808258,4
100,0.25,250,2500,0.5004321634792382,0.12308040770101926,0.4341968595981598,4
100,0.25,500,2500,0.6011429173963906,0.2792902982257456,0.733434796333313,6
100,0.25,1000,2500,0.5653125416198987,0.2526236315590789,0.6977174282073975,6
100,0.25,10,5000,0.5449455142627885,0.21719894299735748,0.570959746837616,3
100,0.25,25,5000,0.6356346243894527,0.2708644771611929,0.6819393634796143,4
100,0.25,50,5000,0.5231546490447943,0.15966779916949791,0.5105463266372681,3
100,0.25,100,5000,0.5249464062617076,0.16635711589278973,0.512258768081665,3
100,0.25,250,5000,0.5004321634792382,0.12308040770101926,0.43419700860977173,4
100,0.25,500,5000,0.6003287461698665,0.2861155152887882,0.6329765915870667,3
100,0.25,1000,5000,0.5994220154021885,0.40640241600604,0.8835093379020691,3
100,0.25,10,10000,0.5449455142627885,0.21719894299735748,0.5709598660469055,3
100,0.25,25,10000,0.5393039220320726,0.20138920347300868,0.5490303635597229,3
100,0.25,50,10000,0.5231546490447943,0.15966779916949791,0.5105463266372681,3
100,0.25,100,10000,0.5249464062617076,0.16635711589278973,0.5122586488723755,3
100,0.25,250,10000,0.5414006943416939,0.2032314080785202,0.5428739786148071,3
100,0.25,500,10000,0.6003287461698665,0.2861155152887882,0.6329764127731323,3
100,0.25,1000,10000,0.32388140770925034,0.08306530766326915,0.4190468490123749,2
100,0.25,10,15000,0.5449455142627885,0.21719894299735748,0.570959746837616,3
100,0.25,25,15000,0.5393039220320726,0.20138920347300868,0.5490304827690125,3
100,0.25,50,15000,0.5231546490447943,0.15966779916949791,0.5105463266372681,3
100,0.25,100,15000,0.5249464062617076,0.16635711589278973,0.5122587084770203,3
100,0.25,250,15000,0.5414006943416939,0.2032314080785202,0.5428739786148071,3
100,0.25,500,15000,0.3230990518976162,0.018301245753114384,0.3790157437324524,2
100,0.25,1000,15000,0.32388140770925034,0.08306530766326915,0.41904690861701965,2
100,0.25,10,20000,0.0,1.0,,0
100,0.25,25,20000,0.0,1.0,,0
100,0.25,50,20000,0.0,1.0,,0
100,0.25,100,20000,0.0,1.0,,0
100,0.25,250,20000,0.0,1.0,,0
100,0.25,500,20000,0.0,1.0,,0
100,0.25,1000,20000,0.0,1.0,,0
100,0.25,10,22000,0.0,1.0,,0
100,0.25,25,22000,0.0,1.0,,0
100,0.25,50,22000,0.0,1.0,,0
100,0.25,100,22000,0.0,1.0,,0
100,0.25,250,22000,0.0,1.0,,0
100,0.25,500,22000,0.0,1.0,,0
100,0.25,1000,22000,0.0,1.0,,0
10,0.5,10,50,0.05904599485059068,0.4464175160437901,-0.29644492268562317,226
10,0.5,25,50,0.08093055462167377,0.5557719894299735,-0.14059901237487793,186
10,0.5,50,50,0.08403899275876776,0.6051642129105322,-0.10949060320854187,133
10,0.5,100,50,0.08951063981633431,0.6545111362778407,-0.012081969529390335,69
10,0.5,250,50,0.060267874544100535,0.7526613816534541,0.4775303304195404,26
10,0.5,500,50,0.03886551240760792,0.810554926387316,0.6335921883583069,15
10,0.5,1000,50,0.020910555796838787,0.8637221593053983,0.8741122484207153,9
10,0.5,10,100,0.06811238243023904,0.4811929029822575,-0.2574928402900696,107
10,0.5,25,100,0.08993759966448582,0.5851868629671574,-0.07371015101671219,83
10,0.5,50,100,0.09693881792595999,0.6216383540958852,-0.032953668385744095,74
10,0.5,100,100,0.0914235501845762,0.6581351453378633,0.07370146363973618,60
10,0.5,250,100,0.06049557277358945,0.7535220838052095,0.49470049142837524,25
10,0.5,500,100,0.03907164176132317,0.8116119290298226,0.657326340675354,13
10,0.5,1000,100,0.02262868624975545,0.8600679501698755,0.8281552195549011,7
10,0.5,10,250,0.06129024930551506,0.563850509626274,0.038033727556467056,37
10,0.5,25,250,0.07181101314522909,0.6690071725179313,0.18477004766464233,28
10,0.5,50,250,0.0906986047080997,0.6816761041902605,0.16806061565876007,29
10,0.5,100,250,0.09437844497249417,0.688305020762552,0.3568916916847229,26
10,0.5,250,250,0.06433133256256561,0.7573725934314836,0.5073223114013672,21
10,0.5,500,250,0.03903130853176796,0.816157040392601,0.6933553814888,11
10,0.5,1000,250,0.02262868624975545,0.8600679501698755,0.8281552195549011,7
10,0.5,10,500,0.06069187843168542,0.6211551528878823,0.24768877029418945,21
10,0.5,25,500,0.06589874870030771,0.717115892789732,0.3626670241355896,17
10,0.5,50,500,0.08150078738158568,0.7298301245753115,0.35410964488983154,14
10,0.5,100,500,0.0879331216448036,0.7214647036617592,0.38565197587013245,14
10,0.5,250,500,0.05689046794385873,0.7463797659494149,0.39166826009750366,14
10,0.5,500,500,0.044025294981740085,0.8092110230275575,0.6573919653892517,10
10,0.5,1000,500,0.02262868624975545,0.8600679501698755,0.8281552195549011,7
10,0.5,10,1000,0.06887479835581675,0.6738391845979615,0.4491921663284302,11
10,0.5,25,1000,0.05936707121481136,0.7666138165345413,0.5075656175613403,10
10,0.5,50,1000,0.060223938575938774,0.7839033597583994,0.5996590256690979,9
10,0.5,100,1000,0.06785288113982814,0.7496866742166856,0.48887309432029724,10
10,0.5,250,1000,0.07427512661203264,0.7656323140807852,0.4866647720336914,8
10,0.5,500,1000,0.04677767357753427,0.8080785201963004,0.6669714450836182,8
10,0.5,1000,1000,0.02262868624975545,0.8600679501698755,0.8281552195549011,7
10,0.5,10,2500,0.04213152692590417,0.5899886749716874,0.21467609703540802,2
10,0.5,25,2500,0.04249455951477333,0.5402491506228766,0.18965667486190796,2
10,0.5,50,2500,0.045320415404711274,0.6013590033975085,0.15778042376041412,2
10,0.5,100,2500,0.04549155215033208,0.6059947149867875,0.15663780272006989,2
10,0.5,250,2500,0.06268271776095513,0.5918912797281993,0.14606592059135437,2
10,0.5,500,2500,0.05498448281108487,0.8195696489241223,0.8313280940055847,3
10,0.5,1000,2500,0.05724086067491358,0.8411778029445074,0.7988832592964172,2
10,0.5,10,5000,0.0,1.0,,0
10,0.5,25,5000,0.0,1.0,,0
10,0.5,50,5000,0.0,1.0,,0
10,0.5,100,5000,0.0,1.0,,0
10,0.5,250,5000,0.0,1.0,,0
10,0.5,500,5000,0.0,1.0,,0
10,0.5,1000,5000,0.0,1.0,,0
10,0.5,10,10000,0.0,1.0,,0
10,0.5,25,10000,0.0,1.0,,0
10,0.5,50,10000,0.0,1.0,,0
10,0.5,100,10000,0.0,1.0,,0
10,0.5,250,10000,0.0,1.0,,0
10,0.5,500,10000,0.0,1.0,,0
10,0.5,1000,10000,0.0,1.0,,0
10,0.5,10,15000,0.0,1.0,,0
10,0.5,25,15000,0.0,1.0,,0
10,0.5,50,15000,0.0,1.0,,0
10,0.5,100,15000,0.0,1.0,,0
10,0.5,250,15000,0.0,1.0,,0
10,0.5,500,15000,0.0,1.0,,0
10,0.5,1000,15000,0.0,1.0,,0
10,0.5,10,20000,0.0,1.0,,0
10,0.5,25,20000,0.0,1.0,,0
10,0.5,50,20000,0.0,1.0,,0
10,0.5,100,20000,0.0,1.0,,0
10,0.5,250,20000,0.0,1.0,,0
10,0.5,500,20000,0.0,1.0,,0
10,0.5,1000,20000,0.0,1.0,,0
10,0.5,10,22000,0.0,1.0,,0
10,0.5,25,22000,0.0,1.0,,0
10,0.5,50,22000,0.0,1.0,,0
10,0.5,100,22000,0.0,1.0,,0
10,0.5,250,22000,0.0,1.0,,0
10,0.5,500,22000,0.0,1.0,,0
10,0.5,1000,22000,0.0,1.0,,0
15,0.5,10,50,0.06914761381156748,0.46428086070215174,-0.31728991866111755,248
15,0.5,25,50,0.08784029955094572,0.5618724046810117,-0.1551092565059662,164
15,0.5,50,50,0.09387805846091016,0.6168214420536051,-0.13661596179008484,127
15,0.5,100,50,0.0803469919337074,0.6873235183087958,0.156449094414711,64
15,0.5,250,50,0.057885492691658054,0.7543525858814647,0.42336803674697876,27
15,0.5,500,50,0.04542087820249653,0.7931898829747074,0.644461989402771,17
15,0.5,1000,50,0.02522648111258662,0.8479275198187995,0.8336253762245178,9
15,0.5,10,100,0.07372489663300567,0.5122234805587014,-0.2906763553619385,108
15,0.5,25,100,0.09379610199399384,0.5773046432616081,-0.20263275504112244,86
15,0.5,50,100,0.09541008885751355,0.6209286523216309,-0.008061505854129791,74
15,0.5,100,100,0.08641192072456191,0.6841676104190261,0.11740168929100037,54
15,0.5,250,100,0.05832099703679197,0.7535371838429596,0.39241817593574524,23
15,0.5,500,100,0.04570098113995029,0.794246885617214,0.6532347202301025,16
15,0.5,1000,100,0.02512075961685958,0.8488637221593054,0.8495157361030579,8
15,0.5,10,250,0.061437018470157416,0.5730162325405813,-0.005918233189731836,39
15,0.5,25,250,0.08230018371212403,0.6204001510003775,0.08508599549531937,34
15,0.5,50,250,0.07303527618694307,0.685118912797282,0.2566232681274414,29
15,0.5,100,250,0.08644240352992437,0.7164514911287279,0.21354162693023682,24
15,0.5,250,250,0.05914323863930569,0.7566024915062287,0.3965586721897125,22
15,0.5,500,250,0.05049500621110741,0.7998338995847489,0.6228777766227722,12
15,0.5,1000,250,0.03399951960567714,0.8340354850887127,0.7535598278045654,7
15,0.5,10,500,0.06243573839074122,0.591030577576444,0.044245749711990356,19
15,0.5,25,500,0.07441029634401636,0.6204454511136278,0.12652921676635742,24
15,0.5,50,500,0.08357605886249792,0.7196979992449981,0.33647990226745605,15
15,0.5,100,500,0.07716644907051737,0.7487655719139298,0.2719669044017792,15
15,0.5,250,500,0.06206887587700154,0.755847489618724,0.37034207582473755,12
15,0.5,500,500,0.05049500621110741,0.7998338995847489,0.6228778958320618,12
15,0.5,1000,500,0.03399951960567714,0.8340354850887127,0.7535597085952759,7
15,0.5,10,1000,0.04117877181564731,0.642083805209513,0.13440081477165222,13
15,0.5,25,1000,0.060810324936795314,0.7204228010570026,0.2387213557958603,11
15,0.5,50,1000,0.07658308605274977,0.7322310305775764,0.23644806444644928,10
15,0.5,100,1000,0.0629002820683265,0.7971913929784824,0.4910154640674591,7
15,0.5,250,1000,0.056685099442033086,0.7684409211023028,0.323488712310791,8
15,0.5,500,1000,0.05185362545157484,0.8073386183465459,0.5954509377479553,8
15,0.5,1000,1000,0.03399951960567714,0.8340354850887127,0.7535598278045654,7
15,0.5,10,2500,0.00833977356947928,0.3183691959229898,-0.12941589951515198,3
15,0.5,25,2500,0.042633549051462695,0.5313250283125708,-0.03435058891773224,2
15,0.5,50,2500,0.0992983455143008,0.6976670441676104,-0.09764135628938675,2
15,0.5,100,2500,0.092307887889173,0.7212231030577576,-0.075484499335289,2
15,0.5,250,2500,0.05370535125492603,0.4929709324273311,-0.06467273831367493,2
15,0.5,500,2500,0.0,1.0,,0
15,0.5,1000,2500,0.0,1.0,,0
15,0.5,10,5000,0.0,1.0,,0
15,0.5,25,5000,0.0,1.0,,0
15,0.5,50,5000,0.0,1.0,,0
15,0.5,100,5000,0.0,1.0,,0
15,0.5,250,5000,0.0,1.0,,0
15,0.5,500,5000,0.0,1.0,,0
15,0.5,1000,5000,0.0,1.0,,0
15,0.5,10,10000,0.0,1.0,,0
15,0.5,25,10000,0.0,1.0,,0
15,0.5,50,10000,0.0,1.0,,0
15,0.5,100,10000,0.0,1.0,,0
15,0.5,250,10000,0.0,1.0,,0
15,0.5,500,10000,0.0,1.0,,0
15,0.5,1000,10000,0.0,1.0,,0
15,0.5,10,15000,0.0,1.0,,0
15,0.5,25,15000,0.0,1.0,,0
15,0.5,50,15000,0.0,1.0,,0
15,0.5,100,15000,0.0,1.0,,0
15,0.5,250,15000,0.0,1.0,,0
15,0.5,500,15000,0.0,1.0,,0
15,0.5,1000,15000,0.0,1.0,,0
15,0.5,10,20000,0.0,1.0,,0
15,0.5,25,20000,0.0,1.0,,0
15,0.5,50,20000,0.0,1.0,,0
15,0.5,100,20000,0.0,1.0,,0
15,0.5,250,20000,0.0,1.0,,0
15,0.5,500,20000,0.0,1.0,,0
15,0.5,1000,20000,0.0,1.0,,0
15,0.5,10,22000,0.0,1.0,,0
15,0.5,25,22000,0.0,1.0,,0
15,0.5,50,22000,0.0,1.0,,0
15,0.5,100,22000,0.0,1.0,,0
15,0.5,250,22000,0.0,1.0,,0
15,0.5,500,22000,0.0,1.0,,0
15,0.5,1000,22000,0.0,1.0,,0
30,0.5,10,50,0.3800162547630289,0.25704794261985653,-0.05518593266606331,185
30,0.5,25,50,0.416866578220763,0.31657229143072857,0.15665893256664276,140
30,0.5,50,50,0.40722606173673065,0.3339675349188373,0.26494574546813965,113
30,0.5,100,50,0.4108298368120282,0.3536730841827105,0.3120889663696289,66
30,0.5,250,50,0.39201390834964467,0.38509626274065684,0.3802485764026642,31
30,0.5,500,50,0.3680953864494039,0.4526991317478294,0.7076650261878967,19
30,0.5,1000,50,0.3507595237117632,0.5159380898452246,0.8717167377471924,12
30,0.5,10,100,0.393175229620889,0.27001887504718763,0.0582164004445076,83
30,0.5,25,100,0.39785423395639746,0.317281993204983,0.2383335828781128,76
30,0.5,50,100,0.4184405046080983,0.31839939599849,0.19112233817577362,63
30,0.5,100,100,0.41651820153733177,0.3483729709324273,0.2987619638442993,57
30,0.5,250,100,0.3944956032972076,0.3873159682899207,0.38231056928634644,29
30,0.5,500,100,0.36857082317769857,0.45198942997357494,0.7129132747650146,18
30,0.5,1000,100,0.3507595237117632,0.5159380898452246,0.8717165589332581,12
30,0.5,10,250,0.39963906607389654,0.3151679879199698,0.32886171340942383,38
30,0.5,25,250,0.41625450467426295,0.31157417893544737,0.32717689871788025,34
30,0.5,50,250,0.42333095918863706,0.3283352208380521,0.3157654106616974,35
30,0.5,100,250,0.4267854068705551,0.3589731974329936,0.3778713643550873,30
30,0.5,250,250,0.3897254924314921,0.3978859947149868,0.4565286934375763,25
30,0.5,500,250,0.3790471607273384,0.4405587013967535,0.7058859467506409,16
30,0.5,1000,250,0.3526610685935724,0.5181275953189883,0.9260917901992798,11
30,0.5,10,500,0.36883106135054594,0.26027935069837677,0.45087090134620667,19
30,0.5,25,500,0.3977428302544446,0.33562853907134765,0.48505347967147827,20
30,0.5,50,500,0.41512271686265206,0.3821668554171385,0.5709600448608398,18
30,0.5,100,500,0.39391509218788157,0.42024915062287654,0.6575877070426941,16
30,0.5,250,500,0.3755752377107891,0.42271045677614194,0.663073718547821,16
30,0.5,500,500,0.3834740028177367,0.4532427331068328,0.7473853230476379,13
30,0.5,1000,500,0.35055159712177003,0.524318610796527,0.9447689652442932,10
30,0.5,10,1000,0.36377888636331585,0.2814949037372593,0.44370535016059875,16
30,0.5,25,1000,0.393183141534593,0.38970177425443564,0.6100914478302002,14
30,0.5,50,1000,0.4059291481250345,0.41892034730086825,0.684666633605957,13
30,0.5,100,1000,0.3990251340260767,0.44253680634201586,0.7179267406463623,13
30,0.5,250,1000,0.40045201123412083,0.4364363910909777,0.7544558048248291,12
30,0.5,500,1000,0.3809414863501835,0.46289165722914305,0.8170226216316223,12
30,0.5,1000,1000,0.35055159712177003,0.524318610796527,0.9447689056396484,10
30,0.5,10,2500,0.36947167210561255,0.2658663646659117,0.5681439638137817,6
30,0.5,25,2500,0.34701114092747226,0.44600981502453757,0.7396106123924255,5
30,0.5,50,2500,0.38188211360778035,0.5111664779161947,0.5676985383033752,5
30,0.5,100,2500,0.36941160538699885,0.5080407701019253,0.83577561378479,4
30,0.5,250,2500,0.38326944053690276,0.48566251415628536,0.8609694838523865,4
30,0.5,500,2500,0.4379196935378469,0.44327670819177045,0.87068772315979,4
30,0.5,1000,2500,0.41199401464259744,0.47178557946394867,0.882388174533844,4
30,0.5,10,5000,0.30443902737229117,0.1344507361268403,0.4324592649936676,2
30,0.5,25,5000,0.30369180468022844,0.15424688561721403,0.5075907111167908,2
30,0.5,50,5000,0.3076053860601534,0.12629671574178936,0.48925483226776123,2
30,0.5,100,5000,0.32258342207303836,0.1764288410721027,0.5254221558570862,2
30,0.5,250,5000,0.4098501866769263,0.3243639109097773,0.6627058982849121,2
30,0.5,500,5000,0.40765798019090604,0.4257153642884107,0.6540030241012573,3
30,0.5,1000,5000,0.3898540821682821,0.4617440543601359,0.6935423612594604,3
30,0.5,10,10000,0.30443902737229117,0.1344507361268403,0.43245941400527954,2
30,0.5,25,10000,0.30369180468022844,0.15424688561721403,0.5075907111167908,2
30,0.5,50,10000,0.3076053860601534,0.12629671574178936,0.4892549216747284,2
30,0.5,100,10000,0.32258342207303836,0.1764288410721027,0.5254220962524414,2
30,0.5,250,10000,0.4098501866769263,0.3243639109097773,0.6627060174942017,2
30,0.5,500,10000,0.3408506303176678,0.5376821442053605,0.8016908764839172,2
30,0.5,1000,10000,0.33666961439312887,0.5614798036995092,0.8385825753211975,2
30,0.5,10,15000,0.30443902737229117,0.1344507361268403,0.43245938420295715,2
30,0.5,25,15000,0.30369180468022844,0.15424688561721403,0.5075907111167908,2
30,0.5,50,15000,0.3076053860601534,0.12629671574178936,0.4892549216747284,2
30,0.5,100,15000,0.32258342207303836,0.1764288410721027,0.5254222750663757,2
30,0.5,250,15000,0.4098501866769263,0.3243639109097773,0.6627060174942017,2
30,0.5,500,15000,0.0,1.0,,0
30,0.5,1000,15000,0.0,1.0,,0
30,0.5,10,20000,0.0,1.0,,0
30,0.5,25,20000,0.0,1.0,,0
30,0.5,50,20000,0.0,1.0,,0
30,0.5,100,20000,0.0,1.0,,0
30,0.5,250,20000,0.0,1.0,,0
30,0.5,500,20000,0.0,1.0,,0
30,0.5,1000,20000,0.0,1.0,,0
30,0.5,10,22000,0.0,1.0,,0
30,0.5,25,22000,0.0,1.0,,0
30,0.5,50,22000,0.0,1.0,,0
30,0.5,100,22000,0.0,1.0,,0
30,0.5,250,22000,0.0,1.0,,0
30,0.5,500,22000,0.0,1.0,,0
30,0.5,1000,22000,0.0,1.0,,0
50,0.5,10,50,0.48156499725418883,0.06600226500566252,0.4737972617149353,147
50,0.5,25,50,0.4855285470287128,0.05510003775009437,0.4089149236679077,126
50,0.5,50,50,0.4811337457368875,0.08739901849754625,0.5237836241722107,116
50,0.5,100,50,0.49593582296545996,0.10029445073612685,0.6134700775146484,55
50,0.5,250,50,0.5047542017838594,0.14826727066817666,0.7386003136634827,29
50,0.5,500,50,0.5138283023051141,0.16573801434503585,0.6875011920928955,15
50,0.5,1000,50,0.5156811487564019,0.1922838807097018,0.8176751732826233,12
50,0.5,10,100,0.4862287551032318,0.07146847867119668,0.5968665480613708,68
50,0.5,25,100,0.4883001629939206,0.06896187240468102,0.5864735841751099,70
50,0.5,50,100,0.48708021591988543,0.08578331445828614,0.6087895631790161,62
50,0.5,100,100,0.4877764208700001,0.12315590788976973,0.652689516544342,53
50,0.5,250,100,0.5053763240824428,0.1489920724801812,0.7795045375823975,25
50,0.5,500,100,0.5138283023051141,0.16573801434503585,0.6875011324882507,15
50,0.5,1000,100,0.5156811487564019,0.1922838807097018,0.8176749348640442,12
50,0.5,10,250,0.5000336947862132,0.06917327293318233,0.6245229840278625,33
50,0.5,25,250,0.5017707958164456,0.07196677991694979,0.6297630667686462,32
50,0.5,50,250,0.5011425863298219,0.08351830879577199,0.6453256607055664,31
50,0.5,100,250,0.4985709563725514,0.10530766326915818,0.6889172196388245,29
50,0.5,250,250,0.5063261182458979,0.13019252548131371,0.6602246165275574,24
50,0.5,500,250,0.5123211582071963,0.16893922234805586,0.7667946219444275,14
50,0.5,1000,250,0.5158057655191933,0.1919516798791997,0.8185446858406067,11
50,0.5,10,500,0.5162759982420242,0.07566628916572292,0.6047935485839844,18
50,0.5,25,500,0.5153548942693587,0.07607399018497546,0.6120713949203491,18
50,0.5,50,500,0.5130165160386283,0.07282748206870517,0.6073475480079651,18
50,0.5,100,500,0.5087350857243764,0.10903737259343148,0.666671633720398,18
50,0.5,250,500,0.508373896635895,0.13506983767459418,0.7001640200614929,14
50,0.5,500,500,0.5135560911144939,0.15559078897697246,0.693942666053772,12
50,0.5,1000,500,0.5158057655191933,0.1919516798791997,0.8185446262359619,11
50,0.5,10,1000,0.5167900086382361,0.10588146470366176,0.6758549809455872,13
50,0.5,25,1000,0.5173667945143099,0.10049075122687806,0.6698539853096008,13
50,0.5,50,1000,0.5131260485423965,0.1044167610419026,0.68653404712677,14
50,0.5,100,1000,0.5119653358954724,0.1544129860324651,0.7475818991661072,12
50,0.5,250,1000,0.5153651542593116,0.13683654209135523,0.7472517490386963,11
50,0.5,500,1000,0.5163475537314689,0.16602491506228764,0.7298060655593872,11
50,0.5,1000,1000,0.5161462865964744,0.186077765194413,0.8365213871002197,10
50,0.5,10,2500,0.5406411966596376,0.0869762174405436,0.6129331588745117,6
50,0.5,25,2500,0.551173036789963,0.13168742921857304,0.7090654373168945,7
50,0.5,50,2500,0.5450506871647331,0.0695205738014345,0.6057349443435669,6
50,0.5,100,2500,0.5349965990098565,0.09863344658361646,0.6330214738845825,6
50,0.5,250,2500,0.5470144059396189,0.0579690449226123,0.6189488172531128,6
50,0.5,500,2500,0.5399913742224633,0.09076632691581729,0.6424381732940674,6
50,0.5,1000,2500,0.5370564558962425,0.1162400906002265,0.671414852142334,6
50,0.5,10,5000,0.5367262150494871,0.0627859569648924,0.6389939785003662,4
50,0.5,25,5000,0.5443389685216108,0.03611929029822575,0.632781982421875,4
50,0.5,50,5000,0.5517560285692236,0.02419026047565119,0.6177541017532349,4
50,0.5,100,5000,0.5311282420394973,0.07960739901849755,0.6490718126296997,4
50,0.5,250,5000,0.5305624470327992,0.10109475273688184,0.670939564704895,4
50,0.5,500,5000,0.527311413255943,0.13079652699131747,0.6917403936386108,4
50,0.5,1000,5000,0.5151231066186538,0.11460928652321631,0.6257011890411377,4
50,0.5,10,10000,0.5367262150494871,0.0627859569648924,0.6389939785003662,4
50,0.5,25,10000,0.5443389685216108,0.03611929029822575,0.6327820420265198,4
50,0.5,50,10000,0.5517560285692236,0.02419026047565119,0.6177540421485901,4
50,0.5,100,10000,0.5311282420394973,0.07960739901849755,0.6490718126296997,4
50,0.5,250,10000,0.5442476571618581,0.25192902982257454,0.8439150452613831,3
50,0.5,500,10000,0.5384301381372386,0.27172517931294826,0.8574225902557373,3
50,0.5,1000,10000,0.5311930258239282,0.2287806719516799,0.6954819560050964,3
50,0.5,10,15000,0.5739790715024015,0.042702906757266894,0.49807456135749817,3
50,0.5,25,15000,0.5950888568238285,0.023616459041147602,0.5043483376502991,3
50,0.5,50,15000,0.5517560285692236,0.02419026047565119,0.6177541613578796,4
50,0.5,100,15000,0.5847798808674213,0.03702529256323141,0.5170818567276001,3
50,0.5,250,15000,0.5442476571618581,0.25192902982257454,0.8439151048660278,3
50,0.5,500,15000,0.32508936984905584,0.0,0.23115846514701843,2
50,0.5,1000,15000,0.5311930258239282,0.2287806719516799,0.6954819560050964,3
50,0.5,10,20000,0.0,1.0,,0
50,0.5,25,20000,0.0,1.0,,0
50,0.5,50,20000,0.0,1.0,,0
50,0.5,100,20000,0.0,1.0,,0
50,0.5,250,20000,0.0,1.0,,0
50,0.5,500,20000,0.0,1.0,,0
50,0.5,1000,20000,0.0,1.0,,0
50,0.5,10,22000,0.0,1.0,,0
50,0.5,25,22000,0.0,1.0,,0
50,0.5,50,22000,0.0,1.0,,0
50,0.5,100,22000,0.0,1.0,,0
50,0.5,250,22000,0.0,1.0,,0
50,0.5,500,22000,0.0,1.0,,0
50,0.5,1000,22000,0.0,1.0,,0
75,0.5,10,50,0.48651494734196815,0.11462438656096641,0.44475558400154114,162
75,0.5,25,50,0.478194348576994,0.0824311060777652,0.4817846715450287,143
75,0.5,50,50,0.48349630904264695,0.07859569648924122,0.5796802043914795,118
75,0.5,100,50,0.4902607171814121,0.10375235938089845,0.6377352476119995,61
75,0.5,250,50,0.5047741607854382,0.10106455266138166,0.6540295481681824,27
75,0.5,500,50,0.5080707076252636,0.15842959607399018,0.7234430909156799,15
75,0.5,1000,50,0.5153082233123821,0.1981275953189883,0.7485386729240417,13
75,0.5,10,100,0.4865746824784034,0.09313703284258211,0.5217460989952087,77
75,0.5,25,100,0.4867817730265799,0.06653076632691582,0.5634232759475708,71
75,0.5,50,100,0.4916567808360005,0.06260475651189128,0.5525116920471191,65
75,0.5,100,100,0.4922469721544091,0.08548131370328425,0.5968445539474487,54
75,0.5,250,100,0.5047741607854382,0.10106455266138166,0.6540296673774719,27
75,0.5,500,100,0.5080707076252636,0.15842959607399018,0.7234429717063904,15
75,0.5,1000,100,0.5153082233123821,0.1981275953189883,0.7485387325286865,13
75,0.5,10,250,0.4999282093136256,0.0590562476406191,0.5985621809959412,32
75,0.5,25,250,0.502290924235013,0.06265005662514156,0.5949212312698364,29
75,0.5,50,250,0.5009898704789459,0.06083805209513024,0.5881306529045105,29
75,0.5,100,250,0.508357486169292,0.046795016987542466,0.5426511764526367,26
75,0.5,250,250,0.5043883482275965,0.09728954322385806,0.6550430059432983,26
75,0.5,500,250,0.5080707076252636,0.15842959607399018,0.7234429121017456,15
75,0.5,1000,250,0.5107954059822921,0.1682748206870517,0.6377896666526794,12
75,0.5,10,500,0.5062436126204528,0.06465836164590412,0.6080114245414734,19
75,0.5,25,500,0.5068943887626584,0.0631181577953945,0.5983240604400635,18
75,0.5,50,500,0.5044028568491786,0.06798036995092488,0.6011515855789185,18
75,0.5,100,500,0.5081271648251483,0.07072857682144205,0.5745972990989685,17
75,0.5,250,500,0.5053237073381033,0.11492638731596828,0.6591506600379944,16
75,0.5,500,500,0.5080707076252636,0.15842959607399018,0.7234432101249695,15
75,0.5,1000,500,0.5107954059822921,0.1682748206870517,0.637789785861969,12
75,0.5,10,1000,0.5213492416400494,0.08,0.5943421721458435,12
75,0.5,25,1000,0.5158083584310338,0.08878822197055493,0.5820560455322266,13
75,0.5,50,1000,0.513893748841404,0.091838429596074,0.5786544680595398,13
75,0.5,100,1000,0.5213265329346108,0.1255870139675349,0.6317736506462097,12
75,0.5,250,1000,0.5123849044361575,0.1376821442053605,0.6673699617385864,13
75,0.5,500,1000,0.5163069270070624,0.15403548508871273,0.6187107563018799,12
75,0.5,1000,1000,0.5129135782647243,0.1769120422801057,0.6721574664115906,11
75,0.5,10,2500,0.5571964179570108,0.15938089845224612,0.6747918725013733,8
75,0.5,25,2500,0.5688062574249029,0.2174254435636089,0.7285082340240479,7
75,0.5,50,2500,0.5510141681420777,0.14612306530766328,0.6243334412574768,7
75,0.5,100,2500,0.5535112643361891,0.15910909777274443,0.6241044998168945,7
75,0.5,250,2500,0.5434800763293057,0.17331823329558324,0.6525470018386841,6
75,0.5,500,2500,0.5331118684182521,0.17109852774631937,0.6907755136489868,6
75,0.5,1000,2500,0.5707285340819637,0.2673763684409211,0.7803192138671875,6
75,0.5,10,5000,0.6747917490487295,0.10304265760664402,0.6714133620262146,3
75,0.5,25,5000,0.5570973198900883,0.05387693469233673,0.5041440725326538,3
75,0.5,50,5000,0.555766432740527,0.04875802189505474,0.49745532870292664,3
75,0.5,100,5000,0.5428078181184467,0.06693846734616836,0.49283888936042786,3
75,0.5,250,5000,0.5429772302360109,0.10591166477916195,0.5613614320755005,3
75,0.5,500,5000,0.5578159134732693,0.34275575688939225,0.9213858246803284,3
75,0.5,1000,5000,0.5016270508235124,0.15900339750849377,0.6361225843429565,3
75,0.5,10,10000,0.6747917490487295,0.10304265760664402,0.6714134216308594,3
75,0.5,25,10000,0.5570973198900883,0.05387693469233673,0.5041441321372986,3
75,0.5,50,10000,0.555766432740527,0.04875802189505474,0.49745532870292664,3
75,0.5,100,10000,0.5428078181184467,0.06693846734616836,0.49283885955810547,3
75,0.5,250,10000,0.5429772302360109,0.10591166477916195,0.5613613128662109,3
75,0.5,500,10000,0.32508936984905584,0.0,0.3200145661830902,2
75,0.5,1000,10000,0.5016270508235124,0.15900339750849377,0.6361225247383118,3
75,0.5,10,15000,0.6747917490487295,0.10304265760664402,0.6714133024215698,3
75,0.5,25,15000,0.5570973198900883,0.05387693469233673,0.5041439533233643,3
75,0.5,50,15000,0.555766432740527,0.04875802189505474,0.497455358505249,3
75,0.5,100,15000,0.5428078181184467,0.06693846734616836,0.4928388297557831,3
75,0.5,250,15000,0.5429772302360109,0.10591166477916195,0.5613613724708557,3
75,0.5,500,15000,0.32508936984905584,0.0,0.320014625787735,2
75,0.5,1000,15000,0.32559077614794946,0.006674216685541714,0.32758966088294983,2
75,0.5,10,20000,0.0,1.0,,0
75,0.5,25,20000,0.0,1.0,,0
75,0.5,50,20000,0.0,1.0,,0
75,0.5,100,20000,0.0,1.0,,0
75,0.5,250,20000,0.0,1.0,,0
75,0.5,500,20000,0.0,1.0,,0
75,0.5,1000,20000,0.0,1.0,,0
75,0.5,10,22000,0.0,1.0,,0
75,0.5,25,22000,0.0,1.0,,0
75,0.5,50,22000,0.0,1.0,,0
75,0.5,100,22000,0.0,1.0,,0
75,0.5,250,22000,0.0,1.0,,0
75,0.5,500,22000,0.0,1.0,,0
75,0.5,1000,22000,0.0,1.0,,0
100,0.5,10,50,0.47580678629218487,0.0896640241600604,0.3864109218120575,169
100,0.5,25,50,0.4824640666039802,0.10515666289165723,0.4334873557090759,151
100,0.5,50,50,0.48385338823149837,0.08602491506228765,0.47700783610343933,124
100,0.5,100,50,0.4859714936837522,0.09703284258210645,0.5299221277236938,62
100,0.5,250,50,0.5089430385456923,0.1242884107210268,0.6836259365081787,27
100,0.5,500,50,0.5130675284505241,0.16383540958852397,0.674586296081543,18
100,0.5,1000,50,0.5199553064997227,0.2056172140430351,0.7337958216667175,11
100,0.5,10,100,0.48524181529359317,0.07263118157795395,0.4876876175403595,85
100,0.5,25,100,0.49852310848844855,0.04896942242355606,0.5632708072662354,70
100,0.5,50,100,0.49341324516249674,0.05667044167610419,0.5991184115409851,64
100,0.5,100,100,0.4977774722939482,0.07341638354095885,0.617423951625824,55
100,0.5,250,100,0.5094587558644688,0.1256172140430351,0.6879942417144775,26
100,0.5,500,100,0.5133136107442163,0.16533031332578332,0.6807462573051453,17
100,0.5,1000,100,0.5204443877319473,0.20649301623254057,0.7399216294288635,10
100,0.5,10,250,0.5015189738976591,0.037916194790486975,0.5574604272842407,33
100,0.5,25,250,0.504300501344772,0.04664401661004153,0.5727166533470154,29
100,0.5,50,250,0.5059979533205167,0.058724046810117024,0.582744300365448,28
100,0.5,100,250,0.5066756607393444,0.08095130237825594,0.6056308746337891,26
100,0.5,250,250,0.5073201940814382,0.11497168742921857,0.6845661997795105,23
100,0.5,500,250,0.5140773208308844,0.16329180822952058,0.6824952960014343,14
100,0.5,1000,250,0.5204443877319473,0.20649301623254057,0.7399215698242188,10
100,0.5,10,500,0.5100322782897545,0.055190637976594945,0.5122895240783691,18
100,0.5,25,500,0.511343064301392,0.06059645149112873,0.5291170477867126,19
100,0.5,50,500,0.5085616942429166,0.0636164590411476,0.5267547965049744,18
100,0.5,100,500,0.5081725115587831,0.08125330313325783,0.5693402290344238,17
100,0.5,250,500,0.5138258204863454,0.13562853907134767,0.6567360162734985,15
100,0.5,500,500,0.5140773208308844,0.16329180822952058,0.6824953556060791,14
100,0.5,1000,500,0.5204443877319473,0.20649301623254057,0.7399215698242188,10
100,0.5,10,1000,0.5184823159650062,0.08440921102302756,0.5274465084075928,14
100,0.5,25,1000,0.5174484007826787,0.07818799546998867,0.5226709842681885,14
100,0.5,50,1000,0.5146512389459265,0.09362023405058513,0.5477027893066406,14
100,0.5,100,1000,0.5150917547407105,0.09633824084560211,0.5498999953269958,13
100,0.5,250,1000,0.5210885364446936,0.15601359003397508,0.6670454740524292,12
100,0.5,500,1000,0.5315099518404649,0.19802189505473763,0.6993878483772278,10
100,0.5,1000,1000,0.5204443877319473,0.20649301623254057,0.7399216294288635,10
100,0.5,10,2500,0.5627523131997204,0.17106832767081917,0.5703533887863159,6
100,0.5,25,2500,0.5910898547928695,0.21301623254058136,0.5844318270683289,6
100,0.5,50,2500,0.5598768204295288,0.17534163835409589,0.5727174282073975,6
100,0.5,100,2500,0.5906255515000454,0.2448924122310306,0.614465057849884,6
100,0.5,250,2500,0.5607930244281394,0.18625896564741412,0.4622620642185211,5
100,0.5,500,2500,0.6095603858541542,0.2949490373725934,0.6966673731803894,6
100,0.5,1000,2500,0.6641996660377869,0.3063646659116648,0.7505502104759216,5
100,0.5,10,5000,0.5581251772296654,0.1371536428841072,0.6524025797843933,4
100,0.5,25,5000,0.5202795826504341,0.14178935447338617,0.5623407959938049,3
100,0.5,50,5000,0.5585196896136984,0.14124575311438278,0.6581259369850159,4
100,0.5,100,5000,0.5421704156150446,0.19895809739524348,0.5488405823707581,3
100,0.5,250,5000,0.5535027646068837,0.2225896564741412,0.5610538721084595,3
100,0.5,500,5000,0.5920739973190365,0.39501698754246883,0.8662813305854797,3
100,0.5,1000,5000,0.5982176028693929,0.33491883729709326,0.6510406136512756,2
100,0.5,10,10000,0.5184405543619918,0.12681011702529257,0.5484613180160522,3
100,0.5,25,10000,0.5202795826504341,0.14178935447338617,0.5623407363891602,3
100,0.5,50,10000,0.5484406591781349,0.2643714609286523,0.8247396349906921,3
100,0.5,100,10000,0.5421704156150446,0.19895809739524348,0.5488405823707581,3
100,0.5,250,10000,0.5535027646068837,0.2225896564741412,0.561053991317749,3
100,0.5,500,10000,0.33527162823501006,0.11149867874669686,0.43698781728744507,2
100,0.5,1000,10000,0.5982176028693929,0.33491883729709326,0.6510407328605652,2
100,0.5,10,15000,0.5184405543619918,0.12681011702529257,0.5484611988067627,3
100,0.5,25,15000,0.5202795826504341,0.14178935447338617,0.5623407959938049,3
100,0.5,50,15000,0.3206914859024319,0.0711362778406946,0.3920489251613617,2
100,0.5,100,15000,0.5421704156150446,0.19895809739524348,0.5488405823707581,3
100,0.5,250,15000,0.5535027646068837,0.2225896564741412,0.5610539317131042,3
100,0.5,500,15000,0.33527162823501006,0.11149867874669686,0.43698766827583313,2
100,0.5,1000,15000,0.5982176028693929,0.33491883729709326,0.6510406732559204,2
100,0.5,10,20000,0.0,1.0,,0
100,0.5,25,20000,0.0,1.0,,0
100,0.5,50,20000,0.0,1.0,,0
100,0.5,100,20000,0.0,1.0,,0
100,0.5,250,20000,0.0,1.0,,0
100,0.5,500,20000,0.0,1.0,,0
100,0.5,1000,20000,0.0,1.0,,0
100,0.5,10,22000,0.0,1.0,,0
100,0.5,25,22000,0.0,1.0,,0
100,0.5,50,22000,0.0,1.0,,0
100,0.5,100,22000,0.0,1.0,,0
100,0.5,250,22000,0.0,1.0,,0
100,0.5,500,22000,0.0,1.0,,0
100,0.5,1000,22000,0.0,1.0,,0
10,0.75,10,50,0.06055787866674824,0.47987919969799925,-0.31151092052459717,229
10,0.75,25,50,0.07392744145455388,0.558233295583239,-0.27817630767822266,167
10,0.75,50,50,0.07950350852627325,0.5810041525103813,-0.2731175422668457,124
10,0.75,100,50,0.07777584434230911,0.6421593053982635,-0.1530931144952774,67
10,0.75,250,50,0.04853553822676906,0.7360362400906002,0.48795902729034424,23
10,0.75,500,50,0.03071288131295894,0.7953340883352208,0.6586887836456299,15
10,0.75,1000,50,0.03622339738253859,0.7611929029822575,0.7618476152420044,8
10,0.75,10,100,0.07212240536863508,0.5398565496413741,-0.22308745980262756,102
10,0.75,25,100,0.09012597843460092,0.5849754624386561,-0.18229283392429352,76
10,0.75,50,100,0.08870322323442395,0.6005436013590034,-0.14996284246444702,69
10,0.75,100,100,0.07922664426945963,0.6446206115515288,-0.15427255630493164,59
10,0.75,250,100,0.04853553822676906,0.7360362400906002,0.48795896768569946,23
10,0.75,500,100,0.03404383888105768,0.789278973197433,0.6391893625259399,14
10,0.75,1000,100,0.0378438902074412,0.7571611929029822,0.7329555749893188,7
10,0.75,10,250,0.0809788212004577,0.6136957342393355,0.1692211627960205,30
10,0.75,25,250,0.07409534119974319,0.6462212155530389,0.13820530474185944,29
10,0.75,50,250,0.09165037733131601,0.6633144582861458,0.24268703162670135,29
10,0.75,100,250,0.078708882475089,0.6612608531521329,0.2836260497570038,25
10,0.75,250,250,0.05132469336407569,0.7320196300490751,0.5139970183372498,22
10,0.75,500,250,0.032894230671873234,0.7926915817289544,0.6848079562187195,12
10,0.75,1000,250,0.04430060788383993,0.7430275575688939,0.7814505100250244,6
10,0.75,10,500,0.07361900203635875,0.6710758776896942,0.39349278807640076,14
10,0.75,25,500,0.06712660817054669,0.7161041902604757,0.46337011456489563,15
10,0.75,50,500,0.07808541128144324,0.6888335220838052,0.4289870262145996,14
10,0.75,100,500,0.08312998961912918,0.6842582106455266,0.30116236209869385,13
10,0.75,250,500,0.05644859511869482,0.7492034730086825,0.4934617578983307,13
10,0.75,500,500,0.03057560419078041,0.798233295583239,0.6874156594276428,11
10,0.75,1000,500,0.04430060788383993,0.7430275575688939,0.7814504504203796,6
10,0.75,10,1000,0.08497474927011854,0.6693695734239336,0.38990849256515503,8
10,0.75,25,1000,0.07092245787971746,0.6970026425066063,0.43075862526893616,9
10,0.75,50,1000,0.07231415479300989,0.668010570026425,0.5230467319488525,8
10,0.75,100,1000,0.07541917620220158,0.6525028312570782,0.46612071990966797,9
10,0.75,250,1000,0.06952216450445636,0.6761343903359759,0.5795125365257263,7
10,0.75,500,1000,0.052063185818347166,0.722733106832767,0.7081335783004761,7
10,0.75,1000,1000,0.04430060788383993,0.7430275575688939,0.7814505100250244,6
10,0.75,10,2500,0.08388479393353723,0.4387013967534919,0.038895558565855026,3
10,0.75,25,2500,0.0852828587116891,0.4684635711589279,0.051998961716890335,2
10,0.75,50,2500,0.04566739419906203,0.7908493771234428,0.8610623478889465,2
10,0.75,100,2500,0.07095257319559052,0.6141940354850887,0.1439809948205948,2
10,0.75,250,2500,0.06370793886462944,0.7498527746319366,0.842339813709259,2
10,0.75,500,2500,0.053048974880685835,0.7497017742544356,0.71647709608078,2
10,0.75,1000,2500,0.06483369966162938,0.7454284635711589,0.690805196762085,3
10,0.75,10,5000,0.06153612890314152,0.700158550396376,0.730414628982544,2
10,0.75,25,5000,0.058018171105070224,0.7016987542468857,0.72021484375,2
10,0.75,50,5000,0.0,1.0,,0
10,0.75,100,5000,0.0,1.0,,0
10,0.75,250,5000,0.06370793886462944,0.7498527746319366,0.8423398733139038,2
10,0.75,500,5000,0.0,1.0,,0
10,0.75,1000,5000,0.06538964110955599,0.7333333333333333,0.6070179343223572,2
10,0.75,10,10000,0.0,1.0,,0
10,0.75,25,10000,0.0,1.0,,0
10,0.75,50,10000,0.0,1.0,,0
10,0.75,100,10000,0.0,1.0,,0
10,0.75,250,10000,0.0,1.0,,0
10,0.75,500,10000,0.0,1.0,,0
10,0.75,1000,10000,0.0,1.0,,0
10,0.75,10,15000,0.0,1.0,,0
10,0.75,25,15000,0.0,1.0,,0
10,0.75,50,15000,0.0,1.0,,0
10,0.75,100,15000,0.0,1.0,,0
10,0.75,250,15000,0.0,1.0,,0
10,0.75,500,15000,0.0,1.0,,0
10,0.75,1000,15000,0.0,1.0,,0
10,0.75,10,20000,0.0,1.0,,0
10,0.75,25,20000,0.0,1.0,,0
10,0.75,50,20000,0.0,1.0,,0
10,0.75,100,20000,0.0,1.0,,0
10,0.75,250,20000,0.0,1.0,,0
10,0.75,500,20000,0.0,1.0,,0
10,0.75,1000,20000,0.0,1.0,,0
10,0.75,10,22000,0.0,1.0,,0
10,0.75,25,22000,0.0,1.0,,0
10,0.75,50,22000,0.0,1.0,,0
10,0.75,100,22000,0.0,1.0,,0
10,0.75,250,22000,0.0,1.0,,0
10,0.75,500,22000,0.0,1.0,,0
10,0.75,1000,22000,0.0,1.0,,0
15,0.75,10,50,0.0635404278071947,0.46724046810117026,-0.30230197310447693,220
15,0.75,25,50,0.08795022744646638,0.564152510381276,-0.21523712575435638,159
15,0.75,50,50,0.0902181198220555,0.6229369573423934,-0.07878878712654114,123
15,0.75,100,50,0.08176758356800853,0.6896187240468101,0.06881863623857498,62
15,0.75,250,50,0.05736238898786618,0.7629294073235183,0.5203829407691956,27
15,0.75,500,50,0.047374125904957994,0.808471121177803,0.8043585419654846,13
15,0.75,1000,50,0.019780586657173818,0.8546319365798415,0.6954131722450256,8
15,0.75,10,100,0.06989575724097591,0.5388297470743677,-0.20522625744342804,98
15,0.75,25,100,0.08263837798606008,0.6080785201963005,-0.15662281215190887,75
15,0.75,50,100,0.08856427298754165,0.643986409966025,0.00290735368616879,67
15,0.75,100,100,0.08262588410765608,0.6970026425066063,0.10280002653598785,51
15,0.75,250,100,0.056896539267022844,0.7646659116647792,0.5456444621086121,25
15,0.75,500,100,0.047374125904957994,0.808471121177803,0.8043585419654846,13
15,0.75,1000,100,0.027749264231736227,0.8409815024537561,0.6992642879486084,6
15,0.75,10,250,0.05980196633265103,0.5744658361645905,-0.11278898268938065,36
15,0.75,25,250,0.08112053767631952,0.6561268403171008,-0.035421110689640045,28
15,0.75,50,250,0.06509232935761829,0.6973046432616081,0.23798547685146332,29
15,0.75,100,250,0.0688475392107357,0.732970932427331,0.31157246232032776,24
15,0.75,250,250,0.055760456560753284,0.768486221215553,0.5693702101707458,23
15,0.75,500,250,0.04800071067687131,0.8113250283125708,0.805683970451355,12
15,0.75,1000,250,0.027749264231736227,0.8409815024537561,0.6992642879486084,6
15,0.75,10,500,0.06020337005873769,0.6079728199320499,0.019051235169172287,24
15,0.75,25,500,0.07905759764818077,0.7046583616459041,0.37521588802337646,15
15,0.75,50,500,0.0690616479370997,0.7162400906002265,0.23481273651123047,15
15,0.75,100,500,0.04803692077083163,0.7728501321253303,0.5716231465339661,12
15,0.75,250,500,0.05937235436064796,0.7864401661004152,0.664145290851593,12
15,0.75,500,500,0.046280098582746766,0.8165647414118535,0.7648429870605469,10
15,0.75,1000,500,0.027749264231736227,0.8409815024537561,0.6992642879486084,6
15,0.75,10,1000,0.06408539541639852,0.7160588901472253,0.3886297941207886,9
15,0.75,25,1000,0.04610592208548138,0.764318610796527,0.5471392869949341,9
15,0.75,50,1000,0.07184011096943267,0.7435711589278973,0.5339305400848389,7
15,0.75,100,1000,0.05795128892100166,0.7701019252548131,0.6570966839790344,7
15,0.75,250,1000,0.039859530457913225,0.8216836542091355,0.8033628463745117,7
15,0.75,500,1000,0.06008728297321287,0.7974782936957342,0.5949559807777405,6
15,0.75,1000,1000,0.027749264231736227,0.8409815024537561,0.6992642879486084,6
15,0.75,10,2500,0.07043850649969514,0.7559531898829747,0.31918662786483765,4
15,0.75,25,2500,0.08325228478220256,0.7456700641751605,0.33518508076667786,4
15,0.75,50,2500,0.08275918561711103,0.7243790109475273,0.05143910273909569,3
15,0.75,100,2500,0.05945642493446721,0.7532955832389581,0.045331262052059174,2
15,0.75,250,2500,0.022564205325373426,0.8321328803322008,-0.0049965339712798595,2
15,0.75,500,2500,0.05744006650938076,0.7692110230275576,0.07806841284036636,2
15,0.75,1000,2500,0.036049008047537474,0.8408154020385051,0.7709943652153015,3
15,0.75,10,5000,0.03480646930564484,0.8071876179690449,0.6441224217414856,2
15,0.75,25,5000,0.036501993804735504,0.8025066062665157,0.6597221493721008,2
15,0.75,50,5000,0.0,1.0,,0
15,0.75,100,5000,0.0,1.0,,0
15,0.75,250,5000,0.0,1.0,,0
15,0.75,500,5000,0.0,1.0,,0
15,0.75,1000,5000,0.0,1.0,,0
15,0.75,10,10000,0.0,1.0,,0
15,0.75,25,10000,0.0,1.0,,0
15,0.75,50,10000,0.0,1.0,,0
15,0.75,100,10000,0.0,1.0,,0
15,0.75,250,10000,0.0,1.0,,0
15,0.75,500,10000,0.0,1.0,,0
15,0.75,1000,10000,0.0,1.0,,0
15,0.75,10,15000,0.0,1.0,,0
15,0.75,25,15000,0.0,1.0,,0
15,0.75,50,15000,0.0,1.0,,0
15,0.75,100,15000,0.0,1.0,,0
15,0.75,250,15000,0.0,1.0,,0
15,0.75,500,15000,0.0,1.0,,0
15,0.75,1000,15000,0.0,1.0,,0
15,0.75,10,20000,0.0,1.0,,0
15,0.75,25,20000,0.0,1.0,,0
15,0.75,50,20000,0.0,1.0,,0
15,0.75,100,20000,0.0,1.0,,0
15,0.75,250,20000,0.0,1.0,,0
15,0.75,500,20000,0.0,1.0,,0
15,0.75,1000,20000,0.0,1.0,,0
15,0.75,10,22000,0.0,1.0,,0
15,0.75,25,22000,0.0,1.0,,0
15,0.75,50,22000,0.0,1.0,,0
15,0.75,100,22000,0.0,1.0,,0
15,0.75,250,22000,0.0,1.0,,0
15,0.75,500,22000,0.0,1.0,,0
15,0.75,1000,22000,0.0,1.0,,0
30,0.75,10,50,0.3790438525995065,0.260158550396376,-0.22551178932189941,151
30,0.75,25,50,0.4021343360164464,0.3114231785579464,0.2158024162054062,127
30,0.75,50,50,0.39535583577681815,0.33031332578331446,0.2542015016078949,99
30,0.75,100,50,0.3943156925428055,0.36819932049830123,0.32150429487228394,55
30,0.75,250,50,0.3394850435750332,0.43399018497546243,0.42986389994621277,27
30,0.75,500,50,0.3001225254630289,0.48120800302000755,0.5753686428070068,21
30,0.75,1000,50,0.27458681208072083,0.5432691581728954,0.7590318322181702,13
30,0.75,10,100,0.38472364417907934,0.296323140807852,0.2051926702260971,74
30,0.75,25,100,0.3834774769808302,0.3156360890902227,0.2441679835319519,67
30,0.75,50,100,0.3965482015868397,0.3452170630426576,0.28959745168685913,61
30,0.75,100,100,0.3964596072633763,0.3672933182332956,0.31811758875846863,51
30,0.75,250,100,0.3421098767611305,0.4301094752736882,0.41573816537857056,26
30,0.75,500,100,0.3019422296298505,0.4811325028312571,0.5814600586891174,19
30,0.75,1000,100,0.2740723015320193,0.5456247640619102,0.7727050185203552,11
30,0.75,10,250,0.383972560782238,0.33164212910532276,0.2989317774772644,31
30,0.75,25,250,0.36935117895318353,0.3446130615326538,0.2707861065864563,31
30,0.75,50,250,0.3872933957714548,0.3764137410343526,0.33591410517692566,29
30,0.75,100,250,0.3848772598088154,0.3774858437146093,0.33114948868751526,31
30,0.75,250,250,0.3431324567343619,0.42888637221593057,0.3921264708042145,25
30,0.75,500,250,0.302819327256588,0.4814043035107588,0.5845099091529846,17
30,0.75,1000,250,0.2740723015320193,0.5456247640619102,0.7727050185203552,11
30,0.75,10,500,0.36558361366210307,0.3543072857682144,0.32486799359321594,21
30,0.75,25,500,0.3667542278423768,0.36948282370705926,0.2853752672672272,18
30,0.75,50,500,0.36494233145994476,0.4020989052472631,0.4151615500450134,20
30,0.75,100,500,0.3739674562278092,0.4375839939599849,0.5548608899116516,17
30,0.75,250,500,0.3343796018601473,0.4539373348433371,0.5451703071594238,17
30,0.75,500,500,0.2990790609778743,0.49754624386560964,0.6060869693756104,14
30,0.75,1000,500,0.2740723015320193,0.5456247640619102,0.7727049589157104,11
30,0.75,10,1000,0.3509215401712391,0.39264628161570403,0.4129037857055664,15
30,0.75,25,1000,0.35949769014740773,0.3900490751226878,0.5364112854003906,11
30,0.75,50,1000,0.37116292571634407,0.45132502831257076,0.5414857268333435,10
30,0.75,100,1000,0.3393543670389883,0.504477161192903,0.6234927177429199,11
30,0.75,250,1000,0.33964027377515715,0.4923065307663269,0.6543325781822205,10
30,0.75,500,1000,0.297792949066687,0.5358701396753491,0.7564521431922913,10
30,0.75,1000,1000,0.27269272733136884,0.5684107210268026,0.7706425786018372,9
30,0.75,10,2500,0.2869860839561208,0.2600830502076255,0.37792840600013733,4
30,0.75,25,2500,0.3867820817913821,0.3991543978859947,0.705768346786499,6
30,0.75,50,2500,0.3745104176659661,0.474397885994715,0.505247175693512,4
30,0.75,100,2500,0.3959783036129345,0.5353416383540959,0.5062860250473022,3
30,0.75,250,2500,0.36233577603682643,0.47397508493771234,0.576535701751709,3
30,0.75,500,2500,0.4289289455771246,0.5333786334465836,0.8594979047775269,3
30,0.75,1000,2500,0.4536576566738339,0.5140656851642129,0.8496578931808472,3
30,0.75,10,5000,0.307271192427867,0.25303133257833144,0.45984092354774475,3
30,0.75,25,5000,0.4032159989288108,0.4174103435258588,0.7187793254852295,3
30,0.75,50,5000,0.3441795323547085,0.30204605511513777,0.5935999751091003,2
30,0.75,100,5000,0.39736127046010106,0.36519441298603245,0.6664050221443176,2
30,0.75,250,5000,0.36233577603682643,0.47397508493771234,0.5765356421470642,3
30,0.75,500,5000,0.4289289455771246,0.5333786334465836,0.8594980835914612,3
30,0.75,1000,5000,0.4536576566738339,0.5140656851642129,0.8496579527854919,3
30,0.75,10,10000,0.29090300931189156,0.3722461306153265,0.6283217072486877,2
30,0.75,25,10000,0.32365146412569706,0.2887882219705549,0.5764105916023254,2
30,0.75,50,10000,0.3441795323547085,0.30204605511513777,0.5935999751091003,2
30,0.75,100,10000,0.39736127046010106,0.36519441298603245,0.6664050817489624,2
30,0.75,250,10000,0.3055953866586476,0.5770479426198566,0.776039719581604,2
30,0.75,500,10000,0.0,1.0,,0
30,0.75,1000,10000,0.0,1.0,,0
30,0.75,10,15000,0.29090300931189156,0.3722461306153265,0.628321647644043,2
30,0.75,25,15000,0.32365146412569706,0.2887882219705549,0.5764104723930359,2
30,0.75,50,15000,0.3441795323547085,0.30204605511513777,0.5935999751091003,2
30,0.75,100,15000,0.39736127046010106,0.36519441298603245,0.6664051413536072,2
30,0.75,250,15000,0.0,1.0,,0
30,0.75,500,15000,0.0,1.0,,0
30,0.75,1000,15000,0.0,1.0,,0
30,0.75,10,20000,0.0,1.0,,0
30,0.75,25,20000,0.0,1.0,,0
30,0.75,50,20000,0.0,1.0,,0
30,0.75,100,20000,0.0,1.0,,0
30,0.75,250,20000,0.0,1.0,,0
30,0.75,500,20000,0.0,1.0,,0
30,0.75,1000,20000,0.0,1.0,,0
30,0.75,10,22000,0.0,1.0,,0
30,0.75,25,22000,0.0,1.0,,0
30,0.75,50,22000,0.0,1.0,,0
30,0.75,100,22000,0.0,1.0,,0
30,0.75,250,22000,0.0,1.0,,0
30,0.75,500,22000,0.0,1.0,,0
30,0.75,1000,22000,0.0,1.0,,0
50,0.75,10,50,0.48294660719913574,0.05937334843337108,0.4726278483867645,141
50,0.75,25,50,0.48476008481664834,0.06582106455266139,0.3419966697692871,126
50,0.75,50,50,0.48818276783391495,0.0818875047187618,0.5467609763145447,104
50,0.75,100,50,0.4884272309971473,0.1138240845602114,0.656080961227417,57
50,0.75,250,50,0.506216723390723,0.14358625896564742,0.669281542301178,28
50,0.75,500,50,0.50930583609509,0.19000377500943752,0.7696433067321777,16
50,0.75,1000,50,0.5160564390371056,0.20554171385428463,0.8411206603050232,11
50,0.75,10,100,0.49052766460681085,0.05700264250660626,0.5653371810913086,72
50,0.75,25,100,0.49015248326778715,0.07965269913174783,0.6037895679473877,65
50,0.75,50,100,0.48726062810864723,0.08933182332955833,0.6268905401229858,58
50,0.75,100,100,0.4876299219524473,0.10645526613816535,0.6409358382225037,49
50,0.75,250,100,0.5068390350552151,0.14497546243865608,0.6713305115699768,27
50,0.75,500,100,0.50930583609509,0.19000377500943752,0.7696433067321777,16
50,0.75,1000,100,0.5160564390371056,0.20554171385428463,0.8411206007003784,11
50,0.75,10,250,0.5002144705056929,0.0649754624386561,0.5657492280006409,29
50,0.75,25,250,0.5004445719585475,0.06597206493016232,0.5655203461647034,29
50,0.75,50,250,0.5008652595979521,0.07457908644771612,0.5834569334983826,29
50,0.75,100,250,0.5000169874313677,0.09704794261985655,0.6061093211174011,29
50,0.75,250,250,0.503612301431593,0.14076255190637976,0.6522175669670105,24
50,0.75,500,250,0.5073078859783792,0.18153265383163458,0.7673287987709045,15
50,0.75,1000,250,0.5160564390371056,0.20554171385428463,0.8411207795143127,11
50,0.75,10,500,0.507098402363051,0.09597583993959985,0.6045546531677246,18
50,0.75,25,500,0.5054040489051179,0.11151377878444696,0.6191621422767639,19
50,0.75,50,500,0.5043168065472752,0.11137787844469611,0.6428431272506714,19
50,0.75,100,500,0.5048936089655126,0.12714231785579463,0.6568690538406372,17
50,0.75,250,500,0.5094875162997874,0.1664477161192903,0.7332882881164551,16
50,0.75,500,500,0.5084340566071024,0.16462061155152888,0.7719213366508484,13
50,0.75,1000,500,0.5160564390371056,0.20554171385428463,0.8411207795143127,11
50,0.75,10,1000,0.5192884351245878,0.09464703661759154,0.668886661529541,12
50,0.75,25,1000,0.5078574580548786,0.1210570026425066,0.6562595367431641,12
50,0.75,50,1000,0.5170017554090439,0.1154397885994715,0.7252305150032043,11
50,0.75,100,1000,0.5114677613945472,0.13263873159682898,0.7604864239692688,11
50,0.75,250,1000,0.5101053659497709,0.17038882597206492,0.7897602915763855,10
50,0.75,500,1000,0.5089138854450481,0.1826047565118913,0.839618444442749,11
50,0.75,1000,1000,0.523427000114786,0.21514533786334467,0.8143696188926697,9
50,0.75,10,2500,0.5857805887477765,0.05858814647036618,0.6607955694198608,7
50,0.75,25,2500,0.5495944983215311,0.0617440543601359,0.5710756182670593,6
50,0.75,50,2500,0.5489563512541645,0.06322385805964514,0.5728391408920288,6
50,0.75,100,2500,0.5444082415442173,0.07829369573423933,0.5880041122436523,6
50,0.75,250,2500,0.5374839132060844,0.09031332578331445,0.6044972538948059,6
50,0.75,500,2500,0.5295336628759472,0.1272329180822952,0.6373728513717651,6
50,0.75,1000,2500,0.5359137889944207,0.192963382408456,0.7726656794548035,7
50,0.75,10,5000,0.5720219620171179,0.0870064175160438,0.6942647695541382,5
50,0.75,25,5000,0.5336046910144694,0.09525103812759532,0.6273574233055115,4
50,0.75,50,5000,0.5339456579766287,0.09363533408833521,0.625866174697876,4
50,0.75,100,5000,0.5334068329653585,0.09615704039260098,0.6284409761428833,4
50,0.75,250,5000,0.5556788382824465,0.052789731974329936,0.5831372737884521,4
50,0.75,500,5000,0.5273012941971017,0.14234805587013968,0.664344310760498,4
50,0.75,1000,5000,0.5346031203720802,0.3114231785579464,0.8481884002685547,3
50,0.75,10,10000,0.5758944212755769,0.027180067950169876,0.46513620018959045,3
50,0.75,25,10000,0.5336046910144694,0.09525103812759532,0.6273573637008667,4
50,0.75,50,10000,0.5339456579766287,0.09363533408833521,0.6258662343025208,4
50,0.75,100,10000,0.5334068329653585,0.09615704039260098,0.6284410357475281,4
50,0.75,250,10000,0.5764076234360506,0.047021517553793885,0.4874028265476227,3
50,0.75,500,10000,0.5392019462321603,0.27759909399773497,0.8257693648338318,3
50,0.75,1000,10000,0.5346031203720802,0.3114231785579464,0.848188579082489,3
50,0.75,10,15000,0.5758944212755769,0.027180067950169876,0.46513617038726807,3
50,0.75,25,15000,0.5758944212755769,0.027180067950169876,0.46513620018959045,3
50,0.75,50,15000,0.5757840126455631,0.027285768214420535,0.4651322066783905,3
50,0.75,100,15000,0.5777623426197558,0.02929407323518309,0.4684301018714905,3
50,0.75,250,15000,0.5764076234360506,0.047021517553793885,0.4874028265476227,3
50,0.75,500,15000,0.3253970963567684,0.00019630049075122687,0.2031995952129364,2
50,0.75,1000,15000,0.33504450979664135,0.009165722914307286,0.21374458074569702,2
50,0.75,10,20000,0.0,1.0,,0
50,0.75,25,20000,0.0,1.0,,0
50,0.75,50,20000,0.0,1.0,,0
50,0.75,100,20000,0.0,1.0,,0
50,0.75,250,20000,0.0,1.0,,0
50,0.75,500,20000,0.0,1.0,,0
50,0.75,1000,20000,0.0,1.0,,0
50,0.75,10,22000,0.0,1.0,,0
50,0.75,25,22000,0.0,1.0,,0
50,0.75,50,22000,0.0,1.0,,0
50,0.75,100,22000,0.0,1.0,,0
50,0.75,250,22000,0.0,1.0,,0
50,0.75,500,22000,0.0,1.0,,0
50,0.75,1000,22000,0.0,1.0,,0
75,0.75,10,50,0.4824660882640613,0.05535673839184598,0.5324873924255371,145
75,0.75,25,50,0.4844907478198187,0.06595696489241223,0.5872957706451416,128
75,0.75,50,50,0.48365589883822613,0.09173272933182333,0.6398839354515076,115
75,0.75,100,50,0.49974146237520106,0.12221970554926387,0.6866068243980408,58
75,0.75,250,50,0.49959316970350515,0.12196300490751227,0.6493669748306274,24
75,0.75,500,50,0.504692996934376,0.1537787844469611,0.7685486674308777,14
75,0.75,1000,50,0.5202364709205981,0.18541336353340884,0.8151986598968506,12
75,0.75,10,100,0.4897507985474963,0.06573046432616081,0.6190103888511658,72
75,0.75,25,100,0.4933182037197797,0.06080785201963005,0.6220391988754272,68
75,0.75,50,100,0.4942568710528262,0.07601359003397508,0.6469262838363647,64
75,0.75,100,100,0.49765552894630316,0.11222348055870139,0.699910581111908,51
75,0.75,250,100,0.4998155684956491,0.11586258965647414,0.601144552230835,22
75,0.75,500,100,0.504692996934376,0.1537787844469611,0.7685484290122986,14
75,0.75,1000,100,0.5202364709205981,0.18541336353340884,0.8151984214782715,12
75,0.75,10,250,0.5031855500303561,0.04930162325405814,0.543853223323822,35
75,0.75,25,250,0.5038325922209523,0.060385050962627404,0.5842996835708618,31
75,0.75,50,250,0.504643909097293,0.07323518308795772,0.5811526775360107,29
75,0.75,100,250,0.5041743580875981,0.07701019252548132,0.5262131094932556,24
75,0.75,250,250,0.5026020074359469,0.10249905624764062,0.5693094730377197,21
75,0.75,500,250,0.504692996934376,0.1537787844469611,0.7685484886169434,14
75,0.75,1000,250,0.5202364709205981,0.18541336353340884,0.8151986002922058,12
75,0.75,10,500,0.5039772278133227,0.09304643261608155,0.627173900604248,18
75,0.75,25,500,0.5057077754651775,0.09260853152132881,0.6185302734375,16
75,0.75,50,500,0.5067170454110267,0.08264250660626651,0.5862119197845459,16
75,0.75,100,500,0.5043640516509328,0.09023782559456399,0.6238694190979004,14
75,0.75,250,500,0.5003681891901478,0.12409211023027558,0.6808388829231262,14
75,0.75,500,500,0.504692996934376,0.1537787844469611,0.7685483694076538,14
75,0.75,1000,500,0.5202364709205981,0.18541336353340884,0.8151986598968506,12
75,0.75,10,1000,0.5189416690869126,0.11016987542468856,0.5879541039466858,10
75,0.75,25,1000,0.5092752148589615,0.11551528878822197,0.6183852553367615,11
75,0.75,50,1000,0.5067861468641695,0.1082068705171763,0.6249123215675354,12
75,0.75,100,1000,0.506765201590879,0.1140958852397131,0.645095944404602,12
75,0.75,250,1000,0.5084384747037142,0.16043790109475273,0.6927424669265747,11
75,0.75,500,1000,0.5106781142141588,0.17665534163835409,0.7453277707099915,11
75,0.75,1000,1000,0.5174474224689705,0.16412231030577576,0.722094714641571,11
75,0.75,10,2500,0.5318106878465365,0.1527821819554549,0.689358115196228,7
75,0.75,25,2500,0.5276674071737453,0.15685919214798036,0.6909313201904297,7
75,0.75,50,2500,0.5295371282554444,0.1562400906002265,0.6825910806655884,7
75,0.75,100,2500,0.530537132976583,0.13944884862212156,0.5990668535232544,6
75,0.75,250,2500,0.529577873034884,0.1513778784446961,0.6229490041732788,6
75,0.75,500,2500,0.5356675172879927,0.16380520951302377,0.7043994069099426,5
75,0.75,1000,2500,0.5541699603840788,0.22030955077387693,0.845578670501709,6
75,0.75,10,5000,0.622276314188342,0.13537183842959608,0.6739158034324646,3
75,0.75,25,5000,0.5624508648093016,0.06178935447338618,0.5234941244125366,3
75,0.75,50,5000,0.5608239029166204,0.06360135900339751,0.522915780544281,3
75,0.75,100,5000,0.5505611708678895,0.053469233673084184,0.5039995312690735,3
75,0.75,250,5000,0.5455117740680472,0.07731219328048321,0.533633828163147,3
75,0.75,500,5000,0.5165863915965143,0.23054737636844091,0.8100208044052124,4
75,0.75,1000,5000,0.5509870165566605,0.23092487731219327,0.7600045204162598,3
75,0.75,10,10000,0.622276314188342,0.13537183842959608,0.6739157438278198,3
75,0.75,25,10000,0.5624508648093016,0.06178935447338618,0.5234941840171814,3
75,0.75,50,10000,0.5608239029166204,0.06360135900339751,0.522915780544281,3
75,0.75,100,10000,0.5505611708678895,0.053469233673084184,0.5039995908737183,3
75,0.75,250,10000,0.5455117740680472,0.07731219328048321,0.533633828163147,3
75,0.75,500,10000,0.5625740939840757,0.20516421291053227,0.729951798915863,3
75,0.75,1000,10000,0.5509870165566605,0.23092487731219327,0.7600045204162598,3
75,0.75,10,15000,0.622276314188342,0.13537183842959608,0.6739155650138855,3
75,0.75,25,15000,0.5624508648093016,0.06178935447338618,0.5234941244125366,3
75,0.75,50,15000,0.5608239029166204,0.06360135900339751,0.5229157209396362,3
75,0.75,100,15000,0.5505611708678895,0.053469233673084184,0.5039995312690735,3
75,0.75,250,15000,0.5455117740680472,0.07731219328048321,0.5336337089538574,3
75,0.75,500,15000,0.5625740939840757,0.20516421291053227,0.729951798915863,3
75,0.75,1000,15000,0.5509870165566605,0.23092487731219327,0.7600045800209045,3
75,0.75,10,20000,0.0,1.0,,0
75,0.75,25,20000,0.0,1.0,,0
75,0.75,50,20000,0.0,1.0,,0
75,0.75,100,20000,0.0,1.0,,0
75,0.75,250,20000,0.0,1.0,,0
75,0.75,500,20000,0.0,1.0,,0
75,0.75,1000,20000,0.0,1.0,,0
75,0.75,10,22000,0.0,1.0,,0
75,0.75,25,22000,0.0,1.0,,0
75,0.75,50,22000,0.0,1.0,,0
75,0.75,100,22000,0.0,1.0,,0
75,0.75,250,22000,0.0,1.0,,0
75,0.75,500,22000,0.0,1.0,,0
75,0.75,1000,22000,0.0,1.0,,0
100,0.75,10,50,0.4833592037130048,0.10222725556813891,0.1778101623058319,165
100,0.75,25,50,0.4859169780530472,0.0652170630426576,0.37027624249458313,125
100,0.75,50,50,0.4820896699783927,0.08096640241600604,0.4286668002605438,111
100,0.75,100,50,0.501584532040086,0.08392600981502454,0.6382460594177246,59
100,0.75,250,50,0.508657033916502,0.12104190260475652,0.6609164476394653,25
100,0.75,500,50,0.5091297218536811,0.15205738014345035,0.6598499417304993,18
100,0.75,1000,50,0.5134406153044287,0.21571913929784825,0.7410000562667847,12
100,0.75,10,100,0.487802534520347,0.0909777274443186,0.5503935813903809,85
100,0.75,25,100,0.49428476558421364,0.04610041525103813,0.580352246761322,73
100,0.75,50,100,0.49166764988036654,0.06989807474518686,0.6114742159843445,65
100,0.75,100,100,0.5055764120067214,0.07430728576821442,0.6170082092285156,53
100,0.75,250,100,0.5081864829477095,0.11913929784824462,0.659351110458374,24
100,0.75,500,100,0.510077893952983,0.1543676859192148,0.6779811978340149,16
100,0.75,1000,100,0.5134406153044287,0.21571913929784825,0.7410001158714294,12
100,0.75,10,250,0.5021828661341268,0.044847112117780294,0.5632162094116211,32
100,0.75,25,250,0.5035504175195954,0.02992827482068705,0.5320389866828918,28
100,0.75,50,250,0.5005767693607268,0.04303510758776897,0.5528736710548401,28
100,0.75,100,250,0.5028640102441899,0.07083427708569272,0.5884337425231934,25
100,0.75,250,250,0.5087125319802885,0.11723669309173274,0.6492230892181396,22
100,0.75,500,250,0.5107397783886396,0.15592298980747452,0.6795702576637268,15
100,0.75,1000,250,0.5134406153044287,0.21571913929784825,0.7410000562667847,12
100,0.75,10,500,0.5040276568924927,0.05831634579086448,0.5414092540740967,21
100,0.75,25,500,0.5016051349628571,0.052759531898829745,0.5350784063339233,19
100,0.75,50,500,0.4986812570739973,0.0593431483578709,0.5633050203323364,19
100,0.75,100,500,0.5032208872543779,0.07448848622121555,0.5670715570449829,17
100,0.75,250,500,0.5097836785039737,0.125919214798037,0.6483709812164307,16
100,0.75,500,500,0.5107397783886396,0.15592298980747452,0.6795703768730164,15
100,0.75,1000,500,0.5134406153044287,0.21571913929784825,0.7410001158714294,12
100,0.75,10,1000,0.5203084318058329,0.09294073235183088,0.5134468674659729,13
100,0.75,25,1000,0.51879774875753,0.08540581351453379,0.5054068565368652,13
100,0.75,50,1000,0.5068290469559876,0.09461683654209135,0.5699225068092346,15
100,0.75,100,1000,0.5172289802127833,0.12366930917327293,0.5750036835670471,13
100,0.75,250,1000,0.5184429108363116,0.1255870139675349,0.5825704336166382,11
100,0.75,500,1000,0.5315779530599211,0.19125707814269535,0.6807546019554138,11
100,0.75,1000,1000,0.527072478509409,0.23935069837674594,0.7546891570091248,10
100,0.75,10,2500,0.5981589793817697,0.2263495658739147,0.5565647482872009,6
100,0.75,25,2500,0.5676893703335455,0.1688335220838052,0.594414234161377,7
100,0.75,50,2500,0.5483463015154164,0.1634579086447716,0.5110864043235779,6
100,0.75,100,2500,0.5086964378292836,0.140958852397131,0.38375747203826904,4
100,0.75,250,2500,0.5955004106136146,0.24469611174027936,0.5994264483451843,6
100,0.75,500,2500,0.5899118724563622,0.2599169497923745,0.6758729219436646,6
100,0.75,1000,2500,0.6222893182083492,0.2923669309173273,0.7054470777511597,4
100,0.75,10,5000,0.5602181892539543,0.3312193280483201,0.8240967988967896,3
100,0.75,25,5000,0.5570615150410647,0.29360513401283506,0.7989869117736816,3
100,0.75,50,5000,0.5718939084878039,0.22725556813892034,0.6094275712966919,3
100,0.75,100,5000,0.5437364139260192,0.1879350698376746,0.5665046572685242,3
100,0.75,250,5000,0.5767345375359204,0.2548131370328426,0.623284637928009,3
100,0.75,500,5000,0.5567780737771212,0.3113778784446961,0.5974597334861755,2
100,0.75,1000,5000,0.7513818447367728,0.3538693846734617,0.8961343765258789,2
100,0.75,10,10000,0.5602181892539543,0.3312193280483201,0.8240967988967896,3
100,0.75,25,10000,0.5570615150410647,0.29360513401283506,0.7989867925643921,3
100,0.75,50,10000,0.5718939084878039,0.22725556813892034,0.6094275712966919,3
100,0.75,100,10000,0.5437364139260192,0.1879350698376746,0.5665045976638794,3
100,0.75,250,10000,0.5767345375359204,0.2548131370328426,0.623284637928009,3
100,0.75,500,10000,0.5567780737771212,0.3113778784446961,0.597459614276886,2
100,0.75,1000,10000,0.7513818447367728,0.3538693846734617,0.8961345553398132,2
100,0.75,10,15000,0.35872677524710134,0.13760664401661005,0.4046577215194702,2
100,0.75,25,15000,0.31658122974451175,0.045843714609286525,0.3852023482322693,2
100,0.75,50,15000,0.5718939084878039,0.22725556813892034,0.6094275712966919,3
100,0.75,100,15000,0.5437364139260192,0.1879350698376746,0.5665046572685242,3
100,0.75,250,15000,0.3971346288977567,0.17179312948282371,0.4840223491191864,2
100,0.75,500,15000,0.5567780737771212,0.3113778784446961,0.5974596738815308,2
100,0.75,1000,15000,0.7513818447367728,0.3538693846734617,0.8961345553398132,2
100,0.75,10,20000,0.0,1.0,,0
100,0.75,25,20000,0.0,1.0,,0
100,0.75,50,20000,0.0,1.0,,0
100,0.75,100,20000,0.0,1.0,,0
100,0.75,250,20000,0.0,1.0,,0
100,0.75,500,20000,0.0,1.0,,0
100,0.75,1000,20000,0.7513818447367728,0.3538693846734617,0.8961344361305237,2
100,0.75,10,22000,0.0,1.0,,0
100,0.75,25,22000,0.0,1.0,,0
100,0.75,50,22000,0.0,1.0,,0
100,0.75,100,22000,0.0,1.0,,0
100,0.75,250,22000,0.0,1.0,,0
100,0.75,500,22000,0.0,1.0,,0
100,0.75,1000,22000,0.0,1.0,,0
10,1.0,10,50,0.0947078403398579,0.44144960362400903,-0.3578238785266876,249
10,1.0,25,50,0.13093729324192996,0.4764212910532276,-0.37775295972824097,162
10,1.0,50,50,0.12792670513989654,0.5326085315213288,-0.3178612291812897,127
10,1.0,100,50,0.11683668471744402,0.6134541336353341,-0.20585055649280548,64
10,1.0,250,50,0.08290246336176922,0.7217063042657607,0.5335196256637573,23
10,1.0,500,50,0.06837736290881287,0.7270819177047942,0.44762080907821655,13
10,1.0,1000,50,0.07105074264415091,0.7248773121932804,0.5112317800521851,8
10,1.0,10,100,0.13044418157583101,0.48158550396375993,-0.34885063767433167,85
10,1.0,25,100,0.13597953332267498,0.5431634579086447,-0.19781093299388885,65
10,1.0,50,100,0.12550616245477883,0.5787693469233673,-0.20296669006347656,63
10,1.0,100,100,0.12882519627893488,0.6081993204983013,-0.11888724565505981,48
10,1.0,250,100,0.08322542496329194,0.7227482068705172,0.533611536026001,22
10,1.0,500,100,0.06845300052404159,0.7289694224235561,0.4572697877883911,11
10,1.0,1000,100,0.07105074264415091,0.7248773121932804,0.5112317800521851,8
10,1.0,10,250,0.13103463873753618,0.5492940732351831,-0.1361054927110672,32
10,1.0,25,250,0.12905756378449426,0.6084258210645527,0.11703775078058243,25
10,1.0,50,250,0.12509841840666794,0.6361192902982258,0.19899117946624756,23
10,1.0,100,250,0.11448367831018719,0.6361494903737259,0.3479068875312805,23
10,1.0,250,250,0.09213138055124083,0.7127821819554548,0.3732101023197174,20
10,1.0,500,250,0.06934701188961102,0.7277614194035485,0.4577733874320984,10
10,1.0,1000,250,0.07105074264415091,0.7248773121932804,0.5112318396568298,8
10,1.0,10,500,0.13185109014127175,0.6098754246885617,0.15327437222003937,14
10,1.0,25,500,0.11642059751372018,0.65759154397886,0.3411494791507721,14
10,1.0,50,500,0.10983091314138824,0.6868554171385428,0.25100308656692505,10
10,1.0,100,500,0.10452827369085416,0.6763608909022273,0.25390300154685974,10
10,1.0,250,500,0.10178892686072032,0.6809060022650056,0.28507333993911743,11
10,1.0,500,500,0.06934701188961102,0.7277614194035485,0.45777344703674316,10
10,1.0,1000,500,0.07395444196196573,0.7055794639486599,0.5343762636184692,7
10,1.0,10,1000,0.1253431003969176,0.5400679501698754,0.08028597384691238,6
10,1.0,25,1000,0.10728415379412377,0.662559456398641,0.22384113073349,8
10,1.0,50,1000,0.1040352359984518,0.6686598716496791,0.2416980117559433,8
10,1.0,100,1000,0.10642656496428947,0.6721026802567006,0.25980764627456665,8
10,1.0,250,1000,0.12048731650432516,0.6830955077387694,0.3720789849758148,8
10,1.0,500,1000,0.08739137407479798,0.7273990184975463,0.4644196629524231,8
10,1.0,1000,1000,0.07539663138088377,0.7053378633446583,0.559930145740509,6
10,1.0,10,2500,0.07644438340518284,0.602400906002265,0.26999369263648987,2
10,1.0,25,2500,0.09997660325113981,0.5672782181955455,0.17426235973834991,3
10,1.0,50,2500,0.06630066296855443,0.635364288410721,0.2309911847114563,2
10,1.0,100,2500,0.0676640082186616,0.6638882597206494,0.3009625971317291,2
10,1.0,250,2500,0.07704222920127315,0.6241449603624009,0.16144809126853943,2
10,1.0,500,2500,0.09641312642732826,0.7213137032842583,0.7502514123916626,3
10,1.0,1000,2500,0.10199622777739972,0.6881993204983012,0.651736319065094,3
10,1.0,10,5000,0.0,1.0,,0
10,1.0,25,5000,0.0,1.0,,0
10,1.0,50,5000,0.0,1.0,,0
10,1.0,100,5000,0.0,1.0,,0
10,1.0,250,5000,0.0,1.0,,0
10,1.0,500,5000,0.07185547287586312,0.7642884107210268,0.7337318658828735,2
10,1.0,1000,5000,0.13847938844394392,0.6806795016987542,0.7059459090232849,2
10,1.0,10,10000,0.0,1.0,,0
10,1.0,25,10000,0.0,1.0,,0
10,1.0,50,10000,0.0,1.0,,0
10,1.0,100,10000,0.0,1.0,,0
10,1.0,250,10000,0.0,1.0,,0
10,1.0,500,10000,0.0,1.0,,0
10,1.0,1000,10000,0.13847938844394392,0.6806795016987542,0.7059459090232849,2
10,1.0,10,15000,0.0,1.0,,0
10,1.0,25,15000,0.0,1.0,,0
10,1.0,50,15000,0.0,1.0,,0
10,1.0,100,15000,0.0,1.0,,0
10,1.0,250,15000,0.0,1.0,,0
10,1.0,500,15000,0.0,1.0,,0
10,1.0,1000,15000,0.0,1.0,,0
10,1.0,10,20000,0.0,1.0,,0
10,1.0,25,20000,0.0,1.0,,0
10,1.0,50,20000,0.0,1.0,,0
10,1.0,100,20000,0.0,1.0,,0
10,1.0,250,20000,0.0,1.0,,0
10,1.0,500,20000,0.0,1.0,,0
10,1.0,1000,20000,0.0,1.0,,0
10,1.0,10,22000,0.0,1.0,,0
10,1.0,25,22000,0.0,1.0,,0
10,1.0,50,22000,0.0,1.0,,0
10,1.0,100,22000,0.0,1.0,,0
10,1.0,250,22000,0.0,1.0,,0
10,1.0,500,22000,0.0,1.0,,0
10,1.0,1000,22000,0.0,1.0,,0
15,1.0,10,50,0.06111336810580956,0.4869913174782937,-0.2831878662109375,242
15,1.0,25,50,0.07099125506299091,0.5846734616836542,-0.20371337234973907,170
15,1.0,50,50,0.08304791382104891,0.6544356360890903,-0.029498390853405,117
15,1.0,100,50,0.07074462432979622,0.6947829369573424,0.1022455245256424,53
15,1.0,250,50,0.05184288844326008,0.7673990184975462,0.47416821122169495,24
15,1.0,500,50,0.03909882845020273,0.8096187240468101,0.7907466888427734,16
15,1.0,1000,50,0.021234740269372065,0.8458890147225369,0.9201809763908386,8
15,1.0,10,100,0.06268331471076699,0.5509097772744432,-0.13282161951065063,103
15,1.0,25,100,0.07632146103953136,0.6253227633069083,-0.10180580615997314,72
15,1.0,50,100,0.0729781182289588,0.6499509248773122,-0.026954909786581993,56
15,1.0,100,100,0.06901716748743449,0.7088712721781805,0.1510583609342575,49
15,1.0,250,100,0.05079449495786491,0.7591694979237448,0.49665042757987976,21
15,1.0,500,100,0.040826977065012635,0.810237825594564,0.8062723875045776,13
15,1.0,1000,100,0.021234740269372065,0.8458890147225369,0.9201809763908386,8
15,1.0,10,250,0.04577015025311735,0.610554926387316,0.07491457462310791,36
15,1.0,25,250,0.0624116822035344,0.6771158927897319,0.09821508824825287,25
15,1.0,50,250,0.05887444795847737,0.6954473386183465,0.19120608270168304,23
15,1.0,100,250,0.059495876399474616,0.7126462816157041,0.37594518065452576,20
15,1.0,250,250,0.05079449495786491,0.7591694979237448,0.4966503977775574,21
15,1.0,500,250,0.040826977065012635,0.810237825594564,0.8062723875045776,13
15,1.0,1000,250,0.021234740269372065,0.8458890147225369,0.9201809763908386,8
15,1.0,10,500,0.055077727536300976,0.651506228765572,0.24893292784690857,18
15,1.0,25,500,0.07418451179632995,0.6885768214420536,0.3204551339149475,15
15,1.0,50,500,0.08618904232824844,0.7032540581351453,0.3264961838722229,14
15,1.0,100,500,0.06974527712967998,0.7131898829747074,0.4107157289981842,16
15,1.0,250,500,0.06600856131959135,0.7696489241223103,0.4230143427848816,11
15,1.0,500,500,0.03880101112644836,0.7985956964892412,0.7243936061859131,10
15,1.0,1000,500,0.019353478453534124,0.8510079275198188,0.9280441403388977,7
15,1.0,10,1000,0.057530120476389814,0.7095356738391846,0.3863815367221832,10
15,1.0,25,1000,0.04992934295857743,0.7628237070592676,0.6619158387184143,8
15,1.0,50,1000,0.057925789001738226,0.7567685919214798,0.4462392032146454,8
15,1.0,100,1000,0.05508979729224822,0.763367308418271,0.49337583780288696,8
15,1.0,250,1000,0.05632302942368837,0.7800830502076255,0.45638129115104675,8
15,1.0,500,1000,0.03677668378106513,0.8052397130992828,0.7394730448722839,8
15,1.0,1000,1000,0.019353478453534124,0.8510079275198188,0.9280441403388977,7
15,1.0,10,2500,0.05885597142358623,0.7645602114005285,0.4663110375404358,3
15,1.0,25,2500,0.07041139675529912,0.7788146470366176,0.761814534664154,3
15,1.0,50,2500,0.06770927700994019,0.7829671574178936,0.6649935245513916,2
15,1.0,100,2500,0.051506764633897285,0.8017818044545111,0.6621723175048828,2
15,1.0,250,2500,0.0892957104554752,0.773439033597584,0.6961861848831177,2
15,1.0,500,2500,0.07858374880683663,0.7545035862589656,0.6126769185066223,3
15,1.0,1000,2500,0.1055964628362308,0.7581124952812383,0.7088583707809448,2
15,1.0,10,5000,0.04745882220581534,0.7569950924877312,0.26346564292907715,2
15,1.0,25,5000,0.0,1.0,,0
15,1.0,50,5000,0.06770927700994019,0.7829671574178936,0.6649935245513916,2
15,1.0,100,5000,0.051506764633897285,0.8017818044545111,0.6621723175048828,2
15,1.0,250,5000,0.0,1.0,,0
15,1.0,500,5000,0.12740073410459332,0.7402491506228766,0.709366500377655,2
15,1.0,1000,5000,0.0,1.0,,0
15,1.0,10,10000,0.0,1.0,,0
15,1.0,25,10000,0.0,1.0,,0
15,1.0,50,10000,0.0,1.0,,0
15,1.0,100,10000,0.0,1.0,,0
15,1.0,250,10000,0.0,1.0,,0
15,1.0,500,10000,0.0,1.0,,0
15,1.0,1000,10000,0.0,1.0,,0
15,1.0,10,15000,0.0,1.0,,0
15,1.0,25,15000,0.0,1.0,,0
15,1.0,50,15000,0.0,1.0,,0
15,1.0,100,15000,0.0,1.0,,0
15,1.0,250,15000,0.0,1.0,,0
15,1.0,500,15000,0.0,1.0,,0
15,1.0,1000,15000,0.0,1.0,,0
15,1.0,10,20000,0.0,1.0,,0
15,1.0,25,20000,0.0,1.0,,0
15,1.0,50,20000,0.0,1.0,,0
15,1.0,100,20000,0.0,1.0,,0
15,1.0,250,20000,0.0,1.0,,0
15,1.0,500,20000,0.0,1.0,,0
15,1.0,1000,20000,0.0,1.0,,0
15,1.0,10,22000,0.0,1.0,,0
15,1.0,25,22000,0.0,1.0,,0
15,1.0,50,22000,0.0,1.0,,0
15,1.0,100,22000,0.0,1.0,,0
15,1.0,250,22000,0.0,1.0,,0
15,1.0,500,22000,0.0,1.0,,0
15,1.0,1000,22000,0.0,1.0,,0
30,1.0,10,50,0.36476514485788636,0.23909399773499435,-0.3264256715774536,163
30,1.0,25,50,0.4100440435597653,0.31021517553793887,0.1020481213927269,124
30,1.0,50,50,0.40058983772149936,0.3405360513401284,0.1618625968694687,101
30,1.0,100,50,0.3930506866986604,0.39232918082295204,0.24371792376041412,55
30,1.0,250,50,0.3625966806944671,0.42184975462438656,0.37835273146629333,30
30,1.0,500,50,0.33294951010485363,0.4760437901094753,0.5189045071601868,19
30,1.0,1000,50,0.32127156138997365,0.5323367308418271,0.8757113218307495,11
30,1.0,10,100,0.3877896430039188,0.2660626651566629,-0.2285182625055313,74
30,1.0,25,100,0.40323235396424867,0.3215251038127595,0.17782409489154816,64
30,1.0,50,100,0.40402392203727894,0.34358625896564743,0.15882912278175354,56
30,1.0,100,100,0.3950496217262947,0.3734239335598339,0.16661366820335388,49
30,1.0,250,100,0.3623886461078612,0.4252170630426576,0.38555917143821716,27
30,1.0,500,100,0.3350191799184442,0.4783842959607399,0.6543793082237244,17
30,1.0,1000,100,0.32127156138997365,0.5323367308418271,0.8757114410400391,11
30,1.0,10,250,0.36733105760779067,0.3137485843714609,0.1474824696779251,40
30,1.0,25,250,0.39263433985981155,0.3462740656851642,0.3232698142528534,32
30,1.0,50,250,0.39949725997706437,0.3805813514533786,0.34785979986190796,29
30,1.0,100,250,0.39388839454432106,0.40819932049830127,0.3294437527656555,26
30,1.0,250,250,0.36496179404162515,0.4182559456398641,0.32375070452690125,24
30,1.0,500,250,0.33413663303757474,0.48045300113250283,0.65714031457901,16
30,1.0,1000,250,0.32127156138997365,0.5323367308418271,0.8757114410400391,11
30,1.0,10,500,0.35866443846265256,0.32421291053227635,0.33563902974128723,20
30,1.0,25,500,0.37361938561402175,0.3828161570403926,0.47743868827819824,19
30,1.0,50,500,0.4000125821703921,0.4097093242733107,0.5727710723876953,18
30,1.0,100,500,0.3881796507544171,0.4420234050585126,0.609492301940918,15
30,1.0,250,500,0.3586469571086552,0.43533408833522086,0.4525052011013031,16
30,1.0,500,500,0.3360136557019641,0.5010041525103813,0.7936804890632629,13
30,1.0,1000,500,0.32127156138997365,0.5323367308418271,0.8757115006446838,11
30,1.0,10,1000,0.36468171141965344,0.34272555681389205,0.459573894739151,14
30,1.0,25,1000,0.3753336155223339,0.4209890524726312,0.5786179304122925,11
30,1.0,50,1000,0.36941342906748115,0.47690449226123066,0.6769400238990784,9
30,1.0,100,1000,0.3777751457044349,0.46758776896942245,0.6561126708984375,10
30,1.0,250,1000,0.3511808664288202,0.4955832389580974,0.7945005893707275,10
30,1.0,500,1000,0.3300315409640381,0.531853529633824,0.8962323665618896,10
30,1.0,1000,1000,0.32273800274740994,0.5404001510003775,0.8592448830604553,9
30,1.0,10,2500,0.3800864349583787,0.4456172140430351,0.7355223894119263,5
30,1.0,25,2500,0.3749996716689181,0.46961117402793506,0.5615703463554382,4
30,1.0,50,2500,0.37599916659007177,0.49541713854284636,0.7346950173377991,4
30,1.0,100,2500,0.3850751302252663,0.5028161570403926,0.5230421423912048,4
30,1.0,250,2500,0.35991276653746124,0.5395847489618724,0.6188836693763733,3
30,1.0,500,2500,0.4023257846526043,0.47842959607399016,0.6432394981384277,3
30,1.0,1000,2500,0.39726674608924845,0.484001510003775,0.6928387880325317,3
30,1.0,10,5000,0.2936477188078994,0.18589656474141186,0.4901439845561981,2
30,1.0,25,5000,0.34694874141549986,0.2998112495281238,0.579511284828186,2
30,1.0,50,5000,0.3657472781387214,0.24948282370705926,0.5687723159790039,2
30,1.0,100,5000,0.4194430105295099,0.3524650811627029,0.6315499544143677,2
30,1.0,250,5000,0.5083095730436209,0.44122310305775764,0.7606198787689209,2
30,1.0,500,5000,0.5319165649680277,0.42618346545866365,0.762510359287262,2
30,1.0,1000,5000,0.39726674608924845,0.484001510003775,0.6928386688232422,3
30,1.0,10,10000,0.2936477188078994,0.18589656474141186,0.49014410376548767,2
30,1.0,25,10000,0.34694874141549986,0.2998112495281238,0.5795114040374756,2
30,1.0,50,10000,0.3657472781387214,0.24948282370705926,0.5687723159790039,2
30,1.0,100,10000,0.4194430105295099,0.3524650811627029,0.6315498948097229,2
30,1.0,250,10000,0.5083095730436209,0.44122310305775764,0.7606198787689209,2
30,1.0,500,10000,0.5319165649680277,0.42618346545866365,0.7625104188919067,2
30,1.0,1000,10000,0.5141151661964225,0.43388448471121177,0.7596125602722168,2
30,1.0,10,15000,0.2936477188078994,0.18589656474141186,0.49014410376548767,2
30,1.0,25,15000,0.34694874141549986,0.2998112495281238,0.5795114040374756,2
30,1.0,50,15000,0.3657472781387214,0.24948282370705926,0.5687723159790039,2
30,1.0,100,15000,0.4194430105295099,0.3524650811627029,0.6315498948097229,2
30,1.0,250,15000,0.5083095730436209,0.44122310305775764,0.7606198191642761,2
30,1.0,500,15000,0.5319165649680277,0.42618346545866365,0.7625102400779724,2
30,1.0,1000,15000,0.5141151661964225,0.43388448471121177,0.759612500667572,2
30,1.0,10,20000,0.0,1.0,,0
30,1.0,25,20000,0.0,1.0,,0
30,1.0,50,20000,0.0,1.0,,0
30,1.0,100,20000,0.0,1.0,,0
30,1.0,250,20000,0.0,1.0,,0
30,1.0,500,20000,0.0,1.0,,0
30,1.0,1000,20000,0.0,1.0,,0
30,1.0,10,22000,0.0,1.0,,0
30,1.0,25,22000,0.0,1.0,,0
30,1.0,50,22000,0.0,1.0,,0
30,1.0,100,22000,0.0,1.0,,0
30,1.0,250,22000,0.0,1.0,,0
30,1.0,500,22000,0.0,1.0,,0
30,1.0,1000,22000,0.0,1.0,,0
50,1.0,10,50,0.48687381906579,0.05173272933182333,0.3421531617641449,138
50,1.0,25,50,0.4859076614112761,0.06654586636466592,0.357886403799057,126
50,1.0,50,50,0.48451219845793575,0.09713854284635712,0.36706483364105225,102
50,1.0,100,50,0.4910268631084121,0.1390260475651189,0.6835294961929321,49
50,1.0,250,50,0.5033804046654377,0.1709626274065685,0.7475172281265259,24
50,1.0,500,50,0.5049141751180928,0.19984899962249905,0.8418161273002625,16
50,1.0,1000,50,0.5194193029814725,0.23183087957719895,0.8556836247444153,12
50,1.0,10,100,0.4948274881102514,0.08305020762551907,0.6048530340194702,71
50,1.0,25,100,0.4959873681807419,0.0850887127217818,0.5828515291213989,59
50,1.0,50,100,0.4928325064730568,0.09802944507361268,0.6114051938056946,54
50,1.0,100,100,0.49213958056337714,0.13497923744809362,0.6604103446006775,45
50,1.0,250,100,0.5033804046654377,0.1709626274065685,0.7475172877311707,24
50,1.0,500,100,0.5049141751180928,0.19984899962249905,0.8418160676956177,16
50,1.0,1000,100,0.5211220888681687,0.2345941864854662,0.8678396344184875,10
50,1.0,10,250,0.5046578790789421,0.08055870139675349,0.5769963264465332,27
50,1.0,25,250,0.5035458438310909,0.08890902227255568,0.5908563733100891,27
50,1.0,50,250,0.5071045674707364,0.11309928274820687,0.6466401815414429,28
50,1.0,100,250,0.5038116752484654,0.14733106832767082,0.6973775029182434,25
50,1.0,250,250,0.5034838546150446,0.15504718761796904,0.7113810181617737,23
50,1.0,500,250,0.5044581643497306,0.18946017365043413,0.8443828821182251,13
50,1.0,1000,250,0.5211220888681687,0.2345941864854662,0.867839515209198,10
50,1.0,10,500,0.5106984701499159,0.12057380143450358,0.6656895875930786,17
50,1.0,25,500,0.5098706084150783,0.11989429973574935,0.6666452884674072,17
50,1.0,50,500,0.5190018890495742,0.13911664779161947,0.6720137000083923,16
50,1.0,100,500,0.5145036431181977,0.14799546998867497,0.7186129093170166,14
50,1.0,250,500,0.5133856937241649,0.14862967157417895,0.7268092632293701,13
50,1.0,500,500,0.5044581643497306,0.18946017365043413,0.8443828225135803,13
50,1.0,1000,500,0.5211220888681687,0.2345941864854662,0.867839515209198,10
50,1.0,10,1000,0.5205279991065971,0.15963759909399775,0.6974943280220032,12
50,1.0,25,1000,0.5133273360874268,0.1492336730841827,0.6989436149597168,13
50,1.0,50,1000,0.5251780791431029,0.1337259343148358,0.6817054152488708,11
50,1.0,100,1000,0.5139617063585252,0.1455190637976595,0.7421265244483948,12
50,1.0,250,1000,0.52043414088854,0.18835787089467723,0.8053930997848511,10
50,1.0,500,1000,0.51726376645009,0.20869762174405437,0.8398101329803467,10
50,1.0,1000,1000,0.5211220888681687,0.2345941864854662,0.867839515209198,10
50,1.0,10,2500,0.5771518454206608,0.08634201585503964,0.6196790337562561,7
50,1.0,25,2500,0.5703862352508434,0.09836164590411477,0.6340330243110657,7
50,1.0,50,2500,0.5452811650279077,0.07459418648546622,0.5670142769813538,6
50,1.0,100,2500,0.5622209968012258,0.17147602869007172,0.8049299716949463,6
50,1.0,250,2500,0.5557417578006275,0.20652321630804077,0.7686587572097778,6
50,1.0,500,2500,0.5513772913252426,0.23926009815024538,0.8483787775039673,6
50,1.0,1000,2500,0.5329581778848849,0.3108040770101925,0.8778704404830933,5
50,1.0,10,5000,0.595970459154252,0.03023027557568894,0.5055344700813293,3
50,1.0,25,5000,0.5332123197104648,0.08717251793129482,0.6111322641372681,4
50,1.0,50,5000,0.531958221042997,0.10127595318988297,0.6178754568099976,4
50,1.0,100,5000,0.5954913216384641,0.03272178180445451,0.5082224011421204,3
50,1.0,250,5000,0.5803078794367351,0.0007701019252548131,0.47298911213874817,3
50,1.0,500,5000,0.5888776027886289,0.18530766326915818,0.7363182306289673,3
50,1.0,1000,5000,0.5880513418563266,0.195681389203473,0.7637794017791748,3
50,1.0,10,10000,0.595970459154252,0.03023027557568894,0.505534291267395,3
50,1.0,25,10000,0.5332123197104648,0.08717251793129482,0.6111322641372681,4
50,1.0,50,10000,0.531958221042997,0.10127595318988297,0.6178756356239319,4
50,1.0,100,10000,0.5954913216384641,0.03272178180445451,0.5082223415374756,3
50,1.0,250,10000,0.5803078794367351,0.0007701019252548131,0.47298911213874817,3
50,1.0,500,10000,0.5888776027886289,0.18530766326915818,0.7363181710243225,3
50,1.0,1000,10000,0.5880513418563266,0.195681389203473,0.7637794613838196,3
50,1.0,10,15000,0.595970459154252,0.03023027557568894,0.505534291267395,3
50,1.0,25,15000,0.5513011224090714,0.07537938844847113,0.49367693066596985,3
50,1.0,50,15000,0.5513011224090714,0.07537938844847113,0.493677020072937,3
50,1.0,100,15000,0.5954913216384641,0.03272178180445451,0.5082224607467651,3
50,1.0,250,15000,0.5803078794367351,0.0007701019252548131,0.47298914194107056,3
50,1.0,500,15000,0.5888776027886289,0.18530766326915818,0.7363182306289673,3
50,1.0,1000,15000,0.5880513418563266,0.195681389203473,0.7637794613838196,3
50,1.0,10,20000,0.0,1.0,,0
50,1.0,25,20000,0.0,1.0,,0
50,1.0,50,20000,0.0,1.0,,0
50,1.0,100,20000,0.0,1.0,,0
50,1.0,250,20000,0.0,1.0,,0
50,1.0,500,20000,0.0,1.0,,0
50,1.0,1000,20000,0.0,1.0,,0
50,1.0,10,22000,0.0,1.0,,0
50,1.0,25,22000,0.0,1.0,,0
50,1.0,50,22000,0.0,1.0,,0
50,1.0,100,22000,0.0,1.0,,0
50,1.0,250,22000,0.0,1.0,,0
50,1.0,500,22000,0.0,1.0,,0
50,1.0,1000,22000,0.0,1.0,,0
75,1.0,10,50,0.4900263773613077,0.10921857304643262,0.19512444734573364,155
75,1.0,25,50,0.49029242925805505,0.07000377500943752,0.21797055006027222,105
75,1.0,50,50,0.48850494540037726,0.07797659494148736,0.24570900201797485,88
75,1.0,100,50,0.493161285739858,0.09899584748961872,0.649803102016449,49
75,1.0,250,50,0.5035501710175658,0.09550773876934693,0.6208576560020447,26
75,1.0,500,50,0.5049958628719533,0.13774254435636088,0.6577868461608887,16
75,1.0,1000,50,0.5232961744369211,0.20921102302755756,0.7319713830947876,13
75,1.0,10,100,0.4918557504131972,0.0800151000377501,0.5299333930015564,60
75,1.0,25,100,0.4925643088682061,0.06721026802567007,0.589163601398468,59
75,1.0,50,100,0.5016370514265545,0.044122310305775764,0.553676426410675,44
75,1.0,100,100,0.4988173120690462,0.07913929784824462,0.6350297331809998,44
75,1.0,250,100,0.5075370367131216,0.0843035107587769,0.6005877256393433,25
75,1.0,500,100,0.5049958628719533,0.13774254435636088,0.6577868461608887,16
75,1.0,1000,100,0.5239407095151661,0.21026802567006417,0.7437679171562195,12
75,1.0,10,250,0.5074609616179938,0.0456474141185353,0.552208662033081,29
75,1.0,25,250,0.5119438229641488,0.03426198565496414,0.5231474041938782,26
75,1.0,50,250,0.5081586698467042,0.044379010947527366,0.5468074679374695,26
75,1.0,100,250,0.5058704405519034,0.06343525858814647,0.5806814432144165,26
75,1.0,250,250,0.5083633573699087,0.0880483201208003,0.60015869140625,24
75,1.0,500,250,0.5049958628719533,0.13774254435636088,0.6577869057655334,16
75,1.0,1000,250,0.5239407095151661,0.21026802567006417,0.7437679171562195,12
75,1.0,10,500,0.512302560115677,0.0676330690826727,0.5304251909255981,17
75,1.0,25,500,0.5115214335310349,0.05334843337108343,0.5298804640769958,17
75,1.0,50,500,0.5121381489006241,0.05408833522083805,0.5290922522544861,17
75,1.0,100,500,0.508232434386165,0.07616459041147602,0.5757675170898438,16
75,1.0,250,500,0.5072486704365706,0.09224613061532654,0.6024410128593445,16
75,1.0,500,500,0.5049958628719533,0.13774254435636088,0.6577867865562439,16
75,1.0,1000,500,0.5239407095151661,0.21026802567006417,0.7437677979469299,12
75,1.0,10,1000,0.5216768940157084,0.07377878444696112,0.5790567994117737,12
75,1.0,25,1000,0.5257367259456199,0.038912797281993206,0.5333977341651917,12
75,1.0,50,1000,0.5189007804234554,0.08196300490751227,0.5585248470306396,13
75,1.0,100,1000,0.5091298110920377,0.04280860702151756,0.5231520533561707,11
75,1.0,250,1000,0.5165793384550718,0.09895054737636844,0.6396920084953308,12
75,1.0,500,1000,0.5162500060552547,0.1383012457531144,0.6794049739837646,11
75,1.0,1000,1000,0.5243517270321051,0.20889392223480557,0.7208550572395325,11
75,1.0,10,2500,0.5634349992436805,0.139041147602869,0.6480610370635986,7
75,1.0,25,2500,0.5582307891207352,0.10823707059267648,0.6659377813339233,7
75,1.0,50,2500,0.5592010209418133,0.13457153642884107,0.6812915802001953,7
75,1.0,100,2500,0.5381124516796675,0.1111211778029445,0.6675968170166016,6
75,1.0,250,2500,0.5367222025911728,0.12607021517553793,0.70102459192276,6
75,1.0,500,2500,0.5352012587541924,0.15240468101170254,0.7383267879486084,6
75,1.0,1000,2500,0.5678598853959994,0.24552661381653454,0.7944342494010925,6
75,1.0,10,5000,0.5474101944270574,0.0794563986409966,0.6692088842391968,4
75,1.0,25,5000,0.5667380738855251,0.027723669309173273,0.5668488144874573,4
75,1.0,50,5000,0.5747938091835825,0.1946847867119668,0.719269871711731,4
75,1.0,100,5000,0.5648258614219279,0.18355605889014723,0.7285992503166199,4
75,1.0,250,5000,0.5647739112881773,0.19661759154397887,0.7453097701072693,4
75,1.0,500,5000,0.5588371675053435,0.3229143072857682,0.9289478063583374,3
75,1.0,1000,5000,0.5559670339807427,0.3685617214043035,0.9433159828186035,3
75,1.0,10,10000,0.5487654578215055,0.05105322763306908,0.5668318271636963,3
75,1.0,25,10000,0.5667380738855251,0.027723669309173273,0.5668487548828125,4
75,1.0,50,10000,0.5443762165871527,0.057032842582106454,0.579640805721283,3
75,1.0,100,10000,0.5326378999615828,0.17892034730086825,0.5930190086364746,3
75,1.0,250,10000,0.561287460104547,0.30192525481313703,0.9142207503318787,3
75,1.0,500,10000,0.5588371675053435,0.3229143072857682,0.9289478063583374,3
75,1.0,1000,10000,0.32500690051626624,0.0,0.3584826588630676,2
75,1.0,10,15000,0.5487654578215055,0.05105322763306908,0.5668318271636963,3
75,1.0,25,15000,0.48308039150866533,0.027723669309173273,0.42089465260505676,3
75,1.0,50,15000,0.5443762165871527,0.057032842582106454,0.579640805721283,3
75,1.0,100,15000,0.5326378999615828,0.17892034730086825,0.5930189490318298,3
75,1.0,250,15000,0.32500690051626624,0.0,0.3584826588630676,2
75,1.0,500,15000,0.32500690051626624,0.0,0.35848268866539,2
75,1.0,1000,15000,0.32500690051626624,0.0,0.3584826588630676,2
75,1.0,10,20000,0.0,1.0,,0
75,1.0,25,20000,0.0,1.0,,0
75,1.0,50,20000,0.0,1.0,,0
75,1.0,100,20000,0.0,1.0,,0
75,1.0,250,20000,0.0,1.0,,0
75,1.0,500,20000,0.0,1.0,,0
75,1.0,1000,20000,0.0,1.0,,0
75,1.0,10,22000,0.0,1.0,,0
75,1.0,25,22000,0.0,1.0,,0
75,1.0,50,22000,0.0,1.0,,0
75,1.0,100,22000,0.0,1.0,,0
75,1.0,250,22000,0.0,1.0,,0
75,1.0,500,22000,0.0,1.0,,0
75,1.0,1000,22000,0.0,1.0,,0
100,1.0,10,50,0.4836818726594514,0.07042657606644016,0.4258788526058197,146
100,1.0,25,50,0.48533343641422433,0.07039637599093998,0.4823014438152313,127
100,1.0,50,50,0.4833792798090311,0.08391090977727444,0.5283300280570984,111
100,1.0,100,50,0.48979137232917935,0.11848999622499057,0.6764604449272156,54
100,1.0,250,50,0.5013976690725293,0.13366553416383542,0.694919228553772,25
100,1.0,500,50,0.503246090669599,0.17426953567383918,0.7131791710853577,19
100,1.0,1000,50,0.5264019099036106,0.24090600226500566,0.7707282900810242,12
100,1.0,10,100,0.4912696212110458,0.08419781049452624,0.5319626331329346,80
100,1.0,25,100,0.49893429421642554,0.05482823707059268,0.5277432799339294,63
100,1.0,50,100,0.49765193023623533,0.05935824839562099,0.5454961657524109,57
100,1.0,100,100,0.4884380767360448,0.10844847112117781,0.6659703850746155,46
100,1.0,250,100,0.5013976690725293,0.13366553416383542,0.6949191093444824,25
100,1.0,500,100,0.5087531935855563,0.16185730464326162,0.6858413219451904,16
100,1.0,1000,100,0.5270682412169307,0.23898829747074368,0.7690874338150024,11
100,1.0,10,250,0.5021736168594406,0.05194412986032465,0.5526501536369324,30
100,1.0,25,250,0.5037706161869335,0.051611929029822576,0.5429972410202026,28
100,1.0,50,250,0.5027021631103751,0.06530766326915817,0.564520537853241,28
100,1.0,100,250,0.5015481523074499,0.09223103057757645,0.6192202568054199,27
100,1.0,250,250,0.5009854856325272,0.13143072857682145,0.6894515752792358,23
100,1.0,500,250,0.5087531935855563,0.16185730464326162,0.6858413219451904,16
100,1.0,1000,250,0.5270682412169307,0.23898829747074368,0.7690873742103577,11
100,1.0,10,500,0.5060730346616757,0.07288788221970555,0.5221596956253052,18
100,1.0,25,500,0.5102585869195552,0.08736881842204605,0.5221662521362305,17
100,1.0,50,500,0.5050872556549838,0.07818799546998867,0.5592909455299377,19
100,1.0,100,500,0.504932477590787,0.11726689316723292,0.6226751804351807,18
100,1.0,250,500,0.502692080868476,0.1441902604756512,0.6699439287185669,17
100,1.0,500,500,0.5110620395957653,0.16708191770479427,0.6921098828315735,15
100,1.0,1000,500,0.5270682412169307,0.23898829747074368,0.7690872550010681,11
100,1.0,10,1000,0.5153220235689773,0.08622121555303888,0.5275374054908752,13
100,1.0,25,1000,0.5299516635167939,0.1286070215175538,0.5752845406532288,12
100,1.0,50,1000,0.5151612947950108,0.09272933182332956,0.537484884262085,13
100,1.0,100,1000,0.5203247648148659,0.1258588146470366,0.580091118812561,12
100,1.0,250,1000,0.507066125950096,0.10645526613816535,0.5304653644561768,11
100,1.0,500,1000,0.5369099270937447,0.21283503208758023,0.7170236110687256,11
100,1.0,1000,1000,0.5270682412169307,0.23898829747074368,0.7690873742103577,11
100,1.0,10,2500,0.5498523078625823,0.13262363155907889,0.478230357170105,6
100,1.0,25,2500,0.5383492312013447,0.11800679501698755,0.5557559132575989,6
100,1.0,50,2500,0.5007126252291252,0.12060400151000378,0.3481082320213318,4
100,1.0,100,2500,0.5268436023405135,0.18769346923367308,0.4294300973415375,4
100,1.0,250,2500,0.5852097452042634,0.2496640241600604,0.5930358171463013,5
100,1.0,500,2500,0.606372043561436,0.281283503208758,0.6592299342155457,5
100,1.0,1000,2500,0.6000750379209204,0.3355681389203473,0.7490120530128479,5
100,1.0,10,5000,0.6899977366668965,0.21552283880709702,0.8443973660469055,3
100,1.0,25,5000,0.5450047415127356,0.20650811627029067,0.6445712447166443,3
100,1.0,50,5000,0.5284367917169847,0.16758021895054737,0.5969898700714111,3
100,1.0,100,5000,0.5673938984162157,0.2346696866742167,0.6499364972114563,3
100,1.0,250,5000,0.5612595404957504,0.23874669686674216,0.6606821417808533,3
100,1.0,500,5000,0.6361242439585226,0.3273084182710457,0.7059237360954285,3
100,1.0,1000,5000,0.6390875586709085,0.3644998112495281,0.7058104276657104,2
100,1.0,10,10000,0.6899977366668965,0.21552283880709702,0.844397246837616,3
100,1.0,25,10000,0.5450047415127356,0.20650811627029067,0.6445711851119995,3
100,1.0,50,10000,0.5284367917169847,0.16758021895054737,0.5969898104667664,3
100,1.0,100,10000,0.5673938984162157,0.2346696866742167,0.6499364376068115,3
100,1.0,250,10000,0.5612595404957504,0.23874669686674216,0.6606821417808533,3
100,1.0,500,10000,0.6361242439585226,0.3273084182710457,0.7059237360954285,3
100,1.0,1000,10000,0.6390875586709085,0.3644998112495281,0.7058103680610657,2
100,1.0,10,15000,0.5912057486045321,0.18323895809739524,0.7001932263374329,2
100,1.0,25,15000,0.5450047415127356,0.20650811627029067,0.6445711851119995,3
100,1.0,50,15000,0.5284367917169847,0.16758021895054737,0.5969898700714111,3
100,1.0,100,15000,0.5673938984162157,0.2346696866742167,0.6499366164207458,3
100,1.0,250,15000,0.5612595404957504,0.23874669686674216,0.6606820821762085,3
100,1.0,500,15000,0.5987109258529765,0.31880709701774257,0.6465733647346497,2
100,1.0,1000,15000,0.6390875586709085,0.3644998112495281,0.7058104276657104,2
100,1.0,10,20000,0.5912057486045321,0.18323895809739524,0.7001932263374329,2
100,1.0,25,20000,0.0,1.0,,0
100,1.0,50,20000,0.0,1.0,,0
100,1.0,100,20000,0.0,1.0,,0
100,1.0,250,20000,0.0,1.0,,0
100,1.0,500,20000,0.0,1.0,,0
100,1.0,1000,20000,0.0,1.0,,0
100,1.0,10,22000,0.0,1.0,,0
100,1.0,25,22000,0.0,1.0,,0
100,1.0,50,22000,0.0,1.0,,0
100,1.0,100,22000,0.0,1.0,,0
100,1.0,250,22000,0.0,1.0,,0
100,1.0,500,22000,0.0,1.0,,0
100,1.0,1000,22000,0.0,1.0,,0
