n_neighbors,min_dist,min_samples,min_cluster_size,ari,noise_fraction,silhouette,n_clusters
10,0.0,10,50,0.07247138744323392,0.4165345413363533,-0.2808765470981598,233
10,0.0,25,50,0.10157150058835374,0.5051868629671574,-0.15030178427696228,203
10,0.0,50,50,0.11210971833676113,0.5886145715364288,-0.013697858899831772,152
10,0.0,100,50,0.09649949528091048,0.6542997357493394,0.12125863879919052,79
10,0.0,250,50,0.06543823583711099,0.7424235560588901,0.36954304575920105,37
10,0.0,500,50,0.05468442851106793,0.7956662891657229,0.6338167190551758,22
10,0.0,1000,50,0.029397191855055446,0.8368289920724802,0.7100594639778137,9
10,0.0,10,100,0.08194366332939755,0.29676104190260477,-0.4739232361316681,83
10,0.0,25,100,0.0959898412343178,0.5378331445828615,-0.1290585696697235,100
10,0.0,50,100,0.11116583247032244,0.5922536806342016,-0.006482279393821955,91
10,0.0,100,100,0.09496184959370105,0.6560664401661004,0.12435654550790787,72
10,0.0,250,100,0.06767799973858986,0.7382106455266139,0.36236852407455444,32
10,0.0,500,100,0.05760378028531908,0.7955907889769724,0.7119407057762146,16
10,0.0,1000,100,0.029397191855055446,0.8368289920724802,0.7100594639778137,9
10,0.0,10,250,0.07883710624747137,0.35590788976972443,-0.42353832721710205,32
10,0.0,25,250,0.08266626773437863,0.5877689694224235,-0.017819834873080254,39
10,0.0,50,250,0.10939536231717285,0.6471876179690449,0.07565726339817047,36
10,0.0,100,250,0.09176061583893176,0.6796526991317479,0.12161113321781158,33
10,0.0,250,250,0.07367061323208753,0.7346470366175916,0.4010242819786072,25
10,0.0,500,250,0.05639387571575241,0.7999395998489996,0.7570446729660034,14
10,0.0,1000,250,0.029610689569041736,0.8390033975084937,0.722428560256958,8
10,0.0,10,500,0.08392848806525603,0.38342015855039635,-0.3436870872974396,17
10,0.0,25,500,0.05116895039727438,0.6616836542091356,0.2914411723613739,19
10,0.0,50,500,0.0899642024081509,0.6602189505473763,0.2493581473827362,21
10,0.0,100,500,0.08568449807559478,0.7106681766704417,0.26959991455078125,15
10,0.0,250,500,0.06462907181102681,0.7752661381653454,0.5917673110961914,14
10,0.0,500,500,0.06233012184100271,0.793265383163458,0.7628977298736572,13
10,0.0,1000,500,0.029610689569041736,0.8390033975084937,0.722428560256958,8
10,0.0,10,1000,0.14819481987924044,0.2720573801434504,-0.1145159900188446,8
10,0.0,25,1000,0.08472315261913911,0.3964363910909777,-0.03119189478456974,7
10,0.0,50,1000,0.060412942601111734,0.7077840694601737,0.26113954186439514,10
10,0.0,100,1000,0.07113061856464374,0.7371536428841072,0.14030463993549347,9
10,0.0,250,1000,0.06089950349135495,0.7844318610796527,0.3302784562110901,8
10,0.0,500,1000,0.08232174057644616,0.7762929407323518,0.589556097984314,6
10,0.0,1000,1000,0.04637471321646675,0.812487731219328,0.814450740814209,5
10,0.0,10,2500,0.006989538514565112,0.013695734239335598,-0.03569011017680168,2
10,0.0,25,2500,0.005981106838707153,0.038942997357493396,-0.03264458850026131,2
10,0.0,50,2500,0.01632799644995508,0.24374480936202342,-0.10342641919851303,3
10,0.0,100,2500,0.007718347912791714,0.23400528501321252,0.006820409093052149,2
10,0.0,250,2500,0.013957929974923292,0.5554850887127217,0.08735858649015427,2
10,0.0,500,2500,0.07913757104877157,0.7672027180067951,0.47606101632118225,2
10,0.0,1000,2500,0.06602712102678378,0.7678520196300491,0.4876430630683899,2
10,0.0,10,5000,0.0,1.0,,0
10,0.0,25,5000,0.0,1.0,,0
10,0.0,50,5000,0.0,1.0,,0
10,0.0,100,5000,0.0,1.0,,0
10,0.0,250,5000,0.0,1.0,,0
10,0.0,500,5000,0.07913757104877157,0.7672027180067951,0.47606101632118225,2
10,0.0,1000,5000,0.0,1.0,,0
10,0.0,10,10000,0.0,1.0,,0
10,0.0,25,10000,0.0,1.0,,0
10,0.0,50,10000,0.0,1.0,,0
10,0.0,100,10000,0.0,1.0,,0
10,0.0,250,10000,0.0,1.0,,0
10,0.0,500,10000,0.0,1.0,,0
10,0.0,1000,10000,0.0,1.0,,0
10,0.0,10,15000,0.0,1.0,,0
10,0.0,25,15000,0.0,1.0,,0
10,0.0,50,15000,0.0,1.0,,0
10,0.0,100,15000,0.0,1.0,,0
10,0.0,250,15000,0.0,1.0,,0
10,0.0,500,15000,0.0,1.0,,0
10,0.0,1000,15000,0.0,1.0,,0
10,0.0,10,20000,0.0,1.0,,0
10,0.0,25,20000,0.0,1.0,,0
10,0.0,50,20000,0.0,1.0,,0
10,0.0,100,20000,0.0,1.0,,0
10,0.0,250,20000,0.0,1.0,,0
10,0.0,500,20000,0.0,1.0,,0
10,0.0,1000,20000,0.0,1.0,,0
10,0.0,10,22000,0.0,1.0,,0
10,0.0,25,22000,0.0,1.0,,0
10,0.0,50,22000,0.0,1.0,,0
10,0.0,100,22000,0.0,1.0,,0
10,0.0,250,22000,0.0,1.0,,0
10,0.0,500,22000,0.0,1.0,,0
10,0.0,1000,22000,0.0,1.0,,0
15,0.0,10,50,0.1140792746896452,0.3946092865232163,-0.19138705730438232,229
15,0.0,25,50,0.15353060020674106,0.47533408833522084,-0.05294610932469368,182
15,0.0,50,50,0.16453550957597582,0.5220234050585126,-0.04611476883292198,161
15,0.0,100,50,0.16426430186258917,0.5844469611174028,0.0898652970790863,80
15,0.0,250,50,0.10855569487328066,0.6501925254813137,0.42578238248825073,30
15,0.0,500,50,0.08060392051274262,0.6882144205360513,0.6442084312438965,20
15,0.0,1000,50,0.06097489803500328,0.7627029067572669,0.7468332648277283,13
15,0.0,10,100,0.13021765792994344,0.4603850509626274,-0.08714980632066727,115
15,0.0,25,100,0.14925285388122697,0.4662136655341638,-0.0600597970187664,99
15,0.0,50,100,0.1689750505842197,0.5269007172517931,0.01478379312902689,88
15,0.0,100,100,0.169319044127782,0.5566930917327293,0.0794517770409584,68
15,0.0,250,100,0.10807406791342113,0.6554775386938467,0.5579067468643188,25
15,0.0,500,100,0.08104678230011265,0.6893771234428087,0.6694846153259277,19
15,0.0,1000,100,0.06097489803500328,0.7627029067572669,0.7468332648277283,13
15,0.0,10,250,0.12579666532538014,0.4819479048697622,-0.023065388202667236,46
15,0.0,25,250,0.15322975302264957,0.5276557191392979,0.14438092708587646,35
15,0.0,50,250,0.14933947320409596,0.5735447338618347,0.2763805091381073,34
15,0.0,100,250,0.18491799061440506,0.4778859947149868,0.014382018707692623,32
15,0.0,250,250,0.10807406791342113,0.6554775386938467,0.5579068064689636,25
15,0.0,500,250,0.08167083528680669,0.693106832767082,0.6942093968391418,16
15,0.0,1000,250,0.06021928694133431,0.7687580218950547,0.7966302037239075,11
15,0.0,10,500,0.1398716137645322,0.3347678369195923,-0.2908940315246582,19
15,0.0,25,500,0.1462231917306069,0.33245753114382787,-0.31111884117126465,16
15,0.0,50,500,0.12704379810051003,0.5966326915817289,0.4175085127353668,18
15,0.0,100,500,0.16569231308353202,0.5114986787466969,0.027441876009106636,17
15,0.0,250,500,0.12648905318241382,0.5808380520951303,0.2551802098751068,16
15,0.0,500,500,0.07572398239061737,0.700641751604379,0.7402986288070679,15
15,0.0,1000,500,0.06021928694133431,0.7687580218950547,0.7966302037239075,11
15,0.0,10,1000,0.12880841821150396,0.40379010947527366,-0.23215824365615845,11
15,0.0,25,1000,0.12687512631116438,0.38976217440543603,-0.2658008337020874,10
15,0.0,50,1000,0.14045126520971882,0.621124952812382,0.4367499053478241,12
15,0.0,100,1000,0.16691752509478128,0.5131898829747075,0.17834630608558655,11
15,0.0,250,1000,0.14435297784079548,0.5586560966402416,0.1617448329925537,10
15,0.0,500,1000,0.10009316481660314,0.6344582861457153,0.4148416221141815,10
15,0.0,1000,1000,0.06282067444973059,0.7813665534163835,0.8094426393508911,10
15,0.0,10,2500,0.026893588605701995,0.039622499056247644,-0.028750861063599586,2
15,0.0,25,2500,0.0168521247634697,0.021472253680634202,-0.05271976441144943,2
15,0.0,50,2500,0.022055688639021888,0.08302000755001887,-0.018300173804163933,2
15,0.0,100,2500,0.021131006521120058,0.14707436768591922,-0.0007226175512187183,2
15,0.0,250,2500,0.01971011057113359,0.12712721781804454,-0.03764345124363899,2
15,0.0,500,2500,0.02705423607951278,0.16983012457531144,-0.035929396748542786,2
15,0.0,1000,2500,0.09175170243430766,0.6167459418648547,0.3207941949367523,4
15,0.0,10,5000,0.0,1.0,,0
15,0.0,25,5000,0.0,1.0,,0
15,0.0,50,5000,0.0,1.0,,0
15,0.0,100,5000,0.0,1.0,,0
15,0.0,250,5000,0.0,1.0,,0
15,0.0,500,5000,0.058567057470480716,0.6102982257455644,0.6448219418525696,2
15,0.0,1000,5000,0.0,1.0,,0
15,0.0,10,10000,0.0,1.0,,0
15,0.0,25,10000,0.0,1.0,,0
15,0.0,50,10000,0.0,1.0,,0
15,0.0,100,10000,0.0,1.0,,0
15,0.0,250,10000,0.0,1.0,,0
15,0.0,500,10000,0.0,1.0,,0
15,0.0,1000,10000,0.0,1.0,,0
15,0.0,10,15000,0.0,1.0,,0
15,0.0,25,15000,0.0,1.0,,0
15,0.0,50,15000,0.0,1.0,,0
15,0.0,100,15000,0.0,1.0,,0
15,0.0,250,15000,0.0,1.0,,0
15,0.0,500,15000,0.0,1.0,,0
15,0.0,1000,15000,0.0,1.0,,0
15,0.0,10,20000,0.0,1.0,,0
15,0.0,25,20000,0.0,1.0,,0
15,0.0,50,20000,0.0,1.0,,0
15,0.0,100,20000,0.0,1.0,,0
15,0.0,250,20000,0.0,1.0,,0
15,0.0,500,20000,0.0,1.0,,0
15,0.0,1000,20000,0.0,1.0,,0
15,0.0,10,22000,0.0,1.0,,0
15,0.0,25,22000,0.0,1.0,,0
15,0.0,50,22000,0.0,1.0,,0
15,0.0,100,22000,0.0,1.0,,0
15,0.0,250,22000,0.0,1.0,,0
15,0.0,500,22000,0.0,1.0,,0
15,0.0,1000,22000,0.0,1.0,,0
30,0.0,10,50,0.4173342132252755,0.08853152132880332,-0.2836139500141144,171
30,0.0,25,50,0.4212534587699703,0.08424311060777652,-0.17343094944953918,157
30,0.0,50,50,0.42029507047999387,0.10876557191392978,-0.18190261721611023,144
30,0.0,100,50,0.4224260551244952,0.10428086070215176,0.2344602644443512,65
30,0.0,250,50,0.4127526679468729,0.17354473386183467,0.2558442950248718,34
30,0.0,500,50,0.41001821024324625,0.2198565496413741,0.6519467830657959,19
30,0.0,1000,50,0.3781156666761727,0.26610796526991315,0.752169668674469,16
30,0.0,10,100,0.4263001593254526,0.09993204983012458,0.007760146167129278,86
30,0.0,25,100,0.42318347664945105,0.09763684409211024,0.24510028958320618,79
30,0.0,50,100,0.4313570278764225,0.07580218950547377,0.4359232485294342,66
30,0.0,100,100,0.4220785188342772,0.10807097017742544,0.2395263910293579,62
30,0.0,250,100,0.41267797456420696,0.17591543978859947,0.258826345205307,32
30,0.0,500,100,0.4111329070869324,0.2064477161192903,0.6500999331474304,17
30,0.0,1000,100,0.3781156666761727,0.26610796526991315,0.7521695494651794,16
30,0.0,10,250,0.4291114619012399,0.14296715741789354,0.23336997628211975,33
30,0.0,25,250,0.42882934820655233,0.10876557191392978,0.45781224966049194,35
30,0.0,50,250,0.4288302105184662,0.11622499056247641,0.3859706521034241,34
30,0.0,100,250,0.4226459662715286,0.1328501321253303,0.22085894644260406,31
30,0.0,250,250,0.41354828016568573,0.1764439411098528,0.25746333599090576,27
30,0.0,500,250,0.4111329070869324,0.2064477161192903,0.6500999331474304,17
30,0.0,1000,250,0.3781692937197868,0.2713929784824462,0.7834277153015137,14
30,0.0,10,500,0.4385691742711448,0.1675651189127973,0.605218768119812,20
30,0.0,25,500,0.42766475084373934,0.14189505473763683,0.5874250531196594,19
30,0.0,50,500,0.43075345358326256,0.1466062665156663,0.46249958872795105,20
30,0.0,100,500,0.4186904028815424,0.17090222725556814,0.6117547154426575,20
30,0.0,250,500,0.4138914650521187,0.19202718006795017,0.6200758218765259,18
30,0.0,500,500,0.41033936365649687,0.21078142695356739,0.6742323637008667,16
30,0.0,1000,500,0.3761961915030827,0.2789278973197433,0.8063740730285645,13
30,0.0,10,1000,0.4342396348272044,0.2131672329180823,0.6767208576202393,14
30,0.0,25,1000,0.4259355871415935,0.17143072857682143,0.6360153555870056,16
30,0.0,50,1000,0.42684597472410635,0.19146847867119668,0.5679400563240051,14
30,0.0,100,1000,0.42360278088602177,0.1855039637599094,0.6113667488098145,14
30,0.0,250,1000,0.41374608791612677,0.23107587768969423,0.6865965127944946,13
30,0.0,500,1000,0.4082665692800085,0.22616836542091356,0.6948471665382385,13
30,0.0,1000,1000,0.37914496806273845,0.2687051717629294,0.7215998768806458,12
30,0.0,10,2500,0.5952863252809631,0.33751604379010947,0.913518488407135,4
30,0.0,25,2500,0.5595100044827842,0.3122083805209513,0.651889979839325,5
30,0.0,50,2500,0.5947637615552368,0.39016987542468856,0.8144059181213379,4
30,0.0,100,2500,0.5522704426049353,0.339041147602869,0.7990747690200806,5
30,0.0,250,2500,0.524552520753658,0.3446734616836542,0.6978710889816284,4
30,0.0,500,2500,0.48676528991213025,0.2954020385050963,0.6646895408630371,4
30,0.0,1000,2500,0.5379827634877815,0.3294828237070593,0.9176187515258789,5
30,0.0,10,5000,0.6839912727404146,0.4400604001510004,0.9338665008544922,2
30,0.0,25,5000,0.5336871605668636,0.3109399773499434,0.7198429703712463,3
30,0.0,50,5000,0.6036593374341281,0.4289920724801812,0.7019282579421997,2
30,0.0,100,5000,0.6043945248794663,0.43021517553793887,0.7090467214584351,2
30,0.0,250,5000,0.6113821279959165,0.4371007927519819,0.7275070548057556,2
30,0.0,500,5000,0.5131133081172059,0.34243865609664026,0.7436513900756836,3
30,0.0,1000,5000,0.6376930890526993,0.4593431483578709,0.9423568248748779,2
30,0.0,10,10000,0.6839912727404146,0.4400604001510004,0.9338666796684265,2
30,0.0,25,10000,0.6065839206850128,0.43824839562098905,0.7281395196914673,2
30,0.0,50,10000,0.6036593374341281,0.4289920724801812,0.7019281983375549,2
30,0.0,100,10000,0.6043945248794663,0.43021517553793887,0.7090466618537903,2
30,0.0,250,10000,0.6113821279959165,0.4371007927519819,0.7275071144104004,2
30,0.0,500,10000,0.5890426952372286,0.44889392223480556,0.7490301132202148,2
30,0.0,1000,10000,0.6376930890526993,0.4593431483578709,0.9423568248748779,2
30,0.0,10,15000,0.6839912727404146,0.4400604001510004,0.9338666796684265,2
30,0.0,25,15000,0.6065839206850128,0.43824839562098905,0.7281396389007568,2
30,0.0,50,15000,0.6036593374341281,0.4289920724801812,0.7019281387329102,2
30,0.0,100,15000,0.6043945248794663,0.43021517553793887,0.7090467214584351,2
30,0.0,250,15000,0.6113821279959165,0.4371007927519819,0.7275069952011108,2
30,0.0,500,15000,0.5890426952372286,0.44889392223480556,0.7490301728248596,2
30,0.0,1000,15000,0.6376930890526993,0.4593431483578709,0.9423568248748779,2
30,0.0,10,20000,0.0,1.0,,0
30,0.0,25,20000,0.0,1.0,,0
30,0.0,50,20000,0.0,1.0,,0
30,0.0,100,20000,0.0,1.0,,0
30,0.0,250,20000,0.0,1.0,,0
30,0.0,500,20000,0.0,1.0,,0
30,0.0,1000,20000,0.0,1.0,,0
30,0.0,10,22000,0.0,1.0,,0
30,0.0,25,22000,0.0,1.0,,0
30,0.0,50,22000,0.0,1.0,,0
30,0.0,100,22000,0.0,1.0,,0
30,0.0,250,22000,0.0,1.0,,0
30,0.0,500,22000,0.0,1.0,,0
30,0.0,1000,22000,0.0,1.0,,0
50,0.0,10,50,0.47850268375030097,0.03684409211023028,0.15900269150733948,174
50,0.0,25,50,0.47672444929336294,0.07453378633446583,0.08687800914049149,166
50,0.0,50,50,0.47583528763494326,0.08247640619101548,0.4840482771396637,147
50,0.0,100,50,0.4857669157220434,0.07607399018497546,0.7035069465637207,70
50,0.0,250,50,0.4929790806070354,0.08690071725179313,0.6723371744155884,32
50,0.0,500,50,0.49163978116672047,0.13839184597961496,0.6905698776245117,16
50,0.0,1000,50,0.49434469755633054,0.1592449981124953,0.7551232576370239,13
50,0.0,10,100,0.48212775836820043,0.05363533408833522,0.5854488015174866,81
50,0.0,25,100,0.4806672357671081,0.059010947527368816,0.583479106426239,83
50,0.0,50,100,0.4902633193913662,0.04543601359003398,0.6469792723655701,70
50,0.0,100,100,0.4852681743621409,0.06876557191392979,0.7122563719749451,66
50,0.0,250,100,0.4928926720908541,0.08895432238580596,0.6754122376441956,30
50,0.0,500,100,0.49163978116672047,0.13839184597961496,0.6905699372291565,16
50,0.0,1000,100,0.49434469755633054,0.1592449981124953,0.7551233768463135,13
50,0.0,10,250,0.4953068594038372,0.05460173650434126,0.6463862657546997,40
50,0.0,25,250,0.49232825711850425,0.0670894677236693,0.6551023721694946,37
50,0.0,50,250,0.4951448462003634,0.06705926764816912,0.6558005809783936,36
50,0.0,100,250,0.4951185992702368,0.05882974707436769,0.6283571720123291,32
50,0.0,250,250,0.49563525658418345,0.08176670441676104,0.6462385654449463,25
50,0.0,500,250,0.49163978116672047,0.13839184597961496,0.690570056438446,16
50,0.0,1000,250,0.49434469755633054,0.1592449981124953,0.7551232576370239,13
50,0.0,10,500,0.5114788957640183,0.04619101547753869,0.563129186630249,20
50,0.0,25,500,0.49923140885388545,0.05150622876557191,0.5719152092933655,19
50,0.0,50,500,0.4961680542978979,0.08354850887127217,0.6153934597969055,18
50,0.0,100,500,0.5023771833758933,0.09147602869007172,0.5999266505241394,16
50,0.0,250,500,0.4936948864913767,0.11469988674971687,0.6415984630584717,16
50,0.0,500,500,0.49250595166078154,0.13253303133257832,0.7070558667182922,15
50,0.0,1000,500,0.49434469755633054,0.1592449981124953,0.755123496055603,13
50,0.0,10,1000,0.516902494176954,0.07291808229520574,0.5841821432113647,13
50,0.0,25,1000,0.5047288100767918,0.061653454133635335,0.5966595411300659,14
50,0.0,50,1000,0.49835809082884525,0.09988674971687429,0.6034473180770874,14
50,0.0,100,1000,0.503633824240142,0.09692714231785579,0.6323245763778687,13
50,0.0,250,1000,0.49605116737388827,0.1294224235560589,0.6772974133491516,13
50,0.0,500,1000,0.4958594977258042,0.14138165345413364,0.7443555593490601,13
50,0.0,1000,1000,0.49434469755633054,0.1592449981124953,0.7551232576370239,13
50,0.0,10,2500,0.5452773429454114,0.07072857682144205,0.361514687538147,4
50,0.0,25,2500,0.5427097228139357,0.20234050585126462,0.5791506767272949,7
50,0.0,50,2500,0.5179883196515398,0.06018875047187618,0.33088424801826477,4
50,0.0,100,2500,0.5344987803634519,0.024597961494903738,0.28395935893058777,4
50,0.0,250,2500,0.5275574801210641,0.016443941109852776,0.27180466055870056,4
50,0.0,500,2500,0.5305831239653643,0.008546621366553417,0.2673735022544861,4
50,0.0,1000,2500,0.5401475502284893,0.05414873537183843,0.32845914363861084,4
50,0.0,10,5000,0.5912704194005474,0.06489996224990563,0.6002047061920166,3
50,0.0,25,5000,0.5664511810530839,0.07199697999244999,0.5790472030639648,3
50,0.0,50,5000,0.5551604973867597,0.06018875047187618,0.562735915184021,3
50,0.0,100,5000,0.5760938007573767,0.024597961494903738,0.5346093773841858,3
50,0.0,250,5000,0.5678923635058383,0.016443941109852776,0.5167107582092285,3
50,0.0,500,5000,0.5757325979947484,0.00072480181200453,0.503684937953949,3
50,0.0,1000,5000,0.5780425842962806,0.047474518686296714,0.5650783777236938,3
50,0.0,10,10000,0.5912704194005474,0.06489996224990563,0.6002048254013062,3
50,0.0,25,10000,0.5664511810530839,0.07199697999244999,0.5790472030639648,3
50,0.0,50,10000,0.5551604973867597,0.06018875047187618,0.5627359747886658,3
50,0.0,100,10000,0.5760938007573767,0.024597961494903738,0.5346092581748962,3
50,0.0,250,10000,0.5678923635058383,0.016443941109852776,0.5167108178138733,3
50,0.0,500,10000,0.5757325979947484,0.00072480181200453,0.5036850571632385,3
50,0.0,1000,10000,0.5780425842962806,0.047474518686296714,0.5650784969329834,3
50,0.0,10,15000,0.5912704194005474,0.06489996224990563,0.6002047657966614,3
50,0.0,25,15000,0.5664511810530839,0.07199697999244999,0.5790471434593201,3
50,0.0,50,15000,0.5551604973867597,0.06018875047187618,0.5627358555793762,3
50,0.0,100,15000,0.5760938007573767,0.024597961494903738,0.5346092581748962,3
50,0.0,250,15000,0.5678923635058383,0.016443941109852776,0.5167109370231628,3
50,0.0,500,15000,0.5757325979947484,0.00072480181200453,0.5036850571632385,3
50,0.0,1000,15000,0.5780425842962806,0.047474518686296714,0.5650785565376282,3
50,0.0,10,20000,0.0,1.0,,0
50,0.0,25,20000,0.0,1.0,,0
50,0.0,50,20000,0.0,1.0,,0
50,0.0,100,20000,0.0,1.0,,0
50,0.0,250,20000,0.0,1.0,,0
50,0.0,500,20000,0.0,1.0,,0
50,0.0,1000,20000,0.0,1.0,,0
50,0.0,10,22000,0.0,1.0,,0
50,0.0,25,22000,0.0,1.0,,0
50,0.0,50,22000,0.0,1.0,,0
50,0.0,100,22000,0.0,1.0,,0
50,0.0,250,22000,0.0,1.0,,0
50,0.0,500,22000,0.0,1.0,,0
50,0.0,1000,22000,0.0,1.0,,0
75,0.0,10,50,0.27318765391692684,0.10986787466968667,0.26610055565834045,204
75,0.0,25,50,0.4776549109936008,0.07513778784446962,0.49754205346107483,157
75,0.0,50,50,0.4771671382104112,0.10000755001887504,0.5906503796577454,145
75,0.0,100,50,0.49142286833475546,0.09525103812759532,0.6612909436225891,68
75,0.0,250,50,0.4948382059019327,0.10233295583238958,0.7124363780021667,32
75,0.0,500,50,0.49540877153283225,0.13165722914307285,0.7513138651847839,22
75,0.0,1000,50,0.5058698244279682,0.14600226500566252,0.702350378036499,13
75,0.0,10,100,0.3135549491475474,0.14841827104567762,0.2798187732696533,97
75,0.0,25,100,0.48321398478920763,0.07694979237448094,0.7141627669334412,75
75,0.0,50,100,0.489421729484033,0.05976594941487354,0.6509433388710022,65
75,0.0,100,100,0.49149763289924897,0.06579086447716119,0.6668160557746887,58
75,0.0,250,100,0.49544809159825576,0.07904869762174406,0.6572237014770508,29
75,0.0,500,100,0.49540877153283225,0.13165722914307285,0.7513139247894287,22
75,0.0,1000,100,0.5058698244279682,0.14600226500566252,0.7023505568504333,13
75,0.0,10,250,0.4973281247128422,0.06689316723291808,0.5789861679077148,35
75,0.0,25,250,0.5015375068825911,0.04504341260853152,0.6108116507530212,34
75,0.0,50,250,0.5001578644882487,0.0445602114005285,0.6029573678970337,32
75,0.0,100,250,0.4978739592188964,0.05810494526236316,0.6234671473503113,31
75,0.0,250,250,0.4955179656003195,0.08119290298225745,0.656609833240509,28
75,0.0,500,250,0.4961324053553998,0.13381653454133635,0.7621936798095703,19
75,0.0,1000,250,0.5058698244279682,0.14600226500566252,0.702350378036499,13
75,0.0,10,500,0.5014429757358747,0.04474141185352963,0.5862759947776794,21
75,0.0,25,500,0.5031266082455277,0.03270668176670442,0.5659085512161255,21
75,0.0,50,500,0.5016006897602586,0.0421442053605134,0.5839446783065796,21
75,0.0,100,500,0.49800748680764184,0.07539448848622121,0.6410449743270874,21
75,0.0,250,500,0.4940008210702586,0.11364288410721027,0.7154088616371155,19
75,0.0,500,500,0.49719983701482023,0.13884484711211778,0.7679054141044617,18
75,0.0,1000,500,0.5058698244279682,0.14600226500566252,0.7023503184318542,13
75,0.0,10,1000,0.5057857166501585,0.08989052472631182,0.6152982711791992,15
75,0.0,25,1000,0.5060582223786145,0.05022272555681389,0.5292621850967407,15
75,0.0,50,1000,0.5056130477969388,0.0708493771234428,0.5855358839035034,16
75,0.0,100,1000,0.5023063661992102,0.10847867119667799,0.6433967351913452,15
75,0.0,250,1000,0.5008425151097867,0.14186485466213666,0.7010206580162048,14
75,0.0,500,1000,0.5073653962402237,0.1409739524348811,0.6915256381034851,13
75,0.0,1000,1000,0.5058698244279682,0.14600226500566252,0.702350378036499,13
75,0.0,10,2500,0.5502220783341325,0.19737259343148358,0.685010552406311,6
75,0.0,25,2500,0.583903663906013,0.24095130237825593,0.725584089756012,6
75,0.0,50,2500,0.5656912943118793,0.215356738391846,0.7180970311164856,6
75,0.0,100,2500,0.5020597252736801,0.13648924122310305,0.4357873201370239,4
75,0.0,250,2500,0.5031191480466501,0.14126085315213288,0.4422283470630646,4
75,0.0,500,2500,0.5039303611939909,0.1565118912797282,0.459779292345047,4
75,0.0,1000,2500,0.5616887832375755,0.2655039637599094,0.7569074630737305,6
75,0.0,10,5000,0.5391759016481241,0.13647414118535298,0.46736258268356323,4
75,0.0,25,5000,0.5230583408048494,0.09526613816534542,0.3354857861995697,3
75,0.0,50,5000,0.5230583408048494,0.09526613816534542,0.3354857563972473,3
75,0.0,100,5000,0.5230583408048494,0.09526613816534542,0.3354857861995697,3
75,0.0,250,5000,0.5230583408048494,0.09526613816534542,0.3354857861995697,3
75,0.0,500,5000,0.528776322411433,0.10730086825217063,0.34963440895080566,3
75,0.0,1000,5000,0.5310045024589825,0.13914684786711967,0.38928502798080444,3
75,0.0,10,10000,0.5230583408048494,0.09526613816534542,0.3354857861995697,3
75,0.0,25,10000,0.5230583408048494,0.09526613816534542,0.3354857861995697,3
75,0.0,50,10000,0.5230583408048494,0.09526613816534542,0.3354857265949249,3
75,0.0,100,10000,0.5230583408048494,0.09526613816534542,0.3354857563972473,3
75,0.0,250,10000,0.5230583408048494,0.09526613816534542,0.3354857563972473,3
75,0.0,500,10000,0.528776322411433,0.10730086825217063,0.3496343791484833,3
75,0.0,1000,10000,0.5310045024589825,0.13914684786711967,0.3892849087715149,3
75,0.0,10,15000,0.5230583408048494,0.09526613816534542,0.3354857265949249,3
75,0.0,25,15000,0.5230583408048494,0.09526613816534542,0.3354857563972473,3
75,0.0,50,15000,0.5230583408048494,0.09526613816534542,0.3354857861995697,3
75,0.0,100,15000,0.5230583408048494,0.09526613816534542,0.3354857563972473,3
75,0.0,250,15000,0.5230583408048494,0.09526613816534542,0.3354858160018921,3
75,0.0,500,15000,0.528776322411433,0.10730086825217063,0.3496343791484833,3
75,0.0,1000,15000,0.5310045024589825,0.13914684786711967,0.3892849087715149,3
75,0.0,10,20000,0.0,1.0,,0
75,0.0,25,20000,0.0,1.0,,0
75,0.0,50,20000,0.0,1.0,,0
75,0.0,100,20000,0.0,1.0,,0
75,0.0,250,20000,0.0,1.0,,0
75,0.0,500,20000,0.0,1.0,,0
75,0.0,1000,20000,0.0,1.0,,0
75,0.0,10,22000,0.0,1.0,,0
75,0.0,25,22000,0.0,1.0,,0
75,0.0,50,22000,0.0,1.0,,0
75,0.0,100,22000,0.0,1.0,,0
75,0.0,250,22000,0.0,1.0,,0
75,0.0,500,22000,0.0,1.0,,0
75,0.0,1000,22000,0.0,1.0,,0
100,0.0,10,50,0.27811204196656997,0.11104567761419404,0.18292991816997528,198
100,0.0,25,50,0.47821177030868034,0.07556058890147226,0.384743332862854,156
100,0.0,50,50,0.4771591843437717,0.10616836542091355,0.3601149618625641,148
100,0.0,100,50,0.4841819554954729,0.10908267270668176,0.6664240956306458,77
100,0.0,250,50,0.49749812362323054,0.08970932427331069,0.6940182447433472,31
100,0.0,500,50,0.4932661950363321,0.14257455643639108,0.7276395559310913,19
100,0.0,1000,50,0.4979505537895671,0.16706681766704418,0.7272520065307617,16
100,0.0,10,100,0.28517765705925263,0.13550773876934694,0.23562046885490417,107
100,0.0,25,100,0.4862240002818546,0.06083805209513024,0.6994583606719971,75
100,0.0,50,100,0.48519016313989993,0.08443941109852775,0.6517133116722107,77
100,0.0,100,100,0.48678254006058275,0.08179690449226124,0.6510679125785828,70
100,0.0,250,100,0.4977527743410152,0.09114382785956965,0.6941854953765869,30
100,0.0,500,100,0.4932661950363321,0.14257455643639108,0.7276396751403809,19
100,0.0,1000,100,0.4979505537895671,0.16706681766704418,0.7272521257400513,16
100,0.0,10,250,0.3219852821329111,0.11202718006795016,0.2767345607280731,41
100,0.0,25,250,0.4974260239959997,0.05620234050585127,0.6382123827934265,34
100,0.0,50,250,0.5006557423135839,0.04853152132880332,0.6213284730911255,33
100,0.0,100,250,0.49986754917728465,0.05482823707059268,0.6269195675849915,30
100,0.0,250,250,0.4975943207057009,0.08821442053605134,0.6858435273170471,29
100,0.0,500,250,0.4940056362934721,0.14644016610041524,0.7286638617515564,17
100,0.0,1000,250,0.4979505537895671,0.16706681766704418,0.7272520065307617,16
100,0.0,10,500,0.5007574214651245,0.06766326915817289,0.6091554760932922,20
100,0.0,25,500,0.49951373165988316,0.07577198942997357,0.6269370913505554,20
100,0.0,50,500,0.500518885044382,0.0800151000377501,0.6297709941864014,19
100,0.0,100,500,0.49857683101312494,0.08152510381275953,0.6398170590400696,20
100,0.0,250,500,0.49738969171500197,0.09526613816534542,0.653771698474884,19
100,0.0,500,500,0.49581663455309,0.12792751981879955,0.6770179271697998,16
100,0.0,1000,500,0.4977101019647128,0.17514533786334466,0.7257835268974304,14
100,0.0,10,1000,0.5088465131099182,0.07341638354095885,0.5575844645500183,15
100,0.0,25,1000,0.5064614886777002,0.09668554171385428,0.5860262513160706,14
100,0.0,50,1000,0.5065901499533639,0.09263873159682899,0.5798192620277405,14
100,0.0,100,1000,0.5052401308999537,0.10799546998867497,0.6002835631370544,14
100,0.0,250,1000,0.5043148796398715,0.11077387693469233,0.6074944138526917,14
100,0.0,500,1000,0.4982112831559714,0.1471045677614194,0.676236629486084,14
100,0.0,1000,1000,0.5001958139452914,0.1828161570403926,0.73565274477005,13
100,0.0,10,2500,0.5366910349922946,0.11637599093997734,0.6608126759529114,8
100,0.0,25,2500,0.5691613083599605,0.23741789354473386,0.7006267309188843,7
100,0.0,50,2500,0.5714559343463276,0.23337108342770857,0.6866922974586487,7
100,0.0,100,2500,0.5089195766636178,0.14918837297093243,0.43240195512771606,4
100,0.0,250,2500,0.514277223460271,0.1667044167610419,0.46029308438301086,4
100,0.0,500,2500,0.515015389630838,0.19414118535296337,0.4989652931690216,4
100,0.0,1000,2500,0.5062200899939588,0.1651038127595319,0.46319684386253357,4
100,0.0,10,5000,0.5344900636214124,0.0,0.5756906270980835,4
100,0.0,25,5000,0.578881764018507,0.0,0.5328218936920166,3
100,0.0,50,5000,0.578881764018507,0.0,0.5328218340873718,3
100,0.0,100,5000,0.578881764018507,0.0,0.5328218340873718,3
100,0.0,250,5000,0.5788044659401254,6.04001510003775e-05,0.5327947735786438,3
100,0.0,500,5000,0.5782105835250559,0.0005889014722536807,0.5327474474906921,3
100,0.0,1000,5000,0.5778490480063673,0.0009211023027557569,0.5327430367469788,3
100,0.0,10,10000,0.5344900636214124,0.0,0.5756906867027283,4
100,0.0,25,10000,0.578881764018507,0.0,0.532821774482727,3
100,0.0,50,10000,0.578881764018507,0.0,0.5328218340873718,3
100,0.0,100,10000,0.578881764018507,0.0,0.5328218340873718,3
100,0.0,250,10000,0.5788044659401254,6.04001510003775e-05,0.532794713973999,3
100,0.0,500,10000,0.5782105835250559,0.0005889014722536807,0.5327474474906921,3
100,0.0,1000,10000,0.5778490480063673,0.0009211023027557569,0.5327430367469788,3
100,0.0,10,15000,0.578881764018507,0.0,0.5328217148780823,3
100,0.0,25,15000,0.578881764018507,0.0,0.5328216552734375,3
100,0.0,50,15000,0.578881764018507,0.0,0.5328217148780823,3
100,0.0,100,15000,0.578881764018507,0.0,0.532821774482727,3
100,0.0,250,15000,0.5788044659401254,6.04001510003775e-05,0.532794713973999,3
100,0.0,500,15000,0.5782105835250559,0.0005889014722536807,0.5327474474906921,3
100,0.0,1000,15000,0.5778490480063673,0.0009211023027557569,0.5327431559562683,3
100,0.0,10,20000,0.0,1.0,,0
100,0.0,25,20000,0.0,1.0,,0
100,0.0,50,20000,0.0,1.0,,0
100,0.0,100,20000,0.0,1.0,,0
100,0.0,250,20000,0.0,1.0,,0
100,0.0,500,20000,0.0,1.0,,0
100,0.0,1000,20000,0.0,1.0,,0
100,0.0,10,22000,0.0,1.0,,0
100,0.0,25,22000,0.0,1.0,,0
100,0.0,50,22000,0.0,1.0,,0
100,0.0,100,22000,0.0,1.0,,0
100,0.0,250,22000,0.0,1.0,,0
100,0.0,500,22000,0.0,1.0,,0
100,0.0,1000,22000,0.0,1.0,,0
10,0.1,10,50,0.06479573823585465,0.4239184597961495,-0.2873978614807129,259
10,0.1,25,50,0.09584106267729915,0.5263571158927898,-0.14977960288524628,193
10,0.1,50,50,0.10421309174037621,0.5992147980369951,-0.02519732341170311,157
10,0.1,100,50,0.0936433651606546,0.6769497923744809,0.19413377344608307,76
10,0.1,250,50,0.06484389719210562,0.737274443186108,0.28744232654571533,34
10,0.1,500,50,0.04290387869061009,0.8113401283503209,0.5851324796676636,16
10,0.1,1000,50,0.02908310119158878,0.832147980369951,0.5193072557449341,8
10,0.1,10,100,0.05988874949366097,0.49955454888637224,-0.16878272593021393,107
10,0.1,25,100,0.08629933433877393,0.551045677614194,-0.1127384752035141,97
10,0.1,50,100,0.10975723385097814,0.6075500188750472,-0.049114011228084564,84
10,0.1,100,100,0.09793117671398706,0.6677085692714232,0.11716969311237335,68
10,0.1,250,100,0.0666781302144416,0.7419554548886372,0.36682891845703125,28
10,0.1,500,100,0.043227531835012045,0.8127746319365798,0.676223635673523,15
10,0.1,1000,100,0.02908310119158878,0.832147980369951,0.5193072557449341,8
10,0.1,10,250,0.055601061152175335,0.464477161192903,-0.21887168288230896,38
10,0.1,25,250,0.0877628368416926,0.6069309173272933,0.008653165772557259,37
10,0.1,50,250,0.10003069912199335,0.6711815779539448,0.1296057254076004,35
10,0.1,100,250,0.08965245281703292,0.7085088712721782,0.3010593056678772,33
10,0.1,250,250,0.06930238174111053,0.7425745564363911,0.28679358959198,26
10,0.1,500,250,0.049723102228162105,0.8089090222725557,0.6316030621528625,12
10,0.1,1000,250,0.02908310119158878,0.832147980369951,0.5193072557449341,8
10,0.1,10,500,0.10902775874434004,0.2849075122687807,-0.397683709859848,15
10,0.1,25,500,0.061684161310775636,0.6709248773121933,0.2309998720884323,20
10,0.1,50,500,0.07414585205190194,0.7322461306153265,0.3295052945613861,17
10,0.1,100,500,0.10426844275892795,0.7326538316345791,0.22286579012870789,14
10,0.1,250,500,0.0673828691473461,0.7772744431861079,0.4589584171772003,13
10,0.1,500,500,0.04913152334637872,0.8061306153265383,0.5415462851524353,11
10,0.1,1000,500,0.02908310119158878,0.832147980369951,0.5193071961402893,8
10,0.1,10,1000,0.11698293674403543,0.23524348810872028,-0.15594357252120972,9
10,0.1,25,1000,0.05850624609527658,0.7205436013590034,0.2776464521884918,11
10,0.1,50,1000,0.08954780711334799,0.7493091732729332,0.358253538608551,9
10,0.1,100,1000,0.07738535192411262,0.7638505096262741,0.29785051941871643,7
10,0.1,250,1000,0.07480022612672294,0.7735598338995847,0.32679370045661926,7
10,0.1,500,1000,0.05986412938734708,0.7715666289165722,0.4282507598400116,7
10,0.1,1000,1000,0.04478620676761583,0.8104341260853152,0.5446000099182129,5
10,0.1,10,2500,0.006932768919027934,0.016217440543601358,-0.040818795561790466,2
10,0.1,25,2500,0.007524132811248211,0.10178935447338619,-0.011619549244642258,2
10,0.1,50,2500,0.005624744050450471,0.19980369950924878,0.010784078389406204,2
10,0.1,100,2500,0.013813007494670135,0.6532125330313325,0.18598754703998566,2
10,0.1,250,2500,0.052746019731876,0.6957795394488486,0.2045583575963974,3
10,0.1,500,2500,0.05966638516763103,0.6459947149867875,0.2954147756099701,2
10,0.1,1000,2500,0.03709001961597194,0.7701472253680635,0.33143848180770874,2
10,0.1,10,5000,0.0,1.0,,0
10,0.1,25,5000,0.0,1.0,,0
10,0.1,50,5000,0.0,1.0,,0
10,0.1,100,5000,0.0,1.0,,0
10,0.1,250,5000,0.0,1.0,,0
10,0.1,500,5000,0.05966638516763103,0.6459947149867875,0.2954147756099701,2
10,0.1,1000,5000,0.0,1.0,,0
10,0.1,10,10000,0.0,1.0,,0
10,0.1,25,10000,0.0,1.0,,0
10,0.1,50,10000,0.0,1.0,,0
10,0.1,100,10000,0.0,1.0,,0
10,0.1,250,10000,0.0,1.0,,0
10,0.1,500,10000,0.0,1.0,,0
10,0.1,1000,10000,0.0,1.0,,0
10,0.1,10,15000,0.0,1.0,,0
10,0.1,25,15000,0.0,1.0,,0
10,0.1,50,15000,0.0,1.0,,0
10,0.1,100,15000,0.0,1.0,,0
10,0.1,250,15000,0.0,1.0,,0
10,0.1,500,15000,0.0,1.0,,0
10,0.1,1000,15000,0.0,1.0,,0
10,0.1,10,20000,0.0,1.0,,0
10,0.1,25,20000,0.0,1.0,,0
10,0.1,50,20000,0.0,1.0,,0
10,0.1,100,20000,0.0,1.0,,0
10,0.1,250,20000,0.0,1.0,,0
10,0.1,500,20000,0.0,1.0,,0
10,0.1,1000,20000,0.0,1.0,,0
10,0.1,10,22000,0.0,1.0,,0
10,0.1,25,22000,0.0,1.0,,0
10,0.1,50,22000,0.0,1.0,,0
10,0.1,100,22000,0.0,1.0,,0
10,0.1,250,22000,0.0,1.0,,0
10,0.1,500,22000,0.0,1.0,,0
10,0.1,1000,22000,0.0,1.0,,0
15,0.1,10,50,0.11362359637159224,0.39870139675349187,-0.21807454526424408,222
15,0.1,25,50,0.14965210257761397,0.4917931294828237,-0.15052762627601624,185
15,0.1,50,50,0.1540003498928111,0.5523895809739524,0.0056747738271951675,154
15,0.1,100,50,0.1429055893069267,0.6110079275198188,0.07777240872383118,83
15,0.1,250,50,0.11360730943927587,0.6820687051717629,0.41866716742515564,29
15,0.1,500,50,0.0935590371962883,0.7330011325028313,0.43956229090690613,17
15,0.1,1000,50,0.005679115630237367,0.012865232163080408,-0.11980955302715302,2
15,0.1,10,100,0.10620732393876382,0.43312948282370706,-0.2130090594291687,111
15,0.1,25,100,0.15490301428051767,0.5093393733484334,-0.10966368764638901,106
15,0.1,50,100,0.15374411996877047,0.5674594186485467,0.10513328015804291,84
15,0.1,100,100,0.14845852391786143,0.6053605134012835,0.1203569620847702,72
15,0.1,250,100,0.11465778332267022,0.6846659116647792,0.4524609446525574,27
15,0.1,500,100,0.0992727989295555,0.7292412231030577,0.48813506960868835,15
15,0.1,1000,100,0.005679115630237367,0.012865232163080408,-0.119809590280056,2
15,0.1,10,250,0.11474327722131013,0.26209135522838806,-0.35789647698402405,34
15,0.1,25,250,0.11687625585711622,0.46853907134767836,-0.19953778386116028,39
15,0.1,50,250,0.1506839512529376,0.5750849377123443,0.018222618848085403,34
15,0.1,100,250,0.15121835423357866,0.6327066817667044,0.12929747998714447,31
15,0.1,250,250,0.12219126225005877,0.6777802944507362,0.40928539633750916,25
15,0.1,500,250,0.0992727989295555,0.7292412231030577,0.48813506960868835,15
15,0.1,1000,250,0.005679115630237367,0.012865232163080408,-0.11980955302715302,2
15,0.1,10,500,0.09722661330466506,0.35590788976972443,-0.2632543742656708,20
15,0.1,25,500,0.11251720329667722,0.5151830879577199,-0.13750794529914856,19
15,0.1,50,500,0.16631409552666587,0.6111287278218196,0.06162329018115997,17
15,0.1,100,500,0.16950274289798972,0.6533333333333333,0.19091354310512543,15
15,0.1,250,500,0.13134513703634337,0.6741713854284636,0.3196166455745697,15
15,0.1,500,500,0.08880137054389424,0.7417289543223858,0.5139413475990295,13
15,0.1,1000,500,0.005679115630237367,0.012865232163080408,-0.1198095828294754,2
15,0.1,10,1000,0.15329993419956853,0.2274065685164213,-0.3665878474712372,12
15,0.1,25,1000,0.09225109767354511,0.5660098150245375,0.02070922777056694,12
15,0.1,50,1000,0.15020771646080208,0.6386560966402416,0.11792468279600143,12
15,0.1,100,1000,0.16147305201182222,0.6607021517553794,0.2619289755821228,11
15,0.1,250,1000,0.006708978584227331,0.006493016232540581,-0.11042813211679459,2
15,0.1,500,1000,0.006271605106978587,0.007519818799546999,-0.1133049875497818,2
15,0.1,1000,1000,0.005679115630237367,0.012865232163080408,-0.119809590280056,2
15,0.1,10,2500,0.007212842569263522,0.004937712344280861,-0.10687602311372757,2
15,0.1,25,2500,0.007222028641235837,0.00448471121177803,-0.10668405145406723,2
15,0.1,50,2500,0.013261526088678432,0.8069158172895432,0.07674522697925568,3
15,0.1,100,2500,0.007313232511911402,0.4204001510003775,-0.0503685362637043,2
15,0.1,250,2500,0.0517730391874973,0.80800302000755,0.38643836975097656,3
15,0.1,500,2500,0.05157795604368519,0.44516421291053226,-0.08393039554357529,2
15,0.1,1000,2500,0.06249857896221417,0.7401132502831257,0.29156357049942017,3
15,0.1,10,5000,0.0,1.0,,0
15,0.1,25,5000,0.0,1.0,,0
15,0.1,50,5000,0.0,1.0,,0
15,0.1,100,5000,0.0,1.0,,0
15,0.1,250,5000,0.0,1.0,,0
15,0.1,500,5000,0.04310849619063031,0.7589278973197433,0.6441400647163391,2
15,0.1,1000,5000,0.034972527946097745,0.7800377500943753,0.631517231464386,2
15,0.1,10,10000,0.0,1.0,,0
15,0.1,25,10000,0.0,1.0,,0
15,0.1,50,10000,0.0,1.0,,0
15,0.1,100,10000,0.0,1.0,,0
15,0.1,250,10000,0.0,1.0,,0
15,0.1,500,10000,0.0,1.0,,0
15,0.1,1000,10000,0.0,1.0,,0
15,0.1,10,15000,0.0,1.0,,0
15,0.1,25,15000,0.0,1.0,,0
15,0.1,50,15000,0.0,1.0,,0
15,0.1,100,15000,0.0,1.0,,0
15,0.1,250,15000,0.0,1.0,,0
15,0.1,500,15000,0.0,1.0,,0
15,0.1,1000,15000,0.0,1.0,,0
15,0.1,10,20000,0.0,1.0,,0
15,0.1,25,20000,0.0,1.0,,0
15,0.1,50,20000,0.0,1.0,,0
15,0.1,100,20000,0.0,1.0,,0
15,0.1,250,20000,0.0,1.0,,0
15,0.1,500,20000,0.0,1.0,,0
15,0.1,1000,20000,0.0,1.0,,0
15,0.1,10,22000,0.0,1.0,,0
15,0.1,25,22000,0.0,1.0,,0
15,0.1,50,22000,0.0,1.0,,0
15,0.1,100,22000,0.0,1.0,,0
15,0.1,250,22000,0.0,1.0,,0
15,0.1,500,22000,0.0,1.0,,0
15,0.1,1000,22000,0.0,1.0,,0
30,0.1,10,50,0.4277921216817519,0.07977349943374859,-0.14569708704948425,161
30,0.1,25,50,0.4254700573184426,0.10345035862589656,-0.10740181058645248,149
30,0.1,50,50,0.4293599048386259,0.1020007550018875,-0.16086234152317047,130
30,0.1,100,50,0.4297696841813782,0.1229747074367686,0.5729413628578186,61
30,0.1,250,50,0.42978496311525755,0.16042280105700266,0.6241970062255859,33
30,0.1,500,50,0.40527069910240376,0.23332578331445827,0.7408899068832397,18
30,0.1,1000,50,0.3868502781393839,0.2678746696866742,0.8125820159912109,14
30,0.1,10,100,0.43014724687543543,0.091521328803322,0.35661494731903076,79
30,0.1,25,100,0.4347722684221515,0.08208380520951303,0.36618950963020325,72
30,0.1,50,100,0.43646977929767006,0.08655341638354096,0.22678698599338531,67
30,0.1,100,100,0.4302202644105904,0.12134390335975839,0.5653097033500671,60
30,0.1,250,100,0.4302805660150899,0.15720649301623255,0.6060632467269897,29
30,0.1,500,100,0.4074706329675231,0.2295205738014345,0.7656785845756531,17
30,0.1,1000,100,0.38694040767436627,0.26862967157417894,0.8130894899368286,13
30,0.1,10,250,0.4289339720206253,0.1296338240845602,0.47379380464553833,41
30,0.1,25,250,0.4379766962713662,0.10722536806342016,0.5406727194786072,35
30,0.1,50,250,0.4436479293795899,0.09674594186485466,0.533248782157898,34
30,0.1,100,250,0.43786260436348795,0.13019252548131371,0.5741319060325623,31
30,0.1,250,250,0.430432383796058,0.15915439788599473,0.606951892375946,28
30,0.1,500,250,0.4080619801741848,0.22680256700641752,0.7557268738746643,16
30,0.1,1000,250,0.38694040767436627,0.26862967157417894,0.8130894899368286,13
30,0.1,10,500,0.43873110727739756,0.1492487731219328,0.6097649335861206,18
30,0.1,25,500,0.44337469022711096,0.12984522461306153,0.5900087952613831,19
30,0.1,50,500,0.44626267138753994,0.13214043035107587,0.5847800970077515,17
30,0.1,100,500,0.4396042529261781,0.16439411098527745,0.634941577911377,15
30,0.1,250,500,0.4313736606888337,0.17250283125707813,0.6737092733383179,16
30,0.1,500,500,0.41023417389795447,0.2136655341638354,0.7030465602874756,15
30,0.1,1000,500,0.38694040767436627,0.26862967157417894,0.8130894899368286,13
30,0.1,10,1000,0.43866774087653276,0.16203850509626275,0.6545599102973938,15
30,0.1,25,1000,0.44023641163644833,0.17005662514156286,0.6584420204162598,13
30,0.1,50,1000,0.4462031790943955,0.1576141940354851,0.6325335502624512,13
30,0.1,100,1000,0.445811251798332,0.15391468478671197,0.628068745136261,13
30,0.1,250,1000,0.43271211537799753,0.18326915817289544,0.6795841455459595,13
30,0.1,500,1000,0.41048668546038086,0.2332955832389581,0.7607573866844177,13
30,0.1,1000,1000,0.38694040767436627,0.26862967157417894,0.8130895495414734,13
30,0.1,10,2500,0.6480885427106663,0.30681766704416763,0.8349207043647766,4
30,0.1,25,2500,0.5807382283967824,0.3439788599471499,0.8131469488143921,5
30,0.1,50,2500,0.48886156681318654,0.2928350320875802,0.7310518622398376,7
30,0.1,100,2500,0.4800904744886221,0.2846206115515289,0.7310975193977356,7
30,0.1,250,2500,0.569142365410366,0.308478671196678,0.8238503336906433,5
30,0.1,500,2500,0.5874806270931653,0.2013288033220083,0.7216365337371826,6
30,0.1,1000,2500,0.5776426187801835,0.28798791996979994,0.8856493234634399,5
30,0.1,10,5000,0.74131068885651,0.40694601736504343,0.8778729438781738,2
30,0.1,25,5000,0.7221421949319792,0.4260324650811627,0.91068035364151,2
30,0.1,50,5000,0.718108507183136,0.41481313703284256,0.8863059878349304,2
30,0.1,100,5000,0.6273755555653311,0.3609966024915062,0.8003484010696411,2
30,0.1,250,5000,0.5987244188047764,0.33815024537561345,0.7747007012367249,2
30,0.1,500,5000,0.6475283008199307,0.3344960362400906,0.8992473483085632,3
30,0.1,1000,5000,0.692257732139602,0.43833899584748964,0.9303954243659973,2
30,0.1,10,10000,0.74131068885651,0.40694601736504343,0.8778731822967529,2
30,0.1,25,10000,0.7221421949319792,0.4260324650811627,0.9106802344322205,2
30,0.1,50,10000,0.718108507183136,0.41481313703284256,0.8863059878349304,2
30,0.1,100,10000,0.6273755555653311,0.3609966024915062,0.8003485202789307,2
30,0.1,250,10000,0.5987244188047764,0.33815024537561345,0.7747008800506592,2
30,0.1,500,10000,0.7209005622896333,0.4269233673084183,0.9226455092430115,2
30,0.1,1000,10000,0.692257732139602,0.43833899584748964,0.9303958415985107,2
30,0.1,10,15000,0.74131068885651,0.40694601736504343,0.8778730630874634,2
30,0.1,25,15000,0.7221421949319792,0.4260324650811627,0.9106802344322205,2
30,0.1,50,15000,0.718108507183136,0.41481313703284256,0.8863058686256409,2
30,0.1,100,15000,0.6273755555653311,0.3609966024915062,0.8003483414649963,2
30,0.1,250,15000,0.5987244188047764,0.33815024537561345,0.7747007608413696,2
30,0.1,500,15000,0.7209005622896333,0.4269233673084183,0.9226453900337219,2
30,0.1,1000,15000,0.692257732139602,0.43833899584748964,0.9303956627845764,2
30,0.1,10,20000,0.0,1.0,,0
30,0.1,25,20000,0.0,1.0,,0
30,0.1,50,20000,0.0,1.0,,0
30,0.1,100,20000,0.0,1.0,,0
30,0.1,250,20000,0.0,1.0,,0
30,0.1,500,20000,0.0,1.0,,0
30,0.1,1000,20000,0.0,1.0,,0
30,0.1,10,22000,0.0,1.0,,0
30,0.1,25,22000,0.0,1.0,,0
30,0.1,50,22000,0.0,1.0,,0
30,0.1,100,22000,0.0,1.0,,0
30,0.1,250,22000,0.0,1.0,,0
30,0.1,500,22000,0.0,1.0,,0
30,0.1,1000,22000,0.0,1.0,,0
50,0.1,10,50,0.47802401036655046,0.041812004530011326,0.11474572122097015,173
50,0.1,25,50,0.4777541167696616,0.08237070592676482,0.3986867666244507,164
50,0.1,50,50,0.47670649620576894,0.082718006795017,0.5074298977851868,144
50,0.1,100,50,0.4904990881187534,0.06669686674216685,0.6152634620666504,64
50,0.1,250,50,0.49208957992481134,0.09060022650056625,0.6547172665596008,29
50,0.1,500,50,0.4899994061895678,0.15764439411098527,0.7234126925468445,19
50,0.1,1000,50,0.49242240805631865,0.17137032842582106,0.7380631566047668,14
50,0.1,10,100,0.4805246709365833,0.06601736504341262,0.511297881603241,90
50,0.1,25,100,0.4856993168466983,0.052291430728576824,0.6091557145118713,80
50,0.1,50,100,0.4865009809359865,0.06320875802189506,0.5976943373680115,72
50,0.1,100,100,0.4902413883763917,0.06225745564363911,0.6070488095283508,60
50,0.1,250,100,0.4921690901772527,0.09192902982257456,0.6577218174934387,28
50,0.1,500,100,0.4899994061895678,0.15764439411098527,0.7234126925468445,19
50,0.1,1000,100,0.49242240805631865,0.17137032842582106,0.7380630970001221,14
50,0.1,10,250,0.4987254763652738,0.05510003775009437,0.5955496430397034,31
50,0.1,25,250,0.49625603604070667,0.05197432993582484,0.5905377864837646,31
50,0.1,50,250,0.497814094490777,0.05090222725556814,0.5828954577445984,30
50,0.1,100,250,0.496438817238545,0.06055115137787844,0.5946082472801208,30
50,0.1,250,250,0.4916781883774385,0.09055492638731596,0.6526544690132141,27
50,0.1,500,250,0.4954462667577732,0.11238958097395244,0.6598055362701416,16
50,0.1,1000,250,0.49242240805631865,0.17137032842582106,0.7380631566047668,14
50,0.1,10,500,0.5017560485124553,0.04542091355228388,0.5675012469291687,21
50,0.1,25,500,0.4972574339565915,0.06959607399018497,0.6019811034202576,21
50,0.1,50,500,0.5006872993203542,0.06118535296338241,0.6089605689048767,19
50,0.1,100,500,0.4953452652278226,0.08758021895054738,0.6388252973556519,20
50,0.1,250,500,0.49362873252434025,0.1076481691204228,0.634671688079834,18
50,0.1,500,500,0.4954462667577732,0.11238958097395244,0.6598053574562073,16
50,0.1,1000,500,0.49220373869337053,0.17887504718761796,0.7376794219017029,13
50,0.1,10,1000,0.506358640022687,0.05464703661759154,0.5407442450523376,14
50,0.1,25,1000,0.5006720405465601,0.10915817289543224,0.6227730512619019,13
50,0.1,50,1000,0.4979266974819402,0.11424688561721404,0.6266583800315857,13
50,0.1,100,1000,0.5013917929589862,0.10363155907889769,0.6080471873283386,13
50,0.1,250,1000,0.49610520182532036,0.1328652321630804,0.6616613268852234,13
50,0.1,500,1000,0.49479039821509757,0.14133635334088335,0.676737368106842,13
50,0.1,1000,1000,0.49347424473680834,0.16714231785579464,0.7567442655563354,12
50,0.1,10,2500,0.5134200974173792,0.0571838429596074,0.42652812600135803,7
50,0.1,25,2500,0.49276352728304645,0.05464703661759154,0.3412129282951355,5
50,0.1,50,2500,0.49180340977894144,0.054662136655341635,0.33614805340766907,5
50,0.1,100,2500,0.4874964606672372,0.04649301623254058,0.3267262578010559,5
50,0.1,250,2500,0.5380914006336553,0.017349943374858436,0.256778359413147,4
50,0.1,500,2500,0.5413004402917024,0.008682521706304265,0.25106027722358704,4
50,0.1,1000,2500,0.5386566492022573,0.01535673839184598,0.2592310905456543,4
50,0.1,10,5000,0.6027722035953504,0.04098150245375613,0.5549011826515198,4
50,0.1,25,5000,0.5457132559508908,0.07305398263495659,0.5110489726066589,3
50,0.1,50,5000,0.5440107012596419,0.07306908267270668,0.5050928592681885,3
50,0.1,100,5000,0.5377699845336426,0.06489996224990563,0.4878273010253906,3
50,0.1,250,5000,0.5377958286837399,0.06493016232540581,0.4878920614719391,3
50,0.1,500,5000,0.5758584898712212,0.0005738014345035863,0.47058650851249695,3
50,0.1,1000,5000,0.582554627140497,0.007172517931294828,0.4850192666053772,3
50,0.1,10,10000,0.6026767126677899,0.1610570026425066,0.6778285503387451,3
50,0.1,25,10000,0.5457132559508908,0.07305398263495659,0.5110489130020142,3
50,0.1,50,10000,0.5440107012596419,0.07306908267270668,0.5050927996635437,3
50,0.1,100,10000,0.5377699845336426,0.06489996224990563,0.48782721161842346,3
50,0.1,250,10000,0.5377958286837399,0.06493016232540581,0.4878920614719391,3
50,0.1,500,10000,0.5758584898712212,0.0005738014345035863,0.4705864489078522,3
50,0.1,1000,10000,0.582554627140497,0.007172517931294828,0.4850192964076996,3
50,0.1,10,15000,0.6026767126677899,0.1610570026425066,0.6778286099433899,3
50,0.1,25,15000,0.5457132559508908,0.07305398263495659,0.5110489726066589,3
50,0.1,50,15000,0.5440107012596419,0.07306908267270668,0.5050928592681885,3
50,0.1,100,15000,0.5377699845336426,0.06489996224990563,0.4878273904323578,3
50,0.1,250,15000,0.5377958286837399,0.06493016232540581,0.4878920018672943,3
50,0.1,500,15000,0.5758584898712212,0.0005738014345035863,0.47058647871017456,3
50,0.1,1000,15000,0.582554627140497,0.007172517931294828,0.4850192964076996,3
50,0.1,10,20000,0.0,1.0,,0
50,0.1,25,20000,0.0,1.0,,0
50,0.1,50,20000,0.0,1.0,,0
50,0.1,100,20000,0.0,1.0,,0
50,0.1,250,20000,0.0,1.0,,0
50,0.1,500,20000,0.0,1.0,,0
50,0.1,1000,20000,0.0,1.0,,0
50,0.1,10,22000,0.0,1.0,,0
50,0.1,25,22000,0.0,1.0,,0
50,0.1,50,22000,0.0,1.0,,0
50,0.1,100,22000,0.0,1.0,,0
50,0.1,250,22000,0.0,1.0,,0
50,0.1,500,22000,0.0,1.0,,0
50,0.1,1000,22000,0.0,1.0,,0
75,0.1,10,50,0.28999455534593943,0.12247640619101548,0.24454057216644287,212
75,0.1,25,50,0.47908942792844006,0.059252548131370326,0.5953382253646851,151
75,0.1,50,50,0.4783090595668305,0.10132125330313325,0.6091231107711792,143
75,0.1,100,50,0.4898863064781373,0.06607776519441298,0.6847973465919495,60
75,0.1,250,50,0.49379223079075574,0.09816534541336354,0.6939147114753723,28
75,0.1,500,50,0.49566554450497974,0.14802567006417516,0.7242875099182129,18
75,0.1,1000,50,0.49598143270143424,0.18011325028312572,0.8495022058486938,13
75,0.1,10,100,0.3147063976263606,0.10651566628916573,0.3059108257293701,99
75,0.1,25,100,0.4911112295841962,0.055205738014345036,0.6590461134910583,77
75,0.1,50,100,0.48995778625677827,0.06123065307663269,0.6405143141746521,68
75,0.1,100,100,0.4898919247764275,0.06891657229143072,0.6928656101226807,58
75,0.1,250,100,0.49364049559906364,0.09913174782936958,0.6952070593833923,27
75,0.1,500,100,0.4955512962411798,0.14363155907889769,0.7709112167358398,15
75,0.1,1000,100,0.49598143270143424,0.18011325028312572,0.8495022058486938,13
75,0.1,10,250,0.3339962550391481,0.08999622499056248,0.2610931098461151,43
75,0.1,25,250,0.5006731629137572,0.04958852397130993,0.648470938205719,33
75,0.1,50,250,0.4999213089764307,0.05762174405436014,0.6696878671646118,32
75,0.1,100,250,0.49623181414392403,0.06944507361268404,0.6897330284118652,32
75,0.1,250,250,0.4975657423776095,0.08163080407701019,0.6578277945518494,26
75,0.1,500,250,0.4955512962411798,0.14363155907889769,0.7709112167358398,15
75,0.1,1000,250,0.49598143270143424,0.18011325028312572,0.8495020866394043,13
75,0.1,10,500,0.3391039811660081,0.15155907889769724,0.29968929290771484,27
75,0.1,25,500,0.5028401690134514,0.0748961872404681,0.6572812795639038,21
75,0.1,50,500,0.5053174881360054,0.05623254058135145,0.6015346646308899,19
75,0.1,100,500,0.5002404104494595,0.08924122310305775,0.6595313549041748,19
75,0.1,250,500,0.49949476869812326,0.1071045677614194,0.6759889125823975,18
75,0.1,500,500,0.4955512962411798,0.14363155907889769,0.7709112167358398,15
75,0.1,1000,500,0.49598143270143424,0.18011325028312572,0.8495020866394043,13
75,0.1,10,1000,0.4112847157488047,0.1548508871272178,0.47639158368110657,14
75,0.1,25,1000,0.5114090077652038,0.09673084182710456,0.6797787547111511,13
75,0.1,50,1000,0.5089730146880777,0.10473386183465459,0.7130124568939209,13
75,0.1,100,1000,0.5025997984365506,0.13506983767459418,0.7644685506820679,13
75,0.1,250,1000,0.5005899860363974,0.14865987164967912,0.7779619097709656,13
75,0.1,500,1000,0.4989794562800177,0.16252170630426577,0.8113906383514404,13
75,0.1,1000,1000,0.4997312150498724,0.15660249150622876,0.7338225245475769,12
75,0.1,10,2500,0.5011187691224122,0.06222725556813892,0.3568876385688782,4
75,0.1,25,2500,0.5779507200868798,0.23177047942619858,0.7733648419380188,6
75,0.1,50,2500,0.5757571148307484,0.23684409211023028,0.7863088250160217,6
75,0.1,100,2500,0.5011187691224122,0.06222725556813892,0.3568876385688782,4
75,0.1,250,2500,0.49619321307421177,0.09303133257833145,0.374758780002594,4
75,0.1,500,2500,0.5020991121681162,0.12771611929029822,0.4190758764743805,4
75,0.1,1000,2500,0.5503394345681231,0.24123820309550773,0.816998302936554,6
75,0.1,10,5000,0.516017863523895,0.11021517553793884,0.351988285779953,3
75,0.1,25,5000,0.516017863523895,0.11021517553793884,0.3519882559776306,3
75,0.1,50,5000,0.516017863523895,0.11021517553793884,0.3519882559776306,3
75,0.1,100,5000,0.516017863523895,0.11021517553793884,0.3519882559776306,3
75,0.1,250,5000,0.5188131988258275,0.14101925254813136,0.3731103837490082,3
75,0.1,500,5000,0.5240110245556566,0.17570403926009814,0.4160667955875397,3
75,0.1,1000,5000,0.5609440868974186,0.2781124952812382,0.5603731274604797,3
75,0.1,10,10000,0.516017863523895,0.11021517553793884,0.3519882559776306,3
75,0.1,25,10000,0.516017863523895,0.11021517553793884,0.35198819637298584,3
75,0.1,50,10000,0.516017863523895,0.11021517553793884,0.3519882261753082,3
75,0.1,100,10000,0.516017863523895,0.11021517553793884,0.351988285779953,3
75,0.1,250,10000,0.5188131988258275,0.14101925254813136,0.37311041355133057,3
75,0.1,500,10000,0.5240110245556566,0.17570403926009814,0.4160667955875397,3
75,0.1,1000,10000,0.5609440868974186,0.2781124952812382,0.560373067855835,3
75,0.1,10,15000,0.516017863523895,0.11021517553793884,0.3519883155822754,3
75,0.1,25,15000,0.516017863523895,0.11021517553793884,0.35198819637298584,3
75,0.1,50,15000,0.516017863523895,0.11021517553793884,0.3519882559776306,3
75,0.1,100,15000,0.516017863523895,0.11021517553793884,0.3519882559776306,3
75,0.1,250,15000,0.5188131988258275,0.14101925254813136,0.37311041355133057,3
75,0.1,500,15000,0.5240110245556566,0.17570403926009814,0.4160667657852173,3
75,0.1,1000,15000,0.3236214745651995,0.0,0.27820879220962524,2
75,0.1,10,20000,0.0,1.0,,0
75,0.1,25,20000,0.0,1.0,,0
75,0.1,50,20000,0.0,1.0,,0
75,0.1,100,20000,0.0,1.0,,0
75,0.1,250,20000,0.0,1.0,,0
75,0.1,500,20000,0.0,1.0,,0
75,0.1,1000,20000,0.0,1.0,,0
75,0.1,10,22000,0.0,1.0,,0
75,0.1,25,22000,0.0,1.0,,0
75,0.1,50,22000,0.0,1.0,,0
75,0.1,100,22000,0.0,1.0,,0
75,0.1,250,22000,0.0,1.0,,0
75,0.1,500,22000,0.0,1.0,,0
75,0.1,1000,22000,0.0,1.0,,0
100,0.1,10,50,0.30149451330193605,0.189278973197433,0.2932674288749695,195
100,0.1,25,50,0.47981165327212694,0.09061532653831635,0.49711716175079346,167
100,0.1,50,50,0.47795878787831686,0.10274065685164213,0.5269802808761597,152
100,0.1,100,50,0.4873333240031724,0.07688939222348055,0.6848264336585999,65
100,0.1,250,50,0.49200890903662864,0.10810117025292564,0.7303100228309631,30
100,0.1,500,50,0.4938298688774918,0.1428161570403926,0.7285900712013245,19
100,0.1,1000,50,0.5015152032079001,0.1940656851642129,0.7718343138694763,14
100,0.1,10,100,0.48772453205389066,0.04379010947527369,0.651264488697052,79
100,0.1,25,100,0.48562182709614615,0.08717251793129482,0.6809999942779541,78
100,0.1,50,100,0.48595015499659805,0.08502831257078143,0.6445932388305664,71
100,0.1,100,100,0.4879778580066373,0.07640619101547753,0.6791136860847473,60
100,0.1,250,100,0.49199858508544136,0.10083805209513023,0.7176908254623413,29
100,0.1,500,100,0.49360141811188096,0.14399395998489997,0.7329734563827515,18
100,0.1,1000,100,0.5015152032079001,0.1940656851642129,0.7718342542648315,14
100,0.1,10,250,0.4966778646272198,0.06215175537938845,0.6451371312141418,33
100,0.1,25,250,0.49814401200869135,0.055688939222348056,0.6339739561080933,31
100,0.1,50,250,0.49703925212803834,0.06412986032465082,0.6523293256759644,31
100,0.1,100,250,0.5017483725466817,0.043926009815024536,0.6018821597099304,29
100,0.1,250,250,0.4933686097825977,0.09774254435636089,0.7020039558410645,28
100,0.1,500,250,0.49381165113029774,0.14166855417138544,0.7202404141426086,17
100,0.1,1000,250,0.5015152032079001,0.1940656851642129,0.7718340754508972,14
100,0.1,10,500,0.4991753747174058,0.07255568138920347,0.5785467624664307,20
100,0.1,25,500,0.5041722418972261,0.0636466591166478,0.5807578563690186,18
100,0.1,50,500,0.5038349929043794,0.06728576821442053,0.5875043272972107,18
100,0.1,100,500,0.5024807598456825,0.06277085692714232,0.571000337600708,18
100,0.1,250,500,0.49359356205567656,0.1186409966024915,0.6736999750137329,17
100,0.1,500,500,0.49381165113029774,0.14166855417138544,0.7202403545379639,17
100,0.1,1000,500,0.5037873474597377,0.19953189882974706,0.7859624028205872,13
100,0.1,10,1000,0.5006633076185485,0.09420913552283881,0.5991317629814148,15
100,0.1,25,1000,0.5068368435995091,0.08259720649301623,0.5798945426940918,15
100,0.1,50,1000,0.5063859578022071,0.08623631559078898,0.587402880191803,15
100,0.1,100,1000,0.5052385542217672,0.08073990184975463,0.5707359313964844,15
100,0.1,250,1000,0.49783002577801616,0.1352812382030955,0.6662755012512207,14
100,0.1,500,1000,0.4987382042246394,0.15803699509248773,0.7093956470489502,14
100,0.1,1000,1000,0.5063850683939227,0.19509248773121932,0.802928626537323,12
100,0.1,10,2500,0.546912979945452,0.18382785956964892,0.7187455296516418,7
100,0.1,25,2500,0.5372766942927111,0.1758097395243488,0.617669939994812,7
100,0.1,50,2500,0.5578919155866392,0.1358852397130993,0.5534605383872986,7
100,0.1,100,2500,0.565722069375593,0.1922687806719517,0.6701236963272095,7
100,0.1,250,2500,0.5124847605425215,0.1860928652321631,0.4878693222999573,4
100,0.1,500,2500,0.5596195703427859,0.2641449603624009,0.7017037868499756,5
100,0.1,1000,2500,0.5447617027107179,0.26616836542091354,0.65263831615448,4
100,0.1,10,5000,0.578477381621375,0.0,0.4869723320007324,3
100,0.1,25,5000,0.578477381621375,0.0,0.4869723618030548,3
100,0.1,50,5000,0.578477381621375,0.0,0.4869723320007324,3
100,0.1,100,5000,0.578477381621375,0.0,0.4869723320007324,3
100,0.1,250,5000,0.578477381621375,0.0,0.4869723618030548,3
100,0.1,500,5000,0.5723973857135033,0.005692714231785579,0.49452364444732666,3
100,0.1,1000,5000,0.5723343638213934,0.005753114382785957,0.4945452809333801,3
100,0.1,10,10000,0.578477381621375,0.0,0.4869724214076996,3
100,0.1,25,10000,0.578477381621375,0.0,0.4869724214076996,3
100,0.1,50,10000,0.578477381621375,0.0,0.4869724214076996,3
100,0.1,100,10000,0.578477381621375,0.0,0.4869724214076996,3
100,0.1,250,10000,0.578477381621375,0.0,0.48697230219841003,3
100,0.1,500,10000,0.5723973857135033,0.005692714231785579,0.4945235550403595,3
100,0.1,1000,10000,0.5723343638213934,0.005753114382785957,0.49454525113105774,3
100,0.1,10,15000,0.578477381621375,0.0,0.4869723320007324,3
100,0.1,25,15000,0.578477381621375,0.0,0.4869723320007324,3
100,0.1,50,15000,0.578477381621375,0.0,0.4869723320007324,3
100,0.1,100,15000,0.578477381621375,0.0,0.486972451210022,3
100,0.1,250,15000,0.578477381621375,0.0,0.4869723618030548,3
100,0.1,500,15000,0.5723973857135033,0.005692714231785579,0.49452367424964905,3
100,0.1,1000,15000,0.5723343638213934,0.005753114382785957,0.4945453107357025,3
100,0.1,10,20000,0.0,1.0,,0
100,0.1,25,20000,0.0,1.0,,0
100,0.1,50,20000,0.0,1.0,,0
100,0.1,100,20000,0.0,1.0,,0
100,0.1,250,20000,0.0,1.0,,0
100,0.1,500,20000,0.0,1.0,,0
100,0.1,1000,20000,0.0,1.0,,0
100,0.1,10,22000,0.0,1.0,,0
100,0.1,25,22000,0.0,1.0,,0
100,0.1,50,22000,0.0,1.0,,0
100,0.1,100,22000,0.0,1.0,,0
100,0.1,250,22000,0.0,1.0,,0
100,0.1,500,22000,0.0,1.0,,0
100,0.1,1000,22000,0.0,1.0,,0
10,0.15,10,50,0.08457269417953948,0.44418271045677615,-0.21997535228729248,247
10,0.15,25,50,0.09792516964505782,0.5288184220460551,-0.15265622735023499,197
10,0.15,50,50,0.09945796219742768,0.5971913929784824,0.007652715314179659,158
10,0.15,100,50,0.08976996605638587,0.6496791241978105,0.13294154405593872,78
10,0.15,250,50,0.06014368968576719,0.7551377878444696,0.4054107367992401,31
10,0.15,500,50,0.05176183291053543,0.7958927897319743,0.728724479675293,15
10,0.15,1000,50,0.019955001792548603,0.863525858814647,0.944197416305542,8
10,0.15,10,100,0.06631287751063458,0.4682370705926765,-0.1532973051071167,110
10,0.15,25,100,0.11202901248928192,0.5745413363533409,-0.03362874686717987,102
10,0.15,50,100,0.10409462473731995,0.625760664401661,0.04410908743739128,81
10,0.15,100,100,0.09121339845831149,0.6570328425821065,0.11207414418458939,65
10,0.15,250,100,0.07029979329314827,0.7468176670441676,0.46204638481140137,26
10,0.15,500,100,0.05176183291053543,0.7958927897319743,0.7287244200706482,15
10,0.15,1000,100,0.019955001792548603,0.863525858814647,0.944197416305542,8
10,0.15,10,250,0.05719790045976101,0.5157719894299736,-0.05843745172023773,41
10,0.15,25,250,0.11673081900711169,0.6406040015100037,0.11947300285100937,37
10,0.15,50,250,0.10542524306482141,0.6457078142695357,0.04462103545665741,37
10,0.15,100,250,0.10164421006719512,0.6485315213288033,0.09590132534503937,29
10,0.15,250,250,0.0696664463632299,0.7507889769724424,0.46093443036079407,23
10,0.15,500,250,0.05305325710293102,0.7947451868629671,0.6947652697563171,13
10,0.15,1000,250,0.019955001792548603,0.863525858814647,0.944197416305542,8
10,0.15,10,500,0.09171080779518093,0.3741789354473386,-0.0891193151473999,18
10,0.15,25,500,0.08413626069128749,0.6695054737636844,0.3115769028663635,18
10,0.15,50,500,0.11874907028003132,0.6903435258588146,0.27975037693977356,17
10,0.15,100,500,0.12412613037272079,0.6609739524348811,0.1861313283443451,17
10,0.15,250,500,0.07851575484530861,0.7473159682899208,0.44930920004844666,14
10,0.15,500,500,0.04925985444946997,0.8008456021140052,0.6620745062828064,11
10,0.15,1000,500,0.03048030417598846,0.8364967912419781,0.6539250016212463,6
10,0.15,10,1000,0.11975804342270084,0.3591845979614949,-0.08455031365156174,9
10,0.15,25,1000,0.05611388665189752,0.5726689316723291,-0.0889948308467865,9
10,0.15,50,1000,0.02407669276398425,0.37787844469611176,-0.09210561960935593,5
10,0.15,100,1000,0.09919378347656133,0.6842733106832767,0.2758021950721741,11
10,0.15,250,1000,0.08191010942606103,0.7645753114382786,0.5206897258758545,8
10,0.15,500,1000,0.08511083404497377,0.7661759154397886,0.5532954931259155,7
10,0.15,1000,1000,0.03048030417598846,0.8364967912419781,0.6539250016212463,6
10,0.15,10,2500,0.1518162844425605,0.44709701774254434,0.2815118134021759,2
10,0.15,25,2500,0.010021932699071548,0.6744582861457153,0.14670637249946594,2
10,0.15,50,2500,0.0,1.0,,0
10,0.15,100,2500,0.022675515659200316,0.8363004907512269,0.4258284866809845,2
10,0.15,250,2500,0.052130116926791946,0.7330162325405813,0.03564269468188286,2
10,0.15,500,2500,0.08208326602698383,0.8036542091355229,0.6607062816619873,3
10,0.15,1000,2500,0.038181760345055965,0.889769724424311,0.10095411539077759,2
10,0.15,10,5000,0.1518162844425605,0.44709701774254434,0.2815117835998535,2
10,0.15,25,5000,0.0,1.0,,0
10,0.15,50,5000,0.0,1.0,,0
10,0.15,100,5000,0.022675515659200316,0.8363004907512269,0.4258284866809845,2
10,0.15,250,5000,0.0,1.0,,0
10,0.15,500,5000,0.0,1.0,,0
10,0.15,1000,5000,0.0,1.0,,0
10,0.15,10,10000,0.0,1.0,,0
10,0.15,25,10000,0.0,1.0,,0
10,0.15,50,10000,0.0,1.0,,0
10,0.15,100,10000,0.0,1.0,,0
10,0.15,250,10000,0.0,1.0,,0
10,0.15,500,10000,0.0,1.0,,0
10,0.15,1000,10000,0.0,1.0,,0
10,0.15,10,15000,0.0,1.0,,0
10,0.15,25,15000,0.0,1.0,,0
10,0.15,50,15000,0.0,1.0,,0
10,0.15,100,15000,0.0,1.0,,0
10,0.15,250,15000,0.0,1.0,,0
10,0.15,500,15000,0.0,1.0,,0
10,0.15,1000,15000,0.0,1.0,,0
10,0.15,10,20000,0.0,1.0,,0
10,0.15,25,20000,0.0,1.0,,0
10,0.15,50,20000,0.0,1.0,,0
10,0.15,100,20000,0.0,1.0,,0
10,0.15,250,20000,0.0,1.0,,0
10,0.15,500,20000,0.0,1.0,,0
10,0.15,1000,20000,0.0,1.0,,0
10,0.15,10,22000,0.0,1.0,,0
10,0.15,25,22000,0.0,1.0,,0
10,0.15,50,22000,0.0,1.0,,0
10,0.15,100,22000,0.0,1.0,,0
10,0.15,250,22000,0.0,1.0,,0
10,0.15,500,22000,0.0,1.0,,0
10,0.15,1000,22000,0.0,1.0,,0
15,0.15,10,50,0.10084548389360053,0.40246130615326536,-0.2139890193939209,230
15,0.15,25,50,0.14615506604965484,0.48874292185730467,-0.11995572596788406,189
15,0.15,50,50,0.15366120197504346,0.5591241978104945,-0.006165584083646536,149
15,0.15,100,50,0.13840724904181492,0.6084409211023027,0.17637363076210022,79
15,0.15,250,50,0.09883005456914555,0.6870517176292941,0.3765723705291748,32
15,0.15,500,50,0.10477513032633724,0.7320951302378256,0.4078320264816284,17
15,0.15,1000,50,0.0061168358189370164,0.009664024160060401,-0.11203950643539429,2
15,0.15,10,100,0.0967495923164297,0.3113929784824462,-0.38255783915519714,92
15,0.15,25,100,0.14571263279558372,0.5297848244620612,-0.07156786322593689,94
15,0.15,50,100,0.15416283914298223,0.5555907889769724,-0.0007668445468880236,84
15,0.15,100,100,0.1405254699153197,0.6083956209890524,0.1863572597503662,72
15,0.15,250,100,0.10616678282267222,0.6839864099660249,0.28738129138946533,26
15,0.15,500,100,0.10404136869258503,0.7328501321253303,0.42948707938194275,15
15,0.15,1000,100,0.0061168358189370164,0.009664024160060401,-0.11203952133655548,2
15,0.15,10,250,0.11044647392221926,0.3117251793129483,-0.334462434053421,38
15,0.15,25,250,0.14019294656342515,0.5702982257455643,0.0804150179028511,39
15,0.15,50,250,0.14064160703417772,0.5940052850132125,0.1261143535375595,35
15,0.15,100,250,0.13943241531801,0.6190562476406191,0.24631346762180328,32
15,0.15,250,250,0.11219981175803986,0.6770554926387315,0.259196013212204,23
15,0.15,500,250,0.10404136869258503,0.7328501321253303,0.42948704957962036,15
15,0.15,1000,250,0.0061168358189370164,0.009664024160060401,-0.11203952133655548,2
15,0.15,10,500,0.11382426776969126,0.28468101170252924,-0.24949531257152557,18
15,0.15,25,500,0.11222452329899557,0.36554171385428463,-0.3027705252170563,14
15,0.15,50,500,0.14194794100114394,0.6139675349188373,0.12090113759040833,19
15,0.15,100,500,0.1472344955501203,0.6410419026047565,0.13426123559474945,15
15,0.15,250,500,0.13431381878675255,0.6631030577576444,0.30473801493644714,15
15,0.15,500,500,0.09871389226404276,0.7389052472631181,0.4347361922264099,13
15,0.15,1000,500,0.0061168358189370164,0.009664024160060401,-0.1120394915342331,2
15,0.15,10,1000,0.12225893301130764,0.27488108720271803,-0.22279570996761322,15
15,0.15,25,1000,0.11231272809583476,0.36895432238580594,-0.27000561356544495,11
15,0.15,50,1000,0.13824996434578338,0.6210494526236315,0.20027677714824677,13
15,0.15,100,1000,0.007095694196710708,0.004560211400528502,-0.1042056530714035,2
15,0.15,250,1000,0.00699479491425708,0.004892412231030578,-0.10480722784996033,2
15,0.15,500,1000,0.0067839018091550435,0.006311815779539449,-0.10648050904273987,2
15,0.15,1000,1000,0.0061168358189370164,0.009664024160060401,-0.11203952878713608,2
15,0.15,10,2500,0.007300274422877501,0.0019932049830124576,-0.10133333504199982,2
15,0.15,25,2500,0.007177312453328179,0.0030502076255190637,-0.10300227254629135,2
15,0.15,50,2500,0.007020970184471783,0.0034428086070215176,-0.10437174886465073,2
15,0.15,100,2500,0.007095694196710708,0.004560211400528502,-0.10420562326908112,2
15,0.15,250,2500,0.00699479491425708,0.004892412231030578,-0.10480724275112152,2
15,0.15,500,2500,0.11708367372655358,0.6899660249150623,0.15295077860355377,3
15,0.15,1000,2500,0.06550026008056603,0.7543072857682144,0.4406387209892273,3
15,0.15,10,5000,0.0,1.0,,0
15,0.15,25,5000,0.0,1.0,,0
15,0.15,50,5000,0.0,1.0,,0
15,0.15,100,5000,0.014313873188859357,0.7733031332578332,0.2622743248939514,2
15,0.15,250,5000,0.0,1.0,,0
15,0.15,500,5000,0.07912740376306021,0.7292412231030577,0.5460564494132996,2
15,0.15,1000,5000,0.08308353113843128,0.7335598338995848,0.5029059648513794,2
15,0.15,10,10000,0.0,1.0,,0
15,0.15,25,10000,0.0,1.0,,0
15,0.15,50,10000,0.0,1.0,,0
15,0.15,100,10000,0.0,1.0,,0
15,0.15,250,10000,0.0,1.0,,0
15,0.15,500,10000,0.0,1.0,,0
15,0.15,1000,10000,0.0,1.0,,0
15,0.15,10,15000,0.0,1.0,,0
15,0.15,25,15000,0.0,1.0,,0
15,0.15,50,15000,0.0,1.0,,0
15,0.15,100,15000,0.0,1.0,,0
15,0.15,250,15000,0.0,1.0,,0
15,0.15,500,15000,0.0,1.0,,0
15,0.15,1000,15000,0.0,1.0,,0
15,0.15,10,20000,0.0,1.0,,0
15,0.15,25,20000,0.0,1.0,,0
15,0.15,50,20000,0.0,1.0,,0
15,0.15,100,20000,0.0,1.0,,0
15,0.15,250,20000,0.0,1.0,,0
15,0.15,500,20000,0.0,1.0,,0
15,0.15,1000,20000,0.0,1.0,,0
15,0.15,10,22000,0.0,1.0,,0
15,0.15,25,22000,0.0,1.0,,0
15,0.15,50,22000,0.0,1.0,,0
15,0.15,100,22000,0.0,1.0,,0
15,0.15,250,22000,0.0,1.0,,0
15,0.15,500,22000,0.0,1.0,,0
15,0.15,1000,22000,0.0,1.0,,0
30,0.15,10,50,0.37118676770228154,0.11930539826349566,-0.2454124540090561,170
30,0.15,25,50,0.36623623196084637,0.14858437146092865,0.12370093911886215,153
30,0.15,50,50,0.3687511806211685,0.14493016232540581,0.1572297066450119,134
30,0.15,100,50,0.3657485438080928,0.1769271423178558,0.46307215094566345,66
30,0.15,250,50,0.3612904936025103,0.2198263495658739,0.5971388220787048,32
30,0.15,500,50,0.33203444054226783,0.2829143072857682,0.6892260313034058,18
30,0.15,1000,50,0.3425414901864903,0.297440543601359,0.7719970345497131,13
30,0.15,10,100,0.3277943095607459,0.16318610796526992,-0.1413702368736267,83
30,0.15,25,100,0.3798130871108424,0.13013212533031332,0.11200966686010361,75
30,0.15,50,100,0.3799936722577768,0.13214043035107587,0.14041352272033691,73
30,0.15,100,100,0.36734512160936394,0.17010192525481313,0.4541393518447876,62
30,0.15,250,100,0.36285405074681837,0.21303133257833146,0.5725516676902771,28
30,0.15,500,100,0.33199207221229027,0.2837448093620234,0.6898015141487122,17
30,0.15,1000,100,0.3425414901864903,0.297440543601359,0.7719972133636475,13
30,0.15,10,250,0.3851149381471931,0.1671876179690449,0.33132174611091614,34
30,0.15,25,250,0.3905167531392277,0.1519516798791997,0.48885443806648254,34
30,0.15,50,250,0.39091374177770594,0.14841827104567762,0.47683006525039673,34
30,0.15,100,250,0.37732097083545624,0.15474518686296715,0.47718676924705505,30
30,0.15,250,250,0.3630558759668283,0.2149943374858437,0.5601977705955505,26
30,0.15,500,250,0.3325598447780104,0.28229520573801437,0.6836680173873901,16
30,0.15,1000,250,0.3425414901864903,0.297440543601359,0.7719973921775818,13
30,0.15,10,500,0.3996722953799823,0.18941487353718384,0.6404527425765991,18
30,0.15,25,500,0.4057039819460778,0.15528878822197056,0.5492217540740967,18
30,0.15,50,500,0.39301279773920916,0.1701925254813137,0.5458959341049194,17
30,0.15,100,500,0.38884759291892396,0.16836542091355228,0.5134281516075134,18
30,0.15,250,500,0.36339668320139146,0.23235938089845223,0.6479170918464661,17
30,0.15,500,500,0.3325598447780104,0.28229520573801437,0.6836680173873901,16
30,0.15,1000,500,0.3425414901864903,0.297440543601359,0.771997332572937,13
30,0.15,10,1000,0.39904181871511796,0.22749716874292186,0.7026892304420471,13
30,0.15,25,1000,0.40443188321202445,0.18998867497168742,0.6354200839996338,13
30,0.15,50,1000,0.3922918337544643,0.1953793884484711,0.6216434836387634,13
30,0.15,100,1000,0.3986397186562854,0.1782106455266138,0.5489861369132996,13
30,0.15,250,1000,0.3778628363855578,0.2139524348810872,0.636179506778717,13
30,0.15,500,1000,0.36387223256084084,0.24138920347300868,0.6899418234825134,13
30,0.15,1000,1000,0.34526979100745564,0.2877765194412986,0.7446433901786804,12
30,0.15,10,2500,0.49907070036231777,0.3346017365043413,0.6460812091827393,4
30,0.15,25,2500,0.43873248965703,0.31266138165345414,0.7247693538665771,7
30,0.15,50,2500,0.4223254693271381,0.3254058135145338,0.7120082378387451,7
30,0.15,100,2500,0.4541517807702011,0.3563306908267271,0.6507071852684021,6
30,0.15,250,2500,0.4227299948400198,0.34029445073612685,0.6248241066932678,6
30,0.15,500,2500,0.45591369113477437,0.30479426198565496,0.7513530850410461,6
30,0.15,1000,2500,0.4604405445023633,0.30699886749716876,0.7384141087532043,5
30,0.15,10,5000,0.5877139670814183,0.4204152510381276,0.6195299029350281,2
30,0.15,25,5000,0.4921121403920587,0.3599848999622499,0.5346095561981201,2
30,0.15,50,5000,0.4609877771478166,0.38707436768591924,0.5337270498275757,2
30,0.15,100,5000,0.3115687161524663,0.23134767836919592,0.38690388202667236,2
30,0.15,250,5000,0.2607017720467207,0.23710079275198187,0.4145785868167877,2
30,0.15,500,5000,0.4765974995561604,0.43335598338995845,0.8868328332901001,3
30,0.15,1000,5000,0.44123364938275883,0.34722536806342014,0.698295533657074,3
30,0.15,10,10000,0.5877139670814183,0.4204152510381276,0.6195299625396729,2
30,0.15,25,10000,0.4921121403920587,0.3599848999622499,0.5346096158027649,2
30,0.15,50,10000,0.4609877771478166,0.38707436768591924,0.5337270498275757,2
30,0.15,100,10000,0.3115687161524663,0.23134767836919592,0.3869037628173828,2
30,0.15,250,10000,0.2607017720467207,0.23710079275198187,0.41457873582839966,2
30,0.15,500,10000,0.25950520625873413,0.2622272555681389,0.4327368140220642,2
30,0.15,1000,10000,0.506894007309139,0.4836240090600227,0.684088408946991,2
30,0.15,10,15000,0.5877139670814183,0.4204152510381276,0.6195300221443176,2
30,0.15,25,15000,0.0,1.0,,0
30,0.15,50,15000,0.0,1.0,,0
30,0.15,100,15000,0.0,1.0,,0
30,0.15,250,15000,0.0,1.0,,0
30,0.15,500,15000,0.0,1.0,,0
30,0.15,1000,15000,0.0,1.0,,0
30,0.15,10,20000,0.0,1.0,,0
30,0.15,25,20000,0.0,1.0,,0
30,0.15,50,20000,0.0,1.0,,0
30,0.15,100,20000,0.0,1.0,,0
30,0.15,250,20000,0.0,1.0,,0
30,0.15,500,20000,0.0,1.0,,0
30,0.15,1000,20000,0.0,1.0,,0
30,0.15,10,22000,0.0,1.0,,0
30,0.15,25,22000,0.0,1.0,,0
30,0.15,50,22000,0.0,1.0,,0
30,0.15,100,22000,0.0,1.0,,0
30,0.15,250,22000,0.0,1.0,,0
30,0.15,500,22000,0.0,1.0,,0
30,0.15,1000,22000,0.0,1.0,,0
50,0.15,10,50,0.47836249640060624,0.06781426953567384,-0.0014965247828513384,165
50,0.15,25,50,0.47881571248875704,0.07001887504718762,0.2294217050075531,152
50,0.15,50,50,0.4796064243479617,0.08948282370705926,0.5359386205673218,139
50,0.15,100,50,0.4914341007879095,0.06409966024915062,0.5784963369369507,64
50,0.15,250,50,0.49114863611397674,0.10018875047187618,0.6179788708686829,30
50,0.15,500,50,0.49275025312443677,0.14920347300868253,0.6489007472991943,16
50,0.15,1000,50,0.49450124528884765,0.18932427331068327,0.7248564958572388,13
50,0.15,10,100,0.482007295740719,0.07109097772744431,0.5904988050460815,89
50,0.15,25,100,0.48618535254247064,0.0515364288410721,0.5974381566047668,78
50,0.15,50,100,0.48767366692430447,0.05285013212533032,0.58086097240448,72
50,0.15,100,100,0.4914482492373582,0.06265005662514156,0.5717853903770447,61
50,0.15,250,100,0.49114863611397674,0.10018875047187618,0.6179786920547485,30
50,0.15,500,100,0.492441292707115,0.15024537561343904,0.6621346473693848,15
50,0.15,1000,100,0.49450124528884765,0.18932427331068327,0.7248565554618835,13
50,0.15,10,250,0.4956232792977318,0.06299735749339373,0.5538883805274963,32
50,0.15,25,250,0.4971444674900892,0.0523518308795772,0.5541043281555176,32
50,0.15,50,250,0.5000147380667632,0.04641751604379011,0.5339043736457825,31
50,0.15,100,250,0.499210486527372,0.05970554926387316,0.5450984239578247,29
50,0.15,250,250,0.4920973249171628,0.09861834654586636,0.607548177242279,28
50,0.15,500,250,0.492441292707115,0.15024537561343904,0.6621344685554504,15
50,0.15,1000,250,0.49450124528884765,0.18932427331068327,0.7248566746711731,13
50,0.15,10,500,0.5013619508657756,0.0789127972819932,0.5355267524719238,17
50,0.15,25,500,0.5031472179712145,0.07081917704794262,0.5243048071861267,17
50,0.15,50,500,0.503800117260084,0.056157040392600985,0.49983054399490356,17
50,0.15,100,500,0.5035999791620653,0.07266138165345414,0.516129732131958,16
50,0.15,250,500,0.4912571959581472,0.13390713476783692,0.5909237861633301,16
50,0.15,500,500,0.492441292707115,0.15024537561343904,0.6621345281600952,15
50,0.15,1000,500,0.49450124528884765,0.18932427331068327,0.7248567342758179,13
50,0.15,10,1000,0.5047131691622885,0.08478671196677992,0.5687930583953857,13
50,0.15,25,1000,0.4999253656604843,0.10810117025292564,0.5993990898132324,13
50,0.15,50,1000,0.5051979404501213,0.07836919592298981,0.5457504391670227,13
50,0.15,100,1000,0.5035311592192574,0.08958852397130992,0.537337601184845,13
50,0.15,250,1000,0.4943712032167306,0.14801057002642506,0.6600639820098877,13
50,0.15,500,1000,0.495499754793055,0.16880332200830503,0.6986114978790283,13
50,0.15,1000,1000,0.49542229957600703,0.17727444318610797,0.7263675928115845,12
50,0.15,10,2500,0.5931862826407501,0.014329935824839561,0.5219621062278748,6
50,0.15,25,2500,0.48932588184616926,0.07710079275198188,0.38358694314956665,5
50,0.15,50,2500,0.5230903117718207,0.13941864854662137,0.6397531628608704,8
50,0.15,100,2500,0.5200047305892632,0.15258588146470367,0.5939611792564392,7
50,0.15,250,2500,0.510641933238987,0.04238580596451491,0.28380846977233887,4
50,0.15,500,2500,0.5224089757743218,0.06773876934692337,0.3197631537914276,4
50,0.15,1000,2500,0.49231334062361404,0.18056625141562854,0.5111724138259888,5
50,0.15,10,5000,0.5951414250700248,0.062076255190637974,0.6430217623710632,5
50,0.15,25,5000,0.5652707271928474,0.020158550396375992,0.47722452878952026,3
50,0.15,50,5000,0.5652707271928474,0.020158550396375992,0.4772246181964874,3
50,0.15,100,5000,0.5652707271928474,0.020158550396375992,0.4772246181964874,3
50,0.15,250,5000,0.5457004966533237,0.04238580596451491,0.4720015525817871,3
50,0.15,500,5000,0.5552698515155879,0.06103435258588146,0.5042195916175842,3
50,0.15,1000,5000,0.5640454084340575,0.11380898452246131,0.5786505341529846,3
50,0.15,10,10000,0.5542692604152745,0.014329935824839561,0.5313166379928589,4
50,0.15,25,10000,0.5652707271928474,0.020158550396375992,0.47722458839416504,3
50,0.15,50,10000,0.5652707271928474,0.020158550396375992,0.4772246181964874,3
50,0.15,100,10000,0.5652707271928474,0.020158550396375992,0.47722458839416504,3
50,0.15,250,10000,0.5457004966533237,0.04238580596451491,0.47200143337249756,3
50,0.15,500,10000,0.5552698515155879,0.06103435258588146,0.5042194724082947,3
50,0.15,1000,10000,0.5640454084340575,0.11380898452246131,0.5786505937576294,3
50,0.15,10,15000,0.5619238570887348,0.23951679879199697,0.5336512327194214,3
50,0.15,25,15000,0.5652707271928474,0.020158550396375992,0.47722458839416504,3
50,0.15,50,15000,0.5652707271928474,0.020158550396375992,0.4772244691848755,3
50,0.15,100,15000,0.5652707271928474,0.020158550396375992,0.4772246479988098,3
50,0.15,250,15000,0.5457004966533237,0.04238580596451491,0.47200149297714233,3
50,0.15,500,15000,0.5552698515155879,0.06103435258588146,0.5042195320129395,3
50,0.15,1000,15000,0.5640454084340575,0.11380898452246131,0.5786505341529846,3
50,0.15,10,20000,0.0,1.0,,0
50,0.15,25,20000,0.0,1.0,,0
50,0.15,50,20000,0.0,1.0,,0
50,0.15,100,20000,0.0,1.0,,0
50,0.15,250,20000,0.0,1.0,,0
50,0.15,500,20000,0.0,1.0,,0
50,0.15,1000,20000,0.0,1.0,,0
50,0.15,10,22000,0.0,1.0,,0
50,0.15,25,22000,0.0,1.0,,0
50,0.15,50,22000,0.0,1.0,,0
50,0.15,100,22000,0.0,1.0,,0
50,0.15,250,22000,0.0,1.0,,0
50,0.15,500,22000,0.0,1.0,,0
50,0.15,1000,22000,0.0,1.0,,0
75,0.15,10,50,0.28617830419241014,0.11498678746696867,0.24881137907505035,199
75,0.15,25,50,0.47891780381892174,0.0848169120422801,0.3637823462486267,158
75,0.15,50,50,0.48201407915702815,0.0880332200830502,0.5190038681030273,128
75,0.15,100,50,0.4935270107086666,0.05864854662136655,0.6406607627868652,59
75,0.15,250,50,0.4946161190790651,0.11100037750094376,0.7019184827804565,29
75,0.15,500,50,0.49218152793061687,0.14121555303888259,0.7825665473937988,17
75,0.15,1000,50,0.49817878475041516,0.15232918082295205,0.7336127161979675,12
75,0.15,10,100,0.3067712964071552,0.11682899207248018,0.2768925130367279,89
75,0.15,25,100,0.48665924386744613,0.0579841449603624,0.6356679201126099,67
75,0.15,50,100,0.48864818666045606,0.05576443941109853,0.6371161937713623,65
75,0.15,100,100,0.49381743438113246,0.061109852774631934,0.6430277824401855,57
75,0.15,250,100,0.4947746149731138,0.10080785201963005,0.6801345348358154,28
75,0.15,500,100,0.49259232449187146,0.13946394865987166,0.7838917970657349,16
75,0.15,1000,100,0.49817878475041516,0.15232918082295205,0.7336126565933228,12
75,0.15,10,250,0.3136219121815701,0.10461306153265383,0.25076642632484436,46
75,0.15,25,250,0.49938758982900977,0.05386183465458664,0.6283764839172363,34
75,0.15,50,250,0.4986691837430176,0.06769346923367309,0.6681646704673767,31
75,0.15,100,250,0.49945293921853867,0.05819554548886372,0.6066406965255737,29
75,0.15,250,250,0.494771774515746,0.09860324650811628,0.6861695647239685,26
75,0.15,500,250,0.49259232449187146,0.13946394865987166,0.7838919162750244,16
75,0.15,1000,250,0.49817878475041516,0.15232918082295205,0.7336127758026123,12
75,0.15,10,500,0.33361980399245145,0.1124650811627029,0.32918548583984375,25
75,0.15,25,500,0.5028080006444597,0.07063797659494149,0.6879949569702148,19
75,0.15,50,500,0.49923811633281556,0.08673461683654209,0.7198668718338013,19
75,0.15,100,500,0.5000184244173199,0.08827482068705171,0.6481814980506897,19
75,0.15,250,500,0.49814818123459387,0.10699886749716875,0.7098942995071411,17
75,0.15,500,500,0.49259232449187146,0.13946394865987166,0.7838919758796692,16
75,0.15,1000,500,0.49817878475041516,0.15232918082295205,0.7336126565933228,12
75,0.15,10,1000,0.34069930676410815,0.158882597206493,0.42578446865081787,18
75,0.15,25,1000,0.509367048183696,0.06585126462816157,0.6452295184135437,14
75,0.15,50,1000,0.5049557058799408,0.10124575311438279,0.7422410249710083,14
75,0.15,100,1000,0.5027015332542412,0.09420913552283881,0.7256573438644409,14
75,0.15,250,1000,0.4969167223215393,0.14814647036617593,0.8163524270057678,13
75,0.15,500,1000,0.4989410028866771,0.1433899584748962,0.7299140095710754,12
75,0.15,1000,1000,0.49817878475041516,0.15232918082295205,0.7336126565933228,12
75,0.15,10,2500,0.5431621937927474,0.1954548886372216,0.8583415746688843,8
75,0.15,25,2500,0.5347369808699383,0.11192147980369951,0.6784842014312744,7
75,0.15,50,2500,0.5414510006434269,0.2064175160437901,0.7698141932487488,7
75,0.15,100,2500,0.5267830529368925,0.03855039637599094,0.3379965126514435,4
75,0.15,250,2500,0.5167232314794347,0.057274443186107964,0.3669089078903198,4
75,0.15,500,2500,0.5500194613450492,0.24249150622876559,0.8158866763114929,6
75,0.15,1000,2500,0.5463970696691428,0.19983389958474895,0.8068154454231262,6
75,0.15,10,5000,0.5174286996628902,0.10571536428841072,0.5232807993888855,4
75,0.15,25,5000,0.6005958115001098,0.03855039637599094,0.47104963660240173,4
75,0.15,50,5000,0.5325926965263637,0.08943752359380898,0.34208163619041443,3
75,0.15,100,5000,0.5308523912376163,0.08653831634579086,0.33908432722091675,3
75,0.15,250,5000,0.5248253396668668,0.1052623631559079,0.3581676483154297,3
75,0.15,500,5000,0.5506305809727048,0.18835787089467723,0.6253643035888672,4
75,0.15,1000,5000,0.6298552038418005,0.2477614194035485,0.7820773124694824,4
75,0.15,10,10000,0.575540590543581,0.24024160060400152,0.48230883479118347,3
75,0.15,25,10000,0.6355131135693597,0.024945262363155907,0.43193477392196655,3
75,0.15,50,10000,0.5325926965263637,0.08943752359380898,0.34208154678344727,3
75,0.15,100,10000,0.5308523912376163,0.08653831634579086,0.3390842378139496,3
75,0.15,250,10000,0.5248253396668668,0.1052623631559079,0.3581675589084625,3
75,0.15,500,10000,0.5308811742192238,0.13392223480558701,0.39793136715888977,3
75,0.15,1000,10000,0.6219621179288465,0.24341260853152133,0.6709474325180054,3
75,0.15,10,15000,0.575540590543581,0.24024160060400152,0.48230886459350586,3
75,0.15,25,15000,0.6355131135693597,0.024945262363155907,0.4319346845149994,3
75,0.15,50,15000,0.5325926965263637,0.08943752359380898,0.34208160638809204,3
75,0.15,100,15000,0.5308523912376163,0.08653831634579086,0.339084267616272,3
75,0.15,250,15000,0.5248253396668668,0.1052623631559079,0.3581676185131073,3
75,0.15,500,15000,0.5308811742192238,0.13392223480558701,0.3979312777519226,3
75,0.15,1000,15000,0.3235803390864711,0.0,0.26243993639945984,2
75,0.15,10,20000,0.0,1.0,,0
75,0.15,25,20000,0.6103873855610715,0.2820385050962627,0.6449978351593018,2
75,0.15,50,20000,0.0,1.0,,0
75,0.15,100,20000,0.0,1.0,,0
75,0.15,250,20000,0.0,1.0,,0
75,0.15,500,20000,0.0,1.0,,0
75,0.15,1000,20000,0.0,1.0,,0
75,0.15,10,22000,0.0,1.0,,0
75,0.15,25,22000,0.0,1.0,,0
75,0.15,50,22000,0.0,1.0,,0
75,0.15,100,22000,0.0,1.0,,0
75,0.15,250,22000,0.0,1.0,,0
75,0.15,500,22000,0.0,1.0,,0
75,0.15,1000,22000,0.0,1.0,,0
100,0.15,10,50,0.4779206551949493,0.06701396753491884,0.21964378654956818,167
100,0.15,25,50,0.48270429380063945,0.0904794261985655,0.2210816591978073,148
100,0.15,50,50,0.48103746018684224,0.08830502076255191,0.3483096957206726,137
100,0.15,100,50,0.4852840005378031,0.08267270668176671,0.6617493033409119,67
100,0.15,250,50,0.49956672823609366,0.08203850509626275,0.6390835046768188,27
100,0.15,500,50,0.4981838899272086,0.14853907134767838,0.7337422370910645,17
100,0.15,1000,50,0.5028562001405917,0.18991317478293696,0.7488697171211243,14
100,0.15,10,100,0.48995134673469437,0.04619101547753869,0.6112057566642761,77
100,0.15,25,100,0.49028331624192406,0.05352963382408456,0.6200360655784607,72
100,0.15,50,100,0.4945513795582951,0.0397281993204983,0.5586060285568237,63
100,0.15,100,100,0.4909378321399277,0.062408456021140056,0.6195578575134277,63
100,0.15,250,100,0.49956672823609366,0.08203850509626275,0.6390833258628845,27
100,0.15,500,100,0.4987272502436397,0.12502831257078142,0.6802952885627747,16
100,0.15,1000,100,0.5028562001405917,0.18991317478293696,0.7488695979118347,14
100,0.15,10,250,0.5004811135695821,0.027089467723669308,0.5651014447212219,35
100,0.15,25,250,0.5019641116264189,0.03852019630049075,0.5559499859809875,33
100,0.15,50,250,0.5009997600014218,0.031906379765949414,0.5524781942367554,34
100,0.15,100,250,0.4991391097981917,0.05789354473386184,0.5855991244316101,32
100,0.15,250,250,0.49977487645924773,0.08170630426576067,0.6374425888061523,26
100,0.15,500,250,0.4987272502436397,0.12502831257078142,0.6802952289581299,16
100,0.15,1000,250,0.5034754695483474,0.19142317855794638,0.7684084177017212,13
100,0.15,10,500,0.5040954799846505,0.06287655719139298,0.5804975628852844,19
100,0.15,25,500,0.504312461109384,0.05668554171385429,0.57492995262146,19
100,0.15,50,500,0.5037639245892145,0.06375235938089845,0.5862210392951965,19
100,0.15,100,500,0.5068601216919688,0.05712344280860702,0.5693212151527405,18
100,0.15,250,500,0.49940003378791037,0.10394865987164968,0.658478856086731,18
100,0.15,500,500,0.4987272502436397,0.12502831257078142,0.6802952885627747,16
100,0.15,1000,500,0.5034754695483474,0.19142317855794638,0.7684084177017212,13
100,0.15,10,1000,0.5106847355226565,0.0861608154020385,0.5908648371696472,14
100,0.15,25,1000,0.5111913451507268,0.09198942997357494,0.5883820056915283,14
100,0.15,50,1000,0.5122273549630393,0.053303133257833146,0.5283960700035095,14
100,0.15,100,1000,0.5114640915377823,0.05455643639109098,0.5326243042945862,14
100,0.15,250,1000,0.5046627244294223,0.11954699886749717,0.6397271156311035,14
100,0.15,500,1000,0.5049465853624284,0.15699509248773122,0.6993476748466492,13
100,0.15,1000,1000,0.5059862327166335,0.1806719516798792,0.7709519863128662,12
100,0.15,10,2500,0.5571810939472438,0.16116270290675727,0.6897081136703491,7
100,0.15,25,2500,0.5869506165281765,0.20484711211778028,0.7382860779762268,6
100,0.15,50,2500,0.5705325251384398,0.19714609286523216,0.6530251502990723,7
100,0.15,100,2500,0.5583723404680496,0.1957115892789732,0.6084724068641663,6
100,0.15,250,2500,0.5715857321046153,0.21688184220460552,0.6768589019775391,6
100,0.15,500,2500,0.5764263464711259,0.2702604756511891,0.7471299767494202,6
100,0.15,1000,2500,0.5222452558228708,0.23406568516421292,0.6277893781661987,4
100,0.15,10,5000,0.578477381621375,0.0,0.4788857102394104,3
100,0.15,25,5000,0.578477381621375,0.0,0.4788857400417328,3
100,0.15,50,5000,0.578477381621375,0.0,0.4788857400417328,3
100,0.15,100,5000,0.578477381621375,0.0,0.47888582944869995,3
100,0.15,250,5000,0.578477381621375,0.0,0.4788857102394104,3
100,0.15,500,5000,0.5723501163487332,0.005738014345035862,0.4864838719367981,3
100,0.15,1000,5000,0.5778162421351567,0.012472631181577954,0.49510112404823303,3
100,0.15,10,10000,0.578477381621375,0.0,0.4788857698440552,3
100,0.15,25,10000,0.578477381621375,0.0,0.47888582944869995,3
100,0.15,50,10000,0.578477381621375,0.0,0.4788857698440552,3
100,0.15,100,10000,0.578477381621375,0.0,0.4788857698440552,3
100,0.15,250,10000,0.578477381621375,0.0,0.478885680437088,3
100,0.15,500,10000,0.5723501163487332,0.005738014345035862,0.4864838719367981,3
100,0.15,1000,10000,0.5778162421351567,0.012472631181577954,0.49510109424591064,3
100,0.15,10,15000,0.578477381621375,0.0,0.4788857400417328,3
100,0.15,25,15000,0.578477381621375,0.0,0.4788857698440552,3
100,0.15,50,15000,0.578477381621375,0.0,0.478885680437088,3
100,0.15,100,15000,0.578477381621375,0.0,0.4788857400417328,3
100,0.15,250,15000,0.578477381621375,0.0,0.47888585925102234,3
100,0.15,500,15000,0.5723501163487332,0.005738014345035862,0.4864838421344757,3
100,0.15,1000,15000,0.5778162421351567,0.012472631181577954,0.49510106444358826,3
100,0.15,10,20000,0.0,1.0,,0
100,0.15,25,20000,0.0,1.0,,0
100,0.15,50,20000,0.0,1.0,,0
100,0.15,100,20000,0.0,1.0,,0
100,0.15,250,20000,0.0,1.0,,0
100,0.15,500,20000,0.0,1.0,,0
100,0.15,1000,20000,0.0,1.0,,0
100,0.15,10,22000,0.0,1.0,,0
100,0.15,25,22000,0.0,1.0,,0
100,0.15,50,22000,0.0,1.0,,0
100,0.15,100,22000,0.0,1.0,,0
100,0.15,250,22000,0.0,1.0,,0
100,0.15,500,22000,0.0,1.0,,0
100,0.15,1000,22000,0.0,1.0,,0
10,0.25,10,50,0.0678907183143184,0.4468252170630427,-0.2779230773448944,262
10,0.25,25,50,0.08956947928638528,0.533288033220083,-0.16576901078224182,188
10,0.25,50,50,0.09212138788170772,0.6093167232918082,-0.04426868259906769,151
10,0.25,100,50,0.08872441443811403,0.6692336730841827,0.10241667181253433,75
10,0.25,250,50,0.0618435986376828,0.7437674594186485,0.38363876938819885,32
10,0.25,500,50,0.05091689991444251,0.8078218195545489,0.6364020705223083,16
10,0.25,1000,50,0.026863246677712848,0.8495281238203095,0.6744011044502258,10
10,0.25,10,100,0.06892310411202143,0.48764061910154777,-0.19030500948429108,116
10,0.25,25,100,0.07958258542158009,0.5662816157040392,-0.049653369933366776,98
10,0.25,50,100,0.0906225139079211,0.6289920724801812,0.07833092659711838,80
10,0.25,100,100,0.09770102514711496,0.6556436391090977,0.05624670907855034,61
10,0.25,250,100,0.06234990048369061,0.7446734616836542,0.559371292591095,25
10,0.25,500,100,0.052497895341340195,0.805436013590034,0.6496096849441528,15
10,0.25,1000,100,0.026845778113329954,0.8488788221970555,0.6750832796096802,9
10,0.25,10,250,0.07014815165053749,0.5755681389203473,0.03417355939745903,42
10,0.25,25,250,0.07263249327810821,0.6139071347678369,0.11052480340003967,39
10,0.25,50,250,0.08769901624697742,0.6836391090977727,0.26883095502853394,33
10,0.25,100,250,0.0882867336880893,0.6950698376745942,0.26843735575675964,32
10,0.25,250,250,0.06470248582700164,0.7423027557568894,0.5074723362922668,22
10,0.25,500,250,0.05552408298757535,0.8025368063420159,0.6342190504074097,11
10,0.25,1000,250,0.026845778113329954,0.8488788221970555,0.675083339214325,9
10,0.25,10,500,0.0925625633699851,0.3944129860324651,-0.06912054866552353,15
10,0.25,25,500,0.1017770277177082,0.6700188750471876,0.21285592019557953,17
10,0.25,50,500,0.10367539119773218,0.6972140430351076,0.30555444955825806,14
10,0.25,100,500,0.10720450483998153,0.707512268780672,0.22788625955581665,15
10,0.25,250,500,0.08267986015694784,0.7221593053982635,0.3509465157985687,14
10,0.25,500,500,0.05552408298757535,0.8025368063420159,0.6342190504074097,11
10,0.25,1000,500,0.033369244734646884,0.838882597206493,0.536162793636322,8
10,0.25,10,1000,0.08226487217441972,0.4504341260853152,-0.062498196959495544,9
10,0.25,25,1000,0.0798655103647313,0.7137032842582106,0.17784149944782257,10
10,0.25,50,1000,0.09803579288415776,0.648154020385051,0.2531583309173584,8
10,0.25,100,1000,0.07242971063561904,0.6966553416383541,0.12022615224123001,9
10,0.25,250,1000,0.08419714797800591,0.754714986787467,0.46066129207611084,8
10,0.25,500,1000,0.06314247599446346,0.7992147980369951,0.5391234755516052,7
10,0.25,1000,1000,0.04575546640440541,0.8009211023027557,0.5683616995811462,5
10,0.25,10,2500,0.0072205071041431266,0.08190260475651188,-0.0213517714291811,2
10,0.25,25,2500,0.007327729853779357,0.40949792374480937,0.09332878887653351,2
10,0.25,50,2500,0.008921001248891688,0.36155530388825974,-0.01815393567085266,2
10,0.25,100,2500,0.045180708562315736,0.574239335598339,-0.13917399942874908,3
10,0.25,250,2500,0.024059246233498994,0.7572517931294829,0.20564435422420502,2
10,0.25,500,2500,0.06696227275376776,0.702242355605889,0.3321274518966675,2
10,0.25,1000,2500,0.0659139044928091,0.7900490751226878,0.7345605492591858,3
10,0.25,10,5000,0.0946547971503366,0.5322461306153266,0.411222904920578,2
10,0.25,25,5000,0.02004530870290873,0.8241902604756511,0.7712209820747375,2
10,0.25,50,5000,0.029673811232721583,0.7747225368063421,0.5025553107261658,2
10,0.25,100,5000,0.019678247646711017,0.8335069837674595,0.6535022854804993,2
10,0.25,250,5000,0.0,1.0,,0
10,0.25,500,5000,0.06696227275376776,0.702242355605889,0.3321274220943451,2
10,0.25,1000,5000,0.0,1.0,,0
10,0.25,10,10000,0.0,1.0,,0
10,0.25,25,10000,0.0,1.0,,0
10,0.25,50,10000,0.0,1.0,,0
10,0.25,100,10000,0.0,1.0,,0
10,0.25,250,10000,0.0,1.0,,0
10,0.25,500,10000,0.0,1.0,,0
10,0.25,1000,10000,0.0,1.0,,0
10,0.25,10,15000,0.0,1.0,,0
10,0.25,25,15000,0.0,1.0,,0
10,0.25,50,15000,0.0,1.0,,0
10,0.25,100,15000,0.0,1.0,,0
10,0.25,250,15000,0.0,1.0,,0
10,0.25,500,15000,0.0,1.0,,0
10,0.25,1000,15000,0.0,1.0,,0
10,0.25,10,20000,0.0,1.0,,0
10,0.25,25,20000,0.0,1.0,,0
10,0.25,50,20000,0.0,1.0,,0
10,0.25,100,20000,0.0,1.0,,0
10,0.25,250,20000,0.0,1.0,,0
10,0.25,500,20000,0.0,1.0,,0
10,0.25,1000,20000,0.0,1.0,,0
10,0.25,10,22000,0.0,1.0,,0
10,0.25,25,22000,0.0,1.0,,0
10,0.25,50,22000,0.0,1.0,,0
10,0.25,100,22000,0.0,1.0,,0
10,0.25,250,22000,0.0,1.0,,0
10,0.25,500,22000,0.0,1.0,,0
10,0.25,1000,22000,0.0,1.0,,0
15,0.25,10,50,0.1172708150644681,0.41336353340883353,-0.23924218118190765,238
15,0.25,25,50,0.14586518234912907,0.5084031710079275,-0.055593784898519516,180
15,0.25,50,50,0.15530438012214734,0.5613892034730087,0.0410194955766201,142
15,0.25,100,50,0.12712125998760007,0.6078973197432994,0.07387323677539825,79
15,0.25,250,50,0.09801519895937964,0.695839939599849,0.42147770524024963,32
15,0.25,500,50,0.08508506386045057,0.7593959984899962,0.6227607131004333,18
15,0.25,1000,50,0.005718916814995966,0.014314835787089468,-0.12423122674226761,2
15,0.25,10,100,0.10612655425662885,0.4555681389203473,-0.17257021367549896,104
15,0.25,25,100,0.1380836598582103,0.5225066062665157,-0.07006771862506866,90
15,0.25,50,100,0.1551819199388423,0.5444016610041525,-0.07065046578645706,79
15,0.25,100,100,0.13348000633534557,0.6067950169875425,0.09492745995521545,69
15,0.25,250,100,0.09913867703454719,0.6989505473763684,0.4343709945678711,29
15,0.25,500,100,0.08434147329127892,0.7646055115137788,0.6659786701202393,13
15,0.25,1000,100,0.005718916814995966,0.014314835787089468,-0.12423122674226761,2
15,0.25,10,250,0.08820932500072255,0.4221819554548886,-0.18832769989967346,42
15,0.25,25,250,0.1376355501509909,0.5440392600981503,-0.0571044497191906,43
15,0.25,50,250,0.1447366796952461,0.5830275575688939,0.04400218278169632,38
15,0.25,100,250,0.12780192868630352,0.6313929784824462,0.13489516079425812,34
15,0.25,250,250,0.09942272714832147,0.7070139675349189,0.48322707414627075,25
15,0.25,500,250,0.08434147329127892,0.7646055115137788,0.6659787893295288,13
15,0.25,1000,250,0.005718916814995966,0.014314835787089468,-0.12423122674226761,2
15,0.25,10,500,0.10542542252146728,0.4598263495658739,-0.12475477159023285,22
15,0.25,25,500,0.14636028706837872,0.6076708191770479,0.08924240618944168,20
15,0.25,50,500,0.15025035214462645,0.5837523593808984,0.0813189223408699,19
15,0.25,100,500,0.1490103874976596,0.6358776896942242,0.23085372149944305,19
15,0.25,250,500,0.10698851578978082,0.7155303888259721,0.35157349705696106,15
15,0.25,500,500,0.08773652775083735,0.7615402038505096,0.6871113181114197,12
15,0.25,1000,500,0.005718916814995966,0.014314835787089468,-0.1242312341928482,2
15,0.25,10,1000,0.10124592803043644,0.5050207625519064,0.03908777981996536,15
15,0.25,25,1000,0.0069983119788374695,0.003261608154020385,-0.11098355799913406,2
15,0.25,50,1000,0.006935555708760123,0.003186107965269913,-0.11132969707250595,2
15,0.25,100,1000,0.006857702998105478,0.0040770101925254815,-0.11185849457979202,2
15,0.25,250,1000,0.00679238573467609,0.004454511136277841,-0.1124245747923851,2
15,0.25,500,1000,0.006610730033964852,0.007066817667044168,-0.11432124674320221,2
15,0.25,1000,1000,0.005718916814995966,0.014314835787089468,-0.12423121929168701,2
15,0.25,10,2500,0.007025327335198182,0.0034881087202718007,-0.11074212938547134,2
15,0.25,25,2500,0.0069983119788374695,0.003261608154020385,-0.11098359525203705,2
15,0.25,50,2500,0.006935555708760123,0.003186107965269913,-0.11132972687482834,2
15,0.25,100,2500,0.006857702998105478,0.0040770101925254815,-0.11185851693153381,2
15,0.25,250,2500,0.00679238573467609,0.004454511136277841,-0.1124245747923851,2
15,0.25,500,2500,0.10582810823146234,0.5469082672706682,-0.1340303122997284,2
15,0.25,1000,2500,0.09249593752375543,0.7193204983012458,0.26060622930526733,3
15,0.25,10,5000,0.0,1.0,,0
15,0.25,25,5000,0.010766873512016346,0.7886900717251794,0.12761566042900085,2
15,0.25,50,5000,0.012112571012109205,0.7901245753114383,0.15749074518680573,2
15,0.25,100,5000,0.05978968340579683,0.5656625141562854,0.24116717278957367,2
15,0.25,250,5000,0.0,1.0,,0
15,0.25,500,5000,0.07620578997030901,0.7580218950547376,0.6194421052932739,2
15,0.25,1000,5000,0.11156795837079167,0.7126915817289543,0.4756213128566742,2
15,0.25,10,10000,0.0,1.0,,0
15,0.25,25,10000,0.0,1.0,,0
15,0.25,50,10000,0.0,1.0,,0
15,0.25,100,10000,0.0,1.0,,0
15,0.25,250,10000,0.0,1.0,,0
15,0.25,500,10000,0.0,1.0,,0
15,0.25,1000,10000,0.0,1.0,,0
15,0.25,10,15000,0.0,1.0,,0
15,0.25,25,15000,0.0,1.0,,0
15,0.25,50,15000,0.0,1.0,,0
15,0.25,100,15000,0.0,1.0,,0
15,0.25,250,15000,0.0,1.0,,0
15,0.25,500,15000,0.0,1.0,,0
15,0.25,1000,15000,0.0,1.0,,0
15,0.25,10,20000,0.0,1.0,,0
15,0.25,25,20000,0.0,1.0,,0
15,0.25,50,20000,0.0,1.0,,0
15,0.25,100,20000,0.0,1.0,,0
15,0.25,250,20000,0.0,1.0,,0
15,0.25,500,20000,0.0,1.0,,0
15,0.25,1000,20000,0.0,1.0,,0
15,0.25,10,22000,0.0,1.0,,0
15,0.25,25,22000,0.0,1.0,,0
15,0.25,50,22000,0.0,1.0,,0
15,0.25,100,22000,0.0,1.0,,0
15,0.25,250,22000,0.0,1.0,,0
15,0.25,500,22000,0.0,1.0,,0
15,0.25,1000,22000,0.0,1.0,,0
30,0.25,10,50,0.13702907786763843,0.4357719894299736,0.04941513016819954,209
30,0.25,25,50,0.1738955716402604,0.5050509626274066,0.1339603215456009,155
30,0.25,50,50,0.17162163979542755,0.5599546998867497,0.31988078355789185,134
30,0.25,100,50,0.15439464121858382,0.5731521328803322,0.2863795757293701,73
30,0.25,250,50,0.12373702513828219,0.6239939599848999,0.3617287874221802,31
30,0.25,500,50,0.08791662168128134,0.6602642506606267,0.48612624406814575,16
30,0.25,1000,50,0.06916885252478636,0.7282446206115515,0.7723655700683594,12
30,0.25,10,100,0.1443412733101434,0.46425066062665155,0.060072872787714005,109
30,0.25,25,100,0.17615207925847653,0.5225519063797659,0.1147436574101448,80
30,0.25,50,100,0.1745537308829533,0.5390562476406191,0.16338838636875153,75
30,0.25,100,100,0.15910544536627635,0.5754322385805964,0.2732992470264435,64
30,0.25,250,100,0.12238281165699817,0.6253076632691582,0.3614039719104767,30
30,0.25,500,100,0.08729993622849898,0.6615779539448848,0.49136248230934143,15
30,0.25,1000,100,0.06916885252478636,0.7282446206115515,0.7723656296730042,12
30,0.25,10,250,0.14434038960940385,0.5202416006040015,0.14956973493099213,44
30,0.25,25,250,0.17047297074830492,0.5373952434881087,0.056466907262802124,36
30,0.25,50,250,0.1794120175020848,0.5485692714231786,0.21207067370414734,33
30,0.25,100,250,0.17834653938717923,0.5590033975084938,0.11396234482526779,32
30,0.25,250,250,0.12643030882359022,0.6255492638731597,0.3952585458755493,26
30,0.25,500,250,0.08729993622849898,0.6615779539448848,0.49136248230934143,15
30,0.25,1000,250,0.06864583027537835,0.7237297093242733,0.7978835105895996,11
30,0.25,10,500,0.1543020333227549,0.2343374858437146,-0.2658747434616089,16
30,0.25,25,500,0.13923899372698512,0.5314458286145716,0.233846053481102,22
30,0.25,50,500,0.16190708029029863,0.5291506228765572,0.14519411325454712,19
30,0.25,100,500,0.18219427082917083,0.5677463193657984,0.26836147904396057,20
30,0.25,250,500,0.12292829683321282,0.6398942997357493,0.5452151894569397,17
30,0.25,500,500,0.08729993622849898,0.6615779539448848,0.49136248230934143,15
30,0.25,1000,500,0.07086254931490434,0.72160060400151,0.7594131827354431,10
30,0.25,10,1000,0.15392113387795978,0.24342770856927143,-0.2720823585987091,13
30,0.25,25,1000,0.127455041524712,0.5531143827859569,0.25161445140838623,14
30,0.25,50,1000,0.14868291639737946,0.5880256700641752,0.2850269675254822,12
30,0.25,100,1000,0.14454336363521358,0.6379312948282371,0.42581766843795776,11
30,0.25,250,1000,0.11355611189790661,0.6637221593053982,0.6241265535354614,11
30,0.25,500,1000,0.12113188892700116,0.6391090977727444,0.5114695429801941,11
30,0.25,1000,1000,0.09632730103961616,0.6973952434881088,0.675879955291748,9
30,0.25,10,2500,0.15556112155974722,0.22381275953189883,0.0965375304222107,3
30,0.25,25,2500,0.09735974511130033,0.4574707436768592,0.18109065294265747,5
30,0.25,50,2500,0.050920193629518294,0.2624839562098905,-0.017798904329538345,4
30,0.25,100,2500,0.031164826964819287,0.3331823329558324,-0.19749636948108673,3
30,0.25,250,2500,0.028918042823694833,0.7861381653454134,0.8309988975524902,4
30,0.25,500,2500,0.13243100887586498,0.6321479803699509,0.5460697412490845,5
30,0.25,1000,2500,0.14859225475760904,0.6652170630426576,0.7420678734779358,5
30,0.25,10,5000,0.17373491533408272,0.2681313703284258,0.13820528984069824,2
30,0.25,25,5000,0.04629932030859451,0.5288788221970555,0.25325915217399597,2
30,0.25,50,5000,0.0,1.0,,0
30,0.25,100,5000,0.03111632951146574,0.7739977349943374,0.4438553750514984,2
30,0.25,250,5000,0.0,1.0,,0
30,0.25,500,5000,0.08634754875333374,0.6648999622499057,0.767837405204773,3
30,0.25,1000,5000,0.16741586636166503,0.6581351453378633,0.5442520380020142,3
30,0.25,10,10000,0.0,1.0,,0
30,0.25,25,10000,0.0,1.0,,0
30,0.25,50,10000,0.0,1.0,,0
30,0.25,100,10000,0.0,1.0,,0
30,0.25,250,10000,0.0,1.0,,0
30,0.25,500,10000,0.06635538685137532,0.6604152510381276,0.5232524275779724,2
30,0.25,1000,10000,0.0,1.0,,0
30,0.25,10,15000,0.0,1.0,,0
30,0.25,25,15000,0.0,1.0,,0
30,0.25,50,15000,0.0,1.0,,0
30,0.25,100,15000,0.0,1.0,,0
30,0.25,250,15000,0.0,1.0,,0
30,0.25,500,15000,0.0,1.0,,0
30,0.25,1000,15000,0.0,1.0,,0
30,0.25,10,20000,0.0,1.0,,0
30,0.25,25,20000,0.0,1.0,,0
30,0.25,50,20000,0.0,1.0,,0
30,0.25,100,20000,0.0,1.0,,0
30,0.25,250,20000,0.0,1.0,,0
30,0.25,500,20000,0.0,1.0,,0
30,0.25,1000,20000,0.0,1.0,,0
30,0.25,10,22000,0.0,1.0,,0
30,0.25,25,22000,0.0,1.0,,0
30,0.25,50,22000,0.0,1.0,,0
30,0.25,100,22000,0.0,1.0,,0
30,0.25,250,22000,0.0,1.0,,0
30,0.25,500,22000,0.0,1.0,,0
30,0.25,1000,22000,0.0,1.0,,0
50,0.25,10,50,0.4809478894937431,0.05855794639486599,0.57772296667099,159
50,0.25,25,50,0.4793800520169294,0.06823707059267649,0.5687480568885803,155
50,0.25,50,50,0.4784850903126797,0.08170630426576067,0.617115318775177,131
50,0.25,100,50,0.49088584526216067,0.06631936579841449,0.5671945214271545,60
50,0.25,250,50,0.4897248762078804,0.10828237070592676,0.713634192943573,30
50,0.25,500,50,0.48927221732161275,0.18859947149867876,0.748707115650177,19
50,0.25,1000,50,0.49176166303293756,0.2021744054360136,0.7965640425682068,13
50,0.25,10,100,0.48757955410757375,0.046055115137787844,0.5547386407852173,78
50,0.25,25,100,0.491256828840669,0.036738391845979615,0.5135109424591064,69
50,0.25,50,100,0.49092428852002884,0.04933182332955832,0.5329908728599548,65
50,0.25,100,100,0.49134737754948915,0.06369195922989808,0.5600450038909912,57
50,0.25,250,100,0.4897248762078804,0.10828237070592676,0.7136342525482178,30
50,0.25,500,100,0.4891901470670105,0.19066817667044167,0.7837839126586914,17
50,0.25,1000,100,0.49176166303293756,0.2021744054360136,0.7965640425682068,13
50,0.25,10,250,0.4953618240632218,0.05654964137410343,0.6179504990577698,36
50,0.25,25,250,0.49429804030187546,0.05716874292185731,0.6028330326080322,35
50,0.25,50,250,0.49489143119410156,0.06085315213288033,0.5954688787460327,33
50,0.25,100,250,0.4919906867140182,0.07332578331445828,0.66587895154953,32
50,0.25,250,250,0.4893907322389777,0.11178557946394865,0.7200738191604614,28
50,0.25,500,250,0.488709798771391,0.1645602114005285,0.7712699174880981,15
50,0.25,1000,250,0.49176166303293756,0.2021744054360136,0.7965640425682068,13
50,0.25,10,500,0.4977031493418946,0.11962249905624764,0.6011325120925903,18
50,0.25,25,500,0.4932576609849302,0.11430728576821442,0.7029066681861877,18
50,0.25,50,500,0.4923095607240795,0.13032842582106455,0.6736589670181274,17
50,0.25,100,500,0.4885768848277212,0.14061155152887883,0.7145431041717529,18
50,0.25,250,500,0.4881431760710718,0.1603020007550019,0.7393882274627686,16
50,0.25,500,500,0.488709798771391,0.1645602114005285,0.7712697982788086,15
50,0.25,1000,500,0.49176166303293756,0.2021744054360136,0.7965640425682068,13
50,0.25,10,1000,0.5033852990455038,0.09922234805587014,0.652331531047821,13
50,0.25,25,1000,0.49845016783909635,0.11744809362023405,0.6997935771942139,13
50,0.25,50,1000,0.49872910967095635,0.11583238958097396,0.7343651652336121,13
50,0.25,100,1000,0.49868566450377705,0.11539448848622122,0.7400402426719666,13
50,0.25,250,1000,0.4927722831708482,0.1471196677991695,0.7720218896865845,13
50,0.25,500,1000,0.4906430443581128,0.17176292940732352,0.7895128726959229,13
50,0.25,1000,1000,0.4957562504458491,0.21455643639109098,0.7945275902748108,12
50,0.25,10,2500,0.48495148855131126,0.07519818799546998,0.49451351165771484,6
50,0.25,25,2500,0.5161100320431204,0.157281993204983,0.7350194454193115,7
50,0.25,50,2500,0.5276022332863376,0.134239335598339,0.6478977203369141,7
50,0.25,100,2500,0.526705632752913,0.11080407701019253,0.645765483379364,7
50,0.25,250,2500,0.5028633883764867,0.20200830502076256,0.5509185791015625,5
50,0.25,500,2500,0.5264920248274633,0.235681389203473,0.7501333355903625,6
50,0.25,1000,2500,0.5370290262464795,0.26754246885617217,0.7461310625076294,6
50,0.25,10,5000,0.5052685073665047,0.14355605889014722,0.5105770230293274,4
50,0.25,25,5000,0.5116373107831333,0.17893544733861835,0.5358948111534119,4
50,0.25,50,5000,0.5534676157458301,0.17520573801434502,0.6742694973945618,5
50,0.25,100,5000,0.5141939837325311,0.1806568516421291,0.5586364269256592,4
50,0.25,250,5000,0.5395927970422761,0.11728199320498302,0.5078041553497314,3
50,0.25,500,5000,0.5416493751589483,0.1535371838429596,0.5554914474487305,3
50,0.25,1000,5000,0.5557202925275629,0.14375235938089845,0.5961020588874817,3
50,0.25,10,10000,0.5329575454064913,0.13819554548886373,0.567244291305542,3
50,0.25,25,10000,0.5351640717809721,0.1310230275575689,0.557982325553894,3
50,0.25,50,10000,0.5743850163860282,0.061864854662136655,0.4982585906982422,3
50,0.25,100,10000,0.5330910852044273,0.12747451868629672,0.5517900586128235,3
50,0.25,250,10000,0.5395927970422761,0.11728199320498302,0.5078040957450867,3
50,0.25,500,10000,0.5416493751589483,0.1535371838429596,0.55549156665802,3
50,0.25,1000,10000,0.5557202925275629,0.14375235938089845,0.5961021780967712,3
50,0.25,10,15000,0.5329575454064913,0.13819554548886373,0.567244291305542,3
50,0.25,25,15000,0.5351640717809721,0.1310230275575689,0.5579822063446045,3
50,0.25,50,15000,0.5743850163860282,0.061864854662136655,0.49825870990753174,3
50,0.25,100,15000,0.5330910852044273,0.12747451868629672,0.5517901182174683,3
50,0.25,250,15000,0.5395927970422761,0.11728199320498302,0.5078040361404419,3
50,0.25,500,15000,0.5416493751589483,0.1535371838429596,0.5554915070533752,3
50,0.25,1000,15000,0.5557202925275629,0.14375235938089845,0.5961021780967712,3
50,0.25,10,20000,0.0,1.0,,0
50,0.25,25,20000,0.0,1.0,,0
50,0.25,50,20000,0.0,1.0,,0
50,0.25,100,20000,0.0,1.0,,0
50,0.25,250,20000,0.0,1.0,,0
50,0.25,500,20000,0.0,1.0,,0
50,0.25,1000,20000,0.0,1.0,,0
50,0.25,10,22000,0.0,1.0,,0
50,0.25,25,22000,0.0,1.0,,0
50,0.25,50,22000,0.0,1.0,,0
50,0.25,100,22000,0.0,1.0,,0
50,0.25,250,22000,0.0,1.0,,0
50,0.25,500,22000,0.0,1.0,,0
50,0.25,1000,22000,0.0,1.0,,0
75,0.25,10,50,0.27943343397036907,0.12140430351075877,0.19762226939201355,216
75,0.25,25,50,0.4804100609709166,0.09747074367685919,0.30819639563560486,157
75,0.25,50,50,0.48352677089636714,0.06370705926764816,0.3673466444015503,120
75,0.25,100,50,0.4883264716039943,0.07821819554548887,0.5619940161705017,62
75,0.25,250,50,0.4854459891394589,0.1261608154020385,0.7044478058815002,32
75,0.25,500,50,0.49527129977702233,0.1463193657984145,0.7367545366287231,16
75,0.25,1000,50,0.5007353038675414,0.18751226878067195,0.74061119556427,13
75,0.25,10,100,0.4858276378266826,0.059932049830124574,0.5482410192489624,77
75,0.25,25,100,0.48824773220655915,0.04454511136277841,0.5257599353790283,71
75,0.25,50,100,0.4904106077605443,0.05087202718006795,0.5222949981689453,70
75,0.25,100,100,0.4889752080214759,0.06903737259343148,0.5507873296737671,57
75,0.25,250,100,0.49077441538098904,0.1090222725556814,0.6853383779525757,29
75,0.25,500,100,0.49527129977702233,0.1463193657984145,0.7367545366287231,16
75,0.25,1000,100,0.5007353038675414,0.18751226878067195,0.7406111359596252,13
75,0.25,10,250,0.49649640891315133,0.05198942997357493,0.6174409985542297,35
75,0.25,25,250,0.49563086211404755,0.04972442431106078,0.6316599249839783,36
75,0.25,50,250,0.4953044548388676,0.06097395243488109,0.6542235612869263,34
75,0.25,100,250,0.49366436672550446,0.06263495658739147,0.6204809546470642,32
75,0.25,250,250,0.49316723564929393,0.0843035107587769,0.6666460633277893,26
75,0.25,500,250,0.4954252201887944,0.14008305020762551,0.7075956463813782,15
75,0.25,1000,250,0.49995620916117717,0.1892336730841827,0.7743356823921204,12
75,0.25,10,500,0.4966615434850674,0.09810494526236316,0.6707358956336975,19
75,0.25,25,500,0.49407958011819497,0.1106228765571914,0.6851232051849365,20
75,0.25,50,500,0.4948469522134044,0.10106455266138166,0.6580800414085388,18
75,0.25,100,500,0.49256947018523295,0.11145337863344658,0.6773315668106079,18
75,0.25,250,500,0.49319958817751275,0.11257078142695356,0.6568505167961121,16
75,0.25,500,500,0.494515085949268,0.1374707436768592,0.6843680739402771,14
75,0.25,1000,500,0.49995620916117717,0.1892336730841827,0.7743357419967651,12
75,0.25,10,1000,0.5034503507400757,0.06683276708191771,0.595183253288269,13
75,0.25,25,1000,0.4963352565739815,0.09780294450736127,0.5745199918746948,13
75,0.25,50,1000,0.4969279041716998,0.09567383918459796,0.5769638419151306,13
75,0.25,100,1000,0.49684940042399495,0.11370328425821065,0.6022903323173523,12
75,0.25,250,1000,0.49685929433976006,0.13191392978482447,0.6282059550285339,12
75,0.25,500,1000,0.4993035039128657,0.15634579086447717,0.6807632446289062,12
75,0.25,1000,1000,0.49995620916117717,0.1892336730841827,0.7743356227874756,12
75,0.25,10,2500,0.5464403788188574,0.08090600226500566,0.5900115370750427,5
75,0.25,25,2500,0.5491394672878829,0.19853529633824085,0.7558221220970154,6
75,0.25,50,2500,0.5429995988210422,0.2083352208380521,0.7564215064048767,6
75,0.25,100,2500,0.5303718689329325,0.14299735749339373,0.650628387928009,5
75,0.25,250,2500,0.5036046836283107,0.09683654209135523,0.4039260447025299,4
75,0.25,500,2500,0.50835388228794,0.10622876557191394,0.4386405050754547,4
75,0.25,1000,2500,0.5561190882468733,0.27368818422046054,0.7411731481552124,5
75,0.25,10,5000,0.5949311271038046,0.06203095507738769,0.4847397208213806,4
75,0.25,25,5000,0.5501834482518884,0.06505096262740657,0.3104541301727295,3
75,0.25,50,5000,0.5501834482518884,0.06505096262740657,0.3104541599750519,3
75,0.25,100,5000,0.5501834482518884,0.06505096262740657,0.31045418977737427,3
75,0.25,250,5000,0.5508677062468817,0.06651566628916572,0.3121931254863739,3
75,0.25,500,5000,0.522779620989098,0.15426198565496413,0.42539554834365845,3
75,0.25,1000,5000,0.5780843558201001,0.3132653831634579,0.6141677498817444,3
75,0.25,10,10000,0.6485140072245646,0.05808984522461306,0.44327089190483093,3
75,0.25,25,10000,0.5501834482518884,0.06505096262740657,0.31045424938201904,3
75,0.25,50,10000,0.5501834482518884,0.06505096262740657,0.31045421957969666,3
75,0.25,100,10000,0.5501834482518884,0.06505096262740657,0.31045418977737427,3
75,0.25,250,10000,0.5508677062468817,0.06651566628916572,0.3121930956840515,3
75,0.25,500,10000,0.522779620989098,0.15426198565496413,0.4253956079483032,3
75,0.25,1000,10000,0.5780843558201001,0.3132653831634579,0.6141679286956787,3
75,0.25,10,15000,0.6485140072245646,0.05808984522461306,0.4432709515094757,3
75,0.25,25,15000,0.5501834482518884,0.06505096262740657,0.3104541301727295,3
75,0.25,50,15000,0.5501834482518884,0.06505096262740657,0.31045424938201904,3
75,0.25,100,15000,0.5501834482518884,0.06505096262740657,0.3104541301727295,3
75,0.25,250,15000,0.5508677062468817,0.06651566628916572,0.3121930956840515,3
75,0.25,500,15000,0.522779620989098,0.15426198565496413,0.42539557814598083,3
75,0.25,1000,15000,0.32329246965099157,0.0,0.2550506293773651,2
75,0.25,10,20000,0.6019066581316734,0.3150773876934692,0.6628321409225464,2
75,0.25,25,20000,0.0,1.0,,0
75,0.25,50,20000,0.0,1.0,,0
75,0.25,100,20000,0.0,1.0,,0
75,0.25,250,20000,0.0,1.0,,0
75,0.25,500,20000,0.0,1.0,,0
75,0.25,1000,20000,0.0,1.0,,0
75,0.25,10,22000,0.0,1.0,,0
75,0.25,25,22000,0.0,1.0,,0
75,0.25,50,22000,0.0,1.0,,0
75,0.25,100,22000,0.0,1.0,,0
75,0.25,250,22000,0.0,1.0,,0
75,0.25,500,22000,0.0,1.0,,0
75,0.25,1000,22000,0.0,1.0,,0
100,0.25,10,50,0.4789630695564652,0.057078142695356736,0.5008963942527771,161
100,0.25,25,50,0.4815987797070774,0.06456776141940355,0.5517833828926086,149
100,0.25,50,50,0.48134672766586317,0.07456398640996602,0.5921590328216553,124
100,0.25,100,50,0.49269171812368384,0.08582861457153643,0.7015241384506226,63
100,0.25,250,50,0.493255965464709,0.10434126085315214,0.7193607091903687,27
100,0.25,500,50,0.49496445449472,0.12919592298980748,0.7229593396186829,17
100,0.25,1000,50,0.4933355858512626,0.17171762929407325,0.7684624195098877,15
100,0.25,10,100,0.48827193131865404,0.034624386560966405,0.6213474273681641,83
100,0.25,25,100,0.4860731051883757,0.05904114760286901,0.6544634699821472,83
100,0.25,50,100,0.49146754640149565,0.0614873537183843,0.662206768989563,68
100,0.25,100,100,0.49312888595494575,0.07608909022272556,0.6802455186843872,57
100,0.25,250,100,0.493255965464709,0.10434126085315214,0.7193608283996582,27
100,0.25,500,100,0.49496445449472,0.12919592298980748,0.7229593396186829,17
100,0.25,1000,100,0.4933355858512626,0.17171762929407325,0.7684624791145325,15
100,0.25,10,250,0.49310451214610584,0.05220083050207625,0.6217849850654602,36
100,0.25,25,250,0.4983564475474177,0.042234805587013965,0.5819008946418762,30
100,0.25,50,250,0.4974786595469368,0.03971309928274821,0.5890859365463257,31
100,0.25,100,250,0.4986748455251118,0.05621744054360136,0.5962648391723633,28
100,0.25,250,250,0.4941139736007057,0.09535673839184598,0.6847190856933594,24
100,0.25,500,250,0.49527231773010627,0.13170252925632314,0.7222374677658081,16
100,0.25,1000,250,0.4941152730627786,0.17482823707059267,0.7681203484535217,14
100,0.25,10,500,0.5025724273919912,0.04770101925254813,0.5827829837799072,20
100,0.25,25,500,0.5030025763319382,0.04918082295205738,0.5779547095298767,19
100,0.25,50,500,0.5005869111138428,0.07062287655719139,0.6260217428207397,19
100,0.25,100,500,0.5039385017288587,0.07429218573046432,0.5879436731338501,16
100,0.25,250,500,0.4931542759523212,0.1181275953189883,0.6834665536880493,17
100,0.25,500,500,0.49527231773010627,0.13170252925632314,0.7222374081611633,16
100,0.25,1000,500,0.4941152730627786,0.17482823707059267,0.7681203484535217,14
100,0.25,10,1000,0.5082860543101264,0.06559456398640996,0.5946104526519775,15
100,0.25,25,1000,0.5091721549786128,0.08116270290675727,0.6185181140899658,14
100,0.25,50,1000,0.5025689213887893,0.10033975084937713,0.6294947266578674,14
100,0.25,100,1000,0.5020125090547563,0.0947678369195923,0.6038560271263123,14
100,0.25,250,1000,0.5011246485365544,0.1334843337108343,0.6660287976264954,12
100,0.25,500,1000,0.5020880838415491,0.1586258965647414,0.718612551689148,12
100,0.25,1000,1000,0.4949045197004803,0.17461683654209134,0.7632208466529846,13
100,0.25,10,2500,0.5385817160626962,0.15423178557946396,0.7086257338523865,8
100,0.25,25,2500,0.551923841591295,0.12495281238203096,0.7747006416320801,7
100,0.25,50,2500,0.5447382032966273,0.18342015855039637,0.790045976638794,7
100,0.25,100,2500,0.531116935868624,0.2021744054360136,0.7289696335792542,8
100,0.25,250,2500,0.5244864853945491,0.171038127595319,0.5862137079238892,4
100,0.25,500,2500,0.5516726836565787,0.22405436013590033,0.7676147818565369,5
100,0.25,1000,2500,0.5537381701189219,0.21698754246885618,0.7631735801696777,5
100,0.25,10,5000,0.5720564939540216,0.009588523971309928,0.48106813430786133,3
100,0.25,25,5000,0.568987627043453,0.12715741789354473,0.6802800297737122,5
100,0.25,50,5000,0.5725371709248047,0.005979614949037372,0.4743644595146179,3
100,0.25,100,5000,0.5725371709248047,0.005979614949037372,0.47436442971229553,3
100,0.25,250,5000,0.5725371709248047,0.005979614949037372,0.47436439990997314,3
100,0.25,500,5000,0.5690070325992119,0.009981124952812382,0.4787704348564148,3
100,0.25,1000,5000,0.5715067200364196,0.03693469233673084,0.5112535953521729,3
100,0.25,10,10000,0.5720564939540216,0.009588523971309928,0.48106810450553894,3
100,0.25,25,10000,0.5515496152247877,0.02822197055492639,0.4665049910545349,3
100,0.25,50,10000,0.5725371709248047,0.005979614949037372,0.4743644595146179,3
100,0.25,100,10000,0.5725371709248047,0.005979614949037372,0.4743644595146179,3
100,0.25,250,10000,0.5725371709248047,0.005979614949037372,0.4743645191192627,3
100,0.25,500,10000,0.5690070325992119,0.009981124952812382,0.47877049446105957,3
100,0.25,1000,10000,0.5715067200364196,0.03693469233673084,0.5112536549568176,3
100,0.25,10,15000,0.5720564939540216,0.009588523971309928,0.48106807470321655,3
100,0.25,25,15000,0.5515496152247877,0.02822197055492639,0.4665049612522125,3
100,0.25,50,15000,0.5725371709248047,0.005979614949037372,0.4743644595146179,3
100,0.25,100,15000,0.5725371709248047,0.005979614949037372,0.47436437010765076,3
100,0.25,250,15000,0.5725371709248047,0.005979614949037372,0.47436442971229553,3
100,0.25,500,15000,0.5690070325992119,0.009981124952812382,0.4787704646587372,3
100,0.25,1000,15000,0.5715067200364196,0.03693469233673084,0.5112535953521729,3
100,0.25,10,20000,0.0,1.0,,0
100,0.25,25,20000,0.0,1.0,,0
100,0.25,50,20000,0.0,1.0,,0
100,0.25,100,20000,0.0,1.0,,0
100,0.25,250,20000,0.0,1.0,,0
100,0.25,500,20000,0.0,1.0,,0
100,0.25,1000,20000,0.0,1.0,,0
100,0.25,10,22000,0.0,1.0,,0
100,0.25,25,22000,0.0,1.0,,0
100,0.25,50,22000,0.0,1.0,,0
100,0.25,100,22000,0.0,1.0,,0
100,0.25,250,22000,0.0,1.0,,0
100,0.25,500,22000,0.0,1.0,,0
100,0.25,1000,22000,0.0,1.0,,0
10,0.5,10,50,0.06373122165761454,0.4567157417893545,-0.3047759532928467,256
10,0.5,25,50,0.07961144215030223,0.5538391845979614,-0.19586703181266785,185
10,0.5,50,50,0.08101095176024746,0.6244318610796527,-0.04661765694618225,145
10,0.5,100,50,0.08383060251438995,0.6888788221970555,0.12649767100811005,61
10,0.5,250,50,0.06138919229916201,0.7640921102302756,0.4012365937232971,30
10,0.5,500,50,0.03568223941130734,0.8122461306153266,0.4658551514148712,15
10,0.5,1000,50,0.022510479242618443,0.844635711589279,0.6469309329986572,9
10,0.5,10,100,0.07915674423976657,0.5134314835787089,-0.19980697333812714,104
10,0.5,25,100,0.0841995186908399,0.5933408833522084,-0.10180819034576416,90
10,0.5,50,100,0.08344200848682118,0.6375839939599849,0.00426115607842803,70
10,0.5,100,100,0.08267318637868014,0.6882446206115516,0.12208733707666397,53
10,0.5,250,100,0.06222831045545355,0.767685919214798,0.4549001157283783,27
10,0.5,500,100,0.03635553431012014,0.8141789354473387,0.8129016160964966,12
10,0.5,1000,100,0.022056095235700478,0.8459645149112873,0.6635834574699402,8
10,0.5,10,250,0.09157562220505927,0.564318610796527,-0.05171963572502136,42
10,0.5,25,250,0.0989350163955296,0.6264703661759154,-0.0024324858095496893,33
10,0.5,50,250,0.09903464431477517,0.6478218195545489,0.03231820464134216,31
10,0.5,100,250,0.09045216553106246,0.7059720649301623,0.20896615087985992,27
10,0.5,250,250,0.062481484953047096,0.7701321253303133,0.4247016906738281,22
10,0.5,500,250,0.04264290197826753,0.8046508116270291,0.6296383738517761,10
10,0.5,1000,250,0.02140720178609074,0.8478973197432994,0.6601134538650513,7
10,0.5,10,500,0.09212161949892521,0.6234805587013967,0.10019613802433014,21
10,0.5,25,500,0.08969898397307531,0.6447112117780295,0.10356968641281128,20
10,0.5,50,500,0.09999851956154236,0.6818422046055115,0.24506625533103943,14
10,0.5,100,500,0.09388830285981005,0.7269913174782937,0.3296525776386261,13
10,0.5,250,500,0.06303103200736089,0.7440241600604002,0.5331032872200012,14
10,0.5,500,500,0.04264290197826753,0.8046508116270291,0.6296383738517761,10
10,0.5,1000,500,0.02140720178609074,0.8478973197432994,0.6601134538650513,7
10,0.5,10,1000,0.07964052333502537,0.697108342770857,0.36241135001182556,11
10,0.5,25,1000,0.0724830570451268,0.7144884862212155,0.28402596712112427,11
10,0.5,50,1000,0.10696116302294455,0.6949037372593432,0.31404992938041687,9
10,0.5,100,1000,0.07094511372427904,0.751196677991695,0.36703750491142273,11
10,0.5,250,1000,0.074136971755745,0.7470894677236694,0.6331796050071716,9
10,0.5,500,1000,0.05015812582972797,0.7969497923744809,0.5310601592063904,8
10,0.5,1000,1000,0.04415183669092582,0.8114307285768214,0.6926969289779663,6
10,0.5,10,2500,0.059649967934171884,0.7110003775009438,0.6423708200454712,3
10,0.5,25,2500,0.04206101924371741,0.658391845979615,0.057227957993745804,2
10,0.5,50,2500,0.0421783856130515,0.7665685164212911,0.30388256907463074,3
10,0.5,100,2500,0.03868192093813816,0.7880558701396754,0.11775792390108109,2
10,0.5,250,2500,0.06834557278552525,0.5074820687051718,-0.05503295734524727,2
10,0.5,500,2500,0.05117778200505368,0.7729860324650811,0.40466541051864624,2
10,0.5,1000,2500,0.05974988789937898,0.8031257078142695,0.7557061910629272,3
10,0.5,10,5000,0.03192723645154629,0.7705700264250661,0.6871805787086487,2
10,0.5,25,5000,0.0,1.0,,0
10,0.5,50,5000,0.0,1.0,,0
10,0.5,100,5000,0.0,1.0,,0
10,0.5,250,5000,0.0,1.0,,0
10,0.5,500,5000,0.0,1.0,,0
10,0.5,1000,5000,0.0,1.0,,0
10,0.5,10,10000,0.0,1.0,,0
10,0.5,25,10000,0.0,1.0,,0
10,0.5,50,10000,0.0,1.0,,0
10,0.5,100,10000,0.0,1.0,,0
10,0.5,250,10000,0.0,1.0,,0
10,0.5,500,10000,0.0,1.0,,0
10,0.5,1000,10000,0.0,1.0,,0
10,0.5,10,15000,0.0,1.0,,0
10,0.5,25,15000,0.0,1.0,,0
10,0.5,50,15000,0.0,1.0,,0
10,0.5,100,15000,0.0,1.0,,0
10,0.5,250,15000,0.0,1.0,,0
10,0.5,500,15000,0.0,1.0,,0
10,0.5,1000,15000,0.0,1.0,,0
10,0.5,10,20000,0.0,1.0,,0
10,0.5,25,20000,0.0,1.0,,0
10,0.5,50,20000,0.0,1.0,,0
10,0.5,100,20000,0.0,1.0,,0
10,0.5,250,20000,0.0,1.0,,0
10,0.5,500,20000,0.0,1.0,,0
10,0.5,1000,20000,0.0,1.0,,0
10,0.5,10,22000,0.0,1.0,,0
10,0.5,25,22000,0.0,1.0,,0
10,0.5,50,22000,0.0,1.0,,0
10,0.5,100,22000,0.0,1.0,,0
10,0.5,250,22000,0.0,1.0,,0
10,0.5,500,22000,0.0,1.0,,0
10,0.5,1000,22000,0.0,1.0,,0
15,0.5,10,50,0.09934281193576357,0.4325103812759532,-0.32390016317367554,235
15,0.5,25,50,0.13038932684219035,0.5182634956587392,-0.1618407964706421,159
15,0.5,50,50,0.12527205567078195,0.5763986409966025,-0.06608673185110092,122
15,0.5,100,50,0.11068534168573375,0.6579841449603624,0.1404537856578827,61
15,0.5,250,50,0.0878046850092713,0.7187617969044923,0.34485194087028503,30
15,0.5,500,50,0.08999157171981705,0.771853529633824,0.5583074688911438,16
15,0.5,1000,50,0.0054202153532900916,0.023691959229898075,-0.13495735824108124,2
15,0.5,10,100,0.10046501285016353,0.4688108720271801,-0.2596653401851654,107
15,0.5,25,100,0.12189981147651131,0.5399773499433749,-0.1453782469034195,82
15,0.5,50,100,0.11773955238867953,0.5946243865609664,-0.08253993093967438,71
15,0.5,100,100,0.11267660838251048,0.6607021517553794,0.09737982600927353,53
15,0.5,250,100,0.08790255004980224,0.7229294073235183,0.39314356446266174,26
15,0.5,500,100,0.08999157171981705,0.771853529633824,0.5583074688911438,16
15,0.5,1000,100,0.0054202153532900916,0.023691959229898075,-0.13495734333992004,2
15,0.5,10,250,0.10678281256173265,0.5592298980747452,-0.015300752595067024,39
15,0.5,25,250,0.10751704864884076,0.5749037372593432,0.00020100678375456482,36
15,0.5,50,250,0.10611608372624723,0.628961872404681,0.14179083704948425,29
15,0.5,100,250,0.116274264535283,0.6700037750094375,0.19458186626434326,28
15,0.5,250,250,0.09139941752192743,0.7205889014722536,0.33338451385498047,22
15,0.5,500,250,0.08999157171981705,0.771853529633824,0.5583074688911438,16
15,0.5,1000,250,0.0054202153532900916,0.023691959229898075,-0.13495732843875885,2
15,0.5,10,500,0.1288781560905757,0.5690449226123065,0.12875942885875702,20
15,0.5,25,500,0.1380304944644181,0.6005738014345036,0.14633113145828247,18
15,0.5,50,500,0.14545513997404727,0.6320120800302,0.13640153408050537,16
15,0.5,100,500,0.1048069869865954,0.7100641751604378,0.29563307762145996,17
15,0.5,250,500,0.10532746789734247,0.7211929029822575,0.31342974305152893,16
15,0.5,500,500,0.09203943542789346,0.7745262363155908,0.5603265166282654,13
15,0.5,1000,500,0.0054202153532900916,0.023691959229898075,-0.13495734333992004,2
15,0.5,10,1000,0.0066627323589777505,0.005647414118535296,-0.11248462647199631,2
15,0.5,25,1000,0.0067219994904847355,0.005088712721781804,-0.11206236481666565,2
15,0.5,50,1000,0.006435815606600652,0.00773121932804832,-0.11437661945819855,2
15,0.5,100,1000,0.006401348116656406,0.007353718384295961,-0.11511949449777603,2
15,0.5,250,1000,0.006033714623414447,0.01035862589656474,-0.11899369210004807,2
15,0.5,500,1000,0.005688599211441245,0.014616836542091356,-0.12412846833467484,2
15,0.5,1000,1000,0.0054202153532900916,0.023691959229898075,-0.13495734333992004,2
15,0.5,10,2500,0.009915717136522112,0.2568365420913552,0.040698740631341934,2
15,0.5,25,2500,0.0067219994904847355,0.005088712721781804,-0.11206237226724625,2
15,0.5,50,2500,0.04185921833769212,0.7546394865987165,0.13583321869373322,4
15,0.5,100,2500,0.07706035227153377,0.4576821442053605,-0.05342806503176689,2
15,0.5,250,2500,0.15754473157563595,0.6275273688184221,-0.16937512159347534,2
15,0.5,500,2500,0.09205658223710736,0.7526613816534541,0.3108869194984436,3
15,0.5,1000,2500,0.13258424512842987,0.7035711589278973,0.6627566814422607,2
15,0.5,10,5000,0.0,1.0,,0
15,0.5,25,5000,0.0,1.0,,0
15,0.5,50,5000,0.0,1.0,,0
15,0.5,100,5000,0.0,1.0,,0
15,0.5,250,5000,0.058718754770670754,0.7934163835409589,0.6882874965667725,2
15,0.5,500,5000,0.05865817710372037,0.7915590788976973,0.7060679793357849,2
15,0.5,1000,5000,0.13258424512842987,0.7035711589278973,0.6627567410469055,2
15,0.5,10,10000,0.0,1.0,,0
15,0.5,25,10000,0.0,1.0,,0
15,0.5,50,10000,0.0,1.0,,0
15,0.5,100,10000,0.0,1.0,,0
15,0.5,250,10000,0.0,1.0,,0
15,0.5,500,10000,0.0,1.0,,0
15,0.5,1000,10000,0.0,1.0,,0
15,0.5,10,15000,0.0,1.0,,0
15,0.5,25,15000,0.0,1.0,,0
15,0.5,50,15000,0.0,1.0,,0
15,0.5,100,15000,0.0,1.0,,0
15,0.5,250,15000,0.0,1.0,,0
15,0.5,500,15000,0.0,1.0,,0
15,0.5,1000,15000,0.0,1.0,,0
15,0.5,10,20000,0.0,1.0,,0
15,0.5,25,20000,0.0,1.0,,0
15,0.5,50,20000,0.0,1.0,,0
15,0.5,100,20000,0.0,1.0,,0
15,0.5,250,20000,0.0,1.0,,0
15,0.5,500,20000,0.0,1.0,,0
15,0.5,1000,20000,0.0,1.0,,0
15,0.5,10,22000,0.0,1.0,,0
15,0.5,25,22000,0.0,1.0,,0
15,0.5,50,22000,0.0,1.0,,0
15,0.5,100,22000,0.0,1.0,,0
15,0.5,250,22000,0.0,1.0,,0
15,0.5,500,22000,0.0,1.0,,0
15,0.5,1000,22000,0.0,1.0,,0
30,0.5,10,50,0.2978869041674875,0.29241223103057756,-0.2004086673259735,160
30,0.5,25,50,0.3278601713926008,0.3474518686296716,-0.10961926728487015,133
30,0.5,50,50,0.3158640751065815,0.35424688561721407,0.32797476649284363,100
30,0.5,100,50,0.3112501640302988,0.38761796904492263,0.38148233294487,61
30,0.5,250,50,0.28332852451251367,0.4231332578331446,0.48515865206718445,31
30,0.5,500,50,0.23832786996128427,0.5032842582106455,0.5451387763023376,20
30,0.5,1000,50,0.1938571786162217,0.5822725556813892,0.7430793642997742,12
30,0.5,10,100,0.30623188795481276,0.2881389203473009,0.2593698501586914,83
30,0.5,25,100,0.3409713431409097,0.3288788221970555,0.1394270807504654,72
30,0.5,50,100,0.3281638814044587,0.34914307285768215,0.30857419967651367,63
30,0.5,100,100,0.31016918576977054,0.3876028690071725,0.3811359703540802,55
30,0.5,250,100,0.28226552323305143,0.42459796149490375,0.4904172420501709,30
30,0.5,500,100,0.2394073634407316,0.5046130615326538,0.5654438734054565,17
30,0.5,1000,100,0.19335758819881257,0.5834503586258966,0.7511484622955322,11
30,0.5,10,250,0.30526216427703873,0.32825972064930165,0.37847310304641724,36
30,0.5,25,250,0.30850610795989225,0.3234730086825217,0.3278961777687073,33
30,0.5,50,250,0.3421512598813109,0.3356436391090978,0.35017699003219604,34
30,0.5,100,250,0.3250453202988057,0.3645753114382786,0.3733726739883423,32
30,0.5,250,250,0.2890305573813871,0.4234805587013968,0.47056668996810913,25
30,0.5,500,250,0.2423037208332046,0.5079501698754247,0.6531505584716797,16
30,0.5,1000,250,0.20041924164750505,0.5720800302000755,0.7060805559158325,10
30,0.5,10,500,0.2786428533227506,0.31397508493771237,0.39596354961395264,19
30,0.5,25,500,0.28607330181862545,0.340641751604379,0.4191558063030243,18
30,0.5,50,500,0.33260768641202587,0.4177123442808607,0.5087615847587585,18
30,0.5,100,500,0.30188740757427623,0.41724424311060776,0.4451671540737152,17
30,0.5,250,500,0.28934343110189276,0.4613212533031333,0.5496292114257812,16
30,0.5,500,500,0.2438521527024847,0.507361268403171,0.6703294515609741,15
30,0.5,1000,500,0.20041924164750505,0.5720800302000755,0.7060805559158325,10
30,0.5,10,1000,0.27346094209131744,0.3533559833899585,0.47205230593681335,11
30,0.5,25,1000,0.2852279457384529,0.35071347678369197,0.45741090178489685,13
30,0.5,50,1000,0.31340788011987664,0.44637221593053983,0.5859843492507935,12
30,0.5,100,1000,0.2941110066913972,0.43685919214798036,0.49044737219810486,11
30,0.5,250,1000,0.2870142254922002,0.46153265383163455,0.5276284217834473,12
30,0.5,500,1000,0.24061283622063054,0.522234805587014,0.6619499921798706,11
30,0.5,1000,1000,0.20041924164750505,0.5720800302000755,0.7060805559158325,10
30,0.5,10,2500,0.25854349960450895,0.42702906757266895,0.5517075061798096,7
30,0.5,25,2500,0.2990856743820675,0.37833144582861455,0.5569782257080078,7
30,0.5,50,2500,0.2839417324316877,0.4991317478293696,0.5342867970466614,5
30,0.5,100,2500,0.26449508913702013,0.5507436768591921,0.7167101502418518,5
30,0.5,250,2500,0.3123374311202568,0.5201812004530011,0.7918550372123718,5
30,0.5,500,2500,0.41313122534932223,0.44200830502076255,0.7500455379486084,5
30,0.5,1000,2500,0.3557607066614231,0.560151000377501,0.8699893355369568,4
30,0.5,10,5000,0.3457376956191069,0.3414873537183843,0.5164390802383423,4
30,0.5,25,5000,0.4043214032268595,0.5472857682144205,0.8604821562767029,3
30,0.5,50,5000,0.2543747406180213,0.544794261985655,0.6115226745605469,3
30,0.5,100,5000,0.24394320541781964,0.5471045677614194,0.6250876784324646,3
30,0.5,250,5000,0.36816245217326304,0.45488863722159306,0.5824134945869446,2
30,0.5,500,5000,0.4137218651883023,0.5250887127217818,0.8893124461174011,3
30,0.5,1000,5000,0.3679519762373515,0.55841449603624,0.8821592330932617,3
30,0.5,10,10000,0.0,1.0,,0
30,0.5,25,10000,0.0,1.0,,0
30,0.5,50,10000,0.0,1.0,,0
30,0.5,100,10000,0.0,1.0,,0
30,0.5,250,10000,0.0,1.0,,0
30,0.5,500,10000,0.0,1.0,,0
30,0.5,1000,10000,0.0,1.0,,0
30,0.5,10,15000,0.0,1.0,,0
30,0.5,25,15000,0.0,1.0,,0
30,0.5,50,15000,0.0,1.0,,0
30,0.5,100,15000,0.0,1.0,,0
30,0.5,250,15000,0.0,1.0,,0
30,0.5,500,15000,0.0,1.0,,0
30,0.5,1000,15000,0.0,1.0,,0
30,0.5,10,20000,0.0,1.0,,0
30,0.5,25,20000,0.0,1.0,,0
30,0.5,50,20000,0.0,1.0,,0
30,0.5,100,20000,0.0,1.0,,0
30,0.5,250,20000,0.0,1.0,,0
30,0.5,500,20000,0.0,1.0,,0
30,0.5,1000,20000,0.0,1.0,,0
30,0.5,10,22000,0.0,1.0,,0
30,0.5,25,22000,0.0,1.0,,0
30,0.5,50,22000,0.0,1.0,,0
30,0.5,100,22000,0.0,1.0,,0
30,0.5,250,22000,0.0,1.0,,0
30,0.5,500,22000,0.0,1.0,,0
30,0.5,1000,22000,0.0,1.0,,0
50,0.5,10,50,0.4835323145913245,0.044907512268780675,0.22139859199523926,142
50,0.5,25,50,0.4839769495686756,0.04649301623254058,0.24118562042713165,130
50,0.5,50,50,0.4884058796106892,0.06129105322763307,0.6542325019836426,114
50,0.5,100,50,0.4938162501969981,0.0759682899207248,0.6383841633796692,56
50,0.5,250,50,0.49287989347740235,0.11498678746696867,0.6458725929260254,25
50,0.5,500,50,0.4938804884242614,0.18287655719139298,0.7501320838928223,16
50,0.5,1000,50,0.5006368158863636,0.20976972442431105,0.7580909132957458,12
50,0.5,10,100,0.4852321332575771,0.064160060400151,0.6376671195030212,80
50,0.5,25,100,0.4920566962482514,0.05362023405058513,0.6070220470428467,75
50,0.5,50,100,0.492172774516289,0.06390335975839939,0.6233823299407959,65
50,0.5,100,100,0.49355234765323425,0.07984899962249906,0.6401983499526978,53
50,0.5,250,100,0.4925946922192657,0.1162400906002265,0.6466166973114014,24
50,0.5,500,100,0.4938804884242614,0.18287655719139298,0.7501322627067566,16
50,0.5,1000,100,0.5006368158863636,0.20976972442431105,0.7580909132957458,12
50,0.5,10,250,0.4933048770446572,0.08844092110230276,0.6211687922477722,31
50,0.5,25,250,0.4996719409360139,0.060656851642129105,0.5693867802619934,30
50,0.5,50,250,0.49853170234351135,0.05352963382408456,0.5597465634346008,30
50,0.5,100,250,0.4957924011663034,0.08045300113250282,0.5936863422393799,27
50,0.5,250,250,0.4925946922192657,0.1162400906002265,0.6466166377067566,24
50,0.5,500,250,0.4938804884242614,0.18287655719139298,0.7501320242881775,16
50,0.5,1000,250,0.5006368158863636,0.20976972442431105,0.7580909132957458,12
50,0.5,10,500,0.4961289634237587,0.12228010570026425,0.6294475197792053,16
50,0.5,25,500,0.49445303852024114,0.11981879954699887,0.6295868158340454,16
50,0.5,50,500,0.49470343793618743,0.11213288033220083,0.6336172223091125,17
50,0.5,100,500,0.4922813185185519,0.1309928274820687,0.6543743014335632,16
50,0.5,250,500,0.49240581409769735,0.1565571913929785,0.7033059000968933,16
50,0.5,500,500,0.49291302160861417,0.1712948282370706,0.7578890323638916,15
50,0.5,1000,500,0.5006368158863636,0.20976972442431105,0.7580909132957458,12
50,0.5,10,1000,0.504218036838366,0.0998716496791242,0.6678711175918579,13
50,0.5,25,1000,0.5009034492013419,0.10503586258965647,0.6700794696807861,13
50,0.5,50,1000,0.5048450881698241,0.10890147225368063,0.6583297848701477,12
50,0.5,100,1000,0.49704653654970415,0.13893544733861835,0.6813455820083618,12
50,0.5,250,1000,0.5023450070689857,0.12357870894677236,0.6965298056602478,12
50,0.5,500,1000,0.49862502093760974,0.15252548131370328,0.726151704788208,12
50,0.5,1000,1000,0.5059150139595442,0.1830728576821442,0.7271124124526978,11
50,0.5,10,2500,0.5223015739575086,0.17540203850509625,0.7419613003730774,8
50,0.5,25,2500,0.525180342871595,0.06058135145337863,0.31399109959602356,4
50,0.5,50,2500,0.526631371935296,0.0627859569648924,0.31327953934669495,4
50,0.5,100,2500,0.49251689298806495,0.15023027557568894,0.4753161668777466,5
50,0.5,250,2500,0.48970790541646225,0.11583238958097396,0.4646759629249573,5
50,0.5,500,2500,0.49143566157047447,0.14648546621366554,0.4951038956642151,5
50,0.5,1000,2500,0.505637583672763,0.16123820309550774,0.5404800176620483,4
50,0.5,10,5000,0.5231718705334385,0.14408456021140054,0.5189515948295593,3
50,0.5,25,5000,0.5306314066614924,0.10855417138542846,0.515504002571106,3
50,0.5,50,5000,0.5658103580131897,0.06277085692714232,0.5208761096000671,3
50,0.5,100,5000,0.5690026559902622,0.05035862589656474,0.5140539407730103,3
50,0.5,250,5000,0.5657899171434836,0.06462816157040392,0.5263887047767639,3
50,0.5,500,5000,0.5643803389141017,0.09698754246885617,0.5608465075492859,3
50,0.5,1000,5000,0.505637583672763,0.16123820309550774,0.5404800176620483,4
50,0.5,10,10000,0.5231718705334385,0.14408456021140054,0.5189517140388489,3
50,0.5,25,10000,0.5306314066614924,0.10855417138542846,0.515504002571106,3
50,0.5,50,10000,0.5658103580131897,0.06277085692714232,0.5208761096000671,3
50,0.5,100,10000,0.5690026559902622,0.05035862589656474,0.5140539407730103,3
50,0.5,250,10000,0.5657899171434836,0.06462816157040392,0.5263887643814087,3
50,0.5,500,10000,0.5643803389141017,0.09698754246885617,0.5608466267585754,3
50,0.5,1000,10000,0.5461031830468233,0.15433748584371462,0.6234387159347534,3
50,0.5,10,15000,0.5231718705334385,0.14408456021140054,0.5189515948295593,3
50,0.5,25,15000,0.5306314066614924,0.10855417138542846,0.5155040621757507,3
50,0.5,50,15000,0.5658103580131897,0.06277085692714232,0.5208761692047119,3
50,0.5,100,15000,0.5690026559902622,0.05035862589656474,0.5140539407730103,3
50,0.5,250,15000,0.5657899171434836,0.06462816157040392,0.5263887643814087,3
50,0.5,500,15000,0.5643803389141017,0.09698754246885617,0.5608465075492859,3
50,0.5,1000,15000,0.5461031830468233,0.15433748584371462,0.6234386563301086,3
50,0.5,10,20000,0.0,1.0,,0
50,0.5,25,20000,0.0,1.0,,0
50,0.5,50,20000,0.0,1.0,,0
50,0.5,100,20000,0.0,1.0,,0
50,0.5,250,20000,0.0,1.0,,0
50,0.5,500,20000,0.0,1.0,,0
50,0.5,1000,20000,0.0,1.0,,0
50,0.5,10,22000,0.0,1.0,,0
50,0.5,25,22000,0.0,1.0,,0
50,0.5,50,22000,0.0,1.0,,0
50,0.5,100,22000,0.0,1.0,,0
50,0.5,250,22000,0.0,1.0,,0
50,0.5,500,22000,0.0,1.0,,0
50,0.5,1000,22000,0.0,1.0,,0
75,0.5,10,50,0.2729432678155287,0.11186107965269913,0.12274418771266937,220
75,0.5,25,50,0.48707714616710324,0.05473763684409211,0.17744779586791992,132
75,0.5,50,50,0.48398533302979757,0.061170252925632315,0.2228933423757553,114
75,0.5,100,50,0.49555562986670115,0.07392978482446207,0.651759147644043,60
75,0.5,250,50,0.4972138518610373,0.10035485088712721,0.6360965371131897,30
75,0.5,500,50,0.4969247224556645,0.16942242355605888,0.7772578001022339,19
75,0.5,1000,50,0.5103898329364078,0.18520196300490752,0.7087867259979248,11
75,0.5,10,100,0.2870879022915554,0.07744809362023405,0.23672352731227875,104
75,0.5,25,100,0.4895260976066601,0.053952434881087204,0.6262530088424683,69
75,0.5,50,100,0.4913833106775195,0.05075122687806719,0.6287741661071777,63
75,0.5,100,100,0.49515547051840747,0.06385805964514911,0.6247713565826416,54
75,0.5,250,100,0.4972498738280087,0.10156285390713476,0.6613144874572754,29
75,0.5,500,100,0.500668039967053,0.16391090977727443,0.7829859852790833,16
75,0.5,1000,100,0.5103898329364078,0.18520196300490752,0.7087866067886353,11
75,0.5,10,250,0.49513087116439936,0.05410343525858815,0.6104653477668762,35
75,0.5,25,250,0.495176639587196,0.05964514911287278,0.6134033203125,33
75,0.5,50,250,0.49442100376521986,0.05885994714986788,0.6110674738883972,35
75,0.5,100,250,0.49672865409664607,0.08291430728576822,0.6222334504127502,30
75,0.5,250,250,0.4989131292969167,0.08810872027180068,0.6318249106407166,27
75,0.5,500,250,0.500668039967053,0.16391090977727443,0.7829861044883728,16
75,0.5,1000,250,0.5103898329364078,0.18520196300490752,0.7087866067886353,11
75,0.5,10,500,0.5006522539059713,0.08042280105700264,0.6615294218063354,21
75,0.5,25,500,0.503498649277054,0.06573046432616081,0.6309279203414917,21
75,0.5,50,500,0.5019023057686637,0.07048697621744054,0.6444412469863892,21
75,0.5,100,500,0.5013368554270801,0.07482068705171763,0.5997101664543152,19
75,0.5,250,500,0.5025945247917964,0.11119667799169498,0.673141598701477,18
75,0.5,500,500,0.5001929032488983,0.15939599848999622,0.7451415657997131,15
75,0.5,1000,500,0.5103898329364078,0.18520196300490752,0.70878666639328,11
75,0.5,10,1000,0.5144613805517884,0.0987844469611174,0.5972057580947876,14
75,0.5,25,1000,0.5139574450066158,0.07340128350320876,0.5530542731285095,14
75,0.5,50,1000,0.5110522079187624,0.08690071725179313,0.5724738240242004,14
75,0.5,100,1000,0.5098966054309443,0.10479426198565496,0.5922377705574036,13
75,0.5,250,1000,0.5295866827875729,0.17165722914307285,0.6729636788368225,12
75,0.5,500,1000,0.5122486760291579,0.190879577198943,0.7342334985733032,11
75,0.5,1000,1000,0.516858013407466,0.19963759909399773,0.7330911755561829,10
75,0.5,10,2500,0.5642681082608839,0.1635032087580219,0.7873722314834595,6
75,0.5,25,2500,0.5544642747591063,0.11989429973574935,0.7266023755073547,7
75,0.5,50,2500,0.5603868368294375,0.1658588146470366,0.7804391384124756,6
75,0.5,100,2500,0.5363957381242882,0.15500188750471877,0.6679176688194275,5
75,0.5,250,2500,0.5327679925677145,0.19867119667799168,0.7595008015632629,6
75,0.5,500,2500,0.5400589121022229,0.2101774254435636,0.8111736178398132,6
75,0.5,1000,2500,0.5537580469277755,0.22432616081540205,0.8307872414588928,6
75,0.5,10,5000,0.5234731186780343,0.11737259343148358,0.6123565435409546,4
75,0.5,25,5000,0.5316803423014874,0.16196300490751228,0.6463252902030945,4
75,0.5,50,5000,0.5240029166487854,0.11190637976594942,0.5983390212059021,4
75,0.5,100,5000,0.5243407338848903,0.10938467346168365,0.5940913558006287,4
75,0.5,250,5000,0.5288358703722349,0.14085315213288033,0.3827635943889618,3
75,0.5,500,5000,0.5822286468639432,0.20037750094375237,0.7362935543060303,4
75,0.5,1000,5000,0.6089384485449691,0.215356738391846,0.7852659225463867,4
75,0.5,10,10000,0.5618405656473755,0.06829747074367686,0.32792502641677856,3
75,0.5,25,10000,0.5620066982592331,0.068478671196678,0.328202486038208,3
75,0.5,50,10000,0.5240029166487854,0.11190637976594942,0.5983390212059021,4
75,0.5,100,10000,0.5243407338848903,0.10938467346168365,0.5940914154052734,4
75,0.5,250,10000,0.5288358703722349,0.14085315213288033,0.3827636241912842,3
75,0.5,500,10000,0.5983154539749549,0.19701019252548133,0.5476069450378418,3
75,0.5,1000,10000,0.3235392064261718,0.0,0.2670506238937378,2
75,0.5,10,15000,0.5618405656473755,0.06829747074367686,0.32792502641677856,3
75,0.5,25,15000,0.5620066982592331,0.068478671196678,0.32820239663124084,3
75,0.5,50,15000,0.5442395031332663,0.09088712721781804,0.34409525990486145,3
75,0.5,100,15000,0.3235392064261718,0.0,0.2670506536960602,2
75,0.5,250,15000,0.5288358703722349,0.14085315213288033,0.38276365399360657,3
75,0.5,500,15000,0.3235392064261718,0.0,0.2670506238937378,2
75,0.5,1000,15000,0.3235392064261718,0.0,0.2670506536960602,2
75,0.5,10,20000,0.0,1.0,,0
75,0.5,25,20000,0.0,1.0,,0
75,0.5,50,20000,0.0,1.0,,0
75,0.5,100,20000,0.0,1.0,,0
75,0.5,250,20000,0.0,1.0,,0
75,0.5,500,20000,0.0,1.0,,0
75,0.5,1000,20000,0.0,1.0,,0
75,0.5,10,22000,0.0,1.0,,0
75,0.5,25,22000,0.0,1.0,,0
75,0.5,50,22000,0.0,1.0,,0
75,0.5,100,22000,0.0,1.0,,0
75,0.5,250,22000,0.0,1.0,,0
75,0.5,500,22000,0.0,1.0,,0
75,0.5,1000,22000,0.0,1.0,,0
100,0.5,10,50,0.48050794426180365,0.06808607021517554,0.24752263724803925,159
100,0.5,25,50,0.48456110578393174,0.046357115892789735,0.2006138563156128,132
100,0.5,50,50,0.48395193542472026,0.06653076632691582,0.19354140758514404,120
100,0.5,100,50,0.4914437868424608,0.09701774254435636,0.3744146227836609,58
100,0.5,250,50,0.49207119543411637,0.1430577576443941,0.7620272040367126,27
100,0.5,500,50,0.4940652998152826,0.1782257455643639,0.7433784008026123,16
100,0.5,1000,50,0.5222669224447551,0.2539977349943375,0.8228740692138672,12
100,0.5,10,100,0.4897819413410774,0.04902982257455644,0.28542113304138184,73
100,0.5,25,100,0.49281366931126497,0.04042280105700264,0.2749580144882202,70
100,0.5,50,100,0.4949214353972221,0.046598716496791245,0.3013022541999817,64
100,0.5,100,100,0.49115030813328114,0.09203473008682522,0.37538284063339233,55
100,0.5,250,100,0.492451437519041,0.14452246130615326,0.7667794227600098,26
100,0.5,500,100,0.4940652998152826,0.1782257455643639,0.7433784008026123,16
100,0.5,1000,100,0.5222669224447551,0.2539977349943375,0.8228740692138672,12
100,0.5,10,250,0.49926988773964837,0.06429596073990185,0.6129169464111328,29
100,0.5,25,250,0.4999007174167902,0.04836542091355228,0.5726684927940369,31
100,0.5,50,250,0.4998331714149582,0.05461683654209135,0.584799587726593,29
100,0.5,100,250,0.4931814236206333,0.09248773121932805,0.6524760723114014,28
100,0.5,250,250,0.49221472970165087,0.13858814647036619,0.7560920119285583,25
100,0.5,500,250,0.49278858320534985,0.18156285390713478,0.7808224558830261,15
100,0.5,1000,250,0.5185844101373065,0.23367308418271046,0.8225102424621582,10
100,0.5,10,500,0.5103732324053184,0.08093620234050584,0.6109464168548584,19
100,0.5,25,500,0.5089507484832886,0.07590788976972443,0.5993714928627014,19
100,0.5,50,500,0.507151605042941,0.09313703284258211,0.6225554347038269,18
100,0.5,100,500,0.49931169229496336,0.12046810117025293,0.6831804513931274,18
100,0.5,250,500,0.4977148910094808,0.15494148735371838,0.7303286790847778,17
100,0.5,500,500,0.49278858320534985,0.18156285390713478,0.7808224558830261,15
100,0.5,1000,500,0.5185844101373065,0.23367308418271046,0.8225101828575134,10
100,0.5,10,1000,0.511932881677996,0.11586258965647414,0.6297829151153564,13
100,0.5,25,1000,0.5140334845140516,0.11232918082295205,0.6255668997764587,13
100,0.5,50,1000,0.5147407276582151,0.11032087580218951,0.6462422609329224,13
100,0.5,100,1000,0.5198386729929865,0.12673461683654208,0.6369286775588989,12
100,0.5,250,1000,0.51544173352207,0.2247187617969045,0.7482432723045349,10
100,0.5,500,1000,0.5059126553664859,0.20421291053227633,0.7320125699043274,11
100,0.5,1000,1000,0.5185844101373065,0.23367308418271046,0.8225102424621582,10
100,0.5,10,2500,0.569742454882021,0.24333710834277086,0.7509665489196777,7
100,0.5,25,2500,0.5749243428381371,0.23968289920724803,0.7443863749504089,7
100,0.5,50,2500,0.5776218912567306,0.2373423933559834,0.7894311547279358,6
100,0.5,100,2500,0.5796260074227683,0.22412986032465082,0.6186767816543579,5
100,0.5,250,2500,0.5705428716342271,0.24010570026425065,0.6570436358451843,5
100,0.5,500,2500,0.5529603247518015,0.23258588146470366,0.745485246181488,5
100,0.5,1000,2500,0.5530269500796375,0.18535296338240845,0.7236050367355347,5
100,0.5,10,5000,0.6114997965995704,0.15527368818422047,0.578882098197937,4
100,0.5,25,5000,0.6339272030994788,0.12209890524726312,0.5774853229522705,4
100,0.5,50,5000,0.5824578000457767,0.005964514911287278,0.4639127552509308,3
100,0.5,100,5000,0.5820456573034126,0.006357115892789732,0.46414750814437866,3
100,0.5,250,5000,0.5838623551485271,0.010887127217818045,0.4693262577056885,3
100,0.5,500,5000,0.5895131162038431,0.02426576066440166,0.4846980571746826,3
100,0.5,1000,5000,0.5878939347139669,0.058754246885617215,0.5299051403999329,3
100,0.5,10,10000,0.5824578000457767,0.005964514911287278,0.46391284465789795,3
100,0.5,25,10000,0.5824578000457767,0.005964514911287278,0.46391281485557556,3
100,0.5,50,10000,0.5824578000457767,0.005964514911287278,0.4639127850532532,3
100,0.5,100,10000,0.5820456573034126,0.006357115892789732,0.46414750814437866,3
100,0.5,250,10000,0.5838623551485271,0.010887127217818045,0.4693262577056885,3
100,0.5,500,10000,0.5895131162038431,0.02426576066440166,0.48469799757003784,3
100,0.5,1000,10000,0.5878939347139669,0.058754246885617215,0.5299049019813538,3
100,0.5,10,15000,0.5824578000457767,0.005964514911287278,0.46391284465789795,3
100,0.5,25,15000,0.5824578000457767,0.005964514911287278,0.46391287446022034,3
100,0.5,50,15000,0.5824578000457767,0.005964514911287278,0.46391287446022034,3
100,0.5,100,15000,0.5820456573034126,0.006357115892789732,0.4641474485397339,3
100,0.5,250,15000,0.5838623551485271,0.010887127217818045,0.4693261981010437,3
100,0.5,500,15000,0.5895131162038431,0.02426576066440166,0.48469796776771545,3
100,0.5,1000,15000,0.5878939347139669,0.058754246885617215,0.5299050807952881,3
100,0.5,10,20000,0.0,1.0,,0
100,0.5,25,20000,0.0,1.0,,0
100,0.5,50,20000,0.0,1.0,,0
100,0.5,100,20000,0.0,1.0,,0
100,0.5,250,20000,0.0,1.0,,0
100,0.5,500,20000,0.0,1.0,,0
100,0.5,1000,20000,0.0,1.0,,0
100,0.5,10,22000,0.0,1.0,,0
100,0.5,25,22000,0.0,1.0,,0
100,0.5,50,22000,0.0,1.0,,0
100,0.5,100,22000,0.0,1.0,,0
100,0.5,250,22000,0.0,1.0,,0
100,0.5,500,22000,0.0,1.0,,0
100,0.5,1000,22000,0.0,1.0,,0
10,0.75,10,50,0.09604322383692881,0.44495281238203094,-0.297600656747818,237
10,0.75,25,50,0.11115897375613504,0.5204077010192526,-0.2015104591846466,178
10,0.75,50,50,0.11515199777757255,0.5986258965647414,-0.08305170387029648,134
10,0.75,100,50,0.10884995628344599,0.661124952812382,0.0410023033618927,66
10,0.75,250,50,0.09081629916440001,0.7524348810872027,0.45811134576797485,24
10,0.75,500,50,0.059835006902288906,0.7855945639864099,0.71272873878479,14
10,0.75,1000,50,0.03209849654285582,0.8378104945262363,0.8442772626876831,10
10,0.75,10,100,0.10076084223311557,0.49031332578331444,-0.19532184302806854,109
10,0.75,25,100,0.11549612233704497,0.5654964137410343,-0.08151038736104965,93
10,0.75,50,100,0.11459442728031466,0.6251717629294073,-0.04802212864160538,72
10,0.75,100,100,0.10577883709066856,0.6712721781804455,0.06700833141803741,55
10,0.75,250,100,0.09118360318304494,0.7535220838052095,0.45657241344451904,23
10,0.75,500,100,0.058761726240282884,0.780490751226878,0.764407753944397,13
10,0.75,1000,100,0.03158915957429609,0.8388221970554927,0.8435267806053162,9
10,0.75,10,250,0.1007613415285557,0.5506077765194413,0.0324297733604908,38
10,0.75,25,250,0.09700654543636289,0.642083805209513,0.18365466594696045,29
10,0.75,50,250,0.10581238624995488,0.6794412986032465,0.19317486882209778,29
10,0.75,100,250,0.1076056778977771,0.710713476783692,0.3081183433532715,26
10,0.75,250,250,0.09188572206336695,0.7529482823707059,0.41315406560897827,22
10,0.75,500,250,0.057739029588935335,0.7822423556058891,0.7680825591087341,12
10,0.75,1000,250,0.03158915957429609,0.8388221970554927,0.8435268402099609,9
10,0.75,10,500,0.11048864977468147,0.5782710456776142,0.1312422901391983,21
10,0.75,25,500,0.08872241278197965,0.6615175537938844,0.28038153052330017,15
10,0.75,50,500,0.1230844227289827,0.6839864099660249,0.32408127188682556,13
10,0.75,100,500,0.10662802590237302,0.7024839562098906,0.39222657680511475,13
10,0.75,250,500,0.1000132896269216,0.7336202340505851,0.3944922089576721,12
10,0.75,500,500,0.055219351561843016,0.7860475651189128,0.799746572971344,11
10,0.75,1000,500,0.03384184871765283,0.8361947904869762,0.7677416801452637,8
10,0.75,10,1000,0.07141338517003334,0.6657455643639109,0.2527598738670349,13
10,0.75,25,1000,0.07344582705516298,0.690403926009815,0.3379576504230499,10
10,0.75,50,1000,0.06596890801443482,0.7434654586636467,0.422992467880249,8
10,0.75,100,1000,0.10005985115721663,0.7159380898452247,0.1302105337381363,8
10,0.75,250,1000,0.07957618211605089,0.7608909022272555,0.1730341613292694,8
10,0.75,500,1000,0.05118384371588893,0.7979614949037372,0.6175938248634338,7
10,0.75,1000,1000,0.037853843599483995,0.8313476783691959,0.6900711059570312,7
10,0.75,10,2500,0.11148847250582868,0.7147904869762174,0.6460212469100952,3
10,0.75,25,2500,0.060467878823200524,0.7651038127595319,0.8281657695770264,4
10,0.75,50,2500,0.1493445452598129,0.7181124952812382,0.6304680109024048,2
10,0.75,100,2500,0.07474927793528169,0.3857757644394111,-0.05455426871776581,2
10,0.75,250,2500,0.12519379449076085,0.514563986409966,-0.11897575855255127,2
10,0.75,500,2500,0.12900228967225497,0.8168516421291053,0.7086011171340942,2
10,0.75,1000,2500,0.0,1.0,,0
10,0.75,10,5000,0.11148847250582868,0.7147904869762174,0.6460212469100952,3
10,0.75,25,5000,0.0,1.0,,0
10,0.75,50,5000,0.1493445452598129,0.7181124952812382,0.6304680109024048,2
10,0.75,100,5000,0.0,1.0,,0
10,0.75,250,5000,0.0,1.0,,0
10,0.75,500,5000,0.0,1.0,,0
10,0.75,1000,5000,0.0,1.0,,0
10,0.75,10,10000,0.0,1.0,,0
10,0.75,25,10000,0.0,1.0,,0
10,0.75,50,10000,0.0,1.0,,0
10,0.75,100,10000,0.0,1.0,,0
10,0.75,250,10000,0.0,1.0,,0
10,0.75,500,10000,0.0,1.0,,0
10,0.75,1000,10000,0.0,1.0,,0
10,0.75,10,15000,0.0,1.0,,0
10,0.75,25,15000,0.0,1.0,,0
10,0.75,50,15000,0.0,1.0,,0
10,0.75,100,15000,0.0,1.0,,0
10,0.75,250,15000,0.0,1.0,,0
10,0.75,500,15000,0.0,1.0,,0
10,0.75,1000,15000,0.0,1.0,,0
10,0.75,10,20000,0.0,1.0,,0
10,0.75,25,20000,0.0,1.0,,0
10,0.75,50,20000,0.0,1.0,,0
10,0.75,100,20000,0.0,1.0,,0
10,0.75,250,20000,0.0,1.0,,0
10,0.75,500,20000,0.0,1.0,,0
10,0.75,1000,20000,0.0,1.0,,0
10,0.75,10,22000,0.0,1.0,,0
10,0.75,25,22000,0.0,1.0,,0
10,0.75,50,22000,0.0,1.0,,0
10,0.75,100,22000,0.0,1.0,,0
10,0.75,250,22000,0.0,1.0,,0
10,0.75,500,22000,0.0,1.0,,0
10,0.75,1000,22000,0.0,1.0,,0
15,0.75,10,50,0.10409494752250507,0.44206870517176294,-0.32338908314704895,226
15,0.75,25,50,0.12694558689407628,0.5388750471876179,-0.25911059975624084,160
15,0.75,50,50,0.13333218077959147,0.5967081917704794,-0.11147578805685043,117
15,0.75,100,50,0.1119120941153692,0.6434881087202718,0.05600012466311455,63
15,0.75,250,50,0.08955032465785967,0.7104869762174405,0.3445347547531128,28
15,0.75,500,50,0.07399899706857026,0.776489241223103,0.6864092946052551,14
15,0.75,1000,50,0.005678973144258925,0.06810117025292563,-0.10269564390182495,2
15,0.75,10,100,0.11465936239411899,0.5157266893167233,-0.0681949034333229,96
15,0.75,25,100,0.12095742296828266,0.5707512268780672,-0.08219098299741745,71
15,0.75,50,100,0.1303555602469752,0.6054964137410344,-0.028652984648942947,69
15,0.75,100,100,0.11713223134399463,0.646870517176293,0.0559561587870121,52
15,0.75,250,100,0.09013466534327046,0.714865987164968,0.4150991439819336,24
15,0.75,500,100,0.07710590823257354,0.7650585126462817,0.6740432381629944,12
15,0.75,1000,100,0.005678973144258925,0.06810117025292563,-0.10269565880298615,2
15,0.75,10,250,0.11946117177977779,0.5544582861457154,-0.05174367129802704,40
15,0.75,25,250,0.10941460906102635,0.6162174405436014,0.1072298139333725,31
15,0.75,50,250,0.11197954242381469,0.6339750849377124,0.13012273609638214,28
15,0.75,100,250,0.10272566484712828,0.6800906002265006,0.24063163995742798,25
15,0.75,250,250,0.09530540217820574,0.7104869762174405,0.35692015290260315,22
15,0.75,500,250,0.07710590823257354,0.7650585126462817,0.6740431785583496,12
15,0.75,1000,250,0.005678973144258925,0.06810117025292563,-0.10269565880298615,2
15,0.75,10,500,0.10036629354971725,0.5995318988297471,0.11594843864440918,18
15,0.75,25,500,0.11091425675083812,0.6471574178935448,0.30689939856529236,14
15,0.75,50,500,0.11485559557380749,0.6710909777274443,0.3721357583999634,14
15,0.75,100,500,0.09621880150427614,0.7054737636844092,0.3975311815738678,15
15,0.75,250,500,0.09681851352739114,0.7177047942619856,0.5084723234176636,14
15,0.75,500,500,0.07710590823257354,0.7650585126462817,0.6740431785583496,12
15,0.75,1000,500,0.005678973144258925,0.06810117025292563,-0.10269568115472794,2
15,0.75,10,1000,0.007610316422126065,0.0040770101925254815,-0.09135804325342178,2
15,0.75,25,1000,0.007645693935897918,0.003457908644771612,-0.09134970605373383,2
15,0.75,50,1000,0.007628054193521217,0.0034428086070215176,-0.0916513055562973,2
15,0.75,100,1000,0.007505011676334889,0.005164212910532276,-0.09203414618968964,2
15,0.75,250,1000,0.006993478176872001,0.012034730086825218,-0.09300268441438675,2
15,0.75,500,1000,0.006228629352047569,0.024703661759154397,-0.0945596992969513,2
15,0.75,1000,1000,0.005678973144258925,0.06810117025292563,-0.10269565880298615,2
15,0.75,10,2500,0.007610316422126065,0.0040770101925254815,-0.09135803580284119,2
15,0.75,25,2500,0.007645693935897918,0.003457908644771612,-0.09134970605373383,2
15,0.75,50,2500,0.007628054193521217,0.0034428086070215176,-0.09165129065513611,2
15,0.75,100,2500,0.007505011676334889,0.005164212910532276,-0.09203411638736725,2
15,0.75,250,2500,0.006993478176872001,0.012034730086825218,-0.09300269931554794,2
15,0.75,500,2500,0.006228629352047569,0.024703661759154397,-0.09455971419811249,2
15,0.75,1000,2500,0.005678973144258925,0.06810117025292563,-0.10269565880298615,2
15,0.75,10,5000,0.07624664741053845,0.7709626274065685,0.639507532119751,2
15,0.75,25,5000,0.11164490565077763,0.5148055870139675,0.2306632250547409,2
15,0.75,50,5000,0.19155277654149305,0.6927444318610797,0.35738837718963623,2
15,0.75,100,5000,0.18786996521959434,0.7092638731596829,0.41300851106643677,2
15,0.75,250,5000,0.13092923363360132,0.7479048697621744,0.42790383100509644,2
15,0.75,500,5000,0.1418576344636231,0.7502151755379388,0.7578212022781372,2
15,0.75,1000,5000,0.0,1.0,,0
15,0.75,10,10000,0.0,1.0,,0
15,0.75,25,10000,0.0,1.0,,0
15,0.75,50,10000,0.0,1.0,,0
15,0.75,100,10000,0.0,1.0,,0
15,0.75,250,10000,0.0,1.0,,0
15,0.75,500,10000,0.0,1.0,,0
15,0.75,1000,10000,0.0,1.0,,0
15,0.75,10,15000,0.0,1.0,,0
15,0.75,25,15000,0.0,1.0,,0
15,0.75,50,15000,0.0,1.0,,0
15,0.75,100,15000,0.0,1.0,,0
15,0.75,250,15000,0.0,1.0,,0
15,0.75,500,15000,0.0,1.0,,0
15,0.75,1000,15000,0.0,1.0,,0
15,0.75,10,20000,0.0,1.0,,0
15,0.75,25,20000,0.0,1.0,,0
15,0.75,50,20000,0.0,1.0,,0
15,0.75,100,20000,0.0,1.0,,0
15,0.75,250,20000,0.0,1.0,,0
15,0.75,500,20000,0.0,1.0,,0
15,0.75,1000,20000,0.0,1.0,,0
15,0.75,10,22000,0.0,1.0,,0
15,0.75,25,22000,0.0,1.0,,0
15,0.75,50,22000,0.0,1.0,,0
15,0.75,100,22000,0.0,1.0,,0
15,0.75,250,22000,0.0,1.0,,0
15,0.75,500,22000,0.0,1.0,,0
15,0.75,1000,22000,0.0,1.0,,0
30,0.75,10,50,0.31307308737663947,0.2839713099282748,-0.2149835079908371,146
30,0.75,25,50,0.3392532034804434,0.3386032465081163,-0.0194943118840456,122
30,0.75,50,50,0.33561899129782286,0.36635711589278974,0.23377050459384918,97
30,0.75,100,50,0.3155630499830194,0.3992298980747452,0.34220778942108154,58
30,0.75,250,50,0.2789932446802859,0.4448320120800302,0.4421994090080261,30
30,0.75,500,50,0.2408922059663101,0.503842959607399,0.6074177026748657,21
30,0.75,1000,50,0.1976357004842783,0.5954699886749717,0.881678581237793,11
30,0.75,10,100,0.32647419400960537,0.3032993582483956,0.14778967201709747,83
30,0.75,25,100,0.34083987990787334,0.33685164212910534,0.23034465312957764,69
30,0.75,50,100,0.3432047202468792,0.3549414873537184,0.2308860570192337,60
30,0.75,100,100,0.3144770672080597,0.3994110985277463,0.34578749537467957,55
30,0.75,250,100,0.2802715736966411,0.4442733106832767,0.42923271656036377,27
30,0.75,500,100,0.25605573719256314,0.4865232163080408,0.6137762665748596,17
30,0.75,1000,100,0.1976357004842783,0.5954699886749717,0.881678581237793,11
30,0.75,10,250,0.30476947582768765,0.3573121932804832,0.29464295506477356,33
30,0.75,25,250,0.3310226388990185,0.35097017742544356,0.26913103461265564,29
30,0.75,50,250,0.34913791340049277,0.3770479426198565,0.3183678090572357,29
30,0.75,100,250,0.3253357955665536,0.4091506228765572,0.41890209913253784,27
30,0.75,250,250,0.2802715736966411,0.4442733106832767,0.4292326271533966,27
30,0.75,500,250,0.25605573719256314,0.4865232163080408,0.6137763261795044,17
30,0.75,1000,250,0.21151368690707453,0.573756134390336,0.8242790102958679,9
30,0.75,10,500,0.2959576120360013,0.30965647414118536,0.3153507709503174,21
30,0.75,25,500,0.3275045749765219,0.37700264250660626,0.44245946407318115,21
30,0.75,50,500,0.3499826487563972,0.41333333333333333,0.4556410610675812,20
30,0.75,100,500,0.3406191878151766,0.43211778029445075,0.5334245562553406,17
30,0.75,250,500,0.2938191333741615,0.4726311815779539,0.533458948135376,16
30,0.75,500,500,0.2581499478819725,0.5069233673084182,0.6739493608474731,13
30,0.75,1000,500,0.21151368690707453,0.573756134390336,0.8242790699005127,9
30,0.75,10,1000,0.2797290320609826,0.37168742921857306,0.47151055932044983,11
30,0.75,25,1000,0.30086680392039206,0.43666289165722916,0.5462180972099304,12
30,0.75,50,1000,0.3343775518208335,0.46301245753114384,0.6455572843551636,10
30,0.75,100,1000,0.3076959771921985,0.48389580973952434,0.6834923624992371,9
30,0.75,250,1000,0.2737945108853282,0.5129029822574557,0.6798049807548523,10
30,0.75,500,1000,0.27940702221658836,0.5004152510381276,0.6384708285331726,9
30,0.75,1000,1000,0.21151368690707453,0.573756134390336,0.8242790102958679,9
30,0.75,10,2500,0.28906804652663354,0.40622121555303886,0.6308255791664124,6
30,0.75,25,2500,0.3417202789493709,0.46446206115515287,0.7315469980239868,6
30,0.75,50,2500,0.3852192170078198,0.4956587391468479,0.6608812212944031,6
30,0.75,100,2500,0.35250703525082994,0.533922234805587,0.7491183876991272,5
30,0.75,250,2500,0.39107786214185614,0.47151377878444695,0.6281582713127136,3
30,0.75,500,2500,0.39107204602379525,0.4819479048697622,0.8492510914802551,3
30,0.75,1000,2500,0.40574291113058464,0.5371687429218573,0.81693434715271,4
30,0.75,10,5000,0.38863839908610065,0.4411325028312571,0.5557510852813721,3
30,0.75,25,5000,0.40243120554557527,0.55841449603624,0.8543586134910583,3
30,0.75,50,5000,0.36534497204192723,0.5037070592676481,0.6305809020996094,3
30,0.75,100,5000,0.3822062609408769,0.6065987164967912,0.8490458726882935,2
30,0.75,250,5000,0.39107786214185614,0.47151377878444695,0.6281582713127136,3
30,0.75,500,5000,0.39107204602379525,0.4819479048697622,0.8492510914802551,3
30,0.75,1000,5000,0.4466375462947446,0.4701396753491884,0.7357346415519714,2
30,0.75,10,10000,0.0,1.0,,0
30,0.75,25,10000,0.0,1.0,,0
30,0.75,50,10000,0.0,1.0,,0
30,0.75,100,10000,0.0,1.0,,0
30,0.75,250,10000,0.0,1.0,,0
30,0.75,500,10000,0.0,1.0,,0
30,0.75,1000,10000,0.4466375462947446,0.4701396753491884,0.7357346415519714,2
30,0.75,10,15000,0.0,1.0,,0
30,0.75,25,15000,0.0,1.0,,0
30,0.75,50,15000,0.0,1.0,,0
30,0.75,100,15000,0.0,1.0,,0
30,0.75,250,15000,0.0,1.0,,0
30,0.75,500,15000,0.0,1.0,,0
30,0.75,1000,15000,0.4466375462947446,0.4701396753491884,0.7357346415519714,2
30,0.75,10,20000,0.0,1.0,,0
30,0.75,25,20000,0.0,1.0,,0
30,0.75,50,20000,0.0,1.0,,0
30,0.75,100,20000,0.0,1.0,,0
30,0.75,250,20000,0.0,1.0,,0
30,0.75,500,20000,0.0,1.0,,0
30,0.75,1000,20000,0.0,1.0,,0
30,0.75,10,22000,0.0,1.0,,0
30,0.75,25,22000,0.0,1.0,,0
30,0.75,50,22000,0.0,1.0,,0
30,0.75,100,22000,0.0,1.0,,0
30,0.75,250,22000,0.0,1.0,,0
30,0.75,500,22000,0.0,1.0,,0
30,0.75,1000,22000,0.0,1.0,,0
50,0.75,10,50,0.4878097497491583,0.0928652321630804,0.258842796087265,146
50,0.75,25,50,0.49051897273655076,0.0418875047187618,0.28467994928359985,115
50,0.75,50,50,0.488743718736339,0.0587995469988675,0.30802711844444275,105
50,0.75,100,50,0.4895947703477744,0.10607776519441299,0.4010382890701294,50
50,0.75,250,50,0.4919639940139795,0.11509248773121933,0.6432554721832275,29
50,0.75,500,50,0.48853656567311976,0.18770856927142318,0.7720357179641724,16
50,0.75,1000,50,0.49754736161728824,0.23178557946394865,0.8184274435043335,13
50,0.75,10,100,0.494556680215564,0.0435032087580219,0.33062559366226196,61
50,0.75,25,100,0.4927477954031395,0.050147225368063424,0.31368184089660645,56
50,0.75,50,100,0.49147604821077323,0.06799546998867498,0.35077059268951416,55
50,0.75,100,100,0.48969603958523505,0.10118535296338241,0.3927207291126251,46
50,0.75,250,100,0.4921211455741881,0.11605889014722537,0.6464819312095642,28
50,0.75,500,100,0.48853656567311976,0.18770856927142318,0.7720358371734619,16
50,0.75,1000,100,0.49754736161728824,0.23178557946394865,0.8184273838996887,13
50,0.75,10,250,0.4956350045057837,0.05763684409211023,0.5713520050048828,29
50,0.75,25,250,0.49562291194494484,0.06245375613439034,0.5816806554794312,29
50,0.75,50,250,0.49334056908216456,0.07269158172895432,0.5923601984977722,29
50,0.75,100,250,0.4927721177803132,0.08003020007550019,0.5951759219169617,27
50,0.75,250,250,0.4922748398025959,0.11106077765194412,0.631308913230896,27
50,0.75,500,250,0.48853656567311976,0.18770856927142318,0.7720358967781067,16
50,0.75,1000,250,0.49754736161728824,0.23178557946394865,0.8184273838996887,13
50,0.75,10,500,0.493440182283578,0.1049301623254058,0.6169133186340332,18
50,0.75,25,500,0.4944347307883318,0.11204228010570026,0.627186119556427,17
50,0.75,50,500,0.49223853758301156,0.11817289543223858,0.6279613375663757,16
50,0.75,100,500,0.4910017673516852,0.1186711966779917,0.6360120177268982,16
50,0.75,250,500,0.4881283453732997,0.15023027557568894,0.6976863145828247,16
50,0.75,500,500,0.48846317128265054,0.17904114760286902,0.7853044867515564,15
50,0.75,1000,500,0.4969835156926878,0.20969422423556058,0.7770844101905823,11
50,0.75,10,1000,0.5005238927701152,0.1417440543601359,0.6773508787155151,12
50,0.75,25,1000,0.5003991002439322,0.1282899207248018,0.6839733123779297,12
50,0.75,50,1000,0.49374303200937175,0.13869384673461685,0.7034977674484253,13
50,0.75,100,1000,0.49094995923533447,0.1537938844847112,0.7099379301071167,13
50,0.75,250,1000,0.4924674467876795,0.1634428086070215,0.7601701021194458,13
50,0.75,500,1000,0.5014246395628837,0.1788448471121178,0.7486010193824768,11
50,0.75,1000,1000,0.4969835156926878,0.20969422423556058,0.777084469795227,11
50,0.75,10,2500,0.5343470145784419,0.18947527368818423,0.7416499853134155,7
50,0.75,25,2500,0.5271135762217642,0.10298225745564364,0.5889409184455872,7
50,0.75,50,2500,0.5168564832785045,0.1400981502453756,0.6379494667053223,7
50,0.75,100,2500,0.4940627111513001,0.14091355228388072,0.49361366033554077,5
50,0.75,250,2500,0.5035560623188569,0.1706908267270668,0.5369914174079895,4
50,0.75,500,2500,0.5598346155459887,0.1585956964892412,0.7300806641578674,5
50,0.75,1000,2500,0.5635592109538874,0.18660626651566628,0.6488950252532959,4
50,0.75,10,5000,0.5055462643347268,0.11586258965647414,0.5100784301757812,4
50,0.75,25,5000,0.5514788872867267,0.0800151000377501,0.5329811573028564,3
50,0.75,50,5000,0.5507215176841355,0.06976217440543601,0.5237141847610474,3
50,0.75,100,5000,0.5735172055726083,0.046055115137787844,0.5327499508857727,3
50,0.75,250,5000,0.5684736453726322,0.07054737636844093,0.5479404926300049,3
50,0.75,500,5000,0.5598346155459887,0.1585956964892412,0.730080783367157,5
50,0.75,1000,5000,0.6243568004152157,0.1747980369950925,0.6683205962181091,3
50,0.75,10,10000,0.5808948857173327,0.06169875424688562,0.5511602163314819,3
50,0.75,25,10000,0.5514788872867267,0.0800151000377501,0.5329811573028564,3
50,0.75,50,10000,0.5507215176841355,0.06976217440543601,0.5237143635749817,3
50,0.75,100,10000,0.5735172055726083,0.046055115137787844,0.5327499508857727,3
50,0.75,250,10000,0.5684736453726322,0.07054737636844093,0.5479406118392944,3
50,0.75,500,10000,0.5929295690136811,0.23889769724424312,0.6946691870689392,3
50,0.75,1000,10000,0.6243568004152157,0.1747980369950925,0.6683206558227539,3
50,0.75,10,15000,0.5808948857173327,0.06169875424688562,0.5511600971221924,3
50,0.75,25,15000,0.5514788872867267,0.0800151000377501,0.5329811573028564,3
50,0.75,50,15000,0.5507215176841355,0.06976217440543601,0.5237143635749817,3
50,0.75,100,15000,0.5735172055726083,0.046055115137787844,0.5327499508857727,3
50,0.75,250,15000,0.5684736453726322,0.07054737636844093,0.5479406118392944,3
50,0.75,500,15000,0.3235803390864711,0.0,0.28285378217697144,2
50,0.75,1000,15000,0.6243568004152157,0.1747980369950925,0.6683207154273987,3
50,0.75,10,20000,0.0,1.0,,0
50,0.75,25,20000,0.0,1.0,,0
50,0.75,50,20000,0.0,1.0,,0
50,0.75,100,20000,0.0,1.0,,0
50,0.75,250,20000,0.0,1.0,,0
50,0.75,500,20000,0.0,1.0,,0
50,0.75,1000,20000,0.0,1.0,,0
50,0.75,10,22000,0.0,1.0,,0
50,0.75,25,22000,0.0,1.0,,0
50,0.75,50,22000,0.0,1.0,,0
50,0.75,100,22000,0.0,1.0,,0
50,0.75,250,22000,0.0,1.0,,0
50,0.75,500,22000,0.0,1.0,,0
50,0.75,1000,22000,0.0,1.0,,0
75,0.75,10,50,0.4793341312561412,0.07155907889769725,0.3669614791870117,153
75,0.75,25,50,0.4877911303487448,0.04234050585126463,0.3834754228591919,124
75,0.75,50,50,0.4875259024470414,0.06212155530388826,0.3983481824398041,113
75,0.75,100,50,0.49074258750211897,0.09590033975084938,0.6164750456809998,55
75,0.75,250,50,0.4993604343531603,0.1210872027180068,0.686765730381012,29
75,0.75,500,50,0.5001505243671943,0.1368969422423556,0.6616391539573669,17
75,0.75,1000,50,0.5215245778154017,0.1951226878067195,0.801527202129364,10
75,0.75,10,100,0.4875507649252203,0.053242733106832765,0.5760472416877747,70
75,0.75,25,100,0.4897318317652843,0.05571913929784825,0.5595396757125854,67
75,0.75,50,100,0.49273706251717453,0.054269535673839187,0.5471802353858948,57
75,0.75,100,100,0.4929261050974142,0.08703661759154398,0.6017354726791382,51
75,0.75,250,100,0.5032187160561756,0.11051717629294074,0.6698155999183655,25
75,0.75,500,100,0.4997904352080532,0.13802944507361267,0.7054835557937622,16
75,0.75,1000,100,0.5215245778154017,0.1951226878067195,0.8015271425247192,10
75,0.75,10,250,0.5004500892679459,0.05677614194035485,0.5992083549499512,32
75,0.75,25,250,0.4951374056275784,0.06589656474141185,0.6302635073661804,35
75,0.75,50,250,0.49428341033485257,0.07235938089845224,0.635222315788269,34
75,0.75,100,250,0.49594205538128866,0.10435636089090222,0.704448938369751,30
75,0.75,250,250,0.5030115040422694,0.10973197432993582,0.6608478426933289,24
75,0.75,500,250,0.5002482447871865,0.12931672329180824,0.6925029754638672,14
75,0.75,1000,250,0.5215245778154017,0.1951226878067195,0.8015271425247192,10
75,0.75,10,500,0.5035510134322786,0.08154020385050963,0.6545739769935608,18
75,0.75,25,500,0.5032451237298621,0.06653076632691582,0.6088375449180603,15
75,0.75,50,500,0.49652977721319,0.12759531898829746,0.7196994423866272,16
75,0.75,100,500,0.4948614661446706,0.12092110230275575,0.6680698394775391,17
75,0.75,250,500,0.5009501259217785,0.11565118912797281,0.6522626876831055,16
75,0.75,500,500,0.5002482447871865,0.12931672329180824,0.692503035068512,14
75,0.75,1000,500,0.5215245778154017,0.1951226878067195,0.801527202129364,10
75,0.75,10,1000,0.5042897532253237,0.09227633069082673,0.6569356322288513,13
75,0.75,25,1000,0.5045700079010892,0.06725556813892035,0.5954070091247559,13
75,0.75,50,1000,0.49875879831405134,0.1371687429218573,0.6938826441764832,12
75,0.75,100,1000,0.5045056530426151,0.14215175537938846,0.6894298791885376,11
75,0.75,250,1000,0.514157314187887,0.16981502453756134,0.6884350776672363,10
75,0.75,500,1000,0.5073989199363187,0.1516647791619479,0.7464531660079956,11
75,0.75,1000,1000,0.5215245778154017,0.1951226878067195,0.801527202129364,10
75,0.75,10,2500,0.5454706102775722,0.1836617591543979,0.6860175728797913,6
75,0.75,25,2500,0.5540015188671302,0.18109475273688183,0.7422981858253479,6
75,0.75,50,2500,0.5449575783569877,0.21828614571536428,0.764317512512207,6
75,0.75,100,2500,0.49918373815414063,0.09879954699886749,0.379586398601532,4
75,0.75,250,2500,0.5501955692103442,0.20446961117402793,0.7759119272232056,6
75,0.75,500,2500,0.5527214133675723,0.18731596828992073,0.7539152503013611,6
75,0.75,1000,2500,0.5546702746609659,0.20335220838052095,0.7919706702232361,6
75,0.75,10,5000,0.5464570562339531,0.049467723669309176,0.30383962392807007,3
75,0.75,25,5000,0.5464570562339531,0.049467723669309176,0.3038395643234253,3
75,0.75,50,5000,0.5502507200882967,0.04469611174027935,0.29759329557418823,3
75,0.75,100,5000,0.5501720755976933,0.04983012457531144,0.3006839156150818,3
75,0.75,250,5000,0.5374875766679718,0.09005662514156286,0.3257316052913666,3
75,0.75,500,5000,0.5345522932969812,0.1328501321253303,0.37177759408950806,3
75,0.75,1000,5000,0.46542728339179096,0.19007927519818799,0.49694469571113586,3
75,0.75,10,10000,0.5464570562339531,0.049467723669309176,0.30383965373039246,3
75,0.75,25,10000,0.5464570562339531,0.049467723669309176,0.3038395643234253,3
75,0.75,50,10000,0.5502507200882967,0.04469611174027935,0.2975933253765106,3
75,0.75,100,10000,0.5501720755976933,0.04983012457531144,0.30068397521972656,3
75,0.75,250,10000,0.5374875766679718,0.09005662514156286,0.32573166489601135,3
75,0.75,500,10000,0.5345522932969812,0.1328501321253303,0.37177759408950806,3
75,0.75,1000,10000,0.3236214745651995,0.0,0.23942525684833527,2
75,0.75,10,15000,0.5464570562339531,0.049467723669309176,0.3038395643234253,3
75,0.75,25,15000,0.5464570562339531,0.049467723669309176,0.3038395643234253,3
75,0.75,50,15000,0.5502507200882967,0.04469611174027935,0.29759329557418823,3
75,0.75,100,15000,0.5501720755976933,0.04983012457531144,0.30068400502204895,3
75,0.75,250,15000,0.5374875766679718,0.09005662514156286,0.32573166489601135,3
75,0.75,500,15000,0.5345522932969812,0.1328501321253303,0.37177774310112,3
75,0.75,1000,15000,0.3236214745651995,0.0,0.23942522704601288,2
75,0.75,10,20000,0.0,1.0,,0
75,0.75,25,20000,0.0,1.0,,0
75,0.75,50,20000,0.0,1.0,,0
75,0.75,100,20000,0.0,1.0,,0
75,0.75,250,20000,0.0,1.0,,0
75,0.75,500,20000,0.0,1.0,,0
75,0.75,1000,20000,0.0,1.0,,0
75,0.75,10,22000,0.0,1.0,,0
75,0.75,25,22000,0.0,1.0,,0
75,0.75,50,22000,0.0,1.0,,0
75,0.75,100,22000,0.0,1.0,,0
75,0.75,250,22000,0.0,1.0,,0
75,0.75,500,22000,0.0,1.0,,0
75,0.75,1000,22000,0.0,1.0,,0
100,0.75,10,50,0.4812192250944765,0.06902227255568139,-0.030880047008395195,143
100,0.75,25,50,0.49022198035774356,0.05478293695734239,0.2426973581314087,116
100,0.75,50,50,0.48792224231334486,0.0762400906002265,0.24165506660938263,104
100,0.75,100,50,0.4992464692885216,0.10989807474518687,0.6022912859916687,57
100,0.75,250,50,0.5035053924050492,0.14222725556813892,0.7292057275772095,25
100,0.75,500,50,0.5160379440271134,0.17218573046432617,0.7617354989051819,18
100,0.75,1000,50,0.5339672499281514,0.2228916572291431,0.8229440450668335,11
100,0.75,10,100,0.4959948481979444,0.04502831257078143,0.5135819315910339,65
100,0.75,25,100,0.496770689924332,0.052125330313325786,0.5471030473709106,60
100,0.75,50,100,0.49705069495386234,0.07158927897319743,0.5497991442680359,55
100,0.75,100,100,0.4984148290994835,0.10553416383540959,0.6180629730224609,47
100,0.75,250,100,0.5017265689376713,0.13493393733484332,0.7149533629417419,24
100,0.75,500,100,0.5172463491082976,0.17730464326160816,0.7775177359580994,14
100,0.75,1000,100,0.5217933366279346,0.18375235938089846,0.7133069038391113,10
100,0.75,10,250,0.5017928402053747,0.0813288033220083,0.6477639079093933,32
100,0.75,25,250,0.506180296851188,0.07679879199697999,0.6348835229873657,32
100,0.75,50,250,0.502335639329497,0.08549641374103435,0.6472490429878235,27
100,0.75,100,250,0.5032335504054265,0.09861834654586636,0.6611493229866028,25
100,0.75,250,250,0.4997655538345288,0.11752359380898453,0.6907933354377747,23
100,0.75,500,250,0.5172463491082976,0.17730464326160816,0.7775177359580994,14
100,0.75,1000,250,0.5217933366279346,0.18375235938089846,0.7133069038391113,10
100,0.75,10,500,0.5139331188153812,0.06941487353718384,0.5911799073219299,16
100,0.75,25,500,0.5172387104661367,0.06678746696866743,0.6022370457649231,17
100,0.75,50,500,0.5147564168293515,0.059237448093620235,0.5590224266052246,16
100,0.75,100,500,0.5109571375439295,0.09763684409211024,0.6546822190284729,17
100,0.75,250,500,0.5133928237017489,0.12413741034352586,0.67728590965271,15
100,0.75,500,500,0.5172463491082976,0.17730464326160816,0.7775179743766785,14
100,0.75,1000,500,0.5217933366279346,0.18375235938089846,0.7133070230484009,10
100,0.75,10,1000,0.520934030747961,0.10311815779539449,0.6408343315124512,11
100,0.75,25,1000,0.5256190517853255,0.10559456398640997,0.6492382287979126,11
100,0.75,50,1000,0.5198156850676087,0.09925254813137033,0.6337295770645142,11
100,0.75,100,1000,0.5241361847119312,0.14813137032842583,0.7183443903923035,11
100,0.75,250,1000,0.5208231425374326,0.15667799169497923,0.7248684167861938,11
100,0.75,500,1000,0.5203466398065272,0.13727444318610796,0.6711519956588745,10
100,0.75,1000,1000,0.5217933366279346,0.18375235938089846,0.7133069038391113,10
100,0.75,10,2500,0.5421211370002823,0.14730086825217062,0.7061086893081665,8
100,0.75,25,2500,0.5656281329950635,0.14085315213288033,0.6293064951896667,7
100,0.75,50,2500,0.5384831698956808,0.14502076255190638,0.7089681029319763,8
100,0.75,100,2500,0.5581758378882404,0.15349188372970932,0.6431755423545837,7
100,0.75,250,2500,0.5570945140517156,0.16006040015100037,0.6457068920135498,7
100,0.75,500,2500,0.5360572832260305,0.18373725934314836,0.7868992686271667,8
100,0.75,1000,2500,0.5452284024306375,0.17324273310683277,0.8294306993484497,7
100,0.75,10,5000,0.5867302342932855,0.03184597961494904,0.4742327034473419,3
100,0.75,25,5000,0.5883080881720817,0.031106077765194414,0.47474417090415955,3
100,0.75,50,5000,0.5615465143182041,0.056866742166855416,0.4663500189781189,3
100,0.75,100,5000,0.5538260546055594,0.06769346923367309,0.4793550670146942,3
100,0.75,250,5000,0.5514189640965718,0.09984144960362401,0.5161468982696533,3
100,0.75,500,5000,0.5983814147886317,0.21602114005285014,0.7087323665618896,4
100,0.75,1000,5000,0.6652436409702246,0.12812382030955077,0.657623827457428,4
100,0.75,10,10000,0.5867302342932855,0.03184597961494904,0.47423267364501953,3
100,0.75,25,10000,0.5883080881720817,0.031106077765194414,0.4747442603111267,3
100,0.75,50,10000,0.5615465143182041,0.056866742166855416,0.4663500487804413,3
100,0.75,100,10000,0.5538260546055594,0.06769346923367309,0.47935494780540466,3
100,0.75,250,10000,0.5514189640965718,0.09984144960362401,0.5161468386650085,3
100,0.75,500,10000,0.5447407837428312,0.1347829369573424,0.5521374344825745,3
100,0.75,1000,10000,0.6778898809068378,0.12569271423178557,0.6794195175170898,3
100,0.75,10,15000,0.5867302342932855,0.03184597961494904,0.47423267364501953,3
100,0.75,25,15000,0.5883080881720817,0.031106077765194414,0.47474417090415955,3
100,0.75,50,15000,0.5615465143182041,0.056866742166855416,0.46635007858276367,3
100,0.75,100,15000,0.5538260546055594,0.06769346923367309,0.47935497760772705,3
100,0.75,250,15000,0.5514189640965718,0.09984144960362401,0.5161467790603638,3
100,0.75,500,15000,0.5447407837428312,0.1347829369573424,0.5521373748779297,3
100,0.75,1000,15000,0.6778898809068378,0.12569271423178557,0.6794196963310242,3
100,0.75,10,20000,0.0,1.0,,0
100,0.75,25,20000,0.0,1.0,,0
100,0.75,50,20000,0.0,1.0,,0
100,0.75,100,20000,0.0,1.0,,0
100,0.75,250,20000,0.0,1.0,,0
100,0.75,500,20000,0.0,1.0,,0
100,0.75,1000,20000,0.0,1.0,,0
100,0.75,10,22000,0.0,1.0,,0
100,0.75,25,22000,0.0,1.0,,0
100,0.75,50,22000,0.0,1.0,,0
100,0.75,100,22000,0.0,1.0,,0
100,0.75,250,22000,0.0,1.0,,0
100,0.75,500,22000,0.0,1.0,,0
100,0.75,1000,22000,0.0,1.0,,0
10,1.0,10,50,0.10359036828716275,0.4545111362778407,-0.34565800428390503,235
10,1.0,25,50,0.13188596068453398,0.528788221970555,-0.3271562159061432,183
10,1.0,50,50,0.14223727888386978,0.5974631936579842,-0.26609787344932556,133
10,1.0,100,50,0.12337259217612867,0.6627104567761419,-0.040997784584760666,62
10,1.0,250,50,0.0970096363020764,0.7400226500566252,0.2753508985042572,26
10,1.0,500,50,0.07230653708771263,0.7719743299358248,0.5989744067192078,14
10,1.0,1000,50,0.04319582312661128,0.8123367308418271,0.7348279356956482,8
10,1.0,10,100,0.1058827990835239,0.5096564741411853,-0.2618616223335266,100
10,1.0,25,100,0.12337199087692777,0.5607852019630049,-0.17989347875118256,72
10,1.0,50,100,0.13172985059572878,0.611521328803322,-0.2048904150724411,63
10,1.0,100,100,0.12204182200818255,0.6666968667421669,-0.008576423861086369,49
10,1.0,250,100,0.0970323077753733,0.7423027557568894,0.4367859363555908,24
10,1.0,500,100,0.0726056067788097,0.7729256323140807,0.7414423823356628,13
10,1.0,1000,100,0.04319582312661128,0.8123367308418271,0.7348279356956482,8
10,1.0,10,250,0.10263599926248738,0.5745866364665911,0.08255569636821747,36
10,1.0,25,250,0.12168204355682745,0.6391694979237448,0.1776178628206253,30
10,1.0,50,250,0.11378651843073787,0.6676028690071725,0.22998687624931335,29
10,1.0,100,250,0.11213578599263131,0.6831559078897698,0.22591011226177216,26
10,1.0,250,250,0.10893909130800987,0.7360362400906002,0.3758071959018707,19
10,1.0,500,250,0.07144370159969371,0.7766855417138543,0.8294898867607117,11
10,1.0,1000,250,0.05353624840612127,0.799033597583994,0.7256389856338501,7
10,1.0,10,500,0.1274131157802507,0.6328274820687052,0.14084723591804504,18
10,1.0,25,500,0.14233876988591643,0.6621215553038883,0.16817882657051086,17
10,1.0,50,500,0.11288964649615607,0.6878671196677991,0.3191583752632141,17
10,1.0,100,500,0.12697700580479204,0.7087202718006795,0.49470779299736023,14
10,1.0,250,500,0.10814088380913811,0.7341185352963382,0.6288179755210876,12
10,1.0,500,500,0.07144370159969371,0.7766855417138543,0.8294899463653564,11
10,1.0,1000,500,0.05353624840612127,0.799033597583994,0.7256390452384949,7
10,1.0,10,1000,0.0973090519238065,0.7093242733106833,0.2928837537765503,11
10,1.0,25,1000,0.0879522460239772,0.742227255568139,0.4233495891094208,8
10,1.0,50,1000,0.1307983422917383,0.6964590411476028,0.28012093901634216,8
10,1.0,100,1000,0.1027107337477122,0.7250283125707814,0.32048097252845764,8
10,1.0,250,1000,0.09537661731721696,0.7484484711211778,0.6732574105262756,9
10,1.0,500,1000,0.0664286771432768,0.7847791619479049,0.7809761166572571,8
10,1.0,1000,1000,0.06190586138536877,0.7893242733106832,0.6954220533370972,6
10,1.0,10,2500,0.049135600153664055,0.39580218950547374,-0.14680585265159607,3
10,1.0,25,2500,0.04094284087378973,0.3905322763306908,-0.16388121247291565,3
10,1.0,50,2500,0.07363954345308081,0.3928425821064553,-0.13857892155647278,3
10,1.0,100,2500,0.04002773148302712,0.6194035485088712,0.06602749973535538,2
10,1.0,250,2500,0.0800589570513156,0.6881691204228011,0.0859743282198906,2
10,1.0,500,2500,0.07125852222456858,0.7779388448471121,0.4098108112812042,3
10,1.0,1000,2500,0.06493615100709925,0.8016157040392601,0.8141958713531494,3
10,1.0,10,5000,0.0,1.0,,0
10,1.0,25,5000,0.0,1.0,,0
10,1.0,50,5000,0.0,1.0,,0
10,1.0,100,5000,0.0,1.0,,0
10,1.0,250,5000,0.0,1.0,,0
10,1.0,500,5000,0.08893037205749106,0.7778029445073613,0.599608302116394,2
10,1.0,1000,5000,0.0,1.0,,0
10,1.0,10,10000,0.0,1.0,,0
10,1.0,25,10000,0.0,1.0,,0
10,1.0,50,10000,0.0,1.0,,0
10,1.0,100,10000,0.0,1.0,,0
10,1.0,250,10000,0.0,1.0,,0
10,1.0,500,10000,0.0,1.0,,0
10,1.0,1000,10000,0.0,1.0,,0
10,1.0,10,15000,0.0,1.0,,0
10,1.0,25,15000,0.0,1.0,,0
10,1.0,50,15000,0.0,1.0,,0
10,1.0,100,15000,0.0,1.0,,0
10,1.0,250,15000,0.0,1.0,,0
10,1.0,500,15000,0.0,1.0,,0
10,1.0,1000,15000,0.0,1.0,,0
10,1.0,10,20000,0.0,1.0,,0
10,1.0,25,20000,0.0,1.0,,0
10,1.0,50,20000,0.0,1.0,,0
10,1.0,100,20000,0.0,1.0,,0
10,1.0,250,20000,0.0,1.0,,0
10,1.0,500,20000,0.0,1.0,,0
10,1.0,1000,20000,0.0,1.0,,0
10,1.0,10,22000,0.0,1.0,,0
10,1.0,25,22000,0.0,1.0,,0
10,1.0,50,22000,0.0,1.0,,0
10,1.0,100,22000,0.0,1.0,,0
10,1.0,250,22000,0.0,1.0,,0
10,1.0,500,22000,0.0,1.0,,0
10,1.0,1000,22000,0.0,1.0,,0
15,1.0,10,50,0.10320320648286918,0.435681389203473,-0.4269622564315796,212
15,1.0,25,50,0.12611719330867896,0.5362778406946017,-0.31085219979286194,155
15,1.0,50,50,0.13518918062775512,0.6077463193657984,-0.12792162597179413,109
15,1.0,100,50,0.11468736694351726,0.6555379388448471,-0.034452229738235474,56
15,1.0,250,50,0.0874015865876651,0.7140656851642129,0.1413581371307373,26
15,1.0,500,50,0.07341076478941154,0.7582181955454889,0.3621654510498047,16
15,1.0,1000,50,0.00784693982011224,0.10292185730464326,-0.0986570343375206,2
15,1.0,10,100,0.11877149563253998,0.4976821442053605,-0.317853182554245,95
15,1.0,25,100,0.12597668148878155,0.5546998867497168,-0.23305444419384003,75
15,1.0,50,100,0.13822106648774496,0.617123442808607,-0.12487615644931793,59
15,1.0,100,100,0.11582745894939041,0.6540128350320876,-0.017285488545894623,47
15,1.0,250,100,0.09087579963084506,0.7122083805209513,0.17807987332344055,24
15,1.0,500,100,0.07757049806178096,0.7535522838807097,0.3431488871574402,14
15,1.0,1000,100,0.00784693982011224,0.10292185730464326,-0.0986570343375206,2
15,1.0,10,250,0.10828503926098688,0.5579312948282371,-0.1314983069896698,37
15,1.0,25,250,0.11347895356958912,0.597130992827482,-0.05721031874418259,32
15,1.0,50,250,0.1311384393576761,0.655205738014345,-0.07306726276874542,26
15,1.0,100,250,0.11518164333562966,0.6840166100415251,0.04836899787187576,25
15,1.0,250,250,0.08989241875871938,0.7174480936202341,0.17793060839176178,22
15,1.0,500,250,0.0764894052480387,0.7561947904869762,0.4723718762397766,13
15,1.0,1000,250,0.00784693982011224,0.10292185730464326,-0.0986570343375206,2
15,1.0,10,500,0.14408992056514977,0.5589731974329936,-0.044719669967889786,20
15,1.0,25,500,0.12375615030707247,0.6179690449226123,0.17855694890022278,18
15,1.0,50,500,0.14015854709417505,0.6650509626274066,0.2409503161907196,15
15,1.0,100,500,0.11878395642445619,0.6956889392223481,0.18588922917842865,15
15,1.0,250,500,0.08578627945593763,0.7370932427331068,0.40021970868110657,14
15,1.0,500,500,0.0764894052480387,0.7561947904869762,0.4723718762397766,13
15,1.0,1000,500,0.00784693982011224,0.10292185730464326,-0.0986570343375206,2
15,1.0,10,1000,0.007581491704526259,0.00314080785201963,-0.08405764400959015,2
15,1.0,25,1000,0.0074853749568896165,0.0043941109852774635,-0.08442331105470657,2
15,1.0,50,1000,0.007449211848363187,0.004847112117780295,-0.08446822315454483,2
15,1.0,100,1000,0.007289789667678635,0.007263118157795395,-0.08453650772571564,2
15,1.0,250,1000,0.006589169257963085,0.017651944129860323,-0.08444460481405258,2
15,1.0,500,1000,0.005657960176320776,0.03956209890524726,-0.08663225919008255,2
15,1.0,1000,1000,0.00784693982011224,0.10292185730464326,-0.0986570417881012,2
15,1.0,10,2500,0.007581491704526259,0.00314080785201963,-0.08405765146017075,2
15,1.0,25,2500,0.0074853749568896165,0.0043941109852774635,-0.08442330360412598,2
15,1.0,50,2500,0.007449211848363187,0.004847112117780295,-0.08446824550628662,2
15,1.0,100,2500,0.007289789667678635,0.007263118157795395,-0.08453649282455444,2
15,1.0,250,2500,0.006589169257963085,0.017651944129860323,-0.08444461226463318,2
15,1.0,500,2500,0.005657960176320776,0.03956209890524726,-0.08663222938776016,2
15,1.0,1000,2500,0.00784693982011224,0.10292185730464326,-0.0986570343375206,2
15,1.0,10,5000,0.10775002549180017,0.6443639109097773,0.21536213159561157,3
15,1.0,25,5000,0.04052657768529389,0.738875047187618,0.2713356018066406,2
15,1.0,50,5000,0.09278654913531827,0.7600604001510004,0.35608428716659546,2
15,1.0,100,5000,0.0,1.0,,0
15,1.0,250,5000,0.0,1.0,,0
15,1.0,500,5000,0.10261040270789197,0.778557946394866,0.8058261275291443,2
15,1.0,1000,5000,0.12029157271895606,0.7599395998489996,0.8253185153007507,2
15,1.0,10,10000,0.0,1.0,,0
15,1.0,25,10000,0.0,1.0,,0
15,1.0,50,10000,0.0,1.0,,0
15,1.0,100,10000,0.0,1.0,,0
15,1.0,250,10000,0.0,1.0,,0
15,1.0,500,10000,0.0,1.0,,0
15,1.0,1000,10000,0.0,1.0,,0
15,1.0,10,15000,0.0,1.0,,0
15,1.0,25,15000,0.0,1.0,,0
15,1.0,50,15000,0.0,1.0,,0
15,1.0,100,15000,0.0,1.0,,0
15,1.0,250,15000,0.0,1.0,,0
15,1.0,500,15000,0.0,1.0,,0
15,1.0,1000,15000,0.0,1.0,,0
15,1.0,10,20000,0.0,1.0,,0
15,1.0,25,20000,0.0,1.0,,0
15,1.0,50,20000,0.0,1.0,,0
15,1.0,100,20000,0.0,1.0,,0
15,1.0,250,20000,0.0,1.0,,0
15,1.0,500,20000,0.0,1.0,,0
15,1.0,1000,20000,0.0,1.0,,0
15,1.0,10,22000,0.0,1.0,,0
15,1.0,25,22000,0.0,1.0,,0
15,1.0,50,22000,0.0,1.0,,0
15,1.0,100,22000,0.0,1.0,,0
15,1.0,250,22000,0.0,1.0,,0
15,1.0,500,22000,0.0,1.0,,0
15,1.0,1000,22000,0.0,1.0,,0
30,1.0,10,50,0.20081623980781813,0.3304945262363156,-0.15736210346221924,163
30,1.0,25,50,0.20529117968591476,0.408954322385806,-0.09144224971532822,124
30,1.0,50,50,0.2156073470421159,0.4387315968289921,0.0041445279493927956,98
30,1.0,100,50,0.19457700505452283,0.48471121177802945,0.23457758128643036,52
30,1.0,250,50,0.16280166624440393,0.5124952812382031,0.46524056792259216,27
30,1.0,500,50,0.1260048957689122,0.5752510381275954,0.6363394856452942,18
30,1.0,1000,50,0.10434139392723789,0.6411023027557569,0.7447959780693054,11
30,1.0,10,100,0.20215769296311872,0.37567383918459796,-0.04799481853842735,84
30,1.0,25,100,0.211953947344612,0.43157417893544736,0.0017656233394518495,62
30,1.0,50,100,0.22501092244137505,0.42459796149490375,0.1624164879322052,51
30,1.0,100,100,0.18634211638304612,0.47454888637221593,0.250308096408844,46
30,1.0,250,100,0.1626089724550587,0.5133710834277085,0.4658978283405304,26
30,1.0,500,100,0.12594454651401424,0.5760211400528501,0.6644696593284607,17
30,1.0,1000,100,0.10935437727094932,0.633280483201208,0.7397489547729492,10
30,1.0,10,250,0.21946049609153478,0.38030955077387696,0.2376667857170105,34
30,1.0,25,250,0.24049601339170104,0.41913174782936957,0.20010150969028473,30
30,1.0,50,250,0.22601807188696416,0.4542695356738392,0.3726755678653717,28
30,1.0,100,250,0.19633568359848397,0.4896338240845602,0.35950958728790283,24
30,1.0,250,250,0.16112975724660258,0.5152736881842205,0.4843107759952545,24
30,1.0,500,250,0.13038040719927327,0.5695432238580597,0.6045510172843933,16
30,1.0,1000,250,0.10935437727094932,0.633280483201208,0.7397488951683044,10
30,1.0,10,500,0.1954438693623522,0.4459494148735372,0.4179072976112366,19
30,1.0,25,500,0.21885151260216784,0.454556436391091,0.4482135772705078,18
30,1.0,50,500,0.2268519151778967,0.49156662891657227,0.5312334299087524,16
30,1.0,100,500,0.1954478731432042,0.5162400906002265,0.5276380181312561,17
30,1.0,250,500,0.16852642198573536,0.5363684409211023,0.6135442852973938,18
30,1.0,500,500,0.13540616570899158,0.5669762174405436,0.5923930406570435,14
30,1.0,1000,500,0.10935437727094932,0.633280483201208,0.7397489547729492,10
30,1.0,10,1000,0.2107276142685513,0.45713854284635713,0.3587745130062103,11
30,1.0,25,1000,0.1815087117914293,0.5445979614949037,0.6330373883247375,10
30,1.0,50,1000,0.19893449096722454,0.5248169120422801,0.5405627489089966,12
30,1.0,100,1000,0.14676191664938115,0.5911815779539449,0.5938547849655151,9
30,1.0,250,1000,0.15826219050961216,0.5719743299358249,0.6172053217887878,10
30,1.0,500,1000,0.156694671372982,0.5742997357493393,0.6129918098449707,10
30,1.0,1000,1000,0.10935437727094932,0.633280483201208,0.7397489547729492,10
30,1.0,10,2500,0.2636182051335284,0.48179690449226126,0.6199911236763,6
30,1.0,25,2500,0.1995391975742674,0.5421215553038883,0.6148024797439575,6
30,1.0,50,2500,0.16973065668724557,0.5850056625141563,0.6134248971939087,6
30,1.0,100,2500,0.293740444093985,0.5456700641751604,0.7326062321662903,5
30,1.0,250,2500,0.2595028290958584,0.5603926009815025,0.8655544519424438,4
30,1.0,500,2500,0.27836255803356563,0.5485541713854285,0.8554161787033081,4
30,1.0,1000,2500,0.21233992835912538,0.6395016987542469,0.8195476531982422,3
30,1.0,10,5000,0.42082830293193324,0.515832389580974,0.7666999101638794,3
30,1.0,25,5000,0.24162544855752624,0.347044167610419,0.27395695447921753,2
30,1.0,50,5000,0.0,1.0,,0
30,1.0,100,5000,0.307305479194104,0.6392902982257456,0.8142880201339722,2
30,1.0,250,5000,0.2835725246827347,0.6009060022650057,0.8826846480369568,3
30,1.0,500,5000,0.30275781527338097,0.5886900717251793,0.8710409998893738,3
30,1.0,1000,5000,0.0,1.0,,0
30,1.0,10,10000,0.0,1.0,,0
30,1.0,25,10000,0.0,1.0,,0
30,1.0,50,10000,0.0,1.0,,0
30,1.0,100,10000,0.0,1.0,,0
30,1.0,250,10000,0.0,1.0,,0
30,1.0,500,10000,0.0,1.0,,0
30,1.0,1000,10000,0.0,1.0,,0
30,1.0,10,15000,0.0,1.0,,0
30,1.0,25,15000,0.0,1.0,,0
30,1.0,50,15000,0.0,1.0,,0
30,1.0,100,15000,0.0,1.0,,0
30,1.0,250,15000,0.0,1.0,,0
30,1.0,500,15000,0.0,1.0,,0
30,1.0,1000,15000,0.0,1.0,,0
30,1.0,10,20000,0.0,1.0,,0
30,1.0,25,20000,0.0,1.0,,0
30,1.0,50,20000,0.0,1.0,,0
30,1.0,100,20000,0.0,1.0,,0
30,1.0,250,20000,0.0,1.0,,0
30,1.0,500,20000,0.0,1.0,,0
30,1.0,1000,20000,0.0,1.0,,0
30,1.0,10,22000,0.0,1.0,,0
30,1.0,25,22000,0.0,1.0,,0
30,1.0,50,22000,0.0,1.0,,0
30,1.0,100,22000,0.0,1.0,,0
30,1.0,250,22000,0.0,1.0,,0
30,1.0,500,22000,0.0,1.0,,0
30,1.0,1000,22000,0.0,1.0,,0
50,1.0,10,50,0.4835334970579906,0.07149867874669687,0.3834245800971985,145
50,1.0,25,50,0.4888365002476657,0.056141940354850886,0.4472993016242981,121
50,1.0,50,50,0.4870419226822467,0.07616459041147602,0.3171183466911316,100
50,1.0,100,50,0.49037341017927477,0.09875424688561721,0.49387243390083313,50
50,1.0,250,50,0.49218961273102757,0.1372442431106078,0.7056117057800293,24
50,1.0,500,50,0.4881625224055094,0.19269158172895431,0.7882047891616821,17
50,1.0,1000,50,0.5063435522332471,0.261442053605134,0.8116602897644043,12
50,1.0,10,100,0.4941566450931428,0.059207248018120044,0.4349351227283478,59
50,1.0,25,100,0.4973648520010077,0.04548131370328426,0.40481075644493103,56
50,1.0,50,100,0.49316183066082986,0.07012457531143827,0.4609363377094269,57
50,1.0,100,100,0.49291060181021545,0.0969120422801057,0.5173294544219971,44
50,1.0,250,100,0.49218961273102757,0.1372442431106078,0.7056117057800293,24
50,1.0,500,100,0.4877693691904749,0.19376368440921102,0.7900604605674744,16
50,1.0,1000,100,0.5033274475174252,0.24691581728954323,0.7908536195755005,11
50,1.0,10,250,0.495946125986257,0.07373348433371084,0.5853571891784668,29
50,1.0,25,250,0.5011377308681743,0.0569271423178558,0.5695315599441528,25
50,1.0,50,250,0.49281938489934124,0.08877312193280483,0.6269172430038452,26
50,1.0,100,250,0.49221949059444414,0.10068705171762929,0.6348021626472473,27
50,1.0,250,250,0.49218961273102757,0.1372442431106078,0.7056115865707397,24
50,1.0,500,250,0.4877693691904749,0.19376368440921102,0.7900604605674744,16
50,1.0,1000,250,0.5033274475174252,0.24691581728954323,0.7908535599708557,11
50,1.0,10,500,0.4976934948700911,0.09263873159682899,0.6373898386955261,18
50,1.0,25,500,0.49867291157632565,0.09164212910532277,0.6360294818878174,18
50,1.0,50,500,0.49641786461615967,0.10480936202340506,0.6662629246711731,17
50,1.0,100,500,0.4934104631256121,0.11740279350698377,0.6694095134735107,16
50,1.0,250,500,0.49019532432353935,0.14724046810117025,0.7263019680976868,17
50,1.0,500,500,0.4897030138703801,0.20060400151000377,0.7926157712936401,15
50,1.0,1000,500,0.5033274475174252,0.24691581728954323,0.7908536791801453,11
50,1.0,10,1000,0.5000958090446668,0.14515666289165724,0.6658137440681458,12
50,1.0,25,1000,0.5021648957373797,0.14642506606266514,0.6723624467849731,12
50,1.0,50,1000,0.49813115967525357,0.16221970554926388,0.7013062238693237,12
50,1.0,100,1000,0.5034912254642295,0.1505926764816912,0.6809343099594116,11
50,1.0,250,1000,0.503532543433946,0.2045602114005285,0.7489035129547119,12
50,1.0,500,1000,0.5022874169149131,0.19066817667044167,0.7213363647460938,11
50,1.0,1000,1000,0.5058273801142925,0.2574707436768592,0.7893921136856079,10
50,1.0,10,2500,0.5323424909682353,0.1452623631559079,0.6394643783569336,6
50,1.0,25,2500,0.5637370589440392,0.21648924122310306,0.6117599606513977,5
50,1.0,50,2500,0.5308947953237507,0.16386560966402416,0.665373682975769,6
50,1.0,100,2500,0.5285267428520792,0.18150245375613439,0.6897104382514954,6
50,1.0,250,2500,0.5277915646534176,0.1745111362778407,0.6862401962280273,6
50,1.0,500,2500,0.5540384932909003,0.1404303510758777,0.768219530582428,5
50,1.0,1000,2500,0.6059991561206914,0.1977953944884862,0.7023935317993164,3
50,1.0,10,5000,0.5595226275172137,0.05226123065307663,0.5140883326530457,3
50,1.0,25,5000,0.5519570253410352,0.04409211023027557,0.4988962709903717,3
50,1.0,50,5000,0.5564986549977097,0.03996979992449981,0.49830153584480286,3
50,1.0,100,5000,0.5524009214667014,0.0531521328803322,0.5153379440307617,3
50,1.0,250,5000,0.563468206583908,0.08161570403926009,0.5559090375900269,3
50,1.0,500,5000,0.5540384932909003,0.1404303510758777,0.768219530582428,5
50,1.0,1000,5000,0.6059991561206914,0.1977953944884862,0.7023935914039612,3
50,1.0,10,10000,0.5595226275172137,0.05226123065307663,0.5140883922576904,3
50,1.0,25,10000,0.5519570253410352,0.04409211023027557,0.4988962709903717,3
50,1.0,50,10000,0.5564986549977097,0.03996979992449981,0.4983014464378357,3
50,1.0,100,10000,0.5524009214667014,0.0531521328803322,0.5153378844261169,3
50,1.0,250,10000,0.563468206583908,0.08161570403926009,0.5559089779853821,3
50,1.0,500,10000,0.32840236223324215,0.01011702529256323,0.2968352138996124,2
50,1.0,1000,10000,0.6059991561206914,0.1977953944884862,0.7023935914039612,3
50,1.0,10,15000,0.5595226275172137,0.05226123065307663,0.5140883922576904,3
50,1.0,25,15000,0.5519570253410352,0.04409211023027557,0.4988962411880493,3
50,1.0,50,15000,0.5564986549977097,0.03996979992449981,0.4983014166355133,3
50,1.0,100,15000,0.5524009214667014,0.0531521328803322,0.5153380036354065,3
50,1.0,250,15000,0.563468206583908,0.08161570403926009,0.5559090971946716,3
50,1.0,500,15000,0.32840236223324215,0.01011702529256323,0.29683518409729004,2
50,1.0,1000,15000,0.3335592659966435,0.013348433371083428,0.30177009105682373,2
50,1.0,10,20000,0.0,1.0,,0
50,1.0,25,20000,0.0,1.0,,0
50,1.0,50,20000,0.0,1.0,,0
50,1.0,100,20000,0.0,1.0,,0
50,1.0,250,20000,0.0,1.0,,0
50,1.0,500,20000,0.0,1.0,,0
50,1.0,1000,20000,0.0,1.0,,0
50,1.0,10,22000,0.0,1.0,,0
50,1.0,25,22000,0.0,1.0,,0
50,1.0,50,22000,0.0,1.0,,0
50,1.0,100,22000,0.0,1.0,,0
50,1.0,250,22000,0.0,1.0,,0
50,1.0,500,22000,0.0,1.0,,0
50,1.0,1000,22000,0.0,1.0,,0
75,1.0,10,50,0.48163662676902025,0.07904869762174406,0.007339873816817999,152
75,1.0,25,50,0.4815662493126309,0.06274065685164212,0.0579734742641449,135
75,1.0,50,50,0.48235709470790106,0.08522461306153266,0.15811412036418915,114
75,1.0,100,50,0.4926147410339724,0.11243488108720272,0.4296329915523529,61
75,1.0,250,50,0.5077019129150621,0.1226576066440166,0.5732375383377075,23
75,1.0,500,50,0.5022000148067641,0.1371687429218573,0.7185611724853516,14
75,1.0,1000,50,0.5230629491797206,0.20048320120800303,0.7878026962280273,11
75,1.0,10,100,0.4927548856162845,0.06293695734239335,0.3548188805580139,72
75,1.0,25,100,0.49132139769457395,0.049407323518308795,0.40100154280662537,65
75,1.0,50,100,0.4889082134902698,0.07210268025670064,0.44118958711624146,61
75,1.0,100,100,0.49360299320584505,0.11474518686296716,0.4130290448665619,50
75,1.0,250,100,0.5077019129150621,0.1226576066440166,0.5732375383377075,23
75,1.0,500,100,0.5022000148067641,0.1371687429218573,0.7185612320899963,14
75,1.0,1000,100,0.5236098951141428,0.2013439033597584,0.7890704274177551,10
75,1.0,10,250,0.49877818892344555,0.05617214043035108,0.5770476460456848,29
75,1.0,25,250,0.49865005213970454,0.06736126840317101,0.5602260231971741,28
75,1.0,50,250,0.5023911204553584,0.09642884107210269,0.6085651516914368,26
75,1.0,100,250,0.49920323151878765,0.11349188372970932,0.602340042591095,26
75,1.0,250,250,0.5077019129150621,0.1226576066440166,0.5732375383377075,23
75,1.0,500,250,0.5022000148067641,0.1371687429218573,0.7185613512992859,14
75,1.0,1000,250,0.5236098951141428,0.2013439033597584,0.7890704870223999,10
75,1.0,10,500,0.5036710575248777,0.08584371460928653,0.6422361731529236,17
75,1.0,25,500,0.5034928933465082,0.08116270290675727,0.6358331441879272,17
75,1.0,50,500,0.5051866560828536,0.1181426953567384,0.7016221880912781,15
75,1.0,100,500,0.5057675721732241,0.12067950169875424,0.6825027465820312,15
75,1.0,250,500,0.502294444186264,0.13882974707436768,0.7385137677192688,14
75,1.0,500,500,0.5033214620363915,0.13639864099660248,0.711181104183197,13
75,1.0,1000,500,0.5236098951141428,0.2013439033597584,0.7890705466270447,10
75,1.0,10,1000,0.5357064959560269,0.08353340883352209,0.49025148153305054,10
75,1.0,25,1000,0.5331129154102447,0.09090222725556814,0.5103768706321716,10
75,1.0,50,1000,0.5298356921124268,0.08131370328425822,0.5191062688827515,11
75,1.0,100,1000,0.5246916624762666,0.08899962249905624,0.5184175968170166,11
75,1.0,250,1000,0.5159141662553174,0.11261608154020385,0.5815402865409851,10
75,1.0,500,1000,0.5184393110394825,0.1737108342770857,0.7059792280197144,10
75,1.0,1000,1000,0.5236098951141428,0.2013439033597584,0.7890704870223999,10
75,1.0,10,2500,0.5594656275160426,0.15093997734994338,0.7478275299072266,6
75,1.0,25,2500,0.5487844598057596,0.1366100415251038,0.765256404876709,6
75,1.0,50,2500,0.5560773263623608,0.18998867497168742,0.7727454304695129,6
75,1.0,100,2500,0.5545354986975823,0.1957115892789732,0.7672923803329468,6
75,1.0,250,2500,0.5506153594430068,0.19741789354473385,0.8046550750732422,6
75,1.0,500,2500,0.5524200564107751,0.18698376745941864,0.7994892001152039,6
75,1.0,1000,2500,0.556069997112294,0.19036617591543978,0.846991777420044,6
75,1.0,10,5000,0.5891382104862576,0.19820309550773876,0.7718929648399353,5
75,1.0,25,5000,0.5774214668857457,0.18505096262740656,0.7904245853424072,5
75,1.0,50,5000,0.5530495644610756,0.054662136655341635,0.3009847402572632,3
75,1.0,100,5000,0.5449410466149138,0.06938467346168366,0.312127023935318,3
75,1.0,250,5000,0.5239266500302462,0.09460173650434126,0.3538956344127655,3
75,1.0,500,5000,0.563340022625196,0.2311362778406946,0.6874436140060425,4
75,1.0,1000,5000,0.6143974664096697,0.1882068705171763,0.7807783484458923,4
75,1.0,10,10000,0.5480495526544951,0.047534918837297095,0.2955901622772217,3
75,1.0,25,10000,0.5480495526544951,0.047534918837297095,0.29559019207954407,3
75,1.0,50,10000,0.5530495644610756,0.054662136655341635,0.3009847402572632,3
75,1.0,100,10000,0.5449410466149138,0.06938467346168366,0.3121269643306732,3
75,1.0,250,10000,0.5239266500302462,0.09460173650434126,0.35389572381973267,3
75,1.0,500,10000,0.5334283877380758,0.11690449226123065,0.36262527108192444,3
75,1.0,1000,10000,0.3375279501395314,0.12478671196677991,0.3461800515651703,2
75,1.0,10,15000,0.5480495526544951,0.047534918837297095,0.29559019207954407,3
75,1.0,25,15000,0.5480495526544951,0.047534918837297095,0.29559019207954407,3
75,1.0,50,15000,0.5530495644610756,0.054662136655341635,0.3009847402572632,3
75,1.0,100,15000,0.5449410466149138,0.06938467346168366,0.312127023935318,3
75,1.0,250,15000,0.5239266500302462,0.09460173650434126,0.35389572381973267,3
75,1.0,500,15000,0.5334283877380758,0.11690449226123065,0.36262527108192444,3
75,1.0,1000,15000,0.3375279501395314,0.12478671196677991,0.3461800515651703,2
75,1.0,10,20000,0.0,1.0,,0
75,1.0,25,20000,0.0,1.0,,0
75,1.0,50,20000,0.0,1.0,,0
75,1.0,100,20000,0.0,1.0,,0
75,1.0,250,20000,0.0,1.0,,0
75,1.0,500,20000,0.0,1.0,,0
75,1.0,1000,20000,0.0,1.0,,0
75,1.0,10,22000,0.0,1.0,,0
75,1.0,25,22000,0.0,1.0,,0
75,1.0,50,22000,0.0,1.0,,0
75,1.0,100,22000,0.0,1.0,,0
75,1.0,250,22000,0.0,1.0,,0
75,1.0,500,22000,0.0,1.0,,0
75,1.0,1000,22000,0.0,1.0,,0
100,1.0,10,50,0.4853412453623474,0.04622121555303888,0.08096662908792496,142
100,1.0,25,50,0.4816707296956705,0.07211778029445073,0.003902486292645335,133
100,1.0,50,50,0.49287941842442123,0.062408456021140056,0.2850152850151062,100
100,1.0,100,50,0.4959503433441045,0.11622499056247641,0.6516813635826111,55
100,1.0,250,50,0.5192119930037523,0.1454586636466591,0.7116968631744385,24
100,1.0,500,50,0.5144310352569861,0.189278973197433,0.8230673670768738,14
100,1.0,1000,50,0.531355612997032,0.23534918837297092,0.8312183618545532,11
100,1.0,10,100,0.4934333069801619,0.05725934314835787,0.562538206577301,71
100,1.0,25,100,0.4982632321707525,0.058693846734616834,0.5577924847602844,63
100,1.0,50,100,0.49252982626729225,0.08771611929029823,0.5726014375686646,59
100,1.0,100,100,0.4985964152863006,0.12415251038127595,0.6620655655860901,48
100,1.0,250,100,0.5196609724202836,0.1463042657606644,0.7178360223770142,23
100,1.0,500,100,0.5144310352569861,0.189278973197433,0.8230676651000977,14
100,1.0,1000,100,0.531355612997032,0.23534918837297092,0.8312186598777771,11
100,1.0,10,250,0.5144824461408368,0.06287655719139298,0.5502923130989075,25
100,1.0,25,250,0.5167276276338585,0.07815779539448849,0.5849518775939941,25
100,1.0,50,250,0.5142465464091365,0.0743676859192148,0.5728451013565063,24
100,1.0,100,250,0.5184674044124948,0.11148357870894678,0.6408249139785767,24
100,1.0,250,250,0.5196609724202836,0.1463042657606644,0.7178362607955933,23
100,1.0,500,250,0.5144310352569861,0.189278973197433,0.8230676054954529,14
100,1.0,1000,250,0.531355612997032,0.23534918837297092,0.831218421459198,11
100,1.0,10,500,0.5166376046390323,0.09627784069460174,0.5975173115730286,17
100,1.0,25,500,0.5154808772298216,0.09245753114382786,0.6190433502197266,16
100,1.0,50,500,0.5142165437311313,0.08252170630426577,0.6084392666816711,17
100,1.0,100,500,0.5166491541620989,0.12918082295205738,0.7039927244186401,15
100,1.0,250,500,0.522525951320375,0.16930162325405815,0.7828735709190369,14
100,1.0,500,500,0.5144310352569861,0.189278973197433,0.8230677843093872,14
100,1.0,1000,500,0.534841589240124,0.24030200075500188,0.8303171396255493,10
100,1.0,10,1000,0.5257236453311792,0.10018875047187618,0.6294623017311096,11
100,1.0,25,1000,0.5266879839243817,0.12033220083050207,0.6513485312461853,12
100,1.0,50,1000,0.524859002893272,0.12154020385050962,0.6571339964866638,12
100,1.0,100,1000,0.5315164149359819,0.15477538693846735,0.7277600169181824,11
100,1.0,250,1000,0.5244750672007845,0.1686070215175538,0.7839524745941162,12
100,1.0,500,1000,0.5297523576519837,0.2101623254058135,0.8371567726135254,10
100,1.0,1000,1000,0.534841589240124,0.24030200075500188,0.8303171396255493,10
100,1.0,10,2500,0.5529011991006848,0.08736881842204605,0.5978087782859802,8
100,1.0,25,2500,0.5639727848498581,0.10920347300868252,0.6343311667442322,7
100,1.0,50,2500,0.5604439473502737,0.11978859947149868,0.6576804518699646,7
100,1.0,100,2500,0.5558179323259155,0.13892034730086825,0.674523651599884,7
100,1.0,250,2500,0.59249488194467,0.14986787466968668,0.6363765597343445,6
100,1.0,500,2500,0.5582446596115128,0.19874669686674218,0.782583475112915,6
100,1.0,1000,2500,0.5571514555932826,0.18662136655341638,0.7921686768531799,6
100,1.0,10,5000,0.5658866352253141,0.1331068327670819,0.6365038156509399,5
100,1.0,25,5000,0.6915199970422051,0.0711513778784447,0.582426130771637,4
100,1.0,50,5000,0.6962669403211537,0.06651566628916572,0.5855671763420105,4
100,1.0,100,5000,0.6843896946024025,0.0746394865987165,0.586524486541748,4
100,1.0,250,5000,0.6734394411068401,0.1009437523593809,0.6267054677009583,4
100,1.0,500,5000,0.6564432583375873,0.1256323140807852,0.6679908037185669,4
100,1.0,1000,5000,0.641408462582895,0.14544356360890903,0.692821204662323,4
100,1.0,10,10000,0.5642194167839314,0.05505473763684409,0.4655621349811554,3
100,1.0,25,10000,0.5687332085121998,0.05031332578331446,0.4591858685016632,3
100,1.0,50,10000,0.5590896393446907,0.06212155530388826,0.48006483912467957,3
100,1.0,100,10000,0.5592141350495023,0.062559456398641,0.47681039571762085,3
100,1.0,250,10000,0.6819374597856491,0.09426953567383918,0.6294596791267395,3
100,1.0,500,10000,0.6665021654223601,0.11714609286523216,0.6628617644309998,3
100,1.0,1000,10000,0.6572110443420646,0.12845602114005286,0.6720131039619446,3
100,1.0,10,15000,0.5642194167839314,0.05505473763684409,0.46556201577186584,3
100,1.0,25,15000,0.5687332085121998,0.05031332578331446,0.4591858685016632,3
100,1.0,50,15000,0.5590896393446907,0.06212155530388826,0.4800647795200348,3
100,1.0,100,15000,0.5592141350495023,0.062559456398641,0.47681036591529846,3
100,1.0,250,15000,0.6819374597856491,0.09426953567383918,0.6294596791267395,3
100,1.0,500,15000,0.6665021654223601,0.11714609286523216,0.6628617644309998,3
100,1.0,1000,15000,0.6572110443420646,0.12845602114005286,0.6720130443572998,3
100,1.0,10,20000,0.0,1.0,,0
100,1.0,25,20000,0.0,1.0,,0
100,1.0,50,20000,0.0,1.0,,0
100,1.0,100,20000,0.0,1.0,,0
100,1.0,250,20000,0.0,1.0,,0
100,1.0,500,20000,0.0,1.0,,0
100,1.0,1000,20000,0.0,1.0,,0
100,1.0,10,22000,0.0,1.0,,0
100,1.0,25,22000,0.0,1.0,,0
100,1.0,50,22000,0.0,1.0,,0
100,1.0,100,22000,0.0,1.0,,0
100,1.0,250,22000,0.0,1.0,,0
100,1.0,500,22000,0.0,1.0,,0
100,1.0,1000,22000,0.0,1.0,,0
