n_neighbors,min_dist,min_samples,min_cluster_size,ari,noise_fraction,silhouette,n_clusters
10,0.0,10,50,0.06561268910106484,0.4346545866364666,-0.24850818514823914,246
10,0.0,25,50,0.0943856406172027,0.5244545111362778,-0.16283556818962097,209
10,0.0,50,50,0.09883492977486165,0.6003020007550018,-0.019521048292517662,161
10,0.0,100,50,0.10478433546269815,0.6663797659494148,0.14941874146461487,72
10,0.0,250,50,0.07996750086790609,0.7447036617591544,0.35196903347969055,29
10,0.0,500,50,0.04994954416852923,0.8078973197432994,0.4785207211971283,16
10,0.0,1000,50,0.04632702891497062,0.8303057757644394,0.4152563512325287,10
10,0.0,10,100,0.0724975232929811,0.3473461683654209,-0.3404533267021179,79
10,0.0,25,100,0.0926874731545767,0.5573725934314836,-0.10285479575395584,94
10,0.0,50,100,0.10380542048620578,0.6228161570403926,0.06582177430391312,86
10,0.0,100,100,0.10651167750082761,0.6677840694601737,0.20333243906497955,63
10,0.0,250,100,0.08050712957660706,0.7462136655341638,0.34258830547332764,26
10,0.0,500,100,0.049094686833282164,0.8091355228388071,0.4970912039279938,15
10,0.0,1000,100,0.046413917863029217,0.8322385805964515,0.40910840034484863,8
10,0.0,10,250,0.12714194662689196,0.21455643639109098,-0.4227322041988373,26
10,0.0,25,250,0.0803723974675311,0.619690449226123,-0.0007891160785220563,33
10,0.0,50,250,0.08917030052951863,0.6913854284635712,0.214361771941185,32
10,0.0,100,250,0.10595692212174562,0.6843035107587769,0.24205806851387024,31
10,0.0,250,250,0.08050712957660706,0.7462136655341638,0.34258830547332764,26
10,0.0,500,250,0.049991690756856694,0.8081993204983012,0.4926055073738098,14
10,0.0,1000,250,0.04928949592972895,0.818074745186863,0.24290768802165985,7
10,0.0,10,500,0.07841132905384213,0.38021895054737637,-0.16656789183616638,20
10,0.0,25,500,0.0709035056056558,0.6482748206870517,0.0742449089884758,22
10,0.0,50,500,0.07198529389966705,0.7286825217063043,0.2464306354522705,14
10,0.0,100,500,0.07222888381219796,0.7529935824839562,0.3114897608757019,14
10,0.0,250,500,0.07147583046296457,0.7621442053605134,0.3414979875087738,15
10,0.0,500,500,0.0507282081752997,0.8120649301623254,0.48441433906555176,13
10,0.0,1000,500,0.04928949592972895,0.818074745186863,0.24290768802165985,7
10,0.0,10,1000,0.13173985019752446,0.2832465081162703,-0.08789627254009247,8
10,0.0,25,1000,0.019774547998512648,0.04842582106455266,-0.3700445294380188,5
10,0.0,50,1000,0.08937759740106466,0.714080785201963,0.3369460105895996,10
10,0.0,100,1000,0.09027494497828485,0.7360211400528501,0.2892059087753296,10
10,0.0,250,1000,0.08673389817609962,0.7440241600604002,0.3363102376461029,8
10,0.0,500,1000,0.0920461487156437,0.7632465081162703,0.13669849932193756,7
10,0.0,1000,1000,0.04928949592972895,0.818074745186863,0.24290768802165985,7
10,0.0,10,2500,0.09410225891886734,0.14455266138165346,0.03201603516936302,2
10,0.0,25,2500,0.006534004193791273,0.879199697999245,0.7707765698432922,2
10,0.0,50,2500,0.01979392635234775,0.4212306530766327,0.1253359466791153,2
10,0.0,100,2500,0.0076874426708366216,0.23746319365798416,-0.06753866374492645,2
10,0.0,250,2500,0.017861263273232963,0.5120422801057003,-0.048322439193725586,2
10,0.0,500,2500,0.027748316558351336,0.8415704039260098,0.8961035013198853,2
10,0.0,1000,2500,0.03081255867478612,0.8376141940354851,0.51264488697052,2
10,0.0,10,5000,0.0,1.0,,0
10,0.0,25,5000,0.0,1.0,,0
10,0.0,50,5000,0.0,1.0,,0
10,0.0,100,5000,0.0,1.0,,0
10,0.0,250,5000,0.022600171414707777,0.8289467723669309,0.8860457539558411,2
10,0.0,500,5000,0.0,1.0,,0
10,0.0,1000,5000,0.0,1.0,,0
10,0.0,10,10000,0.0,1.0,,0
10,0.0,25,10000,0.0,1.0,,0
10,0.0,50,10000,0.0,1.0,,0
10,0.0,100,10000,0.0,1.0,,0
10,0.0,250,10000,0.0,1.0,,0
10,0.0,500,10000,0.0,1.0,,0
10,0.0,1000,10000,0.0,1.0,,0
10,0.0,10,15000,0.0,1.0,,0
10,0.0,25,15000,0.0,1.0,,0
10,0.0,50,15000,0.0,1.0,,0
10,0.0,100,15000,0.0,1.0,,0
10,0.0,250,15000,0.0,1.0,,0
10,0.0,500,15000,0.0,1.0,,0
10,0.0,1000,15000,0.0,1.0,,0
10,0.0,10,20000,0.0,1.0,,0
10,0.0,25,20000,0.0,1.0,,0
10,0.0,50,20000,0.0,1.0,,0
10,0.0,100,20000,0.0,1.0,,0
10,0.0,250,20000,0.0,1.0,,0
10,0.0,500,20000,0.0,1.0,,0
10,0.0,1000,20000,0.0,1.0,,0
10,0.0,10,22000,0.0,1.0,,0
10,0.0,25,22000,0.0,1.0,,0
10,0.0,50,22000,0.0,1.0,,0
10,0.0,100,22000,0.0,1.0,,0
10,0.0,250,22000,0.0,1.0,,0
10,0.0,500,22000,0.0,1.0,,0
10,0.0,1000,22000,0.0,1.0,,0
15,0.0,10,50,0.07623704195714688,0.4606719516798792,-0.18459196388721466,251
15,0.0,25,50,0.1006488307187522,0.5194865987164968,2312.818359375,195
15,0.0,50,50,0.10853588824129393,0.577274443186108,-0.0328267402946949,159
15,0.0,100,50,0.09179231464422946,0.6112646281615705,0.0522298663854599,81
15,0.0,250,50,0.0756103427050535,0.6639788599471499,0.21338000893592834,28
15,0.0,500,50,0.05432290179999258,0.7149716874292186,0.3418125808238983,17
15,0.0,1000,50,0.05798251834869756,0.7002793506983768,0.5297886729240417,10
15,0.0,10,100,0.07695632946022328,0.49384673461683654,-0.20638997852802277,114
15,0.0,25,100,0.10083859377272404,0.5235636089090223,-0.16071192920207977,102
15,0.0,50,100,0.10830569206059455,0.5639713099282748,-0.05887801572680473,83
15,0.0,100,100,0.09622323400585256,0.6125330313325783,0.05780408903956413,67
15,0.0,250,100,0.07548910255670112,0.6634956587391468,0.2137662172317505,27
15,0.0,500,100,0.05393206678984496,0.7158776896942243,0.3398905396461487,16
15,0.0,1000,100,0.05798251834869756,0.7002793506983768,0.5297887921333313,10
15,0.0,10,250,0.06945117089570332,0.5359758399395999,-0.015899332240223885,42
15,0.0,25,250,0.10320564187742566,0.52,0.0807121992111206,32
15,0.0,50,250,0.10280838341034139,0.616972442431106,0.0801730677485466,27
15,0.0,100,250,0.11432917388760866,0.5751604379010947,0.08642394095659256,30
15,0.0,250,250,0.0768447952943287,0.6691128727821819,0.19050629436969757,24
15,0.0,500,250,0.05449134423936789,0.7190486976217441,0.3423694670200348,15
15,0.0,1000,250,0.05864074835545532,0.702710456776142,0.5723305344581604,9
15,0.0,10,500,0.14922628205257296,0.23016987542468856,-0.2579371929168701,11
15,0.0,25,500,0.08378324610257204,0.16036240090600226,-0.12505991756916046,8
15,0.0,50,500,0.06642217652316261,0.2214571536428841,-0.10321194678544998,8
15,0.0,100,500,0.1100020174163593,0.629294073235183,0.18176062405109406,16
15,0.0,250,500,0.07383433645111677,0.7168289920724802,0.2962040901184082,14
15,0.0,500,500,0.05552898692703608,0.7169044922612307,0.298920214176178,14
15,0.0,1000,500,0.05864074835545532,0.702710456776142,0.5723305940628052,9
15,0.0,10,1000,0.10686485326396507,0.08973952434881087,-0.18647222220897675,8
15,0.0,25,1000,0.08510229247777554,0.17016232540581352,-0.13400520384311676,7
15,0.0,50,1000,0.06625516697677941,0.23125707814269536,-0.11262673884630203,7
15,0.0,100,1000,0.047070937143095064,0.326885617214043,-0.1671515852212906,7
15,0.0,250,1000,0.07044625935107054,0.6930917327293318,0.5436468720436096,9
15,0.0,500,1000,0.08492482001304216,0.6547225368063421,0.4706161320209503,10
15,0.0,1000,1000,0.05864074835545532,0.702710456776142,0.5723305940628052,9
15,0.0,10,2500,0.0,1.0,,0
15,0.0,25,2500,0.07558412359433087,0.7175839939599848,0.6819435954093933,2
15,0.0,50,2500,0.05155769014941149,0.7719894299735749,0.8639061450958252,3
15,0.0,100,2500,0.06361987978245397,0.6773272933182333,0.6505458950996399,2
15,0.0,250,2500,0.024462818681274395,0.32662891657229143,0.0005842366954311728,2
15,0.0,500,2500,0.04195916489462648,0.37185352963382406,0.055466651916503906,2
15,0.0,1000,2500,0.11719423362535705,0.6693695734239336,0.7449064254760742,2
15,0.0,10,5000,0.0,1.0,,0
15,0.0,25,5000,0.0,1.0,,0
15,0.0,50,5000,0.0,1.0,,0
15,0.0,100,5000,0.06361987978245397,0.6773272933182333,0.6505458950996399,2
15,0.0,250,5000,0.036223900590083145,0.7813816534541337,0.7238593101501465,2
15,0.0,500,5000,0.04195916489462648,0.37185352963382406,0.055466651916503906,2
15,0.0,1000,5000,0.11719423362535705,0.6693695734239336,0.7449064254760742,2
15,0.0,10,10000,0.0,1.0,,0
15,0.0,25,10000,0.0,1.0,,0
15,0.0,50,10000,0.0,1.0,,0
15,0.0,100,10000,0.0,1.0,,0
15,0.0,250,10000,0.0,1.0,,0
15,0.0,500,10000,0.0,1.0,,0
15,0.0,1000,10000,0.0,1.0,,0
15,0.0,10,15000,0.0,1.0,,0
15,0.0,25,15000,0.0,1.0,,0
15,0.0,50,15000,0.0,1.0,,0
15,0.0,100,15000,0.0,1.0,,0
15,0.0,250,15000,0.0,1.0,,0
15,0.0,500,15000,0.0,1.0,,0
15,0.0,1000,15000,0.0,1.0,,0
15,0.0,10,20000,0.0,1.0,,0
15,0.0,25,20000,0.0,1.0,,0
15,0.0,50,20000,0.0,1.0,,0
15,0.0,100,20000,0.0,1.0,,0
15,0.0,250,20000,0.0,1.0,,0
15,0.0,500,20000,0.0,1.0,,0
15,0.0,1000,20000,0.0,1.0,,0
15,0.0,10,22000,0.0,1.0,,0
15,0.0,25,22000,0.0,1.0,,0
15,0.0,50,22000,0.0,1.0,,0
15,0.0,100,22000,0.0,1.0,,0
15,0.0,250,22000,0.0,1.0,,0
15,0.0,500,22000,0.0,1.0,,0
15,0.0,1000,22000,0.0,1.0,,0
30,0.0,10,50,0.3453310063328374,0.235998489996225,-0.15337704122066498,177
30,0.0,25,50,0.3553869610867087,0.23799169497923744,-0.20516176521778107,161
30,0.0,50,50,0.35401416703639416,0.2636919592298981,-0.22334298491477966,144
30,0.0,100,50,0.3376656193546974,0.26023405058512644,0.12811940908432007,68
30,0.0,250,50,0.4198768927395055,0.2026274065685164,0.49692806601524353,28
30,0.0,500,50,0.3321983734924196,0.3556662891657229,0.6825399994850159,18
30,0.0,1000,50,0.38248451409821643,0.3096413741034353,0.7840285897254944,13
30,0.0,10,100,0.33624254357576916,0.23340128350320877,-0.07646778225898743,85
30,0.0,25,100,0.3623123933227358,0.19823329558323896,-0.12902355194091797,77
30,0.0,50,100,0.34614747571618,0.21792374480936202,0.020244408398866653,72
30,0.0,100,100,0.3521731839385393,0.23744809362023406,0.5061066150665283,58
30,0.0,250,100,0.420528264727224,0.2005436013590034,0.49174702167510986,27
30,0.0,500,100,0.3318586059660819,0.3564967912419781,0.7165244817733765,17
30,0.0,1000,100,0.38248451409821643,0.3096413741034353,0.7840285897254944,13
30,0.0,10,250,0.3580691756755575,0.19205738014345036,0.41781407594680786,39
30,0.0,25,250,0.34459677898176666,0.23660249150622878,0.14990408718585968,34
30,0.0,50,250,0.3409573831002691,0.24990562476406192,0.5185397863388062,34
30,0.0,100,250,0.44652892485456863,0.14598716496791242,0.4348847270011902,30
30,0.0,250,250,0.42305600984698966,0.19306908267270667,0.482898473739624,26
30,0.0,500,250,0.3318586059660819,0.3564967912419781,0.7165244817733765,17
30,0.0,1000,250,0.38261421971442366,0.3113174782936957,0.7906923890113831,12
30,0.0,10,500,0.36139765688857195,0.23287278218195545,0.5470618605613708,22
30,0.0,25,500,0.3314406590358692,0.2804983012457531,0.663918137550354,18
30,0.0,50,500,0.3422650988621332,0.2874594186485466,0.6369978189468384,20
30,0.0,100,500,0.44803362415780884,0.16123820309550774,0.5332478880882263,18
30,0.0,250,500,0.41654182896097025,0.22159305398263496,0.6480568051338196,16
30,0.0,500,500,0.33342981846970443,0.3540958852397131,0.6633514165878296,16
30,0.0,1000,500,0.38261421971442366,0.3113174782936957,0.7906923294067383,12
30,0.0,10,1000,0.3572671045093539,0.28117780294450734,0.6232409477233887,14
30,0.0,25,1000,0.4661998731184262,0.19104567761419403,0.5775336027145386,13
30,0.0,50,1000,0.4361996158726168,0.22547376368440922,0.6095184683799744,12
30,0.0,100,1000,0.44144792554151485,0.19729709324273312,0.6032698750495911,13
30,0.0,250,1000,0.4139665188314438,0.23888259720649302,0.695675790309906,13
30,0.0,500,1000,0.39590926339274346,0.2684484711211778,0.6323114633560181,12
30,0.0,1000,1000,0.38261421971442366,0.3113174782936957,0.7906923294067383,12
30,0.0,10,2500,0.6094227611424227,0.3390713476783692,0.8013210296630859,4
30,0.0,25,2500,0.5289759367226108,0.3564212910532276,0.741438627243042,5
30,0.0,50,2500,0.4637141695328356,0.32397130992827483,0.6831744313240051,6
30,0.0,100,2500,0.44639967005543,0.24890902227255568,0.6628625392913818,7
30,0.0,250,2500,0.4246414059627109,0.3003548508871272,0.6201493740081787,5
30,0.0,500,2500,0.41101047690305004,0.3508040770101925,0.7882193326950073,6
30,0.0,1000,2500,0.44938269350068377,0.30751226878067195,0.7477234601974487,6
30,0.0,10,5000,0.6877563634185777,0.4245828614571536,0.8523480892181396,2
30,0.0,25,5000,0.5996906746211758,0.38879577198943,0.7992589473724365,2
30,0.0,50,5000,0.621787618959086,0.4649905624764062,0.8833900690078735,2
30,0.0,100,5000,0.5094604408259515,0.3895205738014345,0.7123370170593262,3
30,0.0,250,5000,0.4664921457484038,0.3991694979237448,0.7419714331626892,3
30,0.0,500,5000,0.4146523013568985,0.32327670819177046,0.6986860036849976,4
30,0.0,1000,5000,0.31449902253891043,0.2689014722536806,0.6301888227462769,2
30,0.0,10,10000,0.6877563634185777,0.4245828614571536,0.8523480892181396,2
30,0.0,25,10000,0.5996906746211758,0.38879577198943,0.7992588877677917,2
30,0.0,50,10000,0.621787618959086,0.4649905624764062,0.8833901286125183,2
30,0.0,100,10000,0.41945862904572184,0.3882672706681767,0.42352786660194397,2
30,0.0,250,10000,0.41892563219803025,0.3742997357493394,0.7739633917808533,2
30,0.0,500,10000,0.3289250421869591,0.3106077765194413,0.614930272102356,2
30,0.0,1000,10000,0.31449902253891043,0.2689014722536806,0.6301888823509216,2
30,0.0,10,15000,0.6877563634185777,0.4245828614571536,0.8523480296134949,2
30,0.0,25,15000,0.5996906746211758,0.38879577198943,0.7992588877677917,2
30,0.0,50,15000,0.621787618959086,0.4649905624764062,0.8833900690078735,2
30,0.0,100,15000,0.41945862904572184,0.3882672706681767,0.42352786660194397,2
30,0.0,250,15000,0.0,1.0,,0
30,0.0,500,15000,0.0,1.0,,0
30,0.0,1000,15000,0.0,1.0,,0
30,0.0,10,20000,0.0,1.0,,0
30,0.0,25,20000,0.0,1.0,,0
30,0.0,50,20000,0.0,1.0,,0
30,0.0,100,20000,0.0,1.0,,0
30,0.0,250,20000,0.0,1.0,,0
30,0.0,500,20000,0.0,1.0,,0
30,0.0,1000,20000,0.0,1.0,,0
30,0.0,10,22000,0.0,1.0,,0
30,0.0,25,22000,0.0,1.0,,0
30,0.0,50,22000,0.0,1.0,,0
30,0.0,100,22000,0.0,1.0,,0
30,0.0,250,22000,0.0,1.0,,0
30,0.0,500,22000,0.0,1.0,,0
30,0.0,1000,22000,0.0,1.0,,0
50,0.0,10,50,0.4804006652582029,0.05404303510758777,0.042181339114904404,164
50,0.0,25,50,0.48123861740164375,0.0899358248395621,-0.06779171526432037,162
50,0.0,50,50,0.4801368593023697,0.0719365798414496,0.18189609050750732,138
50,0.0,100,50,0.49316929738014137,0.061155152887882216,0.6412078142166138,58
50,0.0,250,50,0.4903866744114905,0.1068327670819177,0.6825589537620544,35
50,0.0,500,50,0.4906790944093878,0.12463571158927897,0.6876511573791504,18
50,0.0,1000,50,0.4870982752573877,0.16687051717629295,0.7495630383491516,16
50,0.0,10,100,0.4832117434267224,0.07158927897319743,0.48725461959838867,78
50,0.0,25,100,0.4898392560130303,0.04945262363155908,0.6221668124198914,71
50,0.0,50,100,0.4915509051715789,0.04329180822952058,0.6464663147926331,64
50,0.0,100,100,0.4934540699957193,0.0620007550018875,0.6384735107421875,55
50,0.0,250,100,0.490159293614958,0.10547376368440921,0.6849355101585388,32
50,0.0,500,100,0.49053755083850004,0.12279350698376745,0.6823768615722656,17
50,0.0,1000,100,0.4870982752573877,0.16687051717629295,0.7495627999305725,16
50,0.0,10,250,0.49018312320674856,0.0781275953189883,0.5989415049552917,37
50,0.0,25,250,0.48767100582966044,0.062106455266138165,0.563548743724823,36
50,0.0,50,250,0.48957516712171834,0.06317855794639486,0.5323815941810608,35
50,0.0,100,250,0.49102594273836425,0.07602869007172518,0.5417931079864502,30
50,0.0,250,250,0.4913650354062065,0.09760664401661004,0.656740128993988,28
50,0.0,500,250,0.49053755083850004,0.12279350698376745,0.6823769807815552,17
50,0.0,1000,250,0.4874078685642124,0.17016232540581352,0.7502821683883667,15
50,0.0,10,500,0.5044699598472268,0.02912797281993205,0.5798249244689941,20
50,0.0,25,500,0.4963812123463619,0.03720649301623254,0.5701858997344971,20
50,0.0,50,500,0.4928629811349603,0.08684031710079275,0.5992769002914429,20
50,0.0,100,500,0.4926900001275331,0.10965647414118536,0.6379232406616211,19
50,0.0,250,500,0.4905588914394768,0.10938467346168365,0.6769824028015137,18
50,0.0,500,500,0.49053755083850004,0.12279350698376745,0.6823769807815552,17
50,0.0,1000,500,0.4874078685642124,0.17016232540581352,0.7502819299697876,15
50,0.0,10,1000,0.5043739784055279,0.029112872782181956,0.6037527918815613,17
50,0.0,25,1000,0.49518138070753775,0.05822574556436391,0.6323703527450562,17
50,0.0,50,1000,0.4883173468863838,0.12472631181577953,0.6250672340393066,15
50,0.0,100,1000,0.4894452070052487,0.13121932804832012,0.6386471390724182,15
50,0.0,250,1000,0.4887847379445445,0.1389958474896187,0.6782283782958984,15
50,0.0,500,1000,0.48961433821807504,0.14150245375613438,0.7098316550254822,15
50,0.0,1000,1000,0.48893387210687894,0.15853529633824084,0.7542111277580261,14
50,0.0,10,2500,0.5384984332112304,0.14838807097017742,0.6652721762657166,7
50,0.0,25,2500,0.5732809990821782,0.056383540958852396,0.5576185584068298,6
50,0.0,50,2500,0.5299120305306524,0.2171536428841072,0.6560779213905334,6
50,0.0,100,2500,0.5259941486315751,0.2351830879577199,0.6782801747322083,6
50,0.0,250,2500,0.4991301382922528,0.08102680256700642,0.3505806624889374,4
50,0.0,500,2500,0.5009250521481696,0.0800151000377501,0.3441630005836487,4
50,0.0,1000,2500,0.5279297210048097,0.2512948282370706,0.7027390599250793,6
50,0.0,10,5000,0.47135421412373013,0.08095130237825594,0.7133499383926392,3
50,0.0,25,5000,0.590169064228777,0.17966024915062287,0.6949182152748108,4
50,0.0,50,5000,0.5393734315301121,0.22702906757266894,0.5350574851036072,3
50,0.0,100,5000,0.5321519962657769,0.09901094752736882,0.4841189682483673,3
50,0.0,250,5000,0.5256486740685676,0.08092110230275576,0.4619445204734802,3
50,0.0,500,5000,0.5302486900157412,0.07646659116647792,0.4518059492111206,3
50,0.0,1000,5000,0.5445953410748323,0.11027557568893923,0.4972549378871918,3
50,0.0,10,10000,0.3054526312117702,0.0004379010947527369,0.6034237146377563,2
50,0.0,25,10000,0.42572843254953496,0.014058135145337863,0.5367392301559448,3
50,0.0,50,10000,0.5393734315301121,0.22702906757266894,0.5350574851036072,3
50,0.0,100,10000,0.5321519962657769,0.09901094752736882,0.48411881923675537,3
50,0.0,250,10000,0.5256486740685676,0.08092110230275576,0.4619445204734802,3
50,0.0,500,10000,0.5302486900157412,0.07646659116647792,0.4518059194087982,3
50,0.0,1000,10000,0.5445953410748323,0.11027557568893923,0.4972549080848694,3
50,0.0,10,15000,0.3054526312117702,0.0004379010947527369,0.6034238338470459,2
50,0.0,25,15000,0.3359414294237101,0.014058135145337863,0.510585367679596,2
50,0.0,50,15000,0.5393734315301121,0.22702906757266894,0.535057544708252,3
50,0.0,100,15000,0.5321519962657769,0.09901094752736882,0.48411884903907776,3
50,0.0,250,15000,0.5256486740685676,0.08092110230275576,0.46194446086883545,3
50,0.0,500,15000,0.5302486900157412,0.07646659116647792,0.4518059492111206,3
50,0.0,1000,15000,0.5445953410748323,0.11027557568893923,0.497254878282547,3
50,0.0,10,20000,0.3054526312117702,0.0004379010947527369,0.6034238338470459,2
50,0.0,25,20000,0.0,1.0,,0
50,0.0,50,20000,0.0,1.0,,0
50,0.0,100,20000,0.0,1.0,,0
50,0.0,250,20000,0.0,1.0,,0
50,0.0,500,20000,0.0,1.0,,0
50,0.0,1000,20000,0.0,1.0,,0
50,0.0,10,22000,0.3054526312117702,0.0004379010947527369,0.6034238338470459,2
50,0.0,25,22000,0.0,1.0,,0
50,0.0,50,22000,0.0,1.0,,0
50,0.0,100,22000,0.0,1.0,,0
50,0.0,250,22000,0.0,1.0,,0
50,0.0,500,22000,0.0,1.0,,0
50,0.0,1000,22000,0.0,1.0,,0
75,0.0,10,50,0.478300633846789,0.07041147602869006,0.3416122496128082,161
75,0.0,25,50,0.4814763897068808,0.08439411098527747,0.28742659091949463,155
75,0.0,50,50,0.48247293069997826,0.10985277463193659,0.2590140104293823,144
75,0.0,100,50,0.48972359612509525,0.10258965647414119,0.4273523688316345,65
75,0.0,250,50,0.5015864860600511,0.08785201963004907,0.7014759182929993,32
75,0.0,500,50,0.5007300407477411,0.13064552661381654,0.7412997484207153,17
75,0.0,1000,50,0.501828670519526,0.1532955832389581,0.732769787311554,15
75,0.0,10,100,0.4810091625088131,0.07933559833899585,0.3549180328845978,85
75,0.0,25,100,0.48670486484926634,0.08169120422801057,0.31631410121917725,75
75,0.0,50,100,0.487636485529376,0.09058512646281616,0.3447164297103882,69
75,0.0,100,100,0.49103804336964013,0.07392978482446207,0.45879295468330383,58
75,0.0,250,100,0.5017554164388792,0.08764061910154776,0.7006081342697144,30
75,0.0,500,100,0.5007300407477411,0.13064552661381654,0.7412998080253601,17
75,0.0,1000,100,0.501828670519526,0.1532955832389581,0.7327697277069092,15
75,0.0,10,250,0.500216904907338,0.06151755379388448,0.5800027847290039,38
75,0.0,25,250,0.5020527298794081,0.0448169120422801,0.6054031848907471,33
75,0.0,50,250,0.5034637012445223,0.06271045677614194,0.646761953830719,32
75,0.0,100,250,0.506439414849164,0.0464326160815402,0.6129581928253174,29
75,0.0,250,250,0.5023082712546433,0.09057002642506606,0.7031813859939575,29
75,0.0,500,250,0.5015952763453713,0.11738769346923367,0.6905507445335388,16
75,0.0,1000,250,0.501828670519526,0.1532955832389581,0.7327697277069092,15
75,0.0,10,500,0.509000330397904,0.06129105322763307,0.6243129968643188,18
75,0.0,25,500,0.5036320949160686,0.0837448093620234,0.6401964426040649,18
75,0.0,50,500,0.5076377952210256,0.061170252925632315,0.6050241589546204,18
75,0.0,100,500,0.5084659062615768,0.07980369950924877,0.6462258696556091,17
75,0.0,250,500,0.5044282464190154,0.09380143450358626,0.658768892288208,16
75,0.0,500,500,0.5015952763453713,0.11738769346923367,0.6905508041381836,16
75,0.0,1000,500,0.5037292351920641,0.16040770101925256,0.7306708097457886,14
75,0.0,10,1000,0.5146425883170926,0.055371838429596074,0.580422580242157,15
75,0.0,25,1000,0.5104309608677214,0.07288788221970555,0.5799737572669983,15
75,0.0,50,1000,0.5130330151841316,0.05704794261985655,0.5564287900924683,15
75,0.0,100,1000,0.5126092331613753,0.07026047565118913,0.581767737865448,15
75,0.0,250,1000,0.5049403721706008,0.10425066062665157,0.6631733775138855,15
75,0.0,500,1000,0.5029089370741867,0.12783691959229898,0.6956244111061096,15
75,0.0,1000,1000,0.5079209790390409,0.1740128350320876,0.754332423210144,13
75,0.0,10,2500,0.5626048476258008,0.1868176670441676,0.6329382061958313,8
75,0.0,25,2500,0.5461802455202883,0.20043790109475274,0.633599579334259,8
75,0.0,50,2500,0.5519188370038902,0.19361268403171009,0.6307316422462463,8
75,0.0,100,2500,0.5494730586016269,0.1916345790864477,0.6266796588897705,8
75,0.0,250,2500,0.5295590448613815,0.19053227633069084,0.5686265230178833,7
75,0.0,500,2500,0.5733017284163152,0.23645149112872782,0.713690996170044,6
75,0.0,1000,2500,0.5555217333318779,0.24632691581728955,0.7841674089431763,7
75,0.0,10,5000,0.6724420494802834,0.08591921479803699,0.6469169855117798,3
75,0.0,25,5000,0.5718902871697789,0.010449226123065307,0.4832238256931305,3
75,0.0,50,5000,0.5718902871697789,0.010449226123065307,0.4832237660884857,3
75,0.0,100,5000,0.5633477521167118,0.027829369573423933,0.4989815652370453,3
75,0.0,250,5000,0.5718902871697789,0.010449226123065307,0.48322370648384094,3
75,0.0,500,5000,0.5810515874208854,0.019750849377123444,0.5017678737640381,3
75,0.0,1000,5000,0.5899712873906846,0.006749716874292186,0.4973698556423187,3
75,0.0,10,10000,0.6724420494802834,0.08591921479803699,0.6469171643257141,3
75,0.0,25,10000,0.5718902871697789,0.010449226123065307,0.48322370648384094,3
75,0.0,50,10000,0.5718902871697789,0.010449226123065307,0.4832237660884857,3
75,0.0,100,10000,0.5633477521167118,0.027829369573423933,0.49898165464401245,3
75,0.0,250,10000,0.5718902871697789,0.010449226123065307,0.4832237958908081,3
75,0.0,500,10000,0.5810515874208854,0.019750849377123444,0.5017678141593933,3
75,0.0,1000,10000,0.5899712873906846,0.006749716874292186,0.49736979603767395,3
75,0.0,10,15000,0.6724420494802834,0.08591921479803699,0.646916925907135,3
75,0.0,25,15000,0.5718902871697789,0.010449226123065307,0.4832237660884857,3
75,0.0,50,15000,0.5718902871697789,0.010449226123065307,0.4832237660884857,3
75,0.0,100,15000,0.5633477521167118,0.027829369573423933,0.49898168444633484,3
75,0.0,250,15000,0.5718902871697789,0.010449226123065307,0.48322373628616333,3
75,0.0,500,15000,0.5810515874208854,0.019750849377123444,0.5017678141593933,3
75,0.0,1000,15000,0.5899712873906846,0.006749716874292186,0.49736979603767395,3
75,0.0,10,20000,0.0,1.0,,0
75,0.0,25,20000,0.0,1.0,,0
75,0.0,50,20000,0.0,1.0,,0
75,0.0,100,20000,0.0,1.0,,0
75,0.0,250,20000,0.0,1.0,,0
75,0.0,500,20000,0.0,1.0,,0
75,0.0,1000,20000,0.0,1.0,,0
75,0.0,10,22000,0.0,1.0,,0
75,0.0,25,22000,0.0,1.0,,0
75,0.0,50,22000,0.0,1.0,,0
75,0.0,100,22000,0.0,1.0,,0
75,0.0,250,22000,0.0,1.0,,0
75,0.0,500,22000,0.0,1.0,,0
75,0.0,1000,22000,0.0,1.0,,0
100,0.0,10,50,0.4079800990252002,0.08499811249528123,0.06251915544271469,170
100,0.0,25,50,0.27673036219863567,0.17090222725556814,0.10587259382009506,183
100,0.0,50,50,0.48104704637251805,0.11827859569648924,-4919.9404296875,147
100,0.0,100,50,0.49301426359898537,0.08362400906002265,0.5394330024719238,70
100,0.0,250,50,0.4956168179846526,0.0939675349188373,0.7558049559593201,31
100,0.0,500,50,0.4977192071133188,0.12498301245753114,0.6956357359886169,17
100,0.0,1000,50,0.5016021259710255,0.14974707436768592,0.7342075109481812,15
100,0.0,10,100,0.44507877557114633,0.09144582861457154,0.4431895911693573,92
100,0.0,25,100,0.29780836349329426,0.15951679879199698,0.34781384468078613,98
100,0.0,50,100,0.48956855106459174,0.10127595318988297,0.5621370673179626,77
100,0.0,100,100,0.49287339171436406,0.07051717629294073,0.540105938911438,62
100,0.0,250,100,0.4956168179846526,0.0939675349188373,0.7558050155639648,31
100,0.0,500,100,0.4977192071133188,0.12498301245753114,0.6956356763839722,17
100,0.0,1000,100,0.5016021259710255,0.14974707436768592,0.7342075109481812,15
100,0.0,10,250,0.5035540074143746,0.042959607399018496,0.6594468355178833,33
100,0.0,25,250,0.49714540715222444,0.05286523216308041,0.6732180118560791,35
100,0.0,50,250,0.5052577772810667,0.030320875802189506,0.6322989463806152,32
100,0.0,100,250,0.5019580855102924,0.04309550773876935,0.6567801833152771,32
100,0.0,250,250,0.4979222274648467,0.08064930162325405,0.7061545252799988,29
100,0.0,500,250,0.4977192071133188,0.12498301245753114,0.6956356167793274,17
100,0.0,1000,250,0.5016021259710255,0.14974707436768592,0.7342076897621155,15
100,0.0,10,500,0.5071340562201255,0.0528803322008305,0.6133620142936707,20
100,0.0,25,500,0.5041050266567377,0.06284635711589279,0.636111855506897,20
100,0.0,50,500,0.5091803786028581,0.03998489996224991,0.5876443982124329,19
100,0.0,100,500,0.5039168201322108,0.06592676481691204,0.6309882998466492,19
100,0.0,250,500,0.5007713461430671,0.09117402793506983,0.6499229669570923,18
100,0.0,500,500,0.4977192071133188,0.12498301245753114,0.6956357359886169,17
100,0.0,1000,500,0.502800387158629,0.15432238580596452,0.732769787311554,14
100,0.0,10,1000,0.509929018781007,0.06961117402793507,0.5935046672821045,16
100,0.0,25,1000,0.5123245514914999,0.0695054737636844,0.6007751226425171,15
100,0.0,50,1000,0.5114152992988865,0.07269158172895432,0.5866156816482544,16
100,0.0,100,1000,0.5037292597299198,0.09863344658361646,0.6311904788017273,16
100,0.0,250,1000,0.5023560336886435,0.12157040392600982,0.6720331907272339,15
100,0.0,500,1000,0.5021975156212278,0.13638354095885238,0.7016226053237915,14
100,0.0,1000,1000,0.5055701684547654,0.14435636089090223,0.7051460146903992,13
100,0.0,10,2500,0.5430500924065825,0.1585956964892412,0.6059823632240295,8
100,0.0,25,2500,0.5338763013432796,0.16234050585126464,0.6554495692253113,8
100,0.0,50,2500,0.564058469216483,0.14995847489618724,0.5649123787879944,7
100,0.0,100,2500,0.5504076623490032,0.19081917704794263,0.602985143661499,7
100,0.0,250,2500,0.5038560191042214,0.11903359758399396,0.3402554988861084,4
100,0.0,500,2500,0.4965539421271418,0.08365420913552284,0.36583632230758667,5
100,0.0,1000,2500,0.507744017092849,0.14887127217818044,0.3867088258266449,4
100,0.0,10,5000,0.5250214281332187,0.1458210645526614,0.49132663011550903,3
100,0.0,25,5000,0.50581522731827,0.11415628539071347,0.4477788805961609,4
100,0.0,50,5000,0.5307934739043085,0.09816534541336354,0.4691210687160492,3
100,0.0,100,5000,0.5307517834965012,0.09827104567761419,0.4691324234008789,3
100,0.0,250,5000,0.527722863183965,0.16658361645904116,0.4778691232204437,3
100,0.0,500,5000,0.5309348366684085,0.18298225745564364,0.4955103397369385,3
100,0.0,1000,5000,0.5314040497828805,0.19642129105322764,0.5008318424224854,3
100,0.0,10,10000,0.5250214281332187,0.1458210645526614,0.49132660031318665,3
100,0.0,25,10000,0.5524745863778068,0.2136504341260853,0.47932592034339905,3
100,0.0,50,10000,0.5307934739043085,0.09816534541336354,0.46912097930908203,3
100,0.0,100,10000,0.5307517834965012,0.09827104567761419,0.46913236379623413,3
100,0.0,250,10000,0.527722863183965,0.16658361645904116,0.47786903381347656,3
100,0.0,500,10000,0.5309348366684085,0.18298225745564364,0.4955103397369385,3
100,0.0,1000,10000,0.5314040497828805,0.19642129105322764,0.5008317232131958,3
100,0.0,10,15000,0.5250214281332187,0.1458210645526614,0.4913267493247986,3
100,0.0,25,15000,0.5524745863778068,0.2136504341260853,0.47932592034339905,3
100,0.0,50,15000,0.5307934739043085,0.09816534541336354,0.4691210091114044,3
100,0.0,100,15000,0.5307517834965012,0.09827104567761419,0.46913236379623413,3
100,0.0,250,15000,0.527722863183965,0.16658361645904116,0.4778691232204437,3
100,0.0,500,15000,0.5309348366684085,0.18298225745564364,0.49551036953926086,3
100,0.0,1000,15000,0.5314040497828805,0.19642129105322764,0.500831663608551,3
100,0.0,10,20000,0.0,1.0,,0
100,0.0,25,20000,0.0,1.0,,0
100,0.0,50,20000,0.0,1.0,,0
100,0.0,100,20000,0.0,1.0,,0
100,0.0,250,20000,0.0,1.0,,0
100,0.0,500,20000,0.0,1.0,,0
100,0.0,1000,20000,0.0,1.0,,0
100,0.0,10,22000,0.0,1.0,,0
100,0.0,25,22000,0.0,1.0,,0
100,0.0,50,22000,0.0,1.0,,0
100,0.0,100,22000,0.0,1.0,,0
100,0.0,250,22000,0.0,1.0,,0
100,0.0,500,22000,0.0,1.0,,0
100,0.0,1000,22000,0.0,1.0,,0
10,0.1,10,50,0.06849025976843848,0.41724424311060776,-0.2612724304199219,265
10,0.1,25,50,0.10329175790148519,0.5367610419026048,-0.10636033862829208,206
10,0.1,50,50,0.10309485348408573,0.6016308040770102,0.050495509058237076,160
10,0.1,100,50,0.10566157255942787,0.6655794639486599,0.21964049339294434,81
10,0.1,250,50,0.06726857479183414,0.7615855039637599,0.3859572410583496,28
10,0.1,500,50,0.04693166888932123,0.8136655341638354,0.5783646106719971,17
10,0.1,1000,50,0.0313482732118835,0.8505851264628161,0.7134462594985962,9
10,0.1,10,100,0.07269655786992127,0.38698376745941865,-0.27655041217803955,92
10,0.1,25,100,0.11487953448952744,0.545111362778407,-0.12412883341312408,89
10,0.1,50,100,0.10677193831377704,0.6138165345413363,0.08636994659900665,87
10,0.1,100,100,0.10730124695975539,0.6674216685541714,0.19590117037296295,67
10,0.1,250,100,0.0755069061759893,0.7566779916949793,0.4094313681125641,24
10,0.1,500,100,0.04693166888932123,0.8136655341638354,0.5783646106719971,17
10,0.1,1000,100,0.0313482732118835,0.8505851264628161,0.7134462594985962,9
10,0.1,10,250,0.07572501759907306,0.4182559456398641,-0.2251308113336563,43
10,0.1,25,250,0.11013807018922478,0.612638731596829,0.029890509322285652,38
10,0.1,50,250,0.11281135002297693,0.6903284258210646,0.1913447082042694,32
10,0.1,100,250,0.09479708291089195,0.6939977349943375,0.2202494889497757,32
10,0.1,250,250,0.07572203057188757,0.756466591166478,0.40939027070999146,23
10,0.1,500,250,0.05201970881411821,0.8067799169497923,0.5202859044075012,13
10,0.1,1000,250,0.03185142423144449,0.849920724801812,0.7097859978675842,8
10,0.1,10,500,0.06717625648124123,0.42807097017742546,-0.1576496958732605,19
10,0.1,25,500,0.07837624643979718,0.6896338240845602,0.34982529282569885,18
10,0.1,50,500,0.09956383610484051,0.7388448471121177,0.39817747473716736,15
10,0.1,100,500,0.08601168076716205,0.7379690449226123,0.2231595814228058,13
10,0.1,250,500,0.08664457263277577,0.7401132502831257,0.38941138982772827,14
10,0.1,500,500,0.07068611829484114,0.786394865987165,0.5070546865463257,11
10,0.1,1000,500,0.03185142423144449,0.849920724801812,0.7097859978675842,8
10,0.1,10,1000,0.0734829709507121,0.43376368440921104,0.11299554258584976,10
10,0.1,25,1000,0.025920056137521262,0.11563608909022273,-0.26356375217437744,5
10,0.1,50,1000,0.10438099020287968,0.7295130237825594,0.3679458200931549,9
10,0.1,100,1000,0.09389798267216332,0.7433899584748962,0.3256206214427948,8
10,0.1,250,1000,0.09587339060352451,0.7381200453001132,0.43288454413414,9
10,0.1,500,1000,0.07456548219525151,0.7858512646281616,0.49712178111076355,8
10,0.1,1000,1000,0.03982379201293999,0.8232389580973952,0.25631824135780334,7
10,0.1,10,2500,0.09995139458420446,0.2211853529633824,0.12566857039928436,2
10,0.1,25,2500,0.012667485508634262,0.5467874669686674,0.22335030138492584,2
10,0.1,50,2500,0.010517943977738134,0.6459041147602869,0.2438724935054779,2
10,0.1,100,2500,0.012308885684182636,0.5717629294073235,0.21977251768112183,2
10,0.1,250,2500,0.020412419629386832,0.8202491506228765,0.39693590998649597,2
10,0.1,500,2500,0.05435551790668786,0.802869007172518,0.5281195044517517,2
10,0.1,1000,2500,0.05257561842514467,0.8041978104945262,0.5073277950286865,2
10,0.1,10,5000,0.0,1.0,,0
10,0.1,25,5000,0.0,1.0,,0
10,0.1,50,5000,0.0,1.0,,0
10,0.1,100,5000,0.0,1.0,,0
10,0.1,250,5000,0.0,1.0,,0
10,0.1,500,5000,0.05435551790668786,0.802869007172518,0.5281194448471069,2
10,0.1,1000,5000,0.0,1.0,,0
10,0.1,10,10000,0.0,1.0,,0
10,0.1,25,10000,0.0,1.0,,0
10,0.1,50,10000,0.0,1.0,,0
10,0.1,100,10000,0.0,1.0,,0
10,0.1,250,10000,0.0,1.0,,0
10,0.1,500,10000,0.0,1.0,,0
10,0.1,1000,10000,0.0,1.0,,0
10,0.1,10,15000,0.0,1.0,,0
10,0.1,25,15000,0.0,1.0,,0
10,0.1,50,15000,0.0,1.0,,0
10,0.1,100,15000,0.0,1.0,,0
10,0.1,250,15000,0.0,1.0,,0
10,0.1,500,15000,0.0,1.0,,0
10,0.1,1000,15000,0.0,1.0,,0
10,0.1,10,20000,0.0,1.0,,0
10,0.1,25,20000,0.0,1.0,,0
10,0.1,50,20000,0.0,1.0,,0
10,0.1,100,20000,0.0,1.0,,0
10,0.1,250,20000,0.0,1.0,,0
10,0.1,500,20000,0.0,1.0,,0
10,0.1,1000,20000,0.0,1.0,,0
10,0.1,10,22000,0.0,1.0,,0
10,0.1,25,22000,0.0,1.0,,0
10,0.1,50,22000,0.0,1.0,,0
10,0.1,100,22000,0.0,1.0,,0
10,0.1,250,22000,0.0,1.0,,0
10,0.1,500,22000,0.0,1.0,,0
10,0.1,1000,22000,0.0,1.0,,0
15,0.1,10,50,0.07900658207671683,0.44677991694979236,-0.162863627076149,248
15,0.1,25,50,0.10226011982795054,0.542242355605889,-0.03947966918349266,193
15,0.1,50,50,0.10749611707988925,0.5876179690449226,0.05250478908419609,155
15,0.1,100,50,0.09365117016548122,0.6520498301245753,0.11116241663694382,78
15,0.1,250,50,0.07721428299486055,0.6983012457531144,0.19612757861614227,31
15,0.1,500,50,0.06099415466951456,0.7544280860702152,0.3870706558227539,17
15,0.1,1000,50,0.044398389298402736,0.7649226123065308,0.7196969985961914,10
15,0.1,10,100,0.08580839711985808,0.49700264250660625,-0.15523147583007812,119
15,0.1,25,100,0.10900523125447739,0.5641223103057758,-0.06278043985366821,93
15,0.1,50,100,0.1108690519924817,0.5942166855417138,-0.03812849521636963,89
15,0.1,100,100,0.1131484210247812,0.6279199697999245,-0.06594644486904144,64
15,0.1,250,100,0.07883422114598793,0.7000528501321254,0.35368531942367554,27
15,0.1,500,100,0.061256585730468875,0.7556360890902227,0.39181602001190186,16
15,0.1,1000,100,0.044398389298402736,0.7649226123065308,0.7196969389915466,10
15,0.1,10,250,0.0626679550204007,0.5093695734239335,-0.07405880838632584,41
15,0.1,25,250,0.10209646471722394,0.6101925254813138,-0.05417684093117714,43
15,0.1,50,250,0.10450118050417394,0.6275726689316723,-0.018610652536153793,34
15,0.1,100,250,0.11346346884533094,0.6426123065307663,0.005568416323512793,29
15,0.1,250,250,0.07979753180545886,0.6887127217818044,0.2792383134365082,25
15,0.1,500,250,0.060605527135794014,0.7605134012835032,0.5347047448158264,14
15,0.1,1000,250,0.044398389298402736,0.7649226123065308,0.7196969985961914,10
15,0.1,10,500,0.13916885821205122,0.2301094752736882,-0.03995301201939583,11
15,0.1,25,500,0.0760774039736458,0.6991317478293696,0.43757209181785583,15
15,0.1,50,500,0.08197864767445014,0.6999622499056247,0.29018139839172363,14
15,0.1,100,500,0.10237632277247428,0.6776594941487354,0.2990949749946594,17
15,0.1,250,500,0.08503607974957895,0.7118610796526992,0.24221523106098175,15
15,0.1,500,500,0.060605527135794014,0.7605134012835032,0.5347046852111816,14
15,0.1,1000,500,0.044398389298402736,0.7649226123065308,0.7196969985961914,10
15,0.1,10,1000,0.1412731651830371,0.23921479803699508,-0.05275006219744682,9
15,0.1,25,1000,0.0664146482630951,0.7250887127217818,0.40955254435539246,10
15,0.1,50,1000,0.07499371298584194,0.7136428841072102,0.34014835953712463,11
15,0.1,100,1000,0.0864060322145155,0.7309626274065685,0.3300325274467468,11
15,0.1,250,1000,0.07845916900594913,0.7333484333710835,0.4215761423110962,11
15,0.1,500,1000,0.07242667365396863,0.7436315590788977,0.4755123555660248,9
15,0.1,1000,1000,0.044398389298402736,0.7649226123065308,0.7196969389915466,10
15,0.1,10,2500,0.007705645170078548,0.002295205738014345,-0.10505855083465576,2
15,0.1,25,2500,0.017829126680167517,0.09846734616836542,-0.04840138182044029,2
15,0.1,50,2500,0.012730441465040035,0.16276330690826726,-0.037702325731515884,2
15,0.1,100,2500,0.016037436598486943,0.3431181577953945,0.04226207733154297,2
15,0.1,250,2500,0.02013422458392028,0.6547376368440921,-7.499296043533832e-05,2
15,0.1,500,2500,0.04339096450201411,0.4907512268780672,-0.1511228084564209,2
15,0.1,1000,2500,0.09112341727371445,0.7194563986409966,0.23398995399475098,3
15,0.1,10,5000,0.0,1.0,,0
15,0.1,25,5000,0.0,1.0,,0
15,0.1,50,5000,0.0,1.0,,0
15,0.1,100,5000,0.0,1.0,,0
15,0.1,250,5000,0.0,1.0,,0
15,0.1,500,5000,0.0,1.0,,0
15,0.1,1000,5000,0.0,1.0,,0
15,0.1,10,10000,0.0,1.0,,0
15,0.1,25,10000,0.0,1.0,,0
15,0.1,50,10000,0.0,1.0,,0
15,0.1,100,10000,0.0,1.0,,0
15,0.1,250,10000,0.0,1.0,,0
15,0.1,500,10000,0.0,1.0,,0
15,0.1,1000,10000,0.0,1.0,,0
15,0.1,10,15000,0.0,1.0,,0
15,0.1,25,15000,0.0,1.0,,0
15,0.1,50,15000,0.0,1.0,,0
15,0.1,100,15000,0.0,1.0,,0
15,0.1,250,15000,0.0,1.0,,0
15,0.1,500,15000,0.0,1.0,,0
15,0.1,1000,15000,0.0,1.0,,0
15,0.1,10,20000,0.0,1.0,,0
15,0.1,25,20000,0.0,1.0,,0
15,0.1,50,20000,0.0,1.0,,0
15,0.1,100,20000,0.0,1.0,,0
15,0.1,250,20000,0.0,1.0,,0
15,0.1,500,20000,0.0,1.0,,0
15,0.1,1000,20000,0.0,1.0,,0
15,0.1,10,22000,0.0,1.0,,0
15,0.1,25,22000,0.0,1.0,,0
15,0.1,50,22000,0.0,1.0,,0
15,0.1,100,22000,0.0,1.0,,0
15,0.1,250,22000,0.0,1.0,,0
15,0.1,500,22000,0.0,1.0,,0
15,0.1,1000,22000,0.0,1.0,,0
30,0.1,10,50,0.34158533088142223,0.25867874669686675,-0.18468953669071198,183
30,0.1,25,50,0.3365109735546756,0.2212004530011325,-0.2305150330066681,161
30,0.1,50,50,0.3693432814752753,0.2877765194412986,-0.1296899914741516,142
30,0.1,100,50,0.3550231372948558,0.3197432993582484,0.3959532380104065,70
30,0.1,250,50,0.3932805886704167,0.22236315590788977,0.5325680375099182,27
30,0.1,500,50,0.32064911076768987,0.3756285390713477,0.6254246234893799,16
30,0.1,1000,50,0.3460987195447524,0.3449754624386561,0.7135156989097595,13
30,0.1,10,100,0.3443912267412865,0.23149867874669686,-0.05818018689751625,88
30,0.1,25,100,0.3544014386590019,0.23335598338995847,0.1933785080909729,79
30,0.1,50,100,0.33602380516375957,0.26139675349188374,0.15845592319965363,76
30,0.1,100,100,0.337927048957409,0.29304643261608154,0.4505371153354645,63
30,0.1,250,100,0.3489763673860837,0.32280860702151754,0.5646042823791504,26
30,0.1,500,100,0.32064911076768987,0.3756285390713477,0.6254245638847351,16
30,0.1,1000,100,0.3460987195447524,0.3449754624386561,0.7135158181190491,13
30,0.1,10,250,0.34162018804517447,0.214239335598339,0.05181768909096718,42
30,0.1,25,250,0.42283697722403774,0.1624160060400151,0.46272432804107666,31
30,0.1,50,250,0.40864598299223637,0.1909248773121933,0.47798919677734375,31
30,0.1,100,250,0.42064143879547233,0.16306530766326915,0.43385204672813416,28
30,0.1,250,250,0.3920479712022061,0.22701396753491884,0.541946530342102,24
30,0.1,500,250,0.32064911076768987,0.3756285390713477,0.6254246830940247,16
30,0.1,1000,250,0.3459780638641969,0.34699886749716874,0.7160707712173462,12
30,0.1,10,500,0.3419422794142629,0.2810872027180068,0.4321244955062866,17
30,0.1,25,500,0.4093222745241834,0.22668176670441675,0.5872003436088562,15
30,0.1,50,500,0.418374926076548,0.19078897697244243,0.5144667029380798,16
30,0.1,100,500,0.4192096458649692,0.18616836542091356,0.5064021348953247,16
30,0.1,250,500,0.3828200937589809,0.25952434881087205,0.6204407811164856,15
30,0.1,500,500,0.32064911076768987,0.3756285390713477,0.6254246830940247,16
30,0.1,1000,500,0.3459780638641969,0.34699886749716874,0.7160707116127014,12
30,0.1,10,1000,0.37966572915375507,0.28120800302000754,0.24498213827610016,14
30,0.1,25,1000,0.4085852957003384,0.2443035107587769,0.6258233189582825,13
30,0.1,50,1000,0.4107727476904929,0.21836164590411475,0.5855648517608643,13
30,0.1,100,1000,0.41068615713787543,0.21621744054360137,0.5714386105537415,13
30,0.1,250,1000,0.3810000285783183,0.26319365798414496,0.636099636554718,12
30,0.1,500,1000,0.3592946086454692,0.30915817289543224,0.6945205330848694,12
30,0.1,1000,1000,0.3459780638641969,0.34699886749716874,0.716070830821991,12
30,0.1,10,2500,0.5266429097635629,0.35935069837674594,0.8123269081115723,4
30,0.1,25,2500,0.4335071069305973,0.3210872027180068,0.612847626209259,6
30,0.1,50,2500,0.4277501713536866,0.28976972442431104,0.6130250692367554,6
30,0.1,100,2500,0.42000003413887793,0.248320120800302,0.5188534259796143,5
30,0.1,250,2500,0.3906300027892107,0.2977727444318611,0.6615121960639954,6
30,0.1,500,2500,0.3721434759081702,0.3320951302378256,0.6746793985366821,6
30,0.1,1000,2500,0.37229372551194595,0.3429671574178935,0.618583619594574,6
30,0.1,10,5000,0.6085077865360055,0.45978104945262366,0.8415948152542114,2
30,0.1,25,5000,0.5433763285690155,0.43879199697999244,0.555139422416687,2
30,0.1,50,5000,0.38570060582694793,0.349445073612684,0.3610188663005829,2
30,0.1,100,5000,0.45483582211450985,0.3678218195545489,0.6537353992462158,3
30,0.1,250,5000,0.424226478036045,0.3981879954699887,0.7046851515769958,3
30,0.1,500,5000,0.3957208688132508,0.40795771989429974,0.7316929697990417,3
30,0.1,1000,5000,0.4537172713431271,0.3842506606266516,0.880681037902832,3
30,0.1,10,10000,0.6085077865360055,0.45978104945262366,0.8415946364402771,2
30,0.1,25,10000,0.5433763285690155,0.43879199697999244,0.555139422416687,2
30,0.1,50,10000,0.38570060582694793,0.349445073612684,0.36101892590522766,2
30,0.1,100,10000,0.2964909452456652,0.23904869762174405,0.32211577892303467,2
30,0.1,250,10000,0.2820845916670008,0.27820309550773875,0.3228539526462555,2
30,0.1,500,10000,0.2736165580744408,0.30684786711966777,0.3437564969062805,2
30,0.1,1000,10000,0.4537172713431271,0.3842506606266516,0.880681037902832,3
30,0.1,10,15000,0.6085077865360055,0.45978104945262366,0.8415948748588562,2
30,0.1,25,15000,0.5433763285690155,0.43879199697999244,0.5551395416259766,2
30,0.1,50,15000,0.38570060582694793,0.349445073612684,0.36101892590522766,2
30,0.1,100,15000,0.2964909452456652,0.23904869762174405,0.32211577892303467,2
30,0.1,250,15000,0.2820845916670008,0.27820309550773875,0.3228539824485779,2
30,0.1,500,15000,0.2736165580744408,0.30684786711966777,0.3437565565109253,2
30,0.1,1000,15000,0.0,1.0,,0
30,0.1,10,20000,0.0,1.0,,0
30,0.1,25,20000,0.0,1.0,,0
30,0.1,50,20000,0.0,1.0,,0
30,0.1,100,20000,0.0,1.0,,0
30,0.1,250,20000,0.0,1.0,,0
30,0.1,500,20000,0.0,1.0,,0
30,0.1,1000,20000,0.0,1.0,,0
30,0.1,10,22000,0.0,1.0,,0
30,0.1,25,22000,0.0,1.0,,0
30,0.1,50,22000,0.0,1.0,,0
30,0.1,100,22000,0.0,1.0,,0
30,0.1,250,22000,0.0,1.0,,0
30,0.1,500,22000,0.0,1.0,,0
30,0.1,1000,22000,0.0,1.0,,0
50,0.1,10,50,0.4799008263852511,0.07880709701774255,0.18440638482570648,164
50,0.1,25,50,0.4794026199236114,0.09174782936957343,0.19759006798267365,150
50,0.1,50,50,0.483311521189092,0.0668629671574179,0.3012215495109558,123
50,0.1,100,50,0.48726220662744824,0.09081162702906757,0.6644920706748962,59
50,0.1,250,50,0.48873212866800564,0.09724424311060778,0.6575815081596375,29
50,0.1,500,50,0.48592084278606057,0.13275953189882975,0.679178774356842,17
50,0.1,1000,50,0.4894876528384891,0.17623254058135146,0.7126596570014954,14
50,0.1,10,100,0.486488707190463,0.06313325783314458,0.47861531376838684,74
50,0.1,25,100,0.4904650122501083,0.0488637221593054,0.471544086933136,68
50,0.1,50,100,0.4899578705876973,0.05102302755756889,0.48686379194259644,65
50,0.1,100,100,0.4882830457039339,0.08122310305775765,0.6614037156105042,55
50,0.1,250,100,0.48884443076269685,0.09810494526236316,0.6589211225509644,28
50,0.1,500,100,0.48569502760339966,0.13381653454133635,0.6815614700317383,16
50,0.1,1000,100,0.4894876528384891,0.17623254058135146,0.712659478187561,14
50,0.1,10,250,0.49011745419118563,0.07587768969422423,0.6625608801841736,35
50,0.1,25,250,0.490255872050132,0.08048320120800302,0.6663346886634827,35
50,0.1,50,250,0.4886220076997056,0.086719516798792,0.670765221118927,35
50,0.1,100,250,0.4912830122711068,0.08673461683654209,0.6562872529029846,32
50,0.1,250,250,0.4892959169520782,0.08789731974329935,0.6279810070991516,26
50,0.1,500,250,0.48569502760339966,0.13381653454133635,0.6815614700317383,16
50,0.1,1000,250,0.48887202768342725,0.17790864477161192,0.7233024835586548,13
50,0.1,10,500,0.49055515448418546,0.11669309173272933,0.7282582521438599,21
50,0.1,25,500,0.48804703292548124,0.14568516421291053,0.7584332823753357,19
50,0.1,50,500,0.49244484092226803,0.12584371460928653,0.7020769715309143,17
50,0.1,100,500,0.48923590720764465,0.13885994714986788,0.7222415208816528,17
50,0.1,250,500,0.48950832610838596,0.11261608154020385,0.6556671261787415,16
50,0.1,500,500,0.48479192014979916,0.13787844469611174,0.6907307505607605,15
50,0.1,1000,500,0.488634647766121,0.1686221215553039,0.7344427108764648,12
50,0.1,10,1000,0.4967391171067841,0.12371460928652321,0.6661060452461243,15
50,0.1,25,1000,0.4932819769241998,0.14650056625141564,0.7017915844917297,14
50,0.1,50,1000,0.4910959181086479,0.1530539826349566,0.7126162052154541,14
50,0.1,100,1000,0.4890089459399772,0.16570781426953568,0.733138382434845,14
50,0.1,250,1000,0.4882333677033947,0.14328425821064553,0.6766202449798584,13
50,0.1,500,1000,0.48672695581283576,0.15645149112872783,0.6978991627693176,13
50,0.1,1000,1000,0.49180139283411906,0.14959607399018499,0.730736255645752,11
50,0.1,10,2500,0.5349055416680081,0.051581728954322385,0.5460811257362366,7
50,0.1,25,2500,0.5339175820391894,0.14887127217818044,0.6693173050880432,6
50,0.1,50,2500,0.5350528327199137,0.18314835787089467,0.6732521653175354,6
50,0.1,100,2500,0.5373175363586179,0.2008456021140053,0.7028902173042297,6
50,0.1,250,2500,0.5282100087843106,0.22319365798414495,0.7651062607765198,6
50,0.1,500,2500,0.5137144555421168,0.22432616081540205,0.7329649925231934,7
50,0.1,1000,2500,0.5322113358579671,0.2630879577198943,0.782085657119751,6
50,0.1,10,5000,0.5382864459386857,0.039818799546998865,0.5975576639175415,5
50,0.1,25,5000,0.5496631074521775,0.14121555303888259,0.6802506446838379,5
50,0.1,50,5000,0.5349788828136026,0.06849377123442808,0.49694493412971497,3
50,0.1,100,5000,0.5366966457187146,0.06554926387315968,0.4908906817436218,3
50,0.1,250,5000,0.5506191704512137,0.032918082295205736,0.44319766759872437,3
50,0.1,500,5000,0.5332414306696098,0.05955454888637222,0.44064295291900635,3
50,0.1,1000,5000,0.5513042315313993,0.06453756134390336,0.4674406349658966,3
50,0.1,10,10000,0.642462401485841,0.31291808229520574,0.6628336906433105,3
50,0.1,25,10000,0.5108953370612266,0.08545111362778407,0.6214209794998169,4
50,0.1,50,10000,0.5349788828136026,0.06849377123442808,0.4969448149204254,3
50,0.1,100,10000,0.5366966457187146,0.06554926387315968,0.49089065194129944,3
50,0.1,250,10000,0.5506191704512137,0.032918082295205736,0.4431975781917572,3
50,0.1,500,10000,0.5332414306696098,0.05955454888637222,0.44064292311668396,3
50,0.1,1000,10000,0.5513042315313993,0.06453756134390336,0.467440664768219,3
50,0.1,10,15000,0.3277977946552807,0.00010570026425066063,0.48388421535491943,2
50,0.1,25,15000,0.5563552403171322,0.23658739146847868,0.6769087910652161,3
50,0.1,50,15000,0.5349788828136026,0.06849377123442808,0.4969448745250702,3
50,0.1,100,15000,0.5366966457187146,0.06554926387315968,0.4908907413482666,3
50,0.1,250,15000,0.5506191704512137,0.032918082295205736,0.44319766759872437,3
50,0.1,500,15000,0.5332414306696098,0.05955454888637222,0.44064298272132874,3
50,0.1,1000,15000,0.5513042315313993,0.06453756134390336,0.467440664768219,3
50,0.1,10,20000,0.0,1.0,,0
50,0.1,25,20000,0.0,1.0,,0
50,0.1,50,20000,0.0,1.0,,0
50,0.1,100,20000,0.0,1.0,,0
50,0.1,250,20000,0.0,1.0,,0
50,0.1,500,20000,0.0,1.0,,0
50,0.1,1000,20000,0.0,1.0,,0
50,0.1,10,22000,0.0,1.0,,0
50,0.1,25,22000,0.0,1.0,,0
50,0.1,50,22000,0.0,1.0,,0
50,0.1,100,22000,0.0,1.0,,0
50,0.1,250,22000,0.0,1.0,,0
50,0.1,500,22000,0.0,1.0,,0
50,0.1,1000,22000,0.0,1.0,,0
75,0.1,10,50,0.4792313278446924,0.08983012457531143,0.17049388587474823,168
75,0.1,25,50,0.48279216563322574,0.10177425443563609,0.2986474335193634,150
75,0.1,50,50,0.4815794852891618,0.08801812004530012,0.45725059509277344,135
75,0.1,100,50,0.493295850145344,0.08217440543601359,0.6769316792488098,57
75,0.1,250,50,0.5036730366182591,0.06862967157417893,0.6470516324043274,27
75,0.1,500,50,0.5034901291075603,0.11935069837674595,0.7046246528625488,17
75,0.1,1000,50,0.5077303473820618,0.1592600981502454,0.7345567345619202,14
75,0.1,10,100,0.48598170486326386,0.06203095507738769,0.6552390456199646,78
75,0.1,25,100,0.4905464604649278,0.06354095885239713,0.6633709669113159,72
75,0.1,50,100,0.49318966406242404,0.0566553416383541,0.6225002408027649,64
75,0.1,100,100,0.4934815657156492,0.08244620611551529,0.6768348217010498,55
75,0.1,250,100,0.5036730366182591,0.06862967157417893,0.6470516920089722,27
75,0.1,500,100,0.5036051918689612,0.11361268403171008,0.6807183027267456,16
75,0.1,1000,100,0.5077303473820618,0.1592600981502454,0.7345567345619202,14
75,0.1,10,250,0.49896381516229754,0.06902227255568139,0.6643191576004028,31
75,0.1,25,250,0.5010289754725197,0.06435636089090223,0.6569420695304871,29
75,0.1,50,250,0.5082951248263108,0.042491506228765574,0.5776255130767822,26
75,0.1,100,250,0.5023427015293818,0.06299735749339373,0.6314908862113953,27
75,0.1,250,250,0.5037396712785135,0.07042657606644016,0.6474323272705078,26
75,0.1,500,250,0.5036051918689612,0.11361268403171008,0.6807182431221008,16
75,0.1,1000,250,0.5077303473820618,0.1592600981502454,0.7345567941665649,14
75,0.1,10,500,0.5040288283877846,0.07399018497546243,0.6354606747627258,19
75,0.1,25,500,0.505458328647407,0.07619479048697622,0.6430425047874451,18
75,0.1,50,500,0.5077672663903086,0.072480181200453,0.5857044458389282,17
75,0.1,100,500,0.506453669536722,0.07886749716874292,0.6133735775947571,17
75,0.1,250,500,0.5036945500309743,0.0901925254813137,0.6437376141548157,17
75,0.1,500,500,0.5036051918689612,0.11361268403171008,0.6807182431221008,16
75,0.1,1000,500,0.5077303473820618,0.1592600981502454,0.7345566153526306,14
75,0.1,10,1000,0.5077667623458643,0.07628539071347679,0.5875363349914551,15
75,0.1,25,1000,0.5051576464481178,0.08409211023027557,0.6336732506752014,16
75,0.1,50,1000,0.5075740381913161,0.08037750094375236,0.5761003494262695,15
75,0.1,100,1000,0.5062362521865674,0.08667421668554172,0.6038262844085693,15
75,0.1,250,1000,0.5031373299248527,0.0979992449981125,0.6328791975975037,15
75,0.1,500,1000,0.5065286871931244,0.13260853152132882,0.6813079118728638,14
75,0.1,1000,1000,0.5146580840430496,0.16572291430728578,0.7683411836624146,12
75,0.1,10,2500,0.5696724646014171,0.25271423178557945,0.725146472454071,7
75,0.1,25,2500,0.5730080206938967,0.25303133257833144,0.727509617805481,7
75,0.1,50,2500,0.5695646087780047,0.2517478293695734,0.7024404406547546,7
75,0.1,100,2500,0.56554016439563,0.2580596451491129,0.7321397066116333,7
75,0.1,250,2500,0.5780982637821308,0.2542695356738392,0.8051388263702393,6
75,0.1,500,2500,0.5870602962252977,0.2670592676481691,0.8273131251335144,6
75,0.1,1000,2500,0.5841284367869601,0.2859041147602869,0.7261466979980469,5
75,0.1,10,5000,0.7387895251488186,0.009301623254058136,0.5362262725830078,4
75,0.1,25,5000,0.5493672293103291,0.06292185730464327,0.516922116279602,3
75,0.1,50,5000,0.5383203995300557,0.07975839939599849,0.5128133893013,3
75,0.1,100,5000,0.5383203995300557,0.07975839939599849,0.5128134489059448,3
75,0.1,250,5000,0.5412546263953503,0.08406191015477539,0.5211706161499023,3
75,0.1,500,5000,0.5503101570873277,0.09786334465836165,0.53410804271698,3
75,0.1,1000,5000,0.5356024729503468,0.14725556813892035,0.612059473991394,3
75,0.1,10,10000,0.7362035439812168,0.0,0.5656175017356873,3
75,0.1,25,10000,0.5493672293103291,0.06292185730464327,0.516922116279602,3
75,0.1,50,10000,0.5383203995300557,0.07975839939599849,0.5128133296966553,3
75,0.1,100,10000,0.5383203995300557,0.07975839939599849,0.5128133893013,3
75,0.1,250,10000,0.5412546263953503,0.08406191015477539,0.5211706161499023,3
75,0.1,500,10000,0.5503101570873277,0.09786334465836165,0.5341081023216248,3
75,0.1,1000,10000,0.5356024729503468,0.14725556813892035,0.6120595932006836,3
75,0.1,10,15000,0.7362035439812168,0.0,0.5656174421310425,3
75,0.1,25,15000,0.5493672293103291,0.06292185730464327,0.516922116279602,3
75,0.1,50,15000,0.5383203995300557,0.07975839939599849,0.5128133893013,3
75,0.1,100,15000,0.5383203995300557,0.07975839939599849,0.5128133893013,3
75,0.1,250,15000,0.5412546263953503,0.08406191015477539,0.5211706161499023,3
75,0.1,500,15000,0.5503101570873277,0.09786334465836165,0.53410804271698,3
75,0.1,1000,15000,0.5356024729503468,0.14725556813892035,0.6120595932006836,3
75,0.1,10,20000,0.7362035439812168,0.2591015477538694,0.6679815053939819,2
75,0.1,25,20000,0.0,1.0,,0
75,0.1,50,20000,0.0,1.0,,0
75,0.1,100,20000,0.0,1.0,,0
75,0.1,250,20000,0.0,1.0,,0
75,0.1,500,20000,0.0,1.0,,0
75,0.1,1000,20000,0.0,1.0,,0
75,0.1,10,22000,0.7362035439812168,0.2591015477538694,0.6679815053939819,2
75,0.1,25,22000,0.0,1.0,,0
75,0.1,50,22000,0.0,1.0,,0
75,0.1,100,22000,0.0,1.0,,0
75,0.1,250,22000,0.0,1.0,,0
75,0.1,500,22000,0.0,1.0,,0
75,0.1,1000,22000,0.0,1.0,,0
100,0.1,10,50,0.33900587091218304,0.12084560211400529,-0.05625023692846298,193
100,0.1,25,50,0.48151441240478465,0.08413741034352586,0.27965247631073,162
100,0.1,50,50,0.4832867834473524,0.12200830502076256,0.10174030810594559,151
100,0.1,100,50,0.49141968901227745,0.07578708946772367,0.6807226538658142,63
100,0.1,250,50,0.5059619409505304,0.055160437901094754,0.6213502883911133,28
100,0.1,500,50,0.5021535169483478,0.11910909777274443,0.6847035884857178,17
100,0.1,1000,50,0.5090886360966379,0.13734994337485842,0.6862135529518127,13
100,0.1,10,100,0.36542247770912906,0.12792751981879955,0.2380598932504654,105
100,0.1,25,100,0.4932322390627843,0.03566628916572291,0.6373267769813538,76
100,0.1,50,100,0.49098737902569434,0.0765118912797282,0.6430250406265259,76
100,0.1,100,100,0.49138015379207484,0.07367308418271046,0.6780282855033875,61
100,0.1,250,100,0.5059619409505304,0.055160437901094754,0.6213502287864685,28
100,0.1,500,100,0.5022118949261668,0.11799169497923745,0.6867462396621704,16
100,0.1,1000,100,0.5090886360966379,0.13734994337485842,0.6862135529518127,13
100,0.1,10,250,0.4282958863795312,0.06160815402038505,0.17816072702407837,38
100,0.1,25,250,0.501942919197328,0.037674594186485465,0.6121811866760254,34
100,0.1,50,250,0.5067379263362777,0.02958097395243488,0.5918753743171692,33
100,0.1,100,250,0.5083633735859601,0.03755379388448471,0.5976623892784119,28
100,0.1,250,250,0.5078345441491785,0.04857682144205361,0.5989840626716614,26
100,0.1,500,250,0.5022118949261668,0.11799169497923745,0.6867462396621704,16
100,0.1,1000,250,0.5090886360966379,0.13734994337485842,0.6862135529518127,13
100,0.1,10,500,0.4513432228360319,0.08475651189127972,0.3606533110141754,22
100,0.1,25,500,0.5068062371376248,0.058754246885617215,0.6407159566879272,21
100,0.1,50,500,0.5104200195240647,0.04972442431106078,0.6152368783950806,19
100,0.1,100,500,0.5119904724829529,0.047474518686296714,0.5958544611930847,18
100,0.1,250,500,0.5069555728907842,0.08610041525103813,0.6231551170349121,16
100,0.1,500,500,0.5022118949261668,0.11799169497923745,0.6867461800575256,16
100,0.1,1000,500,0.5090886360966379,0.13734994337485842,0.686213493347168,13
100,0.1,10,1000,0.5175081949368245,0.054707436768591924,0.5857160687446594,14
100,0.1,25,1000,0.5156574659393129,0.059479048697621745,0.5915291905403137,14
100,0.1,50,1000,0.51392060605767,0.06589656474141185,0.5947271585464478,14
100,0.1,100,1000,0.5126308947872145,0.07074367685919215,0.5992603898048401,14
100,0.1,250,1000,0.5140543683783756,0.08948282370705926,0.6162195801734924,13
100,0.1,500,1000,0.5082700568956724,0.12682521706304264,0.6821898221969604,13
100,0.1,1000,1000,0.5090886360966379,0.13734994337485842,0.686213493347168,13
100,0.1,10,2500,0.5439270623704711,0.17982634956587393,0.656321108341217,8
100,0.1,25,2500,0.5451831566079185,0.18432616081540204,0.6548705697059631,8
100,0.1,50,2500,0.5486899266723232,0.1905926764816912,0.65760338306427,8
100,0.1,100,2500,0.5630767210460097,0.20768591921479804,0.6517112851142883,7
100,0.1,250,2500,0.5823840133714522,0.23980369950924876,0.6620190739631653,6
100,0.1,500,2500,0.5557488411817535,0.22920347300868252,0.7105978727340698,7
100,0.1,1000,2500,0.5519961410809768,0.21778784446961116,0.704075038433075,7
100,0.1,10,5000,0.5238420556029991,0.14624386560966401,0.4308931827545166,3
100,0.1,25,5000,0.5238420556029991,0.14624386560966401,0.4308931827545166,3
100,0.1,50,5000,0.5238420556029991,0.14624386560966401,0.4308931827545166,3
100,0.1,100,5000,0.5293030658115034,0.1895205738014345,0.5371410250663757,4
100,0.1,250,5000,0.5249284644669383,0.1535220838052095,0.4414558410644531,3
100,0.1,500,5000,0.5325476102354603,0.20033220083050207,0.49417731165885925,3
100,0.1,1000,5000,0.6141051237200515,0.31645149112872784,0.5943869352340698,3
100,0.1,10,10000,0.5238420556029991,0.14624386560966401,0.4308931529521942,3
100,0.1,25,10000,0.5238420556029991,0.14624386560966401,0.4308931529521942,3
100,0.1,50,10000,0.5238420556029991,0.14624386560966401,0.43089309334754944,3
100,0.1,100,10000,0.5238420556029991,0.14624386560966401,0.4308931827545166,3
100,0.1,250,10000,0.5249284644669383,0.1535220838052095,0.44145578145980835,3
100,0.1,500,10000,0.5325476102354603,0.20033220083050207,0.49417731165885925,3
100,0.1,1000,10000,0.6141051237200515,0.31645149112872784,0.5943869352340698,3
100,0.1,10,15000,0.5238420556029991,0.14624386560966401,0.4308931231498718,3
100,0.1,25,15000,0.5238420556029991,0.14624386560966401,0.43089309334754944,3
100,0.1,50,15000,0.5238420556029991,0.14624386560966401,0.4308931827545166,3
100,0.1,100,15000,0.5238420556029991,0.14624386560966401,0.4308931827545166,3
100,0.1,250,15000,0.5249284644669383,0.1535220838052095,0.4414558410644531,3
100,0.1,500,15000,0.5325476102354603,0.20033220083050207,0.49417737126350403,3
100,0.1,1000,15000,0.3290271155527588,0.0,0.28049033880233765,2
100,0.1,10,20000,0.0,1.0,,0
100,0.1,25,20000,0.0,1.0,,0
100,0.1,50,20000,0.0,1.0,,0
100,0.1,100,20000,0.0,1.0,,0
100,0.1,250,20000,0.0,1.0,,0
100,0.1,500,20000,0.0,1.0,,0
100,0.1,1000,20000,0.0,1.0,,0
100,0.1,10,22000,0.0,1.0,,0
100,0.1,25,22000,0.0,1.0,,0
100,0.1,50,22000,0.0,1.0,,0
100,0.1,100,22000,0.0,1.0,,0
100,0.1,250,22000,0.0,1.0,,0
100,0.1,500,22000,0.0,1.0,,0
100,0.1,1000,22000,0.0,1.0,,0
10,0.15,10,50,0.07459280424467589,0.43743299358248394,-0.2720506191253662,253
10,0.15,25,50,0.10206999206527684,0.5374103435258588,-0.16539528965950012,200
10,0.15,50,50,0.10582297012572371,0.6134843337108343,0.010690697468817234,142
10,0.15,100,50,0.1029917773003522,0.6799848999622499,0.22597450017929077,71
10,0.15,250,50,0.07952647367775412,0.7335598338995848,0.23216311633586884,30
10,0.15,500,50,0.05527996483668651,0.8025368063420159,0.35569676756858826,16
10,0.15,1000,50,0.034617575073827574,0.8563382408456021,0.5767120718955994,9
10,0.15,10,100,0.08189888979508925,0.4944205360513401,-0.14723242819309235,115
10,0.15,25,100,0.11041927875034689,0.5485088712721782,-0.09214617311954498,93
10,0.15,50,100,0.10942426491278472,0.6052095130237826,-0.0063687898218631744,85
10,0.15,100,100,0.10389960471411763,0.6837599093997735,0.24398985505104065,65
10,0.15,250,100,0.08634951864526987,0.7355832389580974,0.21596865355968475,22
10,0.15,500,100,0.06814493320020087,0.7909248773121933,0.3512050211429596,13
10,0.15,1000,100,0.034617575073827574,0.8563382408456021,0.5767120718955994,9
10,0.15,10,250,0.06164445922354584,0.4316496791241978,-0.11045458167791367,33
10,0.15,25,250,0.09363000978726145,0.6253680634201586,0.10312508046627045,36
10,0.15,50,250,0.1102435812552691,0.6575009437523593,0.11170743405818939,31
10,0.15,100,250,0.10800949394151806,0.7007625519063798,0.21504880487918854,28
10,0.15,250,250,0.08786534777956988,0.7375462438656096,0.22582057118415833,20
10,0.15,500,250,0.06921655492815991,0.7950320875802189,0.40324270725250244,11
10,0.15,1000,250,0.04081465707790034,0.8468705171762929,0.5876783728599548,8
10,0.15,10,500,0.0554838816427538,0.47072857682144204,0.018506305292248726,18
10,0.15,25,500,0.09816703490973372,0.6707436768591921,0.22139377892017365,17
10,0.15,50,500,0.10701158746949448,0.6866893167232918,0.19637930393218994,16
10,0.15,100,500,0.1076943972472014,0.7224462061155152,0.24540328979492188,14
10,0.15,250,500,0.07253921086048391,0.7602416006040015,0.222516730427742,13
10,0.15,500,500,0.06921655492815991,0.7950320875802189,0.40324267745018005,11
10,0.15,1000,500,0.039025038429855566,0.8532276330690827,0.6235158443450928,7
10,0.15,10,1000,0.010823227946748669,0.009256323140807852,-0.3650774657726288,4
10,0.15,25,1000,0.09877051839916157,0.6897697244243111,0.2785355746746063,11
10,0.15,50,1000,0.11663286019029219,0.7089316723291809,0.29697540402412415,9
10,0.15,100,1000,0.11314936009361724,0.7484333710834277,0.3748394250869751,8
10,0.15,250,1000,0.10249881172417873,0.7368214420536051,0.2356453835964203,8
10,0.15,500,1000,0.06504576039858032,0.8012231030577577,0.41041266918182373,9
10,0.15,1000,1000,0.039025038429855566,0.8532276330690827,0.6235158443450928,7
10,0.15,10,2500,0.10493590525099068,0.4269535673839185,0.05912183225154877,3
10,0.15,25,2500,0.01684175834451496,0.21914684786711966,0.006263126619160175,2
10,0.15,50,2500,0.01816095534929469,0.5722159305398263,0.26340755820274353,2
10,0.15,100,2500,0.01644137962457646,0.591030577576444,0.23882143199443817,2
10,0.15,250,2500,0.04463228197561917,0.7706606266515666,0.261524498462677,3
10,0.15,500,2500,0.053382516232083066,0.817455643639109,0.5771502256393433,2
10,0.15,1000,2500,0.05516055760790919,0.8077916194790487,0.8767021894454956,2
10,0.15,10,5000,0.11575254380599181,0.4754397885994715,0.23547187447547913,2
10,0.15,25,5000,0.0,1.0,,0
10,0.15,50,5000,0.0,1.0,,0
10,0.15,100,5000,0.0,1.0,,0
10,0.15,250,5000,0.0,1.0,,0
10,0.15,500,5000,0.0,1.0,,0
10,0.15,1000,5000,0.05516055760790919,0.8077916194790487,0.8767021894454956,2
10,0.15,10,10000,0.0,1.0,,0
10,0.15,25,10000,0.0,1.0,,0
10,0.15,50,10000,0.0,1.0,,0
10,0.15,100,10000,0.0,1.0,,0
10,0.15,250,10000,0.0,1.0,,0
10,0.15,500,10000,0.0,1.0,,0
10,0.15,1000,10000,0.0,1.0,,0
10,0.15,10,15000,0.0,1.0,,0
10,0.15,25,15000,0.0,1.0,,0
10,0.15,50,15000,0.0,1.0,,0
10,0.15,100,15000,0.0,1.0,,0
10,0.15,250,15000,0.0,1.0,,0
10,0.15,500,15000,0.0,1.0,,0
10,0.15,1000,15000,0.0,1.0,,0
10,0.15,10,20000,0.0,1.0,,0
10,0.15,25,20000,0.0,1.0,,0
10,0.15,50,20000,0.0,1.0,,0
10,0.15,100,20000,0.0,1.0,,0
10,0.15,250,20000,0.0,1.0,,0
10,0.15,500,20000,0.0,1.0,,0
10,0.15,1000,20000,0.0,1.0,,0
10,0.15,10,22000,0.0,1.0,,0
10,0.15,25,22000,0.0,1.0,,0
10,0.15,50,22000,0.0,1.0,,0
10,0.15,100,22000,0.0,1.0,,0
10,0.15,250,22000,0.0,1.0,,0
10,0.15,500,22000,0.0,1.0,,0
10,0.15,1000,22000,0.0,1.0,,0
15,0.15,10,50,0.06886632164055181,0.4183012457531144,-0.19791455566883087,233
15,0.15,25,50,0.10980713648871611,0.5381351453378633,-0.014084058813750744,185
15,0.15,50,50,0.10951343252819937,0.5911211778029445,0.07776474952697754,148
15,0.15,100,50,0.09716605968647106,0.6362400906002265,0.1543189138174057,80
15,0.15,250,50,0.06638580814792748,0.7110607776519441,0.3061114251613617,35
15,0.15,500,50,0.05751289510161443,0.7824990562476406,0.4993118643760681,17
15,0.15,1000,50,0.03792275352797321,0.7843110607776519,0.7459286451339722,10
15,0.15,10,100,0.06831511572580061,0.42938467346168363,-0.18880686163902283,100
15,0.15,25,100,0.11067907579332047,0.5556964892412231,-0.022978369146585464,96
15,0.15,50,100,0.12029707559290144,0.5806719516798792,0.024859102442860603,84
15,0.15,100,100,0.09662575608894847,0.622559456398641,0.09913378953933716,67
15,0.15,250,100,0.07275047271295856,0.7062589656474141,0.30772215127944946,29
15,0.15,500,100,0.06054159235759844,0.758550396375991,0.44003286957740784,14
15,0.15,1000,100,0.03792275352797321,0.7843110607776519,0.7459286451339722,10
15,0.15,10,250,0.06556161023116487,0.40078520196300493,-0.14400410652160645,37
15,0.15,25,250,0.08936360399442361,0.5782559456398642,0.03887343406677246,38
15,0.15,50,250,0.0973936924207219,0.623510758776897,0.08821137994527817,33
15,0.15,100,250,0.1193401609025596,0.6453152132880332,0.16305845975875854,33
15,0.15,250,250,0.08623624039657814,0.6941034352585882,0.33237579464912415,24
15,0.15,500,250,0.060501933682339734,0.7486296715741789,0.6745280623435974,13
15,0.15,1000,250,0.03792275352797321,0.7843110607776519,0.7459287047386169,10
15,0.15,10,500,0.11958328221592145,0.19125707814269535,-0.10994425415992737,9
15,0.15,25,500,0.06721753873076583,0.6595696489241223,0.38106974959373474,17
15,0.15,50,500,0.07684631108027709,0.690388825972065,0.40422701835632324,15
15,0.15,100,500,0.09578795975141795,0.6838807097017743,0.23901669681072235,17
15,0.15,250,500,0.08402355823403371,0.7356587391468479,0.5385230183601379,13
15,0.15,500,500,0.07901501265634119,0.7295885239713099,0.49905964732170105,11
15,0.15,1000,500,0.034927192126078005,0.790079275198188,0.7859734892845154,9
15,0.15,10,1000,0.12148596774470954,0.20099660249150622,-0.11890766769647598,8
15,0.15,25,1000,0.060678057321242054,0.6955681389203473,0.46021774411201477,11
15,0.15,50,1000,0.05864026951819525,0.7325783314458286,0.5975348353385925,10
15,0.15,100,1000,0.06882724432263977,0.7462136655341638,0.5306078791618347,10
15,0.15,250,1000,0.08638230353518692,0.7195771989429973,0.44596561789512634,11
15,0.15,500,1000,0.07984855898062522,0.7288486221215553,0.40391072630882263,10
15,0.15,1000,1000,0.034927192126078005,0.790079275198188,0.7859734892845154,9
15,0.15,10,2500,0.16162174434603446,0.28596451491128727,0.15920773148536682,2
15,0.15,25,2500,0.021146302268058526,0.25899584748961874,0.024926165118813515,2
15,0.15,50,2500,0.00954346821010232,0.35802189505473764,0.028827602043747902,2
15,0.15,100,2500,0.022880819767627427,0.5305398263495659,0.0011895899660885334,2
15,0.15,250,2500,0.029766919035116027,0.7769724424311061,0.47990912199020386,3
15,0.15,500,2500,0.09551586888783012,0.7213741034352585,0.5345627665519714,3
15,0.15,1000,2500,0.12183978644565358,0.7065458663646659,0.6801990270614624,2
15,0.15,10,5000,0.0,1.0,,0
15,0.15,25,5000,0.0,1.0,,0
15,0.15,50,5000,0.0,1.0,,0
15,0.15,100,5000,0.0,1.0,,0
15,0.15,250,5000,0.0,1.0,,0
15,0.15,500,5000,0.0,1.0,,0
15,0.15,1000,5000,0.0,1.0,,0
15,0.15,10,10000,0.0,1.0,,0
15,0.15,25,10000,0.0,1.0,,0
15,0.15,50,10000,0.0,1.0,,0
15,0.15,100,10000,0.0,1.0,,0
15,0.15,250,10000,0.0,1.0,,0
15,0.15,500,10000,0.0,1.0,,0
15,0.15,1000,10000,0.0,1.0,,0
15,0.15,10,15000,0.0,1.0,,0
15,0.15,25,15000,0.0,1.0,,0
15,0.15,50,15000,0.0,1.0,,0
15,0.15,100,15000,0.0,1.0,,0
15,0.15,250,15000,0.0,1.0,,0
15,0.15,500,15000,0.0,1.0,,0
15,0.15,1000,15000,0.0,1.0,,0
15,0.15,10,20000,0.0,1.0,,0
15,0.15,25,20000,0.0,1.0,,0
15,0.15,50,20000,0.0,1.0,,0
15,0.15,100,20000,0.0,1.0,,0
15,0.15,250,20000,0.0,1.0,,0
15,0.15,500,20000,0.0,1.0,,0
15,0.15,1000,20000,0.0,1.0,,0
15,0.15,10,22000,0.0,1.0,,0
15,0.15,25,22000,0.0,1.0,,0
15,0.15,50,22000,0.0,1.0,,0
15,0.15,100,22000,0.0,1.0,,0
15,0.15,250,22000,0.0,1.0,,0
15,0.15,500,22000,0.0,1.0,,0
15,0.15,1000,22000,0.0,1.0,,0
30,0.15,10,50,0.3433380582159459,0.24267270668176671,-0.20848718285560608,190
30,0.15,25,50,0.389254099971838,0.29836164590411474,-0.12876766920089722,157
30,0.15,50,50,0.38654680336113734,0.3253605134012835,-0.12865962088108063,136
30,0.15,100,50,0.40058458163685834,0.3377878444696112,0.13925215601921082,69
30,0.15,250,50,0.3728597087019278,0.3926915817289543,0.5941978096961975,31
30,0.15,500,50,0.36393474718300184,0.4300188750471876,0.702498733997345,16
30,0.15,1000,50,0.3356540631877222,0.48262740656851644,0.8146609663963318,12
30,0.15,10,100,0.32743876570520486,0.22326915817289544,0.13263371586799622,85
30,0.15,25,100,0.375473592648204,0.2982559456398641,0.016667306423187256,83
30,0.15,50,100,0.398866919416551,0.33352963382408457,0.08391225337982178,76
30,0.15,100,100,0.39331660860711987,0.34920347300868254,0.3045153319835663,64
30,0.15,250,100,0.3809049746611396,0.38423556058890146,0.6158521771430969,27
30,0.15,500,100,0.3626246212502562,0.42808607021517553,0.7123094797134399,15
30,0.15,1000,100,0.3356540631877222,0.48262740656851644,0.814660906791687,12
30,0.15,10,250,0.33949719883718144,0.2694601736504341,0.2872839868068695,37
30,0.15,25,250,0.38185229692298345,0.3044620611551529,0.43327081203460693,33
30,0.15,50,250,0.4126121560010231,0.3097319743299358,0.46019989252090454,33
30,0.15,100,250,0.39554273932310374,0.3308116270290676,0.49543312191963196,32
30,0.15,250,250,0.39200617047654307,0.37061532653831636,0.5687989592552185,24
30,0.15,500,250,0.3626246212502562,0.42808607021517553,0.7123094797134399,15
30,0.15,1000,250,0.3356540631877222,0.48262740656851644,0.8146608471870422,12
30,0.15,10,500,0.3215053225181389,0.3052925632314081,0.3732627034187317,19
30,0.15,25,500,0.361924963806074,0.3784371460928652,0.5085524320602417,16
30,0.15,50,500,0.40235759686797273,0.3583842959607399,0.5275362730026245,17
30,0.15,100,500,0.3754126405634207,0.3769422423556059,0.5903058052062988,18
30,0.15,250,500,0.3638619489384597,0.4042129105322763,0.6251024007797241,16
30,0.15,500,500,0.3638416848960837,0.4270894677236693,0.7068313360214233,14
30,0.15,1000,500,0.3368646273076979,0.48178180445451113,0.8137739896774292,11
30,0.15,10,1000,0.30950029435873366,0.33372593431483577,0.427053838968277,13
30,0.15,25,1000,0.3443517407583116,0.40552661381653454,0.5723385810852051,13
30,0.15,50,1000,0.3673237349303609,0.4042431106077765,0.632411539554596,12
30,0.15,100,1000,0.36732115858786285,0.3881011702529256,0.5977180004119873,13
30,0.15,250,1000,0.34966629429335583,0.3978406946017365,0.6348007321357727,12
30,0.15,500,1000,0.35302226102197337,0.44585881464703664,0.725207507610321,12
30,0.15,1000,1000,0.3368646273076979,0.48178180445451113,0.8137739300727844,11
30,0.15,10,2500,0.2941577053087629,0.5254511136277841,0.7124517560005188,4
30,0.15,25,2500,0.32880698504014716,0.43290298225745566,0.5558751821517944,4
30,0.15,50,2500,0.3214331533643337,0.3485541713854285,0.3627305328845978,5
30,0.15,100,2500,0.33998208164174115,0.43871649679124197,0.6338891983032227,6
30,0.15,250,2500,0.34176990040040073,0.44735371838429594,0.624914288520813,6
30,0.15,500,2500,0.3566435169941314,0.45978104945262366,0.5616426467895508,5
30,0.15,1000,2500,0.3561201762243729,0.46616836542091356,0.6819313764572144,6
30,0.15,10,5000,0.3353962461541529,0.6165647414118536,0.7041676640510559,2
30,0.15,25,5000,0.3867775050509934,0.5491430728576822,0.5171839594841003,2
30,0.15,50,5000,0.3287149653074853,0.4592374480936202,0.3768516778945923,2
30,0.15,100,5000,0.2703346185760638,0.3879803699509249,0.3791957497596741,2
30,0.15,250,5000,0.33129719147867975,0.5296489241223103,0.6567271947860718,3
30,0.15,500,5000,0.39071068284579613,0.5531898829747074,0.6506176590919495,2
30,0.15,1000,5000,0.3875995705715784,0.5530992827482069,0.8367096781730652,3
30,0.15,10,10000,0.0,1.0,,0
30,0.15,25,10000,0.3867775050509934,0.5491430728576822,0.5171839594841003,2
30,0.15,50,10000,0.3287149653074853,0.4592374480936202,0.3768517076969147,2
30,0.15,100,10000,0.2703346185760638,0.3879803699509249,0.3791957497596741,2
30,0.15,250,10000,0.3578410957859413,0.6063722159305398,0.6336928009986877,2
30,0.15,500,10000,0.39071068284579613,0.5531898829747074,0.6506175398826599,2
30,0.15,1000,10000,0.39491711650628797,0.5495809739524349,0.6707058548927307,2
30,0.15,10,15000,0.0,1.0,,0
30,0.15,25,15000,0.0,1.0,,0
30,0.15,50,15000,0.3287149653074853,0.4592374480936202,0.37685173749923706,2
30,0.15,100,15000,0.2703346185760638,0.3879803699509249,0.3791957497596741,2
30,0.15,250,15000,0.0,1.0,,0
30,0.15,500,15000,0.0,1.0,,0
30,0.15,1000,15000,0.0,1.0,,0
30,0.15,10,20000,0.0,1.0,,0
30,0.15,25,20000,0.0,1.0,,0
30,0.15,50,20000,0.0,1.0,,0
30,0.15,100,20000,0.0,1.0,,0
30,0.15,250,20000,0.0,1.0,,0
30,0.15,500,20000,0.0,1.0,,0
30,0.15,1000,20000,0.0,1.0,,0
30,0.15,10,22000,0.0,1.0,,0
30,0.15,25,22000,0.0,1.0,,0
30,0.15,50,22000,0.0,1.0,,0
30,0.15,100,22000,0.0,1.0,,0
30,0.15,250,22000,0.0,1.0,,0
30,0.15,500,22000,0.0,1.0,,0
30,0.15,1000,22000,0.0,1.0,,0
50,0.15,10,50,0.4442308258065437,0.09661004152510382,0.3154939115047455,163
50,0.15,25,50,0.4438183757638964,0.09559833899584749,0.20157890021800995,154
50,0.15,50,50,0.4466967952559231,0.08676481691204228,0.2300969511270523,122
50,0.15,100,50,0.4498853072830681,0.1140958852397131,0.5996322631835938,54
50,0.15,250,50,0.4460751177231362,0.13201963004907513,0.7092166543006897,32
50,0.15,500,50,0.44544649110121715,0.16622121555303887,0.6824433207511902,17
50,0.15,1000,50,0.45040948597948527,0.21830124575311438,0.7242060303688049,13
50,0.15,10,100,0.44890050418941463,0.08446961117402793,0.4881749451160431,78
50,0.15,25,100,0.4527112564309587,0.07655719139297848,0.5717934370040894,66
50,0.15,50,100,0.453011362230018,0.08046810117025292,0.5552592873573303,63
50,0.15,100,100,0.4499013285726637,0.11399018497546244,0.5995103716850281,53
50,0.15,250,100,0.4460751177231362,0.13201963004907513,0.7092165350914001,32
50,0.15,500,100,0.44551503923749713,0.165436013590034,0.6798533797264099,16
50,0.15,1000,100,0.45040948597948527,0.21830124575311438,0.7242060303688049,13
50,0.15,10,250,0.45172014393116006,0.08839562098905247,0.6260079145431519,39
50,0.15,25,250,0.4520112014061393,0.10553416383540959,0.6769635081291199,34
50,0.15,50,250,0.4507885573117277,0.12087580218950547,0.7144428491592407,32
50,0.15,100,250,0.4482850550123773,0.1492336730841827,0.7833610773086548,29
50,0.15,250,250,0.446594059581913,0.12789731974329935,0.6851609945297241,28
50,0.15,500,250,0.4462073535418039,0.16194790486976218,0.6879832744598389,15
50,0.15,1000,250,0.45165179963843705,0.20895432238580597,0.7206795811653137,12
50,0.15,10,500,0.45173097215250524,0.11399018497546244,0.6362055540084839,21
50,0.15,25,500,0.44941386015351714,0.145760664401661,0.7045310735702515,19
50,0.15,50,500,0.4474769219075554,0.1575537938844847,0.7295282483100891,19
50,0.15,100,500,0.4461795161939925,0.17890524726311816,0.760953426361084,17
50,0.15,250,500,0.45040959100560624,0.13845224613061533,0.6342867016792297,15
50,0.15,500,500,0.4462073535418039,0.16194790486976218,0.6879833340644836,15
50,0.15,1000,500,0.45108578943044014,0.1965118912797282,0.7326295971870422,11
50,0.15,10,1000,0.4566980989980912,0.10431106077765194,0.6023397445678711,17
50,0.15,25,1000,0.45761233862415246,0.13460173650434126,0.6493900418281555,15
50,0.15,50,1000,0.462255189813473,0.1366704416761042,0.6023950576782227,14
50,0.15,100,1000,0.4551821179279052,0.16892412231030576,0.6781719326972961,13
50,0.15,250,1000,0.4500391878207589,0.14618346545866365,0.647140622138977,14
50,0.15,500,1000,0.45051929823546794,0.1728803322008305,0.660674512386322,12
50,0.15,1000,1000,0.45108578943044014,0.1965118912797282,0.732629656791687,11
50,0.15,10,2500,0.4734347950439215,0.12844092110230276,0.5006457567214966,8
50,0.15,25,2500,0.4720605597168351,0.16490751226878067,0.5551784634590149,7
50,0.15,50,2500,0.4777605425889957,0.20548131370328426,0.6222127676010132,7
50,0.15,100,2500,0.47277348245073225,0.23109097772744433,0.6650006175041199,7
50,0.15,250,2500,0.48990736437262894,0.27122687806719514,0.7236902713775635,6
50,0.15,500,2500,0.4904658489285917,0.28634201585503966,0.7291292548179626,6
50,0.15,1000,2500,0.5031417053346007,0.2990260475651189,0.741329550743103,5
50,0.15,10,5000,0.5126622597007469,0.0805285013212533,0.4682561755180359,4
50,0.15,25,5000,0.4835312700193091,0.10480936202340506,0.44846585392951965,3
50,0.15,50,5000,0.4799014291240814,0.17516043790109476,0.47868674993515015,3
50,0.15,100,5000,0.4887231703178851,0.11181577953944885,0.45837652683258057,3
50,0.15,250,5000,0.5002758682054108,0.06027935069837675,0.45786696672439575,3
50,0.15,500,5000,0.500080064167837,0.0789278973197433,0.48960080742836,3
50,0.15,1000,5000,0.49044225033165945,0.17836164590411477,0.598831295967102,3
50,0.15,10,10000,0.5126622597007469,0.0805285013212533,0.46825623512268066,4
50,0.15,25,10000,0.4835312700193091,0.10480936202340506,0.4484659731388092,3
50,0.15,50,10000,0.4799014291240814,0.17516043790109476,0.47868672013282776,3
50,0.15,100,10000,0.4887231703178851,0.11181577953944885,0.4583764672279358,3
50,0.15,250,10000,0.5002758682054108,0.06027935069837675,0.45786693692207336,3
50,0.15,500,10000,0.500080064167837,0.0789278973197433,0.48960068821907043,3
50,0.15,1000,10000,0.49044225033165945,0.17836164590411477,0.5988312363624573,3
50,0.15,10,15000,0.42643441003134386,0.07800679501698754,0.46610116958618164,3
50,0.15,25,15000,0.4835312700193091,0.10480936202340506,0.4484660029411316,3
50,0.15,50,15000,0.4799014291240814,0.17516043790109476,0.47868669033050537,3
50,0.15,100,15000,0.4887231703178851,0.11181577953944885,0.4583764970302582,3
50,0.15,250,15000,0.5002758682054108,0.06027935069837675,0.4578668773174286,3
50,0.15,500,15000,0.500080064167837,0.0789278973197433,0.48960068821907043,3
50,0.15,1000,15000,0.49044225033165945,0.17836164590411477,0.598831295967102,3
50,0.15,10,20000,0.0,1.0,,0
50,0.15,25,20000,0.0,1.0,,0
50,0.15,50,20000,0.0,1.0,,0
50,0.15,100,20000,0.0,1.0,,0
50,0.15,250,20000,0.0,1.0,,0
50,0.15,500,20000,0.0,1.0,,0
50,0.15,1000,20000,0.0,1.0,,0
50,0.15,10,22000,0.0,1.0,,0
50,0.15,25,22000,0.0,1.0,,0
50,0.15,50,22000,0.0,1.0,,0
50,0.15,100,22000,0.0,1.0,,0
50,0.15,250,22000,0.0,1.0,,0
50,0.15,500,22000,0.0,1.0,,0
50,0.15,1000,22000,0.0,1.0,,0
75,0.15,10,50,0.48146774535211684,0.06879577198942997,0.366756796836853,163
75,0.15,25,50,0.4814208576132128,0.09990184975462439,,147
75,0.15,50,50,0.488535406723865,0.052366930917327296,0.43691471219062805,122
75,0.15,100,50,0.49616036600235613,0.05078142695356738,0.5234383940696716,54
75,0.15,250,50,0.5031482759290724,0.08869762174405436,0.6845137476921082,29
75,0.15,500,50,0.5036228307869866,0.13997734994337485,0.7403494715690613,18
75,0.15,1000,50,0.5102352308250521,0.17919214798036995,0.7844747304916382,15
75,0.15,10,100,0.48849373869950574,0.058935447338618344,0.6251101493835449,72
75,0.15,25,100,0.4902515628724693,0.055870139675349186,0.5844528079032898,69
75,0.15,50,100,0.49075468157472474,0.05389203473008682,0.5785704851150513,68
75,0.15,100,100,0.49616036600235613,0.05078142695356738,0.5234382748603821,54
75,0.15,250,100,0.5031336721654109,0.08738391845979615,0.6853762865066528,28
75,0.15,500,100,0.5040229130036564,0.1414269535673839,0.7474196553230286,17
75,0.15,1000,100,0.5102352308250521,0.17919214798036995,0.7844747304916382,15
75,0.15,10,250,0.5047236845346761,0.041978104945262364,0.6074219346046448,31
75,0.15,25,250,0.4997006341395868,0.056640241600604005,0.6165637969970703,33
75,0.15,50,250,0.5049815063272507,0.038912797281993206,0.6216127872467041,30
75,0.15,100,250,0.5063846269788372,0.04975462438656097,0.6370916962623596,30
75,0.15,250,250,0.5031336721654109,0.08738391845979615,0.6853762865066528,28
75,0.15,500,250,0.5040229130036564,0.1414269535673839,0.747419536113739,17
75,0.15,1000,250,0.5102352308250521,0.17919214798036995,0.7844747304916382,15
75,0.15,10,500,0.5069423789802228,0.05656474141185353,0.651544988155365,19
75,0.15,25,500,0.5056524131753947,0.07507738769346924,0.6374045014381409,18
75,0.15,50,500,0.5070143859877647,0.07015477538693847,0.6388938426971436,18
75,0.15,100,500,0.5091163968537316,0.08557191392978482,0.6634337306022644,17
75,0.15,250,500,0.5057403130492389,0.10485466213665534,0.6894469857215881,17
75,0.15,500,500,0.5040229130036564,0.1414269535673839,0.7474195957183838,17
75,0.15,1000,500,0.5084201853697067,0.16386560966402416,0.7400920987129211,13
75,0.15,10,1000,0.5162687772583417,0.06598716496791242,0.6430920958518982,15
75,0.15,25,1000,0.507560786801393,0.08360890902227255,0.6323526501655579,16
75,0.15,50,1000,0.5084669048729933,0.07859569648924122,0.6336503028869629,16
75,0.15,100,1000,0.5099912139299271,0.08548131370328425,0.6456940174102783,16
75,0.15,250,1000,0.509242840458242,0.1192147980369951,0.6941849589347839,15
75,0.15,500,1000,0.5115113713590274,0.1479501698754247,0.7032485008239746,13
75,0.15,1000,1000,0.5136348595674918,0.17863344658361646,0.7537893652915955,12
75,0.15,10,2500,0.602324984647621,0.2499358248395621,0.7568491697311401,6
75,0.15,25,2500,0.6161017788751323,0.20525481313703284,0.755811333656311,5
75,0.15,50,2500,0.6008235015517944,0.24902982257455644,0.7606438398361206,6
75,0.15,100,2500,0.6135955670919192,0.2596300490751227,0.7604639530181885,6
75,0.15,250,2500,0.6031785075020135,0.2730690826727067,0.7295501232147217,6
75,0.15,500,2500,0.6011974532572438,0.289920724801812,0.7585169672966003,6
75,0.15,1000,2500,0.5991885045882637,0.30314835787089467,0.7975937128067017,6
75,0.15,10,5000,0.5757143829783753,0.034126085315213286,0.4733140766620636,3
75,0.15,25,5000,0.5899891372527694,0.00676481691204228,0.46147316694259644,3
75,0.15,50,5000,0.5899891372527694,0.00676481691204228,0.4614732265472412,3
75,0.15,100,5000,0.5899891372527694,0.00676481691204228,0.46147316694259644,3
75,0.15,250,5000,0.5927306331323514,0.009301623254058136,0.4662621319293976,3
75,0.15,500,5000,0.6027282397838019,0.02802567006417516,0.48396632075309753,3
75,0.15,1000,5000,0.5967480918373654,0.014209135522838806,0.47300827503204346,3
75,0.15,10,10000,0.5757143829783753,0.034126085315213286,0.473314106464386,3
75,0.15,25,10000,0.5899891372527694,0.00676481691204228,0.461473286151886,3
75,0.15,50,10000,0.5899891372527694,0.00676481691204228,0.4614731967449188,3
75,0.15,100,10000,0.5899891372527694,0.00676481691204228,0.4614732265472412,3
75,0.15,250,10000,0.5927306331323514,0.009301623254058136,0.4662621319293976,3
75,0.15,500,10000,0.6027282397838019,0.02802567006417516,0.48396629095077515,3
75,0.15,1000,10000,0.5967480918373654,0.014209135522838806,0.473008394241333,3
75,0.15,10,15000,0.5757143829783753,0.034126085315213286,0.4733140766620636,3
75,0.15,25,15000,0.5899891372527694,0.00676481691204228,0.46147316694259644,3
75,0.15,50,15000,0.5899891372527694,0.00676481691204228,0.46147316694259644,3
75,0.15,100,15000,0.5899891372527694,0.00676481691204228,0.46147316694259644,3
75,0.15,250,15000,0.5927306331323514,0.009301623254058136,0.46626219153404236,3
75,0.15,500,15000,0.6027282397838019,0.02802567006417516,0.48396632075309753,3
75,0.15,1000,15000,0.5967480918373654,0.014209135522838806,0.47300827503204346,3
75,0.15,10,20000,0.0,1.0,,0
75,0.15,25,20000,0.0,1.0,,0
75,0.15,50,20000,0.0,1.0,,0
75,0.15,100,20000,0.0,1.0,,0
75,0.15,250,20000,0.0,1.0,,0
75,0.15,500,20000,0.0,1.0,,0
75,0.15,1000,20000,0.0,1.0,,0
75,0.15,10,22000,0.0,1.0,,0
75,0.15,25,22000,0.0,1.0,,0
75,0.15,50,22000,0.0,1.0,,0
75,0.15,100,22000,0.0,1.0,,0
75,0.15,250,22000,0.0,1.0,,0
75,0.15,500,22000,0.0,1.0,,0
75,0.15,1000,22000,0.0,1.0,,0
100,0.15,10,50,0.4803333780864668,0.07527368818422046,0.4202509820461273,177
100,0.15,25,50,0.48473809295332765,0.10261985654964137,0.46160826086997986,157
100,0.15,50,50,0.4804782122251452,0.11042657606644017,0.5318030714988708,142
100,0.15,100,50,0.48972642671335676,0.07371838429596074,0.6938588619232178,57
100,0.15,250,50,0.5015104199011925,0.0735522838807097,0.647980809211731,32
100,0.15,500,50,0.5070755586095916,0.09795394488486221,0.6390188336372375,18
100,0.15,1000,50,0.5114943917558462,0.1771838429596074,0.734347403049469,14
100,0.15,10,100,0.48570489691741636,0.06911287278218195,0.5662400722503662,79
100,0.15,25,100,0.4952943491147905,0.03494148735371838,0.6509559154510498,66
100,0.15,50,100,0.49366001518214486,0.05025292563231408,0.6372271180152893,61
100,0.15,100,100,0.4912320320232384,0.06909777274443187,0.6769501566886902,54
100,0.15,250,100,0.5037981114995688,0.07152887882219705,0.6719294786453247,29
100,0.15,500,100,0.5073554565992384,0.09928274820687051,0.6397954821586609,17
100,0.15,1000,100,0.5114943917558462,0.1771838429596074,0.7343473434448242,14
100,0.15,10,250,0.49848208117766607,0.036043790109475275,0.643160879611969,37
100,0.15,25,250,0.5034616576184402,0.02725556813892035,0.6184521317481995,36
100,0.15,50,250,0.505498333252643,0.02295205738014345,0.5931795239448547,34
100,0.15,100,250,0.5044130984424682,0.031725179312948285,0.5946337580680847,31
100,0.15,250,250,0.5037981114995688,0.07152887882219705,0.6719294786453247,29
100,0.15,500,250,0.5073554565992384,0.09928274820687051,0.6397956013679504,17
100,0.15,1000,250,0.5097618762851371,0.15672329180822953,0.6835219860076904,13
100,0.15,10,500,0.5090943081465921,0.03809739524348811,0.5683079957962036,21
100,0.15,25,500,0.5093521082380841,0.04179690449226123,0.5737854838371277,21
100,0.15,50,500,0.507452132609907,0.04167610419026047,0.5684032440185547,21
100,0.15,100,500,0.5083652321495659,0.048169120422801054,0.5745792984962463,20
100,0.15,250,500,0.5069115168845006,0.08095130237825594,0.6238242983818054,18
100,0.15,500,500,0.5073554565992384,0.09928274820687051,0.6397954225540161,17
100,0.15,1000,500,0.5097618762851371,0.15672329180822953,0.6835219264030457,13
100,0.15,10,1000,0.511819650397059,0.08883352208380521,0.577826738357544,15
100,0.15,25,1000,0.5149012078592604,0.08144960362400906,0.5600660443305969,14
100,0.15,50,1000,0.5121327789159564,0.07587768969422423,0.5372657775878906,14
100,0.15,100,1000,0.5202177928008286,0.07131747829369574,0.5427402257919312,13
100,0.15,250,1000,0.5128303410396873,0.09842204605511513,0.5792251229286194,13
100,0.15,500,1000,0.5117098060970878,0.10942997357493393,0.6054055094718933,13
100,0.15,1000,1000,0.5108341881984019,0.1458210645526614,0.6786933541297913,12
100,0.15,10,2500,0.5675515986986214,0.17118912797281993,0.6154832243919373,7
100,0.15,25,2500,0.5632249395019081,0.16182710456776142,0.6023637056350708,7
100,0.15,50,2500,0.5599313275721736,0.16218950547376368,0.614080548286438,7
100,0.15,100,2500,0.5615528385014193,0.16813892034730088,0.6130032539367676,7
100,0.15,250,2500,0.5480137172470563,0.173439033597584,0.6494884490966797,7
100,0.15,500,2500,0.5962136344357296,0.2700037750094375,0.7157131433486938,6
100,0.15,1000,2500,0.5564963802025573,0.24308040770101924,0.749342143535614,7
100,0.15,10,5000,0.5237747405390801,0.14420536051340127,0.49243631958961487,3
100,0.15,25,5000,0.6275626145903047,0.14024915062287654,0.6015529036521912,4
100,0.15,50,5000,0.5244840259170742,0.13670064175160437,0.49922114610671997,3
100,0.15,100,5000,0.5240452290452852,0.1355681389203473,0.4968251883983612,3
100,0.15,250,5000,0.5342808294574785,0.18770856927142318,0.4857451617717743,3
100,0.15,500,5000,0.5693762623239723,0.25602114005285015,0.655841052532196,3
100,0.15,1000,5000,0.33417458004612305,0.009739524348810872,0.30307096242904663,2
100,0.15,10,10000,0.5237747405390801,0.14420536051340127,0.4924362599849701,3
100,0.15,25,10000,0.5243409723953637,0.136157040392601,0.49840644001960754,3
100,0.15,50,10000,0.5244840259170742,0.13670064175160437,0.49922120571136475,3
100,0.15,100,10000,0.5240452290452852,0.1355681389203473,0.4968251585960388,3
100,0.15,250,10000,0.5342808294574785,0.18770856927142318,0.48574507236480713,3
100,0.15,500,10000,0.3290271155527588,0.0,0.2921909987926483,2
100,0.15,1000,10000,0.33417458004612305,0.009739524348810872,0.303070992231369,2
100,0.15,10,15000,0.5237747405390801,0.14420536051340127,0.49243634939193726,3
100,0.15,25,15000,0.5243409723953637,0.136157040392601,0.49840641021728516,3
100,0.15,50,15000,0.5244840259170742,0.13670064175160437,0.49922117590904236,3
100,0.15,100,15000,0.5240452290452852,0.1355681389203473,0.4968251585960388,3
100,0.15,250,15000,0.5342808294574785,0.18770856927142318,0.48574522137641907,3
100,0.15,500,15000,0.3290271155527588,0.0,0.29219093918800354,2
100,0.15,1000,15000,0.33417458004612305,0.009739524348810872,0.30307096242904663,2
100,0.15,10,20000,0.0,1.0,,0
100,0.15,25,20000,0.0,1.0,,0
100,0.15,50,20000,0.0,1.0,,0
100,0.15,100,20000,0.0,1.0,,0
100,0.15,250,20000,0.0,1.0,,0
100,0.15,500,20000,0.0,1.0,,0
100,0.15,1000,20000,0.0,1.0,,0
100,0.15,10,22000,0.0,1.0,,0
100,0.15,25,22000,0.0,1.0,,0
100,0.15,50,22000,0.0,1.0,,0
100,0.15,100,22000,0.0,1.0,,0
100,0.15,250,22000,0.0,1.0,,0
100,0.15,500,22000,0.0,1.0,,0
100,0.15,1000,22000,0.0,1.0,,0
10,0.25,10,50,0.07823736940426838,0.43559078897697245,-0.2872110605239868,268
10,0.25,25,50,0.09646036577062007,0.5389656474141186,-0.14241677522659302,190
10,0.25,50,50,0.11099888453009452,0.6282370705926765,0.0013934653252363205,134
10,0.25,100,50,0.08771202245970253,0.6727217818044545,0.1759750097990036,71
10,0.25,250,50,0.06566370190640435,0.7516345790864477,0.4345582127571106,30
10,0.25,500,50,0.05296575062768438,0.8046508116270291,0.4830547869205475,16
10,0.25,1000,50,0.03316524959328065,0.8503435258588147,0.666586697101593,9
10,0.25,10,100,0.07001856893090401,0.47808229520573803,-0.20376871526241302,102
10,0.25,25,100,0.09707796579628913,0.5841902604756511,0.028097642585635185,84
10,0.25,50,100,0.10471613906411949,0.6329331823329558,0.12416408210992813,76
10,0.25,100,100,0.09045278160739469,0.6754699886749717,0.1289217621088028,63
10,0.25,250,100,0.06796166922970057,0.749127972819932,0.45077040791511536,27
10,0.25,500,100,0.05296575062768438,0.8046508116270291,0.4830548167228699,16
10,0.25,1000,100,0.03316524959328065,0.8503435258588147,0.666586697101593,9
10,0.25,10,250,0.06590191409158311,0.4933786334465836,-0.18258728086948395,40
10,0.25,25,250,0.11661204760577348,0.6122159305398264,0.10132122784852982,36
10,0.25,50,250,0.1162090289486046,0.6413137032842582,0.10913624614477158,36
10,0.25,100,250,0.10982540443489743,0.6751226878067195,0.1475185751914978,29
10,0.25,250,250,0.07006236771699989,0.7514684786711967,0.4322032034397125,24
10,0.25,500,250,0.05262729714865716,0.8109475273688185,0.36198678612709045,12
10,0.25,1000,250,0.03316524959328065,0.8503435258588147,0.666586697101593,9
10,0.25,10,500,0.05249089161249469,0.5755530388825972,0.11048863083124161,18
10,0.25,25,500,0.09260582047650634,0.6648244620611552,0.16750182211399078,20
10,0.25,50,500,0.09796164653807218,0.7139901849754624,0.15528179705142975,16
10,0.25,100,500,0.12565446450312676,0.6770856927142318,0.0720917284488678,15
10,0.25,250,500,0.07715331829547063,0.7488863722159306,0.3483138382434845,14
10,0.25,500,500,0.05262729714865716,0.8109475273688185,0.36198684573173523,12
10,0.25,1000,500,0.031241746813298776,0.8551453378633447,0.6661527752876282,8
10,0.25,10,1000,0.061441896995777144,0.5894450736126841,0.1892814189195633,11
10,0.25,25,1000,0.06595225093815331,0.5714609286523217,0.027486613020300865,7
10,0.25,50,1000,0.01794576765040618,0.3377878444696112,-0.21724659204483032,5
10,0.25,100,1000,0.10160830933349535,0.5550169875424689,-0.22965776920318604,7
10,0.25,250,1000,0.1051067489471435,0.7333182332955832,0.2897569239139557,9
10,0.25,500,1000,0.0603852660581948,0.7984899962249906,0.18552622199058533,8
10,0.25,1000,1000,0.03322883645292452,0.8634956587391468,0.7380650639533997,7
10,0.25,10,2500,0.011183550913106745,0.5096111740279351,0.3516981601715088,2
10,0.25,25,2500,0.010725168799864848,0.681132502831257,0.25983327627182007,2
10,0.25,50,2500,0.024647951466881732,0.7899282748206871,0.27509644627571106,2
10,0.25,100,2500,0.00927949741864194,0.3859871649679124,-0.0477023646235466,2
10,0.25,250,2500,0.03320271449617999,0.8258361645904114,0.8004422187805176,2
10,0.25,500,2500,0.05433558741903725,0.8034126085315213,0.755179226398468,2
10,0.25,1000,2500,0.047036584172663716,0.8229218573046433,0.8621369004249573,2
10,0.25,10,5000,0.011183550913106745,0.5096111740279351,0.3516981899738312,2
10,0.25,25,5000,0.0,1.0,,0
10,0.25,50,5000,0.0,1.0,,0
10,0.25,100,5000,0.0,1.0,,0
10,0.25,250,5000,0.0,1.0,,0
10,0.25,500,5000,0.05433558741903725,0.8034126085315213,0.755179226398468,2
10,0.25,1000,5000,0.047036584172663716,0.8229218573046433,0.8621367812156677,2
10,0.25,10,10000,0.0,1.0,,0
10,0.25,25,10000,0.0,1.0,,0
10,0.25,50,10000,0.0,1.0,,0
10,0.25,100,10000,0.0,1.0,,0
10,0.25,250,10000,0.0,1.0,,0
10,0.25,500,10000,0.0,1.0,,0
10,0.25,1000,10000,0.0,1.0,,0
10,0.25,10,15000,0.0,1.0,,0
10,0.25,25,15000,0.0,1.0,,0
10,0.25,50,15000,0.0,1.0,,0
10,0.25,100,15000,0.0,1.0,,0
10,0.25,250,15000,0.0,1.0,,0
10,0.25,500,15000,0.0,1.0,,0
10,0.25,1000,15000,0.0,1.0,,0
10,0.25,10,20000,0.0,1.0,,0
10,0.25,25,20000,0.0,1.0,,0
10,0.25,50,20000,0.0,1.0,,0
10,0.25,100,20000,0.0,1.0,,0
10,0.25,250,20000,0.0,1.0,,0
10,0.25,500,20000,0.0,1.0,,0
10,0.25,1000,20000,0.0,1.0,,0
10,0.25,10,22000,0.0,1.0,,0
10,0.25,25,22000,0.0,1.0,,0
10,0.25,50,22000,0.0,1.0,,0
10,0.25,100,22000,0.0,1.0,,0
10,0.25,250,22000,0.0,1.0,,0
10,0.25,500,22000,0.0,1.0,,0
10,0.25,1000,22000,0.0,1.0,,0
15,0.25,10,50,0.07905514673453938,0.4424311060777652,-0.2011341154575348,225
15,0.25,25,50,0.09776224110032543,0.5507889769724424,-0.022540872916579247,184
15,0.25,50,50,0.09735389356364024,0.6085617214043035,0.12715229392051697,144
15,0.25,100,50,0.09068259108593833,0.6419479048697622,0.2266191691160202,78
15,0.25,250,50,0.06595243578508103,0.7174329935824839,0.33808350563049316,33
15,0.25,500,50,0.04576744364739646,0.7784220460551151,0.5565556287765503,19
15,0.25,1000,50,0.0348611600458196,0.8006795016987542,0.8008941411972046,10
15,0.25,10,100,0.08929298836005585,0.4861457153642884,-0.04909021779894829,110
15,0.25,25,100,0.09659441473775107,0.5664175160437901,0.07298851013183594,94
15,0.25,50,100,0.09599338241023808,0.6250056625141562,0.1476593315601349,79
15,0.25,100,100,0.10432737294497965,0.6341864854662137,0.1984376758337021,67
15,0.25,250,100,0.07670269996051314,0.7148055870139676,0.3965160548686981,26
15,0.25,500,100,0.045812102556409294,0.7810947527368819,0.5962032675743103,16
15,0.25,1000,100,0.0348611600458196,0.8006795016987542,0.8008941411972046,10
15,0.25,10,250,0.08707207195845666,0.5387995469988675,0.08019636571407318,47
15,0.25,25,250,0.10194064824997566,0.5930539826349566,0.03812160715460777,41
15,0.25,50,250,0.10630336428847624,0.6572442431106078,0.14069736003875732,31
15,0.25,100,250,0.10694759024600516,0.6378406946017365,0.12806805968284607,28
15,0.25,250,250,0.08385912958895417,0.6917629294073235,0.27647751569747925,24
15,0.25,500,250,0.04934165553167178,0.7838580596451491,0.7371463775634766,13
15,0.25,1000,250,0.0348611600458196,0.8006795016987542,0.8008940815925598,10
15,0.25,10,500,0.07501757989530584,0.4480634201585504,-0.11283296346664429,16
15,0.25,25,500,0.10306988374861722,0.6607021517553794,0.18620441854000092,18
15,0.25,50,500,0.10518922239953742,0.6943752359380898,0.37465229630470276,13
15,0.25,100,500,0.1063542345326147,0.6732955832389581,0.33233878016471863,16
15,0.25,250,500,0.09105748812218553,0.7039184597961495,0.2830285429954529,14
15,0.25,500,500,0.048706343724154624,0.7633220083050207,0.7510398030281067,12
15,0.25,1000,500,0.0348611600458196,0.8006795016987542,0.8008940815925598,10
15,0.25,10,1000,0.06725430958472178,0.4872782181955455,-0.09752047806978226,11
15,0.25,25,1000,0.0648474196781516,0.548644771611929,0.1371903419494629,10
15,0.25,50,1000,0.08974380386523954,0.7165269913174783,0.42811262607574463,11
15,0.25,100,1000,0.11429313346265213,0.702242355605889,0.3817395567893982,12
15,0.25,250,1000,0.09957073750631487,0.722083805209513,0.513200581073761,11
15,0.25,500,1000,0.0402082703816523,0.7806870517176293,0.823924720287323,8
15,0.25,1000,1000,0.026051691171057628,0.8189807474518687,0.9478799104690552,8
15,0.25,10,2500,0.06257039395470003,0.13860324650811626,0.020453985780477524,2
15,0.25,25,2500,0.06439304760779045,0.5485692714231786,0.19900503754615784,3
15,0.25,50,2500,0.0598928155490493,0.7432238580596452,0.3977077305316925,3
15,0.25,100,2500,0.07872688090299715,0.7486296715741789,0.3007618188858032,3
15,0.25,250,2500,0.08713175619975594,0.7581879954699887,0.6298472285270691,2
15,0.25,500,2500,0.09327327291186287,0.7301321253303134,0.5403391718864441,3
15,0.25,1000,2500,0.0728571648905612,0.7643790109475274,0.5758673548698425,3
15,0.25,10,5000,0.12034377108694447,0.5145186862967157,0.34341296553611755,2
15,0.25,25,5000,0.04737417366517914,0.593929784824462,0.36657801270484924,2
15,0.25,50,5000,0.035154934506597575,0.7884484711211778,0.5796821713447571,2
15,0.25,100,5000,0.04920939832650949,0.7925556813892035,0.6235669255256653,2
15,0.25,250,5000,0.0,1.0,,0
15,0.25,500,5000,0.0,1.0,,0
15,0.25,1000,5000,0.0,1.0,,0
15,0.25,10,10000,0.0,1.0,,0
15,0.25,25,10000,0.0,1.0,,0
15,0.25,50,10000,0.0,1.0,,0
15,0.25,100,10000,0.0,1.0,,0
15,0.25,250,10000,0.0,1.0,,0
15,0.25,500,10000,0.0,1.0,,0
15,0.25,1000,10000,0.0,1.0,,0
15,0.25,10,15000,0.0,1.0,,0
15,0.25,25,15000,0.0,1.0,,0
15,0.25,50,15000,0.0,1.0,,0
15,0.25,100,15000,0.0,1.0,,0
15,0.25,250,15000,0.0,1.0,,0
15,0.25,500,15000,0.0,1.0,,0
15,0.25,1000,15000,0.0,1.0,,0
15,0.25,10,20000,0.0,1.0,,0
15,0.25,25,20000,0.0,1.0,,0
15,0.25,50,20000,0.0,1.0,,0
15,0.25,100,20000,0.0,1.0,,0
15,0.25,250,20000,0.0,1.0,,0
15,0.25,500,20000,0.0,1.0,,0
15,0.25,1000,20000,0.0,1.0,,0
15,0.25,10,22000,0.0,1.0,,0
15,0.25,25,22000,0.0,1.0,,0
15,0.25,50,22000,0.0,1.0,,0
15,0.25,100,22000,0.0,1.0,,0
15,0.25,250,22000,0.0,1.0,,0
15,0.25,500,22000,0.0,1.0,,0
15,0.25,1000,22000,0.0,1.0,,0
30,0.25,10,50,0.12979691596766432,0.447836919592299,-0.02794044464826584,210
30,0.25,25,50,0.15431961349707216,0.5223707059267648,0.06614237278699875,160
30,0.25,50,50,0.16682399536444037,0.57599093997735,0.1298133134841919,125
30,0.25,100,50,0.17230697778702167,0.5647716119290298,0.1579081267118454,69
30,0.25,250,50,0.1449413671760106,0.6065383163457909,0.2736833095550537,31
30,0.25,500,50,0.11079359524498669,0.6560211400528502,0.41204530000686646,20
30,0.25,1000,50,0.0697617327722287,0.7304643261608154,0.535563051700592,13
30,0.25,10,100,0.16553786687329494,0.4805285013212533,-0.05086341127753258,102
30,0.25,25,100,0.20730237782130556,0.5192751981879955,0.05187372863292694,85
30,0.25,50,100,0.18674960167473048,0.5468478671196678,0.08478798717260361,70
30,0.25,100,100,0.17211076780883894,0.5631257078142695,0.15512166917324066,63
30,0.25,250,100,0.14217684764403726,0.5978859947149868,0.23148435354232788,28
30,0.25,500,100,0.11121843619431708,0.6571687429218573,0.42575711011886597,19
30,0.25,1000,100,0.07010930945192415,0.7316119290298225,0.6054002046585083,12
30,0.25,10,250,0.12482184830116184,0.4028539071347678,0.005268118344247341,35
30,0.25,25,250,0.19570438674806448,0.5117704794261986,-0.0680842325091362,32
30,0.25,50,250,0.19635944286239365,0.5537032842582107,0.09489578008651733,31
30,0.25,100,250,0.18173059267589198,0.5605738014345036,0.0975898802280426,30
30,0.25,250,250,0.1430730107189503,0.5997885994714987,0.29143813252449036,27
30,0.25,500,250,0.11241764014591639,0.6647791619479049,0.49523743987083435,15
30,0.25,1000,250,0.06887385378621644,0.733439033597584,0.6192106604576111,11
30,0.25,10,500,0.11619232714701057,0.4458135145337863,0.07277538627386093,24
30,0.25,25,500,0.18296885137352156,0.5637599093997735,0.1472911387681961,20
30,0.25,50,500,0.16947702722300306,0.5784975462438656,0.3004337549209595,19
30,0.25,100,500,0.17887066070365265,0.5924197810494526,0.21703441441059113,20
30,0.25,250,500,0.13526623608752025,0.6341713854284635,0.3887653946876526,17
30,0.25,500,500,0.10831022197833798,0.6793506983767459,0.49227944016456604,13
30,0.25,1000,500,0.06992516484454353,0.732623631559079,0.6359222531318665,10
30,0.25,10,1000,0.11947270271656,0.3399622499056248,-0.1170305535197258,12
30,0.25,25,1000,0.1409697526172803,0.6285088712721781,0.35818448662757874,12
30,0.25,50,1000,0.12376225307174091,0.6406493016232541,0.40149953961372375,12
30,0.25,100,1000,0.13022776459548135,0.6313023782559456,0.3737035095691681,11
30,0.25,250,1000,0.09741799374766874,0.6871574178935448,0.4787101149559021,11
30,0.25,500,1000,0.09085735118309655,0.6975160437901095,0.4939250946044922,11
30,0.25,1000,1000,0.07435276624138419,0.729271423178558,0.5855329632759094,9
30,0.25,10,2500,0.00879631345152557,0.0009362023405058513,-0.08129101991653442,2
30,0.25,25,2500,0.008764015316509919,0.0013137032842582106,-0.08121590316295624,2
30,0.25,50,2500,0.008545825218572405,0.0039562098905247265,-0.0808577612042427,2
30,0.25,100,2500,0.007815393112043037,0.014435636089090223,-0.07950257509946823,2
30,0.25,250,2500,0.00781058352405418,0.07456398640996602,-0.07316895574331284,2
30,0.25,500,2500,0.021836890791485056,0.19244998112495282,-0.0894542932510376,2
30,0.25,1000,2500,0.13626557432120978,0.6796375990939977,0.48096030950546265,6
30,0.25,10,5000,0.0,1.0,,0
30,0.25,25,5000,0.0,1.0,,0
30,0.25,50,5000,0.03186540347956911,0.551528878822197,0.37539300322532654,2
30,0.25,100,5000,0.011154822444679397,0.8151755379388449,0.6668168902397156,2
30,0.25,250,5000,0.0555453128867328,0.687670819177048,0.5223195552825928,2
30,0.25,500,5000,0.05255604306563553,0.7023027557568894,0.26606014370918274,2
30,0.25,1000,5000,0.0,1.0,,0
30,0.25,10,10000,0.0,1.0,,0
30,0.25,25,10000,0.0,1.0,,0
30,0.25,50,10000,0.0,1.0,,0
30,0.25,100,10000,0.0,1.0,,0
30,0.25,250,10000,0.0,1.0,,0
30,0.25,500,10000,0.0,1.0,,0
30,0.25,1000,10000,0.0,1.0,,0
30,0.25,10,15000,0.0,1.0,,0
30,0.25,25,15000,0.0,1.0,,0
30,0.25,50,15000,0.0,1.0,,0
30,0.25,100,15000,0.0,1.0,,0
30,0.25,250,15000,0.0,1.0,,0
30,0.25,500,15000,0.0,1.0,,0
30,0.25,1000,15000,0.0,1.0,,0
30,0.25,10,20000,0.0,1.0,,0
30,0.25,25,20000,0.0,1.0,,0
30,0.25,50,20000,0.0,1.0,,0
30,0.25,100,20000,0.0,1.0,,0
30,0.25,250,20000,0.0,1.0,,0
30,0.25,500,20000,0.0,1.0,,0
30,0.25,1000,20000,0.0,1.0,,0
30,0.25,10,22000,0.0,1.0,,0
30,0.25,25,22000,0.0,1.0,,0
30,0.25,50,22000,0.0,1.0,,0
30,0.25,100,22000,0.0,1.0,,0
30,0.25,250,22000,0.0,1.0,,0
30,0.25,500,22000,0.0,1.0,,0
30,0.25,1000,22000,0.0,1.0,,0
50,0.25,10,50,0.4340703912776546,0.07613439033597584,0.21240518987178802,162
50,0.25,25,50,0.4350174407585006,0.08289920724801812,0.23988951742649078,145
50,0.25,50,50,0.4390571436296045,0.0931521328803322,0.4631861746311188,118
50,0.25,100,50,0.4415784437171525,0.11512268780671951,0.6552703976631165,51
50,0.25,250,50,0.44050971732734584,0.15163457908644773,0.7226616144180298,27
50,0.25,500,50,0.43505730400194637,0.2008607021517554,0.7532331943511963,16
50,0.25,1000,50,0.4353171653555363,0.23272178180445452,0.798069179058075,16
50,0.25,10,100,0.4465545976228623,0.05642884107210268,0.5439088940620422,73
50,0.25,25,100,0.4452120911721803,0.06796526991317478,0.5564630031585693,68
50,0.25,50,100,0.4468420113282359,0.08146470366175916,0.5886179804801941,56
50,0.25,100,100,0.44125892985420695,0.11637599093997734,0.6765615940093994,48
50,0.25,250,100,0.44372203826275997,0.1403548508871272,0.708439290523529,26
50,0.25,500,100,0.43505730400194637,0.2008607021517554,0.7532334923744202,16
50,0.25,1000,100,0.4354036641853976,0.23347678369195923,0.7983720898628235,15
50,0.25,10,250,0.45072831110265377,0.06893167232918082,0.5556991100311279,35
50,0.25,25,250,0.44710293957931657,0.10573046432616082,0.6311390995979309,31
50,0.25,50,250,0.44811556493551463,0.1047036617591544,0.6321967840194702,29
50,0.25,100,250,0.4428850857246724,0.1248471121177803,0.6698452830314636,29
50,0.25,250,250,0.44337983592110347,0.14595696489241222,0.7170929908752441,24
50,0.25,500,250,0.43505730400194637,0.2008607021517554,0.7532332539558411,16
50,0.25,1000,250,0.4345955393051971,0.22165345413363532,0.8052690029144287,13
50,0.25,10,500,0.44873903565224416,0.0955681389203473,0.6014206409454346,20
50,0.25,25,500,0.4489215275906672,0.1366704416761042,0.6629986763000488,17
50,0.25,50,500,0.45059492292963105,0.12460551151377879,0.6276925802230835,18
50,0.25,100,500,0.44203863940444116,0.16282370705926766,0.7003836035728455,16
50,0.25,250,500,0.44020595000425217,0.1710079275198188,0.7182571887969971,16
50,0.25,500,500,0.43505730400194637,0.2008607021517554,0.7532332539558411,16
50,0.25,1000,500,0.4345955393051971,0.22165345413363532,0.8052690625190735,13
50,0.25,10,1000,0.4524705288263864,0.09177802944507361,0.6071317791938782,15
50,0.25,25,1000,0.4519955134181852,0.1344960362400906,0.6761700510978699,14
50,0.25,50,1000,0.45064324715470244,0.13885994714986788,0.6435049772262573,15
50,0.25,100,1000,0.44008203064144547,0.1847036617591544,0.7251688241958618,14
50,0.25,250,1000,0.44031236979053306,0.19104567761419403,0.753583550453186,13
50,0.25,500,1000,0.43728852511487026,0.20996602491506228,0.7846384048461914,13
50,0.25,1000,1000,0.43052937333519004,0.19171007927519818,0.702791154384613,11
50,0.25,10,2500,0.46403439471567676,0.17079652699131748,0.5337002277374268,7
50,0.25,25,2500,0.4476363306834428,0.20395620989052474,0.618428111076355,7
50,0.25,50,2500,0.43325541897073594,0.16170630426576066,0.4785006046295166,6
50,0.25,100,2500,0.44742161900683136,0.10400906002265006,0.3090463876724243,4
50,0.25,250,2500,0.4378996367308793,0.14165345413363534,0.463100403547287,5
50,0.25,500,2500,0.4410447077878991,0.17910154775386938,0.544514000415802,5
50,0.25,1000,2500,0.4550346868176919,0.26082295205738015,0.7175519466400146,6
50,0.25,10,5000,0.4879852940169052,0.17525103812759532,0.5126395225524902,4
50,0.25,25,5000,0.4674974060254796,0.18961117402793506,0.467533141374588,3
50,0.25,50,5000,0.46626410101498883,0.1785730464326161,0.4594515860080719,3
50,0.25,100,5000,0.4619674377731037,0.15068327670819176,0.43822553753852844,3
50,0.25,250,5000,0.4928942138372912,0.10151755379388448,0.4668008089065552,3
50,0.25,500,5000,0.4717954367671954,0.20608531521328805,0.640018880367279,3
50,0.25,1000,5000,0.4969423309736408,0.3401887504718762,0.7333415746688843,3
50,0.25,10,10000,0.35883113835435243,0.17170252925632315,0.5754863023757935,3
50,0.25,25,10000,0.4674974060254796,0.18961117402793506,0.4675331115722656,3
50,0.25,50,10000,0.46626410101498883,0.1785730464326161,0.4594515562057495,3
50,0.25,100,10000,0.4619674377731037,0.15068327670819176,0.438225656747818,3
50,0.25,250,10000,0.4928942138372912,0.10151755379388448,0.4668008089065552,3
50,0.25,500,10000,0.4717954367671954,0.20608531521328805,0.6400188207626343,3
50,0.25,1000,10000,0.4969423309736408,0.3401887504718762,0.7333416938781738,3
50,0.25,10,15000,0.28287209268922014,0.13357493393733486,0.28295576572418213,2
50,0.25,25,15000,0.4674974060254796,0.18961117402793506,0.467533141374588,3
50,0.25,50,15000,0.46626410101498883,0.1785730464326161,0.4594516158103943,3
50,0.25,100,15000,0.4619674377731037,0.15068327670819176,0.43822571635246277,3
50,0.25,250,15000,0.4928942138372912,0.10151755379388448,0.4668007493019104,3
50,0.25,500,15000,0.4717954367671954,0.20608531521328805,0.6400188207626343,3
50,0.25,1000,15000,0.2553524933689668,0.00555681389203473,0.23139308393001556,2
50,0.25,10,20000,0.0,1.0,,0
50,0.25,25,20000,0.0,1.0,,0
50,0.25,50,20000,0.0,1.0,,0
50,0.25,100,20000,0.0,1.0,,0
50,0.25,250,20000,0.0,1.0,,0
50,0.25,500,20000,0.0,1.0,,0
50,0.25,1000,20000,0.0,1.0,,0
50,0.25,10,22000,0.0,1.0,,0
50,0.25,25,22000,0.0,1.0,,0
50,0.25,50,22000,0.0,1.0,,0
50,0.25,100,22000,0.0,1.0,,0
50,0.25,250,22000,0.0,1.0,,0
50,0.25,500,22000,0.0,1.0,,0
50,0.25,1000,22000,0.0,1.0,,0
75,0.25,10,50,0.4814628842276704,0.06329935824839562,0.23897087574005127,154
75,0.25,25,50,0.4917625306973443,0.09522083805209514,0.27005723118782043,136
75,0.25,50,50,0.4860774584270462,0.06595696489241223,0.12589505314826965,119
75,0.25,100,50,0.490841935758888,0.07589278973197433,0.4037490785121918,59
75,0.25,250,50,0.5026755148296123,0.10930917327293319,0.6882309317588806,28
75,0.25,500,50,0.5015530658327683,0.12733861834654586,0.6854034662246704,19
75,0.25,1000,50,0.5187485869018282,0.191679879199698,0.8200746774673462,15
75,0.25,10,100,0.4892036143255294,0.04252170630426576,0.5550676584243774,79
75,0.25,25,100,0.49119570913897614,0.043684409211023026,0.5458911657333374,73
75,0.25,50,100,0.4933614680364143,0.05029822574556436,0.3456023335456848,63
75,0.25,100,100,0.49089685992754734,0.07701019252548132,0.397563099861145,56
75,0.25,250,100,0.5026755148296123,0.10930917327293319,0.6882311105728149,28
75,0.25,500,100,0.5015530658327683,0.12733861834654586,0.68540358543396,19
75,0.25,1000,100,0.5148470126973501,0.18044545111362778,0.7927202582359314,14
75,0.25,10,250,0.5027494562673327,0.055190637976594945,0.5566180944442749,33
75,0.25,25,250,0.5018000905865182,0.05549263873159683,0.5487351417541504,32
75,0.25,50,250,0.5023696835853653,0.05218573046432616,0.54823899269104,31
75,0.25,100,250,0.5083321963353367,0.042974707436768594,0.5250389575958252,25
75,0.25,250,250,0.5023464277484463,0.10749716874292185,0.6835638880729675,27
75,0.25,500,250,0.5073027472448428,0.11912419781049452,0.702256441116333,18
75,0.25,1000,250,0.5148754516876021,0.17999244998112496,0.801081120967865,13
75,0.25,10,500,0.5107098747819027,0.06136655341638354,0.5887236595153809,20
75,0.25,25,500,0.5059771950236738,0.062136655341638355,0.5769012570381165,20
75,0.25,50,500,0.5111561383005758,0.05777274443186108,0.5571268796920776,17
75,0.25,100,500,0.5088848794698121,0.0467044167610419,0.5416010618209839,17
75,0.25,250,500,0.5077641703901784,0.0867044167610419,0.6490902304649353,17
75,0.25,500,500,0.5083683423664274,0.10613816534541336,0.70600825548172,16
75,0.25,1000,500,0.5148754516876021,0.17999244998112496,0.8010810613632202,13
75,0.25,10,1000,0.5160564092742714,0.04854662136655342,0.5882586240768433,16
75,0.25,25,1000,0.5128630401791255,0.05307663269158173,0.5635428428649902,15
75,0.25,50,1000,0.5122059260959233,0.06541336353340883,0.5888283252716064,15
75,0.25,100,1000,0.5102218460849708,0.05429973574933937,0.5709382891654968,15
75,0.25,250,1000,0.5114420961463428,0.08433371083427708,0.6692184209823608,14
75,0.25,500,1000,0.5072650385873962,0.11486598716496792,0.7204201221466064,14
75,0.25,1000,1000,0.5170080202084313,0.17176292940732352,0.8041394352912903,12
75,0.25,10,2500,0.5931977866308512,0.21538693846734616,0.747039258480072,6
75,0.25,25,2500,0.5963568164808248,0.2125632314080785,0.729179322719574,6
75,0.25,50,2500,0.5950454921626903,0.22565496413741035,0.7497387528419495,6
75,0.25,100,2500,0.595013716004522,0.21579463948659872,0.7256627082824707,6
75,0.25,250,2500,0.5947059382737164,0.2510834277085693,0.7953956723213196,6
75,0.25,500,2500,0.5878739572444186,0.26862967157417894,0.766025185585022,5
75,0.25,1000,2500,0.5502562963123799,0.22917327293318232,0.7379301190376282,6
75,0.25,10,5000,0.6829718334009992,0.09457153642884107,0.6043923497200012,3
75,0.25,25,5000,0.583467176528835,0.012638731596828993,0.43439868092536926,3
75,0.25,50,5000,0.583467176528835,0.012638731596828993,0.4343985617160797,3
75,0.25,100,5000,0.6278247099797977,0.09217063042657607,0.5863855481147766,4
75,0.25,250,5000,0.5671565668505948,0.045632314080785205,0.4730384945869446,3
75,0.25,500,5000,0.5730915647066885,0.0657757644394111,0.5009140968322754,3
75,0.25,1000,5000,0.5775240146717153,0.08878822197055493,0.5327590107917786,3
75,0.25,10,10000,0.6829718334009992,0.09457153642884107,0.6043922901153564,3
75,0.25,25,10000,0.583467176528835,0.012638731596828993,0.4343986511230469,3
75,0.25,50,10000,0.583467176528835,0.012638731596828993,0.4343987703323364,3
75,0.25,100,10000,0.583467176528835,0.012638731596828993,0.4343986511230469,3
75,0.25,250,10000,0.5671565668505948,0.045632314080785205,0.4730384647846222,3
75,0.25,500,10000,0.5730915647066885,0.0657757644394111,0.5009140968322754,3
75,0.25,1000,10000,0.5775240146717153,0.08878822197055493,0.532758891582489,3
75,0.25,10,15000,0.6829718334009992,0.09457153642884107,0.6043923497200012,3
75,0.25,25,15000,0.583467176528835,0.012638731596828993,0.43439868092536926,3
75,0.25,50,15000,0.583467176528835,0.012638731596828993,0.43439868092536926,3
75,0.25,100,15000,0.583467176528835,0.012638731596828993,0.43439874053001404,3
75,0.25,250,15000,0.5671565668505948,0.045632314080785205,0.4730384349822998,3
75,0.25,500,15000,0.5730915647066885,0.0657757644394111,0.5009140372276306,3
75,0.25,1000,15000,0.5775240146717153,0.08878822197055493,0.5327589511871338,3
75,0.25,10,20000,0.0,1.0,,0
75,0.25,25,20000,0.0,1.0,,0
75,0.25,50,20000,0.0,1.0,,0
75,0.25,100,20000,0.0,1.0,,0
75,0.25,250,20000,0.0,1.0,,0
75,0.25,500,20000,0.0,1.0,,0
75,0.25,1000,20000,0.0,1.0,,0
75,0.25,10,22000,0.0,1.0,,0
75,0.25,25,22000,0.0,1.0,,0
75,0.25,50,22000,0.0,1.0,,0
75,0.25,100,22000,0.0,1.0,,0
75,0.25,250,22000,0.0,1.0,,0
75,0.25,500,22000,0.0,1.0,,0
75,0.25,1000,22000,0.0,1.0,,0
100,0.25,10,50,0.4779500019065478,0.09457153642884107,0.012775596231222153,168
100,0.25,25,50,0.48763524321243135,0.09318233295583239,0.503724992275238,135
100,0.25,50,50,0.48307516952800905,0.08895432238580596,803.2853393554688,126
100,0.25,100,50,0.4955195701810818,0.08057380143450359,0.7049587965011597,61
100,0.25,250,50,0.5055963257522157,0.07272178180445452,0.626730740070343,27
100,0.25,500,50,0.508607209173504,0.1065911664779162,0.6138298511505127,18
100,0.25,1000,50,0.5088956731125283,0.15204228010570026,0.7017430663108826,13
100,0.25,10,100,0.48811605076286496,0.07344658361645905,0.5828580856323242,82
100,0.25,25,100,0.4983613661600059,0.03485088712721782,0.6268889307975769,72
100,0.25,50,100,0.4968116002978839,0.051853529633824086,0.638802707195282,64
100,0.25,100,100,0.49559675159139044,0.07788599471498679,0.6935141682624817,57
100,0.25,250,100,0.5055963257522157,0.07272178180445452,0.6267305612564087,27
100,0.25,500,100,0.508607209173504,0.1065911664779162,0.6138299703598022,18
100,0.25,1000,100,0.5088956731125283,0.15204228010570026,0.7017431855201721,13
100,0.25,10,250,0.5024355065146676,0.047444318610796524,0.6236658692359924,33
100,0.25,25,250,0.5060506890318985,0.037463193657984145,0.5805712938308716,32
100,0.25,50,250,0.5042054981421964,0.042023405058512646,0.5695067644119263,31
100,0.25,100,250,0.5057525251444164,0.037644394110985274,0.5665181279182434,29
100,0.25,250,250,0.5055963257522157,0.07272178180445452,0.6267305612564087,27
100,0.25,500,250,0.5090309103675329,0.09836164590411477,0.6375879645347595,16
100,0.25,1000,250,0.5088956731125283,0.15204228010570026,0.7017430663108826,13
100,0.25,10,500,0.5126317599673841,0.03417138542846357,0.552598774433136,21
100,0.25,25,500,0.513748636756946,0.023012457531143827,0.5341392159461975,21
100,0.25,50,500,0.5133321289908798,0.03587768969422424,0.5447964072227478,20
100,0.25,100,500,0.5141219113630612,0.040604001510003776,0.5526110529899597,19
100,0.25,250,500,0.5119867566830709,0.06268025670064176,0.5814966559410095,19
100,0.25,500,500,0.5090309103675329,0.09836164590411477,0.6375879645347595,16
100,0.25,1000,500,0.5088956731125283,0.15204228010570026,0.7017433047294617,13
100,0.25,10,1000,0.519096560951172,0.06326915817289543,0.5857936143875122,15
100,0.25,25,1000,0.5205396617825634,0.04499811249528124,0.5841153264045715,15
100,0.25,50,1000,0.5180833962889048,0.065760664401661,0.5906795859336853,15
100,0.25,100,1000,0.5175622028222427,0.06902227255568139,0.60830157995224,15
100,0.25,250,1000,0.5130858685550662,0.10029445073612685,0.6376951336860657,13
100,0.25,500,1000,0.5118576471768242,0.10665156662891657,0.6355456113815308,13
100,0.25,1000,1000,0.5119644180539367,0.16099660249150624,0.7418622970581055,12
100,0.25,10,2500,0.5648776199149576,0.11161947904869762,0.5842851996421814,7
100,0.25,25,2500,0.5516674332236828,0.10476406191015478,0.6318555474281311,8
100,0.25,50,2500,0.5599372756946227,0.11737259343148358,0.6271301507949829,7
100,0.25,100,2500,0.5610240330374218,0.17725934314835787,0.6240468621253967,7
100,0.25,250,2500,0.5650363784582599,0.21970554926387317,0.6928775906562805,7
100,0.25,500,2500,0.579945284953911,0.2477765194412986,0.6391259431838989,6
100,0.25,1000,2500,0.547112023734648,0.2239486598716497,0.6293686032295227,6
100,0.25,10,5000,0.5690087302577836,0.15465458663646658,0.6423036456108093,5
100,0.25,25,5000,0.6908125836229603,0.08194790486976218,0.5849964618682861,4
100,0.25,50,5000,0.5796652026411313,0.03423178557946395,0.45762234926223755,3
100,0.25,100,5000,0.5759757512300235,0.037931294828237073,0.4578101336956024,3
100,0.25,250,5000,0.5296285510162386,0.12193280483201208,0.5045005083084106,3
100,0.25,500,5000,0.5337612491629016,0.2198716496791242,0.5978658199310303,3
100,0.25,1000,5000,0.7006959524927421,0.3377123442808607,0.7844752073287964,3
100,0.25,10,10000,0.5890953672258779,0.04190260475651189,0.4649551212787628,3
100,0.25,25,10000,0.5828550222078804,0.034141185352963385,0.46086230874061584,3
100,0.25,50,10000,0.5796652026411313,0.03423178557946395,0.45762231945991516,3
100,0.25,100,10000,0.5759757512300235,0.037931294828237073,0.4578101634979248,3
100,0.25,250,10000,0.5296285510162386,0.12193280483201208,0.5045003890991211,3
100,0.25,500,10000,0.5337612491629016,0.2198716496791242,0.597865879535675,3
100,0.25,1000,10000,0.34122548689379434,0.1143525858814647,0.40092581510543823,2
100,0.25,10,15000,0.5890953672258779,0.04190260475651189,0.4649551212787628,3
100,0.25,25,15000,0.5828550222078804,0.034141185352963385,0.46086230874061584,3
100,0.25,50,15000,0.5796652026411313,0.03423178557946395,0.4576222896575928,3
100,0.25,100,15000,0.5759757512300235,0.037931294828237073,0.45781010389328003,3
100,0.25,250,15000,0.5296285510162386,0.12193280483201208,0.5045003890991211,3
100,0.25,500,15000,0.5337612491629016,0.2198716496791242,0.5978658199310303,3
100,0.25,1000,15000,0.34122548689379434,0.1143525858814647,0.40092572569847107,2
100,0.25,10,20000,0.0,1.0,,0
100,0.25,25,20000,0.0,1.0,,0
100,0.25,50,20000,0.0,1.0,,0
100,0.25,100,20000,0.0,1.0,,0
100,0.25,250,20000,0.0,1.0,,0
100,0.25,500,20000,0.0,1.0,,0
100,0.25,1000,20000,0.0,1.0,,0
100,0.25,10,22000,0.0,1.0,,0
100,0.25,25,22000,0.0,1.0,,0
100,0.25,50,22000,0.0,1.0,,0
100,0.25,100,22000,0.0,1.0,,0
100,0.25,250,22000,0.0,1.0,,0
100,0.25,500,22000,0.0,1.0,,0
100,0.25,1000,22000,0.0,1.0,,0
10,0.5,10,50,0.0701748961944598,0.44058890147225366,-0.3046911060810089,256
10,0.5,25,50,0.08159654332459862,0.5628237070592677,-0.18993552029132843,186
10,0.5,50,50,0.0897099673114797,0.6343223858059646,-0.10336338728666306,122
10,0.5,100,50,0.07899461150908456,0.6934994337485844,0.015876473858952522,65
10,0.5,250,50,0.06951745474748924,0.7485692714231785,0.20437252521514893,25
10,0.5,500,50,0.048624700307805274,0.8092261230653076,0.29882124066352844,16
10,0.5,1000,50,0.03423295114924074,0.8653982634956587,0.37631353735923767,11
10,0.5,10,100,0.07832351107908368,0.5081766704416761,-0.1873600035905838,113
10,0.5,25,100,0.09420399742573907,0.5805511513778785,-0.13382597267627716,85
10,0.5,50,100,0.09234081308901251,0.6506606266515667,0.029573729261755943,65
10,0.5,100,100,0.08204113714169622,0.6880483201208003,0.01144552044570446,57
10,0.5,250,100,0.07004666173380612,0.7506832767081918,0.2048255056142807,23
10,0.5,500,100,0.05374856460982929,0.8024915062287655,0.3352929949760437,15
10,0.5,1000,100,0.03504821630906886,0.8656398640996602,0.42416006326675415,9
10,0.5,10,250,0.08998471674662863,0.5646206115515289,-0.0842348039150238,42
10,0.5,25,250,0.10155897154229242,0.6251415628539071,-0.016986731439828873,37
10,0.5,50,250,0.10410357194637183,0.6838052095130238,0.08261755853891373,29
10,0.5,100,250,0.093837275226829,0.6974254435636089,0.08085905015468597,31
10,0.5,250,250,0.07112101114965126,0.7562853907134768,0.21839222311973572,21
10,0.5,500,250,0.057263752826266,0.8026274065685164,0.4145177900791168,11
10,0.5,1000,250,0.035491920940100355,0.8674065685164213,0.6041834354400635,8
10,0.5,10,500,0.07926751306265799,0.6379765949414874,0.07127222418785095,21
10,0.5,25,500,0.06873796715281957,0.7511664779161948,0.13045676052570343,15
10,0.5,50,500,0.08613790670424937,0.7419101547753869,0.16330458223819733,15
10,0.5,100,500,0.08860268708907325,0.7497923744809362,0.17492638528347015,13
10,0.5,250,500,0.08545503355461878,0.741608154020385,0.25715091824531555,13
10,0.5,500,500,0.057263752826266,0.8026274065685164,0.4145177900791168,11
10,0.5,1000,500,0.0324766448289137,0.873914684786712,0.6073034405708313,7
10,0.5,10,1000,0.08379712756692695,0.7066062665156663,0.12823690474033356,12
10,0.5,25,1000,0.1022752405252603,0.709445073612684,-0.1470659226179123,6
10,0.5,50,1000,0.08113147372123669,0.7621140052850132,0.1931147426366806,9
10,0.5,100,1000,0.0018622994492710008,0.09431483578708946,-0.17902950942516327,2
10,0.5,250,1000,0.07815092702821247,0.7759305398263495,0.31696319580078125,10
10,0.5,500,1000,0.05556298144733729,0.8253680634201586,0.5189557671546936,9
10,0.5,1000,1000,0.034287606399630216,0.884167610419026,0.723027229309082,6
10,0.5,10,2500,0.005639110016514424,0.283684409211023,-0.021215850487351418,2
10,0.5,25,2500,0.013850607418898384,0.3710834277085693,-0.035647813230752945,2
10,0.5,50,2500,0.04094451952835269,0.47287278218195544,-0.06013912707567215,2
10,0.5,100,2500,0.0,1.0,,0
10,0.5,250,2500,0.019067476399104135,0.891038127595319,0.458825021982193,2
10,0.5,500,2500,0.035211364545357296,0.8332351830879577,0.7736666202545166,2
10,0.5,1000,2500,0.041720348850906495,0.8387466968667422,0.8510686755180359,2
10,0.5,10,5000,0.0,1.0,,0
10,0.5,25,5000,0.0,1.0,,0
10,0.5,50,5000,0.0,1.0,,0
10,0.5,100,5000,0.0,1.0,,0
10,0.5,250,5000,0.0,1.0,,0
10,0.5,500,5000,0.0,1.0,,0
10,0.5,1000,5000,0.041720348850906495,0.8387466968667422,0.8510686159133911,2
10,0.5,10,10000,0.0,1.0,,0
10,0.5,25,10000,0.0,1.0,,0
10,0.5,50,10000,0.0,1.0,,0
10,0.5,100,10000,0.0,1.0,,0
10,0.5,250,10000,0.0,1.0,,0
10,0.5,500,10000,0.0,1.0,,0
10,0.5,1000,10000,0.0,1.0,,0
10,0.5,10,15000,0.0,1.0,,0
10,0.5,25,15000,0.0,1.0,,0
10,0.5,50,15000,0.0,1.0,,0
10,0.5,100,15000,0.0,1.0,,0
10,0.5,250,15000,0.0,1.0,,0
10,0.5,500,15000,0.0,1.0,,0
10,0.5,1000,15000,0.0,1.0,,0
10,0.5,10,20000,0.0,1.0,,0
10,0.5,25,20000,0.0,1.0,,0
10,0.5,50,20000,0.0,1.0,,0
10,0.5,100,20000,0.0,1.0,,0
10,0.5,250,20000,0.0,1.0,,0
10,0.5,500,20000,0.0,1.0,,0
10,0.5,1000,20000,0.0,1.0,,0
10,0.5,10,22000,0.0,1.0,,0
10,0.5,25,22000,0.0,1.0,,0
10,0.5,50,22000,0.0,1.0,,0
10,0.5,100,22000,0.0,1.0,,0
10,0.5,250,22000,0.0,1.0,,0
10,0.5,500,22000,0.0,1.0,,0
10,0.5,1000,22000,0.0,1.0,,0
15,0.5,10,50,0.06973185817261367,0.45549263873159684,-0.2638118863105774,228
15,0.5,25,50,0.09002059735008773,0.5700415251038128,-0.08355829864740372,174
15,0.5,50,50,0.08935649438765629,0.6346998867497169,0.06722821295261383,124
15,0.5,100,50,0.08652397229754906,0.660958852397131,0.11895860731601715,62
15,0.5,250,50,0.06345973793329816,0.7221442053605134,0.38578274846076965,25
15,0.5,500,50,0.04431885085899642,0.7796300490751227,0.6724005937576294,15
15,0.5,1000,50,0.02753134937280091,0.8033069082672707,0.878362774848938,10
15,0.5,10,100,0.06392326801686612,0.5078746696866742,-0.15413297712802887,103
15,0.5,25,100,0.07996529541115739,0.5949414873537184,-0.07969368994235992,81
15,0.5,50,100,0.07882855301298188,0.6486825217063042,0.10102798789739609,69
15,0.5,100,100,0.08605407113948653,0.6635711589278973,0.11786547303199768,60
15,0.5,250,100,0.06345973793329816,0.7221442053605134,0.38578274846076965,25
15,0.5,500,100,0.04420317155212944,0.7649377123442809,0.6569628715515137,13
15,0.5,1000,100,0.026922424702388238,0.8047565118912797,0.8915094137191772,9
15,0.5,10,250,0.06917168913984012,0.5299660249150623,-0.0980035737156868,44
15,0.5,25,250,0.07588841534476469,0.6031257078142696,-0.010263519361615181,30
15,0.5,50,250,0.07522894979079227,0.6738693846734617,0.21459560096263885,29
15,0.5,100,250,0.09345586072425922,0.6629218573046433,0.09465690702199936,26
15,0.5,250,250,0.06519973100584292,0.729452623631559,0.4021514654159546,22
15,0.5,500,250,0.044466842552494806,0.7645753114382786,0.7274470925331116,12
15,0.5,1000,250,0.029400521076144947,0.8011627029067573,0.7553852796554565,8
15,0.5,10,500,0.08516718643704663,0.5778633446583616,0.006347477436065674,24
15,0.5,25,500,0.07123142764307748,0.6382936957342393,0.10738451033830643,18
15,0.5,50,500,0.07296943301279579,0.7199546998867498,0.4319128692150116,14
15,0.5,100,500,0.09419749598377068,0.6982861457153643,0.3406672775745392,16
15,0.5,250,500,0.06663300330297683,0.7266440166100415,0.5864575505256653,14
15,0.5,500,500,0.04855951094201688,0.7590788976972442,0.6592697501182556,11
15,0.5,1000,500,0.029400521076144947,0.8011627029067573,0.7553852796554565,8
15,0.5,10,1000,0.12023569892008534,0.34375235938089843,-0.020390111953020096,10
15,0.5,25,1000,0.08412472905680975,0.7027557568893922,0.2346699833869934,9
15,0.5,50,1000,0.07904802130689101,0.7412306530766327,0.32051655650138855,9
15,0.5,100,1000,0.06838297943641437,0.7436164590411476,0.5010119080543518,10
15,0.5,250,1000,0.08083466977886941,0.7260702151755379,0.46571895480155945,9
15,0.5,500,1000,0.04382776024629506,0.76800302000755,0.6180139780044556,9
15,0.5,1000,1000,0.029400521076144947,0.8011627029067573,0.755385160446167,8
15,0.5,10,2500,0.0809836105018115,0.38151755379388447,0.05113307014107704,4
15,0.5,25,2500,0.07371359144744075,0.7348433371083428,0.6183432936668396,4
15,0.5,50,2500,0.06862889409948546,0.7626123065307663,0.5010802745819092,3
15,0.5,100,2500,0.060862205144793985,0.7614647036617591,0.522638201713562,3
15,0.5,250,2500,0.044835639398575926,0.4539977349943375,-0.16152708232402802,2
15,0.5,500,2500,0.06870502270411061,0.7481011702529257,0.586810290813446,3
15,0.5,1000,2500,0.13414503270074102,0.7097319743299358,0.6987687349319458,2
15,0.5,10,5000,0.09369880884417972,0.42349565873914685,0.2481497973203659,2
15,0.5,25,5000,0.0707004472122815,0.7345111362778407,0.4208562672138214,3
15,0.5,50,5000,0.05087695020653941,0.7231559078897697,0.2338963896036148,2
15,0.5,100,5000,0.050091431349481116,0.7402038505096262,0.23173435032367706,2
15,0.5,250,5000,0.046337040453693884,0.746576066440166,0.5377838611602783,2
15,0.5,500,5000,0.0,1.0,,0
15,0.5,1000,5000,0.0,1.0,,0
15,0.5,10,10000,0.0,1.0,,0
15,0.5,25,10000,0.0,1.0,,0
15,0.5,50,10000,0.0,1.0,,0
15,0.5,100,10000,0.0,1.0,,0
15,0.5,250,10000,0.0,1.0,,0
15,0.5,500,10000,0.0,1.0,,0
15,0.5,1000,10000,0.0,1.0,,0
15,0.5,10,15000,0.0,1.0,,0
15,0.5,25,15000,0.0,1.0,,0
15,0.5,50,15000,0.0,1.0,,0
15,0.5,100,15000,0.0,1.0,,0
15,0.5,250,15000,0.0,1.0,,0
15,0.5,500,15000,0.0,1.0,,0
15,0.5,1000,15000,0.0,1.0,,0
15,0.5,10,20000,0.0,1.0,,0
15,0.5,25,20000,0.0,1.0,,0
15,0.5,50,20000,0.0,1.0,,0
15,0.5,100,20000,0.0,1.0,,0
15,0.5,250,20000,0.0,1.0,,0
15,0.5,500,20000,0.0,1.0,,0
15,0.5,1000,20000,0.0,1.0,,0
15,0.5,10,22000,0.0,1.0,,0
15,0.5,25,22000,0.0,1.0,,0
15,0.5,50,22000,0.0,1.0,,0
15,0.5,100,22000,0.0,1.0,,0
15,0.5,250,22000,0.0,1.0,,0
15,0.5,500,22000,0.0,1.0,,0
15,0.5,1000,22000,0.0,1.0,,0
30,0.5,10,50,0.3696546307608003,0.23882219705549265,-0.33996203541755676,171
30,0.5,25,50,0.40613942624965965,0.29215553038882597,-0.23160524666309357,136
30,0.5,50,50,0.40866842492280636,0.33618724046810117,-0.15130439400672913,106
30,0.5,100,50,0.4120391378782906,0.3383163457908645,0.2505338191986084,56
30,0.5,250,50,0.4070064965806356,0.3914080785201963,0.4915751516819,28
30,0.5,500,50,0.36615781171202366,0.4493469233673084,0.5369835495948792,18
30,0.5,1000,50,0.35526557248528673,0.49819554548886374,0.6333983540534973,11
30,0.5,10,100,0.3652259103064799,0.2564137410343526,0.06394890695810318,73
30,0.5,25,100,0.40974645822115124,0.2955983389958475,-0.12117958068847656,70
30,0.5,50,100,0.44788601865158745,0.31856549641374104,0.12331580370664597,61
30,0.5,100,100,0.4181933287709842,0.3330162325405813,0.3745761811733246,51
30,0.5,250,100,0.4070064965806356,0.3914080785201963,0.4915751516819,28
30,0.5,500,100,0.3664936605350655,0.4514307285768214,0.5648777484893799,16
30,0.5,1000,100,0.35526557248528673,0.49819554548886374,0.6333984136581421,11
30,0.5,10,250,0.3625385403234484,0.21079652699131748,0.04468279331922531,34
30,0.5,25,250,0.4270429054889584,0.3215553038882597,0.25718751549720764,31
30,0.5,50,250,0.4188265499491832,0.32819932049830125,0.3136824667453766,28
30,0.5,100,250,0.42706020816409684,0.34567006417516044,0.43285664916038513,26
30,0.5,250,250,0.3976241276409993,0.38385805964514913,0.5123323202133179,24
30,0.5,500,250,0.3688833698631377,0.4521253303133258,0.5964376926422119,14
30,0.5,1000,250,0.35526557248528673,0.49819554548886374,0.6333984136581421,11
30,0.5,10,500,0.36266746431232766,0.23315968289920724,0.2851598560810089,21
30,0.5,25,500,0.41463631303081283,0.3565571913929785,0.511939525604248,18
30,0.5,50,500,0.400581160147448,0.3648924122310306,0.4577800929546356,18
30,0.5,100,500,0.41485887216764433,0.358882597206493,0.45281121134757996,19
30,0.5,250,500,0.3877651158076856,0.40096640241600606,0.4961378574371338,17
30,0.5,500,500,0.3688833698631377,0.4521253303133258,0.5964378118515015,14
30,0.5,1000,500,0.35526557248528673,0.49819554548886374,0.6333983540534973,11
30,0.5,10,1000,0.3517312978215341,0.30644016610041525,0.35234174132347107,13
30,0.5,25,1000,0.41310500302362685,0.3860173650434126,0.5450667142868042,14
30,0.5,50,1000,0.4067552309473629,0.3818195545488864,0.5107889771461487,14
30,0.5,100,1000,0.4315517086287533,0.3806719516798792,0.4563480615615845,14
30,0.5,250,1000,0.37345812540326573,0.41898074745186864,0.5347452759742737,13
30,0.5,500,1000,0.3613719400316887,0.4723744809362023,0.5949793457984924,11
30,0.5,1000,1000,0.3516343752312401,0.5090826727066817,0.6659203767776489,10
30,0.5,10,2500,0.3191158415041528,0.003291808229520574,-0.04148995876312256,3
30,0.5,25,2500,0.3159365027225327,0.010585126462816157,-0.03674128279089928,3
30,0.5,50,2500,0.3080258939009987,0.11636089090222726,0.05867750570178032,3
30,0.5,100,2500,0.3126581715747599,0.2513250283125708,0.2260275036096573,4
30,0.5,250,2500,0.304708493440645,0.20690071725179313,0.07701500505208969,3
30,0.5,500,2500,0.3689658474969678,0.4737938844847112,0.6721487045288086,5
30,0.5,1000,2500,0.3726113470489193,0.48655341638354094,0.6915810704231262,5
30,0.5,10,5000,0.3261194880212961,0.0017516043790109475,0.22078025341033936,2
30,0.5,25,5000,0.3241570020382308,0.008365420913552284,0.22328020632266998,2
30,0.5,50,5000,0.3147880368784146,0.0442884107210268,0.23634234070777893,2
30,0.5,100,5000,0.3199419334918337,0.04018120045300113,0.23757566511631012,2
30,0.5,250,5000,0.3315010360069668,0.12520951302378255,0.2677057683467865,2
30,0.5,500,5000,0.34345054507673606,0.16578331445828615,0.2975861728191376,2
30,0.5,1000,5000,0.43833131850948426,0.26994337485843717,0.40317076444625854,2
30,0.5,10,10000,0.3261194880212961,0.0017516043790109475,0.22078023850917816,2
30,0.5,25,10000,0.3241570020382308,0.008365420913552284,0.22328028082847595,2
30,0.5,50,10000,0.3147880368784146,0.0442884107210268,0.2363423854112625,2
30,0.5,100,10000,0.3199419334918337,0.04018120045300113,0.23757566511631012,2
30,0.5,250,10000,0.3315010360069668,0.12520951302378255,0.2677057683467865,2
30,0.5,500,10000,0.34345054507673606,0.16578331445828615,0.2975861728191376,2
30,0.5,1000,10000,0.43833131850948426,0.26994337485843717,0.40317073464393616,2
30,0.5,10,15000,0.3261194880212961,0.0017516043790109475,0.22078023850917816,2
30,0.5,25,15000,0.3241570020382308,0.008365420913552284,0.22328023612499237,2
30,0.5,50,15000,0.3147880368784146,0.0442884107210268,0.23634235560894012,2
30,0.5,100,15000,0.3199419334918337,0.04018120045300113,0.23757565021514893,2
30,0.5,250,15000,0.3315010360069668,0.12520951302378255,0.2677057385444641,2
30,0.5,500,15000,0.34345054507673606,0.16578331445828615,0.2975861430168152,2
30,0.5,1000,15000,0.43833131850948426,0.26994337485843717,0.40317073464393616,2
30,0.5,10,20000,0.0,1.0,,0
30,0.5,25,20000,0.0,1.0,,0
30,0.5,50,20000,0.0,1.0,,0
30,0.5,100,20000,0.0,1.0,,0
30,0.5,250,20000,0.0,1.0,,0
30,0.5,500,20000,0.0,1.0,,0
30,0.5,1000,20000,0.0,1.0,,0
30,0.5,10,22000,0.0,1.0,,0
30,0.5,25,22000,0.0,1.0,,0
30,0.5,50,22000,0.0,1.0,,0
30,0.5,100,22000,0.0,1.0,,0
30,0.5,250,22000,0.0,1.0,,0
30,0.5,500,22000,0.0,1.0,,0
30,0.5,1000,22000,0.0,1.0,,0
50,0.5,10,50,0.49011538785190495,0.07989429973574934,-0.023144783452153206,132
50,0.5,25,50,0.48607381746360767,0.04818422046055115,-0.07832895964384079,125
50,0.5,50,50,0.4846853682239222,0.08018120045300113,-0.03813662752509117,107
50,0.5,100,50,0.48922363537175495,0.09443563608909022,0.6968827247619629,52
50,0.5,250,50,0.4873662883131778,0.12523971309928275,0.7439184188842773,29
50,0.5,500,50,0.481807103831522,0.19149867874669688,0.8158974051475525,17
50,0.5,1000,50,0.486845602302602,0.2115666289165723,0.789975106716156,15
50,0.5,10,100,0.48687793580444905,0.07885239713099283,0.6281988024711609,69
50,0.5,25,100,0.49630164637150004,0.03779539448848622,0.48249074816703796,61
50,0.5,50,100,0.49592595267623135,0.055175537938844846,0.6050825119018555,52
50,0.5,100,100,0.4894271054985568,0.0955681389203473,0.7045103311538696,49
50,0.5,250,100,0.48719123945519915,0.12604001510003776,0.7453700304031372,28
50,0.5,500,100,0.48211513486582747,0.18236315590788976,0.7842897772789001,16
50,0.5,1000,100,0.4871181855601787,0.21244243110607777,0.8272231817245483,14
50,0.5,10,250,0.49395127363789715,0.07794639486598716,0.6349146962165833,30
50,0.5,25,250,0.4957853467876625,0.07151377878444697,0.6346830129623413,32
50,0.5,50,250,0.49634636759559403,0.07075877689694224,0.6326799392700195,31
50,0.5,100,250,0.4890867561646952,0.10849377123442809,0.7130365967750549,28
50,0.5,250,250,0.4869563978133697,0.12765571913929785,0.7456244230270386,27
50,0.5,500,250,0.48211513486582747,0.18236315590788976,0.7842897772789001,16
50,0.5,1000,250,0.48548755347269956,0.2161268403171008,0.8641066551208496,13
50,0.5,10,500,0.491219641198264,0.11592298980747452,0.6501095294952393,17
50,0.5,25,500,0.4936525969765649,0.11926009815024538,0.6676841378211975,18
50,0.5,50,500,0.4948628769756325,0.11796149490373727,0.6583395004272461,17
50,0.5,100,500,0.4901939526009587,0.13090222725556813,0.6840317249298096,17
50,0.5,250,500,0.48855872945793577,0.14106455266138165,0.7142439484596252,17
50,0.5,500,500,0.48503419906341133,0.17765194412986032,0.7676398754119873,15
50,0.5,1000,500,0.48548755347269956,0.2161268403171008,0.8641067743301392,13
50,0.5,10,1000,0.49679143964706246,0.125919214798037,0.6660391092300415,13
50,0.5,25,1000,0.4998359492699889,0.13890524726311815,0.7142411470413208,12
50,0.5,50,1000,0.4976622157536414,0.1457908644771612,0.7099547982215881,13
50,0.5,100,1000,0.4926449262738253,0.1758248395620989,0.755081295967102,12
50,0.5,250,1000,0.49220855201734237,0.17192902982257455,0.7786160707473755,12
50,0.5,500,1000,0.4890125839483587,0.1927670819177048,0.8263260722160339,12
50,0.5,1000,1000,0.49009367199802983,0.1978406946017365,0.7679288387298584,11
50,0.5,10,2500,0.5375121872445418,0.23332578331445827,0.697231113910675,6
50,0.5,25,2500,0.5335210139712472,0.23906379765949415,0.7166639566421509,6
50,0.5,50,2500,0.5381948111720537,0.24628161570403925,0.7686400413513184,7
50,0.5,100,2500,0.5361461972622648,0.2757266893167233,0.7365858554840088,6
50,0.5,250,2500,0.5262312394212941,0.2644016610041525,0.6867454648017883,5
50,0.5,500,2500,0.5943872415871819,0.3572970932427331,0.8017157912254333,4
50,0.5,1000,2500,0.554323644294305,0.31417138542846357,0.812987208366394,5
50,0.5,10,5000,0.5437696601970127,0.0617440543601359,0.5096389055252075,3
50,0.5,25,5000,0.5457894415928977,0.05650434126085315,0.49958518147468567,3
50,0.5,50,5000,0.5457424155436549,0.05653454133635334,0.4995671510696411,3
50,0.5,100,5000,0.5434733813062399,0.05885994714986788,0.5024183392524719,3
50,0.5,250,5000,0.580429789029321,0.0016157040392600981,0.5068867802619934,3
50,0.5,500,5000,0.580429789029321,0.0016157040392600981,0.5068866610527039,3
50,0.5,1000,5000,0.5804108039326973,0.0016308040770101925,0.5068764686584473,3
50,0.5,10,10000,0.5437696601970127,0.0617440543601359,0.509638786315918,3
50,0.5,25,10000,0.5457894415928977,0.05650434126085315,0.49958521127700806,3
50,0.5,50,10000,0.5457424155436549,0.05653454133635334,0.4995670020580292,3
50,0.5,100,10000,0.5434733813062399,0.05885994714986788,0.5024184584617615,3
50,0.5,250,10000,0.580429789029321,0.0016157040392600981,0.5068866610527039,3
50,0.5,500,10000,0.580429789029321,0.0016157040392600981,0.5068867206573486,3
50,0.5,1000,10000,0.5804108039326973,0.0016308040770101925,0.5068764090538025,3
50,0.5,10,15000,0.5437696601970127,0.0617440543601359,0.5096387267112732,3
50,0.5,25,15000,0.5457894415928977,0.05650434126085315,0.49958524107933044,3
50,0.5,50,15000,0.5457424155436549,0.05653454133635334,0.49956703186035156,3
50,0.5,100,15000,0.5434733813062399,0.05885994714986788,0.5024184584617615,3
50,0.5,250,15000,0.580429789029321,0.0016157040392600981,0.5068866610527039,3
50,0.5,500,15000,0.580429789029321,0.0016157040392600981,0.5068866610527039,3
50,0.5,1000,15000,0.5804108039326973,0.0016308040770101925,0.5068764090538025,3
50,0.5,10,20000,0.0,1.0,,0
50,0.5,25,20000,0.0,1.0,,0
50,0.5,50,20000,0.0,1.0,,0
50,0.5,100,20000,0.0,1.0,,0
50,0.5,250,20000,0.0,1.0,,0
50,0.5,500,20000,0.0,1.0,,0
50,0.5,1000,20000,0.0,1.0,,0
50,0.5,10,22000,0.0,1.0,,0
50,0.5,25,22000,0.0,1.0,,0
50,0.5,50,22000,0.0,1.0,,0
50,0.5,100,22000,0.0,1.0,,0
50,0.5,250,22000,0.0,1.0,,0
50,0.5,500,22000,0.0,1.0,,0
50,0.5,1000,22000,0.0,1.0,,0
75,0.5,10,50,0.48629536256058364,0.0746243865609664,0.08467277139425278,151
75,0.5,25,50,0.4863800419677651,0.045632314080785205,0.11682001501321793,130
75,0.5,50,50,0.48799016184454025,0.06689316723291808,0.1303662359714508,114
75,0.5,100,50,0.49606655597993093,0.09689694224235561,0.2240532636642456,57
75,0.5,250,50,0.5107092916978452,0.10044545111362778,0.6190782189369202,25
75,0.5,500,50,0.5101774738379984,0.15482068705171764,0.7189920544624329,16
75,0.5,1000,50,0.5212920035596569,0.18825217063042657,0.7723906636238098,12
75,0.5,10,100,0.4911609121653089,0.05984144960362401,0.1813003569841385,70
75,0.5,25,100,0.4916526880739058,0.05152132880332201,0.21115782856941223,68
75,0.5,50,100,0.49715563401983054,0.053242733106832765,0.20557695627212524,62
75,0.5,100,100,0.4965367500409119,0.07842959607399018,0.16981849074363708,46
75,0.5,250,100,0.5107092916978452,0.10044545111362778,0.6190782785415649,25
75,0.5,500,100,0.5084660605824117,0.14668176670441677,0.7266519665718079,15
75,0.5,1000,100,0.5212920035596569,0.18825217063042657,0.7723904848098755,12
75,0.5,10,250,0.5009040340364919,0.052306530766326916,0.5887635946273804,34
75,0.5,25,250,0.5016738238263624,0.05831634579086448,0.5864856243133545,31
75,0.5,50,250,0.50166195927217,0.05413363533408833,0.5757716298103333,30
75,0.5,100,250,0.5106848206628554,0.06535296338240845,0.5737012624740601,27
75,0.5,250,250,0.5097242255850728,0.09605134012835032,0.610578179359436,24
75,0.5,500,250,0.5084660605824117,0.14668176670441677,0.7266517281532288,15
75,0.5,1000,250,0.5212920035596569,0.18825217063042657,0.7723906636238098,12
75,0.5,10,500,0.5058488898950757,0.08217440543601359,0.6070588231086731,18
75,0.5,25,500,0.5043192685656284,0.08868252170630427,0.6319926977157593,18
75,0.5,50,500,0.5087375516018328,0.09260853152132881,0.6377894878387451,17
75,0.5,100,500,0.5200986450905476,0.05940354850887127,0.5540106892585754,15
75,0.5,250,500,0.513794957067128,0.0990864477161193,0.6352749466896057,15
75,0.5,500,500,0.5084660605824117,0.14668176670441677,0.7266518473625183,15
75,0.5,1000,500,0.5212920035596569,0.18825217063042657,0.7723905444145203,12
75,0.5,10,1000,0.5228017208404223,0.08095130237825594,0.6188352704048157,12
75,0.5,25,1000,0.523596822898148,0.08792751981879955,0.6090580224990845,12
75,0.5,50,1000,0.516747140353232,0.09979614949037373,0.6437026262283325,13
75,0.5,100,1000,0.5237051858291137,0.07722159305398263,0.6210826635360718,12
75,0.5,250,1000,0.5157210923107985,0.09550773876934693,0.6501550674438477,13
75,0.5,500,1000,0.5174642588067915,0.16070970177425445,0.7283036112785339,12
75,0.5,1000,1000,0.5212920035596569,0.18825217063042657,0.7723907232284546,12
75,0.5,10,2500,0.5576754854105038,0.18841827104567763,0.706707775592804,7
75,0.5,25,2500,0.5601911175182214,0.14843337108342772,0.640831470489502,7
75,0.5,50,2500,0.5550227403747369,0.06968667421668555,0.5464627146720886,6
75,0.5,100,2500,0.5610858154874171,0.18651566628916572,0.6970618367195129,7
75,0.5,250,2500,0.5952366005077189,0.26050585126462816,0.806840181350708,6
75,0.5,500,2500,0.5890509174833378,0.2751528878822197,0.7539113759994507,5
75,0.5,1000,2500,0.585407652163875,0.2727368818422046,0.7816199064254761,5
75,0.5,10,5000,0.5975631056338206,0.013272933182332957,0.451643705368042,3
75,0.5,25,5000,0.5162576502670828,0.11534918837297094,0.5502925515174866,4
75,0.5,50,5000,0.5159257359189879,0.1183691959229898,0.5528314709663391,4
75,0.5,100,5000,0.5975631056338206,0.013272933182332957,0.4516437351703644,3
75,0.5,250,5000,0.6012075176699359,0.02725556813892035,0.47638800740242004,3
75,0.5,500,5000,0.5479198091786854,0.12389580973952435,0.5604161024093628,3
75,0.5,1000,5000,0.5622635055456093,0.10724046810117026,0.5645666718482971,3
75,0.5,10,10000,0.5975631056338206,0.013272933182332957,0.451643705368042,3
75,0.5,25,10000,0.5975631056338206,0.013272933182332957,0.45164376497268677,3
75,0.5,50,10000,0.6009167093991558,0.01608154020385051,0.45700469613075256,3
75,0.5,100,10000,0.5975631056338206,0.013272933182332957,0.4516437351703644,3
75,0.5,250,10000,0.6012075176699359,0.02725556813892035,0.47638800740242004,3
75,0.5,500,10000,0.5479198091786854,0.12389580973952435,0.5604159832000732,3
75,0.5,1000,10000,0.5622635055456093,0.10724046810117026,0.5645666718482971,3
75,0.5,10,15000,0.5975631056338206,0.013272933182332957,0.451643705368042,3
75,0.5,25,15000,0.5975631056338206,0.013272933182332957,0.4516436755657196,3
75,0.5,50,15000,0.6009167093991558,0.01608154020385051,0.45700469613075256,3
75,0.5,100,15000,0.5975631056338206,0.013272933182332957,0.451643705368042,3
75,0.5,250,15000,0.6012075176699359,0.02725556813892035,0.47638800740242004,3
75,0.5,500,15000,0.5479198091786854,0.12389580973952435,0.560416042804718,3
75,0.5,1000,15000,0.5622635055456093,0.10724046810117026,0.5645666122436523,3
75,0.5,10,20000,0.0,1.0,,0
75,0.5,25,20000,0.0,1.0,,0
75,0.5,50,20000,0.0,1.0,,0
75,0.5,100,20000,0.0,1.0,,0
75,0.5,250,20000,0.0,1.0,,0
75,0.5,500,20000,0.0,1.0,,0
75,0.5,1000,20000,0.0,1.0,,0
75,0.5,10,22000,0.0,1.0,,0
75,0.5,25,22000,0.0,1.0,,0
75,0.5,50,22000,0.0,1.0,,0
75,0.5,100,22000,0.0,1.0,,0
75,0.5,250,22000,0.0,1.0,,0
75,0.5,500,22000,0.0,1.0,,0
75,0.5,1000,22000,0.0,1.0,,0
100,0.5,10,50,0.4852543805571161,0.10704416761041903,0.1397423893213272,160
100,0.5,25,50,0.48290019218012437,0.07773499433748585,0.33173868060112,134
100,0.5,50,50,0.4863118621761065,0.07675349188372971,0.5956748127937317,119
100,0.5,100,50,0.49280257042741665,0.09946394865987165,0.6503471732139587,56
100,0.5,250,50,0.5017469982387293,0.08656851642129106,0.6172354817390442,27
100,0.5,500,50,0.5043198910613627,0.13324273310683277,0.6507114768028259,17
100,0.5,1000,50,0.5217652710121332,0.20815402038505096,0.7199545502662659,13
100,0.5,10,100,0.49107762521135473,0.07906379765949414,0.5681745409965515,74
100,0.5,25,100,0.48968115604843965,0.07362778406946018,0.6187499165534973,67
100,0.5,50,100,0.5009292587138884,0.061653454133635335,0.6434084177017212,59
100,0.5,100,100,0.4877343669257296,0.10263495658739147,0.6060475707054138,52
100,0.5,250,100,0.5013740706413239,0.08019630049075123,0.6218755841255188,26
100,0.5,500,100,0.5043198910613627,0.13324273310683277,0.6507115364074707,17
100,0.5,1000,100,0.5217652710121332,0.20815402038505096,0.7199547290802002,13
100,0.5,10,250,0.5036525401177807,0.03675349188372971,0.5492036938667297,32
100,0.5,25,250,0.504534489630192,0.03723669309173273,0.5662833452224731,32
100,0.5,50,250,0.5086405009036885,0.027904869762174406,0.5321531891822815,27
100,0.5,100,250,0.5073112629200066,0.04443941109852775,0.5539507865905762,27
100,0.5,250,250,0.5008705889042215,0.08308040770101925,0.6229881048202515,25
100,0.5,500,250,0.5043198910613627,0.13324273310683277,0.6507114768028259,17
100,0.5,1000,250,0.5217652710121332,0.20815402038505096,0.7199545502662659,13
100,0.5,10,500,0.5067356969911233,0.06411476028690072,0.56890869140625,19
100,0.5,25,500,0.5077807288466093,0.05440543601359003,0.5521147847175598,19
100,0.5,50,500,0.5125715258578244,0.03910909777274443,0.5161633491516113,19
100,0.5,100,500,0.5119433071150176,0.07414118535296338,0.5568116903305054,18
100,0.5,250,500,0.5033749294172956,0.1092487731219328,0.6175358295440674,17
100,0.5,500,500,0.5063196846969363,0.1406870517176293,0.6623228788375854,16
100,0.5,1000,500,0.5218153981656031,0.19323518308795773,0.7046928405761719,11
100,0.5,10,1000,0.5111188379139056,0.09247263118157796,0.6017194986343384,14
100,0.5,25,1000,0.5118130121564307,0.08221970554926387,0.5825297236442566,14
100,0.5,50,1000,0.5223020078657212,0.028584371460928654,0.4867347776889801,15
100,0.5,100,1000,0.5195646933101299,0.06831257078142695,0.5300953388214111,14
100,0.5,250,1000,0.5095680377668644,0.13017742544356362,0.6418811082839966,14
100,0.5,500,1000,0.5154072785643062,0.17318233295583238,0.6925867795944214,13
100,0.5,1000,1000,0.5218153981656031,0.19323518308795773,0.7046927213668823,11
100,0.5,10,2500,0.5447768661010007,0.1618724046810117,0.6639769673347473,8
100,0.5,25,2500,0.5448431392619985,0.16208380520951302,0.6641027927398682,8
100,0.5,50,2500,0.5587541096604998,0.1414873537183843,0.6250831484794617,8
100,0.5,100,2500,0.5519589908507914,0.1466062665156663,0.6151338815689087,8
100,0.5,250,2500,0.5720256121929919,0.24933182332955833,0.6065433025360107,6
100,0.5,500,2500,0.5509789145778473,0.20280860702151757,0.7516896724700928,7
100,0.5,1000,2500,0.5699356045256232,0.20895432238580597,0.6993152499198914,5
100,0.5,10,5000,0.5726081440998615,0.23578708946772367,0.5898556113243103,3
100,0.5,25,5000,0.5087840125561843,0.0937259343148358,0.5046584606170654,4
100,0.5,50,5000,0.5362891490510917,0.18402416006040015,0.5554494261741638,3
100,0.5,100,5000,0.5234031873034101,0.08827482068705171,0.5177271366119385,4
100,0.5,250,5000,0.6146855280559965,0.289920724801812,0.6484852433204651,4
100,0.5,500,5000,0.6138615549013184,0.32825972064930165,0.9111064076423645,3
100,0.5,1000,5000,0.5316392621393925,0.2525330313325783,0.61648029088974,3
100,0.5,10,10000,0.5726081440998615,0.23578708946772367,0.589855432510376,3
100,0.5,25,10000,0.5555048910125399,0.217757644394111,0.5910714864730835,3
100,0.5,50,10000,0.5362891490510917,0.18402416006040015,0.5554495453834534,3
100,0.5,100,10000,0.5749424776947651,0.2372970932427331,0.5854062438011169,3
100,0.5,250,10000,0.5942205487641787,0.28469611174027937,0.6054407358169556,3
100,0.5,500,10000,0.33509675053058585,0.009920724801812005,0.2874518930912018,2
100,0.5,1000,10000,0.34573035262643,0.15016987542468857,0.4010121822357178,2
100,0.5,10,15000,0.5726081440998615,0.23578708946772367,0.589855432510376,3
100,0.5,25,15000,0.5555048910125399,0.217757644394111,0.5910715460777283,3
100,0.5,50,15000,0.5362891490510917,0.18402416006040015,0.5554494261741638,3
100,0.5,100,15000,0.5749424776947651,0.2372970932427331,0.5854061841964722,3
100,0.5,250,15000,0.33474779890024825,0.009905624764061911,0.28722938895225525,2
100,0.5,500,15000,0.33509675053058585,0.009920724801812005,0.28745195269584656,2
100,0.5,1000,15000,0.34573035262643,0.15016987542468857,0.40101221203804016,2
100,0.5,10,20000,0.0,1.0,,0
100,0.5,25,20000,0.0,1.0,,0
100,0.5,50,20000,0.0,1.0,,0
100,0.5,100,20000,0.0,1.0,,0
100,0.5,250,20000,0.0,1.0,,0
100,0.5,500,20000,0.0,1.0,,0
100,0.5,1000,20000,0.0,1.0,,0
100,0.5,10,22000,0.0,1.0,,0
100,0.5,25,22000,0.0,1.0,,0
100,0.5,50,22000,0.0,1.0,,0
100,0.5,100,22000,0.0,1.0,,0
100,0.5,250,22000,0.0,1.0,,0
100,0.5,500,22000,0.0,1.0,,0
100,0.5,1000,22000,0.0,1.0,,0
10,0.75,10,50,0.054099718274135296,0.458724046810117,-0.3354785740375519,242
10,0.75,25,50,0.07597592316987957,0.5753869384673461,-0.2014692723751068,181
10,0.75,50,50,0.07549018281381338,0.6602189505473763,-0.10684044659137726,128
10,0.75,100,50,0.07908540499923832,0.7239562098905247,0.1831429898738861,54
10,0.75,250,50,0.06156832686449815,0.7747376368440921,0.27689364552497864,26
10,0.75,500,50,0.050398286248850795,0.8283729709324273,0.48075369000434875,17
10,0.75,1000,50,0.040389357949047765,0.8647187617969045,0.605075478553772,8
10,0.75,10,100,0.06279477046437482,0.5194563986409966,-0.17433121800422668,109
10,0.75,25,100,0.07890574633295588,0.5904416761041903,-0.08887457847595215,90
10,0.75,50,100,0.08614262521870192,0.6740354850887127,-0.0015296601923182607,61
10,0.75,100,100,0.08459536300691681,0.721283503208758,0.16835850477218628,46
10,0.75,250,100,0.062340907320900515,0.7776368440921102,0.30883461236953735,23
10,0.75,500,100,0.050278554765604264,0.83039637599094,0.5004323124885559,15
10,0.75,1000,100,0.040389357949047765,0.8647187617969045,0.6050754189491272,8
10,0.75,10,250,0.0756502052648892,0.6142997357493394,0.0025958598125725985,38
10,0.75,25,250,0.08498880170351285,0.6388976972442431,0.030863864347338676,37
10,0.75,50,250,0.08824300158649326,0.7277916194790487,0.1448315680027008,25
10,0.75,100,250,0.09397867552268446,0.7337259343148358,0.1133982241153717,25
10,0.75,250,250,0.062340907320900515,0.7776368440921102,0.30883461236953735,23
10,0.75,500,250,0.06559061869818744,0.8139675349188373,0.45493295788764954,12
10,0.75,1000,250,0.040389357949047765,0.8647187617969045,0.6050754189491272,8
10,0.75,10,500,0.06386660576984937,0.7008682521706304,0.04492636397480965,20
10,0.75,25,500,0.07381513653188715,0.7293469233673084,0.08739293366670609,18
10,0.75,50,500,0.08036205549782906,0.7770479426198565,0.20698265731334686,11
10,0.75,100,500,0.0684200182503691,0.77920724801812,0.2840539515018463,14
10,0.75,250,500,0.06674102323851386,0.8034730086825217,0.404950350522995,12
10,0.75,500,500,0.060905314471899584,0.8149943374858437,0.3634716272354126,9
10,0.75,1000,500,0.038031306386730614,0.8783691959229898,0.6991381645202637,6
10,0.75,10,1000,0.07572404387601474,0.7715515288788222,0.3793426752090454,8
10,0.75,25,1000,0.08630218180091817,0.7502453756134391,0.18572744727134705,7
10,0.75,50,1000,0.09038154178784842,0.7313703284258211,-0.0987590104341507,6
10,0.75,100,1000,0.06467299914360258,0.7828010570026425,0.23784202337265015,8
10,0.75,250,1000,0.0801810933662158,0.8046357115892789,0.542129397392273,7
10,0.75,500,1000,0.07260961349466523,0.8010419026047565,0.26332956552505493,7
10,0.75,1000,1000,0.038031306386730614,0.8783691959229898,0.6991381645202637,6
10,0.75,10,2500,0.05801182189665297,0.7690449226123065,0.6965975165367126,2
10,0.75,25,2500,0.06914674778423309,0.5708116270290676,-0.07009735703468323,2
10,0.75,50,2500,0.0,1.0,,0
10,0.75,100,2500,0.0,1.0,,0
10,0.75,250,2500,0.0,1.0,,0
10,0.75,500,2500,0.0674433558442962,0.8053756134390336,0.803041934967041,2
10,0.75,1000,2500,0.08467612844087886,0.7902302755756889,0.7740032076835632,2
10,0.75,10,5000,0.05801182189665297,0.7690449226123065,0.6965975165367126,2
10,0.75,25,5000,0.0,1.0,,0
10,0.75,50,5000,0.0,1.0,,0
10,0.75,100,5000,0.0,1.0,,0
10,0.75,250,5000,0.0,1.0,,0
10,0.75,500,5000,0.0674433558442962,0.8053756134390336,0.8030418157577515,2
10,0.75,1000,5000,0.08467612844087886,0.7902302755756889,0.7740032076835632,2
10,0.75,10,10000,0.0,1.0,,0
10,0.75,25,10000,0.0,1.0,,0
10,0.75,50,10000,0.0,1.0,,0
10,0.75,100,10000,0.0,1.0,,0
10,0.75,250,10000,0.0,1.0,,0
10,0.75,500,10000,0.0,1.0,,0
10,0.75,1000,10000,0.0,1.0,,0
10,0.75,10,15000,0.0,1.0,,0
10,0.75,25,15000,0.0,1.0,,0
10,0.75,50,15000,0.0,1.0,,0
10,0.75,100,15000,0.0,1.0,,0
10,0.75,250,15000,0.0,1.0,,0
10,0.75,500,15000,0.0,1.0,,0
10,0.75,1000,15000,0.0,1.0,,0
10,0.75,10,20000,0.0,1.0,,0
10,0.75,25,20000,0.0,1.0,,0
10,0.75,50,20000,0.0,1.0,,0
10,0.75,100,20000,0.0,1.0,,0
10,0.75,250,20000,0.0,1.0,,0
10,0.75,500,20000,0.0,1.0,,0
10,0.75,1000,20000,0.0,1.0,,0
10,0.75,10,22000,0.0,1.0,,0
10,0.75,25,22000,0.0,1.0,,0
10,0.75,50,22000,0.0,1.0,,0
10,0.75,100,22000,0.0,1.0,,0
10,0.75,250,22000,0.0,1.0,,0
10,0.75,500,22000,0.0,1.0,,0
10,0.75,1000,22000,0.0,1.0,,0
15,0.75,10,50,0.06785466334518217,0.47362778406946016,-0.27643296122550964,211
15,0.75,25,50,0.08211921558858673,0.5681540203850509,-0.13655512034893036,160
15,0.75,50,50,0.08159895801242517,0.6485617214043035,0.020903563126921654,121
15,0.75,100,50,0.08642259509527273,0.6761796904492261,0.09467015415430069,56
15,0.75,250,50,0.06766859637358498,0.7324424311060778,0.362621009349823,31
15,0.75,500,50,0.05174304745490235,0.7695130237825595,0.5682670474052429,16
15,0.75,1000,50,0.03349108434674158,0.8152208380520951,0.8153517246246338,10
15,0.75,10,100,0.07538231888276899,0.5359909399773499,-0.11396417766809464,102
15,0.75,25,100,0.08314582332119018,0.5971913929784824,-0.04492621868848801,77
15,0.75,50,100,0.08014200306719937,0.6402265005662514,-0.07331027090549469,64
15,0.75,100,100,0.09000373802248844,0.6761041902604756,0.045213621109724045,47
15,0.75,250,100,0.06768315173207873,0.734722536806342,0.37568196654319763,29
15,0.75,500,100,0.05225570049454369,0.7715968289920725,0.6083762049674988,14
15,0.75,1000,100,0.03349108434674158,0.8152208380520951,0.8153517246246338,10
15,0.75,10,250,0.06813009583057388,0.554065685164213,-0.07121668010950089,41
15,0.75,25,250,0.07977148862006643,0.6468101170252926,0.11648941785097122,31
15,0.75,50,250,0.08172295540681444,0.6965043412608531,0.17957918345928192,28
15,0.75,100,250,0.08603089403202697,0.6936353340883352,0.19541583955287933,27
15,0.75,250,250,0.06815957826220247,0.7450358625896565,0.41012251377105713,22
15,0.75,500,250,0.05227057556255006,0.7701925254813137,0.6972811818122864,13
15,0.75,1000,250,0.03349108434674158,0.8152208380520951,0.815351665019989,10
15,0.75,10,500,0.07814000457043417,0.608471121177803,0.1216076910495758,21
15,0.75,25,500,0.08075319874100337,0.6767232918082295,0.2123788744211197,16
15,0.75,50,500,0.08106881619629151,0.7242129105322763,0.27680709958076477,14
15,0.75,100,500,0.08736610887049323,0.7405360513401283,0.4821212887763977,12
15,0.75,250,500,0.08449037743396043,0.7237297093242733,0.48482874035835266,12
15,0.75,500,500,0.05358908563648416,0.7750094375235939,0.7496366500854492,12
15,0.75,1000,500,0.030694515431323437,0.8207172517931295,0.8466286063194275,9
15,0.75,10,1000,0.05174475030459726,0.682884107210268,0.33467042446136475,12
15,0.75,25,1000,0.08069251627742349,0.7170554926387316,0.3996448218822479,12
15,0.75,50,1000,0.07636175704581986,0.7406115515288788,0.43731194734573364,11
15,0.75,100,1000,0.08812835526597379,0.7418346545866364,0.5081632137298584,10
15,0.75,250,1000,0.08382671600320232,0.7296187240468102,0.38770753145217896,9
15,0.75,500,1000,0.047346989251415054,0.7890826727066818,0.803421139717102,8
15,0.75,1000,1000,0.027051105107172034,0.8285843714609287,0.9202172160148621,8
15,0.75,10,2500,0.07432916175305374,0.6907663269158173,0.47378239035606384,3
15,0.75,25,2500,0.07056357656710668,0.7397659494148735,0.5145289301872253,3
15,0.75,50,2500,0.058356117392744294,0.769120422801057,0.5051923990249634,3
15,0.75,100,2500,0.037876921004419785,0.7540052850132125,0.16288931667804718,2
15,0.75,250,2500,0.08482923099830575,0.555364288410721,-0.14413584768772125,2
15,0.75,500,2500,0.0923315996372275,0.7424688561721404,0.5823869109153748,3
15,0.75,1000,2500,0.11719833306630167,0.7431181577953945,0.6609938740730286,2
15,0.75,10,5000,0.048881977616900225,0.6595545488863722,0.28016769886016846,2
15,0.75,25,5000,0.06478426462550221,0.729286523216308,0.5566864609718323,2
15,0.75,50,5000,0.0,1.0,,0
15,0.75,100,5000,0.0,1.0,,0
15,0.75,250,5000,0.0,1.0,,0
15,0.75,500,5000,0.08589422046472639,0.73280483201208,0.6001238822937012,2
15,0.75,1000,5000,0.0,1.0,,0
15,0.75,10,10000,0.0,1.0,,0
15,0.75,25,10000,0.0,1.0,,0
15,0.75,50,10000,0.0,1.0,,0
15,0.75,100,10000,0.0,1.0,,0
15,0.75,250,10000,0.0,1.0,,0
15,0.75,500,10000,0.0,1.0,,0
15,0.75,1000,10000,0.0,1.0,,0
15,0.75,10,15000,0.0,1.0,,0
15,0.75,25,15000,0.0,1.0,,0
15,0.75,50,15000,0.0,1.0,,0
15,0.75,100,15000,0.0,1.0,,0
15,0.75,250,15000,0.0,1.0,,0
15,0.75,500,15000,0.0,1.0,,0
15,0.75,1000,15000,0.0,1.0,,0
15,0.75,10,20000,0.0,1.0,,0
15,0.75,25,20000,0.0,1.0,,0
15,0.75,50,20000,0.0,1.0,,0
15,0.75,100,20000,0.0,1.0,,0
15,0.75,250,20000,0.0,1.0,,0
15,0.75,500,20000,0.0,1.0,,0
15,0.75,1000,20000,0.0,1.0,,0
15,0.75,10,22000,0.0,1.0,,0
15,0.75,25,22000,0.0,1.0,,0
15,0.75,50,22000,0.0,1.0,,0
15,0.75,100,22000,0.0,1.0,,0
15,0.75,250,22000,0.0,1.0,,0
15,0.75,500,22000,0.0,1.0,,0
15,0.75,1000,22000,0.0,1.0,,0
30,0.75,10,50,0.36635484723775796,0.263359758399396,-0.28797048330307007,163
30,0.75,25,50,0.4166310743319999,0.29547753869384674,-0.2137712687253952,115
30,0.75,50,50,0.43403074136043995,0.34604756511891277,0.3405323922634125,91
30,0.75,100,50,0.42568037513113466,0.3594261985654964,0.49392077326774597,49
30,0.75,250,50,0.3933312354011333,0.39717629294073237,0.588713526725769,26
30,0.75,500,50,0.36997743990231863,0.46752736881842205,0.637478768825531,21
30,0.75,1000,50,0.3497744558086785,0.510562476406191,0.7683939933776855,12
30,0.75,10,100,0.3886356372529813,0.28445451113627784,0.23746594786643982,76
30,0.75,25,100,0.4201690835440896,0.319365798414496,0.36238279938697815,63
30,0.75,50,100,0.44515051714606746,0.3423027557568894,0.4098340570926666,53
30,0.75,100,100,0.42975858445678533,0.35451868629671573,0.48346617817878723,44
30,0.75,250,100,0.3936301617383025,0.3981879954699887,0.6109821200370789,25
30,0.75,500,100,0.370800096956705,0.47042657606644017,0.686320960521698,17
30,0.75,1000,100,0.3500153205413274,0.5102302755756889,0.7643688321113586,11
30,0.75,10,250,0.3797549204580746,0.2891657229143073,0.34459778666496277,33
30,0.75,25,250,0.39775315510524467,0.32631181577953944,0.3924747705459595,28
30,0.75,50,250,0.41559410942745434,0.3444469611174028,0.46048828959465027,28
30,0.75,100,250,0.4203217461771662,0.37763684409211024,0.542255163192749,27
30,0.75,250,250,0.3946975692452526,0.39658739146847866,0.5959484577178955,24
30,0.75,500,250,0.3711829327904864,0.47660249150622874,0.72170090675354,14
30,0.75,1000,250,0.3500153205413274,0.5102302755756889,0.7643688917160034,11
30,0.75,10,500,0.377070548417557,0.3094601736504341,0.3899734616279602,19
30,0.75,25,500,0.3936747230872267,0.3677614194035485,0.4740980267524719,17
30,0.75,50,500,0.39175257319650536,0.3930388825972065,0.4994652271270752,17
30,0.75,100,500,0.41706521187023876,0.39444318610796525,0.5325130224227905,17
30,0.75,250,500,0.40259901028157247,0.41519063797659495,0.576507568359375,17
30,0.75,500,500,0.3723462199421454,0.4749414873537184,0.7049120664596558,13
30,0.75,1000,500,0.3485965183895274,0.5150471876179691,0.7780405282974243,10
30,0.75,10,1000,0.36157062143591506,0.3501698754246886,0.43709009885787964,14
30,0.75,25,1000,0.38565483229941605,0.4077765194412986,0.5569614171981812,13
30,0.75,50,1000,0.3893257662694767,0.42021895054737635,0.5676766633987427,11
30,0.75,100,1000,0.4130984767876525,0.40789731974329935,0.5497397780418396,11
30,0.75,250,1000,0.39004539776968733,0.44490751226878067,0.6399441957473755,11
30,0.75,500,1000,0.36183823666656856,0.49879954699886747,0.7579458355903625,11
30,0.75,1000,1000,0.3485965183895274,0.5150471876179691,0.7780406475067139,10
30,0.75,10,2500,0.31646905597926017,0.011400528501321254,-0.0727035254240036,3
30,0.75,25,2500,0.3083611087815517,0.04575311438278596,-0.04778223857283592,3
30,0.75,50,2500,0.30361593691908056,0.07636089090222725,-0.030487021431326866,3
30,0.75,100,2500,0.30753310154208896,0.18286145715364288,0.018330415710806847,3
30,0.75,250,2500,0.3663263152449098,0.48114760286900715,0.5624677538871765,5
30,0.75,500,2500,0.3742044675055208,0.5520875802189505,0.5949726104736328,4
30,0.75,1000,2500,0.3257822910234427,0.09725934314835787,0.3005317151546478,2
30,0.75,10,5000,0.3268130222805657,0.002053605134012835,0.2418973296880722,2
30,0.75,25,5000,0.32557099612287765,0.006311815779539449,0.24316909909248352,2
30,0.75,50,5000,0.32206495280145087,0.023208758021895055,0.2493087649345398,2
30,0.75,100,5000,0.3212674433226074,0.030154775386938466,0.25448957085609436,2
30,0.75,250,5000,0.32285475785614026,0.04890902227255568,0.26399311423301697,2
30,0.75,500,5000,0.3236669937095512,0.06154775386938467,0.27347928285598755,2
30,0.75,1000,5000,0.3257822910234427,0.09725934314835787,0.30053168535232544,2
30,0.75,10,10000,0.3268130222805657,0.002053605134012835,0.2418973594903946,2
30,0.75,25,10000,0.32557099612287765,0.006311815779539449,0.24316906929016113,2
30,0.75,50,10000,0.32206495280145087,0.023208758021895055,0.2493087351322174,2
30,0.75,100,10000,0.3212674433226074,0.030154775386938466,0.25448957085609436,2
30,0.75,250,10000,0.32285475785614026,0.04890902227255568,0.26399314403533936,2
30,0.75,500,10000,0.3236669937095512,0.06154775386938467,0.27347928285598755,2
30,0.75,1000,10000,0.3257822910234427,0.09725934314835787,0.30053168535232544,2
30,0.75,10,15000,0.3268130222805657,0.002053605134012835,0.24189741909503937,2
30,0.75,25,15000,0.32557099612287765,0.006311815779539449,0.24316906929016113,2
30,0.75,50,15000,0.32206495280145087,0.023208758021895055,0.2493087500333786,2
30,0.75,100,15000,0.3212674433226074,0.030154775386938466,0.254489541053772,2
30,0.75,250,15000,0.32285475785614026,0.04890902227255568,0.26399314403533936,2
30,0.75,500,15000,0.3236669937095512,0.06154775386938467,0.27347928285598755,2
30,0.75,1000,15000,0.3257822910234427,0.09725934314835787,0.30053168535232544,2
30,0.75,10,20000,0.0,1.0,,0
30,0.75,25,20000,0.0,1.0,,0
30,0.75,50,20000,0.0,1.0,,0
30,0.75,100,20000,0.0,1.0,,0
30,0.75,250,20000,0.0,1.0,,0
30,0.75,500,20000,0.0,1.0,,0
30,0.75,1000,20000,0.0,1.0,,0
30,0.75,10,22000,0.0,1.0,,0
30,0.75,25,22000,0.0,1.0,,0
30,0.75,50,22000,0.0,1.0,,0
30,0.75,100,22000,0.0,1.0,,0
30,0.75,250,22000,0.0,1.0,,0
30,0.75,500,22000,0.0,1.0,,0
30,0.75,1000,22000,0.0,1.0,,0
50,0.75,10,50,0.48913343552650895,0.06000755001887505,0.3610462546348572,132
50,0.75,25,50,0.4852427249489831,0.055839939599849,0.39617523550987244,121
50,0.75,50,50,0.49071711371509896,0.07510758776896942,0.40122419595718384,103
50,0.75,100,50,0.4890187526871847,0.11969799924499812,0.47037097811698914,48
50,0.75,250,50,0.48870105567835387,0.15181577953944886,0.6865019798278809,27
50,0.75,500,50,0.48495105748625067,0.2080785201963005,0.8121030926704407,16
50,0.75,1000,50,0.49212890676760157,0.2327519818799547,0.8700981736183167,13
50,0.75,10,100,0.4866865475209787,0.07074367685919215,0.40963059663772583,63
50,0.75,25,100,0.49018065605058764,0.08048320120800302,0.4080902338027954,60
50,0.75,50,100,0.4913216348514893,0.08676481691204228,0.4120360016822815,54
50,0.75,100,100,0.4913756433038725,0.10304265760664402,0.4398360848426819,44
50,0.75,250,100,0.4881383777150661,0.15399018497546244,0.6918438076972961,25
50,0.75,500,100,0.48495105748625067,0.2080785201963005,0.8121030330657959,16
50,0.75,1000,100,0.49212890676760157,0.2327519818799547,0.8700981140136719,13
50,0.75,10,250,0.492047571322036,0.0778557946394866,0.5795371532440186,32
50,0.75,25,250,0.4911908882469634,0.09091732729331824,0.5873368382453918,26
50,0.75,50,250,0.4919304615445645,0.10588146470366176,0.6217964291572571,27
50,0.75,100,250,0.4919741922520379,0.10408456021140053,0.608327329158783,26
50,0.75,250,250,0.4881383777150661,0.15399018497546244,0.6918440461158752,25
50,0.75,500,250,0.48490845679283046,0.20016610041525104,0.7916227579116821,15
50,0.75,1000,250,0.49212890676760157,0.2327519818799547,0.8700981140136719,13
50,0.75,10,500,0.49221459112935556,0.14178935447338617,0.6967684626579285,19
50,0.75,25,500,0.490016076176209,0.1395998489996225,0.6845496296882629,17
50,0.75,50,500,0.4927711718071281,0.14089845224613062,0.697273850440979,19
50,0.75,100,500,0.49013550981997867,0.15216308040770102,0.693523645401001,17
50,0.75,250,500,0.48647226074851013,0.17256323140807853,0.7212828397750854,15
50,0.75,500,500,0.48490845679283046,0.20016610041525104,0.7916227579116821,15
50,0.75,1000,500,0.49212890676760157,0.2327519818799547,0.8700982332229614,13
50,0.75,10,1000,0.49411679518894003,0.1486749716874292,0.7091746926307678,12
50,0.75,25,1000,0.4956999028679536,0.14376745941864855,0.6973876357078552,12
50,0.75,50,1000,0.49540340056185406,0.14077765194412986,0.7109473347663879,13
50,0.75,100,1000,0.49115851563581825,0.18509626274065685,0.7585367560386658,12
50,0.75,250,1000,0.49442789426038974,0.20522461306153264,0.7931596040725708,12
50,0.75,500,1000,0.4948465557118991,0.21105322763306908,0.8131800293922424,11
50,0.75,1000,1000,0.4960609046837655,0.2056927142317856,0.8247944712638855,10
50,0.75,10,2500,0.5241025846147863,0.2053907134767837,0.7102957963943481,7
50,0.75,25,2500,0.5273277992087214,0.22163835409588523,0.7490062117576599,7
50,0.75,50,2500,0.5456630588026797,0.26474896187240465,0.8255007266998291,6
50,0.75,100,2500,0.5359259408393654,0.27323518308795774,0.7406243681907654,5
50,0.75,250,2500,0.4999649919520521,0.2619101547753869,0.8721140027046204,6
50,0.75,500,2500,0.505434960588868,0.21485843714609287,0.6767905950546265,5
50,0.75,1000,2500,0.505464808751113,0.22349565873914684,0.6831321120262146,5
50,0.75,10,5000,0.5159609177295118,0.11125707814269535,0.5876914262771606,4
50,0.75,25,5000,0.5470758995049113,0.06056625141562854,0.5321078300476074,3
50,0.75,50,5000,0.5697345299222782,0.03403548508871272,0.5410227179527283,3
50,0.75,100,5000,0.5488074826176451,0.06662136655341638,0.5397174954414368,3
50,0.75,250,5000,0.5577750244434247,0.05890524726311816,0.5867788791656494,3
50,0.75,500,5000,0.558076212865456,0.0641449603624009,0.6053884029388428,3
50,0.75,1000,5000,0.5220691423816952,0.2198565496413741,0.7485538125038147,4
50,0.75,10,10000,0.5697345299222782,0.03403548508871272,0.5410226583480835,3
50,0.75,25,10000,0.5470758995049113,0.06056625141562854,0.5321077108383179,3
50,0.75,50,10000,0.5697345299222782,0.03403548508871272,0.5410227179527283,3
50,0.75,100,10000,0.5488074826176451,0.06662136655341638,0.5397174954414368,3
50,0.75,250,10000,0.5577750244434247,0.05890524726311816,0.586778998374939,3
50,0.75,500,10000,0.558076212865456,0.0641449603624009,0.6053884029388428,3
50,0.75,1000,10000,0.531338533576856,0.20650811627029067,0.7019075155258179,3
50,0.75,10,15000,0.5697345299222782,0.03403548508871272,0.5410225987434387,3
50,0.75,25,15000,0.5470758995049113,0.06056625141562854,0.5321078300476074,3
50,0.75,50,15000,0.5697345299222782,0.03403548508871272,0.5410226583480835,3
50,0.75,100,15000,0.5488074826176451,0.06662136655341638,0.5397175550460815,3
50,0.75,250,15000,0.5577750244434247,0.05890524726311816,0.5867788195610046,3
50,0.75,500,15000,0.558076212865456,0.0641449603624009,0.6053884029388428,3
50,0.75,1000,15000,0.531338533576856,0.20650811627029067,0.7019078135490417,3
50,0.75,10,20000,0.0,1.0,,0
50,0.75,25,20000,0.0,1.0,,0
50,0.75,50,20000,0.0,1.0,,0
50,0.75,100,20000,0.0,1.0,,0
50,0.75,250,20000,0.0,1.0,,0
50,0.75,500,20000,0.0,1.0,,0
50,0.75,1000,20000,0.0,1.0,,0
50,0.75,10,22000,0.0,1.0,,0
50,0.75,25,22000,0.0,1.0,,0
50,0.75,50,22000,0.0,1.0,,0
50,0.75,100,22000,0.0,1.0,,0
50,0.75,250,22000,0.0,1.0,,0
50,0.75,500,22000,0.0,1.0,,0
50,0.75,1000,22000,0.0,1.0,,0
75,0.75,10,50,0.48561326782570896,0.05220083050207625,0.3028833270072937,139
75,0.75,25,50,0.4858692416889939,0.058240845602114004,0.47629719972610474,130
75,0.75,50,50,0.4861470187788596,0.08839562098905247,0.5532528162002563,108
75,0.75,100,50,0.4939618818013539,0.11350698376745942,0.6684454083442688,53
75,0.75,250,50,0.5173926922047719,0.13617214043035109,0.7319521307945251,27
75,0.75,500,50,0.5241775905477462,0.1487353718384296,0.7466012835502625,20
75,0.75,1000,50,0.5315209955213032,0.1983691959229898,0.8514187932014465,12
75,0.75,10,100,0.4926757635175486,0.07969799924499811,0.5699933767318726,71
75,0.75,25,100,0.4954531316948282,0.0703359758399396,0.6159746050834656,66
75,0.75,50,100,0.49333918755354844,0.09742544356360891,0.6480379700660706,57
75,0.75,100,100,0.494970507554744,0.11645149112872782,0.6753798723220825,48
75,0.75,250,100,0.5130450696199083,0.12496791241978104,0.7064927816390991,25
75,0.75,500,100,0.5236455317924074,0.15013967534918837,0.779919445514679,19
75,0.75,1000,100,0.5315209955213032,0.1983691959229898,0.8514188528060913,12
75,0.75,10,250,0.508250176593018,0.05736504341260853,0.6109319925308228,28
75,0.75,25,250,0.5083177313717582,0.04289920724801812,0.6024268269538879,29
75,0.75,50,250,0.5098078455636111,0.05316723291808229,0.5894596576690674,26
75,0.75,100,250,0.5104042296830134,0.08158550396375991,0.6565946340560913,25
75,0.75,250,250,0.5140297546443579,0.1272178180445451,0.7118788957595825,24
75,0.75,500,250,0.5244697027403518,0.15080407701019252,0.7679228782653809,17
75,0.75,1000,250,0.5315209955213032,0.1983691959229898,0.8514189720153809,12
75,0.75,10,500,0.5114069132275797,0.06070215175537939,0.634194016456604,20
75,0.75,25,500,0.5117626665964571,0.05952434881087203,0.626780092716217,19
75,0.75,50,500,0.5095442237406129,0.056579841449603624,0.595237135887146,19
75,0.75,100,500,0.5109903767009522,0.08178180445451114,0.6548036932945251,19
75,0.75,250,500,0.5126111791293626,0.10831257078142695,0.7123635411262512,17
75,0.75,500,500,0.5255299498912327,0.14293695734239337,0.7928990125656128,15
75,0.75,1000,500,0.5315209955213032,0.1983691959229898,0.8514189720153809,12
75,0.75,10,1000,0.5206614465716574,0.09576443941109852,0.6334642171859741,13
75,0.75,25,1000,0.5208182495495507,0.09375613439033598,0.6277440786361694,12
75,0.75,50,1000,0.5183804642730511,0.09159682899207248,0.6243135333061218,12
75,0.75,100,1000,0.5220255770567613,0.1258588146470366,0.6935265064239502,12
75,0.75,250,1000,0.5228819649761822,0.14695356738391846,0.7434574961662292,12
75,0.75,500,1000,0.5268460801693678,0.15098527746319365,0.7362691164016724,11
75,0.75,1000,1000,0.5371446170206826,0.20797281993204983,0.8715529441833496,11
75,0.75,10,2500,0.5699820292358272,0.17805964514911288,0.7401549220085144,6
75,0.75,25,2500,0.5676858984641522,0.18117025292563232,0.7504794001579285,6
75,0.75,50,2500,0.5711542957243533,0.1822725556813892,0.6628472208976746,6
75,0.75,100,2500,0.5583529890420698,0.19938089845224613,0.7962244153022766,6
75,0.75,250,2500,0.5542511859321878,0.19137787844469611,0.8049486875534058,7
75,0.75,500,2500,0.5471492195623149,0.15723669309173272,0.8148903250694275,7
75,0.75,1000,2500,0.5067595521769186,0.1806266515666289,0.7715423703193665,6
75,0.75,10,5000,0.6705690249757037,0.10434126085315214,0.5974547863006592,3
75,0.75,25,5000,0.6705179049581206,0.10437146092865232,0.5974445939064026,3
75,0.75,50,5000,0.6581742730637548,0.09143072857682144,0.6168613433837891,3
75,0.75,100,5000,0.5422232733724329,0.09195922989807474,0.5038350224494934,3
75,0.75,250,5000,0.5669502675648873,0.20442431106077766,0.6848870515823364,3
75,0.75,500,5000,0.5243442284798646,0.19006417516043791,0.7247267961502075,3
75,0.75,1000,5000,0.49070117729569657,0.28682521706304265,0.8519233465194702,3
75,0.75,10,10000,0.6705690249757037,0.10434126085315214,0.5974547863006592,3
75,0.75,25,10000,0.6705179049581206,0.10437146092865232,0.5974445939064026,3
75,0.75,50,10000,0.6581742730637548,0.09143072857682144,0.6168613433837891,3
75,0.75,100,10000,0.5422232733724329,0.09195922989807474,0.5038350224494934,3
75,0.75,250,10000,0.5669502675648873,0.20442431106077766,0.6848869919776917,3
75,0.75,500,10000,0.5243442284798646,0.19006417516043791,0.7247269153594971,3
75,0.75,1000,10000,0.49070117729569657,0.28682521706304265,0.8519233465194702,3
75,0.75,10,15000,0.6705690249757037,0.10434126085315214,0.597454845905304,3
75,0.75,25,15000,0.6705179049581206,0.10437146092865232,0.5974445939064026,3
75,0.75,50,15000,0.6581742730637548,0.09143072857682144,0.6168612241744995,3
75,0.75,100,15000,0.5422232733724329,0.09195922989807474,0.5038349628448486,3
75,0.75,250,15000,0.5669502675648873,0.20442431106077766,0.6848870515823364,3
75,0.75,500,15000,0.5243442284798646,0.19006417516043791,0.7247268557548523,3
75,0.75,1000,15000,0.4047640916065186,0.1347980369950925,0.5714940428733826,2
75,0.75,10,20000,0.0,1.0,,0
75,0.75,25,20000,0.0,1.0,,0
75,0.75,50,20000,0.0,1.0,,0
75,0.75,100,20000,0.0,1.0,,0
75,0.75,250,20000,0.0,1.0,,0
75,0.75,500,20000,0.0,1.0,,0
75,0.75,1000,20000,0.0,1.0,,0
75,0.75,10,22000,0.0,1.0,,0
75,0.75,25,22000,0.0,1.0,,0
75,0.75,50,22000,0.0,1.0,,0
75,0.75,100,22000,0.0,1.0,,0
75,0.75,250,22000,0.0,1.0,,0
75,0.75,500,22000,0.0,1.0,,0
75,0.75,1000,22000,0.0,1.0,,0
100,0.75,10,50,0.48309406513623326,0.09362023405058513,0.2231178879737854,157
100,0.75,25,50,0.48473144955451963,0.07699509248773122,0.2679305374622345,133
100,0.75,50,50,0.48666638473064655,0.07761419403548508,0.31261909008026123,112
100,0.75,100,50,0.49162785770579176,0.11155907889769724,0.7083712220191956,60
100,0.75,250,50,0.4961660191341861,0.1385428463571159,0.6927443742752075,28
100,0.75,500,50,0.509741665298508,0.16045300113250283,0.6940534710884094,18
100,0.75,1000,50,0.5136616041557461,0.20471121177802945,0.7588800191879272,12
100,0.75,10,100,0.4939593811036807,0.09426953567383918,0.5672940611839294,76
100,0.75,25,100,0.4934143135110689,0.06464326160815402,0.6373623609542847,61
100,0.75,50,100,0.49634962656230475,0.06840317100792752,0.6343827247619629,56
100,0.75,100,100,0.49493874979666025,0.09713854284635712,0.6786682605743408,51
100,0.75,250,100,0.4963228964656145,0.13624764061910155,0.6927401423454285,26
100,0.75,500,100,0.506412932236791,0.14881087202718007,0.6817321181297302,17
100,0.75,1000,100,0.5136616041557461,0.20471121177802945,0.7588800191879272,12
100,0.75,10,250,0.5034187991160984,0.06035485088712722,0.5894401669502258,31
100,0.75,25,250,0.5025633743750938,0.06354095885239713,0.5976515412330627,30
100,0.75,50,250,0.503493404287125,0.059720649301623255,0.5757747888565063,29
100,0.75,100,250,0.500008603162533,0.07539448848622121,0.5938645005226135,28
100,0.75,250,250,0.49618488935170296,0.1334843337108343,0.6827130317687988,24
100,0.75,500,250,0.5065672191922899,0.1484635711589279,0.6994289755821228,16
100,0.75,1000,250,0.5136616041557461,0.20471121177802945,0.7588798999786377,12
100,0.75,10,500,0.5099642877806766,0.05002642506606267,0.5370395183563232,19
100,0.75,25,500,0.5096991788547562,0.05132502831257078,0.5409479141235352,19
100,0.75,50,500,0.5070453260211865,0.07131747829369574,0.5681684613227844,19
100,0.75,100,500,0.5044569148176317,0.0754397885994715,0.5746392011642456,19
100,0.75,250,500,0.4987072919491543,0.12234050585126463,0.6601110100746155,18
100,0.75,500,500,0.5084024522107489,0.15367308418271045,0.7071412801742554,15
100,0.75,1000,500,0.5136616041557461,0.20471121177802945,0.7588798403739929,12
100,0.75,10,1000,0.5212720357247305,0.08665911664779162,0.48798811435699463,12
100,0.75,25,1000,0.5229040055975583,0.10088335220838052,0.5126891136169434,12
100,0.75,50,1000,0.5176849783327824,0.12048320120800302,0.5501165986061096,12
100,0.75,100,1000,0.5116716592052346,0.10772366930917328,0.5603235960006714,13
100,0.75,250,1000,0.5125808871319109,0.16545111362778406,0.6801351308822632,12
100,0.75,500,1000,0.5189065988638718,0.1863042657606644,0.7138997912406921,12
100,0.75,1000,1000,0.5136616041557461,0.20471121177802945,0.7588800191879272,12
100,0.75,10,2500,0.5677761130806459,0.16955832389580974,0.5746148824691772,7
100,0.75,25,2500,0.5639351132612223,0.11016987542468856,0.6154491305351257,7
100,0.75,50,2500,0.5617887791632615,0.20016610041525104,0.6434524059295654,7
100,0.75,100,2500,0.5614908832547206,0.2034881087202718,0.6419571042060852,7
100,0.75,250,2500,0.5576277629211364,0.2139675349188373,0.5922667980194092,6
100,0.75,500,2500,0.5703025912438099,0.2515968289920725,0.6536276936531067,6
100,0.75,1000,2500,0.6340690171278196,0.2720875802189505,0.779045045375824,4
100,0.75,10,5000,0.5548412132961597,0.19335598338995846,0.6272345185279846,4
100,0.75,25,5000,0.5695941276715599,0.14828237070592676,0.6568357944488525,5
100,0.75,50,5000,0.5484297724778512,0.20976972442431105,0.564109206199646,4
100,0.75,100,5000,0.5310536737968387,0.17535673839184598,0.5377458333969116,3
100,0.75,250,5000,0.542737542842495,0.1836013590033975,0.5777986645698547,4
100,0.75,500,5000,0.6403044268131379,0.2387013967534919,0.7342600226402283,4
100,0.75,1000,5000,0.6693808975623249,0.26805587013967536,0.8730376362800598,3
100,0.75,10,10000,0.3253371598161836,0.08297470743676859,0.6150072813034058,2
100,0.75,25,10000,0.32825946147444707,0.08694601736504341,0.6184351444244385,2
100,0.75,50,10000,0.5337245155612046,0.10462816157040393,0.5300100445747375,3
100,0.75,100,10000,0.5310536737968387,0.17535673839184598,0.5377459526062012,3
100,0.75,250,10000,0.623598034252388,0.29266893167232916,0.589635968208313,3
100,0.75,500,10000,0.5929127400227752,0.3116647791619479,0.5164980888366699,2
100,0.75,1000,10000,0.744569645343843,0.36098150245375615,0.9183999300003052,2
100,0.75,10,15000,0.3253371598161836,0.08297470743676859,0.6150071024894714,2
100,0.75,25,15000,0.32825946147444707,0.08694601736504341,0.6184351444244385,2
100,0.75,50,15000,0.5337245155612046,0.10462816157040393,0.5300101637840271,3
100,0.75,100,15000,0.5310536737968387,0.17535673839184598,0.5377459526062012,3
100,0.75,250,15000,0.3517016855944154,0.12326160815402039,0.34404197335243225,2
100,0.75,500,15000,0.5929127400227752,0.3116647791619479,0.5164981484413147,2
100,0.75,1000,15000,0.744569645343843,0.36098150245375615,0.9183997511863708,2
100,0.75,10,20000,0.0,1.0,,0
100,0.75,25,20000,0.0,1.0,,0
100,0.75,50,20000,0.0,1.0,,0
100,0.75,100,20000,0.0,1.0,,0
100,0.75,250,20000,0.0,1.0,,0
100,0.75,500,20000,0.0,1.0,,0
100,0.75,1000,20000,0.744569645343843,0.36098150245375615,0.91839998960495,2
100,0.75,10,22000,0.0,1.0,,0
100,0.75,25,22000,0.0,1.0,,0
100,0.75,50,22000,0.0,1.0,,0
100,0.75,100,22000,0.0,1.0,,0
100,0.75,250,22000,0.0,1.0,,0
100,0.75,500,22000,0.0,1.0,,0
100,0.75,1000,22000,0.0,1.0,,0
10,1.0,10,50,0.05402995893651544,0.47918459796149493,-0.344407320022583,240
10,1.0,25,50,0.0753208789059862,0.5779841449603624,-0.2785347104072571,174
10,1.0,50,50,0.07465672519252681,0.6591619479048698,-0.12734106183052063,132
10,1.0,100,50,0.0725355279456144,0.7360966402416006,0.24421150982379913,60
10,1.0,250,50,0.06325422413597301,0.7861532653831634,0.386059045791626,26
10,1.0,500,50,0.0487497732457636,0.8344884862212155,0.42893168330192566,15
10,1.0,1000,50,0.03316693396739546,0.8722083805209513,0.5768218636512756,8
10,1.0,10,100,0.057838811863134505,0.5338467346168365,-0.21855884790420532,117
10,1.0,25,100,0.08551902695568543,0.6110230275575689,-0.1599036008119583,83
10,1.0,50,100,0.08837537850612667,0.6674518686296715,-0.013217221945524216,60
10,1.0,100,100,0.08297367576438765,0.7098074745186863,0.07822400331497192,43
10,1.0,250,100,0.063689083041044,0.7907889769724424,0.4007692337036133,22
10,1.0,500,100,0.05390376278801467,0.8283729709324273,0.44905275106430054,13
10,1.0,1000,100,0.03316693396739546,0.8722083805209513,0.5768218636512756,8
10,1.0,10,250,0.08745040842805155,0.5938089845224613,-0.1070515513420105,40
10,1.0,25,250,0.09068076789729569,0.6616534541336353,-0.07330472767353058,26
10,1.0,50,250,0.08009309655928569,0.7171913929784824,0.08547802269458771,28
10,1.0,100,250,0.08007959915985938,0.7478142695356739,0.08525080233812332,19
10,1.0,250,250,0.06441218816916972,0.7908342770856928,0.41287750005722046,20
10,1.0,500,250,0.05202323376679174,0.8299433748584372,0.4356842637062073,10
10,1.0,1000,250,0.031950820276817664,0.8750773876934692,0.5708232522010803,7
10,1.0,10,500,0.09324153756215532,0.7012457531143828,-0.03565410152077675,13
10,1.0,25,500,0.07383688061193015,0.7343450358625897,0.07877437770366669,11
10,1.0,50,500,0.07252945620524465,0.7711438278595697,0.2705647945404053,12
10,1.0,100,500,0.07597665425151583,0.7669309173272933,0.23041462898254395,11
10,1.0,250,500,0.07987875077658055,0.7935522838807098,0.43170180916786194,13
10,1.0,500,500,0.05202323376679174,0.8299433748584372,0.4356842339038849,10
10,1.0,1000,500,0.031950820276817664,0.8750773876934692,0.5708232522010803,7
10,1.0,10,1000,0.07526820011098267,0.750728576821442,0.0835893303155899,8
10,1.0,25,1000,0.06899424824389293,0.7606493016232541,0.09354003518819809,8
10,1.0,50,1000,0.08521426797686876,0.7258437146092865,-0.12063808739185333,7
10,1.0,100,1000,0.10804909956151179,0.7112419781049453,-0.13638406991958618,6
10,1.0,250,1000,0.06848426966264691,0.7990788976972443,0.293777734041214,8
10,1.0,500,1000,0.0492677205792754,0.8481540203850509,0.515998363494873,8
10,1.0,1000,1000,0.03340348946740332,0.8831106077765194,0.6583002209663391,6
10,1.0,10,2500,0.005013019898924579,0.882234805587014,0.7272563576698303,2
10,1.0,25,2500,0.0,1.0,,0
10,1.0,50,2500,0.0,1.0,,0
10,1.0,100,2500,0.0,1.0,,0
10,1.0,250,2500,0.0,1.0,,0
10,1.0,500,2500,0.0,1.0,,0
10,1.0,1000,2500,0.040210978332250624,0.8533333333333334,0.8785451054573059,2
10,1.0,10,5000,0.0,1.0,,0
10,1.0,25,5000,0.0,1.0,,0
10,1.0,50,5000,0.0,1.0,,0
10,1.0,100,5000,0.0,1.0,,0
10,1.0,250,5000,0.0,1.0,,0
10,1.0,500,5000,0.0,1.0,,0
10,1.0,1000,5000,0.0,1.0,,0
10,1.0,10,10000,0.0,1.0,,0
10,1.0,25,10000,0.0,1.0,,0
10,1.0,50,10000,0.0,1.0,,0
10,1.0,100,10000,0.0,1.0,,0
10,1.0,250,10000,0.0,1.0,,0
10,1.0,500,10000,0.0,1.0,,0
10,1.0,1000,10000,0.0,1.0,,0
10,1.0,10,15000,0.0,1.0,,0
10,1.0,25,15000,0.0,1.0,,0
10,1.0,50,15000,0.0,1.0,,0
10,1.0,100,15000,0.0,1.0,,0
10,1.0,250,15000,0.0,1.0,,0
10,1.0,500,15000,0.0,1.0,,0
10,1.0,1000,15000,0.0,1.0,,0
10,1.0,10,20000,0.0,1.0,,0
10,1.0,25,20000,0.0,1.0,,0
10,1.0,50,20000,0.0,1.0,,0
10,1.0,100,20000,0.0,1.0,,0
10,1.0,250,20000,0.0,1.0,,0
10,1.0,500,20000,0.0,1.0,,0
10,1.0,1000,20000,0.0,1.0,,0
10,1.0,10,22000,0.0,1.0,,0
10,1.0,25,22000,0.0,1.0,,0
10,1.0,50,22000,0.0,1.0,,0
10,1.0,100,22000,0.0,1.0,,0
10,1.0,250,22000,0.0,1.0,,0
10,1.0,500,22000,0.0,1.0,,0
10,1.0,1000,22000,0.0,1.0,,0
15,1.0,10,50,0.06099688030167972,0.4697470743676859,-0.273136168718338,222
15,1.0,25,50,0.07726680419361996,0.590562476406191,-0.1318180412054062,142
15,1.0,50,50,0.07643833042015813,0.6485466213665534,0.003844434628263116,107
15,1.0,100,50,0.08769216695082188,0.6787617969044922,0.13329127430915833,50
15,1.0,250,50,0.05920974026902853,0.7535975839939599,0.5133722424507141,25
15,1.0,500,50,0.04342833454479451,0.8004681011702529,0.6951427459716797,16
15,1.0,1000,50,0.030405016687759308,0.8261230653076632,0.8151466846466064,9
15,1.0,10,100,0.05863864647070781,0.5390864477161192,-0.12848536670207977,102
15,1.0,25,100,0.07774226725286856,0.6106908267270669,-0.017234191298484802,70
15,1.0,50,100,0.08262696788394372,0.6557342393355984,0.03226052597165108,55
15,1.0,100,100,0.09009059818539873,0.676315590788977,0.11415564268827438,43
15,1.0,250,100,0.058425001298494546,0.7486296715741789,0.5888656973838806,23
15,1.0,500,100,0.04342833454479451,0.8004681011702529,0.6951427459716797,16
15,1.0,1000,100,0.030405016687759308,0.8261230653076632,0.8151467442512512,9
15,1.0,10,250,0.06418068342689283,0.5876028690071725,0.05362000688910484,37
15,1.0,25,250,0.07418515269105216,0.6480483201208003,0.15432806313037872,30
15,1.0,50,250,0.08806530261158299,0.6860249150622877,0.3230789303779602,28
15,1.0,100,250,0.08355150792844031,0.7148055870139676,0.394103467464447,25
15,1.0,250,250,0.058425001298494546,0.7486296715741789,0.5888656973838806,23
15,1.0,500,250,0.043626130925278575,0.8070970177425444,0.7978183627128601,13
15,1.0,1000,250,0.030405016687759308,0.8261230653076632,0.8151467442512512,9
15,1.0,10,500,0.07695470701792778,0.6396677991694979,0.20869840681552887,21
15,1.0,25,500,0.09109908503423375,0.6667723669309173,0.3396362364292145,18
15,1.0,50,500,0.0898472735632232,0.6904190260475651,0.3021940588951111,17
15,1.0,100,500,0.08341078289157344,0.7531898829747075,0.4906321167945862,12
15,1.0,250,500,0.06927966102339227,0.765118912797282,0.6078407168388367,13
15,1.0,500,500,0.03837055161602204,0.8017365043412609,0.8076160550117493,11
15,1.0,1000,500,0.026901872234690937,0.83359758399396,0.8922100067138672,8
15,1.0,10,1000,0.05938464933254108,0.7507436768591922,0.5354441404342651,10
15,1.0,25,1000,0.08188503928392592,0.7000226500566251,0.3695580065250397,10
15,1.0,50,1000,0.08585711822152677,0.7316119290298225,0.45529183745384216,10
15,1.0,100,1000,0.0747944535353629,0.7626576066440166,0.5383672714233398,11
15,1.0,250,1000,0.0824054997109213,0.755364288410721,0.49847283959388733,9
15,1.0,500,1000,0.030658938392530307,0.8184220460551151,0.8483291864395142,8
15,1.0,1000,1000,0.030030517756046964,0.8464326160815402,0.8892027735710144,7
15,1.0,10,2500,0.05218581406977265,0.7653152132880332,0.5537511110305786,3
15,1.0,25,2500,0.05411624146311157,0.7386485466213666,0.5237070322036743,3
15,1.0,50,2500,0.055574264211010894,0.7656927142317855,0.5369055271148682,3
15,1.0,100,2500,0.019753212194985787,0.8764363910909777,0.7043983340263367,2
15,1.0,250,2500,0.043154810435150744,0.7726387315968289,0.21978887915611267,2
15,1.0,500,2500,0.09350545783966249,0.7460022650056625,0.6152139902114868,3
15,1.0,1000,2500,0.1204310268004419,0.7414118535296338,0.6697899699211121,2
15,1.0,10,5000,0.0,1.0,,0
15,1.0,25,5000,0.04815367663705345,0.7382861457153643,0.5338171720504761,2
15,1.0,50,5000,0.0,1.0,,0
15,1.0,100,5000,0.0,1.0,,0
15,1.0,250,5000,0.0,1.0,,0
15,1.0,500,5000,0.08150336149291094,0.7447187617969044,0.22866103053092957,2
15,1.0,1000,5000,0.0,1.0,,0
15,1.0,10,10000,0.0,1.0,,0
15,1.0,25,10000,0.0,1.0,,0
15,1.0,50,10000,0.0,1.0,,0
15,1.0,100,10000,0.0,1.0,,0
15,1.0,250,10000,0.0,1.0,,0
15,1.0,500,10000,0.0,1.0,,0
15,1.0,1000,10000,0.0,1.0,,0
15,1.0,10,15000,0.0,1.0,,0
15,1.0,25,15000,0.0,1.0,,0
15,1.0,50,15000,0.0,1.0,,0
15,1.0,100,15000,0.0,1.0,,0
15,1.0,250,15000,0.0,1.0,,0
15,1.0,500,15000,0.0,1.0,,0
15,1.0,1000,15000,0.0,1.0,,0
15,1.0,10,20000,0.0,1.0,,0
15,1.0,25,20000,0.0,1.0,,0
15,1.0,50,20000,0.0,1.0,,0
15,1.0,100,20000,0.0,1.0,,0
15,1.0,250,20000,0.0,1.0,,0
15,1.0,500,20000,0.0,1.0,,0
15,1.0,1000,20000,0.0,1.0,,0
15,1.0,10,22000,0.0,1.0,,0
15,1.0,25,22000,0.0,1.0,,0
15,1.0,50,22000,0.0,1.0,,0
15,1.0,100,22000,0.0,1.0,,0
15,1.0,250,22000,0.0,1.0,,0
15,1.0,500,22000,0.0,1.0,,0
15,1.0,1000,22000,0.0,1.0,,0
30,1.0,10,50,0.3905850734048056,0.26402416006040014,-0.11106418073177338,154
30,1.0,25,50,0.42428736726024724,0.293121932804832,-0.1456812024116516,112
30,1.0,50,50,0.41416462815409266,0.35936579841449606,0.40134620666503906,90
30,1.0,100,50,0.40408650767443466,0.3919516798791997,0.5325968861579895,45
30,1.0,250,50,0.38328518219565477,0.4245224613061533,0.6541455984115601,24
30,1.0,500,50,0.3684969546333595,0.46471876179690447,0.7987797260284424,18
30,1.0,1000,50,0.34715055510987997,0.5065005662514156,0.8811318874359131,11
30,1.0,10,100,0.4030003408143627,0.28205360513401284,0.2763025462627411,63
30,1.0,25,100,0.41236261492759124,0.33097772744431864,0.31925302743911743,58
30,1.0,50,100,0.4144891143733168,0.34455266138165347,0.40824952721595764,49
30,1.0,100,100,0.40371079326255405,0.39604379010947527,0.5453428030014038,41
30,1.0,250,100,0.38328518219565477,0.4245224613061533,0.6541455388069153,24
30,1.0,500,100,0.3692667810503146,0.46674216685541714,0.8290823698043823,16
30,1.0,1000,100,0.34715055510987997,0.5065005662514156,0.8811318874359131,11
30,1.0,10,250,0.39875140225271954,0.31392978482446204,0.36546874046325684,31
30,1.0,25,250,0.4232870395339435,0.3360815402038505,0.44371822476387024,26
30,1.0,50,250,0.4162072509307262,0.3620989052472631,0.5430389642715454,25
30,1.0,100,250,0.4231151490304593,0.3931294828237071,0.6031631827354431,24
30,1.0,250,250,0.39752308149246474,0.4158701396753492,0.6524311304092407,22
30,1.0,500,250,0.36957061884446324,0.4663344658361646,0.831014096736908,15
30,1.0,1000,250,0.34715055510987997,0.5065005662514156,0.8811318874359131,11
30,1.0,10,500,0.37928620689201964,0.3259796149490374,0.4221225678920746,21
30,1.0,25,500,0.42369505206670033,0.3661759154397886,0.5301141738891602,17
30,1.0,50,500,0.4149055959223188,0.38357115892789734,0.628099262714386,18
30,1.0,100,500,0.4442254966832745,0.38976217440543603,0.5782899856567383,17
30,1.0,250,500,0.40801954022564135,0.42080785201963006,0.6843178868293762,15
30,1.0,500,500,0.36774643119693545,0.4708040770101925,0.8350779414176941,14
30,1.0,1000,500,0.34715055510987997,0.5065005662514156,0.8811318874359131,11
30,1.0,10,1000,0.39071208917590095,0.3441298603246508,0.5301555395126343,15
30,1.0,25,1000,0.4452011742133404,0.3654511136277841,0.5870054960250854,12
30,1.0,50,1000,0.4140966445434429,0.402567006417516,0.6858344078063965,11
30,1.0,100,1000,0.4172066918635267,0.44021140052850133,0.6821123957633972,10
30,1.0,250,1000,0.40124102429995,0.443352208380521,0.7146503329277039,10
30,1.0,500,1000,0.3799131956963061,0.461759154397886,0.8060730695724487,11
30,1.0,1000,1000,0.3446763928951193,0.5140958852397131,0.9082267880439758,10
30,1.0,10,2500,0.3072128809465863,0.20607021517553795,0.0746341198682785,3
30,1.0,25,2500,0.3035680835619527,0.19207248018120046,0.058703068643808365,3
30,1.0,50,2500,0.32470588527005007,0.1575537938844847,0.013716003857553005,3
30,1.0,100,2500,0.32612590392248264,0.21707814269535675,0.04864010587334633,3
30,1.0,250,2500,0.41236154005261644,0.33812004530011325,0.14369472861289978,3
30,1.0,500,2500,0.3164257730818897,0.05057002642506606,0.26657286286354065,2
30,1.0,1000,2500,0.32187079149840964,0.07545488863722159,0.28668245673179626,2
30,1.0,10,5000,0.3272359337296558,0.0010721026802567007,0.23918890953063965,2
30,1.0,25,5000,0.3272053309603287,0.00169120422801057,0.23949722945690155,2
30,1.0,50,5000,0.32320403917600005,0.015749339373348433,0.24594298005104065,2
30,1.0,100,5000,0.3223519627005832,0.021366553416383542,0.25088056921958923,2
30,1.0,250,5000,0.31939538479153584,0.03907889769724424,0.25992125272750854,2
30,1.0,500,5000,0.3164257730818897,0.05057002642506606,0.2665729522705078,2
30,1.0,1000,5000,0.32187079149840964,0.07545488863722159,0.2866824269294739,2
30,1.0,10,10000,0.3272359337296558,0.0010721026802567007,0.23918893933296204,2
30,1.0,25,10000,0.3272053309603287,0.00169120422801057,0.23949730396270752,2
30,1.0,50,10000,0.32320403917600005,0.015749339373348433,0.24594296514987946,2
30,1.0,100,10000,0.3223519627005832,0.021366553416383542,0.25088053941726685,2
30,1.0,250,10000,0.31939538479153584,0.03907889769724424,0.25992122292518616,2
30,1.0,500,10000,0.3164257730818897,0.05057002642506606,0.26657286286354065,2
30,1.0,1000,10000,0.32187079149840964,0.07545488863722159,0.28668245673179626,2
30,1.0,10,15000,0.3272359337296558,0.0010721026802567007,0.23918886482715607,2
30,1.0,25,15000,0.3272053309603287,0.00169120422801057,0.23949725925922394,2
30,1.0,50,15000,0.32320403917600005,0.015749339373348433,0.24594299495220184,2
30,1.0,100,15000,0.3223519627005832,0.021366553416383542,0.25088050961494446,2
30,1.0,250,15000,0.31939538479153584,0.03907889769724424,0.25992125272750854,2
30,1.0,500,15000,0.3164257730818897,0.05057002642506606,0.2665729224681854,2
30,1.0,1000,15000,0.32187079149840964,0.07545488863722159,0.2866824269294739,2
30,1.0,10,20000,0.0,1.0,,0
30,1.0,25,20000,0.0,1.0,,0
30,1.0,50,20000,0.0,1.0,,0
30,1.0,100,20000,0.0,1.0,,0
30,1.0,250,20000,0.0,1.0,,0
30,1.0,500,20000,0.0,1.0,,0
30,1.0,1000,20000,0.0,1.0,,0
30,1.0,10,22000,0.0,1.0,,0
30,1.0,25,22000,0.0,1.0,,0
30,1.0,50,22000,0.0,1.0,,0
30,1.0,100,22000,0.0,1.0,,0
30,1.0,250,22000,0.0,1.0,,0
30,1.0,500,22000,0.0,1.0,,0
30,1.0,1000,22000,0.0,1.0,,0
50,1.0,10,50,0.48229399672656087,0.06535296338240845,0.20799493789672852,133
50,1.0,25,50,0.48608481512145185,0.05677614194035485,0.2553263008594513,116
50,1.0,50,50,0.48644195683009495,0.0754397885994715,0.2735704779624939,95
50,1.0,100,50,0.48617673293831903,0.13141562853907135,0.6889914274215698,49
50,1.0,250,50,0.4858529227941884,0.15610419026047564,0.7411689162254333,26
50,1.0,500,50,0.4908082307390998,0.20116270290675728,0.7602088451385498,17
50,1.0,1000,50,0.49082252298983625,0.2584371460928652,0.8054081201553345,12
50,1.0,10,100,0.48149139990164047,0.05673084182710457,0.5206832885742188,62
50,1.0,25,100,0.4865748360874,0.0832465081162703,0.6184855103492737,64
50,1.0,50,100,0.4878813778686556,0.09677614194035485,0.6282254457473755,55
50,1.0,100,100,0.48607126737043005,0.12579841449603624,0.6811789274215698,46
50,1.0,250,100,0.4858529227941884,0.15610419026047564,0.7411692142486572,26
50,1.0,500,100,0.49115661094946184,0.20306530766326916,0.7605977058410645,15
50,1.0,1000,100,0.4912950123451501,0.2595847489618724,0.8199905753135681,11
50,1.0,10,250,0.4878384876063897,0.09615704039260098,0.6442586183547974,31
50,1.0,25,250,0.4896011563439289,0.09034352585881465,0.6255089640617371,31
50,1.0,50,250,0.4875142030424122,0.1124952812382031,0.6679920554161072,32
50,1.0,100,250,0.4850173197888665,0.12629671574178936,0.6810858249664307,29
50,1.0,250,250,0.48683520878184355,0.16070970177425445,0.7451886534690857,22
50,1.0,500,250,0.4895264597041768,0.17052472631181578,0.7079091668128967,13
50,1.0,1000,250,0.4912950123451501,0.2595847489618724,0.8199906349182129,11
50,1.0,10,500,0.4860281764041637,0.13253303133257832,0.6767574548721313,19
50,1.0,25,500,0.4895035161309261,0.128320120800302,0.6750447154045105,20
50,1.0,50,500,0.4879553403738834,0.13884484711211778,0.7159816026687622,20
50,1.0,100,500,0.48549176289803125,0.15839939599848998,0.7415957450866699,19
50,1.0,250,500,0.48767142391588486,0.1661306153265383,0.7164416909217834,15
50,1.0,500,500,0.4895264597041768,0.17052472631181578,0.7079091668128967,13
50,1.0,1000,500,0.49493781450706614,0.24415251038127594,0.7718777060508728,10
50,1.0,10,1000,0.4811093322347633,0.14426576066440167,0.6001466512680054,11
50,1.0,25,1000,0.48880085685820646,0.15427708569271423,0.6612541079521179,12
50,1.0,50,1000,0.4957633246314563,0.21719894299735748,0.7927420139312744,13
50,1.0,100,1000,0.4919093739560787,0.22520196300490752,0.8096572756767273,12
50,1.0,250,1000,0.4987441549771027,0.20936202340505852,0.762394905090332,11
50,1.0,500,1000,0.4984043075778651,0.202400906002265,0.7334172129631042,10
50,1.0,1000,1000,0.49884361281608885,0.25277463193657984,0.8239302039146423,9
50,1.0,10,2500,0.5158718216573132,0.22503586258965647,0.6653817892074585,5
50,1.0,25,2500,0.5170652982348802,0.18867497168742922,0.6319685578346252,6
50,1.0,50,2500,0.5302894900160016,0.2470064175160438,0.7261329293251038,5
50,1.0,100,2500,0.5387514138233609,0.24887882219705548,0.781979501247406,5
50,1.0,250,2500,0.5374492647284728,0.22677236693091732,0.7875811457633972,5
50,1.0,500,2500,0.5380640505167316,0.1693922234805587,0.6904263496398926,5
50,1.0,1000,2500,0.5330974638150917,0.20166100415251037,0.7034968733787537,5
50,1.0,10,5000,0.5820283110412594,0.00048320120800302,0.5793639421463013,3
50,1.0,25,5000,0.5279416603697616,0.09439033597583994,0.5442875623703003,4
50,1.0,50,5000,0.5820283110412594,0.00048320120800302,0.5793638229370117,3
50,1.0,100,5000,0.5820283110412594,0.00048320120800302,0.5793638825416565,3
50,1.0,250,5000,0.5821947202712843,0.01707814269535674,0.5810573697090149,3
50,1.0,500,5000,0.5737613031412574,0.01822574556436391,0.5812490582466125,3
50,1.0,1000,5000,0.5838051866912131,0.0762249905624764,0.6507178544998169,3
50,1.0,10,10000,0.5820283110412594,0.00048320120800302,0.5793638825416565,3
50,1.0,25,10000,0.5820283110412594,0.00048320120800302,0.5793637633323669,3
50,1.0,50,10000,0.5820283110412594,0.00048320120800302,0.5793638825416565,3
50,1.0,100,10000,0.5820283110412594,0.00048320120800302,0.5793637633323669,3
50,1.0,250,10000,0.5821947202712843,0.01707814269535674,0.5810573697090149,3
50,1.0,500,10000,0.5737613031412574,0.01822574556436391,0.5812491774559021,3
50,1.0,1000,10000,0.5838051866912131,0.0762249905624764,0.6507179141044617,3
50,1.0,10,15000,0.5820283110412594,0.00048320120800302,0.5793637633323669,3
50,1.0,25,15000,0.5820283110412594,0.00048320120800302,0.5793638825416565,3
50,1.0,50,15000,0.5820283110412594,0.00048320120800302,0.5793638229370117,3
50,1.0,100,15000,0.5820283110412594,0.00048320120800302,0.579364001750946,3
50,1.0,250,15000,0.5821947202712843,0.01707814269535674,0.5810574889183044,3
50,1.0,500,15000,0.5737613031412574,0.01822574556436391,0.5812493562698364,3
50,1.0,1000,15000,0.5838051866912131,0.0762249905624764,0.6507176756858826,3
50,1.0,10,20000,0.0,1.0,,0
50,1.0,25,20000,0.0,1.0,,0
50,1.0,50,20000,0.0,1.0,,0
50,1.0,100,20000,0.0,1.0,,0
50,1.0,250,20000,0.0,1.0,,0
50,1.0,500,20000,0.0,1.0,,0
50,1.0,1000,20000,0.0,1.0,,0
50,1.0,10,22000,0.0,1.0,,0
50,1.0,25,22000,0.0,1.0,,0
50,1.0,50,22000,0.0,1.0,,0
50,1.0,100,22000,0.0,1.0,,0
50,1.0,250,22000,0.0,1.0,,0
50,1.0,500,22000,0.0,1.0,,0
50,1.0,1000,22000,0.0,1.0,,0
75,1.0,10,50,0.49007513328656704,0.05836164590411476,0.27211689949035645,127
75,1.0,25,50,0.48970313191724146,0.05555303888259721,0.2791527807712555,112
75,1.0,50,50,0.48937124426869655,0.07743299358248396,0.31461477279663086,103
75,1.0,100,50,0.49468416824352396,0.1226576066440166,0.5269193053245544,48
75,1.0,250,50,0.5167273408610802,0.15163457908644773,0.7906123399734497,24
75,1.0,500,50,0.5164480930235564,0.1844469611174028,0.8522907495498657,16
75,1.0,1000,50,0.5347071512367653,0.20184220460551153,0.8745750188827515,12
75,1.0,10,100,0.49328049091889004,0.07118157795394489,0.32185786962509155,59
75,1.0,25,100,0.4936804793505806,0.0740958852397131,0.44840747117996216,58
75,1.0,50,100,0.49614504665283643,0.08369950924877312,0.449345201253891,54
75,1.0,100,100,0.49573561304997227,0.12205360513401284,0.5230456590652466,45
75,1.0,250,100,0.5135401485768618,0.14029445073612684,0.7735868692398071,23
75,1.0,500,100,0.5164480930235564,0.1844469611174028,0.8522905707359314,16
75,1.0,1000,100,0.5347071512367653,0.20184220460551153,0.8745750188827515,12
75,1.0,10,250,0.5055324884389497,0.06998867497168743,0.6061729192733765,31
75,1.0,25,250,0.5083218267646845,0.06748206870517176,0.6109111905097961,30
75,1.0,50,250,0.5106059891013593,0.08567761419403548,0.631283164024353,28
75,1.0,100,250,0.5141643596540408,0.09526613816534542,0.584988534450531,24
75,1.0,250,250,0.5133082036108619,0.12945262363155907,0.7355779409408569,21
75,1.0,500,250,0.5139501380175653,0.16445451113627785,0.8112791180610657,14
75,1.0,1000,250,0.5359846429938436,0.20415251038127596,0.8824629187583923,11
75,1.0,10,500,0.5070105859926329,0.08522461306153266,0.6912499666213989,18
75,1.0,25,500,0.5153082233211217,0.08226500566251416,0.6606621742248535,17
75,1.0,50,500,0.5141633871763528,0.0856625141562854,0.6882842183113098,16
75,1.0,100,500,0.5125833383356296,0.10491506228765572,0.6422575116157532,16
75,1.0,250,500,0.5127495158192857,0.129920724801812,0.6944894790649414,14
75,1.0,500,500,0.5166446197567686,0.17168742921857305,0.8209593892097473,13
75,1.0,1000,500,0.5396769229657342,0.21069082672706682,0.8825603723526001,10
75,1.0,10,1000,0.5210435336234783,0.11151377878444696,0.7010976076126099,13
75,1.0,25,1000,0.5261282534943533,0.11297848244620612,0.6943291425704956,12
75,1.0,50,1000,0.5210450412525108,0.08445451113627785,0.6635587811470032,13
75,1.0,100,1000,0.5245112149438617,0.09671574178935448,0.650767982006073,11
75,1.0,250,1000,0.5146372396573613,0.1331823329558324,0.70761638879776,12
75,1.0,500,1000,0.5248532315517642,0.19038127595318988,0.8226848840713501,11
75,1.0,1000,1000,0.5396769229657342,0.21069082672706682,0.8825601935386658,10
75,1.0,10,2500,0.5684413810408284,0.06914307285768215,0.6919395327568054,7
75,1.0,25,2500,0.5775616946237625,0.16247640619101547,0.795137882232666,6
75,1.0,50,2500,0.5478744095792322,0.07143827859569649,0.5879755020141602,6
75,1.0,100,2500,0.5479431095056854,0.06971687429218573,0.6115599870681763,6
75,1.0,250,2500,0.5522732292111642,0.1323518308795772,0.762661874294281,5
75,1.0,500,2500,0.5502419479670901,0.1613439033597584,0.7861009240150452,5
75,1.0,1000,2500,0.5661863783435636,0.2002114005285013,0.8357273936271667,5
75,1.0,10,5000,0.5443520866927921,0.15957719894299735,0.7904318571090698,4
75,1.0,25,5000,0.5374245286084244,0.1785277463193658,0.7923159003257751,4
75,1.0,50,5000,0.5325115844298121,0.18869007172517932,0.7880047559738159,4
75,1.0,100,5000,0.5305126768939373,0.10814647036617592,0.6405016779899597,4
75,1.0,250,5000,0.530645275190658,0.1897923744809362,0.8170312643051147,4
75,1.0,500,5000,0.5227529053508775,0.2180294450736127,0.844244658946991,4
75,1.0,1000,5000,0.5270420226395236,0.25808984522461303,0.905189573764801,4
75,1.0,10,10000,0.6602896292981402,0.11640619101547754,0.6179451942443848,3
75,1.0,25,10000,0.5983181578576593,0.03044167610419026,0.45960110425949097,3
75,1.0,50,10000,0.529177789199032,0.1202416006040015,0.4885084629058838,3
75,1.0,100,10000,0.5305126768939373,0.10814647036617592,0.6405016779899597,4
75,1.0,250,10000,0.5514968539764289,0.2918535296338241,0.8498223423957825,3
75,1.0,500,10000,0.5511157306617108,0.31540958852397133,0.8708382844924927,3
75,1.0,1000,10000,0.34648006395137265,0.0534239335598339,0.3891710340976715,2
75,1.0,10,15000,0.6602896292981402,0.11640619101547754,0.6179451942443848,3
75,1.0,25,15000,0.5983181578576593,0.03044167610419026,0.4596010744571686,3
75,1.0,50,15000,0.529177789199032,0.1202416006040015,0.48850858211517334,3
75,1.0,100,15000,0.3383604876422965,0.10793506983767459,0.4248635470867157,2
75,1.0,250,15000,0.3385453140361708,0.06660626651566628,0.3933549225330353,2
75,1.0,500,15000,0.3411461025665374,0.04291430728576821,0.3713792860507965,2
75,1.0,1000,15000,0.34648006395137265,0.0534239335598339,0.3891710937023163,2
75,1.0,10,20000,0.0,1.0,,0
75,1.0,25,20000,0.0,1.0,,0
75,1.0,50,20000,0.0,1.0,,0
75,1.0,100,20000,0.0,1.0,,0
75,1.0,250,20000,0.0,1.0,,0
75,1.0,500,20000,0.0,1.0,,0
75,1.0,1000,20000,0.0,1.0,,0
75,1.0,10,22000,0.0,1.0,,0
75,1.0,25,22000,0.0,1.0,,0
75,1.0,50,22000,0.0,1.0,,0
75,1.0,100,22000,0.0,1.0,,0
75,1.0,250,22000,0.0,1.0,,0
75,1.0,500,22000,0.0,1.0,,0
75,1.0,1000,22000,0.0,1.0,,0
100,1.0,10,50,0.4831263105680384,0.09352963382408457,0.218913733959198,144
100,1.0,25,50,0.48682055025681403,0.08901472253680634,0.1795128732919693,125
100,1.0,50,50,0.48791040435738503,0.07687429218573047,0.6126002669334412,105
100,1.0,100,50,0.49035987343099086,0.10517176292940732,0.6680110692977905,49
100,1.0,250,50,0.5022834100393283,0.12176670441676105,0.6606372594833374,25
100,1.0,500,50,0.5045363881618574,0.16397130992827483,0.6970551013946533,16
100,1.0,1000,50,0.5153059254323742,0.2128803322008305,0.7381246089935303,14
100,1.0,10,100,0.49200069694459797,0.07323518308795772,0.5226240754127502,76
100,1.0,25,100,0.4904297018387563,0.06204605511513779,0.593431293964386,65
100,1.0,50,100,0.49022910992232116,0.07524348810872027,0.6253622174263,57
100,1.0,100,100,0.49030848514648157,0.09910154775386938,0.6599565148353577,42
100,1.0,250,100,0.5022834100393283,0.12176670441676105,0.6606372594833374,25
100,1.0,500,100,0.5058636820784731,0.160317100792752,0.6940971612930298,15
100,1.0,1000,100,0.513805718728439,0.2088335220838052,0.7387286424636841,13
100,1.0,10,250,0.5041886065846217,0.04431861079652699,0.5566440224647522,30
100,1.0,25,250,0.5087269019607089,0.03796149490373726,0.5457858443260193,31
100,1.0,50,250,0.5074504755186887,0.04738391845979615,0.5566226243972778,29
100,1.0,100,250,0.4960037353718103,0.09738014345035863,0.6377454996109009,30
100,1.0,250,250,0.5031696432584175,0.12439411098527746,0.6610955595970154,23
100,1.0,500,250,0.5058636820784731,0.160317100792752,0.6940970420837402,15
100,1.0,1000,250,0.5156853955030611,0.21238203095507738,0.7393401861190796,12
100,1.0,10,500,0.5128825716416726,0.05837674594186486,0.5498606562614441,18
100,1.0,25,500,0.5117633913280648,0.07013967534918837,0.5859919786453247,18
100,1.0,50,500,0.5120255063453727,0.08016610041525103,0.5849186778068542,17
100,1.0,100,500,0.5089479964776522,0.09140052850132126,0.5943469405174255,17
100,1.0,250,500,0.5064331725732343,0.12906002265005662,0.6352959275245667,16
100,1.0,500,500,0.5058636820784731,0.160317100792752,0.6940971612930298,15
100,1.0,1000,500,0.5156853955030611,0.21238203095507738,0.7393401265144348,12
100,1.0,10,1000,0.5198413356333418,0.08588901472253681,0.5087413191795349,13
100,1.0,25,1000,0.5172938333977484,0.09297093242733107,0.5268157124519348,13
100,1.0,50,1000,0.5176847609820203,0.11848999622499057,0.5915520191192627,13
100,1.0,100,1000,0.5114411176800013,0.11844469611174029,0.5997754335403442,13
100,1.0,250,1000,0.5181585810859789,0.15539448848622123,0.6470252871513367,12
100,1.0,500,1000,0.5115882793675364,0.16172140430351076,0.7056723833084106,12
100,1.0,1000,1000,0.5222746300857002,0.2244167610419026,0.7393536567687988,11
100,1.0,10,2500,0.5686170546819158,0.1792978482446206,0.6183533668518066,7
100,1.0,25,2500,0.5397423251646523,0.12596451491128727,0.6295461654663086,8
100,1.0,50,2500,0.5584427254510286,0.17194412986032465,0.6114057898521423,7
100,1.0,100,2500,0.5620224068063888,0.20798791996979993,0.6692909002304077,7
100,1.0,250,2500,0.5969256783620251,0.2617440543601359,0.6926296353340149,6
100,1.0,500,2500,0.5437014669059544,0.223359758399396,0.5728245377540588,5
100,1.0,1000,2500,0.5836523978422866,0.27753869384673463,0.754150927066803,5
100,1.0,10,5000,0.6113329542035152,0.1757946394865987,0.5751223564147949,4
100,1.0,25,5000,0.6147002839917113,0.20890902227255567,0.6216681003570557,4
100,1.0,50,5000,0.534404441162777,0.18663646659116648,0.5548479557037354,3
100,1.0,100,5000,0.5292113199351928,0.17351453378633447,0.5444188117980957,3
100,1.0,250,5000,0.541727491486704,0.2045602114005285,0.5707830786705017,3
100,1.0,500,5000,0.5524958652618538,0.21517553793884484,0.6000699400901794,4
100,1.0,1000,5000,0.5850865240419053,0.2630879577198943,0.6880782246589661,3
100,1.0,10,10000,0.6164045837211499,0.17285013212533032,0.6663841605186462,3
100,1.0,25,10000,0.3233801934964955,0.08330690826727066,0.5866251587867737,2
100,1.0,50,10000,0.534404441162777,0.18663646659116648,0.5548479557037354,3
100,1.0,100,10000,0.5292113199351928,0.17351453378633447,0.5444188117980957,3
100,1.0,250,10000,0.541727491486704,0.2045602114005285,0.5707828998565674,3
100,1.0,500,10000,0.6340269105827417,0.3138391845979615,0.6226137280464172,3
100,1.0,1000,10000,0.6760998639681439,0.36797281993204983,0.7041340470314026,2
100,1.0,10,15000,0.3226010449361528,0.07753869384673462,0.5880343914031982,2
100,1.0,25,15000,0.3233801934964955,0.08330690826727066,0.5866251587867737,2
100,1.0,50,15000,0.534404441162777,0.18663646659116648,0.5548480153083801,3
100,1.0,100,15000,0.5292113199351928,0.17351453378633447,0.5444188117980957,3
100,1.0,250,15000,0.541727491486704,0.2045602114005285,0.5707828998565674,3
100,1.0,500,15000,0.41853582188713057,0.20825972064930162,0.4809488356113434,2
100,1.0,1000,15000,0.6760998639681439,0.36797281993204983,0.7041341066360474,2
100,1.0,10,20000,0.0,1.0,,0
100,1.0,25,20000,0.0,1.0,,0
100,1.0,50,20000,0.0,1.0,,0
100,1.0,100,20000,0.0,1.0,,0
100,1.0,250,20000,0.0,1.0,,0
100,1.0,500,20000,0.0,1.0,,0
100,1.0,1000,20000,0.0,1.0,,0
100,1.0,10,22000,0.0,1.0,,0
100,1.0,25,22000,0.0,1.0,,0
100,1.0,50,22000,0.0,1.0,,0
100,1.0,100,22000,0.0,1.0,,0
100,1.0,250,22000,0.0,1.0,,0
100,1.0,500,22000,0.0,1.0,,0
100,1.0,1000,22000,0.0,1.0,,0
