n_neighbors,min_dist,min_samples,min_cluster_size,ari,noise_fraction,silhouette,n_clusters
10,0.0,10,50,0.07794991381480817,0.44854662136655343,-0.23131628334522247,262
10,0.0,25,50,0.10303034727785863,0.5325632314080785,-0.12929168343544006,196
10,0.0,50,50,0.10691467860038513,0.5734994337485844,-0.04506874829530716,166
10,0.0,100,50,0.10189244212823492,0.6486825217063042,0.0535832904279232,94
10,0.0,250,50,0.08062129438176618,0.6753944884862212,0.3479469120502472,27
10,0.0,500,50,0.04512835163404517,0.7601057002642506,0.7181599140167236,14
10,0.0,1000,50,0.04604030323387223,0.7821064552661382,0.6324719786643982,8
10,0.0,10,100,0.09931236351390518,0.5087957719894299,-0.13313110172748566,123
10,0.0,25,100,0.10680413596154527,0.5827859569648924,-0.055577222257852554,105
10,0.0,50,100,0.11150032835479551,0.6075500188750472,-0.019962992519140244,92
10,0.0,100,100,0.10588225260734085,0.5944129860324651,-0.08626682311296463,70
10,0.0,250,100,0.07904033036395396,0.6785050962627407,0.3990870714187622,24
10,0.0,500,100,0.04512835163404517,0.7601057002642506,0.7181600332260132,14
10,0.0,1000,100,0.04604030323387223,0.7821064552661382,0.6324718594551086,8
10,0.0,10,250,0.11363701928100327,0.4382634956587391,-0.11594370007514954,37
10,0.0,25,250,0.11206609049465208,0.5668856172140431,0.09428717195987701,30
10,0.0,50,250,0.11230759326595166,0.586243865609664,0.1767081618309021,30
10,0.0,100,250,0.10556308510303264,0.6021291053227633,0.18169911205768585,32
10,0.0,250,250,0.08330641364018346,0.6726009815024537,0.37653103470802307,22
10,0.0,500,250,0.049805775658088164,0.754881087202718,0.781760036945343,11
10,0.0,1000,250,0.0471646252539778,0.7852472631181578,0.6460894346237183,7
10,0.0,10,500,0.11495986554053517,0.4890600226500566,-0.08421442657709122,17
10,0.0,25,500,0.09448632002943062,0.6280407701019253,0.42344990372657776,14
10,0.0,50,500,0.09397382247506343,0.634714986787467,0.4599393308162689,14
10,0.0,100,500,0.10099343385119905,0.6336881842204606,0.376918226480484,16
10,0.0,250,500,0.0740508778022827,0.7043563608909023,0.6119264960289001,12
10,0.0,500,500,0.06796852271185222,0.7405813514533787,0.5558598041534424,9
10,0.0,1000,500,0.0471646252539778,0.7852472631181578,0.6460894346237183,7
10,0.0,10,1000,0.12516889457317756,0.3680483201208003,-0.03182973712682724,9
10,0.0,25,1000,0.085810487286342,0.6516270290675726,0.39330944418907166,9
10,0.0,50,1000,0.08613816095097533,0.6457380143450359,0.3883987367153168,11
10,0.0,100,1000,0.0920604377971371,0.6438958097395243,0.3103335499763489,13
10,0.0,250,1000,0.07864187040552388,0.7151075877689694,0.6209861636161804,11
10,0.0,500,1000,0.06011647918391141,0.7522536806342016,0.5439030528068542,8
10,0.0,1000,1000,0.0471646252539778,0.7852472631181578,0.6460894346237183,7
10,0.0,10,2500,0.1531436122467481,0.4476104190260476,0.3299122452735901,2
10,0.0,25,2500,0.04821309370849315,0.7952887882219706,0.7848561406135559,2
10,0.0,50,2500,0.07263706504977087,0.40943752359380897,0.1597849577665329,2
10,0.0,100,2500,0.10068435715082767,0.44767081917704793,0.07749626040458679,3
10,0.0,250,2500,0.10977633073965919,0.507844469611174,0.2361549586057663,2
10,0.0,500,2500,0.0819129067643228,0.6313929784824462,-0.0656057819724083,2
10,0.0,1000,2500,0.04765024163614842,0.7600302000755002,0.09599621593952179,2
10,0.0,10,5000,0.0,1.0,,0
10,0.0,25,5000,0.0,1.0,,0
10,0.0,50,5000,0.0,1.0,,0
10,0.0,100,5000,0.0,1.0,,0
10,0.0,250,5000,0.0,1.0,,0
10,0.0,500,5000,0.0,1.0,,0
10,0.0,1000,5000,0.0,1.0,,0
10,0.0,10,10000,0.0,1.0,,0
10,0.0,25,10000,0.0,1.0,,0
10,0.0,50,10000,0.0,1.0,,0
10,0.0,100,10000,0.0,1.0,,0
10,0.0,250,10000,0.0,1.0,,0
10,0.0,500,10000,0.0,1.0,,0
10,0.0,1000,10000,0.0,1.0,,0
10,0.0,10,15000,0.0,1.0,,0
10,0.0,25,15000,0.0,1.0,,0
10,0.0,50,15000,0.0,1.0,,0
10,0.0,100,15000,0.0,1.0,,0
10,0.0,250,15000,0.0,1.0,,0
10,0.0,500,15000,0.0,1.0,,0
10,0.0,1000,15000,0.0,1.0,,0
10,0.0,10,20000,0.0,1.0,,0
10,0.0,25,20000,0.0,1.0,,0
10,0.0,50,20000,0.0,1.0,,0
10,0.0,100,20000,0.0,1.0,,0
10,0.0,250,20000,0.0,1.0,,0
10,0.0,500,20000,0.0,1.0,,0
10,0.0,1000,20000,0.0,1.0,,0
10,0.0,10,22000,0.0,1.0,,0
10,0.0,25,22000,0.0,1.0,,0
10,0.0,50,22000,0.0,1.0,,0
10,0.0,100,22000,0.0,1.0,,0
10,0.0,250,22000,0.0,1.0,,0
10,0.0,500,22000,0.0,1.0,,0
10,0.0,1000,22000,0.0,1.0,,0
15,0.0,10,50,0.09651725611883326,0.4521102302755757,-0.12784726917743683,229
15,0.0,25,50,0.1059461719008009,0.532955832389581,0.06980128586292267,197
15,0.0,50,50,0.10981761063711734,0.5815024537561344,0.1742442399263382,153
15,0.0,100,50,0.10615859400026367,0.6342921857304643,0.2640502452850342,87
15,0.0,250,50,0.1105538289859446,0.6333710834277085,-0.016433296725153923,32
15,0.0,500,50,0.11421527984657343,0.6573046432616082,-0.07133564352989197,15
15,0.0,1000,50,0.07743061967786886,0.724318610796527,0.08956346660852432,11
15,0.0,10,100,0.11272809383527799,0.5041902604756512,-0.1289921998977661,107
15,0.0,25,100,0.12787829955721014,0.5312495281238203,0.07020993530750275,101
15,0.0,50,100,0.12622500182371751,0.5881917704794262,0.18660487234592438,90
15,0.0,100,100,0.11257191866539554,0.6349867874669687,0.3246752917766571,81
15,0.0,250,100,0.1215225141196897,0.619041147602869,-0.038230448961257935,26
15,0.0,500,100,0.11392440244923849,0.6586334465836164,-0.06927156448364258,14
15,0.0,1000,100,0.07743061967786886,0.724318610796527,0.08956345915794373,11
15,0.0,10,250,0.1711779920982223,0.505926764816912,-0.21375520527362823,30
15,0.0,25,250,0.16877495314384575,0.5453529633824085,-0.12539401650428772,30
15,0.0,50,250,0.1751208954957433,0.5039033597583994,-0.1649223119020462,33
15,0.0,100,250,0.15350081141064675,0.5407021517553794,-0.07947850972414017,31
15,0.0,250,250,0.12227412776301111,0.6242204605511513,-0.024876635521650314,23
15,0.0,500,250,0.11282539385307107,0.6603548508871272,-0.04959007352590561,13
15,0.0,1000,250,0.07652626992701117,0.7259041147602869,0.10022398084402084,10
15,0.0,10,500,0.1777329811544009,0.563835409588524,-0.2759557366371155,13
15,0.0,25,500,0.16803741730597097,0.5681238203095508,-0.21309994161128998,16
15,0.0,50,500,0.15794972632090723,0.5674745186862967,-0.17682640254497528,16
15,0.0,100,500,0.10811627587451933,0.6370403926009816,-0.013862093910574913,15
15,0.0,250,500,0.10392702628814036,0.654556436391091,-0.028775420039892197,14
15,0.0,500,500,0.11282539385307107,0.6603548508871272,-0.049590080976486206,13
15,0.0,1000,500,0.12040833269797727,0.6559154397885995,-0.08403468132019043,8
15,0.0,10,1000,0.19667370254204788,0.5496262740656852,-0.38830050826072693,8
15,0.0,25,1000,0.13824874102525192,0.6266213665534164,-0.19456540048122406,10
15,0.0,50,1000,0.13812279115503637,0.5991694979237449,-0.16968080401420593,11
15,0.0,100,1000,0.13772079403394952,0.6117931294828237,-0.15348564088344574,11
15,0.0,250,1000,0.12932530561254144,0.6426123065307663,-0.11288159340620041,9
15,0.0,500,1000,0.10807124806451253,0.6632540581351454,-0.04899148270487785,8
15,0.0,1000,1000,0.11625957656660912,0.6636164590411476,-0.0879131406545639,7
15,0.0,10,2500,0.04943251485937512,0.15072857682144206,-0.020871708169579506,2
15,0.0,25,2500,0.0,1.0,,0
15,0.0,50,2500,0.0,1.0,,0
15,0.0,100,2500,0.0,1.0,,0
15,0.0,250,2500,0.0,1.0,,0
15,0.0,500,2500,0.18393979448778539,0.5814571536428841,0.331528902053833,2
15,0.0,1000,2500,0.0,1.0,,0
15,0.0,10,5000,0.0,1.0,,0
15,0.0,25,5000,0.0,1.0,,0
15,0.0,50,5000,0.0,1.0,,0
15,0.0,100,5000,0.0,1.0,,0
15,0.0,250,5000,0.0,1.0,,0
15,0.0,500,5000,0.0,1.0,,0
15,0.0,1000,5000,0.0,1.0,,0
15,0.0,10,10000,0.0,1.0,,0
15,0.0,25,10000,0.0,1.0,,0
15,0.0,50,10000,0.0,1.0,,0
15,0.0,100,10000,0.0,1.0,,0
15,0.0,250,10000,0.0,1.0,,0
15,0.0,500,10000,0.0,1.0,,0
15,0.0,1000,10000,0.0,1.0,,0
15,0.0,10,15000,0.0,1.0,,0
15,0.0,25,15000,0.0,1.0,,0
15,0.0,50,15000,0.0,1.0,,0
15,0.0,100,15000,0.0,1.0,,0
15,0.0,250,15000,0.0,1.0,,0
15,0.0,500,15000,0.0,1.0,,0
15,0.0,1000,15000,0.0,1.0,,0
15,0.0,10,20000,0.0,1.0,,0
15,0.0,25,20000,0.0,1.0,,0
15,0.0,50,20000,0.0,1.0,,0
15,0.0,100,20000,0.0,1.0,,0
15,0.0,250,20000,0.0,1.0,,0
15,0.0,500,20000,0.0,1.0,,0
15,0.0,1000,20000,0.0,1.0,,0
15,0.0,10,22000,0.0,1.0,,0
15,0.0,25,22000,0.0,1.0,,0
15,0.0,50,22000,0.0,1.0,,0
15,0.0,100,22000,0.0,1.0,,0
15,0.0,250,22000,0.0,1.0,,0
15,0.0,500,22000,0.0,1.0,,0
15,0.0,1000,22000,0.0,1.0,,0
30,0.0,10,50,0.4599072550328076,0.06878067195167988,0.0028871260583400726,160
30,0.0,25,50,0.4555651112908516,0.07444318610796527,0.08751444518566132,150
30,0.0,50,50,0.4534892774611487,0.08943752359380898,0.08953989297151566,137
30,0.0,100,50,0.45431632964376967,0.11308418271045678,0.5108159184455872,71
30,0.0,250,50,0.45656889503982007,0.143359758399396,0.6294230818748474,32
30,0.0,500,50,0.441868326381385,0.2008456021140053,0.6463975310325623,21
30,0.0,1000,50,0.4385891599612756,0.2633446583616459,0.5713222622871399,15
30,0.0,10,100,0.4655219929374077,0.06938467346168366,0.36012884974479675,84
30,0.0,25,100,0.4572437476846081,0.07190637976594942,0.5075317025184631,82
30,0.0,50,100,0.4550405262871101,0.0870064175160438,0.506647527217865,77
30,0.0,100,100,0.4544761134019252,0.11269158172895433,0.5094700455665588,70
30,0.0,250,100,0.45651958891057864,0.1441147602869007,0.6314420104026794,31
30,0.0,500,100,0.44153918370177464,0.20302000755001887,0.6526108980178833,19
30,0.0,1000,100,0.4383078623238633,0.26423556058890146,0.5825040340423584,13
30,0.0,10,250,0.46720376554832876,0.09834654586636467,0.5608607530593872,37
30,0.0,25,250,0.4607560458379084,0.09821064552661382,0.5946555137634277,36
30,0.0,50,250,0.4616238836889872,0.10686296715741789,0.5611142516136169,35
30,0.0,100,250,0.46240897455023,0.11328048320120801,0.587788462638855,30
30,0.0,250,250,0.4566036397529506,0.14450736126840316,0.6359620690345764,28
30,0.0,500,250,0.4411548658343922,0.20656851642129107,0.6543787717819214,17
30,0.0,1000,250,0.4383078623238633,0.26423556058890146,0.5825040936470032,13
30,0.0,10,500,0.4638956966541801,0.14606266515666289,0.5960115790367126,21
30,0.0,25,500,0.4584416739211769,0.1506228765571914,0.643679141998291,20
30,0.0,50,500,0.4571082941231748,0.1398716496791242,0.5512110590934753,21
30,0.0,100,500,0.4618362326416522,0.14295205738014344,0.598169207572937,20
30,0.0,250,500,0.4554153248464055,0.16561721404303512,0.6309788823127747,19
30,0.0,500,500,0.45198883718480437,0.1908493771234428,0.6033812761306763,16
30,0.0,1000,500,0.46109837412114857,0.25535673839184597,0.8187153339385986,12
30,0.0,10,1000,0.46662733999616335,0.16853152132880334,0.5844494104385376,13
30,0.0,25,1000,0.45801798997203685,0.18159305398263495,0.6118941307067871,13
30,0.0,50,1000,0.4482113265333128,0.16570781426953568,0.5028052926063538,12
30,0.0,100,1000,0.45996663071689925,0.1784975462438656,0.62038654088974,13
30,0.0,250,1000,0.4502074446504339,0.19180067950169877,0.6390258073806763,13
30,0.0,500,1000,0.44048693545218204,0.19320498301245753,0.5993645787239075,11
30,0.0,1000,1000,0.4621114684975986,0.2529105322763307,0.7914860248565674,11
30,0.0,10,2500,0.4577036046038043,0.2862061155152888,0.7820722460746765,6
30,0.0,25,2500,0.4749151211444609,0.3572970932427331,0.7282419800758362,4
30,0.0,50,2500,0.43043172196362467,0.3183238958097395,0.5914594531059265,4
30,0.0,100,2500,0.4593680296325782,0.3183842959607399,0.670848548412323,5
30,0.0,250,2500,0.428480577325587,0.2579690449226123,0.4176231324672699,6
30,0.0,500,2500,0.44275109570960397,0.3426198565496414,0.6462666988372803,5
30,0.0,1000,2500,0.531502776366604,0.43290298225745566,0.9748090505599976,3
30,0.0,10,5000,0.49800591992485727,0.31694979237448095,0.8787781000137329,3
30,0.0,25,5000,0.5612419966869912,0.46607776519441296,0.8382645845413208,2
30,0.0,50,5000,0.5054155440662665,0.4298678746696867,0.7390878796577454,2
30,0.0,100,5000,0.503927912634995,0.42293695734239334,0.7262270450592041,2
30,0.0,250,5000,0.5209308537940389,0.4543450358625897,0.7870678901672363,2
30,0.0,500,5000,0.5369626793444754,0.48872782181955454,0.8964530229568481,2
30,0.0,1000,5000,0.5761077377572152,0.48468101170252925,0.9729069471359253,2
30,0.0,10,10000,0.49800591992485727,0.31694979237448095,0.8787780404090881,3
30,0.0,25,10000,0.5612419966869912,0.46607776519441296,0.838264524936676,2
30,0.0,50,10000,0.5054155440662665,0.4298678746696867,0.7390878200531006,2
30,0.0,100,10000,0.503927912634995,0.42293695734239334,0.7262269854545593,2
30,0.0,250,10000,0.5209308537940389,0.4543450358625897,0.7870678901672363,2
30,0.0,500,10000,0.5369626793444754,0.48872782181955454,0.8964530825614929,2
30,0.0,1000,10000,0.5761077377572152,0.48468101170252925,0.9729071259498596,2
30,0.0,10,15000,0.5560414454897006,0.4749716874292186,0.8722736835479736,2
30,0.0,25,15000,0.5612419966869912,0.46607776519441296,0.8382645845413208,2
30,0.0,50,15000,0.5054155440662665,0.4298678746696867,0.7390877604484558,2
30,0.0,100,15000,0.503927912634995,0.42293695734239334,0.7262270450592041,2
30,0.0,250,15000,0.5209308537940389,0.4543450358625897,0.7870678901672363,2
30,0.0,500,15000,0.5369626793444754,0.48872782181955454,0.8964531421661377,2
30,0.0,1000,15000,0.5761077377572152,0.48468101170252925,0.9729070663452148,2
30,0.0,10,20000,0.0,1.0,,0
30,0.0,25,20000,0.0,1.0,,0
30,0.0,50,20000,0.0,1.0,,0
30,0.0,100,20000,0.0,1.0,,0
30,0.0,250,20000,0.0,1.0,,0
30,0.0,500,20000,0.0,1.0,,0
30,0.0,1000,20000,0.0,1.0,,0
30,0.0,10,22000,0.0,1.0,,0
30,0.0,25,22000,0.0,1.0,,0
30,0.0,50,22000,0.0,1.0,,0
30,0.0,100,22000,0.0,1.0,,0
30,0.0,250,22000,0.0,1.0,,0
30,0.0,500,22000,0.0,1.0,,0
30,0.0,1000,22000,0.0,1.0,,0
50,0.0,10,50,0.474257633659319,0.052336730841827106,0.40155845880508423,182
50,0.0,25,50,0.47711188967102,0.06178935447338618,0.5152888298034668,162
50,0.0,50,50,0.47589606164478965,0.09008682521706304,0.5380223393440247,147
50,0.0,100,50,0.47555533777123976,0.10317855794639487,0.5456387400627136,76
50,0.0,250,50,0.49214408978751806,0.13399773499433748,0.8138206601142883,34
50,0.0,500,50,0.4799826265816528,0.18351075877689693,0.7956064939498901,18
50,0.0,1000,50,0.47913662512268074,0.21620234050585127,0.8180924654006958,13
50,0.0,10,100,0.4771198912240834,0.05978104945262363,0.591158926486969,87
50,0.0,25,100,0.47971028892683115,0.04711211778029445,0.554655134677887,85
50,0.0,50,100,0.4776810516586585,0.06973197432993583,0.5359010100364685,81
50,0.0,100,100,0.47735928618999535,0.09300113250283126,0.680412232875824,69
50,0.0,250,100,0.49443746514388354,0.11852019630049075,0.7750125527381897,31
50,0.0,500,100,0.4799826265816528,0.18351075877689693,0.7956064939498901,18
50,0.0,1000,100,0.47913662512268074,0.21620234050585127,0.8180924654006958,13
50,0.0,10,250,0.48074404341344096,0.08333710834277086,0.6822510361671448,38
50,0.0,25,250,0.48358359736072465,0.07048697621744054,0.6966521143913269,38
50,0.0,50,250,0.4806572032650205,0.08821442053605134,0.7035700678825378,37
50,0.0,100,250,0.4816155117544009,0.0996149490373726,0.6472206711769104,32
50,0.0,250,250,0.4938504046134417,0.12662891657229144,0.7792087197303772,26
50,0.0,500,250,0.4798206151792798,0.18511136277840695,0.8028610944747925,17
50,0.0,1000,250,0.4780868236817389,0.21964514911287278,0.8194441795349121,12
50,0.0,10,500,0.48253247258719223,0.11207248018120046,0.6522632241249084,23
50,0.0,25,500,0.48284497175456065,0.10930917327293319,0.6892988085746765,23
50,0.0,50,500,0.4768206277459442,0.13487353718384296,0.708118736743927,21
50,0.0,100,500,0.4983085694417789,0.1235032087580219,0.7218527793884277,19
50,0.0,250,500,0.49149176517115356,0.14289165722914307,0.7575415372848511,19
50,0.0,500,500,0.4882346691970478,0.15325028312570782,0.7204657793045044,15
50,0.0,1000,500,0.4865240925856101,0.18644016610041525,0.7451720833778381,11
50,0.0,10,1000,0.4979463325748451,0.1172970932427331,0.5239093899726868,12
50,0.0,25,1000,0.48928181372746593,0.14574556436391092,0.6784567832946777,14
50,0.0,50,1000,0.48712457581379914,0.15553038882597206,0.6841834783554077,12
50,0.0,100,1000,0.5098583361778368,0.11829369573423934,0.6582487225532532,13
50,0.0,250,1000,0.4992587979734988,0.15877689694224237,0.7186338901519775,11
50,0.0,500,1000,0.4858572892637378,0.18112495281238203,0.7470312118530273,12
50,0.0,1000,1000,0.4865240925856101,0.18644016610041525,0.7451720237731934,11
50,0.0,10,2500,0.44577924260059965,0.19771989429973574,0.42563802003860474,4
50,0.0,25,2500,0.48246840452219897,0.20448471121177803,0.6249377727508545,6
50,0.0,50,2500,0.5595641077871627,0.23451868629671574,0.6046379804611206,5
50,0.0,100,2500,0.5257016237428112,0.1272480181200453,0.5602600574493408,6
50,0.0,250,2500,0.4900125194927241,0.2252472631181578,0.6706490516662598,6
50,0.0,500,2500,0.4953756667535306,0.28954322385805964,0.787678599357605,5
50,0.0,1000,2500,0.5174005192772646,0.32400151000377503,0.733538806438446,4
50,0.0,10,5000,0.504319467938683,0.304643261608154,0.5566666722297668,2
50,0.0,25,5000,0.5022408613526613,0.2955681389203473,0.5404512286186218,2
50,0.0,50,5000,0.4776653557522745,0.2645375613439034,0.4898295998573303,2
50,0.0,100,5000,0.33530672894624386,0.05022272555681389,0.20452234148979187,3
50,0.0,250,5000,0.5637318736346317,0.3611627029067573,0.8274731636047363,3
50,0.0,500,5000,0.5430010100424375,0.38698376745941865,0.929108738899231,3
50,0.0,1000,5000,0.5531240505348378,0.37627784069460174,0.8700230717658997,3
50,0.0,10,10000,0.504319467938683,0.304643261608154,0.5566665530204773,2
50,0.0,25,10000,0.5022408613526613,0.2955681389203473,0.5404513478279114,2
50,0.0,50,10000,0.4776653557522745,0.2645375613439034,0.48982957005500793,2
50,0.0,100,10000,0.3533128359135716,0.1589731974329936,0.3818153142929077,2
50,0.0,250,10000,0.3343381102122868,0.09981124952812383,0.4037803113460541,2
50,0.0,500,10000,0.3246630095809518,0.08021140052850133,0.4026755094528198,2
50,0.0,1000,10000,0.32897032383294983,0.08936202340505851,0.3862301707267761,2
50,0.0,10,15000,0.504319467938683,0.304643261608154,0.5566666722297668,2
50,0.0,25,15000,0.5022408613526613,0.2955681389203473,0.5404512882232666,2
50,0.0,50,15000,0.4776653557522745,0.2645375613439034,0.48982948064804077,2
50,0.0,100,15000,0.3533128359135716,0.1589731974329936,0.38181525468826294,2
50,0.0,250,15000,0.3343381102122868,0.09981124952812383,0.4037803113460541,2
50,0.0,500,15000,0.3246630095809518,0.08021140052850133,0.40267565846443176,2
50,0.0,1000,15000,0.32897032383294983,0.08936202340505851,0.3862301707267761,2
50,0.0,10,20000,0.0,1.0,,0
50,0.0,25,20000,0.0,1.0,,0
50,0.0,50,20000,0.0,1.0,,0
50,0.0,100,20000,0.0,1.0,,0
50,0.0,250,20000,0.0,1.0,,0
50,0.0,500,20000,0.0,1.0,,0
50,0.0,1000,20000,0.0,1.0,,0
50,0.0,10,22000,0.0,1.0,,0
50,0.0,25,22000,0.0,1.0,,0
50,0.0,50,22000,0.0,1.0,,0
50,0.0,100,22000,0.0,1.0,,0
50,0.0,250,22000,0.0,1.0,,0
50,0.0,500,22000,0.0,1.0,,0
50,0.0,1000,22000,0.0,1.0,,0
75,0.0,10,50,0.4737881618981377,0.05436013590033975,0.18895834684371948,172
75,0.0,25,50,0.47204816381856696,0.09969044922612307,0.14983032643795013,178
75,0.0,50,50,0.47564565066208775,0.09596073990184975,0.1746620386838913,150
75,0.0,100,50,0.48222777069745953,0.14751226878067195,0.6131983399391174,90
75,0.0,250,50,0.5163956385836188,0.09306153265383163,0.7061782479286194,29
75,0.0,500,50,0.5067825353893177,0.15100037750094375,0.7731254696846008,19
75,0.0,1000,50,0.5016435893903187,0.2080332200830502,0.8770039081573486,13
75,0.0,10,100,0.47542450909598283,0.06573046432616081,0.201302170753479,100
75,0.0,25,100,0.4930456062213808,0.056610041525103814,0.6435093283653259,86
75,0.0,50,100,0.48644688609057385,0.08759531898829748,0.6403176784515381,82
75,0.0,100,100,0.5124508490544367,0.10338995847489618,0.7503784894943237,73
75,0.0,250,100,0.5163956385836188,0.09306153265383163,0.7061783671379089,29
75,0.0,500,100,0.5066285853171355,0.1524348810872027,0.774936318397522,18
75,0.0,1000,100,0.5016435893903187,0.2080332200830502,0.8770036697387695,13
75,0.0,10,250,0.49776208021198204,0.05857304643261608,0.5661662817001343,43
75,0.0,25,250,0.4941724015179399,0.07350698376745941,0.6093288064002991,43
75,0.0,50,250,0.4952974477749564,0.06471876179690449,0.5944180488586426,35
75,0.0,100,250,0.5222184615333058,0.058724046810117024,0.6607614159584045,29
75,0.0,250,250,0.5176796401204024,0.08954322385805964,0.701478898525238,26
75,0.0,500,250,0.5066285853171355,0.1524348810872027,0.7749361395835876,18
75,0.0,1000,250,0.5016435893903187,0.2080332200830502,0.8770038485527039,13
75,0.0,10,500,0.5346217513243604,0.08356360890902227,0.6962984800338745,22
75,0.0,25,500,0.5269551514785803,0.07823329558323895,0.689871609210968,23
75,0.0,50,500,0.5204250274078208,0.07694979237448094,0.6747803688049316,22
75,0.0,100,500,0.519451007480236,0.09137032842582106,0.6821956634521484,20
75,0.0,250,500,0.5134727624785972,0.11633069082672706,0.6982949376106262,18
75,0.0,500,500,0.5066285853171355,0.1524348810872027,0.7749361991882324,18
75,0.0,1000,500,0.5096704067320089,0.11104567761419404,0.6401262283325195,10
75,0.0,10,1000,0.5320105410285441,0.1446885617214043,0.7698328495025635,13
75,0.0,25,1000,0.5213688529580921,0.15474518686296715,0.7865011692047119,13
75,0.0,50,1000,0.5192055571219009,0.12063420158550396,0.7019603848457336,14
75,0.0,100,1000,0.5169432534380262,0.1382257455643639,0.7280409336090088,14
75,0.0,250,1000,0.5144958199222673,0.1390109475273688,0.7195612788200378,14
75,0.0,500,1000,0.505492471653013,0.1806266515666289,0.8047456741333008,12
75,0.0,1000,1000,0.5048273863492269,0.18144205360513402,0.7917137145996094,11
75,0.0,10,2500,0.5529242247222599,0.19719139297848245,0.6668800115585327,6
75,0.0,25,2500,0.5645549095682402,0.23361268403171007,0.7314311861991882,6
75,0.0,50,2500,0.6094960308105957,0.29162702906757265,0.7907991409301758,5
75,0.0,100,2500,0.5611367764281449,0.21617214043035107,0.6305711269378662,5
75,0.0,250,2500,0.5670097710903632,0.2212155530388826,0.6310209035873413,4
75,0.0,500,2500,0.5467688062578854,0.19608909022272555,0.6435130834579468,4
75,0.0,1000,2500,0.5501810359344923,0.2027029067572669,0.6583142876625061,4
75,0.0,10,5000,0.6374226151140124,0.32738391845979614,0.8140344023704529,3
75,0.0,25,5000,0.6705698644716989,0.3637599093997735,0.8164297342300415,3
75,0.0,50,5000,0.6954413815690996,0.38299735749339375,0.7921769022941589,3
75,0.0,100,5000,0.6314186445085253,0.30754246885617215,0.7562132477760315,3
75,0.0,250,5000,0.6129198745918624,0.274080785201963,0.7405455112457275,3
75,0.0,500,5000,0.5825498298494524,0.24895432238580598,0.7481015920639038,3
75,0.0,1000,5000,0.5870677276535732,0.2555681389203473,0.7585912942886353,3
75,0.0,10,10000,0.48526204616976343,0.2236164590411476,0.3561287820339203,2
75,0.0,25,10000,0.5981264555621356,0.3574631936579841,0.5608085989952087,2
75,0.0,50,10000,0.6597306819664527,0.3795092487731219,0.6477212309837341,2
75,0.0,100,10000,0.6314186445085253,0.30754246885617215,0.7562131285667419,3
75,0.0,250,10000,0.6129198745918624,0.274080785201963,0.7405455112457275,3
75,0.0,500,10000,0.5825498298494524,0.24895432238580598,0.7481014728546143,3
75,0.0,1000,10000,0.5870677276535732,0.2555681389203473,0.75859135389328,3
75,0.0,10,15000,0.48526204616976343,0.2236164590411476,0.35612866282463074,2
75,0.0,25,15000,0.5981264555621356,0.3574631936579841,0.5608085989952087,2
75,0.0,50,15000,0.6597306819664527,0.3795092487731219,0.6477210521697998,2
75,0.0,100,15000,0.5174360610181247,0.2561419403548509,0.38635605573654175,2
75,0.0,250,15000,0.386582043632588,0.1441147602869007,0.2788080871105194,2
75,0.0,500,15000,0.33247250264248124,0.05558323895809739,0.21298600733280182,2
75,0.0,1000,15000,0.3344277577592241,0.06354095885239713,0.21118494868278503,2
75,0.0,10,20000,0.0,1.0,,0
75,0.0,25,20000,0.0,1.0,,0
75,0.0,50,20000,0.0,1.0,,0
75,0.0,100,20000,0.0,1.0,,0
75,0.0,250,20000,0.0,1.0,,0
75,0.0,500,20000,0.0,1.0,,0
75,0.0,1000,20000,0.0,1.0,,0
75,0.0,10,22000,0.0,1.0,,0
75,0.0,25,22000,0.0,1.0,,0
75,0.0,50,22000,0.0,1.0,,0
75,0.0,100,22000,0.0,1.0,,0
75,0.0,250,22000,0.0,1.0,,0
75,0.0,500,22000,0.0,1.0,,0
75,0.0,1000,22000,0.0,1.0,,0
100,0.0,10,50,0.28440375311516713,0.09460173650434126,0.298025906085968,209
100,0.0,25,50,0.4736154192110528,0.06894677236693092,0.5147807598114014,161
100,0.0,50,50,0.4727493156292068,0.11392978482446206,16.9726619720459,160
100,0.0,100,50,0.47185807683045355,0.1513778784446961,0.5534921884536743,85
100,0.0,250,50,0.5197217269596733,0.09451113627784069,0.7399488091468811,34
100,0.0,500,50,0.5161562229790292,0.12446961117402794,0.7442730665206909,16
100,0.0,1000,50,0.512149712457467,0.19039637599093998,0.8589723110198975,13
100,0.0,10,100,0.2857196178784218,0.1049754624386561,0.2963982820510864,112
100,0.0,25,100,0.47841430545043595,0.060475651189127975,0.5753908157348633,87
100,0.0,50,100,0.4728822994449585,0.09807474518686296,0.48002076148986816,85
100,0.0,100,100,0.4824049006306254,0.12469611174027935,0.5086862444877625,75
100,0.0,250,100,0.5208355554023864,0.08810872027180068,0.7428261041641235,31
100,0.0,500,100,0.5161562229790292,0.12446961117402794,0.7442730665206909,16
100,0.0,1000,100,0.512149712457467,0.19039637599093998,0.8589723706245422,13
100,0.0,10,250,0.2965052152786434,0.1377274443186108,0.3449055254459381,62
100,0.0,25,250,0.48491703992554785,0.06243865609664024,0.5477443933486938,45
100,0.0,50,250,0.500166990268443,0.06239335598338996,0.662096381187439,40
100,0.0,100,250,0.5277290464231502,0.05218573046432616,0.680963397026062,33
100,0.0,250,250,0.5213810107711737,0.08551151377878445,0.7437018752098083,30
100,0.0,500,250,0.5161562229790292,0.12446961117402794,0.7442730069160461,16
100,0.0,1000,250,0.512149712457467,0.19039637599093998,0.8589723706245422,13
100,0.0,10,500,0.5266154118307168,0.08877312193280483,0.708612322807312,19
100,0.0,25,500,0.5029505159274992,0.1052472631181578,0.717521607875824,21
100,0.0,50,500,0.5291282376441631,0.0770252925632314,0.691099226474762,19
100,0.0,100,500,0.5286600001371979,0.0717100792751982,0.6806774139404297,20
100,0.0,250,500,0.5198272453059479,0.1009286523216308,0.7296165823936462,18
100,0.0,500,500,0.5161562229790292,0.12446961117402794,0.7442730069160461,16
100,0.0,1000,500,0.5166111548612996,0.16465081162702908,0.7924105525016785,12
100,0.0,10,1000,0.5287716676539435,0.10687806719516799,0.6990739703178406,14
100,0.0,25,1000,0.5320891312619255,0.07466968667421668,0.6488934755325317,15
100,0.0,50,1000,0.5301309951272083,0.10346545866364666,0.6969206929206848,14
100,0.0,100,1000,0.5299986405490928,0.08397130992827483,0.6657111644744873,13
100,0.0,250,1000,0.5205567140516744,0.09550773876934693,0.6765667200088501,13
100,0.0,500,1000,0.5163671479820655,0.1352963382408456,0.7387151122093201,14
100,0.0,1000,1000,0.5155752210326403,0.17947904869762174,0.7935982346534729,11
100,0.0,10,2500,0.603883215776479,0.24209890524726313,0.6417497396469116,5
100,0.0,25,2500,0.564500165244624,0.15806719516798792,0.6307812929153442,6
100,0.0,50,2500,0.6014339768074707,0.2583767459418648,0.7154341340065002,6
100,0.0,100,2500,0.5710197080729712,0.20416761041902604,0.5574637055397034,4
100,0.0,250,2500,0.5646253198274446,0.1927670819177048,0.5349233150482178,4
100,0.0,500,2500,0.5683206460437524,0.22367685919214797,0.5893933773040771,4
100,0.0,1000,2500,0.5674325916039547,0.22826727066817667,0.6026992201805115,4
100,0.0,10,5000,0.687666179193937,0.3404454511136278,0.7332128882408142,3
100,0.0,25,5000,0.6258028671086072,0.2564137410343526,0.7209532856941223,4
100,0.0,50,5000,0.649093430284266,0.28280860702151756,0.7196622490882874,3
100,0.0,100,5000,0.6161593311824826,0.25734994337485845,0.6862025856971741,3
100,0.0,250,5000,0.6088833687696584,0.2459494148735372,0.6822167038917542,3
100,0.0,500,5000,0.6133418033534557,0.2768591921479804,0.7183027863502502,3
100,0.0,1000,5000,0.6117083718783446,0.28144960362400906,0.7347998023033142,3
100,0.0,10,10000,0.5713486201231228,0.28688561721404304,0.6334277391433716,2
100,0.0,25,10000,0.627263229706987,0.3293771234428086,0.6885866522789001,2
100,0.0,50,10000,0.649093430284266,0.28280860702151756,0.7196624279022217,3
100,0.0,100,10000,0.6161593311824826,0.25734994337485845,0.6862025260925293,3
100,0.0,250,10000,0.6088833687696584,0.2459494148735372,0.6822168827056885,3
100,0.0,500,10000,0.6133418033534557,0.2768591921479804,0.7183026671409607,3
100,0.0,1000,10000,0.6117083718783446,0.28144960362400906,0.7347998023033142,3
100,0.0,10,15000,0.5713486201231228,0.28688561721404304,0.6334279179573059,2
100,0.0,25,15000,0.627263229706987,0.3293771234428086,0.6885865330696106,2
100,0.0,50,15000,0.5699349086994422,0.26521706304265763,0.6657946109771729,2
100,0.0,100,15000,0.4928226693714637,0.248637221593054,0.559052586555481,2
100,0.0,250,15000,0.4160361864722186,0.1844016610041525,0.49805158376693726,2
100,0.0,500,15000,0.40137395129032927,0.15374858437146094,0.49986812472343445,2
100,0.0,1000,15000,0.38718922413568446,0.1404152510381276,0.44970056414604187,2
100,0.0,10,20000,0.0,1.0,,0
100,0.0,25,20000,0.0,1.0,,0
100,0.0,50,20000,0.0,1.0,,0
100,0.0,100,20000,0.0,1.0,,0
100,0.0,250,20000,0.0,1.0,,0
100,0.0,500,20000,0.0,1.0,,0
100,0.0,1000,20000,0.0,1.0,,0
100,0.0,10,22000,0.0,1.0,,0
100,0.0,25,22000,0.0,1.0,,0
100,0.0,50,22000,0.0,1.0,,0
100,0.0,100,22000,0.0,1.0,,0
100,0.0,250,22000,0.0,1.0,,0
100,0.0,500,22000,0.0,1.0,,0
100,0.0,1000,22000,0.0,1.0,,0
10,0.1,10,50,0.0720901268144512,0.42187995469988676,-0.2902998626232147,258
10,0.1,25,50,0.09584862849020222,0.5264477161192903,-0.20404718816280365,196
10,0.1,50,50,0.10504284970119292,0.5999244998112495,-0.10725747793912888,157
10,0.1,100,50,0.10486534696845204,0.6732351830879577,0.029953133314847946,80
10,0.1,250,50,0.08367110368077167,0.711211778029445,0.20193631947040558,29
10,0.1,500,50,0.05433695704198076,0.7940354850887127,0.4807888865470886,15
10,0.1,1000,50,0.05458930847170945,0.8191619479048697,0.5585166215896606,7
10,0.1,10,100,0.08463509397498156,0.4748055870139675,-0.23960448801517487,129
10,0.1,25,100,0.0898282290039592,0.5535220838052095,-0.1576615273952484,107
10,0.1,50,100,0.10661483019642254,0.6289316723291808,-0.04067924991250038,83
10,0.1,100,100,0.09528682419134708,0.6014949037372593,-0.09242179244756699,66
10,0.1,250,100,0.08847655211936215,0.703525858814647,0.26715677976608276,23
10,0.1,500,100,0.07585860712666384,0.7567534918837298,0.21225875616073608,14
10,0.1,1000,100,0.05458930847170945,0.8191619479048697,0.5585166811943054,7
10,0.1,10,250,0.07021401102217568,0.4755001887504719,-0.08716152608394623,38
10,0.1,25,250,0.09393474829661988,0.5611929029822574,0.0049875169061124325,40
10,0.1,50,250,0.09383539479518219,0.5828161570403926,0.09842934459447861,32
10,0.1,100,250,0.09648608315615055,0.6123820309550774,0.06884317845106125,30
10,0.1,250,250,0.0894796628387585,0.7058210645526614,0.2828250825405121,22
10,0.1,500,250,0.0874135968118114,0.7508191770479427,0.3507440984249115,10
10,0.1,1000,250,0.05458930847170945,0.8191619479048697,0.5585166811943054,7
10,0.1,10,500,0.06800471754568038,0.5301019252548131,-0.034184880554676056,17
10,0.1,25,500,0.07082186450431649,0.6217893544733862,0.1950725018978119,16
10,0.1,50,500,0.0845481984832934,0.6363004907512269,0.2716556191444397,18
10,0.1,100,500,0.08819922677809192,0.6611702529256324,0.2744866907596588,14
10,0.1,250,500,0.09636880355874322,0.7284409211023027,0.3635806143283844,14
10,0.1,500,500,0.08145402204002279,0.7577198942997357,0.35810980200767517,9
10,0.1,1000,500,0.05458930847170945,0.8191619479048697,0.5585166215896606,7
10,0.1,10,1000,0.0748030865172741,0.22778406946017365,-0.31701773405075073,7
10,0.1,25,1000,0.03860700470666326,0.19682899207248017,-0.24842332303524017,6
10,0.1,50,1000,0.029366429220720157,0.27853529633824087,-0.22958311438560486,5
10,0.1,100,1000,0.0755639491912174,0.6960966402416006,0.32325324416160583,11
10,0.1,250,1000,0.07561586053102039,0.7644545111362778,0.45328301191329956,11
10,0.1,500,1000,0.06520685743108368,0.7805813514533786,0.4338351786136627,7
10,0.1,1000,1000,0.05458930847170945,0.8191619479048697,0.5585166811943054,7
10,0.1,10,2500,0.053056318961447434,0.7029067572668931,0.6499946117401123,2
10,0.1,25,2500,0.02598043548506047,0.7900490751226878,0.7167738080024719,2
10,0.1,50,2500,0.04355958126422548,0.7497017742544356,0.6472340226173401,2
10,0.1,100,2500,0.0247456501902655,0.805753114382786,0.5542879104614258,3
10,0.1,250,2500,0.014335553083465673,0.8657304643261609,0.7725532054901123,2
10,0.1,500,2500,0.023812516290825165,0.8658965647414119,0.7140809297561646,2
10,0.1,1000,2500,0.05778499407397852,0.8242204605511514,0.2463539093732834,2
10,0.1,10,5000,0.0,1.0,,0
10,0.1,25,5000,0.0,1.0,,0
10,0.1,50,5000,0.04355958126422548,0.7497017742544356,0.6472340226173401,2
10,0.1,100,5000,0.0,1.0,,0
10,0.1,250,5000,0.0,1.0,,0
10,0.1,500,5000,0.0,1.0,,0
10,0.1,1000,5000,0.0,1.0,,0
10,0.1,10,10000,0.0,1.0,,0
10,0.1,25,10000,0.0,1.0,,0
10,0.1,50,10000,0.0,1.0,,0
10,0.1,100,10000,0.0,1.0,,0
10,0.1,250,10000,0.0,1.0,,0
10,0.1,500,10000,0.0,1.0,,0
10,0.1,1000,10000,0.0,1.0,,0
10,0.1,10,15000,0.0,1.0,,0
10,0.1,25,15000,0.0,1.0,,0
10,0.1,50,15000,0.0,1.0,,0
10,0.1,100,15000,0.0,1.0,,0
10,0.1,250,15000,0.0,1.0,,0
10,0.1,500,15000,0.0,1.0,,0
10,0.1,1000,15000,0.0,1.0,,0
10,0.1,10,20000,0.0,1.0,,0
10,0.1,25,20000,0.0,1.0,,0
10,0.1,50,20000,0.0,1.0,,0
10,0.1,100,20000,0.0,1.0,,0
10,0.1,250,20000,0.0,1.0,,0
10,0.1,500,20000,0.0,1.0,,0
10,0.1,1000,20000,0.0,1.0,,0
10,0.1,10,22000,0.0,1.0,,0
10,0.1,25,22000,0.0,1.0,,0
10,0.1,50,22000,0.0,1.0,,0
10,0.1,100,22000,0.0,1.0,,0
10,0.1,250,22000,0.0,1.0,,0
10,0.1,500,22000,0.0,1.0,,0
10,0.1,1000,22000,0.0,1.0,,0
15,0.1,10,50,0.08862333706831421,0.4410721026802567,-0.18816770613193512,238
15,0.1,25,50,0.10907358471556734,0.49608154020385054,-0.14474210143089294,178
15,0.1,50,50,0.11032920563198538,0.5516496791241978,-0.021852346137166023,153
15,0.1,100,50,0.1153805239427491,0.5954850887127218,0.14039959013462067,77
15,0.1,250,50,0.10816017988960569,0.6592223480558701,0.3392240107059479,29
15,0.1,500,50,0.07315309422648641,0.7303737259343148,0.4484270215034485,14
15,0.1,1000,50,0.05272450507489498,0.7723518308795772,0.4648301899433136,10
15,0.1,10,100,0.10968667066467437,0.5060475651189128,-0.050951115787029266,109
15,0.1,25,100,0.13038915019425804,0.5108040770101925,-0.022735008969902992,97
15,0.1,50,100,0.12150792810150907,0.5476481691204228,0.03873620554804802,83
15,0.1,100,100,0.11675139484106138,0.6003926009815025,0.19071097671985626,65
15,0.1,250,100,0.10777484538473732,0.6644318610796527,0.34404367208480835,24
15,0.1,500,100,0.07315309422648641,0.7303737259343148,0.4484270215034485,14
15,0.1,1000,100,0.05227105065271648,0.7733333333333333,0.4902453124523163,9
15,0.1,10,250,0.1307227049095848,0.5887504718761797,0.1637086123228073,35
15,0.1,25,250,0.1387696072550057,0.5673990184975463,0.1322067230939865,35
15,0.1,50,250,0.12536964950330956,0.5767308418271045,0.18450671434402466,37
15,0.1,100,250,0.1258601606910873,0.6064175160437901,0.21258875727653503,28
15,0.1,250,250,0.10631573910733928,0.6662589656474142,0.35230752825737,23
15,0.1,500,250,0.07681963629236142,0.7205738014345036,0.33190980553627014,13
15,0.1,1000,250,0.05040168482805253,0.7778935447338619,0.5061090588569641,7
15,0.1,10,500,0.11625570333271394,0.6780067950169876,0.25041136145591736,15
15,0.1,25,500,0.11809125808679297,0.6592223480558701,0.08172367513179779,14
15,0.1,50,500,0.12271057596635986,0.6536957342393356,0.23592261970043182,17
15,0.1,100,500,0.11584510293681505,0.6438354095885239,0.18849918246269226,16
15,0.1,250,500,0.10600057090870654,0.6766930917327293,0.15163365006446838,15
15,0.1,500,500,0.08038176898933862,0.7143676859192148,0.35542649030685425,12
15,0.1,1000,500,0.05040168482805253,0.7778935447338619,0.5061090588569641,7
15,0.1,10,1000,0.1796457681956795,0.5117553793884485,-0.2379741668701172,8
15,0.1,25,1000,0.1023044056681098,0.676149490373726,0.09750990569591522,9
15,0.1,50,1000,0.11778463301825026,0.6573650434126085,-0.02824890986084938,11
15,0.1,100,1000,0.09204831538068556,0.6698527746319366,0.15697987377643585,12
15,0.1,250,1000,0.08439362525130306,0.7126613816534542,0.28645089268684387,8
15,0.1,500,1000,0.0679075025772194,0.7341940354850887,0.36565184593200684,8
15,0.1,1000,1000,0.05040168482805253,0.7778935447338619,0.5061090588569641,7
15,0.1,10,2500,0.0,1.0,,0
15,0.1,25,2500,0.0,1.0,,0
15,0.1,50,2500,0.0,1.0,,0
15,0.1,100,2500,0.0,1.0,,0
15,0.1,250,2500,0.0,1.0,,0
15,0.1,500,2500,0.0,1.0,,0
15,0.1,1000,2500,0.0,1.0,,0
15,0.1,10,5000,0.0,1.0,,0
15,0.1,25,5000,0.0,1.0,,0
15,0.1,50,5000,0.0,1.0,,0
15,0.1,100,5000,0.0,1.0,,0
15,0.1,250,5000,0.0,1.0,,0
15,0.1,500,5000,0.0,1.0,,0
15,0.1,1000,5000,0.0,1.0,,0
15,0.1,10,10000,0.0,1.0,,0
15,0.1,25,10000,0.0,1.0,,0
15,0.1,50,10000,0.0,1.0,,0
15,0.1,100,10000,0.0,1.0,,0
15,0.1,250,10000,0.0,1.0,,0
15,0.1,500,10000,0.0,1.0,,0
15,0.1,1000,10000,0.0,1.0,,0
15,0.1,10,15000,0.0,1.0,,0
15,0.1,25,15000,0.0,1.0,,0
15,0.1,50,15000,0.0,1.0,,0
15,0.1,100,15000,0.0,1.0,,0
15,0.1,250,15000,0.0,1.0,,0
15,0.1,500,15000,0.0,1.0,,0
15,0.1,1000,15000,0.0,1.0,,0
15,0.1,10,20000,0.0,1.0,,0
15,0.1,25,20000,0.0,1.0,,0
15,0.1,50,20000,0.0,1.0,,0
15,0.1,100,20000,0.0,1.0,,0
15,0.1,250,20000,0.0,1.0,,0
15,0.1,500,20000,0.0,1.0,,0
15,0.1,1000,20000,0.0,1.0,,0
15,0.1,10,22000,0.0,1.0,,0
15,0.1,25,22000,0.0,1.0,,0
15,0.1,50,22000,0.0,1.0,,0
15,0.1,100,22000,0.0,1.0,,0
15,0.1,250,22000,0.0,1.0,,0
15,0.1,500,22000,0.0,1.0,,0
15,0.1,1000,22000,0.0,1.0,,0
30,0.1,10,50,0.4443160584408352,0.08098150245375614,-0.05096791312098503,176
30,0.1,25,50,0.4459899257515374,0.0870064175160438,0.0434255488216877,161
30,0.1,50,50,0.44398164655427286,0.10044545111362778,0.06957542896270752,138
30,0.1,100,50,0.4432257431307211,0.13408833522083805,0.08571626991033554,77
30,0.1,250,50,0.44820772246451307,0.14826727066817666,0.5611288547515869,30
30,0.1,500,50,0.4314023934125768,0.22828237070592677,0.5906926989555359,16
30,0.1,1000,50,0.4260457707957745,0.27873159682899207,0.5198045372962952,15
30,0.1,10,100,0.44872484289591963,0.0813288033220083,0.3121662437915802,90
30,0.1,25,100,0.4501792232539076,0.08742921857304643,0.2371513843536377,85
30,0.1,50,100,0.44919254575631223,0.09845224613061533,0.09574473649263382,81
30,0.1,100,100,0.44492302139933454,0.13017742544356362,0.11163899302482605,72
30,0.1,250,100,0.44899996336174086,0.14847867119667799,0.5636406540870667,27
30,0.1,500,100,0.4314023934125768,0.22828237070592677,0.5906928181648254,16
30,0.1,1000,100,0.425315997603033,0.28090600226500567,0.5205235481262207,13
30,0.1,10,250,0.4522479388427474,0.1162551906379766,0.33334463834762573,36
30,0.1,25,250,0.44723882681017546,0.1352963382408456,0.5732002258300781,34
30,0.1,50,250,0.4521525592069192,0.11685919214798036,0.5703946352005005,29
30,0.1,100,250,0.4473977773011754,0.12659871649679125,0.5847083926200867,31
30,0.1,250,250,0.44888230031573806,0.1544129860324651,0.5907096266746521,25
30,0.1,500,250,0.43137957274549127,0.23124197810494526,0.5894321203231812,15
30,0.1,1000,250,0.425315997603033,0.28090600226500567,0.5205234289169312,13
30,0.1,10,500,0.4488930589759028,0.15873159682899207,0.5951665043830872,19
30,0.1,25,500,0.4431711661971943,0.17872404681011703,0.6475574970245361,18
30,0.1,50,500,0.4487204748206947,0.1524348810872027,0.6024095416069031,18
30,0.1,100,500,0.445831119538255,0.16416761041902606,0.5741152763366699,19
30,0.1,250,500,0.44305897299797686,0.19385428463571158,0.5878466367721558,15
30,0.1,500,500,0.43137957274549127,0.23124197810494526,0.5894321203231812,15
30,0.1,1000,500,0.4269819849090371,0.2853605134012835,0.8707377910614014,11
30,0.1,10,1000,0.44170666134680503,0.20551151377878446,0.6381438374519348,12
30,0.1,25,1000,0.4359986755151427,0.22565496413741035,0.7206393480300903,12
30,0.1,50,1000,0.4421781880518947,0.18393355983389958,0.6619055271148682,13
30,0.1,100,1000,0.43580172713037046,0.2187995469988675,0.6688852310180664,12
30,0.1,250,1000,0.43466244040509006,0.22486976217440544,0.6571917533874512,12
30,0.1,500,1000,0.443764695169108,0.2524122310305776,0.8233530521392822,11
30,0.1,1000,1000,0.42754739488887894,0.30005285013212535,0.893871009349823,10
30,0.1,10,2500,0.4891243046533137,0.42429596073990183,0.8633496165275574,3
30,0.1,25,2500,0.4426173372983659,0.3638052095130238,0.6011111736297607,3
30,0.1,50,2500,0.4920553067924698,0.3723065307663269,0.7427599430084229,4
30,0.1,100,2500,0.49011443958005596,0.3691506228765572,0.7350735664367676,4
30,0.1,250,2500,0.4740671501021871,0.3983842959607399,0.8010856509208679,4
30,0.1,500,2500,0.47953546477420955,0.369437523593809,0.7069307565689087,3
30,0.1,1000,2500,0.47966839348288764,0.39346168365420914,0.7878556847572327,3
30,0.1,10,5000,0.5347752222694279,0.4761947904869762,0.850084125995636,2
30,0.1,25,5000,0.48774539166151043,0.41570403926009813,0.6281859874725342,2
30,0.1,50,5000,0.5344548079808217,0.4242053605134013,0.8064119219779968,3
30,0.1,100,5000,0.5321652204882464,0.4210494526236316,0.8076427578926086,3
30,0.1,250,5000,0.5103597295047437,0.44519441298603246,0.8248075246810913,2
30,0.1,500,5000,0.5178807130619609,0.4213363533408834,0.7873466610908508,2
30,0.1,1000,5000,0.5190584880022613,0.4453756134390336,0.838161289691925,2
30,0.1,10,10000,0.5347752222694279,0.4761947904869762,0.8500840663909912,2
30,0.1,25,10000,0.48774539166151043,0.41570403926009813,0.6281859278678894,2
30,0.1,50,10000,0.4805638851891139,0.41330313325783313,0.6229610443115234,2
30,0.1,100,10000,0.5359103979586249,0.4203548508871272,0.7951987981796265,2
30,0.1,250,10000,0.5103597295047437,0.44519441298603246,0.8248076438903809,2
30,0.1,500,10000,0.5178807130619609,0.4213363533408834,0.787346601486206,2
30,0.1,1000,10000,0.5190584880022613,0.4453756134390336,0.8381612300872803,2
30,0.1,10,15000,0.5347752222694279,0.4761947904869762,0.850084125995636,2
30,0.1,25,15000,0.48774539166151043,0.41570403926009813,0.6281858086585999,2
30,0.1,50,15000,0.4805638851891139,0.41330313325783313,0.6229609251022339,2
30,0.1,100,15000,0.5359103979586249,0.4203548508871272,0.7951987981796265,2
30,0.1,250,15000,0.5103597295047437,0.44519441298603246,0.8248076438903809,2
30,0.1,500,15000,0.5178807130619609,0.4213363533408834,0.7873465418815613,2
30,0.1,1000,15000,0.5190584880022613,0.4453756134390336,0.8381611108779907,2
30,0.1,10,20000,0.0,1.0,,0
30,0.1,25,20000,0.0,1.0,,0
30,0.1,50,20000,0.0,1.0,,0
30,0.1,100,20000,0.0,1.0,,0
30,0.1,250,20000,0.0,1.0,,0
30,0.1,500,20000,0.0,1.0,,0
30,0.1,1000,20000,0.0,1.0,,0
30,0.1,10,22000,0.0,1.0,,0
30,0.1,25,22000,0.0,1.0,,0
30,0.1,50,22000,0.0,1.0,,0
30,0.1,100,22000,0.0,1.0,,0
30,0.1,250,22000,0.0,1.0,,0
30,0.1,500,22000,0.0,1.0,,0
30,0.1,1000,22000,0.0,1.0,,0
50,0.1,10,50,0.47442397963948174,0.04963382408456021,0.47059258818626404,167
50,0.1,25,50,0.47412314087608903,0.08576821442053605,0.4597999155521393,154
50,0.1,50,50,0.47380158779079684,0.09546243865609665,0.3917524814605713,144
50,0.1,100,50,0.47442789585006473,0.10191015477538694,0.5554252862930298,81
50,0.1,250,50,0.4780486785134056,0.14194035485088713,0.7180379033088684,33
50,0.1,500,50,0.47075059064168734,0.20206870517176292,0.7926756739616394,20
50,0.1,1000,50,0.47820453414657443,0.20978482446206115,0.7823902368545532,12
50,0.1,10,100,0.4767256259625069,0.05979614949037373,0.6070445775985718,96
50,0.1,25,100,0.4754960734075588,0.06956587391468479,0.5754902362823486,86
50,0.1,50,100,0.47566418511372305,0.0845753114382786,0.5648906230926514,84
50,0.1,100,100,0.4764207945101582,0.0912797281993205,0.5279092788696289,74
50,0.1,250,100,0.47980349663590793,0.13596073990184976,0.7090901136398315,29
50,0.1,500,100,0.4746746620157132,0.190562476406191,0.7732776999473572,19
50,0.1,1000,100,0.47820453414657443,0.20978482446206115,0.7823903560638428,12
50,0.1,10,250,0.4813553731439729,0.075681389203473,0.6299498081207275,40
50,0.1,25,250,0.480944405511372,0.08108720271800679,0.6456782221794128,37
50,0.1,50,250,0.4799623500673898,0.10621366553416384,0.6978884935379028,34
50,0.1,100,250,0.48641399693478515,0.09037372593431484,0.6842602491378784,32
50,0.1,250,250,0.4856297205887439,0.13517553793884485,0.7538734674453735,27
50,0.1,500,250,0.4838484092547518,0.1734541336353341,0.7567703723907471,15
50,0.1,1000,250,0.4782304173519454,0.2122914307285768,0.7892783284187317,11
50,0.1,10,500,0.48710141777982086,0.07941109852774632,0.6080272793769836,23
50,0.1,25,500,0.48504443495580557,0.09913174782936958,0.6439831852912903,22
50,0.1,50,500,0.48127327101177697,0.1140958852397131,0.681135356426239,19
50,0.1,100,500,0.4891732143639956,0.10678746696866742,0.680770218372345,20
50,0.1,250,500,0.48703671574580965,0.15554548886372216,0.7431990504264832,17
50,0.1,500,500,0.48226883562019085,0.18085315213288033,0.7618060111999512,14
50,0.1,1000,500,0.4782304173519454,0.2122914307285768,0.7892783880233765,11
50,0.1,10,1000,0.5129813064745373,0.09778784446961117,0.6441068053245544,15
50,0.1,25,1000,0.5100464421584503,0.140641751604379,0.7143533825874329,14
50,0.1,50,1000,0.4770608485040029,0.1527368818422046,0.7097471952438354,14
50,0.1,100,1000,0.49313881405922044,0.167202718006795,0.7593101859092712,14
50,0.1,250,1000,0.4848215595315163,0.17223103057757644,0.7434544563293457,13
50,0.1,500,1000,0.47903842452641593,0.2101623254058135,0.7712559700012207,11
50,0.1,1000,1000,0.4782304173519454,0.2122914307285768,0.7892783880233765,11
50,0.1,10,2500,0.5320649609978584,0.165436013590034,0.6322571635246277,6
50,0.1,25,2500,0.5690115271165055,0.2945715364288411,0.7251573204994202,4
50,0.1,50,2500,0.5341060214537765,0.3069233673084183,0.7362780570983887,5
50,0.1,100,2500,0.5498116500790626,0.3024990562476406,0.727638840675354,4
50,0.1,250,2500,0.5077265835202317,0.3396149490373726,0.8061918020248413,4
50,0.1,500,2500,0.5058560125630212,0.3352661381653454,0.792118489742279,4
50,0.1,1000,2500,0.5222122882616473,0.33759154397885993,0.7670482397079468,4
50,0.1,10,5000,0.3929770473566965,0.15639109097772744,0.3130146265029907,3
50,0.1,25,5000,0.3179568338224165,0.0007701019252548131,0.328625351190567,2
50,0.1,50,5000,0.31133027475858277,0.02822197055492639,0.3173682391643524,2
50,0.1,100,5000,0.31133027475858277,0.02822197055492639,0.3173682987689972,2
50,0.1,250,5000,0.3179568338224165,0.0007701019252548131,0.328625351190567,2
50,0.1,500,5000,0.54274542676432,0.3876632691581729,0.8873835802078247,3
50,0.1,1000,5000,0.5612766761811959,0.39001887504718763,0.888171374797821,3
50,0.1,10,10000,0.4193094204548085,0.24040770101925255,0.4415513873100281,2
50,0.1,25,10000,0.3179568338224165,0.0007701019252548131,0.3286253809928894,2
50,0.1,50,10000,0.31133027475858277,0.02822197055492639,0.31736835837364197,2
50,0.1,100,10000,0.31133027475858277,0.02822197055492639,0.3173682689666748,2
50,0.1,250,10000,0.3179568338224165,0.0007701019252548131,0.3286253809928894,2
50,0.1,500,10000,0.3179568338224165,0.0007701019252548131,0.3286254107952118,2
50,0.1,1000,10000,0.3179568338224165,0.0007701019252548131,0.3286254107952118,2
50,0.1,10,15000,0.4193094204548085,0.24040770101925255,0.44155144691467285,2
50,0.1,25,15000,0.3179568338224165,0.0007701019252548131,0.3286254405975342,2
50,0.1,50,15000,0.31133027475858277,0.02822197055492639,0.3173682391643524,2
50,0.1,100,15000,0.31133027475858277,0.02822197055492639,0.3173682987689972,2
50,0.1,250,15000,0.3179568338224165,0.0007701019252548131,0.3286254107952118,2
50,0.1,500,15000,0.3179568338224165,0.0007701019252548131,0.3286254107952118,2
50,0.1,1000,15000,0.3179568338224165,0.0007701019252548131,0.3286254405975342,2
50,0.1,10,20000,0.0,1.0,,0
50,0.1,25,20000,0.0,1.0,,0
50,0.1,50,20000,0.0,1.0,,0
50,0.1,100,20000,0.0,1.0,,0
50,0.1,250,20000,0.0,1.0,,0
50,0.1,500,20000,0.0,1.0,,0
50,0.1,1000,20000,0.0,1.0,,0
50,0.1,10,22000,0.0,1.0,,0
50,0.1,25,22000,0.0,1.0,,0
50,0.1,50,22000,0.0,1.0,,0
50,0.1,100,22000,0.0,1.0,,0
50,0.1,250,22000,0.0,1.0,,0
50,0.1,500,22000,0.0,1.0,,0
50,0.1,1000,22000,0.0,1.0,,0
75,0.1,10,50,0.472236881778015,0.06305775764439411,0.25111299753189087,172
75,0.1,25,50,0.4758725445092821,0.082718006795017,0.2978631556034088,166
75,0.1,50,50,0.47696506922042425,0.1234730086825217,0.26993197202682495,154
75,0.1,100,50,0.5112365717489302,0.07996979992449982,0.7319176197052002,71
75,0.1,250,50,0.5115776004920128,0.11871649679124198,0.7463958859443665,36
75,0.1,500,50,0.5019506509120738,0.18109475273688183,0.860565185546875,22
75,0.1,1000,50,0.5005918863553843,0.2530766326915817,0.9220215082168579,13
75,0.1,10,100,0.4734274412110434,0.06589656474141185,0.28646427392959595,91
75,0.1,25,100,0.47553819179588164,0.07975839939599849,0.3106282353401184,87
75,0.1,50,100,0.48938237863805145,0.07243488108720272,0.6343280673027039,80
75,0.1,100,100,0.5125525560254891,0.0722234805587014,0.7103180289268494,65
75,0.1,250,100,0.5113033084011488,0.12037750094375237,0.7809773683547974,33
75,0.1,500,100,0.5019506509120738,0.18109475273688183,0.860565185546875,22
75,0.1,1000,100,0.5005918863553843,0.2530766326915817,0.9220213294029236,13
75,0.1,10,250,0.4977341558790883,0.05152132880332201,0.6154086589813232,44
75,0.1,25,250,0.5231608105394473,0.05485843714609286,0.6936202049255371,40
75,0.1,50,250,0.5197570152324105,0.048652321630804074,0.668871283531189,40
75,0.1,100,250,0.5188079176120627,0.06384295960739902,0.69280606508255,36
75,0.1,250,250,0.5143259357568686,0.10622876557191394,0.7593643665313721,31
75,0.1,500,250,0.5018514543577514,0.1799018497546244,0.8419852256774902,18
75,0.1,1000,250,0.5069621393539941,0.1548961872404681,0.693661630153656,10
75,0.1,10,500,0.5275688002920469,0.08643261608154021,0.70660799741745,25
75,0.1,25,500,0.5321440950956335,0.09078142695356739,0.7095688581466675,24
75,0.1,50,500,0.5223977260577886,0.07121177802944507,0.6691082119941711,26
75,0.1,100,500,0.5185352661175999,0.0928954322385806,0.6898208260536194,22
75,0.1,250,500,0.5159768295215144,0.12682521706304264,0.726671576499939,19
75,0.1,500,500,0.5076682895674594,0.08976972442431107,0.632888913154602,14
75,0.1,1000,500,0.5069621393539941,0.1548961872404681,0.693661630153656,10
75,0.1,10,1000,0.5448118472151543,0.14539826349565874,0.7501285672187805,11
75,0.1,25,1000,0.557456159048897,0.11611929029822575,0.6630268096923828,12
75,0.1,50,1000,0.5220047497376381,0.15204228010570026,0.7520496845245361,14
75,0.1,100,1000,0.5171701782072713,0.14249905624764062,0.7199751734733582,14
75,0.1,250,1000,0.5081855124384148,0.05627784069460174,0.5383419990539551,10
75,0.1,500,1000,0.5072256086803435,0.07512268780671952,0.5629622936248779,10
75,0.1,1000,1000,0.5069621393539941,0.1548961872404681,0.6936615705490112,10
75,0.1,10,2500,0.6117573234527299,0.2878067195167988,0.7849817276000977,5
75,0.1,25,2500,0.6397797808013644,0.30779916949792374,0.7681773900985718,4
75,0.1,50,2500,0.6099569506466991,0.25677614194035486,0.6561198830604553,5
75,0.1,100,2500,0.5839456985454422,0.24418271045677614,0.6441082954406738,5
75,0.1,250,2500,0.5614535969188453,0.20212910532276332,0.5911871790885925,4
75,0.1,500,2500,0.5304151750355887,0.1651491128727822,0.5586674809455872,5
75,0.1,1000,2500,0.5287086078397756,0.16825972064930161,0.570341944694519,5
75,0.1,10,5000,0.6795698098859353,0.43771989429973573,0.9920780062675476,2
75,0.1,25,5000,0.6923831706831041,0.36069460173650436,0.817060649394989,3
75,0.1,50,5000,0.6541620541199474,0.3096715741789354,0.7580289244651794,3
75,0.1,100,5000,0.622911429708803,0.2784748961872405,0.7503079771995544,3
75,0.1,250,5000,0.6045580714510074,0.2550245375613439,0.7372453212738037,3
75,0.1,500,5000,0.5982284786913316,0.2679199697999245,0.7551209926605225,3
75,0.1,1000,5000,0.5945395212761783,0.27634579086447714,0.775717556476593,3
75,0.1,10,10000,0.6795698098859353,0.43771989429973573,0.9920780062675476,2
75,0.1,25,10000,0.5581634323434277,0.31171007927519817,0.4842287003993988,2
75,0.1,50,10000,0.5321118242489288,0.2784446961117403,0.4110606908798218,2
75,0.1,100,10000,0.622911429708803,0.2784748961872405,0.750308096408844,3
75,0.1,250,10000,0.6045580714510074,0.2550245375613439,0.7372453808784485,3
75,0.1,500,10000,0.5982284786913316,0.2679199697999245,0.7551209330558777,3
75,0.1,1000,10000,0.5945395212761783,0.27634579086447714,0.7757177352905273,3
75,0.1,10,15000,0.6795698098859353,0.43771989429973573,0.9920780062675476,2
75,0.1,25,15000,0.5581634323434277,0.31171007927519817,0.48422878980636597,2
75,0.1,50,15000,0.5321118242489288,0.2784446961117403,0.4110606908798218,2
75,0.1,100,15000,0.4423169607903151,0.20478671196677992,0.29302677512168884,2
75,0.1,250,15000,0.35374597770211424,0.10544356360890902,0.25391387939453125,2
75,0.1,500,15000,0.3357729020634695,0.014299735749339373,0.21063785254955292,2
75,0.1,1000,15000,0.3378395341445397,0.03779539448848622,0.2273208647966385,2
75,0.1,10,20000,0.0,1.0,,0
75,0.1,25,20000,0.0,1.0,,0
75,0.1,50,20000,0.0,1.0,,0
75,0.1,100,20000,0.0,1.0,,0
75,0.1,250,20000,0.0,1.0,,0
75,0.1,500,20000,0.0,1.0,,0
75,0.1,1000,20000,0.0,1.0,,0
75,0.1,10,22000,0.0,1.0,,0
75,0.1,25,22000,0.0,1.0,,0
75,0.1,50,22000,0.0,1.0,,0
75,0.1,100,22000,0.0,1.0,,0
75,0.1,250,22000,0.0,1.0,,0
75,0.1,500,22000,0.0,1.0,,0
75,0.1,1000,22000,0.0,1.0,,0
100,0.1,10,50,0.47566827864108163,0.045617214043035106,0.5323866605758667,156
100,0.1,25,50,0.4746261329781359,0.08335220838052095,0.49866893887519836,159
100,0.1,50,50,0.48032481948492084,0.1234730086825217,0.5325592756271362,146
100,0.1,100,50,0.47362509339170006,0.10671196677991696,0.580106794834137,89
100,0.1,250,50,0.5076320175834154,0.14542846357115893,0.7830909490585327,37
100,0.1,500,50,0.5040177258182409,0.19420158550396377,0.8553075790405273,20
100,0.1,1000,50,0.5085441137714587,0.18391845979614949,0.7689691185951233,12
100,0.1,10,100,0.47839319691021687,0.04058890147225368,0.5558128356933594,96
100,0.1,25,100,0.47343735747632076,0.06284635711589279,0.5342694520950317,94
100,0.1,50,100,0.474806817598042,0.08279350698376746,0.5767199397087097,90
100,0.1,100,100,0.4732462713436383,0.11169497923744809,0.6185392737388611,79
100,0.1,250,100,0.5084432884047313,0.14257455643639108,0.7836822271347046,36
100,0.1,500,100,0.5055652803551074,0.18557946394865987,0.8297033905982971,18
100,0.1,1000,100,0.5085441137714587,0.18391845979614949,0.7689689993858337,12
100,0.1,10,250,0.47891710235658236,0.07522838807097018,0.547898530960083,48
100,0.1,25,250,0.48060550827383713,0.06681766704416761,0.5332678556442261,49
100,0.1,50,250,0.4817420968685045,0.06517176292940732,0.507495641708374,45
100,0.1,100,250,0.5152003769245871,0.09005662514156286,0.6936158537864685,40
100,0.1,250,250,0.5160352318896334,0.12748961872404682,0.7271094918251038,29
100,0.1,500,250,0.5070960063646428,0.16490751226878067,0.7809107303619385,16
100,0.1,1000,250,0.508497779563043,0.1860173650434126,0.7720449566841125,11
100,0.1,10,500,0.5023849499632027,0.11032087580218951,0.7041881680488586,22
100,0.1,25,500,0.5305569513092073,0.09842204605511513,0.7316433191299438,21
100,0.1,50,500,0.5295046639124227,0.08164590411476029,0.6967918276786804,21
100,0.1,100,500,0.5155219758970315,0.12223480558701397,0.7413880825042725,19
100,0.1,250,500,0.5132846912046626,0.10574556436391092,0.6906967759132385,17
100,0.1,500,500,0.5084935396355758,0.153763684409211,0.7406625747680664,14
100,0.1,1000,500,0.508497779563043,0.1860173650434126,0.7720450758934021,11
100,0.1,10,1000,0.5216981346266326,0.13673084182710457,0.6955901980400085,11
100,0.1,25,1000,0.5308405753648613,0.08067950169875425,0.6211901903152466,13
100,0.1,50,1000,0.5322111914457202,0.1111362778406946,0.680359959602356,13
100,0.1,100,1000,0.5123730021895977,0.12098150245375613,0.6548587083816528,12
100,0.1,250,1000,0.5098728254986583,0.14461306153265382,0.6995005011558533,12
100,0.1,500,1000,0.5092836458682906,0.07965269913174783,0.5680728554725647,10
100,0.1,1000,1000,0.508497779563043,0.1860173650434126,0.7720450758934021,11
100,0.1,10,2500,0.5847421583769759,0.2698527746319366,0.6883507370948792,5
100,0.1,25,2500,0.5840801129872587,0.22929407323518308,0.6835137605667114,6
100,0.1,50,2500,0.5974281030206692,0.2335220838052095,0.6808438897132874,5
100,0.1,100,2500,0.5727813692865434,0.2343374858437146,0.5976538062095642,4
100,0.1,250,2500,0.5556774847084772,0.15841449603624008,0.5244145393371582,4
100,0.1,500,2500,0.5485685107506768,0.15071347678369196,0.5122348070144653,4
100,0.1,1000,2500,0.5545474165426391,0.20117780294450735,0.5892139673233032,4
100,0.1,10,5000,0.662143562648164,0.36468101170252926,0.8157349824905396,3
100,0.1,25,5000,0.6701037485592952,0.37008682521706304,0.8132736682891846,3
100,0.1,50,5000,0.6275696469224449,0.3444620611551529,0.9002017378807068,3
100,0.1,100,5000,0.6192482937642763,0.28755001887504716,0.7365824580192566,3
100,0.1,250,5000,0.611876158335158,0.23303888259720648,0.693263828754425,3
100,0.1,500,5000,0.5979233086416171,0.22533786334465836,0.6838151812553406,3
100,0.1,1000,5000,0.6056217718658636,0.27580218950547375,0.7400914430618286,3
100,0.1,10,10000,0.6449333596836796,0.3458059645149113,0.7083391547203064,2
100,0.1,25,10000,0.5433561704917282,0.30624386560966405,0.6208739876747131,2
100,0.1,50,10000,0.5113602155193123,0.2429294073235183,0.5171831846237183,2
100,0.1,100,10000,0.6192482937642763,0.28755001887504716,0.7365826368331909,3
100,0.1,250,10000,0.611876158335158,0.23303888259720648,0.6932639479637146,3
100,0.1,500,10000,0.5979233086416171,0.22533786334465836,0.6838152408599854,3
100,0.1,1000,10000,0.6056217718658636,0.27580218950547375,0.7400913238525391,3
100,0.1,10,15000,0.6449333596836796,0.3458059645149113,0.708339273929596,2
100,0.1,25,15000,0.5433561704917282,0.30624386560966405,0.6208741068840027,2
100,0.1,50,15000,0.5113602155193123,0.2429294073235183,0.5171830058097839,2
100,0.1,100,15000,0.506130591195564,0.21979614949037374,0.4883909225463867,2
100,0.1,250,15000,0.611876158335158,0.23303888259720648,0.6932639479637146,3
100,0.1,500,15000,0.5979233086416171,0.22533786334465836,0.6838152408599854,3
100,0.1,1000,15000,0.4048240430325455,0.1575386938467346,0.37912431359291077,2
100,0.1,10,20000,0.0,1.0,,0
100,0.1,25,20000,0.0,1.0,,0
100,0.1,50,20000,0.0,1.0,,0
100,0.1,100,20000,0.0,1.0,,0
100,0.1,250,20000,0.0,1.0,,0
100,0.1,500,20000,0.0,1.0,,0
100,0.1,1000,20000,0.0,1.0,,0
100,0.1,10,22000,0.0,1.0,,0
100,0.1,25,22000,0.0,1.0,,0
100,0.1,50,22000,0.0,1.0,,0
100,0.1,100,22000,0.0,1.0,,0
100,0.1,250,22000,0.0,1.0,,0
100,0.1,500,22000,0.0,1.0,,0
100,0.1,1000,22000,0.0,1.0,,0
10,0.15,10,50,0.07158626712896941,0.42355605889014725,-0.23636385798454285,246
10,0.15,25,50,0.10289346709746362,0.5374556436391091,-0.07948319613933563,195
10,0.15,50,50,0.11266705840374977,0.6091053227633069,0.019223447889089584,147
10,0.15,100,50,0.10350712635605204,0.6742015855039638,0.11695804446935654,81
10,0.15,250,50,0.08916193456370486,0.751679879199698,0.32535648345947266,32
10,0.15,500,50,0.059183151876987944,0.8108569271423178,0.49294108152389526,18
10,0.15,1000,50,0.05371627983724726,0.8444998112495281,0.43162649869918823,7
10,0.15,10,100,0.07938328457698385,0.4763004907512269,-0.18226775527000427,133
10,0.15,25,100,0.10116370905150904,0.5544733861834654,-0.0792350098490715,106
10,0.15,50,100,0.11135786541007928,0.6329935824839562,0.04576268047094345,85
10,0.15,100,100,0.10901493817612312,0.674231785579464,0.11624659597873688,72
10,0.15,250,100,0.08969984219350965,0.7538089845224613,0.3630390465259552,27
10,0.15,500,100,0.05942455614755092,0.8115062287655719,0.44192320108413696,16
10,0.15,1000,100,0.05371627983724726,0.8444998112495281,0.43162649869918823,7
10,0.15,10,250,0.07924179235761959,0.39181577953944885,-0.16899453103542328,36
10,0.15,25,250,0.10215585187948499,0.629928274820687,0.1172969862818718,41
10,0.15,50,250,0.10931554929503129,0.6816610041525104,0.2713378667831421,36
10,0.15,100,250,0.11775227144915726,0.6851642129105323,0.21601775288581848,33
10,0.15,250,250,0.09352848439582606,0.7594261985654964,0.3949120044708252,20
10,0.15,500,250,0.05444359218082343,0.8082144205360513,0.4979858696460724,13
10,0.15,1000,250,0.05431529089276354,0.8470819177047942,0.4225256145000458,6
10,0.15,10,500,0.06668088306344777,0.4640392600981502,-0.04107104241847992,17
10,0.15,25,500,0.07128099267893365,0.7015628539071348,0.22583916783332825,17
10,0.15,50,500,0.09323226944260961,0.7599093997734995,0.43644168972969055,15
10,0.15,100,500,0.09201491558104243,0.7376519441298603,0.31167131662368774,16
10,0.15,250,500,0.091685238606516,0.772155530388826,0.4974641799926758,14
10,0.15,500,500,0.07441340297436069,0.7844318610796527,0.35117608308792114,11
10,0.15,1000,500,0.05431529089276354,0.8470819177047942,0.4225255846977234,6
10,0.15,10,1000,0.05591379350381094,0.5313552283880709,0.07424923777580261,10
10,0.15,25,1000,0.06806330624862139,0.7489316723291808,0.21549589931964874,9
10,0.15,50,1000,0.07249577808885188,0.8101170252925632,0.4121573567390442,9
10,0.15,100,1000,0.07736193625603195,0.8200226500566251,0.3547155261039734,8
10,0.15,250,1000,0.08291551697207966,0.8196904492261231,0.44097551703453064,7
10,0.15,500,1000,0.06748775299501569,0.804967912419781,0.31643614172935486,7
10,0.15,1000,1000,0.05431529089276354,0.8470819177047942,0.4225255846977234,6
10,0.15,10,2500,0.06196161091950617,0.6696866742166856,0.5700333714485168,2
10,0.15,25,2500,0.007164555036041651,0.8837297093242733,0.7348014116287231,2
10,0.15,50,2500,0.010412266477529507,0.5648471121177803,0.057981546968221664,2
10,0.15,100,2500,0.0,1.0,,0
10,0.15,250,2500,0.0,1.0,,0
10,0.15,500,2500,0.0,1.0,,0
10,0.15,1000,2500,0.052909304540761086,0.87039637599094,-0.01891840435564518,2
10,0.15,10,5000,0.0,1.0,,0
10,0.15,25,5000,0.0,1.0,,0
10,0.15,50,5000,0.0,1.0,,0
10,0.15,100,5000,0.0,1.0,,0
10,0.15,250,5000,0.0,1.0,,0
10,0.15,500,5000,0.0,1.0,,0
10,0.15,1000,5000,0.0,1.0,,0
10,0.15,10,10000,0.0,1.0,,0
10,0.15,25,10000,0.0,1.0,,0
10,0.15,50,10000,0.0,1.0,,0
10,0.15,100,10000,0.0,1.0,,0
10,0.15,250,10000,0.0,1.0,,0
10,0.15,500,10000,0.0,1.0,,0
10,0.15,1000,10000,0.0,1.0,,0
10,0.15,10,15000,0.0,1.0,,0
10,0.15,25,15000,0.0,1.0,,0
10,0.15,50,15000,0.0,1.0,,0
10,0.15,100,15000,0.0,1.0,,0
10,0.15,250,15000,0.0,1.0,,0
10,0.15,500,15000,0.0,1.0,,0
10,0.15,1000,15000,0.0,1.0,,0
10,0.15,10,20000,0.0,1.0,,0
10,0.15,25,20000,0.0,1.0,,0
10,0.15,50,20000,0.0,1.0,,0
10,0.15,100,20000,0.0,1.0,,0
10,0.15,250,20000,0.0,1.0,,0
10,0.15,500,20000,0.0,1.0,,0
10,0.15,1000,20000,0.0,1.0,,0
10,0.15,10,22000,0.0,1.0,,0
10,0.15,25,22000,0.0,1.0,,0
10,0.15,50,22000,0.0,1.0,,0
10,0.15,100,22000,0.0,1.0,,0
10,0.15,250,22000,0.0,1.0,,0
10,0.15,500,22000,0.0,1.0,,0
10,0.15,1000,22000,0.0,1.0,,0
15,0.15,10,50,0.07947059829132745,0.4501623254058135,-0.1811750829219818,235
15,0.15,25,50,0.10913759712805914,0.5447036617591544,-0.034823883324861526,172
15,0.15,50,50,0.10711970958591042,0.5921932804832012,0.13033759593963623,143
15,0.15,100,50,0.10575241451540679,0.6643563608909022,0.39172911643981934,78
15,0.15,250,50,0.08967057769423288,0.7296489241223103,0.51337069272995,34
15,0.15,500,50,0.07447432499980663,0.7627784069460174,0.4468865692615509,16
15,0.15,1000,50,0.05365473784693538,0.8283880709701774,0.6691023111343384,10
15,0.15,10,100,0.10848953331514076,0.5005813514533787,-0.04874167591333389,113
15,0.15,25,100,0.11316187024850925,0.5410494526236316,-0.022512316703796387,92
15,0.15,50,100,0.11057550687325336,0.5947300868252171,0.1454770267009735,78
15,0.15,100,100,0.1171724776299345,0.6629973574933937,0.38917115330696106,67
15,0.15,250,100,0.08909281765685031,0.7309324273310683,0.5140498876571655,30
15,0.15,500,100,0.07462121375390181,0.7651038127595319,0.44659650325775146,14
15,0.15,1000,100,0.05674837378464121,0.8162627406568517,0.6588833332061768,9
15,0.15,10,250,0.10462676947415718,0.5577500943752359,0.16962848603725433,44
15,0.15,25,250,0.10582410513778356,0.5566477916194791,0.0943530797958374,38
15,0.15,50,250,0.11268844697895515,0.6222121555303888,0.3031615912914276,36
15,0.15,100,250,0.11942782903417512,0.656308040770102,0.29421767592430115,31
15,0.15,250,250,0.09448054868971792,0.7276255190637977,0.5081682205200195,27
15,0.15,500,250,0.09207303576237863,0.744492261230653,0.4511168897151947,12
15,0.15,1000,250,0.05674837378464121,0.8162627406568517,0.6588833332061768,9
15,0.15,10,500,0.07657377315112218,0.6070366175915439,0.17372162640094757,19
15,0.15,25,500,0.11078761193037377,0.6050434126085316,0.17297568917274475,19
15,0.15,50,500,0.10665800487596357,0.6189052472631181,0.17029070854187012,15
15,0.15,100,500,0.12199313249151461,0.6439562098905247,0.2083214372396469,19
15,0.15,250,500,0.10835765949488338,0.7358248395620989,0.39853739738464355,13
15,0.15,500,500,0.09207303576237863,0.744492261230653,0.4511168599128723,12
15,0.15,1000,500,0.054559894833132845,0.788961872404681,0.6421661972999573,7
15,0.15,10,1000,0.041952882287373386,0.6603397508493771,0.27512797713279724,12
15,0.15,25,1000,0.07461228453415211,0.6888335220838052,0.23412007093429565,11
15,0.15,50,1000,0.09609398923339882,0.6404228010570027,0.12307920306921005,12
15,0.15,100,1000,0.0807177087157718,0.6591468478671196,0.2299121618270874,10
15,0.15,250,1000,0.08917574625924413,0.7319290298225746,0.38637128472328186,8
15,0.15,500,1000,0.08235584305415108,0.7303435258588147,0.45662060379981995,7
15,0.15,1000,1000,0.054559894833132845,0.788961872404681,0.6421661972999573,7
15,0.15,10,2500,0.009391613615152334,0.8431861079652699,0.3400620222091675,2
15,0.15,25,2500,0.007815531518985784,0.8086825217063043,0.06617207825183868,2
15,0.15,50,2500,0.005348418641421406,0.8335673839184597,0.3212112486362457,2
15,0.15,100,2500,0.012901638468454468,0.7751000377500944,0.2983047366142273,3
15,0.15,250,2500,0.02603899480840923,0.8014043035107588,0.4963532090187073,3
15,0.15,500,2500,0.058208004711221034,0.7125707814269535,0.3659175932407379,2
15,0.15,1000,2500,0.014169734598375746,0.8873235183087957,0.8507198095321655,2
15,0.15,10,5000,0.0,1.0,,0
15,0.15,25,5000,0.0,1.0,,0
15,0.15,50,5000,0.0,1.0,,0
15,0.15,100,5000,0.0,1.0,,0
15,0.15,250,5000,0.0,1.0,,0
15,0.15,500,5000,0.0,1.0,,0
15,0.15,1000,5000,0.0,1.0,,0
15,0.15,10,10000,0.0,1.0,,0
15,0.15,25,10000,0.0,1.0,,0
15,0.15,50,10000,0.0,1.0,,0
15,0.15,100,10000,0.0,1.0,,0
15,0.15,250,10000,0.0,1.0,,0
15,0.15,500,10000,0.0,1.0,,0
15,0.15,1000,10000,0.0,1.0,,0
15,0.15,10,15000,0.0,1.0,,0
15,0.15,25,15000,0.0,1.0,,0
15,0.15,50,15000,0.0,1.0,,0
15,0.15,100,15000,0.0,1.0,,0
15,0.15,250,15000,0.0,1.0,,0
15,0.15,500,15000,0.0,1.0,,0
15,0.15,1000,15000,0.0,1.0,,0
15,0.15,10,20000,0.0,1.0,,0
15,0.15,25,20000,0.0,1.0,,0
15,0.15,50,20000,0.0,1.0,,0
15,0.15,100,20000,0.0,1.0,,0
15,0.15,250,20000,0.0,1.0,,0
15,0.15,500,20000,0.0,1.0,,0
15,0.15,1000,20000,0.0,1.0,,0
15,0.15,10,22000,0.0,1.0,,0
15,0.15,25,22000,0.0,1.0,,0
15,0.15,50,22000,0.0,1.0,,0
15,0.15,100,22000,0.0,1.0,,0
15,0.15,250,22000,0.0,1.0,,0
15,0.15,500,22000,0.0,1.0,,0
15,0.15,1000,22000,0.0,1.0,,0
30,0.15,10,50,0.368505292116596,0.1422876557191393,-0.028919080272316933,176
30,0.15,25,50,0.374634753255625,0.14488486221215552,0.04913641884922981,160
30,0.15,50,50,0.37246622406033086,0.17804454511136278,0.11589449644088745,133
30,0.15,100,50,0.37409913455186944,0.20111740279350698,0.20438353717327118,78
30,0.15,250,50,0.3773344288322238,0.23663269158172895,0.5986620187759399,31
30,0.15,500,50,0.35865491771792857,0.30047565118912795,0.6719003319740295,18
30,0.15,1000,50,0.35429243779191627,0.3485239713099283,0.8079286217689514,11
30,0.15,10,100,0.3689462503369256,0.14980747451868628,0.018214549869298935,95
30,0.15,25,100,0.3745201712194545,0.15826349565873915,0.08644609153270721,88
30,0.15,50,100,0.3776681311752484,0.16448471121177802,0.2194209098815918,77
30,0.15,100,100,0.3786191147374436,0.19184597961494904,0.19702863693237305,72
30,0.15,250,100,0.37776342997719653,0.2372970932427331,0.6311023831367493,29
30,0.15,500,100,0.35863368719801214,0.29944884862212157,0.6746463775634766,17
30,0.15,1000,100,0.35429243779191627,0.3485239713099283,0.8079285621643066,11
30,0.15,10,250,0.3816923903268022,0.1737410343525859,0.5121306777000427,42
30,0.15,25,250,0.3683631941900084,0.18488486221215553,0.4574179947376251,35
30,0.15,50,250,0.37903641718400144,0.17055492638731598,0.4453001916408539,37
30,0.15,100,250,0.3744308188563083,0.19904869762174404,0.4739973247051239,35
30,0.15,250,250,0.3790900762828049,0.23513778784446962,0.613399088382721,27
30,0.15,500,250,0.3600208897746346,0.3026651566628917,0.6747156977653503,16
30,0.15,1000,250,0.35429243779191627,0.3485239713099283,0.8079285621643066,11
30,0.15,10,500,0.4099784117813111,0.19007927519818799,0.44904905557632446,19
30,0.15,25,500,0.3791900928155274,0.23270668176670442,0.5356634855270386,20
30,0.15,50,500,0.3785704552291869,0.2411023027557569,0.6303684115409851,19
30,0.15,100,500,0.38475337023794365,0.2184824462061155,0.5694261789321899,21
30,0.15,250,500,0.37078570693026475,0.2583163457908645,0.6651520729064941,17
30,0.15,500,500,0.36369836513137793,0.30924877312193283,0.6891777515411377,14
30,0.15,1000,500,0.35429243779191627,0.3485239713099283,0.8079286217689514,11
30,0.15,10,1000,0.39760229802004743,0.2281766704416761,0.5505079627037048,12
30,0.15,25,1000,0.36405714090694996,0.2804530011325028,0.6321732997894287,11
30,0.15,50,1000,0.3678019940623192,0.2881691204228011,0.6824237704277039,13
30,0.15,100,1000,0.36587007148748624,0.2952812382030955,0.644293487071991,12
30,0.15,250,1000,0.37172014985275886,0.30514156285390714,0.7252987623214722,11
30,0.15,500,1000,0.3628047184588432,0.3277614194035485,0.7672463059425354,11
30,0.15,1000,1000,0.35429243779191627,0.3485239713099283,0.8079286217689514,11
30,0.15,10,2500,0.42761080723701833,0.3592147980369951,0.6283013820648193,3
30,0.15,25,2500,0.39593214262368376,0.43909399773499436,0.7602766156196594,4
30,0.15,50,2500,0.360977877217612,0.4469460173650434,0.7208318710327148,4
30,0.15,100,2500,0.38112697806679463,0.4690977727444319,0.84984290599823,4
30,0.15,250,2500,0.36480216117303793,0.48471121177802945,0.8758638501167297,4
30,0.15,500,2500,0.34936311814110144,0.3769120422801057,0.7064312696456909,6
30,0.15,1000,2500,0.2593444919165303,0.35287278218195545,0.39489689469337463,4
30,0.15,10,5000,0.42761080723701833,0.3592147980369951,0.6283014416694641,3
30,0.15,25,5000,0.41230227554622256,0.4635711589278973,0.6231384873390198,2
30,0.15,50,5000,0.37066980403201494,0.4550698376745942,0.4966445863246918,2
30,0.15,100,5000,0.3013659731019905,0.36821442053605136,0.37312713265419006,2
30,0.15,250,5000,0.2528524212657613,0.3662212155530389,0.33756381273269653,2
30,0.15,500,5000,0.3747779860317954,0.5101849754624387,0.891409695148468,3
30,0.15,1000,5000,0.2271995984293034,0.36280860702151757,0.4012562930583954,2
30,0.15,10,10000,0.4822203516353119,0.44471121177802947,0.6610910892486572,2
30,0.15,25,10000,0.41230227554622256,0.4635711589278973,0.6231384873390198,2
30,0.15,50,10000,0.37066980403201494,0.4550698376745942,0.49664464592933655,2
30,0.15,100,10000,0.3013659731019905,0.36821442053605136,0.37312716245651245,2
30,0.15,250,10000,0.2528524212657613,0.3662212155530389,0.3375638425350189,2
30,0.15,500,10000,0.0,1.0,,0
30,0.15,1000,10000,0.0,1.0,,0
30,0.15,10,15000,0.0,1.0,,0
30,0.15,25,15000,0.0,1.0,,0
30,0.15,50,15000,0.0,1.0,,0
30,0.15,100,15000,0.0,1.0,,0
30,0.15,250,15000,0.0,1.0,,0
30,0.15,500,15000,0.0,1.0,,0
30,0.15,1000,15000,0.0,1.0,,0
30,0.15,10,20000,0.0,1.0,,0
30,0.15,25,20000,0.0,1.0,,0
30,0.15,50,20000,0.0,1.0,,0
30,0.15,100,20000,0.0,1.0,,0
30,0.15,250,20000,0.0,1.0,,0
30,0.15,500,20000,0.0,1.0,,0
30,0.15,1000,20000,0.0,1.0,,0
30,0.15,10,22000,0.0,1.0,,0
30,0.15,25,22000,0.0,1.0,,0
30,0.15,50,22000,0.0,1.0,,0
30,0.15,100,22000,0.0,1.0,,0
30,0.15,250,22000,0.0,1.0,,0
30,0.15,500,22000,0.0,1.0,,0
30,0.15,1000,22000,0.0,1.0,,0
50,0.15,10,50,0.47610715035774703,0.06171385428463571,0.5562534332275391,163
50,0.15,25,50,0.4754394093682246,0.07048697621744054,0.5474225878715515,151
50,0.15,50,50,0.4738013150048308,0.07750849377123442,0.6060395240783691,137
50,0.15,100,50,0.47136526751645513,0.11720649301623254,0.7318050861358643,74
50,0.15,250,50,0.48667081789300487,0.11927519818799547,0.7168931365013123,33
50,0.15,500,50,0.47641466081884654,0.17999244998112496,0.7535377144813538,17
50,0.15,1000,50,0.467818725240526,0.24007550018875048,0.8121073842048645,13
50,0.15,10,100,0.47560537094794136,0.05380143450358626,0.6216942667961121,95
50,0.15,25,100,0.4761774995132596,0.05574933937334843,0.6504181027412415,87
50,0.15,50,100,0.47498517133230767,0.07636089090222725,0.6788941621780396,83
50,0.15,100,100,0.4719560096988634,0.1135522838807097,0.7248525619506836,69
50,0.15,250,100,0.4880729705863563,0.11423178557946395,0.7187597155570984,29
50,0.15,500,100,0.47641466081884654,0.17999244998112496,0.753537654876709,17
50,0.15,1000,100,0.46781395150289706,0.24086070215175537,0.8558057546615601,12
50,0.15,10,250,0.47960173054061916,0.07791619479048698,0.6776406168937683,46
50,0.15,25,250,0.4881932142156688,0.05964514911287278,0.6222854256629944,39
50,0.15,50,250,0.47959672651044605,0.08863722159305398,0.6813457608222961,42
50,0.15,100,250,0.49461985336781605,0.08258210645526613,0.6576951742172241,30
50,0.15,250,250,0.4878080262285187,0.1172970932427331,0.7245954275131226,28
50,0.15,500,250,0.4760528298133065,0.18278595696489242,0.7639904618263245,16
50,0.15,1000,250,0.47056520971123267,0.22486976217440544,0.8105043768882751,11
50,0.15,10,500,0.4983834653777782,0.09001132502831258,0.657642662525177,19
50,0.15,25,500,0.4994767873910384,0.07364288410721027,0.5940997004508972,18
50,0.15,50,500,0.48544158133037935,0.11397508493771234,0.6468509435653687,20
50,0.15,100,500,0.4975132335216047,0.11939599848999623,0.6671239137649536,17
50,0.15,250,500,0.48760757791232096,0.14465836164590412,0.6995088458061218,17
50,0.15,500,500,0.4780038810611784,0.181275953189883,0.7572759985923767,15
50,0.15,1000,500,0.4694204615925761,0.23041147602869008,0.8136882781982422,10
50,0.15,10,1000,0.4936648579577912,0.14372215930539825,0.733102023601532,13
50,0.15,25,1000,0.5004468549993872,0.10316345790864477,0.6279160380363464,13
50,0.15,50,1000,0.48445058483319375,0.16768591921479803,0.736798107624054,12
50,0.15,100,1000,0.48703241421127663,0.15978859947149868,0.7287609577178955,12
50,0.15,250,1000,0.48502347947596286,0.18503586258965649,0.7173869013786316,12
50,0.15,500,1000,0.5005221633301095,0.19797659494148737,0.7657004594802856,11
50,0.15,1000,1000,0.4694204615925761,0.23041147602869008,0.8136884570121765,10
50,0.15,10,2500,0.5602816695079976,0.28471121177802944,0.658344030380249,4
50,0.15,25,2500,0.6369266059003015,0.27482068705171764,0.7076441049575806,5
50,0.15,50,2500,0.550371849472858,0.3134918837297093,0.7449161410331726,4
50,0.15,100,2500,0.5278107691641879,0.3149263873159683,0.7406589984893799,5
50,0.15,250,2500,0.5069377996400313,0.3111513778784447,0.677315354347229,4
50,0.15,500,2500,0.529363619187189,0.3543374858437146,0.8377358317375183,4
50,0.15,1000,2500,0.5071942889357384,0.3629596073990185,0.8342214226722717,4
50,0.15,10,5000,0.32319390344153187,0.09013212533031333,0.32015469670295715,2
50,0.15,25,5000,0.312281382699185,0.02666666666666667,0.29050686955451965,2
50,0.15,50,5000,0.3120868413078001,0.04828992072480181,0.31990817189216614,2
50,0.15,100,5000,0.312281382699185,0.02666666666666667,0.29050683975219727,2
50,0.15,250,5000,0.5414960157122,0.3634730086825217,0.8176417946815491,3
50,0.15,500,5000,0.31861761989523135,0.0009966024915062288,0.30195868015289307,2
50,0.15,1000,5000,0.3198842515308342,0.001812004530011325,0.303183913230896,2
50,0.15,10,10000,0.32319390344153187,0.09013212533031333,0.3201547861099243,2
50,0.15,25,10000,0.312281382699185,0.02666666666666667,0.2905069887638092,2
50,0.15,50,10000,0.3120868413078001,0.04828992072480181,0.31990817189216614,2
50,0.15,100,10000,0.312281382699185,0.02666666666666667,0.29050689935684204,2
50,0.15,250,10000,0.31829053059866325,0.0007852019630049075,0.3016403317451477,2
50,0.15,500,10000,0.31861761989523135,0.0009966024915062288,0.30195870995521545,2
50,0.15,1000,10000,0.3198842515308342,0.001812004530011325,0.3031839430332184,2
50,0.15,10,15000,0.32319390344153187,0.09013212533031333,0.3201548159122467,2
50,0.15,25,15000,0.312281382699185,0.02666666666666667,0.2905069887638092,2
50,0.15,50,15000,0.3120868413078001,0.04828992072480181,0.3199082016944885,2
50,0.15,100,15000,0.312281382699185,0.02666666666666667,0.29050683975219727,2
50,0.15,250,15000,0.31829053059866325,0.0007852019630049075,0.30164027214050293,2
50,0.15,500,15000,0.31861761989523135,0.0009966024915062288,0.30195873975753784,2
50,0.15,1000,15000,0.3198842515308342,0.001812004530011325,0.3031839430332184,2
50,0.15,10,20000,0.0,1.0,,0
50,0.15,25,20000,0.0,1.0,,0
50,0.15,50,20000,0.0,1.0,,0
50,0.15,100,20000,0.0,1.0,,0
50,0.15,250,20000,0.0,1.0,,0
50,0.15,500,20000,0.0,1.0,,0
50,0.15,1000,20000,0.0,1.0,,0
50,0.15,10,22000,0.0,1.0,,0
50,0.15,25,22000,0.0,1.0,,0
50,0.15,50,22000,0.0,1.0,,0
50,0.15,100,22000,0.0,1.0,,0
50,0.15,250,22000,0.0,1.0,,0
50,0.15,500,22000,0.0,1.0,,0
50,0.15,1000,22000,0.0,1.0,,0
75,0.15,10,50,0.47236487219427653,0.07231408078520196,0.30692607164382935,179
75,0.15,25,50,0.4762650256202767,0.09802944507361268,0.419161856174469,171
75,0.15,50,50,0.476352166946904,0.10399395998489996,0.4001716673374176,149
75,0.15,100,50,0.49791902358640466,0.0936957342393356,0.5216031670570374,80
75,0.15,250,50,0.5107730260763702,0.11877689694224236,0.7530589699745178,35
75,0.15,500,50,0.5055159878978646,0.16655341638354096,0.7594420313835144,22
75,0.15,1000,50,0.5075094879097973,0.18168365420913551,0.7243363261222839,14
75,0.15,10,100,0.47257215251812096,0.06376745941864854,0.3002640902996063,99
75,0.15,25,100,0.4781277101939479,0.057304643261608154,0.4382721781730652,90
75,0.15,50,100,0.47732108517898014,0.09674594186485466,0.3923293650150299,91
75,0.15,100,100,0.5111237739348327,0.08253680634201585,0.7471354007720947,75
75,0.15,250,100,0.5120241685797211,0.11258588146470366,0.7539264559745789,33
75,0.15,500,100,0.5051163961633486,0.1696489241223103,0.8053359389305115,18
75,0.15,1000,100,0.5081157468878486,0.1390109475273688,0.6764633655548096,11
75,0.15,10,250,0.4960488811133876,0.06579086447716119,0.6270425319671631,49
75,0.15,25,250,0.5288997102775677,0.04264250660626651,0.6604902148246765,44
75,0.15,50,250,0.5218174791886087,0.04910532276330691,0.667127788066864,44
75,0.15,100,250,0.5199109328614708,0.08015100037750095,0.7127766609191895,35
75,0.15,250,250,0.5158620291502232,0.1081917704794262,0.7590243220329285,29
75,0.15,500,250,0.5046287117138631,0.17239713099282747,0.8217176795005798,17
75,0.15,1000,250,0.5081157468878486,0.1390109475273688,0.6764634251594543,11
75,0.15,10,500,0.5277481577950858,0.10129105322763307,0.6991294026374817,21
75,0.15,25,500,0.5326695057800163,0.0802718006795017,0.6703159213066101,24
75,0.15,50,500,0.5415893773231782,0.08117780294450735,0.6626262664794922,22
75,0.15,100,500,0.5210834838550116,0.0824311060777652,0.6633710861206055,19
75,0.15,250,500,0.5120726859944187,0.1328501321253303,0.7597635388374329,20
75,0.15,500,500,0.5061805485270827,0.16694601736504341,0.7959870100021362,16
75,0.15,1000,500,0.5086737795318101,0.14403926009815024,0.6812301874160767,10
75,0.15,10,1000,0.5329077810525126,0.07660249150622876,0.6313205361366272,16
75,0.15,25,1000,0.5336921748530237,0.08069460173650433,0.6604421138763428,16
75,0.15,50,1000,0.5505990664279052,0.08184220460551152,0.590340793132782,14
75,0.15,100,1000,0.5152614564365663,0.14033975084937714,0.7439886331558228,13
75,0.15,250,1000,0.5099898683514249,0.14425066062665157,0.7285734415054321,14
75,0.15,500,1000,0.5055296880044493,0.16203850509626275,0.7558874487876892,13
75,0.15,1000,1000,0.5086737795318101,0.14403926009815024,0.6812301278114319,10
75,0.15,10,2500,0.56009999425465,0.2239184597961495,0.6925872564315796,6
75,0.15,25,2500,0.5951373988330453,0.2637221593053983,0.6928592920303345,5
75,0.15,50,2500,0.6206732690447477,0.24998112495281238,0.643832266330719,5
75,0.15,100,2500,0.5637942070889179,0.27071347678369195,0.7778096199035645,5
75,0.15,250,2500,0.5786893886434068,0.2620007550018875,0.6377221941947937,4
75,0.15,500,2500,0.5477526092594422,0.2136806342015855,0.6114774346351624,4
75,0.15,1000,2500,0.5326858406588766,0.1878897697244243,0.6495707035064697,5
75,0.15,10,5000,0.6541623224328279,0.37164212910532274,0.8394288420677185,3
75,0.15,25,5000,0.6614923722660584,0.36610041525103815,0.8229123950004578,3
75,0.15,50,5000,0.6883434639073808,0.35235938089845226,0.7819692492485046,3
75,0.15,100,5000,0.6439660270011752,0.37466213665534165,0.8196256160736084,3
75,0.15,250,5000,0.6272252729810242,0.3149867874669687,0.7603979706764221,3
75,0.15,500,5000,0.5823772362066403,0.26666666666666666,0.7522042989730835,3
75,0.15,1000,5000,0.5836797686578656,0.28767081917704795,0.7960882782936096,3
75,0.15,10,10000,0.5709425692325489,0.27699509248773124,0.4384879171848297,2
75,0.15,25,10000,0.5176200075006279,0.24205360513401283,0.3692270517349243,2
75,0.15,50,10000,0.5253025759362856,0.25457153642884106,0.3829009532928467,2
75,0.15,100,10000,0.4488992388687776,0.20528501321253304,0.3028237223625183,2
75,0.15,250,10000,0.3819908427124184,0.14844847112117782,0.24877627193927765,2
75,0.15,500,10000,0.5823772362066403,0.26666666666666666,0.752204418182373,3
75,0.15,1000,10000,0.5836797686578656,0.28767081917704795,0.796088457107544,3
75,0.15,10,15000,0.5709425692325489,0.27699509248773124,0.4384879171848297,2
75,0.15,25,15000,0.5176200075006279,0.24205360513401283,0.36922699213027954,2
75,0.15,50,15000,0.5253025759362856,0.25457153642884106,0.38290101289749146,2
75,0.15,100,15000,0.4488992388687776,0.20528501321253304,0.3028236925601959,2
75,0.15,250,15000,0.3819908427124184,0.14844847112117782,0.24877634644508362,2
75,0.15,500,15000,0.34167307946642195,0.07966779916949793,0.24034352600574493,2
75,0.15,1000,15000,0.3705713659158423,0.1355530388825972,0.23964546620845795,2
75,0.15,10,20000,0.0,1.0,,0
75,0.15,25,20000,0.0,1.0,,0
75,0.15,50,20000,0.0,1.0,,0
75,0.15,100,20000,0.0,1.0,,0
75,0.15,250,20000,0.0,1.0,,0
75,0.15,500,20000,0.0,1.0,,0
75,0.15,1000,20000,0.0,1.0,,0
75,0.15,10,22000,0.0,1.0,,0
75,0.15,25,22000,0.0,1.0,,0
75,0.15,50,22000,0.0,1.0,,0
75,0.15,100,22000,0.0,1.0,,0
75,0.15,250,22000,0.0,1.0,,0
75,0.15,500,22000,0.0,1.0,,0
75,0.15,1000,22000,0.0,1.0,,0
100,0.15,10,50,0.47409548942657703,0.05715364288410721,0.4795685410499573,174
100,0.15,25,50,0.47378382466006663,0.0872480181200453,0.5413857102394104,164
100,0.15,50,50,0.4785806063887645,0.1194714986787467,0.5733842253684998,143
100,0.15,100,50,0.4998575320966795,0.10539826349565874,0.6811946630477905,84
100,0.15,250,50,0.5029834143142409,0.13804454511136277,0.6770998239517212,33
100,0.15,500,50,0.5152709289332262,0.03358248395620989,0.5361475944519043,13
100,0.15,1000,50,0.5136534337806923,0.09606644016610041,0.5833569169044495,10
100,0.15,10,100,0.4761817457567816,0.05958474896187241,0.5566896796226501,95
100,0.15,25,100,0.473563498635413,0.0837750094375236,0.5874786376953125,92
100,0.15,50,100,0.5028151545065299,0.06187995469988675,0.675729513168335,84
100,0.15,100,100,0.5012106543441309,0.08604001510003775,0.693366289138794,74
100,0.15,250,100,0.5171891599002503,0.1248471121177803,0.7801572680473328,30
100,0.15,500,100,0.5152709289332262,0.03358248395620989,0.5361477136611938,13
100,0.15,1000,100,0.5136534337806923,0.09606644016610041,0.5833568572998047,10
100,0.15,10,250,0.5077106729475774,0.0335522838807097,0.6016400456428528,49
100,0.15,25,250,0.5104547353563799,0.04238580596451491,0.6084311604499817,46
100,0.15,50,250,0.5099569664711927,0.04252170630426576,0.5567049980163574,44
100,0.15,100,250,0.5091011961571548,0.0655039637599094,0.5970566272735596,38
100,0.15,250,250,0.5208754854145058,0.11673839184597962,0.7720122933387756,25
100,0.15,500,250,0.5152709289332262,0.03358248395620989,0.5361475944519043,13
100,0.15,1000,250,0.5136534337806923,0.09606644016610041,0.5833567380905151,10
100,0.15,10,500,0.5294482502412956,0.04951302378255946,0.633630096912384,22
100,0.15,25,500,0.5282520686385461,0.0848169120422801,0.6689170002937317,20
100,0.15,50,500,0.5312810259266493,0.06663646659116648,0.6513115167617798,20
100,0.15,100,500,0.52681762809329,0.0818573046432616,0.6681461334228516,19
100,0.15,250,500,0.5187488022279118,0.1323669309173273,0.7470083832740784,17
100,0.15,500,500,0.5152709289332262,0.03358248395620989,0.5361475944519043,13
100,0.15,1000,500,0.5136534337806923,0.09606644016610041,0.5833568572998047,10
100,0.15,10,1000,0.5251819834095218,0.09387693469233672,0.625623881816864,14
100,0.15,25,1000,0.5282990418669147,0.10411476028690071,0.651189923286438,15
100,0.15,50,1000,0.5278071677091483,0.09677614194035485,0.6483834385871887,16
100,0.15,100,1000,0.523536606444902,0.09898074745186863,0.6649573445320129,14
100,0.15,250,1000,0.5130125993276633,0.035303888259720646,0.4920668303966522,11
100,0.15,500,1000,0.514514177362124,0.06409966024915062,0.5294952988624573,10
100,0.15,1000,1000,0.5136534337806923,0.09606644016610041,0.5833567976951599,10
100,0.15,10,2500,0.5485716727514867,0.15965269913174782,0.6277098059654236,6
100,0.15,25,2500,0.5406405290225866,0.17703284258210644,0.6566988229751587,6
100,0.15,50,2500,0.5475066813207998,0.15098527746319365,0.6007258296012878,6
100,0.15,100,2500,0.5427894624109713,0.16255190637976594,0.577233076095581,5
100,0.15,250,2500,0.5341621522486949,0.12878822197055492,0.5265489816665649,5
100,0.15,500,2500,0.5361298896029912,0.14178935447338617,0.5456241965293884,5
100,0.15,1000,2500,0.543376413353233,0.17384673461683653,0.5967548489570618,5
100,0.15,10,5000,0.6666819371036298,0.35574178935447337,0.7818742394447327,3
100,0.15,25,5000,0.645980993148061,0.37087202718006795,0.8225818872451782,3
100,0.15,50,5000,0.674339230581509,0.33834654586636465,0.7456609010696411,3
100,0.15,100,5000,0.6187543435961972,0.26613816534541335,0.7215667366981506,3
100,0.15,250,5000,0.5995611884076701,0.23237448093620233,0.6697408556938171,3
100,0.15,500,5000,0.6019225236697819,0.2453756134390336,0.6869338750839233,3
100,0.15,1000,5000,0.6189613823437969,0.27744809362023404,0.739983320236206,3
100,0.15,10,10000,0.4986048995774701,0.251838429596074,0.5254917144775391,2
100,0.15,25,10000,0.5035265924162671,0.25808984522461303,0.5247605443000793,2
100,0.15,50,10000,0.5220791741310957,0.2520800302000755,0.5402946472167969,2
100,0.15,100,10000,0.6187543435961972,0.26613816534541335,0.7215666174888611,3
100,0.15,250,10000,0.5995611884076701,0.23237448093620233,0.6697409152984619,3
100,0.15,500,10000,0.6019225236697819,0.2453756134390336,0.6869337558746338,3
100,0.15,1000,10000,0.6189613823437969,0.27744809362023404,0.7399832010269165,3
100,0.15,10,15000,0.4986048995774701,0.251838429596074,0.5254918336868286,2
100,0.15,25,15000,0.5035265924162671,0.25808984522461303,0.5247605443000793,2
100,0.15,50,15000,0.5220791741310957,0.2520800302000755,0.5402945876121521,2
100,0.15,100,15000,0.4841786680971309,0.21700264250660628,0.47460266947746277,2
100,0.15,250,15000,0.5995611884076701,0.23237448093620233,0.6697407364845276,3
100,0.15,500,15000,0.35092368754358116,0.08853152132880332,0.3355804979801178,2
100,0.15,1000,15000,0.375192877120662,0.13594563986409966,0.333572119474411,2
100,0.15,10,20000,0.0,1.0,,0
100,0.15,25,20000,0.0,1.0,,0
100,0.15,50,20000,0.0,1.0,,0
100,0.15,100,20000,0.0,1.0,,0
100,0.15,250,20000,0.0,1.0,,0
100,0.15,500,20000,0.0,1.0,,0
100,0.15,1000,20000,0.0,1.0,,0
100,0.15,10,22000,0.0,1.0,,0
100,0.15,25,22000,0.0,1.0,,0
100,0.15,50,22000,0.0,1.0,,0
100,0.15,100,22000,0.0,1.0,,0
100,0.15,250,22000,0.0,1.0,,0
100,0.15,500,22000,0.0,1.0,,0
100,0.15,1000,22000,0.0,1.0,,0
10,0.25,10,50,0.0703015220399394,0.44223480558701395,-0.24410638213157654,258
10,0.25,25,50,0.10082713499618934,0.5446130615326539,-0.12546278536319733,195
10,0.25,50,50,0.10532187416920513,0.614888637221593,1.6183968909899704e-05,149
10,0.25,100,50,0.10321178082726372,0.6910532276330691,0.1929837167263031,73
10,0.25,250,50,0.08475919684229812,0.7623405058512647,0.2817472815513611,30
10,0.25,500,50,0.053357120289267944,0.8202944507361268,0.5188412070274353,16
10,0.25,1000,50,0.04024859112718095,0.8704114760286901,0.6106365323066711,8
10,0.25,10,100,0.07063757555395217,0.4690977727444319,-0.22452987730503082,118
10,0.25,25,100,0.10351872378262897,0.5667648169120423,-0.11040730029344559,104
10,0.25,50,100,0.1043248872170938,0.629294073235183,0.01970812678337097,77
10,0.25,100,100,0.10538815131314351,0.6952359380898452,0.18290504813194275,62
10,0.25,250,100,0.08522685054295595,0.7641223103057757,0.3439265489578247,24
10,0.25,500,100,0.0530358666331664,0.8212457531143827,0.5177776217460632,14
10,0.25,1000,100,0.04012322214765817,0.8713174782936958,0.6174015402793884,7
10,0.25,10,250,0.07244352099036168,0.511679879199698,-0.13280141353607178,48
10,0.25,25,250,0.10928347177705494,0.6142544356360891,0.015647802501916885,34
10,0.25,50,250,0.11852965539046505,0.6566704416761042,0.15885652601718903,34
10,0.25,100,250,0.11025012979860464,0.687202718006795,0.2429332286119461,28
10,0.25,250,250,0.0883445952117039,0.7629294073235183,0.3069271445274353,22
10,0.25,500,250,0.054513561191332466,0.8196602491506229,0.4928615987300873,13
10,0.25,1000,250,0.040492843247068463,0.8729029822574557,0.6181862354278564,6
10,0.25,10,500,0.07361116061345786,0.6239788599471499,0.13466157019138336,18
10,0.25,25,500,0.08444177060974024,0.6317402793506984,0.0859498456120491,17
10,0.25,50,500,0.09141606285347674,0.725118912797282,0.17620211839675903,16
10,0.25,100,500,0.11311112087456315,0.6968969422423557,0.13812977075576782,18
10,0.25,250,500,0.06545519393009117,0.7966175915439788,0.29793408513069153,13
10,0.25,500,500,0.051105789664426,0.8265911664779162,0.5476720333099365,11
10,0.25,1000,500,0.040492843247068463,0.8729029822574557,0.618186354637146,6
10,0.25,10,1000,0.009667134528605946,0.034110985277463195,-0.24865050613880157,3
10,0.25,25,1000,0.007106428531461757,0.05026802567006417,-0.25185510516166687,3
10,0.25,50,1000,0.005544777452117985,0.09516043790109475,-0.24442479014396667,3
10,0.25,100,1000,0.07630250520948523,0.7628388070970178,0.1674915999174118,8
10,0.25,250,1000,0.061694817719929,0.7922536806342015,0.22404581308364868,6
10,0.25,500,1000,0.042899089942869215,0.8711815779539449,0.5841480493545532,6
10,0.25,1000,1000,0.040492843247068463,0.8729029822574557,0.618186354637146,6
10,0.25,10,2500,0.0,1.0,,0
10,0.25,25,2500,0.020220669166896556,0.7813514533786334,0.5300841927528381,2
10,0.25,50,2500,0.011645472276476486,0.8547678369195923,0.5638796091079712,2
10,0.25,100,2500,0.02002691712909697,0.8626047565118913,0.06399725377559662,2
10,0.25,250,2500,0.06328013477375899,0.7875122687806719,0.6161176562309265,2
10,0.25,500,2500,0.0,1.0,,0
10,0.25,1000,2500,0.0,1.0,,0
10,0.25,10,5000,0.0,1.0,,0
10,0.25,25,5000,0.0,1.0,,0
10,0.25,50,5000,0.0,1.0,,0
10,0.25,100,5000,0.0,1.0,,0
10,0.25,250,5000,0.0,1.0,,0
10,0.25,500,5000,0.0,1.0,,0
10,0.25,1000,5000,0.0,1.0,,0
10,0.25,10,10000,0.0,1.0,,0
10,0.25,25,10000,0.0,1.0,,0
10,0.25,50,10000,0.0,1.0,,0
10,0.25,100,10000,0.0,1.0,,0
10,0.25,250,10000,0.0,1.0,,0
10,0.25,500,10000,0.0,1.0,,0
10,0.25,1000,10000,0.0,1.0,,0
10,0.25,10,15000,0.0,1.0,,0
10,0.25,25,15000,0.0,1.0,,0
10,0.25,50,15000,0.0,1.0,,0
10,0.25,100,15000,0.0,1.0,,0
10,0.25,250,15000,0.0,1.0,,0
10,0.25,500,15000,0.0,1.0,,0
10,0.25,1000,15000,0.0,1.0,,0
10,0.25,10,20000,0.0,1.0,,0
10,0.25,25,20000,0.0,1.0,,0
10,0.25,50,20000,0.0,1.0,,0
10,0.25,100,20000,0.0,1.0,,0
10,0.25,250,20000,0.0,1.0,,0
10,0.25,500,20000,0.0,1.0,,0
10,0.25,1000,20000,0.0,1.0,,0
10,0.25,10,22000,0.0,1.0,,0
10,0.25,25,22000,0.0,1.0,,0
10,0.25,50,22000,0.0,1.0,,0
10,0.25,100,22000,0.0,1.0,,0
10,0.25,250,22000,0.0,1.0,,0
10,0.25,500,22000,0.0,1.0,,0
10,0.25,1000,22000,0.0,1.0,,0
15,0.25,10,50,0.05975091653431697,0.45594563986409964,-0.142444908618927,256
15,0.25,25,50,0.0940258907105136,0.5567232918082295,0.011186173185706139,180
15,0.25,50,50,0.10613692259225066,0.6200075500188751,0.20709173381328583,141
15,0.25,100,50,0.10238912983120996,0.6690826727066818,0.2979716658592224,76
15,0.25,250,50,0.09097167470571521,0.7422121555303888,0.4650910794734955,34
15,0.25,500,50,0.07211833972265694,0.7970252925632314,0.4256735146045685,13
15,0.25,1000,50,0.05072348461062469,0.8473990184975463,0.7779829502105713,9
15,0.25,10,100,0.08374010744330716,0.49167232918082293,-0.09311962127685547,127
15,0.25,25,100,0.10001707588216383,0.5684258210645526,0.02187538519501686,101
15,0.25,50,100,0.11548177707761687,0.6245979614949038,0.15913493931293488,80
15,0.25,100,100,0.10901237755880595,0.6728576821442054,0.28656479716300964,66
15,0.25,250,100,0.09659733747536202,0.7386636466591167,0.43790459632873535,28
15,0.25,500,100,0.07254076793064264,0.7984597961494904,0.4448480010032654,12
15,0.25,1000,100,0.05072348461062469,0.8473990184975463,0.7779829502105713,9
15,0.25,10,250,0.07725687949872767,0.5031332578331446,-0.02893204614520073,36
15,0.25,25,250,0.10292968571189653,0.6018875047187618,0.050529081374406815,32
15,0.25,50,250,0.11826380166314956,0.6321479803699509,0.08544500172138214,31
15,0.25,100,250,0.1157285800777069,0.692004530011325,0.3059843182563782,30
15,0.25,250,250,0.09958888705075479,0.749596073990185,0.4702678918838501,24
15,0.25,500,250,0.07254076793064264,0.7984597961494904,0.4448480010032654,12
15,0.25,1000,250,0.051931528344298795,0.8470668176670442,0.7725917100906372,7
15,0.25,10,500,0.06959512079425875,0.5486598716496791,0.09161999076604843,19
15,0.25,25,500,0.0996739646957226,0.6634503586258965,0.15339061617851257,19
15,0.25,50,500,0.1261749460364726,0.6680407701019253,0.13718917965888977,19
15,0.25,100,500,0.11821585720232584,0.7383767459418649,0.43412116169929504,16
15,0.25,250,500,0.10041755454654204,0.7489920724801812,0.22483448684215546,13
15,0.25,500,500,0.08069383182665266,0.7866213665534164,0.35563328862190247,11
15,0.25,1000,500,0.051931528344298795,0.8470668176670442,0.7725917100906372,7
15,0.25,10,1000,0.04628039423131083,0.6427331068327671,0.16335591673851013,10
15,0.25,25,1000,0.07023096629157664,0.7341638354095885,0.3066786229610443,9
15,0.25,50,1000,0.10624692031387548,0.7193053982634957,0.29461684823036194,12
15,0.25,100,1000,0.08263237256797436,0.7752208380520952,0.4713359475135803,9
15,0.25,250,1000,0.07870711826041693,0.7907738769346924,0.23847393691539764,8
15,0.25,500,1000,0.06962545985598056,0.818089845224613,0.467659056186676,7
15,0.25,1000,1000,0.051931528344298795,0.8470668176670442,0.7725916504859924,7
15,0.25,10,2500,0.0,1.0,,0
15,0.25,25,2500,0.0,1.0,,0
15,0.25,50,2500,0.025825472636438807,0.8934239335598338,0.3419281840324402,2
15,0.25,100,2500,0.0,1.0,,0
15,0.25,250,2500,0.040534291911428634,0.7955756889392224,0.08340263366699219,2
15,0.25,500,2500,0.05068874581980068,0.8423254058135146,0.3982069790363312,2
15,0.25,1000,2500,0.06322502808692393,0.8162023405058513,0.3135104179382324,2
15,0.25,10,5000,0.0,1.0,,0
15,0.25,25,5000,0.0,1.0,,0
15,0.25,50,5000,0.0,1.0,,0
15,0.25,100,5000,0.0,1.0,,0
15,0.25,250,5000,0.0,1.0,,0
15,0.25,500,5000,0.0,1.0,,0
15,0.25,1000,5000,0.0,1.0,,0
15,0.25,10,10000,0.0,1.0,,0
15,0.25,25,10000,0.0,1.0,,0
15,0.25,50,10000,0.0,1.0,,0
15,0.25,100,10000,0.0,1.0,,0
15,0.25,250,10000,0.0,1.0,,0
15,0.25,500,10000,0.0,1.0,,0
15,0.25,1000,10000,0.0,1.0,,0
15,0.25,10,15000,0.0,1.0,,0
15,0.25,25,15000,0.0,1.0,,0
15,0.25,50,15000,0.0,1.0,,0
15,0.25,100,15000,0.0,1.0,,0
15,0.25,250,15000,0.0,1.0,,0
15,0.25,500,15000,0.0,1.0,,0
15,0.25,1000,15000,0.0,1.0,,0
15,0.25,10,20000,0.0,1.0,,0
15,0.25,25,20000,0.0,1.0,,0
15,0.25,50,20000,0.0,1.0,,0
15,0.25,100,20000,0.0,1.0,,0
15,0.25,250,20000,0.0,1.0,,0
15,0.25,500,20000,0.0,1.0,,0
15,0.25,1000,20000,0.0,1.0,,0
15,0.25,10,22000,0.0,1.0,,0
15,0.25,25,22000,0.0,1.0,,0
15,0.25,50,22000,0.0,1.0,,0
15,0.25,100,22000,0.0,1.0,,0
15,0.25,250,22000,0.0,1.0,,0
15,0.25,500,22000,0.0,1.0,,0
15,0.25,1000,22000,0.0,1.0,,0
30,0.25,10,50,0.12456508927912463,0.44421291053227635,-0.045866936445236206,232
30,0.25,25,50,0.1792858195759711,0.5259494148735372,0.140304833650589,167
30,0.25,50,50,0.18005811121113002,0.5775915439788599,0.2368721216917038,140
30,0.25,100,50,0.17080752866326296,0.6338995847489619,0.42586302757263184,81
30,0.25,250,50,0.18799725123767275,0.65759154397886,0.5455967783927917,34
30,0.25,500,50,0.15249467304199724,0.7042204605511514,0.5924199223518372,16
30,0.25,1000,50,0.11999649705302223,0.7543374858437146,0.6955338716506958,12
30,0.25,10,100,0.14922218605193732,0.48436391090977726,0.10506867617368698,122
30,0.25,25,100,0.177477441124869,0.5326085315213288,0.15062315762043,97
30,0.25,50,100,0.19172473282948257,0.578724046810117,0.2436038702726364,86
30,0.25,100,100,0.18632805086284995,0.6266968667421668,0.4885377287864685,69
30,0.25,250,100,0.1886218579792484,0.6588146470366176,0.5539820194244385,33
30,0.25,500,100,0.15118793998395005,0.7054737636844092,0.601262629032135,15
30,0.25,1000,100,0.11999649705302223,0.7543374858437146,0.695533812046051,12
30,0.25,10,250,0.12802546111298652,0.4555379388448471,0.03954724222421646,34
30,0.25,25,250,0.19136509842059365,0.5545790864477161,0.1784033328294754,39
30,0.25,50,250,0.20823399794188852,0.5823782559456399,0.27226659655570984,37
30,0.25,100,250,0.19931638771011975,0.6078822197055492,0.31389734148979187,32
30,0.25,250,250,0.18993993629383515,0.6473084182710457,0.47812619805336,28
30,0.25,500,250,0.15118793998395005,0.7054737636844092,0.6012627482414246,15
30,0.25,1000,250,0.13017797418942864,0.7375613439033598,0.6113784909248352,10
30,0.25,10,500,0.1018500292699667,0.17417893544733862,-0.26582396030426025,14
30,0.25,25,500,0.10939384090955014,0.25085692714231783,-0.1907823532819748,15
30,0.25,50,500,0.10655688340501113,0.3109701774254436,-0.1276928335428238,13
30,0.25,100,500,0.09221852596766296,0.3184295960739902,-0.19170604646205902,10
30,0.25,250,500,0.1748292910799058,0.5367610419026048,-0.04530490189790726,10
30,0.25,500,500,0.15422102306709726,0.7121026802567006,0.6083487272262573,14
30,0.25,1000,500,0.13017797418942864,0.7375613439033598,0.6113783717155457,10
30,0.25,10,1000,0.11211382956329388,0.17709324273310684,-0.28083693981170654,11
30,0.25,25,1000,0.09075891280211777,0.23456398640996604,-0.25433748960494995,9
30,0.25,50,1000,0.09019754644796764,0.33890524726311816,-0.16497258841991425,9
30,0.25,100,1000,0.075541754923236,0.3390109475273688,-0.2162046730518341,8
30,0.25,250,1000,0.1602079863568944,0.5473914684786712,-0.009123113937675953,8
30,0.25,500,1000,0.1409369973933026,0.6854209135522839,0.23767629265785217,8
30,0.25,1000,1000,0.13206721670197008,0.7339826349565874,0.50276118516922,9
30,0.25,10,2500,0.01131321023696162,0.001041902604756512,-0.0667516216635704,2
30,0.25,25,2500,0.011141988892499005,0.002853907134767837,-0.06657350808382034,2
30,0.25,50,2500,0.010431952508312742,0.011476028690071725,-0.06566579639911652,2
30,0.25,100,2500,0.009774924429909598,0.02047565118912797,-0.06345421075820923,2
30,0.25,250,2500,0.008935394126006658,0.05265383163457909,-0.06343824416399002,2
30,0.25,500,2500,0.014512157415347454,0.12191770479426199,-0.07314540445804596,2
30,0.25,1000,2500,0.0816072407154814,0.35482068705171765,-0.13344965875148773,2
30,0.25,10,5000,0.0,1.0,,0
30,0.25,25,5000,0.0,1.0,,0
30,0.25,50,5000,0.0,1.0,,0
30,0.25,100,5000,0.0,1.0,,0
30,0.25,250,5000,0.0,1.0,,0
30,0.25,500,5000,0.0,1.0,,0
30,0.25,1000,5000,0.0,1.0,,0
30,0.25,10,10000,0.0,1.0,,0
30,0.25,25,10000,0.0,1.0,,0
30,0.25,50,10000,0.0,1.0,,0
30,0.25,100,10000,0.0,1.0,,0
30,0.25,250,10000,0.0,1.0,,0
30,0.25,500,10000,0.0,1.0,,0
30,0.25,1000,10000,0.0,1.0,,0
30,0.25,10,15000,0.0,1.0,,0
30,0.25,25,15000,0.0,1.0,,0
30,0.25,50,15000,0.0,1.0,,0
30,0.25,100,15000,0.0,1.0,,0
30,0.25,250,15000,0.0,1.0,,0
30,0.25,500,15000,0.0,1.0,,0
30,0.25,1000,15000,0.0,1.0,,0
30,0.25,10,20000,0.0,1.0,,0
30,0.25,25,20000,0.0,1.0,,0
30,0.25,50,20000,0.0,1.0,,0
30,0.25,100,20000,0.0,1.0,,0
30,0.25,250,20000,0.0,1.0,,0
30,0.25,500,20000,0.0,1.0,,0
30,0.25,1000,20000,0.0,1.0,,0
30,0.25,10,22000,0.0,1.0,,0
30,0.25,25,22000,0.0,1.0,,0
30,0.25,50,22000,0.0,1.0,,0
30,0.25,100,22000,0.0,1.0,,0
30,0.25,250,22000,0.0,1.0,,0
30,0.25,500,22000,0.0,1.0,,0
30,0.25,1000,22000,0.0,1.0,,0
50,0.25,10,50,0.35952953598617543,0.24688561721404303,0.24046386778354645,169
50,0.25,25,50,0.4072328980934149,0.31157417893544737,0.19178447127342224,164
50,0.25,50,50,0.43035144218097715,0.33022272555681387,0.27552711963653564,133
50,0.25,100,50,0.43138172876724185,0.36551151377878444,0.39468395709991455,80
50,0.25,250,50,0.3905832812172046,0.4064477161192903,0.5970643162727356,36
50,0.25,500,50,0.3741850167571556,0.4470819177047943,0.7482390999794006,18
50,0.25,1000,50,0.3587569619451756,0.4875500188750472,0.8150947690010071,11
50,0.25,10,100,0.3677206830434026,0.2367836919592299,0.33124932646751404,95
50,0.25,25,100,0.4235599213468212,0.29661004152510384,0.27985048294067383,93
50,0.25,50,100,0.4316726302179612,0.3267044167610419,0.32442590594291687,84
50,0.25,100,100,0.4403858950468104,0.3607248018120045,0.3765658438205719,67
50,0.25,250,100,0.3911968014242304,0.4085919214798037,0.7409135103225708,33
50,0.25,500,100,0.36851886225004993,0.4396526991317478,0.7272552251815796,17
50,0.25,1000,100,0.3587569619451756,0.4875500188750472,0.8150947690010071,11
50,0.25,10,250,0.3610186122417222,0.16338240845602114,0.38710618019104004,43
50,0.25,25,250,0.3979123516199169,0.27513778784446963,0.45851677656173706,41
50,0.25,50,250,0.405854092871743,0.32690071725179315,0.5138444900512695,38
50,0.25,100,250,0.42088192573248906,0.33890524726311816,0.5637428164482117,34
50,0.25,250,250,0.3906958448603555,0.41001132502831256,0.7548278570175171,31
50,0.25,500,250,0.36637194782082816,0.4355454888637222,0.711576521396637,16
50,0.25,1000,250,0.3587569619451756,0.4875500188750472,0.8150947690010071,11
50,0.25,10,500,0.4317618701457332,0.06512646281615704,0.18693692982196808,18
50,0.25,25,500,0.3620922708573526,0.3157115892789732,0.519706666469574,19
50,0.25,50,500,0.31843689751724924,0.14079275198187996,0.21205230057239532,15
50,0.25,100,500,0.31943195749180525,0.1723367308418271,0.20520244538784027,13
50,0.25,250,500,0.3788267147959782,0.33812004530011325,0.449649840593338,14
50,0.25,500,500,0.3789379668678223,0.42079275198187993,0.6665472388267517,14
50,0.25,1000,500,0.3587569619451756,0.4875500188750472,0.8150947093963623,11
50,0.25,10,1000,0.40020773954586203,0.16043790109475273,0.2868567109107971,12
50,0.25,25,1000,0.33248813749062084,0.2075349188372971,0.2773524522781372,10
50,0.25,50,1000,0.31403742881138547,0.18130615326538316,0.21268156170845032,10
50,0.25,100,1000,0.30684968059525103,0.2054058135145338,0.24628187716007233,10
50,0.25,250,1000,0.37079460802120867,0.3479652699131748,0.40894341468811035,10
50,0.25,500,1000,0.3613554780466309,0.44070970177425445,0.6854839324951172,11
50,0.25,1000,1000,0.3650148708850258,0.5013363533408833,0.8410570025444031,10
50,0.25,10,2500,0.5368164162717368,0.28637221593053985,0.3475870192050934,4
50,0.25,25,2500,0.31213396812361305,0.0356964892412231,0.02920343540608883,3
50,0.25,50,2500,0.30901735204861963,0.05023782559456399,0.03674602508544922,3
50,0.25,100,2500,0.30702450747315785,0.09704794261985655,0.06779326498508453,3
50,0.25,250,2500,0.2951540529331869,0.07983389958474896,0.03959709405899048,3
50,0.25,500,2500,0.2916924089196277,0.12356360890902228,0.052790410816669464,3
50,0.25,1000,2500,0.34291132292875165,0.34755756889392225,0.30296432971954346,4
50,0.25,10,5000,0.31165751309325335,0.03213288033220083,0.24844041466712952,2
50,0.25,25,5000,0.31165934972895953,0.03270668176670442,0.24895653128623962,2
50,0.25,50,5000,0.3119689171639999,0.03151377878444696,0.250043123960495,2
50,0.25,100,5000,0.3135702069475869,0.02091355228388071,0.24438410997390747,2
50,0.25,250,5000,0.31286301350590767,0.023963759909399772,0.2460028976202011,2
50,0.25,500,5000,0.309232116060063,0.03675349188372971,0.25165608525276184,2
50,0.25,1000,5000,0.3061364389541491,0.05316723291808229,0.26750487089157104,2
50,0.25,10,10000,0.31165751309325335,0.03213288033220083,0.24844041466712952,2
50,0.25,25,10000,0.31165934972895953,0.03270668176670442,0.24895654618740082,2
50,0.25,50,10000,0.3119689171639999,0.03151377878444696,0.250043123960495,2
50,0.25,100,10000,0.3135702069475869,0.02091355228388071,0.24438410997390747,2
50,0.25,250,10000,0.31286301350590767,0.023963759909399772,0.2460028976202011,2
50,0.25,500,10000,0.309232116060063,0.03675349188372971,0.25165605545043945,2
50,0.25,1000,10000,0.3061364389541491,0.05316723291808229,0.26750484108924866,2
50,0.25,10,15000,0.31165751309325335,0.03213288033220083,0.24844038486480713,2
50,0.25,25,15000,0.31165934972895953,0.03270668176670442,0.24895654618740082,2
50,0.25,50,15000,0.3119689171639999,0.03151377878444696,0.2500431537628174,2
50,0.25,100,15000,0.3135702069475869,0.02091355228388071,0.24438413977622986,2
50,0.25,250,15000,0.31286301350590767,0.023963759909399772,0.24600288271903992,2
50,0.25,500,15000,0.309232116060063,0.03675349188372971,0.25165605545043945,2
50,0.25,1000,15000,0.3061364389541491,0.05316723291808229,0.26750484108924866,2
50,0.25,10,20000,0.0,1.0,,0
50,0.25,25,20000,0.0,1.0,,0
50,0.25,50,20000,0.0,1.0,,0
50,0.25,100,20000,0.0,1.0,,0
50,0.25,250,20000,0.0,1.0,,0
50,0.25,500,20000,0.0,1.0,,0
50,0.25,1000,20000,0.0,1.0,,0
50,0.25,10,22000,0.0,1.0,,0
50,0.25,25,22000,0.0,1.0,,0
50,0.25,50,22000,0.0,1.0,,0
50,0.25,100,22000,0.0,1.0,,0
50,0.25,250,22000,0.0,1.0,,0
50,0.25,500,22000,0.0,1.0,,0
50,0.25,1000,22000,0.0,1.0,,0
75,0.25,10,50,0.272355661248422,0.14751226878067195,0.16635502874851227,212
75,0.25,25,50,0.4814298487751951,0.11097017742544356,0.30584296584129333,169
75,0.25,50,50,0.4758004203746268,0.07486598716496791,0.4190097451210022,136
75,0.25,100,50,0.5099427954081109,0.08004530011325028,0.718249499797821,73
75,0.25,250,50,0.5067776041595033,0.1352510381275953,0.7489286065101624,37
75,0.25,500,50,0.5021529777724822,0.18002265005662516,0.7964528203010559,20
75,0.25,1000,50,0.5033229974061953,0.2247187617969045,0.9135575294494629,13
75,0.25,10,100,0.29347913481773497,0.1111513778784447,0.27487534284591675,110
75,0.25,25,100,0.47598936708287454,0.06446206115515289,0.36590445041656494,88
75,0.25,50,100,0.49073502511566275,0.06757266893167233,0.6544496417045593,85
75,0.25,100,100,0.5103135844118587,0.07989429973574934,0.7257843017578125,68
75,0.25,250,100,0.5112575335829234,0.11787089467723669,0.7248562574386597,30
75,0.25,500,100,0.502084571328898,0.18082295205738014,0.7994625568389893,19
75,0.25,1000,100,0.5033229974061953,0.2247187617969045,0.9135574698448181,13
75,0.25,10,250,0.4978864311065343,0.04951302378255946,0.6084992289543152,43
75,0.25,25,250,0.5005117145958928,0.050147225368063424,0.6083495020866394,44
75,0.25,50,250,0.5193448157835499,0.06073235183087958,0.6750229597091675,38
75,0.25,100,250,0.5137334378064361,0.09488863722159305,0.7106530666351318,35
75,0.25,250,250,0.5143738335462915,0.11285768214420536,0.7116280198097229,27
75,0.25,500,250,0.5023920764797423,0.1809286523216308,0.8062857985496521,17
75,0.25,1000,250,0.5033229974061953,0.2247187617969045,0.9135576486587524,13
75,0.25,10,500,0.5021915398808906,0.07376368440921102,0.5979114770889282,23
75,0.25,25,500,0.5338203271154645,0.052034730086825215,0.6126366257667542,21
75,0.25,50,500,0.5232536152652213,0.06908267270668177,0.6436283588409424,21
75,0.25,100,500,0.5157809159433407,0.09365043412608531,0.6653690934181213,19
75,0.25,250,500,0.5123469628642365,0.13260853152132882,0.717930793762207,17
75,0.25,500,500,0.5012175419662885,0.1919063797659494,0.8276767730712891,15
75,0.25,1000,500,0.508493648032748,0.1272782181955455,0.641808271408081,10
75,0.25,10,1000,0.5328563763089091,0.11687429218573046,0.6902750134468079,13
75,0.25,25,1000,0.5292075076076599,0.10059645149112872,0.6561704874038696,14
75,0.25,50,1000,0.5216780168597689,0.11610419026047565,0.6908742189407349,13
75,0.25,100,1000,0.5156525821676586,0.13352963382408456,0.7108704447746277,13
75,0.25,250,1000,0.5077326299651872,0.09688184220460551,0.5975499153137207,11
75,0.25,500,1000,0.50677891093933,0.10674216685541714,0.602983295917511,10
75,0.25,1000,1000,0.508493648032748,0.1272782181955455,0.6418081521987915,10
75,0.25,10,2500,0.607308830644832,0.26524726311815777,0.7005646824836731,5
75,0.25,25,2500,0.540791031481686,0.22428086070215175,0.6035180687904358,5
75,0.25,50,2500,0.5560744793001744,0.2509173272933182,0.6946711540222168,5
75,0.25,100,2500,0.5718533351505026,0.26970177425443564,0.6496213674545288,4
75,0.25,250,2500,0.5615606090243546,0.2190864477161193,0.5735087394714355,4
75,0.25,500,2500,0.5476687336296614,0.19634579086447715,0.5663169026374817,4
75,0.25,1000,2500,0.5338532690644036,0.18508116270290675,0.5933089256286621,5
75,0.25,10,5000,0.6196579494497428,0.31645149112872784,0.7511133551597595,3
75,0.25,25,5000,0.623650381849974,0.3161192902982257,0.7148542404174805,3
75,0.25,50,5000,0.6317158753984747,0.34266515666289166,0.8108065724372864,3
75,0.25,100,5000,0.6178314713699616,0.3226878067195168,0.7933525443077087,3
75,0.25,250,5000,0.6046790758678513,0.27207248018120045,0.7247084975242615,3
75,0.25,500,5000,0.5840340502001862,0.24933182332955833,0.7287688255310059,3
75,0.25,1000,5000,0.6039552514970016,0.2881389203473009,0.7540011405944824,3
75,0.25,10,10000,0.6527699636889683,0.40736881842204603,0.7543699741363525,2
75,0.25,25,10000,0.5734070417497826,0.2960664401661004,0.4804781377315521,2
75,0.25,50,10000,0.5813116192272348,0.2905096262740657,0.48028305172920227,2
75,0.25,100,10000,0.43293781248355656,0.1905926764816912,0.28704243898391724,2
75,0.25,250,10000,0.6046790758678513,0.27207248018120045,0.724708616733551,3
75,0.25,500,10000,0.5840340502001862,0.24933182332955833,0.7287687063217163,3
75,0.25,1000,10000,0.6039552514970016,0.2881389203473009,0.7540011405944824,3
75,0.25,10,15000,0.6527699636889683,0.40736881842204603,0.7543700933456421,2
75,0.25,25,15000,0.5734070417497826,0.2960664401661004,0.48047807812690735,2
75,0.25,50,15000,0.5813116192272348,0.2905096262740657,0.4802829921245575,2
75,0.25,100,15000,0.43293781248355656,0.1905926764816912,0.28704243898391724,2
75,0.25,250,15000,0.34589249354402246,0.10474896187240468,0.21805934607982635,2
75,0.25,500,15000,0.3313565644415581,0.05318233295583239,0.21482066810131073,2
75,0.25,1000,15000,0.33174651689209367,0.05840694601736504,0.21519671380519867,2
75,0.25,10,20000,0.0,1.0,,0
75,0.25,25,20000,0.0,1.0,,0
75,0.25,50,20000,0.0,1.0,,0
75,0.25,100,20000,0.0,1.0,,0
75,0.25,250,20000,0.0,1.0,,0
75,0.25,500,20000,0.0,1.0,,0
75,0.25,1000,20000,0.0,1.0,,0
75,0.25,10,22000,0.0,1.0,,0
75,0.25,25,22000,0.0,1.0,,0
75,0.25,50,22000,0.0,1.0,,0
75,0.25,100,22000,0.0,1.0,,0
75,0.25,250,22000,0.0,1.0,,0
75,0.25,500,22000,0.0,1.0,,0
75,0.25,1000,22000,0.0,1.0,,0
100,0.25,10,50,0.4720074251067793,0.07826349565873915,0.29229891300201416,169
100,0.25,25,50,0.48002314640081695,0.10801057002642507,0.49144288897514343,159
100,0.25,50,50,0.5015387289391163,0.07029067572668932,0.61767578125,133
100,0.25,100,50,0.5006972993894193,0.08493771234428087,0.7045278549194336,72
100,0.25,250,50,0.5057960348601991,0.10059645149112872,0.6114464402198792,35
100,0.25,500,50,0.5140872809885558,0.15041147602869007,0.7754638195037842,19
100,0.25,1000,50,0.515319655625212,0.10949037372593431,0.6153731346130371,10
100,0.25,10,100,0.4757753804179183,0.06292185730464327,0.49592480063438416,98
100,0.25,25,100,0.5036882168933245,0.04492261230653077,0.5991577506065369,91
100,0.25,50,100,0.5014408639028467,0.06881087202718007,0.6665709614753723,84
100,0.25,100,100,0.500649397850405,0.08727821819554549,0.7078956365585327,69
100,0.25,250,100,0.5066572397214969,0.09898074745186863,0.6428772807121277,33
100,0.25,500,100,0.5144516289018793,0.14243865609664025,0.7570040822029114,18
100,0.25,1000,100,0.515319655625212,0.10949037372593431,0.6153730750083923,10
100,0.25,10,250,0.5048387560622994,0.05162702906757267,0.5743943452835083,42
100,0.25,25,250,0.5103223973705017,0.03630049075122688,0.5750217437744141,40
100,0.25,50,250,0.505365973760007,0.058029445073612684,0.6240082383155823,44
100,0.25,100,250,0.5068276215137907,0.07385428463571159,0.6244178414344788,38
100,0.25,250,250,0.5067809434156226,0.09410343525858815,0.6317223906517029,29
100,0.25,500,250,0.5142848459655194,0.1451868629671574,0.7674281597137451,17
100,0.25,1000,250,0.515319655625212,0.10949037372593431,0.6153730750083923,10
100,0.25,10,500,0.5152400429064082,0.04262740656851642,0.5689331293106079,23
100,0.25,25,500,0.5153871851593106,0.03924499811249528,0.5525278449058533,21
100,0.25,50,500,0.5116243163795489,0.08782181955454889,0.6321298480033875,22
100,0.25,100,500,0.5258240574950519,0.08480181200453,0.6659512519836426,20
100,0.25,250,500,0.518427154940161,0.0751528878822197,0.6286671757698059,17
100,0.25,500,500,0.5141919618961514,0.1428161570403926,0.7588462829589844,16
100,0.25,1000,500,0.515319655625212,0.10949037372593431,0.6153730750083923,10
100,0.25,10,1000,0.5300749612628802,0.09777274443186108,0.6604666709899902,16
100,0.25,25,1000,0.5287320049951573,0.07353718384295961,0.6175905466079712,16
100,0.25,50,1000,0.5232458111535617,0.13096262740656853,0.7378541231155396,14
100,0.25,100,1000,0.5164944324626655,0.05123442808607021,0.5512833595275879,13
100,0.25,250,1000,0.5148007860938801,0.0961419403548509,0.6293460726737976,13
100,0.25,500,1000,0.5130242506692251,0.04662891657229143,0.5338704586029053,10
100,0.25,1000,1000,0.515319655625212,0.10949037372593431,0.6153730750083923,10
100,0.25,10,2500,0.5647818396543138,0.2916119290298226,0.839769721031189,5
100,0.25,25,2500,0.5620269478477004,0.2914760286900717,0.8431374430656433,5
100,0.25,50,2500,0.5953538604794798,0.27238958097395244,0.7177895307540894,4
100,0.25,100,2500,0.5543303282430637,0.17482823707059267,0.6011515259742737,5
100,0.25,250,2500,0.5337585365463527,0.11234428086070215,0.5295838117599487,5
100,0.25,500,2500,0.5350834113578139,0.11371838429596073,0.5291168093681335,5
100,0.25,1000,2500,0.538167132753775,0.16554171385428462,0.6115129590034485,5
100,0.25,10,5000,0.6230699907419945,0.36218950547376366,0.7830334901809692,2
100,0.25,25,5000,0.6346548067538756,0.35201208003020007,0.7674273252487183,2
100,0.25,50,5000,0.6629498081499573,0.3469233673084183,0.7445133924484253,3
100,0.25,100,5000,0.625707304763768,0.28844092110230274,0.6963800191879272,3
100,0.25,250,5000,0.6074145689541808,0.23716119290298227,0.6315820217132568,3
100,0.25,500,5000,0.6084835819970997,0.23770479426198565,0.6404994130134583,3
100,0.25,1000,5000,0.6112102805725558,0.29004152510381276,0.6920965313911438,3
100,0.25,10,10000,0.6230699907419945,0.36218950547376366,0.783033549785614,2
100,0.25,25,10000,0.6346548067538756,0.35201208003020007,0.7674274444580078,2
100,0.25,50,10000,0.4947620770069011,0.2575009437523594,0.5465654730796814,2
100,0.25,100,10000,0.625707304763768,0.28844092110230274,0.6963799595832825,3
100,0.25,250,10000,0.6074145689541808,0.23716119290298227,0.6315819621086121,3
100,0.25,500,10000,0.6084835819970997,0.23770479426198565,0.6404993534088135,3
100,0.25,1000,10000,0.6112102805725558,0.29004152510381276,0.6920964121818542,3
100,0.25,10,15000,0.6230699907419945,0.36218950547376366,0.783033549785614,2
100,0.25,25,15000,0.6346548067538756,0.35201208003020007,0.7674274444580078,2
100,0.25,50,15000,0.4947620770069011,0.2575009437523594,0.5465654730796814,2
100,0.25,100,15000,0.4857243841809294,0.21657984144960363,0.49181830883026123,2
100,0.25,250,15000,0.3427585289597225,0.0636466591166478,0.389111191034317,2
100,0.25,500,15000,0.3411464783969164,0.05173272933182333,0.39227667450904846,2
100,0.25,1000,15000,0.3561234027942486,0.1017440543601359,0.40549057722091675,2
100,0.25,10,20000,0.0,1.0,,0
100,0.25,25,20000,0.0,1.0,,0
100,0.25,50,20000,0.0,1.0,,0
100,0.25,100,20000,0.0,1.0,,0
100,0.25,250,20000,0.0,1.0,,0
100,0.25,500,20000,0.0,1.0,,0
100,0.25,1000,20000,0.0,1.0,,0
100,0.25,10,22000,0.0,1.0,,0
100,0.25,25,22000,0.0,1.0,,0
100,0.25,50,22000,0.0,1.0,,0
100,0.25,100,22000,0.0,1.0,,0
100,0.25,250,22000,0.0,1.0,,0
100,0.25,500,22000,0.0,1.0,,0
100,0.25,1000,22000,0.0,1.0,,0
10,0.5,10,50,0.06840474613173787,0.45843714609286523,-0.2663077712059021,242
10,0.5,25,50,0.09439817111629882,0.556164590411476,-0.16139988601207733,188
10,0.5,50,50,0.09671493928651151,0.6291581728954322,-0.03655595704913139,135
10,0.5,100,50,0.08977061917270344,0.6966704416761041,0.16844959557056427,70
10,0.5,250,50,0.0758192252301978,0.7624613061532654,0.358538419008255,27
10,0.5,500,50,0.0492257647466692,0.8222574556436391,0.3652358651161194,15
10,0.5,1000,50,0.04042758177249978,0.8654133635334088,0.5957888960838318,9
10,0.5,10,100,0.0777863501362923,0.49295583238958096,-0.17822740972042084,120
10,0.5,25,100,0.11298611741033629,0.5726085315213288,-0.07436370104551315,91
10,0.5,50,100,0.09911292520260633,0.6382030955077388,-0.013837908394634724,76
10,0.5,100,100,0.09166161606696308,0.6985428463571159,0.1412293016910553,60
10,0.5,250,100,0.07799019629009216,0.7626727066817667,0.3527081608772278,24
10,0.5,500,100,0.0492257647466692,0.8222574556436391,0.3652358651161194,15
10,0.5,1000,100,0.04068949142585886,0.8667723669309173,0.591762900352478,8
10,0.5,10,250,0.09127367797776535,0.5854737636844092,0.04188774526119232,42
10,0.5,25,250,0.09984159816019586,0.6444092110230275,0.06969977915287018,34
10,0.5,50,250,0.09673015154962947,0.6517025292563231,0.03049132041633129,31
10,0.5,100,250,0.08992680792096668,0.7113929784824462,0.2720585763454437,28
10,0.5,250,250,0.0785386053960294,0.7633824084560211,0.29201367497444153,22
10,0.5,500,250,0.056890244802571016,0.8188297470743677,0.33093875646591187,12
10,0.5,1000,250,0.040195601124635195,0.8702000755001887,0.5981788039207458,6
10,0.5,10,500,0.08858526232436531,0.6408758021895055,0.09039738774299622,20
10,0.5,25,500,0.10090113729483492,0.6743223858059645,0.006178900599479675,18
10,0.5,50,500,0.0991567523307839,0.683835409588524,-0.01579267345368862,17
10,0.5,100,500,0.09878433919297117,0.7487504718761797,0.22175343334674835,16
10,0.5,250,500,0.06723756248628503,0.7795696489241223,0.24437087774276733,13
10,0.5,500,500,0.06292049875132745,0.8170328425821064,0.24611303210258484,10
10,0.5,1000,500,0.040195601124635195,0.8702000755001887,0.5981788039207458,6
10,0.5,10,1000,0.0795198036937405,0.6719063797659495,0.17689508199691772,11
10,0.5,25,1000,0.030911123165027955,0.35664779161947907,-0.329058438539505,6
10,0.5,50,1000,0.06297400616527243,0.7470139675349189,0.10990174859762192,11
10,0.5,100,1000,0.07942713294187233,0.7827557568893923,0.13945817947387695,8
10,0.5,250,1000,0.0604065098036896,0.8010419026047565,0.46011829376220703,9
10,0.5,500,1000,0.05181722546035935,0.8541638354095885,0.4836406707763672,6
10,0.5,1000,1000,0.040195601124635195,0.8702000755001887,0.5981788039207458,6
10,0.5,10,2500,0.020495227283309905,0.7137938844847113,0.408523291349411,2
10,0.5,25,2500,0.017955026022188732,0.7771687429218573,0.4074642062187195,2
10,0.5,50,2500,0.02553333197487727,0.8700188750471877,0.8048853874206543,2
10,0.5,100,2500,0.01717509657157479,0.8851189127972819,0.40714237093925476,2
10,0.5,250,2500,0.014477051648480007,0.8245526613816535,0.2824936509132385,2
10,0.5,500,2500,0.0,1.0,,0
10,0.5,1000,2500,0.0,1.0,,0
10,0.5,10,5000,0.0,1.0,,0
10,0.5,25,5000,0.0,1.0,,0
10,0.5,50,5000,0.0,1.0,,0
10,0.5,100,5000,0.0,1.0,,0
10,0.5,250,5000,0.0,1.0,,0
10,0.5,500,5000,0.0,1.0,,0
10,0.5,1000,5000,0.0,1.0,,0
10,0.5,10,10000,0.0,1.0,,0
10,0.5,25,10000,0.0,1.0,,0
10,0.5,50,10000,0.0,1.0,,0
10,0.5,100,10000,0.0,1.0,,0
10,0.5,250,10000,0.0,1.0,,0
10,0.5,500,10000,0.0,1.0,,0
10,0.5,1000,10000,0.0,1.0,,0
10,0.5,10,15000,0.0,1.0,,0
10,0.5,25,15000,0.0,1.0,,0
10,0.5,50,15000,0.0,1.0,,0
10,0.5,100,15000,0.0,1.0,,0
10,0.5,250,15000,0.0,1.0,,0
10,0.5,500,15000,0.0,1.0,,0
10,0.5,1000,15000,0.0,1.0,,0
10,0.5,10,20000,0.0,1.0,,0
10,0.5,25,20000,0.0,1.0,,0
10,0.5,50,20000,0.0,1.0,,0
10,0.5,100,20000,0.0,1.0,,0
10,0.5,250,20000,0.0,1.0,,0
10,0.5,500,20000,0.0,1.0,,0
10,0.5,1000,20000,0.0,1.0,,0
10,0.5,10,22000,0.0,1.0,,0
10,0.5,25,22000,0.0,1.0,,0
10,0.5,50,22000,0.0,1.0,,0
10,0.5,100,22000,0.0,1.0,,0
10,0.5,250,22000,0.0,1.0,,0
10,0.5,500,22000,0.0,1.0,,0
10,0.5,1000,22000,0.0,1.0,,0
15,0.5,10,50,0.0879990087253966,0.45734994337485846,-0.25960132479667664,227
15,0.5,25,50,0.1254457127762547,0.5473914684786712,-0.1305803507566452,160
15,0.5,50,50,0.12189247388356028,0.5999244998112495,-0.0780632421374321,130
15,0.5,100,50,0.11251778180519693,0.6336881842204606,0.1929405927658081,73
15,0.5,250,50,0.07862012849940885,0.7264326160815402,0.4522441625595093,31
15,0.5,500,50,0.054717902170309286,0.7891581728954322,0.5149766802787781,15
15,0.5,1000,50,0.03840619090506149,0.8156134390335976,0.6831135749816895,8
15,0.5,10,100,0.10039285921899166,0.4633748584371461,-0.13391481339931488,111
15,0.5,25,100,0.13368393216205046,0.5335447338618347,0.02156328782439232,95
15,0.5,50,100,0.1309749739465732,0.5949716874292186,0.08743704855442047,75
15,0.5,100,100,0.11727467131391717,0.636466591166478,0.18981705605983734,61
15,0.5,250,100,0.0761551742203824,0.7296489241223103,0.4636135697364807,28
15,0.5,500,100,0.07182983029694913,0.7560135900339751,0.3648648262023926,12
15,0.5,1000,100,0.03840619090506149,0.8156134390335976,0.6831135749816895,8
15,0.5,10,250,0.1293176368749717,0.5145790864477161,0.02377898432314396,45
15,0.5,25,250,0.1460523811180578,0.5456398640996603,0.06496324390172958,41
15,0.5,50,250,0.13632165061740342,0.5895809739524349,0.12737084925174713,36
15,0.5,100,250,0.12119537783628587,0.6454813137032842,0.28575924038887024,32
15,0.5,250,250,0.08109725250238375,0.7289090222725557,0.4565170407295227,24
15,0.5,500,250,0.06864838059848495,0.7557417893544733,0.4349854588508606,10
15,0.5,1000,250,0.03828487052929224,0.8107663269158173,0.6966482996940613,7
15,0.5,10,500,0.13344283918406707,0.5822121555303889,0.11376854032278061,22
15,0.5,25,500,0.14359640679113583,0.5967534918837297,0.20623967051506042,22
15,0.5,50,500,0.1317238436204776,0.6456927142317855,0.26831310987472534,17
15,0.5,100,500,0.14759593429618018,0.635364288410721,0.17397156357765198,18
15,0.5,250,500,0.0761109013479485,0.7488712721781804,0.6033297777175903,15
15,0.5,500,500,0.06864838059848495,0.7557417893544733,0.434985488653183,10
15,0.5,1000,500,0.03828487052929224,0.8107663269158173,0.6966482996940613,7
15,0.5,10,1000,0.0778093558675402,0.46317855794639484,-0.1279776692390442,9
15,0.5,25,1000,0.11400501255834843,0.665277463193658,0.2574140131473541,13
15,0.5,50,1000,0.1043970919499093,0.6890902227255569,0.3396516740322113,12
15,0.5,100,1000,0.11836831547677636,0.6880785201963004,0.25007957220077515,11
15,0.5,250,1000,0.04677902731257975,0.7700868252170631,0.6356846690177917,8
15,0.5,500,1000,0.053998067644637424,0.7773499433748584,0.4221860468387604,8
15,0.5,1000,1000,0.03828487052929224,0.8107663269158173,0.6966482996940613,7
15,0.5,10,2500,0.027394278998985076,0.44443941109852775,0.08571328967809677,2
15,0.5,25,2500,0.0,1.0,,0
15,0.5,50,2500,0.0,1.0,,0
15,0.5,100,2500,0.01201055812373532,0.7787089467723669,0.30212873220443726,2
15,0.5,250,2500,0.02066668749691998,0.7243337108342771,0.2572844624519348,2
15,0.5,500,2500,0.02910245726690785,0.7451868629671574,0.1406593769788742,2
15,0.5,1000,2500,0.0,1.0,,0
15,0.5,10,5000,0.0,1.0,,0
15,0.5,25,5000,0.0,1.0,,0
15,0.5,50,5000,0.0,1.0,,0
15,0.5,100,5000,0.0,1.0,,0
15,0.5,250,5000,0.0,1.0,,0
15,0.5,500,5000,0.0,1.0,,0
15,0.5,1000,5000,0.0,1.0,,0
15,0.5,10,10000,0.0,1.0,,0
15,0.5,25,10000,0.0,1.0,,0
15,0.5,50,10000,0.0,1.0,,0
15,0.5,100,10000,0.0,1.0,,0
15,0.5,250,10000,0.0,1.0,,0
15,0.5,500,10000,0.0,1.0,,0
15,0.5,1000,10000,0.0,1.0,,0
15,0.5,10,15000,0.0,1.0,,0
15,0.5,25,15000,0.0,1.0,,0
15,0.5,50,15000,0.0,1.0,,0
15,0.5,100,15000,0.0,1.0,,0
15,0.5,250,15000,0.0,1.0,,0
15,0.5,500,15000,0.0,1.0,,0
15,0.5,1000,15000,0.0,1.0,,0
15,0.5,10,20000,0.0,1.0,,0
15,0.5,25,20000,0.0,1.0,,0
15,0.5,50,20000,0.0,1.0,,0
15,0.5,100,20000,0.0,1.0,,0
15,0.5,250,20000,0.0,1.0,,0
15,0.5,500,20000,0.0,1.0,,0
15,0.5,1000,20000,0.0,1.0,,0
15,0.5,10,22000,0.0,1.0,,0
15,0.5,25,22000,0.0,1.0,,0
15,0.5,50,22000,0.0,1.0,,0
15,0.5,100,22000,0.0,1.0,,0
15,0.5,250,22000,0.0,1.0,,0
15,0.5,500,22000,0.0,1.0,,0
15,0.5,1000,22000,0.0,1.0,,0
30,0.5,10,50,0.1915897054590338,0.3577802944507361,-0.11135019361972809,205
30,0.5,25,50,0.22844548861449882,0.42612306530766325,-0.0412539541721344,146
30,0.5,50,50,0.22776548957468667,0.4682370705926765,0.018345750868320465,122
30,0.5,100,50,0.22589363888355668,0.5070592676481691,0.11171475052833557,70
30,0.5,250,50,0.2180149529187354,0.5194412986032465,0.5996634364128113,32
30,0.5,500,50,0.19149906561924288,0.5812306530766327,0.36586663126945496,20
30,0.5,1000,50,0.16345604846266787,0.6224537561343904,0.7164610028266907,12
30,0.5,10,100,0.2344365258357464,0.37463193657984145,0.07669927924871445,98
30,0.5,25,100,0.242903026609101,0.42637976594941485,0.15847384929656982,83
30,0.5,50,100,0.26559076157936184,0.4565496413741034,0.17151996493339539,72
30,0.5,100,100,0.2290585962993216,0.49926764816912045,0.22553879022598267,63
30,0.5,250,100,0.21750405317927238,0.5203020007550019,0.6005420684814453,30
30,0.5,500,100,0.19323950520071637,0.583676859192148,0.38462111353874207,18
30,0.5,1000,100,0.16345604846266787,0.6224537561343904,0.7164610028266907,12
30,0.5,10,250,0.2464914933162831,0.39930539826349565,0.2205105721950531,41
30,0.5,25,250,0.25846235543584073,0.4385805964514911,0.376941442489624,30
30,0.5,50,250,0.27386390525387977,0.456323140807852,0.31221702694892883,32
30,0.5,100,250,0.24674700756755166,0.4830200075500189,0.2987280786037445,30
30,0.5,250,250,0.22559897829221282,0.5075877689694224,0.5317285060882568,25
30,0.5,500,250,0.19205398256022566,0.5888863722159305,0.7010586261749268,15
30,0.5,1000,250,0.16324523454434653,0.6265911664779162,0.726948082447052,10
30,0.5,10,500,0.27269320380792733,0.4220611551528879,0.23727022111415863,23
30,0.5,25,500,0.24480245957966348,0.48179690449226126,0.4235743582248688,18
30,0.5,50,500,0.27014673831841524,0.48948282370705926,0.338442862033844,18
30,0.5,100,500,0.24886082546825541,0.5136881842204606,0.25945088267326355,16
30,0.5,250,500,0.24157843993031355,0.5122687806719517,0.4740781784057617,14
30,0.5,500,500,0.209242829707589,0.5829369573423934,0.615511953830719,12
30,0.5,1000,500,0.16324523454434653,0.6265911664779162,0.7269480228424072,10
30,0.5,10,1000,0.2571222370608326,0.5150018875047188,0.44196322560310364,13
30,0.5,25,1000,0.26034794276284395,0.4957493393733484,0.47820839285850525,12
30,0.5,50,1000,0.25190062982908484,0.517266893167233,0.41973960399627686,12
30,0.5,100,1000,0.24855044219955238,0.5497923744809362,0.424532413482666,10
30,0.5,250,1000,0.24308794341462356,0.5293016232540582,0.45242926478385925,11
30,0.5,500,1000,0.21754023700375638,0.5735749339373348,0.555073082447052,10
30,0.5,1000,1000,0.20087880587166695,0.5749792374480936,0.5190300345420837,9
30,0.5,10,2500,0.01247180117499598,0.05789354473386184,0.0012230119900777936,2
30,0.5,25,2500,0.013379074029345203,0.06500566251415628,-0.00470266118645668,2
30,0.5,50,2500,0.019810435840232808,0.09778784446961117,-0.004813649691641331,2
30,0.5,100,2500,0.04429794434193504,0.17307663269158172,0.01769973896443844,2
30,0.5,250,2500,0.09570826666878925,0.2907512268780672,0.02569129876792431,2
30,0.5,500,2500,0.17108825236673453,0.4047867119667799,0.12331176549196243,2
30,0.5,1000,2500,0.19971597446416975,0.5804303510758777,0.5912075638771057,3
30,0.5,10,5000,0.0,1.0,,0
30,0.5,25,5000,0.0,1.0,,0
30,0.5,50,5000,0.0,1.0,,0
30,0.5,100,5000,0.0,1.0,,0
30,0.5,250,5000,0.0,1.0,,0
30,0.5,500,5000,0.0,1.0,,0
30,0.5,1000,5000,0.0,1.0,,0
30,0.5,10,10000,0.0,1.0,,0
30,0.5,25,10000,0.0,1.0,,0
30,0.5,50,10000,0.0,1.0,,0
30,0.5,100,10000,0.0,1.0,,0
30,0.5,250,10000,0.0,1.0,,0
30,0.5,500,10000,0.0,1.0,,0
30,0.5,1000,10000,0.0,1.0,,0
30,0.5,10,15000,0.0,1.0,,0
30,0.5,25,15000,0.0,1.0,,0
30,0.5,50,15000,0.0,1.0,,0
30,0.5,100,15000,0.0,1.0,,0
30,0.5,250,15000,0.0,1.0,,0
30,0.5,500,15000,0.0,1.0,,0
30,0.5,1000,15000,0.0,1.0,,0
30,0.5,10,20000,0.0,1.0,,0
30,0.5,25,20000,0.0,1.0,,0
30,0.5,50,20000,0.0,1.0,,0
30,0.5,100,20000,0.0,1.0,,0
30,0.5,250,20000,0.0,1.0,,0
30,0.5,500,20000,0.0,1.0,,0
30,0.5,1000,20000,0.0,1.0,,0
30,0.5,10,22000,0.0,1.0,,0
30,0.5,25,22000,0.0,1.0,,0
30,0.5,50,22000,0.0,1.0,,0
30,0.5,100,22000,0.0,1.0,,0
30,0.5,250,22000,0.0,1.0,,0
30,0.5,500,22000,0.0,1.0,,0
30,0.5,1000,22000,0.0,1.0,,0
50,0.5,10,50,0.4779946849003144,0.09641374103435259,0.5280070900917053,163
50,0.5,25,50,0.47339231008911986,0.08288410721026802,0.5443847179412842,143
50,0.5,50,50,0.4727532660766263,0.09446583616459041,0.5686803460121155,118
50,0.5,100,50,0.4678366159638706,0.1452623631559079,0.7458689212799072,70
50,0.5,250,50,0.47603428827115757,0.15691959229898075,0.6954814791679382,32
50,0.5,500,50,0.4669213734895225,0.21448093620234052,0.7582601308822632,18
50,0.5,1000,50,0.4651034187087178,0.2517478293695734,0.8769538998603821,13
50,0.5,10,100,0.47624998107212896,0.0555681389203473,0.6286653280258179,88
50,0.5,25,100,0.4771995674787573,0.05831634579086448,0.6291118860244751,73
50,0.5,50,100,0.4750923020418912,0.08453001132502831,0.661628246307373,71
50,0.5,100,100,0.47050228104478875,0.1323820309550774,0.7306456565856934,60
50,0.5,250,100,0.4779696495176351,0.15180067950169876,0.7038655877113342,29
50,0.5,500,100,0.4697680370898719,0.1975839939599849,0.8066377639770508,16
50,0.5,1000,100,0.46478998559408724,0.2529105322763307,0.8825894594192505,12
50,0.5,10,250,0.48675085530189854,0.06322385805964514,0.5830336809158325,42
50,0.5,25,250,0.47741596118911,0.09158172895432239,0.6370723843574524,41
50,0.5,50,250,0.477549989216385,0.09898074745186863,0.632080078125,38
50,0.5,100,250,0.4763379140374039,0.13754624386560965,0.7185747027397156,33
50,0.5,250,250,0.47980443716361637,0.1478746696866742,0.704974353313446,25
50,0.5,500,250,0.4743680846340809,0.13808984522461307,0.6682084202766418,13
50,0.5,1000,250,0.4690224405369795,0.2222574556436391,0.7936509251594543,11
50,0.5,10,500,0.4906908344378869,0.09821064552661382,0.634675145149231,18
50,0.5,25,500,0.47030113334299806,0.06586636466591167,0.5443479418754578,15
50,0.5,50,500,0.4676542817356155,0.05271423178557946,0.5271100997924805,14
50,0.5,100,500,0.46726895390427486,0.04140430351075878,0.5145474672317505,13
50,0.5,250,500,0.48157302569618177,0.15704039260098152,0.7417728900909424,14
50,0.5,500,500,0.4743680846340809,0.13808984522461307,0.6682084798812866,13
50,0.5,1000,500,0.4690224405369795,0.2222574556436391,0.7936509251594543,11
50,0.5,10,1000,0.4893773380088714,0.12123820309550774,0.6275268793106079,13
50,0.5,25,1000,0.4870058128725494,0.11912419781049452,0.6223108768463135,12
50,0.5,50,1000,0.46832994611182027,0.06773876934692337,0.5249296426773071,11
50,0.5,100,1000,0.46745702659223326,0.06129105322763307,0.5145758390426636,11
50,0.5,250,1000,0.4784713247165183,0.1769271423178558,0.7439413070678711,12
50,0.5,500,1000,0.47405754748400997,0.15797659494148736,0.671845555305481,11
50,0.5,1000,1000,0.4700491408782247,0.22156285390713476,0.7609953284263611,10
50,0.5,10,2500,0.504379003679767,0.24151000377500945,0.7634778022766113,6
50,0.5,25,2500,0.49963254885281116,0.18619856549641375,0.6008115410804749,5
50,0.5,50,2500,0.5020844451902018,0.1650736126840317,0.5615939497947693,5
50,0.5,100,2500,0.4857657932112592,0.09816534541336354,0.5409268736839294,6
50,0.5,250,2500,0.490911448556263,0.15770479426198566,0.5603878498077393,5
50,0.5,500,2500,0.4950980194062187,0.20513401283503208,0.6878207325935364,5
50,0.5,1000,2500,0.507424391457552,0.2754095885239713,0.712123453617096,4
50,0.5,10,5000,0.3470762123124598,0.07717629294073235,0.3173682391643524,3
50,0.5,25,5000,0.5282666461935458,0.23874669686674216,0.6597798466682434,4
50,0.5,50,5000,0.5328870369145778,0.21760664401661003,0.6161497831344604,4
50,0.5,100,5000,0.5288335116479596,0.21060022650056626,0.6243598461151123,4
50,0.5,250,5000,0.5441527850623951,0.2624235560588902,0.7739540338516235,3
50,0.5,500,5000,0.5608881167701041,0.3296489241223103,0.8444075584411621,3
50,0.5,1000,5000,0.5376917795548228,0.32792751981879953,0.9084072709083557,3
50,0.5,10,10000,0.31789168537057766,0.07605889014722537,0.2994093894958496,2
50,0.5,25,10000,0.5849104823320851,0.3177953944884862,0.7320186495780945,3
50,0.5,50,10000,0.5922932763671834,0.29645904114760285,0.6896858811378479,3
50,0.5,100,10000,0.5872182501358754,0.28960362400906003,0.6944487690925598,3
50,0.5,250,10000,0.5441527850623951,0.2624235560588902,0.7739540934562683,3
50,0.5,500,10000,0.5608881167701041,0.3296489241223103,0.8444075584411621,3
50,0.5,1000,10000,0.5376917795548228,0.32792751981879953,0.9084073305130005,3
50,0.5,10,15000,0.31789168537057766,0.07605889014722537,0.2994094491004944,2
50,0.5,25,15000,0.31113146452673285,0.051098527746319365,0.3038605749607086,2
50,0.5,50,15000,0.3119215564819863,0.03874669686674217,0.3057635724544525,2
50,0.5,100,15000,0.31212842042426037,0.038897697244243114,0.305999755859375,2
50,0.5,250,15000,0.3132073077786483,0.03965269913174783,0.3072119951248169,2
50,0.5,500,15000,0.3138307058166495,0.040120800302000756,0.30789482593536377,2
50,0.5,1000,15000,0.31533565182226325,0.04122310305775764,0.30941125750541687,2
50,0.5,10,20000,0.0,1.0,,0
50,0.5,25,20000,0.0,1.0,,0
50,0.5,50,20000,0.0,1.0,,0
50,0.5,100,20000,0.0,1.0,,0
50,0.5,250,20000,0.0,1.0,,0
50,0.5,500,20000,0.0,1.0,,0
50,0.5,1000,20000,0.0,1.0,,0
50,0.5,10,22000,0.0,1.0,,0
50,0.5,25,22000,0.0,1.0,,0
50,0.5,50,22000,0.0,1.0,,0
50,0.5,100,22000,0.0,1.0,,0
50,0.5,250,22000,0.0,1.0,,0
50,0.5,500,22000,0.0,1.0,,0
50,0.5,1000,22000,0.0,1.0,,0
75,0.5,10,50,0.47580536343309826,0.09541713854284636,0.004837473854422569,174
75,0.5,25,50,0.47879721304068823,0.10675726689316724,0.25632789731025696,144
75,0.5,50,50,0.47603414765006136,0.10604756511891279,0.24286392331123352,118
75,0.5,100,50,0.49850419996772904,0.11095507738769347,0.7088104486465454,65
75,0.5,250,50,0.5093487277323435,0.13571913929784823,0.3678434193134308,37
75,0.5,500,50,0.5040286136046097,0.18249905624764062,0.7839329242706299,19
75,0.5,1000,50,0.5147973954846854,0.1428161570403926,0.6643565893173218,12
75,0.5,10,100,0.4881624025977641,0.08614571536428842,0.540242612361908,83
75,0.5,25,100,0.4883545912691475,0.07611929029822574,0.6018693447113037,73
75,0.5,50,100,0.5123189980738191,0.07077387693469234,0.6532624959945679,67
75,0.5,100,100,0.5094917132484119,0.08661381653454134,0.669926643371582,55
75,0.5,250,100,0.5097467929945689,0.12795771989429974,0.7444093823432922,32
75,0.5,500,100,0.5040286136046097,0.18249905624764062,0.7839329242706299,19
75,0.5,1000,100,0.5147973954846854,0.1428161570403926,0.6643564105033875,12
75,0.5,10,250,0.4957794872058562,0.06579086447716119,0.6171687245368958,44
75,0.5,25,250,0.49056405407888354,0.08298980747451869,0.6321488618850708,42
75,0.5,50,250,0.5140196669314594,0.08157040392600981,0.6457915902137756,38
75,0.5,100,250,0.51039841507121,0.10946017365043413,0.6959843039512634,33
75,0.5,250,250,0.5135866386849247,0.11752359380898453,0.7381100654602051,28
75,0.5,500,250,0.5192937240223616,0.09710834277085692,0.6399573683738708,13
75,0.5,1000,250,0.5171814724986763,0.12931672329180824,0.6599102020263672,11
75,0.5,10,500,0.5311260040969703,0.07238958097395244,0.6262143850326538,19
75,0.5,25,500,0.5293939506215196,0.0960966402416006,0.6846478581428528,22
75,0.5,50,500,0.5355850992014998,0.09334843337108342,0.6308397650718689,20
75,0.5,100,500,0.5233280122658114,0.10674216685541714,0.6310254335403442,18
75,0.5,250,500,0.5209820966681877,0.1028463571158928,0.6666170954704285,17
75,0.5,500,500,0.5178675449910671,0.1342544356360891,0.713564932346344,14
75,0.5,1000,500,0.5171814724986763,0.12931672329180824,0.6599103212356567,11
75,0.5,10,1000,0.5348823109117711,0.07175537938844848,0.6151587963104248,15
75,0.5,25,1000,0.5461381022059243,0.08409211023027557,0.6240464448928833,14
75,0.5,50,1000,0.5463485737214128,0.07364288410721027,0.5654038190841675,13
75,0.5,100,1000,0.5244576420962868,0.09309173272933183,0.599435567855835,13
75,0.5,250,1000,0.5284020638320893,0.08610041525103813,0.595217227935791,12
75,0.5,500,1000,0.5255700536679268,0.08525481313703284,0.6031818389892578,11
75,0.5,1000,1000,0.5171814724986763,0.12931672329180824,0.659910261631012,11
75,0.5,10,2500,0.586109838579169,0.23832389580973953,0.6597053408622742,6
75,0.5,25,2500,0.5657572292655819,0.18826727066817667,0.5446837544441223,5
75,0.5,50,2500,0.5285944513513355,0.1347678369195923,0.5129054188728333,5
75,0.5,100,2500,0.5407269289806358,0.19701019252548133,0.6698195338249207,5
75,0.5,250,2500,0.5348713380404042,0.1865760664401661,0.5751513242721558,5
75,0.5,500,2500,0.5253325843650256,0.1798716496791242,0.5644810795783997,5
75,0.5,1000,2500,0.5273969507307111,0.23904869762174405,0.7403202056884766,5
75,0.5,10,5000,0.6124915496213691,0.28009060022650056,0.7261760234832764,3
75,0.5,25,5000,0.6360919699231741,0.2853303133257833,0.7127562165260315,3
75,0.5,50,5000,0.5430150035147439,0.1788448471121178,0.544170081615448,4
75,0.5,100,5000,0.5480585922993741,0.2410872027180068,0.7072738409042358,4
75,0.5,250,5000,0.6035067862364314,0.28363910909777273,0.7754529714584351,3
75,0.5,500,5000,0.577542192879206,0.27663269158172893,0.8183207511901855,3
75,0.5,1000,5000,0.587158033111744,0.3605889014722537,0.9536720514297485,3
75,0.5,10,10000,0.47646398113512434,0.23506228765571913,0.3947603702545166,2
75,0.5,25,10000,0.5281882318058024,0.27577198942997355,0.45723384618759155,2
75,0.5,50,10000,0.4805101138417317,0.22967157417893544,0.3869881331920624,2
75,0.5,100,10000,0.4568050921463297,0.22431106077765195,0.37195104360580444,2
75,0.5,250,10000,0.6035067862364314,0.28363910909777273,0.7754531502723694,3
75,0.5,500,10000,0.577542192879206,0.27663269158172893,0.8183208703994751,3
75,0.5,1000,10000,0.3299018096654691,0.025926764816912043,0.24134637415409088,2
75,0.5,10,15000,0.47646398113512434,0.23506228765571913,0.3947604298591614,2
75,0.5,25,15000,0.5281882318058024,0.27577198942997355,0.45723387598991394,2
75,0.5,50,15000,0.4805101138417317,0.22967157417893544,0.3869880735874176,2
75,0.5,100,15000,0.4568050921463297,0.22431106077765195,0.37195104360580444,2
75,0.5,250,15000,0.4215855655977354,0.17348433371083427,0.2988223731517792,2
75,0.5,500,15000,0.327824758983817,0.025549263873159683,0.23967212438583374,2
75,0.5,1000,15000,0.3299018096654691,0.025926764816912043,0.24134637415409088,2
75,0.5,10,20000,0.0,1.0,,0
75,0.5,25,20000,0.0,1.0,,0
75,0.5,50,20000,0.0,1.0,,0
75,0.5,100,20000,0.0,1.0,,0
75,0.5,250,20000,0.0,1.0,,0
75,0.5,500,20000,0.0,1.0,,0
75,0.5,1000,20000,0.0,1.0,,0
75,0.5,10,22000,0.0,1.0,,0
75,0.5,25,22000,0.0,1.0,,0
75,0.5,50,22000,0.0,1.0,,0
75,0.5,100,22000,0.0,1.0,,0
75,0.5,250,22000,0.0,1.0,,0
75,0.5,500,22000,0.0,1.0,,0
75,0.5,1000,22000,0.0,1.0,,0
100,0.5,10,50,0.47521048457556087,0.09389203473008682,0.34395861625671387,168
100,0.5,25,50,0.4779511816499209,0.10567006417516044,0.3730134665966034,159
100,0.5,50,50,0.4996256736359999,0.07936579841449604,0.503101110458374,121
100,0.5,100,50,0.5016265206072523,0.08958852397130992,0.7172818183898926,70
100,0.5,250,50,0.5000690068518507,0.12382030955077387,0.6965024471282959,35
100,0.5,500,50,0.5172984443280726,0.14452246130615326,0.762729823589325,20
100,0.5,1000,50,0.5194031320367425,0.10622876557191394,0.6071699261665344,10
100,0.5,10,100,0.5004721160121859,0.05355983389958475,0.6035764813423157,85
100,0.5,25,100,0.4991895155872865,0.0757115892789732,0.628925621509552,89
100,0.5,50,100,0.5022373423822448,0.07240468101170253,0.7000458836555481,80
100,0.5,100,100,0.5025926980456306,0.0781275953189883,0.6885890960693359,64
100,0.5,250,100,0.500569383555338,0.12084560211400529,0.6945739984512329,33
100,0.5,500,100,0.5172984443280726,0.14452246130615326,0.7627298831939697,20
100,0.5,1000,100,0.5194031320367425,0.10622876557191394,0.6071699261665344,10
100,0.5,10,250,0.5024002026132856,0.05577953944884862,0.5496046543121338,43
100,0.5,25,250,0.5069487785242667,0.039622499056247644,0.6008856296539307,39
100,0.5,50,250,0.5052283726778066,0.06612306530766326,0.6481653451919556,38
100,0.5,100,250,0.5055477008733237,0.06425066062665157,0.6449801921844482,39
100,0.5,250,250,0.5017399482097057,0.11495658739146848,0.6864506602287292,31
100,0.5,500,250,0.5172984443280726,0.14452246130615326,0.7627297639846802,20
100,0.5,1000,250,0.5158383029858524,0.17214043035107587,0.7777723670005798,12
100,0.5,10,500,0.5145268620259357,0.048169120422801054,0.5619298815727234,23
100,0.5,25,500,0.5116274604562426,0.05621744054360136,0.5891151428222656,25
100,0.5,50,500,0.5135369693591054,0.04700641751604379,0.5584685206413269,22
100,0.5,100,500,0.5293425206635985,0.07151377878444697,0.6538483500480652,21
100,0.5,250,500,0.5220942924724821,0.11826349565873914,0.7123004794120789,20
100,0.5,500,500,0.5186796867707792,0.13875424688561722,0.7470768094062805,18
100,0.5,1000,500,0.5158383029858524,0.17214043035107587,0.7777722477912903,12
100,0.5,10,1000,0.5386256362191083,0.07738769346923367,0.6315658092498779,14
100,0.5,25,1000,0.5419806832477303,0.07056247640619101,0.6167547702789307,14
100,0.5,50,1000,0.5328033737803871,0.05961494903737259,0.6174718141555786,16
100,0.5,100,1000,0.5285174551406667,0.07311438278595697,0.6189825534820557,15
100,0.5,250,1000,0.521537117471314,0.053303133257833146,0.5662887692451477,12
100,0.5,500,1000,0.5205510814992067,0.09827104567761419,0.6488186120986938,13
100,0.5,1000,1000,0.5194031320367425,0.10622876557191394,0.6071698665618896,10
100,0.5,10,2500,0.5938007002488223,0.21659494148735373,0.7312191724777222,6
100,0.5,25,2500,0.6043895068657357,0.21078142695356739,0.7425748109817505,6
100,0.5,50,2500,0.5631516240239527,0.1527670819177048,0.6035999059677124,6
100,0.5,100,2500,0.5495217710365442,0.1428312570781427,0.5601547360420227,5
100,0.5,250,2500,0.5514613895235155,0.12539071347678368,0.43103453516960144,4
100,0.5,500,2500,0.5374109096351677,0.10023405058512647,0.4436964988708496,5
100,0.5,1000,2500,0.5479223145584766,0.19110607776519442,0.5823858380317688,5
100,0.5,10,5000,0.732389214322676,0.3363080407701019,0.8441274166107178,2
100,0.5,25,5000,0.6526736042893087,0.2930011325028313,0.7370423078536987,3
100,0.5,50,5000,0.6812401712970515,0.3287882219705549,0.7269971966743469,3
100,0.5,100,5000,0.6290960193981324,0.25304643261608156,0.7082135677337646,3
100,0.5,250,5000,0.5852459615221476,0.17860324650811626,0.6123350262641907,3
100,0.5,500,5000,0.5856662950809592,0.19258588146470365,0.6264545917510986,3
100,0.5,1000,5000,0.6138865635602121,0.283684409211023,0.7545161843299866,3
100,0.5,10,10000,0.732389214322676,0.3363080407701019,0.8441275954246521,2
100,0.5,25,10000,0.6526736042893087,0.2930011325028313,0.7370424270629883,3
100,0.5,50,10000,0.6324649670796544,0.3130841827104568,0.7475560903549194,2
100,0.5,100,10000,0.6290960193981324,0.25304643261608156,0.7082136273384094,3
100,0.5,250,10000,0.5852459615221476,0.17860324650811626,0.6123350858688354,3
100,0.5,500,10000,0.5856662950809592,0.19258588146470365,0.6264545917510986,3
100,0.5,1000,10000,0.6138865635602121,0.283684409211023,0.7545161843299866,3
100,0.5,10,15000,0.732389214322676,0.3363080407701019,0.8441275358200073,2
100,0.5,25,15000,0.580154741905141,0.2929709324273311,0.5988602638244629,2
100,0.5,50,15000,0.6324649670796544,0.3130841827104568,0.7475561499595642,2
100,0.5,100,15000,0.5328746022866607,0.25220083050207626,0.7050075531005859,2
100,0.5,250,15000,0.5852459615221476,0.17860324650811626,0.6123350858688354,3
100,0.5,500,15000,0.5856662950809592,0.19258588146470365,0.6264546513557434,3
100,0.5,1000,15000,0.3836219120285881,0.14838807097017742,0.3804064691066742,2
100,0.5,10,20000,0.732389214322676,0.3363080407701019,0.8441275358200073,2
100,0.5,25,20000,0.0,1.0,,0
100,0.5,50,20000,0.0,1.0,,0
100,0.5,100,20000,0.0,1.0,,0
100,0.5,250,20000,0.0,1.0,,0
100,0.5,500,20000,0.0,1.0,,0
100,0.5,1000,20000,0.0,1.0,,0
100,0.5,10,22000,0.0,1.0,,0
100,0.5,25,22000,0.0,1.0,,0
100,0.5,50,22000,0.0,1.0,,0
100,0.5,100,22000,0.0,1.0,,0
100,0.5,250,22000,0.0,1.0,,0
100,0.5,500,22000,0.0,1.0,,0
100,0.5,1000,22000,0.0,1.0,,0
10,0.75,10,50,0.07192173743443814,0.49362023405058514,-0.2777802050113678,225
10,0.75,25,50,0.08773474127149987,0.5709928274820687,-0.19867107272148132,155
10,0.75,50,50,0.09406123941471199,0.6346847867119668,-0.12288873642683029,128
10,0.75,100,50,0.0942095889381545,0.7016987542468857,0.18249288201332092,72
10,0.75,250,50,0.07199403525979196,0.7837825594563986,0.31492844223976135,27
10,0.75,500,50,0.05036176026365471,0.8390637976594941,0.571816623210907,16
10,0.75,1000,50,0.04114061741356148,0.8427029067572669,0.4131010174751282,8
10,0.75,10,100,0.09693977749927063,0.5064552661381654,-0.23964643478393555,97
10,0.75,25,100,0.10188726109567263,0.5979463948659872,-0.09914901107549667,90
10,0.75,50,100,0.11708410939381177,0.644318610796527,-0.025635018944740295,71
10,0.75,100,100,0.0947944472001433,0.7001887504718762,0.20008108019828796,61
10,0.75,250,100,0.07141399585458846,0.783676859192148,0.3659050464630127,23
10,0.75,500,100,0.05321012438748725,0.82879577198943,0.3621183931827545,12
10,0.75,1000,100,0.041350485276271005,0.8436089090222726,0.4129212200641632,7
10,0.75,10,250,0.10479709104143307,0.5635787089467724,-0.06786768138408661,46
10,0.75,25,250,0.09099566901647745,0.6402265005662514,0.10080253332853317,32
10,0.75,50,250,0.11265143116627764,0.6671045677614194,0.04709140956401825,29
10,0.75,100,250,0.09023357815622352,0.7490373725934315,0.27220550179481506,27
10,0.75,250,250,0.07514417769150872,0.7807474518686297,0.34488487243652344,21
10,0.75,500,250,0.05628638241107087,0.8272102680256701,0.31603479385375977,9
10,0.75,1000,250,0.04213807793012466,0.8469309173272933,0.4064437448978424,6
10,0.75,10,500,0.09179795919312216,0.6537108342770857,0.23364855349063873,17
10,0.75,25,500,0.09755013130012828,0.6789580973952435,0.11652278155088425,17
10,0.75,50,500,0.10574882938105395,0.7289996224990563,0.15993058681488037,13
10,0.75,100,500,0.07560509899157733,0.6622725556813892,0.0518467053771019,11
10,0.75,250,500,0.053054117872577,0.8020385050962627,0.30146923661231995,11
10,0.75,500,500,0.05628638241107087,0.8272102680256701,0.31603479385375977,9
10,0.75,1000,500,0.04213807793012466,0.8469309173272933,0.4064437448978424,6
10,0.75,10,1000,0.08321297168955813,0.6823556058890147,0.2587261199951172,10
10,0.75,25,1000,0.0818325473394284,0.7230200075500188,0.1669733077287674,9
10,0.75,50,1000,0.0969889868659955,0.7317780294450736,0.18143421411514282,10
10,0.75,100,1000,0.058639504743376016,0.6820385050962627,0.07381170988082886,7
10,0.75,250,1000,0.0493177555639699,0.743359758399396,0.030732911080121994,7
10,0.75,500,1000,0.05076520603138812,0.8469007172517932,0.42739802598953247,6
10,0.75,1000,1000,0.04213807793012466,0.8469309173272933,0.4064437448978424,6
10,0.75,10,2500,0.017639553780387254,0.6894073235183088,0.23168691992759705,2
10,0.75,25,2500,0.01235028192494907,0.7740279350698377,0.32918107509613037,2
10,0.75,50,2500,0.015762693222386298,0.7140203850509627,0.1863694190979004,2
10,0.75,100,2500,0.031987004909845684,0.7396300490751226,0.3543570041656494,3
10,0.75,250,2500,0.0,1.0,,0
10,0.75,500,2500,0.0,1.0,,0
10,0.75,1000,2500,0.020303449174613845,0.8858286145715364,0.16197200119495392,2
10,0.75,10,5000,0.0,1.0,,0
10,0.75,25,5000,0.0,1.0,,0
10,0.75,50,5000,0.0,1.0,,0
10,0.75,100,5000,0.0,1.0,,0
10,0.75,250,5000,0.0,1.0,,0
10,0.75,500,5000,0.0,1.0,,0
10,0.75,1000,5000,0.0,1.0,,0
10,0.75,10,10000,0.0,1.0,,0
10,0.75,25,10000,0.0,1.0,,0
10,0.75,50,10000,0.0,1.0,,0
10,0.75,100,10000,0.0,1.0,,0
10,0.75,250,10000,0.0,1.0,,0
10,0.75,500,10000,0.0,1.0,,0
10,0.75,1000,10000,0.0,1.0,,0
10,0.75,10,15000,0.0,1.0,,0
10,0.75,25,15000,0.0,1.0,,0
10,0.75,50,15000,0.0,1.0,,0
10,0.75,100,15000,0.0,1.0,,0
10,0.75,250,15000,0.0,1.0,,0
10,0.75,500,15000,0.0,1.0,,0
10,0.75,1000,15000,0.0,1.0,,0
10,0.75,10,20000,0.0,1.0,,0
10,0.75,25,20000,0.0,1.0,,0
10,0.75,50,20000,0.0,1.0,,0
10,0.75,100,20000,0.0,1.0,,0
10,0.75,250,20000,0.0,1.0,,0
10,0.75,500,20000,0.0,1.0,,0
10,0.75,1000,20000,0.0,1.0,,0
10,0.75,10,22000,0.0,1.0,,0
10,0.75,25,22000,0.0,1.0,,0
10,0.75,50,22000,0.0,1.0,,0
10,0.75,100,22000,0.0,1.0,,0
10,0.75,250,22000,0.0,1.0,,0
10,0.75,500,22000,0.0,1.0,,0
10,0.75,1000,22000,0.0,1.0,,0
15,0.75,10,50,0.08723313989453986,0.4503586258965647,-0.2597547471523285,224
15,0.75,25,50,0.13201487103079892,0.5459720649301624,-0.0857248455286026,164
15,0.75,50,50,0.15497071978876903,0.6128803322008305,-0.06521730870008469,118
15,0.75,100,50,0.15270877444001976,0.6800604001510003,0.21902023255825043,58
15,0.75,250,50,0.12593844097200277,0.7253303133257833,0.45391005277633667,31
15,0.75,500,50,0.09027371705432859,0.7887655719139298,0.4683254659175873,17
15,0.75,1000,50,0.07628117545140008,0.8148282370705927,0.5632680654525757,9
15,0.75,10,100,0.12458519239037123,0.4878822197055493,-0.16332244873046875,107
15,0.75,25,100,0.1569571456402428,0.5609211023027557,-0.04513648524880409,84
15,0.75,50,100,0.16427142175488846,0.6137108342770857,-0.009181343019008636,67
15,0.75,100,100,0.15656421966904327,0.6803926009815024,0.21408452093601227,53
15,0.75,250,100,0.12648793793197258,0.7293922234805587,0.4567200541496277,26
15,0.75,500,100,0.08917966996742016,0.7899886749716875,0.6008482575416565,16
15,0.75,1000,100,0.07628117545140008,0.8148282370705927,0.5632680654525757,9
15,0.75,10,250,0.14610927067445348,0.5380747451868629,0.023244448006153107,41
15,0.75,25,250,0.1581956171109188,0.5980520951302378,0.10197656601667404,33
15,0.75,50,250,0.16993604685741606,0.6288863722159306,0.17202366888523102,32
15,0.75,100,250,0.1592424554002088,0.6981502453756134,0.36434194445610046,27
15,0.75,250,250,0.12314177188121181,0.7394035485088712,0.548182487487793,23
15,0.75,500,250,0.1058353139942165,0.7762325405813515,0.3629760146141052,12
15,0.75,1000,250,0.07628117545140008,0.8148282370705927,0.5632680654525757,9
15,0.75,10,500,0.15211206410432598,0.6049377123442808,0.10665445774793625,23
15,0.75,25,500,0.12486874149739761,0.6580596451491129,0.18291977047920227,19
15,0.75,50,500,0.1388867304166333,0.7066515666289166,0.36356422305107117,18
15,0.75,100,500,0.15686856796132456,0.6938618346545866,0.19807225465774536,17
15,0.75,250,500,0.12239506774414528,0.7371989429973574,0.3354489505290985,13
15,0.75,500,500,0.10875151994354505,0.7726236315590789,0.35738274455070496,10
15,0.75,1000,500,0.07790693978650691,0.8192374480936202,0.590334415435791,7
15,0.75,10,1000,0.14084127992929973,0.6638580596451491,0.12617312371730804,11
15,0.75,25,1000,0.11718394145770417,0.7392525481313703,0.24668249487876892,10
15,0.75,50,1000,0.10951609922646224,0.7534767836919593,0.3543396294116974,9
15,0.75,100,1000,0.10589698831778624,0.6151000377500944,-0.0059514096938073635,7
15,0.75,250,1000,0.12382789868054622,0.6977878444696112,0.13197201490402222,9
15,0.75,500,1000,0.08894597671509721,0.7940958852397131,0.3135725259780884,8
15,0.75,1000,1000,0.07790693978650691,0.8192374480936202,0.5903344750404358,7
15,0.75,10,2500,0.010167647794948893,0.5698754246885617,0.11644737422466278,2
15,0.75,25,2500,0.0,1.0,,0
15,0.75,50,2500,0.0,1.0,,0
15,0.75,100,2500,0.023538612782999232,0.7042657606644016,-0.05755249783396721,2
15,0.75,250,2500,0.018030651895905112,0.8380067950169875,0.42033523321151733,2
15,0.75,500,2500,0.0,1.0,,0
15,0.75,1000,2500,0.0,1.0,,0
15,0.75,10,5000,0.0,1.0,,0
15,0.75,25,5000,0.0,1.0,,0
15,0.75,50,5000,0.0,1.0,,0
15,0.75,100,5000,0.0,1.0,,0
15,0.75,250,5000,0.0,1.0,,0
15,0.75,500,5000,0.0,1.0,,0
15,0.75,1000,5000,0.0,1.0,,0
15,0.75,10,10000,0.0,1.0,,0
15,0.75,25,10000,0.0,1.0,,0
15,0.75,50,10000,0.0,1.0,,0
15,0.75,100,10000,0.0,1.0,,0
15,0.75,250,10000,0.0,1.0,,0
15,0.75,500,10000,0.0,1.0,,0
15,0.75,1000,10000,0.0,1.0,,0
15,0.75,10,15000,0.0,1.0,,0
15,0.75,25,15000,0.0,1.0,,0
15,0.75,50,15000,0.0,1.0,,0
15,0.75,100,15000,0.0,1.0,,0
15,0.75,250,15000,0.0,1.0,,0
15,0.75,500,15000,0.0,1.0,,0
15,0.75,1000,15000,0.0,1.0,,0
15,0.75,10,20000,0.0,1.0,,0
15,0.75,25,20000,0.0,1.0,,0
15,0.75,50,20000,0.0,1.0,,0
15,0.75,100,20000,0.0,1.0,,0
15,0.75,250,20000,0.0,1.0,,0
15,0.75,500,20000,0.0,1.0,,0
15,0.75,1000,20000,0.0,1.0,,0
15,0.75,10,22000,0.0,1.0,,0
15,0.75,25,22000,0.0,1.0,,0
15,0.75,50,22000,0.0,1.0,,0
15,0.75,100,22000,0.0,1.0,,0
15,0.75,250,22000,0.0,1.0,,0
15,0.75,500,22000,0.0,1.0,,0
15,0.75,1000,22000,0.0,1.0,,0
30,0.75,10,50,0.19781818667026765,0.38299735749339375,-0.10664984583854675,185
30,0.75,25,50,0.210745707187284,0.44033220083050206,-0.09252289682626724,137
30,0.75,50,50,0.24781356093541515,0.4580143450358626,0.03925996646285057,112
30,0.75,100,50,0.24589151658116165,0.4958852397130993,0.5647669434547424,61
30,0.75,250,50,0.2242696539370195,0.52160060400151,0.6465679407119751,27
30,0.75,500,50,0.19964071768659258,0.5771687429218573,0.7465243339538574,20
30,0.75,1000,50,0.19007530834758,0.5934314835787089,0.6871711015701294,10
30,0.75,10,100,0.2125218814131312,0.4128652321630804,-0.003507316345348954,89
30,0.75,25,100,0.24806912858206753,0.4310305775764439,0.250702440738678,76
30,0.75,50,100,0.2710374170812886,0.4494526236315591,0.29268282651901245,64
30,0.75,100,100,0.24784493440310143,0.4961268403171008,0.5820751190185547,56
30,0.75,250,100,0.22427471581046404,0.5215402038505096,0.6502264142036438,26
30,0.75,500,100,0.20137323437296104,0.5791015477538694,0.7459304928779602,18
30,0.75,1000,100,0.19007530834758,0.5934314835787089,0.6871711015701294,10
30,0.75,10,250,0.26796589299002255,0.3783163457908645,0.3404550850391388,35
30,0.75,25,250,0.25550795142461497,0.4405436013590034,0.4537716805934906,34
30,0.75,50,250,0.2772168640564201,0.45488863722159306,0.4747234284877777,34
30,0.75,100,250,0.24839088117769198,0.48745941864854664,0.5383884906768799,28
30,0.75,250,250,0.225804129706473,0.5233371083427708,0.6585769057273865,25
30,0.75,500,250,0.19831852862959642,0.5849452623631559,0.7550368905067444,16
30,0.75,1000,250,0.19007530834758,0.5934314835787089,0.6871710419654846,10
30,0.75,10,500,0.2509154339498072,0.4391694979237448,0.4485635757446289,19
30,0.75,25,500,0.24546035694754215,0.4679803699509249,0.5141379833221436,18
30,0.75,50,500,0.2584737525302563,0.5340430351075878,0.5963597297668457,16
30,0.75,100,500,0.24017316267722275,0.5359909399773499,0.6201915144920349,15
30,0.75,250,500,0.24168183498473528,0.5362325405813515,0.5860381722450256,13
30,0.75,500,500,0.2164165433345097,0.5623254058135145,0.6261606216430664,12
30,0.75,1000,500,0.19007530834758,0.5934314835787089,0.6871711015701294,10
30,0.75,10,1000,0.2549309273464125,0.5089467723669309,0.5116657614707947,11
30,0.75,25,1000,0.25699639890233344,0.500324650811627,0.45619162917137146,11
30,0.75,50,1000,0.25910050252411204,0.5437825594563986,0.4581999182701111,10
30,0.75,100,1000,0.24364367822001995,0.5608154020385051,0.5338858366012573,10
30,0.75,250,1000,0.23434344217499573,0.5661306153265383,0.6105051636695862,10
30,0.75,500,1000,0.21464145138503954,0.5639260098150245,0.5803201794624329,10
30,0.75,1000,1000,0.19007530834758,0.5934314835787089,0.6871710419654846,10
30,0.75,10,2500,0.010985206901276088,0.00800302000755002,-0.05862148478627205,2
30,0.75,25,2500,0.011827314465800407,0.029384673461683653,-0.05873626098036766,2
30,0.75,50,2500,0.02816780914945361,0.1106077765194413,-0.025311164557933807,2
30,0.75,100,2500,0.06440450076440596,0.17793884484711212,-0.0331701822578907,2
30,0.75,250,2500,0.1493349587937352,0.722733106832767,0.8296375274658203,3
30,0.75,500,2500,0.1358668273939334,0.7048244620611551,0.7014676332473755,4
30,0.75,1000,2500,0.21224270517221486,0.4802416006040015,0.19762752950191498,2
30,0.75,10,5000,0.0,1.0,,0
30,0.75,25,5000,0.0,1.0,,0
30,0.75,50,5000,0.0,1.0,,0
30,0.75,100,5000,0.0,1.0,,0
30,0.75,250,5000,0.0,1.0,,0
30,0.75,500,5000,0.0,1.0,,0
30,0.75,1000,5000,0.0,1.0,,0
30,0.75,10,10000,0.0,1.0,,0
30,0.75,25,10000,0.0,1.0,,0
30,0.75,50,10000,0.0,1.0,,0
30,0.75,100,10000,0.0,1.0,,0
30,0.75,250,10000,0.0,1.0,,0
30,0.75,500,10000,0.0,1.0,,0
30,0.75,1000,10000,0.0,1.0,,0
30,0.75,10,15000,0.0,1.0,,0
30,0.75,25,15000,0.0,1.0,,0
30,0.75,50,15000,0.0,1.0,,0
30,0.75,100,15000,0.0,1.0,,0
30,0.75,250,15000,0.0,1.0,,0
30,0.75,500,15000,0.0,1.0,,0
30,0.75,1000,15000,0.0,1.0,,0
30,0.75,10,20000,0.0,1.0,,0
30,0.75,25,20000,0.0,1.0,,0
30,0.75,50,20000,0.0,1.0,,0
30,0.75,100,20000,0.0,1.0,,0
30,0.75,250,20000,0.0,1.0,,0
30,0.75,500,20000,0.0,1.0,,0
30,0.75,1000,20000,0.0,1.0,,0
30,0.75,10,22000,0.0,1.0,,0
30,0.75,25,22000,0.0,1.0,,0
30,0.75,50,22000,0.0,1.0,,0
30,0.75,100,22000,0.0,1.0,,0
30,0.75,250,22000,0.0,1.0,,0
30,0.75,500,22000,0.0,1.0,,0
30,0.75,1000,22000,0.0,1.0,,0
50,0.75,10,50,0.4760813297757252,0.06918837297093243,0.498452365398407,154
50,0.75,25,50,0.4741513361173611,0.07921479803699509,0.46118974685668945,133
50,0.75,50,50,0.4715633916077211,0.10878067195167988,0.49128279089927673,113
50,0.75,100,50,0.4692587351549242,0.1478746696866742,0.6899724006652832,64
50,0.75,250,50,0.47908968381240097,0.14224235560588902,0.6842557787895203,26
50,0.75,500,50,0.47552032472370515,0.179841449603624,0.721336841583252,15
50,0.75,1000,50,0.47059776560253413,0.24711211778029446,0.8610199689865112,11
50,0.75,10,100,0.4777464967745293,0.05748584371460928,0.5854566693305969,80
50,0.75,25,100,0.4736675505063921,0.09510003775009437,0.6817433834075928,80
50,0.75,50,100,0.47068156509413744,0.12442431106077766,0.6982060074806213,71
50,0.75,100,100,0.4699709666315731,0.14459796149490373,0.7317193746566772,54
50,0.75,250,100,0.4759848387239204,0.16836542091355228,0.7600868344306946,24
50,0.75,500,100,0.4754781152709249,0.1806719516798792,0.7352622151374817,14
50,0.75,1000,100,0.47059776560253413,0.24711211778029446,0.8610202074050903,11
50,0.75,10,250,0.4797653880722532,0.09363533408833521,0.6212011575698853,34
50,0.75,25,250,0.47197884555072656,0.06277085692714232,0.5744966864585876,25
50,0.75,50,250,0.4837195266648096,0.10488486221215552,0.6067973375320435,29
50,0.75,100,250,0.48193800496374084,0.10511136277840695,0.6291891932487488,23
50,0.75,250,250,0.4782022171223215,0.16552661381653455,0.766938328742981,23
50,0.75,500,250,0.47518062649918025,0.18322385805964514,0.7350391149520874,13
50,0.75,1000,250,0.47059776560253413,0.24711211778029446,0.8610199689865112,11
50,0.75,10,500,0.48161174938344303,0.1280332200830502,0.6646701693534851,20
50,0.75,25,500,0.4745679097482441,0.08086070215175538,0.5824974775314331,14
50,0.75,50,500,0.47615527055063694,0.08409211023027557,0.5635953545570374,13
50,0.75,100,500,0.4756651508764131,0.12614571536428842,0.6666978001594543,14
50,0.75,250,500,0.47629351353939986,0.15717629294073235,0.7002670168876648,14
50,0.75,500,500,0.47518062649918025,0.18322385805964514,0.735039234161377,13
50,0.75,1000,500,0.47330650549060377,0.23311438278595698,0.8556721806526184,10
50,0.75,10,1000,0.4882408743699389,0.11485088712721782,0.640313982963562,11
50,0.75,25,1000,0.4731188381875564,0.09842204605511513,0.5804436206817627,11
50,0.75,50,1000,0.4730217978772954,0.10411476028690071,0.5809681415557861,11
50,0.75,100,1000,0.4753468737182387,0.13472253680634202,0.6411463618278503,11
50,0.75,250,1000,0.4847336290839725,0.14399395998489997,0.6878185272216797,10
50,0.75,500,1000,0.4766903711404198,0.19291808229520574,0.7412949800491333,10
50,0.75,1000,1000,0.47330650549060377,0.23311438278595698,0.8556723594665527,10
50,0.75,10,2500,0.4921638874703701,0.2305775764439411,0.7384510636329651,5
50,0.75,25,2500,0.494893002198591,0.18612306530766326,0.6260365843772888,5
50,0.75,50,2500,0.4942832717913208,0.18761796904492262,0.6318396329879761,5
50,0.75,100,2500,0.49040115366995074,0.22165345413363532,0.7080726623535156,5
50,0.75,250,2500,0.4906917390310511,0.2431861079652699,0.7797760963439941,5
50,0.75,500,2500,0.49372613749590144,0.22612306530766327,0.8036192655563354,5
50,0.75,1000,2500,0.5016868345655094,0.20659871649679123,0.7987976670265198,5
50,0.75,10,5000,0.5093811370501009,0.2870215175537939,0.8268201947212219,4
50,0.75,25,5000,0.5175518993574477,0.2386862967157418,0.6992363333702087,4
50,0.75,50,5000,0.5161807804215722,0.24012080030200075,0.7105766534805298,4
50,0.75,100,5000,0.5078721198588094,0.2740958852397131,0.8070492148399353,4
50,0.75,250,5000,0.502914644217805,0.21621744054360137,0.7607930898666382,4
50,0.75,500,5000,0.5079965443263526,0.18902227255568138,0.755736231803894,4
50,0.75,1000,5000,0.5358856784561321,0.24638731596828992,0.8963945508003235,3
50,0.75,10,10000,0.48691076530602884,0.268644771611929,0.506481409072876,2
50,0.75,25,10000,0.5707714139134784,0.3274594186485466,0.7758307456970215,3
50,0.75,50,10000,0.5683942466568043,0.32889392223480557,0.78897625207901,3
50,0.75,100,10000,0.37773741752747486,0.1541411853529634,0.4234831929206848,2
50,0.75,250,10000,0.52913393583144,0.29938844847112117,0.8748324513435364,3
50,0.75,500,10000,0.5306357835622868,0.268327670819177,0.8731309175491333,3
50,0.75,1000,10000,0.5358856784561321,0.24638731596828992,0.8963945508003235,3
50,0.75,10,15000,0.48691076530602884,0.268644771611929,0.5064813494682312,2
50,0.75,25,15000,0.4161906150796545,0.1908493771234428,0.42762452363967896,2
50,0.75,50,15000,0.32015956577023597,0.06485466213665535,0.3013076186180115,2
50,0.75,100,15000,0.37773741752747486,0.1541411853529634,0.4234831929206848,2
50,0.75,250,15000,0.316908407940476,0.03285768214420536,0.3096514940261841,2
50,0.75,500,15000,0.32191184524204236,0.02311815779539449,0.30450865626335144,2
50,0.75,1000,15000,0.5358856784561321,0.24638731596828992,0.8963944315910339,3
50,0.75,10,20000,0.0,1.0,,0
50,0.75,25,20000,0.0,1.0,,0
50,0.75,50,20000,0.0,1.0,,0
50,0.75,100,20000,0.0,1.0,,0
50,0.75,250,20000,0.0,1.0,,0
50,0.75,500,20000,0.0,1.0,,0
50,0.75,1000,20000,0.0,1.0,,0
50,0.75,10,22000,0.0,1.0,,0
50,0.75,25,22000,0.0,1.0,,0
50,0.75,50,22000,0.0,1.0,,0
50,0.75,100,22000,0.0,1.0,,0
50,0.75,250,22000,0.0,1.0,,0
50,0.75,500,22000,0.0,1.0,,0
50,0.75,1000,22000,0.0,1.0,,0
75,0.75,10,50,0.4778389793346418,0.104160060400151,0.232975035905838,172
75,0.75,25,50,0.4770429229361067,0.0910230275575689,0.3736403286457062,139
75,0.75,50,50,0.4971728257469412,0.09858814647036618,0.5074183344841003,113
75,0.75,100,50,0.4960197813222871,0.12184220460551151,0.5661464929580688,65
75,0.75,250,50,0.5154312912545853,0.11093997734994338,0.6749904751777649,30
75,0.75,500,50,0.5171000839091776,0.10779916949792374,0.6258030533790588,15
75,0.75,1000,50,0.5204338816852908,0.12927142317855794,0.6785876750946045,12
75,0.75,10,100,0.4946399483314338,0.07559078897697244,0.4885910451412201,95
75,0.75,25,100,0.5008639148590974,0.0727368818422046,0.5121822953224182,85
75,0.75,50,100,0.5001752383142388,0.09455643639109097,0.5186143517494202,67
75,0.75,100,100,0.49609997834395736,0.1197432993582484,0.5618570446968079,60
75,0.75,250,100,0.5154312912545853,0.11093997734994338,0.674990713596344,30
75,0.75,500,100,0.5171000839091776,0.10779916949792374,0.6258029937744141,15
75,0.75,1000,100,0.5204338816852908,0.12927142317855794,0.6785876750946045,12
75,0.75,10,250,0.5027307411710427,0.06675726689316723,0.5344439148902893,41
75,0.75,25,250,0.5206911202257039,0.05440543601359003,0.6014276742935181,37
75,0.75,50,250,0.5136001459987897,0.10313325783314459,0.6862736344337463,33
75,0.75,100,250,0.5014391164278236,0.027089467723669308,0.515755295753479,22
75,0.75,250,250,0.5190472326715723,0.07312948282370706,0.5917326211929321,23
75,0.75,500,250,0.5171000839091776,0.10779916949792374,0.6258029341697693,15
75,0.75,1000,250,0.5204338816852908,0.12927142317855794,0.678587794303894,12
75,0.75,10,500,0.5265507447532315,0.07235938089845224,0.6148802638053894,18
75,0.75,25,500,0.5269634326472774,0.07927519818799547,0.6363726854324341,19
75,0.75,50,500,0.5243651053666485,0.08288410721026802,0.640974223613739,18
75,0.75,100,500,0.5043448914133674,0.04285390713476784,0.5489979982376099,15
75,0.75,250,500,0.5225538566943412,0.07047187617969045,0.6016321182250977,16
75,0.75,500,500,0.5175924246801669,0.08983012457531143,0.6306466460227966,14
75,0.75,1000,500,0.5204338816852908,0.12927142317855794,0.6785876750946045,12
75,0.75,10,1000,0.5297874312660381,0.07386938467346169,0.5833235383033752,12
75,0.75,25,1000,0.5315413746940434,0.09950924877312194,0.631733238697052,13
75,0.75,50,1000,0.52947696522121,0.09141562853907134,0.6210356950759888,12
75,0.75,100,1000,0.530674367764955,0.08122310305775765,0.5975968837738037,12
75,0.75,250,1000,0.524653461755595,0.07847489618724046,0.5949527621269226,12
75,0.75,500,1000,0.522920673303733,0.08845602114005285,0.6034161448478699,12
75,0.75,1000,1000,0.5212179459127086,0.14394865987164968,0.6949294805526733,11
75,0.75,10,2500,0.5591889002509581,0.1544129860324651,0.6680827736854553,6
75,0.75,25,2500,0.5535561841410732,0.16765571913929786,0.6878224611282349,6
75,0.75,50,2500,0.5433461072293478,0.13232163080407702,0.5991846919059753,5
75,0.75,100,2500,0.5293866481920515,0.10215175537938845,0.5843269228935242,6
75,0.75,250,2500,0.5205831002665612,0.09292563231408078,0.6183076500892639,7
75,0.75,500,2500,0.5297468132773478,0.1358852397130993,0.6420870423316956,6
75,0.75,1000,2500,0.5261024640966435,0.2161117402793507,0.7941973209381104,6
75,0.75,10,5000,0.667838257272056,0.2072480181200453,0.8150556683540344,4
75,0.75,25,5000,0.578756048447146,0.2136504341260853,0.7026788592338562,4
75,0.75,50,5000,0.5793832342337703,0.19688939222348056,0.6650381684303284,4
75,0.75,100,5000,0.5738949503325409,0.20622121555303888,0.6637269854545593,4
75,0.75,250,5000,0.6474363763574031,0.29278973197432995,0.7595388889312744,3
75,0.75,500,5000,0.5675544714220299,0.2373574933937335,0.649549663066864,4
75,0.75,1000,5000,0.6056898973241696,0.37602114005285014,0.970689058303833,3
75,0.75,10,10000,0.6982494896016923,0.28653831634579086,0.6739929914474487,2
75,0.75,25,10000,0.6443010130020526,0.30826727066817666,0.7783695459365845,3
75,0.75,50,10000,0.6466120390028208,0.2915062287655719,0.7428301572799683,3
75,0.75,100,10000,0.6442544176030104,0.2899660249150623,0.7392906546592712,3
75,0.75,250,10000,0.6474363763574031,0.29278973197432995,0.7595389485359192,3
75,0.75,500,10000,0.33099255264293337,0.024930162325405812,0.25023090839385986,2
75,0.75,1000,10000,0.3326118044116821,0.024628161570403925,0.25143149495124817,2
75,0.75,10,15000,0.6982494896016923,0.28653831634579086,0.6739930510520935,2
75,0.75,25,15000,0.5758628878675899,0.27699509248773124,0.47838151454925537,2
75,0.75,50,15000,0.5834313909965663,0.26834277085692715,0.4716837704181671,2
75,0.75,100,15000,0.3599997243150468,0.11483578708946772,0.25058573484420776,2
75,0.75,250,15000,0.35399722162355285,0.10861457153642884,0.2439238280057907,2
75,0.75,500,15000,0.33099255264293337,0.024930162325405812,0.2502308785915375,2
75,0.75,1000,15000,0.3326118044116821,0.024628161570403925,0.2514314651489258,2
75,0.75,10,20000,0.6982494896016923,0.28653831634579086,0.6739929914474487,2
75,0.75,25,20000,0.0,1.0,,0
75,0.75,50,20000,0.0,1.0,,0
75,0.75,100,20000,0.0,1.0,,0
75,0.75,250,20000,0.0,1.0,,0
75,0.75,500,20000,0.0,1.0,,0
75,0.75,1000,20000,0.0,1.0,,0
75,0.75,10,22000,0.0,1.0,,0
75,0.75,25,22000,0.0,1.0,,0
75,0.75,50,22000,0.0,1.0,,0
75,0.75,100,22000,0.0,1.0,,0
75,0.75,250,22000,0.0,1.0,,0
75,0.75,500,22000,0.0,1.0,,0
75,0.75,1000,22000,0.0,1.0,,0
100,0.75,10,50,0.47576181488737657,0.08208380520951303,0.19847767055034637,160
100,0.75,25,50,0.47356031041016977,0.11371838429596073,0.1985263079404831,143
100,0.75,50,50,0.49889195608989895,0.08901472253680634,0.5903668403625488,115
100,0.75,100,50,0.5009595489800754,0.1038882597206493,0.6007418632507324,62
100,0.75,250,50,0.4988233686665518,0.09996224990562476,0.5213989019393921,31
100,0.75,500,50,0.5177455256787382,0.1062891657229143,0.666363000869751,16
100,0.75,1000,50,0.5211138812465533,0.1341789354473386,0.6626355648040771,11
100,0.75,10,100,0.4976406963247439,0.07770479426198565,0.3768458664417267,98
100,0.75,25,100,0.496147185632171,0.10268025670064175,0.5751004815101624,83
100,0.75,50,100,0.5005214817232849,0.08694601736504341,0.6025758385658264,72
100,0.75,100,100,0.5010928713001386,0.10345035862589656,0.6208141446113586,58
100,0.75,250,100,0.49985478969524794,0.09555303888259721,0.5179699063301086,28
100,0.75,500,100,0.5177455256787382,0.1062891657229143,0.6663629412651062,16
100,0.75,1000,100,0.5211138812465533,0.1341789354473386,0.6626354455947876,11
100,0.75,10,250,0.4987553563500112,0.08717251793129482,0.36904364824295044,46
100,0.75,25,250,0.4973220557956404,0.023254058135145337,0.4874480664730072,33
100,0.75,50,250,0.5009555844500827,0.04114760286900717,0.48076364398002625,31
100,0.75,100,250,0.49965981759446976,0.03752359380898452,0.4583868682384491,29
100,0.75,250,250,0.501573883456352,0.09218573046432615,0.5125244855880737,25
100,0.75,500,250,0.5172962494652638,0.10881087202718007,0.6707907915115356,15
100,0.75,1000,250,0.5211138812465533,0.1341789354473386,0.6626356244087219,11
100,0.75,10,500,0.5076030491984195,0.10452246130615327,0.6050053834915161,22
100,0.75,25,500,0.5009600910053555,0.0346394865987165,0.47366148233413696,18
100,0.75,50,500,0.5088432028892815,0.08883352208380521,0.5724357962608337,21
100,0.75,100,500,0.5229783269351717,0.08477161192902982,0.6633188128471375,19
100,0.75,250,500,0.517200406988741,0.09559833899584749,0.6730404496192932,16
100,0.75,500,500,0.5172962494652638,0.10881087202718007,0.6707908511161804,15
100,0.75,1000,500,0.5214768601352916,0.1321102302755757,0.6487864851951599,10
100,0.75,10,1000,0.5239705782760945,0.054465836164590414,0.6085664629936218,12
100,0.75,25,1000,0.5162071104317831,0.05439033597583994,0.6174672245979309,12
100,0.75,50,1000,0.5228777244555772,0.09879954699886749,0.6873866319656372,15
100,0.75,100,1000,0.5216535584305036,0.11074367685919215,0.7074704766273499,15
100,0.75,250,1000,0.5169707119912695,0.12893922234805588,0.7128447890281677,12
100,0.75,500,1000,0.5193229839762268,0.13650434126085315,0.6921828985214233,11
100,0.75,1000,1000,0.5214768601352916,0.1321102302755757,0.6487864851951599,10
100,0.75,10,2500,0.5943445581211458,0.23960739901849754,0.6434894800186157,4
100,0.75,25,2500,0.5858084961745936,0.23960739901849754,0.6197038292884827,4
100,0.75,50,2500,0.5868615059084216,0.24856172140430352,0.6367409229278564,4
100,0.75,100,2500,0.5698123142808785,0.2308644771611929,0.6077938675880432,4
100,0.75,250,2500,0.5771657836190957,0.2319365798414496,0.6120458841323853,4
100,0.75,500,2500,0.5955734425611259,0.28347300868252173,0.6936551332473755,4
100,0.75,1000,2500,0.5887066531663572,0.26079275198187996,0.6428713798522949,4
100,0.75,10,5000,0.6429959405412006,0.2928501321253303,0.790627658367157,3
100,0.75,25,5000,0.6344237963914728,0.2928501321253303,0.7533242106437683,3
100,0.75,50,5000,0.6357081907345826,0.3017893544733862,0.7685051560401917,3
100,0.75,100,5000,0.6123833657333124,0.28410721026802566,0.7356842160224915,3
100,0.75,250,5000,0.6227536104369061,0.2850887127217818,0.7669609189033508,3
100,0.75,500,5000,0.6429975692524302,0.3341789354473386,0.8358582854270935,3
100,0.75,1000,5000,0.6343330756580506,0.31157417893544737,0.8180078864097595,3
100,0.75,10,10000,0.5872464727025904,0.2928501321253303,0.6505248546600342,2
100,0.75,25,10000,0.6344237963914728,0.2928501321253303,0.7533242702484131,3
100,0.75,50,10000,0.6357081907345826,0.3017893544733862,0.7685051560401917,3
100,0.75,100,10000,0.6123833657333124,0.28410721026802566,0.7356842160224915,3
100,0.75,250,10000,0.6227536104369061,0.2850887127217818,0.7669609189033508,3
100,0.75,500,10000,0.4664048086061421,0.19160437901094754,0.6857033371925354,2
100,0.75,1000,10000,0.4317540721354736,0.19473008682521706,0.7197207808494568,2
100,0.75,10,15000,0.5872464727025904,0.2928501321253303,0.6505247950553894,2
100,0.75,25,15000,0.5708120233456607,0.29238203095507737,0.7402439713478088,2
100,0.75,50,15000,0.5382757664581824,0.275364288410721,0.7479640245437622,2
100,0.75,100,15000,0.530517217978265,0.24986032465081162,0.7374244332313538,2
100,0.75,250,15000,0.504957831059576,0.21929784824462062,0.7327523231506348,2
100,0.75,500,15000,0.4664048086061421,0.19160437901094754,0.6857033371925354,2
100,0.75,1000,15000,0.4317540721354736,0.19473008682521706,0.7197206616401672,2
100,0.75,10,20000,0.0,1.0,,0
100,0.75,25,20000,0.0,1.0,,0
100,0.75,50,20000,0.0,1.0,,0
100,0.75,100,20000,0.0,1.0,,0
100,0.75,250,20000,0.0,1.0,,0
100,0.75,500,20000,0.0,1.0,,0
100,0.75,1000,20000,0.0,1.0,,0
100,0.75,10,22000,0.0,1.0,,0
100,0.75,25,22000,0.0,1.0,,0
100,0.75,50,22000,0.0,1.0,,0
100,0.75,100,22000,0.0,1.0,,0
100,0.75,250,22000,0.0,1.0,,0
100,0.75,500,22000,0.0,1.0,,0
100,0.75,1000,22000,0.0,1.0,,0
10,1.0,10,50,0.06703994483531013,0.47287278218195544,-0.2804611325263977,236
10,1.0,25,50,0.08623762484742768,0.5658739146847868,-0.15037183463573456,181
10,1.0,50,50,0.09979344121240807,0.6460098150245376,-0.02752969041466713,123
10,1.0,100,50,0.08950219562013353,0.7188523971309928,0.1545318067073822,67
10,1.0,250,50,0.06696631411275598,0.7830577576443941,0.3993435204029083,24
10,1.0,500,50,0.04972157336291777,0.8403322008305021,0.6108161807060242,16
10,1.0,1000,50,0.040772858841299116,0.8636617591543979,0.5325267314910889,7
10,1.0,10,100,0.08406010690724021,0.5075726689316723,-0.19814065098762512,114
10,1.0,25,100,0.10057825205886052,0.5967685919214798,-0.0717364102602005,91
10,1.0,50,100,0.10508928171839668,0.6608984522461306,0.030051851645112038,70
10,1.0,100,100,0.09273440108676421,0.7265987164967912,0.16075433790683746,48
10,1.0,250,100,0.0654270910549874,0.7868327670819177,0.4317467212677002,21
10,1.0,500,100,0.04970286720171629,0.8408607021517553,0.665962815284729,12
10,1.0,1000,100,0.0409614237967783,0.864477161192903,0.5302730202674866,6
10,1.0,10,250,0.09143498174591395,0.5842204605511514,-0.026774048805236816,48
10,1.0,25,250,0.09468173402425949,0.6835485088712722,0.11780912429094315,32
10,1.0,50,250,0.0925301031597475,0.7081011702529256,0.15876080095767975,26
10,1.0,100,250,0.08240270512795017,0.7429067572668931,0.3113695979118347,26
10,1.0,250,250,0.06985676928383856,0.781291053227633,0.3830616772174835,20
10,1.0,500,250,0.04863708757760783,0.8427633069082673,0.6482629776000977,10
10,1.0,1000,250,0.0409614237967783,0.864477161192903,0.5302730798721313,6
10,1.0,10,500,0.06669749964236515,0.6766779916949792,0.20634017884731293,24
10,1.0,25,500,0.07514913355818531,0.7406266515666289,0.26258811354637146,16
10,1.0,50,500,0.07782951445938299,0.7174329935824839,0.1505204290151596,13
10,1.0,100,500,0.08126808054222873,0.756481691204228,0.06205214187502861,11
10,1.0,250,500,0.06462255555011331,0.8016610041525104,0.3066430389881134,11
10,1.0,500,500,0.05004446344557576,0.8487127217818045,0.6423895359039307,9
10,1.0,1000,500,0.0409614237967783,0.864477161192903,0.5302730202674866,6
10,1.0,10,1000,0.04853264586905638,0.7191392978482446,-0.07272148877382278,9
10,1.0,25,1000,0.06012366137541335,0.7925254813137033,0.26577842235565186,10
10,1.0,50,1000,0.058334542506644514,0.7555001887504719,0.12851643562316895,9
10,1.0,100,1000,0.06312323425361781,0.7674141185352963,0.06454809010028839,8
10,1.0,250,1000,0.05684967465320872,0.8333559833899584,0.27125176787376404,6
10,1.0,500,1000,0.03840669245717389,0.8606870517176293,0.4646150767803192,6
10,1.0,1000,1000,0.0409614237967783,0.864477161192903,0.5302730202674866,6
10,1.0,10,2500,0.0,1.0,,0
10,1.0,25,2500,0.0,1.0,,0
10,1.0,50,2500,0.0060562617020597665,0.8341562853907135,0.24687963724136353,2
10,1.0,100,2500,0.005013687936564314,0.8340656851642129,0.1833859086036682,2
10,1.0,250,2500,0.0,1.0,,0
10,1.0,500,2500,0.0,1.0,,0
10,1.0,1000,2500,0.0,1.0,,0
10,1.0,10,5000,0.0,1.0,,0
10,1.0,25,5000,0.0,1.0,,0
10,1.0,50,5000,0.0,1.0,,0
10,1.0,100,5000,0.0,1.0,,0
10,1.0,250,5000,0.0,1.0,,0
10,1.0,500,5000,0.0,1.0,,0
10,1.0,1000,5000,0.0,1.0,,0
10,1.0,10,10000,0.0,1.0,,0
10,1.0,25,10000,0.0,1.0,,0
10,1.0,50,10000,0.0,1.0,,0
10,1.0,100,10000,0.0,1.0,,0
10,1.0,250,10000,0.0,1.0,,0
10,1.0,500,10000,0.0,1.0,,0
10,1.0,1000,10000,0.0,1.0,,0
10,1.0,10,15000,0.0,1.0,,0
10,1.0,25,15000,0.0,1.0,,0
10,1.0,50,15000,0.0,1.0,,0
10,1.0,100,15000,0.0,1.0,,0
10,1.0,250,15000,0.0,1.0,,0
10,1.0,500,15000,0.0,1.0,,0
10,1.0,1000,15000,0.0,1.0,,0
10,1.0,10,20000,0.0,1.0,,0
10,1.0,25,20000,0.0,1.0,,0
10,1.0,50,20000,0.0,1.0,,0
10,1.0,100,20000,0.0,1.0,,0
10,1.0,250,20000,0.0,1.0,,0
10,1.0,500,20000,0.0,1.0,,0
10,1.0,1000,20000,0.0,1.0,,0
10,1.0,10,22000,0.0,1.0,,0
10,1.0,25,22000,0.0,1.0,,0
10,1.0,50,22000,0.0,1.0,,0
10,1.0,100,22000,0.0,1.0,,0
10,1.0,250,22000,0.0,1.0,,0
10,1.0,500,22000,0.0,1.0,,0
10,1.0,1000,22000,0.0,1.0,,0
15,1.0,10,50,0.13098459976732313,0.47341638354095883,-0.2532910406589508,201
15,1.0,25,50,0.14485403990241538,0.5292563231408078,-0.17405985295772552,149
15,1.0,50,50,0.14567598891090988,0.5591392978482446,0.01177968643605709,113
15,1.0,100,50,0.15510704111272758,0.6058437146092865,0.1762804388999939,62
15,1.0,250,50,0.11801799097655535,0.6670290675726689,0.5198616981506348,30
15,1.0,500,50,0.08734209930562796,0.6848169120422801,0.6152009963989258,16
15,1.0,1000,50,0.07474203265312726,0.7024084560211401,0.5693947076797485,10
15,1.0,10,100,0.1595837936136102,0.48398640996602493,-0.07370511442422867,87
15,1.0,25,100,0.14817707866505156,0.5256776141940355,-0.041930943727493286,85
15,1.0,50,100,0.16706986243795097,0.5587768969422423,0.10589331388473511,64
15,1.0,100,100,0.15443531149237794,0.6040770101925255,0.18421638011932373,56
15,1.0,250,100,0.1191582033104605,0.6692940732351831,0.5795024037361145,27
15,1.0,500,100,0.08744190395448678,0.6847414118535297,0.5867372155189514,15
15,1.0,1000,100,0.07497395705771476,0.7010192525481314,0.5802100300788879,9
15,1.0,10,250,0.15237025662477224,0.5253001132502831,0.2402244508266449,38
15,1.0,25,250,0.14610223566390876,0.5959682899207248,0.3641744554042816,30
15,1.0,50,250,0.14902545741334883,0.6334767836919593,0.4188847541809082,28
15,1.0,100,250,0.1418281664289556,0.6574103435258588,0.47808924317359924,23
15,1.0,250,250,0.11682587373734481,0.6730992827482069,0.6028362512588501,23
15,1.0,500,250,0.08754940307831209,0.6833220083050208,0.5480104088783264,14
15,1.0,1000,250,0.07497395705771476,0.7010192525481314,0.5802099704742432,9
15,1.0,10,500,0.1538872565087932,0.5995318988297471,0.38012462854385376,16
15,1.0,25,500,0.10871625064827968,0.6196300490751226,0.39396753907203674,17
15,1.0,50,500,0.11146473032039432,0.6206266515666289,0.3716290295124054,16
15,1.0,100,500,0.10779834504295559,0.6408154020385051,0.37288063764572144,14
15,1.0,250,500,0.10334703844394241,0.6512495281238203,0.42820364236831665,13
15,1.0,500,500,0.08683691925332256,0.6914005285013213,0.5493900179862976,11
15,1.0,1000,500,0.07854690291155123,0.7080860702151756,0.5791749358177185,8
15,1.0,10,1000,0.00864830310373214,0.005451113627784069,-0.10223379731178284,2
15,1.0,25,1000,0.008691977922786804,0.019131747829369574,-0.10216706991195679,2
15,1.0,50,1000,0.010225224953880677,0.0324952812382031,-0.1030302420258522,2
15,1.0,100,1000,0.017154456041650983,0.06000755001887505,-0.108493372797966,2
15,1.0,250,1000,0.09372894549907211,0.6809060022650056,0.4695282578468323,9
15,1.0,500,1000,0.08040799374085056,0.7004152510381276,0.3994549512863159,8
15,1.0,1000,1000,0.07854690291155123,0.7080860702151756,0.5791749358177185,8
15,1.0,10,2500,0.00864830310373214,0.005451113627784069,-0.10223378986120224,2
15,1.0,25,2500,0.008691977922786804,0.019131747829369574,-0.1021670401096344,2
15,1.0,50,2500,0.010225224953880677,0.0324952812382031,-0.1030302494764328,2
15,1.0,100,2500,0.017154456041650983,0.06000755001887505,-0.1084933802485466,2
15,1.0,250,2500,0.05538386675564821,0.14778406946017364,-0.133606418967247,2
15,1.0,500,2500,0.09971517305909491,0.2490751226878067,-0.1476307362318039,2
15,1.0,1000,2500,0.10906404856181622,0.2764665911664779,-0.1621311753988266,2
15,1.0,10,5000,0.0,1.0,,0
15,1.0,25,5000,0.0,1.0,,0
15,1.0,50,5000,0.0,1.0,,0
15,1.0,100,5000,0.0,1.0,,0
15,1.0,250,5000,0.0,1.0,,0
15,1.0,500,5000,0.0,1.0,,0
15,1.0,1000,5000,0.0,1.0,,0
15,1.0,10,10000,0.0,1.0,,0
15,1.0,25,10000,0.0,1.0,,0
15,1.0,50,10000,0.0,1.0,,0
15,1.0,100,10000,0.0,1.0,,0
15,1.0,250,10000,0.0,1.0,,0
15,1.0,500,10000,0.0,1.0,,0
15,1.0,1000,10000,0.0,1.0,,0
15,1.0,10,15000,0.0,1.0,,0
15,1.0,25,15000,0.0,1.0,,0
15,1.0,50,15000,0.0,1.0,,0
15,1.0,100,15000,0.0,1.0,,0
15,1.0,250,15000,0.0,1.0,,0
15,1.0,500,15000,0.0,1.0,,0
15,1.0,1000,15000,0.0,1.0,,0
15,1.0,10,20000,0.0,1.0,,0
15,1.0,25,20000,0.0,1.0,,0
15,1.0,50,20000,0.0,1.0,,0
15,1.0,100,20000,0.0,1.0,,0
15,1.0,250,20000,0.0,1.0,,0
15,1.0,500,20000,0.0,1.0,,0
15,1.0,1000,20000,0.0,1.0,,0
15,1.0,10,22000,0.0,1.0,,0
15,1.0,25,22000,0.0,1.0,,0
15,1.0,50,22000,0.0,1.0,,0
15,1.0,100,22000,0.0,1.0,,0
15,1.0,250,22000,0.0,1.0,,0
15,1.0,500,22000,0.0,1.0,,0
15,1.0,1000,22000,0.0,1.0,,0
30,1.0,10,50,0.21880718472040073,0.3557870894677237,-0.2590525150299072,182
30,1.0,25,50,0.24315713749896958,0.40006040015100036,-0.13579627871513367,145
30,1.0,50,50,0.2373387929717708,0.4629067572668932,0.08100347965955734,110
30,1.0,100,50,0.23725485147454628,0.5009135522838807,0.36094245314598083,62
30,1.0,250,50,0.2082345011765927,0.5367761419403548,0.5542949438095093,32
30,1.0,500,50,0.19877199490027656,0.5669762174405436,0.5379016399383545,18
30,1.0,1000,50,0.15401204298018392,0.637599093997735,0.7081467509269714,12
30,1.0,10,100,0.22962017652675168,0.3798565496413741,0.034288953989744186,91
30,1.0,25,100,0.26291189164139717,0.40339750849377126,0.11818225681781769,83
30,1.0,50,100,0.2627855455720946,0.46186485466213667,0.2665267884731293,65
30,1.0,100,100,0.24640243083815166,0.4989958474896187,0.4645683765411377,54
30,1.0,250,100,0.20935059876549755,0.5383616459041147,0.5614908933639526,29
30,1.0,500,100,0.19877199490027656,0.5669762174405436,0.5379015803337097,18
30,1.0,1000,100,0.15790346117344822,0.6324499811249528,0.6927632093429565,10
30,1.0,10,250,0.24951108772743683,0.41429973574933937,0.3224184513092041,34
30,1.0,25,250,0.25906561883164714,0.4226349565873915,0.29849866032600403,28
30,1.0,50,250,0.2635603420836834,0.4638580596451491,0.38999056816101074,29
30,1.0,100,250,0.2487001237546973,0.5102604756511891,0.48175153136253357,27
30,1.0,250,250,0.20755263169131383,0.5348584371460928,0.5212717652320862,24
30,1.0,500,250,0.1994835884344012,0.5650434126085315,0.5426505208015442,17
30,1.0,1000,250,0.15943011254800216,0.6344582861457153,0.6920472383499146,9
30,1.0,10,500,0.25978771312191146,0.4668629671574179,0.4256705343723297,21
30,1.0,25,500,0.24199779361643034,0.4787919969799925,0.38406121730804443,18
30,1.0,50,500,0.24186951700096762,0.5037825594563986,0.43636754155158997,16
30,1.0,100,500,0.24378370355699053,0.5392525481313704,0.4697037935256958,14
30,1.0,250,500,0.2077741615666868,0.565587013967535,0.5673900246620178,14
30,1.0,500,500,0.19808505801812765,0.5810192525481314,0.630440890789032,14
30,1.0,1000,500,0.15943011254800216,0.6344582861457153,0.6920472383499146,9
30,1.0,10,1000,0.23506609451360355,0.5541713854284636,0.40241411328315735,10
30,1.0,25,1000,0.2022448165107554,0.5273386183465458,0.4445511996746063,11
30,1.0,50,1000,0.2455276702858732,0.4978935447338618,0.3778674602508545,13
30,1.0,100,1000,0.2140280350440826,0.5827708569271424,0.4804510474205017,10
30,1.0,250,1000,0.1928667932064285,0.6012986032465081,0.51717609167099,10
30,1.0,500,1000,0.1909689338057212,0.5953793884484712,0.5633080005645752,10
30,1.0,1000,1000,0.1616176094837486,0.6322687806719517,0.6983798742294312,8
30,1.0,10,2500,0.01600144326843853,0.06757266893167233,-0.023028753697872162,2
30,1.0,25,2500,0.06627629242769728,0.21925254813137032,0.00501137413084507,2
30,1.0,50,2500,0.06530799560685083,0.21731974329935824,-0.011477997526526451,2
30,1.0,100,2500,0.09039025989685806,0.201283503208758,-0.05910530313849449,2
30,1.0,250,2500,0.21166259114643954,0.4942091355228388,0.13522081077098846,2
30,1.0,500,2500,0.19820800445417672,0.590864477161193,0.5403354167938232,2
30,1.0,1000,2500,0.14865998047519904,0.6676632691581729,0.8561698794364929,4
30,1.0,10,5000,0.0,1.0,,0
30,1.0,25,5000,0.0,1.0,,0
30,1.0,50,5000,0.0,1.0,,0
30,1.0,100,5000,0.0,1.0,,0
30,1.0,250,5000,0.0,1.0,,0
30,1.0,500,5000,0.0,1.0,,0
30,1.0,1000,5000,0.0,1.0,,0
30,1.0,10,10000,0.0,1.0,,0
30,1.0,25,10000,0.0,1.0,,0
30,1.0,50,10000,0.0,1.0,,0
30,1.0,100,10000,0.0,1.0,,0
30,1.0,250,10000,0.0,1.0,,0
30,1.0,500,10000,0.0,1.0,,0
30,1.0,1000,10000,0.0,1.0,,0
30,1.0,10,15000,0.0,1.0,,0
30,1.0,25,15000,0.0,1.0,,0
30,1.0,50,15000,0.0,1.0,,0
30,1.0,100,15000,0.0,1.0,,0
30,1.0,250,15000,0.0,1.0,,0
30,1.0,500,15000,0.0,1.0,,0
30,1.0,1000,15000,0.0,1.0,,0
30,1.0,10,20000,0.0,1.0,,0
30,1.0,25,20000,0.0,1.0,,0
30,1.0,50,20000,0.0,1.0,,0
30,1.0,100,20000,0.0,1.0,,0
30,1.0,250,20000,0.0,1.0,,0
30,1.0,500,20000,0.0,1.0,,0
30,1.0,1000,20000,0.0,1.0,,0
30,1.0,10,22000,0.0,1.0,,0
30,1.0,25,22000,0.0,1.0,,0
30,1.0,50,22000,0.0,1.0,,0
30,1.0,100,22000,0.0,1.0,,0
30,1.0,250,22000,0.0,1.0,,0
30,1.0,500,22000,0.0,1.0,,0
30,1.0,1000,22000,0.0,1.0,,0
50,1.0,10,50,0.4740165466571597,0.09615704039260098,0.1176118329167366,163
50,1.0,25,50,0.47776458703144437,0.09420913552283881,0.4457753598690033,133
50,1.0,50,50,0.48097718981178567,0.10998867497168743,0.4096733033657074,107
50,1.0,100,50,0.4954700943934974,0.09576443941109852,0.6469222903251648,52
50,1.0,250,50,0.48491943210481503,0.17661004152510382,0.7404017448425293,27
50,1.0,500,50,0.47833397336557715,0.2419026047565119,0.848014235496521,17
50,1.0,1000,50,0.48327815754114034,0.28584371460928654,0.906597375869751,12
50,1.0,10,100,0.48379645171488467,0.08691581728954323,0.5358253121376038,87
50,1.0,25,100,0.47879072715979426,0.09555303888259721,0.45935317873954773,79
50,1.0,50,100,0.48178119740239517,0.10983767459418649,0.40029099583625793,70
50,1.0,100,100,0.4954685543397873,0.09689694224235561,0.6501930952072144,51
50,1.0,250,100,0.48498785034679753,0.1758701396753492,0.7656667828559875,24
50,1.0,500,100,0.47782871347938644,0.24332200830502076,0.8597720265388489,16
50,1.0,1000,100,0.48327815754114034,0.28584371460928654,0.9065974950790405,12
50,1.0,10,250,0.4847539957240226,0.12048320120800302,0.5752649307250977,35
50,1.0,25,250,0.5024615473338285,0.0910230275575689,0.634691059589386,31
50,1.0,50,250,0.5015853513447006,0.08335220838052095,0.6169601082801819,30
50,1.0,100,250,0.49734856660021304,0.10372215930539826,0.6032739281654358,26
50,1.0,250,250,0.48498785034679753,0.1758701396753492,0.7656669616699219,24
50,1.0,500,250,0.4771911338115186,0.24155530388825971,0.8558039665222168,14
50,1.0,1000,250,0.482378875809596,0.2899660249150623,0.9128996729850769,10
50,1.0,10,500,0.5035652302528085,0.12702151755379387,0.7125474810600281,19
50,1.0,25,500,0.5045806011664453,0.11423178557946395,0.6818214654922485,19
50,1.0,50,500,0.5033890981886454,0.09953944884862212,0.6409650444984436,19
50,1.0,100,500,0.4988488411179528,0.10292185730464326,0.636698305606842,17
50,1.0,250,500,0.49060407685059265,0.1702076255190638,0.7752447724342346,15
50,1.0,500,500,0.4771911338115186,0.24155530388825971,0.8558037877082825,14
50,1.0,1000,500,0.482378875809596,0.2899660249150623,0.9128997921943665,10
50,1.0,10,1000,0.5219381323537745,0.14195545488863723,0.6293396949768066,11
50,1.0,25,1000,0.5022853721437707,0.14239335598338995,0.6376242637634277,11
50,1.0,50,1000,0.5005711443504492,0.1275349188372971,0.6169750690460205,12
50,1.0,100,1000,0.4961957419334777,0.13502453756134392,0.6258727312088013,12
50,1.0,250,1000,0.48542994608469536,0.2059041147602869,0.7725130319595337,11
50,1.0,500,1000,0.47694064169089995,0.27125707814269534,0.8504611253738403,10
50,1.0,1000,1000,0.4842811316196958,0.26237825594563985,0.8994031548500061,9
50,1.0,10,2500,0.5368598354463984,0.2865232163080408,0.8535708785057068,5
50,1.0,25,2500,0.526883470894812,0.2613816534541336,0.7367894053459167,5
50,1.0,50,2500,0.5204148010147399,0.2294601736504341,0.7038277387619019,5
50,1.0,100,2500,0.5111728193562297,0.23228388070970177,0.7128012180328369,5
50,1.0,250,2500,0.5116729635457278,0.23312948282370705,0.7621750831604004,5
50,1.0,500,2500,0.5043161536882634,0.2580294450736127,0.8564459085464478,5
50,1.0,1000,2500,0.5102477716272182,0.20422801057002643,0.747352659702301,5
50,1.0,10,5000,0.5412958525189339,0.3149414873537184,0.591168999671936,2
50,1.0,25,5000,0.5924954179611236,0.36366930917327295,0.8755840063095093,3
50,1.0,50,5000,0.5890204291514216,0.34594186485466216,0.8502792716026306,3
50,1.0,100,5000,0.5660902595762928,0.3363080407701019,0.8661260008811951,3
50,1.0,250,5000,0.5446413939918817,0.2394412986032465,0.856426477432251,3
50,1.0,500,5000,0.5431505387413513,0.2488637221593054,0.868933916091919,3
50,1.0,1000,5000,0.5464584151830874,0.24659871649679124,0.8842436671257019,3
50,1.0,10,10000,0.5412958525189339,0.3149414873537184,0.5911691188812256,2
50,1.0,25,10000,0.4500312615604983,0.25055492638731597,0.527958869934082,2
50,1.0,50,10000,0.34276847297229945,0.1049452623631559,0.340262770652771,2
50,1.0,100,10000,0.3363817462994378,0.07474518686296716,0.31593137979507446,2
50,1.0,250,10000,0.5446413939918817,0.2394412986032465,0.856426477432251,3
50,1.0,500,10000,0.5431505387413513,0.2488637221593054,0.868933916091919,3
50,1.0,1000,10000,0.5464584151830874,0.24659871649679124,0.8842436671257019,3
50,1.0,10,15000,0.5412958525189339,0.3149414873537184,0.591168999671936,2
50,1.0,25,15000,0.4500312615604983,0.25055492638731597,0.5279588103294373,2
50,1.0,50,15000,0.34276847297229945,0.1049452623631559,0.3402628004550934,2
50,1.0,100,15000,0.3363817462994378,0.07474518686296716,0.3159313499927521,2
50,1.0,250,15000,0.5446413939918817,0.2394412986032465,0.8564265370368958,3
50,1.0,500,15000,0.5431505387413513,0.2488637221593054,0.868933916091919,3
50,1.0,1000,15000,0.5464584151830874,0.24659871649679124,0.8842437267303467,3
50,1.0,10,20000,0.0,1.0,,0
50,1.0,25,20000,0.0,1.0,,0
50,1.0,50,20000,0.0,1.0,,0
50,1.0,100,20000,0.0,1.0,,0
50,1.0,250,20000,0.0,1.0,,0
50,1.0,500,20000,0.0,1.0,,0
50,1.0,1000,20000,0.0,1.0,,0
50,1.0,10,22000,0.0,1.0,,0
50,1.0,25,22000,0.0,1.0,,0
50,1.0,50,22000,0.0,1.0,,0
50,1.0,100,22000,0.0,1.0,,0
50,1.0,250,22000,0.0,1.0,,0
50,1.0,500,22000,0.0,1.0,,0
50,1.0,1000,22000,0.0,1.0,,0
75,1.0,10,50,0.48225692793063074,0.08305020762551907,0.3946625590324402,162
75,1.0,25,50,0.47893977902477713,0.11935069837674595,0.4243829846382141,151
75,1.0,50,50,0.4810934449214834,0.10106455266138166,0.48490750789642334,111
75,1.0,100,50,0.49520209042477764,0.13195922989807474,0.6076571941375732,64
75,1.0,250,50,0.5019061184577326,0.1543676859192148,0.5780941843986511,32
75,1.0,500,50,0.5095387525182129,0.08305020762551907,0.57809978723526,14
75,1.0,1000,50,0.5140616529685875,0.16875802189505473,0.6868420839309692,11
75,1.0,10,100,0.49641866408208146,0.06918837297093243,0.46341070532798767,83
75,1.0,25,100,0.4986773791811708,0.07134767836919592,0.5220745801925659,74
75,1.0,50,100,0.5184845805538558,0.062317855794639485,0.49244698882102966,55
75,1.0,100,100,0.4956007306347963,0.1317478293695734,0.6098164319992065,57
75,1.0,250,100,0.5039004805892607,0.13082672706681767,0.528410017490387,29
75,1.0,500,100,0.5095387525182129,0.08305020762551907,0.57809978723526,14
75,1.0,1000,100,0.5140616529685875,0.16875802189505473,0.6868420839309692,11
75,1.0,10,250,0.5190346385458255,0.07454888637221593,0.5243358016014099,35
75,1.0,25,250,0.5193053139204035,0.07969799924499811,0.5322526097297668,32
75,1.0,50,250,0.5172738330829377,0.0904794261985655,0.5290632843971252,32
75,1.0,100,250,0.5071566234418412,0.10585126462816156,0.5213378071784973,27
75,1.0,250,250,0.5197322810133144,0.11761419403548509,0.6833205223083496,24
75,1.0,500,250,0.5098386047636342,0.08046810117025292,0.5791370272636414,13
75,1.0,1000,250,0.5187579511437187,0.1548357870894677,0.6837150454521179,10
75,1.0,10,500,0.5398213466131536,0.06775386938467347,0.6304038763046265,20
75,1.0,25,500,0.535481322560618,0.08703661759154398,0.6525208950042725,19
75,1.0,50,500,0.5340386862136843,0.09774254435636089,0.6924368143081665,17
75,1.0,100,500,0.5072241790968024,0.026077765194412985,0.5356919169425964,15
75,1.0,250,500,0.5078441409480483,0.04593431483578709,0.5494709014892578,13
75,1.0,500,500,0.5098386047636342,0.08046810117025292,0.5791371464729309,13
75,1.0,1000,500,0.5187579511437187,0.1548357870894677,0.6837150454521179,10
75,1.0,10,1000,0.5379447719668057,0.09674594186485466,0.6739142537117004,15
75,1.0,25,1000,0.533873949977307,0.11521328803322008,0.7000101804733276,14
75,1.0,50,1000,0.5315789495947559,0.12224990562476407,0.7128355503082275,14
75,1.0,100,1000,0.5078508074503771,0.042491506228765574,0.5404077768325806,12
75,1.0,250,1000,0.5079032558355745,0.05410343525858815,0.5478158593177795,12
75,1.0,500,1000,0.5156496122843234,0.08608531521328804,0.5669333934783936,10
75,1.0,1000,1000,0.5206034030231137,0.1541109852774632,0.6797798871994019,9
75,1.0,10,2500,0.5948665884922089,0.12567761419403548,0.5969225168228149,6
75,1.0,25,2500,0.5319491863414517,0.0955832389580974,0.5530368685722351,6
75,1.0,50,2500,0.5308281416729651,0.09629294073235183,0.551899790763855,6
75,1.0,100,2500,0.5284551494220872,0.09244243110607776,0.5442507863044739,6
75,1.0,250,2500,0.5289547683499743,0.09805964514911288,0.5530490279197693,6
75,1.0,500,2500,0.5305323585931193,0.11314458286145715,0.5895669460296631,6
75,1.0,1000,2500,0.5307238361347766,0.17843714609286523,0.6968473196029663,6
75,1.0,10,5000,0.6210714897835324,0.20907512268780673,0.6575480103492737,4
75,1.0,25,5000,0.5650886989450209,0.17898074745186862,0.5800066590309143,4
75,1.0,50,5000,0.5657101205486607,0.17969044922612307,0.5777984857559204,4
75,1.0,100,5000,0.5608409165208453,0.1757795394488486,0.572977602481842,4
75,1.0,250,5000,0.5611984554863382,0.18133635334088336,0.581253170967102,4
75,1.0,500,5000,0.5604815082307649,0.1995016987542469,0.6142560243606567,4
75,1.0,1000,5000,0.5587186255568093,0.1589429973574934,0.5779755711555481,4
75,1.0,10,10000,0.628073913848267,0.2674065685164213,0.777606725692749,2
75,1.0,25,10000,0.6271898435067208,0.2647036617591544,0.730097234249115,3
75,1.0,50,10000,0.6295198800512465,0.26541336353340883,0.7354629039764404,3
75,1.0,100,10000,0.6222800096089997,0.2615024537561344,0.7304799556732178,3
75,1.0,250,10000,0.6224314037639225,0.2670592676481691,0.7458339929580688,3
75,1.0,500,10000,0.6192330023691365,0.28522461306153263,0.7761984467506409,3
75,1.0,1000,10000,0.5730214372578367,0.24462061155152887,0.8075879812240601,3
75,1.0,10,15000,0.628073913848267,0.2674065685164213,0.7776066064834595,2
75,1.0,25,15000,0.5518869606214686,0.25331823329558323,0.42576149106025696,2
75,1.0,50,15000,0.5380691967128887,0.2458890147225368,0.41217511892318726,2
75,1.0,100,15000,0.522880184983483,0.22932427331068328,0.38442766666412354,2
75,1.0,250,15000,0.3510208883445781,0.09004152510381276,0.26126784086227417,2
75,1.0,500,15000,0.3561517856562136,0.10050585126462816,0.2673644721508026,2
75,1.0,1000,15000,0.36930549990162476,0.11701019252548131,0.2907954752445221,2
75,1.0,10,20000,0.628073913848267,0.2674065685164213,0.7776066064834595,2
75,1.0,25,20000,0.0,1.0,,0
75,1.0,50,20000,0.0,1.0,,0
75,1.0,100,20000,0.0,1.0,,0
75,1.0,250,20000,0.0,1.0,,0
75,1.0,500,20000,0.0,1.0,,0
75,1.0,1000,20000,0.0,1.0,,0
75,1.0,10,22000,0.0,1.0,,0
75,1.0,25,22000,0.0,1.0,,0
75,1.0,50,22000,0.0,1.0,,0
75,1.0,100,22000,0.0,1.0,,0
75,1.0,250,22000,0.0,1.0,,0
75,1.0,500,22000,0.0,1.0,,0
75,1.0,1000,22000,0.0,1.0,,0
100,1.0,10,50,0.47281852561135973,0.0907361268403171,-0.009716438129544258,162
100,1.0,25,50,0.4954002214723992,0.11469988674971687,0.3508636951446533,155
100,1.0,50,50,0.5014492883051286,0.07889769724424311,0.5655580163002014,101
100,1.0,100,50,0.49926942760070486,0.11463948659871649,0.670412003993988,63
100,1.0,250,50,0.49688353021021875,0.15747829369573424,0.6780630946159363,33
100,1.0,500,50,0.5147000415226701,0.1736806342015855,0.8019768595695496,19
100,1.0,1000,50,0.5223812941120778,0.12157040392600982,0.6594802737236023,11
100,1.0,10,100,0.49701419220656556,0.08418271045677614,0.5532190799713135,91
100,1.0,25,100,0.4968175422119695,0.09623254058135146,0.5601730346679688,83
100,1.0,50,100,0.5035244470155433,0.07876179690449227,0.5804656147956848,63
100,1.0,100,100,0.5000147394129673,0.11411098527746319,0.6658334136009216,57
100,1.0,250,100,0.4988644302312972,0.13805964514911287,0.6487240195274353,28
100,1.0,500,100,0.5147000415226701,0.1736806342015855,0.8019769787788391,19
100,1.0,1000,100,0.5223812941120778,0.12157040392600982,0.6594801545143127,11
100,1.0,10,250,0.5039170630342706,0.08101170252925632,0.6181389093399048,40
100,1.0,25,250,0.493375095918224,0.022559456398640997,0.4786674380302429,27
100,1.0,50,250,0.4949119944108137,0.02740656851642129,0.47445106506347656,26
100,1.0,100,250,0.4987823840763898,0.06136655341638354,0.5192291140556335,25
100,1.0,250,250,0.5001280783351075,0.13653454133635334,0.6468716859817505,25
100,1.0,500,250,0.5174957041668239,0.14609286523216308,0.762876033782959,16
100,1.0,1000,250,0.5223812941120778,0.12157040392600982,0.6594802737236023,11
100,1.0,10,500,0.5087238759247554,0.08907512268780672,0.5947389602661133,22
100,1.0,25,500,0.49739730053646075,0.026304265760664403,0.4701085388660431,18
100,1.0,50,500,0.5010826964423454,0.03765949414873537,0.4601188004016876,15
100,1.0,100,500,0.5222381402399944,0.09704794261985655,0.6845676302909851,18
100,1.0,250,500,0.5181708954235344,0.12928652321630804,0.7459323406219482,18
100,1.0,500,500,0.5174957041668239,0.14609286523216308,0.7628759145736694,16
100,1.0,1000,500,0.5237439692384517,0.11071347678369196,0.6487597823143005,10
100,1.0,10,1000,0.5146183785863587,0.0789278973197433,0.5849902629852295,11
100,1.0,25,1000,0.5172273513636086,0.07482068705171763,0.5750613808631897,10
100,1.0,50,1000,0.5227482494835596,0.048018120045300115,0.5683167576789856,10
100,1.0,100,1000,0.5280411451743663,0.11734239335598338,0.6984806060791016,12
100,1.0,250,1000,0.5196917348286655,0.09322763306908267,0.638930082321167,11
100,1.0,500,1000,0.520430772096217,0.135839939599849,0.7431172728538513,12
100,1.0,1000,1000,0.5237439692384517,0.11071347678369196,0.6487597823143005,10
100,1.0,10,2500,0.5863976801947293,0.22144205360513403,0.5915477871894836,4
100,1.0,25,2500,0.5900430833282432,0.21725934314835788,0.5819321870803833,4
100,1.0,50,2500,0.5480307896854587,0.15593808984522461,0.613107442855835,5
100,1.0,100,2500,0.5344704535947915,0.16389580973952436,0.6581287980079651,6
100,1.0,250,2500,0.5337087042174741,0.17511513778784446,0.6730225086212158,6
100,1.0,500,2500,0.5370534583962212,0.1881464703661759,0.6993731260299683,6
100,1.0,1000,2500,0.5604999063809365,0.21967534918837298,0.6736187934875488,5
100,1.0,10,5000,0.6354897405405845,0.2746696866742167,0.7579613924026489,3
100,1.0,25,5000,0.6401079817482368,0.27048697621744056,0.753824770450592,3
100,1.0,50,5000,0.6377273641594818,0.2773876934692337,0.7700369954109192,3
100,1.0,100,5000,0.6270886687607465,0.30305775764439413,0.8314017653465271,3
100,1.0,250,5000,0.6202144484490819,0.3081766704416761,0.8613642454147339,3
100,1.0,500,5000,0.6230237663689867,0.32042280105700266,0.8837342858314514,3
100,1.0,1000,5000,0.6287674261535176,0.31290298225745566,0.8726420402526855,3
100,1.0,10,10000,0.6354897405405845,0.2746696866742167,0.7579613924026489,3
100,1.0,25,10000,0.6401079817482368,0.27048697621744056,0.7538248300552368,3
100,1.0,50,10000,0.6377273641594818,0.2773876934692337,0.7700368165969849,3
100,1.0,100,10000,0.4562484017474738,0.21307663269158172,0.6840848326683044,2
100,1.0,250,10000,0.451817132959885,0.18695356738391847,0.6761066913604736,2
100,1.0,500,10000,0.45502029965814655,0.19158927897319744,0.6832433342933655,2
100,1.0,1000,10000,0.45638905737813645,0.2279199697999245,0.7066611051559448,2
100,1.0,10,15000,0.5541283964429645,0.2746092865232163,0.6785781979560852,2
100,1.0,25,15000,0.5085980310115522,0.23503208758021896,0.5258387327194214,2
100,1.0,50,15000,0.5594975746470889,0.27525858814647036,0.6805470585823059,2
100,1.0,100,15000,0.4562484017474738,0.21307663269158172,0.6840848326683044,2
100,1.0,250,15000,0.451817132959885,0.18695356738391847,0.6761066317558289,2
100,1.0,500,15000,0.45502029965814655,0.19158927897319744,0.6832433342933655,2
100,1.0,1000,15000,0.45638905737813645,0.2279199697999245,0.7066610455513,2
100,1.0,10,20000,0.0,1.0,,0
100,1.0,25,20000,0.0,1.0,,0
100,1.0,50,20000,0.0,1.0,,0
100,1.0,100,20000,0.0,1.0,,0
100,1.0,250,20000,0.0,1.0,,0
100,1.0,500,20000,0.0,1.0,,0
100,1.0,1000,20000,0.0,1.0,,0
100,1.0,10,22000,0.0,1.0,,0
100,1.0,25,22000,0.0,1.0,,0
100,1.0,50,22000,0.0,1.0,,0
100,1.0,100,22000,0.0,1.0,,0
100,1.0,250,22000,0.0,1.0,,0
100,1.0,500,22000,0.0,1.0,,0
100,1.0,1000,22000,0.0,1.0,,0
