n_neighbors,min_dist,min_samples,min_cluster_size,ari,noise_fraction,silhouette,n_clusters
10,0.0,10,50,0.1172758671927814,0.41787844469611174,-0.31860703229904175,259
10,0.0,25,50,0.1501972859695979,0.47318988297470743,-0.26676589250564575,213
10,0.0,50,50,0.1433638831425344,0.5258739146847867,-0.21310235559940338,169
10,0.0,100,50,0.1386020344044854,0.5898527746319365,-0.12116111069917679,88
10,0.0,250,50,0.10192287734154405,0.6690071725179313,0.07999443262815475,40
10,0.0,500,50,0.08213087012600466,0.7340581351453379,0.4711306393146515,17
10,0.0,1000,50,0.008623295502348399,0.07003397508493771,-0.1799156367778778,2
10,0.0,10,100,0.12807143657206593,0.48418271045677613,-0.22505353391170502,129
10,0.0,25,100,0.15128370111719766,0.5135069837674594,-0.2560267150402069,113
10,0.0,50,100,0.15216519178393045,0.538573046432616,-0.22451306879520416,88
10,0.0,100,100,0.14883702277087613,0.5853529633824085,-0.1177382692694664,78
10,0.0,250,100,0.10967875132752934,0.6609135522838807,0.2372530847787857,32
10,0.0,500,100,0.08910896013629553,0.7271574178935447,0.4021710157394409,14
10,0.0,1000,100,0.008623295502348399,0.07003397508493771,-0.1799156367778778,2
10,0.0,10,250,0.10720502090206259,0.5222197055492639,-0.03046892210841179,38
10,0.0,25,250,0.13476433821761563,0.5452472631181577,-0.04271155595779419,33
10,0.0,50,250,0.15889199769594892,0.5882068705171762,-0.009144061245024204,37
10,0.0,100,250,0.15611864050689686,0.5877991694979238,0.08164160698652267,29
10,0.0,250,250,0.10862753114944049,0.6663344658361646,0.25546813011169434,29
10,0.0,500,250,0.08910896013629553,0.7271574178935447,0.4021710157394409,14
10,0.0,1000,250,0.008623295502348399,0.07003397508493771,-0.1799156665802002,2
10,0.0,10,500,0.08297346731241123,0.5789354473386183,0.03571087867021561,15
10,0.0,25,500,0.10390859826005447,0.6052246130615326,0.021591469645500183,19
10,0.0,50,500,0.13205093461871864,0.6001510003775009,-0.07768619060516357,18
10,0.0,100,500,0.0020818246870326408,0.00386560966402416,-0.16567662358283997,2
10,0.0,250,500,0.11314384675548754,0.6826576066440166,0.276743084192276,14
10,0.0,500,500,0.08910896013629553,0.7271574178935447,0.40217098593711853,14
10,0.0,1000,500,0.008623295502348399,0.07003397508493771,-0.1799156814813614,2
10,0.0,10,1000,0.00213850133232834,0.0025972064930162323,-0.16495802998542786,2
10,0.0,25,1000,0.002166316062623114,0.0020234050585126464,-0.16461054980754852,2
10,0.0,50,1000,0.0021296711758010995,0.002582106455266138,-0.16518205404281616,2
10,0.0,100,1000,0.0020818246870326408,0.00386560966402416,-0.16567668318748474,2
10,0.0,250,1000,0.002031941541895104,0.016700641751604378,-0.1677713394165039,2
10,0.0,500,1000,0.0033693003386571787,0.03993959984899962,-0.17153896391391754,2
10,0.0,1000,1000,0.008623295502348399,0.07003397508493771,-0.1799156665802002,2
10,0.0,10,2500,0.03850622501342405,0.6376896942242356,0.44689780473709106,3
10,0.0,25,2500,0.02655568032553498,0.47074367685919216,0.06526832282543182,2
10,0.0,50,2500,0.03222720120261729,0.453922234805587,0.09655604511499405,2
10,0.0,100,2500,0.0679573075712909,0.37813514533786335,-0.0898333191871643,2
10,0.0,250,2500,0.06286242930111703,0.5110154775386938,-0.05956001207232475,2
10,0.0,500,2500,0.05006320336723212,0.6886825217063043,0.14180709421634674,3
10,0.0,1000,2500,0.06646095439179155,0.620324650811627,-0.0356888622045517,3
10,0.0,10,5000,0.030515608987649958,0.5395243488108721,0.20128698647022247,2
10,0.0,25,5000,0.0,1.0,,0
10,0.0,50,5000,0.03222720120261729,0.453922234805587,0.09655604511499405,2
10,0.0,100,5000,0.0,1.0,,0
10,0.0,250,5000,0.023961239378797846,0.7413665534163836,0.3939349055290222,2
10,0.0,500,5000,0.0,1.0,,0
10,0.0,1000,5000,0.0,1.0,,0
10,0.0,10,10000,0.0,1.0,,0
10,0.0,25,10000,0.0,1.0,,0
10,0.0,50,10000,0.0,1.0,,0
10,0.0,100,10000,0.0,1.0,,0
10,0.0,250,10000,0.0,1.0,,0
10,0.0,500,10000,0.0,1.0,,0
10,0.0,1000,10000,0.0,1.0,,0
10,0.0,10,15000,0.0,1.0,,0
10,0.0,25,15000,0.0,1.0,,0
10,0.0,50,15000,0.0,1.0,,0
10,0.0,100,15000,0.0,1.0,,0
10,0.0,250,15000,0.0,1.0,,0
10,0.0,500,15000,0.0,1.0,,0
10,0.0,1000,15000,0.0,1.0,,0
10,0.0,10,20000,0.0,1.0,,0
10,0.0,25,20000,0.0,1.0,,0
10,0.0,50,20000,0.0,1.0,,0
10,0.0,100,20000,0.0,1.0,,0
10,0.0,250,20000,0.0,1.0,,0
10,0.0,500,20000,0.0,1.0,,0
10,0.0,1000,20000,0.0,1.0,,0
10,0.0,10,22000,0.0,1.0,,0
10,0.0,25,22000,0.0,1.0,,0
10,0.0,50,22000,0.0,1.0,,0
10,0.0,100,22000,0.0,1.0,,0
10,0.0,250,22000,0.0,1.0,,0
10,0.0,500,22000,0.0,1.0,,0
10,0.0,1000,22000,0.0,1.0,,0
15,0.0,10,50,0.1258375870499686,0.43871649679124197,-0.1686069667339325,223
15,0.0,25,50,0.1563778977284079,0.48175160437901093,-0.06829673051834106,183
15,0.0,50,50,0.15987185217661304,0.5128425821064553,-0.037552643567323685,161
15,0.0,100,50,0.17366849516112287,0.5314609286523216,-0.005497762933373451,78
15,0.0,250,50,0.13472546327056983,0.6095432238580596,0.23652687668800354,31
15,0.0,500,50,0.09685870011861773,0.6735371838429596,0.5589101314544678,23
15,0.0,1000,50,0.07731503584249381,0.6981351453378634,0.46273693442344666,13
15,0.0,10,100,0.14666238222821323,0.4666213665534164,-0.14705611765384674,105
15,0.0,25,100,0.16172667548287914,0.4958097395243488,-0.09642042964696884,89
15,0.0,50,100,0.18155467573961206,0.5085843714609286,-0.06996890157461166,84
15,0.0,100,100,0.17504263775880213,0.5301321253303133,0.004133128561079502,71
15,0.0,250,100,0.14788433230606887,0.5960286900717252,0.3951931297779083,27
15,0.0,500,100,0.09604758938294154,0.6770252925632314,0.6140909194946289,19
15,0.0,1000,100,0.07725835324549311,0.7001434503586259,0.5606614351272583,11
15,0.0,10,250,0.14377141174291766,0.5549112872782181,0.20321136713027954,34
15,0.0,25,250,0.158697490149764,0.5531445828614572,0.25432589650154114,32
15,0.0,50,250,0.1720063968629755,0.5719139297848245,0.32818108797073364,32
15,0.0,100,250,0.16674580902348432,0.5666289165722914,0.21528957784175873,29
15,0.0,250,250,0.14788433230606887,0.5960286900717252,0.39519307017326355,27
15,0.0,500,250,0.09980219036052934,0.6774782936957342,0.5086247324943542,16
15,0.0,1000,250,0.07725835324549311,0.7001434503586259,0.5606614351272583,11
15,0.0,10,500,0.1401587611884432,0.5246055115137788,0.12617433071136475,18
15,0.0,25,500,0.1579559212954424,0.5691355228388071,0.3484640419483185,17
15,0.0,50,500,0.15638309548555832,0.5656172140430351,0.3198458254337311,16
15,0.0,100,500,0.12443674554867902,0.614073235183088,0.4366072416305542,16
15,0.0,250,500,0.12540009076537278,0.6341411853529634,0.4882950782775879,16
15,0.0,500,500,0.1018247129761445,0.6698376745941865,0.5036123394966125,15
15,0.0,1000,500,0.07725835324549311,0.7001434503586259,0.5606614947319031,11
15,0.0,10,1000,0.1588339280833201,0.374239335598339,0.09991699457168579,8
15,0.0,25,1000,0.12223737469406432,0.615054737636844,0.45013314485549927,11
15,0.0,50,1000,0.11757466586591181,0.6105247263118158,0.453525573015213,11
15,0.0,100,1000,0.10377093886023982,0.6407097017742545,0.5441614985466003,11
15,0.0,250,1000,0.0927378404796183,0.6678897697244243,0.6210309863090515,11
15,0.0,500,1000,0.10119963326434683,0.6539977349943374,0.4901201128959656,11
15,0.0,1000,1000,0.09444174545437066,0.6760739901849755,0.8364672064781189,9
15,0.0,10,2500,0.06294568230630745,0.1452019630049075,0.1337430775165558,2
15,0.0,25,2500,0.04666946731041403,0.11655719139297849,0.09729187935590744,2
15,0.0,50,2500,0.052451563485312123,0.2767685919214798,-0.027234407141804695,3
15,0.0,100,2500,0.12502911864086358,0.5008984522461306,0.2820964753627777,4
15,0.0,250,2500,0.08790226294736918,0.44869762174405436,0.19533957540988922,2
15,0.0,500,2500,0.11665411944470769,0.4250056625141563,0.24469009041786194,2
15,0.0,1000,2500,0.11382340025587004,0.6670743676859192,0.6585121154785156,4
15,0.0,10,5000,0.0,1.0,,0
15,0.0,25,5000,0.0,1.0,,0
15,0.0,50,5000,0.0,1.0,,0
15,0.0,100,5000,0.0,1.0,,0
15,0.0,250,5000,0.0,1.0,,0
15,0.0,500,5000,0.11665411944470769,0.4250056625141563,0.24469009041786194,2
15,0.0,1000,5000,0.10591015126688821,0.6403775009437523,0.3461717665195465,2
15,0.0,10,10000,0.0,1.0,,0
15,0.0,25,10000,0.0,1.0,,0
15,0.0,50,10000,0.0,1.0,,0
15,0.0,100,10000,0.0,1.0,,0
15,0.0,250,10000,0.0,1.0,,0
15,0.0,500,10000,0.0,1.0,,0
15,0.0,1000,10000,0.0,1.0,,0
15,0.0,10,15000,0.0,1.0,,0
15,0.0,25,15000,0.0,1.0,,0
15,0.0,50,15000,0.0,1.0,,0
15,0.0,100,15000,0.0,1.0,,0
15,0.0,250,15000,0.0,1.0,,0
15,0.0,500,15000,0.0,1.0,,0
15,0.0,1000,15000,0.0,1.0,,0
15,0.0,10,20000,0.0,1.0,,0
15,0.0,25,20000,0.0,1.0,,0
15,0.0,50,20000,0.0,1.0,,0
15,0.0,100,20000,0.0,1.0,,0
15,0.0,250,20000,0.0,1.0,,0
15,0.0,500,20000,0.0,1.0,,0
15,0.0,1000,20000,0.0,1.0,,0
15,0.0,10,22000,0.0,1.0,,0
15,0.0,25,22000,0.0,1.0,,0
15,0.0,50,22000,0.0,1.0,,0
15,0.0,100,22000,0.0,1.0,,0
15,0.0,250,22000,0.0,1.0,,0
15,0.0,500,22000,0.0,1.0,,0
15,0.0,1000,22000,0.0,1.0,,0
30,0.0,10,50,0.4732788628829274,0.05038882597206493,-0.12259340286254883,174
30,0.0,25,50,0.4738176349293193,0.05997734994337486,-0.16051648557186127,158
30,0.0,50,50,0.47389817366454456,0.06832767081917705,-0.02918495424091816,137
30,0.0,100,50,0.4751284060341664,0.08979992449981125,0.4285827577114105,71
30,0.0,250,50,0.46974827341875486,0.1508644771611929,0.50710529088974,34
30,0.0,500,50,0.46572595512780285,0.20282370705926764,0.6806999444961548,22
30,0.0,1000,50,0.46160504728090407,0.21140052850132127,0.7506863474845886,12
30,0.0,10,100,0.47658586255909213,0.050615326538316345,0.3542811870574951,88
30,0.0,25,100,0.47736907928893085,0.050373725934314835,0.340036541223526,84
30,0.0,50,100,0.4809353233061116,0.042461306153265384,0.3573834002017975,75
30,0.0,100,100,0.4759472695976734,0.09017742544356361,0.4290520250797272,63
30,0.0,250,100,0.4734099181383178,0.136957342393356,0.48452627658843994,30
30,0.0,500,100,0.46503119148462335,0.2080332200830502,0.7890332937240601,17
30,0.0,1000,100,0.46160504728090407,0.21140052850132127,0.7506862878799438,12
30,0.0,10,250,0.4792499665344161,0.08946772366930918,0.4208487570285797,37
30,0.0,25,250,0.48051840833555887,0.0762400906002265,0.41237595677375793,37
30,0.0,50,250,0.4804874990392571,0.08244620611551529,0.43462613224983215,36
30,0.0,100,250,0.47766552743253365,0.10704416761041903,0.4668258726596832,34
30,0.0,250,250,0.4742321489848574,0.1331068327670819,0.5313997864723206,27
30,0.0,500,250,0.4670610266383688,0.18391845979614949,0.7671180963516235,15
30,0.0,1000,250,0.46160504728090407,0.21140052850132127,0.7506862878799438,12
30,0.0,10,500,0.4826864327837967,0.11900339750849377,0.6398776769638062,19
30,0.0,25,500,0.4895276784637834,0.08605511513778784,0.5554246306419373,20
30,0.0,50,500,0.4873561250207284,0.09224613061532654,0.5876691341400146,20
30,0.0,100,500,0.48251001543104344,0.13390713476783692,0.6820182800292969,18
30,0.0,250,500,0.47997178266192303,0.14986787466968668,0.660904049873352,16
30,0.0,500,500,0.4670610266383688,0.18391845979614949,0.7671180963516235,15
30,0.0,1000,500,0.46160504728090407,0.21140052850132127,0.7506862878799438,12
30,0.0,10,1000,0.48489161231526673,0.15418648546621366,0.6614028215408325,12
30,0.0,25,1000,0.4942479356869569,0.08137410343525858,0.5625143647193909,14
30,0.0,50,1000,0.48633582661947056,0.13780294450736127,0.6453292965888977,13
30,0.0,100,1000,0.4855527071353354,0.1462740656851642,0.6761643290519714,13
30,0.0,250,1000,0.47754112437635826,0.16557191392978482,0.6964742541313171,13
30,0.0,500,1000,0.46719731361719513,0.1895205738014345,0.7121980786323547,13
30,0.0,1000,1000,0.46160504728090407,0.21140052850132127,0.7506863474845886,12
30,0.0,10,2500,0.6131166699129843,0.13638354095885238,0.6318208575248718,7
30,0.0,25,2500,0.5718830560336532,0.15498678746696867,0.4919735789299011,6
30,0.0,50,2500,0.5911873185501895,0.30672706681766704,0.7901729941368103,5
30,0.0,100,2500,0.5203765775713223,0.24738391845979615,0.614293098449707,6
30,0.0,250,2500,0.530729708719453,0.19995469988674971,0.587702751159668,6
30,0.0,500,2500,0.5777112873196758,0.27101547753869387,0.668856680393219,5
30,0.0,1000,2500,0.5787853281129536,0.2969120422801057,0.6816566586494446,4
30,0.0,10,5000,0.6878717830997159,0.30184975462438657,0.8156550526618958,3
30,0.0,25,5000,0.6714873670690701,0.36664401661004153,0.8217272162437439,2
30,0.0,50,5000,0.6355295693526357,0.40043790109475275,0.6771873831748962,2
30,0.0,100,5000,0.5775329367100419,0.38429596073990185,0.6329887509346008,2
30,0.0,250,5000,0.6291094834647727,0.373439033597584,0.805006742477417,2
30,0.0,500,5000,0.676708199640108,0.40228010570026423,0.8273229002952576,2
30,0.0,1000,5000,0.6520128913068319,0.38858437146092867,0.8220602869987488,2
30,0.0,10,10000,0.7673265958151905,0.39479048697621744,0.8947837948799133,2
30,0.0,25,10000,0.6714873670690701,0.36664401661004153,0.8217273354530334,2
30,0.0,50,10000,0.6355295693526357,0.40043790109475275,0.677187442779541,2
30,0.0,100,10000,0.5775329367100419,0.38429596073990185,0.6329887509346008,2
30,0.0,250,10000,0.6291094834647727,0.373439033597584,0.8050068020820618,2
30,0.0,500,10000,0.676708199640108,0.40228010570026423,0.8273229598999023,2
30,0.0,1000,10000,0.6520128913068319,0.38858437146092867,0.8220604658126831,2
30,0.0,10,15000,0.7673265958151905,0.39479048697621744,0.8947838544845581,2
30,0.0,25,15000,0.6714873670690701,0.36664401661004153,0.8217275142669678,2
30,0.0,50,15000,0.6355295693526357,0.40043790109475275,0.6771873831748962,2
30,0.0,100,15000,0.5775329367100419,0.38429596073990185,0.6329887509346008,2
30,0.0,250,15000,0.6291094834647727,0.373439033597584,0.8050069212913513,2
30,0.0,500,15000,0.676708199640108,0.40228010570026423,0.8273230791091919,2
30,0.0,1000,15000,0.6520128913068319,0.38858437146092867,0.8220604658126831,2
30,0.0,10,20000,0.0,1.0,,0
30,0.0,25,20000,0.0,1.0,,0
30,0.0,50,20000,0.0,1.0,,0
30,0.0,100,20000,0.0,1.0,,0
30,0.0,250,20000,0.0,1.0,,0
30,0.0,500,20000,0.0,1.0,,0
30,0.0,1000,20000,0.0,1.0,,0
30,0.0,10,22000,0.0,1.0,,0
30,0.0,25,22000,0.0,1.0,,0
30,0.0,50,22000,0.0,1.0,,0
30,0.0,100,22000,0.0,1.0,,0
30,0.0,250,22000,0.0,1.0,,0
30,0.0,500,22000,0.0,1.0,,0
30,0.0,1000,22000,0.0,1.0,,0
50,0.0,10,50,0.48142026093535567,0.057516043790109474,0.036075860261917114,172
50,0.0,25,50,0.48270447491180013,0.08265760664401661,0.06326152384281158,174
50,0.0,50,50,0.4856537970094703,0.06781426953567384,0.4523340165615082,150
50,0.0,100,50,0.4888207178371771,0.08434881087202718,0.4796263575553894,76
50,0.0,250,50,0.4915254850883777,0.1014873537183843,0.6420774459838867,38
50,0.0,500,50,0.49230385377311836,0.14049075122687807,0.7498867511749268,18
50,0.0,1000,50,0.4947496535162293,0.19255568138920348,0.8067657947540283,14
50,0.0,10,100,0.48562932781117296,0.05363533408833522,0.3111623227596283,87
50,0.0,25,100,0.48945921763031264,0.03557568893922235,0.5787795782089233,82
50,0.0,50,100,0.4887860588107801,0.046070215175537936,0.5551931858062744,79
50,0.0,100,100,0.4896174107599381,0.06607776519441298,0.6268458962440491,67
50,0.0,250,100,0.49217935323982276,0.09819554548886372,0.6412424445152283,36
50,0.0,500,100,0.49230385377311836,0.14049075122687807,0.7498868107795715,18
50,0.0,1000,100,0.4949211040576736,0.19346168365420913,0.8122835159301758,13
50,0.0,10,250,0.4958249079440872,0.05079652699131748,0.587773323059082,39
50,0.0,25,250,0.49558139650368316,0.05411853529633824,0.6010479927062988,39
50,0.0,50,250,0.4939135180466532,0.06399395998489996,0.6191666722297668,39
50,0.0,100,250,0.49597229997128933,0.06369195922989808,0.5958524942398071,35
50,0.0,250,250,0.49529025603417726,0.09093242733106832,0.7122777700424194,31
50,0.0,500,250,0.49230385377311836,0.14049075122687807,0.7498868107795715,18
50,0.0,1000,250,0.4959291011909495,0.19722159305398262,0.81248539686203,12
50,0.0,10,500,0.4996846876882676,0.07750849377123442,0.6532515287399292,20
50,0.0,25,500,0.5000513231953027,0.08575311438278596,0.6637983918190002,19
50,0.0,50,500,0.4972649406074603,0.09984144960362401,0.658197283744812,19
50,0.0,100,500,0.498376011810961,0.09830124575311439,0.6847880482673645,20
50,0.0,250,500,0.49418903636061384,0.12773121932804832,0.7591637969017029,18
50,0.0,500,500,0.494461951635567,0.13304643261608154,0.7644075155258179,17
50,0.0,1000,500,0.4959291011909495,0.19722159305398262,0.8124851584434509,12
50,0.0,10,1000,0.50317608920166,0.12599471498678746,0.6741406321525574,12
50,0.0,25,1000,0.5049799735782988,0.12647791619479049,0.7143667340278625,13
50,0.0,50,1000,0.5005560341965627,0.13295583238958097,0.7051112651824951,13
50,0.0,100,1000,0.5027749826181226,0.1406870517176293,0.718039333820343,12
50,0.0,250,1000,0.4962952638401743,0.15699509248773122,0.7512472867965698,13
50,0.0,500,1000,0.49587469024774966,0.16010570026425067,0.7493271231651306,12
50,0.0,1000,1000,0.4959291011909495,0.19722159305398262,0.8124850988388062,12
50,0.0,10,2500,0.5268428103448501,0.21445073612684032,0.6694493889808655,7
50,0.0,25,2500,0.5189185829791497,0.18760286900717252,0.6352880597114563,6
50,0.0,50,2500,0.5128005291098234,0.2142544356360891,0.657471239566803,6
50,0.0,100,2500,0.5284685903426157,0.21066062665156662,0.6526778340339661,7
50,0.0,250,2500,0.4980514932248431,0.12191770479426199,0.4592128396034241,5
50,0.0,500,2500,0.49737131155256425,0.18319365798414497,0.5509834289550781,5
50,0.0,1000,2500,0.5692995445883695,0.32466591166477915,0.7038840651512146,4
50,0.0,10,5000,0.5739322039556177,0.2880634201585504,0.5749419331550598,3
50,0.0,25,5000,0.5698827279704651,0.2945715364288411,0.587135374546051,3
50,0.0,50,5000,0.5707033970196564,0.29330313325783314,0.5854090452194214,3
50,0.0,100,5000,0.5349037861426954,0.21599093997734994,0.5628944635391235,3
50,0.0,250,5000,0.5344423433833213,0.21840694601736504,0.5690324902534485,3
50,0.0,500,5000,0.5510360054640757,0.27968289920724804,0.6010231375694275,3
50,0.0,1000,5000,0.6241009507123246,0.3800528501321253,0.7223321199417114,3
50,0.0,10,10000,0.5739322039556177,0.2880634201585504,0.5749419331550598,3
50,0.0,25,10000,0.5698827279704651,0.2945715364288411,0.5871354341506958,3
50,0.0,50,10000,0.5707033970196564,0.29330313325783314,0.5854091048240662,3
50,0.0,100,10000,0.5349037861426954,0.21599093997734994,0.5628945827484131,3
50,0.0,250,10000,0.5344423433833213,0.21840694601736504,0.5690324902534485,3
50,0.0,500,10000,0.5510360054640757,0.27968289920724804,0.6010231375694275,3
50,0.0,1000,10000,0.3405192339866171,0.007444318610796527,0.46510735154151917,2
50,0.0,10,15000,0.332670133146082,0.006598716496791242,0.45883089303970337,2
50,0.0,25,15000,0.32780237723259886,0.1079199697999245,0.4463755488395691,2
50,0.0,50,15000,0.3419343792045121,0.05624764061910155,0.5005072355270386,2
50,0.0,100,15000,0.5349037861426954,0.21599093997734994,0.5628945827484131,3
50,0.0,250,15000,0.5344423433833213,0.21840694601736504,0.5690324902534485,3
50,0.0,500,15000,0.3336677442516831,0.003261608154020385,0.461038738489151,2
50,0.0,1000,15000,0.3405192339866171,0.007444318610796527,0.46510738134384155,2
50,0.0,10,20000,0.0,1.0,,0
50,0.0,25,20000,0.0,1.0,,0
50,0.0,50,20000,0.0,1.0,,0
50,0.0,100,20000,0.0,1.0,,0
50,0.0,250,20000,0.0,1.0,,0
50,0.0,500,20000,0.0,1.0,,0
50,0.0,1000,20000,0.0,1.0,,0
50,0.0,10,22000,0.0,1.0,,0
50,0.0,25,22000,0.0,1.0,,0
50,0.0,50,22000,0.0,1.0,,0
50,0.0,100,22000,0.0,1.0,,0
50,0.0,250,22000,0.0,1.0,,0
50,0.0,500,22000,0.0,1.0,,0
50,0.0,1000,22000,0.0,1.0,,0
75,0.0,10,50,0.2847278755936508,0.12896942242355605,0.3603109121322632,196
75,0.0,25,50,0.48051089834703387,0.06526236315590789,0.30462712049484253,157
75,0.0,50,50,0.48514059213959326,0.12073990184975462,1131.151123046875,149
75,0.0,100,50,0.4930021200647958,0.09280483201208004,-66.42411804199219,70
75,0.0,250,50,0.49968788596885994,0.10607776519441299,0.79542475938797,35
75,0.0,500,50,0.5080185480798998,0.15566628916572292,0.8493934869766235,18
75,0.0,1000,50,0.5130571471068138,0.17949414873537184,0.8504518270492554,13
75,0.0,10,100,0.32371640177966354,0.10787466968667421,0.44236481189727783,82
75,0.0,25,100,0.49431703255033943,0.05801434503586259,0.7221033573150635,76
75,0.0,50,100,0.4949453859693738,0.09087202718006795,0.6870353817939758,74
75,0.0,100,100,0.4966957680500665,0.08309550773876935,-65.73268127441406,65
75,0.0,250,100,0.4993989175807833,0.10731596828992072,0.7954095005989075,34
75,0.0,500,100,0.5062542106062088,0.14263495658739148,0.8090818524360657,17
75,0.0,1000,100,0.5130571471068138,0.17949414873537184,0.8504518866539001,13
75,0.0,10,250,0.5047105171020605,0.047202718006795014,0.6778334975242615,37
75,0.0,25,250,0.5058557863924219,0.0434881087202718,0.6699922680854797,38
75,0.0,50,250,0.5063844878849956,0.05362023405058513,0.6717495918273926,40
75,0.0,100,250,0.505541401790498,0.059992449981124955,0.6966685056686401,35
75,0.0,250,250,0.5019635991182149,0.10266515666289165,0.7839227318763733,32
75,0.0,500,250,0.5051241167063776,0.14597206493016232,0.8083785176277161,16
75,0.0,1000,250,0.5130571471068138,0.17949414873537184,0.8504520654678345,13
75,0.0,10,500,0.5150756927331005,0.06277085692714232,0.6520069241523743,16
75,0.0,25,500,0.5145454318354694,0.0732653831634579,0.6328193545341492,16
75,0.0,50,500,0.5132947942192517,0.055915439788599475,0.6503567695617676,18
75,0.0,100,500,0.5124825626701549,0.08812382030955078,0.6850751042366028,17
75,0.0,250,500,0.5036119005976997,0.12498301245753114,0.7637137770652771,16
75,0.0,500,500,0.5059437851190309,0.14452246130615326,0.8102091550827026,15
75,0.0,1000,500,0.5130571471068138,0.17949414873537184,0.8504518866539001,13
75,0.0,10,1000,0.516481598110173,0.06941487353718384,0.6434197425842285,14
75,0.0,25,1000,0.5142287880354136,0.08918082295205738,0.6601016521453857,14
75,0.0,50,1000,0.5132475968511531,0.06977727444318611,0.6216586828231812,14
75,0.0,100,1000,0.5167056491248463,0.11282748206870517,0.720430850982666,13
75,0.0,250,1000,0.5077235897294168,0.1403699509248773,0.7783330678939819,13
75,0.0,500,1000,0.509952899481716,0.16149490373725933,0.8114394545555115,13
75,0.0,1000,1000,0.5130571471068138,0.17949414873537184,0.8504518866539001,13
75,0.0,10,2500,0.5355853873083939,0.11012457531143828,0.6013860106468201,6
75,0.0,25,2500,0.5748844803874543,0.23886749716874292,0.7498359680175781,7
75,0.0,50,2500,0.5592467181176074,0.19818799546998866,0.6967059969902039,7
75,0.0,100,2500,0.5172469592618987,0.14680256700641753,0.4487679898738861,4
75,0.0,250,2500,0.523778952002072,0.18520196300490752,0.5043733716011047,4
75,0.0,500,2500,0.5246993709134439,0.19640619101547754,0.5152361989021301,4
75,0.0,1000,2500,0.603851912557127,0.31670819177047943,0.7588348388671875,5
75,0.0,10,5000,0.6595917278818162,0.21357493393733484,0.7170385718345642,3
75,0.0,25,5000,0.5553165934024155,0.22342015855039637,0.6278743147850037,3
75,0.0,50,5000,0.5504760372697913,0.21807474518686296,0.6253649592399597,3
75,0.0,100,5000,0.5491615505440846,0.19938089845224613,0.6001867055892944,3
75,0.0,250,5000,0.5590930351228747,0.23778029445073612,0.6388615369796753,3
75,0.0,500,5000,0.5600297994147138,0.24898452246130615,0.6529772281646729,3
75,0.0,1000,5000,0.6433601961478584,0.35281238203095505,0.7233912348747253,3
75,0.0,10,10000,0.6595917278818162,0.21357493393733484,0.7170385718345642,3
75,0.0,25,10000,0.5553165934024155,0.22342015855039637,0.6278743743896484,3
75,0.0,50,10000,0.5504760372697913,0.21807474518686296,0.6253649592399597,3
75,0.0,100,10000,0.5491615505440846,0.19938089845224613,0.6001867055892944,3
75,0.0,250,10000,0.5590930351228747,0.23778029445073612,0.6388615965843201,3
75,0.0,500,10000,0.5600297994147138,0.24898452246130615,0.6529772281646729,3
75,0.0,1000,10000,0.35097445076956685,0.006840317100792752,0.2786230742931366,2
75,0.0,10,15000,0.3342194213848321,0.024175160437901095,0.261675089597702,2
75,0.0,25,15000,0.5553165934024155,0.22342015855039637,0.6278743147850037,3
75,0.0,50,15000,0.5504760372697913,0.21807474518686296,0.6253648996353149,3
75,0.0,100,15000,0.5491615505440846,0.19938089845224613,0.6001866459846497,3
75,0.0,250,15000,0.5590930351228747,0.23778029445073612,0.6388615369796753,3
75,0.0,500,15000,0.5600297994147138,0.24898452246130615,0.6529772281646729,3
75,0.0,1000,15000,0.35097445076956685,0.006840317100792752,0.27862316370010376,2
75,0.0,10,20000,0.0,1.0,,0
75,0.0,25,20000,0.0,1.0,,0
75,0.0,50,20000,0.0,1.0,,0
75,0.0,100,20000,0.0,1.0,,0
75,0.0,250,20000,0.0,1.0,,0
75,0.0,500,20000,0.0,1.0,,0
75,0.0,1000,20000,0.0,1.0,,0
75,0.0,10,22000,0.0,1.0,,0
75,0.0,25,22000,0.0,1.0,,0
75,0.0,50,22000,0.0,1.0,,0
75,0.0,100,22000,0.0,1.0,,0
75,0.0,250,22000,0.0,1.0,,0
75,0.0,500,22000,0.0,1.0,,0
75,0.0,1000,22000,0.0,1.0,,0
100,0.0,10,50,0.40488893966627654,0.09863344658361646,0.24295157194137573,181
100,0.0,25,50,0.3093723974032394,0.16063420158550396,0.29390770196914673,192
100,0.0,50,50,0.4841950382860763,0.10059645149112872,0.6297650337219238,147
100,0.0,100,50,0.501657198683128,0.08828992072480181,0.7084112763404846,82
100,0.0,250,50,0.5053730730925247,0.08919592298980747,0.7463368773460388,32
100,0.0,500,50,0.5083211809603666,0.11604379010947527,0.7561517953872681,18
100,0.0,1000,50,0.5186159509276342,0.15906379765949416,0.8070600628852844,14
100,0.0,10,100,0.4563190669620118,0.07337108342770857,0.3734307289123535,83
100,0.0,25,100,0.4907456534019121,0.06621366553416383,0.698137640953064,83
100,0.0,50,100,0.4931142129167673,0.06835787089467724,0.6984893083572388,82
100,0.0,100,100,0.5007642393703515,0.06798036995092488,0.7016115784645081,67
100,0.0,250,100,0.5053730730925247,0.08919592298980747,0.7463367581367493,32
100,0.0,500,100,0.5083211809603666,0.11604379010947527,0.7561517357826233,18
100,0.0,1000,100,0.5186159509276342,0.15906379765949416,0.8070599436759949,14
100,0.0,10,250,0.5093409685634985,0.03254058135145338,0.6481329798698425,33
100,0.0,25,250,0.5049820953297416,0.058769346923367306,0.6824171543121338,35
100,0.0,50,250,0.506299281024665,0.059750849377123445,0.6870856285095215,35
100,0.0,100,250,0.5050033921269194,0.06171385428463571,0.6835561990737915,35
100,0.0,250,250,0.5068830505155555,0.07500188750471876,0.7282112240791321,30
100,0.0,500,250,0.5083211809603666,0.11604379010947527,0.7561516165733337,18
100,0.0,1000,250,0.5182433415170737,0.1358097395243488,0.7570670247077942,13
100,0.0,10,500,0.5121676303901236,0.05719894299735749,0.6322075128555298,19
100,0.0,25,500,0.5101815855964213,0.06261985654964138,0.6177710890769958,19
100,0.0,50,500,0.5126709306634435,0.05701774254435636,0.6094285845756531,19
100,0.0,100,500,0.5109166659370844,0.05834654586636467,0.6055346131324768,19
100,0.0,250,500,0.5087478199439266,0.09429973574933938,0.6939318180084229,18
100,0.0,500,500,0.5083211809603666,0.11604379010947527,0.7561517357826233,18
100,0.0,1000,500,0.5164989914092739,0.14299735749339373,0.756170928478241,12
100,0.0,10,1000,0.5224765166765583,0.046991317478293694,0.6218307018280029,14
100,0.0,25,1000,0.5169469822618887,0.08472631181577954,0.6211263537406921,14
100,0.0,50,1000,0.5196099865637288,0.07525858814647036,0.6077939867973328,14
100,0.0,100,1000,0.5193539769787341,0.07494148735371839,0.6138007640838623,14
100,0.0,250,1000,0.5195125870778424,0.10370705926764817,0.6671218872070312,13
100,0.0,500,1000,0.5196020186200653,0.12490751226878068,0.7201173305511475,13
100,0.0,1000,1000,0.5164989914092739,0.14299735749339373,0.7561710476875305,12
100,0.0,10,2500,0.5572760854612016,0.14941487353718386,0.621275007724762,7
100,0.0,25,2500,0.5345974152433067,0.1434050585126463,0.5360167622566223,6
100,0.0,50,2500,0.5680487701106248,0.20593431483578709,0.7393090724945068,7
100,0.0,100,2500,0.565513172364795,0.21038882597206493,0.7336180806159973,7
100,0.0,250,2500,0.5186632608145938,0.16274820687051716,0.5008284449577332,4
100,0.0,500,2500,0.5751339501841076,0.2376292940732352,0.7226036190986633,6
100,0.0,1000,2500,0.5623988368995777,0.24330690826727067,0.7752746939659119,7
100,0.0,10,5000,0.660458246964746,0.25754624386560965,0.6682125926017761,3
100,0.0,25,5000,0.6523605881773522,0.2522763306908267,0.6533355116844177,3
100,0.0,50,5000,0.6345322608143237,0.31290298225745566,0.6181783676147461,3
100,0.0,100,5000,0.5704858370764356,0.24306530766326917,0.5554761290550232,3
100,0.0,250,5000,0.5499676723158157,0.21522083805209513,0.5563401579856873,3
100,0.0,500,5000,0.5571529378740111,0.24255190637976595,0.6022765040397644,3
100,0.0,1000,5000,0.5819730757958713,0.37378633446583615,0.8054262399673462,3
100,0.0,10,10000,0.660458246964746,0.25754624386560965,0.668212354183197,3
100,0.0,25,10000,0.6523605881773522,0.2522763306908267,0.6533355116844177,3
100,0.0,50,10000,0.6345322608143237,0.31290298225745566,0.6181784868240356,3
100,0.0,100,10000,0.5704858370764356,0.24306530766326917,0.5554761290550232,3
100,0.0,250,10000,0.5499676723158157,0.21522083805209513,0.5563400387763977,3
100,0.0,500,10000,0.5571529378740111,0.24255190637976595,0.6022765636444092,3
100,0.0,1000,10000,0.3422981695319378,0.00942242355605889,0.3319036066532135,2
100,0.0,10,15000,0.3346953633288797,0.01570403926009815,0.32931941747665405,2
100,0.0,25,15000,0.3346953633288797,0.01570403926009815,0.32931941747665405,2
100,0.0,50,15000,0.3346953633288797,0.01570403926009815,0.32931941747665405,2
100,0.0,100,15000,0.5704858370764356,0.24306530766326917,0.5554760694503784,3
100,0.0,250,15000,0.5499676723158157,0.21522083805209513,0.5563401579856873,3
100,0.0,500,15000,0.5571529378740111,0.24255190637976595,0.602276623249054,3
100,0.0,1000,15000,0.3422981695319378,0.00942242355605889,0.3319036364555359,2
100,0.0,10,20000,0.0,1.0,,0
100,0.0,25,20000,0.0,1.0,,0
100,0.0,50,20000,0.0,1.0,,0
100,0.0,100,20000,0.0,1.0,,0
100,0.0,250,20000,0.0,1.0,,0
100,0.0,500,20000,0.0,1.0,,0
100,0.0,1000,20000,0.0,1.0,,0
100,0.0,10,22000,0.0,1.0,,0
100,0.0,25,22000,0.0,1.0,,0
100,0.0,50,22000,0.0,1.0,,0
100,0.0,100,22000,0.0,1.0,,0
100,0.0,250,22000,0.0,1.0,,0
100,0.0,500,22000,0.0,1.0,,0
100,0.0,1000,22000,0.0,1.0,,0
10,0.1,10,50,0.1005746989975172,0.4048169120422801,-0.31357845664024353,264
10,0.1,25,50,0.14173964832476907,0.4993884484711212,-0.2341701090335846,198
10,0.1,50,50,0.1473804428535777,0.5625368063420159,-0.17271600663661957,163
10,0.1,100,50,0.1458375610319654,0.6162929407323519,-0.14846353232860565,84
10,0.1,250,50,0.12861567999482978,0.6762702906757266,0.12731362879276276,31
10,0.1,500,50,0.09824395111156023,0.742876557191393,0.22485560178756714,19
10,0.1,1000,50,0.004052180284127253,0.08329180822952058,-0.15840570628643036,2
10,0.1,10,100,0.0995618156887919,0.3750245375613439,-0.3811503052711487,106
10,0.1,25,100,0.14193188193760797,0.5015175537938845,-0.30625972151756287,94
10,0.1,50,100,0.16397200442979631,0.5650887127217818,-0.19146162271499634,90
10,0.1,100,100,0.15277919921588368,0.6189203473008682,-0.08595329523086548,67
10,0.1,250,100,0.1299418519332048,0.680332200830502,0.20483221113681793,27
10,0.1,500,100,0.10108234404002263,0.7426500566251416,0.2474760264158249,16
10,0.1,1000,100,0.004052180284127253,0.08329180822952058,-0.15840569138526917,2
10,0.1,10,250,0.08462400634301002,0.4268327670819177,-0.19241514801979065,37
10,0.1,25,250,0.1373609798416023,0.5536428841072103,-0.11233779788017273,36
10,0.1,50,250,0.1637645845158926,0.6291883729709324,0.030336108058691025,34
10,0.1,100,250,0.17912678708614307,0.6469007172517931,0.14072906970977783,29
10,0.1,250,250,0.13652413326539903,0.6800906002265006,0.1910727322101593,24
10,0.1,500,250,0.09781931753655944,0.747361268403171,0.26385873556137085,14
10,0.1,1000,250,0.004052180284127253,0.08329180822952058,-0.15840572118759155,2
10,0.1,10,500,0.06986224907193042,0.45218573046432614,-0.058104224503040314,18
10,0.1,25,500,0.1070124347855135,0.6016610041525103,0.20516519248485565,17
10,0.1,50,500,0.14535277315340286,0.6946621366553416,0.1977059692144394,17
10,0.1,100,500,0.16666298873377178,0.6408909022272555,0.048153914511203766,16
10,0.1,250,500,0.11510813661953555,0.7100490751226878,0.40327224135398865,15
10,0.1,500,500,0.10387385596113499,0.7418195545488864,0.35202693939208984,13
10,0.1,1000,500,0.004052180284127253,0.08329180822952058,-0.15840570628643036,2
10,0.1,10,1000,0.08453565287107905,0.23471498678746697,-0.31628504395484924,8
10,0.1,25,1000,0.0019489810420394182,0.004439411098527747,-0.15427812933921814,2
10,0.1,50,1000,0.0017751637950061314,0.008773121932804832,-0.15455177426338196,2
10,0.1,100,1000,0.0016443712566028006,0.01304643261608154,-0.154741108417511,2
10,0.1,250,1000,0.0014994553534989261,0.020732351830879577,-0.15583452582359314,2
10,0.1,500,1000,0.0015465712226020861,0.0348961872404681,-0.15533654391765594,2
10,0.1,1000,1000,0.004052180284127253,0.08329180822952058,-0.15840569138526917,2
10,0.1,10,2500,0.0631681428663671,0.2855719139297848,0.11702973395586014,2
10,0.1,25,2500,0.014104530536546036,0.2564439411098528,0.05208682268857956,2
10,0.1,50,2500,0.013561627457619293,0.33969044922612307,0.040473997592926025,2
10,0.1,100,2500,0.046277212086982475,0.49864854662136654,0.021477634087204933,2
10,0.1,250,2500,0.09131004957163641,0.5856247640619101,-0.12364724278450012,2
10,0.1,500,2500,0.08169242139808995,0.5478897697244243,0.02438882365822792,2
10,0.1,1000,2500,0.06459722460746646,0.7651793129482823,0.3924802839756012,4
10,0.1,10,5000,0.0,1.0,,0
10,0.1,25,5000,0.0,1.0,,0
10,0.1,50,5000,0.0,1.0,,0
10,0.1,100,5000,0.0,1.0,,0
10,0.1,250,5000,0.0,1.0,,0
10,0.1,500,5000,0.0,1.0,,0
10,0.1,1000,5000,0.0,1.0,,0
10,0.1,10,10000,0.0,1.0,,0
10,0.1,25,10000,0.0,1.0,,0
10,0.1,50,10000,0.0,1.0,,0
10,0.1,100,10000,0.0,1.0,,0
10,0.1,250,10000,0.0,1.0,,0
10,0.1,500,10000,0.0,1.0,,0
10,0.1,1000,10000,0.0,1.0,,0
10,0.1,10,15000,0.0,1.0,,0
10,0.1,25,15000,0.0,1.0,,0
10,0.1,50,15000,0.0,1.0,,0
10,0.1,100,15000,0.0,1.0,,0
10,0.1,250,15000,0.0,1.0,,0
10,0.1,500,15000,0.0,1.0,,0
10,0.1,1000,15000,0.0,1.0,,0
10,0.1,10,20000,0.0,1.0,,0
10,0.1,25,20000,0.0,1.0,,0
10,0.1,50,20000,0.0,1.0,,0
10,0.1,100,20000,0.0,1.0,,0
10,0.1,250,20000,0.0,1.0,,0
10,0.1,500,20000,0.0,1.0,,0
10,0.1,1000,20000,0.0,1.0,,0
10,0.1,10,22000,0.0,1.0,,0
10,0.1,25,22000,0.0,1.0,,0
10,0.1,50,22000,0.0,1.0,,0
10,0.1,100,22000,0.0,1.0,,0
10,0.1,250,22000,0.0,1.0,,0
10,0.1,500,22000,0.0,1.0,,0
10,0.1,1000,22000,0.0,1.0,,0
15,0.1,10,50,0.13418020692590177,0.38782936957342395,-0.12209988385438919,227
15,0.1,25,50,0.15940945945340887,0.43611929029822577,-0.07877425849437714,181
15,0.1,50,50,0.15755785695707544,0.5076481691204228,0.05763624608516693,156
15,0.1,100,50,0.18012090987890297,0.5389958474896187,0.1078936830163002,70
15,0.1,250,50,0.13830619329247384,0.6003775009437523,0.4266068637371063,32
15,0.1,500,50,0.15106190044329842,0.579524348810872,0.5869261622428894,15
15,0.1,1000,50,0.10883702378750876,0.6523669309173273,0.639485776424408,14
15,0.1,10,100,0.12925357706970222,0.47211778029445073,-0.03404248133301735,103
15,0.1,25,100,0.16515214577465023,0.4531521328803322,-0.10926257073879242,87
15,0.1,50,100,0.1712253177388185,0.5076481691204228,0.009542561136186123,79
15,0.1,100,100,0.1814254595798218,0.5409286523216308,0.10634022951126099,66
15,0.1,250,100,0.1516826526308196,0.5906530766326916,0.4422256648540497,27
15,0.1,500,100,0.15197845984651887,0.580641751604379,0.5993784070014954,14
15,0.1,1000,100,0.10742591700625571,0.6546772366930917,0.7269600033760071,12
15,0.1,10,250,0.16568248844270014,0.5400226500566251,0.22423456609249115,28
15,0.1,25,250,0.17486232852345582,0.5055190637976595,0.20425613224506378,30
15,0.1,50,250,0.22439689672209243,0.4808154020385051,0.331501841545105,28
15,0.1,100,250,0.22845256942803188,0.5011853529633824,0.3802439868450165,28
15,0.1,250,250,0.1837805163347484,0.5391015477538694,0.44824233651161194,23
15,0.1,500,250,0.15197845984651887,0.580641751604379,0.5993784070014954,14
15,0.1,1000,250,0.10742591700625571,0.6546772366930917,0.7269598841667175,12
15,0.1,10,500,0.18865020739421354,0.5384220460551151,0.48236796259880066,14
15,0.1,25,500,0.18197117879669963,0.4958701396753492,0.45952320098876953,16
15,0.1,50,500,0.19647547215779668,0.5200604001510004,0.4493531882762909,16
15,0.1,100,500,0.19066441577446308,0.5502151755379389,0.42800191044807434,14
15,0.1,250,500,0.16889420380672818,0.555998489996225,0.492188036441803,14
15,0.1,500,500,0.15197845984651887,0.580641751604379,0.5993784070014954,14
15,0.1,1000,500,0.10432607547265238,0.6648395620989053,0.7370007038116455,10
15,0.1,10,1000,0.17712688809141044,0.5693318233295583,0.5176668167114258,11
15,0.1,25,1000,0.1574431928610417,0.5292261230653077,0.5354119539260864,13
15,0.1,50,1000,0.154858769677174,0.5708569271423178,0.5676008462905884,11
15,0.1,100,1000,0.15824808596841636,0.5843412608531521,0.4834703207015991,11
15,0.1,250,1000,0.14973212210274126,0.5775915439788599,0.45801255106925964,11
15,0.1,500,1000,0.13479934448027506,0.6131974329935825,0.6085340976715088,10
15,0.1,1000,1000,0.10185810503908127,0.6480332200830502,0.6689035296440125,9
15,0.1,10,2500,0.037606396460243025,0.13360513401283503,0.1837746798992157,2
15,0.1,25,2500,0.03267715013899274,0.17496413741034353,0.19976742565631866,2
15,0.1,50,2500,0.08458418990883548,0.3597734994337486,0.3614286482334137,2
15,0.1,100,2500,0.12734293094493518,0.45085692714231784,0.3512221872806549,2
15,0.1,250,2500,0.16112859320953543,0.6621819554548887,0.7110535502433777,3
15,0.1,500,2500,0.1767612192343666,0.6026576066440166,0.6451159119606018,3
15,0.1,1000,2500,0.17573922221224772,0.4376292940732352,0.27751919627189636,2
15,0.1,10,5000,0.0,1.0,,0
15,0.1,25,5000,0.0,1.0,,0
15,0.1,50,5000,0.0,1.0,,0
15,0.1,100,5000,0.0,1.0,,0
15,0.1,250,5000,0.0,1.0,,0
15,0.1,500,5000,0.16881854979675642,0.6558852397130993,0.761544942855835,2
15,0.1,1000,5000,0.0,1.0,,0
15,0.1,10,10000,0.0,1.0,,0
15,0.1,25,10000,0.0,1.0,,0
15,0.1,50,10000,0.0,1.0,,0
15,0.1,100,10000,0.0,1.0,,0
15,0.1,250,10000,0.0,1.0,,0
15,0.1,500,10000,0.0,1.0,,0
15,0.1,1000,10000,0.0,1.0,,0
15,0.1,10,15000,0.0,1.0,,0
15,0.1,25,15000,0.0,1.0,,0
15,0.1,50,15000,0.0,1.0,,0
15,0.1,100,15000,0.0,1.0,,0
15,0.1,250,15000,0.0,1.0,,0
15,0.1,500,15000,0.0,1.0,,0
15,0.1,1000,15000,0.0,1.0,,0
15,0.1,10,20000,0.0,1.0,,0
15,0.1,25,20000,0.0,1.0,,0
15,0.1,50,20000,0.0,1.0,,0
15,0.1,100,20000,0.0,1.0,,0
15,0.1,250,20000,0.0,1.0,,0
15,0.1,500,20000,0.0,1.0,,0
15,0.1,1000,20000,0.0,1.0,,0
15,0.1,10,22000,0.0,1.0,,0
15,0.1,25,22000,0.0,1.0,,0
15,0.1,50,22000,0.0,1.0,,0
15,0.1,100,22000,0.0,1.0,,0
15,0.1,250,22000,0.0,1.0,,0
15,0.1,500,22000,0.0,1.0,,0
15,0.1,1000,22000,0.0,1.0,,0
30,0.1,10,50,0.2520530269174021,0.2919894299735749,-0.2288568913936615,190
30,0.1,25,50,0.2503787723373079,0.23690449226123064,-0.16503742337226868,161
30,0.1,50,50,0.24575763694593483,0.2510834277085693,-0.08178705722093582,139
30,0.1,100,50,0.248513304539925,0.2852548131370328,0.09445489197969437,68
30,0.1,250,50,0.2374848194497461,0.3304492261230653,0.15589049458503723,33
30,0.1,500,50,0.21164695162946337,0.3879501698754247,0.6566430926322937,19
30,0.1,1000,50,0.1730202348965803,0.46718006795016986,0.7531576752662659,12
30,0.1,10,100,0.2766823573272065,0.21348433371083428,-0.05263322591781616,85
30,0.1,25,100,0.2636605466642699,0.23848999622499056,0.03414352983236313,80
30,0.1,50,100,0.2440573398482876,0.2716345790864477,0.13781604170799255,73
30,0.1,100,100,0.2518191887638046,0.28274820687051716,0.17517021298408508,61
30,0.1,250,100,0.23767160306646684,0.3317931294828237,0.15418238937854767,31
30,0.1,500,100,0.211057406635783,0.3916345790864477,0.666252613067627,16
30,0.1,1000,100,0.1730202348965803,0.46718006795016986,0.7531577348709106,12
30,0.1,10,250,0.2762126305036464,0.263525858814647,0.04493987187743187,34
30,0.1,25,250,0.2666943041663198,0.26027935069837677,0.06388269364833832,37
30,0.1,50,250,0.2540568297533816,0.2885768214420536,0.11532456427812576,37
30,0.1,100,250,0.25186468522738475,0.2893620234050585,0.09511451423168182,32
30,0.1,250,250,0.24866149674518248,0.3164665911664779,0.13723284006118774,27
30,0.1,500,250,0.21361559331121802,0.383842959607399,0.6478490233421326,15
30,0.1,1000,250,0.1730202348965803,0.46718006795016986,0.7531576156616211,12
30,0.1,10,500,0.26800014539930056,0.30456776141940356,0.5434292554855347,20
30,0.1,25,500,0.26508098437655003,0.2982559456398641,0.5180661678314209,18
30,0.1,50,500,0.24934974050941155,0.31483578708946774,0.5238298773765564,20
30,0.1,100,500,0.25048182888477766,0.2977425443563609,0.4742988646030426,18
30,0.1,250,500,0.2472213843482411,0.33493393733484333,0.5593888163566589,16
30,0.1,500,500,0.21361559331121802,0.383842959607399,0.6478489637374878,15
30,0.1,1000,500,0.1730202348965803,0.46718006795016986,0.7531575560569763,12
30,0.1,10,1000,0.27517642724296104,0.3332125330313326,0.6145368814468384,12
30,0.1,25,1000,0.2514887801118228,0.3168742921857305,0.6295034885406494,13
30,0.1,50,1000,0.22127233109505798,0.3822725556813892,0.6191863417625427,12
30,0.1,100,1000,0.2362719193773225,0.3549112872782182,0.5699552893638611,12
30,0.1,250,1000,0.2445536221689483,0.35691959229898074,0.6247671842575073,12
30,0.1,500,1000,0.21111324831822592,0.4047565118912797,0.7039248943328857,12
30,0.1,1000,1000,0.17128638944925192,0.4761947904869762,0.7794340252876282,11
30,0.1,10,2500,0.3703169819109911,0.4209890524726312,0.6887883543968201,4
30,0.1,25,2500,0.027882551834502126,0.0520800302000755,0.011516079306602478,2
30,0.1,50,2500,0.022013961878501805,0.04540581351453379,0.007443340495228767,2
30,0.1,100,2500,0.09760388717342872,0.1516496791241978,-0.015866408124566078,3
30,0.1,250,2500,0.22240156966398766,0.4870064175160438,0.6612271070480347,5
30,0.1,500,2500,0.19941378809481006,0.5063344658361646,0.6627474427223206,5
30,0.1,1000,2500,0.2819164815007695,0.4532427331068328,0.6831538081169128,5
30,0.1,10,5000,0.49646309779599834,0.4302755756889392,0.7924278974533081,2
30,0.1,25,5000,0.421486554112511,0.5241374103435259,0.8295705318450928,2
30,0.1,50,5000,0.36343526255711633,0.5558625896564742,0.839130163192749,2
30,0.1,100,5000,0.2672194088311675,0.5947602869007172,0.6571410894393921,3
30,0.1,250,5000,0.2707093386307867,0.5846885617214043,0.6477713584899902,3
30,0.1,500,5000,0.24961364814343692,0.6153265383163458,0.5585737228393555,2
30,0.1,1000,5000,0.301730919403148,0.4871876179690449,0.8260849714279175,3
30,0.1,10,10000,0.49646309779599834,0.4302755756889392,0.7924279570579529,2
30,0.1,25,10000,0.421486554112511,0.5241374103435259,0.8295705318450928,2
30,0.1,50,10000,0.36343526255711633,0.5558625896564742,0.839130163192749,2
30,0.1,100,10000,0.2762615138561022,0.5936277840694602,0.78298020362854,2
30,0.1,250,10000,0.0,1.0,,0
30,0.1,500,10000,0.0,1.0,,0
30,0.1,1000,10000,0.33070957420920455,0.5978255945639864,0.8265839219093323,2
30,0.1,10,15000,0.49646309779599834,0.4302755756889392,0.7924279570579529,2
30,0.1,25,15000,0.0,1.0,,0
30,0.1,50,15000,0.0,1.0,,0
30,0.1,100,15000,0.0,1.0,,0
30,0.1,250,15000,0.0,1.0,,0
30,0.1,500,15000,0.0,1.0,,0
30,0.1,1000,15000,0.0,1.0,,0
30,0.1,10,20000,0.0,1.0,,0
30,0.1,25,20000,0.0,1.0,,0
30,0.1,50,20000,0.0,1.0,,0
30,0.1,100,20000,0.0,1.0,,0
30,0.1,250,20000,0.0,1.0,,0
30,0.1,500,20000,0.0,1.0,,0
30,0.1,1000,20000,0.0,1.0,,0
30,0.1,10,22000,0.0,1.0,,0
30,0.1,25,22000,0.0,1.0,,0
30,0.1,50,22000,0.0,1.0,,0
30,0.1,100,22000,0.0,1.0,,0
30,0.1,250,22000,0.0,1.0,,0
30,0.1,500,22000,0.0,1.0,,0
30,0.1,1000,22000,0.0,1.0,,0
50,0.1,10,50,0.4780276999286515,0.07175537938844848,0.2811563313007355,183
50,0.1,25,50,0.4843686498356293,0.07806719516798792,0.35874900221824646,168
50,0.1,50,50,0.4833384816213177,0.08335220838052095,0.3818838596343994,149
50,0.1,100,50,0.48906304159429304,0.08129860324650812,0.647820770740509,69
50,0.1,250,50,0.48985737202917645,0.13306153265383164,0.7510396242141724,37
50,0.1,500,50,0.49226287315914513,0.15429218573046433,0.778386116027832,21
50,0.1,1000,50,0.4945701510461592,0.20336730841827105,0.8797187805175781,13
50,0.1,10,100,0.4854680890233759,0.056625141562853906,0.5998564958572388,84
50,0.1,25,100,0.48255730875891056,0.08496791241978105,0.6197527647018433,83
50,0.1,50,100,0.48921360157983207,0.055432238580596455,0.6034825444221497,78
50,0.1,100,100,0.48969012193672967,0.07737259343148357,0.6587995886802673,61
50,0.1,250,100,0.489552623696788,0.13405813514533788,0.7597757577896118,36
50,0.1,500,100,0.49310387521929366,0.14671196677991696,0.8034791946411133,18
50,0.1,1000,100,0.4945701510461592,0.20336730841827105,0.8797189593315125,13
50,0.1,10,250,0.4906837967874705,0.07009437523593809,0.6407315135002136,39
50,0.1,25,250,0.4940709030001193,0.06323895809739524,0.6354711055755615,37
50,0.1,50,250,0.4942906637651601,0.06197055492638732,0.6118120551109314,38
50,0.1,100,250,0.4922195394988065,0.09134012835032088,0.6600100994110107,36
50,0.1,250,250,0.4929752709756515,0.1106077765194413,0.6991971731185913,29
50,0.1,500,250,0.49222898278322885,0.15053227633069083,0.8211989998817444,16
50,0.1,1000,250,0.4945701510461592,0.20336730841827105,0.8797189593315125,13
50,0.1,10,500,0.5011768719639663,0.07871649679124197,0.6468415856361389,22
50,0.1,25,500,0.5055939895881539,0.06955077387693469,0.6371235251426697,21
50,0.1,50,500,0.5011649977660488,0.09953944884862212,0.6789917349815369,18
50,0.1,100,500,0.4949484532347926,0.12253680634201586,0.7167474627494812,18
50,0.1,250,500,0.49506074762525254,0.1390562476406191,0.751819372177124,17
50,0.1,500,500,0.4924104188070642,0.15640619101547754,0.8307761549949646,15
50,0.1,1000,500,0.49612821131848955,0.20844092110230275,0.8841492533683777,12
50,0.1,10,1000,0.5021385313656977,0.14076255190637976,0.7264253497123718,12
50,0.1,25,1000,0.5120359679049902,0.10724046810117026,0.667337954044342,13
50,0.1,50,1000,0.5053823707945002,0.13223103057757643,0.6870771646499634,12
50,0.1,100,1000,0.4985071881650398,0.1661910154775387,0.763727605342865,12
50,0.1,250,1000,0.4993174197987869,0.165919214798037,0.7542900443077087,12
50,0.1,500,1000,0.49395851402049723,0.1685466213665534,0.8300432562828064,13
50,0.1,1000,1000,0.49612821131848955,0.20844092110230275,0.884149432182312,12
50,0.1,10,2500,0.5270486918679845,0.21214043035107588,0.634381115436554,5
50,0.1,25,2500,0.5578498625649901,0.25411853529633827,0.7396759986877441,7
50,0.1,50,2500,0.5403100024138817,0.21117402793506984,0.6787068843841553,6
50,0.1,100,2500,0.5042653778949521,0.175039637599094,0.5496471524238586,5
50,0.1,250,2500,0.5190318398776772,0.21858814647036617,0.5506191849708557,4
50,0.1,500,2500,0.5636208464632745,0.30207625519063797,0.6653859615325928,4
50,0.1,1000,2500,0.5518354398779997,0.37544733861834656,0.8590059280395508,4
50,0.1,10,5000,0.5658565191894457,0.26840317100792754,0.672033429145813,4
50,0.1,25,5000,0.5873257112510331,0.2999169497923745,0.6998615860939026,3
50,0.1,50,5000,0.5418876235344517,0.23537938844847112,0.6369646787643433,4
50,0.1,100,5000,0.5848086520628625,0.2960966402416006,0.7029170393943787,3
50,0.1,250,5000,0.5563656051823286,0.27127217818044547,0.6501078009605408,3
50,0.1,500,5000,0.6152402113013103,0.35476028690071726,0.734209418296814,3
50,0.1,1000,5000,0.6152116013465998,0.3774707436768592,0.7769178152084351,2
50,0.1,10,10000,0.5343283289096621,0.28783691959229896,0.657056987285614,2
50,0.1,25,10000,0.5873257112510331,0.2999169497923745,0.699861466884613,3
50,0.1,50,10000,0.6008579744613094,0.3151830879577199,0.7077804803848267,3
50,0.1,100,10000,0.5848086520628625,0.2960966402416006,0.7029170393943787,3
50,0.1,250,10000,0.5563656051823286,0.27127217818044547,0.6501078009605408,3
50,0.1,500,10000,0.4224357703315643,0.2445451113627784,0.537359356880188,2
50,0.1,1000,10000,0.6152116013465998,0.3774707436768592,0.7769176959991455,2
50,0.1,10,15000,0.5343283289096621,0.28783691959229896,0.6570571660995483,2
50,0.1,25,15000,0.4037330081278258,0.2045904114760287,0.5134596228599548,2
50,0.1,50,15000,0.4035747498741621,0.1860324650811627,0.5049859285354614,2
50,0.1,100,15000,0.41142627190086806,0.1991543978859947,0.520159125328064,2
50,0.1,250,15000,0.4087738785090909,0.21935824839562099,0.5269238948822021,2
50,0.1,500,15000,0.4224357703315643,0.2445451113627784,0.5373594164848328,2
50,0.1,1000,15000,0.6152116013465998,0.3774707436768592,0.7769177556037903,2
50,0.1,10,20000,0.0,1.0,,0
50,0.1,25,20000,0.0,1.0,,0
50,0.1,50,20000,0.0,1.0,,0
50,0.1,100,20000,0.0,1.0,,0
50,0.1,250,20000,0.0,1.0,,0
50,0.1,500,20000,0.0,1.0,,0
50,0.1,1000,20000,0.0,1.0,,0
50,0.1,10,22000,0.0,1.0,,0
50,0.1,25,22000,0.0,1.0,,0
50,0.1,50,22000,0.0,1.0,,0
50,0.1,100,22000,0.0,1.0,,0
50,0.1,250,22000,0.0,1.0,,0
50,0.1,500,22000,0.0,1.0,,0
50,0.1,1000,22000,0.0,1.0,,0
75,0.1,10,50,0.32891590799180337,0.09920724801812005,0.2927515208721161,191
75,0.1,25,50,0.48198023514645016,0.08437901094752737,0.5695918202400208,162
75,0.1,50,50,0.4855238035418229,0.0813288033220083,0.641010582447052,141
75,0.1,100,50,0.49501192634294594,0.07500188750471876,0.7300556898117065,70
75,0.1,250,50,0.4967108921587272,0.12092110230275575,0.7761327624320984,34
75,0.1,500,50,0.5029957363960349,0.1653605134012835,0.7787941098213196,16
75,0.1,1000,50,0.5145254269658025,0.18006795016987542,0.8295668363571167,14
75,0.1,10,100,0.3387583434682478,0.11862589656474141,0.3218179941177368,99
75,0.1,25,100,0.49073863357926556,0.06449226123065308,0.7391940355300903,77
75,0.1,50,100,0.4922296095182662,0.06826727066817667,0.7522860169410706,74
75,0.1,100,100,0.4975317854509747,0.06567006417516044,0.7086234092712402,61
75,0.1,250,100,0.4967108921587272,0.12092110230275575,0.7761330604553223,34
75,0.1,500,100,0.5029957363960349,0.1653605134012835,0.7787940502166748,16
75,0.1,1000,100,0.5145254269658025,0.18006795016987542,0.8295667767524719,14
75,0.1,10,250,0.37334542683348554,0.11702529256323141,0.28950202465057373,45
75,0.1,25,250,0.5020142167423923,0.0547678369195923,0.6656404137611389,36
75,0.1,50,250,0.503485585035257,0.04252170630426576,0.63652503490448,35
75,0.1,100,250,0.5038913240496513,0.048742921857304645,0.6320531964302063,33
75,0.1,250,250,0.4975016929620579,0.10701396753491883,0.7479077577590942,31
75,0.1,500,250,0.5029957363960349,0.1653605134012835,0.7787940502166748,16
75,0.1,1000,250,0.5133831345107952,0.18269535673839185,0.8422046303749084,13
75,0.1,10,500,0.37884976414295773,0.14849377123442808,0.27177488803863525,23
75,0.1,25,500,0.5064451560909479,0.06992827482068706,0.6295348405838013,20
75,0.1,50,500,0.5070842501272997,0.09259343148357871,0.6758228540420532,19
75,0.1,100,500,0.5059791868845068,0.09300113250283126,0.6556749939918518,18
75,0.1,250,500,0.5021427207354375,0.14138165345413364,0.7313283681869507,16
75,0.1,500,500,0.5031465582287967,0.1538542846357116,0.7685238122940063,14
75,0.1,1000,500,0.5139845065614443,0.182559456398641,0.8374266624450684,12
75,0.1,10,1000,0.5133706739368952,0.06915817289543223,0.6671152710914612,13
75,0.1,25,1000,0.515303128834705,0.098240845602114,0.7136834263801575,12
75,0.1,50,1000,0.5154677348323287,0.1165118912797282,0.7500500679016113,12
75,0.1,100,1000,0.5133041951772197,0.11270668176670441,0.7332243323326111,12
75,0.1,250,1000,0.5076466185537355,0.14015855039637598,0.7777261734008789,12
75,0.1,500,1000,0.5067576526893701,0.16557191392978482,0.8292521834373474,12
75,0.1,1000,1000,0.5139845065614443,0.182559456398641,0.8374264240264893,12
75,0.1,10,2500,0.5485935596380008,0.1589580973952435,0.6780493855476379,7
75,0.1,25,2500,0.5591503926428155,0.20125330313325784,0.716952919960022,7
75,0.1,50,2500,0.5653062664792217,0.2295205738014345,0.7054917216300964,6
75,0.1,100,2500,0.5659711451185755,0.23417138542846358,0.6798544526100159,6
75,0.1,250,2500,0.5183876205966995,0.17665534163835409,0.48699724674224854,4
75,0.1,500,2500,0.5252141580216025,0.2093771234428086,0.5317638516426086,4
75,0.1,1000,2500,0.5591770633618289,0.2673763684409211,0.6304850578308105,4
75,0.1,10,5000,0.6263070415276526,0.018965647414118537,0.3840414583683014,4
75,0.1,25,5000,0.5549408214604336,0.22553416383540958,0.608448326587677,3
75,0.1,50,5000,0.5958061845277365,0.2826425066062665,0.648128092288971,3
75,0.1,100,5000,0.5549473696354335,0.2260475651189128,0.6093788743019104,3
75,0.1,250,5000,0.5508222891819138,0.22923367308418272,0.6323301792144775,3
75,0.1,500,5000,0.5620561669145173,0.2619554548886372,0.6611632704734802,3
75,0.1,1000,5000,0.60858853541675,0.3199697999244998,0.7168752551078796,3
75,0.1,10,10000,0.6797680568263161,0.018965647414118537,0.5682135820388794,3
75,0.1,25,10000,0.5549408214604336,0.22553416383540958,0.6084482073783875,3
75,0.1,50,10000,0.5958061845277365,0.2826425066062665,0.6481281518936157,3
75,0.1,100,10000,0.5549473696354335,0.2260475651189128,0.6093788146972656,3
75,0.1,250,10000,0.5508222891819138,0.22923367308418272,0.6323302388191223,3
75,0.1,500,10000,0.5620561669145173,0.2619554548886372,0.6611632704734802,3
75,0.1,1000,10000,0.60858853541675,0.3199697999244998,0.7168752551078796,3
75,0.1,10,15000,0.6797680568263161,0.018965647414118537,0.5682135820388794,3
75,0.1,25,15000,0.5549408214604336,0.22553416383540958,0.6084482073783875,3
75,0.1,50,15000,0.3366993547060927,3.020007550018875e-05,0.24475950002670288,2
75,0.1,100,15000,0.5549473696354335,0.2260475651189128,0.6093788743019104,3
75,0.1,250,15000,0.5508222891819138,0.22923367308418272,0.6323301792144775,3
75,0.1,500,15000,0.33834229279871636,0.0010268025670064176,0.24613212049007416,2
75,0.1,1000,15000,0.3384331448426752,0.0010570026425066063,0.246202751994133,2
75,0.1,10,20000,0.0,1.0,,0
75,0.1,25,20000,0.0,1.0,,0
75,0.1,50,20000,0.0,1.0,,0
75,0.1,100,20000,0.0,1.0,,0
75,0.1,250,20000,0.0,1.0,,0
75,0.1,500,20000,0.0,1.0,,0
75,0.1,1000,20000,0.0,1.0,,0
75,0.1,10,22000,0.0,1.0,,0
75,0.1,25,22000,0.0,1.0,,0
75,0.1,50,22000,0.0,1.0,,0
75,0.1,100,22000,0.0,1.0,,0
75,0.1,250,22000,0.0,1.0,,0
75,0.1,500,22000,0.0,1.0,,0
75,0.1,1000,22000,0.0,1.0,,0
100,0.1,10,50,0.37815051519341236,0.09685164212910533,0.2071378380060196,190
100,0.1,25,50,0.4856079244289369,0.07172517931294828,0.42225655913352966,153
100,0.1,50,50,0.48310651441261987,0.10615326538316346,0.42614462971687317,147
100,0.1,100,50,0.49949962691922484,0.07468478671196678,0.6594104766845703,72
100,0.1,250,50,0.5069035717001368,0.09834654586636467,0.6861395835876465,31
100,0.1,500,50,0.5090502082001781,0.11090977727444319,0.661428689956665,19
100,0.1,1000,50,0.519189660065469,0.18085315213288033,0.7634472846984863,14
100,0.1,10,100,0.40094896487636184,0.10707436768591921,0.2506103813648224,97
100,0.1,25,100,0.49696296403079193,0.04341260853152133,0.7067897319793701,79
100,0.1,50,100,0.49730707740160673,0.0751528878822197,0.677814781665802,76
100,0.1,100,100,0.49979479393090576,0.05429973574933937,0.6790122389793396,66
100,0.1,250,100,0.5068893383379557,0.08489241223103058,0.6646395921707153,30
100,0.1,500,100,0.5091703487526176,0.11169497923744809,0.6630250215530396,18
100,0.1,1000,100,0.5191408317440528,0.18044545111362778,0.7711100578308105,13
100,0.1,10,250,0.44436488129120366,0.09004152510381276,0.44912055134773254,35
100,0.1,25,250,0.5046851041431187,0.05304643261608154,0.6597263813018799,34
100,0.1,50,250,0.5066501787460163,0.05226123065307663,0.6462637782096863,34
100,0.1,100,250,0.5066692765056777,0.06050585126462816,0.6366974711418152,34
100,0.1,250,250,0.5083680866116052,0.0823858059645149,0.6674198508262634,28
100,0.1,500,250,0.5084360869382871,0.11476028690071725,0.6909720301628113,17
100,0.1,1000,250,0.5191408317440528,0.18044545111362778,0.7711101770401001,13
100,0.1,10,500,0.4543122713695518,0.0671045677614194,0.37087252736091614,23
100,0.1,25,500,0.5110665224911085,0.03998489996224991,0.5703237652778625,22
100,0.1,50,500,0.5146205168058512,0.038459796149490376,0.5478806495666504,20
100,0.1,100,500,0.5155170391723052,0.03950169875424689,0.5538079738616943,20
100,0.1,250,500,0.510363790416617,0.07933559833899585,0.6024935245513916,19
100,0.1,500,500,0.5084360869382871,0.11476028690071725,0.6909719705581665,17
100,0.1,1000,500,0.5191408317440528,0.18044545111362778,0.7711099982261658,13
100,0.1,10,1000,0.5193707664905001,0.08398640996602491,0.610668957233429,14
100,0.1,25,1000,0.514986266381966,0.0931672329180823,0.6019312739372253,14
100,0.1,50,1000,0.5149601643374943,0.09354473386183465,0.601593017578125,14
100,0.1,100,1000,0.5163288679831384,0.08836542091355229,0.5912679433822632,14
100,0.1,250,1000,0.5129921200019317,0.11734239335598338,0.6451229453086853,14
100,0.1,500,1000,0.5160064862286573,0.14538316345790864,0.7224539518356323,13
100,0.1,1000,1000,0.5184226508058852,0.1737108342770857,0.7549295425415039,12
100,0.1,10,2500,0.5890464089708101,0.22320875802189505,0.7479893565177917,7
100,0.1,25,2500,0.5801795446667396,0.2321781804454511,0.743169903755188,7
100,0.1,50,2500,0.5819911107472397,0.2289920724801812,0.7384191155433655,7
100,0.1,100,2500,0.5592328040246525,0.19622499056247641,0.7138364315032959,6
100,0.1,250,2500,0.5778827545832671,0.22541336353340882,0.6556739807128906,6
100,0.1,500,2500,0.5667653601305236,0.23778029445073612,0.6926332116127014,5
100,0.1,1000,2500,0.5893342656383629,0.2754699886749717,0.7577817440032959,6
100,0.1,10,5000,0.44277023840857754,0.07074367685919215,0.37805795669555664,3
100,0.1,25,5000,0.33444697432891823,0.018799546998867496,0.29243066906929016,2
100,0.1,50,5000,0.33444697432891823,0.018799546998867496,0.29243072867393494,2
100,0.1,100,5000,0.5899532239911556,0.24717251793129483,0.7117645144462585,4
100,0.1,250,5000,0.5722940038313319,0.26692336730841826,0.6300156712532043,3
100,0.1,500,5000,0.5645817455403552,0.336957342393356,0.8115453720092773,3
100,0.1,1000,5000,0.3462273102376351,0.019584748961872404,0.29174354672431946,2
100,0.1,10,10000,0.33444697432891823,0.018799546998867496,0.29243069887161255,2
100,0.1,25,10000,0.33444697432891823,0.018799546998867496,0.29243066906929016,2
100,0.1,50,10000,0.33444697432891823,0.018799546998867496,0.2924307584762573,2
100,0.1,100,10000,0.5675861722022828,0.24394110985277465,0.5984177589416504,3
100,0.1,250,10000,0.5722940038313319,0.26692336730841826,0.6300156712532043,3
100,0.1,500,10000,0.3349295115030499,0.01911664779161948,0.29277700185775757,2
100,0.1,1000,10000,0.3462273102376351,0.019584748961872404,0.29174354672431946,2
100,0.1,10,15000,0.33444697432891823,0.018799546998867496,0.29243066906929016,2
100,0.1,25,15000,0.33444697432891823,0.018799546998867496,0.2924306392669678,2
100,0.1,50,15000,0.33444697432891823,0.018799546998867496,0.29243069887161255,2
100,0.1,100,15000,0.5675861722022828,0.24394110985277465,0.5984179377555847,3
100,0.1,250,15000,0.33444697432891823,0.018799546998867496,0.29243069887161255,2
100,0.1,500,15000,0.3349295115030499,0.01911664779161948,0.2927769422531128,2
100,0.1,1000,15000,0.3462273102376351,0.019584748961872404,0.2917434871196747,2
100,0.1,10,20000,0.0,1.0,,0
100,0.1,25,20000,0.0,1.0,,0
100,0.1,50,20000,0.0,1.0,,0
100,0.1,100,20000,0.0,1.0,,0
100,0.1,250,20000,0.0,1.0,,0
100,0.1,500,20000,0.0,1.0,,0
100,0.1,1000,20000,0.0,1.0,,0
100,0.1,10,22000,0.0,1.0,,0
100,0.1,25,22000,0.0,1.0,,0
100,0.1,50,22000,0.0,1.0,,0
100,0.1,100,22000,0.0,1.0,,0
100,0.1,250,22000,0.0,1.0,,0
100,0.1,500,22000,0.0,1.0,,0
100,0.1,1000,22000,0.0,1.0,,0
10,0.15,10,50,0.10195567537284238,0.39980369950924877,-0.3174571394920349,266
10,0.15,25,50,0.1418886670791764,0.5022574556436391,-0.19138386845588684,203
10,0.15,50,50,0.15319108208995963,0.549596073990185,-0.12915118038654327,159
10,0.15,100,50,0.14591177579923245,0.61760664401661,-0.07493730634450912,77
10,0.15,250,50,0.12557825281125912,0.7059116647791619,0.17261305451393127,31
10,0.15,500,50,0.08586126181137789,0.736157040392601,0.38666054606437683,17
10,0.15,1000,50,0.07458495808614685,0.7837523593808985,0.6700860857963562,10
10,0.15,10,100,0.10470760806646127,0.4195998489996225,-0.29164114594459534,113
10,0.15,25,100,0.1517582273909892,0.4993129482823707,-0.21113984286785126,98
10,0.15,50,100,0.16492244514873372,0.5645300113250283,-0.09239937365055084,89
10,0.15,100,100,0.161845973477506,0.6128652321630804,-0.018442213535308838,68
10,0.15,250,100,0.12666564024880791,0.7085843714609287,0.23670804500579834,29
10,0.15,500,100,0.08691538909874512,0.7349188372970933,0.5016462206840515,16
10,0.15,1000,100,0.07458495808614685,0.7837523593808985,0.6700860261917114,10
10,0.15,10,250,0.10260312279922422,0.448154020385051,-0.1700333058834076,41
10,0.15,25,250,0.14159609755248953,0.5641223103057758,0.012005052529275417,39
10,0.15,50,250,0.16689218080561982,0.616972442431106,0.10276423394680023,38
10,0.15,100,250,0.16537366230934214,0.6350773876934692,0.14199167490005493,32
10,0.15,250,250,0.1377888312076854,0.7050358625896564,0.2522123157978058,23
10,0.15,500,250,0.08748793835791306,0.7371989429973574,0.5211873054504395,15
10,0.15,1000,250,0.07458495808614685,0.7837523593808985,0.6700860857963562,10
10,0.15,10,500,0.08829768516756518,0.445919214798037,-0.09312093257904053,19
10,0.15,25,500,0.11739361279921058,0.6209890524726311,0.13142189383506775,18
10,0.15,50,500,0.14076156161833908,0.6716949792374481,0.33731988072395325,16
10,0.15,100,500,0.15519408205085933,0.6730237825594564,0.20898433029651642,17
10,0.15,250,500,0.11843038311554664,0.7263571158927897,0.5355203151702881,15
10,0.15,500,500,0.08506504617448256,0.7410494526236315,0.5427889227867126,14
10,0.15,1000,500,0.07458495808614685,0.7837523593808985,0.6700860857963562,10
10,0.15,10,1000,0.07411912911526185,0.46592676481691203,0.004133377689868212,12
10,0.15,25,1000,0.005283676728375197,0.049679124197810495,-0.141359344124794,3
10,0.15,50,1000,0.0021941063134257852,0.005707814269535674,-0.15078561007976532,2
10,0.15,100,1000,0.0020061338028608683,0.01159682899207248,-0.15118886530399323,2
10,0.15,250,1000,0.0018401144411066951,0.024628161570403925,-0.15215957164764404,2
10,0.15,500,1000,0.0026635763425335644,0.05333333333333334,-0.15519636869430542,2
10,0.15,1000,1000,0.014329148754975428,0.14218195545488863,-0.1667938083410263,2
10,0.15,10,2500,0.028148285590039686,0.2570177425443564,0.04984087869524956,2
10,0.15,25,2500,0.009923910969263325,0.34834277085692716,0.014313395135104656,2
10,0.15,50,2500,0.01903495218448758,0.37665534163835407,-0.01742728240787983,2
10,0.15,100,2500,0.05970407647464424,0.5253907134767837,-0.018392670899629593,2
10,0.15,250,2500,0.08067753078967972,0.48872782181955454,-0.10850048810243607,2
10,0.15,500,2500,0.10481865738851523,0.6879124197810494,-0.1464935839176178,2
10,0.15,1000,2500,0.07775363576859742,0.6311664779161948,-0.07277128100395203,3
10,0.15,10,5000,0.0,1.0,,0
10,0.15,25,5000,0.0,1.0,,0
10,0.15,50,5000,0.0,1.0,,0
10,0.15,100,5000,0.0,1.0,,0
10,0.15,250,5000,0.0,1.0,,0
10,0.15,500,5000,0.0,1.0,,0
10,0.15,1000,5000,0.08711414934664734,0.6305171762929407,0.07883895188570023,2
10,0.15,10,10000,0.0,1.0,,0
10,0.15,25,10000,0.0,1.0,,0
10,0.15,50,10000,0.0,1.0,,0
10,0.15,100,10000,0.0,1.0,,0
10,0.15,250,10000,0.0,1.0,,0
10,0.15,500,10000,0.0,1.0,,0
10,0.15,1000,10000,0.0,1.0,,0
10,0.15,10,15000,0.0,1.0,,0
10,0.15,25,15000,0.0,1.0,,0
10,0.15,50,15000,0.0,1.0,,0
10,0.15,100,15000,0.0,1.0,,0
10,0.15,250,15000,0.0,1.0,,0
10,0.15,500,15000,0.0,1.0,,0
10,0.15,1000,15000,0.0,1.0,,0
10,0.15,10,20000,0.0,1.0,,0
10,0.15,25,20000,0.0,1.0,,0
10,0.15,50,20000,0.0,1.0,,0
10,0.15,100,20000,0.0,1.0,,0
10,0.15,250,20000,0.0,1.0,,0
10,0.15,500,20000,0.0,1.0,,0
10,0.15,1000,20000,0.0,1.0,,0
10,0.15,10,22000,0.0,1.0,,0
10,0.15,25,22000,0.0,1.0,,0
10,0.15,50,22000,0.0,1.0,,0
10,0.15,100,22000,0.0,1.0,,0
10,0.15,250,22000,0.0,1.0,,0
10,0.15,500,22000,0.0,1.0,,0
10,0.15,1000,22000,0.0,1.0,,0
15,0.15,10,50,0.1168684829324672,0.43815779539448846,-0.15725818276405334,230
15,0.15,25,50,0.1362368012115583,0.48791241978104943,-0.13595068454742432,184
15,0.15,50,50,0.15873034599842137,0.4880785201963005,0.018378637731075287,146
15,0.15,100,50,0.16916438567522604,0.5451264628161571,0.023096106946468353,67
15,0.15,250,50,0.14208591404147117,0.6083503208758022,0.4730805456638336,27
15,0.15,500,50,0.09704858580236855,0.671528878822197,0.5211982131004333,18
15,0.15,1000,50,0.14861320782400064,0.6199622499056248,0.29177507758140564,12
15,0.15,10,100,0.12830590295345431,0.4722234805587014,-0.0946052074432373,92
15,0.15,25,100,0.1537003659929931,0.467995469988675,-0.12516158819198608,78
15,0.15,50,100,0.17314770163851578,0.5066666666666667,0.046294208616018295,74
15,0.15,100,100,0.17979907113968407,0.5372140430351076,0.06549743562936783,61
15,0.15,250,100,0.14289014201941816,0.6095432238580596,0.4738175570964813,25
15,0.15,500,100,0.09655836568934963,0.672480181200453,0.5278648734092712,17
15,0.15,1000,100,0.1487977570100944,0.6215024537561344,0.289078027009964,10
15,0.15,10,250,0.1423027001010846,0.49167232918082293,0.28666290640830994,33
15,0.15,25,250,0.1532911818752701,0.5241827104567761,0.261619508266449,31
15,0.15,50,250,0.1602749835855517,0.562884107210268,0.3419439494609833,28
15,0.15,100,250,0.15710340680268733,0.580158550396376,0.34732356667518616,26
15,0.15,250,250,0.1447704195148156,0.6072480181200453,0.4135010838508606,23
15,0.15,500,250,0.09624503888195166,0.6781728954322386,0.5495303869247437,14
15,0.15,1000,250,0.1487977570100944,0.6215024537561344,0.2890780568122864,10
15,0.15,10,500,0.23632228061261537,0.40732351830879576,0.019114553928375244,16
15,0.15,25,500,0.23738506886573493,0.4250207625519064,0.13546094298362732,14
15,0.15,50,500,0.143263967141888,0.6170932427331068,0.41106024384498596,14
15,0.15,100,500,0.2564967614121834,0.48120800302000755,0.43588992953300476,13
15,0.15,250,500,0.25062329284971985,0.4925934314835787,0.3588898181915283,13
15,0.15,500,500,0.09624503888195166,0.6781728954322386,0.5495303869247437,14
15,0.15,1000,500,0.14523283888880203,0.6276330690826727,0.28130799531936646,9
15,0.15,10,1000,0.23056499459455304,0.4384597961494904,0.44525468349456787,11
15,0.15,25,1000,0.21733322916423567,0.44548131370328425,0.15046201646327972,11
15,0.15,50,1000,0.21918097089609426,0.523352208380521,0.19783157110214233,10
15,0.15,100,1000,0.23371361215262343,0.5105322763306909,0.46472644805908203,10
15,0.15,250,1000,0.21453072478497218,0.5376368440921102,0.38705694675445557,9
15,0.15,500,1000,0.17836392537606183,0.5839939599849,0.2523839771747589,9
15,0.15,1000,1000,0.14523283888880203,0.6276330690826727,0.28130799531936646,9
15,0.15,10,2500,0.21342217376186476,0.5295583238958097,0.7229322195053101,4
15,0.15,25,2500,0.18073840247375902,0.49384673461683654,0.49725136160850525,3
15,0.15,50,2500,0.13644028729882363,0.43240468101170254,0.44025522470474243,2
15,0.15,100,2500,0.1682903267797482,0.3973574933937335,0.16407407820224762,3
15,0.15,250,2500,0.1859924852403199,0.4589807474518686,0.31818482279777527,2
15,0.15,500,2500,0.1955946166700272,0.47420158550396374,0.3550638258457184,2
15,0.15,1000,2500,0.11549963597968645,0.6638127595318988,0.5959843397140503,4
15,0.15,10,5000,0.2170764325107535,0.6359380898452246,0.7295660972595215,2
15,0.15,25,5000,0.0,1.0,,0
15,0.15,50,5000,0.0,1.0,,0
15,0.15,100,5000,0.0,1.0,,0
15,0.15,250,5000,0.0,1.0,,0
15,0.15,500,5000,0.0,1.0,,0
15,0.15,1000,5000,0.0,1.0,,0
15,0.15,10,10000,0.0,1.0,,0
15,0.15,25,10000,0.0,1.0,,0
15,0.15,50,10000,0.0,1.0,,0
15,0.15,100,10000,0.0,1.0,,0
15,0.15,250,10000,0.0,1.0,,0
15,0.15,500,10000,0.0,1.0,,0
15,0.15,1000,10000,0.0,1.0,,0
15,0.15,10,15000,0.0,1.0,,0
15,0.15,25,15000,0.0,1.0,,0
15,0.15,50,15000,0.0,1.0,,0
15,0.15,100,15000,0.0,1.0,,0
15,0.15,250,15000,0.0,1.0,,0
15,0.15,500,15000,0.0,1.0,,0
15,0.15,1000,15000,0.0,1.0,,0
15,0.15,10,20000,0.0,1.0,,0
15,0.15,25,20000,0.0,1.0,,0
15,0.15,50,20000,0.0,1.0,,0
15,0.15,100,20000,0.0,1.0,,0
15,0.15,250,20000,0.0,1.0,,0
15,0.15,500,20000,0.0,1.0,,0
15,0.15,1000,20000,0.0,1.0,,0
15,0.15,10,22000,0.0,1.0,,0
15,0.15,25,22000,0.0,1.0,,0
15,0.15,50,22000,0.0,1.0,,0
15,0.15,100,22000,0.0,1.0,,0
15,0.15,250,22000,0.0,1.0,,0
15,0.15,500,22000,0.0,1.0,,0
15,0.15,1000,22000,0.0,1.0,,0
30,0.15,10,50,0.13278612877094917,0.4289467723669309,-0.07736480236053467,226
30,0.15,25,50,0.16940552024661393,0.4988448471121178,-0.025152716785669327,179
30,0.15,50,50,0.16777442993377473,0.532487731219328,0.09126676619052887,151
30,0.15,100,50,0.15806403928566648,0.5797206493016233,0.21178081631660461,82
30,0.15,250,50,0.13909473627842936,0.643986409966025,0.28291651606559753,32
30,0.15,500,50,0.11450410850758239,0.6654586636466591,0.5010319948196411,19
30,0.15,1000,50,0.09322766340163315,0.7162551906379766,0.4742099940776825,12
30,0.15,10,100,0.13653085875768067,0.4591166477916195,-0.04091998189687729,118
30,0.15,25,100,0.15205881221059472,0.48440921102302753,-0.03231946751475334,92
30,0.15,50,100,0.1669750707555216,0.5373348433371083,0.04228266328573227,83
30,0.15,100,100,0.16134127675638002,0.5661306153265383,0.10667432099580765,75
30,0.15,250,100,0.13859633907793387,0.6402869007172518,0.23539812862873077,31
30,0.15,500,100,0.11450410850758239,0.6654586636466591,0.5010319352149963,19
30,0.15,1000,100,0.09370211611286976,0.717599093997735,0.48758378624916077,11
30,0.15,10,250,0.16582672531676948,0.20472631181577955,-0.1442754715681076,34
30,0.15,25,250,0.13239478936903373,0.49200453001132505,-0.049875203520059586,40
30,0.15,50,250,0.1496631291394519,0.5551528878822197,0.10804779827594757,36
30,0.15,100,250,0.16375894820257594,0.5775160437901095,0.09835422784090042,34
30,0.15,250,250,0.14509551773619564,0.6269233673084182,0.2296060174703598,27
30,0.15,500,250,0.1145296176613759,0.6666364665911665,0.5046506524085999,17
30,0.15,1000,250,0.09485722425536167,0.7210268025670065,0.5320650935173035,10
30,0.15,10,500,0.17238494047333044,0.21824084560211401,-0.05681489035487175,20
30,0.15,25,500,0.10739346321784753,0.5082370705926765,0.25888487696647644,20
30,0.15,50,500,0.16791607693112665,0.5606493016232541,0.23596161603927612,18
30,0.15,100,500,0.16694162219808237,0.6114760286900717,0.3075166940689087,18
30,0.15,250,500,0.13370150815858406,0.6642053605134013,0.47550398111343384,15
30,0.15,500,500,0.11530553275333687,0.6660173650434126,0.4681783616542816,16
30,0.15,1000,500,0.09485722425536167,0.7210268025670065,0.5320650339126587,10
30,0.15,10,1000,0.160525212362397,0.20904492261230653,-0.02907591685652733,11
30,0.15,25,1000,0.09645656875966825,0.564650811627029,0.32097354531288147,12
30,0.15,50,1000,0.10238346353498654,0.2896640241600604,-0.010693936608731747,9
30,0.15,100,1000,0.10639488944665863,0.315681389203473,-0.0548558235168457,11
30,0.15,250,1000,0.1326721906365697,0.6938467346168365,0.38829106092453003,10
30,0.15,500,1000,0.11965791893433457,0.6888184220460551,0.5050196647644043,11
30,0.15,1000,1000,0.09438878287456545,0.719365798414496,0.47808074951171875,9
30,0.15,10,2500,0.022480989227200536,0.036224990562476404,-0.08800265192985535,2
30,0.15,25,2500,0.011523084866790642,0.0009966024915062288,-0.11910638213157654,2
30,0.15,50,2500,0.011482035905397705,0.0013892034730086824,-0.11893559992313385,2
30,0.15,100,2500,0.022494244576261795,0.17712344280860703,-0.03553168103098869,2
30,0.15,250,2500,0.020232255674469304,0.2681766704416761,-0.05646669119596481,3
30,0.15,500,2500,0.023460683579991072,0.2373272933182333,-0.1062222570180893,3
30,0.15,1000,2500,0.0992118601677749,0.7073159682899207,0.4199272096157074,5
30,0.15,10,5000,0.0,1.0,,0
30,0.15,25,5000,0.0,1.0,,0
30,0.15,50,5000,0.0,1.0,,0
30,0.15,100,5000,0.0,1.0,,0
30,0.15,250,5000,0.0,1.0,,0
30,0.15,500,5000,0.0,1.0,,0
30,0.15,1000,5000,0.0,1.0,,0
30,0.15,10,10000,0.0,1.0,,0
30,0.15,25,10000,0.0,1.0,,0
30,0.15,50,10000,0.0,1.0,,0
30,0.15,100,10000,0.0,1.0,,0
30,0.15,250,10000,0.0,1.0,,0
30,0.15,500,10000,0.0,1.0,,0
30,0.15,1000,10000,0.0,1.0,,0
30,0.15,10,15000,0.0,1.0,,0
30,0.15,25,15000,0.0,1.0,,0
30,0.15,50,15000,0.0,1.0,,0
30,0.15,100,15000,0.0,1.0,,0
30,0.15,250,15000,0.0,1.0,,0
30,0.15,500,15000,0.0,1.0,,0
30,0.15,1000,15000,0.0,1.0,,0
30,0.15,10,20000,0.0,1.0,,0
30,0.15,25,20000,0.0,1.0,,0
30,0.15,50,20000,0.0,1.0,,0
30,0.15,100,20000,0.0,1.0,,0
30,0.15,250,20000,0.0,1.0,,0
30,0.15,500,20000,0.0,1.0,,0
30,0.15,1000,20000,0.0,1.0,,0
30,0.15,10,22000,0.0,1.0,,0
30,0.15,25,22000,0.0,1.0,,0
30,0.15,50,22000,0.0,1.0,,0
30,0.15,100,22000,0.0,1.0,,0
30,0.15,250,22000,0.0,1.0,,0
30,0.15,500,22000,0.0,1.0,,0
30,0.15,1000,22000,0.0,1.0,,0
50,0.15,10,50,0.48258613464730593,0.06153265383163458,0.323732852935791,159
50,0.15,25,50,0.4878602447087456,0.08363910909777274,0.303345650434494,147
50,0.15,50,50,0.4868533250786342,0.07303888259720649,0.33279839158058167,129
50,0.15,100,50,0.4909773405372274,0.06831257078142695,0.5618168711662292,62
50,0.15,250,50,0.48980116707252397,0.13197432993582484,0.6798302531242371,36
50,0.15,500,50,0.4944871750047333,0.13991694979237448,0.7522568106651306,19
50,0.15,1000,50,0.49397438753184875,0.17425443563608908,0.8242175579071045,15
50,0.15,10,100,0.4840529359704993,0.06823707059267649,0.5179819464683533,86
50,0.15,25,100,0.49055565194766226,0.0461759154397886,0.537625253200531,73
50,0.15,50,100,0.4914875832248513,0.05214043035107588,0.5379294753074646,70
50,0.15,100,100,0.49130179345943104,0.06731596828992073,0.552639365196228,60
50,0.15,250,100,0.4896280318806656,0.13165722914307285,0.6859362125396729,32
50,0.15,500,100,0.49456991391235394,0.1406719516798792,0.7628449201583862,18
50,0.15,1000,100,0.4938080917048706,0.17564363910909778,0.8277261853218079,14
50,0.15,10,250,0.49394875464992793,0.06835787089467724,0.6234250664710999,36
50,0.15,25,250,0.49504483444102687,0.07473008682521706,0.6261128187179565,35
50,0.15,50,250,0.4940733605664019,0.07352208380520951,0.6227322220802307,36
50,0.15,100,250,0.4970216028878799,0.08209890524726311,0.6629951000213623,32
50,0.15,250,250,0.4935496824174231,0.10908267270668176,0.705388069152832,28
50,0.15,500,250,0.49505804413649934,0.13333333333333333,0.7632579207420349,17
50,0.15,1000,250,0.4938080917048706,0.17564363910909778,0.8277263045310974,14
50,0.15,10,500,0.5000197666340912,0.07611929029822574,0.6898432374000549,19
50,0.15,25,500,0.5016481521868031,0.10115515288788222,0.6871376037597656,18
50,0.15,50,500,0.5011487428277991,0.09834654586636467,0.6787868738174438,18
50,0.15,100,500,0.5023783085695912,0.08989052472631182,0.6967602968215942,19
50,0.15,250,500,0.49797655516991407,0.12279350698376745,0.7230545282363892,17
50,0.15,500,500,0.49505804413649934,0.13333333333333333,0.7632577419281006,17
50,0.15,1000,500,0.4938080917048706,0.17564363910909778,0.8277263045310974,14
50,0.15,10,1000,0.503441492269067,0.07906379765949414,0.6739034056663513,16
50,0.15,25,1000,0.5070366165736356,0.12987542468856172,0.7016981840133667,14
50,0.15,50,1000,0.5037183519344646,0.11045677614194035,0.6663610339164734,14
50,0.15,100,1000,0.5045027864043827,0.11821819554548886,0.696064829826355,15
50,0.15,250,1000,0.5022335524414827,0.15045677614194036,0.7487745881080627,14
50,0.15,500,1000,0.497328140456289,0.14053605134012834,0.7267940640449524,13
50,0.15,1000,1000,0.49500032423418944,0.17514533786334466,0.7941754460334778,13
50,0.15,10,2500,0.5398559553558584,0.19642129105322764,0.6959190964698792,6
50,0.15,25,2500,0.5898610664309529,0.29588523971309927,0.7223066091537476,5
50,0.15,50,2500,0.588190402341699,0.28498301245753116,0.8081965446472168,6
50,0.15,100,2500,0.5479369999599358,0.25568893922234803,0.6749540567398071,5
50,0.15,250,2500,0.5309130515197981,0.24306530766326917,0.6417517066001892,4
50,0.15,500,2500,0.5647609603507816,0.30079275198187994,0.7012696266174316,4
50,0.15,1000,2500,0.6035565208778088,0.26055115137787843,0.7486062049865723,4
50,0.15,10,5000,0.5553283202980376,0.24407701019252548,0.6684730052947998,4
50,0.15,25,5000,0.6208633027380837,0.33728954322385807,0.7047464847564697,3
50,0.15,50,5000,0.6952203874480534,0.3333031332578331,0.860813558101654,3
50,0.15,100,5000,0.5854710311564101,0.30002265005662515,0.6891028881072998,3
50,0.15,250,5000,0.5731462948653286,0.29568893922234807,0.6784461140632629,3
50,0.15,500,5000,0.6163281801600385,0.35341638354095883,0.739473283290863,3
50,0.15,1000,5000,0.687381613830705,0.36259720649301624,0.8182915449142456,2
50,0.15,10,10000,0.5912364211500439,0.3342544356360891,0.7455227375030518,2
50,0.15,25,10000,0.5077969731930094,0.2838052095130238,0.6282553672790527,2
50,0.15,50,10000,0.49486332842735486,0.2682974707436769,0.5962233543395996,2
50,0.15,100,10000,0.5854710311564101,0.30002265005662515,0.6891029477119446,3
50,0.15,250,10000,0.5731462948653286,0.29568893922234807,0.6784461140632629,3
50,0.15,500,10000,0.41312588408497847,0.23163457908644772,0.5502224564552307,2
50,0.15,1000,10000,0.687381613830705,0.36259720649301624,0.8182916641235352,2
50,0.15,10,15000,0.5912364211500439,0.3342544356360891,0.7455227971076965,2
50,0.15,25,15000,0.5077969731930094,0.2838052095130238,0.628255307674408,2
50,0.15,50,15000,0.49486332842735486,0.2682974707436769,0.5962233543395996,2
50,0.15,100,15000,0.36829101221913524,0.164001510003775,0.5560132265090942,2
50,0.15,250,15000,0.37416316330935695,0.1758248395620989,0.5106337070465088,2
50,0.15,500,15000,0.41312588408497847,0.23163457908644772,0.5502223968505859,2
50,0.15,1000,15000,0.687381613830705,0.36259720649301624,0.818291425704956,2
50,0.15,10,20000,0.0,1.0,,0
50,0.15,25,20000,0.0,1.0,,0
50,0.15,50,20000,0.0,1.0,,0
50,0.15,100,20000,0.0,1.0,,0
50,0.15,250,20000,0.0,1.0,,0
50,0.15,500,20000,0.0,1.0,,0
50,0.15,1000,20000,0.0,1.0,,0
50,0.15,10,22000,0.0,1.0,,0
50,0.15,25,22000,0.0,1.0,,0
50,0.15,50,22000,0.0,1.0,,0
50,0.15,100,22000,0.0,1.0,,0
50,0.15,250,22000,0.0,1.0,,0
50,0.15,500,22000,0.0,1.0,,0
50,0.15,1000,22000,0.0,1.0,,0
75,0.15,10,50,0.29927721865438,0.11987919969799925,0.3072749376296997,197
75,0.15,25,50,0.48493014749602065,0.10393355983389958,403.1228332519531,150
75,0.15,50,50,0.48255815113405254,0.06991317478293696,0.5462861061096191,132
75,0.15,100,50,0.497571143938573,0.07130237825594564,0.7308396697044373,66
75,0.15,250,50,0.4974488235113313,0.14434126085315213,0.7991292476654053,34
75,0.15,500,50,0.5048643808228184,0.15842959607399018,0.7830615043640137,16
75,0.15,1000,50,0.5165549311991829,0.17565873914684788,0.8525291085243225,13
75,0.15,10,100,0.3149242440851691,0.11347678369195922,0.33316901326179504,99
75,0.15,25,100,0.49706737465976214,0.04619101547753869,0.6914342641830444,74
75,0.15,50,100,0.49694924820682823,0.060626651566628914,0.6909152865409851,71
75,0.15,100,100,0.49783659627926385,0.07093997734994338,0.726091742515564,63
75,0.15,250,100,0.4969554218761085,0.13215553038882596,0.7716301083564758,31
75,0.15,500,100,0.5048643808228184,0.15842959607399018,0.7830617427825928,16
75,0.15,1000,100,0.5169945691198273,0.17670064175160438,0.8554049134254456,12
75,0.15,10,250,0.34084190942151094,0.11533408833522084,0.3023333251476288,45
75,0.15,25,250,0.5070755006505082,0.0378557946394866,0.618691623210907,35
75,0.15,50,250,0.5066486659838333,0.04853152132880332,0.6166737079620361,34
75,0.15,100,250,0.5057921803013578,0.0569120422801057,0.636603593826294,32
75,0.15,250,250,0.4982897138948976,0.11796149490373727,0.7404789924621582,28
75,0.15,500,250,0.5048643808228184,0.15842959607399018,0.7830615639686584,16
75,0.15,1000,250,0.5169945691198273,0.17670064175160438,0.8554050326347351,12
75,0.15,10,500,0.35591493363613097,0.13895054737636844,0.3533881604671478,25
75,0.15,25,500,0.5120391292074612,0.07323518308795772,0.6562631130218506,19
75,0.15,50,500,0.5099675728402422,0.07933559833899585,0.6624197959899902,19
75,0.15,100,500,0.507540109791685,0.0845753114382786,0.666735053062439,19
75,0.15,250,500,0.5014313109690661,0.1385277463193658,0.7423098087310791,17
75,0.15,500,500,0.5058234627098797,0.16496791241978104,0.7959477305412292,15
75,0.15,1000,500,0.5169945691198273,0.17670064175160438,0.8554049730300903,12
75,0.15,10,1000,0.3746457775986585,0.17060022650056625,0.4399643540382385,14
75,0.15,25,1000,0.5186190173424925,0.11933559833899585,0.7484561800956726,12
75,0.15,50,1000,0.515766177998176,0.125602114005285,0.7611819505691528,12
75,0.15,100,1000,0.5143469941214354,0.11483578708946772,0.735938549041748,12
75,0.15,250,1000,0.5090326848083494,0.17807474518686298,0.8377270102500916,12
75,0.15,500,1000,0.5139882465515487,0.18559456398640997,0.861291766166687,12
75,0.15,1000,1000,0.5169945691198273,0.17670064175160438,0.8554048538208008,12
75,0.15,10,2500,0.5488627802069271,0.16919592298980748,0.7075669169425964,8
75,0.15,25,2500,0.539889318166271,0.1801736504341261,0.6562692523002625,7
75,0.15,50,2500,0.5506143109803683,0.20996602491506228,0.7885668873786926,8
75,0.15,100,2500,0.5438466640443843,0.19938089845224613,0.7035690546035767,7
75,0.15,250,2500,0.5060936324814831,0.1280332200830502,0.4742012023925781,5
75,0.15,500,2500,0.5491212476415354,0.22967157417893544,0.7555859088897705,6
75,0.15,1000,2500,0.5774106594477905,0.2771007927519819,0.7920530438423157,6
75,0.15,10,5000,0.5467434911983334,0.3055643639109098,0.7844784259796143,4
75,0.15,25,5000,0.5678016239535054,0.3168138920347301,0.8285167813301086,3
75,0.15,50,5000,0.5778676479767496,0.2730388825972065,0.6630743741989136,3
75,0.15,100,5000,0.5649392266822401,0.23688939222348057,0.6311482787132263,3
75,0.15,250,5000,0.55282839926821,0.2239486598716497,0.5923256278038025,3
75,0.15,500,5000,0.5885223400224693,0.2902831257078143,0.6906137466430664,3
75,0.15,1000,5000,0.34487052331552565,0.0033673084182710457,0.23017293214797974,2
75,0.15,10,10000,0.3395443460783532,0.0,0.22663044929504395,2
75,0.15,25,10000,0.5678016239535054,0.3168138920347301,0.8285167813301086,3
75,0.15,50,10000,0.5778676479767496,0.2730388825972065,0.6630744934082031,3
75,0.15,100,10000,0.5649392266822401,0.23688939222348057,0.6311482787132263,3
75,0.15,250,10000,0.55282839926821,0.2239486598716497,0.5923256278038025,3
75,0.15,500,10000,0.5885223400224693,0.2902831257078143,0.690613865852356,3
75,0.15,1000,10000,0.34487052331552565,0.0033673084182710457,0.23017290234565735,2
75,0.15,10,15000,0.3395443460783532,0.0,0.22663046419620514,2
75,0.15,25,15000,0.3395443460783532,0.0,0.22663044929504395,2
75,0.15,50,15000,0.3395443460783532,0.0,0.22663047909736633,2
75,0.15,100,15000,0.5649392266822401,0.23688939222348057,0.6311482787132263,3
75,0.15,250,15000,0.55282839926821,0.2239486598716497,0.5923256874084473,3
75,0.15,500,15000,0.339508495129231,3.020007550018875e-05,0.2266077697277069,2
75,0.15,1000,15000,0.34487052331552565,0.0033673084182710457,0.23017291724681854,2
75,0.15,10,20000,0.0,1.0,,0
75,0.15,25,20000,0.0,1.0,,0
75,0.15,50,20000,0.0,1.0,,0
75,0.15,100,20000,0.0,1.0,,0
75,0.15,250,20000,0.0,1.0,,0
75,0.15,500,20000,0.0,1.0,,0
75,0.15,1000,20000,0.0,1.0,,0
75,0.15,10,22000,0.0,1.0,,0
75,0.15,25,22000,0.0,1.0,,0
75,0.15,50,22000,0.0,1.0,,0
75,0.15,100,22000,0.0,1.0,,0
75,0.15,250,22000,0.0,1.0,,0
75,0.15,500,22000,0.0,1.0,,0
75,0.15,1000,22000,0.0,1.0,,0
100,0.15,10,50,0.3073871511247155,0.1696338240845602,0.30967530608177185,194
100,0.15,25,50,0.4856208439632818,0.10295205738014344,0.3946506381034851,165
100,0.15,50,50,0.48667304347063495,0.1135673839184598,0.4593401849269867,141
100,0.15,100,50,0.4980031821181802,0.06890147225368064,0.7252964377403259,68
100,0.15,250,50,0.5066163019355167,0.10216685541713855,0.6656384468078613,31
100,0.15,500,50,0.5162540854824368,0.14434126085315213,0.7339000105857849,17
100,0.15,1000,50,0.5147462562111585,0.1667044167610419,0.7659525275230408,13
100,0.15,10,100,0.3130504059132867,0.18505096262740656,0.3337412178516388,96
100,0.15,25,100,0.49793427202500046,0.049467723669309176,0.664801836013794,79
100,0.15,50,100,0.500266968228832,0.06046055115137788,0.6792444586753845,77
100,0.15,100,100,0.49819676851738764,0.06704416761041902,0.7140061855316162,66
100,0.15,250,100,0.5064664997068491,0.0979992449981125,0.6622586250305176,30
100,0.15,500,100,0.5162540854824368,0.14434126085315213,0.7339001893997192,17
100,0.15,1000,100,0.5147462562111585,0.1667044167610419,0.7659525871276855,13
100,0.15,10,250,0.5069014332100866,0.03750849377123443,0.5951234102249146,39
100,0.15,25,250,0.508674991129346,0.03187617969044922,0.5732252597808838,36
100,0.15,50,250,0.5090723758417288,0.03738769346923367,0.5704271793365479,34
100,0.15,100,250,0.50970193502633,0.056111740279350696,0.602967381477356,32
100,0.15,250,250,0.5092092909312602,0.09253303133257833,0.6387553811073303,28
100,0.15,500,250,0.5142886350580047,0.12602491506228766,0.7461281418800354,16
100,0.15,1000,250,0.5147462562111585,0.1667044167610419,0.7659525871276855,13
100,0.15,10,500,0.5174143424286454,0.07059267648169121,0.6888403296470642,19
100,0.15,25,500,0.5181781920445497,0.06905247263118158,0.6187000274658203,17
100,0.15,50,500,0.5175404140520328,0.07429218573046432,0.6010557413101196,18
100,0.15,100,500,0.5202706538460123,0.07815779539448849,0.5829208493232727,18
100,0.15,250,500,0.5180580374879727,0.10935447338618347,0.6441457271575928,17
100,0.15,500,500,0.5142886350580047,0.12602491506228766,0.7461280822753906,16
100,0.15,1000,500,0.5147462562111585,0.1667044167610419,0.7659525871276855,13
100,0.15,10,1000,0.5249554196394229,0.07762929407323518,0.6313115954399109,13
100,0.15,25,1000,0.5208570560028842,0.09867874669686674,0.6365452408790588,13
100,0.15,50,1000,0.5209705622267041,0.08445451113627785,0.5810759663581848,14
100,0.15,100,1000,0.5233521332096405,0.08437901094752737,0.6049609184265137,13
100,0.15,250,1000,0.5195693620006158,0.08883352208380521,0.6318529844284058,13
100,0.15,500,1000,0.5176403752507065,0.11710079275198187,0.6709439754486084,12
100,0.15,1000,1000,0.5152790747538827,0.15935069837674595,0.7478211522102356,12
100,0.15,10,2500,0.5468355004629729,0.09875424688561721,0.6518751978874207,8
100,0.15,25,2500,0.5772818113933376,0.21600604001510004,0.7478000521659851,7
100,0.15,50,2500,0.5664674360009027,0.1836617591543979,0.7074853777885437,7
100,0.15,100,2500,0.5715346803357942,0.1897772744431861,0.6884950399398804,7
100,0.15,250,2500,0.5729612420268579,0.24206870517176293,0.7247225046157837,7
100,0.15,500,2500,0.5695410612688885,0.23797659494148735,0.7251115441322327,7
100,0.15,1000,2500,0.6499302233343981,0.24896942242355605,0.7380220890045166,5
100,0.15,10,5000,0.7487256715143613,0.20286900717251793,0.8086552619934082,4
100,0.15,25,5000,0.5978755673449966,0.3680483201208003,0.792659342288971,3
100,0.15,50,5000,0.6272451394531999,0.27658739146847866,0.6968439221382141,4
100,0.15,100,5000,0.5679738977373557,0.3297395243488109,0.777466893196106,3
100,0.15,250,5000,0.5783162258293332,0.26435636089090225,0.6318924427032471,3
100,0.15,500,5000,0.3413542031186273,0.015794639486598715,0.23976996541023254,2
100,0.15,1000,5000,0.6496490498755672,0.34595696489241223,0.8677926659584045,3
100,0.15,10,10000,0.515554785129758,0.07595318988297471,0.37476158142089844,2
100,0.15,25,10000,0.3399195605755014,0.022438656096640242,0.24988673627376556,2
100,0.15,50,10000,0.3399195605755014,0.022438656096640242,0.24988675117492676,2
100,0.15,100,10000,0.3399195605755014,0.022438656096640242,0.24988672137260437,2
100,0.15,250,10000,0.5783162258293332,0.26435636089090225,0.6318924427032471,3
100,0.15,500,10000,0.3413542031186273,0.015794639486598715,0.23976999521255493,2
100,0.15,1000,10000,0.33802974467768815,0.03565118912797282,0.24910256266593933,2
100,0.15,10,15000,0.515554785129758,0.07595318988297471,0.37476155161857605,2
100,0.15,25,15000,0.3399195605755014,0.022438656096640242,0.24988672137260437,2
100,0.15,50,15000,0.3399195605755014,0.022438656096640242,0.24988676607608795,2
100,0.15,100,15000,0.3399195605755014,0.022438656096640242,0.24988678097724915,2
100,0.15,250,15000,0.33949057249588677,4.5300113250283124e-05,0.24136438965797424,2
100,0.15,500,15000,0.3413542031186273,0.015794639486598715,0.23976996541023254,2
100,0.15,1000,15000,0.33802974467768815,0.03565118912797282,0.24910251796245575,2
100,0.15,10,20000,0.515554785129758,0.07595318988297471,0.3747616410255432,2
100,0.15,25,20000,0.0,1.0,,0
100,0.15,50,20000,0.0,1.0,,0
100,0.15,100,20000,0.0,1.0,,0
100,0.15,250,20000,0.0,1.0,,0
100,0.15,500,20000,0.0,1.0,,0
100,0.15,1000,20000,0.0,1.0,,0
100,0.15,10,22000,0.0,1.0,,0
100,0.15,25,22000,0.0,1.0,,0
100,0.15,50,22000,0.0,1.0,,0
100,0.15,100,22000,0.0,1.0,,0
100,0.15,250,22000,0.0,1.0,,0
100,0.15,500,22000,0.0,1.0,,0
100,0.15,1000,22000,0.0,1.0,,0
10,0.25,10,50,0.10319896655131784,0.4002567006417516,-0.2382562905550003,236
10,0.25,25,50,0.13354169280308956,0.4904794261985655,-0.17713166773319244,186
10,0.25,50,50,0.14254908407645014,0.5610721026802566,-0.07767879962921143,148
10,0.25,100,50,0.13710601548143572,0.6284031710079275,0.07030680030584335,79
10,0.25,250,50,0.11552464437816849,0.7074518686296716,0.2830744683742523,31
10,0.25,500,50,0.08470570478736117,0.7663571158927898,0.5557260513305664,17
10,0.25,1000,50,0.0701228462843925,0.8025217063042658,0.6664578914642334,11
10,0.25,10,100,0.11968698901930998,0.41916194790486977,-0.25893503427505493,119
10,0.25,25,100,0.1510409977083124,0.49955454888637224,-0.1569249927997589,94
10,0.25,50,100,0.1629125758856048,0.5776670441676104,-0.014283663593232632,83
10,0.25,100,100,0.16091224715536992,0.6166704416761042,0.06287963688373566,65
10,0.25,250,100,0.12081687923432839,0.7036617591543979,0.2933734953403473,24
10,0.25,500,100,0.08407430415601262,0.7689996224990563,0.6906992197036743,15
10,0.25,1000,100,0.0701228462843925,0.8025217063042658,0.6664578318595886,11
10,0.25,10,250,0.1096062298817817,0.41872404681011705,-0.19772657752037048,42
10,0.25,25,250,0.15032287735517733,0.559033597583994,0.025921104475855827,41
10,0.25,50,250,0.18381300581154636,0.6049075122687807,0.1263960897922516,33
10,0.25,100,250,0.16033797564479066,0.6484560211400529,0.1571395844221115,29
10,0.25,250,250,0.12492795638425816,0.6862514156285391,0.23189666867256165,22
10,0.25,500,250,0.09467778685896353,0.7594714986787467,0.6546071171760559,13
10,0.25,1000,250,0.07058426665178727,0.8029898074745186,0.6976009011268616,9
10,0.25,10,500,0.10697659072752026,0.49144582861457153,0.08579248189926147,22
10,0.25,25,500,0.12915156104706912,0.6291581728954322,0.2758866846561432,21
10,0.25,50,500,0.1576508396376578,0.6568516421291053,0.24853461980819702,18
10,0.25,100,500,0.16653006712144972,0.6671649679124197,0.27880460023880005,17
10,0.25,250,500,0.13810489289968186,0.6774178935447338,0.3134787678718567,13
10,0.25,500,500,0.0903581307768516,0.7643488108720272,0.6776862740516663,12
10,0.25,1000,500,0.06863697653300264,0.806870517176293,0.6941342353820801,8
10,0.25,10,1000,0.07656599203785791,0.5632767081917704,0.26780369877815247,14
10,0.25,25,1000,0.0021435709580721347,0.010539826349565873,-0.16008614003658295,2
10,0.25,50,1000,0.0019696520445896502,0.025866364665911665,-0.15996190905570984,2
10,0.25,100,1000,0.1345494379424033,0.6965345413363533,0.34605127573013306,12
10,0.25,250,1000,0.10914780590264452,0.7063042657606644,0.38054588437080383,10
10,0.25,500,1000,0.07191136915796631,0.7813061532653832,0.6056647896766663,8
10,0.25,1000,1000,0.06863697653300264,0.806870517176293,0.6941341161727905,8
10,0.25,10,2500,0.015729259943039288,0.19122687806719516,-0.023730026558041573,2
10,0.25,25,2500,0.010811696411349013,0.19397508493771234,-0.02895415388047695,2
10,0.25,50,2500,0.020351771511337092,0.2921102302755757,-0.04182186350226402,2
10,0.25,100,2500,0.042613502879675844,0.3428010570026425,-0.08417434245347977,2
10,0.25,250,2500,0.11922819538110392,0.5838429596073991,-0.150560200214386,2
10,0.25,500,2500,0.12323402842154456,0.6623027557568893,-0.16952668130397797,2
10,0.25,1000,2500,0.08189546285341863,0.7051566628916572,-0.043314918875694275,3
10,0.25,10,5000,0.0,1.0,,0
10,0.25,25,5000,0.0,1.0,,0
10,0.25,50,5000,0.0,1.0,,0
10,0.25,100,5000,0.0,1.0,,0
10,0.25,250,5000,0.0,1.0,,0
10,0.25,500,5000,0.0,1.0,,0
10,0.25,1000,5000,0.0,1.0,,0
10,0.25,10,10000,0.0,1.0,,0
10,0.25,25,10000,0.0,1.0,,0
10,0.25,50,10000,0.0,1.0,,0
10,0.25,100,10000,0.0,1.0,,0
10,0.25,250,10000,0.0,1.0,,0
10,0.25,500,10000,0.0,1.0,,0
10,0.25,1000,10000,0.0,1.0,,0
10,0.25,10,15000,0.0,1.0,,0
10,0.25,25,15000,0.0,1.0,,0
10,0.25,50,15000,0.0,1.0,,0
10,0.25,100,15000,0.0,1.0,,0
10,0.25,250,15000,0.0,1.0,,0
10,0.25,500,15000,0.0,1.0,,0
10,0.25,1000,15000,0.0,1.0,,0
10,0.25,10,20000,0.0,1.0,,0
10,0.25,25,20000,0.0,1.0,,0
10,0.25,50,20000,0.0,1.0,,0
10,0.25,100,20000,0.0,1.0,,0
10,0.25,250,20000,0.0,1.0,,0
10,0.25,500,20000,0.0,1.0,,0
10,0.25,1000,20000,0.0,1.0,,0
10,0.25,10,22000,0.0,1.0,,0
10,0.25,25,22000,0.0,1.0,,0
10,0.25,50,22000,0.0,1.0,,0
10,0.25,100,22000,0.0,1.0,,0
10,0.25,250,22000,0.0,1.0,,0
10,0.25,500,22000,0.0,1.0,,0
10,0.25,1000,22000,0.0,1.0,,0
15,0.25,10,50,0.10615184346153225,0.4320724801812005,-0.19746749103069305,235
15,0.25,25,50,0.14075284569079444,0.4965949414873537,-0.1408180147409439,182
15,0.25,50,50,0.1423502488556339,0.5665383163457909,-0.04535609483718872,143
15,0.25,100,50,0.1555330272358946,0.6074292185730464,0.04628530889749527,75
15,0.25,250,50,0.12949400627932217,0.6727821819554549,0.3974982500076294,28
15,0.25,500,50,0.11376808670004303,0.7195167987919969,0.421089768409729,18
15,0.25,1000,50,0.07576151695221268,0.7956058890147225,0.6111082434654236,11
15,0.25,10,100,0.11955850294641866,0.4256851642129105,-0.24357230961322784,113
15,0.25,25,100,0.15926068446738545,0.5005058512646282,-0.1619114726781845,101
15,0.25,50,100,0.1689951323894234,0.5546092865232163,-0.045091040432453156,80
15,0.25,100,100,0.1682835190080167,0.6006191015477539,0.06259559094905853,67
15,0.25,250,100,0.13430952564509155,0.6688259720649301,0.3862117528915405,25
15,0.25,500,100,0.11441686174672033,0.7211476028690071,0.4418908953666687,15
15,0.25,1000,100,0.0750249358405076,0.7966930917327293,0.6128958463668823,10
15,0.25,10,250,0.11712361573180774,0.4754095885239713,-0.01541902031749487,42
15,0.25,25,250,0.15149249633805395,0.564152510381276,0.05322221294045448,37
15,0.25,50,250,0.16848977364584805,0.6057682144205361,0.1523333638906479,31
15,0.25,100,250,0.17240458143131443,0.6394110985277464,0.2905799448490143,28
15,0.25,250,250,0.13766687665849375,0.6653982634956588,0.4149566888809204,22
15,0.25,500,250,0.11504500433711247,0.7226878067195168,0.4635879099369049,14
15,0.25,1000,250,0.0750249358405076,0.7966930917327293,0.6128959059715271,10
15,0.25,10,500,0.11714100565677771,0.5408984522461306,0.07884954661130905,21
15,0.25,25,500,0.14430356522356835,0.6421895054737636,0.23347212374210358,17
15,0.25,50,500,0.1736628035810339,0.6540883352208381,0.21160872280597687,15
15,0.25,100,500,0.1476124779458513,0.666878067195168,0.2931925654411316,14
15,0.25,250,500,0.14185797111491966,0.6766024915062288,0.31744086742401123,15
15,0.25,500,500,0.11858286021702244,0.7198640996602491,0.4111073315143585,13
15,0.25,1000,500,0.07403663535200443,0.8006342015855039,0.6085197329521179,9
15,0.25,10,1000,0.11224311828188492,0.40543601359003395,0.010221485048532486,10
15,0.25,25,1000,0.1062497273738489,0.6958550396375991,0.3448219895362854,10
15,0.25,50,1000,0.1298984838767004,0.6906304265760664,0.2720017433166504,11
15,0.25,100,1000,0.12715159061458237,0.6968667421668554,0.25047555565834045,10
15,0.25,250,1000,0.13757379990096885,0.6898150245375614,0.3433389961719513,11
15,0.25,500,1000,0.09510636095336385,0.7398716496791242,0.36613306403160095,10
15,0.25,1000,1000,0.07171060562276114,0.7930690826727067,0.6683246493339539,8
15,0.25,10,2500,0.05816933433518032,0.24033220083050208,0.1692485511302948,2
15,0.25,25,2500,0.030173334587398903,0.6436995092487732,0.23064763844013214,3
15,0.25,50,2500,0.02051867924061505,0.8113099282748207,0.27498695254325867,3
15,0.25,100,2500,0.044535429744377894,0.722551906379766,0.042291197925806046,3
15,0.25,250,2500,0.057175002896724086,0.664477161192903,0.0031847984064370394,3
15,0.25,500,2500,0.0492382214925848,0.71839939599849,0.126460000872612,2
15,0.25,1000,2500,0.1203934080001568,0.6439109097772745,0.028783490881323814,2
15,0.25,10,5000,0.0,1.0,,0
15,0.25,25,5000,0.0,1.0,,0
15,0.25,50,5000,0.0,1.0,,0
15,0.25,100,5000,0.0,1.0,,0
15,0.25,250,5000,0.0,1.0,,0
15,0.25,500,5000,0.0,1.0,,0
15,0.25,1000,5000,0.0,1.0,,0
15,0.25,10,10000,0.0,1.0,,0
15,0.25,25,10000,0.0,1.0,,0
15,0.25,50,10000,0.0,1.0,,0
15,0.25,100,10000,0.0,1.0,,0
15,0.25,250,10000,0.0,1.0,,0
15,0.25,500,10000,0.0,1.0,,0
15,0.25,1000,10000,0.0,1.0,,0
15,0.25,10,15000,0.0,1.0,,0
15,0.25,25,15000,0.0,1.0,,0
15,0.25,50,15000,0.0,1.0,,0
15,0.25,100,15000,0.0,1.0,,0
15,0.25,250,15000,0.0,1.0,,0
15,0.25,500,15000,0.0,1.0,,0
15,0.25,1000,15000,0.0,1.0,,0
15,0.25,10,20000,0.0,1.0,,0
15,0.25,25,20000,0.0,1.0,,0
15,0.25,50,20000,0.0,1.0,,0
15,0.25,100,20000,0.0,1.0,,0
15,0.25,250,20000,0.0,1.0,,0
15,0.25,500,20000,0.0,1.0,,0
15,0.25,1000,20000,0.0,1.0,,0
15,0.25,10,22000,0.0,1.0,,0
15,0.25,25,22000,0.0,1.0,,0
15,0.25,50,22000,0.0,1.0,,0
15,0.25,100,22000,0.0,1.0,,0
15,0.25,250,22000,0.0,1.0,,0
15,0.25,500,22000,0.0,1.0,,0
15,0.25,1000,22000,0.0,1.0,,0
30,0.25,10,50,0.10762066653304109,0.445919214798037,-0.046359919011592865,222
30,0.25,25,50,0.17292674879755235,0.5135069837674594,0.13808971643447876,168
30,0.25,50,50,0.17425372919374724,0.5658286145715364,0.26561564207077026,138
30,0.25,100,50,0.1679219542070904,0.5847338618346546,0.28589504957199097,72
30,0.25,250,50,0.14075438855773767,0.6284031710079275,0.36269131302833557,33
30,0.25,500,50,0.09924251706886066,0.6827029067572669,0.5720066428184509,18
30,0.25,1000,50,0.07768487692186674,0.7282295205738014,0.3811531960964203,12
30,0.25,10,100,0.14616609561826774,0.4411325028312571,-0.003390079364180565,99
30,0.25,25,100,0.17619245076796203,0.4985428463571159,0.10391279309988022,89
30,0.25,50,100,0.17623706335674413,0.5478595696489241,0.22486115992069244,77
30,0.25,100,100,0.1737170847615237,0.5721404303510759,0.19818560779094696,59
30,0.25,250,100,0.14138252700808013,0.629762174405436,0.3612828254699707,32
30,0.25,500,100,0.11049497297870381,0.6721177802944507,0.5183777809143066,17
30,0.25,1000,100,0.07768487692186674,0.7282295205738014,0.3811531960964203,12
30,0.25,10,250,0.14155359954710925,0.46912797281993207,0.11242776364088058,46
30,0.25,25,250,0.17637600799046657,0.5242733106832768,0.15380831062793732,41
30,0.25,50,250,0.17886455718096522,0.5426953567383919,0.19077594578266144,38
30,0.25,100,250,0.1775577596655618,0.5613439033597584,0.24604882299900055,34
30,0.25,250,250,0.15016306895952317,0.6231785579463949,0.2786500155925751,29
30,0.25,500,250,0.10941348934601938,0.6773272933182333,0.5299201607704163,15
30,0.25,1000,250,0.09314983415906676,0.7147904869762174,0.5845381021499634,10
30,0.25,10,500,0.10192414518802355,0.3570403926009815,0.019142568111419678,23
30,0.25,25,500,0.14780301024706657,0.5441449603624009,0.2313864678144455,19
30,0.25,50,500,0.16139959075348517,0.5764288410721027,0.2865777909755707,21
30,0.25,100,500,0.16298414426238395,0.6039260098150245,0.3472541868686676,20
30,0.25,250,500,0.17874689203828517,0.6352283880709702,0.2957577407360077,15
30,0.25,500,500,0.10941348934601938,0.6773272933182333,0.5299201607704163,15
30,0.25,1000,500,0.09100998118970764,0.7188674971687429,0.5888837575912476,9
30,0.25,10,1000,0.1267597792809223,0.305443563608909,-0.03724823147058487,10
30,0.25,25,1000,0.10244982336006596,0.6068101170252925,0.45694851875305176,12
30,0.25,50,1000,0.12333336795296433,0.6434126085315214,0.4370681345462799,12
30,0.25,100,1000,0.13889819384499957,0.6514005285013212,0.3182050883769989,11
30,0.25,250,1000,0.13707925187811662,0.6881993204983012,0.5317473411560059,10
30,0.25,500,1000,0.09944551463351924,0.7161494903737259,0.5723589658737183,10
30,0.25,1000,1000,0.09100998118970764,0.7188674971687429,0.5888838171958923,9
30,0.25,10,2500,0.011492096304723183,0.0012835032087580218,-0.12514281272888184,2
30,0.25,25,2500,0.03305607020803532,0.09828614571536429,-0.053649190813302994,2
30,0.25,50,2500,0.019394224368756503,0.1768516421291053,-0.033655937761068344,2
30,0.25,100,2500,0.012195342506781016,0.3363684409211023,-0.009252853691577911,2
30,0.25,250,2500,0.023393053844472097,0.19871649679124198,-0.12705166637897491,2
30,0.25,500,2500,0.04312568507437184,0.695039637599094,0.033034153282642365,3
30,0.25,1000,2500,0.08258021996931304,0.6813288033220083,0.11511562764644623,3
30,0.25,10,5000,0.0,1.0,,0
30,0.25,25,5000,0.0,1.0,,0
30,0.25,50,5000,0.0,1.0,,0
30,0.25,100,5000,0.0,1.0,,0
30,0.25,250,5000,0.0,1.0,,0
30,0.25,500,5000,0.0,1.0,,0
30,0.25,1000,5000,0.10928858214789482,0.6304265760664401,0.04526852071285248,2
30,0.25,10,10000,0.0,1.0,,0
30,0.25,25,10000,0.0,1.0,,0
30,0.25,50,10000,0.0,1.0,,0
30,0.25,100,10000,0.0,1.0,,0
30,0.25,250,10000,0.0,1.0,,0
30,0.25,500,10000,0.0,1.0,,0
30,0.25,1000,10000,0.0,1.0,,0
30,0.25,10,15000,0.0,1.0,,0
30,0.25,25,15000,0.0,1.0,,0
30,0.25,50,15000,0.0,1.0,,0
30,0.25,100,15000,0.0,1.0,,0
30,0.25,250,15000,0.0,1.0,,0
30,0.25,500,15000,0.0,1.0,,0
30,0.25,1000,15000,0.0,1.0,,0
30,0.25,10,20000,0.0,1.0,,0
30,0.25,25,20000,0.0,1.0,,0
30,0.25,50,20000,0.0,1.0,,0
30,0.25,100,20000,0.0,1.0,,0
30,0.25,250,20000,0.0,1.0,,0
30,0.25,500,20000,0.0,1.0,,0
30,0.25,1000,20000,0.0,1.0,,0
30,0.25,10,22000,0.0,1.0,,0
30,0.25,25,22000,0.0,1.0,,0
30,0.25,50,22000,0.0,1.0,,0
30,0.25,100,22000,0.0,1.0,,0
30,0.25,250,22000,0.0,1.0,,0
30,0.25,500,22000,0.0,1.0,,0
30,0.25,1000,22000,0.0,1.0,,0
50,0.25,10,50,0.48190643736670635,0.06992827482068706,0.2256028950214386,167
50,0.25,25,50,0.48235132535829683,0.06677236693091733,0.22657805681228638,158
50,0.25,50,50,0.48350933294606396,0.06914307285768215,0.3778090476989746,138
50,0.25,100,50,0.4901473325728693,0.09437523593808984,0.4860650300979614,69
50,0.25,250,50,0.4934898583332148,0.11476028690071725,0.6718849539756775,32
50,0.25,500,50,0.49753210203621445,0.16111740279350698,0.7593467235565186,17
50,0.25,1000,50,0.5013789475484731,0.20235560588901472,0.8598558902740479,12
50,0.25,10,100,0.4938552593360082,0.05285013212533032,0.6263910531997681,83
50,0.25,25,100,0.49229069620612526,0.04668931672329181,0.5764738321304321,80
50,0.25,50,100,0.48919608864665814,0.06455266138165346,0.45768269896507263,72
50,0.25,100,100,0.4938488010793778,0.09295583238958098,0.6556105613708496,61
50,0.25,250,100,0.4937658302113643,0.11701019252548131,0.6736621260643005,30
50,0.25,500,100,0.49753210203621445,0.16111740279350698,0.7593467235565186,17
50,0.25,1000,100,0.5013789475484731,0.20235560588901472,0.859855592250824,12
50,0.25,10,250,0.49607744193678904,0.07325028312570782,0.6334660649299622,37
50,0.25,25,250,0.4950838667076076,0.0740958852397131,0.6269131898880005,37
50,0.25,50,250,0.4968935328769598,0.07312948282370706,0.5958045125007629,35
50,0.25,100,250,0.4946911712448092,0.09956964892412232,0.6602613925933838,31
50,0.25,250,250,0.49556871727176116,0.1114080785201963,0.6872177124023438,28
50,0.25,500,250,0.49708238279324746,0.15361268403171008,0.770501971244812,16
50,0.25,1000,250,0.5013789475484731,0.20235560588901472,0.8598558902740479,12
50,0.25,10,500,0.5017286022544537,0.06903737259343148,0.6120038032531738,21
50,0.25,25,500,0.4995509085334467,0.07584748961872405,0.6348942518234253,22
50,0.25,50,500,0.501383873956602,0.08042280105700264,0.6143590211868286,20
50,0.25,100,500,0.5004148484154431,0.09491883729709324,0.6770150065422058,18
50,0.25,250,500,0.49932711851180994,0.12415251038127595,0.7133570313453674,16
50,0.25,500,500,0.4982638511150534,0.14906757266893167,0.7707414627075195,15
50,0.25,1000,500,0.5013789475484731,0.20235560588901472,0.8598558306694031,12
50,0.25,10,1000,0.507864256671346,0.0886070215175538,0.6397736668586731,14
50,0.25,25,1000,0.5087367843843534,0.11824839562098906,0.7156047224998474,14
50,0.25,50,1000,0.5135583522170687,0.1269913174782937,0.7014163136482239,13
50,0.25,100,1000,0.5070046998535606,0.14938467346168366,0.7554371356964111,13
50,0.25,250,1000,0.5067434239110357,0.16893922234805586,0.7596111297607422,12
50,0.25,500,1000,0.5044769893079559,0.1784824462061155,0.8066452741622925,12
50,0.25,1000,1000,0.5013789475484731,0.20235560588901472,0.8598558306694031,12
50,0.25,10,2500,0.5505725522622864,0.2902529256323141,0.803519606590271,6
50,0.25,25,2500,0.5640386689749282,0.3621744054360136,0.8239031434059143,4
50,0.25,50,2500,0.5935875145066271,0.2987844469611174,0.7303609251976013,5
50,0.25,100,2500,0.5273865978352972,0.20946772366930919,0.5899158120155334,4
50,0.25,250,2500,0.5296599483162697,0.2469611174027935,0.6634208559989929,5
50,0.25,500,2500,0.519255267280159,0.3047791619479049,0.8033757209777832,5
50,0.25,1000,2500,0.47265275696862424,0.23051717629294075,0.5674600005149841,4
50,0.25,10,5000,0.5642746073238396,0.3261759154397886,0.6200296878814697,2
50,0.25,25,5000,0.5758679822701087,0.3298603246508116,0.6322224140167236,2
50,0.25,50,5000,0.6005838888420698,0.39288788221970555,0.8399260640144348,3
50,0.25,100,5000,0.5670629299931937,0.26209135522838806,0.6350221633911133,3
50,0.25,250,5000,0.6166748671969388,0.34702906757266894,0.7130191922187805,3
50,0.25,500,5000,0.5934363253746125,0.40356360890902226,0.8635233640670776,3
50,0.25,1000,5000,0.5478507848328602,0.3271725179312948,0.6503186225891113,2
50,0.25,10,10000,0.5642746073238396,0.3261759154397886,0.6200297474861145,2
50,0.25,25,10000,0.5758679822701087,0.3298603246508116,0.6322225332260132,2
50,0.25,50,10000,0.5621263415149075,0.32530011325028313,0.613227367401123,2
50,0.25,100,10000,0.5670629299931937,0.26209135522838806,0.6350221037864685,3
50,0.25,250,10000,0.37876051646889125,0.17941864854662137,0.5167859792709351,2
50,0.25,500,10000,0.3946338913469564,0.20727821819554548,0.5473701357841492,2
50,0.25,1000,10000,0.5478507848328602,0.3271725179312948,0.6503185033798218,2
50,0.25,10,15000,0.5642746073238396,0.3261759154397886,0.6200295686721802,2
50,0.25,25,15000,0.5758679822701087,0.3298603246508116,0.6322225332260132,2
50,0.25,50,15000,0.5621263415149075,0.32530011325028313,0.6132272481918335,2
50,0.25,100,15000,0.46721394825469176,0.26114005285013214,0.5801898837089539,2
50,0.25,250,15000,0.37876051646889125,0.17941864854662137,0.5167859196662903,2
50,0.25,500,15000,0.3946338913469564,0.20727821819554548,0.5473700761795044,2
50,0.25,1000,15000,0.5478507848328602,0.3271725179312948,0.6503185033798218,2
50,0.25,10,20000,0.0,1.0,,0
50,0.25,25,20000,0.0,1.0,,0
50,0.25,50,20000,0.0,1.0,,0
50,0.25,100,20000,0.0,1.0,,0
50,0.25,250,20000,0.0,1.0,,0
50,0.25,500,20000,0.0,1.0,,0
50,0.25,1000,20000,0.0,1.0,,0
50,0.25,10,22000,0.0,1.0,,0
50,0.25,25,22000,0.0,1.0,,0
50,0.25,50,22000,0.0,1.0,,0
50,0.25,100,22000,0.0,1.0,,0
50,0.25,250,22000,0.0,1.0,,0
50,0.25,500,22000,0.0,1.0,,0
50,0.25,1000,22000,0.0,1.0,,0
75,0.25,10,50,0.3953965833200454,0.10989807474518687,0.2000899314880371,175
75,0.25,25,50,0.4886238688661292,0.08890902227255568,0.3634549379348755,145
75,0.25,50,50,0.4897262921477467,0.057274443186107964,0.38935232162475586,124
75,0.25,100,50,0.49702601473162283,0.07018497546243865,0.6787529587745667,62
75,0.25,250,50,0.4987398641808195,0.09984144960362401,0.7112869620323181,32
75,0.25,500,50,0.5039420417813878,0.15417138542846356,0.8080623149871826,18
75,0.25,1000,50,0.514344241359729,0.18269535673839185,0.8583784103393555,12
75,0.25,10,100,0.42901228798132635,0.10132125330313325,0.5331807732582092,81
75,0.25,25,100,0.4987177020213413,0.036496791241978105,0.6290836334228516,65
75,0.25,50,100,0.4983901419684132,0.04184220460551152,0.6366241574287415,65
75,0.25,100,100,0.4970481148733811,0.07251038127595319,0.6762892603874207,59
75,0.25,250,100,0.4985028676587121,0.10091355228388071,0.7111790776252747,31
75,0.25,500,100,0.5039420417813878,0.15417138542846356,0.8080621957778931,18
75,0.25,1000,100,0.514344241359729,0.18269535673839185,0.8583784699440002,12
75,0.25,10,250,0.5029286030107194,0.06258965647414119,0.6452038884162903,37
75,0.25,25,250,0.5052294936263637,0.036738391845979615,0.5913053154945374,35
75,0.25,50,250,0.5051544290161161,0.03965269913174783,0.5958640575408936,34
75,0.25,100,250,0.5033743041914683,0.060928652321630805,0.6272801756858826,33
75,0.25,250,250,0.49947140661080563,0.09715364288410722,0.7110145092010498,29
75,0.25,500,250,0.5027278862515328,0.1541411853529634,0.8000368475914001,16
75,0.25,1000,250,0.514344241359729,0.18269535673839185,0.8583784103393555,12
75,0.25,10,500,0.5066231493172003,0.08854662136655342,0.6740216016769409,19
75,0.25,25,500,0.5110455867975774,0.07258588146470366,0.6576656103134155,19
75,0.25,50,500,0.5089392821403723,0.0802869007172518,0.6796700954437256,19
75,0.25,100,500,0.5075164443255286,0.10755756889392223,0.7330828309059143,16
75,0.25,250,500,0.5014759210522988,0.13697244243110607,0.7612592577934265,15
75,0.25,500,500,0.5037250179779253,0.15821819554548885,0.804282546043396,15
75,0.25,1000,500,0.514344241359729,0.18269535673839185,0.8583784103393555,12
75,0.25,10,1000,0.5123274576798692,0.13226123065307663,0.751359224319458,12
75,0.25,25,1000,0.5169591826542583,0.12599471498678746,0.7591623067855835,12
75,0.25,50,1000,0.5129738237314841,0.10474896187240468,0.7524681687355042,12
75,0.25,100,1000,0.5119521752467872,0.1087051717629294,0.76715487241745,12
75,0.25,250,1000,0.5068144506444465,0.1586409966024915,0.8154004812240601,12
75,0.25,500,1000,0.5087315587751668,0.1675047187617969,0.8411272168159485,12
75,0.25,1000,1000,0.514344241359729,0.18269535673839185,0.8583784103393555,12
75,0.25,10,2500,0.5446349410808534,0.200800302000755,0.6514361500740051,6
75,0.25,25,2500,0.5566739288894624,0.17331823329558324,0.6920519471168518,7
75,0.25,50,2500,0.5358619632670831,0.12794261985654964,0.5512629151344299,6
75,0.25,100,2500,0.5058680625344519,0.14360135900339752,0.4885450303554535,5
75,0.25,250,2500,0.5035967130244751,0.12526991317478295,0.4627435505390167,5
75,0.25,500,2500,0.5130568892111388,0.18375235938089846,0.5558463931083679,5
75,0.25,1000,2500,0.6286636679513169,0.3093544733861835,0.6891350150108337,4
75,0.25,10,5000,0.5663430130582914,0.24960362400906003,0.6250073909759521,3
75,0.25,25,5000,0.5160832467389841,0.16181200453001132,0.5157620310783386,4
75,0.25,50,5000,0.5158686462094697,0.16622121555303887,0.5239443182945251,4
75,0.25,100,5000,0.5581392097346082,0.2394563986409966,0.6165131330490112,3
75,0.25,250,5000,0.5475796617724332,0.22112495281238204,0.5902323722839355,3
75,0.25,500,5000,0.5723155127678181,0.27962249905624764,0.6558173894882202,3
75,0.25,1000,5000,0.33763440976607334,0.0024311060777651946,0.2386372834444046,2
75,0.25,10,10000,0.5663430130582914,0.24960362400906003,0.6250072717666626,3
75,0.25,25,10000,0.5602900269850697,0.24600981502453756,0.6188284754753113,3
75,0.25,50,10000,0.5585810921335171,0.2504190260475651,0.6301028728485107,3
75,0.25,100,10000,0.5581392097346082,0.2394563986409966,0.6165130138397217,3
75,0.25,250,10000,0.5475796617724332,0.22112495281238204,0.5902324318885803,3
75,0.25,500,10000,0.5723155127678181,0.27962249905624764,0.6558173894882202,3
75,0.25,1000,10000,0.33763440976607334,0.0024311060777651946,0.2386372983455658,2
75,0.25,10,15000,0.5663430130582914,0.24960362400906003,0.6250073909759521,3
75,0.25,25,15000,0.5602900269850697,0.24600981502453756,0.6188284754753113,3
75,0.25,50,15000,0.5585810921335171,0.2504190260475651,0.6301028728485107,3
75,0.25,100,15000,0.5581392097346082,0.2394563986409966,0.6165130138397217,3
75,0.25,250,15000,0.5475796617724332,0.22112495281238204,0.5902324914932251,3
75,0.25,500,15000,0.3378680930581501,0.0011325028312570782,0.23896372318267822,2
75,0.25,1000,15000,0.33763440976607334,0.0024311060777651946,0.2386372983455658,2
75,0.25,10,20000,0.0,1.0,,0
75,0.25,25,20000,0.0,1.0,,0
75,0.25,50,20000,0.0,1.0,,0
75,0.25,100,20000,0.0,1.0,,0
75,0.25,250,20000,0.0,1.0,,0
75,0.25,500,20000,0.0,1.0,,0
75,0.25,1000,20000,0.0,1.0,,0
75,0.25,10,22000,0.0,1.0,,0
75,0.25,25,22000,0.0,1.0,,0
75,0.25,50,22000,0.0,1.0,,0
75,0.25,100,22000,0.0,1.0,,0
75,0.25,250,22000,0.0,1.0,,0
75,0.25,500,22000,0.0,1.0,,0
75,0.25,1000,22000,0.0,1.0,,0
100,0.25,10,50,0.48080309242977987,0.0899509248773122,0.28623947501182556,171
100,0.25,25,50,0.4925535589154253,0.07616459041147602,0.285783588886261,136
100,0.25,50,50,0.4885106872814457,0.07749339373348434,0.3274434506893158,119
100,0.25,100,50,0.49518480713247054,0.06343525858814647,0.35069599747657776,68
100,0.25,250,50,0.507951875447482,0.09955454888637222,0.6815848350524902,32
100,0.25,500,50,0.5113669063821655,0.13922234805587014,0.7271819114685059,18
100,0.25,1000,50,0.5165074637917106,0.1758097395243488,0.7826870083808899,13
100,0.25,10,100,0.4890755023039603,0.06903737259343148,0.29658612608909607,80
100,0.25,25,100,0.49199373135120356,0.07083427708569272,0.32477203011512756,76
100,0.25,50,100,0.4937353077590058,0.043895809739524345,0.34305891394615173,71
100,0.25,100,100,0.5007700112183963,0.05940354850887127,0.6783765554428101,64
100,0.25,250,100,0.5072224884516705,0.08818422046055115,0.6536419987678528,29
100,0.25,500,100,0.5111738905029256,0.1385126462816157,0.7527938485145569,17
100,0.25,1000,100,0.5165074637917106,0.1758097395243488,0.7826871275901794,13
100,0.25,10,250,0.506780757780732,0.06716496791241978,0.6478333473205566,33
100,0.25,25,250,0.5064396063733989,0.07383918459796149,0.6664895415306091,32
100,0.25,50,250,0.5097874773984667,0.04928652321630804,0.6195382475852966,35
100,0.25,100,250,0.5092628732096773,0.05642884107210268,0.6128581762313843,31
100,0.25,250,250,0.5076819169385508,0.08386560966402416,0.6410186290740967,28
100,0.25,500,250,0.5111738905029256,0.1385126462816157,0.7527938485145569,17
100,0.25,1000,250,0.5165074637917106,0.1758097395243488,0.782686710357666,13
100,0.25,10,500,0.5148149814546006,0.0673914684786712,0.6317512392997742,19
100,0.25,25,500,0.5148330451765483,0.06668176670441676,0.6265633702278137,19
100,0.25,50,500,0.5172198710840159,0.054194035485088714,0.5801216959953308,18
100,0.25,100,500,0.5162461350366399,0.07442808607021517,0.6069726943969727,17
100,0.25,250,500,0.5173210699922587,0.11171007927519819,0.6890200972557068,17
100,0.25,500,500,0.5111738905029256,0.1385126462816157,0.7527939677238464,17
100,0.25,1000,500,0.5185414366792358,0.18314835787089467,0.7974025011062622,12
100,0.25,10,1000,0.5221325441073317,0.08540581351453379,0.6227933168411255,13
100,0.25,25,1000,0.5200463376829618,0.09238203095507738,0.6229647397994995,13
100,0.25,50,1000,0.5205429240125221,0.06974707436768592,0.5837959051132202,14
100,0.25,100,1000,0.5210609517166763,0.09106832767081918,0.6086044907569885,13
100,0.25,250,1000,0.5209912682214963,0.11110607776519442,0.6487731337547302,12
100,0.25,500,1000,0.5156588227588508,0.14055115137787844,0.6920772790908813,12
100,0.25,1000,1000,0.5185414366792358,0.18314835787089467,0.7974024415016174,12
100,0.25,10,2500,0.5714623835667911,0.13463193657984146,0.5693618655204773,7
100,0.25,25,2500,0.5447702032665536,0.16015100037750093,0.6615450382232666,8
100,0.25,50,2500,0.547083837214886,0.1387844469611174,0.6044382452964783,8
100,0.25,100,2500,0.561203740415079,0.18583616459041147,0.6793695092201233,7
100,0.25,250,2500,0.5500924097495333,0.21035862589656473,0.7088449597358704,8
100,0.25,500,2500,0.5926481719963556,0.281434503586259,0.8305467963218689,6
100,0.25,1000,2500,0.5883353627313097,0.24632691581728955,0.7313088178634644,5
100,0.25,10,5000,0.6181105438126465,0.21485843714609287,0.6019343137741089,3
100,0.25,25,5000,0.3368000089951472,0.06557946394865988,0.26277104020118713,2
100,0.25,50,5000,0.5355971996702059,0.22554926387315968,0.49385568499565125,3
100,0.25,100,5000,0.5756233755434191,0.23633069082672706,0.6343069672584534,4
100,0.25,250,5000,0.5903428196840752,0.2925632314080785,0.6538715362548828,3
100,0.25,500,5000,0.34118916691992984,0.016066440166100416,0.2320268601179123,2
100,0.25,1000,5000,0.3391622450634904,0.02622876557191393,0.23981350660324097,2
100,0.25,10,10000,0.6181105438126465,0.21485843714609287,0.6019343137741089,3
100,0.25,25,10000,0.3368000089951472,0.06557946394865988,0.2627710700035095,2
100,0.25,50,10000,0.34422907603277864,0.07180067950169876,0.2706839144229889,2
100,0.25,100,10000,0.3368000089951472,0.06557946394865988,0.26277104020118713,2
100,0.25,250,10000,0.5903428196840752,0.2925632314080785,0.6538717150688171,3
100,0.25,500,10000,0.34118916691992984,0.016066440166100416,0.2320268303155899,2
100,0.25,1000,10000,0.3391622450634904,0.02622876557191393,0.23981350660324097,2
100,0.25,10,15000,0.3368000089951472,0.06557946394865988,0.26277104020118713,2
100,0.25,25,15000,0.3368000089951472,0.06557946394865988,0.2627710700035095,2
100,0.25,50,15000,0.34422907603277864,0.07180067950169876,0.2706839442253113,2
100,0.25,100,15000,0.3368000089951472,0.06557946394865988,0.2627710998058319,2
100,0.25,250,15000,0.3376152916865307,0.006568516421291053,0.230376198887825,2
100,0.25,500,15000,0.34118916691992984,0.016066440166100416,0.2320268154144287,2
100,0.25,1000,15000,0.3391622450634904,0.02622876557191393,0.23981350660324097,2
100,0.25,10,20000,0.0,1.0,,0
100,0.25,25,20000,0.0,1.0,,0
100,0.25,50,20000,0.0,1.0,,0
100,0.25,100,20000,0.0,1.0,,0
100,0.25,250,20000,0.0,1.0,,0
100,0.25,500,20000,0.0,1.0,,0
100,0.25,1000,20000,0.0,1.0,,0
100,0.25,10,22000,0.0,1.0,,0
100,0.25,25,22000,0.0,1.0,,0
100,0.25,50,22000,0.0,1.0,,0
100,0.25,100,22000,0.0,1.0,,0
100,0.25,250,22000,0.0,1.0,,0
100,0.25,500,22000,0.0,1.0,,0
100,0.25,1000,22000,0.0,1.0,,0
10,0.5,10,50,0.1020725339664703,0.42008305020762554,-0.37319040298461914,246
10,0.5,25,50,0.13210386812302857,0.5027557568893922,-0.24237015843391418,183
10,0.5,50,50,0.13747945416692076,0.5843412608531521,-0.21730200946331024,130
10,0.5,100,50,0.13954099210854365,0.650887127217818,0.08167670667171478,69
10,0.5,250,50,0.10853542820361475,0.7214798036995093,0.3665387034416199,28
10,0.5,500,50,0.08576382935737902,0.7720498301245753,0.4190475046634674,17
10,0.5,1000,50,0.06752000463137604,0.8133786334465836,0.8536109328269958,11
10,0.5,10,100,0.11729424781000186,0.4722838807097018,-0.20074544847011566,112
10,0.5,25,100,0.13952971382994614,0.5287429218573046,-0.14056062698364258,96
10,0.5,50,100,0.15136677185663117,0.597931294828237,-0.04020493105053902,71
10,0.5,100,100,0.1584547357257796,0.6385050962627407,0.10348376631736755,56
10,0.5,250,100,0.11438708214293714,0.7165571913929785,0.3026238679885864,26
10,0.5,500,100,0.08611400380881272,0.7706153265383163,0.43698665499687195,15
10,0.5,1000,100,0.06776812167338751,0.8142393355983389,0.8879857063293457,10
10,0.5,10,250,0.12515053212712482,0.5280332200830502,0.06341759860515594,46
10,0.5,25,250,0.14751426606227347,0.5624764061910155,0.1224951520562172,40
10,0.5,50,250,0.15464472254487277,0.6310758776896942,0.19970738887786865,33
10,0.5,100,250,0.14995598315268965,0.6755454888637221,0.1823873668909073,26
10,0.5,250,250,0.11789444589593447,0.7180067950169875,0.28964149951934814,23
10,0.5,500,250,0.08635351741255129,0.7737108342770856,0.5880109667778015,12
10,0.5,1000,250,0.06527692559682989,0.8051793129482824,0.8842105865478516,8
10,0.5,10,500,0.1521970210426378,0.569754624386561,0.09991135448217392,21
10,0.5,25,500,0.1634242224462345,0.5932351830879578,0.2286260724067688,23
10,0.5,50,500,0.15061488569182188,0.6869007172517931,0.4632861018180847,16
10,0.5,100,500,0.13257920399111717,0.6983616459041148,0.39458900690078735,16
10,0.5,250,500,0.09863433379648463,0.7578406946017365,0.5973761081695557,12
10,0.5,500,500,0.08635351741255129,0.7737108342770856,0.5880109071731567,12
10,0.5,1000,500,0.06527692559682989,0.8051793129482824,0.8842105865478516,8
10,0.5,10,1000,0.13392022712396776,0.6220611551528878,0.42446082830429077,13
10,0.5,25,1000,0.13251818622507075,0.6592223480558701,0.4746749699115753,11
10,0.5,50,1000,0.11832272870626853,0.7144129860324651,0.5638157725334167,11
10,0.5,100,1000,0.10660165315896585,0.7349188372970933,0.4864540696144104,10
10,0.5,250,1000,0.0894227001625744,0.7599093997734995,0.579461932182312,8
10,0.5,500,1000,0.08155079879875438,0.7716572291430729,0.6275571584701538,8
10,0.5,1000,1000,0.06527692559682989,0.8051793129482824,0.8842105269432068,8
10,0.5,10,2500,0.025003757919448245,0.6311211778029445,0.1609504222869873,3
10,0.5,25,2500,0.06584146024186739,0.7701925254813137,0.19766449928283691,3
10,0.5,50,2500,0.07821609425921927,0.7170403926009815,-0.1041945144534111,2
10,0.5,100,2500,0.11062251543310689,0.731521328803322,-0.13592098653316498,2
10,0.5,250,2500,0.020827187943776818,0.9006870517176293,0.7314577698707581,2
10,0.5,500,2500,0.04901988609364097,0.7953793884484711,-0.08465152233839035,2
10,0.5,1000,2500,0.10073457797569106,0.7875877689694224,0.13075630366802216,3
10,0.5,10,5000,0.0,1.0,,0
10,0.5,25,5000,0.0,1.0,,0
10,0.5,50,5000,0.0,1.0,,0
10,0.5,100,5000,0.0,1.0,,0
10,0.5,250,5000,0.0,1.0,,0
10,0.5,500,5000,0.0,1.0,,0
10,0.5,1000,5000,0.0,1.0,,0
10,0.5,10,10000,0.0,1.0,,0
10,0.5,25,10000,0.0,1.0,,0
10,0.5,50,10000,0.0,1.0,,0
10,0.5,100,10000,0.0,1.0,,0
10,0.5,250,10000,0.0,1.0,,0
10,0.5,500,10000,0.0,1.0,,0
10,0.5,1000,10000,0.0,1.0,,0
10,0.5,10,15000,0.0,1.0,,0
10,0.5,25,15000,0.0,1.0,,0
10,0.5,50,15000,0.0,1.0,,0
10,0.5,100,15000,0.0,1.0,,0
10,0.5,250,15000,0.0,1.0,,0
10,0.5,500,15000,0.0,1.0,,0
10,0.5,1000,15000,0.0,1.0,,0
10,0.5,10,20000,0.0,1.0,,0
10,0.5,25,20000,0.0,1.0,,0
10,0.5,50,20000,0.0,1.0,,0
10,0.5,100,20000,0.0,1.0,,0
10,0.5,250,20000,0.0,1.0,,0
10,0.5,500,20000,0.0,1.0,,0
10,0.5,1000,20000,0.0,1.0,,0
10,0.5,10,22000,0.0,1.0,,0
10,0.5,25,22000,0.0,1.0,,0
10,0.5,50,22000,0.0,1.0,,0
10,0.5,100,22000,0.0,1.0,,0
10,0.5,250,22000,0.0,1.0,,0
10,0.5,500,22000,0.0,1.0,,0
10,0.5,1000,22000,0.0,1.0,,0
15,0.5,10,50,0.16535581645769531,0.36554171385428463,-0.28223612904548645,193
15,0.5,25,50,0.18997956623953846,0.4283125707814269,-0.1743987798690796,155
15,0.5,50,50,0.19270783406874298,0.46920347300868254,-0.20047703385353088,125
15,0.5,100,50,0.19179922536754107,0.5132049830124575,-0.009742306545376778,66
15,0.5,250,50,0.16217827632604914,0.5898376745941865,0.14423786103725433,29
15,0.5,500,50,0.12646061040142217,0.644333710834277,0.14143836498260498,15
15,0.5,1000,50,0.10671003848505764,0.6861155152887882,0.18920648097991943,10
15,0.5,10,100,0.18996424027548992,0.4170026425066063,-0.18742109835147858,96
15,0.5,25,100,0.20798235476506902,0.45833144582861457,-0.14489537477493286,77
15,0.5,50,100,0.2124549609725582,0.4700037750094375,-0.06990400701761246,68
15,0.5,100,100,0.1966548837838172,0.5140052850132125,-0.03779225796461105,59
15,0.5,250,100,0.1630689915749992,0.5906983767459418,0.09931386262178421,25
15,0.5,500,100,0.12743704363534353,0.6429898074745187,0.13099797070026398,13
15,0.5,1000,100,0.10652091986821324,0.6872782181955455,0.1866205781698227,9
15,0.5,10,250,0.20477105395784656,0.4862212155530389,-0.01498858630657196,32
15,0.5,25,250,0.20338452446884356,0.5121932804832012,-0.01689133420586586,34
15,0.5,50,250,0.20944882921386132,0.5096413741034352,-0.04047362133860588,31
15,0.5,100,250,0.18660518913038757,0.5440694601736504,0.015196632593870163,29
15,0.5,250,250,0.1721637451330223,0.5877538693846734,0.10604305565357208,21
15,0.5,500,250,0.12874240523599118,0.6408305020762551,0.17293602228164673,12
15,0.5,1000,250,0.10652091986821324,0.6872782181955455,0.1866205930709839,9
15,0.5,10,500,0.19613399109550284,0.5514382785956965,0.052450619637966156,15
15,0.5,25,500,0.19089948921273792,0.5652246130615326,0.09767936915159225,14
15,0.5,50,500,0.19712482221950633,0.5556662891657229,0.04784148931503296,16
15,0.5,100,500,0.1679510699623469,0.5966779916949793,0.09600282460451126,14
15,0.5,250,500,0.15204669856991948,0.6244469611174028,0.13271617889404297,13
15,0.5,500,500,0.12874240523599118,0.6408305020762551,0.17293597757816315,12
15,0.5,1000,500,0.10652091986821324,0.6872782181955455,0.1866205930709839,9
15,0.5,10,1000,0.1519889625302955,0.6119743299358248,0.13644255697727203,9
15,0.5,25,1000,0.16570442017151843,0.5943676859192148,0.12082910537719727,11
15,0.5,50,1000,0.16614225244042644,0.5977198942997357,0.007083073258399963,9
15,0.5,100,1000,0.1404034681379649,0.629445073612684,0.039332374930381775,8
15,0.5,250,1000,0.12174121129346044,0.6540581351453378,0.056699641048908234,8
15,0.5,500,1000,0.11285758069341792,0.6714382785956965,0.13610880076885223,9
15,0.5,1000,1000,0.10198428073584052,0.6786560966402416,0.19569693505764008,8
15,0.5,10,2500,0.12314991749656863,0.4036693091732729,0.1962694674730301,2
15,0.5,25,2500,0.12036443418604344,0.661910154775387,0.6655253171920776,3
15,0.5,50,2500,0.1265926032457073,0.6553567383918459,0.6806166768074036,3
15,0.5,100,2500,0.12994475806982742,0.6541940354850887,0.6700255274772644,3
15,0.5,250,2500,0.11755216213659238,0.6798791996979993,0.6621907353401184,3
15,0.5,500,2500,0.1267457118883653,0.6743827859569649,0.6581741571426392,3
15,0.5,1000,2500,0.17652169927052014,0.5011098527746319,0.17649176716804504,2
15,0.5,10,5000,0.0,1.0,,0
15,0.5,25,5000,0.0,1.0,,0
15,0.5,50,5000,0.0,1.0,,0
15,0.5,100,5000,0.0,1.0,,0
15,0.5,250,5000,0.0,1.0,,0
15,0.5,500,5000,0.0,1.0,,0
15,0.5,1000,5000,0.0,1.0,,0
15,0.5,10,10000,0.0,1.0,,0
15,0.5,25,10000,0.0,1.0,,0
15,0.5,50,10000,0.0,1.0,,0
15,0.5,100,10000,0.0,1.0,,0
15,0.5,250,10000,0.0,1.0,,0
15,0.5,500,10000,0.0,1.0,,0
15,0.5,1000,10000,0.0,1.0,,0
15,0.5,10,15000,0.0,1.0,,0
15,0.5,25,15000,0.0,1.0,,0
15,0.5,50,15000,0.0,1.0,,0
15,0.5,100,15000,0.0,1.0,,0
15,0.5,250,15000,0.0,1.0,,0
15,0.5,500,15000,0.0,1.0,,0
15,0.5,1000,15000,0.0,1.0,,0
15,0.5,10,20000,0.0,1.0,,0
15,0.5,25,20000,0.0,1.0,,0
15,0.5,50,20000,0.0,1.0,,0
15,0.5,100,20000,0.0,1.0,,0
15,0.5,250,20000,0.0,1.0,,0
15,0.5,500,20000,0.0,1.0,,0
15,0.5,1000,20000,0.0,1.0,,0
15,0.5,10,22000,0.0,1.0,,0
15,0.5,25,22000,0.0,1.0,,0
15,0.5,50,22000,0.0,1.0,,0
15,0.5,100,22000,0.0,1.0,,0
15,0.5,250,22000,0.0,1.0,,0
15,0.5,500,22000,0.0,1.0,,0
15,0.5,1000,22000,0.0,1.0,,0
30,0.5,10,50,0.13738883098682725,0.43457908644771615,-0.06476546078920364,208
30,0.5,25,50,0.17290306283642065,0.5225821064552661,0.0038500837981700897,149
30,0.5,50,50,0.1710639769496675,0.578724046810117,0.10573580861091614,122
30,0.5,100,50,0.15357872173299064,0.6240996602491506,0.19981536269187927,69
30,0.5,250,50,0.11633893873654126,0.6549037372593431,0.412736177444458,29
30,0.5,500,50,0.10989414167707577,0.6597659494148735,0.5869627594947815,15
30,0.5,1000,50,0.0730585964330946,0.7196526991317478,0.6279265880584717,13
30,0.5,10,100,0.14633944435493718,0.4925934314835787,0.01823900081217289,105
30,0.5,25,100,0.17477882585139037,0.5339373348433372,0.014722499065101147,82
30,0.5,50,100,0.17413590212083954,0.5843865609664024,0.1846456378698349,69
30,0.5,100,100,0.1720276245529532,0.6046206115515289,0.30781999230384827,58
30,0.5,250,100,0.12334883796161944,0.6489241223103058,0.33350643515586853,28
30,0.5,500,100,0.10989414167707577,0.6597659494148735,0.5869626998901367,15
30,0.5,1000,100,0.07305627733113482,0.7215251038127596,0.6553031802177429,11
30,0.5,10,250,0.13703128510211127,0.48341260853152135,0.09607474505901337,42
30,0.5,25,250,0.16067461860899296,0.552163080407701,0.19198261201381683,37
30,0.5,50,250,0.15217896582616394,0.5893242733106833,0.28630536794662476,32
30,0.5,100,250,0.14416480687781738,0.6151000377500944,0.29105237126350403,28
30,0.5,250,250,0.13044986139285175,0.6488184220460551,0.48524218797683716,23
30,0.5,500,250,0.10989414167707577,0.6597659494148735,0.5869627594947815,15
30,0.5,1000,250,0.07399603974725139,0.724635711589279,0.6986530423164368,10
30,0.5,10,500,0.09401609266321016,0.46110985277463196,0.0747731402516365,18
30,0.5,25,500,0.14728225074551426,0.5760664401661004,0.3557736277580261,18
30,0.5,50,500,0.14482502975330758,0.6150698376745942,0.4690670669078827,18
30,0.5,100,500,0.14171140324096404,0.6379614949037372,0.48022738099098206,17
30,0.5,250,500,0.11827216506506005,0.6647942619856549,0.561240553855896,14
30,0.5,500,500,0.11178983715702878,0.6567308418271046,0.6090508699417114,14
30,0.5,1000,500,0.07399603974725139,0.724635711589279,0.6986531019210815,10
30,0.5,10,1000,0.07587445901287747,0.4711513778784447,0.004326253663748503,14
30,0.5,25,1000,0.12730203744755528,0.604650811627029,0.3457874655723572,13
30,0.5,50,1000,0.14647228719243077,0.6415553038882598,0.46699804067611694,12
30,0.5,100,1000,0.1280022973054249,0.6929256323140808,0.5389173626899719,9
30,0.5,250,1000,0.09271274001696769,0.7285013212533031,0.7109524011611938,9
30,0.5,500,1000,0.0954771108268571,0.675681389203473,0.6344618797302246,12
30,0.5,1000,1000,0.07399603974725139,0.724635711589279,0.6986531019210815,10
30,0.5,10,2500,0.03976810320029801,0.2002718006795017,0.012734848074615002,2
30,0.5,25,2500,0.012349136478432925,0.4290675726689317,0.05800662934780121,2
30,0.5,50,2500,0.01733786258555877,0.4456323140807852,0.016054995357990265,2
30,0.5,100,2500,0.03240100960324831,0.45491883729709326,-0.060187239199876785,2
30,0.5,250,2500,0.08571894170702347,0.4187391468478671,-0.04479685053229332,2
30,0.5,500,2500,0.15742320864743742,0.5431483578708947,-0.23662665486335754,2
30,0.5,1000,2500,0.0786493312063631,0.707361268403171,0.22043180465698242,4
30,0.5,10,5000,0.0,1.0,,0
30,0.5,25,5000,0.0,1.0,,0
30,0.5,50,5000,0.0,1.0,,0
30,0.5,100,5000,0.0,1.0,,0
30,0.5,250,5000,0.08571894170702347,0.4187391468478671,-0.044796861708164215,2
30,0.5,500,5000,0.0,1.0,,0
30,0.5,1000,5000,0.06487149720943,0.7517855794639486,0.23867221176624298,2
30,0.5,10,10000,0.0,1.0,,0
30,0.5,25,10000,0.0,1.0,,0
30,0.5,50,10000,0.0,1.0,,0
30,0.5,100,10000,0.0,1.0,,0
30,0.5,250,10000,0.0,1.0,,0
30,0.5,500,10000,0.0,1.0,,0
30,0.5,1000,10000,0.0,1.0,,0
30,0.5,10,15000,0.0,1.0,,0
30,0.5,25,15000,0.0,1.0,,0
30,0.5,50,15000,0.0,1.0,,0
30,0.5,100,15000,0.0,1.0,,0
30,0.5,250,15000,0.0,1.0,,0
30,0.5,500,15000,0.0,1.0,,0
30,0.5,1000,15000,0.0,1.0,,0
30,0.5,10,20000,0.0,1.0,,0
30,0.5,25,20000,0.0,1.0,,0
30,0.5,50,20000,0.0,1.0,,0
30,0.5,100,20000,0.0,1.0,,0
30,0.5,250,20000,0.0,1.0,,0
30,0.5,500,20000,0.0,1.0,,0
30,0.5,1000,20000,0.0,1.0,,0
30,0.5,10,22000,0.0,1.0,,0
30,0.5,25,22000,0.0,1.0,,0
30,0.5,50,22000,0.0,1.0,,0
30,0.5,100,22000,0.0,1.0,,0
30,0.5,250,22000,0.0,1.0,,0
30,0.5,500,22000,0.0,1.0,,0
30,0.5,1000,22000,0.0,1.0,,0
50,0.5,10,50,0.4863407474000998,0.07741789354473386,0.45836180448532104,147
50,0.5,25,50,0.48722642521576426,0.0625745564363911,0.44176244735717773,125
50,0.5,50,50,0.48479159887535084,0.06970177425443563,0.6285415887832642,116
50,0.5,100,50,0.4894273039997943,0.09351453378633447,0.6970608234405518,59
50,0.5,250,50,0.49368662445241446,0.14236315590788978,0.7838424444198608,31
50,0.5,500,50,0.5030260254177371,0.1839033597583994,0.8132525682449341,16
50,0.5,1000,50,0.5093632099442419,0.2002416006040015,0.8377748131752014,11
50,0.5,10,100,0.49280302478653537,0.041766704416761044,0.5762171149253845,67
50,0.5,25,100,0.4932263563828201,0.04860702151755379,0.6139703392982483,65
50,0.5,50,100,0.4919706855816557,0.06166855417138543,0.6310797333717346,64
50,0.5,100,100,0.4893335217573082,0.0923367308418271,0.6940840482711792,58
50,0.5,250,100,0.4940106782679415,0.1372291430728577,0.7810686230659485,28
50,0.5,500,100,0.5035044340329605,0.18515666289165722,0.8194203972816467,15
50,0.5,1000,100,0.5093632099442419,0.2002416006040015,0.8377747535705566,11
50,0.5,10,250,0.49256246795357117,0.07850509626274066,0.6828846335411072,35
50,0.5,25,250,0.49353682919521674,0.08286900717251793,0.6810470223426819,35
50,0.5,50,250,0.4936588407440357,0.07667799169497924,0.667741060256958,35
50,0.5,100,250,0.4920566555532785,0.09432993582483956,0.7018185257911682,33
50,0.5,250,250,0.4955664537932767,0.12434881087202718,0.776071310043335,25
50,0.5,500,250,0.5035044340329605,0.18515666289165722,0.8194203972816467,15
50,0.5,1000,250,0.5093632099442419,0.2002416006040015,0.8377746939659119,11
50,0.5,10,500,0.4998440705899965,0.0918082295205738,0.6882352232933044,20
50,0.5,25,500,0.4979335491696026,0.11297848244620612,0.7301150560379028,20
50,0.5,50,500,0.49805672900598663,0.10197055492638732,0.7054402828216553,20
50,0.5,100,500,0.49941896713009376,0.107361268403171,0.6986507773399353,19
50,0.5,250,500,0.5003284222964637,0.13137032842582105,0.7516341805458069,17
50,0.5,500,500,0.5028194775871998,0.1801434503586259,0.8086960315704346,14
50,0.5,1000,500,0.5093632099442419,0.2002416006040015,0.8377746939659119,11
50,0.5,10,1000,0.5082648394911352,0.11226878067195167,0.6758301258087158,13
50,0.5,25,1000,0.5082170046625631,0.12893922234805588,0.704720139503479,13
50,0.5,50,1000,0.5059406830265595,0.12448471121177802,0.706263542175293,14
50,0.5,100,1000,0.5083357088197848,0.1224462061155153,0.6891430020332336,13
50,0.5,250,1000,0.5095156884431615,0.13513023782559455,0.7166701555252075,12
50,0.5,500,1000,0.5107145196694467,0.1804001510003775,0.8028470873832703,11
50,0.5,1000,1000,0.5093632099442419,0.2002416006040015,0.8377747535705566,11
50,0.5,10,2500,0.5580705141535307,0.2620309550773877,0.7457903623580933,6
50,0.5,25,2500,0.5615723879174052,0.26130615326538315,0.7319359183311462,6
50,0.5,50,2500,0.5495577968070674,0.2509475273688184,0.6476387977600098,5
50,0.5,100,2500,0.5088506659371448,0.16531521328803322,0.48262980580329895,4
50,0.5,250,2500,0.5468988973935983,0.25066062665156663,0.7511616945266724,6
50,0.5,500,2500,0.5211716800015136,0.17695734239335598,0.7402353882789612,7
50,0.5,1000,2500,0.49162909729244764,0.18855417138542846,0.5145981907844543,5
50,0.5,10,5000,0.631148937180936,0.3554850887127218,0.6979447603225708,3
50,0.5,25,5000,0.5916203515473342,0.29709324273310683,0.6130071878433228,3
50,0.5,50,5000,0.530101300885038,0.1616761041902605,0.49113044142723083,3
50,0.5,100,5000,0.5444353025304042,0.1111362778406946,0.4827038645744324,3
50,0.5,250,5000,0.548495653752234,0.25283503208758024,0.5446994304656982,3
50,0.5,500,5000,0.5293969539870389,0.19904869762174404,0.5500469207763672,3
50,0.5,1000,5000,0.5316613973100206,0.2215326538316346,0.5686871409416199,3
50,0.5,10,10000,0.3292039646491735,0.0002567006417516044,0.33492225408554077,2
50,0.5,25,10000,0.5916203515473342,0.29709324273310683,0.613007128238678,3
50,0.5,50,10000,0.530101300885038,0.1616761041902605,0.491130530834198,3
50,0.5,100,10000,0.5444353025304042,0.1111362778406946,0.48270371556282043,3
50,0.5,250,10000,0.548495653752234,0.25283503208758024,0.5446995496749878,3
50,0.5,500,10000,0.3292039646491735,0.0002567006417516044,0.33492225408554077,2
50,0.5,1000,10000,0.3290515985417367,0.0007097017742544356,0.3347267806529999,2
50,0.5,10,15000,0.3292039646491735,0.0002567006417516044,0.33492228388786316,2
50,0.5,25,15000,0.3292039646491735,0.0002567006417516044,0.33492231369018555,2
50,0.5,50,15000,0.530101300885038,0.1616761041902605,0.4911304712295532,3
50,0.5,100,15000,0.5444353025304042,0.1111362778406946,0.4827038645744324,3
50,0.5,250,15000,0.548495653752234,0.25283503208758024,0.5446994304656982,3
50,0.5,500,15000,0.3292039646491735,0.0002567006417516044,0.33492225408554077,2
50,0.5,1000,15000,0.3290515985417367,0.0007097017742544356,0.33472687005996704,2
50,0.5,10,20000,0.0,1.0,,0
50,0.5,25,20000,0.0,1.0,,0
50,0.5,50,20000,0.0,1.0,,0
50,0.5,100,20000,0.0,1.0,,0
50,0.5,250,20000,0.0,1.0,,0
50,0.5,500,20000,0.0,1.0,,0
50,0.5,1000,20000,0.0,1.0,,0
50,0.5,10,22000,0.0,1.0,,0
50,0.5,25,22000,0.0,1.0,,0
50,0.5,50,22000,0.0,1.0,,0
50,0.5,100,22000,0.0,1.0,,0
50,0.5,250,22000,0.0,1.0,,0
50,0.5,500,22000,0.0,1.0,,0
50,0.5,1000,22000,0.0,1.0,,0
75,0.5,10,50,0.2783241321452294,0.11414118535296339,0.0059960936196148396,198
75,0.5,25,50,0.4907455083736943,0.08921102302755757,0.3068592846393585,140
75,0.5,50,50,0.48719872238746875,0.07565118912797282,0.39265093207359314,116
75,0.5,100,50,0.49666512256289186,0.07553038882597206,0.6815043687820435,57
75,0.5,250,50,0.49851595638374224,0.11841449603624009,0.775637686252594,33
75,0.5,500,50,0.5052313096168046,0.19104567761419403,0.8385947346687317,20
75,0.5,1000,50,0.5162089238561495,0.2195847489618724,0.8701891899108887,14
75,0.5,10,100,0.2921578873741273,0.09517553793884485,0.24461010098457336,95
75,0.5,25,100,0.4980718819097464,0.04459041147602869,0.5800926685333252,62
75,0.5,50,100,0.49703391313722534,0.0523518308795772,0.5077431201934814,60
75,0.5,100,100,0.4964721466129471,0.07007927519818799,0.6696188449859619,55
75,0.5,250,100,0.49851595638374224,0.11841449603624009,0.7756376266479492,33
75,0.5,500,100,0.503088998378168,0.18049075122687808,0.8364771008491516,18
75,0.5,1000,100,0.5156624910656706,0.21808984522461305,0.8752334713935852,13
75,0.5,10,250,0.36406236846934936,0.11066817667044168,0.2844846248626709,41
75,0.5,25,250,0.5011624175331754,0.04906002265005663,0.6545637845993042,33
75,0.5,50,250,0.4989212993245839,0.06293695734239335,0.684738278388977,35
75,0.5,100,250,0.49547693782114033,0.09727444318610796,0.7166034579277039,31
75,0.5,250,250,0.5001368750011964,0.11767459418648546,0.7695717811584473,31
75,0.5,500,250,0.5029726692280211,0.1799169497923745,0.8375822305679321,17
75,0.5,1000,250,0.5156624910656706,0.21808984522461305,0.8752333521842957,13
75,0.5,10,500,0.5018429853455386,0.09269913174782937,0.7315311431884766,21
75,0.5,25,500,0.506857375329032,0.07542468856172141,0.6924648880958557,18
75,0.5,50,500,0.5038519581325281,0.09899584748961872,0.742885172367096,19
75,0.5,100,500,0.4980048320011887,0.11035107587768969,0.7503188252449036,19
75,0.5,250,500,0.49914966025644036,0.13734994337485842,0.8024141788482666,17
75,0.5,500,500,0.5033378443329518,0.1782559456398641,0.8478591442108154,14
75,0.5,1000,500,0.5169899750209792,0.22431106077765195,0.8773831129074097,12
75,0.5,10,1000,0.5130988332051374,0.07953189882974708,0.6947262287139893,14
75,0.5,25,1000,0.509829858101388,0.08853152132880332,0.7000425457954407,14
75,0.5,50,1000,0.5081959147571068,0.1089920724801812,0.7507742047309875,14
75,0.5,100,1000,0.5046038836487442,0.12972442431106077,0.7948673963546753,14
75,0.5,250,1000,0.5042333771154878,0.14701396753491883,0.8211820125579834,13
75,0.5,500,1000,0.5050367941927905,0.17653454133635335,0.7982627749443054,12
75,0.5,1000,1000,0.5234973174869505,0.23711589278973197,0.8981802463531494,11
75,0.5,10,2500,0.6255214542873971,0.2470215175537939,0.7656837701797485,6
75,0.5,25,2500,0.5668558781030956,0.25031332578331444,0.7985665202140808,7
75,0.5,50,2500,0.5649662186502363,0.2503888259720649,0.7322462797164917,6
75,0.5,100,2500,0.5377387663223416,0.2244318610796527,0.6380320191383362,5
75,0.5,250,2500,0.5703266239234616,0.2910079275198188,0.6649302840232849,4
75,0.5,500,2500,0.5754561631714562,0.37112872782181955,0.8626348972320557,4
75,0.5,1000,2500,0.414985023735637,0.1653605134012835,0.33401501178741455,4
75,0.5,10,5000,0.33246875833014117,0.06209135522838807,0.25152653455734253,2
75,0.5,25,5000,0.3307849596529664,0.025821064552661383,0.22836095094680786,2
75,0.5,50,5000,0.6191362563500286,0.39109097772744433,0.8284172415733337,3
75,0.5,100,5000,0.6301867178759257,0.3265081162702907,0.6776447296142578,3
75,0.5,250,5000,0.6276099342449669,0.34991317478293693,0.730857253074646,3
75,0.5,500,5000,0.3360525101184467,0.00015100037750094376,0.23806491494178772,2
75,0.5,1000,5000,0.3375612509370186,0.0011174027935069838,0.23932476341724396,2
75,0.5,10,10000,0.33246875833014117,0.06209135522838807,0.2515265941619873,2
75,0.5,25,10000,0.3307849596529664,0.025821064552661383,0.22836092114448547,2
75,0.5,50,10000,0.3307849596529664,0.025821064552661383,0.22836095094680786,2
75,0.5,100,10000,0.6301867178759257,0.3265081162702907,0.6776447892189026,3
75,0.5,250,10000,0.3360525101184467,0.00015100037750094376,0.23806487023830414,2
75,0.5,500,10000,0.3360525101184467,0.00015100037750094376,0.23806487023830414,2
75,0.5,1000,10000,0.3375612509370186,0.0011174027935069838,0.23932473361492157,2
75,0.5,10,15000,0.33246875833014117,0.06209135522838807,0.2515265941619873,2
75,0.5,25,15000,0.3307849596529664,0.025821064552661383,0.22836090624332428,2
75,0.5,50,15000,0.3307849596529664,0.025821064552661383,0.22836092114448547,2
75,0.5,100,15000,0.33773437980852145,0.001041902604756512,0.2394435852766037,2
75,0.5,250,15000,0.3360525101184467,0.00015100037750094376,0.2380649298429489,2
75,0.5,500,15000,0.3360525101184467,0.00015100037750094376,0.23806490004062653,2
75,0.5,1000,15000,0.3375612509370186,0.0011174027935069838,0.23932482302188873,2
75,0.5,10,20000,0.0,1.0,,0
75,0.5,25,20000,0.0,1.0,,0
75,0.5,50,20000,0.0,1.0,,0
75,0.5,100,20000,0.0,1.0,,0
75,0.5,250,20000,0.0,1.0,,0
75,0.5,500,20000,0.0,1.0,,0
75,0.5,1000,20000,0.0,1.0,,0
75,0.5,10,22000,0.0,1.0,,0
75,0.5,25,22000,0.0,1.0,,0
75,0.5,50,22000,0.0,1.0,,0
75,0.5,100,22000,0.0,1.0,,0
75,0.5,250,22000,0.0,1.0,,0
75,0.5,500,22000,0.0,1.0,,0
75,0.5,1000,22000,0.0,1.0,,0
100,0.5,10,50,0.48214973143813195,0.09748584371460929,0.19969436526298523,165
100,0.5,25,50,0.48543486366684496,0.10903737259343148,0.25626447796821594,143
100,0.5,50,50,0.4863241909921066,0.07308418271045677,0.2842990458011627,112
100,0.5,100,50,0.5004328197085323,0.052533031332578334,0.22298315167427063,59
100,0.5,250,50,0.5083174403330687,0.1143525858814647,0.6531121134757996,30
100,0.5,500,50,0.514453526428867,0.13896564741411854,0.721484899520874,17
100,0.5,1000,50,0.5174640345305078,0.18082295205738014,0.7478370070457458,14
100,0.5,10,100,0.4902783440494707,0.05786334465836165,0.2853422164916992,80
100,0.5,25,100,0.49600987957522985,0.040634201585503966,0.3074299097061157,70
100,0.5,50,100,0.5016016445018282,0.032480181200453,0.2508365511894226,58
100,0.5,100,100,0.5068868026719864,0.04459041147602869,0.45326974987983704,56
100,0.5,250,100,0.5087887997754806,0.11642129105322763,0.6541473865509033,28
100,0.5,500,100,0.514453526428867,0.13896564741411854,0.7214850187301636,17
100,0.5,1000,100,0.5171544664355475,0.17044922612306532,0.7418827414512634,13
100,0.5,10,250,0.5081435325472999,0.05362023405058513,0.605144202709198,32
100,0.5,25,250,0.5072096468031686,0.054224235560588904,0.5930476784706116,32
100,0.5,50,250,0.5103158644065295,0.04314080785201963,0.5551350116729736,29
100,0.5,100,250,0.508525720246044,0.07059267648169121,0.5979853272438049,31
100,0.5,250,250,0.5072467676979531,0.09692714231785579,0.5971667766571045,23
100,0.5,500,250,0.5154809540685508,0.14195545488863723,0.7234815955162048,16
100,0.5,1000,250,0.5171544664355475,0.17044922612306532,0.7418828010559082,13
100,0.5,10,500,0.5102787273391864,0.06030955077387693,0.5954519510269165,22
100,0.5,25,500,0.5104345884854586,0.052366930917327296,0.5719747543334961,22
100,0.5,50,500,0.5129842060816145,0.049709324273310686,0.5993415713310242,21
100,0.5,100,500,0.5111123936222662,0.06515666289165722,0.6249110102653503,21
100,0.5,250,500,0.5119196662498818,0.10994337485843715,0.6806038022041321,16
100,0.5,500,500,0.515602353074683,0.13630804077010192,0.7089142203330994,15
100,0.5,1000,500,0.5171544664355475,0.17044922612306532,0.741882860660553,13
100,0.5,10,1000,0.5170997633083216,0.09386183465458664,0.6389265060424805,14
100,0.5,25,1000,0.5179566933546528,0.08416761041902605,0.6111613512039185,14
100,0.5,50,1000,0.5227164263831319,0.08715741789354474,0.6180963516235352,13
100,0.5,100,1000,0.5217256375789456,0.10769346923367308,0.655021071434021,13
100,0.5,250,1000,0.5180600285740243,0.13298603246508117,0.7080329656600952,14
100,0.5,500,1000,0.5152231506549354,0.13164212910532277,0.6992090940475464,14
100,0.5,1000,1000,0.5171544664355475,0.17044922612306532,0.7418828010559082,13
100,0.5,10,2500,0.5757732692593411,0.23134767836919592,0.7678886651992798,7
100,0.5,25,2500,0.5784373872740457,0.2225745564363911,0.7397935390472412,7
100,0.5,50,2500,0.5726824273953274,0.19867119667799168,0.7139066457748413,7
100,0.5,100,2500,0.5904171338951119,0.24012080030200075,0.7403686046600342,6
100,0.5,250,2500,0.5921936533095052,0.25103812759531896,0.7579172253608704,6
100,0.5,500,2500,0.6572513295467292,0.3420309550773877,0.8482618927955627,5
100,0.5,1000,2500,0.5754806208855329,0.21138542846357117,0.6833240389823914,5
100,0.5,10,5000,0.3969370471392648,0.16330690826727068,0.30478939414024353,2
100,0.5,25,5000,0.3803035440099491,0.14755756889392224,0.28775662183761597,2
100,0.5,50,5000,0.44137267011682857,0.18459796149490373,0.3414166569709778,3
100,0.5,100,5000,0.641405305550487,0.3917100792751982,0.8835788369178772,3
100,0.5,250,5000,0.6346175921857464,0.3994563986409966,0.9015500545501709,3
100,0.5,500,5000,0.349358548359834,0.060430351075877686,0.243525430560112,2
100,0.5,1000,5000,0.36338121575606247,0.11554548886372216,0.2950854003429413,2
100,0.5,10,10000,0.3969370471392648,0.16330690826727068,0.30478939414024353,2
100,0.5,25,10000,0.3803035440099491,0.14755756889392224,0.28775662183761597,2
100,0.5,50,10000,0.3812144398901558,0.1471196677991695,0.28652989864349365,2
100,0.5,100,10000,0.3645212730725295,0.12072480181200453,0.2760225534439087,2
100,0.5,250,10000,0.3505808734680028,0.09947904869762174,0.24784702062606812,2
100,0.5,500,10000,0.349358548359834,0.060430351075877686,0.2435254603624344,2
100,0.5,1000,10000,0.36338121575606247,0.11554548886372216,0.2950854003429413,2
100,0.5,10,15000,0.3969370471392648,0.16330690826727068,0.30478936433792114,2
100,0.5,25,15000,0.3803035440099491,0.14755756889392224,0.28775662183761597,2
100,0.5,50,15000,0.3812144398901558,0.1471196677991695,0.28652992844581604,2
100,0.5,100,15000,0.3645212730725295,0.12072480181200453,0.2760225236415863,2
100,0.5,250,15000,0.3505808734680028,0.09947904869762174,0.24784700572490692,2
100,0.5,500,15000,0.349358548359834,0.060430351075877686,0.24352538585662842,2
100,0.5,1000,15000,0.36338121575606247,0.11554548886372216,0.2950854003429413,2
100,0.5,10,20000,0.0,1.0,,0
100,0.5,25,20000,0.0,1.0,,0
100,0.5,50,20000,0.0,1.0,,0
100,0.5,100,20000,0.0,1.0,,0
100,0.5,250,20000,0.0,1.0,,0
100,0.5,500,20000,0.0,1.0,,0
100,0.5,1000,20000,0.0,1.0,,0
100,0.5,10,22000,0.0,1.0,,0
100,0.5,25,22000,0.0,1.0,,0
100,0.5,50,22000,0.0,1.0,,0
100,0.5,100,22000,0.0,1.0,,0
100,0.5,250,22000,0.0,1.0,,0
100,0.5,500,22000,0.0,1.0,,0
100,0.5,1000,22000,0.0,1.0,,0
10,0.75,10,50,0.0978889797726932,0.4183012457531144,-0.34002014994621277,250
10,0.75,25,50,0.12520444025729843,0.5146092865232164,-0.22355283796787262,178
10,0.75,50,50,0.13934285873768507,0.595832389580974,-0.08146442472934723,139
10,0.75,100,50,0.13194579690152344,0.6602038505096263,0.001415008562617004,60
10,0.75,250,50,0.09799732274944413,0.7248471121177803,0.39340558648109436,29
10,0.75,500,50,0.08003798861329954,0.7787693469233673,0.6236953735351562,17
10,0.75,1000,50,0.06653231359980978,0.8137712344280861,0.7992960214614868,11
10,0.75,10,100,0.11407665034696675,0.4851038127595319,-0.20258203148841858,105
10,0.75,25,100,0.13552770199706657,0.5361268403171008,-0.15336409211158752,98
10,0.75,50,100,0.14506731682624752,0.5971762929407324,-0.03855618089437485,73
10,0.75,100,100,0.1321863319610317,0.6618497546243866,0.0006520455935969949,52
10,0.75,250,100,0.10503353758551981,0.7202114005285013,0.44708094000816345,25
10,0.75,500,100,0.09319110417365778,0.7653907134767837,0.6142655611038208,14
10,0.75,1000,100,0.06598299216921691,0.8149188372970932,0.8058438897132874,9
10,0.75,10,250,0.13330702535711972,0.5893846734616837,0.06113621965050697,37
10,0.75,25,250,0.13586781125826958,0.6055719139297848,0.09228882193565369,33
10,0.75,50,250,0.1352371231998726,0.6517931294828238,0.1980440616607666,28
10,0.75,100,250,0.12763744523923515,0.6932427331068328,0.3833483159542084,25
10,0.75,250,250,0.1044309267504585,0.7213288033220083,0.5225933790206909,23
10,0.75,500,250,0.09383412242250397,0.769769724424311,0.6319361329078674,12
10,0.75,1000,250,0.06598299216921691,0.8149188372970932,0.8058438301086426,9
10,0.75,10,500,0.11892059180085486,0.641917704794262,0.26396459341049194,21
10,0.75,25,500,0.12724567596541142,0.633763684409211,0.32412293553352356,18
10,0.75,50,500,0.1115219652617978,0.7149867874669686,0.5392010807991028,13
10,0.75,100,500,0.12237782500592616,0.7301170252925633,0.6225271224975586,14
10,0.75,250,500,0.10701453684822729,0.7452472631181578,0.6263992786407471,13
10,0.75,500,500,0.09524113263692875,0.7754473386183466,0.6302708387374878,11
10,0.75,1000,500,0.06598299216921691,0.8149188372970932,0.8058438301086426,9
10,0.75,10,1000,0.09223964891752331,0.7389505473763684,0.5353054404258728,11
10,0.75,25,1000,0.10192897803315781,0.7095658739146848,0.5262607932090759,11
10,0.75,50,1000,0.09285710383177243,0.7495205738014346,0.5856351256370544,9
10,0.75,100,1000,0.09816783960628245,0.7572064930162326,0.6590572595596313,10
10,0.75,250,1000,0.08870694646898232,0.7456247640619101,0.23902550339698792,9
10,0.75,500,1000,0.10078754764790651,0.7461079652699132,0.2523162066936493,8
10,0.75,1000,1000,0.07511881654325889,0.8094224235560589,0.8038234710693359,7
10,0.75,10,2500,0.0,1.0,,0
10,0.75,25,2500,0.021627948207968033,0.8756209890524727,0.2702091634273529,2
10,0.75,50,2500,0.012738980011534924,0.9062740656851642,0.3165947496891022,2
10,0.75,100,2500,0.04590396142689774,0.7936881842204605,0.0494169183075428,2
10,0.75,250,2500,0.0,1.0,,0
10,0.75,500,2500,0.021823219524029387,0.8608531521328804,0.6030150055885315,2
10,0.75,1000,2500,0.08392769717022998,0.7841449603624009,0.7292777299880981,3
10,0.75,10,5000,0.0,1.0,,0
10,0.75,25,5000,0.0,1.0,,0
10,0.75,50,5000,0.0,1.0,,0
10,0.75,100,5000,0.0,1.0,,0
10,0.75,250,5000,0.0,1.0,,0
10,0.75,500,5000,0.0,1.0,,0
10,0.75,1000,5000,0.0,1.0,,0
10,0.75,10,10000,0.0,1.0,,0
10,0.75,25,10000,0.0,1.0,,0
10,0.75,50,10000,0.0,1.0,,0
10,0.75,100,10000,0.0,1.0,,0
10,0.75,250,10000,0.0,1.0,,0
10,0.75,500,10000,0.0,1.0,,0
10,0.75,1000,10000,0.0,1.0,,0
10,0.75,10,15000,0.0,1.0,,0
10,0.75,25,15000,0.0,1.0,,0
10,0.75,50,15000,0.0,1.0,,0
10,0.75,100,15000,0.0,1.0,,0
10,0.75,250,15000,0.0,1.0,,0
10,0.75,500,15000,0.0,1.0,,0
10,0.75,1000,15000,0.0,1.0,,0
10,0.75,10,20000,0.0,1.0,,0
10,0.75,25,20000,0.0,1.0,,0
10,0.75,50,20000,0.0,1.0,,0
10,0.75,100,20000,0.0,1.0,,0
10,0.75,250,20000,0.0,1.0,,0
10,0.75,500,20000,0.0,1.0,,0
10,0.75,1000,20000,0.0,1.0,,0
10,0.75,10,22000,0.0,1.0,,0
10,0.75,25,22000,0.0,1.0,,0
10,0.75,50,22000,0.0,1.0,,0
10,0.75,100,22000,0.0,1.0,,0
10,0.75,250,22000,0.0,1.0,,0
10,0.75,500,22000,0.0,1.0,,0
10,0.75,1000,22000,0.0,1.0,,0
15,0.75,10,50,0.15801448072002808,0.3927519818799547,-0.3014669418334961,196
15,0.75,25,50,0.18305843115988696,0.43852019630049077,-0.323095440864563,157
15,0.75,50,50,0.1699770619916201,0.48175160437901093,-0.24070383608341217,121
15,0.75,100,50,0.19138567234111278,0.5234126085315214,-0.157566100358963,58
15,0.75,250,50,0.15084054738574146,0.606885617214043,-0.08177611231803894,26
15,0.75,500,50,0.14873919106076844,0.6400755001887505,0.02399907447397709,16
15,0.75,1000,50,0.12107523486768729,0.6713325783314459,0.11243396997451782,9
15,0.75,10,100,0.17762632008199306,0.42725556813892035,-0.2892736792564392,85
15,0.75,25,100,0.20187971214905226,0.44889392223480556,-0.27897483110427856,74
15,0.75,50,100,0.2095549638795157,0.4663344658361646,-0.25143325328826904,59
15,0.75,100,100,0.19597583700411692,0.5204379010947527,-0.19118286669254303,53
15,0.75,250,100,0.1684991782818401,0.587693469233673,-0.09894917160272598,24
15,0.75,500,100,0.14445726762052388,0.6340354850887128,0.07423598319292068,13
15,0.75,1000,100,0.12107523486768729,0.6713325783314459,0.11243396252393723,9
15,0.75,10,250,0.20369846937565148,0.4797281993204983,-0.35480445623397827,33
15,0.75,25,250,0.20446264752128523,0.5086749716874293,-0.19372771680355072,25
15,0.75,50,250,0.1851233477540078,0.5266289165722914,-0.17107471823692322,27
15,0.75,100,250,0.18320899244371075,0.5644696111740279,-0.12991735339164734,24
15,0.75,250,250,0.17499436495522588,0.5875575688939222,-0.14198799431324005,21
15,0.75,500,250,0.14647634221766012,0.6317251793129482,0.11956526339054108,12
15,0.75,1000,250,0.11993005697989366,0.6744280860702152,0.13001880049705505,8
15,0.75,10,500,0.16892388414189152,0.5521932804832012,0.017522085458040237,14
15,0.75,25,500,0.17817866018038556,0.5654964137410343,0.03146321326494217,13
15,0.75,50,500,0.16359853671625962,0.5960739901849754,0.056114938110113144,12
15,0.75,100,500,0.17011727321236067,0.6065836164590411,-0.003045150078833103,13
15,0.75,250,500,0.16042076648429782,0.6263646659116647,0.06334491819143295,11
15,0.75,500,500,0.1429821156022,0.637916194790487,0.1252959668636322,11
15,0.75,1000,500,0.11993005697989366,0.6744280860702152,0.13001880049705505,8
15,0.75,10,1000,0.1544475215827777,0.59519818799547,0.021863339468836784,10
15,0.75,25,1000,0.16660217621604204,0.592314080785202,0.007727994117885828,9
15,0.75,50,1000,0.15904623096638598,0.6021442053605134,0.06367379426956177,10
15,0.75,100,1000,0.15485044092634928,0.647685919214798,-0.00995628535747528,8
15,0.75,250,1000,0.13897725629793506,0.6546772366930917,0.03321734070777893,8
15,0.75,500,1000,0.13677362948710878,0.6563835409588524,-0.019838888198137283,8
15,0.75,1000,1000,0.11993005697989366,0.6744280860702152,0.13001880049705505,8
15,0.75,10,2500,0.17614678217264046,0.5277463193657984,0.32140034437179565,3
15,0.75,25,2500,0.1740395501222687,0.5503812759531899,0.35117411613464355,4
15,0.75,50,2500,0.16064578709827768,0.5767912419781049,0.3868633508682251,4
15,0.75,100,2500,0.15881995316920172,0.5988976972442431,0.5332589745521545,4
15,0.75,250,2500,0.13682220283878074,0.644318610796527,0.6491116285324097,3
15,0.75,500,2500,0.13540988744674978,0.6488335220838052,0.6719369888305664,3
15,0.75,1000,2500,0.13713215825167815,0.6350320875802189,0.5206884741783142,3
15,0.75,10,5000,0.0,1.0,,0
15,0.75,25,5000,0.0,1.0,,0
15,0.75,50,5000,0.0,1.0,,0
15,0.75,100,5000,0.0,1.0,,0
15,0.75,250,5000,0.0,1.0,,0
15,0.75,500,5000,0.0,1.0,,0
15,0.75,1000,5000,0.0,1.0,,0
15,0.75,10,10000,0.0,1.0,,0
15,0.75,25,10000,0.0,1.0,,0
15,0.75,50,10000,0.0,1.0,,0
15,0.75,100,10000,0.0,1.0,,0
15,0.75,250,10000,0.0,1.0,,0
15,0.75,500,10000,0.0,1.0,,0
15,0.75,1000,10000,0.0,1.0,,0
15,0.75,10,15000,0.0,1.0,,0
15,0.75,25,15000,0.0,1.0,,0
15,0.75,50,15000,0.0,1.0,,0
15,0.75,100,15000,0.0,1.0,,0
15,0.75,250,15000,0.0,1.0,,0
15,0.75,500,15000,0.0,1.0,,0
15,0.75,1000,15000,0.0,1.0,,0
15,0.75,10,20000,0.0,1.0,,0
15,0.75,25,20000,0.0,1.0,,0
15,0.75,50,20000,0.0,1.0,,0
15,0.75,100,20000,0.0,1.0,,0
15,0.75,250,20000,0.0,1.0,,0
15,0.75,500,20000,0.0,1.0,,0
15,0.75,1000,20000,0.0,1.0,,0
15,0.75,10,22000,0.0,1.0,,0
15,0.75,25,22000,0.0,1.0,,0
15,0.75,50,22000,0.0,1.0,,0
15,0.75,100,22000,0.0,1.0,,0
15,0.75,250,22000,0.0,1.0,,0
15,0.75,500,22000,0.0,1.0,,0
15,0.75,1000,22000,0.0,1.0,,0
30,0.75,10,50,0.14503432037405423,0.4547829369573424,-0.1008923277258873,190
30,0.75,25,50,0.15233898302983487,0.5309475273688185,-0.027728751301765442,134
30,0.75,50,50,0.15000885717148693,0.5756889392223481,0.004894844722002745,111
30,0.75,100,50,0.12958991741245554,0.5976443941109852,0.054529815912246704,65
30,0.75,250,50,0.09499298280429001,0.6193280483201208,0.32111090421676636,32
30,0.75,500,50,0.07530092580681298,0.6698376745941865,0.656359851360321,18
30,0.75,1000,50,0.05447887790111406,0.7178557946394866,0.7246331572532654,13
30,0.75,10,100,0.14669536428027988,0.4908569271423179,-0.07453048974275589,95
30,0.75,25,100,0.15420285863137043,0.551196677991695,0.0027636683080345392,72
30,0.75,50,100,0.14264360765350878,0.5799773499433749,0.09328000247478485,61
30,0.75,100,100,0.12870858857672876,0.6018724046810117,0.15765561163425446,54
30,0.75,250,100,0.09965319198600238,0.6171083427708569,0.47060731053352356,29
30,0.75,500,100,0.07530092580681298,0.6698376745941865,0.6563599705696106,18
30,0.75,1000,100,0.05447887790111406,0.7178557946394866,0.7246332168579102,13
30,0.75,10,250,0.14727607482981525,0.5541562853907135,0.19484589993953705,37
30,0.75,25,250,0.14678833593291296,0.570554926387316,0.22159013152122498,32
30,0.75,50,250,0.13218996743590786,0.6001510003775009,0.31162986159324646,30
30,0.75,100,250,0.12596564200684737,0.6085919214798037,0.3722473084926605,29
30,0.75,250,250,0.10154034523870353,0.6167006417516043,0.46560293436050415,25
30,0.75,500,250,0.08647381423567402,0.6519894299735749,0.6162785887718201,15
30,0.75,1000,250,0.0625983511420655,0.7052623631559078,0.6645482778549194,12
30,0.75,10,500,0.12229973229025037,0.5990788976972442,0.37622177600860596,19
30,0.75,25,500,0.14401843122744656,0.6215779539448849,0.49607306718826294,17
30,0.75,50,500,0.13205739548159265,0.6288561721404303,0.48039841651916504,17
30,0.75,100,500,0.12607614759263663,0.6296715741789355,0.49694737792015076,19
30,0.75,250,500,0.100803295245805,0.6353340883352209,0.5120066404342651,14
30,0.75,500,500,0.08244632501626925,0.6666817667044168,0.6363485455513,13
30,0.75,1000,500,0.06073640199961082,0.7107285768214421,0.712181568145752,11
30,0.75,10,1000,0.0937444988286059,0.6544205360513401,0.5413647294044495,11
30,0.75,25,1000,0.12826495056441437,0.6256549641374104,0.5033437609672546,12
30,0.75,50,1000,0.14691867740469383,0.6390939977349943,0.5894454717636108,11
30,0.75,100,1000,0.13131048814220198,0.6287353718384296,0.509152889251709,13
30,0.75,250,1000,0.11160880632102672,0.6247489618724047,0.484780490398407,12
30,0.75,500,1000,0.0908259466894649,0.6751226878067195,0.6100008487701416,11
30,0.75,1000,1000,0.062361318654465696,0.7189882974707437,0.7511776685714722,10
30,0.75,10,2500,0.025131442517292255,0.20249150622876558,-0.01108460035175085,2
30,0.75,25,2500,0.030044135937788253,0.2303359758399396,-0.014496097341179848,2
30,0.75,50,2500,0.09597802558852653,0.6104190260475651,0.4668779671192169,5
30,0.75,100,2500,0.15546792453822872,0.4030502076255191,-0.04639875516295433,5
30,0.75,250,2500,0.11882684263000756,0.5082823707059267,0.0019587541464716196,4
30,0.75,500,2500,0.11208570149036322,0.5490524726311816,0.031184814870357513,3
30,0.75,1000,2500,0.10326126638940857,0.570721026802567,0.2203342169523239,4
30,0.75,10,5000,0.08455549060991355,0.737440543601359,0.5725387930870056,2
30,0.75,25,5000,0.04850093704846745,0.7086598716496791,0.5594079494476318,2
30,0.75,50,5000,0.0410342530978632,0.7277463193657984,0.5685849189758301,2
30,0.75,100,5000,0.10943415493190688,0.5040392600981503,0.16501100361347198,2
30,0.75,250,5000,0.11681023753793353,0.4709248773121933,0.05885143578052521,2
30,0.75,500,5000,0.07800520562126159,0.5976443941109852,0.18785351514816284,2
30,0.75,1000,5000,0.14023812168537023,0.5639562098905248,0.4123503863811493,2
30,0.75,10,10000,0.0,1.0,,0
30,0.75,25,10000,0.0,1.0,,0
30,0.75,50,10000,0.0,1.0,,0
30,0.75,100,10000,0.0,1.0,,0
30,0.75,250,10000,0.0,1.0,,0
30,0.75,500,10000,0.0,1.0,,0
30,0.75,1000,10000,0.14023812168537023,0.5639562098905248,0.4123503565788269,2
30,0.75,10,15000,0.0,1.0,,0
30,0.75,25,15000,0.0,1.0,,0
30,0.75,50,15000,0.0,1.0,,0
30,0.75,100,15000,0.0,1.0,,0
30,0.75,250,15000,0.0,1.0,,0
30,0.75,500,15000,0.0,1.0,,0
30,0.75,1000,15000,0.0,1.0,,0
30,0.75,10,20000,0.0,1.0,,0
30,0.75,25,20000,0.0,1.0,,0
30,0.75,50,20000,0.0,1.0,,0
30,0.75,100,20000,0.0,1.0,,0
30,0.75,250,20000,0.0,1.0,,0
30,0.75,500,20000,0.0,1.0,,0
30,0.75,1000,20000,0.0,1.0,,0
30,0.75,10,22000,0.0,1.0,,0
30,0.75,25,22000,0.0,1.0,,0
30,0.75,50,22000,0.0,1.0,,0
30,0.75,100,22000,0.0,1.0,,0
30,0.75,250,22000,0.0,1.0,,0
30,0.75,500,22000,0.0,1.0,,0
30,0.75,1000,22000,0.0,1.0,,0
50,0.75,10,50,0.4863302603717067,0.0837599093997735,0.3027263283729553,149
50,0.75,25,50,0.48982867590933526,0.03927519818799547,0.5275582075119019,119
50,0.75,50,50,0.48902579968061133,0.06872027180067951,0.5933839082717896,108
50,0.75,100,50,0.49135820591569396,0.08350320875802189,0.5784090161323547,55
50,0.75,250,50,0.49385278185406944,0.13014722536806342,0.6836889386177063,32
50,0.75,500,50,0.4966873421200318,0.17937334843337108,0.761164128780365,18
50,0.75,1000,50,0.5026269835620327,0.224960362400906,0.8169679045677185,14
50,0.75,10,100,0.4926319140040792,0.03989429973574934,0.5405798554420471,67
50,0.75,25,100,0.49329472180488526,0.045571913929784824,0.5397768020629883,62
50,0.75,50,100,0.49301374468121756,0.05094752736881842,0.53391033411026,60
50,0.75,100,100,0.49117517255034815,0.07814269535673839,0.5736337304115295,50
50,0.75,250,100,0.49401816519309233,0.12924122310305775,0.6785634160041809,31
50,0.75,500,100,0.4966873421200318,0.17937334843337108,0.7611640095710754,18
50,0.75,1000,100,0.5026269835620327,0.224960362400906,0.8169680833816528,14
50,0.75,10,250,0.49283408287132213,0.08487731219328049,0.6311378479003906,32
50,0.75,25,250,0.49375976034640023,0.08298980747451869,0.6163918375968933,32
50,0.75,50,250,0.49496726181952855,0.06761796904492261,0.5856865048408508,29
50,0.75,100,250,0.491899510125838,0.08709701774254436,0.6327650547027588,31
50,0.75,250,250,0.49520137796144453,0.12138920347300869,0.6926397085189819,27
50,0.75,500,250,0.4962900643471387,0.1833144582861457,0.7645244002342224,16
50,0.75,1000,250,0.5035761624795135,0.22668176670441675,0.8022944331169128,12
50,0.75,10,500,0.4988196427846754,0.09713854284635712,0.6548039317131042,17
50,0.75,25,500,0.49785579805219354,0.10530766326915818,0.6788722276687622,16
50,0.75,50,500,0.49649890770750926,0.10373725934314836,0.6581231355667114,18
50,0.75,100,500,0.49670645217655823,0.10678746696866742,0.6334695219993591,17
50,0.75,250,500,0.4963365329487406,0.1423178557946395,0.6800801157951355,15
50,0.75,500,500,0.49776365110771237,0.18823707059267647,0.773152232170105,15
50,0.75,1000,500,0.5035761624795135,0.22668176670441675,0.8022943735122681,12
50,0.75,10,1000,0.5043172119991848,0.10705926764816912,0.63136225938797,12
50,0.75,25,1000,0.502376670810419,0.12501321253303133,0.6650899648666382,12
50,0.75,50,1000,0.5025685239535556,0.13710834277085693,0.677764356136322,12
50,0.75,100,1000,0.500344269249605,0.10826727066817667,0.6704184412956238,13
50,0.75,250,1000,0.5009465664748838,0.16119290298225747,0.6834068298339844,13
50,0.75,500,1000,0.5101535903231802,0.21141562853907134,0.7786739468574524,11
50,0.75,1000,1000,0.5045213990132044,0.22449226123065308,0.8171640038490295,11
50,0.75,10,2500,0.5536800899371751,0.24129860324650812,0.664493203163147,6
50,0.75,25,2500,0.5590909008995429,0.24383540958852398,0.6614452004432678,6
50,0.75,50,2500,0.5210768166449496,0.21120422801057004,0.5847685933113098,5
50,0.75,100,2500,0.5152276741711953,0.21309173272933182,0.5909929871559143,5
50,0.75,250,2500,0.5238359542623228,0.19368818422046055,0.6508539915084839,5
50,0.75,500,2500,0.5170188008178476,0.19613439033597585,0.6322735548019409,4
50,0.75,1000,2500,0.5215908600882835,0.15687429218573046,0.5690281391143799,4
50,0.75,10,5000,0.5962707959842588,0.28448471121177804,0.7076773047447205,4
50,0.75,25,5000,0.6020196287541364,0.28555681389203474,0.7181980013847351,4
50,0.75,50,5000,0.5365598930838731,0.14610796526991318,0.5520199537277222,3
50,0.75,100,5000,0.5353211358760108,0.1468478671196678,0.5461474061012268,3
50,0.75,250,5000,0.5506148738447596,0.25248773121932805,0.6709337830543518,4
50,0.75,500,5000,0.5400515375717402,0.24635711589278972,0.6429162621498108,3
50,0.75,1000,5000,0.5372996163706587,0.2085919214798037,0.6322402954101562,3
50,0.75,10,10000,0.32912056992140987,0.00039260098150245375,0.3395276367664337,2
50,0.75,25,10000,0.5297796812207518,0.17029822574556436,0.5436100363731384,3
50,0.75,50,10000,0.5365598930838731,0.14610796526991318,0.5520200729370117,3
50,0.75,100,10000,0.5353211358760108,0.1468478671196678,0.5461474061012268,3
50,0.75,250,10000,0.536989270812424,0.2418271045677614,0.6481731534004211,3
50,0.75,500,10000,0.329179783946845,0.00037750094375235937,0.33957284688949585,2
50,0.75,1000,10000,0.5372996163706587,0.2085919214798037,0.6322402358055115,3
50,0.75,10,15000,0.32912056992140987,0.00039260098150245375,0.33952757716178894,2
50,0.75,25,15000,0.5297796812207518,0.17029822574556436,0.5436099767684937,3
50,0.75,50,15000,0.5365598930838731,0.14610796526991318,0.5520199537277222,3
50,0.75,100,15000,0.5353211358760108,0.1468478671196678,0.5461474061012268,3
50,0.75,250,15000,0.536989270812424,0.2418271045677614,0.6481732130050659,3
50,0.75,500,15000,0.329179783946845,0.00037750094375235937,0.3395727872848511,2
50,0.75,1000,15000,0.327077540715937,0.007157417893544734,0.34370648860931396,2
50,0.75,10,20000,0.0,1.0,,0
50,0.75,25,20000,0.0,1.0,,0
50,0.75,50,20000,0.0,1.0,,0
50,0.75,100,20000,0.0,1.0,,0
50,0.75,250,20000,0.0,1.0,,0
50,0.75,500,20000,0.0,1.0,,0
50,0.75,1000,20000,0.0,1.0,,0
50,0.75,10,22000,0.0,1.0,,0
50,0.75,25,22000,0.0,1.0,,0
50,0.75,50,22000,0.0,1.0,,0
50,0.75,100,22000,0.0,1.0,,0
50,0.75,250,22000,0.0,1.0,,0
50,0.75,500,22000,0.0,1.0,,0
50,0.75,1000,22000,0.0,1.0,,0
75,0.75,10,50,0.48814585927691795,0.06705926764816912,0.2184557318687439,146
75,0.75,25,50,0.48670319554768593,0.06580596451491129,0.22463664412498474,120
75,0.75,50,50,0.4885661609565905,0.060687051717629295,0.2609473764896393,104
75,0.75,100,50,0.49787282197870564,0.07633069082672707,0.391594260931015,58
75,0.75,250,50,0.5007560966035561,0.11116647791619479,0.6961461305618286,34
75,0.75,500,50,0.5014618210243855,0.17864854662136656,0.7913817167282104,17
75,0.75,1000,50,0.5147117749371722,0.22132125330313326,0.8815277814865112,12
75,0.75,10,100,0.49783920582312485,0.0483352208380521,0.3448316752910614,67
75,0.75,25,100,0.5008430250840809,0.033899584748961875,0.3336903154850006,62
75,0.75,50,100,0.4990213480227768,0.05461683654209135,0.3622560203075409,62
75,0.75,100,100,0.4976665830056396,0.07640619101547753,0.385499507188797,56
75,0.75,250,100,0.5007560966035561,0.11116647791619479,0.6961460709571838,34
75,0.75,500,100,0.5014618210243855,0.17864854662136656,0.7913817763328552,17
75,0.75,1000,100,0.5147117749371722,0.22132125330313326,0.8815277814865112,12
75,0.75,10,250,0.5029882929775906,0.047746319365798415,0.5726683139801025,37
75,0.75,25,250,0.503855843528682,0.042265005662514156,0.5658681988716125,37
75,0.75,50,250,0.5035210777332655,0.04839562098905247,0.5757772922515869,36
75,0.75,100,250,0.5013070468070052,0.06512646281615704,0.6033243536949158,34
75,0.75,250,250,0.5017099578124317,0.10699886749716875,0.6842584609985352,29
75,0.75,500,250,0.5015907112337107,0.17799924499811248,0.7919484376907349,16
75,0.75,1000,250,0.5147117749371722,0.22132125330313326,0.8815277218818665,12
75,0.75,10,500,0.5073786538686772,0.09105322763306908,0.6513857245445251,21
75,0.75,25,500,0.504312332568456,0.09312193280483201,0.6371464133262634,22
75,0.75,50,500,0.5034798889026971,0.09522083805209514,0.628889262676239,21
75,0.75,100,500,0.5009352652153,0.10645526613816535,0.6458061933517456,21
75,0.75,250,500,0.4996490873092845,0.13461683654209136,0.7117084860801697,18
75,0.75,500,500,0.5055918239609289,0.19137787844469611,0.8191248774528503,14
75,0.75,1000,500,0.5147117749371722,0.22132125330313326,0.8815277814865112,12
75,0.75,10,1000,0.514046882117607,0.13161192902982258,0.7370273470878601,13
75,0.75,25,1000,0.5155456511387848,0.13121932804832012,0.7366618514060974,13
75,0.75,50,1000,0.5144586380881678,0.14752736881842204,0.7538198828697205,13
75,0.75,100,1000,0.5123888179391841,0.15495658739146848,0.7692725658416748,13
75,0.75,250,1000,0.5186300138865327,0.19171007927519818,0.7773717045783997,11
75,0.75,500,1000,0.5132361885918953,0.21135522838807097,0.8606820702552795,12
75,0.75,1000,1000,0.5206969420038272,0.2338542846357116,0.9053274393081665,11
75,0.75,10,2500,0.5668413711556601,0.23574178935447337,0.7608708739280701,7
75,0.75,25,2500,0.5704904888336815,0.23528878822197055,0.7645887136459351,7
75,0.75,50,2500,0.5880326176274578,0.2806795016987543,0.8641746640205383,6
75,0.75,100,2500,0.5914310530965149,0.2930917327293318,0.8743091821670532,6
75,0.75,250,2500,0.4771510937146816,0.2204152510381276,0.4860548973083496,4
75,0.75,500,2500,0.4513694939052369,0.1957568893922235,0.4450177252292633,4
75,0.75,1000,2500,0.5346480165566008,0.2160513401283503,0.5812782049179077,5
75,0.75,10,5000,0.33341776191496025,0.025866364665911665,0.24259307980537415,2
75,0.75,25,5000,0.3334598878734385,0.025866364665911665,0.2426251322031021,2
75,0.75,50,5000,0.33833216364853197,0.01135522838807097,0.2487635761499405,2
75,0.75,100,5000,0.33856439710518726,0.0006493016232540581,0.24555832147598267,2
75,0.75,250,5000,0.33815455745559014,0.0009966024915062288,0.24530142545700073,2
75,0.75,500,5000,0.33857087620401255,0.0006795016987542468,0.245565727353096,2
75,0.75,1000,5000,0.33932174975861823,4.5300113250283124e-05,0.24603281915187836,2
75,0.75,10,10000,0.33341776191496025,0.025866364665911665,0.24259302020072937,2
75,0.75,25,10000,0.3334598878734385,0.025866364665911665,0.24262511730194092,2
75,0.75,50,10000,0.33833216364853197,0.01135522838807097,0.24876360595226288,2
75,0.75,100,10000,0.33856439710518726,0.0006493016232540581,0.24555832147598267,2
75,0.75,250,10000,0.33815455745559014,0.0009966024915062288,0.24530141055583954,2
75,0.75,500,10000,0.33857087620401255,0.0006795016987542468,0.245565727353096,2
75,0.75,1000,10000,0.33932174975861823,4.5300113250283124e-05,0.24603281915187836,2
75,0.75,10,15000,0.33341776191496025,0.025866364665911665,0.24259303510189056,2
75,0.75,25,15000,0.3334598878734385,0.025866364665911665,0.2426251322031021,2
75,0.75,50,15000,0.33833216364853197,0.01135522838807097,0.24876365065574646,2
75,0.75,100,15000,0.33856439710518726,0.0006493016232540581,0.24555835127830505,2
75,0.75,250,15000,0.33815455745559014,0.0009966024915062288,0.24530138075351715,2
75,0.75,500,15000,0.33857087620401255,0.0006795016987542468,0.24556571245193481,2
75,0.75,1000,15000,0.33932174975861823,4.5300113250283124e-05,0.24603280425071716,2
75,0.75,10,20000,0.0,1.0,,0
75,0.75,25,20000,0.0,1.0,,0
75,0.75,50,20000,0.0,1.0,,0
75,0.75,100,20000,0.0,1.0,,0
75,0.75,250,20000,0.0,1.0,,0
75,0.75,500,20000,0.0,1.0,,0
75,0.75,1000,20000,0.0,1.0,,0
75,0.75,10,22000,0.0,1.0,,0
75,0.75,25,22000,0.0,1.0,,0
75,0.75,50,22000,0.0,1.0,,0
75,0.75,100,22000,0.0,1.0,,0
75,0.75,250,22000,0.0,1.0,,0
75,0.75,500,22000,0.0,1.0,,0
75,0.75,1000,22000,0.0,1.0,,0
100,0.75,10,50,0.4839017993947932,0.09001132502831258,0.15309545397758484,148
100,0.75,25,50,0.48526884205939375,0.07533408833522084,0.2052420973777771,129
100,0.75,50,50,0.4861338576992457,0.07877689694224235,0.45485204458236694,111
100,0.75,100,50,0.5027905180459066,0.07254058135145337,0.6735254526138306,56
100,0.75,250,50,0.505815027349525,0.12288410721026803,0.7164064049720764,31
100,0.75,500,50,0.5090079821907023,0.16409211023027556,0.7797812223434448,17
100,0.75,1000,50,0.5146577331592959,0.20498301245753114,0.8436898589134216,13
100,0.75,10,100,0.49462837353235733,0.08190260475651188,0.6149288415908813,75
100,0.75,25,100,0.4956525431855567,0.04425821064552661,0.4250151216983795,65
100,0.75,50,100,0.4979454308553062,0.05626274065685164,0.40236225724220276,62
100,0.75,100,100,0.5030061597642809,0.07430728576821442,0.675677478313446,53
100,0.75,250,100,0.505691152526848,0.11216308040770102,0.714039146900177,26
100,0.75,500,100,0.508820803158733,0.16516421291053227,0.8003733158111572,16
100,0.75,1000,100,0.5146577331592959,0.20498301245753114,0.8436896800994873,13
100,0.75,10,250,0.5043135250440562,0.058935447338618344,0.6040263772010803,33
100,0.75,25,250,0.5061375430472305,0.057591543978859946,0.5944584608078003,33
100,0.75,50,250,0.5069817197653749,0.05452623631559079,0.5857714414596558,31
100,0.75,100,250,0.5047188947807005,0.0740958852397131,0.6104577779769897,30
100,0.75,250,250,0.505691152526848,0.11216308040770102,0.7140392661094666,26
100,0.75,500,250,0.508820803158733,0.16516421291053227,0.8003730773925781,16
100,0.75,1000,250,0.5146577331592959,0.20498301245753114,0.8436898589134216,13
100,0.75,10,500,0.5063772398194241,0.0982257455643639,0.6359822154045105,20
100,0.75,25,500,0.5099087475907564,0.10165345413363533,0.6407725214958191,20
100,0.75,50,500,0.5099158579740677,0.07584748961872405,0.6151138544082642,20
100,0.75,100,500,0.5072857404216546,0.09195922989807474,0.6342265009880066,19
100,0.75,250,500,0.5068595998414852,0.11405058512646282,0.7153717875480652,18
100,0.75,500,500,0.508820803158733,0.16516421291053227,0.8003733158111572,16
100,0.75,1000,500,0.5146577331592959,0.20498301245753114,0.8436899185180664,13
100,0.75,10,1000,0.5084992258320089,0.10556436391090977,0.6573858261108398,15
100,0.75,25,1000,0.5118986758735156,0.09297093242733107,0.6547439098358154,15
100,0.75,50,1000,0.5154784285364571,0.11675349188372972,0.6563208699226379,14
100,0.75,100,1000,0.5141267303809302,0.14636466591166478,0.7072793245315552,14
100,0.75,250,1000,0.5115923685702883,0.14452246130615326,0.7222219109535217,13
100,0.75,500,1000,0.5195135998514913,0.18435636089090224,0.7440008521080017,12
100,0.75,1000,1000,0.5174106955931354,0.219841449603624,0.8551151156425476,12
100,0.75,10,2500,0.6609725214963912,0.2571083427708569,0.8156719207763672,6
100,0.75,25,2500,0.5866314319325358,0.2512948282370706,0.8282122611999512,6
100,0.75,50,2500,0.5559787885004833,0.13676104190260477,0.67432701587677,8
100,0.75,100,2500,0.6371032529836554,0.3218875047187618,0.8260437250137329,5
100,0.75,250,2500,0.6357940379230543,0.3026651566628917,0.8217070698738098,5
100,0.75,500,2500,0.5828640972904424,0.27229898074745185,0.8249167203903198,6
100,0.75,1000,2500,0.6131738815203952,0.1806266515666289,0.6352571845054626,4
100,0.75,10,5000,0.647516585012416,0.2424462061155153,0.6308003067970276,2
100,0.75,25,5000,0.6288886747208955,0.18962627406568516,0.5764721035957336,3
100,0.75,50,5000,0.5957832408858313,0.12291430728576822,0.5691643357276917,3
100,0.75,100,5000,0.651013328691447,0.24877312193280482,0.6415778398513794,2
100,0.75,250,5000,0.7678262086210818,0.3457153642884107,0.9010012149810791,3
100,0.75,500,5000,0.5644914887593747,0.20202340505851266,0.5637444257736206,2
100,0.75,1000,5000,0.5726790042714449,0.2088637221593054,0.5719762444496155,2
100,0.75,10,10000,0.647516585012416,0.2424462061155153,0.6308003067970276,2
100,0.75,25,10000,0.6880204107695659,0.2775839939599849,0.6377902030944824,2
100,0.75,50,10000,0.6416842563885231,0.2472933182332956,0.6340085864067078,2
100,0.75,100,10000,0.651013328691447,0.24877312193280482,0.6415778398513794,2
100,0.75,250,10000,0.5711847832275424,0.2008154020385051,0.568187415599823,2
100,0.75,500,10000,0.5644914887593747,0.20202340505851266,0.5637444853782654,2
100,0.75,1000,10000,0.5726790042714449,0.2088637221593054,0.5719762444496155,2
100,0.75,10,15000,0.647516585012416,0.2424462061155153,0.6308003067970276,2
100,0.75,25,15000,0.6880204107695659,0.2775839939599849,0.6377902030944824,2
100,0.75,50,15000,0.6416842563885231,0.2472933182332956,0.6340084671974182,2
100,0.75,100,15000,0.651013328691447,0.24877312193280482,0.6415777802467346,2
100,0.75,250,15000,0.5711847832275424,0.2008154020385051,0.568187415599823,2
100,0.75,500,15000,0.5644914887593747,0.20202340505851266,0.5637444853782654,2
100,0.75,1000,15000,0.5726790042714449,0.2088637221593054,0.5719762444496155,2
100,0.75,10,20000,0.647516585012416,0.2424462061155153,0.6308002471923828,2
100,0.75,25,20000,0.6880204107695659,0.2775839939599849,0.6377900838851929,2
100,0.75,50,20000,0.6416842563885231,0.2472933182332956,0.6340085864067078,2
100,0.75,100,20000,0.651013328691447,0.24877312193280482,0.6415777206420898,2
100,0.75,250,20000,0.5711847832275424,0.2008154020385051,0.568187415599823,2
100,0.75,500,20000,0.5644914887593747,0.20202340505851266,0.5637445449829102,2
100,0.75,1000,20000,0.5726790042714449,0.2088637221593054,0.5719762444496155,2
100,0.75,10,22000,0.0,1.0,,0
100,0.75,25,22000,0.0,1.0,,0
100,0.75,50,22000,0.0,1.0,,0
100,0.75,100,22000,0.0,1.0,,0
100,0.75,250,22000,0.0,1.0,,0
100,0.75,500,22000,0.0,1.0,,0
100,0.75,1000,22000,0.0,1.0,,0
10,1.0,10,50,0.10592337778455664,0.4227557568893922,-0.40212708711624146,228
10,1.0,25,50,0.13030837019667318,0.5153189882974707,-0.35544171929359436,168
10,1.0,50,50,0.15196070538055897,0.5744960362400906,-0.3059997856616974,129
10,1.0,100,50,0.14274908502842576,0.6623178557946395,-0.031781814992427826,69
10,1.0,250,50,0.10234366085998473,0.7297999244998112,0.3834680914878845,27
10,1.0,500,50,0.08053601437534645,0.7774254435636089,0.5570616126060486,16
10,1.0,1000,50,0.052699933022887446,0.8216987542468857,0.7502685189247131,12
10,1.0,10,100,0.12377209222980935,0.47858059645149115,-0.2917426526546478,107
10,1.0,25,100,0.14390509346052788,0.5418950547376369,-0.261751651763916,92
10,1.0,50,100,0.1546012831952616,0.5950018875047187,-0.22663243114948273,71
10,1.0,100,100,0.1430296483589942,0.663525858814647,-0.027139071375131607,55
10,1.0,250,100,0.10186595131937436,0.7328199320498301,0.3928647041320801,24
10,1.0,500,100,0.08092417913173096,0.7794186485466214,0.6562907695770264,14
10,1.0,1000,100,0.05281892711384929,0.8211249528123821,0.7495908737182617,11
10,1.0,10,250,0.14378477698204858,0.5222952057380144,-0.1127115935087204,49
10,1.0,25,250,0.1520153107824698,0.6111287278218196,-0.04232465475797653,32
10,1.0,50,250,0.1429077093745509,0.6247338618346546,0.11087852716445923,27
10,1.0,100,250,0.14404597278807052,0.6804681011702529,0.22443126142024994,26
10,1.0,250,250,0.10495592537787209,0.7338165345413363,0.3810340166091919,22
10,1.0,500,250,0.08085982882742568,0.7839788599471499,0.7399790287017822,12
10,1.0,1000,250,0.05323628093689918,0.8210343525858814,0.7622805833816528,10
10,1.0,10,500,0.1205983507392107,0.6070517176292941,0.16098585724830627,20
10,1.0,25,500,0.11913814248494956,0.6590713476783692,0.2019025683403015,18
10,1.0,50,500,0.11434425399287654,0.6667874669686674,0.23197437822818756,16
10,1.0,100,500,0.12093882854557947,0.7188825972064931,0.2657943665981293,17
10,1.0,250,500,0.11436612267492684,0.7485390713476784,0.45041123032569885,13
10,1.0,500,500,0.08085982882742568,0.7839788599471499,0.7399789094924927,12
10,1.0,1000,500,0.055635314522682625,0.8218799546998867,0.7235517501831055,8
10,1.0,10,1000,0.08998168529752702,0.6772970932427331,0.31645986437797546,12
10,1.0,25,1000,0.07791063177263442,0.7093242733106833,0.16671177744865417,10
10,1.0,50,1000,0.08696175815665927,0.7000528501321254,0.23615817725658417,12
10,1.0,100,1000,0.07993927921047486,0.7505322763306909,0.2480846494436264,8
10,1.0,250,1000,0.12086123088646396,0.7199848999622499,0.07691464573144913,8
10,1.0,500,1000,0.08004823713902295,0.8097244243110607,0.7089807391166687,8
10,1.0,1000,1000,0.06253162384198457,0.849286523216308,0.6789103150367737,6
10,1.0,10,2500,0.026755445981018925,0.5034805587013967,0.09542036056518555,2
10,1.0,25,2500,0.07126864184122711,0.6754397885994715,0.09867625683546066,2
10,1.0,50,2500,0.07234141691604273,0.701608154020385,0.09402536600828171,2
10,1.0,100,2500,0.03755867386338771,0.7662816157040393,0.15261641144752502,2
10,1.0,250,2500,0.04378250747618164,0.8118686296715741,0.25582408905029297,2
10,1.0,500,2500,0.0645635610723487,0.8532880332200831,0.7417739629745483,3
10,1.0,1000,2500,0.0468585033075984,0.8809513023782559,0.9320586919784546,2
10,1.0,10,5000,0.0,1.0,,0
10,1.0,25,5000,0.0,1.0,,0
10,1.0,50,5000,0.0,1.0,,0
10,1.0,100,5000,0.0,1.0,,0
10,1.0,250,5000,0.0,1.0,,0
10,1.0,500,5000,0.0,1.0,,0
10,1.0,1000,5000,0.0,1.0,,0
10,1.0,10,10000,0.0,1.0,,0
10,1.0,25,10000,0.0,1.0,,0
10,1.0,50,10000,0.0,1.0,,0
10,1.0,100,10000,0.0,1.0,,0
10,1.0,250,10000,0.0,1.0,,0
10,1.0,500,10000,0.0,1.0,,0
10,1.0,1000,10000,0.0,1.0,,0
10,1.0,10,15000,0.0,1.0,,0
10,1.0,25,15000,0.0,1.0,,0
10,1.0,50,15000,0.0,1.0,,0
10,1.0,100,15000,0.0,1.0,,0
10,1.0,250,15000,0.0,1.0,,0
10,1.0,500,15000,0.0,1.0,,0
10,1.0,1000,15000,0.0,1.0,,0
10,1.0,10,20000,0.0,1.0,,0
10,1.0,25,20000,0.0,1.0,,0
10,1.0,50,20000,0.0,1.0,,0
10,1.0,100,20000,0.0,1.0,,0
10,1.0,250,20000,0.0,1.0,,0
10,1.0,500,20000,0.0,1.0,,0
10,1.0,1000,20000,0.0,1.0,,0
10,1.0,10,22000,0.0,1.0,,0
10,1.0,25,22000,0.0,1.0,,0
10,1.0,50,22000,0.0,1.0,,0
10,1.0,100,22000,0.0,1.0,,0
10,1.0,250,22000,0.0,1.0,,0
10,1.0,500,22000,0.0,1.0,,0
10,1.0,1000,22000,0.0,1.0,,0
15,1.0,10,50,0.16128218145776302,0.37786334465836163,-0.2731998562812805,201
15,1.0,25,50,0.13489485045123534,0.48354850887127215,-0.19016969203948975,157
15,1.0,50,50,0.16996552734923792,0.5005209513023783,-0.21387316286563873,117
15,1.0,100,50,0.1734803117475178,0.5473008682521706,-0.11593535542488098,58
15,1.0,250,50,0.14427835793009103,0.6124726311815779,0.01248045265674591,24
15,1.0,500,50,0.10906791930112723,0.6718308795771989,0.12604905664920807,14
15,1.0,1000,50,0.08044889974668441,0.7309777274443187,0.25354641675949097,11
15,1.0,10,100,0.15245240410325425,0.4733257833144583,-0.133552685379982,89
15,1.0,25,100,0.19517265890816074,0.4822650056625142,-0.18997539579868317,71
15,1.0,50,100,0.19292260127420555,0.5033295583238958,-0.22961220145225525,55
15,1.0,100,100,0.1769822216840507,0.5447187617969045,-0.13502702116966248,52
15,1.0,250,100,0.15074416353052245,0.6053152132880332,0.034788671880960464,22
15,1.0,500,100,0.10981323051946956,0.6730237825594564,0.12956365942955017,13
15,1.0,1000,100,0.08044889974668441,0.7309777274443187,0.25354644656181335,11
15,1.0,10,250,0.19177814819619285,0.5109852774631937,-0.11391349136829376,32
15,1.0,25,250,0.1858191848891892,0.5410343525858815,-0.1027078852057457,29
15,1.0,50,250,0.18425444855933565,0.5285768214420536,-0.036494459956884384,30
15,1.0,100,250,0.17491411487214556,0.5763382408456021,-0.014082428999245167,23
15,1.0,250,250,0.15296391113910132,0.6037901094752737,-0.0013751678634434938,21
15,1.0,500,250,0.10848091372923357,0.6751075877689694,0.13940884172916412,12
15,1.0,1000,250,0.0798293105187233,0.7326538316345791,0.2494366466999054,10
15,1.0,10,500,0.17442427053102805,0.5789354473386183,0.0015787353040650487,14
15,1.0,25,500,0.15774173039973172,0.602884107210268,0.06613939255475998,13
15,1.0,50,500,0.15285244780847157,0.6087731219328049,0.08043123036623001,13
15,1.0,100,500,0.141915839730814,0.6160362400906002,0.08443430066108704,14
15,1.0,250,500,0.1309356878552937,0.6463571158927898,0.08459192514419556,13
15,1.0,500,500,0.10848091372923357,0.6751075877689694,0.13940884172916412,12
15,1.0,1000,500,0.07862026142898022,0.7435862589656475,0.3090553283691406,8
15,1.0,10,1000,0.15974776275754668,0.6287957719894299,0.0437750518321991,9
15,1.0,25,1000,0.14832961160285685,0.6361947904869762,0.06373478472232819,9
15,1.0,50,1000,0.1362484033027317,0.6511891279728199,0.14161169528961182,9
15,1.0,100,1000,0.13137749001753785,0.6636466591166478,0.016182683408260345,8
15,1.0,250,1000,0.10360696360565569,0.7115288788221971,0.11213860660791397,7
15,1.0,500,1000,0.09721038423818167,0.7184144960362401,0.2066500037908554,8
15,1.0,1000,1000,0.08087537065412678,0.7405662514156285,0.25800231099128723,7
15,1.0,10,2500,0.1758879031986639,0.5346772366930918,0.28854820132255554,3
15,1.0,25,2500,0.16586498137324254,0.5638052095130238,0.35879021883010864,3
15,1.0,50,2500,0.14443188266128773,0.596647791619479,0.3625713884830475,3
15,1.0,100,2500,0.14600752346662615,0.595681389203473,0.37020501494407654,3
15,1.0,250,2500,0.17256900759517657,0.510879577198943,0.18686746060848236,2
15,1.0,500,2500,0.18797294337010154,0.4807852019630049,0.11454679816961288,2
15,1.0,1000,2500,0.1338534118491422,0.6101623254058135,0.27511125802993774,2
15,1.0,10,5000,0.0,1.0,,0
15,1.0,25,5000,0.0,1.0,,0
15,1.0,50,5000,0.0,1.0,,0
15,1.0,100,5000,0.0,1.0,,0
15,1.0,250,5000,0.0,1.0,,0
15,1.0,500,5000,0.0,1.0,,0
15,1.0,1000,5000,0.0,1.0,,0
15,1.0,10,10000,0.0,1.0,,0
15,1.0,25,10000,0.0,1.0,,0
15,1.0,50,10000,0.0,1.0,,0
15,1.0,100,10000,0.0,1.0,,0
15,1.0,250,10000,0.0,1.0,,0
15,1.0,500,10000,0.0,1.0,,0
15,1.0,1000,10000,0.0,1.0,,0
15,1.0,10,15000,0.0,1.0,,0
15,1.0,25,15000,0.0,1.0,,0
15,1.0,50,15000,0.0,1.0,,0
15,1.0,100,15000,0.0,1.0,,0
15,1.0,250,15000,0.0,1.0,,0
15,1.0,500,15000,0.0,1.0,,0
15,1.0,1000,15000,0.0,1.0,,0
15,1.0,10,20000,0.0,1.0,,0
15,1.0,25,20000,0.0,1.0,,0
15,1.0,50,20000,0.0,1.0,,0
15,1.0,100,20000,0.0,1.0,,0
15,1.0,250,20000,0.0,1.0,,0
15,1.0,500,20000,0.0,1.0,,0
15,1.0,1000,20000,0.0,1.0,,0
15,1.0,10,22000,0.0,1.0,,0
15,1.0,25,22000,0.0,1.0,,0
15,1.0,50,22000,0.0,1.0,,0
15,1.0,100,22000,0.0,1.0,,0
15,1.0,250,22000,0.0,1.0,,0
15,1.0,500,22000,0.0,1.0,,0
15,1.0,1000,22000,0.0,1.0,,0
30,1.0,10,50,0.2621239317773892,0.28338240845602114,-0.1422412246465683,161
30,1.0,25,50,0.2528153354769717,0.30207625519063797,-0.1155492439866066,130
30,1.0,50,50,0.23441368527016154,0.3427406568516421,-0.06523295491933823,112
30,1.0,100,50,0.22007887890485692,0.3783163457908645,0.08995901048183441,59
30,1.0,250,50,0.196368127545498,0.4371309928274821,0.27677127718925476,28
30,1.0,500,50,0.16266328795364518,0.4856776141940355,0.6296514868736267,17
30,1.0,1000,50,0.12029149565633632,0.5579161947904869,0.7815161943435669,12
30,1.0,10,100,0.26180646497931565,0.286236315590789,0.007061030715703964,78
30,1.0,25,100,0.2538678861845789,0.3114835787089468,0.03135330229997635,71
30,1.0,50,100,0.238783118460439,0.3516194790486976,0.10302140563726425,60
30,1.0,100,100,0.2242109340324071,0.37061532653831636,0.17493994534015656,50
30,1.0,250,100,0.1998208211682697,0.4332955832389581,0.35181647539138794,24
30,1.0,500,100,0.16266328795364518,0.4856776141940355,0.6296515464782715,17
30,1.0,1000,100,0.12029149565633632,0.5579161947904869,0.7815162539482117,12
30,1.0,10,250,0.2525022201199097,0.34101925254813137,0.12896747887134552,32
30,1.0,25,250,0.23976345481108707,0.3594261985654964,0.21035845577716827,30
30,1.0,50,250,0.23065692037799185,0.3855190637976595,0.2400844544172287,28
30,1.0,100,250,0.21994307685305486,0.38600226500566254,0.30692973732948303,26
30,1.0,250,250,0.20337625774804993,0.42642506606266517,0.3215824365615845,23
30,1.0,500,250,0.16067385413809768,0.4917478293695734,0.6835790872573853,15
30,1.0,1000,250,0.12105929590409807,0.5565420913552284,0.8105592727661133,11
30,1.0,10,500,0.25479103701757844,0.3680181200453001,0.4687844514846802,16
30,1.0,25,500,0.24382859410173394,0.3869384673461684,0.5341089963912964,17
30,1.0,50,500,0.23447899120337087,0.3938089845224613,0.5308582782745361,15
30,1.0,100,500,0.21359266018095246,0.39627029067572667,0.5352612733840942,17
30,1.0,250,500,0.21028783852533786,0.4225292563231408,0.5281314253807068,16
30,1.0,500,500,0.16291045098443627,0.48777651944129863,0.6904893517494202,14
30,1.0,1000,500,0.12105929590409807,0.5565420913552284,0.8105592727661133,11
30,1.0,10,1000,0.24797017482446193,0.37760664401661004,0.513125479221344,13
30,1.0,25,1000,0.2502754484140597,0.37914684786711966,0.5442951321601868,13
30,1.0,50,1000,0.21682147155326692,0.4330841827104568,0.6127598285675049,11
30,1.0,100,1000,0.22144452628798456,0.40229520573801436,0.5779271125793457,12
30,1.0,250,1000,0.1973700641290344,0.45464703661759154,0.6495174765586853,12
30,1.0,500,1000,0.15932902191043305,0.5048999622499056,0.7257211804389954,11
30,1.0,1000,1000,0.11580933438800058,0.5714458286145715,0.8638443946838379,10
30,1.0,10,2500,0.24543717188276895,0.5430879577198943,0.7205120921134949,4
30,1.0,25,2500,0.22155801040893144,0.5177953944884862,0.6494699716567993,5
30,1.0,50,2500,0.2211635842646567,0.5747678369195923,0.7233735918998718,4
30,1.0,100,2500,0.18558499916223223,0.5238505096262741,0.7101277709007263,6
30,1.0,250,2500,0.18834563366902898,0.5863193657984145,0.7790602445602417,4
30,1.0,500,2500,0.25632281319637146,0.44978482446206114,0.5238351821899414,4
30,1.0,1000,2500,0.22649690451074758,0.5575235938089845,0.664258599281311,3
30,1.0,10,5000,0.29759590875859593,0.5898678746696867,0.7007448673248291,2
30,1.0,25,5000,0.2781236903001458,0.603367308418271,0.6829085350036621,2
30,1.0,50,5000,0.2499942777319121,0.5855643639109098,0.6703664064407349,2
30,1.0,100,5000,0.0,1.0,,0
30,1.0,250,5000,0.2548502936654925,0.6069309173272933,0.7086182236671448,2
30,1.0,500,5000,0.25084180261838784,0.4950547376368441,0.6445431113243103,3
30,1.0,1000,5000,0.10964401734532025,0.34440166100415254,0.26001861691474915,2
30,1.0,10,10000,0.0,1.0,,0
30,1.0,25,10000,0.0,1.0,,0
30,1.0,50,10000,0.0,1.0,,0
30,1.0,100,10000,0.0,1.0,,0
30,1.0,250,10000,0.0,1.0,,0
30,1.0,500,10000,0.0,1.0,,0
30,1.0,1000,10000,0.0,1.0,,0
30,1.0,10,15000,0.0,1.0,,0
30,1.0,25,15000,0.0,1.0,,0
30,1.0,50,15000,0.0,1.0,,0
30,1.0,100,15000,0.0,1.0,,0
30,1.0,250,15000,0.0,1.0,,0
30,1.0,500,15000,0.0,1.0,,0
30,1.0,1000,15000,0.0,1.0,,0
30,1.0,10,20000,0.0,1.0,,0
30,1.0,25,20000,0.0,1.0,,0
30,1.0,50,20000,0.0,1.0,,0
30,1.0,100,20000,0.0,1.0,,0
30,1.0,250,20000,0.0,1.0,,0
30,1.0,500,20000,0.0,1.0,,0
30,1.0,1000,20000,0.0,1.0,,0
30,1.0,10,22000,0.0,1.0,,0
30,1.0,25,22000,0.0,1.0,,0
30,1.0,50,22000,0.0,1.0,,0
30,1.0,100,22000,0.0,1.0,,0
30,1.0,250,22000,0.0,1.0,,0
30,1.0,500,22000,0.0,1.0,,0
30,1.0,1000,22000,0.0,1.0,,0
50,1.0,10,50,0.4829867294483704,0.07507738769346924,0.003462556516751647,142
50,1.0,25,50,0.48172668079195724,0.05114382785956965,0.07871902734041214,116
50,1.0,50,50,0.4827346919520265,0.06154775386938467,0.09359494596719742,97
50,1.0,100,50,0.480194343520169,0.09585503963759909,0.5563968420028687,52
50,1.0,250,50,0.4793618254222813,0.15723669309173272,0.6133929491043091,27
50,1.0,500,50,0.4788958369783366,0.20366930917327294,0.6857655048370361,16
50,1.0,1000,50,0.4744257182282229,0.22553416383540958,0.6973955035209656,14
50,1.0,10,100,0.4831218635873205,0.051883729709324276,0.16902241110801697,67
50,1.0,25,100,0.4860777705354384,0.051883729709324276,0.1870858520269394,62
50,1.0,50,100,0.4838714869759336,0.07125707814269536,0.3107657730579376,56
50,1.0,100,100,0.4818648837275472,0.08453001132502831,0.5365961194038391,48
50,1.0,250,100,0.4793618254222813,0.15723669309173272,0.6133929491043091,27
50,1.0,500,100,0.4788958369783366,0.20366930917327294,0.6857654452323914,16
50,1.0,1000,100,0.4743954429132648,0.22354095885239714,0.6996353268623352,13
50,1.0,10,250,0.4844801516328215,0.07350698376745941,0.5270836353302002,32
50,1.0,25,250,0.486987007002616,0.0727368818422046,0.5348352789878845,29
50,1.0,50,250,0.48771343942484197,0.07617969044922612,0.5279558300971985,27
50,1.0,100,250,0.4821419340814054,0.09141562853907134,0.5446104407310486,29
50,1.0,250,250,0.4799772618105982,0.15084937712344282,0.5947157144546509,24
50,1.0,500,250,0.48003320366859414,0.1884484711211778,0.6751179099082947,14
50,1.0,1000,250,0.4743954429132648,0.22354095885239714,0.6996354460716248,13
50,1.0,10,500,0.4828382165087234,0.10782936957342393,0.5709412097930908,21
50,1.0,25,500,0.48814326615354586,0.09251793129482824,0.564654529094696,21
50,1.0,50,500,0.4891548999565741,0.0961268403171008,0.5613011121749878,20
50,1.0,100,500,0.4833055583844008,0.12397130992827482,0.5709042549133301,18
50,1.0,250,500,0.4826876513706243,0.16173650434126086,0.6654644012451172,15
50,1.0,500,500,0.48003320366859414,0.1884484711211778,0.6751177906990051,14
50,1.0,1000,500,0.4743954429132648,0.22354095885239714,0.6996354460716248,13
50,1.0,10,1000,0.49016369573650476,0.11056247640619102,0.5796424746513367,14
50,1.0,25,1000,0.4941366309305126,0.08916572291430729,0.528327226638794,13
50,1.0,50,1000,0.4943650316726976,0.10299735749339374,0.5606951713562012,14
50,1.0,100,1000,0.48558990600735036,0.11613439033597583,0.5916780829429626,14
50,1.0,250,1000,0.4824970071260794,0.14888637221593054,0.6421687006950378,13
50,1.0,500,1000,0.4799033275494843,0.18036995092487731,0.6557130813598633,13
50,1.0,1000,1000,0.4743954429132648,0.22354095885239714,0.6996355056762695,13
50,1.0,10,2500,0.5101187432871226,0.19533408833522084,0.20882226526737213,6
50,1.0,25,2500,0.5576260035328761,0.25103812759531896,0.5844439268112183,5
50,1.0,50,2500,0.5517671946177478,0.2381426953567384,0.6070952415466309,5
50,1.0,100,2500,0.5235938333607364,0.22687806719516798,0.7233827114105225,5
50,1.0,250,2500,0.6193812587837652,0.30431106077765196,0.7208082675933838,5
50,1.0,500,2500,0.5110938061498436,0.23241978104945263,0.27482637763023376,4
50,1.0,1000,2500,0.5766313120316379,0.2649452623631559,0.5680710673332214,5
50,1.0,10,5000,0.49078310572831224,0.24357870894677236,0.6953585743904114,4
50,1.0,25,5000,0.5650041351892097,0.35287278218195545,0.856417715549469,3
50,1.0,50,5000,0.5576912291768686,0.3407021517553794,0.8405938148498535,3
50,1.0,100,5000,0.5617024965883998,0.27981879954699884,0.7836793065071106,4
50,1.0,250,5000,0.31214419848887115,0.00652321630804077,0.18291786313056946,2
50,1.0,500,5000,0.3106726465290036,0.007459418648546622,0.18195949494838715,2
50,1.0,1000,5000,0.30926420901179985,0.008667421668554172,0.18099868297576904,2
50,1.0,10,10000,0.3157634553688886,0.0007550018875047187,0.30339479446411133,2
50,1.0,25,10000,0.31785969269630093,0.03402038505096263,0.18825940787792206,2
50,1.0,50,10000,0.3155630479085735,0.010132125330313326,0.18489184975624084,2
50,1.0,100,10000,0.3153687653217234,0.004907512268780672,0.18505801260471344,2
50,1.0,250,10000,0.31214419848887115,0.00652321630804077,0.18291783332824707,2
50,1.0,500,10000,0.3106726465290036,0.007459418648546622,0.18195949494838715,2
50,1.0,1000,10000,0.30926420901179985,0.008667421668554172,0.18099872767925262,2
50,1.0,10,15000,0.3157634553688886,0.0007550018875047187,0.30339473485946655,2
50,1.0,25,15000,0.31785969269630093,0.03402038505096263,0.18825940787792206,2
50,1.0,50,15000,0.3155630479085735,0.010132125330313326,0.18489183485507965,2
50,1.0,100,15000,0.3153687653217234,0.004907512268780672,0.18505798280239105,2
50,1.0,250,15000,0.31214419848887115,0.00652321630804077,0.18291787803173065,2
50,1.0,500,15000,0.3106726465290036,0.007459418648546622,0.18195945024490356,2
50,1.0,1000,15000,0.30926420901179985,0.008667421668554172,0.18099871277809143,2
50,1.0,10,20000,0.3157634553688886,0.0007550018875047187,0.3033948242664337,2
50,1.0,25,20000,0.0,1.0,,0
50,1.0,50,20000,0.0,1.0,,0
50,1.0,100,20000,0.0,1.0,,0
50,1.0,250,20000,0.0,1.0,,0
50,1.0,500,20000,0.0,1.0,,0
50,1.0,1000,20000,0.0,1.0,,0
50,1.0,10,22000,0.3157634553688886,0.0007550018875047187,0.30339479446411133,2
50,1.0,25,22000,0.0,1.0,,0
50,1.0,50,22000,0.0,1.0,,0
50,1.0,100,22000,0.0,1.0,,0
50,1.0,250,22000,0.0,1.0,,0
50,1.0,500,22000,0.0,1.0,,0
50,1.0,1000,22000,0.0,1.0,,0
75,1.0,10,50,0.49490946406571223,0.09259343148357871,0.009890832006931305,155
75,1.0,25,50,0.4880153919179546,0.05366553416383541,0.038091059774160385,115
75,1.0,50,50,0.48823781144788697,0.061170252925632315,0.3264900743961334,96
75,1.0,100,50,0.49492637316895804,0.1009437523593809,0.689185619354248,56
75,1.0,250,50,0.49617683092400394,0.14606266515666289,0.7654633522033691,32
75,1.0,500,50,0.5095417477070713,0.18189505473763684,0.8132724165916443,19
75,1.0,1000,50,0.5153811671334755,0.23101547753869384,0.8816618323326111,11
75,1.0,10,100,0.4973547327979675,0.07688939222348055,0.5697671175003052,70
75,1.0,25,100,0.49736748153002336,0.05594563986409966,0.6035028100013733,64
75,1.0,50,100,0.4955144200136655,0.06653076632691582,0.6358972191810608,58
75,1.0,100,100,0.4946942961653695,0.10026425066062665,0.6927615404129028,52
75,1.0,250,100,0.4962784939012422,0.13389203473008682,0.7379381060600281,29
75,1.0,500,100,0.5077811826737826,0.17185352963382408,0.8194061517715454,17
75,1.0,1000,100,0.5153811671334755,0.23101547753869384,0.8816617727279663,11
75,1.0,10,250,0.5055490696810612,0.048501321253303135,0.5904985070228577,33
75,1.0,25,250,0.504021605438367,0.04936202340505851,0.598490834236145,34
75,1.0,50,250,0.5021768166333975,0.06450736126840317,0.6203380823135376,33
75,1.0,100,250,0.49970862028984453,0.08388070970177425,0.6611382961273193,31
75,1.0,250,250,0.4980868039730324,0.13432993582483957,0.7296121120452881,27
75,1.0,500,250,0.508920590722303,0.17493393733484333,0.8453158140182495,16
75,1.0,1000,250,0.5153811671334755,0.23101547753869384,0.8816617727279663,11
75,1.0,10,500,0.5058070336596807,0.0888788221970555,0.6809493899345398,20
75,1.0,25,500,0.5110695562209203,0.07426198565496414,0.6344785690307617,20
75,1.0,50,500,0.5079798949579859,0.06840317100792752,0.639889121055603,21
75,1.0,100,500,0.5035154643757614,0.1111513778784447,0.7267805337905884,18
75,1.0,250,500,0.5052238294087275,0.1347829369573424,0.7491448521614075,16
75,1.0,500,500,0.5138873111300117,0.18721026802567006,0.8531854152679443,14
75,1.0,1000,500,0.5153811671334755,0.23101547753869384,0.8816617727279663,11
75,1.0,10,1000,0.5170875284393588,0.13985654964137412,0.7121639251708984,12
75,1.0,25,1000,0.5221772149921435,0.10483956209890524,0.6357424259185791,11
75,1.0,50,1000,0.5201303216003618,0.09884484711211779,0.6858291625976562,12
75,1.0,100,1000,0.5105361285137736,0.15024537561343904,0.746720552444458,12
75,1.0,250,1000,0.5093456717636181,0.156481691204228,0.7654855251312256,12
75,1.0,500,1000,0.5235864883826619,0.20247640619101548,0.8496690392494202,11
75,1.0,1000,1000,0.5153811671334755,0.23101547753869384,0.8816617727279663,11
75,1.0,10,2500,0.5355631165163656,0.15240468101170254,0.7269400954246521,8
75,1.0,25,2500,0.5330320943440061,0.07830879577198943,0.6394795179367065,9
75,1.0,50,2500,0.530955300644061,0.12303510758776896,0.7132529020309448,9
75,1.0,100,2500,0.5120689386747999,0.2105247263118158,0.8045991659164429,7
75,1.0,250,2500,0.5081844897337505,0.22663646659116649,0.7998566031455994,7
75,1.0,500,2500,0.4308146624514726,0.12791241978104945,0.4317740499973297,5
75,1.0,1000,2500,0.5331682425070298,0.24034730086825218,0.7211873531341553,5
75,1.0,10,5000,0.3749174779224762,0.09401283503208759,0.3840354382991791,3
75,1.0,25,5000,0.6475771265207736,0.20866742166855418,0.7109262347221375,4
75,1.0,50,5000,0.3393755115024314,0.0,0.2558218836784363,2
75,1.0,100,5000,0.3393755115024314,0.0,0.2558218836784363,2
75,1.0,250,5000,0.3393755115024314,0.0,0.25582191348075867,2
75,1.0,500,5000,0.3447283778138099,0.003306908267270668,0.26003119349479675,2
75,1.0,1000,5000,0.3447283778138099,0.003306908267270668,0.26003125309944153,2
75,1.0,10,10000,0.3393755115024314,0.0,0.25582194328308105,2
75,1.0,25,10000,0.3393755115024314,0.0,0.2558218836784363,2
75,1.0,50,10000,0.3393755115024314,0.0,0.25582191348075867,2
75,1.0,100,10000,0.3393755115024314,0.0,0.25582194328308105,2
75,1.0,250,10000,0.3393755115024314,0.0,0.2558218836784363,2
75,1.0,500,10000,0.3447283778138099,0.003306908267270668,0.26003122329711914,2
75,1.0,1000,10000,0.3447283778138099,0.003306908267270668,0.2600312829017639,2
75,1.0,10,15000,0.3393755115024314,0.0,0.25582191348075867,2
75,1.0,25,15000,0.3393755115024314,0.0,0.25582194328308105,2
75,1.0,50,15000,0.3393755115024314,0.0,0.25582194328308105,2
75,1.0,100,15000,0.3393755115024314,0.0,0.25582194328308105,2
75,1.0,250,15000,0.3393755115024314,0.0,0.2558218836784363,2
75,1.0,500,15000,0.3447283778138099,0.003306908267270668,0.26003122329711914,2
75,1.0,1000,15000,0.3447283778138099,0.003306908267270668,0.2600312829017639,2
75,1.0,10,20000,0.0,1.0,,0
75,1.0,25,20000,0.0,1.0,,0
75,1.0,50,20000,0.0,1.0,,0
75,1.0,100,20000,0.0,1.0,,0
75,1.0,250,20000,0.0,1.0,,0
75,1.0,500,20000,0.0,1.0,,0
75,1.0,1000,20000,0.0,1.0,,0
75,1.0,10,22000,0.0,1.0,,0
75,1.0,25,22000,0.0,1.0,,0
75,1.0,50,22000,0.0,1.0,,0
75,1.0,100,22000,0.0,1.0,,0
75,1.0,250,22000,0.0,1.0,,0
75,1.0,500,22000,0.0,1.0,,0
75,1.0,1000,22000,0.0,1.0,,0
100,1.0,10,50,0.480746005654078,0.09596073990184975,0.11843794584274292,160
100,1.0,25,50,0.4913871331399209,0.09455643639109097,0.15299244225025177,120
100,1.0,50,50,0.4904121235606386,0.08170630426576067,0.39491745829582214,103
100,1.0,100,50,0.4918836379553629,0.10994337485843715,0.6900932788848877,54
100,1.0,250,50,0.49594720494482986,0.1245300113250283,0.734268844127655,26
100,1.0,500,50,0.494975969738799,0.1713099282748207,0.7936854958534241,18
100,1.0,1000,50,0.49624355347890803,0.22216685541713854,0.8534432053565979,12
100,1.0,10,100,0.4879330383469844,0.10384295960739902,0.5213544964790344,77
100,1.0,25,100,0.493655289001606,0.0934239335598339,0.5516635179519653,66
100,1.0,50,100,0.4916534156248603,0.07403548508871272,0.4046282172203064,61
100,1.0,100,100,0.4924625776856688,0.10061155152887882,0.6973150372505188,46
100,1.0,250,100,0.49594720494482986,0.1245300113250283,0.734268844127655,26
100,1.0,500,100,0.4951608634384722,0.17224613061532654,0.7945864796638489,17
100,1.0,1000,100,0.49624355347890803,0.22216685541713854,0.8534430265426636,12
100,1.0,10,250,0.49330464329679047,0.06627406568516421,0.5856645107269287,34
100,1.0,25,250,0.4988247782671945,0.05967534918837297,0.6202400326728821,33
100,1.0,50,250,0.5013843091413522,0.06766326915817289,0.6420784592628479,31
100,1.0,100,250,0.49664222787634227,0.09220083050207625,0.6872747540473938,28
100,1.0,250,250,0.4966009636847858,0.1290902227255568,0.7532579898834229,24
100,1.0,500,250,0.4951608634384722,0.17224613061532654,0.7945866584777832,17
100,1.0,1000,250,0.49624355347890803,0.22216685541713854,0.8534432053565979,12
100,1.0,10,500,0.5004286801079979,0.05760664401661004,0.6126978397369385,25
100,1.0,25,500,0.5019458368720842,0.063359758399396,0.621757984161377,23
100,1.0,50,500,0.5066450213428719,0.0485919214798037,0.5895379185676575,23
100,1.0,100,500,0.4973017447159489,0.09399773499433749,0.6843052506446838,22
100,1.0,250,500,0.4985023220376747,0.15261608154020384,0.7648428082466125,17
100,1.0,500,500,0.49563549253505995,0.17002642506606266,0.7920394539833069,16
100,1.0,1000,500,0.49624355347890803,0.22216685541713854,0.8534432053565979,12
100,1.0,10,1000,0.5031616817292486,0.12380520951302378,0.6653963327407837,14
100,1.0,25,1000,0.5060286282319947,0.12783691959229898,0.6912755966186523,14
100,1.0,50,1000,0.5119116090201176,0.11323518308795771,0.7045803666114807,12
100,1.0,100,1000,0.5028073097080793,0.17426953567383918,0.7452921271324158,13
100,1.0,250,1000,0.5016429001939003,0.1565269913174783,0.7456235289573669,13
100,1.0,500,1000,0.5041737347487302,0.1857455643639109,0.7871067523956299,12
100,1.0,1000,1000,0.5027601465970223,0.20255190637976594,0.8523921966552734,11
100,1.0,10,2500,0.5466415274282735,0.18930917327293317,0.7656916379928589,7
100,1.0,25,2500,0.5499135446402534,0.19119667799169499,0.7662485241889954,7
100,1.0,50,2500,0.6212019107853785,0.17947904869762174,0.8318341970443726,7
100,1.0,100,2500,0.6329253410559218,0.21659494148735373,0.8265938758850098,6
100,1.0,250,2500,0.614505534741609,0.172638731596829,0.7414258718490601,6
100,1.0,500,2500,0.6185038223608817,0.1884333710834277,0.8717461824417114,6
100,1.0,1000,2500,0.6048543400976132,0.20069460173650433,0.9136260747909546,6
100,1.0,10,5000,0.7132991325651578,0.22477916194790487,0.8694354295730591,3
100,1.0,25,5000,0.704233095516629,0.21710834277085692,0.8630510568618774,3
100,1.0,50,5000,0.7797348877985406,0.336806342015855,0.9091365337371826,2
100,1.0,100,5000,0.7518144360520547,0.3393733484333711,0.9107855558395386,2
100,1.0,250,5000,0.6826548819979459,0.23752359380898452,0.8546075820922852,3
100,1.0,500,5000,0.6335550458725856,0.19122687806719516,0.715861439704895,3
100,1.0,1000,5000,0.6293779196674315,0.2117931294828237,0.7650047540664673,3
100,1.0,10,10000,0.788216000472959,0.3439486598716497,0.9168621301651001,2
100,1.0,25,10000,0.7774054795857909,0.33599093997734997,0.9078514575958252,2
100,1.0,50,10000,0.7797348877985406,0.336806342015855,0.9091368913650513,2
100,1.0,100,10000,0.7518144360520547,0.3393733484333711,0.9107856154441833,2
100,1.0,250,10000,0.6040885014764198,0.23476028690071726,0.6918722987174988,2
100,1.0,500,10000,0.557766503290622,0.18218195545488863,0.6166447401046753,2
100,1.0,1000,10000,0.5447909346504766,0.19287278218195544,0.6072667241096497,2
100,1.0,10,15000,0.788216000472959,0.3439486598716497,0.9168621301651001,2
100,1.0,25,15000,0.7774054795857909,0.33599093997734997,0.9078514575958252,2
100,1.0,50,15000,0.7797348877985406,0.336806342015855,0.9091367125511169,2
100,1.0,100,15000,0.7518144360520547,0.3393733484333711,0.9107855558395386,2
100,1.0,250,15000,0.6040885014764198,0.23476028690071726,0.6918722987174988,2
100,1.0,500,15000,0.557766503290622,0.18218195545488863,0.6166448593139648,2
100,1.0,1000,15000,0.5447909346504766,0.19287278218195544,0.6072667837142944,2
100,1.0,10,20000,0.788216000472959,0.3439486598716497,0.9168622493743896,2
100,1.0,25,20000,0.7774054795857909,0.33599093997734997,0.9078513383865356,2
100,1.0,50,20000,0.7797348877985406,0.336806342015855,0.9091367125511169,2
100,1.0,100,20000,0.7518144360520547,0.3393733484333711,0.910785436630249,2
100,1.0,250,20000,0.6040885014764198,0.23476028690071726,0.6918721795082092,2
100,1.0,500,20000,0.557766503290622,0.18218195545488863,0.6166447401046753,2
100,1.0,1000,20000,0.5447909346504766,0.19287278218195544,0.6072667837142944,2
100,1.0,10,22000,0.0,1.0,,0
100,1.0,25,22000,0.0,1.0,,0
100,1.0,50,22000,0.0,1.0,,0
100,1.0,100,22000,0.0,1.0,,0
100,1.0,250,22000,0.0,1.0,,0
100,1.0,500,22000,0.0,1.0,,0
100,1.0,1000,22000,0.0,1.0,,0
