n_neighbors,min_dist,min_samples,min_cluster_size,ari,noise_fraction,silhouette,n_clusters
10,0.0,10,50,0.0645187619535999,0.4199773499433749,-0.33004575967788696,269
10,0.0,25,50,0.09880838557012045,0.5272178180445452,-0.19784973561763763,212
10,0.0,50,50,0.10985328139670492,0.5911815779539449,-0.07956527918577194,167
10,0.0,100,50,0.09525505471021663,0.6463873159682899,0.013722841627895832,85
10,0.0,250,50,0.07778695118458148,0.7212080030200075,0.19982078671455383,33
10,0.0,500,50,0.06174363705622562,0.770237825594564,0.5128391981124878,15
10,0.0,1000,50,0.03213359128207424,0.8246734616836542,0.8721686601638794,9
10,0.0,10,100,0.06463805476654765,0.4531521328803322,-0.25324496626853943,101
10,0.0,25,100,0.0887796770540047,0.544643261608154,-0.14872194826602936,96
10,0.0,50,100,0.10190549950016067,0.5909852774631936,-0.1305145025253296,92
10,0.0,100,100,0.10058012360728588,0.6423254058135145,-0.004854237660765648,75
10,0.0,250,100,0.08619255703289917,0.7166175915439789,0.10592838376760483,28
10,0.0,500,100,0.06174363705622562,0.770237825594564,0.512839138507843,15
10,0.0,1000,100,0.032353569826367,0.8239637599093997,0.8784989714622498,8
10,0.0,10,250,0.07458569414288556,0.3194412986032465,-0.5186751484870911,30
10,0.0,25,250,0.07812826439749215,0.6293393733484334,0.12428118288516998,38
10,0.0,50,250,0.10587741120478703,0.6597206493016232,0.02672513760626316,35
10,0.0,100,250,0.10550563208557077,0.6892563231408079,0.11691848188638687,28
10,0.0,250,250,0.08048561234476002,0.7238203095507739,0.16323912143707275,23
10,0.0,500,250,0.06225056844595052,0.7726387315968289,0.5263441801071167,14
10,0.0,1000,250,0.032353569826367,0.8239637599093997,0.8784990310668945,8
10,0.0,10,500,0.0706834867015567,0.38136655341638354,-0.2389577031135559,15
10,0.0,25,500,0.06805957348268073,0.6810117025292564,0.13613803684711456,16
10,0.0,50,500,0.09504286461542018,0.6940581351453379,0.1754491627216339,15
10,0.0,100,500,0.09261387503998386,0.7304945262363156,0.24747569859027863,15
10,0.0,250,500,0.08722645966325515,0.7456096640241601,0.3932455778121948,15
10,0.0,500,500,0.0647050686610078,0.7664779161947904,0.4644218683242798,12
10,0.0,1000,500,0.032353569826367,0.8239637599093997,0.8784990310668945,8
10,0.0,10,1000,0.009402049376727091,0.03776519441298603,-0.15179374814033508,4
10,0.0,25,1000,0.0434071376805723,0.5393280483201208,0.07945941388607025,9
10,0.0,50,1000,0.06827945696565792,0.7248471121177803,0.28893882036209106,12
10,0.0,100,1000,0.0825572882205512,0.7289694224235561,0.327314555644989,11
10,0.0,250,1000,0.09080723999489182,0.7323669309173273,0.411001980304718,11
10,0.0,500,1000,0.058282163310061766,0.7749641374103435,0.668479859828949,10
10,0.0,1000,1000,0.032353569826367,0.8239637599093997,0.8784990310668945,8
10,0.0,10,2500,0.0,1.0,,0
10,0.0,25,2500,0.0,1.0,,0
10,0.0,50,2500,0.0025763047305614652,0.24164590411476028,0.025345899164676666,2
10,0.0,100,2500,0.030493999965548378,0.8008456021140052,0.6154440641403198,2
10,0.0,250,2500,0.025422895518604608,0.44579841449603624,-0.04438392072916031,3
10,0.0,500,2500,0.0,1.0,,0
10,0.0,1000,2500,0.0,1.0,,0
10,0.0,10,5000,0.0,1.0,,0
10,0.0,25,5000,0.0,1.0,,0
10,0.0,50,5000,0.0,1.0,,0
10,0.0,100,5000,0.030493999965548378,0.8008456021140052,0.615444004535675,2
10,0.0,250,5000,0.0,1.0,,0
10,0.0,500,5000,0.0,1.0,,0
10,0.0,1000,5000,0.0,1.0,,0
10,0.0,10,10000,0.0,1.0,,0
10,0.0,25,10000,0.0,1.0,,0
10,0.0,50,10000,0.0,1.0,,0
10,0.0,100,10000,0.0,1.0,,0
10,0.0,250,10000,0.0,1.0,,0
10,0.0,500,10000,0.0,1.0,,0
10,0.0,1000,10000,0.0,1.0,,0
10,0.0,10,15000,0.0,1.0,,0
10,0.0,25,15000,0.0,1.0,,0
10,0.0,50,15000,0.0,1.0,,0
10,0.0,100,15000,0.0,1.0,,0
10,0.0,250,15000,0.0,1.0,,0
10,0.0,500,15000,0.0,1.0,,0
10,0.0,1000,15000,0.0,1.0,,0
10,0.0,10,20000,0.0,1.0,,0
10,0.0,25,20000,0.0,1.0,,0
10,0.0,50,20000,0.0,1.0,,0
10,0.0,100,20000,0.0,1.0,,0
10,0.0,250,20000,0.0,1.0,,0
10,0.0,500,20000,0.0,1.0,,0
10,0.0,1000,20000,0.0,1.0,,0
10,0.0,10,22000,0.0,1.0,,0
10,0.0,25,22000,0.0,1.0,,0
10,0.0,50,22000,0.0,1.0,,0
10,0.0,100,22000,0.0,1.0,,0
10,0.0,250,22000,0.0,1.0,,0
10,0.0,500,22000,0.0,1.0,,0
10,0.0,1000,22000,0.0,1.0,,0
15,0.0,10,50,0.10163232737269365,0.40919592298980745,-0.15099206566810608,230
15,0.0,25,50,0.1382089019505257,0.4690675726689317,-0.07297435402870178,181
15,0.0,50,50,0.1386948284397087,0.5093997734994338,0.03432389721274376,161
15,0.0,100,50,0.14118023971653093,0.5547753869384674,0.1254470944404602,86
15,0.0,250,50,0.12344316603014782,0.6302151755379388,0.16033758223056793,33
15,0.0,500,50,0.10062031901727217,0.6709399773499434,0.47210073471069336,19
15,0.0,1000,50,0.06810876556473436,0.7313250283125707,0.5048648118972778,13
15,0.0,10,100,0.11098317861560894,0.452004530011325,-0.07758428901433945,100
15,0.0,25,100,0.15413951228989697,0.49599093997734994,-0.06190777197480202,94
15,0.0,50,100,0.15583765404217878,0.5077085692714232,-0.04333863407373428,85
15,0.0,100,100,0.14379972340231903,0.5537334843337108,0.07380398362874985,76
15,0.0,250,100,0.124983947793083,0.6336579841449603,0.2950228154659271,29
15,0.0,500,100,0.10062031901727217,0.6709399773499434,0.47210073471069336,19
15,0.0,1000,100,0.06835027942670507,0.7322763306908268,0.5316842198371887,12
15,0.0,10,250,0.10958701505656224,0.5067723669309173,0.06882467120885849,41
15,0.0,25,250,0.15129391481922846,0.5609060022650056,0.10944322496652603,35
15,0.0,50,250,0.15028970838967984,0.5550169875424689,0.033678192645311356,36
15,0.0,100,250,0.14029464549246484,0.5586107965269913,0.13150835037231445,31
15,0.0,250,250,0.13436425636015886,0.6287806719516799,0.27187657356262207,24
15,0.0,500,250,0.10600199408189406,0.6702755756889393,0.5304737091064453,16
15,0.0,1000,250,0.06912208686949607,0.7348282370705926,0.5278481841087341,11
15,0.0,10,500,0.12515151144197503,0.3570403926009815,0.10673410445451736,13
15,0.0,25,500,0.11637115500471301,0.6219705549263873,0.18399754166603088,17
15,0.0,50,500,0.11924098702674628,0.6298225745564364,0.2345995157957077,18
15,0.0,100,500,0.12893674781530864,0.5991694979237449,0.21229985356330872,18
15,0.0,250,500,0.1178621542718352,0.6488184220460551,0.4348810911178589,16
15,0.0,500,500,0.10600199408189406,0.6702755756889393,0.5304737091064453,16
15,0.0,1000,500,0.0703552552339343,0.7393280483201208,0.554213285446167,10
15,0.0,10,1000,0.12124838332230349,0.37757644394110984,0.23024584352970123,11
15,0.0,25,1000,0.09056850101711107,0.6425217063042657,0.23743464052677155,12
15,0.0,50,1000,0.08548631521223354,0.6630728576821442,0.22326335310935974,11
15,0.0,100,1000,0.12393749225110302,0.6250660626651566,0.2145489901304245,13
15,0.0,250,1000,0.11849164472427433,0.6411778029445073,0.3262437582015991,12
15,0.0,500,1000,0.08436823818364976,0.6878067195167988,0.4561474919319153,11
15,0.0,1000,1000,0.0703552552339343,0.7393280483201208,0.5542132258415222,10
15,0.0,10,2500,0.012501330022346161,0.03753869384673462,-0.08642595261335373,2
15,0.0,25,2500,0.011251188762618648,0.027935069837674593,-0.09114676713943481,2
15,0.0,50,2500,0.01105405715170111,0.02991317478293696,-0.0911049172282219,2
15,0.0,100,2500,0.028305662704715382,0.16560211400528502,-0.062245238572359085,3
15,0.0,250,2500,0.010173280304531915,0.08555681389203473,-0.10694468766450882,2
15,0.0,500,2500,0.03690816929396607,0.29192902982257457,-0.036908045411109924,3
15,0.0,1000,2500,0.05774803968258567,0.5539750849377123,0.33058297634124756,3
15,0.0,10,5000,0.0,1.0,,0
15,0.0,25,5000,0.0,1.0,,0
15,0.0,50,5000,0.0,1.0,,0
15,0.0,100,5000,0.0,1.0,,0
15,0.0,250,5000,0.0,1.0,,0
15,0.0,500,5000,0.0,1.0,,0
15,0.0,1000,5000,0.0,1.0,,0
15,0.0,10,10000,0.0,1.0,,0
15,0.0,25,10000,0.0,1.0,,0
15,0.0,50,10000,0.0,1.0,,0
15,0.0,100,10000,0.0,1.0,,0
15,0.0,250,10000,0.0,1.0,,0
15,0.0,500,10000,0.0,1.0,,0
15,0.0,1000,10000,0.0,1.0,,0
15,0.0,10,15000,0.0,1.0,,0
15,0.0,25,15000,0.0,1.0,,0
15,0.0,50,15000,0.0,1.0,,0
15,0.0,100,15000,0.0,1.0,,0
15,0.0,250,15000,0.0,1.0,,0
15,0.0,500,15000,0.0,1.0,,0
15,0.0,1000,15000,0.0,1.0,,0
15,0.0,10,20000,0.0,1.0,,0
15,0.0,25,20000,0.0,1.0,,0
15,0.0,50,20000,0.0,1.0,,0
15,0.0,100,20000,0.0,1.0,,0
15,0.0,250,20000,0.0,1.0,,0
15,0.0,500,20000,0.0,1.0,,0
15,0.0,1000,20000,0.0,1.0,,0
15,0.0,10,22000,0.0,1.0,,0
15,0.0,25,22000,0.0,1.0,,0
15,0.0,50,22000,0.0,1.0,,0
15,0.0,100,22000,0.0,1.0,,0
15,0.0,250,22000,0.0,1.0,,0
15,0.0,500,22000,0.0,1.0,,0
15,0.0,1000,22000,0.0,1.0,,0
30,0.0,10,50,0.3396437960659958,0.14701396753491883,-0.259170800447464,186
30,0.0,25,50,0.320857626176725,0.1788297470743677,-0.27975594997406006,168
30,0.0,50,50,0.32340359264417107,0.21928274820687052,-0.24409621953964233,154
30,0.0,100,50,0.3215425537632522,0.2559758399395998,0.3216326832771301,63
30,0.0,250,50,0.31690591513084854,0.27797659494148735,0.45826223492622375,29
30,0.0,500,50,0.3748938200923845,0.25167232918082294,0.6186678409576416,16
30,0.0,1000,50,0.38748980724042026,0.29197432993582484,0.5671091675758362,12
30,0.0,10,100,0.3269400516074847,0.21688184220460552,-0.1560320258140564,83
30,0.0,25,100,0.3209498910852649,0.2053756134390336,-0.1814141571521759,79
30,0.0,50,100,0.3269620473477577,0.20317100792751983,-0.19821207225322723,76
30,0.0,100,100,0.3238973359087844,0.25035862589656477,0.31311699748039246,61
30,0.0,250,100,0.31911694501891386,0.27261608154020384,0.46476656198501587,28
30,0.0,500,100,0.3748938200923845,0.25167232918082294,0.6186678409576416,16
30,0.0,1000,100,0.38748980724042026,0.29197432993582484,0.5671091079711914,12
30,0.0,10,250,0.3246091305312639,0.2373121932804832,0.18265482783317566,32
30,0.0,25,250,0.3287262603390362,0.2238882597206493,0.3567476272583008,29
30,0.0,50,250,0.33013648621183656,0.2215326538316346,0.24175459146499634,32
30,0.0,100,250,0.33331445947876776,0.2391845979614949,0.38197410106658936,27
30,0.0,250,250,0.3278404560097767,0.2587693469233673,0.4965660870075226,25
30,0.0,500,250,0.3972460205821058,0.22813137032842581,0.5662254691123962,15
30,0.0,1000,250,0.38768178542717135,0.2945413363533409,0.5658363699913025,11
30,0.0,10,500,0.3234917736730555,0.2732502831257078,0.5762344002723694,17
30,0.0,25,500,0.3263487496343897,0.2654586636466591,0.5858237743377686,16
30,0.0,50,500,0.33888941344632656,0.2276330690826727,0.5709341168403625,19
30,0.0,100,500,0.3275153631437774,0.26426576066440166,0.5772837996482849,17
30,0.0,250,500,0.32029913552672257,0.304960362400906,0.638563871383667,16
30,0.0,500,500,0.39832855861127237,0.22698376745941864,0.5203259587287903,14
30,0.0,1000,500,0.38768178542717135,0.2945413363533409,0.5658362507820129,11
30,0.0,10,1000,0.3218238755790703,0.307678369195923,0.5786590576171875,13
30,0.0,25,1000,0.3267885069616372,0.2743374858437146,0.5530672669410706,14
30,0.0,50,1000,0.3372929716627772,0.24898452246130615,0.5394198298454285,14
30,0.0,100,1000,0.32564177993455284,0.2665911664779162,0.5787370204925537,14
30,0.0,250,1000,0.4049912273820832,0.24415251038127594,0.5072640180587769,11
30,0.0,500,1000,0.3957350762092815,0.2635862589656474,0.5137884616851807,11
30,0.0,1000,1000,0.38768178542717135,0.2945413363533409,0.5658362507820129,11
30,0.0,10,2500,0.5166646580587886,0.4160211400528501,0.6801787614822388,4
30,0.0,25,2500,0.5072059307239374,0.4173197432993582,0.7156739830970764,4
30,0.0,50,2500,0.4465267721385591,0.31291808229520574,0.6157397031784058,4
30,0.0,100,2500,0.44145719458783167,0.346243865609664,0.6203709244728088,4
30,0.0,250,2500,0.4568771917338396,0.3933408833522084,0.6814220547676086,4
30,0.0,500,2500,0.43272553957092164,0.345277463193658,0.7510890960693359,3
30,0.0,1000,2500,0.45247678084826226,0.2909928274820687,0.8143085241317749,5
30,0.0,10,5000,0.6167502844456328,0.4623329558323896,0.9208324551582336,2
30,0.0,25,5000,0.5333178729411836,0.45223103057757646,0.6560201644897461,2
30,0.0,50,5000,0.4837353227004801,0.36549641374103436,0.6450858116149902,3
30,0.0,100,5000,0.4749160688303564,0.39850509626274067,0.6781151294708252,3
30,0.0,250,5000,0.4912753962216668,0.40919592298980745,0.8329331278800964,2
30,0.0,500,5000,0.46465824140405126,0.39765949414873536,0.8457491397857666,2
30,0.0,1000,5000,0.4808489897318538,0.36262740656851644,0.8436081409454346,3
30,0.0,10,10000,0.6167502844456328,0.4623329558323896,0.9208324551582336,2
30,0.0,25,10000,0.5333178729411836,0.45223103057757646,0.6560201048851013,2
30,0.0,50,10000,0.4050863792800287,0.352314080785202,0.4150731563568115,2
30,0.0,100,10000,0.3073408062203996,0.30216685541713856,0.350861132144928,2
30,0.0,250,10000,0.4912753962216668,0.40919592298980745,0.8329331874847412,2
30,0.0,500,10000,0.46465824140405126,0.39765949414873536,0.8457490801811218,2
30,0.0,1000,10000,0.5360651414891096,0.4716194790486976,0.9121413230895996,2
30,0.0,10,15000,0.6167502844456328,0.4623329558323896,0.9208324551582336,2
30,0.0,25,15000,0.5333178729411836,0.45223103057757646,0.6560201644897461,2
30,0.0,50,15000,0.4050863792800287,0.352314080785202,0.4150731563568115,2
30,0.0,100,15000,0.3073408062203996,0.30216685541713856,0.350861132144928,2
30,0.0,250,15000,0.4912753962216668,0.40919592298980745,0.8329330086708069,2
30,0.0,500,15000,0.46465824140405126,0.39765949414873536,0.8457490801811218,2
30,0.0,1000,15000,0.0,1.0,,0
30,0.0,10,20000,0.0,1.0,,0
30,0.0,25,20000,0.0,1.0,,0
30,0.0,50,20000,0.0,1.0,,0
30,0.0,100,20000,0.0,1.0,,0
30,0.0,250,20000,0.0,1.0,,0
30,0.0,500,20000,0.0,1.0,,0
30,0.0,1000,20000,0.0,1.0,,0
30,0.0,10,22000,0.0,1.0,,0
30,0.0,25,22000,0.0,1.0,,0
30,0.0,50,22000,0.0,1.0,,0
30,0.0,100,22000,0.0,1.0,,0
30,0.0,250,22000,0.0,1.0,,0
30,0.0,500,22000,0.0,1.0,,0
30,0.0,1000,22000,0.0,1.0,,0
50,0.0,10,50,0.47317309601363533,0.059207248018120044,-0.1865714192390442,179
50,0.0,25,50,0.47432106023607273,0.05836164590411476,0.00955485925078392,168
50,0.0,50,50,0.4846511809392808,0.05855794639486599,0.022823838517069817,152
50,0.0,100,50,0.4869186654782022,0.09626274065685164,0.29444679617881775,69
50,0.0,250,50,0.49112567863874723,0.11377878444696111,0.7749942541122437,33
50,0.0,500,50,0.488205115133346,0.16436391090977728,0.7831786870956421,18
50,0.0,1000,50,0.4958177057049258,0.1957266893167233,0.8514317870140076,14
50,0.0,10,100,0.4828897608015582,0.07850509626274066,0.27175748348236084,87
50,0.0,25,100,0.4872760601145166,0.06402416006040015,0.43498218059539795,77
50,0.0,50,100,0.4908556630096025,0.056821442053605134,0.3031512200832367,73
50,0.0,100,100,0.4894336225776304,0.08711211778029446,0.3820938766002655,63
50,0.0,250,100,0.4910432182268938,0.11311438278595697,0.778640627861023,30
50,0.0,500,100,0.488205115133346,0.16436391090977728,0.7831785678863525,18
50,0.0,1000,100,0.49613293318969554,0.1967534918837297,0.8633253574371338,13
50,0.0,10,250,0.49222136945140094,0.07930539826349566,0.7312846779823303,36
50,0.0,25,250,0.4959171096524212,0.0633446583616459,0.6977248191833496,36
50,0.0,50,250,0.49451518730906013,0.0700641751604379,0.7100381255149841,35
50,0.0,100,250,0.4934369654732339,0.09124952812382031,0.744096040725708,31
50,0.0,250,250,0.4932431339566046,0.09650434126085315,0.7119718790054321,28
50,0.0,500,250,0.48863958256654855,0.15723669309173272,0.7955099940299988,17
50,0.0,1000,250,0.4965601786228274,0.1992147980369951,0.8682209253311157,12
50,0.0,10,500,0.4968410130876845,0.07764439411098528,0.6814783811569214,19
50,0.0,25,500,0.4957658584661041,0.11725179312948282,0.7563320398330688,18
50,0.0,50,500,0.4945164884172203,0.1033446583616459,0.7051590085029602,19
50,0.0,100,500,0.4928056415203453,0.12871272178180446,0.7415269017219543,18
50,0.0,250,500,0.49200799738083784,0.1256474141185353,0.71334308385849,17
50,0.0,500,500,0.4893782866312268,0.15670819177047943,0.7992910146713257,16
50,0.0,1000,500,0.4965601786228274,0.1992147980369951,0.8682209849357605,12
50,0.0,10,1000,0.5011231476145254,0.07913929784824462,0.6717662215232849,15
50,0.0,25,1000,0.49801737707958055,0.11522838807097018,0.7152131199836731,14
50,0.0,50,1000,0.5006237831071184,0.09401283503208759,0.6500632166862488,13
50,0.0,100,1000,0.4972891407457051,0.12975462438656096,0.7086284160614014,13
50,0.0,250,1000,0.494608273244383,0.12951302378255947,0.7450585961341858,14
50,0.0,500,1000,0.49141267916534037,0.17562853907134768,0.8223851919174194,13
50,0.0,1000,1000,0.4965601786228274,0.1992147980369951,0.8682211637496948,12
50,0.0,10,2500,0.5302535831009036,0.08125330313325783,0.577363133430481,6
50,0.0,25,2500,0.5421216654365701,0.25975084937712345,0.5822821259498596,4
50,0.0,50,2500,0.5364512534586796,0.22305775764439412,0.6069285273551941,5
50,0.0,100,2500,0.5316550550790846,0.2360135900339751,0.6347728967666626,5
50,0.0,250,2500,0.5327090983107307,0.24202340505851264,0.5594707727432251,4
50,0.0,500,2500,0.5109194673071327,0.2308644771611929,0.6058780550956726,5
50,0.0,1000,2500,0.5598058669342114,0.31550018875047187,0.7421167492866516,4
50,0.0,10,5000,0.6131282716458841,0.00762551906379766,0.5997092723846436,5
50,0.0,25,5000,0.5882919384512173,0.3120422801057003,0.6460855007171631,3
50,0.0,50,5000,0.5497596656673135,0.19257078142695358,0.6544554829597473,4
50,0.0,100,5000,0.5306656963462535,0.2026274065685164,0.6206941604614258,3
50,0.0,250,5000,0.531826514230863,0.21661004152510382,0.6338931918144226,3
50,0.0,500,5000,0.5821230120841439,0.3243337108342771,0.6609064340591431,3
50,0.0,1000,5000,0.5598058669342114,0.31550018875047187,0.7421168684959412,4
50,0.0,10,10000,0.4975576406844638,0.004318610796526992,0.5482130646705627,3
50,0.0,25,10000,0.5882919384512173,0.3120422801057003,0.6460855007171631,3
50,0.0,50,10000,0.32914323698300313,0.0756964892412231,0.4143160283565521,2
50,0.0,100,10000,0.5306656963462535,0.2026274065685164,0.6206940412521362,3
50,0.0,250,10000,0.531826514230863,0.21661004152510382,0.6338933706283569,3
50,0.0,500,10000,0.5821230120841439,0.3243337108342771,0.6609064340591431,3
50,0.0,1000,10000,0.34338870462863536,0.04037750094375236,0.3886949121952057,2
50,0.0,10,15000,0.4975576406844638,0.004318610796526992,0.5482130646705627,3
50,0.0,25,15000,0.3271669535399448,0.06930917327293318,0.40831831097602844,2
50,0.0,50,15000,0.32914323698300313,0.0756964892412231,0.4143161475658417,2
50,0.0,100,15000,0.5306656963462535,0.2026274065685164,0.6206940412521362,3
50,0.0,250,15000,0.531826514230863,0.21661004152510382,0.6338932514190674,3
50,0.0,500,15000,0.32864552057947743,0.07802189505473764,0.3766239583492279,2
50,0.0,1000,15000,0.34338870462863536,0.04037750094375236,0.3886948823928833,2
50,0.0,10,20000,0.31301168259558154,3.020007550018875e-05,0.5815919041633606,2
50,0.0,25,20000,0.0,1.0,,0
50,0.0,50,20000,0.0,1.0,,0
50,0.0,100,20000,0.0,1.0,,0
50,0.0,250,20000,0.0,1.0,,0
50,0.0,500,20000,0.0,1.0,,0
50,0.0,1000,20000,0.0,1.0,,0
50,0.0,10,22000,0.31301168259558154,3.020007550018875e-05,0.5815919041633606,2
50,0.0,25,22000,0.0,1.0,,0
50,0.0,50,22000,0.0,1.0,,0
50,0.0,100,22000,0.0,1.0,,0
50,0.0,250,22000,0.0,1.0,,0
50,0.0,500,22000,0.0,1.0,,0
50,0.0,1000,22000,0.0,1.0,,0
75,0.0,10,50,0.4802024511772923,0.06239335598338996,0.19213555753231049,172
75,0.0,25,50,0.47990883647887306,0.09431483578708946,0.19824320077896118,168
75,0.0,50,50,0.48541314619047343,0.08,0.24788889288902283,147
75,0.0,100,50,0.48905091054384603,0.11122687806719517,0.30675041675567627,78
75,0.0,250,50,0.5023172925292376,0.10586636466591166,0.7546904683113098,35
75,0.0,500,50,0.5018593208172057,0.16389580973952436,0.8074126839637756,20
75,0.0,1000,50,0.5031796962716746,0.18041525103812758,0.8044723272323608,13
75,0.0,10,100,0.487739791422441,0.05425443563608909,0.33638328313827515,85
75,0.0,25,100,0.48285450612835634,0.06905247263118158,0.3460300862789154,84
75,0.0,50,100,0.4896197549521088,0.042008305020762554,0.28595852851867676,78
75,0.0,100,100,0.4878191122920275,0.08625141562853907,0.3683527410030365,70
75,0.0,250,100,0.5027628592687918,0.10807097017742544,0.757941722869873,33
75,0.0,500,100,0.5015383045914761,0.1651340128350321,0.8071951866149902,18
75,0.0,1000,100,0.5031796962716746,0.18041525103812758,0.8044722676277161,13
75,0.0,10,250,0.5029866176195056,0.055930539826349567,0.6818479895591736,37
75,0.0,25,250,0.503213710979378,0.04382030955077388,0.6535593867301941,37
75,0.0,50,250,0.5043929173598144,0.0448320120800302,0.6494469046592712,36
75,0.0,100,250,0.5015449840150146,0.05982634956587392,0.6592477560043335,34
75,0.0,250,250,0.5007255930992299,0.11107587768969422,0.7610169053077698,29
75,0.0,500,250,0.5015383045914761,0.1651340128350321,0.8071953654289246,18
75,0.0,1000,250,0.5031796962716746,0.18041525103812758,0.8044723272323608,13
75,0.0,10,500,0.504026097141979,0.08244620611551529,0.7044892311096191,21
75,0.0,25,500,0.5032830405026548,0.07364288410721027,0.7026281952857971,23
75,0.0,50,500,0.5043892607621895,0.07768969422423556,0.6867225170135498,22
75,0.0,100,500,0.5022771079888606,0.08092110230275576,0.6633020043373108,21
75,0.0,250,500,0.4991061385459971,0.1336957342393356,0.7394753694534302,18
75,0.0,500,500,0.5002359799938698,0.1479048697621744,0.7678655385971069,17
75,0.0,1000,500,0.5031796962716746,0.18041525103812758,0.8044721484184265,13
75,0.0,10,1000,0.5079775916060658,0.12481691204228011,0.7214513421058655,14
75,0.0,25,1000,0.5092204943253369,0.09830124575311439,0.6497859358787537,14
75,0.0,50,1000,0.5103345900153807,0.10859947149867874,0.6641374826431274,14
75,0.0,100,1000,0.5376020025308188,0.08693091732729331,0.511203944683075,12
75,0.0,250,1000,0.5092037502287339,0.1603020007550019,0.7351511120796204,12
75,0.0,500,1000,0.5090797260228574,0.16224990562476407,0.7669582962989807,12
75,0.0,1000,1000,0.5031796962716746,0.18041525103812758,0.8044721484184265,13
75,0.0,10,2500,0.6057389023322903,0.2037599093997735,0.7217841148376465,6
75,0.0,25,2500,0.6018473246447943,0.2770856927142318,0.6912551522254944,6
75,0.0,50,2500,0.5588052861799488,0.19939599848999623,0.6717177033424377,7
75,0.0,100,2500,0.5709934502983959,0.17055492638731598,0.5811455845832825,5
75,0.0,250,2500,0.5241392438343128,0.20498301245753114,0.5424710512161255,4
75,0.0,500,2500,0.5492611529451952,0.25106832767081916,0.718511700630188,6
75,0.0,1000,2500,0.6453238430285139,0.31448848622121556,0.9147904515266418,5
75,0.0,10,5000,0.6104327042372512,0.26055115137787843,0.6891979575157166,3
75,0.0,25,5000,0.650782341374358,0.33117402793506984,0.6368179321289062,3
75,0.0,50,5000,0.5812977258955042,0.2509626274065685,0.6252985596656799,4
75,0.0,100,5000,0.6172203226043028,0.2311664779161948,0.6330792307853699,4
75,0.0,250,5000,0.5658612846057302,0.26559456398640996,0.6036697030067444,3
75,0.0,500,5000,0.5950037535030075,0.3968591921479804,0.8071243762969971,3
75,0.0,1000,5000,0.3280681808208115,0.07824839562098905,0.40712451934814453,2
75,0.0,10,10000,0.3323099400206595,0.06061155152887882,0.39168983697891235,2
75,0.0,25,10000,0.3406561892352453,0.08493771234428087,0.40734678506851196,2
75,0.0,50,10000,0.6454997227670296,0.32767081917704793,0.6318202614784241,3
75,0.0,100,10000,0.35583970940029475,0.06609286523216308,0.43025466799736023,2
75,0.0,250,10000,0.5658612846057302,0.26559456398640996,0.6036697626113892,3
75,0.0,500,10000,0.3332839310213843,0.06529256323140809,0.39869314432144165,2
75,0.0,1000,10000,0.3280681808208115,0.07824839562098905,0.40712451934814453,2
75,0.0,10,15000,0.3323099400206595,0.06061155152887882,0.39168989658355713,2
75,0.0,25,15000,0.3406561892352453,0.08493771234428087,0.4073467552661896,2
75,0.0,50,15000,0.3406561892352453,0.08493771234428087,0.40734684467315674,2
75,0.0,100,15000,0.35583970940029475,0.06609286523216308,0.43025463819503784,2
75,0.0,250,15000,0.33635030720838843,0.0,0.328224241733551,2
75,0.0,500,15000,0.3332839310213843,0.06529256323140809,0.39869314432144165,2
75,0.0,1000,15000,0.3280681808208115,0.07824839562098905,0.40712448954582214,2
75,0.0,10,20000,0.0,1.0,,0
75,0.0,25,20000,0.0,1.0,,0
75,0.0,50,20000,0.0,1.0,,0
75,0.0,100,20000,0.0,1.0,,0
75,0.0,250,20000,0.0,1.0,,0
75,0.0,500,20000,0.0,1.0,,0
75,0.0,1000,20000,0.0,1.0,,0
75,0.0,10,22000,0.0,1.0,,0
75,0.0,25,22000,0.0,1.0,,0
75,0.0,50,22000,0.0,1.0,,0
75,0.0,100,22000,0.0,1.0,,0
75,0.0,250,22000,0.0,1.0,,0
75,0.0,500,22000,0.0,1.0,,0
75,0.0,1000,22000,0.0,1.0,,0
100,0.0,10,50,0.4836854889563471,0.05171762929407323,0.23723028600215912,166
100,0.0,25,50,0.4798146044563529,0.08505851264628161,0.1534873992204666,168
100,0.0,50,50,0.4840668354751615,0.0915364288410721,-196.3996124267578,149
100,0.0,100,50,0.4885375287540867,0.11809739524348811,0.6604936718940735,85
100,0.0,250,50,0.5031246246989961,0.10746696866742167,0.7666454315185547,31
100,0.0,500,50,0.509421321339835,0.1286523216308041,0.7244323492050171,21
100,0.0,1000,50,0.5124467680171634,0.19318988297470743,0.7957585453987122,14
100,0.0,10,100,0.4900980061273319,0.048742921857304645,0.6867464780807495,90
100,0.0,25,100,0.48748787197221066,0.06026425066062665,0.6473324298858643,85
100,0.0,50,100,0.4900822978370534,0.05571913929784825,0.6462908387184143,81
100,0.0,100,100,0.4891312416108055,0.09674594186485466,0.6810171008110046,73
100,0.0,250,100,0.5031246246989961,0.10746696866742167,0.7666454911231995,31
100,0.0,500,100,0.5101196505412813,0.13096262740656853,0.7335143089294434,19
100,0.0,1000,100,0.5124467680171634,0.19318988297470743,0.7957587838172913,14
100,0.0,10,250,0.5029492201550756,0.055839939599849,0.6602703928947449,34
100,0.0,25,250,0.5070749067692388,0.036979992449981125,0.6366750597953796,34
100,0.0,50,250,0.506316943918368,0.042219705549263874,0.6497812867164612,33
100,0.0,100,250,0.505094485459964,0.0628010570026425,0.6853067874908447,33
100,0.0,250,250,0.5027916341941546,0.09938844847112117,0.746289849281311,30
100,0.0,500,250,0.5101196505412813,0.13096262740656853,0.7335143685340881,19
100,0.0,1000,250,0.5109668130649849,0.1879048697621744,0.7718541622161865,13
100,0.0,10,500,0.5074573963733646,0.060173650434126084,0.6134215593338013,22
100,0.0,25,500,0.5084061941671759,0.06191015477538694,0.6326148509979248,22
100,0.0,50,500,0.5095027067997465,0.045843714609286525,0.5840901136398315,22
100,0.0,100,500,0.5077697986575872,0.07361268403171008,0.6264281272888184,21
100,0.0,250,500,0.5071781831028374,0.10032465081162703,0.6588966250419617,19
100,0.0,500,500,0.5096393397547496,0.11983389958474897,0.6997241377830505,18
100,0.0,1000,500,0.5109668130649849,0.1879048697621744,0.7718541026115417,13
100,0.0,10,1000,0.5123611077853986,0.06166855417138543,0.5883873701095581,16
100,0.0,25,1000,0.5089513680031785,0.09058512646281616,0.6214457154273987,16
100,0.0,50,1000,0.5118168544524461,0.06985277463193658,0.5956754684448242,16
100,0.0,100,1000,0.5118138627290401,0.08421291053227634,0.6073031425476074,15
100,0.0,250,1000,0.5086145108724827,0.10373725934314836,0.6275584697723389,15
100,0.0,500,1000,0.5104046912764871,0.124318610796527,0.6676602959632874,14
100,0.0,1000,1000,0.5134670967458382,0.16493771234428087,0.7093992233276367,12
100,0.0,10,2500,0.5721941712862884,0.21731974329935824,0.7131638526916504,7
100,0.0,25,2500,0.5665733580597755,0.21972064930162324,0.6194251775741577,6
100,0.0,50,2500,0.5875663217208911,0.21712344280860701,0.6312711238861084,6
100,0.0,100,2500,0.5725988421101145,0.22384295960739903,0.5958661437034607,5
100,0.0,250,2500,0.5466405130112059,0.17754624386560966,0.5522525906562805,6
100,0.0,500,2500,0.5861216275186971,0.26530766326915817,0.7000124454498291,6
100,0.0,1000,2500,0.616201170396919,0.24311060777651944,0.720941424369812,6
100,0.0,10,5000,0.6396489891745206,0.21203473008682522,0.5410163998603821,3
100,0.0,25,5000,0.5902140353569113,0.3698452246130615,0.8515890836715698,3
100,0.0,50,5000,0.6326693249620763,0.32516421291053227,0.9190539717674255,3
100,0.0,100,5000,0.5721803891124464,0.2522461306153265,0.6008651852607727,3
100,0.0,250,5000,0.5794383834587705,0.27279728199320497,0.6204748153686523,3
100,0.0,500,5000,0.5715618926831847,0.3546847867119668,0.8093244433403015,3
100,0.0,1000,5000,0.6575314067060409,0.32173650434126083,0.8341966271400452,2
100,0.0,10,10000,0.6836835928523272,0.2889241223103058,0.7750682234764099,2
100,0.0,25,10000,0.48715273988117214,0.26480936202340505,0.5873411893844604,2
100,0.0,50,10000,0.4771955781361242,0.2545111362778407,0.5907313227653503,2
100,0.0,100,10000,0.5721803891124464,0.2522461306153265,0.6008652448654175,3
100,0.0,250,10000,0.5794383834587705,0.27279728199320497,0.6204749345779419,3
100,0.0,500,10000,0.507591000384492,0.2866138165345413,0.6317848563194275,2
100,0.0,1000,10000,0.6575314067060409,0.32173650434126083,0.8341966271400452,2
100,0.0,10,15000,0.6836835928523272,0.2889241223103058,0.7750682234764099,2
100,0.0,25,15000,0.48715273988117214,0.26480936202340505,0.5873411893844604,2
100,0.0,50,15000,0.4771955781361242,0.2545111362778407,0.5907314419746399,2
100,0.0,100,15000,0.4337023706180229,0.22485466213665534,0.5713635683059692,2
100,0.0,250,15000,0.4836189060111896,0.2599320498301246,0.6015926003456116,2
100,0.0,500,15000,0.507591000384492,0.2866138165345413,0.6317847967147827,2
100,0.0,1000,15000,0.6575314067060409,0.32173650434126083,0.8341966271400452,2
100,0.0,10,20000,0.6836835928523272,0.2889241223103058,0.7750684022903442,2
100,0.0,25,20000,0.0,1.0,,0
100,0.0,50,20000,0.0,1.0,,0
100,0.0,100,20000,0.0,1.0,,0
100,0.0,250,20000,0.0,1.0,,0
100,0.0,500,20000,0.0,1.0,,0
100,0.0,1000,20000,0.0,1.0,,0
100,0.0,10,22000,0.0,1.0,,0
100,0.0,25,22000,0.0,1.0,,0
100,0.0,50,22000,0.0,1.0,,0
100,0.0,100,22000,0.0,1.0,,0
100,0.0,250,22000,0.0,1.0,,0
100,0.0,500,22000,0.0,1.0,,0
100,0.0,1000,22000,0.0,1.0,,0
10,0.1,10,50,0.07394289032972809,0.43211778029445075,-0.2615285813808441,270
10,0.1,25,50,0.09292308671730645,0.5188976972442431,-0.12308527529239655,212
10,0.1,50,50,0.09682726979882156,0.5890222725556814,-0.004867264069616795,161
10,0.1,100,50,0.08322828252265133,0.6590562476406191,0.08317174762487411,80
10,0.1,250,50,0.06827586838942516,0.7360513401283503,0.3092188835144043,28
10,0.1,500,50,0.05540134895123653,0.7783767459418649,0.5102933049201965,15
10,0.1,1000,50,0.03233219190844329,0.8347451868629672,0.7972732186317444,9
10,0.1,10,100,0.05344811277310861,0.4293544733861835,-0.21753039956092834,104
10,0.1,25,100,0.08160268420104053,0.5495507738769347,-0.10978653281927109,102
10,0.1,50,100,0.09768263903588116,0.6080785201963005,0.031027108430862427,84
10,0.1,100,100,0.08029124611333875,0.666077765194413,0.10509200394153595,69
10,0.1,250,100,0.07318485163679252,0.7318686296715742,0.3366229832172394,24
10,0.1,500,100,0.056243994390378915,0.7772291430728577,0.4631868004798889,14
10,0.1,1000,100,0.03655469064764392,0.8256247640619102,0.7915170788764954,8
10,0.1,10,250,0.0482302865868567,0.5045677614194035,-0.016433218494057655,38
10,0.1,25,250,0.08708954500952205,0.6310003775009437,0.07409229129552841,37
10,0.1,50,250,0.10285854744978576,0.6266062665156663,0.11067207157611847,31
10,0.1,100,250,0.08506084440585253,0.6908720271800679,0.3095150291919708,25
10,0.1,250,250,0.07316360959429626,0.7315817289543224,0.33964803814888,23
10,0.1,500,250,0.05658287265899415,0.7789052472631182,0.521263837814331,13
10,0.1,1000,250,0.03655469064764392,0.8256247640619102,0.7915170192718506,8
10,0.1,10,500,0.05757926743518801,0.4515515288788222,-0.04535115510225296,16
10,0.1,25,500,0.0724619331442034,0.7050358625896564,0.29702165722846985,18
10,0.1,50,500,0.10074518899668349,0.6589958474896187,0.11044548451900482,16
10,0.1,100,500,0.08034217396621549,0.7248924122310306,0.2488822489976883,14
10,0.1,250,500,0.07958616639411176,0.748010570026425,0.21769142150878906,13
10,0.1,500,500,0.05964891956400903,0.7717176292940733,0.4093981981277466,11
10,0.1,1000,500,0.03655469064764392,0.8256247640619102,0.7915170788764954,8
10,0.1,10,1000,0.06322217306468937,0.4684182710456776,0.17589637637138367,9
10,0.1,25,1000,0.04132303392100106,0.6425217063042657,0.12627045810222626,8
10,0.1,50,1000,0.09492655374907333,0.6653076632691581,0.06418528407812119,12
10,0.1,100,1000,0.0920677360757025,0.7149867874669686,0.1337282508611679,9
10,0.1,250,1000,0.08210308143313282,0.7571309928274821,0.22378557920455933,9
10,0.1,500,1000,0.07363591898783604,0.7553793884484711,0.27377933263778687,9
10,0.1,1000,1000,0.03655469064764392,0.8256247640619102,0.7915170192718506,8
10,0.1,10,2500,0.0,1.0,,0
10,0.1,25,2500,0.002453173786943045,0.19764439411098528,0.002519342815503478,2
10,0.1,50,2500,0.006594559139047343,0.15255568138920347,0.017607178539037704,2
10,0.1,100,2500,0.009375052363804124,0.24844092110230276,0.0063523282296955585,2
10,0.1,250,2500,0.04743673405957368,0.45840694601736504,-0.05193959176540375,2
10,0.1,500,2500,0.06530897300055163,0.8500566251415629,0.5654506087303162,2
10,0.1,1000,2500,0.0,1.0,,0
10,0.1,10,5000,0.0,1.0,,0
10,0.1,25,5000,0.0,1.0,,0
10,0.1,50,5000,0.0,1.0,,0
10,0.1,100,5000,0.0,1.0,,0
10,0.1,250,5000,0.0,1.0,,0
10,0.1,500,5000,0.0,1.0,,0
10,0.1,1000,5000,0.0,1.0,,0
10,0.1,10,10000,0.0,1.0,,0
10,0.1,25,10000,0.0,1.0,,0
10,0.1,50,10000,0.0,1.0,,0
10,0.1,100,10000,0.0,1.0,,0
10,0.1,250,10000,0.0,1.0,,0
10,0.1,500,10000,0.0,1.0,,0
10,0.1,1000,10000,0.0,1.0,,0
10,0.1,10,15000,0.0,1.0,,0
10,0.1,25,15000,0.0,1.0,,0
10,0.1,50,15000,0.0,1.0,,0
10,0.1,100,15000,0.0,1.0,,0
10,0.1,250,15000,0.0,1.0,,0
10,0.1,500,15000,0.0,1.0,,0
10,0.1,1000,15000,0.0,1.0,,0
10,0.1,10,20000,0.0,1.0,,0
10,0.1,25,20000,0.0,1.0,,0
10,0.1,50,20000,0.0,1.0,,0
10,0.1,100,20000,0.0,1.0,,0
10,0.1,250,20000,0.0,1.0,,0
10,0.1,500,20000,0.0,1.0,,0
10,0.1,1000,20000,0.0,1.0,,0
10,0.1,10,22000,0.0,1.0,,0
10,0.1,25,22000,0.0,1.0,,0
10,0.1,50,22000,0.0,1.0,,0
10,0.1,100,22000,0.0,1.0,,0
10,0.1,250,22000,0.0,1.0,,0
10,0.1,500,22000,0.0,1.0,,0
10,0.1,1000,22000,0.0,1.0,,0
15,0.1,10,50,0.1359261167926913,0.3863344658361646,-0.26639866828918457,223
15,0.1,25,50,0.15481430283044068,0.4236013590033975,-0.17408257722854614,174
15,0.1,50,50,0.16258380969611624,0.4576670441676104,-0.13820336759090424,145
15,0.1,100,50,0.14512084633313455,0.5543072857682144,0.1228201612830162,75
15,0.1,250,50,0.11814172980377399,0.6396073990184975,0.25755175948143005,29
15,0.1,500,50,0.09143243642881844,0.6827784069460173,0.2774975597858429,16
15,0.1,1000,50,0.14410611853046404,0.6105851264628162,-0.06156982481479645,11
15,0.1,10,100,0.14894950212915503,0.4217742544356361,-0.057783763855695724,92
15,0.1,25,100,0.17582166395425416,0.43127217818044544,-0.09670752286911011,88
15,0.1,50,100,0.17987316237077114,0.4689769724424311,-0.04640159755945206,81
15,0.1,100,100,0.1514897689704865,0.5516496791241978,0.1684427410364151,69
15,0.1,250,100,0.1387023970316174,0.5964212910532276,0.1473289132118225,25
15,0.1,500,100,0.09143243642881844,0.6827784069460173,0.27749761939048767,16
15,0.1,1000,100,0.14410611853046404,0.6105851264628162,-0.06156982481479645,11
15,0.1,10,250,0.14282666061672342,0.5119063797659494,0.01458720862865448,35
15,0.1,25,250,0.16580630238870445,0.5396149490373726,-0.022351905703544617,31
15,0.1,50,250,0.17771742621992306,0.523986409966025,0.026243390515446663,28
15,0.1,100,250,0.16294277360972242,0.5582030955077387,0.05126705393195152,28
15,0.1,250,250,0.13714200681377858,0.598565496413741,0.13068769872188568,23
15,0.1,500,250,0.09441674065504121,0.6797734994337485,0.22174963355064392,14
15,0.1,1000,250,0.14252918485835372,0.6130464326160815,-0.051445476710796356,10
15,0.1,10,500,0.12447380125646858,0.5936277840694602,-0.034801337867975235,16
15,0.1,25,500,0.14243360265524246,0.604167610419026,0.04282382130622864,15
15,0.1,50,500,0.15761403062453874,0.5648320120800302,0.06568529456853867,18
15,0.1,100,500,0.14158121764687143,0.6058135145337863,0.10116782784461975,16
15,0.1,250,500,0.13359216030703652,0.6187844469611175,0.1533244103193283,17
15,0.1,500,500,0.08961241483505868,0.6868101170252926,0.26654842495918274,13
15,0.1,1000,500,0.14252918485835372,0.6130464326160815,-0.05144546926021576,10
15,0.1,10,1000,0.09445987922682454,0.6418875047187618,-0.05070047080516815,11
15,0.1,25,1000,0.10947143826974255,0.6572291430728577,-0.0018215187592431903,10
15,0.1,50,1000,0.11467258261517338,0.6230728576821442,0.05318542569875717,12
15,0.1,100,1000,0.1193380668839779,0.6493922234805587,-0.01844690553843975,11
15,0.1,250,1000,0.12666792541064606,0.6460098150245376,0.07418897747993469,11
15,0.1,500,1000,0.14302891068074372,0.6124122310305776,-0.05557280033826828,10
15,0.1,1000,1000,0.13598627188997292,0.6276028690071725,-0.02508745715022087,9
15,0.1,10,2500,0.010639504700273472,0.009029822574556437,-0.13845516741275787,2
15,0.1,25,2500,0.008304849950171264,0.003095507738769347,-0.14913628995418549,2
15,0.1,50,2500,0.008576693282407817,0.009603624009060023,-0.14761367440223694,2
15,0.1,100,2500,0.008388699827990452,0.02026425066062665,-0.1530449539422989,2
15,0.1,250,2500,0.08461947319621968,0.2695356738391846,-0.15265589952468872,3
15,0.1,500,2500,0.18267679326010258,0.3732578331445829,-0.2111416608095169,3
15,0.1,1000,2500,0.1921236222024195,0.4901321253303133,-0.1700514405965805,2
15,0.1,10,5000,0.0,1.0,,0
15,0.1,25,5000,0.0,1.0,,0
15,0.1,50,5000,0.0,1.0,,0
15,0.1,100,5000,0.0,1.0,,0
15,0.1,250,5000,0.0,1.0,,0
15,0.1,500,5000,0.0,1.0,,0
15,0.1,1000,5000,0.0,1.0,,0
15,0.1,10,10000,0.0,1.0,,0
15,0.1,25,10000,0.0,1.0,,0
15,0.1,50,10000,0.0,1.0,,0
15,0.1,100,10000,0.0,1.0,,0
15,0.1,250,10000,0.0,1.0,,0
15,0.1,500,10000,0.0,1.0,,0
15,0.1,1000,10000,0.0,1.0,,0
15,0.1,10,15000,0.0,1.0,,0
15,0.1,25,15000,0.0,1.0,,0
15,0.1,50,15000,0.0,1.0,,0
15,0.1,100,15000,0.0,1.0,,0
15,0.1,250,15000,0.0,1.0,,0
15,0.1,500,15000,0.0,1.0,,0
15,0.1,1000,15000,0.0,1.0,,0
15,0.1,10,20000,0.0,1.0,,0
15,0.1,25,20000,0.0,1.0,,0
15,0.1,50,20000,0.0,1.0,,0
15,0.1,100,20000,0.0,1.0,,0
15,0.1,250,20000,0.0,1.0,,0
15,0.1,500,20000,0.0,1.0,,0
15,0.1,1000,20000,0.0,1.0,,0
15,0.1,10,22000,0.0,1.0,,0
15,0.1,25,22000,0.0,1.0,,0
15,0.1,50,22000,0.0,1.0,,0
15,0.1,100,22000,0.0,1.0,,0
15,0.1,250,22000,0.0,1.0,,0
15,0.1,500,22000,0.0,1.0,,0
15,0.1,1000,22000,0.0,1.0,,0
30,0.1,10,50,0.15840709557163457,0.3221140052850132,-0.1634807288646698,198
30,0.1,25,50,0.15822194269228654,0.3779992449981125,-0.1216970831155777,176
30,0.1,50,50,0.16867742920874215,0.3720649301623254,-0.07262412458658218,150
30,0.1,100,50,0.1551080268425583,0.404152510381276,0.32717591524124146,76
30,0.1,250,50,0.12620614625443605,0.46567006417516044,0.4661286771297455,33
30,0.1,500,50,0.12758967452576614,0.504960362400906,0.5888110399246216,14
30,0.1,1000,50,0.09829031644187423,0.5621895054737637,0.6718506813049316,12
30,0.1,10,100,0.14665226061348519,0.33783314458286146,-0.03702950105071068,104
30,0.1,25,100,0.15943150556954216,0.3572970932427331,0.09133736789226532,88
30,0.1,50,100,0.15767905704950028,0.36490751226878065,0.08459044992923737,82
30,0.1,100,100,0.15397802887130466,0.40546621366553415,0.3262723386287689,75
30,0.1,250,100,0.12902664280040912,0.461759154397886,0.4600553810596466,31
30,0.1,500,100,0.12758967452576614,0.504960362400906,0.588810920715332,14
30,0.1,1000,100,0.09829031644187423,0.5621895054737637,0.6718505024909973,12
30,0.1,10,250,0.16461797784655027,0.3387391468478671,0.018753698095679283,36
30,0.1,25,250,0.1766687169729727,0.3434352585881465,0.015656420961022377,35
30,0.1,50,250,0.17074207607928105,0.37165722914307286,0.36189985275268555,36
30,0.1,100,250,0.16550663411716907,0.41114382785956965,0.4443162679672241,35
30,0.1,250,250,0.1413336942848889,0.4575311438278596,0.5632055401802063,25
30,0.1,500,250,0.12758967452576614,0.504960362400906,0.5888109803199768,14
30,0.1,1000,250,0.09829031644187423,0.5621895054737637,0.6718506217002869,12
30,0.1,10,500,0.16585106103337838,0.3815628539071348,0.3593614399433136,17
30,0.1,25,500,0.16289692823981378,0.3856700641751604,0.41072404384613037,18
30,0.1,50,500,0.1708367924720641,0.42106455266138165,0.4920763373374939,18
30,0.1,100,500,0.15428386386662354,0.47993959984899964,0.5696221590042114,16
30,0.1,250,500,0.13443218115961333,0.4947376368440921,0.6032862067222595,15
30,0.1,500,500,0.12758967452576614,0.504960362400906,0.5888109803199768,14
30,0.1,1000,500,0.09829031644187423,0.5621895054737637,0.6718505620956421,12
30,0.1,10,1000,0.1534831859411105,0.41762174405436014,0.4837188422679901,12
30,0.1,25,1000,0.13087507070436144,0.4562929407323518,0.5484897494316101,12
30,0.1,50,1000,0.1298919098676107,0.47962249905624765,0.6040327548980713,12
30,0.1,100,1000,0.1340258900696143,0.509928274820687,0.6189718842506409,12
30,0.1,250,1000,0.12694320470439785,0.5051868629671574,0.5795631408691406,13
30,0.1,500,1000,0.11463849443293363,0.5272329180822952,0.6291012763977051,12
30,0.1,1000,1000,0.12086203094668731,0.49593053982634955,0.648986279964447,10
30,0.1,10,2500,0.167821565668305,0.5447489618724047,0.5629600286483765,5
30,0.1,25,2500,0.10199292348479316,0.19738769346923368,0.17015494406223297,2
30,0.1,50,2500,0.07272720899293793,0.17801434503586258,0.07930352538824081,3
30,0.1,100,2500,0.026228677472877993,0.08327670819177048,0.002703665290027857,3
30,0.1,250,2500,0.013366167576474495,0.12546621366553418,0.013053957372903824,2
30,0.1,500,2500,0.14137154972237487,0.4735371838429596,0.5860916972160339,7
30,0.1,1000,2500,0.12658145546912739,0.5146394865987165,0.5686097145080566,6
30,0.1,10,5000,0.17505987796064845,0.6805889014722537,0.9036357402801514,2
30,0.1,25,5000,0.23679809745038854,0.642718006795017,0.9253930449485779,2
30,0.1,50,5000,0.267151233248391,0.5966024915062288,0.8479495644569397,2
30,0.1,100,5000,0.14142337825310852,0.5431332578331446,0.7521548271179199,2
30,0.1,250,5000,0.15498339922367807,0.5136126840317101,0.570059597492218,2
30,0.1,500,5000,0.13947633650411984,0.5120724801812004,0.5826331973075867,2
30,0.1,1000,5000,0.20684261908247045,0.46142695356738395,0.8261749148368835,4
30,0.1,10,10000,0.0,1.0,,0
30,0.1,25,10000,0.23679809745038854,0.642718006795017,0.9253930449485779,2
30,0.1,50,10000,0.267151233248391,0.5966024915062288,0.8479495048522949,2
30,0.1,100,10000,0.14142337825310852,0.5431332578331446,0.7521549463272095,2
30,0.1,250,10000,0.15498339922367807,0.5136126840317101,0.5700595378875732,2
30,0.1,500,10000,0.13947633650411984,0.5120724801812004,0.5826330780982971,2
30,0.1,1000,10000,0.11400660842103004,0.44631181577953943,0.6354750990867615,2
30,0.1,10,15000,0.0,1.0,,0
30,0.1,25,15000,0.0,1.0,,0
30,0.1,50,15000,0.0,1.0,,0
30,0.1,100,15000,0.0,1.0,,0
30,0.1,250,15000,0.15498339922367807,0.5136126840317101,0.570059597492218,2
30,0.1,500,15000,0.13947633650411984,0.5120724801812004,0.5826331377029419,2
30,0.1,1000,15000,0.11400660842103004,0.44631181577953943,0.6354750394821167,2
30,0.1,10,20000,0.0,1.0,,0
30,0.1,25,20000,0.0,1.0,,0
30,0.1,50,20000,0.0,1.0,,0
30,0.1,100,20000,0.0,1.0,,0
30,0.1,250,20000,0.0,1.0,,0
30,0.1,500,20000,0.0,1.0,,0
30,0.1,1000,20000,0.0,1.0,,0
30,0.1,10,22000,0.0,1.0,,0
30,0.1,25,22000,0.0,1.0,,0
30,0.1,50,22000,0.0,1.0,,0
30,0.1,100,22000,0.0,1.0,,0
30,0.1,250,22000,0.0,1.0,,0
30,0.1,500,22000,0.0,1.0,,0
30,0.1,1000,22000,0.0,1.0,,0
50,0.1,10,50,0.48205508603819963,0.05694224235560589,0.24480286240577698,164
50,0.1,25,50,0.48396445964895946,0.06032465081162703,0.1134418398141861,153
50,0.1,50,50,0.4831516164904547,0.06837297093242733,0.13902685046195984,144
50,0.1,100,50,0.4885855010465422,0.09392223480558701,0.5057380199432373,70
50,0.1,250,50,0.48616314733702526,0.14743676859192148,0.5892072319984436,31
50,0.1,500,50,0.48715070313835285,0.16742921857304643,0.8075792193412781,19
50,0.1,1000,50,0.5047882288552701,0.2290071725179313,0.8754498362541199,11
50,0.1,10,100,0.4857792586114594,0.060671951679879196,0.25124984979629517,90
50,0.1,25,100,0.48847161870006073,0.05044922612306531,0.462126225233078,80
50,0.1,50,100,0.4874575296972099,0.07219328048320121,0.45379212498664856,76
50,0.1,100,100,0.48916162800139623,0.09008682521706304,0.498503178358078,62
50,0.1,250,100,0.4874038469379985,0.1441147602869007,0.6646929383277893,29
50,0.1,500,100,0.4871896306916998,0.16945262363155908,0.8223559260368347,17
50,0.1,1000,100,0.5047882288552701,0.2290071725179313,0.8754497766494751,11
50,0.1,10,250,0.49480104882871895,0.04764061910154775,0.2190496027469635,38
50,0.1,25,250,0.4963149931424774,0.05808984522461306,0.4317503869533539,35
50,0.1,50,250,0.4953491921281274,0.06823707059267649,0.4399089217185974,34
50,0.1,100,250,0.4944351822677464,0.07128727821819554,0.45089268684387207,31
50,0.1,250,250,0.48897139603737766,0.13201963004907513,0.6408695578575134,24
50,0.1,500,250,0.4871896306916998,0.16945262363155908,0.8223559856414795,17
50,0.1,1000,250,0.5047882288552701,0.2290071725179313,0.8754498362541199,11
50,0.1,10,500,0.5016855359068302,0.04791241978104945,0.5939068794250488,22
50,0.1,25,500,0.49776969649929087,0.08522461306153266,0.6629132032394409,21
50,0.1,50,500,0.495548911734893,0.11198187995469988,0.7076837420463562,20
50,0.1,100,500,0.494709551419905,0.110879577198943,0.6954972743988037,18
50,0.1,250,500,0.4866778555617216,0.14779916949792374,0.7986853718757629,19
50,0.1,500,500,0.4871896306916998,0.16945262363155908,0.8223559856414795,17
50,0.1,1000,500,0.5047882288552701,0.2290071725179313,0.8754497766494751,11
50,0.1,10,1000,0.5169624201078038,0.045390713476783695,0.5856059193611145,14
50,0.1,25,1000,0.5057026810851271,0.10533786334465836,0.6916360855102539,13
50,0.1,50,1000,0.5030628902582289,0.15939599848999622,0.7830609679222107,12
50,0.1,100,1000,0.5006274131871812,0.14680256700641753,0.7471433877944946,13
50,0.1,250,1000,0.4930832611877067,0.20220460551151379,0.8479037880897522,12
50,0.1,500,1000,0.49170557234118806,0.18486976217440543,0.7870467305183411,12
50,0.1,1000,1000,0.5047882288552701,0.2290071725179313,0.8754498362541199,11
50,0.1,10,2500,0.5191009005301092,0.13568893922234807,0.6675068140029907,8
50,0.1,25,2500,0.5372437941534485,0.2212004530011325,0.6910960078239441,6
50,0.1,50,2500,0.5648669587005322,0.268327670819177,0.6899943947792053,5
50,0.1,100,2500,0.5153876600136755,0.20572291430728576,0.5054368376731873,4
50,0.1,250,2500,0.5080398186163265,0.14985277463193658,0.43819889426231384,4
50,0.1,500,2500,0.5101697654874582,0.1874367685919215,0.49743008613586426,4
50,0.1,1000,2500,0.5922137302137571,0.3350245375613439,0.7387315630912781,4
50,0.1,10,5000,0.6509044683829498,0.3750849377123443,0.7455947995185852,3
50,0.1,25,5000,0.5966773467182465,0.32930162325405815,0.718721866607666,3
50,0.1,50,5000,0.5882101981077934,0.3148659871649679,0.7114951014518738,3
50,0.1,100,5000,0.5495811979197162,0.2579841449603624,0.6664540767669678,3
50,0.1,250,5000,0.5342340628553073,0.1478746696866742,0.6303485035896301,3
50,0.1,500,5000,0.5377776831672477,0.2397130992827482,0.6593871712684631,3
50,0.1,1000,5000,0.6497936082026116,0.3885239713099283,0.7653012275695801,3
50,0.1,10,10000,0.6540965362808651,0.3602718006795017,0.7361186146736145,2
50,0.1,25,10000,0.5966773467182465,0.32930162325405815,0.718721866607666,3
50,0.1,50,10000,0.5882101981077934,0.3148659871649679,0.7114951014518738,3
50,0.1,100,10000,0.5495811979197162,0.2579841449603624,0.6664539575576782,3
50,0.1,250,10000,0.5342340628553073,0.1478746696866742,0.6303486227989197,3
50,0.1,500,10000,0.5377776831672477,0.2397130992827482,0.6593871116638184,3
50,0.1,1000,10000,0.6439345165649794,0.38568516421291055,0.7754606604576111,2
50,0.1,10,15000,0.6540965362808651,0.3602718006795017,0.7361186742782593,2
50,0.1,25,15000,0.529657061617991,0.30725556813892035,0.7161548137664795,2
50,0.1,50,15000,0.43709254003128817,0.2386862967157418,0.6680521965026855,2
50,0.1,100,15000,0.39400762848196846,0.18994337485843715,0.602631688117981,2
50,0.1,250,15000,0.5342340628553073,0.1478746696866742,0.6303486227989197,3
50,0.1,500,15000,0.5377776831672477,0.2397130992827482,0.6593871712684631,3
50,0.1,1000,15000,0.6439345165649794,0.38568516421291055,0.7754606604576111,2
50,0.1,10,20000,0.0,1.0,,0
50,0.1,25,20000,0.0,1.0,,0
50,0.1,50,20000,0.0,1.0,,0
50,0.1,100,20000,0.0,1.0,,0
50,0.1,250,20000,0.0,1.0,,0
50,0.1,500,20000,0.0,1.0,,0
50,0.1,1000,20000,0.0,1.0,,0
50,0.1,10,22000,0.0,1.0,,0
50,0.1,25,22000,0.0,1.0,,0
50,0.1,50,22000,0.0,1.0,,0
50,0.1,100,22000,0.0,1.0,,0
50,0.1,250,22000,0.0,1.0,,0
50,0.1,500,22000,0.0,1.0,,0
50,0.1,1000,22000,0.0,1.0,,0
75,0.1,10,50,0.48077072283138494,0.05892034730086825,0.3546624481678009,179
75,0.1,25,50,0.48588592297117045,0.10286145715364288,0.6475752592086792,165
75,0.1,50,50,0.4855395935444141,0.08545111362778407,0.673132598400116,139
75,0.1,100,50,0.48778283270998907,0.08794261985654964,0.7480120062828064,69
75,0.1,250,50,0.49693587390091803,0.1243035107587769,0.809920608997345,33
75,0.1,500,50,0.5015723503046884,0.14722536806342015,0.761811375617981,19
75,0.1,1000,50,0.511083169476497,0.1878897697244243,0.7837392091751099,13
75,0.1,10,100,0.4853103385292075,0.06571536428841072,0.6579212546348572,82
75,0.1,25,100,0.48897604400633177,0.06428086070215175,0.6883751749992371,79
75,0.1,50,100,0.49023676721544485,0.05440543601359003,0.7079325318336487,76
75,0.1,100,100,0.488404811552653,0.087519818799547,0.748284101486206,63
75,0.1,250,100,0.4991221479041625,0.10009815024537562,0.7425227761268616,28
75,0.1,500,100,0.5014726520078409,0.13781804454511137,0.7762205600738525,17
75,0.1,1000,100,0.511083169476497,0.1878897697244243,0.7837391495704651,13
75,0.1,10,250,0.5051132384579002,0.03116647791619479,0.654077410697937,37
75,0.1,25,250,0.49910581152759204,0.06748206870517176,0.7121686935424805,37
75,0.1,50,250,0.5014907933660829,0.05629294073235183,0.7034480571746826,36
75,0.1,100,250,0.5004299175584825,0.08933182332955833,0.751564621925354,34
75,0.1,250,250,0.499278845485174,0.1009437523593809,0.7431784272193909,26
75,0.1,500,250,0.5014726520078409,0.13781804454511137,0.7762205004692078,17
75,0.1,1000,250,0.5121958657003775,0.1906228765571914,0.8175771832466125,12
75,0.1,10,500,0.4998060076348967,0.05742544356360891,0.39142853021621704,21
75,0.1,25,500,0.5066909120813143,0.08267270668176671,0.6835029125213623,20
75,0.1,50,500,0.5031665659902008,0.08286900717251793,0.6965386867523193,21
75,0.1,100,500,0.5049336426624381,0.08442431106077765,0.6949284076690674,19
75,0.1,250,500,0.5000600828863586,0.11273688184220461,0.7360004186630249,18
75,0.1,500,500,0.5018365941163154,0.1368818422046055,0.7786208391189575,16
75,0.1,1000,500,0.5121958657003775,0.1906228765571914,0.8175769448280334,12
75,0.1,10,1000,0.5069969197113756,0.05553793884484711,0.6267916560173035,14
75,0.1,25,1000,0.5115849182560644,0.08578331445828614,0.7027596831321716,13
75,0.1,50,1000,0.5111747721336398,0.08587391468478671,0.6704217195510864,13
75,0.1,100,1000,0.5078855037436232,0.1047187617969045,0.7248139977455139,13
75,0.1,250,1000,0.502334940150701,0.12922612306530767,0.763727605342865,14
75,0.1,500,1000,0.5052885996913177,0.1379388448471121,0.7610325217247009,13
75,0.1,1000,1000,0.5121958657003775,0.1906228765571914,0.8175767660140991,12
75,0.1,10,2500,0.5871446960475145,0.05689694224235561,0.6705593466758728,6
75,0.1,25,2500,0.5325470273851914,0.16702151755379388,0.6802235245704651,7
75,0.1,50,2500,0.5605349168328837,0.2174707436768592,0.7490409016609192,6
75,0.1,100,2500,0.5073617517596085,0.0947527368818422,0.3878401815891266,4
75,0.1,250,2500,0.5074149481755289,0.09496413741034353,0.38803958892822266,4
75,0.1,500,2500,0.5140992547492663,0.13913174782936957,0.43865087628364563,4
75,0.1,1000,2500,0.5518466329268356,0.24949792374480936,0.6683233380317688,5
75,0.1,10,5000,0.6556338556842835,0.10650056625141563,0.7253512144088745,4
75,0.1,25,5000,0.5335852650179504,0.14853907134767838,0.42705562710762024,3
75,0.1,50,5000,0.5335852650179504,0.14853907134767838,0.42705556750297546,3
75,0.1,100,5000,0.5332371977180616,0.14435636089090223,0.42479613423347473,3
75,0.1,250,5000,0.5332501798785187,0.14456776141940356,0.4249992072582245,3
75,0.1,500,5000,0.5426644438514572,0.1887353718384296,0.4741918444633484,3
75,0.1,1000,5000,0.5525411207000587,0.22958097395243487,0.5252095460891724,3
75,0.1,10,10000,0.4620434697234198,0.020113250283125706,0.39975544810295105,3
75,0.1,25,10000,0.5335852650179504,0.14853907134767838,0.42705562710762024,3
75,0.1,50,10000,0.5335852650179504,0.14853907134767838,0.42705562710762024,3
75,0.1,100,10000,0.5332371977180616,0.14435636089090223,0.4247961640357971,3
75,0.1,250,10000,0.5332501798785187,0.14456776141940356,0.42499926686286926,3
75,0.1,500,10000,0.5426644438514572,0.1887353718384296,0.4741918444633484,3
75,0.1,1000,10000,0.5525411207000587,0.22958097395243487,0.5252094268798828,3
75,0.1,10,15000,0.33082043678045375,0.0,0.26716849207878113,2
75,0.1,25,15000,0.5335852650179504,0.14853907134767838,0.4270556569099426,3
75,0.1,50,15000,0.5335852650179504,0.14853907134767838,0.42705556750297546,3
75,0.1,100,15000,0.5332371977180616,0.14435636089090223,0.4247960150241852,3
75,0.1,250,15000,0.5332501798785187,0.14456776141940356,0.4249993562698364,3
75,0.1,500,15000,0.5426644438514572,0.1887353718384296,0.474191814661026,3
75,0.1,1000,15000,0.5525411207000587,0.22958097395243487,0.5252094268798828,3
75,0.1,10,20000,0.0,1.0,,0
75,0.1,25,20000,0.0,1.0,,0
75,0.1,50,20000,0.0,1.0,,0
75,0.1,100,20000,0.0,1.0,,0
75,0.1,250,20000,0.0,1.0,,0
75,0.1,500,20000,0.0,1.0,,0
75,0.1,1000,20000,0.0,1.0,,0
75,0.1,10,22000,0.0,1.0,,0
75,0.1,25,22000,0.0,1.0,,0
75,0.1,50,22000,0.0,1.0,,0
75,0.1,100,22000,0.0,1.0,,0
75,0.1,250,22000,0.0,1.0,,0
75,0.1,500,22000,0.0,1.0,,0
75,0.1,1000,22000,0.0,1.0,,0
100,0.1,10,50,0.48057720723222236,0.06483956209890525,0.21319910883903503,163
100,0.1,25,50,0.48406999814342166,0.07548508871272178,0.30244550108909607,149
100,0.1,50,50,0.4876482666774677,0.0918233295583239,0.5277637839317322,135
100,0.1,100,50,0.488277478373936,0.08575311438278596,0.5964874625205994,78
100,0.1,250,50,0.4999061321604572,0.11996979992449981,0.7575703859329224,36
100,0.1,500,50,0.5009700622892993,0.17303133257833145,0.7971634268760681,21
100,0.1,1000,50,0.510400756910895,0.21014722536806343,0.8207485675811768,14
100,0.1,10,100,0.49007496751643187,0.04685541713854285,0.6107500791549683,85
100,0.1,25,100,0.48925353729845084,0.03978859947149868,0.5823137760162354,83
100,0.1,50,100,0.4890851639799807,0.06713476783691959,0.5989329218864441,77
100,0.1,100,100,0.48872431817035017,0.08072480181200453,0.5778756141662598,72
100,0.1,250,100,0.4990536965452898,0.11765949414873537,0.7546181082725525,34
100,0.1,500,100,0.5014955206233994,0.1747829369573424,0.798495352268219,19
100,0.1,1000,100,0.510400756910895,0.21014722536806343,0.8207484483718872,14
100,0.1,10,250,0.5028611681113413,0.050147225368063424,0.6458516120910645,37
100,0.1,25,250,0.502852400822274,0.04738391845979615,0.6390062570571899,37
100,0.1,50,250,0.5025089398568626,0.047987919969799925,0.6429853439331055,38
100,0.1,100,250,0.5042412652541296,0.05801434503586259,0.6354469060897827,34
100,0.1,250,250,0.501273227303132,0.11791619479048697,0.7323247194290161,28
100,0.1,500,250,0.5031441678658126,0.1640468101170253,0.7515909075737,16
100,0.1,1000,250,0.5093384516938867,0.20552661381653453,0.8221474885940552,12
100,0.1,10,500,0.5016781964460617,0.08975462438656097,0.685803234577179,21
100,0.1,25,500,0.5044460551415106,0.09399773499433749,0.6668102145195007,20
100,0.1,50,500,0.5037033783539582,0.08554171385428463,0.6432890295982361,21
100,0.1,100,500,0.5054463030783419,0.07556058890147226,0.6216980814933777,20
100,0.1,250,500,0.4990183079873875,0.12392600981502454,0.6924242973327637,18
100,0.1,500,500,0.5051432831912988,0.17046432616081542,0.7661617994308472,15
100,0.1,1000,500,0.5093384516938867,0.20552661381653453,0.8221475481987,12
100,0.1,10,1000,0.5055452983694181,0.10956587391468478,0.6686866879463196,15
100,0.1,25,1000,0.5103927117209041,0.11084937712344281,0.6549643278121948,14
100,0.1,50,1000,0.508683649957171,0.09457153642884107,0.5986514687538147,13
100,0.1,100,1000,0.508650440995157,0.08164590411476029,0.5851762890815735,14
100,0.1,250,1000,0.5059337880936469,0.15151377878444697,0.6942985653877258,13
100,0.1,500,1000,0.5065524707823786,0.16970932427331067,0.7481705546379089,13
100,0.1,1000,1000,0.5093384516938867,0.20552661381653453,0.8221474885940552,12
100,0.1,10,2500,0.6567473388546473,0.2851944129860325,0.750030517578125,5
100,0.1,25,2500,0.6472953963733769,0.3387391468478671,0.845766007900238,5
100,0.1,50,2500,0.5903387420678465,0.2640996602491506,0.7206922769546509,6
100,0.1,100,2500,0.5498495428414065,0.2211551528878822,0.6475106477737427,6
100,0.1,250,2500,0.5874759637438162,0.29269913174782936,0.7180109024047852,5
100,0.1,500,2500,0.6005545631641667,0.3136277840694602,0.763670802116394,5
100,0.1,1000,2500,0.6151346064739316,0.2574858437146093,0.6730589866638184,3
100,0.1,10,5000,0.7258576323892175,0.3301925254813137,0.9111279845237732,2
100,0.1,25,5000,0.7426674873323944,0.33648924122310303,0.9185465574264526,2
100,0.1,50,5000,0.5602005486780408,0.23148357870894679,0.7671867609024048,3
100,0.1,100,5000,0.6142330313207295,0.39026047565118915,0.8417066335678101,3
100,0.1,250,5000,0.612396073998523,0.3178557946394866,0.6554473638534546,3
100,0.1,500,5000,0.6374189040930683,0.3063495658739147,0.8342585563659668,2
100,0.1,1000,5000,0.6572106493911962,0.3076481691204228,0.8412931561470032,2
100,0.1,10,10000,0.7258576323892175,0.3301925254813137,0.9111281037330627,2
100,0.1,25,10000,0.7426674873323944,0.33648924122310303,0.9185464978218079,2
100,0.1,50,10000,0.49661897359890744,0.1618724046810117,0.7872565388679504,2
100,0.1,100,10000,0.5911310176170982,0.3173423933559834,0.7052772641181946,2
100,0.1,250,10000,0.612396073998523,0.3178557946394866,0.6554473042488098,3
100,0.1,500,10000,0.6374189040930683,0.3063495658739147,0.8342586755752563,2
100,0.1,1000,10000,0.6572106493911962,0.3076481691204228,0.8412932753562927,2
100,0.1,10,15000,0.7258576323892175,0.3301925254813137,0.9111279249191284,2
100,0.1,25,15000,0.7426674873323944,0.33648924122310303,0.9185465574264526,2
100,0.1,50,15000,0.49661897359890744,0.1618724046810117,0.78725665807724,2
100,0.1,100,15000,0.5911310176170982,0.3173423933559834,0.7052773237228394,2
100,0.1,250,15000,0.5572959575860102,0.31045677614194034,0.6658518314361572,2
100,0.1,500,15000,0.6374189040930683,0.3063495658739147,0.8342585563659668,2
100,0.1,1000,15000,0.6572106493911962,0.3076481691204228,0.8412932753562927,2
100,0.1,10,20000,0.7258576323892175,0.3301925254813137,0.9111277461051941,2
100,0.1,25,20000,0.7426674873323944,0.33648924122310303,0.9185464978218079,2
100,0.1,50,20000,0.49661897359890744,0.1618724046810117,0.7872564196586609,2
100,0.1,100,20000,0.0,1.0,,0
100,0.1,250,20000,0.0,1.0,,0
100,0.1,500,20000,0.6374189040930683,0.3063495658739147,0.8342586755752563,2
100,0.1,1000,20000,0.6572106493911962,0.3076481691204228,0.8412932753562927,2
100,0.1,10,22000,0.0,1.0,,0
100,0.1,25,22000,0.0,1.0,,0
100,0.1,50,22000,0.49661897359890744,0.1618724046810117,0.78725665807724,2
100,0.1,100,22000,0.0,1.0,,0
100,0.1,250,22000,0.0,1.0,,0
100,0.1,500,22000,0.0,1.0,,0
100,0.1,1000,22000,0.0,1.0,,0
10,0.15,10,50,0.06371052406211837,0.40845602114005286,-0.20860473811626434,259
10,0.15,25,50,0.08569360820130328,0.5071649679124198,-0.09159375727176666,201
10,0.15,50,50,0.08870283254002605,0.5923744809362024,0.03806291148066521,163
10,0.15,100,50,0.08017327311857309,0.6712117780294451,0.2299589216709137,81
10,0.15,250,50,0.06901189885457151,0.7322763306908268,0.4638069272041321,27
10,0.15,500,50,0.0582788023974844,0.7778331445828615,0.5891851186752319,16
10,0.15,1000,50,0.03893820679310696,0.8142544356360891,0.6345245838165283,9
10,0.15,10,100,0.06421242967450885,0.46095885239713097,-0.1695149689912796,118
10,0.15,25,100,0.08627256948553465,0.5458059645149113,-0.05187680199742317,107
10,0.15,50,100,0.09569219022163443,0.612623631559079,0.07597067207098007,79
10,0.15,100,100,0.07822656863788337,0.6828388070970177,0.25712642073631287,71
10,0.15,250,100,0.07290631389378079,0.7295885239713099,0.4391208589076996,24
10,0.15,500,100,0.05813153143483876,0.7780143450358626,0.583365797996521,14
10,0.15,1000,100,0.03885364267166763,0.8155681389203473,0.8728127479553223,8
10,0.15,10,250,0.06036751175884629,0.48389580973952434,-0.10526759177446365,43
10,0.15,25,250,0.1027669250180181,0.5914986787466968,0.020723804831504822,41
10,0.15,50,250,0.1081821763979221,0.6599773499433749,0.15700402855873108,31
10,0.15,100,250,0.08894658513918391,0.6871725179312949,0.2033812403678894,26
10,0.15,250,250,0.076486823411138,0.7288335220838053,0.3859895169734955,21
10,0.15,500,250,0.05906189464800246,0.7766251415628539,0.5767809152603149,13
10,0.15,1000,250,0.03885364267166763,0.8155681389203473,0.8728129267692566,8
10,0.15,10,500,0.04956228228361644,0.4770554926387316,-0.13437196612358093,17
10,0.15,25,500,0.09147471392617292,0.6435938089845225,0.14440548419952393,19
10,0.15,50,500,0.11182704016758344,0.6805436013590034,0.2821323871612549,17
10,0.15,100,500,0.08697728201163048,0.7149263873159682,0.29663172364234924,12
10,0.15,250,500,0.07290378083922429,0.7607399018497546,0.4103507399559021,13
10,0.15,500,500,0.06324953842377076,0.769120422801057,0.5493837594985962,12
10,0.15,1000,500,0.03885364267166763,0.8155681389203473,0.8728129267692566,8
10,0.15,10,1000,0.06566889327987985,0.37576443941109855,0.03108225017786026,8
10,0.15,25,1000,0.05010470009105884,0.7035560588901473,0.255827933549881,11
10,0.15,50,1000,0.08364973985345,0.7117704794261985,0.27321958541870117,12
10,0.15,100,1000,0.07890317359943216,0.7234579086447717,0.32049766182899475,11
10,0.15,250,1000,0.08060929096653946,0.7435258588146471,0.30962154269218445,10
10,0.15,500,1000,0.05515133473264521,0.7925858814647037,0.47832319140434265,9
10,0.15,1000,1000,0.03885364267166763,0.8155681389203473,0.8728128671646118,8
10,0.15,10,2500,0.0,1.0,,0
10,0.15,25,2500,0.0,1.0,,0
10,0.15,50,2500,0.0039836763247685794,0.405919214798037,0.11454112827777863,2
10,0.15,100,2500,0.022503944243025445,0.8253831634579086,0.5942453145980835,2
10,0.15,250,2500,0.033735757326849726,0.8476255190637977,0.6267651319503784,2
10,0.15,500,2500,0.026590615236034013,0.8714382785956964,0.557364821434021,2
10,0.15,1000,2500,0.048801651099734424,0.8753491883729709,0.8379111886024475,2
10,0.15,10,5000,0.0,1.0,,0
10,0.15,25,5000,0.0,1.0,,0
10,0.15,50,5000,0.0,1.0,,0
10,0.15,100,5000,0.0,1.0,,0
10,0.15,250,5000,0.0,1.0,,0
10,0.15,500,5000,0.0,1.0,,0
10,0.15,1000,5000,0.0,1.0,,0
10,0.15,10,10000,0.0,1.0,,0
10,0.15,25,10000,0.0,1.0,,0
10,0.15,50,10000,0.0,1.0,,0
10,0.15,100,10000,0.0,1.0,,0
10,0.15,250,10000,0.0,1.0,,0
10,0.15,500,10000,0.0,1.0,,0
10,0.15,1000,10000,0.0,1.0,,0
10,0.15,10,15000,0.0,1.0,,0
10,0.15,25,15000,0.0,1.0,,0
10,0.15,50,15000,0.0,1.0,,0
10,0.15,100,15000,0.0,1.0,,0
10,0.15,250,15000,0.0,1.0,,0
10,0.15,500,15000,0.0,1.0,,0
10,0.15,1000,15000,0.0,1.0,,0
10,0.15,10,20000,0.0,1.0,,0
10,0.15,25,20000,0.0,1.0,,0
10,0.15,50,20000,0.0,1.0,,0
10,0.15,100,20000,0.0,1.0,,0
10,0.15,250,20000,0.0,1.0,,0
10,0.15,500,20000,0.0,1.0,,0
10,0.15,1000,20000,0.0,1.0,,0
10,0.15,10,22000,0.0,1.0,,0
10,0.15,25,22000,0.0,1.0,,0
10,0.15,50,22000,0.0,1.0,,0
10,0.15,100,22000,0.0,1.0,,0
10,0.15,250,22000,0.0,1.0,,0
10,0.15,500,22000,0.0,1.0,,0
10,0.15,1000,22000,0.0,1.0,,0
15,0.15,10,50,0.12057698512818733,0.42644016610041524,-0.08812747895717621,222
15,0.15,25,50,0.150087196269386,0.47877689694224235,-0.06963176280260086,172
15,0.15,50,50,0.15113004921703244,0.5097017742544356,0.08114919811487198,144
15,0.15,100,50,0.14911125166305378,0.5486598716496791,0.20268230140209198,79
15,0.15,250,50,0.11368885480579854,0.6101623254058135,0.3922305405139923,33
15,0.15,500,50,0.23283152705228752,0.49734994337485844,0.6025044322013855,13
15,0.15,1000,50,0.2032014182144812,0.5476481691204228,0.7538092732429504,10
15,0.15,10,100,0.14821523137032222,0.3906983767459419,-0.19508032500743866,89
15,0.15,25,100,0.1492205249099944,0.46396375990939975,-0.019333261996507645,83
15,0.15,50,100,0.16672060824015375,0.5036164590411476,0.014900784008204937,81
15,0.15,100,100,0.1577944098564167,0.5437221593053982,0.17294742166996002,72
15,0.15,250,100,0.12443535701950986,0.6050434126085316,0.4371849596500397,28
15,0.15,500,100,0.23283152705228752,0.49734994337485844,0.6025044322013855,13
15,0.15,1000,100,0.2032014182144812,0.5476481691204228,0.7538092732429504,10
15,0.15,10,250,0.27442035560051187,0.19693469233673083,-0.2599153220653534,30
15,0.15,25,250,0.2529066895158459,0.2681464703661759,-0.22986620664596558,28
15,0.15,50,250,0.27640850144533896,0.38209135522838805,-0.08176478743553162,29
15,0.15,100,250,0.14614750244735264,0.5493997734994337,0.32259654998779297,28
15,0.15,250,250,0.12639200010770985,0.6042129105322763,0.44377562403678894,25
15,0.15,500,250,0.23152824113372875,0.4996300490751227,0.6021280884742737,12
15,0.15,1000,250,0.20690105122577016,0.5368516421291053,0.7374829649925232,9
15,0.15,10,500,0.292098307538308,0.230079275198188,0.18747656047344208,15
15,0.15,25,500,0.2613198275539351,0.2880634201585504,0.26992788910865784,15
15,0.15,50,500,0.2865263826589571,0.41895054737636844,0.5599637031555176,16
15,0.15,100,500,0.27562229753174866,0.41541713854284634,0.4833085834980011,16
15,0.15,250,500,0.26176031476083855,0.4652321630804077,0.5296640992164612,14
15,0.15,500,500,0.23152824113372875,0.4996300490751227,0.6021280288696289,12
15,0.15,1000,500,0.20690105122577016,0.5368516421291053,0.7374829053878784,9
15,0.15,10,1000,0.2887855173542258,0.24963382408456022,0.21662989258766174,12
15,0.15,25,1000,0.259454748293436,0.29676104190260477,0.2901727855205536,12
15,0.15,50,1000,0.2646887843512266,0.4308493771234428,0.5457990765571594,9
15,0.15,100,1000,0.2503607749500437,0.4392449981124953,0.5054230690002441,11
15,0.15,250,1000,0.2469427259841822,0.5001887504718762,0.6308522820472717,9
15,0.15,500,1000,0.23477985882528377,0.5211023027557569,0.7180582284927368,9
15,0.15,1000,1000,0.20690105122577016,0.5368516421291053,0.737483024597168,9
15,0.15,10,2500,0.2703668679617587,0.3724122310305776,0.6870299577713013,4
15,0.15,25,2500,0.29741003862122867,0.3846281615704039,0.6870280504226685,3
15,0.15,50,2500,0.2525758314978929,0.3550622876557191,0.5737245678901672,4
15,0.15,100,2500,0.23075338337878415,0.35445828614571534,0.48032912611961365,5
15,0.15,250,2500,0.17768522204769938,0.4762702906757267,0.4403303861618042,3
15,0.15,500,2500,0.19292517213349877,0.47270668176670444,0.4566028416156769,3
15,0.15,1000,2500,0.18581413190087537,0.637916194790487,0.7574377655982971,3
15,0.15,10,5000,0.3091681616970023,0.46541336353340884,0.8027753829956055,2
15,0.15,25,5000,0.3290656257209049,0.43664779161947903,0.7621337175369263,2
15,0.15,50,5000,0.2927328475651501,0.462559456398641,0.7650694251060486,2
15,0.15,100,5000,0.20197802063999243,0.44810872027180065,0.6249136924743652,2
15,0.15,250,5000,0.17374739336459719,0.5283503208758021,0.6811923980712891,2
15,0.15,500,5000,0.20109318412418092,0.4583012457531144,0.6855728030204773,2
15,0.15,1000,5000,0.0,1.0,,0
15,0.15,10,10000,0.3091681616970023,0.46541336353340884,0.8027753233909607,2
15,0.15,25,10000,0.3290656257209049,0.43664779161947903,0.7621336579322815,2
15,0.15,50,10000,0.2927328475651501,0.462559456398641,0.7650694251060486,2
15,0.15,100,10000,0.20197802063999243,0.44810872027180065,0.6249136924743652,2
15,0.15,250,10000,0.0,1.0,,0
15,0.15,500,10000,0.20109318412418092,0.4583012457531144,0.685572624206543,2
15,0.15,1000,10000,0.0,1.0,,0
15,0.15,10,15000,0.0,1.0,,0
15,0.15,25,15000,0.3290656257209049,0.43664779161947903,0.7621338367462158,2
15,0.15,50,15000,0.0,1.0,,0
15,0.15,100,15000,0.20197802063999243,0.44810872027180065,0.62491375207901,2
15,0.15,250,15000,0.0,1.0,,0
15,0.15,500,15000,0.0,1.0,,0
15,0.15,1000,15000,0.0,1.0,,0
15,0.15,10,20000,0.0,1.0,,0
15,0.15,25,20000,0.0,1.0,,0
15,0.15,50,20000,0.0,1.0,,0
15,0.15,100,20000,0.0,1.0,,0
15,0.15,250,20000,0.0,1.0,,0
15,0.15,500,20000,0.0,1.0,,0
15,0.15,1000,20000,0.0,1.0,,0
15,0.15,10,22000,0.0,1.0,,0
15,0.15,25,22000,0.0,1.0,,0
15,0.15,50,22000,0.0,1.0,,0
15,0.15,100,22000,0.0,1.0,,0
15,0.15,250,22000,0.0,1.0,,0
15,0.15,500,22000,0.0,1.0,,0
15,0.15,1000,22000,0.0,1.0,,0
30,0.15,10,50,0.11850063919255852,0.44469611174027934,-0.02633776143193245,228
30,0.15,25,50,0.17339702233658869,0.5068629671574179,0.13189280033111572,167
30,0.15,50,50,0.17295713510913022,0.5450660626651567,0.19847221672534943,141
30,0.15,100,50,0.15775882927946677,0.5745715364288411,0.2883385121822357,71
30,0.15,250,50,0.12256006066381217,0.6245677614194035,0.3771427571773529,37
30,0.15,500,50,0.10803288701929478,0.6697470743676859,0.7376510500907898,18
30,0.15,1000,50,0.08862374240011558,0.7114835787089467,0.8476101756095886,13
30,0.15,10,100,0.1243295349841346,0.4759531898829747,0.029369577765464783,111
30,0.15,25,100,0.16548259499021847,0.5225066062665157,0.02415306866168976,92
30,0.15,50,100,0.17671276602927988,0.5494601736504341,0.19937244057655334,81
30,0.15,100,100,0.15904308738846928,0.5718082295205738,0.2770136594772339,68
30,0.15,250,100,0.14817268168014303,0.6059343148357871,0.4069339632987976,31
30,0.15,500,100,0.10830430688090154,0.6705322763306908,0.7461780905723572,17
30,0.15,1000,100,0.08806307728792977,0.7078897697244243,0.8722631931304932,12
30,0.15,10,250,0.1080195967726529,0.3823027557568894,-0.004372501280158758,32
30,0.15,25,250,0.16094571801222804,0.5601812004530011,0.20918509364128113,37
30,0.15,50,250,0.18464118315638509,0.5360060400151,0.10645546764135361,39
30,0.15,100,250,0.17675067763044286,0.5537183842959608,0.21770164370536804,33
30,0.15,250,250,0.14994924795004658,0.6078671196677992,0.515138566493988,28
30,0.15,500,250,0.10830430688090154,0.6705322763306908,0.7461779713630676,17
30,0.15,1000,250,0.08640782449566567,0.7098074745186863,0.8804477453231812,11
30,0.15,10,500,0.09301797401290389,0.4357115892789732,0.13765862584114075,18
30,0.15,25,500,0.12316339590593717,0.5555756889392224,0.3683817386627197,17
30,0.15,50,500,0.15778367151990472,0.6173348433371083,0.5961927175521851,18
30,0.15,100,500,0.17284348352293527,0.5850811627029068,0.34444859623908997,19
30,0.15,250,500,0.14169878230279234,0.6521253303133258,0.6238753795623779,16
30,0.15,500,500,0.10477648083834987,0.6821442053605135,0.6755784153938293,14
30,0.15,1000,500,0.09131403395601762,0.7050056625141563,0.6978408098220825,10
30,0.15,10,1000,0.1452446256749114,0.22837297093242734,-0.19394952058792114,11
30,0.15,25,1000,0.11253284190321895,0.5743450358625897,0.3298972249031067,12
30,0.15,50,1000,0.13991003622067744,0.6369346923367308,0.5004491806030273,12
30,0.15,100,1000,0.17291435570270755,0.6244620611551529,0.4217897951602936,12
30,0.15,250,1000,0.12982172751709067,0.6976368440921102,0.711579442024231,10
30,0.15,500,1000,0.10608232918699309,0.6864628161570404,0.5459999442100525,10
30,0.15,1000,1000,0.08265128514675482,0.7153038882597207,0.8571252226829529,9
30,0.15,10,2500,0.015296215649574516,0.02246885617214043,-0.06790751218795776,2
30,0.15,25,2500,0.030476609475834724,0.11637599093997734,-0.004721776582300663,2
30,0.15,50,2500,0.020218960144990392,0.09032842582106455,-0.028773047029972076,2
30,0.15,100,2500,0.011599714729345763,0.08125330313325783,-0.048090603202581406,2
30,0.15,250,2500,0.010226589545570132,0.13229143072857683,-0.054702311754226685,2
30,0.15,500,2500,0.011874460192201803,0.29411853529633825,-0.009373780339956284,2
30,0.15,1000,2500,0.07835966329861195,0.7325179312948282,0.7474955916404724,5
30,0.15,10,5000,0.0,1.0,,0
30,0.15,25,5000,0.0,1.0,,0
30,0.15,50,5000,0.0,1.0,,0
30,0.15,100,5000,0.0,1.0,,0
30,0.15,250,5000,0.0,1.0,,0
30,0.15,500,5000,0.0,1.0,,0
30,0.15,1000,5000,0.09438104777923265,0.6797281993204983,0.3724222779273987,2
30,0.15,10,10000,0.0,1.0,,0
30,0.15,25,10000,0.0,1.0,,0
30,0.15,50,10000,0.0,1.0,,0
30,0.15,100,10000,0.0,1.0,,0
30,0.15,250,10000,0.0,1.0,,0
30,0.15,500,10000,0.0,1.0,,0
30,0.15,1000,10000,0.0,1.0,,0
30,0.15,10,15000,0.0,1.0,,0
30,0.15,25,15000,0.0,1.0,,0
30,0.15,50,15000,0.0,1.0,,0
30,0.15,100,15000,0.0,1.0,,0
30,0.15,250,15000,0.0,1.0,,0
30,0.15,500,15000,0.0,1.0,,0
30,0.15,1000,15000,0.0,1.0,,0
30,0.15,10,20000,0.0,1.0,,0
30,0.15,25,20000,0.0,1.0,,0
30,0.15,50,20000,0.0,1.0,,0
30,0.15,100,20000,0.0,1.0,,0
30,0.15,250,20000,0.0,1.0,,0
30,0.15,500,20000,0.0,1.0,,0
30,0.15,1000,20000,0.0,1.0,,0
30,0.15,10,22000,0.0,1.0,,0
30,0.15,25,22000,0.0,1.0,,0
30,0.15,50,22000,0.0,1.0,,0
30,0.15,100,22000,0.0,1.0,,0
30,0.15,250,22000,0.0,1.0,,0
30,0.15,500,22000,0.0,1.0,,0
30,0.15,1000,22000,0.0,1.0,,0
50,0.15,10,50,0.48319781858262967,0.07835409588523971,0.44060006737709045,163
50,0.15,25,50,0.4838406027831771,0.08955832389580974,0.5246745944023132,152
50,0.15,50,50,0.4839013446144223,0.06299735749339373,0.543387234210968,132
50,0.15,100,50,0.4862968694563601,0.0909928274820687,0.6100979447364807,71
50,0.15,250,50,0.48945257830424244,0.14127595318988298,0.7241621017456055,36
50,0.15,500,50,0.49085371363115726,0.1878746696866742,0.83029705286026,17
50,0.15,1000,50,0.4920488091465008,0.1868025670064175,0.8404045701026917,14
50,0.15,10,100,0.4881126047987334,0.06261985654964138,0.5761764049530029,77
50,0.15,25,100,0.4892493201425677,0.045088712721781804,0.5707359910011292,75
50,0.15,50,100,0.48667291167036164,0.06509626274065686,0.5865015983581543,75
50,0.15,100,100,0.48854099128664324,0.07473008682521706,0.6110715270042419,62
50,0.15,250,100,0.4902039947263907,0.1334843337108343,0.7537160515785217,31
50,0.15,500,100,0.49105537437625024,0.18864477161192902,0.8386871218681335,16
50,0.15,1000,100,0.4920488091465008,0.1868025670064175,0.8404045701026917,14
50,0.15,10,250,0.4940456473566453,0.06633446583616459,0.6004326939582825,37
50,0.15,25,250,0.49265111633235487,0.06796526991317478,0.6005600690841675,38
50,0.15,50,250,0.49060676768915296,0.07915439788599471,0.62250816822052,37
50,0.15,100,250,0.49188577772827835,0.09520573801434504,0.6355148553848267,34
50,0.15,250,250,0.4918655787680674,0.13375613439033598,0.7146546840667725,25
50,0.15,500,250,0.49105537437625024,0.18864477161192902,0.8386871218681335,16
50,0.15,1000,250,0.4924148888227321,0.1884937712344281,0.8690099120140076,13
50,0.15,10,500,0.5088812808523527,0.053001132502831255,0.5811156034469604,20
50,0.15,25,500,0.4969558291689811,0.0969120422801057,0.6687880754470825,21
50,0.15,50,500,0.49356074417489965,0.1290902227255568,0.7536051869392395,19
50,0.15,100,500,0.49420029427353,0.12075500188750472,0.7246498465538025,19
50,0.15,250,500,0.48956163915375706,0.15744809362023404,0.795174241065979,16
50,0.15,500,500,0.4919485216166681,0.18813137032842583,0.8445425033569336,14
50,0.15,1000,500,0.49328442871495987,0.18461306153265383,0.8614979386329651,12
50,0.15,10,1000,0.5156575436370395,0.06515666289165722,0.6280882358551025,14
50,0.15,25,1000,0.49902039994819825,0.13673084182710457,0.7687668204307556,13
50,0.15,50,1000,0.49757182856097265,0.17558323895809738,0.8442038893699646,12
50,0.15,100,1000,0.49795283778105076,0.1589429973574934,0.7946460843086243,13
50,0.15,250,1000,0.4930909572554978,0.17362023405058513,0.8174799084663391,13
50,0.15,500,1000,0.49752395858260073,0.20739901849754624,0.8704718947410583,12
50,0.15,1000,1000,0.49328442871495987,0.18461306153265383,0.8614979982376099,12
50,0.15,10,2500,0.5442962783859809,0.20868252170630427,0.7271050214767456,7
50,0.15,25,2500,0.5209668123899299,0.21522083805209513,0.6444008946418762,5
50,0.15,50,2500,0.5363458311656742,0.2537259343148358,0.6577556133270264,5
50,0.15,100,2500,0.5455265419949152,0.27498678746696864,0.6124113202095032,4
50,0.15,250,2500,0.5735588163647379,0.3181728954322386,0.7028522491455078,4
50,0.15,500,2500,0.6246743035333421,0.35151377878444695,0.862419068813324,4
50,0.15,1000,2500,0.4807523483951042,0.2442431106077765,0.5547919869422913,4
50,0.15,10,5000,0.49928863919852334,0.1347980369950925,0.5596448183059692,3
50,0.15,25,5000,0.6024544023130193,0.33944884862212155,0.7621715664863586,3
50,0.15,50,5000,0.6226251303864009,0.3490071725179313,0.7409073710441589,3
50,0.15,100,5000,0.5923650787173788,0.3272480181200453,0.7505190372467041,3
50,0.15,250,5000,0.6266856548266045,0.37043412608531523,0.7678855061531067,3
50,0.15,500,5000,0.42218940749378314,0.24623631559078898,0.5899607539176941,2
50,0.15,1000,5000,0.55563746224286,0.3345111362778407,0.6849502325057983,2
50,0.15,10,10000,0.5771797910736098,0.2732955832389581,0.6441287994384766,2
50,0.15,25,10000,0.40667652070068844,0.23232918082295206,0.5810161828994751,2
50,0.15,50,10000,0.4016016614197385,0.2013137032842582,0.5602760314941406,2
50,0.15,100,10000,0.5923650787173788,0.3272480181200453,0.7505189776420593,3
50,0.15,250,10000,0.38973732403337835,0.1965118912797282,0.5812355279922485,2
50,0.15,500,10000,0.42218940749378314,0.24623631559078898,0.5899606347084045,2
50,0.15,1000,10000,0.55563746224286,0.3345111362778407,0.6849501729011536,2
50,0.15,10,15000,0.5771797910736098,0.2732955832389581,0.6441287994384766,2
50,0.15,25,15000,0.40667652070068844,0.23232918082295206,0.5810161828994751,2
50,0.15,50,15000,0.4016016614197385,0.2013137032842582,0.5602760314941406,2
50,0.15,100,15000,0.38363613261373763,0.17306153265383165,0.5564505457878113,2
50,0.15,250,15000,0.38973732403337835,0.1965118912797282,0.5812356472015381,2
50,0.15,500,15000,0.42218940749378314,0.24623631559078898,0.5899606347084045,2
50,0.15,1000,15000,0.55563746224286,0.3345111362778407,0.6849502325057983,2
50,0.15,10,20000,0.0,1.0,,0
50,0.15,25,20000,0.0,1.0,,0
50,0.15,50,20000,0.0,1.0,,0
50,0.15,100,20000,0.0,1.0,,0
50,0.15,250,20000,0.0,1.0,,0
50,0.15,500,20000,0.0,1.0,,0
50,0.15,1000,20000,0.0,1.0,,0
50,0.15,10,22000,0.0,1.0,,0
50,0.15,25,22000,0.0,1.0,,0
50,0.15,50,22000,0.0,1.0,,0
50,0.15,100,22000,0.0,1.0,,0
50,0.15,250,22000,0.0,1.0,,0
50,0.15,500,22000,0.0,1.0,,0
50,0.15,1000,22000,0.0,1.0,,0
75,0.15,10,50,0.4770118836455476,0.07855039637599094,0.3949616849422455,170
75,0.15,25,50,0.4817106799922077,0.07208758021895055,0.47926658391952515,154
75,0.15,50,50,0.48166243191990804,0.09839184597961495,217.23060607910156,137
75,0.15,100,50,0.4888532926113722,0.07466968667421668,0.5099008083343506,71
75,0.15,250,50,0.49520319188234485,0.12788221970554928,0.8124603033065796,30
75,0.15,500,50,0.4990549063437725,0.15448848622121555,0.798814594745636,18
75,0.15,1000,50,0.5133036850216016,0.18021895054737636,0.8056190013885498,12
75,0.15,10,100,0.48071648950766716,0.07444318610796527,0.3691498637199402,85
75,0.15,25,100,0.4915011615123808,0.03183087957719894,0.4281216561794281,75
75,0.15,50,100,0.4893462307817297,0.054465836164590414,0.44499847292900085,74
75,0.15,100,100,0.489065123107617,0.07611929029822574,0.5073953866958618,67
75,0.15,250,100,0.4979081781609205,0.11334088335220838,0.7751451730728149,29
75,0.15,500,100,0.4990549063437725,0.15448848622121555,0.7988142371177673,18
75,0.15,1000,100,0.5133036850216016,0.18021895054737636,0.8056192994117737,12
75,0.15,10,250,0.4977750456004901,0.07161947904869762,0.7580755949020386,38
75,0.15,25,250,0.49784060918110634,0.07883729709324273,0.771957516670227,35
75,0.15,50,250,0.5008787616852909,0.08733861834654587,0.7721511721611023,34
75,0.15,100,250,0.50082843443176,0.08391090977727444,0.7407587170600891,31
75,0.15,250,250,0.499195411995052,0.11524348810872027,0.7943695187568665,25
75,0.15,500,250,0.4991655927001171,0.1471347678369196,0.8079009652137756,17
75,0.15,1000,250,0.5133036850216016,0.18021895054737636,0.8056191802024841,12
75,0.15,10,500,0.5057259465502011,0.08827482068705171,0.7263498306274414,19
75,0.15,25,500,0.5067479024297957,0.08933182332955833,0.7137416005134583,18
75,0.15,50,500,0.5074066259962219,0.0909777274443186,0.7066088914871216,19
75,0.15,100,500,0.5043044186380659,0.09399773499433749,0.7100850343704224,19
75,0.15,250,500,0.502565667610804,0.11024537561343903,0.7207486033439636,18
75,0.15,500,500,0.5000006501789157,0.14668176670441677,0.8007612824440002,16
75,0.15,1000,500,0.5133036850216016,0.18021895054737636,0.8056191205978394,12
75,0.15,10,1000,0.5104702848288274,0.10425066062665157,0.7181302905082703,13
75,0.15,25,1000,0.5094545705869948,0.09783314458286145,0.6856242418289185,14
75,0.15,50,1000,0.5150591384925881,0.10379765949414874,0.7028254866600037,13
75,0.15,100,1000,0.5122106282951395,0.12649301623254058,0.7416241765022278,12
75,0.15,250,1000,0.5079229032317432,0.14274065685164214,0.7516245245933533,12
75,0.15,500,1000,0.5078545491985672,0.16285390713476783,0.777635931968689,12
75,0.15,1000,1000,0.5133036850216016,0.18021895054737636,0.8056191205978394,12
75,0.15,10,2500,0.5577559923459566,0.13863344658361645,0.8454719185829163,7
75,0.15,25,2500,0.5430356633552385,0.1229747074367686,0.7220658659934998,6
75,0.15,50,2500,0.5995341828299771,0.14370705926764818,0.8186049461364746,6
75,0.15,100,2500,0.5698272951127336,0.19044167610419027,0.7742347121238708,5
75,0.15,250,2500,0.5714375691587136,0.13429973574933937,0.7381336092948914,5
75,0.15,500,2500,0.5615165979241654,0.19749339373348435,0.740198016166687,5
75,0.15,1000,2500,0.5786437478186626,0.25952434881087205,0.8146649599075317,5
75,0.15,10,5000,0.6012618255375198,0.15557568893922236,0.7157106399536133,4
75,0.15,25,5000,0.606204101526301,0.13869384673461685,0.7017427682876587,4
75,0.15,50,5000,0.5895244406834986,0.11287278218195546,0.7009045481681824,4
75,0.15,100,5000,0.6086200040265549,0.23817289543223857,0.7909891605377197,4
75,0.15,250,5000,0.5969513569209799,0.1820309550773877,0.7507761120796204,4
75,0.15,500,5000,0.5961222543919499,0.24522461306153265,0.7525302171707153,4
75,0.15,1000,5000,0.690741525431741,0.3686070215175538,0.8376826643943787,3
75,0.15,10,10000,0.5614803626574093,0.0958097395243488,0.5423617362976074,3
75,0.15,25,10000,0.5608371016617426,0.10408456021140053,0.5340297818183899,3
75,0.15,50,10000,0.5895244406834986,0.11287278218195546,0.7009044289588928,4
75,0.15,100,10000,0.5375340452371776,0.17106832767081917,0.4547789394855499,3
75,0.15,250,10000,0.5380941336431285,0.17082672706681767,0.4547341465950012,3
75,0.15,500,10000,0.5399496848798849,0.19373348433371085,0.48135140538215637,3
75,0.15,1000,10000,0.4771159309207627,0.2577274443186108,0.572907030582428,2
75,0.15,10,15000,0.6504502495997253,0.30621366553416385,0.6494465470314026,2
75,0.15,25,15000,0.6492647569013855,0.30624386560966405,0.6477454304695129,2
75,0.15,50,15000,0.6504833086007095,0.30624386560966405,0.6495892405509949,2
75,0.15,100,15000,0.5375340452371776,0.17106832767081917,0.4547790288925171,3
75,0.15,250,15000,0.5380941336431285,0.17082672706681767,0.454734206199646,3
75,0.15,500,15000,0.5399496848798849,0.19373348433371085,0.4813513159751892,3
75,0.15,1000,15000,0.4771159309207627,0.2577274443186108,0.5729072093963623,2
75,0.15,10,20000,0.0,1.0,,0
75,0.15,25,20000,0.0,1.0,,0
75,0.15,50,20000,0.0,1.0,,0
75,0.15,100,20000,0.0,1.0,,0
75,0.15,250,20000,0.0,1.0,,0
75,0.15,500,20000,0.0,1.0,,0
75,0.15,1000,20000,0.0,1.0,,0
75,0.15,10,22000,0.0,1.0,,0
75,0.15,25,22000,0.0,1.0,,0
75,0.15,50,22000,0.0,1.0,,0
75,0.15,100,22000,0.0,1.0,,0
75,0.15,250,22000,0.0,1.0,,0
75,0.15,500,22000,0.0,1.0,,0
75,0.15,1000,22000,0.0,1.0,,0
100,0.15,10,50,0.48178738189292575,0.07317478293695734,0.32371607422828674,171
100,0.15,25,50,0.48837904025358864,0.08208380520951303,0.3479190766811371,152
100,0.15,50,50,0.4913999634498528,0.11097017742544356,0.47493308782577515,145
100,0.15,100,50,0.4931566894670151,0.05822574556436391,0.6092886924743652,72
100,0.15,250,50,0.4998393803923672,0.1087202718006795,0.68720543384552,34
100,0.15,500,50,0.5048042254714524,0.16560211400528502,0.7843369841575623,18
100,0.15,1000,50,0.507749740228236,0.22292185730464326,0.8856843113899231,13
100,0.15,10,100,0.4868699519586152,0.06493016232540581,0.5690320730209351,80
100,0.15,25,100,0.4902289481600218,0.04196300490751227,0.6039491295814514,79
100,0.15,50,100,0.4937344217315976,0.04600981502453756,0.5633621215820312,74
100,0.15,100,100,0.4932454316423225,0.0590562476406191,0.6032936573028564,69
100,0.15,250,100,0.5000237219555932,0.10982257455643639,0.6884338855743408,33
100,0.15,500,100,0.5036824640858407,0.15323518308795772,0.7704563140869141,15
100,0.15,1000,100,0.507749740228236,0.22292185730464326,0.8856843709945679,13
100,0.15,10,250,0.4999721869839615,0.06758776896942242,0.6391462087631226,37
100,0.15,25,250,0.5022459929700056,0.05864854662136655,0.6143918037414551,37
100,0.15,50,250,0.5013958996334302,0.05786334465836165,0.6259853839874268,36
100,0.15,100,250,0.5029210119531149,0.07577198942997357,0.6310205459594727,32
100,0.15,250,250,0.5027444207957976,0.10588146470366176,0.6726081371307373,29
100,0.15,500,250,0.5036824640858407,0.15323518308795772,0.7704561948776245,15
100,0.15,1000,250,0.507749740228236,0.22292185730464326,0.8856843709945679,13
100,0.15,10,500,0.5061605646919383,0.07163457908644771,0.6598495841026306,19
100,0.15,25,500,0.5053422868738496,0.09982634956587391,0.7038450837135315,20
100,0.15,50,500,0.5054538294205277,0.09819554548886372,0.689084529876709,20
100,0.15,100,500,0.5052637629887523,0.08453001132502831,0.6651062369346619,20
100,0.15,250,500,0.5041240480840931,0.10942997357493393,0.6824703812599182,16
100,0.15,500,500,0.5036824640858407,0.15323518308795772,0.7704561948776245,15
100,0.15,1000,500,0.5099827693141804,0.22779916949792375,0.8943328261375427,12
100,0.15,10,1000,0.5169399375986012,0.07682899207248019,0.640045166015625,13
100,0.15,25,1000,0.5170782272170378,0.12359380898452246,0.6765021085739136,12
100,0.15,50,1000,0.5182558348755192,0.10098905247263118,0.6193331480026245,12
100,0.15,100,1000,0.5193823197354658,0.1348131370328426,0.7191673517227173,12
100,0.15,250,1000,0.5185180647924925,0.16089090222725558,0.7237228751182556,12
100,0.15,500,1000,0.5168159894133382,0.19234428086070215,0.7681471705436707,12
100,0.15,1000,1000,0.5141931442423965,0.23782559456398641,0.9150400757789612,11
100,0.15,10,2500,0.6072310557458458,0.11441298603246508,0.6285669803619385,6
100,0.15,25,2500,0.6207413306208637,0.22314835787089468,0.7085866928100586,6
100,0.15,50,2500,0.5572184727923951,0.21972064930162324,0.7247928380966187,7
100,0.15,100,2500,0.567509196652271,0.24060400151000377,0.7154108881950378,6
100,0.15,250,2500,0.6010098039723184,0.2962174405436014,0.7218592762947083,5
100,0.15,500,2500,0.608865587772552,0.33016232540581353,0.806995689868927,5
100,0.15,1000,2500,0.6719181342360951,0.29671574178935445,0.7650697827339172,3
100,0.15,10,5000,0.685292014739158,0.16610041525103814,0.7337870001792908,4
100,0.15,25,5000,0.8145464015450712,0.3784371460928652,0.9523217082023621,2
100,0.15,50,5000,0.4700951626316972,0.1554397885994715,0.769428014755249,2
100,0.15,100,5000,0.6395585262448644,0.3259494148735372,0.683414101600647,3
100,0.15,250,5000,0.7047854970429934,0.3447036617591544,0.8294961452484131,3
100,0.15,500,5000,0.7399082681143389,0.36086070215175536,0.9317602515220642,2
100,0.15,1000,5000,0.7208087197173229,0.3473310683276708,0.8861836194992065,2
100,0.15,10,10000,0.8148787790326013,0.3783163457908645,0.9523186087608337,2
100,0.15,25,10000,0.8145464015450712,0.3784371460928652,0.9523218870162964,2
100,0.15,50,10000,0.4700951626316972,0.1554397885994715,0.7694279551506042,2
100,0.15,100,10000,0.6395585262448644,0.3259494148735372,0.6834141612052917,3
100,0.15,250,10000,0.5994121123074453,0.3400679501698754,0.6536438465118408,2
100,0.15,500,10000,0.7399082681143389,0.36086070215175536,0.9317603707313538,2
100,0.15,1000,10000,0.7208087197173229,0.3473310683276708,0.8861834406852722,2
100,0.15,10,15000,0.8148787790326013,0.3783163457908645,0.9523186087608337,2
100,0.15,25,15000,0.8145464015450712,0.3784371460928652,0.9523217082023621,2
100,0.15,50,15000,0.4700951626316972,0.1554397885994715,0.7694280743598938,2
100,0.15,100,15000,0.5911177580884077,0.3231559078897697,0.6248953938484192,2
100,0.15,250,15000,0.5994121123074453,0.3400679501698754,0.6536439061164856,2
100,0.15,500,15000,0.7399082681143389,0.36086070215175536,0.9317602515220642,2
100,0.15,1000,15000,0.7208087197173229,0.3473310683276708,0.8861835598945618,2
100,0.15,10,20000,0.8148787790326013,0.3783163457908645,0.9523187279701233,2
100,0.15,25,20000,0.8145464015450712,0.3784371460928652,0.9523217678070068,2
100,0.15,50,20000,0.4700951626316972,0.1554397885994715,0.7694279551506042,2
100,0.15,100,20000,0.0,1.0,,0
100,0.15,250,20000,0.0,1.0,,0
100,0.15,500,20000,0.7399082681143389,0.36086070215175536,0.9317605495452881,2
100,0.15,1000,20000,0.0,1.0,,0
100,0.15,10,22000,0.0,1.0,,0
100,0.15,25,22000,0.0,1.0,,0
100,0.15,50,22000,0.4700951626316972,0.1554397885994715,0.769428014755249,2
100,0.15,100,22000,0.0,1.0,,0
100,0.15,250,22000,0.0,1.0,,0
100,0.15,500,22000,0.0,1.0,,0
100,0.15,1000,22000,0.0,1.0,,0
10,0.25,10,50,0.06619952518195231,0.4279199697999245,-0.3181455433368683,254
10,0.25,25,50,0.08873394427962353,0.5233673084182711,-0.26132285594940186,192
10,0.25,50,50,0.09222126180910936,0.595681389203473,-0.08449835330247879,154
10,0.25,100,50,0.08275991368929804,0.6613665534163835,0.07169684022665024,77
10,0.25,250,50,0.06377713703490341,0.7367761419403549,0.38299694657325745,27
10,0.25,500,50,0.06358969420595625,0.7608607021517554,0.3676043152809143,16
10,0.25,1000,50,0.03018412715938093,0.8295205738014345,0.7607065439224243,11
10,0.25,10,100,0.06697862974803982,0.46680256700641753,-0.17451819777488708,127
10,0.25,25,100,0.08895989848042068,0.5650585126462816,-0.15943028032779694,103
10,0.25,50,100,0.08998073277448536,0.6151151377878444,-0.022888366132974625,87
10,0.25,100,100,0.09684989507935217,0.6574707436768592,-0.018968505784869194,60
10,0.25,250,100,0.06711896684495056,0.7346319365798415,0.3726596236228943,24
10,0.25,500,100,0.06394217613088193,0.762068705171763,0.40830641984939575,15
10,0.25,1000,100,0.029809717907491616,0.8306228765571914,0.7605753540992737,10
10,0.25,10,250,0.07497531655009718,0.5193204983012457,0.004579099826514721,45
10,0.25,25,250,0.09262939316154278,0.602884107210268,-0.0012698768405243754,35
10,0.25,50,250,0.11058142964443747,0.6479728199320498,0.02518029510974884,32
10,0.25,100,250,0.10423733379109278,0.6731747829369573,0.19002479314804077,28
10,0.25,250,250,0.07406710443580479,0.7166175915439789,0.3333611786365509,22
10,0.25,500,250,0.06423730934984502,0.7636240090600227,0.4335111975669861,14
10,0.25,1000,250,0.029305457493312884,0.8343072857682144,0.785053551197052,8
10,0.25,10,500,0.05828994064723097,0.6146017365043412,0.14728645980358124,23
10,0.25,25,500,0.07834208372522744,0.6562627406568516,0.06945011764764786,19
10,0.25,50,500,0.09971493316399772,0.6846357115892789,0.20315709710121155,17
10,0.25,100,500,0.10994948867467667,0.6999622499056247,0.1894482672214508,15
10,0.25,250,500,0.07881072267839674,0.7450509626274066,0.3635752499103546,13
10,0.25,500,500,0.06638138554315862,0.7607852019630049,0.47213491797447205,13
10,0.25,1000,500,0.029305457493312884,0.8343072857682144,0.785053551197052,8
10,0.25,10,1000,0.05113032378536114,0.4870064175160438,0.09681258350610733,7
10,0.25,25,1000,0.07172065851460982,0.7134012835032087,0.19464516639709473,12
10,0.25,50,1000,0.07729088160862502,0.7335145337863345,0.2295505553483963,10
10,0.25,100,1000,0.08908107669159879,0.7215402038505097,0.219406396150589,11
10,0.25,250,1000,0.07152876704938742,0.7522536806342016,0.3885250687599182,11
10,0.25,500,1000,0.06378648675505609,0.7778784446961118,0.4961473345756531,10
10,0.25,1000,1000,0.029305457493312884,0.8343072857682144,0.785053551197052,8
10,0.25,10,2500,0.02675050720448633,0.48916572291430727,0.2658901512622833,2
10,0.25,25,2500,0.009895937880389375,0.5326840317100793,0.16749703884124756,2
10,0.25,50,2500,0.01946587517820475,0.7167383918459796,0.12748314440250397,2
10,0.25,100,2500,0.015181266227379205,0.8812231030577576,0.646858274936676,2
10,0.25,250,2500,0.0,1.0,,0
10,0.25,500,2500,0.02476807274669317,0.8788372970932428,0.18912525475025177,2
10,0.25,1000,2500,0.0,1.0,,0
10,0.25,10,5000,0.0,1.0,,0
10,0.25,25,5000,0.0,1.0,,0
10,0.25,50,5000,0.0,1.0,,0
10,0.25,100,5000,0.0,1.0,,0
10,0.25,250,5000,0.0,1.0,,0
10,0.25,500,5000,0.0,1.0,,0
10,0.25,1000,5000,0.0,1.0,,0
10,0.25,10,10000,0.0,1.0,,0
10,0.25,25,10000,0.0,1.0,,0
10,0.25,50,10000,0.0,1.0,,0
10,0.25,100,10000,0.0,1.0,,0
10,0.25,250,10000,0.0,1.0,,0
10,0.25,500,10000,0.0,1.0,,0
10,0.25,1000,10000,0.0,1.0,,0
10,0.25,10,15000,0.0,1.0,,0
10,0.25,25,15000,0.0,1.0,,0
10,0.25,50,15000,0.0,1.0,,0
10,0.25,100,15000,0.0,1.0,,0
10,0.25,250,15000,0.0,1.0,,0
10,0.25,500,15000,0.0,1.0,,0
10,0.25,1000,15000,0.0,1.0,,0
10,0.25,10,20000,0.0,1.0,,0
10,0.25,25,20000,0.0,1.0,,0
10,0.25,50,20000,0.0,1.0,,0
10,0.25,100,20000,0.0,1.0,,0
10,0.25,250,20000,0.0,1.0,,0
10,0.25,500,20000,0.0,1.0,,0
10,0.25,1000,20000,0.0,1.0,,0
10,0.25,10,22000,0.0,1.0,,0
10,0.25,25,22000,0.0,1.0,,0
10,0.25,50,22000,0.0,1.0,,0
10,0.25,100,22000,0.0,1.0,,0
10,0.25,250,22000,0.0,1.0,,0
10,0.25,500,22000,0.0,1.0,,0
10,0.25,1000,22000,0.0,1.0,,0
15,0.25,10,50,0.11241055047553973,0.3882672706681767,-0.18347586691379547,201
15,0.25,25,50,0.1485801534797111,0.4431861079652699,-0.14811226725578308,157
15,0.25,50,50,0.15395239433794927,0.48490751226878065,-0.1340293288230896,132
15,0.25,100,50,0.15593778084607035,0.5311438278595696,-0.03885296732187271,67
15,0.25,250,50,0.12086665240029387,0.6024764061910155,0.4051496088504791,30
15,0.25,500,50,0.1061419008860488,0.6387768969422424,0.6894299983978271,18
15,0.25,1000,50,0.2149184136898027,0.5414571536428842,0.5258656144142151,11
15,0.25,10,100,0.11732379817029243,0.41686674216685543,-0.16071149706840515,93
15,0.25,25,100,0.14763741255051718,0.4569724424311061,-0.14209188520908356,86
15,0.25,50,100,0.15021994171636344,0.4877010192525481,-0.08280887454748154,80
15,0.25,100,100,0.15894542463371747,0.5329407323518309,-0.036506425589323044,63
15,0.25,250,100,0.12307118306921963,0.6035636089090223,0.4041544198989868,26
15,0.25,500,100,0.10565266979582201,0.6374782936957343,0.6955969333648682,17
15,0.25,1000,100,0.21819080537722263,0.5368969422423556,0.5187219381332397,10
15,0.25,10,250,0.1381598870632481,0.3879199697999245,0.034006550908088684,33
15,0.25,25,250,0.14158616072554392,0.5007172517931295,0.19406142830848694,33
15,0.25,50,250,0.16040818790300107,0.5264175160437901,0.27538859844207764,29
15,0.25,100,250,0.14841584859864476,0.5543676859192148,0.2948789894580841,30
15,0.25,250,250,0.12792512246607277,0.5982030955077388,0.4420696794986725,22
15,0.25,500,250,0.10566389032294173,0.6372366930917327,0.6483074426651001,15
15,0.25,1000,250,0.21819080537722263,0.5368969422423556,0.518721878528595,10
15,0.25,10,500,0.267394131513689,0.26240845602114005,0.20338240265846252,17
15,0.25,25,500,0.3285639276823897,0.3758248395620989,0.2655406594276428,16
15,0.25,50,500,0.3381173503131052,0.40584371460928653,0.26195287704467773,15
15,0.25,100,500,0.3062879705926957,0.4191166477916195,0.25504767894744873,15
15,0.25,250,500,0.12669238881172482,0.6154926387315969,0.6239582300186157,15
15,0.25,500,500,0.10044144509636584,0.6440468101170252,0.7046523094177246,14
15,0.25,1000,500,0.21819080537722263,0.5368969422423556,0.5187219381332397,10
15,0.25,10,1000,0.26069162263741275,0.31288788221970554,0.24197500944137573,11
15,0.25,25,1000,0.31858825862455914,0.4486221215553039,0.3589307367801666,9
15,0.25,50,1000,0.2992633006968966,0.4564590411476029,0.35510706901550293,9
15,0.25,100,1000,0.2566967094562181,0.4778406946017365,0.41020047664642334,9
15,0.25,250,1000,0.2648634200181774,0.4930917327293318,0.4838097095489502,10
15,0.25,500,1000,0.2405862353215504,0.5122083805209513,0.5159183144569397,9
15,0.25,1000,1000,0.2215533346150338,0.5470592676481691,0.5103594660758972,9
15,0.25,10,2500,0.35226803609093366,0.3355077387693469,0.6898289322853088,3
15,0.25,25,2500,0.258283793129049,0.22295205738014345,0.4877750873565674,3
15,0.25,50,2500,0.22253429936853575,0.20336730841827105,0.4112894535064697,3
15,0.25,100,2500,0.1897907582300873,0.3607852019630049,0.546841025352478,3
15,0.25,250,2500,0.1943234101853421,0.38369195922989807,0.5412067770957947,3
15,0.25,500,2500,0.2106791685041626,0.47435258588146473,0.604925811290741,4
15,0.25,1000,2500,0.2003304331409791,0.5590939977349944,0.7409773468971252,4
15,0.25,10,5000,0.39147320442997835,0.4025066062665157,0.754692792892456,2
15,0.25,25,5000,0.2716497057350809,0.2759078897697244,0.6329156160354614,2
15,0.25,50,5000,0.2232222828420662,0.2563986409966025,0.5597219467163086,2
15,0.25,100,5000,0.17659644671730082,0.4133786334465836,0.7094603776931763,2
15,0.25,250,5000,0.18252694879176076,0.43613439033597584,0.6923820376396179,2
15,0.25,500,5000,0.17782460111339798,0.5053529633824084,0.6967506408691406,2
15,0.25,1000,5000,0.0,1.0,,0
15,0.25,10,10000,0.39147320442997835,0.4025066062665157,0.7546926736831665,2
15,0.25,25,10000,0.2716497057350809,0.2759078897697244,0.6329156756401062,2
15,0.25,50,10000,0.2232222828420662,0.2563986409966025,0.5597219467163086,2
15,0.25,100,10000,0.17659644671730082,0.4133786334465836,0.7094603776931763,2
15,0.25,250,10000,0.18252694879176076,0.43613439033597584,0.6923820972442627,2
15,0.25,500,10000,0.17782460111339798,0.5053529633824084,0.6967505216598511,2
15,0.25,1000,10000,0.0,1.0,,0
15,0.25,10,15000,0.39147320442997835,0.4025066062665157,0.7546926736831665,2
15,0.25,25,15000,0.2716497057350809,0.2759078897697244,0.6329156160354614,2
15,0.25,50,15000,0.2232222828420662,0.2563986409966025,0.5597218871116638,2
15,0.25,100,15000,0.17659644671730082,0.4133786334465836,0.709460437297821,2
15,0.25,250,15000,0.0,1.0,,0
15,0.25,500,15000,0.0,1.0,,0
15,0.25,1000,15000,0.0,1.0,,0
15,0.25,10,20000,0.0,1.0,,0
15,0.25,25,20000,0.2716497057350809,0.2759078897697244,0.632915735244751,2
15,0.25,50,20000,0.2232222828420662,0.2563986409966025,0.5597219467163086,2
15,0.25,100,20000,0.0,1.0,,0
15,0.25,250,20000,0.0,1.0,,0
15,0.25,500,20000,0.0,1.0,,0
15,0.25,1000,20000,0.0,1.0,,0
15,0.25,10,22000,0.0,1.0,,0
15,0.25,25,22000,0.2716497057350809,0.2759078897697244,0.6329156160354614,2
15,0.25,50,22000,0.2232222828420662,0.2563986409966025,0.5597219467163086,2
15,0.25,100,22000,0.0,1.0,,0
15,0.25,250,22000,0.0,1.0,,0
15,0.25,500,22000,0.0,1.0,,0
15,0.25,1000,22000,0.0,1.0,,0
30,0.25,10,50,0.14310186609693504,0.4385503963759909,-0.09717532992362976,237
30,0.25,25,50,0.1702109146404333,0.5070139675349188,0.019432520493865013,167
30,0.25,50,50,0.17023281736247334,0.5464250660626652,0.12333894520998001,136
30,0.25,100,50,0.1542239764272634,0.5701774254435636,0.22661595046520233,75
30,0.25,250,50,0.13848880029986113,0.6232389580973953,0.4909505844116211,35
30,0.25,500,50,0.10601549682292498,0.6807550018875047,0.692415714263916,20
30,0.25,1000,50,0.09524166394470587,0.703042657606644,0.8057469725608826,12
30,0.25,10,100,0.12901246291980525,0.44143450358625896,-0.02824518457055092,106
30,0.25,25,100,0.154147257545756,0.5205134012835032,0.10669364035129547,92
30,0.25,50,100,0.1747268120388713,0.5247414118535296,0.10047250241041183,78
30,0.25,100,100,0.1583782793725708,0.5693167232918083,0.16796620190143585,70
30,0.25,250,100,0.14409622623961302,0.6194337485843715,0.47541284561157227,31
30,0.25,500,100,0.10387829521775246,0.6862514156285391,0.7810860872268677,15
30,0.25,1000,100,0.09524166394470587,0.703042657606644,0.8057470917701721,12
30,0.25,10,250,0.10986404051144398,0.35691959229898074,-0.013416039757430553,40
30,0.25,25,250,0.16950650797053662,0.543193657984145,0.062204521149396896,39
30,0.25,50,250,0.1650649515342141,0.5545941864854662,0.23996536433696747,37
30,0.25,100,250,0.162680642499634,0.5937334843337109,0.24738535284996033,33
30,0.25,250,250,0.14274591093654354,0.6226198565496414,0.5499266386032104,25
30,0.25,500,250,0.10474193945937323,0.6883956209890525,0.7950310111045837,14
30,0.25,1000,250,0.09578763179666519,0.7046130615326538,0.8171756863594055,11
30,0.25,10,500,0.11345390094606782,0.29812004530011327,-0.12560740113258362,17
30,0.25,25,500,0.13446203763920533,0.6369799924499812,0.574367880821228,17
30,0.25,50,500,0.14598187054286743,0.6051038127595318,0.5226935148239136,16
30,0.25,100,500,0.16558782075188513,0.6232389580973953,0.4920002520084381,13
30,0.25,250,500,0.1329613268936336,0.6431408078520197,0.5995298027992249,16
30,0.25,500,500,0.10474193945937323,0.6883956209890525,0.7950310707092285,14
30,0.25,1000,500,0.09578763179666519,0.7046130615326538,0.8171756267547607,11
30,0.25,10,1000,0.11348643764163154,0.3188674971687429,-0.13478608429431915,13
30,0.25,25,1000,0.09430320593224506,0.5518912797281993,0.3972555994987488,11
30,0.25,50,1000,0.11946610146117868,0.601449603624009,0.381828635931015,11
30,0.25,100,1000,0.15675073564575398,0.64,0.4812682271003723,11
30,0.25,250,1000,0.11915013979633848,0.6840317100792752,0.5351142883300781,10
30,0.25,500,1000,0.1072492610633258,0.6838203095507739,0.5806522965431213,10
30,0.25,1000,1000,0.0847108918939268,0.7120573801434503,0.7179579734802246,9
30,0.25,10,2500,0.016933253409628122,0.039637599093997736,-0.05437023565173149,2
30,0.25,25,2500,0.030808970138802263,0.19204228010570026,0.062203723937273026,2
30,0.25,50,2500,0.01736683698721833,0.2830200075500189,0.07998882234096527,2
30,0.25,100,2500,0.020017812550356902,0.39263118157795396,0.12691713869571686,2
30,0.25,250,2500,0.011914459422791594,0.4612608531521329,0.0862535610795021,2
30,0.25,500,2500,0.05495542145789883,0.4373272933182333,-0.0024627656675875187,3
30,0.25,1000,2500,0.08750818664062036,0.6881389203473008,0.5523980855941772,5
30,0.25,10,5000,0.0,1.0,,0
30,0.25,25,5000,0.0,1.0,,0
30,0.25,50,5000,0.0,1.0,,0
30,0.25,100,5000,0.0257345309328607,0.7516194790486976,0.7389074563980103,2
30,0.25,250,5000,0.0,1.0,,0
30,0.25,500,5000,0.010412076734184964,0.793265383163458,0.8021844029426575,2
30,0.25,1000,5000,0.06182201387335552,0.7053529633824085,0.7424567341804504,2
30,0.25,10,10000,0.0,1.0,,0
30,0.25,25,10000,0.0,1.0,,0
30,0.25,50,10000,0.0,1.0,,0
30,0.25,100,10000,0.0,1.0,,0
30,0.25,250,10000,0.0,1.0,,0
30,0.25,500,10000,0.0,1.0,,0
30,0.25,1000,10000,0.0,1.0,,0
30,0.25,10,15000,0.0,1.0,,0
30,0.25,25,15000,0.0,1.0,,0
30,0.25,50,15000,0.0,1.0,,0
30,0.25,100,15000,0.0,1.0,,0
30,0.25,250,15000,0.0,1.0,,0
30,0.25,500,15000,0.0,1.0,,0
30,0.25,1000,15000,0.0,1.0,,0
30,0.25,10,20000,0.0,1.0,,0
30,0.25,25,20000,0.0,1.0,,0
30,0.25,50,20000,0.0,1.0,,0
30,0.25,100,20000,0.0,1.0,,0
30,0.25,250,20000,0.0,1.0,,0
30,0.25,500,20000,0.0,1.0,,0
30,0.25,1000,20000,0.0,1.0,,0
30,0.25,10,22000,0.0,1.0,,0
30,0.25,25,22000,0.0,1.0,,0
30,0.25,50,22000,0.0,1.0,,0
30,0.25,100,22000,0.0,1.0,,0
30,0.25,250,22000,0.0,1.0,,0
30,0.25,500,22000,0.0,1.0,,0
30,0.25,1000,22000,0.0,1.0,,0
50,0.25,10,50,0.3658048895550897,0.279033597583994,0.09919102489948273,182
50,0.25,25,50,0.4019535274287268,0.2839562098905247,0.2176295667886734,144
50,0.25,50,50,0.42689799188012856,0.300641751604379,0.2875407636165619,125
50,0.25,100,50,0.39445058952805606,0.3246810117025293,0.46451762318611145,66
50,0.25,250,50,0.35821723974887565,0.3758097395243488,0.4696972072124481,34
50,0.25,500,50,0.3731358495782085,0.4261985654964137,0.7825509309768677,20
50,0.25,1000,50,0.3580405341454478,0.4838052095130238,0.8638169765472412,12
50,0.25,10,100,0.3966309447526992,0.28283880709701775,0.4118587374687195,88
50,0.25,25,100,0.4122824829910881,0.27187617969044925,0.32239753007888794,77
50,0.25,50,100,0.42066459323204064,0.289920724801812,0.3760493993759155,70
50,0.25,100,100,0.3972795703453508,0.3265081162702907,0.4699823260307312,63
50,0.25,250,100,0.36138700908257904,0.3717780294450736,0.5700659155845642,32
50,0.25,500,100,0.3731358495782085,0.4261985654964137,0.7825508713722229,20
50,0.25,1000,100,0.3577542330466485,0.48357870894677235,0.8734076023101807,11
50,0.25,10,250,0.3609819071475223,0.1747678369195923,0.2848208546638489,40
50,0.25,25,250,0.37044430036021364,0.19315968289920724,0.30757936835289,40
50,0.25,50,250,0.36948516247473057,0.25254813137032844,0.3868315517902374,36
50,0.25,100,250,0.4008574533728948,0.33380143450358624,0.45132291316986084,35
50,0.25,250,250,0.36957071443707906,0.36276330690826725,0.5597087740898132,25
50,0.25,500,250,0.37681427438344955,0.4263646659116648,0.7562557458877563,18
50,0.25,1000,250,0.3577542330466485,0.48357870894677235,0.8734077215194702,11
50,0.25,10,500,0.38223238863387393,0.2013590033975085,0.4158861041069031,21
50,0.25,25,500,0.36381359391596424,0.25118912797281995,0.5693742632865906,20
50,0.25,50,500,0.3751142526329471,0.2755001887504719,0.6000516414642334,20
50,0.25,100,500,0.40125366151568664,0.3598640996602491,0.6940102577209473,18
50,0.25,250,500,0.3742418115525132,0.3957417893544734,0.7613028883934021,17
50,0.25,500,500,0.3843443716525168,0.4445602114005285,0.7910336852073669,13
50,0.25,1000,500,0.3577542330466485,0.48357870894677235,0.8734076023101807,11
50,0.25,10,1000,0.3862392230687305,0.25115892789731975,0.5142281651496887,11
50,0.25,25,1000,0.3516851790023379,0.3061381653454134,0.5702099204063416,12
50,0.25,50,1000,0.36827602247933333,0.3033899584748962,0.629020631313324,13
50,0.25,100,1000,0.39717073152652055,0.3811853529633824,0.7269507646560669,13
50,0.25,250,1000,0.37633056394716485,0.41275953189882975,0.7455539703369141,11
50,0.25,500,1000,0.3801718125208518,0.4551604379010947,0.7869556546211243,10
50,0.25,1000,1000,0.35726834112391714,0.4871272178180445,0.8343896865844727,9
50,0.25,10,2500,0.6089834428201052,0.2944960362400906,0.553831934928894,4
50,0.25,25,2500,0.40785502407299107,0.4465987164967912,0.6803699731826782,5
50,0.25,50,2500,0.35844019526085696,0.4929407323518309,0.6264414191246033,5
50,0.25,100,2500,0.3415216370386104,0.5307965269913175,0.5041702389717102,3
50,0.25,250,2500,0.34808682798375634,0.4970781426953567,0.4410979747772217,3
50,0.25,500,2500,0.35381678890423884,0.5556058890147225,0.8015807271003723,5
50,0.25,1000,2500,0.42403389951156845,0.46859947149867875,0.6292794942855835,5
50,0.25,10,5000,0.5561766193327358,0.25437523593808986,0.5622999668121338,2
50,0.25,25,5000,0.4154029383747464,0.5404001510003775,0.534106433391571,2
50,0.25,50,5000,0.37739801623900715,0.5406115515288789,0.6113729476928711,3
50,0.25,100,5000,0.3482366837518581,0.5831936579841449,0.7196868062019348,2
50,0.25,250,5000,0.3441947117925359,0.5498527746319366,0.726527750492096,2
50,0.25,500,5000,0.0,1.0,,0
50,0.25,1000,5000,0.32601474224887134,0.4912344280860702,0.411140114068985,2
50,0.25,10,10000,0.5561766193327358,0.25437523593808986,0.5622999668121338,2
50,0.25,25,10000,0.0,1.0,,0
50,0.25,50,10000,0.0,1.0,,0
50,0.25,100,10000,0.3482366837518581,0.5831936579841449,0.7196869254112244,2
50,0.25,250,10000,0.3441947117925359,0.5498527746319366,0.7265278697013855,2
50,0.25,500,10000,0.0,1.0,,0
50,0.25,1000,10000,0.0,1.0,,0
50,0.25,10,15000,0.5561766193327358,0.25437523593808986,0.5622998476028442,2
50,0.25,25,15000,0.0,1.0,,0
50,0.25,50,15000,0.0,1.0,,0
50,0.25,100,15000,0.0,1.0,,0
50,0.25,250,15000,0.0,1.0,,0
50,0.25,500,15000,0.0,1.0,,0
50,0.25,1000,15000,0.0,1.0,,0
50,0.25,10,20000,0.5561766193327358,0.25437523593808986,0.5622998476028442,2
50,0.25,25,20000,0.0,1.0,,0
50,0.25,50,20000,0.0,1.0,,0
50,0.25,100,20000,0.0,1.0,,0
50,0.25,250,20000,0.0,1.0,,0
50,0.25,500,20000,0.0,1.0,,0
50,0.25,1000,20000,0.0,1.0,,0
50,0.25,10,22000,0.0,1.0,,0
50,0.25,25,22000,0.0,1.0,,0
50,0.25,50,22000,0.0,1.0,,0
50,0.25,100,22000,0.0,1.0,,0
50,0.25,250,22000,0.0,1.0,,0
50,0.25,500,22000,0.0,1.0,,0
50,0.25,1000,22000,0.0,1.0,,0
75,0.25,10,50,0.47935950784885983,0.08747451868629672,0.4208153784275055,173
75,0.25,25,50,0.4849507955184181,0.07826349565873915,0.4488104581832886,145
75,0.25,50,50,0.48385991715588167,0.08484711211778029,0.4494011700153351,126
75,0.25,100,50,0.4885175360512164,0.0851340128350321,0.4473176896572113,65
75,0.25,250,50,0.5002740481708118,0.12460551151377879,0.7227850556373596,30
75,0.25,500,50,0.5009324422609711,0.17866364665911666,0.7619595527648926,21
75,0.25,1000,50,0.5162556051102992,0.19981879954699885,0.7840380072593689,13
75,0.25,10,100,0.4888227908256929,0.05241223103057758,0.4375373423099518,75
75,0.25,25,100,0.4900258029660078,0.05247263118157795,0.42976412177085876,73
75,0.25,50,100,0.48912338855563303,0.0646734616836542,0.4395903944969177,72
75,0.25,100,100,0.48857484523701966,0.08388070970177425,0.44187936186790466,62
75,0.25,250,100,0.5002740481708118,0.12460551151377879,0.7227849960327148,30
75,0.25,500,100,0.4996033534222493,0.1551528878822197,0.7535319328308105,19
75,0.25,1000,100,0.5117897157621045,0.18080785201963004,0.7459407448768616,12
75,0.25,10,250,0.5045242936710721,0.05241223103057758,0.6393665671348572,36
75,0.25,25,250,0.5043525797489682,0.049195922989807475,0.634061872959137,36
75,0.25,50,250,0.5046602735628212,0.04335220838052095,0.615368127822876,34
75,0.25,100,250,0.5020163258029152,0.06813137032842582,0.6451048254966736,34
75,0.25,250,250,0.4997579964112899,0.11619479048697622,0.6909202933311462,27
75,0.25,500,250,0.5000301449007652,0.15725179312948281,0.7551672458648682,18
75,0.25,1000,250,0.5117897157621045,0.18080785201963004,0.7459406852722168,12
75,0.25,10,500,0.5040528813852772,0.0896640241600604,0.6653624773025513,20
75,0.25,25,500,0.5033708005973989,0.09124952812382031,0.6634736657142639,21
75,0.25,50,500,0.5026893758571352,0.08599471498678747,0.676153302192688,22
75,0.25,100,500,0.5008056409621393,0.10808607021517554,0.695426881313324,19
75,0.25,250,500,0.4989048386520194,0.13118912797281992,0.7058785557746887,18
75,0.25,500,500,0.5026177106759722,0.1320800302000755,0.7374789118766785,15
75,0.25,1000,500,0.5117897157621045,0.18080785201963004,0.7459406852722168,12
75,0.25,10,1000,0.5141537235701955,0.08747451868629672,0.6525280475616455,13
75,0.25,25,1000,0.5134444594872355,0.09214043035107587,0.6615025997161865,13
75,0.25,50,1000,0.5130501873012222,0.12049830124575311,0.7136915326118469,13
75,0.25,100,1000,0.5097898191737271,0.11697999244998113,0.6959733963012695,13
75,0.25,250,1000,0.5063143664301694,0.1342544356360891,0.720519483089447,12
75,0.25,500,1000,0.507209578044091,0.16045300113250283,0.7356093525886536,12
75,0.25,1000,1000,0.5117897157621045,0.18080785201963004,0.7459406852722168,12
75,0.25,10,2500,0.6041529643813652,0.07293318233295583,0.6413962841033936,7
75,0.25,25,2500,0.6015857104189304,0.05245753114382786,0.578761875629425,6
75,0.25,50,2500,0.5935021301317827,0.06515666289165722,0.594017744064331,6
75,0.25,100,2500,0.5971273064474234,0.061140052850132125,0.5880142450332642,6
75,0.25,250,2500,0.5441609652988172,0.09947904869762174,0.5441992282867432,6
75,0.25,500,2500,0.5679386777975374,0.18675726689316724,0.650393545627594,5
75,0.25,1000,2500,0.5740913428177693,0.2745488863722159,0.7492952346801758,5
75,0.25,10,5000,0.6132939118556632,0.16147980369950926,0.6936788558959961,4
75,0.25,25,5000,0.617510974109036,0.15124197810494527,0.6897580623626709,4
75,0.25,50,5000,0.6148041572978825,0.15832389580973952,0.7012729048728943,4
75,0.25,100,5000,0.5950565463552399,0.1106077765194413,0.669930636882782,4
75,0.25,250,5000,0.5826061891587289,0.14461306153265382,0.6826887130737305,4
75,0.25,500,5000,0.5956517132735936,0.2362400906002265,0.722517728805542,4
75,0.25,1000,5000,0.693033615096235,0.3994563986409966,0.8373113870620728,3
75,0.25,10,10000,0.6195084188239455,0.15577198942997358,0.6158781051635742,3
75,0.25,25,10000,0.6236365187114332,0.14853907134767838,0.6120616793632507,3
75,0.25,50,10000,0.626982285956784,0.15830879577198942,0.6304056644439697,3
75,0.25,100,10000,0.5950565463552399,0.1106077765194413,0.669930636882782,4
75,0.25,250,10000,0.5832036728688033,0.12311060777651944,0.6280450224876404,3
75,0.25,500,10000,0.6489708312000552,0.3481917704794262,0.784095287322998,2
75,0.25,1000,10000,0.7056362671607517,0.3830577576443941,0.789220929145813,2
75,0.25,10,15000,0.7191220844556424,0.36312570781426956,0.7543327212333679,2
75,0.25,25,15000,0.7224418035646024,0.3609060022650057,0.7545360922813416,2
75,0.25,50,15000,0.7306669612813416,0.36048320120800303,0.755256712436676,2
75,0.25,100,15000,0.6720088545375301,0.3170554926387316,0.7536677122116089,2
75,0.25,250,15000,0.6713349849788506,0.31876179690449225,0.7558803558349609,2
75,0.25,500,15000,0.6489708312000552,0.3481917704794262,0.7840954065322876,2
75,0.25,1000,15000,0.7056362671607517,0.3830577576443941,0.7892208695411682,2
75,0.25,10,20000,0.0,1.0,,0
75,0.25,25,20000,0.0,1.0,,0
75,0.25,50,20000,0.0,1.0,,0
75,0.25,100,20000,0.0,1.0,,0
75,0.25,250,20000,0.0,1.0,,0
75,0.25,500,20000,0.0,1.0,,0
75,0.25,1000,20000,0.0,1.0,,0
75,0.25,10,22000,0.0,1.0,,0
75,0.25,25,22000,0.0,1.0,,0
75,0.25,50,22000,0.0,1.0,,0
75,0.25,100,22000,0.0,1.0,,0
75,0.25,250,22000,0.0,1.0,,0
75,0.25,500,22000,0.0,1.0,,0
75,0.25,1000,22000,0.0,1.0,,0
100,0.25,10,50,0.48440433607601946,0.09491883729709324,0.3722774088382721,165
100,0.25,25,50,0.4870745537141348,0.09534163835409588,0.45476335287094116,145
100,0.25,50,50,0.48336261055813295,0.08755001887504718,0.4254394769668579,120
100,0.25,100,50,0.4929111609700009,0.06995847489618724,0.536877453327179,65
100,0.25,250,50,0.497599338823453,0.13147602869007172,0.7788204550743103,34
100,0.25,500,50,0.49932913704725695,0.18570026425066063,0.7984702587127686,18
100,0.25,1000,50,0.5131032881353618,0.25088712721781803,0.856739342212677,14
100,0.25,10,100,0.4854485898729666,0.05836164590411476,0.4689677953720093,83
100,0.25,25,100,0.4901941626906933,0.04116270290675727,0.501681387424469,76
100,0.25,50,100,0.48879973516379716,0.06177425443563609,0.5147725343704224,69
100,0.25,100,100,0.48855709040136974,0.07852019630049076,0.5539341568946838,63
100,0.25,250,100,0.4973535805701879,0.12795771989429974,0.7670632004737854,33
100,0.25,500,100,0.5011745501968082,0.18083805209513024,0.782355010509491,17
100,0.25,1000,100,0.5136658863968135,0.25191392978482446,0.8577486872673035,13
100,0.25,10,250,0.49980074168039573,0.05608154020385051,0.6482219099998474,39
100,0.25,25,250,0.50156474383766,0.050585126462816155,0.6435040235519409,39
100,0.25,50,250,0.4997498293669326,0.06328425821064552,0.656904399394989,35
100,0.25,100,250,0.5002103997623395,0.07293318233295583,0.6688483357429504,35
100,0.25,250,250,0.49841202601251733,0.11755379388448471,0.7415358424186707,27
100,0.25,500,250,0.5010745468597017,0.17807474518686298,0.7854675650596619,16
100,0.25,1000,250,0.513061550667845,0.25112872782181955,0.8316826224327087,12
100,0.25,10,500,0.5074462572232342,0.07614949037372594,0.6562263369560242,23
100,0.25,25,500,0.5028762180254305,0.0939675349188373,0.6815702319145203,23
100,0.25,50,500,0.5039815823110858,0.09301623254058135,0.6748470664024353,20
100,0.25,100,500,0.5066377281736894,0.09218573046432615,0.6356229186058044,17
100,0.25,250,500,0.5026760070414651,0.12439411098527746,0.6931535601615906,17
100,0.25,500,500,0.5010745468597017,0.17807474518686298,0.7854676246643066,16
100,0.25,1000,500,0.5157745854468003,0.2560362400906002,0.8411256670951843,11
100,0.25,10,1000,0.5117420881730811,0.11904869762174405,0.6820024251937866,13
100,0.25,25,1000,0.5152611387543403,0.14488486221215552,0.6782624125480652,12
100,0.25,50,1000,0.5116926524007792,0.15903359758399396,0.7082474827766418,12
100,0.25,100,1000,0.5106864254091487,0.130403926009815,0.6337682008743286,12
100,0.25,250,1000,0.5106141643486048,0.16552661381653455,0.707079291343689,12
100,0.25,500,1000,0.5207801544369399,0.23666289165722915,0.8388345837593079,11
100,0.25,1000,1000,0.5222848827883737,0.2674065685164213,0.878643274307251,10
100,0.25,10,2500,0.6352035096387953,0.2743374858437146,0.8025737404823303,5
100,0.25,25,2500,0.6288159226960894,0.26003775009437524,0.7845862507820129,5
100,0.25,50,2500,0.6404722035971848,0.2853303133257833,0.7935198545455933,5
100,0.25,100,2500,0.5902832628538068,0.2837750094375236,0.7029531002044678,6
100,0.25,250,2500,0.5708948661881468,0.27850509626274067,0.7131932377815247,5
100,0.25,500,2500,0.6502301385012446,0.32872782181955457,0.8424186706542969,4
100,0.25,1000,2500,0.6356951107735052,0.26563986409966023,0.7563003897666931,3
100,0.25,10,5000,0.6600195128232341,0.29651944129860325,0.8772619962692261,2
100,0.25,25,5000,0.44178812028444736,0.12987542468856172,0.743023693561554,2
100,0.25,50,5000,0.5686938397391289,0.24471121177802946,0.8198360204696655,2
100,0.25,100,5000,0.5683569469382637,0.24794261985654964,0.8298074007034302,2
100,0.25,250,5000,0.6728505516899348,0.33218573046432615,0.8406714200973511,3
100,0.25,500,5000,0.6682294940719885,0.3255568138920347,0.9027923941612244,2
100,0.25,1000,5000,0.6785675751384178,0.3209815024537561,0.8760867714881897,2
100,0.25,10,10000,0.6600195128232341,0.29651944129860325,0.877261757850647,2
100,0.25,25,10000,0.44178812028444736,0.12987542468856172,0.7430238127708435,2
100,0.25,50,10000,0.5686938397391289,0.24471121177802946,0.8198361396789551,2
100,0.25,100,10000,0.5683569469382637,0.24794261985654964,0.8298074007034302,2
100,0.25,250,10000,0.655973162795672,0.33198942997357495,0.8648459911346436,2
100,0.25,500,10000,0.6682294940719885,0.3255568138920347,0.9027923345565796,2
100,0.25,1000,10000,0.6785675751384178,0.3209815024537561,0.8760867118835449,2
100,0.25,10,15000,0.6600195128232341,0.29651944129860325,0.877261757850647,2
100,0.25,25,15000,0.44178812028444736,0.12987542468856172,0.743023693561554,2
100,0.25,50,15000,0.5686938397391289,0.24471121177802946,0.8198360204696655,2
100,0.25,100,15000,0.5683569469382637,0.24794261985654964,0.8298074007034302,2
100,0.25,250,15000,0.655973162795672,0.33198942997357495,0.8648458123207092,2
100,0.25,500,15000,0.6682294940719885,0.3255568138920347,0.9027923345565796,2
100,0.25,1000,15000,0.6785675751384178,0.3209815024537561,0.8760865330696106,2
100,0.25,10,20000,0.6600195128232341,0.29651944129860325,0.8772618770599365,2
100,0.25,25,20000,0.44178812028444736,0.12987542468856172,0.7430237531661987,2
100,0.25,50,20000,0.5686938397391289,0.24471121177802946,0.8198361396789551,2
100,0.25,100,20000,0.5683569469382637,0.24794261985654964,0.8298075199127197,2
100,0.25,250,20000,0.0,1.0,,0
100,0.25,500,20000,0.6682294940719885,0.3255568138920347,0.9027923941612244,2
100,0.25,1000,20000,0.6785675751384178,0.3209815024537561,0.8760867714881897,2
100,0.25,10,22000,0.0,1.0,,0
100,0.25,25,22000,0.44178812028444736,0.12987542468856172,0.743023693561554,2
100,0.25,50,22000,0.5686938397391289,0.24471121177802946,0.8198359608650208,2
100,0.25,100,22000,0.5683569469382637,0.24794261985654964,0.8298074007034302,2
100,0.25,250,22000,0.0,1.0,,0
100,0.25,500,22000,0.0,1.0,,0
100,0.25,1000,22000,0.0,1.0,,0
10,0.5,10,50,0.07083861913683988,0.4403473008682522,-0.3292408287525177,254
10,0.5,25,50,0.09322421834989633,0.543676859192148,-0.19040878117084503,185
10,0.5,50,50,0.0920109899635594,0.6144809362023405,-0.074132539331913,134
10,0.5,100,50,0.08354068741752455,0.6925330313325784,0.14140591025352478,63
10,0.5,250,50,0.0629296582910692,0.7474971687429218,0.4488018751144409,27
10,0.5,500,50,0.04362327186293325,0.8017818044545111,0.7366710901260376,14
10,0.5,1000,50,0.028973596573221294,0.8310607776519441,0.8124894499778748,8
10,0.5,10,100,0.07358359865100159,0.5002793506983767,-0.2505301535129547,112
10,0.5,25,100,0.08493133183606551,0.5683352208380521,-0.14347630739212036,98
10,0.5,50,100,0.09791910117838003,0.6240090600226501,-0.0071607930585742,76
10,0.5,100,100,0.08877007907334646,0.6931823329558324,0.24613305926322937,57
10,0.5,250,100,0.06433663375504127,0.7462740656851642,0.46141111850738525,24
10,0.5,500,100,0.04592668776444532,0.7947300868252171,0.7048690915107727,13
10,0.5,1000,100,0.028973596573221294,0.8310607776519441,0.8124895095825195,8
10,0.5,10,250,0.09333390975762679,0.5667950169875424,-0.001453533535823226,45
10,0.5,25,250,0.0994877638048279,0.5978557946394866,0.07352045923471451,40
10,0.5,50,250,0.09726480036136476,0.6385956964892412,0.04540159925818443,32
10,0.5,100,250,0.09213014109169577,0.6980294450736126,0.22729939222335815,26
10,0.5,250,250,0.06460061071564652,0.7475424688561721,0.4681299030780792,22
10,0.5,500,250,0.048099180463135556,0.7915892789731974,0.5758363604545593,12
10,0.5,1000,250,0.028973596573221294,0.8310607776519441,0.8124894499778748,8
10,0.5,10,500,0.08123187637183728,0.6464930162325406,0.13857853412628174,22
10,0.5,25,500,0.09917863376056006,0.6647942619856549,0.0937870517373085,15
10,0.5,50,500,0.08320970658752846,0.7123593808984523,0.2360888421535492,13
10,0.5,100,500,0.07745182198096934,0.7523744809362023,0.28637805581092834,13
10,0.5,250,500,0.0711712390665554,0.7586862967157418,0.32814469933509827,14
10,0.5,500,500,0.048099180463135556,0.7915892789731974,0.5758363604545593,12
10,0.5,1000,500,0.028973596573221294,0.8310607776519441,0.8124894499778748,8
10,0.5,10,1000,0.05402376912226184,0.6597659494148735,0.22933650016784668,12
10,0.5,25,1000,0.08600273000605249,0.7089014722536806,0.21478623151779175,10
10,0.5,50,1000,0.07244056773442252,0.7447187617969044,0.267040491104126,9
10,0.5,100,1000,0.06479895892559008,0.7799622499056248,0.23895326256752014,9
10,0.5,250,1000,0.06078670686837669,0.7818195545488864,0.3147018849849701,10
10,0.5,500,1000,0.03761345253040606,0.8233446583616459,0.5376783013343811,8
10,0.5,1000,1000,0.028973596573221294,0.8310607776519441,0.8124895095825195,8
10,0.5,10,2500,0.0037864094750576015,0.5552283880709702,0.1532970368862152,2
10,0.5,25,2500,0.004571395282210579,0.2778708946772367,0.024405909702181816,2
10,0.5,50,2500,0.013243142892262603,0.8540430351075877,0.4812082350254059,3
10,0.5,100,2500,0.0,1.0,,0
10,0.5,250,2500,0.0,1.0,,0
10,0.5,500,2500,0.03375759792126478,0.8628312570781427,0.14371803402900696,2
10,0.5,1000,2500,0.0,1.0,,0
10,0.5,10,5000,0.0,1.0,,0
10,0.5,25,5000,0.0,1.0,,0
10,0.5,50,5000,0.0,1.0,,0
10,0.5,100,5000,0.0,1.0,,0
10,0.5,250,5000,0.0,1.0,,0
10,0.5,500,5000,0.0,1.0,,0
10,0.5,1000,5000,0.0,1.0,,0
10,0.5,10,10000,0.0,1.0,,0
10,0.5,25,10000,0.0,1.0,,0
10,0.5,50,10000,0.0,1.0,,0
10,0.5,100,10000,0.0,1.0,,0
10,0.5,250,10000,0.0,1.0,,0
10,0.5,500,10000,0.0,1.0,,0
10,0.5,1000,10000,0.0,1.0,,0
10,0.5,10,15000,0.0,1.0,,0
10,0.5,25,15000,0.0,1.0,,0
10,0.5,50,15000,0.0,1.0,,0
10,0.5,100,15000,0.0,1.0,,0
10,0.5,250,15000,0.0,1.0,,0
10,0.5,500,15000,0.0,1.0,,0
10,0.5,1000,15000,0.0,1.0,,0
10,0.5,10,20000,0.0,1.0,,0
10,0.5,25,20000,0.0,1.0,,0
10,0.5,50,20000,0.0,1.0,,0
10,0.5,100,20000,0.0,1.0,,0
10,0.5,250,20000,0.0,1.0,,0
10,0.5,500,20000,0.0,1.0,,0
10,0.5,1000,20000,0.0,1.0,,0
10,0.5,10,22000,0.0,1.0,,0
10,0.5,25,22000,0.0,1.0,,0
10,0.5,50,22000,0.0,1.0,,0
10,0.5,100,22000,0.0,1.0,,0
10,0.5,250,22000,0.0,1.0,,0
10,0.5,500,22000,0.0,1.0,,0
10,0.5,1000,22000,0.0,1.0,,0
15,0.5,10,50,0.11734905916486613,0.43399018497546243,-0.298165500164032,225
15,0.5,25,50,0.13332076084317496,0.5014118535296338,-0.17491741478443146,178
15,0.5,50,50,0.13160402715581435,0.5520875802189505,-0.11219925433397293,151
15,0.5,100,50,0.13758552658595993,0.614556436391091,0.04421432688832283,75
15,0.5,250,50,0.11107359493129855,0.6324046810117026,0.23425276577472687,31
15,0.5,500,50,0.08070410639896732,0.7014269535673839,0.4906008243560791,16
15,0.5,1000,50,0.07217345588901246,0.7317931294828237,0.551538348197937,11
15,0.5,10,100,0.12865771952833177,0.4842884107210268,-0.1917198896408081,96
15,0.5,25,100,0.1377081371607641,0.5321102302755757,-0.16817833483219147,90
15,0.5,50,100,0.13902244365366173,0.561434503586259,-0.13513897359371185,75
15,0.5,100,100,0.13738940034521882,0.6069158172895432,0.03106151521205902,62
15,0.5,250,100,0.11239899565517765,0.6332351830879577,0.2513250410556793,29
15,0.5,500,100,0.08112421390407804,0.7002642506606267,0.49517375230789185,14
15,0.5,1000,100,0.07217345588901246,0.7317931294828237,0.551538348197937,11
15,0.5,10,250,0.14421341081177808,0.5454133635334089,-0.04542560130357742,31
15,0.5,25,250,0.14778280124578272,0.6218044545111363,0.05785873532295227,26
15,0.5,50,250,0.15480396163983645,0.6064024160060401,0.06387916207313538,30
15,0.5,100,250,0.14461115625706725,0.625760664401661,0.1429777294397354,27
15,0.5,250,250,0.1151504095803942,0.6264854662136655,0.16976690292358398,24
15,0.5,500,250,0.08143484893080115,0.7018346545866365,0.49723929166793823,13
15,0.5,1000,250,0.07217345588901246,0.7317931294828237,0.551538348197937,11
15,0.5,10,500,0.13220915227962776,0.6045149112872782,0.2984691560268402,14
15,0.5,25,500,0.13000250651071232,0.6408909022272555,0.25601261854171753,14
15,0.5,50,500,0.1307767201128336,0.6362249905624764,0.31330299377441406,14
15,0.5,100,500,0.12162949371361037,0.6660173650434126,0.4383102357387543,14
15,0.5,250,500,0.10507955617771143,0.6748357870894677,0.3795076012611389,13
15,0.5,500,500,0.08143484893080115,0.7018346545866365,0.49723926186561584,13
15,0.5,1000,500,0.07217345588901246,0.7317931294828237,0.551538348197937,11
15,0.5,10,1000,0.1355012132136517,0.6141789354473386,0.2870350480079651,11
15,0.5,25,1000,0.12402071666128263,0.6542846357115892,0.3377860486507416,11
15,0.5,50,1000,0.10868594526147364,0.6623480558701397,0.4236812889575958,10
15,0.5,100,1000,0.10033326838739262,0.6893167232918083,0.49323365092277527,10
15,0.5,250,1000,0.10407291659215022,0.6708493771234428,0.43194425106048584,10
15,0.5,500,1000,0.08482400825487078,0.7099886749716874,0.49655207991600037,11
15,0.5,1000,1000,0.07762881779323845,0.7113476783691959,0.5140014886856079,9
15,0.5,10,2500,0.12370946979270928,0.48012080030200077,-0.11232233792543411,4
15,0.5,25,2500,0.12383886990501013,0.5650132125330314,-0.10876897722482681,4
15,0.5,50,2500,0.06955087505919202,0.25434503586258966,-0.10536544770002365,2
15,0.5,100,2500,0.09038738405869085,0.6419479048697622,0.08837851136922836,4
15,0.5,250,2500,0.0949011697029467,0.6170630426576067,0.029520448297262192,4
15,0.5,500,2500,0.07705515109780266,0.6571385428463571,-0.1583295464515686,3
15,0.5,1000,2500,0.040541423467989,0.7759607399018498,0.3765539824962616,4
15,0.5,10,5000,0.0,1.0,,0
15,0.5,25,5000,0.0,1.0,,0
15,0.5,50,5000,0.0,1.0,,0
15,0.5,100,5000,0.039252633663349044,0.7389656474141185,0.6402440071105957,2
15,0.5,250,5000,0.0,1.0,,0
15,0.5,500,5000,0.0,1.0,,0
15,0.5,1000,5000,0.0,1.0,,0
15,0.5,10,10000,0.0,1.0,,0
15,0.5,25,10000,0.0,1.0,,0
15,0.5,50,10000,0.0,1.0,,0
15,0.5,100,10000,0.0,1.0,,0
15,0.5,250,10000,0.0,1.0,,0
15,0.5,500,10000,0.0,1.0,,0
15,0.5,1000,10000,0.0,1.0,,0
15,0.5,10,15000,0.0,1.0,,0
15,0.5,25,15000,0.0,1.0,,0
15,0.5,50,15000,0.0,1.0,,0
15,0.5,100,15000,0.0,1.0,,0
15,0.5,250,15000,0.0,1.0,,0
15,0.5,500,15000,0.0,1.0,,0
15,0.5,1000,15000,0.0,1.0,,0
15,0.5,10,20000,0.0,1.0,,0
15,0.5,25,20000,0.0,1.0,,0
15,0.5,50,20000,0.0,1.0,,0
15,0.5,100,20000,0.0,1.0,,0
15,0.5,250,20000,0.0,1.0,,0
15,0.5,500,20000,0.0,1.0,,0
15,0.5,1000,20000,0.0,1.0,,0
15,0.5,10,22000,0.0,1.0,,0
15,0.5,25,22000,0.0,1.0,,0
15,0.5,50,22000,0.0,1.0,,0
15,0.5,100,22000,0.0,1.0,,0
15,0.5,250,22000,0.0,1.0,,0
15,0.5,500,22000,0.0,1.0,,0
15,0.5,1000,22000,0.0,1.0,,0
30,0.5,10,50,0.1348249841958772,0.43587768969422425,-0.16649965941905975,203
30,0.5,25,50,0.1703303847165766,0.5378331445828615,0.015035589225590229,152
30,0.5,50,50,0.15529333033606024,0.5808229520573801,0.09428374469280243,113
30,0.5,100,50,0.13483958904580784,0.5995620989052473,0.23657581210136414,64
30,0.5,250,50,0.11469992624254295,0.6224537561343904,0.3574374318122864,30
30,0.5,500,50,0.10291519585325046,0.6555832389580974,0.48153382539749146,18
30,0.5,1000,50,0.07519989422874926,0.7114382785956965,0.7481232285499573,12
30,0.5,10,100,0.13805643858120428,0.4434428086070215,-0.07246782630681992,106
30,0.5,25,100,0.15255837231090844,0.5258588146470367,0.042065344750881195,84
30,0.5,50,100,0.13842352852271347,0.5750698376745942,0.1358386129140854,65
30,0.5,100,100,0.14087879470024578,0.5969799924499811,0.24550670385360718,60
30,0.5,250,100,0.11776917220002474,0.6212457531143828,0.4574117064476013,28
30,0.5,500,100,0.10291519585325046,0.6555832389580974,0.4815337359905243,18
30,0.5,1000,100,0.07519989422874926,0.7114382785956965,0.7481232285499573,12
30,0.5,10,250,0.12668277813901074,0.5115590788976973,0.15456990897655487,45
30,0.5,25,250,0.16270249892082966,0.5371385428463571,0.10551975667476654,37
30,0.5,50,250,0.16587487494464764,0.5603624009060023,0.21124181151390076,33
30,0.5,100,250,0.13564747341329467,0.5833899584748962,0.30578699707984924,29
30,0.5,250,250,0.11812156005744737,0.6196149490373726,0.5003823041915894,25
30,0.5,500,250,0.10784477939333896,0.6551151377878445,0.5155925154685974,16
30,0.5,1000,250,0.0737267532329981,0.7151528878822198,0.7797544002532959,11
30,0.5,10,500,0.11058644733607731,0.46557946394865984,0.1095808818936348,24
30,0.5,25,500,0.1407636547837304,0.5842204605511514,0.2080799788236618,22
30,0.5,50,500,0.16240772876111428,0.6004379010947527,0.3794912099838257,16
30,0.5,100,500,0.17173918929235885,0.5723820309550773,0.21384695172309875,17
30,0.5,250,500,0.11945112744507186,0.6349112872782182,0.460014671087265,18
30,0.5,500,500,0.10909142103495906,0.6504794261985655,0.494224488735199,14
30,0.5,1000,500,0.07519340333666329,0.7201963004907512,0.802285373210907,10
30,0.5,10,1000,0.07875944168080912,0.5340430351075878,0.2409444898366928,11
30,0.5,25,1000,0.08995257624151604,0.6415553038882598,0.5034074187278748,8
30,0.5,50,1000,0.12246277237971326,0.6463873159682899,0.545601487159729,10
30,0.5,100,1000,0.1361748200137268,0.6304567761419404,0.3783758878707886,11
30,0.5,250,1000,0.11030488060977742,0.688320120800302,0.5547589063644409,10
30,0.5,500,1000,0.10950315691597824,0.6479879199697999,0.49430006742477417,12
30,0.5,1000,1000,0.06519689917172561,0.7329860324650812,0.8716658353805542,9
30,0.5,10,2500,0.018740965197140406,0.17801434503586258,0.024867994710803032,2
30,0.5,25,2500,0.012257043063775409,0.2236617591543979,0.021763304248452187,2
30,0.5,50,2500,0.021088468767056497,0.4198867497168743,0.03156737610697746,2
30,0.5,100,2500,0.03639178207071553,0.47981879954699885,-0.000649764493573457,2
30,0.5,250,2500,0.078059812708708,0.630079275198188,-0.09174644201993942,2
30,0.5,500,2500,0.11634815855992389,0.6556134390335976,0.2963181138038635,4
30,0.5,1000,2500,0.057234627417878964,0.7514231785579464,0.8170343041419983,5
30,0.5,10,5000,0.0,1.0,,0
30,0.5,25,5000,0.04181699684026233,0.6896942242355606,0.4250112771987915,2
30,0.5,50,5000,0.0,1.0,,0
30,0.5,100,5000,0.029457369707210294,0.7388146470366176,0.6062847971916199,2
30,0.5,250,5000,0.0,1.0,,0
30,0.5,500,5000,0.0972848950437057,0.5403246508116271,0.19775094091892242,2
30,0.5,1000,5000,0.0,1.0,,0
30,0.5,10,10000,0.0,1.0,,0
30,0.5,25,10000,0.0,1.0,,0
30,0.5,50,10000,0.0,1.0,,0
30,0.5,100,10000,0.0,1.0,,0
30,0.5,250,10000,0.0,1.0,,0
30,0.5,500,10000,0.0,1.0,,0
30,0.5,1000,10000,0.0,1.0,,0
30,0.5,10,15000,0.0,1.0,,0
30,0.5,25,15000,0.0,1.0,,0
30,0.5,50,15000,0.0,1.0,,0
30,0.5,100,15000,0.0,1.0,,0
30,0.5,250,15000,0.0,1.0,,0
30,0.5,500,15000,0.0,1.0,,0
30,0.5,1000,15000,0.0,1.0,,0
30,0.5,10,20000,0.0,1.0,,0
30,0.5,25,20000,0.0,1.0,,0
30,0.5,50,20000,0.0,1.0,,0
30,0.5,100,20000,0.0,1.0,,0
30,0.5,250,20000,0.0,1.0,,0
30,0.5,500,20000,0.0,1.0,,0
30,0.5,1000,20000,0.0,1.0,,0
30,0.5,10,22000,0.0,1.0,,0
30,0.5,25,22000,0.0,1.0,,0
30,0.5,50,22000,0.0,1.0,,0
30,0.5,100,22000,0.0,1.0,,0
30,0.5,250,22000,0.0,1.0,,0
30,0.5,500,22000,0.0,1.0,,0
30,0.5,1000,22000,0.0,1.0,,0
50,0.5,10,50,0.38419466928703144,0.14485466213665535,0.14817577600479126,157
50,0.5,25,50,0.36103349711080757,0.17303133257833145,0.2609354257583618,133
50,0.5,50,50,0.3659648510925653,0.190879577198943,0.355843186378479,111
50,0.5,100,50,0.35309227184313235,0.23888259720649302,0.5531191229820251,61
50,0.5,250,50,0.3524263488724796,0.2736126840317101,0.5894442200660706,33
50,0.5,500,50,0.36249910103090016,0.27175537938844846,0.6584516167640686,18
50,0.5,1000,50,0.3499036616429787,0.3374103435258588,0.8149024844169617,13
50,0.5,10,100,0.369026698359295,0.150879577198943,0.268252968788147,80
50,0.5,25,100,0.366418067950782,0.17013212533031333,0.41653570532798767,71
50,0.5,50,100,0.36290742772424284,0.18973197432993583,0.4822118580341339,65
50,0.5,100,100,0.3558576793346734,0.23506228765571913,0.5464320778846741,54
50,0.5,250,100,0.35393915579725205,0.27149867874669686,0.5989808440208435,32
50,0.5,500,100,0.3620677821647799,0.27397508493771233,0.673269510269165,16
50,0.5,1000,100,0.3499036616429787,0.3374103435258588,0.8149026036262512,13
50,0.5,10,250,0.4063671749341799,0.12388070970177426,0.48484134674072266,38
50,0.5,25,250,0.39611115868798236,0.15080407701019252,0.5785877704620361,37
50,0.5,50,250,0.39069933011264407,0.16341260853152134,0.5923992991447449,37
50,0.5,100,250,0.37337776805791745,0.21916194790486976,0.5264174938201904,32
50,0.5,250,250,0.3599871072060101,0.2625443563608909,0.5857192873954773,27
50,0.5,500,250,0.3623618297632279,0.273914684786712,0.6733354926109314,15
50,0.5,1000,250,0.3499036616429787,0.3374103435258588,0.8149026036262512,13
50,0.5,10,500,0.4044312413774623,0.16234050585126464,0.5117403268814087,19
50,0.5,25,500,0.39403316187043774,0.1919667799169498,0.6068990230560303,20
50,0.5,50,500,0.3845690434959149,0.20522461306153264,0.6464517116546631,20
50,0.5,100,500,0.37661287094865564,0.22209135522838808,0.6553059220314026,20
50,0.5,250,500,0.3710504012496369,0.2338693846734617,0.7000923752784729,17
50,0.5,500,500,0.3623618297632279,0.273914684786712,0.673335611820221,15
50,0.5,1000,500,0.3504350221256418,0.3415024537561344,0.8248041868209839,12
50,0.5,10,1000,0.40024615400992347,0.21452623631559078,0.559105396270752,13
50,0.5,25,1000,0.39785700778942457,0.2246734616836542,0.6548959016799927,12
50,0.5,50,1000,0.389460408731675,0.2212306530766327,0.6775584816932678,13
50,0.5,100,1000,0.37799562434857337,0.24449981124952813,0.6764968633651733,13
50,0.5,250,1000,0.37595707367472464,0.2477916194790487,0.7168484330177307,13
50,0.5,500,1000,0.3605227141270069,0.2944507361268403,0.7215249538421631,13
50,0.5,1000,1000,0.35234505724610765,0.35562098905247264,0.8485139608383179,11
50,0.5,10,2500,0.5281227459565941,0.17801434503586258,0.5542213916778564,5
50,0.5,25,2500,0.4283669990694382,0.3412306530766327,0.6385785937309265,6
50,0.5,50,2500,0.5214454366309353,0.3022272555681389,0.5794657468795776,4
50,0.5,100,2500,0.5247261117213742,0.3100188750471876,0.7274702787399292,5
50,0.5,250,2500,0.4687905296025778,0.17815024537561344,0.6644129753112793,4
50,0.5,500,2500,0.4398659033407421,0.26293695734239336,0.7189373970031738,4
50,0.5,1000,2500,0.5104062968162891,0.28676481691204225,0.9034112691879272,4
50,0.5,10,5000,0.5350046061680617,0.17179312948282371,0.7189187407493591,3
50,0.5,25,5000,0.33949275384406985,0.15697999244998112,0.5508431792259216,2
50,0.5,50,5000,0.5457789571713534,0.34373725934314836,0.791308581829071,3
50,0.5,100,5000,0.539578274037433,0.3128274820687052,0.7682628631591797,3
50,0.5,250,5000,0.478574793115124,0.24825972064930163,0.7294785976409912,3
50,0.5,500,5000,0.4398659033407421,0.26293695734239336,0.7189375758171082,4
50,0.5,1000,5000,0.5104062968162891,0.28676481691204225,0.9034111499786377,4
50,0.5,10,10000,0.5987307046585912,0.28122310305775766,0.8119927048683167,2
50,0.5,25,10000,0.33949275384406985,0.15697999244998112,0.5508431792259216,2
50,0.5,50,10000,0.3097432486907417,0.08459041147602869,0.48285287618637085,2
50,0.5,100,10000,0.310686434781823,0.07041147602869006,0.48640304803848267,2
50,0.5,250,10000,0.478574793115124,0.24825972064930163,0.7294785976409912,3
50,0.5,500,10000,0.3734764302284021,0.34234805587013967,0.7287498712539673,2
50,0.5,1000,10000,0.5867853481278044,0.48762551906379764,0.948163628578186,2
50,0.5,10,15000,0.5987307046585912,0.28122310305775766,0.811992883682251,2
50,0.5,25,15000,0.33949275384406985,0.15697999244998112,0.5508431792259216,2
50,0.5,50,15000,0.3097432486907417,0.08459041147602869,0.4828526973724365,2
50,0.5,100,15000,0.310686434781823,0.07041147602869006,0.48640310764312744,2
50,0.5,250,15000,0.3104003380743702,0.12665911664779161,0.5077982544898987,2
50,0.5,500,15000,0.3734764302284021,0.34234805587013967,0.7287498712539673,2
50,0.5,1000,15000,0.0,1.0,,0
50,0.5,10,20000,0.5987307046585912,0.28122310305775766,0.8119927048683167,2
50,0.5,25,20000,0.0,1.0,,0
50,0.5,50,20000,0.0,1.0,,0
50,0.5,100,20000,0.0,1.0,,0
50,0.5,250,20000,0.0,1.0,,0
50,0.5,500,20000,0.0,1.0,,0
50,0.5,1000,20000,0.0,1.0,,0
50,0.5,10,22000,0.5987307046585912,0.28122310305775766,0.811992883682251,2
50,0.5,25,22000,0.0,1.0,,0
50,0.5,50,22000,0.0,1.0,,0
50,0.5,100,22000,0.0,1.0,,0
50,0.5,250,22000,0.0,1.0,,0
50,0.5,500,22000,0.0,1.0,,0
50,0.5,1000,22000,0.0,1.0,,0
75,0.5,10,50,0.4829024368786837,0.1020007550018875,0.4992356598377228,164
75,0.5,25,50,0.48396822088701447,0.07847489618724046,0.5410116910934448,144
75,0.5,50,50,0.4829237187889063,0.09384673461683654,0.5358893275260925,126
75,0.5,100,50,0.48872982607324494,0.08229520573801434,0.6006921529769897,59
75,0.5,250,50,0.5004054551746451,0.12226500566251415,0.6979922652244568,30
75,0.5,500,50,0.4990939073576704,0.1490222725556814,0.6886745691299438,21
75,0.5,1000,50,0.5074953985016474,0.19483578708946772,0.7760537266731262,12
75,0.5,10,100,0.48708099207442224,0.09203473008682522,0.5290470719337463,76
75,0.5,25,100,0.49524033602157763,0.08665911664779162,0.5509132742881775,71
75,0.5,50,100,0.4924403331917978,0.06699886749716874,0.5504687428474426,65
75,0.5,100,100,0.49117226959148247,0.07504718761796904,0.5893121361732483,55
75,0.5,250,100,0.4989622608117678,0.10847867119667799,0.6842769384384155,28
75,0.5,500,100,0.4988918402323488,0.15109097772744431,0.7222987413406372,19
75,0.5,1000,100,0.5074953985016474,0.19483578708946772,0.7760539054870605,12
75,0.5,10,250,0.502171567049115,0.053937334843337105,0.6158149838447571,33
75,0.5,25,250,0.5025032451337837,0.059992449981124955,0.6293065547943115,32
75,0.5,50,250,0.5028632767804151,0.06212155530388826,0.6195758581161499,30
75,0.5,100,250,0.5004371110457123,0.07634579086447717,0.6366830468177795,30
75,0.5,250,250,0.5012396248202013,0.10748206870517177,0.6831406354904175,24
75,0.5,500,250,0.49926872198280703,0.13366553416383542,0.7037349939346313,16
75,0.5,1000,250,0.5074953985016474,0.19483578708946772,0.7760536670684814,12
75,0.5,10,500,0.5029563352501123,0.07995469988674972,0.6570138931274414,23
75,0.5,25,500,0.5034102476604917,0.09298603246508116,0.6762405037879944,21
75,0.5,50,500,0.5064159776169854,0.08770101925254813,0.652023196220398,20
75,0.5,100,500,0.5050488771221,0.0845602114005285,0.6566803455352783,20
75,0.5,250,500,0.5030492227633753,0.10171385428463571,0.6644493937492371,18
75,0.5,500,500,0.49926872198280703,0.13366553416383542,0.7037349939346313,16
75,0.5,1000,500,0.5074953985016474,0.19483578708946772,0.7760537266731262,12
75,0.5,10,1000,0.511193612199362,0.104160060400151,0.6335915923118591,14
75,0.5,25,1000,0.5172224902173027,0.08131370328425822,0.5795864462852478,13
75,0.5,50,1000,0.5148341106823617,0.0990864477161193,0.6237118244171143,12
75,0.5,100,1000,0.5141394512729158,0.09940354850887127,0.6286260485649109,12
75,0.5,250,1000,0.5098114720045458,0.12946772366930917,0.6466767191886902,12
75,0.5,500,1000,0.5052127478353443,0.14261985654964138,0.6721782088279724,12
75,0.5,1000,1000,0.5074953985016474,0.19483578708946772,0.7760539054870605,12
75,0.5,10,2500,0.6091337726997356,0.1653605134012835,0.5643745064735413,6
75,0.5,25,2500,0.5507235127732165,0.18277085692714232,0.8524073362350464,7
75,0.5,50,2500,0.5457646989221862,0.15095507738769348,0.7938151359558105,7
75,0.5,100,2500,0.5442929121144756,0.16999622499056247,0.8011074662208557,7
75,0.5,250,2500,0.5587919789706404,0.23238958097395243,0.8557847142219543,6
75,0.5,500,2500,0.540610480648801,0.23320498301245754,0.8312156200408936,7
75,0.5,1000,2500,0.6567277986459662,0.3388599471498679,0.6735045909881592,4
75,0.5,10,5000,0.7459892772987569,0.2719063797659494,0.8593562841415405,3
75,0.5,25,5000,0.7401904933398951,0.2663344658361646,0.837713897228241,3
75,0.5,50,5000,0.5995519349011157,0.2333106832767082,0.6629218459129333,3
75,0.5,100,5000,0.6048160730378775,0.25801434503586257,0.6520037651062012,3
75,0.5,250,5000,0.598791003295011,0.29434503586258964,0.7812796831130981,4
75,0.5,500,5000,0.6679629566328416,0.3892940732351831,0.787236213684082,3
75,0.5,1000,5000,0.6740604663917835,0.38535296338240843,0.8204912543296814,2
75,0.5,10,10000,0.8227934086658119,0.35312948282370704,0.9170937538146973,2
75,0.5,25,10000,0.6053152079756563,0.22675726689316722,0.8067962527275085,2
75,0.5,50,10000,0.6984605007095258,0.3486900717251793,0.7792482972145081,2
75,0.5,100,10000,0.4636072799911567,0.222876557191393,0.6880404949188232,2
75,0.5,250,10000,0.5124360785600414,0.25830124575311436,0.7067423462867737,2
75,0.5,500,10000,0.7010810251620302,0.35880709701774255,0.7925813794136047,2
75,0.5,1000,10000,0.6740604663917835,0.38535296338240843,0.8204914927482605,2
75,0.5,10,15000,0.8227934086658119,0.35312948282370704,0.9170937538146973,2
75,0.5,25,15000,0.6053152079756563,0.22675726689316722,0.8067960739135742,2
75,0.5,50,15000,0.6984605007095258,0.3486900717251793,0.7792483568191528,2
75,0.5,100,15000,0.4636072799911567,0.222876557191393,0.6880404949188232,2
75,0.5,250,15000,0.5124360785600414,0.25830124575311436,0.7067421674728394,2
75,0.5,500,15000,0.7010810251620302,0.35880709701774255,0.7925813794136047,2
75,0.5,1000,15000,0.6740604663917835,0.38535296338240843,0.8204914927482605,2
75,0.5,10,20000,0.8227934086658119,0.35312948282370704,0.9170936346054077,2
75,0.5,25,20000,0.6053152079756563,0.22675726689316722,0.8067960739135742,2
75,0.5,50,20000,0.0,1.0,,0
75,0.5,100,20000,0.0,1.0,,0
75,0.5,250,20000,0.0,1.0,,0
75,0.5,500,20000,0.0,1.0,,0
75,0.5,1000,20000,0.0,1.0,,0
75,0.5,10,22000,0.0,1.0,,0
75,0.5,25,22000,0.0,1.0,,0
75,0.5,50,22000,0.0,1.0,,0
75,0.5,100,22000,0.0,1.0,,0
75,0.5,250,22000,0.0,1.0,,0
75,0.5,500,22000,0.0,1.0,,0
75,0.5,1000,22000,0.0,1.0,,0
100,0.5,10,50,0.4784165817250503,0.08600981502453756,0.036787960678339005,178
100,0.5,25,50,0.48607485970851266,0.09294073235183088,0.2672092318534851,149
100,0.5,50,50,0.487166102185417,0.06678746696866743,0.31731849908828735,118
100,0.5,100,50,0.48670307175206956,0.10397885994714987,0.4212055206298828,65
100,0.5,250,50,0.49654330427214677,0.12073990184975462,0.734830915927887,30
100,0.5,500,50,0.49270907894336413,0.18379765949414872,0.8026913404464722,21
100,0.5,1000,50,0.5066116782944956,0.26480936202340505,0.8718329071998596,13
100,0.5,10,100,0.482984101398184,0.07121177802944507,0.3426038324832916,91
100,0.5,25,100,0.4883957025004711,0.0657757644394111,0.33721062541007996,82
100,0.5,50,100,0.49096520112499803,0.057334843337108345,0.3691266179084778,71
100,0.5,100,100,0.48647528962192094,0.10023405058512647,0.5028913021087646,60
100,0.5,250,100,0.49694520802923664,0.11998489996224991,0.7418681383132935,29
100,0.5,500,100,0.492955181858629,0.18485466213665533,0.8029292225837708,20
100,0.5,1000,100,0.5066116782944956,0.26480936202340505,0.8718331456184387,13
100,0.5,10,250,0.49665600406553545,0.07303888259720649,0.6470948457717896,37
100,0.5,25,250,0.494675277178545,0.07784069460173651,0.6651411652565002,36
100,0.5,50,250,0.4968654968478989,0.07625519063797659,0.6750123500823975,33
100,0.5,100,250,0.4998510225601407,0.07590788976972443,0.6633870005607605,29
100,0.5,250,250,0.4971112174436695,0.11791619479048697,0.7434637546539307,27
100,0.5,500,250,0.49428813897853935,0.17194412986032465,0.8059101104736328,18
100,0.5,1000,250,0.5076307332918761,0.2667723669309173,0.8765283226966858,12
100,0.5,10,500,0.4954093944632536,0.10634956587391468,0.7199968099594116,22
100,0.5,25,500,0.49626807818343044,0.10154775386938468,0.7141081690788269,22
100,0.5,50,500,0.4977043563528058,0.09405813514533787,0.6895328760147095,21
100,0.5,100,500,0.49995605335253773,0.09165722914307285,0.6670823097229004,19
100,0.5,250,500,0.4976190132140839,0.13541713854284634,0.7442775964736938,18
100,0.5,500,500,0.49616876807331883,0.16676481691204229,0.8004071116447449,16
100,0.5,1000,500,0.5073853756410837,0.26432616081540206,0.8624051213264465,11
100,0.5,10,1000,0.5024269452802392,0.16958852397130994,0.7606467008590698,14
100,0.5,25,1000,0.5051721664713743,0.14251415628539071,0.6787751913070679,13
100,0.5,50,1000,0.5041325690109066,0.1434050585126463,0.7147839069366455,14
100,0.5,100,1000,0.5061938559401866,0.12312570781426954,0.6825445294380188,14
100,0.5,250,1000,0.5036400574125328,0.1685617214043035,0.7546195983886719,13
100,0.5,500,1000,0.5055267115226327,0.193280483201208,0.8077177405357361,11
100,0.5,1000,1000,0.5073853756410837,0.26432616081540206,0.8624051213264465,11
100,0.5,10,2500,0.6635823550802428,0.2161268403171008,0.6347806453704834,4
100,0.5,25,2500,0.6683049041432113,0.25787844469611176,0.8146558403968811,5
100,0.5,50,2500,0.6499896102094979,0.235681389203473,0.7582238912582397,5
100,0.5,100,2500,0.6366893119024366,0.28789731974329935,0.7712397575378418,4
100,0.5,250,2500,0.6500515834724142,0.31430728576821443,0.8367781639099121,4
100,0.5,500,2500,0.6469842446283548,0.22050585126462816,0.7638677358627319,5
100,0.5,1000,2500,0.6671508188375477,0.2835485088712722,0.804366409778595,3
100,0.5,10,5000,0.5454028249148504,0.17994714986787466,0.6524373888969421,2
100,0.5,25,5000,0.5990610900980046,0.22409966024915062,0.7545726299285889,2
100,0.5,50,5000,0.7446767301714702,0.34474896187240467,0.8453019857406616,3
100,0.5,100,5000,0.7225197682252543,0.3222197055492639,0.9065591096878052,2
100,0.5,250,5000,0.7343634195313524,0.3394337485843715,0.9182875156402588,2
100,0.5,500,5000,0.6690444276850354,0.3108040770101925,0.8909286260604858,2
100,0.5,1000,5000,0.7143606607207753,0.3330766326915817,0.910865306854248,2
100,0.5,10,10000,0.5454028249148504,0.17994714986787466,0.6524372696876526,2
100,0.5,25,10000,0.5990610900980046,0.22409966024915062,0.7545726299285889,2
100,0.5,50,10000,0.7377542176963121,0.32238580596451494,0.815129280090332,2
100,0.5,100,10000,0.7225197682252543,0.3222197055492639,0.9065591096878052,2
100,0.5,250,10000,0.7343634195313524,0.3394337485843715,0.9182876348495483,2
100,0.5,500,10000,0.6690444276850354,0.3108040770101925,0.8909287452697754,2
100,0.5,1000,10000,0.7143606607207753,0.3330766326915817,0.9108653664588928,2
100,0.5,10,15000,0.5454028249148504,0.17994714986787466,0.6524373888969421,2
100,0.5,25,15000,0.5990610900980046,0.22409966024915062,0.7545727491378784,2
100,0.5,50,15000,0.7377542176963121,0.32238580596451494,0.8151291608810425,2
100,0.5,100,15000,0.7225197682252543,0.3222197055492639,0.9065592288970947,2
100,0.5,250,15000,0.7343634195313524,0.3394337485843715,0.9182875156402588,2
100,0.5,500,15000,0.6690444276850354,0.3108040770101925,0.8909286260604858,2
100,0.5,1000,15000,0.7143606607207753,0.3330766326915817,0.9108651876449585,2
100,0.5,10,20000,0.5454028249148504,0.17994714986787466,0.6524374485015869,2
100,0.5,25,20000,0.5990610900980046,0.22409966024915062,0.7545725703239441,2
100,0.5,50,20000,0.7377542176963121,0.32238580596451494,0.8151291608810425,2
100,0.5,100,20000,0.7225197682252543,0.3222197055492639,0.9065592885017395,2
100,0.5,250,20000,0.7343634195313524,0.3394337485843715,0.9182876348495483,2
100,0.5,500,20000,0.6690444276850354,0.3108040770101925,0.8909286260604858,2
100,0.5,1000,20000,0.7143606607207753,0.3330766326915817,0.9108651876449585,2
100,0.5,10,22000,0.0,1.0,,0
100,0.5,25,22000,0.0,1.0,,0
100,0.5,50,22000,0.0,1.0,,0
100,0.5,100,22000,0.0,1.0,,0
100,0.5,250,22000,0.0,1.0,,0
100,0.5,500,22000,0.0,1.0,,0
100,0.5,1000,22000,0.0,1.0,,0
10,0.75,10,50,0.06802593256829192,0.4679350698376746,-0.3221670985221863,239
10,0.75,25,50,0.0885014237613184,0.5380294450736127,-0.22645260393619537,169
10,0.75,50,50,0.09508443957631106,0.6210645526613816,-0.06053927168250084,129
10,0.75,100,50,0.08714301292720783,0.6997206493016233,0.08009859919548035,67
10,0.75,250,50,0.061416269348929235,0.7631559078897697,0.3655897378921509,24
10,0.75,500,50,0.042876098054668146,0.8062212155530388,0.580204963684082,16
10,0.75,1000,50,0.03132210836598483,0.8321328803322008,0.6602364182472229,9
10,0.75,10,100,0.07426381430441813,0.5280483201208003,-0.22315724194049835,103
10,0.75,25,100,0.09041499882885616,0.5815326538316345,-0.16870296001434326,88
10,0.75,50,100,0.09974879784218194,0.637432993582484,-0.06215396896004677,73
10,0.75,100,100,0.08828030498678743,0.7058814647036618,0.09003850072622299,56
10,0.75,250,100,0.061416269348929235,0.7631559078897697,0.3655897378921509,24
10,0.75,500,100,0.042379878989239235,0.8073537183842959,0.5808802247047424,15
10,0.75,1000,100,0.03132210836598483,0.8321328803322008,0.6602364182472229,9
10,0.75,10,250,0.09331496153538812,0.5827859569648924,-0.15731649100780487,41
10,0.75,25,250,0.10750200710822365,0.6554020385050963,-0.07335508614778519,27
10,0.75,50,250,0.10811123982904558,0.6773121932804832,-0.10823754966259003,28
10,0.75,100,250,0.10058256348730041,0.7156511891279729,0.135940283536911,23
10,0.75,250,250,0.0608473242605487,0.7645149112872782,0.39539089798927307,22
10,0.75,500,250,0.045850517807324936,0.8039109097772744,0.7796212434768677,12
10,0.75,1000,250,0.03092934935765623,0.8345488863722159,0.6749127507209778,8
10,0.75,10,500,0.08214814132760555,0.6773272933182333,0.10511229187250137,16
10,0.75,25,500,0.10458793600562959,0.6913401283503209,0.2458583414554596,17
10,0.75,50,500,0.08593057388443073,0.7278218195545488,0.3205714523792267,12
10,0.75,100,500,0.08617011562058785,0.744643261608154,0.3789936900138855,15
10,0.75,250,500,0.06663268278872231,0.7611929029822575,0.41165173053741455,13
10,0.75,500,500,0.045850517807324936,0.8039109097772744,0.7796211242675781,12
10,0.75,1000,500,0.03092934935765623,0.8345488863722159,0.6749128103256226,8
10,0.75,10,1000,0.08302870840790755,0.7056398640996603,0.24782119691371918,9
10,0.75,25,1000,0.07462938313716155,0.7450207625519064,0.27156662940979004,10
10,0.75,50,1000,0.06750858871129989,0.7486296715741789,0.284641295671463,10
10,0.75,100,1000,0.05058242821710388,0.8004379010947528,0.5216915607452393,8
10,0.75,250,1000,0.04952855488755186,0.8109173272933182,0.5272018313407898,8
10,0.75,500,1000,0.04936668654691122,0.8123367308418271,0.7013804912567139,9
10,0.75,1000,1000,0.03092934935765623,0.8345488863722159,0.6749128103256226,8
10,0.75,10,2500,0.018202978746989507,0.6236466591166477,0.060806937515735626,2
10,0.75,25,2500,0.0,1.0,,0
10,0.75,50,2500,0.01144205519076292,0.8320120800302001,0.42669782042503357,2
10,0.75,100,2500,0.010562209533063813,0.8644167610419026,0.44980064034461975,2
10,0.75,250,2500,0.0,1.0,,0
10,0.75,500,2500,0.0,1.0,,0
10,0.75,1000,2500,0.0,1.0,,0
10,0.75,10,5000,0.0,1.0,,0
10,0.75,25,5000,0.0,1.0,,0
10,0.75,50,5000,0.0,1.0,,0
10,0.75,100,5000,0.0,1.0,,0
10,0.75,250,5000,0.0,1.0,,0
10,0.75,500,5000,0.0,1.0,,0
10,0.75,1000,5000,0.0,1.0,,0
10,0.75,10,10000,0.0,1.0,,0
10,0.75,25,10000,0.0,1.0,,0
10,0.75,50,10000,0.0,1.0,,0
10,0.75,100,10000,0.0,1.0,,0
10,0.75,250,10000,0.0,1.0,,0
10,0.75,500,10000,0.0,1.0,,0
10,0.75,1000,10000,0.0,1.0,,0
10,0.75,10,15000,0.0,1.0,,0
10,0.75,25,15000,0.0,1.0,,0
10,0.75,50,15000,0.0,1.0,,0
10,0.75,100,15000,0.0,1.0,,0
10,0.75,250,15000,0.0,1.0,,0
10,0.75,500,15000,0.0,1.0,,0
10,0.75,1000,15000,0.0,1.0,,0
10,0.75,10,20000,0.0,1.0,,0
10,0.75,25,20000,0.0,1.0,,0
10,0.75,50,20000,0.0,1.0,,0
10,0.75,100,20000,0.0,1.0,,0
10,0.75,250,20000,0.0,1.0,,0
10,0.75,500,20000,0.0,1.0,,0
10,0.75,1000,20000,0.0,1.0,,0
10,0.75,10,22000,0.0,1.0,,0
10,0.75,25,22000,0.0,1.0,,0
10,0.75,50,22000,0.0,1.0,,0
10,0.75,100,22000,0.0,1.0,,0
10,0.75,250,22000,0.0,1.0,,0
10,0.75,500,22000,0.0,1.0,,0
10,0.75,1000,22000,0.0,1.0,,0
15,0.75,10,50,0.11426537216140527,0.440800302000755,-0.29098618030548096,217
15,0.75,25,50,0.1394421012429347,0.5158172895432238,-0.25953853130340576,174
15,0.75,50,50,0.1425779753131523,0.5604530011325028,-0.1923501044511795,140
15,0.75,100,50,0.13243042929936844,0.6207172517931295,-0.07360219210386276,71
15,0.75,250,50,0.09772256544387704,0.6779010947527369,0.2450074702501297,29
15,0.75,500,50,0.07917062957421239,0.7502453756134391,0.6003538370132446,18
15,0.75,1000,50,0.09287686042654225,0.7180369950924878,0.2900453805923462,10
15,0.75,10,100,0.1311468761102299,0.49115892789731974,-0.3112117648124695,101
15,0.75,25,100,0.1427523741226121,0.52960362400906,-0.32674306631088257,80
15,0.75,50,100,0.14404361279150615,0.5452019630049075,-0.2659219205379486,72
15,0.75,100,100,0.14322533800721454,0.6125934314835787,-0.1889277547597885,61
15,0.75,250,100,0.09783493994897277,0.6795771989429974,0.25802719593048096,25
15,0.75,500,100,0.08929905987879236,0.738890147225368,0.4981904923915863,15
15,0.75,1000,100,0.09287686042654225,0.7180369950924878,0.2900453805923462,10
15,0.75,10,250,0.13089745902740962,0.5657229143072857,0.09495759755373001,32
15,0.75,25,250,0.14768446941207428,0.6094224235560589,0.1424255222082138,27
15,0.75,50,250,0.14007203863886145,0.5937334843337109,0.13083291053771973,32
15,0.75,100,250,0.1257490914266026,0.6452095130237826,0.3330363631248474,25
15,0.75,250,250,0.09660868759538539,0.6848773121932805,0.4555361568927765,21
15,0.75,500,250,0.09010159594590782,0.7122989807474519,0.35148054361343384,13
15,0.75,1000,250,0.09287686042654225,0.7180369950924878,0.2900453805923462,10
15,0.75,10,500,0.12227952777830686,0.6266062665156663,0.14757250249385834,16
15,0.75,25,500,0.12879564382419917,0.6600528501321253,0.2826114892959595,14
15,0.75,50,500,0.1068498975326779,0.6852699131747829,0.3381653130054474,12
15,0.75,100,500,0.12767577686652726,0.613439033597584,0.10632916539907455,13
15,0.75,250,500,0.08296867645733769,0.7229596073990185,0.5481675267219543,14
15,0.75,500,500,0.08532116722327623,0.7181124952812382,0.33950746059417725,12
15,0.75,1000,500,0.08894327702431795,0.7085541713854284,0.3945302665233612,9
15,0.75,10,1000,0.08993227583526371,0.6900264250660627,0.30294546484947205,10
15,0.75,25,1000,0.09381722330246807,0.6986032465081162,0.3512706756591797,10
15,0.75,50,1000,0.11041342150146322,0.6751528878822197,0.2766319811344147,11
15,0.75,100,1000,0.10456454489404919,0.6506304265760664,0.21620933711528778,9
15,0.75,250,1000,0.08285361664767892,0.7130539826349566,0.3330948054790497,10
15,0.75,500,1000,0.07737186059782074,0.7391770479426198,0.4357706606388092,10
15,0.75,1000,1000,0.08894664415704301,0.707844469611174,0.4994427263736725,8
15,0.75,10,2500,0.07151025554234719,0.7242733106832767,0.08436260372400284,3
15,0.75,25,2500,0.0922506364608746,0.6204152510381276,-0.012438041158020496,3
15,0.75,50,2500,0.07644150769660216,0.7184748961872405,0.0904310792684555,3
15,0.75,100,2500,0.08430195719617606,0.63199697999245,-0.0011298545869067311,3
15,0.75,250,2500,0.06429084120838345,0.6804379010947528,0.07935748994350433,3
15,0.75,500,2500,0.07947302658170947,0.63519818799547,-0.17920510470867157,2
15,0.75,1000,2500,0.062184580960628795,0.7271423178557946,0.020245296880602837,3
15,0.75,10,5000,0.0,1.0,,0
15,0.75,25,5000,0.05776539318603626,0.6751528878822197,0.5529899001121521,2
15,0.75,50,5000,0.0,1.0,,0
15,0.75,100,5000,0.05161111538584721,0.685118912797282,0.5675598978996277,2
15,0.75,250,5000,0.03911466929813065,0.7305096262740657,0.6985425353050232,2
15,0.75,500,5000,0.0,1.0,,0
15,0.75,1000,5000,0.0,1.0,,0
15,0.75,10,10000,0.0,1.0,,0
15,0.75,25,10000,0.0,1.0,,0
15,0.75,50,10000,0.0,1.0,,0
15,0.75,100,10000,0.0,1.0,,0
15,0.75,250,10000,0.0,1.0,,0
15,0.75,500,10000,0.0,1.0,,0
15,0.75,1000,10000,0.0,1.0,,0
15,0.75,10,15000,0.0,1.0,,0
15,0.75,25,15000,0.0,1.0,,0
15,0.75,50,15000,0.0,1.0,,0
15,0.75,100,15000,0.0,1.0,,0
15,0.75,250,15000,0.0,1.0,,0
15,0.75,500,15000,0.0,1.0,,0
15,0.75,1000,15000,0.0,1.0,,0
15,0.75,10,20000,0.0,1.0,,0
15,0.75,25,20000,0.0,1.0,,0
15,0.75,50,20000,0.0,1.0,,0
15,0.75,100,20000,0.0,1.0,,0
15,0.75,250,20000,0.0,1.0,,0
15,0.75,500,20000,0.0,1.0,,0
15,0.75,1000,20000,0.0,1.0,,0
15,0.75,10,22000,0.0,1.0,,0
15,0.75,25,22000,0.0,1.0,,0
15,0.75,50,22000,0.0,1.0,,0
15,0.75,100,22000,0.0,1.0,,0
15,0.75,250,22000,0.0,1.0,,0
15,0.75,500,22000,0.0,1.0,,0
15,0.75,1000,22000,0.0,1.0,,0
30,0.75,10,50,0.1220348325390046,0.4685239713099283,-0.17139936983585358,207
30,0.75,25,50,0.15335755783756055,0.5508342770856928,-0.015011060051620007,139
30,0.75,50,50,0.14841290038229238,0.5786485466213666,0.056259527802467346,99
30,0.75,100,50,0.12906579788926517,0.6292638731596829,0.2594873309135437,58
30,0.75,250,50,0.11143911593874263,0.6480181200453001,0.5202686190605164,27
30,0.75,500,50,0.08944346926002528,0.6672555681389204,0.6285550594329834,18
30,0.75,1000,50,0.058890599021361706,0.7199697999244998,0.8453122973442078,11
30,0.75,10,100,0.12592205778850685,0.49683654209135525,-0.10895971208810806,98
30,0.75,25,100,0.14631714789170835,0.5537938844847112,0.021826978772878647,65
30,0.75,50,100,0.1435119327854496,0.5919516798791997,0.17774485051631927,60
30,0.75,100,100,0.13675549104543935,0.6247187617969044,0.42391929030418396,51
30,0.75,250,100,0.1117841908547107,0.6488788221970555,0.5218328833580017,26
30,0.75,500,100,0.08927751425750377,0.6682219705549264,0.6286373734474182,17
30,0.75,1000,100,0.058890599021361706,0.7199697999244998,0.8453122973442078,11
30,0.75,10,250,0.14271749257569658,0.5105473763684409,0.1442582607269287,39
30,0.75,25,250,0.16345046819834855,0.5500490751226879,0.2603723108768463,32
30,0.75,50,250,0.16715011244132574,0.5713401283503209,0.2093060165643692,28
30,0.75,100,250,0.15038835332920536,0.6189505473763685,0.3862183094024658,27
30,0.75,250,250,0.10906202006612273,0.6451491128727822,0.5201083421707153,23
30,0.75,500,250,0.08822702444234572,0.6697319743299358,0.633805513381958,16
30,0.75,1000,250,0.058890599021361706,0.7199697999244998,0.8453123569488525,11
30,0.75,10,500,0.13915636660118533,0.5458210645526613,0.2807941734790802,22
30,0.75,25,500,0.16374341322395897,0.5693922234805587,0.2853885591030121,21
30,0.75,50,500,0.1553033928374605,0.6090147225368063,0.3728145360946655,18
30,0.75,100,500,0.14758412545797137,0.637448093620234,0.4248366057872772,18
30,0.75,250,500,0.09714399640709101,0.6743525858814647,0.6209174394607544,15
30,0.75,500,500,0.09962859598383611,0.6592676481691204,0.5001359581947327,15
30,0.75,1000,500,0.05719837549193381,0.7249981124952812,0.8798692226409912,10
30,0.75,10,1000,0.10727691896592859,0.6049981124952812,0.45266157388687134,13
30,0.75,25,1000,0.12149355448589669,0.6392147980369951,0.4930179715156555,10
30,0.75,50,1000,0.1255038533726325,0.6690977727444318,0.515190839767456,9
30,0.75,100,1000,0.1293357082327477,0.6885768214420536,0.5098230242729187,10
30,0.75,250,1000,0.09905334413197284,0.714231785579464,0.6523267030715942,10
30,0.75,500,1000,0.07891527972316394,0.6974707436768592,0.7117801904678345,10
30,0.75,1000,1000,0.05719837549193381,0.7249981124952812,0.8798692226409912,10
30,0.75,10,2500,0.028183678685378168,0.17499433748584373,-0.009866696782410145,3
30,0.75,25,2500,0.028993749538916234,0.2708493771234428,0.03031185083091259,3
30,0.75,50,2500,0.050304127463462994,0.41484333710834276,0.0275229811668396,3
30,0.75,100,2500,0.14156146941699121,0.6409966024915063,0.1818876713514328,4
30,0.75,250,2500,0.07815168596920172,0.7014269535673839,0.3835996687412262,4
30,0.75,500,2500,0.10548988332757885,0.672797281993205,0.32427218556404114,4
30,0.75,1000,2500,0.08123947743544652,0.7290600226500566,0.8332103490829468,5
30,0.75,10,5000,0.0,1.0,,0
30,0.75,25,5000,0.02799745889269052,0.768169120422801,0.5601828694343567,2
30,0.75,50,5000,0.0,1.0,,0
30,0.75,100,5000,0.10499874129048567,0.6852095130237825,0.6599277257919312,2
30,0.75,250,5000,0.08935400696532825,0.6902680256700642,0.6550549268722534,2
30,0.75,500,5000,0.1011292781918678,0.6942846357115893,0.7015271782875061,2
30,0.75,1000,5000,0.0,1.0,,0
30,0.75,10,10000,0.0,1.0,,0
30,0.75,25,10000,0.0,1.0,,0
30,0.75,50,10000,0.0,1.0,,0
30,0.75,100,10000,0.0,1.0,,0
30,0.75,250,10000,0.0,1.0,,0
30,0.75,500,10000,0.0,1.0,,0
30,0.75,1000,10000,0.0,1.0,,0
30,0.75,10,15000,0.0,1.0,,0
30,0.75,25,15000,0.0,1.0,,0
30,0.75,50,15000,0.0,1.0,,0
30,0.75,100,15000,0.0,1.0,,0
30,0.75,250,15000,0.0,1.0,,0
30,0.75,500,15000,0.0,1.0,,0
30,0.75,1000,15000,0.0,1.0,,0
30,0.75,10,20000,0.0,1.0,,0
30,0.75,25,20000,0.0,1.0,,0
30,0.75,50,20000,0.0,1.0,,0
30,0.75,100,20000,0.0,1.0,,0
30,0.75,250,20000,0.0,1.0,,0
30,0.75,500,20000,0.0,1.0,,0
30,0.75,1000,20000,0.0,1.0,,0
30,0.75,10,22000,0.0,1.0,,0
30,0.75,25,22000,0.0,1.0,,0
30,0.75,50,22000,0.0,1.0,,0
30,0.75,100,22000,0.0,1.0,,0
30,0.75,250,22000,0.0,1.0,,0
30,0.75,500,22000,0.0,1.0,,0
30,0.75,1000,22000,0.0,1.0,,0
50,0.75,10,50,0.36669625564851077,0.16277840694601736,0.14250729978084564,154
50,0.75,25,50,0.37384420207211877,0.15841449603624008,0.12085449695587158,140
50,0.75,50,50,0.38007133369976986,0.15432238580596452,0.30928143858909607,111
50,0.75,100,50,0.3667656334456896,0.2054058135145338,0.44273874163627625,57
50,0.75,250,50,0.35981253752216436,0.2539373348433371,0.5017366409301758,31
50,0.75,500,50,0.36530804802046796,0.2747451868629672,0.672779381275177,18
50,0.75,1000,50,0.35385050942654,0.3289392223480559,0.7216050028800964,14
50,0.75,10,100,0.3783583572120677,0.14986787466968668,0.36806729435920715,74
50,0.75,25,100,0.3843186426182809,0.15220838052095131,0.36448934674263,73
50,0.75,50,100,0.3827732244433532,0.14988297470743678,0.3564301133155823,68
50,0.75,100,100,0.36604841285656603,0.20658361645904114,0.4534817337989807,53
50,0.75,250,100,0.36286150311435234,0.2480785201963005,0.5065222978591919,26
50,0.75,500,100,0.36789784340364184,0.26689316723291806,0.6738423705101013,15
50,0.75,1000,100,0.35385050942654,0.3289392223480559,0.7216051816940308,14
50,0.75,10,250,0.43444999155646885,0.10104945262363156,0.5335754752159119,34
50,0.75,25,250,0.4208825169955502,0.12896942242355605,0.5586385726928711,35
50,0.75,50,250,0.3879632188795396,0.1634428086070215,0.5754741430282593,35
50,0.75,100,250,0.38630708295265376,0.18047565118912798,0.5915501713752747,29
50,0.75,250,250,0.36286150311435234,0.2480785201963005,0.5065222978591919,26
50,0.75,500,250,0.36789784340364184,0.26689316723291806,0.6738422513008118,15
50,0.75,1000,250,0.35419185063395264,0.3317931294828237,0.7301241159439087,13
50,0.75,10,500,0.4343120080653868,0.1264477161192903,0.49431219696998596,21
50,0.75,25,500,0.42301418177638755,0.1713250283125708,0.5804795622825623,19
50,0.75,50,500,0.4190325320166132,0.1505926764816912,0.5706419944763184,20
50,0.75,100,500,0.408816856981406,0.1836466591166478,0.6042590141296387,18
50,0.75,250,500,0.37289725996470335,0.25439033597583993,0.6663182377815247,16
50,0.75,500,500,0.36789784340364184,0.26689316723291806,0.6738423705101013,15
50,0.75,1000,500,0.35481120346630945,0.3364590411476029,0.741244375705719,12
50,0.75,10,1000,0.4512637075025292,0.141442053605134,0.46655669808387756,14
50,0.75,25,1000,0.42428809734441836,0.2134088335220838,0.5819705724716187,12
50,0.75,50,1000,0.41679523335790103,0.1895658739146848,0.6254740357398987,14
50,0.75,100,1000,0.40649126026129057,0.204001510003775,0.6401967406272888,14
50,0.75,250,1000,0.37275852760266837,0.25167232918082294,0.6619988679885864,14
50,0.75,500,1000,0.3686942166707788,0.264960362400906,0.6764494776725769,14
50,0.75,1000,1000,0.35481120346630945,0.3364590411476029,0.7412443161010742,12
50,0.75,10,2500,0.4978456729305249,0.23377878444696112,0.4923940896987915,6
50,0.75,25,2500,0.49981641942123683,0.3488712721781804,0.5806583166122437,5
50,0.75,50,2500,0.49084980522813,0.3428463571158928,0.6105232834815979,4
50,0.75,100,2500,0.47483244201063984,0.3861079652699132,0.6323193311691284,5
50,0.75,250,2500,0.4840843674810886,0.3529180822952057,0.6674650311470032,4
50,0.75,500,2500,0.4291222430355759,0.2804530011325028,0.8496951460838318,5
50,0.75,1000,2500,0.46759061568762567,0.3406870517176293,0.8464413285255432,4
50,0.75,10,5000,0.5126876268042448,0.2711362778406946,0.6392920017242432,4
50,0.75,25,5000,0.5802984533574537,0.3154548886372216,0.7990500926971436,3
50,0.75,50,5000,0.4632935279470743,0.3427104567761419,0.6488243341445923,3
50,0.75,100,5000,0.44891275487044985,0.3677312193280483,0.6658810377120972,3
50,0.75,250,5000,0.49786787758036555,0.39907889769724425,0.8216010332107544,3
50,0.75,500,5000,0.3710842199217692,0.3211023027557569,0.7308074235916138,3
50,0.75,1000,5000,0.48247616794772485,0.4131672329180823,0.9003070592880249,3
50,0.75,10,10000,0.5285909233040256,0.33230653076632694,0.7940275073051453,2
50,0.75,25,10000,0.39620560453719,0.25165722914307287,0.6743729114532471,2
50,0.75,50,10000,0.3321245589451211,0.17799924499811248,0.6208550930023193,2
50,0.75,100,10000,0.3177344419111603,0.1044016610041525,0.5434206128120422,2
50,0.75,250,10000,0.3709745297386206,0.2953114382785957,0.6723831295967102,2
50,0.75,500,10000,0.40709986400990306,0.4080332200830502,0.7853745222091675,2
50,0.75,1000,10000,0.535873397068969,0.5138693846734617,0.9239840507507324,2
50,0.75,10,15000,0.5285909233040256,0.33230653076632694,0.7940275073051453,2
50,0.75,25,15000,0.39620560453719,0.25165722914307287,0.6743729114532471,2
50,0.75,50,15000,0.3321245589451211,0.17799924499811248,0.6208550930023193,2
50,0.75,100,15000,0.3177344419111603,0.1044016610041525,0.5434206128120422,2
50,0.75,250,15000,0.3709745297386206,0.2953114382785957,0.6723831295967102,2
50,0.75,500,15000,0.40709986400990306,0.4080332200830502,0.7853745222091675,2
50,0.75,1000,15000,0.0,1.0,,0
50,0.75,10,20000,0.0,1.0,,0
50,0.75,25,20000,0.0,1.0,,0
50,0.75,50,20000,0.0,1.0,,0
50,0.75,100,20000,0.0,1.0,,0
50,0.75,250,20000,0.0,1.0,,0
50,0.75,500,20000,0.0,1.0,,0
50,0.75,1000,20000,0.0,1.0,,0
50,0.75,10,22000,0.0,1.0,,0
50,0.75,25,22000,0.0,1.0,,0
50,0.75,50,22000,0.0,1.0,,0
50,0.75,100,22000,0.0,1.0,,0
50,0.75,250,22000,0.0,1.0,,0
50,0.75,500,22000,0.0,1.0,,0
50,0.75,1000,22000,0.0,1.0,,0
75,0.75,10,50,0.4793260744934643,0.09374103435258588,0.1346760243177414,158
75,0.75,25,50,0.4834169488811982,0.07856549641374104,0.18211081624031067,127
75,0.75,50,50,0.4823429171517785,0.08089090222725556,0.19869539141654968,108
75,0.75,100,50,0.4881526320645431,0.096640241600604,0.327026903629303,59
75,0.75,250,50,0.49807668829054486,0.15691959229898075,0.6019731760025024,29
75,0.75,500,50,0.49966616862255403,0.1922083805209513,0.6623271703720093,18
75,0.75,1000,50,0.5007065377492775,0.22138165345413363,0.678820788860321,12
75,0.75,10,100,0.4853196281625589,0.0665760664401661,0.2182476818561554,78
75,0.75,25,100,0.4934997863803282,0.04090600226500566,0.269837886095047,63
75,0.75,50,100,0.4925304346547162,0.05401283503208758,0.2713083326816559,61
75,0.75,100,100,0.488353268503855,0.09893544733861835,0.3199944496154785,55
75,0.75,250,100,0.4959520743187885,0.13579463948659873,0.5963018536567688,25
75,0.75,500,100,0.49901377700593896,0.187361268403171,0.6679293513298035,14
75,0.75,1000,100,0.5007065377492775,0.22138165345413363,0.6788207292556763,12
75,0.75,10,250,0.49392311021088176,0.07907889769724424,0.5196422934532166,34
75,0.75,25,250,0.4993047126546342,0.06409966024915062,0.5100621581077576,34
75,0.75,50,250,0.4965122021536969,0.08184220460551152,0.5419744253158569,31
75,0.75,100,250,0.4926584507889668,0.12279350698376745,0.595500111579895,28
75,0.75,250,250,0.4979665435794196,0.12824462061155154,0.5839251279830933,24
75,0.75,500,250,0.49901377700593896,0.187361268403171,0.6679292917251587,14
75,0.75,1000,250,0.5007065377492775,0.22138165345413363,0.6788205504417419,12
75,0.75,10,500,0.49410427086045544,0.09256323140807853,0.5529419183731079,23
75,0.75,25,500,0.5013782350666305,0.09703284258210645,0.5869274735450745,21
75,0.75,50,500,0.50169899702808,0.11148357870894678,0.5603609085083008,19
75,0.75,100,500,0.49349388119246707,0.1293469233673084,0.6153503060340881,21
75,0.75,250,500,0.49694162701658756,0.14186485466213666,0.6237750053405762,18
75,0.75,500,500,0.49901377700593896,0.187361268403171,0.6679293513298035,14
75,0.75,1000,500,0.5007065377492775,0.22138165345413363,0.6788207292556763,12
75,0.75,10,1000,0.5030194491157963,0.12285390713476783,0.5686661005020142,14
75,0.75,25,1000,0.5078570321836033,0.12850132125330313,0.5982969999313354,14
75,0.75,50,1000,0.5095772216992465,0.15697999244998112,0.5877662301063538,13
75,0.75,100,1000,0.505974487289012,0.1930086825217063,0.6331687569618225,11
75,0.75,250,1000,0.5014567747855154,0.18162325405813515,0.6440644264221191,12
75,0.75,500,1000,0.5022398045992601,0.19341638354095886,0.6487569808959961,12
75,0.75,1000,1000,0.5007065377492775,0.22138165345413363,0.6788208484649658,12
75,0.75,10,2500,0.6529574055195646,0.276315590788977,0.8635216355323792,5
75,0.75,25,2500,0.6399899697356138,0.3381653454133635,0.9457239508628845,5
75,0.75,50,2500,0.7005334498611372,0.3121328803322008,0.8724903464317322,4
75,0.75,100,2500,0.65218388653147,0.290237825594564,0.8740344047546387,5
75,0.75,250,2500,0.6486510947850593,0.2928954322385806,0.8825128078460693,5
75,0.75,500,2500,0.6362635518207848,0.297923744809362,0.7220892310142517,5
75,0.75,1000,2500,0.5607794739130505,0.26385805964514913,0.23561421036720276,5
75,0.75,10,5000,0.7141523480797258,0.3657078142695357,0.7868579030036926,2
75,0.75,25,5000,0.6159006678014965,0.32016610041525106,0.7263134121894836,2
75,0.75,50,5000,0.5974172671544589,0.3156964892412231,0.7229937314987183,2
75,0.75,100,5000,0.5443973864708828,0.27904869762174406,0.6469369530677795,2
75,0.75,250,5000,0.5643259006915371,0.30082295205738013,0.6537637114524841,2
75,0.75,500,5000,0.7104201646017725,0.3870290675726689,0.8223413825035095,2
75,0.75,1000,5000,0.6935813190801804,0.4054813137032843,0.8417253494262695,2
75,0.75,10,10000,0.7141523480797258,0.3657078142695357,0.7868580222129822,2
75,0.75,25,10000,0.6159006678014965,0.32016610041525106,0.726313591003418,2
75,0.75,50,10000,0.5974172671544589,0.3156964892412231,0.7229938507080078,2
75,0.75,100,10000,0.5443973864708828,0.27904869762174406,0.6469369530677795,2
75,0.75,250,10000,0.5643259006915371,0.30082295205738013,0.6537636518478394,2
75,0.75,500,10000,0.7104201646017725,0.3870290675726689,0.8223413825035095,2
75,0.75,1000,10000,0.6935813190801804,0.4054813137032843,0.84172523021698,2
75,0.75,10,15000,0.7141523480797258,0.3657078142695357,0.7868579030036926,2
75,0.75,25,15000,0.6159006678014965,0.32016610041525106,0.7263133525848389,2
75,0.75,50,15000,0.5974172671544589,0.3156964892412231,0.7229936122894287,2
75,0.75,100,15000,0.5443973864708828,0.27904869762174406,0.6469369530677795,2
75,0.75,250,15000,0.5643259006915371,0.30082295205738013,0.6537638306617737,2
75,0.75,500,15000,0.7104201646017725,0.3870290675726689,0.8223414421081543,2
75,0.75,1000,15000,0.6935813190801804,0.4054813137032843,0.8417253494262695,2
75,0.75,10,20000,0.0,1.0,,0
75,0.75,25,20000,0.0,1.0,,0
75,0.75,50,20000,0.0,1.0,,0
75,0.75,100,20000,0.0,1.0,,0
75,0.75,250,20000,0.0,1.0,,0
75,0.75,500,20000,0.0,1.0,,0
75,0.75,1000,20000,0.0,1.0,,0
75,0.75,10,22000,0.0,1.0,,0
75,0.75,25,22000,0.0,1.0,,0
75,0.75,50,22000,0.0,1.0,,0
75,0.75,100,22000,0.0,1.0,,0
75,0.75,250,22000,0.0,1.0,,0
75,0.75,500,22000,0.0,1.0,,0
75,0.75,1000,22000,0.0,1.0,,0
100,0.75,10,50,0.4809051909466868,0.07367308418271046,-0.15002930164337158,160
100,0.75,25,50,0.48682794070864455,0.12128350320875803,-0.16934099793434143,151
100,0.75,50,50,0.48165325411254417,0.08813892034730086,0.1301393359899521,118
100,0.75,100,50,0.48608522906452284,0.10332955832389581,0.3612613379955292,60
100,0.75,250,50,0.49759540959210435,0.14491506228765572,0.7606611847877502,30
100,0.75,500,50,0.4952036182878528,0.1895658739146848,0.8165623545646667,19
100,0.75,1000,50,0.4986930581249963,0.25662514156285393,0.8202219009399414,12
100,0.75,10,100,0.4876398701464655,0.054918837297093244,0.5677298307418823,76
100,0.75,25,100,0.4850705436282342,0.07762929407323518,0.30249321460723877,74
100,0.75,50,100,0.4892826988626341,0.066560966402416,0.32720881700515747,64
100,0.75,100,100,0.4927419532013374,0.09239713099282748,0.7018250226974487,55
100,0.75,250,100,0.5009457410656932,0.1352661381653454,0.7317957282066345,27
100,0.75,500,100,0.49481722201293354,0.19075877689694223,0.8162976503372192,18
100,0.75,1000,100,0.4986930581249963,0.25662514156285393,0.8202219009399414,12
100,0.75,10,250,0.4951694884562894,0.07784069460173651,0.645090639591217,33
100,0.75,25,250,0.4982972384948421,0.07187617969044922,0.653178334236145,33
100,0.75,50,250,0.4963878328988414,0.080800302000755,0.65594083070755,32
100,0.75,100,250,0.497255421583703,0.09985654964137411,0.6829916834831238,29
100,0.75,250,250,0.5019096316843351,0.13885994714986788,0.7347691655158997,26
100,0.75,500,250,0.49431089429176234,0.19244998112495282,0.8206636905670166,17
100,0.75,1000,250,0.4995885434780868,0.25870894677236694,0.8335781097412109,11
100,0.75,10,500,0.4950593338444346,0.10982257455643639,0.7130990624427795,21
100,0.75,25,500,0.5022709502755263,0.07827859569648925,0.6698775887489319,22
100,0.75,50,500,0.4990629112446208,0.09689694224235561,0.700391411781311,23
100,0.75,100,500,0.49819600073590786,0.13016232540581352,0.7176014184951782,19
100,0.75,250,500,0.49971432632314916,0.16351830879577198,0.7861049771308899,17
100,0.75,500,500,0.4956584001415178,0.19752359380898452,0.8320713639259338,16
100,0.75,1000,500,0.4995885434780868,0.25870894677236694,0.8335779905319214,11
100,0.75,10,1000,0.4998672439512895,0.18429596073990184,0.7224013805389404,12
100,0.75,25,1000,0.5056803440711259,0.13775764439411098,0.7060497999191284,13
100,0.75,50,1000,0.5059278032212651,0.1366704416761042,0.6942091584205627,13
100,0.75,100,1000,0.5044260904314332,0.17656474141185352,0.7503768801689148,13
100,0.75,250,1000,0.5306887336875961,0.23279728199320499,0.8382211923599243,10
100,0.75,500,1000,0.5116064096282181,0.23847489618724046,0.8367419838905334,11
100,0.75,1000,1000,0.5771907690858507,0.2094224235560589,0.7858936786651611,9
100,0.75,10,2500,0.6090781500960344,0.20499811249528124,0.6599752306938171,4
100,0.75,25,2500,0.6843601282931744,0.29079652699131747,0.8797585964202881,5
100,0.75,50,2500,0.63308807469175,0.20419781049452623,0.7233468890190125,6
100,0.75,100,2500,0.6877071785852408,0.2252472631181578,0.8030586838722229,5
100,0.75,250,2500,0.5774392225440039,0.24989052472631182,0.6374782919883728,5
100,0.75,500,2500,0.6709421714530007,0.28040770101925255,0.718430757522583,3
100,0.75,1000,2500,0.7106803950221854,0.2706228765571914,0.8407463431358337,4
100,0.75,10,5000,0.6798909668207137,0.2928652321630804,0.7755348682403564,2
100,0.75,25,5000,0.5999541113543544,0.2257304643261608,0.7378414869308472,2
100,0.75,50,5000,0.7544748439885486,0.2803926009815024,0.8692705631256104,3
100,0.75,100,5000,0.6260667646991763,0.26021895054737637,0.7546747922897339,2
100,0.75,250,5000,0.7024427215967145,0.33141562853907136,0.8297942876815796,2
100,0.75,500,5000,0.7170215499882173,0.32759531898829747,0.8335694670677185,2
100,0.75,1000,5000,0.7949660627600506,0.35738769346923366,0.9411947727203369,2
100,0.75,10,10000,0.6798909668207137,0.2928652321630804,0.7755348682403564,2
100,0.75,25,10000,0.5999541113543544,0.2257304643261608,0.7378413677215576,2
100,0.75,50,10000,0.6453203102781987,0.27476028690071724,0.7868956923484802,2
100,0.75,100,10000,0.6260667646991763,0.26021895054737637,0.7546748518943787,2
100,0.75,250,10000,0.7024427215967145,0.33141562853907136,0.8297942876815796,2
100,0.75,500,10000,0.7170215499882173,0.32759531898829747,0.8335695266723633,2
100,0.75,1000,10000,0.7949660627600506,0.35738769346923366,0.9411947727203369,2
100,0.75,10,15000,0.6798909668207137,0.2928652321630804,0.775534987449646,2
100,0.75,25,15000,0.5999541113543544,0.2257304643261608,0.7378414869308472,2
100,0.75,50,15000,0.6453203102781987,0.27476028690071724,0.7868956923484802,2
100,0.75,100,15000,0.6260667646991763,0.26021895054737637,0.7546748518943787,2
100,0.75,250,15000,0.7024427215967145,0.33141562853907136,0.8297942876815796,2
100,0.75,500,15000,0.7170215499882173,0.32759531898829747,0.8335696458816528,2
100,0.75,1000,15000,0.7949660627600506,0.35738769346923366,0.9411948323249817,2
100,0.75,10,20000,0.6798909668207137,0.2928652321630804,0.775534987449646,2
100,0.75,25,20000,0.5999541113543544,0.2257304643261608,0.7378415465354919,2
100,0.75,50,20000,0.6453203102781987,0.27476028690071724,0.7868956923484802,2
100,0.75,100,20000,0.6260667646991763,0.26021895054737637,0.7546748518943787,2
100,0.75,250,20000,0.7024427215967145,0.33141562853907136,0.8297942876815796,2
100,0.75,500,20000,0.7170215499882173,0.32759531898829747,0.8335695266723633,2
100,0.75,1000,20000,0.7949660627600506,0.35738769346923366,0.9411947727203369,2
100,0.75,10,22000,0.0,1.0,,0
100,0.75,25,22000,0.0,1.0,,0
100,0.75,50,22000,0.0,1.0,,0
100,0.75,100,22000,0.0,1.0,,0
100,0.75,250,22000,0.0,1.0,,0
100,0.75,500,22000,0.0,1.0,,0
100,0.75,1000,22000,0.0,1.0,,0
10,1.0,10,50,0.06446402181501269,0.4641902604756512,-0.3558978736400604,238
10,1.0,25,50,0.08647431937189871,0.5511664779161948,-0.2723018527030945,181
10,1.0,50,50,0.08582489932247572,0.6268025670064176,-0.21253815293312073,128
10,1.0,100,50,0.07515646476902181,0.6975915439788599,0.07649117708206177,71
10,1.0,250,50,0.05258185096740914,0.7697999244998113,0.333053320646286,23
10,1.0,500,50,0.03932349803885135,0.8150849377123442,0.49541786313056946,17
10,1.0,1000,50,0.02773839225534818,0.8376745941864855,0.7542635798454285,9
10,1.0,10,100,0.07329688471873544,0.5146243865609664,-0.2965507507324219,120
10,1.0,25,100,0.09052014445831638,0.5979463948659872,-0.18955329060554504,86
10,1.0,50,100,0.09746477408968873,0.6494224235560588,-0.11849087476730347,59
10,1.0,100,100,0.07538070005998394,0.6952510381275954,-0.014018719084560871,51
10,1.0,250,100,0.05177418385935681,0.7721706304265761,0.33786261081695557,21
10,1.0,500,100,0.03815979073813496,0.8117931294828237,0.6410775780677795,14
10,1.0,1000,100,0.02764060155503565,0.8368893922234806,0.7891023755073547,8
10,1.0,10,250,0.08689712105245871,0.6231030577576444,-0.10648048669099808,34
10,1.0,25,250,0.08978281317351522,0.6700339750849377,0.03705458715558052,32
10,1.0,50,250,0.0942083285475482,0.6825368063420159,0.047213710844516754,28
10,1.0,100,250,0.08290197099190176,0.7237901094752737,0.16251923143863678,21
10,1.0,250,250,0.05177418385935681,0.7721706304265761,0.33786261081695557,21
10,1.0,500,250,0.04184322293619281,0.8077614194035485,0.6601048707962036,11
10,1.0,1000,250,0.02764060155503565,0.8368893922234806,0.7891022562980652,8
10,1.0,10,500,0.10490118128825413,0.6692487731219328,0.2654816508293152,15
10,1.0,25,500,0.08024773244090803,0.7310230275575689,0.4278380870819092,13
10,1.0,50,500,0.06910866485911181,0.7287580218950548,0.42983728647232056,11
10,1.0,100,500,0.07679096372095195,0.7493997734994338,0.41086727380752563,12
10,1.0,250,500,0.04401576903803221,0.8034579086447716,0.6525981426239014,11
10,1.0,500,500,0.04184322293619281,0.8077614194035485,0.6601048707962036,11
10,1.0,1000,500,0.02764060155503565,0.8368893922234806,0.7891022562980652,8
10,1.0,10,1000,0.07656234402152608,0.7026047565118912,0.3229289948940277,10
10,1.0,25,1000,0.048212272956676856,0.7757040392600981,0.5309352874755859,9
10,1.0,50,1000,0.0714242650191095,0.7268554171385428,0.42201265692710876,9
10,1.0,100,1000,0.07120125911311417,0.756466591166478,0.4778728485107422,10
10,1.0,250,1000,0.05308559608762666,0.7466062665156663,0.23201577365398407,9
10,1.0,500,1000,0.03646888882130116,0.8162929407323518,0.6184705495834351,8
10,1.0,1000,1000,0.02764060155503565,0.8368893922234806,0.7891022562980652,8
10,1.0,10,2500,0.0,1.0,,0
10,1.0,25,2500,0.0,1.0,,0
10,1.0,50,2500,0.009027176244756562,0.854873537183843,0.6912691593170166,3
10,1.0,100,2500,0.0,1.0,,0
10,1.0,250,2500,0.0,1.0,,0
10,1.0,500,2500,0.06034126052323482,0.7026047565118912,0.04143094643950462,2
10,1.0,1000,2500,0.0,1.0,,0
10,1.0,10,5000,0.0,1.0,,0
10,1.0,25,5000,0.0,1.0,,0
10,1.0,50,5000,0.0,1.0,,0
10,1.0,100,5000,0.0,1.0,,0
10,1.0,250,5000,0.0,1.0,,0
10,1.0,500,5000,0.0,1.0,,0
10,1.0,1000,5000,0.0,1.0,,0
10,1.0,10,10000,0.0,1.0,,0
10,1.0,25,10000,0.0,1.0,,0
10,1.0,50,10000,0.0,1.0,,0
10,1.0,100,10000,0.0,1.0,,0
10,1.0,250,10000,0.0,1.0,,0
10,1.0,500,10000,0.0,1.0,,0
10,1.0,1000,10000,0.0,1.0,,0
10,1.0,10,15000,0.0,1.0,,0
10,1.0,25,15000,0.0,1.0,,0
10,1.0,50,15000,0.0,1.0,,0
10,1.0,100,15000,0.0,1.0,,0
10,1.0,250,15000,0.0,1.0,,0
10,1.0,500,15000,0.0,1.0,,0
10,1.0,1000,15000,0.0,1.0,,0
10,1.0,10,20000,0.0,1.0,,0
10,1.0,25,20000,0.0,1.0,,0
10,1.0,50,20000,0.0,1.0,,0
10,1.0,100,20000,0.0,1.0,,0
10,1.0,250,20000,0.0,1.0,,0
10,1.0,500,20000,0.0,1.0,,0
10,1.0,1000,20000,0.0,1.0,,0
10,1.0,10,22000,0.0,1.0,,0
10,1.0,25,22000,0.0,1.0,,0
10,1.0,50,22000,0.0,1.0,,0
10,1.0,100,22000,0.0,1.0,,0
10,1.0,250,22000,0.0,1.0,,0
10,1.0,500,22000,0.0,1.0,,0
10,1.0,1000,22000,0.0,1.0,,0
15,1.0,10,50,0.10074322637727617,0.44010570026425067,-0.2913440465927124,217
15,1.0,25,50,0.126372596588069,0.5189882974707437,-0.14974766969680786,166
15,1.0,50,50,0.13130007444675854,0.5547753869384674,-0.11900786310434341,128
15,1.0,100,50,0.13283006941018388,0.6072933182332956,-0.019608590751886368,69
15,1.0,250,50,0.09387110265642082,0.691038127595319,0.5748543739318848,24
15,1.0,500,50,0.07760910607786227,0.7223707059267648,0.6910581588745117,18
15,1.0,1000,50,0.06347403888042275,0.7937334843337108,0.8461950421333313,12
15,1.0,10,100,0.12277185441446728,0.5156662891657229,-0.15260331332683563,99
15,1.0,25,100,0.12428849882490782,0.561917704794262,0.02222459577023983,84
15,1.0,50,100,0.1368543809374831,0.5556964892412231,-0.09299376606941223,78
15,1.0,100,100,0.1286130484424096,0.6171083427708569,0.1077931821346283,57
15,1.0,250,100,0.09327241741998747,0.6924122310305776,0.5872547030448914,23
15,1.0,500,100,0.07939854973856589,0.7204530011325029,0.7326847314834595,15
15,1.0,1000,100,0.06377246340268448,0.795047187617969,0.8553206324577332,11
15,1.0,10,250,0.11644838408845792,0.6165043412608532,0.19624416530132294,30
15,1.0,25,250,0.12246785104314142,0.6490600226500566,0.41506436467170715,25
15,1.0,50,250,0.1252504469691296,0.6445300113250283,0.28095075488090515,24
15,1.0,100,250,0.11998994366499313,0.671528878822197,0.4598003923892975,22
15,1.0,250,250,0.09556939693687382,0.6988599471498679,0.6233243942260742,21
15,1.0,500,250,0.07964459397469284,0.7220083050207625,0.7459086179733276,14
15,1.0,1000,250,0.06426490040193591,0.791830879577199,0.8503216505050659,10
15,1.0,10,500,0.10542842230822569,0.673446583616459,0.3804299235343933,14
15,1.0,25,500,0.10197290720916839,0.6887731219328048,0.5527212023735046,15
15,1.0,50,500,0.10362119032932801,0.6846659116647792,0.480245441198349,14
15,1.0,100,500,0.0973831231704855,0.7196526991317478,0.5575775504112244,13
15,1.0,250,500,0.08680448775010201,0.7209362023405058,0.7022107839584351,14
15,1.0,500,500,0.07964459397469284,0.7220083050207625,0.7459086775779724,14
15,1.0,1000,500,0.065161122351603,0.7961041902604756,0.8475502133369446,9
15,1.0,10,1000,0.09713952369921744,0.7018195545488863,0.4026400148868561,10
15,1.0,25,1000,0.08617884827838589,0.723035107587769,0.5694795250892639,10
15,1.0,50,1000,0.10357758594343543,0.7016836542091355,0.5604746341705322,10
15,1.0,100,1000,0.09596112770766077,0.7167534918837297,0.4481722116470337,9
15,1.0,250,1000,0.09464613423099522,0.7301623254058135,0.7027129530906677,11
15,1.0,500,1000,0.06489043546606715,0.753446583616459,0.7309724688529968,10
15,1.0,1000,1000,0.06817801744047888,0.8046357115892789,0.8425948023796082,8
15,1.0,10,2500,0.07761733967075654,0.7142468856172141,-0.04334379732608795,3
15,1.0,25,2500,0.05450946624528472,0.6936504341260853,-0.07598868757486343,3
15,1.0,50,2500,0.061043117158537476,0.7527670819177048,-0.2210298478603363,2
15,1.0,100,2500,0.09613822003034364,0.696157040392601,-0.11525223404169083,3
15,1.0,250,2500,0.04608006903699693,0.7832842582106455,-0.15030725300312042,2
15,1.0,500,2500,0.06839171012028612,0.7364741411853529,-0.2530878782272339,2
15,1.0,1000,2500,0.09196255167062947,0.6779312948282371,0.07579585909843445,3
15,1.0,10,5000,0.0,1.0,,0
15,1.0,25,5000,0.0,1.0,,0
15,1.0,50,5000,0.0,1.0,,0
15,1.0,100,5000,0.0,1.0,,0
15,1.0,250,5000,0.0,1.0,,0
15,1.0,500,5000,0.0,1.0,,0
15,1.0,1000,5000,0.142675221529889,0.6012533031332579,0.6941896677017212,2
15,1.0,10,10000,0.0,1.0,,0
15,1.0,25,10000,0.0,1.0,,0
15,1.0,50,10000,0.0,1.0,,0
15,1.0,100,10000,0.0,1.0,,0
15,1.0,250,10000,0.0,1.0,,0
15,1.0,500,10000,0.0,1.0,,0
15,1.0,1000,10000,0.0,1.0,,0
15,1.0,10,15000,0.0,1.0,,0
15,1.0,25,15000,0.0,1.0,,0
15,1.0,50,15000,0.0,1.0,,0
15,1.0,100,15000,0.0,1.0,,0
15,1.0,250,15000,0.0,1.0,,0
15,1.0,500,15000,0.0,1.0,,0
15,1.0,1000,15000,0.0,1.0,,0
15,1.0,10,20000,0.0,1.0,,0
15,1.0,25,20000,0.0,1.0,,0
15,1.0,50,20000,0.0,1.0,,0
15,1.0,100,20000,0.0,1.0,,0
15,1.0,250,20000,0.0,1.0,,0
15,1.0,500,20000,0.0,1.0,,0
15,1.0,1000,20000,0.0,1.0,,0
15,1.0,10,22000,0.0,1.0,,0
15,1.0,25,22000,0.0,1.0,,0
15,1.0,50,22000,0.0,1.0,,0
15,1.0,100,22000,0.0,1.0,,0
15,1.0,250,22000,0.0,1.0,,0
15,1.0,500,22000,0.0,1.0,,0
15,1.0,1000,22000,0.0,1.0,,0
30,1.0,10,50,0.1961502778069721,0.34320875802189504,-0.26154664158821106,168
30,1.0,25,50,0.22064556900070195,0.39750849377123443,0.16867855191230774,135
30,1.0,50,50,0.23195035360817534,0.42369195922989805,0.2316092997789383,102
30,1.0,100,50,0.20733339739084514,0.4709248773121933,0.4009624421596527,58
30,1.0,250,50,0.16604610520232818,0.5319894299735749,0.6787465214729309,27
30,1.0,500,50,0.13379270331972978,0.569120422801057,0.7178086042404175,20
30,1.0,1000,50,0.28946513795323225,0.5128425821064553,0.7640904188156128,11
30,1.0,10,100,0.19788561797806875,0.38796526991317476,-0.001143286470323801,84
30,1.0,25,100,0.2223794353670989,0.42021895054737635,0.2975606322288513,70
30,1.0,50,100,0.22479822888610554,0.4295205738014345,0.3557932376861572,58
30,1.0,100,100,0.2044776672332315,0.473763684409211,0.4173659384250641,47
30,1.0,250,100,0.16682082148247546,0.5329860324650811,0.6813847422599792,26
30,1.0,500,100,0.1378515532484232,0.5630804077010193,0.6918864250183105,18
30,1.0,1000,100,0.2891937121927291,0.5136126840317101,0.7923623919487,10
30,1.0,10,250,0.20521361915810554,0.4002869007172518,0.3150946795940399,34
30,1.0,25,250,0.19775733227808262,0.43023027557568894,0.41430380940437317,29
30,1.0,50,250,0.21176792166566458,0.4380973952434881,0.42491698265075684,29
30,1.0,100,250,0.20326042622343687,0.4783238958097395,0.527195394039154,28
30,1.0,250,250,0.16767968573506215,0.5357946394865987,0.6911240220069885,23
30,1.0,500,250,0.1359790483743105,0.5659947149867874,0.710011899471283,17
30,1.0,1000,250,0.2891937121927291,0.5136126840317101,0.7923625111579895,10
30,1.0,10,500,0.18481706392583536,0.45380143450358623,0.4243362247943878,22
30,1.0,25,500,0.1897649880798592,0.45751604379010946,0.48228171467781067,20
30,1.0,50,500,0.20383253546502977,0.4703812759531899,0.4818079471588135,18
30,1.0,100,500,0.19961700285328188,0.5055039637599094,0.5241571068763733,16
30,1.0,250,500,0.15868155528169695,0.5357493393733485,0.6176488995552063,15
30,1.0,500,500,0.12807843644908665,0.5722159305398263,0.7654576897621155,14
30,1.0,1000,500,0.2891937121927291,0.5136126840317101,0.7923623919487,10
30,1.0,10,1000,0.3335473177697335,0.4440317100792752,0.5713924169540405,10
30,1.0,25,1000,0.14446151730984316,0.5587466968667422,0.5837060213088989,9
30,1.0,50,1000,0.16693619458402442,0.5574480936202341,0.7024174928665161,9
30,1.0,100,1000,0.1865717419039219,0.5365496413741034,0.6086357831954956,11
30,1.0,250,1000,0.15811250383062672,0.5520120800302001,0.677653968334198,11
30,1.0,500,1000,0.13517809512295242,0.5843110607776519,0.7727169394493103,11
30,1.0,1000,1000,0.2891937121927291,0.5136126840317101,0.792362630367279,10
30,1.0,10,2500,0.32542738506650326,0.5016987542468856,0.6373770236968994,4
30,1.0,25,2500,0.30420230029758755,0.4806191015477539,0.5691198706626892,4
30,1.0,50,2500,0.29091685497337344,0.46636466591166476,0.39567801356315613,4
30,1.0,100,2500,0.2781067417419131,0.46061155152887884,0.2902344763278961,3
30,1.0,250,2500,0.26639218681273463,0.4983767459418649,0.4432597756385803,5
30,1.0,500,2500,0.2645970065803843,0.5311438278595696,0.41748344898223877,3
30,1.0,1000,2500,0.33493604603346194,0.5415024537561344,0.8229721784591675,3
30,1.0,10,5000,0.37634674652232086,0.5651793129482824,0.7513548731803894,2
30,1.0,25,5000,0.30659754546225887,0.47305398263495657,0.6287984848022461,2
30,1.0,50,5000,0.25604328420532213,0.5126613816534541,0.6009671688079834,2
30,1.0,100,5000,0.2520824527418669,0.5121479803699509,0.5968532562255859,2
30,1.0,250,5000,0.24359437712141907,0.6281766704416761,0.720126748085022,2
30,1.0,500,5000,0.25620066420304577,0.5699056247640619,0.6856028437614441,2
30,1.0,1000,5000,0.35837947537213655,0.5818648546621367,0.8564709424972534,2
30,1.0,10,10000,0.0,1.0,,0
30,1.0,25,10000,0.30659754546225887,0.47305398263495657,0.6287984848022461,2
30,1.0,50,10000,0.0,1.0,,0
30,1.0,100,10000,0.0,1.0,,0
30,1.0,250,10000,0.0,1.0,,0
30,1.0,500,10000,0.0,1.0,,0
30,1.0,1000,10000,0.35837947537213655,0.5818648546621367,0.8564709424972534,2
30,1.0,10,15000,0.0,1.0,,0
30,1.0,25,15000,0.0,1.0,,0
30,1.0,50,15000,0.0,1.0,,0
30,1.0,100,15000,0.0,1.0,,0
30,1.0,250,15000,0.0,1.0,,0
30,1.0,500,15000,0.0,1.0,,0
30,1.0,1000,15000,0.0,1.0,,0
30,1.0,10,20000,0.0,1.0,,0
30,1.0,25,20000,0.0,1.0,,0
30,1.0,50,20000,0.0,1.0,,0
30,1.0,100,20000,0.0,1.0,,0
30,1.0,250,20000,0.0,1.0,,0
30,1.0,500,20000,0.0,1.0,,0
30,1.0,1000,20000,0.0,1.0,,0
30,1.0,10,22000,0.0,1.0,,0
30,1.0,25,22000,0.0,1.0,,0
30,1.0,50,22000,0.0,1.0,,0
30,1.0,100,22000,0.0,1.0,,0
30,1.0,250,22000,0.0,1.0,,0
30,1.0,500,22000,0.0,1.0,,0
30,1.0,1000,22000,0.0,1.0,,0
50,1.0,10,50,0.48550690332111374,0.05700264250660626,0.5351178050041199,140
50,1.0,25,50,0.48523832737126593,0.07216308040770102,0.5141122937202454,127
50,1.0,50,50,0.48423267164924755,0.08108720271800679,0.6245827078819275,96
50,1.0,100,50,0.4865909849618448,0.11376368440921102,0.6648786664009094,51
50,1.0,250,50,0.49342526895168237,0.16226500566251414,0.7523514032363892,28
50,1.0,500,50,0.485309286432431,0.2239184597961495,0.8954417109489441,16
50,1.0,1000,50,0.48414314997139124,0.2788976972442431,0.9392513036727905,12
50,1.0,10,100,0.4875086333007746,0.06612306530766326,0.5860475301742554,71
50,1.0,25,100,0.4875291075928917,0.07210268025670064,0.6115195751190186,66
50,1.0,50,100,0.48371177974561097,0.09866364665911664,0.6650888919830322,61
50,1.0,100,100,0.4897084743624172,0.10409966024915063,0.6549305319786072,46
50,1.0,250,100,0.49342526895168237,0.16226500566251414,0.7523515224456787,28
50,1.0,500,100,0.4846743766449146,0.22539826349565875,0.8971781134605408,15
50,1.0,1000,100,0.48443873612327015,0.2796677991694979,0.9438328146934509,11
50,1.0,10,250,0.4913835120999023,0.09063042657606644,0.6640275120735168,36
50,1.0,25,250,0.49434570182281357,0.07488108720271801,0.6118810176849365,35
50,1.0,50,250,0.49105879455169604,0.08643261608154021,0.6401801705360413,33
50,1.0,100,250,0.49228403244112157,0.09991694979237448,0.6369438767433167,31
50,1.0,250,250,0.49357886365213244,0.1586711966779917,0.8080660700798035,23
50,1.0,500,250,0.48453251779480694,0.22749716874292186,0.9077808260917664,14
50,1.0,1000,250,0.48443873612327015,0.2796677991694979,0.9438329339027405,11
50,1.0,10,500,0.4949851070509774,0.11808229520573801,0.7485608458518982,17
50,1.0,25,500,0.4957090065327406,0.11614949037372593,0.7171088457107544,19
50,1.0,50,500,0.4949917618593651,0.10268025670064175,0.7145202159881592,18
50,1.0,100,500,0.4916516241058823,0.16223480558701397,0.8051338195800781,16
50,1.0,250,500,0.49491895627097693,0.2029898074745187,0.8746241927146912,14
50,1.0,500,500,0.48453251779480694,0.22749716874292186,0.9077810049057007,14
50,1.0,1000,500,0.48443873612327015,0.2796677991694979,0.9438327550888062,11
50,1.0,10,1000,0.4986392144547816,0.1368667421668554,0.7635775208473206,13
50,1.0,25,1000,0.4990293526017627,0.14992827482068705,0.7734960913658142,13
50,1.0,50,1000,0.5009043170023424,0.11951679879199698,0.7550996541976929,13
50,1.0,100,1000,0.49473143207775666,0.17167232918082295,0.8422738909721375,13
50,1.0,250,1000,0.5083420313181126,0.23584748961872404,0.8906130194664001,11
50,1.0,500,1000,0.49631472603996857,0.26107965269913175,0.9263789057731628,11
50,1.0,1000,1000,0.6050406259062171,0.20034730086825217,0.6943845152854919,8
50,1.0,10,2500,0.6660515302554278,0.30355605889014725,0.8293274641036987,5
50,1.0,25,2500,0.658969598492368,0.305443563608909,0.7430399060249329,4
50,1.0,50,2500,0.5416514372190587,0.17324273310683277,0.6712639331817627,7
50,1.0,100,2500,0.6001445249599784,0.2603095507738769,0.7781990766525269,5
50,1.0,250,2500,0.6675445710001677,0.2947678369195923,0.7571967244148254,3
50,1.0,500,2500,0.6229510278989873,0.2797432993582484,0.7045119404792786,3
50,1.0,1000,2500,0.6420605510821844,0.25318233295583237,0.7560867667198181,4
50,1.0,10,5000,0.6616864698820595,0.29961494903737257,0.8320133686065674,3
50,1.0,25,5000,0.7069649712928138,0.3520271800679502,0.8481309413909912,3
50,1.0,50,5000,0.46536125659155814,0.2749263873159683,0.6178421378135681,2
50,1.0,100,5000,0.6778909808911205,0.3505473763684409,0.8608486652374268,3
50,1.0,250,5000,0.7175458205441752,0.3468478671196678,0.8694441318511963,2
50,1.0,500,5000,0.666309890625256,0.32869762174405437,0.8442410826683044,2
50,1.0,1000,5000,0.6697517669868652,0.2910985277463194,0.7970259189605713,3
50,1.0,10,10000,0.617792979115735,0.28934692336730844,0.683148205280304,2
50,1.0,25,10000,0.6064965265515823,0.34215175537938847,0.7010101079940796,2
50,1.0,50,10000,0.46536125659155814,0.2749263873159683,0.6178420186042786,2
50,1.0,100,10000,0.46456539232324967,0.2808758021895055,0.5979618430137634,2
50,1.0,250,10000,0.7175458205441752,0.3468478671196678,0.8694441914558411,2
50,1.0,500,10000,0.666309890625256,0.32869762174405437,0.8442412614822388,2
50,1.0,1000,10000,0.7386389946337978,0.36901472253680634,0.8927579522132874,2
50,1.0,10,15000,0.617792979115735,0.28934692336730844,0.6831482648849487,2
50,1.0,25,15000,0.6064965265515823,0.34215175537938847,0.7010100483894348,2
50,1.0,50,15000,0.46536125659155814,0.2749263873159683,0.6178420782089233,2
50,1.0,100,15000,0.46456539232324967,0.2808758021895055,0.5979618430137634,2
50,1.0,250,15000,0.7175458205441752,0.3468478671196678,0.8694443106651306,2
50,1.0,500,15000,0.666309890625256,0.32869762174405437,0.8442412614822388,2
50,1.0,1000,15000,0.7386389946337978,0.36901472253680634,0.8927579522132874,2
50,1.0,10,20000,0.617792979115735,0.28934692336730844,0.6831480860710144,2
50,1.0,25,20000,0.0,1.0,,0
50,1.0,50,20000,0.0,1.0,,0
50,1.0,100,20000,0.0,1.0,,0
50,1.0,250,20000,0.7175458205441752,0.3468478671196678,0.8694441914558411,2
50,1.0,500,20000,0.666309890625256,0.32869762174405437,0.8442410826683044,2
50,1.0,1000,20000,0.7386389946337978,0.36901472253680634,0.8927581310272217,2
50,1.0,10,22000,0.0,1.0,,0
50,1.0,25,22000,0.0,1.0,,0
50,1.0,50,22000,0.0,1.0,,0
50,1.0,100,22000,0.0,1.0,,0
50,1.0,250,22000,0.0,1.0,,0
50,1.0,500,22000,0.666309890625256,0.32869762174405437,0.8442411422729492,2
50,1.0,1000,22000,0.0,1.0,,0
75,1.0,10,50,0.4825322573666917,0.08398640996602491,0.2138921022415161,146
75,1.0,25,50,0.4863643549329377,0.05553793884484711,0.4420643150806427,116
75,1.0,50,50,0.4914962912334404,0.06752736881842204,0.47902730107307434,94
75,1.0,100,50,0.4982428813531591,0.09744054360135901,0.49330151081085205,54
75,1.0,250,50,0.5113693127308562,0.13428463571158927,0.7563598155975342,26
75,1.0,500,50,0.5106537393163902,0.1637750094375236,0.7722636461257935,17
75,1.0,1000,50,0.5127216841393308,0.22298225745564365,0.8469261527061462,13
75,1.0,10,100,0.493171704034776,0.06881087202718007,0.4284175634384155,73
75,1.0,25,100,0.4940601673133157,0.0488486221215553,0.4619578719139099,67
75,1.0,50,100,0.49551283843096755,0.07580218950547377,0.5038444995880127,57
75,1.0,100,100,0.5047633890501527,0.09203473008682522,0.6808982491493225,47
75,1.0,250,100,0.5113693127308562,0.13428463571158927,0.7563598155975342,26
75,1.0,500,100,0.5106537393163902,0.1637750094375236,0.7722634673118591,17
75,1.0,1000,100,0.5127216841393308,0.22298225745564365,0.8469261527061462,13
75,1.0,10,250,0.5057556609128144,0.07734239335598339,0.6550880074501038,30
75,1.0,25,250,0.50642202868538,0.0676330690826727,0.65408855676651,30
75,1.0,50,250,0.5070244617227043,0.08064930162325405,0.6711204051971436,28
75,1.0,100,250,0.5091190540762842,0.10473386183465459,0.70973140001297,27
75,1.0,250,250,0.5103595327902791,0.1283503208758022,0.7686164975166321,22
75,1.0,500,250,0.5106537393163902,0.1637750094375236,0.7722635865211487,17
75,1.0,1000,250,0.5127216841393308,0.22298225745564365,0.8469260334968567,13
75,1.0,10,500,0.5080806656395005,0.0861759154397886,0.6899056434631348,18
75,1.0,25,500,0.5093764390495723,0.07266138165345414,0.6567416191101074,19
75,1.0,50,500,0.5092724444626853,0.08607021517553794,0.6814321279525757,18
75,1.0,100,500,0.5105959321056522,0.09600604001510003,0.6652597784996033,17
75,1.0,250,500,0.5095599047303311,0.13262363155907889,0.7234843373298645,17
75,1.0,500,500,0.512700012737628,0.16907512268780672,0.7716653347015381,16
75,1.0,1000,500,0.5109140846055504,0.22702906757266894,0.8495758175849915,12
75,1.0,10,1000,0.5163104332878254,0.07335598338995848,0.6688289642333984,15
75,1.0,25,1000,0.5182954109700024,0.06326915817289543,0.6466624140739441,15
75,1.0,50,1000,0.5137157952542847,0.09229143072857682,0.684072732925415,15
75,1.0,100,1000,0.5164720714114366,0.11457908644771612,0.6955094933509827,13
75,1.0,250,1000,0.5161657710824206,0.13378633446583615,0.7415294051170349,13
75,1.0,500,1000,0.5144139563138311,0.16160060400151,0.7647682428359985,13
75,1.0,1000,1000,0.5109140846055504,0.22702906757266894,0.8495756983757019,12
75,1.0,10,2500,0.6018235270036814,0.19325028312570783,0.6607144474983215,5
75,1.0,25,2500,0.5833241934440987,0.24305020762551907,0.8114080429077148,6
75,1.0,50,2500,0.6392132241094362,0.202400906002265,0.6720004081726074,6
75,1.0,100,2500,0.627439678960202,0.2163382408456021,0.6908555626869202,6
75,1.0,250,2500,0.6315062180213447,0.22343525858814647,0.7294633388519287,6
75,1.0,500,2500,0.6532098829434224,0.23613439033597583,0.8415502905845642,5
75,1.0,1000,2500,0.6466338997205379,0.24089090222725557,0.8505319356918335,5
75,1.0,10,5000,0.46935059096875803,0.2019328048320121,0.44498971104621887,3
75,1.0,25,5000,0.34933234545722774,0.11611929029822575,0.3391655385494232,2
75,1.0,50,5000,0.3485000242458113,0.1154246885617214,0.3379405736923218,2
75,1.0,100,5000,0.3471533908384602,0.11412608531521329,0.33463266491889954,2
75,1.0,250,5000,0.6407016708601694,0.3285013212533031,0.9390551447868347,3
75,1.0,500,5000,0.5319186018324928,0.26524726311815777,0.7036216259002686,3
75,1.0,1000,5000,0.6450832590956375,0.2329935824839562,0.749484121799469,3
75,1.0,10,10000,0.3590299531323503,0.13953944884862213,0.35462096333503723,2
75,1.0,25,10000,0.34933234545722774,0.11611929029822575,0.339165598154068,2
75,1.0,50,10000,0.3485000242458113,0.1154246885617214,0.3379404544830322,2
75,1.0,100,10000,0.3471533908384602,0.11412608531521329,0.3346327841281891,2
75,1.0,250,10000,0.3438025322161627,0.09257833144582861,0.3053147494792938,2
75,1.0,500,10000,0.37472344189305534,0.16736881842204607,0.3812658488750458,2
75,1.0,1000,10000,0.5208307347942794,0.17846734616836543,0.5193926692008972,2
75,1.0,10,15000,0.3590299531323503,0.13953944884862213,0.35462096333503723,2
75,1.0,25,15000,0.34933234545722774,0.11611929029822575,0.339165598154068,2
75,1.0,50,15000,0.3485000242458113,0.1154246885617214,0.3379405736923218,2
75,1.0,100,15000,0.3471533908384602,0.11412608531521329,0.3346327245235443,2
75,1.0,250,15000,0.3438025322161627,0.09257833144582861,0.3053147494792938,2
75,1.0,500,15000,0.37472344189305534,0.16736881842204607,0.3812658488750458,2
75,1.0,1000,15000,0.5208307347942794,0.17846734616836543,0.519392728805542,2
75,1.0,10,20000,0.0,1.0,,0
75,1.0,25,20000,0.0,1.0,,0
75,1.0,50,20000,0.0,1.0,,0
75,1.0,100,20000,0.0,1.0,,0
75,1.0,250,20000,0.0,1.0,,0
75,1.0,500,20000,0.0,1.0,,0
75,1.0,1000,20000,0.5208307347942794,0.17846734616836543,0.5193927884101868,2
75,1.0,10,22000,0.0,1.0,,0
75,1.0,25,22000,0.0,1.0,,0
75,1.0,50,22000,0.0,1.0,,0
75,1.0,100,22000,0.0,1.0,,0
75,1.0,250,22000,0.0,1.0,,0
75,1.0,500,22000,0.0,1.0,,0
75,1.0,1000,22000,0.0,1.0,,0
100,1.0,10,50,0.4861400768819189,0.07027557568893922,0.31757432222366333,149
100,1.0,25,50,0.4909607302106225,0.1057908644771612,0.19879700243473053,135
100,1.0,50,50,0.4888725906295925,0.06462816157040392,0.3571089506149292,100
100,1.0,100,50,0.4885551986746434,0.10394865987164968,0.6913287043571472,57
100,1.0,250,50,0.49695017047630924,0.1492336730841827,0.7689879536628723,30
100,1.0,500,50,0.4917432833204943,0.1973423933559834,0.8386955857276917,17
100,1.0,1000,50,0.5018221214358008,0.27551528878822196,0.8953028917312622,13
100,1.0,10,100,0.4882331547355384,0.053499433748584374,0.582736611366272,81
100,1.0,25,100,0.49033206788645806,0.07492638731596829,0.6005620956420898,70
100,1.0,50,100,0.49217356865713596,0.06974707436768592,0.5801267027854919,62
100,1.0,100,100,0.48868885341438983,0.10588146470366176,0.6898368000984192,49
100,1.0,250,100,0.4974854978872572,0.1519818799546999,0.7728438377380371,28
100,1.0,500,100,0.4917432833204943,0.1973423933559834,0.8386954665184021,17
100,1.0,1000,100,0.5018221214358008,0.27551528878822196,0.8953031301498413,13
100,1.0,10,250,0.4896094822953619,0.0802869007172518,0.6283804774284363,38
100,1.0,25,250,0.4970395109348712,0.06488486221215553,0.6533777117729187,33
100,1.0,50,250,0.4941710143935438,0.0864477161192903,0.6643404960632324,32
100,1.0,100,250,0.49101487242533587,0.1143827859569649,0.7184345126152039,30
100,1.0,250,250,0.49846563641206176,0.1487353718384296,0.78171706199646,25
100,1.0,500,250,0.4917432833204943,0.1973423933559834,0.8386955857276917,17
100,1.0,1000,250,0.5035792217092737,0.2790033975084938,0.8948283791542053,12
100,1.0,10,500,0.4946377199259483,0.10274065685164213,0.6863911151885986,23
100,1.0,25,500,0.4973322428213992,0.09313703284258211,0.6686229705810547,22
100,1.0,50,500,0.49603028258444315,0.09802944507361268,0.6762915849685669,23
100,1.0,100,500,0.4916594606300112,0.12468101170252925,0.7208932042121887,19
100,1.0,250,500,0.4971144853618854,0.16016610041525103,0.7759923934936523,17
100,1.0,500,500,0.4917432833204943,0.1973423933559834,0.8386955261230469,17
100,1.0,1000,500,0.5057781187978789,0.2832163080407701,0.8974993824958801,11
100,1.0,10,1000,0.49478980494868735,0.15747829369573424,0.7212117314338684,15
100,1.0,25,1000,0.49914721697395753,0.16558701396753492,0.7069616913795471,14
100,1.0,50,1000,0.49561640801626705,0.15282748206870517,0.7274642586708069,15
100,1.0,100,1000,0.4988391639806711,0.18165345413363534,0.7714350819587708,14
100,1.0,250,1000,0.5101078539877533,0.20709701774254435,0.7754040956497192,11
100,1.0,500,1000,0.504588469205147,0.2319516798791997,0.8104174733161926,11
100,1.0,1000,1000,0.5814981387314211,0.24570781426953567,0.8355032801628113,8
100,1.0,10,2500,0.58817654492807,0.12289920724801812,0.6017000675201416,5
100,1.0,25,2500,0.6415195253039604,0.11527368818422046,0.6501967906951904,6
100,1.0,50,2500,0.6489038991456151,0.16066440166100415,0.7117693424224854,6
100,1.0,100,2500,0.6017807744897122,0.20246130615326538,0.6902754306793213,4
100,1.0,250,2500,0.5592812838825277,0.13275953189882975,0.543709397315979,5
100,1.0,500,2500,0.5809849953965784,0.19383918459796148,0.616162896156311,4
100,1.0,1000,2500,0.7239112617745685,0.31199697999244996,0.8672624230384827,3
100,1.0,10,5000,0.5776244628919704,0.21401283503208757,0.8026626110076904,2
100,1.0,25,5000,0.6679209552710147,0.26313325783314456,0.8575265407562256,2
100,1.0,50,5000,0.6731329594156513,0.27143827859569647,0.8666300773620605,2
100,1.0,100,5000,0.6730620333923006,0.2949943374858437,0.8622012138366699,2
100,1.0,250,5000,0.6412195903756457,0.2676934692336731,0.7729564905166626,2
100,1.0,500,5000,0.6455672221813513,0.2805738014345036,0.765565037727356,2
100,1.0,1000,5000,0.7741294046167506,0.35929029822574554,0.939465343952179,2
100,1.0,10,10000,0.5776244628919704,0.21401283503208757,0.8026625514030457,2
100,1.0,25,10000,0.6679209552710147,0.26313325783314456,0.8575267195701599,2
100,1.0,50,10000,0.6731329594156513,0.27143827859569647,0.8666304349899292,2
100,1.0,100,10000,0.6730620333923006,0.2949943374858437,0.8622011542320251,2
100,1.0,250,10000,0.6412195903756457,0.2676934692336731,0.7729563117027283,2
100,1.0,500,10000,0.6455672221813513,0.2805738014345036,0.765565037727356,2
100,1.0,1000,10000,0.7741294046167506,0.35929029822574554,0.9394655227661133,2
100,1.0,10,15000,0.5776244628919704,0.21401283503208757,0.8026628494262695,2
100,1.0,25,15000,0.6679209552710147,0.26313325783314456,0.8575267195701599,2
100,1.0,50,15000,0.6731329594156513,0.27143827859569647,0.8666301965713501,2
100,1.0,100,15000,0.6730620333923006,0.2949943374858437,0.8622011542320251,2
100,1.0,250,15000,0.6412195903756457,0.2676934692336731,0.772956371307373,2
100,1.0,500,15000,0.6455672221813513,0.2805738014345036,0.765565037727356,2
100,1.0,1000,15000,0.7741294046167506,0.35929029822574554,0.9394654035568237,2
100,1.0,10,20000,0.5776244628919704,0.21401283503208757,0.80266273021698,2
100,1.0,25,20000,0.6679209552710147,0.26313325783314456,0.8575267195701599,2
100,1.0,50,20000,0.6731329594156513,0.27143827859569647,0.8666301965713501,2
100,1.0,100,20000,0.6730620333923006,0.2949943374858437,0.8622011542320251,2
100,1.0,250,20000,0.6412195903756457,0.2676934692336731,0.7729564905166626,2
100,1.0,500,20000,0.6455672221813513,0.2805738014345036,0.7655652165412903,2
100,1.0,1000,20000,0.7741294046167506,0.35929029822574554,0.9394654035568237,2
100,1.0,10,22000,0.5776244628919704,0.21401283503208757,0.80266273021698,2
100,1.0,25,22000,0.6679209552710147,0.26313325783314456,0.8575267195701599,2
100,1.0,50,22000,0.6731329594156513,0.27143827859569647,0.8666302561759949,2
100,1.0,100,22000,0.6730620333923006,0.2949943374858437,0.8622012138366699,2
100,1.0,250,22000,0.0,1.0,,0
100,1.0,500,22000,0.0,1.0,,0
100,1.0,1000,22000,0.0,1.0,,0
