n_neighbors,min_dist,min_samples,min_cluster_size,ari,noise_fraction,silhouette,n_clusters
10,0.0,10,50,0.1046734506565465,0.4318912797281993,-0.30649393796920776,246
10,0.0,25,50,0.10344329592844782,0.5114835787089468,-0.21993565559387207,203
10,0.0,50,50,0.10278487737571847,0.5717629294073235,-0.1650020331144333,166
10,0.0,100,50,0.09011827181175693,0.5997885994714987,-0.029379265382885933,86
10,0.0,250,50,0.06511820547258539,0.7014571536428841,0.46382248401641846,38
10,0.0,500,50,0.07823776188643988,0.7155454888637222,0.42406943440437317,19
10,0.0,1000,50,0.05938958512724607,0.7741336353340883,0.8023020625114441,11
10,0.0,10,100,0.1104997565294141,0.48303510758776896,-0.22919057309627533,116
10,0.0,25,100,0.10616202697892925,0.5463495658739147,-0.10489805787801743,105
10,0.0,50,100,0.10774238450007018,0.5774707436768592,-0.06160052493214607,86
10,0.0,100,100,0.09588017725019264,0.6013590033975085,-0.046628788113594055,71
10,0.0,250,100,0.10407912494482416,0.6540430351075878,0.2880593538284302,31
10,0.0,500,100,0.0786994480313038,0.7175235938089846,0.44077005982398987,17
10,0.0,1000,100,0.05938958512724607,0.7741336353340883,0.8023020029067993,11
10,0.0,10,250,0.06493965305725022,0.591211778029445,0.06623580306768417,43
10,0.0,25,250,0.09470738174827625,0.5898980747451869,0.13310857117176056,38
10,0.0,50,250,0.10215140705821742,0.6217289543223858,0.13575981557369232,34
10,0.0,100,250,0.09698434446587295,0.6300641751604379,0.18439924716949463,32
10,0.0,250,250,0.10771062295821791,0.6518988297470744,0.26230859756469727,29
10,0.0,500,250,0.077618030232765,0.7222801057002642,0.4569346010684967,15
10,0.0,1000,250,0.05921801667552287,0.7759456398640997,0.8167500495910645,10
10,0.0,10,500,0.0828721681719265,0.6307436768591922,0.2101001739501953,18
10,0.0,25,500,0.10298167117636986,0.6306983767459419,0.25863081216812134,19
10,0.0,50,500,0.1290783669091914,0.6281162702906757,0.19980359077453613,17
10,0.0,100,500,0.13908352759607662,0.6435636089090223,0.17610813677310944,16
10,0.0,250,500,0.10124950540109333,0.703042657606644,0.3031739592552185,13
10,0.0,500,500,0.08055135491694529,0.720483201208003,0.43088626861572266,12
10,0.0,1000,500,0.05921801667552287,0.7759456398640997,0.8167499899864197,10
10,0.0,10,1000,0.10274598652378089,0.523352208380521,0.06793525069952011,12
10,0.0,25,1000,0.0031269931773512307,0.028433371083427708,-0.14015890657901764,2
10,0.0,50,1000,0.11754582211726348,0.6534541336353341,0.41602569818496704,11
10,0.0,100,1000,0.12639123133583063,0.6565798414496036,0.386111855506897,11
10,0.0,250,1000,0.09736748618144499,0.7074518686296716,0.39042145013809204,9
10,0.0,500,1000,0.08894459041672696,0.710879577198943,0.522332489490509,10
10,0.0,1000,1000,0.06103701494238076,0.7863646659116648,0.8706836104393005,8
10,0.0,10,2500,0.038229175536428565,0.3329860324650812,0.16750451922416687,2
10,0.0,25,2500,0.03907820786635986,0.34961117402793507,0.2032882273197174,2
10,0.0,50,2500,0.04309042411113821,0.31847489618724045,0.022939374670386314,3
10,0.0,100,2500,0.0660261301924589,0.40523971309928275,0.04629667475819588,3
10,0.0,250,2500,0.057748561501974285,0.6440770101925255,0.2604316771030426,2
10,0.0,500,2500,0.06116504014057765,0.7575386938467347,0.633329451084137,4
10,0.0,1000,2500,0.05655638236267767,0.7800226500566252,0.9026603698730469,2
10,0.0,10,5000,0.0,1.0,,0
10,0.0,25,5000,0.03907820786635986,0.34961117402793507,0.2032882422208786,2
10,0.0,50,5000,0.0,1.0,,0
10,0.0,100,5000,0.0,1.0,,0
10,0.0,250,5000,0.057748561501974285,0.6440770101925255,0.2604316771030426,2
10,0.0,500,5000,0.0,1.0,,0
10,0.0,1000,5000,0.05655638236267767,0.7800226500566252,0.9026603698730469,2
10,0.0,10,10000,0.0,1.0,,0
10,0.0,25,10000,0.0,1.0,,0
10,0.0,50,10000,0.0,1.0,,0
10,0.0,100,10000,0.0,1.0,,0
10,0.0,250,10000,0.0,1.0,,0
10,0.0,500,10000,0.0,1.0,,0
10,0.0,1000,10000,0.0,1.0,,0
10,0.0,10,15000,0.0,1.0,,0
10,0.0,25,15000,0.0,1.0,,0
10,0.0,50,15000,0.0,1.0,,0
10,0.0,100,15000,0.0,1.0,,0
10,0.0,250,15000,0.0,1.0,,0
10,0.0,500,15000,0.0,1.0,,0
10,0.0,1000,15000,0.0,1.0,,0
10,0.0,10,20000,0.0,1.0,,0
10,0.0,25,20000,0.0,1.0,,0
10,0.0,50,20000,0.0,1.0,,0
10,0.0,100,20000,0.0,1.0,,0
10,0.0,250,20000,0.0,1.0,,0
10,0.0,500,20000,0.0,1.0,,0
10,0.0,1000,20000,0.0,1.0,,0
10,0.0,10,22000,0.0,1.0,,0
10,0.0,25,22000,0.0,1.0,,0
10,0.0,50,22000,0.0,1.0,,0
10,0.0,100,22000,0.0,1.0,,0
10,0.0,250,22000,0.0,1.0,,0
10,0.0,500,22000,0.0,1.0,,0
10,0.0,1000,22000,0.0,1.0,,0
15,0.0,10,50,0.14669475826880807,0.3737259343148358,-0.2456544041633606,206
15,0.0,25,50,0.1695438214763075,0.4233144582861457,-0.16899172961711884,189
15,0.0,50,50,0.16931031743042826,0.4290373725934315,-0.1017216220498085,137
15,0.0,100,50,0.1534297557955411,0.5052623631559079,0.2271096259355545,70
15,0.0,250,50,0.12829009540884798,0.5362476406191016,0.4431256353855133,31
15,0.0,500,50,0.1157675242968761,0.5600453001132503,0.6867407560348511,21
15,0.0,1000,50,0.08190497089489242,0.6318157795394489,0.8311861753463745,13
15,0.0,10,100,0.17752377419224868,0.3860626651566629,0.2629129886627197,93
15,0.0,25,100,0.17088453731188205,0.40365420913552286,0.10402145236730576,83
15,0.0,50,100,0.15981827573434548,0.42381275953189884,0.08092466741800308,79
15,0.0,100,100,0.16185794567023615,0.49810494526236315,0.197858065366745,65
15,0.0,250,100,0.14329838855408356,0.5092638731596829,0.597197949886322,29
15,0.0,500,100,0.11479402820757995,0.5634277085692714,0.7303561568260193,18
15,0.0,1000,100,0.08171947204460774,0.6331294828237071,0.8446313738822937,12
15,0.0,10,250,0.17092126978148806,0.41198942997357496,0.3544095754623413,34
15,0.0,25,250,0.17053514717934118,0.4104794261985655,0.3476475775241852,32
15,0.0,50,250,0.1833004665238301,0.4029294073235183,0.3424350321292877,34
15,0.0,100,250,0.18543007543073456,0.4591468478671197,0.4748700261116028,29
15,0.0,250,250,0.14534167139212323,0.5068931672329181,0.59281986951828,26
15,0.0,500,250,0.11448960018171656,0.5683352208380521,0.7420609593391418,16
15,0.0,1000,250,0.08122909536895546,0.6346394865987165,0.8560171127319336,11
15,0.0,10,500,0.14130701422477207,0.4880483201208003,0.5272213816642761,18
15,0.0,25,500,0.1346264988080949,0.4798942997357493,0.5085950493812561,18
15,0.0,50,500,0.1486239847714286,0.4950245375613439,0.5760313272476196,16
15,0.0,100,500,0.15267804734550955,0.5189731974329935,0.6226319670677185,16
15,0.0,250,500,0.11451163714325567,0.550728576821442,0.6451569199562073,17
15,0.0,500,500,0.11448960018171656,0.5683352208380521,0.7420608997344971,16
15,0.0,1000,500,0.08122909536895546,0.6346394865987165,0.8560171723365784,11
15,0.0,10,1000,0.17245504152920918,0.401117402793507,0.5701804161071777,10
15,0.0,25,1000,0.13493691749628542,0.4248999622499056,0.6878703236579895,11
15,0.0,50,1000,0.14345590536353517,0.19426198565496414,-0.035448990762233734,8
15,0.0,100,1000,0.13250673142065292,0.4360588901472254,0.7041466236114502,11
15,0.0,250,1000,0.11654891811848518,0.22586636466591167,-0.031528931111097336,7
15,0.0,500,1000,0.15291949217130318,0.43272178180445453,0.5775926113128662,10
15,0.0,1000,1000,0.127697497763281,0.48983012457531144,0.6541705131530762,9
15,0.0,10,2500,0.0955291469708776,0.17840694601736504,0.12152265757322311,2
15,0.0,25,2500,0.06541298586072283,0.15364288410721028,0.11453203111886978,2
15,0.0,50,2500,0.03923063958304513,0.1479048697621744,0.09224088490009308,2
15,0.0,100,2500,0.02975590602794379,0.16116270290675727,0.09423629194498062,2
15,0.0,250,2500,0.1939729109033777,0.535039637599094,0.6337182521820068,3
15,0.0,500,2500,0.18321254910496462,0.5518761796904492,0.748318612575531,3
15,0.0,1000,2500,0.15493717348170666,0.4934239335598339,0.646430253982544,5
15,0.0,10,5000,0.20260425558704348,0.6120498301245753,0.7860085368156433,2
15,0.0,25,5000,0.20078671650887278,0.6137561343903359,0.7344121932983398,2
15,0.0,50,5000,0.20640174387911328,0.5699660249150623,0.5713736414909363,2
15,0.0,100,5000,0.24252428157785486,0.5439788599471499,0.611038327217102,2
15,0.0,250,5000,0.21576133747291518,0.579841449603624,0.6789591312408447,2
15,0.0,500,5000,0.206602807966384,0.6083956209890524,0.7758086919784546,2
15,0.0,1000,5000,0.16765590616332354,0.5273990184975462,0.7577217817306519,3
15,0.0,10,10000,0.20260425558704348,0.6120498301245753,0.786008358001709,2
15,0.0,25,10000,0.0,1.0,,0
15,0.0,50,10000,0.20640174387911328,0.5699660249150623,0.5713736414909363,2
15,0.0,100,10000,0.24252428157785486,0.5439788599471499,0.611038327217102,2
15,0.0,250,10000,0.21576133747291518,0.579841449603624,0.6789590120315552,2
15,0.0,500,10000,0.206602807966384,0.6083956209890524,0.7758087515830994,2
15,0.0,1000,10000,0.182406418175877,0.6283880709701775,0.7842723727226257,2
15,0.0,10,15000,0.0,1.0,,0
15,0.0,25,15000,0.0,1.0,,0
15,0.0,50,15000,0.0,1.0,,0
15,0.0,100,15000,0.0,1.0,,0
15,0.0,250,15000,0.0,1.0,,0
15,0.0,500,15000,0.0,1.0,,0
15,0.0,1000,15000,0.0,1.0,,0
15,0.0,10,20000,0.0,1.0,,0
15,0.0,25,20000,0.0,1.0,,0
15,0.0,50,20000,0.0,1.0,,0
15,0.0,100,20000,0.0,1.0,,0
15,0.0,250,20000,0.0,1.0,,0
15,0.0,500,20000,0.0,1.0,,0
15,0.0,1000,20000,0.0,1.0,,0
15,0.0,10,22000,0.0,1.0,,0
15,0.0,25,22000,0.0,1.0,,0
15,0.0,50,22000,0.0,1.0,,0
15,0.0,100,22000,0.0,1.0,,0
15,0.0,250,22000,0.0,1.0,,0
15,0.0,500,22000,0.0,1.0,,0
15,0.0,1000,22000,0.0,1.0,,0
30,0.0,10,50,0.3516807655163369,0.24179690449226124,-0.20612886548042297,191
30,0.0,25,50,0.3579294768420161,0.2289769724424311,-0.27825841307640076,176
30,0.0,50,50,0.3518699882217109,0.25220083050207626,-0.24838346242904663,153
30,0.0,100,50,0.35127385076904805,0.2876557191392978,-0.14029252529144287,76
30,0.0,250,50,0.3365844930871083,0.3360815402038505,0.08710180968046188,29
30,0.0,500,50,0.34189166551107253,0.4013741034352586,0.19416703283786774,17
30,0.0,1000,50,0.35242856440910525,0.3490222725556814,0.22710180282592773,13
30,0.0,10,100,0.34328394763601155,0.2327821819554549,-0.22999899089336395,85
30,0.0,25,100,0.3573364966878879,0.2225745564363911,-0.15288124978542328,90
30,0.0,50,100,0.3619614327572282,0.22832767081917704,-0.03812617436051369,77
30,0.0,100,100,0.3485646717432679,0.25816534541336356,-0.052488476037979126,65
30,0.0,250,100,0.34167240748846517,0.33063042657606645,0.10209114104509354,27
30,0.0,500,100,0.3589447189040616,0.3036164590411476,0.21350054442882538,15
30,0.0,1000,100,0.3514874447477606,0.35050207625519064,0.22978098690509796,12
30,0.0,10,250,0.3323809564913222,0.27513778784446963,0.006676973309367895,33
30,0.0,25,250,0.33888013892466257,0.26003775009437524,0.031033333390951157,31
30,0.0,50,250,0.3524908202160755,0.26050585126462816,0.039979249238967896,29
30,0.0,100,250,0.33920876413843215,0.2837297093242733,0.07873918116092682,28
30,0.0,250,250,0.3408187625010234,0.333922234805587,0.10658608376979828,26
30,0.0,500,250,0.35944266201305164,0.3036164590411476,0.2050548493862152,14
30,0.0,1000,250,0.35156328239005297,0.3529482823707059,0.22989091277122498,11
30,0.0,10,500,0.43750597412813275,0.1999697999244998,0.08466583490371704,17
30,0.0,25,500,0.31839040684782055,0.3216459041147603,0.1776742786169052,16
30,0.0,50,500,0.35156383607063013,0.28502831257078143,0.12679694592952728,19
30,0.0,100,500,0.3423761299570034,0.3195620989052473,0.19635455310344696,16
30,0.0,250,500,0.34452420316391813,0.36279350698376744,0.20308783650398254,15
30,0.0,500,500,0.35944266201305164,0.3036164590411476,0.2050548791885376,14
30,0.0,1000,500,0.3449553491260325,0.35264628161570405,0.15940476953983307,10
30,0.0,10,1000,0.44337556149569685,0.14485466213665535,-0.13808785378932953,10
30,0.0,25,1000,0.40294363148915474,0.13377123442808608,-0.06182941421866417,9
30,0.0,50,1000,0.34182425394063687,0.32356360890902225,0.19209153950214386,14
30,0.0,100,1000,0.33856459384451515,0.3386032465081163,0.20437119901180267,14
30,0.0,250,1000,0.3217311644663912,0.3613590033975085,0.12770938873291016,13
30,0.0,500,1000,0.3611002511261446,0.2948282370705927,0.15586885809898376,11
30,0.0,1000,1000,0.3449553491260325,0.35264628161570405,0.15940473973751068,10
30,0.0,10,2500,0.5026825629192494,0.29845224613061533,0.5454160571098328,3
30,0.0,25,2500,0.47292075150193136,0.27187617969044925,0.5085985064506531,3
30,0.0,50,2500,0.41179678168493233,0.2802869007172518,0.528364896774292,3
30,0.0,100,2500,0.3949407510383842,0.2963835409588524,0.5309128165245056,3
30,0.0,250,2500,0.3463738155049314,0.30219705549263876,0.5560312271118164,3
30,0.0,500,2500,0.35421586766709573,0.35479048697621746,0.4742535650730133,5
30,0.0,1000,2500,0.33949847662521515,0.3774556436391091,0.4524204432964325,5
30,0.0,10,5000,0.5493672896681148,0.3521328803322008,0.6415839791297913,2
30,0.0,25,5000,0.5229353673407554,0.3272480181200453,0.6065266132354736,2
30,0.0,50,5000,0.4532691740849862,0.33571913929784825,0.6514243483543396,2
30,0.0,100,5000,0.4329424536806581,0.3501698754246886,0.6564536094665527,2
30,0.0,250,5000,0.3765721828707285,0.3549263873159683,0.7059788107872009,2
30,0.0,500,5000,0.3513325593834612,0.4501774254435636,0.8107364177703857,2
30,0.0,1000,5000,0.3826580502322669,0.5670668176670441,0.9537445306777954,2
30,0.0,10,10000,0.5493672896681148,0.3521328803322008,0.6415838599205017,2
30,0.0,25,10000,0.5229353673407554,0.3272480181200453,0.6065266728401184,2
30,0.0,50,10000,0.4532691740849862,0.33571913929784825,0.6514243483543396,2
30,0.0,100,10000,0.4329424536806581,0.3501698754246886,0.6564536690711975,2
30,0.0,250,10000,0.3765721828707285,0.3549263873159683,0.7059789896011353,2
30,0.0,500,10000,0.3513325593834612,0.4501774254435636,0.8107365965843201,2
30,0.0,1000,10000,0.3826580502322669,0.5670668176670441,0.9537447690963745,2
30,0.0,10,15000,0.5493672896681148,0.3521328803322008,0.6415838599205017,2
30,0.0,25,15000,0.5229353673407554,0.3272480181200453,0.6065266728401184,2
30,0.0,50,15000,0.4532691740849862,0.33571913929784825,0.65142422914505,2
30,0.0,100,15000,0.4329424536806581,0.3501698754246886,0.6564536094665527,2
30,0.0,250,15000,0.3765721828707285,0.3549263873159683,0.7059788107872009,2
30,0.0,500,15000,0.3513325593834612,0.4501774254435636,0.8107365965843201,2
30,0.0,1000,15000,0.0,1.0,,0
30,0.0,10,20000,0.0,1.0,,0
30,0.0,25,20000,0.0,1.0,,0
30,0.0,50,20000,0.0,1.0,,0
30,0.0,100,20000,0.0,1.0,,0
30,0.0,250,20000,0.3765721828707285,0.3549263873159683,0.7059789299964905,2
30,0.0,500,20000,0.0,1.0,,0
30,0.0,1000,20000,0.0,1.0,,0
30,0.0,10,22000,0.0,1.0,,0
30,0.0,25,22000,0.0,1.0,,0
30,0.0,50,22000,0.0,1.0,,0
30,0.0,100,22000,0.0,1.0,,0
30,0.0,250,22000,0.0,1.0,,0
30,0.0,500,22000,0.0,1.0,,0
30,0.0,1000,22000,0.0,1.0,,0
50,0.0,10,50,0.41271526720045143,0.08502831257078143,-0.21870943903923035,185
50,0.0,25,50,0.41002622514457365,0.12383540958852397,-0.21212443709373474,177
50,0.0,50,50,0.40840546840787284,0.13138542846357115,-0.1806015819311142,156
50,0.0,100,50,0.4201345075999287,0.12851642129105323,-61.431819915771484,73
50,0.0,250,50,0.403023322633333,0.18859947149867876,0.7057438492774963,34
50,0.0,500,50,0.3883405091976899,0.2494073235183088,0.7480678558349609,18
50,0.0,1000,50,0.3787643615903223,0.3113929784824462,0.7643066644668579,12
50,0.0,10,100,0.42865895163605205,0.08431861079652699,0.09452853351831436,89
50,0.0,25,100,0.4204585592230505,0.091521328803322,0.1580422967672348,85
50,0.0,50,100,0.4218666351063257,0.10825217063042658,0.4783543348312378,88
50,0.0,100,100,0.42059945911986724,0.12274820687051717,-49.26987075805664,69
50,0.0,250,100,0.403023322633333,0.18859947149867876,0.7057276368141174,34
50,0.0,500,100,0.388453508661095,0.2505096262740657,0.7672598958015442,17
50,0.0,1000,100,0.3787643615903223,0.3113929784824462,0.7643067836761475,12
50,0.0,10,250,0.434516542855236,0.12501321253303133,0.6116976141929626,38
50,0.0,25,250,0.4293711566671657,0.12256700641751604,0.6198285818099976,34
50,0.0,50,250,0.428658822039377,0.12925632314080784,0.6261389851570129,34
50,0.0,100,250,0.4236482817392319,0.13651944129860324,0.6147588491439819,34
50,0.0,250,250,0.40341964948078274,0.19054737636844093,0.7250826358795166,30
50,0.0,500,250,0.388453508661095,0.2505096262740657,0.7672598958015442,17
50,0.0,1000,250,0.37931185831656916,0.31359758399396,0.7717776298522949,11
50,0.0,10,500,0.43561546749486324,0.18141185352963382,0.6559875011444092,20
50,0.0,25,500,0.42579536748787966,0.16599471498678747,0.6068152189254761,19
50,0.0,50,500,0.42973147783185417,0.15226878067195168,0.5771766304969788,18
50,0.0,100,500,0.42596081610814013,0.16758021895054737,0.6085295677185059,19
50,0.0,250,500,0.4044200725742042,0.22073235183087958,0.7159632444381714,17
50,0.0,500,500,0.388453508661095,0.2505096262740657,0.7672597169876099,17
50,0.0,1000,500,0.37931185831656916,0.31359758399396,0.7717778086662292,11
50,0.0,10,1000,0.43778167827495557,0.22965647414118534,0.63048255443573,12
50,0.0,25,1000,0.42718812504174825,0.24388070970177425,0.6919593214988708,12
50,0.0,50,1000,0.43124721199099414,0.19868629671574178,0.6000850200653076,14
50,0.0,100,1000,0.43873134076077325,0.2063873159682899,0.5207043886184692,12
50,0.0,250,1000,0.4052081379303826,0.24477161192902983,0.675288200378418,12
50,0.0,500,1000,0.39203657070377573,0.2787466968667422,0.7297646999359131,11
50,0.0,1000,1000,0.37931185831656916,0.31359758399396,0.7717776894569397,11
50,0.0,10,2500,0.5578036461942028,0.2672253680634202,0.5758057236671448,4
50,0.0,25,2500,0.402626234060789,0.18289165722914308,0.32247787714004517,3
50,0.0,50,2500,0.5187212106738656,0.3981426953567384,0.7903975248336792,5
50,0.0,100,2500,0.570009061343572,0.3105322763306908,0.830510139465332,5
50,0.0,250,2500,0.5320419996431967,0.3458059645149113,0.7522135376930237,4
50,0.0,500,2500,0.5193966467515179,0.30337485843714607,0.7842214107513428,5
50,0.0,1000,2500,0.5482896621798813,0.30355605889014725,0.865463376045227,5
50,0.0,10,5000,0.4719466670362159,0.2617138542846357,0.4630107879638672,2
50,0.0,25,5000,0.4354483629189592,0.2345941864854662,0.43035539984703064,2
50,0.0,50,5000,0.3494689993984523,0.15180067950169876,0.35519862174987793,2
50,0.0,100,5000,0.349393181481072,0.08460551151377878,0.3025681674480438,2
50,0.0,250,5000,0.3322217067059717,0.055402038505096264,0.2599497437477112,2
50,0.0,500,5000,0.3329191638057879,0.09846734616836542,0.30191025137901306,2
50,0.0,1000,5000,0.3323515430344939,0.0920800302000755,0.2854931950569153,2
50,0.0,10,10000,0.4719466670362159,0.2617138542846357,0.4630107581615448,2
50,0.0,25,10000,0.4354483629189592,0.2345941864854662,0.4303554892539978,2
50,0.0,50,10000,0.3494689993984523,0.15180067950169876,0.35519862174987793,2
50,0.0,100,10000,0.349393181481072,0.08460551151377878,0.3025681972503662,2
50,0.0,250,10000,0.3322217067059717,0.055402038505096264,0.2599497437477112,2
50,0.0,500,10000,0.3329191638057879,0.09846734616836542,0.30191025137901306,2
50,0.0,1000,10000,0.3323515430344939,0.0920800302000755,0.2854931652545929,2
50,0.0,10,15000,0.4719466670362159,0.2617138542846357,0.4630108177661896,2
50,0.0,25,15000,0.4354483629189592,0.2345941864854662,0.43035539984703064,2
50,0.0,50,15000,0.3494689993984523,0.15180067950169876,0.35519859194755554,2
50,0.0,100,15000,0.349393181481072,0.08460551151377878,0.3025681972503662,2
50,0.0,250,15000,0.3322217067059717,0.055402038505096264,0.2599497437477112,2
50,0.0,500,15000,0.3329191638057879,0.09846734616836542,0.30191025137901306,2
50,0.0,1000,15000,0.3323515430344939,0.0920800302000755,0.2854931652545929,2
50,0.0,10,20000,0.0,1.0,,0
50,0.0,25,20000,0.0,1.0,,0
50,0.0,50,20000,0.0,1.0,,0
50,0.0,100,20000,0.0,1.0,,0
50,0.0,250,20000,0.0,1.0,,0
50,0.0,500,20000,0.0,1.0,,0
50,0.0,1000,20000,0.0,1.0,,0
50,0.0,10,22000,0.0,1.0,,0
50,0.0,25,22000,0.0,1.0,,0
50,0.0,50,22000,0.0,1.0,,0
50,0.0,100,22000,0.0,1.0,,0
50,0.0,250,22000,0.0,1.0,,0
50,0.0,500,22000,0.0,1.0,,0
50,0.0,1000,22000,0.0,1.0,,0
75,0.0,10,50,0.48069054092303365,0.06251415628539071,0.3199087381362915,166
75,0.0,25,50,0.4783346296942389,0.08588901472253681,0.2787206470966339,166
75,0.0,50,50,0.4819952394338928,0.10793506983767459,677.8627319335938,151
75,0.0,100,50,0.4954831005032142,0.11790109475273688,0.35794925689697266,78
75,0.0,250,50,0.4979952441212231,0.09075122687806719,0.7520707845687866,30
75,0.0,500,50,0.49975103580808133,0.10909777274443186,0.7292895913124084,21
75,0.0,1000,50,0.5129928248510199,0.18619856549641375,0.8191652894020081,14
75,0.0,10,100,0.4920272761737105,0.04327670819177048,0.6116983890533447,84
75,0.0,25,100,0.4848125669634279,0.09328803322008306,0.6165980100631714,91
75,0.0,50,100,0.49109005279346846,0.06832767081917705,0.3581363260746002,81
75,0.0,100,100,0.49016754527756184,0.07225368063420158,0.4255118668079376,69
75,0.0,250,100,0.49825791477676734,0.08844092110230276,0.7458519339561462,29
75,0.0,500,100,0.5012962017086077,0.10422046055115138,0.7082281708717346,20
75,0.0,1000,100,0.5129928248510199,0.18619856549641375,0.8191654086112976,14
75,0.0,10,250,0.5036121560523722,0.03557568893922235,0.6458730697631836,35
75,0.0,25,250,0.5022060942685641,0.03735749339373348,0.6403126120567322,36
75,0.0,50,250,0.5036218218052154,0.03254058135145338,0.6289292573928833,31
75,0.0,100,250,0.5013363491832085,0.05573423933559834,0.6846646666526794,31
75,0.0,250,250,0.49825791477676734,0.08844092110230276,0.7458519339561462,29
75,0.0,500,250,0.5009768178157084,0.10609286523216307,0.7086886167526245,19
75,0.0,1000,250,0.5142411474352123,0.18906757266893168,0.8193209767341614,13
75,0.0,10,500,0.5057367789776901,0.051309928274820685,0.6056255102157593,21
75,0.0,25,500,0.49972686037948455,0.08726311815779539,0.6784335374832153,21
75,0.0,50,500,0.5022580875872049,0.06687806719516799,0.6462527513504028,22
75,0.0,100,500,0.49888037362279963,0.0936806342015855,0.7187594771385193,23
75,0.0,250,500,0.4987388608914932,0.10539826349565874,0.7554848194122314,22
75,0.0,500,500,0.5009768178157084,0.10609286523216307,0.7086888551712036,19
75,0.0,1000,500,0.5142411474352123,0.18906757266893168,0.819320797920227,13
75,0.0,10,1000,0.5155333801322753,0.07595318988297471,0.6068733334541321,14
75,0.0,25,1000,0.5099675548968529,0.09715364288410722,0.6511198878288269,14
75,0.0,50,1000,0.5091932958759177,0.07611929029822574,0.6003658175468445,15
75,0.0,100,1000,0.512439675522679,0.14505096262740658,0.7386753559112549,12
75,0.0,250,1000,0.510346673521593,0.14778406946017364,0.7259038686752319,12
75,0.0,500,1000,0.5123874564202232,0.1221593053982635,0.6986753344535828,13
75,0.0,1000,1000,0.512758172076995,0.17597583993959984,0.7821819186210632,12
75,0.0,10,2500,0.5693738735838346,0.19069837674594187,0.6083418726921082,7
75,0.0,25,2500,0.5311262149135644,0.18559456398640997,0.7002201676368713,8
75,0.0,50,2500,0.5899279337995259,0.2533937334843337,0.6234354376792908,6
75,0.0,100,2500,0.4957883831456226,0.12552661381653454,0.5163034796714783,6
75,0.0,250,2500,0.4978487743717711,0.12092110230275575,0.43459227681159973,5
75,0.0,500,2500,0.5160927490877112,0.18130615326538316,0.45435190200805664,4
75,0.0,1000,2500,0.5865373951252979,0.29733484333710836,0.6801759004592896,5
75,0.0,10,5000,0.702635562016791,0.263676859192148,0.7496975064277649,3
75,0.0,25,5000,0.599153146914046,0.2993431483578709,0.6343578696250916,3
75,0.0,50,5000,0.5586613060653208,0.2462061155152888,0.6186949610710144,3
75,0.0,100,5000,0.5941866948830241,0.26483956209890525,0.5959136486053467,3
75,0.0,250,5000,0.5467731667923944,0.21642884107210267,0.5940157771110535,3
75,0.0,500,5000,0.5448449333503675,0.22935447338618348,0.6193704605102539,3
75,0.0,1000,5000,0.5834545816454715,0.39054737636844095,0.8296487331390381,3
75,0.0,10,10000,0.507358698838694,0.06835787089467724,0.3795216381549835,2
75,0.0,25,10000,0.599153146914046,0.2993431483578709,0.6343578696250916,3
75,0.0,50,10000,0.5586613060653208,0.2462061155152888,0.6186950206756592,3
75,0.0,100,10000,0.5941866948830241,0.26483956209890525,0.5959137082099915,3
75,0.0,250,10000,0.5467731667923944,0.21642884107210267,0.594015896320343,3
75,0.0,500,10000,0.5448449333503675,0.22935447338618348,0.6193703413009644,3
75,0.0,1000,10000,0.3484107164075579,0.01269913174782937,0.2670161724090576,2
75,0.0,10,15000,0.507358698838694,0.06835787089467724,0.37952154874801636,2
75,0.0,25,15000,0.3373425537300167,0.08474141185352964,0.28659912943840027,2
75,0.0,50,15000,0.5586613060653208,0.2462061155152888,0.6186949610710144,3
75,0.0,100,15000,0.3322769744073042,0.0692638731596829,0.2685486972332001,2
75,0.0,250,15000,0.5467731667923944,0.21642884107210267,0.594015896320343,3
75,0.0,500,15000,0.5448449333503675,0.22935447338618348,0.6193705201148987,3
75,0.0,1000,15000,0.3484107164075579,0.01269913174782937,0.2670161724090576,2
75,0.0,10,20000,0.507358698838694,0.06835787089467724,0.37952157855033875,2
75,0.0,25,20000,0.0,1.0,,0
75,0.0,50,20000,0.0,1.0,,0
75,0.0,100,20000,0.0,1.0,,0
75,0.0,250,20000,0.0,1.0,,0
75,0.0,500,20000,0.0,1.0,,0
75,0.0,1000,20000,0.0,1.0,,0
75,0.0,10,22000,0.0,1.0,,0
75,0.0,25,22000,0.0,1.0,,0
75,0.0,50,22000,0.0,1.0,,0
75,0.0,100,22000,0.0,1.0,,0
75,0.0,250,22000,0.0,1.0,,0
75,0.0,500,22000,0.0,1.0,,0
75,0.0,1000,22000,0.0,1.0,,0
100,0.0,10,50,0.481147516082042,0.055145337863344655,0.24024276435375214,171
100,0.0,25,50,0.47758793102345065,0.09553793884484711,0.22800278663635254,172
100,0.0,50,50,0.4804765481450289,0.10357115892789732,0.2716916799545288,151
100,0.0,100,50,0.48359958492193117,0.13011702529256322,0.3925188183784485,81
100,0.0,250,50,0.5023477258255299,0.08380520951302378,0.757481575012207,32
100,0.0,500,50,0.5035041192502079,0.13291053227633068,0.7978710532188416,19
100,0.0,1000,50,0.5069628975199224,0.16874292185730463,0.8490293622016907,15
100,0.0,10,100,0.48995754367384753,0.058527746319365796,0.4300263524055481,87
100,0.0,25,100,0.4863292300822596,0.08495281238203095,0.39000868797302246,83
100,0.0,50,100,0.49420850933197175,0.05007172517931295,0.37084048986434937,72
100,0.0,100,100,0.49039254358564544,0.10527746319365798,0.3951709568500519,72
100,0.0,250,100,0.5024012665583946,0.08318610796526991,0.7526489496231079,31
100,0.0,500,100,0.5036299711011856,0.1337259343148358,0.7997666597366333,18
100,0.0,1000,100,0.5069628975199224,0.16874292185730463,0.8490292429924011,15
100,0.0,10,250,0.5034609675588929,0.03710079275198188,0.7024978995323181,35
100,0.0,25,250,0.5026387368928957,0.06098905247263118,0.734150230884552,35
100,0.0,50,250,0.5038687158014759,0.039622499056247644,0.7095927000045776,36
100,0.0,100,250,0.5007248286419606,0.05898074745186863,0.7400952577590942,34
100,0.0,250,250,0.5025505323742784,0.08111740279350699,0.7476271986961365,30
100,0.0,500,250,0.5034429819900752,0.12436391090977728,0.7726077437400818,17
100,0.0,1000,250,0.5069251451701777,0.1653907134767837,0.8224613070487976,14
100,0.0,10,500,0.5036677938234448,0.08217440543601359,0.7345668077468872,22
100,0.0,25,500,0.5072353398743734,0.07485088712721782,0.6861428022384644,20
100,0.0,50,500,0.5036748713988418,0.0937259343148358,0.7330341935157776,20
100,0.0,100,500,0.5098829112228175,0.050645526613816536,0.6017647981643677,19
100,0.0,250,500,0.5023896105189244,0.10896187240468101,0.7538725733757019,19
100,0.0,500,500,0.5034429819900752,0.12436391090977728,0.772607684135437,17
100,0.0,1000,500,0.5069251451701777,0.1653907134767837,0.8224615454673767,14
100,0.0,10,1000,0.5120054488141919,0.08309550773876935,0.6674818992614746,15
100,0.0,25,1000,0.5133330084224614,0.07063797659494149,0.6519060730934143,16
100,0.0,50,1000,0.5122733508253665,0.08098150245375614,0.6614434719085693,15
100,0.0,100,1000,0.5099244135656995,0.06973197432993583,0.6149146556854248,15
100,0.0,250,1000,0.5058327832927598,0.1105775764439411,0.7323541641235352,15
100,0.0,500,1000,0.5065236394401008,0.1299509248773122,0.7540712356567383,14
100,0.0,1000,1000,0.5099007465358305,0.1753265383163458,0.8241321444511414,13
100,0.0,10,2500,0.5880488206097184,0.24927142317855794,0.6873950958251953,6
100,0.0,25,2500,0.6137172797108728,0.28983012457531143,0.7560389041900635,6
100,0.0,50,2500,0.6162961869874884,0.2826878067195168,0.7481985688209534,6
100,0.0,100,2500,0.5990239047720737,0.2705020762551906,0.7462579607963562,6
100,0.0,250,2500,0.5845871105618379,0.26911287278218193,0.7230738997459412,5
100,0.0,500,2500,0.5595770031242469,0.24385050962627405,0.6579765677452087,5
100,0.0,1000,2500,0.6021052266296718,0.3049301623254058,0.7593691349029541,5
100,0.0,10,5000,0.34075088806279447,0.0,0.3175593912601471,3
100,0.0,25,5000,0.7188791437651578,0.37813514533786335,0.7208374738693237,3
100,0.0,50,5000,0.5970357067901532,0.2769799924499811,0.6187335252761841,3
100,0.0,100,5000,0.6032601502705923,0.2851944129860325,0.6336963772773743,3
100,0.0,250,5000,0.5684743015169543,0.25546243865609664,0.6427547335624695,3
100,0.0,500,5000,0.6025969857330815,0.2928652321630804,0.7503237128257751,4
100,0.0,1000,5000,0.6330699314694785,0.30349565873914686,0.709203839302063,3
100,0.0,10,10000,0.34075088806279447,0.08487731219328049,0.4310450553894043,2
100,0.0,25,10000,0.33053047937232916,0.04901472253680634,0.37324678897857666,2
100,0.0,50,10000,0.5970357067901532,0.2769799924499811,0.6187336444854736,3
100,0.0,100,10000,0.6032601502705923,0.2851944129860325,0.633696436882019,3
100,0.0,250,10000,0.5684743015169543,0.25546243865609664,0.6427547931671143,3
100,0.0,500,10000,0.33053047937232916,0.04901472253680634,0.37324678897857666,2
100,0.0,1000,10000,0.32960892603884523,0.05898074745186863,0.3838845491409302,2
100,0.0,10,15000,0.34075088806279447,0.08487731219328049,0.4310450553894043,2
100,0.0,25,15000,0.33053047937232916,0.04901472253680634,0.37324681878089905,2
100,0.0,50,15000,0.33053047937232916,0.04901472253680634,0.37324684858322144,2
100,0.0,100,15000,0.33053047937232916,0.04901472253680634,0.3732467591762543,2
100,0.0,250,15000,0.33053047937232916,0.04901472253680634,0.3732467293739319,2
100,0.0,500,15000,0.33053047937232916,0.04901472253680634,0.3732467591762543,2
100,0.0,1000,15000,0.32960892603884523,0.05898074745186863,0.38388460874557495,2
100,0.0,10,20000,0.0,1.0,,0
100,0.0,25,20000,0.0,1.0,,0
100,0.0,50,20000,0.0,1.0,,0
100,0.0,100,20000,0.0,1.0,,0
100,0.0,250,20000,0.0,1.0,,0
100,0.0,500,20000,0.0,1.0,,0
100,0.0,1000,20000,0.0,1.0,,0
100,0.0,10,22000,0.0,1.0,,0
100,0.0,25,22000,0.0,1.0,,0
100,0.0,50,22000,0.0,1.0,,0
100,0.0,100,22000,0.0,1.0,,0
100,0.0,250,22000,0.0,1.0,,0
100,0.0,500,22000,0.0,1.0,,0
100,0.0,1000,22000,0.0,1.0,,0
10,0.1,10,50,0.06791387761829494,0.4300188750471876,-0.27887973189353943,277
10,0.1,25,50,0.09505958590806558,0.5275953189882975,-0.15041694045066833,201
10,0.1,50,50,0.09802551841281038,0.5985805964514911,-0.08915675431489944,157
10,0.1,100,50,0.10560942362903622,0.6625745564363911,0.08373768627643585,84
10,0.1,250,50,0.07394385020637753,0.7246810117025293,0.31563058495521545,31
10,0.1,500,50,0.05799258434166761,0.7778633446583616,0.580812394618988,16
10,0.1,1000,50,0.03106967630262792,0.8251264628161571,0.8332312703132629,11
10,0.1,10,100,0.0654833512116487,0.4250660626651567,-0.31516802310943604,110
10,0.1,25,100,0.09590203714856285,0.5740128350320876,-0.1094154492020607,102
10,0.1,50,100,0.11560142092316024,0.6314382785956965,-0.07511487603187561,83
10,0.1,100,100,0.10145290142022542,0.6594337485843714,0.07625195384025574,72
10,0.1,250,100,0.07455966521113458,0.7266289165722915,0.3908593952655792,29
10,0.1,500,100,0.0583568613243037,0.7797810494526236,0.6867243051528931,14
10,0.1,1000,100,0.03106967630262792,0.8251264628161571,0.8332312703132629,11
10,0.1,10,250,0.057404600579901835,0.510879577198943,-0.1345374584197998,42
10,0.1,25,250,0.0917645671305054,0.6250660626651566,0.04941846430301666,40
10,0.1,50,250,0.12042901444913509,0.656474141185353,0.19624164700508118,29
10,0.1,100,250,0.11337540431239651,0.6790184975462439,0.22883740067481995,31
10,0.1,250,250,0.07531315520807683,0.7275047187617969,0.4529384970664978,23
10,0.1,500,250,0.05915076033957659,0.7825141562853907,0.702609658241272,13
10,0.1,1000,250,0.029031359743459485,0.8308946772366931,0.8591534495353699,8
10,0.1,10,500,0.0834341573317207,0.3683352208380521,0.07138068974018097,10
10,0.1,25,500,0.07370857144525522,0.7139146847867119,0.5022978186607361,16
10,0.1,50,500,0.11166612609423023,0.6618346545866365,0.22412005066871643,16
10,0.1,100,500,0.1036431613878548,0.7062891657229143,0.37909072637557983,14
10,0.1,250,500,0.07252442106614501,0.748010570026425,0.5909436345100403,13
10,0.1,500,500,0.05915076033957659,0.7825141562853907,0.702609658241272,13
10,0.1,1000,500,0.029031359743459485,0.8308946772366931,0.8591535091400146,8
10,0.1,10,1000,0.08404697560695729,0.40274820687051716,0.07768193632364273,7
10,0.1,25,1000,0.056805878955648786,0.6869309173272933,0.3670969009399414,11
10,0.1,50,1000,0.10963556807455992,0.6808758021895055,0.1977514773607254,11
10,0.1,100,1000,0.09307092976425413,0.7297848244620612,0.341328889131546,11
10,0.1,250,1000,0.07588231050585706,0.7559833899584749,0.538184642791748,11
10,0.1,500,1000,0.061018699350384474,0.7790713476783692,0.47299516201019287,9
10,0.1,1000,1000,0.029031359743459485,0.8308946772366931,0.8591534495353699,8
10,0.1,10,2500,0.0,1.0,,0
10,0.1,25,2500,0.018541839093721233,0.18798036995092487,0.02870277687907219,2
10,0.1,50,2500,0.007416198424694246,0.20273310683276707,-0.008074955083429813,2
10,0.1,100,2500,0.01440287061475784,0.2845451113627784,-0.07758523523807526,3
10,0.1,250,2500,0.025458836571549473,0.4198565496413741,0.12211362272500992,2
10,0.1,500,2500,0.07077812664307669,0.7074518686296716,-0.07708296179771423,2
10,0.1,1000,2500,0.059714038690133246,0.7634579086447716,0.6035346984863281,2
10,0.1,10,5000,0.0,1.0,,0
10,0.1,25,5000,0.0,1.0,,0
10,0.1,50,5000,0.0,1.0,,0
10,0.1,100,5000,0.0,1.0,,0
10,0.1,250,5000,0.025458836571549473,0.4198565496413741,0.12211362272500992,2
10,0.1,500,5000,0.0,1.0,,0
10,0.1,1000,5000,0.059714038690133246,0.7634579086447716,0.6035347580909729,2
10,0.1,10,10000,0.0,1.0,,0
10,0.1,25,10000,0.0,1.0,,0
10,0.1,50,10000,0.0,1.0,,0
10,0.1,100,10000,0.0,1.0,,0
10,0.1,250,10000,0.0,1.0,,0
10,0.1,500,10000,0.0,1.0,,0
10,0.1,1000,10000,0.0,1.0,,0
10,0.1,10,15000,0.0,1.0,,0
10,0.1,25,15000,0.0,1.0,,0
10,0.1,50,15000,0.0,1.0,,0
10,0.1,100,15000,0.0,1.0,,0
10,0.1,250,15000,0.0,1.0,,0
10,0.1,500,15000,0.0,1.0,,0
10,0.1,1000,15000,0.0,1.0,,0
10,0.1,10,20000,0.0,1.0,,0
10,0.1,25,20000,0.0,1.0,,0
10,0.1,50,20000,0.0,1.0,,0
10,0.1,100,20000,0.0,1.0,,0
10,0.1,250,20000,0.0,1.0,,0
10,0.1,500,20000,0.0,1.0,,0
10,0.1,1000,20000,0.0,1.0,,0
10,0.1,10,22000,0.0,1.0,,0
10,0.1,25,22000,0.0,1.0,,0
10,0.1,50,22000,0.0,1.0,,0
10,0.1,100,22000,0.0,1.0,,0
10,0.1,250,22000,0.0,1.0,,0
10,0.1,500,22000,0.0,1.0,,0
10,0.1,1000,22000,0.0,1.0,,0
15,0.1,10,50,0.12236006994019405,0.41944884862212156,-0.15035724639892578,218
15,0.1,25,50,0.13822620362360774,0.4781879954699887,-0.12415939569473267,178
15,0.1,50,50,0.1570408826698266,0.5112570781426954,-0.011838044971227646,142
15,0.1,100,50,0.1529800178643104,0.5747527368818423,0.26397043466567993,73
15,0.1,250,50,0.13249458955378268,0.6241902604756512,0.3752407133579254,31
15,0.1,500,50,0.09974146426793234,0.6930011325028312,0.7217645049095154,16
15,0.1,1000,50,0.06884130266692512,0.7508342770856927,0.8604153394699097,13
15,0.1,10,100,0.14282976645911685,0.4701094752736882,0.030341899022459984,93
15,0.1,25,100,0.15249029805917494,0.4978029445073613,0.1293124407529831,91
15,0.1,50,100,0.16690965754966747,0.5265685164212911,0.20844687521457672,78
15,0.1,100,100,0.15720404878872538,0.5754473386183465,0.26625171303749084,68
15,0.1,250,100,0.13268263803675587,0.6239637599093998,0.38889017701148987,30
15,0.1,500,100,0.09896555654498611,0.6937712344280861,0.7287547588348389,15
15,0.1,1000,100,0.06913897607286995,0.7420611551528878,0.8225637674331665,11
15,0.1,10,250,0.14387269428986232,0.5504114760286901,0.278754860162735,38
15,0.1,25,250,0.1545615512241137,0.5471649679124198,0.2633879482746124,34
15,0.1,50,250,0.15600690688133392,0.5482974707436769,0.26364967226982117,31
15,0.1,100,250,0.16285519346318286,0.5824235560588902,0.3979911506175995,29
15,0.1,250,250,0.13791958213516414,0.6200226500566252,0.40817371010780334,26
15,0.1,500,250,0.09896555654498611,0.6937712344280861,0.7287548184394836,15
15,0.1,1000,250,0.0679158258561054,0.7442204605511514,0.8297438025474548,10
15,0.1,10,500,0.10354366865100581,0.6589958474896187,0.6571564674377441,14
15,0.1,25,500,0.12507543695615414,0.6160211400528501,0.5152523517608643,16
15,0.1,50,500,0.13209994056748744,0.598716496791242,0.48413604497909546,18
15,0.1,100,500,0.1473076134587522,0.613272933182333,0.47699910402297974,16
15,0.1,250,500,0.13121314298910047,0.6562023405058512,0.6175283789634705,16
15,0.1,500,500,0.10089223520921663,0.690237825594564,0.6679686307907104,14
15,0.1,1000,500,0.0679158258561054,0.7442204605511514,0.8297438025474548,10
15,0.1,10,1000,0.1808832623279076,0.49842204605511514,0.48202773928642273,10
15,0.1,25,1000,0.16358916663361867,0.5742242355605889,0.7262555956840515,9
15,0.1,50,1000,0.19421321109999,0.5164967912419781,0.6262722611427307,12
15,0.1,100,1000,0.12385214352997417,0.6327368818422046,0.5267254710197449,14
15,0.1,250,1000,0.11948670347818023,0.6769195922989808,0.5394859313964844,12
15,0.1,500,1000,0.08017734657205874,0.7239562098905247,0.7331547141075134,11
15,0.1,1000,1000,0.15907050952472618,0.602718006795017,0.6787711381912231,8
15,0.1,10,2500,0.020566413657681956,0.06986787466968668,0.01554873026907444,2
15,0.1,25,2500,0.01944708883166169,0.09268403171007927,0.021778779104351997,2
15,0.1,50,2500,0.02582777400076329,0.1428463571158928,0.019375082105398178,2
15,0.1,100,2500,0.02333220362108301,0.125118912797282,0.0023020380176603794,2
15,0.1,250,2500,0.11737150451250933,0.3812306530766327,0.11604002863168716,2
15,0.1,500,2500,0.14457842446428523,0.6546319365798414,0.7297570705413818,3
15,0.1,1000,2500,0.17866892216409688,0.582242355605889,0.31807413697242737,3
15,0.1,10,5000,0.0,1.0,,0
15,0.1,25,5000,0.0,1.0,,0
15,0.1,50,5000,0.0,1.0,,0
15,0.1,100,5000,0.0,1.0,,0
15,0.1,250,5000,0.0,1.0,,0
15,0.1,500,5000,0.15057823877641788,0.5111362778406946,0.3240460753440857,2
15,0.1,1000,5000,0.167500450348659,0.5562551906379766,0.38729819655418396,2
15,0.1,10,10000,0.0,1.0,,0
15,0.1,25,10000,0.0,1.0,,0
15,0.1,50,10000,0.0,1.0,,0
15,0.1,100,10000,0.0,1.0,,0
15,0.1,250,10000,0.0,1.0,,0
15,0.1,500,10000,0.0,1.0,,0
15,0.1,1000,10000,0.0,1.0,,0
15,0.1,10,15000,0.0,1.0,,0
15,0.1,25,15000,0.0,1.0,,0
15,0.1,50,15000,0.0,1.0,,0
15,0.1,100,15000,0.0,1.0,,0
15,0.1,250,15000,0.0,1.0,,0
15,0.1,500,15000,0.0,1.0,,0
15,0.1,1000,15000,0.0,1.0,,0
15,0.1,10,20000,0.0,1.0,,0
15,0.1,25,20000,0.0,1.0,,0
15,0.1,50,20000,0.0,1.0,,0
15,0.1,100,20000,0.0,1.0,,0
15,0.1,250,20000,0.0,1.0,,0
15,0.1,500,20000,0.0,1.0,,0
15,0.1,1000,20000,0.0,1.0,,0
15,0.1,10,22000,0.0,1.0,,0
15,0.1,25,22000,0.0,1.0,,0
15,0.1,50,22000,0.0,1.0,,0
15,0.1,100,22000,0.0,1.0,,0
15,0.1,250,22000,0.0,1.0,,0
15,0.1,500,22000,0.0,1.0,,0
15,0.1,1000,22000,0.0,1.0,,0
30,0.1,10,50,0.3555763596130048,0.2490600226500566,-0.2439669817686081,191
30,0.1,25,50,0.3798775067639,0.3062287655719139,-0.23955869674682617,170
30,0.1,50,50,0.40243597995063807,0.31827859569648925,-0.15950442850589752,139
30,0.1,100,50,0.39033770388816974,0.34680256700641754,-0.1284455955028534,73
30,0.1,250,50,0.3612560984560622,0.41079652699131747,0.02507716417312622,31
30,0.1,500,50,0.3510674688841887,0.46053605134012837,0.01044466532766819,19
30,0.1,1000,50,0.2976077424871987,0.5180671951679879,0.8173298239707947,12
30,0.1,10,100,0.34861773867940976,0.2561721404303511,-0.1931106001138687,98
30,0.1,25,100,0.3822004431423022,0.27477538693846737,-0.18476641178131104,92
30,0.1,50,100,0.40142756940644986,0.3146545866364666,-0.16940635442733765,76
30,0.1,100,100,0.39244266991898086,0.3481464703661759,-0.0942964181303978,64
30,0.1,250,100,0.3749366134177937,0.40495281238203096,0.0040849680081009865,27
30,0.1,500,100,0.3556840659499841,0.44889392223480556,0.1316169947385788,16
30,0.1,1000,100,0.2979144014569071,0.5162249905624764,0.8057724833488464,11
30,0.1,10,250,0.39512239286278644,0.11909399773499434,-0.2506902515888214,34
30,0.1,25,250,0.34115366592835483,0.2585730464326161,-0.03818812966346741,34
30,0.1,50,250,0.4007370094175007,0.34159305398263495,-0.04237958416342735,32
30,0.1,100,250,0.3933299564777329,0.3704492261230653,-0.03974646329879761,29
30,0.1,250,250,0.37771251163840597,0.4039864099660249,0.1072525829076767,24
30,0.1,500,250,0.3556840659499841,0.44889392223480556,0.1316169947385788,16
30,0.1,1000,250,0.2979144014569071,0.5162249905624764,0.8057723641395569,11
30,0.1,10,500,0.41614596018944955,0.1248622121555304,-0.28161048889160156,15
30,0.1,25,500,0.33338629515334106,0.3158927897319743,0.07149184495210648,18
30,0.1,50,500,0.3970214250823025,0.3966024915062288,0.11855759471654892,19
30,0.1,100,500,0.3769154516653085,0.39826349565873914,0.6307516098022461,16
30,0.1,250,500,0.3813821744039648,0.43285768214420534,0.04018513858318329,16
30,0.1,500,500,0.3521536707866137,0.4544658361645904,0.7381842732429504,15
30,0.1,1000,500,0.2979144014569071,0.5162249905624764,0.8057723641395569,11
30,0.1,10,1000,0.422233782772015,0.16773121932804833,0.13039793074131012,11
30,0.1,25,1000,0.38560503912941757,0.13744054360135902,0.27022820711135864,10
30,0.1,50,1000,0.3555051550110756,0.34861457153642883,0.4779997169971466,12
30,0.1,100,1000,0.35658006507541995,0.45120422801057003,0.6689046025276184,11
30,0.1,250,1000,0.3416053593880929,0.4136504341260853,0.532721996307373,10
30,0.1,500,1000,0.33029004945675355,0.47343148357870896,0.7026907801628113,10
30,0.1,1000,1000,0.2971153298150506,0.5158927897319743,0.7636270523071289,10
30,0.1,10,2500,0.3739078686782894,0.10503586258965647,0.3342321515083313,4
30,0.1,25,2500,0.33141416339244356,0.15214798036995092,0.36093342304229736,3
30,0.1,50,2500,0.3702293283628731,0.30908267270668177,0.533423900604248,3
30,0.1,100,2500,0.2963462676601823,0.45220083050207627,0.5960989594459534,3
30,0.1,250,2500,0.2972536411451557,0.5252548131370328,0.6298402547836304,3
30,0.1,500,2500,0.2786667457453528,0.612955832389581,0.7892869710922241,3
30,0.1,1000,2500,0.2933895001123113,0.5517855794639487,0.759196937084198,4
30,0.1,10,5000,0.3485057789968494,0.16771611929029823,0.47986507415771484,2
30,0.1,25,5000,0.3575915494398499,0.2118535296338241,0.4312153160572052,2
30,0.1,50,5000,0.4091032621380857,0.3669158172895432,0.6237746477127075,2
30,0.1,100,5000,0.24259631386955374,0.4335824839562099,0.725675106048584,2
30,0.1,250,5000,0.24823865343650256,0.5052170630426576,0.7670096158981323,2
30,0.1,500,5000,0.0,1.0,,0
30,0.1,1000,5000,0.20903744825292753,0.48433371083427706,0.5556458234786987,2
30,0.1,10,10000,0.3485057789968494,0.16771611929029823,0.4798651933670044,2
30,0.1,25,10000,0.3575915494398499,0.2118535296338241,0.4312153458595276,2
30,0.1,50,10000,0.4091032621380857,0.3669158172895432,0.6237746477127075,2
30,0.1,100,10000,0.24259631386955374,0.4335824839562099,0.725675106048584,2
30,0.1,250,10000,0.0,1.0,,0
30,0.1,500,10000,0.0,1.0,,0
30,0.1,1000,10000,0.0,1.0,,0
30,0.1,10,15000,0.3485057789968494,0.16771611929029823,0.47986525297164917,2
30,0.1,25,15000,0.3575915494398499,0.2118535296338241,0.43121537566185,2
30,0.1,50,15000,0.4091032621380857,0.3669158172895432,0.6237745881080627,2
30,0.1,100,15000,0.0,1.0,,0
30,0.1,250,15000,0.0,1.0,,0
30,0.1,500,15000,0.0,1.0,,0
30,0.1,1000,15000,0.0,1.0,,0
30,0.1,10,20000,0.3485057789968494,0.16771611929029823,0.4798651933670044,2
30,0.1,25,20000,0.0,1.0,,0
30,0.1,50,20000,0.0,1.0,,0
30,0.1,100,20000,0.0,1.0,,0
30,0.1,250,20000,0.0,1.0,,0
30,0.1,500,20000,0.0,1.0,,0
30,0.1,1000,20000,0.0,1.0,,0
30,0.1,10,22000,0.0,1.0,,0
30,0.1,25,22000,0.0,1.0,,0
30,0.1,50,22000,0.0,1.0,,0
30,0.1,100,22000,0.0,1.0,,0
30,0.1,250,22000,0.0,1.0,,0
30,0.1,500,22000,0.0,1.0,,0
30,0.1,1000,22000,0.0,1.0,,0
50,0.1,10,50,0.3461883505532323,0.16061910154775386,-0.23914527893066406,169
50,0.1,25,50,0.34883387989332,0.17561343903359758,-0.23073960840702057,158
50,0.1,50,50,0.346287959001156,0.21271423178557947,-2296.450927734375,156
50,0.1,100,50,0.3504050705059645,0.19725179312948282,0.39400598406791687,70
50,0.1,250,50,0.34746728410054495,0.24007550018875048,0.4410746693611145,35
50,0.1,500,50,0.3427240115752499,0.31679879199697997,0.48921164870262146,19
50,0.1,1000,50,0.3301596680064625,0.39320498301245754,0.5446657538414001,12
50,0.1,10,100,0.3685972324388872,0.15119667799169498,0.16017062962055206,87
50,0.1,25,100,0.3707215424198069,0.16416761041902606,0.26547300815582275,83
50,0.1,50,100,0.358062200580097,0.18103435258588146,0.29515916109085083,81
50,0.1,100,100,0.35260708564188026,0.1940354850887127,0.3863978683948517,64
50,0.1,250,100,0.34746728410054495,0.24007550018875048,0.4410746693611145,35
50,0.1,500,100,0.34273564084201413,0.31906379765949416,0.49268805980682373,17
50,0.1,1000,100,0.3301596680064625,0.39320498301245754,0.5446657538414001,12
50,0.1,10,250,0.3853201228527444,0.151679879199698,0.30227071046829224,38
50,0.1,25,250,0.3744773339907113,0.1696640241600604,0.3790777325630188,32
50,0.1,50,250,0.3644676103246391,0.17863344658361646,0.39656925201416016,34
50,0.1,100,250,0.3578534288507524,0.21143072857682144,0.4601103663444519,33
50,0.1,250,250,0.3465300346070103,0.2421895054737637,0.471877783536911,30
50,0.1,500,250,0.34299963877401435,0.32151000377500943,0.49367931485176086,16
50,0.1,1000,250,0.3301596680064625,0.39320498301245754,0.5446655750274658,12
50,0.1,10,500,0.3849018532243596,0.2005285013212533,0.2916869819164276,20
50,0.1,25,500,0.3703193948963425,0.21440543601359002,0.37385937571525574,21
50,0.1,50,500,0.3658787222377577,0.22725556813892034,0.39873239398002625,19
50,0.1,100,500,0.35161668635383364,0.2742619856549641,0.456218957901001,18
50,0.1,250,500,0.34063603827308153,0.2854813137032843,0.5168480277061462,17
50,0.1,500,500,0.34299963877401435,0.32151000377500943,0.4936794340610504,16
50,0.1,1000,500,0.329605407137294,0.39823329558323894,0.5553004741668701,11
50,0.1,10,1000,0.38129808867312126,0.2549037372593431,0.3211519718170166,13
50,0.1,25,1000,0.3642245594603128,0.285602114005285,0.4369906187057495,11
50,0.1,50,1000,0.3636184436168925,0.2851944129860325,0.47716018557548523,13
50,0.1,100,1000,0.3497176936041172,0.31468478671196676,0.4800572991371155,12
50,0.1,250,1000,0.34664863925985306,0.32987542468856174,0.49710482358932495,11
50,0.1,500,1000,0.3357373542951003,0.3677916194790487,0.5311316251754761,11
50,0.1,1000,1000,0.329605407137294,0.39823329558323894,0.5553004741668701,11
50,0.1,10,2500,0.579818130851766,0.2601283503208758,0.5047593116760254,4
50,0.1,25,2500,0.41174445834019224,0.166719516798792,0.2460443377494812,3
50,0.1,50,2500,0.4033513380203437,0.1739977349943375,0.255055695772171,3
50,0.1,100,2500,0.47037409314515705,0.31207248018120043,0.5533754229545593,4
50,0.1,250,2500,0.3808659657500406,0.4702000755001888,0.6727314591407776,5
50,0.1,500,2500,0.46231480018432863,0.3897923744809362,0.6967352032661438,4
50,0.1,1000,2500,0.44001942633955576,0.44649301623254056,0.8173184394836426,4
50,0.1,10,5000,0.3919921650450593,0.17183842959607398,0.30536869168281555,2
50,0.1,25,5000,0.3550506753753047,0.13280483201208004,0.32745087146759033,2
50,0.1,50,5000,0.34144388489386307,0.10364665911664779,0.2902405261993408,2
50,0.1,100,5000,0.3325703692669488,0.05103812759531899,0.2333378791809082,2
50,0.1,250,5000,0.32481261065464057,0.04782181955454889,0.22750984132289886,2
50,0.1,500,5000,0.3326550085831329,0.09214043035107587,0.2752652168273926,2
50,0.1,1000,5000,0.321332241111393,0.12256700641751604,0.28642669320106506,2
50,0.1,10,10000,0.3919921650450593,0.17183842959607398,0.30536869168281555,2
50,0.1,25,10000,0.3550506753753047,0.13280483201208004,0.32745078206062317,2
50,0.1,50,10000,0.34144388489386307,0.10364665911664779,0.29024049639701843,2
50,0.1,100,10000,0.3325703692669488,0.05103812759531899,0.23333783447742462,2
50,0.1,250,10000,0.32481261065464057,0.04782181955454889,0.2275097817182541,2
50,0.1,500,10000,0.3326550085831329,0.09214043035107587,0.2752652168273926,2
50,0.1,1000,10000,0.321332241111393,0.12256700641751604,0.28642669320106506,2
50,0.1,10,15000,0.3919921650450593,0.17183842959607398,0.30536869168281555,2
50,0.1,25,15000,0.3550506753753047,0.13280483201208004,0.32745084166526794,2
50,0.1,50,15000,0.34144388489386307,0.10364665911664779,0.2902405261993408,2
50,0.1,100,15000,0.3325703692669488,0.05103812759531899,0.233337864279747,2
50,0.1,250,15000,0.32481261065464057,0.04782181955454889,0.2275097817182541,2
50,0.1,500,15000,0.3326550085831329,0.09214043035107587,0.2752652168273926,2
50,0.1,1000,15000,0.321332241111393,0.12256700641751604,0.2864266335964203,2
50,0.1,10,20000,0.0,1.0,,0
50,0.1,25,20000,0.0,1.0,,0
50,0.1,50,20000,0.0,1.0,,0
50,0.1,100,20000,0.0,1.0,,0
50,0.1,250,20000,0.0,1.0,,0
50,0.1,500,20000,0.0,1.0,,0
50,0.1,1000,20000,0.0,1.0,,0
50,0.1,10,22000,0.0,1.0,,0
50,0.1,25,22000,0.0,1.0,,0
50,0.1,50,22000,0.0,1.0,,0
50,0.1,100,22000,0.0,1.0,,0
50,0.1,250,22000,0.0,1.0,,0
50,0.1,500,22000,0.0,1.0,,0
50,0.1,1000,22000,0.0,1.0,,0
75,0.1,10,50,0.48019089259465386,0.07932049830124575,0.38545557856559753,168
75,0.1,25,50,0.4871662738834433,0.0891355228388071,0.38751220703125,156
75,0.1,50,50,0.4837777322647414,0.07524348810872027,0.41418394446372986,141
75,0.1,100,50,0.4900854640844143,0.08315590788976973,0.7500395178794861,71
75,0.1,250,50,0.49894531989141877,0.10601736504341261,0.8069022297859192,32
75,0.1,500,50,0.5017704774670849,0.1465307663269158,0.7760434150695801,20
75,0.1,1000,50,0.5044669235486849,0.17108342770856927,0.814899206161499,14
75,0.1,10,100,0.48471547080986227,0.08475651189127972,0.6356099247932434,93
75,0.1,25,100,0.49023168149333934,0.06352585881464703,0.6802188754081726,88
75,0.1,50,100,0.48998363414130086,0.0713778784446961,0.6960861086845398,82
75,0.1,100,100,0.49661007725658973,0.06018875047187618,0.7322895526885986,64
75,0.1,250,100,0.5022461012244435,0.09161192902982257,0.7727727890014648,30
75,0.1,500,100,0.50102433038274,0.14192525481313703,0.7828395366668701,19
75,0.1,1000,100,0.5044669235486849,0.17108342770856927,0.8148993253707886,14
75,0.1,10,250,0.5042590956931993,0.05890524726311816,0.6865431070327759,34
75,0.1,25,250,0.5005582363574629,0.06589656474141185,0.7288856506347656,36
75,0.1,50,250,0.5030985111903888,0.049648924122310305,0.7153136134147644,37
75,0.1,100,250,0.5003555944794534,0.07542468856172141,0.7618785500526428,34
75,0.1,250,250,0.5021114161275596,0.08930162325405813,0.7686768174171448,29
75,0.1,500,250,0.5015207352958289,0.14420536051340127,0.7884631156921387,18
75,0.1,1000,250,0.5044669235486849,0.17108342770856927,0.8148992657661438,14
75,0.1,10,500,0.509655948042257,0.06799546998867498,0.5990049242973328,17
75,0.1,25,500,0.5028140254676222,0.08454511136277841,0.6160835027694702,18
75,0.1,50,500,0.5067544511697794,0.08554171385428463,0.6924586892127991,19
75,0.1,100,500,0.5031854139786328,0.10118535296338241,0.6663176417350769,17
75,0.1,250,500,0.5042319635030965,0.09698754246885617,0.7065770626068115,19
75,0.1,500,500,0.5017113163448303,0.13972064930162326,0.8115130662918091,17
75,0.1,1000,500,0.505563879198148,0.17497923744809363,0.8182991147041321,13
75,0.1,10,1000,0.5124797719909768,0.10237825594563986,0.6335893869400024,13
75,0.1,25,1000,0.5069626817038361,0.11169497923744809,0.645190954208374,13
75,0.1,50,1000,0.5037570719766066,0.12507361268403172,0.6586291790008545,12
75,0.1,100,1000,0.5066665136425813,0.13487353718384296,0.678644061088562,12
75,0.1,250,1000,0.5085794045266395,0.13599093997734996,0.7297424674034119,13
75,0.1,500,1000,0.5036897174090391,0.13756134390335975,0.6962417364120483,12
75,0.1,1000,1000,0.509136756032058,0.18675726689316724,0.8240367770195007,12
75,0.1,10,2500,0.5596431040777075,0.22536806342015855,0.6990733742713928,7
75,0.1,25,2500,0.5526905309547953,0.23036617591543979,0.6998081803321838,7
75,0.1,50,2500,0.5374164887341565,0.21928274820687052,0.6675000190734863,6
75,0.1,100,2500,0.49982192399312214,0.14181955454888637,0.48351171612739563,5
75,0.1,250,2500,0.5574834782506725,0.2225292563231408,0.6320194005966187,6
75,0.1,500,2500,0.5808101680535185,0.29194412986032464,0.7680091261863708,6
75,0.1,1000,2500,0.6118371411026046,0.3057757644394111,0.6945256590843201,4
75,0.1,10,5000,0.6321391275527578,0.28123820309550773,0.6913684010505676,3
75,0.1,25,5000,0.5418439265226034,0.21966024915062288,0.6621014475822449,3
75,0.1,50,5000,0.5378374537434716,0.19066817667044167,0.613503098487854,3
75,0.1,100,5000,0.5333128935131644,0.1409437523593809,0.5562521815299988,3
75,0.1,250,5000,0.5360363846279587,0.20104190260475652,0.6374180316925049,3
75,0.1,500,5000,0.3430675056725043,0.10724046810117026,0.2942955195903778,2
75,0.1,1000,5000,0.345513213526751,0.12374480936202341,0.3635905683040619,2
75,0.1,10,10000,0.36259288749300866,0.13573423933559833,0.3455510139465332,2
75,0.1,25,10000,0.5418439265226034,0.21966024915062288,0.6621015071868896,3
75,0.1,50,10000,0.5378374537434716,0.19066817667044167,0.6135030388832092,3
75,0.1,100,10000,0.5333128935131644,0.1409437523593809,0.5562521815299988,3
75,0.1,250,10000,0.5360363846279587,0.20104190260475652,0.6374177932739258,3
75,0.1,500,10000,0.3430675056725043,0.10724046810117026,0.2942955195903778,2
75,0.1,1000,10000,0.345513213526751,0.12374480936202341,0.3635905981063843,2
75,0.1,10,15000,0.36259288749300866,0.13573423933559833,0.34555089473724365,2
75,0.1,25,15000,0.5418439265226034,0.21966024915062288,0.6621015071868896,3
75,0.1,50,15000,0.5378374537434716,0.19066817667044167,0.613503098487854,3
75,0.1,100,15000,0.5333128935131644,0.1409437523593809,0.5562520027160645,3
75,0.1,250,15000,0.5360363846279587,0.20104190260475652,0.6374179720878601,3
75,0.1,500,15000,0.3430675056725043,0.10724046810117026,0.2942955195903778,2
75,0.1,1000,15000,0.345513213526751,0.12374480936202341,0.36359062790870667,2
75,0.1,10,20000,0.0,1.0,,0
75,0.1,25,20000,0.0,1.0,,0
75,0.1,50,20000,0.0,1.0,,0
75,0.1,100,20000,0.0,1.0,,0
75,0.1,250,20000,0.0,1.0,,0
75,0.1,500,20000,0.0,1.0,,0
75,0.1,1000,20000,0.0,1.0,,0
75,0.1,10,22000,0.0,1.0,,0
75,0.1,25,22000,0.0,1.0,,0
75,0.1,50,22000,0.0,1.0,,0
75,0.1,100,22000,0.0,1.0,,0
75,0.1,250,22000,0.0,1.0,,0
75,0.1,500,22000,0.0,1.0,,0
75,0.1,1000,22000,0.0,1.0,,0
100,0.1,10,50,0.4792533136862932,0.06357115892789732,0.39985567331314087,168
100,0.1,25,50,0.48520809946195187,0.05432993582483956,0.421671599149704,146
100,0.1,50,50,0.48737902265545574,0.11817289543223858,0.3647199273109436,150
100,0.1,100,50,0.4854812631877733,0.09861834654586636,0.3862987458705902,74
100,0.1,250,50,0.49814072091291206,0.11238958097395244,0.8001092672348022,31
100,0.1,500,50,0.5050223569486619,0.1167836919592299,0.7154741883277893,20
100,0.1,1000,50,0.508810857207603,0.16863722159305397,0.803022563457489,14
100,0.1,10,100,0.48701251692931835,0.05846734616836542,0.39801204204559326,87
100,0.1,25,100,0.488415730570981,0.053982634956587394,0.45372065901756287,79
100,0.1,50,100,0.48751907272533535,0.08226500566251416,0.37769755721092224,79
100,0.1,100,100,0.486421799437147,0.0971838429596074,0.39651745557785034,67
100,0.1,250,100,0.4981238813050106,0.11322008305020763,0.8034672141075134,30
100,0.1,500,100,0.5047518478126648,0.11802189505473763,0.7209193110466003,19
100,0.1,1000,100,0.508810857207603,0.16863722159305397,0.8030224442481995,14
100,0.1,10,250,0.49909432634274997,0.0655341638354096,0.6736570596694946,37
100,0.1,25,250,0.5018436229682484,0.06326915817289543,0.7082108855247498,35
100,0.1,50,250,0.5019821643339274,0.055628539071347675,0.6922510862350464,35
100,0.1,100,250,0.5041793762745064,0.05722914307285768,0.6923515796661377,33
100,0.1,250,250,0.5016022604884526,0.10085315213288033,0.7557360529899597,29
100,0.1,500,250,0.5050942715458057,0.1183691959229898,0.7350935935974121,17
100,0.1,1000,250,0.508810857207603,0.16863722159305397,0.8030224442481995,14
100,0.1,10,500,0.4986534825482187,0.1079199697999245,0.7394190430641174,22
100,0.1,25,500,0.5091241844109683,0.05698754246885617,0.6172437071800232,19
100,0.1,50,500,0.5056943573185042,0.07341638354095885,0.6829822063446045,20
100,0.1,100,500,0.5078582146795437,0.06483956209890525,0.6348559260368347,20
100,0.1,250,500,0.5043683145338629,0.10745186862967157,0.7170767784118652,18
100,0.1,500,500,0.5050942715458057,0.1183691959229898,0.7350936532020569,17
100,0.1,1000,500,0.508810857207603,0.16863722159305397,0.8030226230621338,14
100,0.1,10,1000,0.513381904274066,0.10674216685541714,0.6549935936927795,15
100,0.1,25,1000,0.5118244596145087,0.07560588901472254,0.6146302819252014,16
100,0.1,50,1000,0.5125724992953019,0.09914684786711966,0.6632338762283325,15
100,0.1,100,1000,0.5123816519185239,0.10949037372593431,0.6614590883255005,15
100,0.1,250,1000,0.5074141215467817,0.15152887882219707,0.7562406063079834,14
100,0.1,500,1000,0.5094746516535634,0.1468327670819177,0.7495813369750977,14
100,0.1,1000,1000,0.511450009015699,0.17659494148735372,0.8028674721717834,13
100,0.1,10,2500,0.5696136058554163,0.07714609286523216,0.47664549946784973,5
100,0.1,25,2500,0.6069130205877652,0.28228010570026424,0.7498605251312256,6
100,0.1,50,2500,0.559189711516639,0.22055115137787845,0.671611487865448,6
100,0.1,100,2500,0.5707994839399468,0.2408305020762552,0.6712631583213806,5
100,0.1,250,2500,0.537549783858379,0.20789731974329936,0.5645079612731934,4
100,0.1,500,2500,0.5460661026321608,0.23315968289920724,0.5917671918869019,4
100,0.1,1000,2500,0.5999942791856423,0.30559456398640994,0.768855631351471,5
100,0.1,10,5000,0.6986559876259162,0.016413741034352586,0.6391782760620117,3
100,0.1,25,5000,0.5816606948228344,0.27109097772744434,0.645469069480896,3
100,0.1,50,5000,0.5743819861179346,0.24841072102680256,0.6339089274406433,3
100,0.1,100,5000,0.5739095097760477,0.2572140430351076,0.6352816820144653,3
100,0.1,250,5000,0.5787293144353239,0.25734994337485845,0.6487866640090942,3
100,0.1,500,5000,0.5896200298513381,0.2826123065307663,0.6593078970909119,3
100,0.1,1000,5000,0.6594381288964709,0.32582861457153645,0.7437011003494263,3
100,0.1,10,10000,0.6986559876259162,0.016413741034352586,0.6391782760620117,3
100,0.1,25,10000,0.5816606948228344,0.27109097772744434,0.645469069480896,3
100,0.1,50,10000,0.5743819861179346,0.24841072102680256,0.6339088678359985,3
100,0.1,100,10000,0.5739095097760477,0.2572140430351076,0.6352816820144653,3
100,0.1,250,10000,0.5787293144353239,0.25734994337485845,0.6487866044044495,3
100,0.1,500,10000,0.5896200298513381,0.2826123065307663,0.6593078374862671,3
100,0.1,1000,10000,0.33085711055995476,0.019992449981124955,0.3188748359680176,2
100,0.1,10,15000,0.6986559876259162,0.016413741034352586,0.6391782164573669,3
100,0.1,25,15000,0.332230174946923,0.016413741034352586,0.3200652003288269,2
100,0.1,50,15000,0.5743819861179346,0.24841072102680256,0.6339089870452881,3
100,0.1,100,15000,0.332230174946923,0.016413741034352586,0.3200652301311493,2
100,0.1,250,15000,0.332230174946923,0.016413741034352586,0.3200651705265045,2
100,0.1,500,15000,0.332230174946923,0.016413741034352586,0.3200652003288269,2
100,0.1,1000,15000,0.33085711055995476,0.019992449981124955,0.31887492537498474,2
100,0.1,10,20000,0.48148169306403454,0.0,0.5955431461334229,2
100,0.1,25,20000,0.0,1.0,,0
100,0.1,50,20000,0.0,1.0,,0
100,0.1,100,20000,0.0,1.0,,0
100,0.1,250,20000,0.0,1.0,,0
100,0.1,500,20000,0.0,1.0,,0
100,0.1,1000,20000,0.0,1.0,,0
100,0.1,10,22000,0.0,1.0,,0
100,0.1,25,22000,0.0,1.0,,0
100,0.1,50,22000,0.0,1.0,,0
100,0.1,100,22000,0.0,1.0,,0
100,0.1,250,22000,0.0,1.0,,0
100,0.1,500,22000,0.0,1.0,,0
100,0.1,1000,22000,0.0,1.0,,0
10,0.15,10,50,0.08173306353758554,0.4215326538316346,-0.21510525047779083,258
10,0.15,25,50,0.1066579195653486,0.533121932804832,-0.07658639550209045,197
10,0.15,50,50,0.1069732514876515,0.5940656851642129,0.020391257479786873,153
10,0.15,100,50,0.11238321947636366,0.6645526613816535,0.14755059778690338,81
10,0.15,250,50,0.085096760943123,0.7116496791241979,0.33565717935562134,31
10,0.15,500,50,0.051989307864443834,0.771053227633069,0.41901469230651855,17
10,0.15,1000,50,0.030446933344863505,0.8294752736881842,0.6920962929725647,11
10,0.15,10,100,0.08306801156122688,0.4620460551151378,-0.16667024791240692,114
10,0.15,25,100,0.11238730493412753,0.559048697621744,-0.08579633384943008,104
10,0.15,50,100,0.1327949119614987,0.6131823329558324,-0.02100004255771637,79
10,0.15,100,100,0.11699284383560932,0.6465232163080408,0.07054226845502853,67
10,0.15,250,100,0.08346051777572364,0.7109097772744432,0.3917090892791748,27
10,0.15,500,100,0.052241382395431774,0.7719743299358248,0.42417484521865845,16
10,0.15,1000,100,0.029660911116188356,0.8314382785956965,0.8084431290626526,9
10,0.15,10,250,0.10330064895893323,0.5535371838429596,-0.004980762489140034,42
10,0.15,25,250,0.14077641908042024,0.6300339750849377,0.06322009116411209,34
10,0.15,50,250,0.13469841152955297,0.6343676859192148,0.07260240614414215,29
10,0.15,100,250,0.12767287762273508,0.6512948282370706,0.13703837990760803,27
10,0.15,250,250,0.08371500798637387,0.7045677614194036,0.2831250727176666,24
10,0.15,500,250,0.054475521708865174,0.7800981502453757,0.4986002445220947,13
10,0.15,1000,250,0.029660911116188356,0.8314382785956965,0.8084431290626526,9
10,0.15,10,500,0.0742383114584496,0.6640694601736504,0.38462209701538086,17
10,0.15,25,500,0.10361925566467828,0.6401359003397509,-0.022534603253006935,16
10,0.15,50,500,0.11702856751128951,0.6778557946394866,0.21714401245117188,17
10,0.15,100,500,0.09319467561016755,0.7099131747829369,0.29131293296813965,15
10,0.15,250,500,0.09999174491699277,0.7188070970177426,0.25601881742477417,13
10,0.15,500,500,0.05545284886198884,0.779675349188373,0.4380591809749603,12
10,0.15,1000,500,0.027592294915751703,0.8360890902227256,0.9073208570480347,8
10,0.15,10,1000,0.00222052587131417,0.006825217063042658,-0.14424774050712585,2
10,0.15,25,1000,0.0019494558724108193,0.01839184597961495,-0.1437433809041977,2
10,0.15,50,1000,0.0872865698705395,0.7284107210268026,0.3414190709590912,10
10,0.15,100,1000,0.10323920201241808,0.7113174782936957,0.32343408465385437,11
10,0.15,250,1000,0.10094425795436222,0.7182785956964892,0.27068111300468445,12
10,0.15,500,1000,0.04897539748641567,0.7996979992449981,0.5661323666572571,9
10,0.15,1000,1000,0.027592294915751703,0.8360890902227256,0.9073208570480347,8
10,0.15,10,2500,0.0,1.0,,0
10,0.15,25,2500,0.021891049677954633,0.7650434126085315,0.431257963180542,3
10,0.15,50,2500,0.020408602720122453,0.7405058512646282,0.18174079060554504,2
10,0.15,100,2500,0.024222939753391775,0.8664552661381654,0.7373173236846924,2
10,0.15,250,2500,0.020603309282500988,0.8844243110607777,0.806034505367279,2
10,0.15,500,2500,0.0,1.0,,0
10,0.15,1000,2500,0.09054865036585595,0.831679879199698,0.7058391571044922,2
10,0.15,10,5000,0.0,1.0,,0
10,0.15,25,5000,0.0,1.0,,0
10,0.15,50,5000,0.0,1.0,,0
10,0.15,100,5000,0.0,1.0,,0
10,0.15,250,5000,0.0,1.0,,0
10,0.15,500,5000,0.0,1.0,,0
10,0.15,1000,5000,0.0,1.0,,0
10,0.15,10,10000,0.0,1.0,,0
10,0.15,25,10000,0.0,1.0,,0
10,0.15,50,10000,0.0,1.0,,0
10,0.15,100,10000,0.0,1.0,,0
10,0.15,250,10000,0.0,1.0,,0
10,0.15,500,10000,0.0,1.0,,0
10,0.15,1000,10000,0.0,1.0,,0
10,0.15,10,15000,0.0,1.0,,0
10,0.15,25,15000,0.0,1.0,,0
10,0.15,50,15000,0.0,1.0,,0
10,0.15,100,15000,0.0,1.0,,0
10,0.15,250,15000,0.0,1.0,,0
10,0.15,500,15000,0.0,1.0,,0
10,0.15,1000,15000,0.0,1.0,,0
10,0.15,10,20000,0.0,1.0,,0
10,0.15,25,20000,0.0,1.0,,0
10,0.15,50,20000,0.0,1.0,,0
10,0.15,100,20000,0.0,1.0,,0
10,0.15,250,20000,0.0,1.0,,0
10,0.15,500,20000,0.0,1.0,,0
10,0.15,1000,20000,0.0,1.0,,0
10,0.15,10,22000,0.0,1.0,,0
10,0.15,25,22000,0.0,1.0,,0
10,0.15,50,22000,0.0,1.0,,0
10,0.15,100,22000,0.0,1.0,,0
10,0.15,250,22000,0.0,1.0,,0
10,0.15,500,22000,0.0,1.0,,0
10,0.15,1000,22000,0.0,1.0,,0
15,0.15,10,50,0.11578150526123505,0.42570026425066065,-0.21265532076358795,238
15,0.15,25,50,0.1384426167481354,0.48034730086825217,-0.17403148114681244,185
15,0.15,50,50,0.140959251295451,0.5318837297093243,-0.05734614282846451,146
15,0.15,100,50,0.14327952357061235,0.5745111362778407,0.14196819067001343,68
15,0.15,250,50,0.12440056377775013,0.6219403548508872,0.3134833574295044,30
15,0.15,500,50,0.10173028471666767,0.68638731596829,0.7187510132789612,16
15,0.15,1000,50,0.07151854010254975,0.7326085315213288,0.6905936002731323,13
15,0.15,10,100,0.13578886843669868,0.49381653454133634,-0.05140002444386482,108
15,0.15,25,100,0.1499606622136557,0.5036466591166477,0.013777969405055046,88
15,0.15,50,100,0.15623195314622584,0.5152736881842205,0.025771191343665123,79
15,0.15,100,100,0.15211087902263348,0.5600906002265006,0.043122220784425735,63
15,0.15,250,100,0.1272260442765882,0.6198263495658739,0.3908096253871918,27
15,0.15,500,100,0.10173028471666767,0.68638731596829,0.7187510132789612,16
15,0.15,1000,100,0.0724759355393037,0.7309173272933183,0.6899948120117188,12
15,0.15,10,250,0.13971773089670378,0.520634201585504,0.20443867146968842,36
15,0.15,25,250,0.152226421039902,0.551513778784447,0.18177716434001923,31
15,0.15,50,250,0.1450867547646705,0.5652699131747829,0.23783588409423828,30
15,0.15,100,250,0.15518957206381434,0.5760362400906002,0.3008071482181549,28
15,0.15,250,250,0.128168855019348,0.6219101547753869,0.3965205252170563,26
15,0.15,500,250,0.10173028471666767,0.68638731596829,0.7187510132789612,16
15,0.15,1000,250,0.06861096586755021,0.7361872404681011,0.705437421798706,10
15,0.15,10,500,0.11940324113976314,0.6171838429596074,0.49156859517097473,17
15,0.15,25,500,0.148332144921643,0.591679879199698,0.3798985481262207,19
15,0.15,50,500,0.14696290252754501,0.6031106077765195,0.41640761494636536,18
15,0.15,100,500,0.1735057216009407,0.579524348810872,0.2859382629394531,18
15,0.15,250,500,0.14066803744405387,0.6375386938467347,0.5351607799530029,17
15,0.15,500,500,0.0977763652261269,0.6907361268403172,0.7420496344566345,15
15,0.15,1000,500,0.06861096586755021,0.7361872404681011,0.7054374814033508,10
15,0.15,10,1000,0.07428594238639309,0.7027708569271424,0.6009576320648193,9
15,0.15,25,1000,0.09501926562646146,0.6599924499811249,0.4862942397594452,11
15,0.15,50,1000,0.09850420365127013,0.6588297470743677,0.48674365878105164,11
15,0.15,100,1000,0.12464837305051826,0.6410419026047565,0.4534306824207306,12
15,0.15,250,1000,0.12832543001111082,0.6421593053982635,0.4605596661567688,13
15,0.15,500,1000,0.07098374382170575,0.7079652699131748,0.5415972471237183,10
15,0.15,1000,1000,0.07218306736720383,0.751196677991695,0.7797697186470032,9
15,0.15,10,2500,0.01670239543174409,0.0628312570781427,-0.0015953631373122334,2
15,0.15,25,2500,0.011973525371386106,0.04878822197055493,-0.019703345373272896,2
15,0.15,50,2500,0.011449053925993574,0.0767836919592299,-0.014294152148067951,2
15,0.15,100,2500,0.01584761675034042,0.14423556058890147,0.0072136386297643185,2
15,0.15,250,2500,0.05148534186165972,0.37573423933559835,0.12330802530050278,2
15,0.15,500,2500,0.048709778281532216,0.705428463571159,0.7390056848526001,3
15,0.15,1000,2500,0.06630386295603878,0.6829445073612684,0.7580414414405823,4
15,0.15,10,5000,0.0,1.0,,0
15,0.15,25,5000,0.0,1.0,,0
15,0.15,50,5000,0.0,1.0,,0
15,0.15,100,5000,0.0,1.0,,0
15,0.15,250,5000,0.0,1.0,,0
15,0.15,500,5000,0.0,1.0,,0
15,0.15,1000,5000,0.10750317179819742,0.6025066062665156,0.4398162364959717,2
15,0.15,10,10000,0.0,1.0,,0
15,0.15,25,10000,0.0,1.0,,0
15,0.15,50,10000,0.0,1.0,,0
15,0.15,100,10000,0.0,1.0,,0
15,0.15,250,10000,0.0,1.0,,0
15,0.15,500,10000,0.0,1.0,,0
15,0.15,1000,10000,0.0,1.0,,0
15,0.15,10,15000,0.0,1.0,,0
15,0.15,25,15000,0.0,1.0,,0
15,0.15,50,15000,0.0,1.0,,0
15,0.15,100,15000,0.0,1.0,,0
15,0.15,250,15000,0.0,1.0,,0
15,0.15,500,15000,0.0,1.0,,0
15,0.15,1000,15000,0.0,1.0,,0
15,0.15,10,20000,0.0,1.0,,0
15,0.15,25,20000,0.0,1.0,,0
15,0.15,50,20000,0.0,1.0,,0
15,0.15,100,20000,0.0,1.0,,0
15,0.15,250,20000,0.0,1.0,,0
15,0.15,500,20000,0.0,1.0,,0
15,0.15,1000,20000,0.0,1.0,,0
15,0.15,10,22000,0.0,1.0,,0
15,0.15,25,22000,0.0,1.0,,0
15,0.15,50,22000,0.0,1.0,,0
15,0.15,100,22000,0.0,1.0,,0
15,0.15,250,22000,0.0,1.0,,0
15,0.15,500,22000,0.0,1.0,,0
15,0.15,1000,22000,0.0,1.0,,0
30,0.15,10,50,0.3471694957352054,0.24954322385805963,-0.19641275703907013,190
30,0.15,25,50,0.4178346395114491,0.27924499811249526,-0.09887727349996567,158
30,0.15,50,50,0.419981216219153,0.3116949792374481,-0.05667225643992424,137
30,0.15,100,50,0.40804383463284793,0.35264628161570405,-0.0303531251847744,75
30,0.15,250,50,0.3719267415233396,0.4088939222348056,-0.06288490444421768,39
30,0.15,500,50,0.3690817348398378,0.4658059645149113,0.6751576662063599,17
30,0.15,1000,50,0.33304208968249793,0.4906606266515666,0.6886706948280334,13
30,0.15,10,100,0.36612951882357264,0.24782181955454888,-0.1237063854932785,98
30,0.15,25,100,0.3936413810959358,0.27722159305398264,-0.13418810069561005,88
30,0.15,50,100,0.4079521176492433,0.2835032087580219,-0.11888453364372253,81
30,0.15,100,100,0.39315572208290195,0.3336202340505851,-0.09377728402614594,68
30,0.15,250,100,0.3716289022801377,0.41559833899584747,0.009517649188637733,31
30,0.15,500,100,0.36875227359242196,0.4663193657984145,0.6690112948417664,15
30,0.15,1000,100,0.33304208968249793,0.4906606266515666,0.6886707544326782,13
30,0.15,10,250,0.38383622228873304,0.1447187617969045,-0.2289993166923523,35
30,0.15,25,250,0.3516713314261881,0.22396375990939976,-0.13614758849143982,35
30,0.15,50,250,0.40521343154971395,0.30242355605889015,-0.12480286508798599,39
30,0.15,100,250,0.4065363579475414,0.3583842959607399,-0.053266484290361404,33
30,0.15,250,250,0.37748104848205244,0.41446583616459043,0.04636663198471069,26
30,0.15,500,250,0.3640773200827143,0.45946394865987167,0.6456279754638672,13
30,0.15,1000,250,0.3301848341574385,0.49744054360135903,0.6962776184082031,10
30,0.15,10,500,0.38522812878282403,0.20635711589278974,0.2691093683242798,16
30,0.15,25,500,0.3453487520237633,0.28147980369950926,0.4305844008922577,20
30,0.15,50,500,0.4013374786645836,0.3581879954699887,0.4050684869289398,21
30,0.15,100,500,0.40733528797979357,0.4100566251415629,0.47852182388305664,17
30,0.15,250,500,0.38014945295721936,0.45494903737259346,0.45650801062583923,15
30,0.15,500,500,0.3640773200827143,0.45946394865987167,0.6456278562545776,13
30,0.15,1000,500,0.3301848341574385,0.49744054360135903,0.6962776184082031,10
30,0.15,10,1000,0.39683555560934924,0.20665911664779163,0.23839840292930603,13
30,0.15,25,1000,0.3228451107466714,0.35839939599849,0.5208978056907654,13
30,0.15,50,1000,0.34522702876842143,0.4532427331068328,0.6672878861427307,12
30,0.15,100,1000,0.37667740701662583,0.44579841449603624,0.5959935784339905,11
30,0.15,250,1000,0.37248036562703435,0.4688410721026803,0.6042124032974243,11
30,0.15,500,1000,0.3475204763557916,0.4891506228765572,0.6780847311019897,10
30,0.15,1000,1000,0.3301848341574385,0.49744054360135903,0.6962776780128479,10
30,0.15,10,2500,0.2833312036409791,0.04637221593053983,0.13139434158802032,3
30,0.15,25,2500,0.3701045579400014,0.2845753114382786,0.41318368911743164,3
30,0.15,50,2500,0.3111515900439261,0.3871045677614194,0.47461313009262085,3
30,0.15,100,2500,0.29077019261056103,0.49645904114760286,0.501994252204895,3
30,0.15,250,2500,0.28377330748110874,0.5162400906002265,0.34115296602249146,3
30,0.15,500,2500,0.30603748858622026,0.5294224235560588,0.4962337911128998,4
30,0.15,1000,2500,0.30744606875114666,0.5462891657229143,0.541042149066925,4
30,0.15,10,5000,0.2912784633073371,0.0995998489996225,0.40920162200927734,2
30,0.15,25,5000,0.40478290330781364,0.33780294450736126,0.5839350819587708,2
30,0.15,50,5000,0.3367992505677098,0.4403473008682522,0.6422767043113708,2
30,0.15,100,5000,0.3006357519722353,0.5496866742166855,0.7019805312156677,2
30,0.15,250,5000,0.2880872115638623,0.5691053227633069,0.7566978931427002,2
30,0.15,500,5000,0.2528361524793813,0.4737938844847112,0.7866032719612122,2
30,0.15,1000,5000,0.25061569419580665,0.5360815402038505,0.8162858486175537,2
30,0.15,10,10000,0.2912784633073371,0.0995998489996225,0.40920159220695496,2
30,0.15,25,10000,0.40478290330781364,0.33780294450736126,0.5839351415634155,2
30,0.15,50,10000,0.3367992505677098,0.4403473008682522,0.6422767639160156,2
30,0.15,100,10000,0.3006357519722353,0.5496866742166855,0.7019806504249573,2
30,0.15,250,10000,0.0,1.0,,0
30,0.15,500,10000,0.0,1.0,,0
30,0.15,1000,10000,0.0,1.0,,0
30,0.15,10,15000,0.2912784633073371,0.0995998489996225,0.40920156240463257,2
30,0.15,25,15000,0.40478290330781364,0.33780294450736126,0.5839349627494812,2
30,0.15,50,15000,0.3367992505677098,0.4403473008682522,0.6422767639160156,2
30,0.15,100,15000,0.0,1.0,,0
30,0.15,250,15000,0.0,1.0,,0
30,0.15,500,15000,0.0,1.0,,0
30,0.15,1000,15000,0.0,1.0,,0
30,0.15,10,20000,0.2912784633073371,0.0995998489996225,0.40920156240463257,2
30,0.15,25,20000,0.0,1.0,,0
30,0.15,50,20000,0.0,1.0,,0
30,0.15,100,20000,0.0,1.0,,0
30,0.15,250,20000,0.0,1.0,,0
30,0.15,500,20000,0.0,1.0,,0
30,0.15,1000,20000,0.0,1.0,,0
30,0.15,10,22000,0.2912784633073371,0.0995998489996225,0.40920159220695496,2
30,0.15,25,22000,0.0,1.0,,0
30,0.15,50,22000,0.0,1.0,,0
30,0.15,100,22000,0.0,1.0,,0
30,0.15,250,22000,0.0,1.0,,0
30,0.15,500,22000,0.0,1.0,,0
30,0.15,1000,22000,0.0,1.0,,0
50,0.15,10,50,0.3456326911962523,0.20635711589278974,-0.15738935768604279,163
50,0.15,25,50,0.3224711247165041,0.2634654586636467,239.05494689941406,160
50,0.15,50,50,0.34403064231845276,0.25460173650434126,0.1433102786540985,139
50,0.15,100,50,0.35944377802430066,0.24684031710079274,0.37994682788848877,77
50,0.15,250,50,0.34639251470187055,0.29336353340883353,0.6508643627166748,33
50,0.15,500,50,0.33124666265881225,0.3760664401661004,0.7564663887023926,20
50,0.15,1000,50,0.3398990748429975,0.41917704794261984,0.7286646962165833,14
50,0.15,10,100,0.3640304065086505,0.19592298980747452,0.255937397480011,91
50,0.15,25,100,0.3703035926407615,0.21963004907512268,0.3117651045322418,87
50,0.15,50,100,0.36293237432829345,0.23258588146470366,0.3395138084888458,76
50,0.15,100,100,0.3659463616163229,0.24407701019252548,0.37373805046081543,67
50,0.15,250,100,0.3464870685483791,0.2942695356738392,0.6525195837020874,32
50,0.15,500,100,0.33124666265881225,0.3760664401661004,0.7564664483070374,20
50,0.15,1000,100,0.33975860774940225,0.41695734239335597,0.7130164504051208,12
50,0.15,10,250,0.3575366924501212,0.22077765194412985,0.45548272132873535,37
50,0.15,25,250,0.36373477640167556,0.2287202718006795,0.5326867699623108,35
50,0.15,50,250,0.3614390679743602,0.22437146092865232,0.5086278319358826,39
50,0.15,100,250,0.3610493289310574,0.23539448848622122,0.552965521812439,33
50,0.15,250,250,0.34894567140739285,0.28981502453756136,0.6487888693809509,30
50,0.15,500,250,0.33066397306748263,0.37766704416761043,0.7609432339668274,19
50,0.15,1000,250,0.33975860774940225,0.41695734239335597,0.7130165696144104,12
50,0.15,10,500,0.3540053165421265,0.2561721404303511,0.42048585414886475,21
50,0.15,25,500,0.3583175994174628,0.26585126462816155,0.4836544692516327,20
50,0.15,50,500,0.36745781363572855,0.26243865609664024,0.5236075520515442,21
50,0.15,100,500,0.3695185550609076,0.27636089090222726,0.5434139370918274,18
50,0.15,250,500,0.3499240217087078,0.31287278218195547,0.6425840258598328,17
50,0.15,500,500,0.33854051914923744,0.36442431106077766,0.7200348973274231,16
50,0.15,1000,500,0.339708110770212,0.4209135522838807,0.7181516289710999,11
50,0.15,10,1000,0.34563217880930935,0.3199395998489996,0.5014376640319824,14
50,0.15,25,1000,0.348566517046606,0.32599471498678745,0.5371045470237732,13
50,0.15,50,1000,0.3507949398794106,0.339841449603624,0.6616334319114685,12
50,0.15,100,1000,0.356601065241217,0.29938844847112117,0.5823217630386353,12
50,0.15,250,1000,0.35169636397399223,0.3167534918837297,0.5744220018386841,12
50,0.15,500,1000,0.34676302551176574,0.36203850509626273,0.6742510199546814,12
50,0.15,1000,1000,0.339708110770212,0.4209135522838807,0.7181516289710999,11
50,0.15,10,2500,0.46329934588515853,0.1554397885994715,0.35520872473716736,5
50,0.15,25,2500,0.4259586482342046,0.1796149490373726,0.3413134515285492,4
50,0.15,50,2500,0.3540504124989844,0.43951679879199695,0.692600667476654,6
50,0.15,100,2500,0.3515544371621122,0.4120800302000755,0.5929321050643921,6
50,0.15,250,2500,0.34746511721619383,0.46429596073990187,0.5831343531608582,6
50,0.15,500,2500,0.36305512233383375,0.4824915062287656,0.702350378036499,4
50,0.15,1000,2500,0.3785904831477988,0.5203624009060023,0.8225670456886292,4
50,0.15,10,5000,0.5550472733914967,0.2634654586636467,0.5989111065864563,2
50,0.15,25,5000,0.32853255952182203,0.035016987542468854,0.1988399624824524,2
50,0.15,50,5000,0.3671769937751949,0.1581275953189883,0.31831029057502747,3
50,0.15,100,5000,0.3393895249667549,0.15394488486221217,0.3316153585910797,2
50,0.15,250,5000,0.32968315880447446,0.14292185730464327,0.3036598861217499,2
50,0.15,500,5000,0.30752355381857843,0.22881087202718006,0.36073747277259827,2
50,0.15,1000,5000,0.301244120318272,0.2635560588901472,0.34450459480285645,2
50,0.15,10,10000,0.5550472733914967,0.2634654586636467,0.5989111661911011,2
50,0.15,25,10000,0.32853255952182203,0.035016987542468854,0.1988399624824524,2
50,0.15,50,10000,0.39562697579962586,0.23418648546621368,0.43206891417503357,2
50,0.15,100,10000,0.3393895249667549,0.15394488486221217,0.3316154181957245,2
50,0.15,250,10000,0.32968315880447446,0.14292185730464327,0.30365994572639465,2
50,0.15,500,10000,0.30752355381857843,0.22881087202718006,0.3607374429702759,2
50,0.15,1000,10000,0.301244120318272,0.2635560588901472,0.34450453519821167,2
50,0.15,10,15000,0.5550472733914967,0.2634654586636467,0.5989111065864563,2
50,0.15,25,15000,0.32853255952182203,0.035016987542468854,0.1988399475812912,2
50,0.15,50,15000,0.39562697579962586,0.23418648546621368,0.43206894397735596,2
50,0.15,100,15000,0.3393895249667549,0.15394488486221217,0.3316153585910797,2
50,0.15,250,15000,0.32968315880447446,0.14292185730464327,0.30365997552871704,2
50,0.15,500,15000,0.30752355381857843,0.22881087202718006,0.36073750257492065,2
50,0.15,1000,15000,0.301244120318272,0.2635560588901472,0.34450456500053406,2
50,0.15,10,20000,0.5550472733914967,0.2634654586636467,0.5989111065864563,2
50,0.15,25,20000,0.0,1.0,,0
50,0.15,50,20000,0.0,1.0,,0
50,0.15,100,20000,0.0,1.0,,0
50,0.15,250,20000,0.0,1.0,,0
50,0.15,500,20000,0.0,1.0,,0
50,0.15,1000,20000,0.0,1.0,,0
50,0.15,10,22000,0.0,1.0,,0
50,0.15,25,22000,0.0,1.0,,0
50,0.15,50,22000,0.0,1.0,,0
50,0.15,100,22000,0.0,1.0,,0
50,0.15,250,22000,0.0,1.0,,0
50,0.15,500,22000,0.0,1.0,,0
50,0.15,1000,22000,0.0,1.0,,0
75,0.15,10,50,0.4841328330572593,0.05383163457908645,0.20697470009326935,166
75,0.15,25,50,0.48544379913633867,0.0985428463571159,0.4747215211391449,154
75,0.15,50,50,0.4835219047617013,0.08424311060777652,0.5120416879653931,139
75,0.15,100,50,0.490797965861551,0.09162702906757267,0.78377366065979,72
75,0.15,250,50,0.5001903848540851,0.10008305020762552,0.7306377291679382,32
75,0.15,500,50,0.503683786072737,0.1578859947149868,0.7451324462890625,19
75,0.15,1000,50,0.5187431111997675,0.20620611551528878,0.8537749648094177,15
75,0.15,10,100,0.4935660499843813,0.044665911664779165,0.7046493291854858,84
75,0.15,25,100,0.4958061013294386,0.044182710456776145,0.6996252536773682,81
75,0.15,50,100,0.4965012768037721,0.04851642129105323,0.6917552947998047,76
75,0.15,100,100,0.49622567449069666,0.07155907889769725,0.7309732437133789,65
75,0.15,250,100,0.4999606842372168,0.10139675349188373,0.7332699298858643,31
75,0.15,500,100,0.5039161863550538,0.1586711966779917,0.747241735458374,18
75,0.15,1000,100,0.5187431111997675,0.20620611551528878,0.8537749648094177,15
75,0.15,10,250,0.5028672488045575,0.04551151377878445,0.6435443758964539,35
75,0.15,25,250,0.5019721174288884,0.05380143450358626,0.6627504825592041,35
75,0.15,50,250,0.5017719515633711,0.06348055870139675,0.6968538761138916,36
75,0.15,100,250,0.5025265097996096,0.059494148735371837,0.6770778298377991,31
75,0.15,250,250,0.49973396047500995,0.09565873914684787,0.7271356582641602,28
75,0.15,500,250,0.5035079984846716,0.1535220838052095,0.761594295501709,17
75,0.15,1000,250,0.5172910360635163,0.20090600226500566,0.8401461839675903,13
75,0.15,10,500,0.5056307179838042,0.07696489241223103,0.596971869468689,19
75,0.15,25,500,0.5042893901794042,0.07584748961872405,0.6127605438232422,21
75,0.15,50,500,0.5061585155684247,0.07560588901472254,0.5783067941665649,19
75,0.15,100,500,0.5049790160376294,0.08385050962627406,0.6263931393623352,21
75,0.15,250,500,0.5028992432360331,0.11282748206870517,0.6934176683425903,19
75,0.15,500,500,0.501266568666799,0.1430577576443941,0.6960323452949524,15
75,0.15,1000,500,0.5229881521297459,0.2122914307285768,0.8720535039901733,11
75,0.15,10,1000,0.5095478968359544,0.1191845979614949,0.6663304567337036,13
75,0.15,25,1000,0.5054957024452139,0.07815779539448849,0.5967156291007996,13
75,0.15,50,1000,0.5067147865243132,0.09179312948282371,0.6254997849464417,13
75,0.15,100,1000,0.5105610898253049,0.09840694601736505,0.6213141679763794,12
75,0.15,250,1000,0.5008948191216908,0.12206870517176292,0.6400430798530579,11
75,0.15,500,1000,0.5116040482154971,0.17217063042657607,0.7499646544456482,11
75,0.15,1000,1000,0.5229881521297459,0.2122914307285768,0.8720537424087524,11
75,0.15,10,2500,0.5792426593547302,0.2480483201208003,0.6795210242271423,6
75,0.15,25,2500,0.5782303569974869,0.24869762174405435,0.6677858829498291,6
75,0.15,50,2500,0.5633577515868752,0.21115892789731974,0.6542814373970032,6
75,0.15,100,2500,0.5492757009283588,0.19897319743299358,0.5551796555519104,5
75,0.15,250,2500,0.5280679048813344,0.20801812004530013,0.49824637174606323,4
75,0.15,500,2500,0.5573407868220277,0.2553265383163458,0.6166815757751465,5
75,0.15,1000,2500,0.6390761071893891,0.3515892789731974,0.8958624005317688,5
75,0.15,10,5000,0.6223757920593973,0.2934692336730842,0.6825884580612183,4
75,0.15,25,5000,0.5907835715655695,0.25928274820687053,0.6762083768844604,4
75,0.15,50,5000,0.5822973697173891,0.24335220838052096,0.6553619503974915,4
75,0.15,100,5000,0.584779650139105,0.24824462061155153,0.6619627475738525,4
75,0.15,250,5000,0.5393247772477923,0.20492261230653078,0.6417957544326782,3
75,0.15,500,5000,0.5581693958549818,0.34798036995092485,0.8382651209831238,3
75,0.15,1000,5000,0.34033164741469757,0.07993959984899962,0.2739756107330322,2
75,0.15,10,10000,0.36828402447296077,0.17734994337485843,0.35110920667648315,2
75,0.15,25,10000,0.3418237585907958,0.10059645149112872,0.29973581433296204,2
75,0.15,50,10000,0.3409604858139476,0.09354473386183465,0.30078089237213135,2
75,0.15,100,10000,0.537651077053998,0.194397885994715,0.6323564052581787,3
75,0.15,250,10000,0.5393247772477923,0.20492261230653078,0.6417957544326782,3
75,0.15,500,10000,0.3423089940431282,0.10400906002265006,0.3020493984222412,2
75,0.15,1000,10000,0.34033164741469757,0.07993959984899962,0.2739756405353546,2
75,0.15,10,15000,0.36828402447296077,0.17734994337485843,0.35110923647880554,2
75,0.15,25,15000,0.3418237585907958,0.10059645149112872,0.29973578453063965,2
75,0.15,50,15000,0.3409604858139476,0.09354473386183465,0.3007809817790985,2
75,0.15,100,15000,0.537651077053998,0.194397885994715,0.6323563456535339,3
75,0.15,250,15000,0.5393247772477923,0.20492261230653078,0.641795814037323,3
75,0.15,500,15000,0.3423089940431282,0.10400906002265006,0.3020493686199188,2
75,0.15,1000,15000,0.34033164741469757,0.07993959984899962,0.2739756107330322,2
75,0.15,10,20000,0.0,1.0,,0
75,0.15,25,20000,0.0,1.0,,0
75,0.15,50,20000,0.0,1.0,,0
75,0.15,100,20000,0.0,1.0,,0
75,0.15,250,20000,0.0,1.0,,0
75,0.15,500,20000,0.0,1.0,,0
75,0.15,1000,20000,0.0,1.0,,0
75,0.15,10,22000,0.0,1.0,,0
75,0.15,25,22000,0.0,1.0,,0
75,0.15,50,22000,0.0,1.0,,0
75,0.15,100,22000,0.0,1.0,,0
75,0.15,250,22000,0.0,1.0,,0
75,0.15,500,22000,0.0,1.0,,0
75,0.15,1000,22000,0.0,1.0,,0
100,0.15,10,50,0.4775845111011272,0.07655719139297848,0.04892103001475334,166
100,0.15,25,50,0.481775698221367,0.06502076255190638,0.2854997515678406,150
100,0.15,50,50,0.48530522236051604,0.12226500566251415,0.24199511110782623,142
100,0.15,100,50,0.48766701976708643,0.07821819554548887,0.20560277998447418,72
100,0.15,250,50,0.4980849809244575,0.10349565873914685,0.7793681025505066,34
100,0.15,500,50,0.5020377029177652,0.14772366930917327,0.7752264738082886,19
100,0.15,1000,50,0.5068319653871854,0.18059645149112874,0.8298842310905457,14
100,0.15,10,100,0.47877381074835057,0.08794261985654964,0.28067338466644287,95
100,0.15,25,100,0.4910670924282049,0.040090600226500565,0.4530712962150574,76
100,0.15,50,100,0.488583698011667,0.06248395620989052,0.42455846071243286,74
100,0.15,100,100,0.4887634077520963,0.06743676859192148,0.21044594049453735,65
100,0.15,250,100,0.5010023957044286,0.09268403171007927,0.7454706430435181,30
100,0.15,500,100,0.5021084480633461,0.14995847489618724,0.7898600101470947,17
100,0.15,1000,100,0.5068319653871854,0.18059645149112874,0.8298845291137695,14
100,0.15,10,250,0.49801567651132994,0.07767459418648547,0.6592098474502563,35
100,0.15,25,250,0.5039487216456817,0.03776519441298603,0.6470171213150024,33
100,0.15,50,250,0.504342193069085,0.05123442808607021,0.6670960187911987,32
100,0.15,100,250,0.5027615542628275,0.06486976217440543,0.7029443979263306,32
100,0.15,250,250,0.5025243468211612,0.08466591166477916,0.7262722849845886,29
100,0.15,500,250,0.5015924218749531,0.13990184975462439,0.7738029956817627,16
100,0.15,1000,250,0.5068319653871854,0.18059645149112874,0.8298845887184143,14
100,0.15,10,500,0.500872664518863,0.08486221215553039,0.680281937122345,20
100,0.15,25,500,0.5027353486952907,0.07400528501321253,0.6681320667266846,20
100,0.15,50,500,0.506029720242319,0.07592298980747451,0.6495739817619324,19
100,0.15,100,500,0.5043104823915923,0.07965269913174783,0.6395561695098877,19
100,0.15,250,500,0.5048181420022001,0.09496413741034353,0.6786002516746521,18
100,0.15,500,500,0.5015924218749531,0.13990184975462439,0.773803174495697,16
100,0.15,1000,500,0.509504813798911,0.1878595696489241,0.8311595916748047,13
100,0.15,10,1000,0.5079370155553798,0.12249150622876558,0.718543291091919,14
100,0.15,25,1000,0.510503052867676,0.12930162325405814,0.7160094976425171,15
100,0.15,50,1000,0.51846038510381,0.1304643261608154,0.6934347748756409,14
100,0.15,100,1000,0.517496996845207,0.1345111362778407,0.6835118532180786,14
100,0.15,250,1000,0.5120130656504458,0.13167232918082294,0.7242111563682556,13
100,0.15,500,1000,0.5055400813349648,0.15853529633824084,0.7755084037780762,14
100,0.15,1000,1000,0.509504813798911,0.1878595696489241,0.8311594724655151,13
100,0.15,10,2500,0.6489497495641791,0.29200453001132504,0.7530456185340881,5
100,0.15,25,2500,0.6099079231276097,0.3181124952812382,0.7878044247627258,5
100,0.15,50,2500,0.5871760354133532,0.26912797281993206,0.6907952427864075,5
100,0.15,100,2500,0.5812609669994452,0.2579992449981125,0.6820831894874573,5
100,0.15,250,2500,0.6314409222655044,0.31821819554548886,0.8144370913505554,5
100,0.15,500,2500,0.5952526973590917,0.3907889769724424,0.9833638072013855,4
100,0.15,1000,2500,0.6359730686379845,0.3106832767081918,0.7686686515808105,4
100,0.15,10,5000,0.6984657435121148,0.33710834277085694,0.8040207624435425,3
100,0.15,25,5000,0.3675726039220999,0.14506606266515668,0.4282733201980591,2
100,0.15,50,5000,0.6378907327582014,0.31877689694224237,0.7646730542182922,4
100,0.15,100,5000,0.6304912985953206,0.3076481691204228,0.7586715221405029,4
100,0.15,250,5000,0.6332614682357324,0.33248773121932806,0.688238799571991,3
100,0.15,500,5000,0.3852919268802445,0.16918082295205739,0.4440787732601166,2
100,0.15,1000,5000,0.45306263660851825,0.22959607399018497,0.5426196455955505,2
100,0.15,10,10000,0.38480295996047287,0.16172140430351076,0.4431557357311249,2
100,0.15,25,10000,0.3675726039220999,0.14506606266515668,0.4282732903957367,2
100,0.15,50,10000,0.3675726039220999,0.14506606266515668,0.42827340960502625,2
100,0.15,100,10000,0.3675726039220999,0.14506606266515668,0.42827337980270386,2
100,0.15,250,10000,0.3675726039220999,0.14506606266515668,0.42827335000038147,2
100,0.15,500,10000,0.3852919268802445,0.16918082295205739,0.4440787732601166,2
100,0.15,1000,10000,0.45306263660851825,0.22959607399018497,0.5426195859909058,2
100,0.15,10,15000,0.38480295996047287,0.16172140430351076,0.44315576553344727,2
100,0.15,25,15000,0.3675726039220999,0.14506606266515668,0.4282733201980591,2
100,0.15,50,15000,0.3675726039220999,0.14506606266515668,0.4282733201980591,2
100,0.15,100,15000,0.3675726039220999,0.14506606266515668,0.4282733201980591,2
100,0.15,250,15000,0.3675726039220999,0.14506606266515668,0.42827335000038147,2
100,0.15,500,15000,0.3852919268802445,0.16918082295205739,0.4440787434577942,2
100,0.15,1000,15000,0.45306263660851825,0.22959607399018497,0.5426196455955505,2
100,0.15,10,20000,0.0,1.0,,0
100,0.15,25,20000,0.0,1.0,,0
100,0.15,50,20000,0.0,1.0,,0
100,0.15,100,20000,0.0,1.0,,0
100,0.15,250,20000,0.0,1.0,,0
100,0.15,500,20000,0.0,1.0,,0
100,0.15,1000,20000,0.0,1.0,,0
100,0.15,10,22000,0.0,1.0,,0
100,0.15,25,22000,0.0,1.0,,0
100,0.15,50,22000,0.0,1.0,,0
100,0.15,100,22000,0.0,1.0,,0
100,0.15,250,22000,0.0,1.0,,0
100,0.15,500,22000,0.0,1.0,,0
100,0.15,1000,22000,0.0,1.0,,0
10,0.25,10,50,0.058916738733623186,0.41597583993959986,-0.30850598216056824,258
10,0.25,25,50,0.08796178100749237,0.5357342393355984,-0.19385747611522675,199
10,0.25,50,50,0.09613665749553219,0.6016912042280106,-0.09431219846010208,159
10,0.25,100,50,0.08372759186001176,0.6747602869007172,0.04033584147691727,84
10,0.25,250,50,0.06607976806644376,0.725753114382786,0.21848386526107788,31
10,0.25,500,50,0.04226886803022495,0.7939599848999622,0.5138962268829346,17
10,0.25,1000,50,0.02878712702864331,0.821442053605134,0.8617184162139893,8
10,0.25,10,100,0.052877379324504384,0.455356738391846,-0.3148956000804901,123
10,0.25,25,100,0.09461695846042704,0.5837070592676482,-0.18701903522014618,96
10,0.25,50,100,0.09433447488665891,0.6308795771989429,-0.1053239032626152,80
10,0.25,100,100,0.09126041345789836,0.6695658739146848,-0.07474391907453537,70
10,0.25,250,100,0.06701757138566283,0.7289241223103058,0.34472984075546265,27
10,0.25,500,100,0.04196384811170057,0.7917251793129483,0.5308805704116821,13
10,0.25,1000,100,0.02878712702864331,0.821442053605134,0.8617184162139893,8
10,0.25,10,250,0.07916420438452622,0.5139901849754624,-0.08351544290781021,42
10,0.25,25,250,0.10751943026974733,0.6447414118535296,-0.08521085977554321,31
10,0.25,50,250,0.11429683589513012,0.6525783314458287,0.02205761894583702,30
10,0.25,100,250,0.10797871326549742,0.6830955077387694,0.07406187057495117,29
10,0.25,250,250,0.06938756725104153,0.7245904114760287,0.3094273805618286,24
10,0.25,500,250,0.04196384811170057,0.7917251793129483,0.5308805704116821,13
10,0.25,1000,250,0.02878712702864331,0.821442053605134,0.8617183566093445,8
10,0.25,10,500,0.07317932553265788,0.6029294073235183,0.10982589423656464,21
10,0.25,25,500,0.08581408230494637,0.7134012835032087,0.19495649635791779,14
10,0.25,50,500,0.09879107012767897,0.6952963382408456,0.2053341567516327,15
10,0.25,100,500,0.10289222617002398,0.713114382785957,0.25438666343688965,13
10,0.25,250,500,0.07387400704207893,0.7351453378633447,0.4270518124103546,13
10,0.25,500,500,0.041148555683408465,0.7806870517176293,0.4376765787601471,12
10,0.25,1000,500,0.02878712702864331,0.821442053605134,0.8617184162139893,8
10,0.25,10,1000,0.05562798565381469,0.5654813137032842,0.1639290153980255,11
10,0.25,25,1000,0.05958370752355012,0.6804228010570026,0.2154591828584671,11
10,0.25,50,1000,0.05946455170001928,0.7206795016987543,0.341756671667099,10
10,0.25,100,1000,0.08440945061509561,0.7319290298225746,0.29198917746543884,11
10,0.25,250,1000,0.06858393231603403,0.7405813514533787,0.33846545219421387,10
10,0.25,500,1000,0.05131985881430218,0.7755530388825972,0.4428749978542328,9
10,0.25,1000,1000,0.02878712702864331,0.821442053605134,0.8617183566093445,8
10,0.25,10,2500,0.02435217017190971,0.7783314458286146,0.5483964085578918,2
10,0.25,25,2500,0.0,1.0,,0
10,0.25,50,2500,0.004875200702681944,0.8251415628539072,0.5484083294868469,2
10,0.25,100,2500,0.00766976156243346,0.8518988297470743,0.36960864067077637,2
10,0.25,250,2500,0.014837839671597686,0.47782559456398643,-0.06880871206521988,2
10,0.25,500,2500,0.05605475211336902,0.8140581351453379,0.7497909665107727,2
10,0.25,1000,2500,0.04398610630980909,0.876013590033975,0.8611898422241211,2
10,0.25,10,5000,0.0,1.0,,0
10,0.25,25,5000,0.0,1.0,,0
10,0.25,50,5000,0.0,1.0,,0
10,0.25,100,5000,0.0,1.0,,0
10,0.25,250,5000,0.0,1.0,,0
10,0.25,500,5000,0.05605475211336902,0.8140581351453379,0.7497909665107727,2
10,0.25,1000,5000,0.0,1.0,,0
10,0.25,10,10000,0.0,1.0,,0
10,0.25,25,10000,0.0,1.0,,0
10,0.25,50,10000,0.0,1.0,,0
10,0.25,100,10000,0.0,1.0,,0
10,0.25,250,10000,0.0,1.0,,0
10,0.25,500,10000,0.0,1.0,,0
10,0.25,1000,10000,0.0,1.0,,0
10,0.25,10,15000,0.0,1.0,,0
10,0.25,25,15000,0.0,1.0,,0
10,0.25,50,15000,0.0,1.0,,0
10,0.25,100,15000,0.0,1.0,,0
10,0.25,250,15000,0.0,1.0,,0
10,0.25,500,15000,0.0,1.0,,0
10,0.25,1000,15000,0.0,1.0,,0
10,0.25,10,20000,0.0,1.0,,0
10,0.25,25,20000,0.0,1.0,,0
10,0.25,50,20000,0.0,1.0,,0
10,0.25,100,20000,0.0,1.0,,0
10,0.25,250,20000,0.0,1.0,,0
10,0.25,500,20000,0.0,1.0,,0
10,0.25,1000,20000,0.0,1.0,,0
10,0.25,10,22000,0.0,1.0,,0
10,0.25,25,22000,0.0,1.0,,0
10,0.25,50,22000,0.0,1.0,,0
10,0.25,100,22000,0.0,1.0,,0
10,0.25,250,22000,0.0,1.0,,0
10,0.25,500,22000,0.0,1.0,,0
10,0.25,1000,22000,0.0,1.0,,0
15,0.25,10,50,0.10521188952593924,0.4161872404681012,-0.1733211725950241,244
15,0.25,25,50,0.14639626630155692,0.5187768969422424,-0.1290200799703598,192
15,0.25,50,50,0.15624571559405126,0.5631257078142695,0.013747192919254303,139
15,0.25,100,50,0.15863788219803449,0.5998187995469989,0.05848892778158188,69
15,0.25,250,50,0.12803622051935412,0.6544356360890903,0.2907087206840515,35
15,0.25,500,50,0.09841181641304868,0.728471121177803,0.43765324354171753,17
15,0.25,1000,50,0.08091295147981892,0.7413665534163836,0.5273593068122864,11
15,0.25,10,100,0.11708500905303967,0.4674065685164213,-0.12498052418231964,114
15,0.25,25,100,0.1685907216475226,0.5274594186485466,-0.019837623462080956,88
15,0.25,50,100,0.1788588081947123,0.574088335220838,0.02647216059267521,76
15,0.25,100,100,0.1642791468912714,0.5992751981879955,0.07966423779726028,61
15,0.25,250,100,0.1289385585061851,0.6565345413363534,0.2935701906681061,33
15,0.25,500,100,0.09886040988820215,0.7296942242355606,0.43848443031311035,16
15,0.25,1000,100,0.08091295147981892,0.7413665534163836,0.5273593664169312,11
15,0.25,10,250,0.13235028511344085,0.47690449226123066,0.014965606853365898,48
15,0.25,25,250,0.17109571205201857,0.5463646659116648,0.07345840334892273,39
15,0.25,50,250,0.1795163690985389,0.603835409588524,0.14772169291973114,32
15,0.25,100,250,0.1721333396808631,0.6014345035862589,0.19076332449913025,27
15,0.25,250,250,0.13576164297892923,0.6584824462061155,0.3040171265602112,26
15,0.25,500,250,0.11007652902708373,0.7268705171762929,0.5285502076148987,12
15,0.25,1000,250,0.07880580325819114,0.7431785579463949,0.6105571389198303,9
15,0.25,10,500,0.11740341485476155,0.27548508871272176,-0.25066938996315,15
15,0.25,25,500,0.1758375400783153,0.6066289165722915,0.22886748611927032,18
15,0.25,50,500,0.17061061460884283,0.6663193657984144,0.33188027143478394,15
15,0.25,100,500,0.1798098940834377,0.6269082672706682,0.2806873917579651,17
15,0.25,250,500,0.15008796925761214,0.691355228388071,0.5081171989440918,13
15,0.25,500,500,0.11007652902708373,0.7268705171762929,0.5285502672195435,12
15,0.25,1000,500,0.07880580325819114,0.7431785579463949,0.6105570197105408,9
15,0.25,10,1000,0.11057249981173146,0.33239713099282747,-0.20342350006103516,10
15,0.25,25,1000,0.08818096858116356,0.41112872782181953,-0.19844745099544525,9
15,0.25,50,1000,0.14371189409245422,0.6731747829369573,0.4511517882347107,12
15,0.25,100,1000,0.1690538506681197,0.6519743299358248,0.4018925130367279,13
15,0.25,250,1000,0.15334175979206702,0.6814949037372593,0.4135052561759949,11
15,0.25,500,1000,0.09076612505069287,0.7364892412231031,0.5284973382949829,9
15,0.25,1000,1000,0.07880580325819114,0.7431785579463949,0.6105571389198303,9
15,0.25,10,2500,0.008322465878632578,0.0012382030955077389,-0.08693299442529678,2
15,0.25,25,2500,0.008227739107359442,0.0023858059645149115,-0.08698633313179016,2
15,0.25,50,2500,0.007523866785923577,0.01221593053982635,-0.0847368836402893,2
15,0.25,100,2500,0.007143332523934421,0.023269158172895432,-0.08311298489570618,2
15,0.25,250,2500,0.006700974094972336,0.05532653831634579,-0.0851416289806366,2
15,0.25,500,2500,0.01620000500092602,0.22271045677614193,-0.07924781739711761,2
15,0.25,1000,2500,0.09857671366123108,0.6598867497168743,-0.17999643087387085,2
15,0.25,10,5000,0.0,1.0,,0
15,0.25,25,5000,0.0,1.0,,0
15,0.25,50,5000,0.0,1.0,,0
15,0.25,100,5000,0.0,1.0,,0
15,0.25,250,5000,0.0,1.0,,0
15,0.25,500,5000,0.0,1.0,,0
15,0.25,1000,5000,0.0,1.0,,0
15,0.25,10,10000,0.0,1.0,,0
15,0.25,25,10000,0.0,1.0,,0
15,0.25,50,10000,0.0,1.0,,0
15,0.25,100,10000,0.0,1.0,,0
15,0.25,250,10000,0.0,1.0,,0
15,0.25,500,10000,0.0,1.0,,0
15,0.25,1000,10000,0.0,1.0,,0
15,0.25,10,15000,0.0,1.0,,0
15,0.25,25,15000,0.0,1.0,,0
15,0.25,50,15000,0.0,1.0,,0
15,0.25,100,15000,0.0,1.0,,0
15,0.25,250,15000,0.0,1.0,,0
15,0.25,500,15000,0.0,1.0,,0
15,0.25,1000,15000,0.0,1.0,,0
15,0.25,10,20000,0.0,1.0,,0
15,0.25,25,20000,0.0,1.0,,0
15,0.25,50,20000,0.0,1.0,,0
15,0.25,100,20000,0.0,1.0,,0
15,0.25,250,20000,0.0,1.0,,0
15,0.25,500,20000,0.0,1.0,,0
15,0.25,1000,20000,0.0,1.0,,0
15,0.25,10,22000,0.0,1.0,,0
15,0.25,25,22000,0.0,1.0,,0
15,0.25,50,22000,0.0,1.0,,0
15,0.25,100,22000,0.0,1.0,,0
15,0.25,250,22000,0.0,1.0,,0
15,0.25,500,22000,0.0,1.0,,0
15,0.25,1000,22000,0.0,1.0,,0
30,0.25,10,50,0.3458561443609779,0.2597357493393733,-0.23856104910373688,191
30,0.25,25,50,0.405984581484816,0.27791619479048696,-0.1735887974500656,158
30,0.25,50,50,0.3624524544160036,0.3414118535296338,-0.12472102791070938,138
30,0.25,100,50,0.34883330604105345,0.37081162702906756,0.0414130724966526,75
30,0.25,250,50,0.36426132492366065,0.4026727066817667,0.12200047075748444,32
30,0.25,500,50,0.35197525878791935,0.45870894677236695,0.5746782422065735,18
30,0.25,1000,50,0.33589790762592786,0.49357493393733487,0.6476833820343018,11
30,0.25,10,100,0.36401428799617924,0.261442053605134,-0.1045488491654396,99
30,0.25,25,100,0.4060835775034545,0.29171762929407324,-0.08513611555099487,88
30,0.25,50,100,0.40583206601379945,0.31107587768969425,-0.06753546744585037,82
30,0.25,100,100,0.38975859894202974,0.35530388825972065,0.025912918150424957,64
30,0.25,250,100,0.36554991903079476,0.40385050962627406,0.12097559869289398,31
30,0.25,500,100,0.36449723238012194,0.4364967912419781,0.5031697154045105,15
30,0.25,1000,100,0.33589790762592786,0.49357493393733487,0.6476834416389465,11
30,0.25,10,250,0.34564551688093287,0.18117025292563232,-0.06851468235254288,36
30,0.25,25,250,0.38556728277599844,0.3138089845224613,0.05307560786604881,34
30,0.25,50,250,0.4091058903378598,0.34367685919214797,0.08602309226989746,32
30,0.25,100,250,0.394050356891926,0.3476028690071725,0.04356478899717331,27
30,0.25,250,250,0.3671879020536903,0.4050283125707814,0.0814705565571785,26
30,0.25,500,250,0.36449723238012194,0.4364967912419781,0.503169596195221,15
30,0.25,1000,250,0.3381177926949751,0.48954322385805965,0.6344888210296631,10
30,0.25,10,500,0.3508862669193559,0.20602491506228765,0.29919251799583435,22
30,0.25,25,500,0.37940892389771963,0.35880709701774255,0.47906559705734253,17
30,0.25,50,500,0.41797873409983194,0.3599697999244998,0.45481759309768677,18
30,0.25,100,500,0.38137845779854446,0.39101547753869387,0.5474410057067871,16
30,0.25,250,500,0.3814490396250291,0.411038127595319,0.5261592864990234,16
30,0.25,500,500,0.36192299603657835,0.43442808607021516,0.5039412975311279,13
30,0.25,1000,500,0.3381177926949751,0.48954322385805965,0.6344888806343079,10
30,0.25,10,1000,0.342238785597439,0.2754397885994715,0.3343260884284973,12
30,0.25,25,1000,0.3547034807512228,0.20525481313703284,0.33194997906684875,10
30,0.25,50,1000,0.3938097623216984,0.3994110985277463,0.5155960321426392,12
30,0.25,100,1000,0.3512031222642441,0.435515288788222,0.6055966019630432,10
30,0.25,250,1000,0.35770765301291746,0.44466591166477915,0.6388872265815735,11
30,0.25,500,1000,0.3438315201710477,0.464960362400906,0.6376116871833801,10
30,0.25,1000,1000,0.3381177926949751,0.48954322385805965,0.6344888806343079,10
30,0.25,10,2500,0.41686221680045543,0.1852321630804077,0.4176234006881714,4
30,0.25,25,2500,0.3999142357629242,0.38994337485843716,0.5859860181808472,3
30,0.25,50,2500,0.3224644242924491,0.5078595696489241,0.5055720210075378,4
30,0.25,100,2500,0.3188638483360675,0.5264779161947905,0.5520206689834595,4
30,0.25,250,2500,0.32105359228847685,0.6050736126840317,0.7117094397544861,3
30,0.25,500,2500,0.3184398829386023,0.5669309173272933,0.6561381220817566,4
30,0.25,1000,2500,0.3273153348035353,0.5330766326915817,0.5788829326629639,4
30,0.25,10,5000,0.2927166300816721,0.09473763684409212,0.4499644637107849,2
30,0.25,25,5000,0.32684455346081476,0.36656851642129107,0.7177162170410156,2
30,0.25,50,5000,0.2630431810730719,0.5102453756134391,0.8012526631355286,2
30,0.25,100,5000,0.2697840367260827,0.547995469988675,0.8164712190628052,2
30,0.25,250,5000,0.2711057770654004,0.5647414118535297,0.8707119822502136,2
30,0.25,500,5000,0.2653371301562821,0.5562702906757266,0.8467763662338257,2
30,0.25,1000,5000,0.2797932341678159,0.4513703284258211,0.7192708253860474,3
30,0.25,10,10000,0.2927166300816721,0.09473763684409212,0.4499644339084625,2
30,0.25,25,10000,0.32684455346081476,0.36656851642129107,0.7177162170410156,2
30,0.25,50,10000,0.0,1.0,,0
30,0.25,100,10000,0.0,1.0,,0
30,0.25,250,10000,0.0,1.0,,0
30,0.25,500,10000,0.0,1.0,,0
30,0.25,1000,10000,0.0,1.0,,0
30,0.25,10,15000,0.2927166300816721,0.09473763684409212,0.4499644637107849,2
30,0.25,25,15000,0.32684455346081476,0.36656851642129107,0.7177162170410156,2
30,0.25,50,15000,0.0,1.0,,0
30,0.25,100,15000,0.0,1.0,,0
30,0.25,250,15000,0.0,1.0,,0
30,0.25,500,15000,0.0,1.0,,0
30,0.25,1000,15000,0.0,1.0,,0
30,0.25,10,20000,0.2927166300816721,0.09473763684409212,0.44996440410614014,2
30,0.25,25,20000,0.0,1.0,,0
30,0.25,50,20000,0.0,1.0,,0
30,0.25,100,20000,0.0,1.0,,0
30,0.25,250,20000,0.0,1.0,,0
30,0.25,500,20000,0.0,1.0,,0
30,0.25,1000,20000,0.0,1.0,,0
30,0.25,10,22000,0.2927166300816721,0.09473763684409212,0.4499644339084625,2
30,0.25,25,22000,0.0,1.0,,0
30,0.25,50,22000,0.0,1.0,,0
30,0.25,100,22000,0.0,1.0,,0
30,0.25,250,22000,0.0,1.0,,0
30,0.25,500,22000,0.0,1.0,,0
30,0.25,1000,22000,0.0,1.0,,0
50,0.25,10,50,0.3736698131840812,0.2630728576821442,-0.08092339336872101,184
50,0.25,25,50,0.3789087572618853,0.2666515666289166,-0.08657309412956238,150
50,0.25,50,50,0.40542469681473364,0.281283503208758,0.04902923107147217,126
50,0.25,100,50,0.4218242321103795,0.32791241978104946,0.3311784267425537,73
50,0.25,250,50,0.3902739792002664,0.37005662514156284,0.6844938397407532,34
50,0.25,500,50,0.3867931162594015,0.4463873159682899,0.7131562829017639,19
50,0.25,1000,50,0.3613243560414124,0.4788221970554926,0.8326178789138794,13
50,0.25,10,100,0.3996953866850822,0.25198942997357493,0.16876403987407684,97
50,0.25,25,100,0.4077666542507962,0.24520951302378255,0.17976818978786469,84
50,0.25,50,100,0.4092219416239584,0.2639335598338996,0.24434657394886017,72
50,0.25,100,100,0.41839067479605163,0.3130086825217063,0.3277912735939026,67
50,0.25,250,100,0.3897711382075382,0.3713401283503209,0.6844884157180786,33
50,0.25,500,100,0.38788518743781536,0.44741411853529633,0.7643603086471558,18
50,0.25,1000,100,0.3619104413902208,0.4807399018497546,0.8393373489379883,11
50,0.25,10,250,0.36228402176147134,0.17482823707059267,0.3094051778316498,42
50,0.25,25,250,0.3847294346343017,0.2695507738769347,0.4234451949596405,40
50,0.25,50,250,0.4047113654703653,0.2915364288410721,0.5358428955078125,35
50,0.25,100,250,0.41108655433515484,0.33111362778406944,0.5564746856689453,32
50,0.25,250,250,0.3916824461639063,0.37014722536806344,0.6729352474212646,29
50,0.25,500,250,0.3973201706496966,0.4300188750471876,0.7392445206642151,14
50,0.25,1000,250,0.3619104413902208,0.4807399018497546,0.8393374681472778,11
50,0.25,10,500,0.39286814716202256,0.1710079275198188,0.23329254984855652,19
50,0.25,25,500,0.39984980115617597,0.30372215930539825,0.47651955485343933,22
50,0.25,50,500,0.3994464120212991,0.2853907134767837,0.4961652159690857,23
50,0.25,100,500,0.4194656464124341,0.34483956209890526,0.5807549953460693,20
50,0.25,250,500,0.4020473765064641,0.37330313325783315,0.5667640566825867,16
50,0.25,500,500,0.3973201706496966,0.4300188750471876,0.7392445206642151,14
50,0.25,1000,500,0.35961540917951734,0.48711211778029445,0.8487465977668762,10
50,0.25,10,1000,0.3916680928257953,0.21195922989807475,0.2902687191963196,13
50,0.25,25,1000,0.3669346487081533,0.3638203095507739,0.5512182712554932,14
50,0.25,50,1000,0.3712884007988735,0.3537938844847112,0.5526935458183289,13
50,0.25,100,1000,0.4119619244806824,0.3951830879577199,0.6116355061531067,12
50,0.25,250,1000,0.37908129189038875,0.4360588901472254,0.7111919522285461,11
50,0.25,500,1000,0.3738249564135205,0.4733257833144583,0.8093072772026062,10
50,0.25,1000,1000,0.35961540917951734,0.48711211778029445,0.8487465977668762,10
50,0.25,10,2500,0.39455274436543225,0.10616836542091355,0.33383598923683167,3
50,0.25,25,2500,0.40796181474090615,0.3443563608909022,0.6221474409103394,4
50,0.25,50,2500,0.29844931316020684,0.4911740279350698,0.6334733366966248,5
50,0.25,100,2500,0.3383371316379297,0.5290751226878068,0.547156810760498,3
50,0.25,250,2500,0.3370798753239135,0.5334994337485843,0.5243515968322754,3
50,0.25,500,2500,0.34557777321389477,0.4877916194790487,0.5497257113456726,4
50,0.25,1000,2500,0.39113684742877214,0.5657380143450359,0.9784730672836304,4
50,0.25,10,5000,0.3640005827130641,0.06944507361268404,0.45896127820014954,2
50,0.25,25,5000,0.3882068766049988,0.30567006417516046,0.4926513433456421,2
50,0.25,50,5000,0.3218358013291631,0.3426802567006417,0.4439333975315094,2
50,0.25,100,5000,0.3136339084655283,0.25408833522083807,0.39714640378952026,2
50,0.25,250,5000,0.29831590126702345,0.3285013212533031,0.4425879716873169,2
50,0.25,500,5000,0.3555913970059667,0.5911060777651944,0.608085036277771,2
50,0.25,1000,5000,0.0,1.0,,0
50,0.25,10,10000,0.3640005827130641,0.06944507361268404,0.45896124839782715,2
50,0.25,25,10000,0.3882068766049988,0.30567006417516046,0.4926512837409973,2
50,0.25,50,10000,0.3218358013291631,0.3426802567006417,0.44393348693847656,2
50,0.25,100,10000,0.3136339084655283,0.25408833522083807,0.39714640378952026,2
50,0.25,250,10000,0.29831590126702345,0.3285013212533031,0.4425879120826721,2
50,0.25,500,10000,0.0,1.0,,0
50,0.25,1000,10000,0.0,1.0,,0
50,0.25,10,15000,0.3640005827130641,0.06944507361268404,0.45896127820014954,2
50,0.25,25,15000,0.3882068766049988,0.30567006417516046,0.4926512539386749,2
50,0.25,50,15000,0.3218358013291631,0.3426802567006417,0.4439333975315094,2
50,0.25,100,15000,0.3136339084655283,0.25408833522083807,0.39714640378952026,2
50,0.25,250,15000,0.29831590126702345,0.3285013212533031,0.4425879716873169,2
50,0.25,500,15000,0.0,1.0,,0
50,0.25,1000,15000,0.0,1.0,,0
50,0.25,10,20000,0.3640005827130641,0.06944507361268404,0.45896127820014954,2
50,0.25,25,20000,0.0,1.0,,0
50,0.25,50,20000,0.0,1.0,,0
50,0.25,100,20000,0.0,1.0,,0
50,0.25,250,20000,0.0,1.0,,0
50,0.25,500,20000,0.0,1.0,,0
50,0.25,1000,20000,0.0,1.0,,0
50,0.25,10,22000,0.3640005827130641,0.06944507361268404,0.4589611887931824,2
50,0.25,25,22000,0.0,1.0,,0
50,0.25,50,22000,0.0,1.0,,0
50,0.25,100,22000,0.0,1.0,,0
50,0.25,250,22000,0.0,1.0,,0
50,0.25,500,22000,0.0,1.0,,0
50,0.25,1000,22000,0.0,1.0,,0
75,0.25,10,50,0.48550344414345475,0.07322008305020762,0.09763296693563461,162
75,0.25,25,50,0.4831161190849184,0.09049452623631558,0.18734526634216309,147
75,0.25,50,50,0.48274975424793704,0.07211778029445073,0.31360116600990295,128
75,0.25,100,50,0.49655737036130304,0.07580218950547377,0.7443311214447021,68
75,0.25,250,50,0.5000364148680415,0.10332955832389581,0.7507367134094238,31
75,0.25,500,50,0.5076450290825867,0.1398867497168743,0.753136396408081,20
75,0.25,1000,50,0.5130139634651522,0.18583616459041147,0.8285656571388245,14
75,0.25,10,100,0.49187106272066494,0.04237070592676482,0.588337242603302,79
75,0.25,25,100,0.49739218717912,0.03205738014345036,0.6592713594436646,71
75,0.25,50,100,0.49639454179592096,0.03978859947149868,0.6376152634620667,70
75,0.25,100,100,0.4987489879755036,0.06983767459418648,0.7218198180198669,61
75,0.25,250,100,0.5012890590236863,0.09159682899207248,0.7408527135848999,29
75,0.25,500,100,0.508019434643494,0.14117025292563232,0.7559332251548767,19
75,0.25,1000,100,0.5130139634651522,0.18583616459041147,0.8285655379295349,14
75,0.25,10,250,0.49976055702919364,0.053242733106832765,0.6807575225830078,38
75,0.25,25,250,0.4999053821468331,0.05022272555681389,0.6758818030357361,37
75,0.25,50,250,0.5000489862279673,0.057032842582106454,0.6880871057510376,36
75,0.25,100,250,0.5014288177185875,0.07418648546621366,0.7282243967056274,33
75,0.25,250,250,0.5026189130405148,0.08004530011325028,0.6883876919746399,26
75,0.25,500,250,0.5072528598216363,0.14396375990939977,0.7605181336402893,17
75,0.25,1000,250,0.5130139634651522,0.18583616459041147,0.8285654783248901,14
75,0.25,10,500,0.5071604656843284,0.05032842582106455,0.6494957804679871,22
75,0.25,25,500,0.508725514502916,0.042733106832767084,0.6384479999542236,22
75,0.25,50,500,0.5056890590789778,0.07216308040770102,0.6663107872009277,21
75,0.25,100,500,0.5120674805288289,0.07198187995469989,0.6630714535713196,19
75,0.25,250,500,0.5053440599877548,0.10828237070592676,0.6977232694625854,18
75,0.25,500,500,0.5066470665245913,0.130721026802567,0.7637535929679871,16
75,0.25,1000,500,0.5145921260258784,0.18962627406568516,0.8372858166694641,13
75,0.25,10,1000,0.5108649511898462,0.09354473386183465,0.6780815124511719,13
75,0.25,25,1000,0.5129879037212133,0.08933182332955833,0.6740731000900269,13
75,0.25,50,1000,0.5100052177311976,0.10332955832389581,0.6795076131820679,13
75,0.25,100,1000,0.5120580035646022,0.11243488108720272,0.702315092086792,13
75,0.25,250,1000,0.507273513105853,0.11557568893922235,0.6885403990745544,12
75,0.25,500,1000,0.5091446784283558,0.1573272933182333,0.7557156085968018,12
75,0.25,1000,1000,0.5207340672416076,0.19865609664024161,0.8238495588302612,11
75,0.25,10,2500,0.5446513741181059,0.17845224613061533,0.7469701766967773,8
75,0.25,25,2500,0.536809356282093,0.16010570026425067,0.7204461097717285,8
75,0.25,50,2500,0.5584504939521509,0.22594186485466214,0.776383638381958,7
75,0.25,100,2500,0.5285582669073452,0.16111740279350698,0.6259632706642151,7
75,0.25,250,2500,0.5390002940492393,0.21091732729331825,0.7173956632614136,7
75,0.25,500,2500,0.5333679934814971,0.19237448093620235,0.6309957504272461,6
75,0.25,1000,2500,0.5987279607217996,0.2397734994337486,0.7494023442268372,6
75,0.25,10,5000,0.3418008413290649,0.09947904869762174,0.27781084179878235,2
75,0.25,25,5000,0.6474633959512608,0.32637221593053983,0.6671506762504578,3
75,0.25,50,5000,0.6093823508801236,0.2993129482823707,0.6396492123603821,3
75,0.25,100,5000,0.6098065389253301,0.2985277463193658,0.6320399641990662,3
75,0.25,250,5000,0.5378779038679321,0.1968138920347301,0.6512333154678345,3
75,0.25,500,5000,0.5423013263010298,0.23640619101547755,0.6898865103721619,3
75,0.25,1000,5000,0.3343096068393736,0.07607399018497546,0.252686470746994,2
75,0.25,10,10000,0.3418008413290649,0.09947904869762174,0.27781087160110474,2
75,0.25,25,10000,0.6474633959512608,0.32637221593053983,0.6671507358551025,3
75,0.25,50,10000,0.6093823508801236,0.2993129482823707,0.6396490931510925,3
75,0.25,100,10000,0.6098065389253301,0.2985277463193658,0.6320399045944214,3
75,0.25,250,10000,0.5378779038679321,0.1968138920347301,0.6512334942817688,3
75,0.25,500,10000,0.5423013263010298,0.23640619101547755,0.6898863315582275,3
75,0.25,1000,10000,0.3343096068393736,0.07607399018497546,0.2526865005493164,2
75,0.25,10,15000,0.3418008413290649,0.09947904869762174,0.2778109014034271,2
75,0.25,25,15000,0.3418008413290649,0.09947904869762174,0.27781087160110474,2
75,0.25,50,15000,0.3418008413290649,0.09947904869762174,0.27781087160110474,2
75,0.25,100,15000,0.34245343994207317,0.1009286523216308,0.2769792377948761,2
75,0.25,250,15000,0.5378779038679321,0.1968138920347301,0.6512333750724792,3
75,0.25,500,15000,0.5423013263010298,0.23640619101547755,0.6898863315582275,3
75,0.25,1000,15000,0.3343096068393736,0.07607399018497546,0.252686470746994,2
75,0.25,10,20000,0.0,1.0,,0
75,0.25,25,20000,0.0,1.0,,0
75,0.25,50,20000,0.0,1.0,,0
75,0.25,100,20000,0.0,1.0,,0
75,0.25,250,20000,0.0,1.0,,0
75,0.25,500,20000,0.0,1.0,,0
75,0.25,1000,20000,0.0,1.0,,0
75,0.25,10,22000,0.0,1.0,,0
75,0.25,25,22000,0.0,1.0,,0
75,0.25,50,22000,0.0,1.0,,0
75,0.25,100,22000,0.0,1.0,,0
75,0.25,250,22000,0.0,1.0,,0
75,0.25,500,22000,0.0,1.0,,0
75,0.25,1000,22000,0.0,1.0,,0
100,0.25,10,50,0.47921161411654895,0.08332200830502076,0.15343505144119263,172
100,0.25,25,50,0.4844785883533561,0.0966553416383541,0.15927867591381073,157
100,0.25,50,50,0.4830325764509299,0.07456398640996602,0.4798314571380615,124
100,0.25,100,50,0.5001675402985426,0.04810872027180068,0.6587641835212708,63
100,0.25,250,50,0.5035904532276722,0.08096640241600604,0.7066417932510376,32
100,0.25,500,50,0.503261329200525,0.14197055492638733,0.7809688448905945,20
100,0.25,1000,50,0.5062270585574608,0.1868025670064175,0.8487417101860046,14
100,0.25,10,100,0.483470134240764,0.08543601359003397,0.4872514009475708,86
100,0.25,25,100,0.48954203625967824,0.061381653454133635,0.46664631366729736,79
100,0.25,50,100,0.49227439240327436,0.05408833522083805,0.46870648860931396,70
100,0.25,100,100,0.4964414056040844,0.063359758399396,0.7095237970352173,61
100,0.25,250,100,0.5036404133565852,0.0832163080407701,0.708464503288269,30
100,0.25,500,100,0.5035037925994402,0.13645904114760288,0.788873553276062,18
100,0.25,1000,100,0.5062270585574608,0.1868025670064175,0.8487417101860046,14
100,0.25,10,250,0.5024183571698845,0.05642884107210268,0.6625853180885315,32
100,0.25,25,250,0.5043934071588578,0.05159682899207248,0.6758102178573608,34
100,0.25,50,250,0.503903138784456,0.06249905624764062,0.6887317895889282,32
100,0.25,100,250,0.5050777213519412,0.04646281615704039,0.6528960466384888,33
100,0.25,250,250,0.5036893800797876,0.08261230653076633,0.7064679861068726,29
100,0.25,500,250,0.5035037925994402,0.13645904114760288,0.7888734936714172,18
100,0.25,1000,250,0.5062270585574608,0.1868025670064175,0.8487416505813599,14
100,0.25,10,500,0.5043504666029328,0.07448848622121555,0.6803696155548096,21
100,0.25,25,500,0.5066244281242727,0.06322385805964514,0.6736479997634888,22
100,0.25,50,500,0.5068529814358615,0.06299735749339373,0.6779696941375732,21
100,0.25,100,500,0.5083396278770128,0.06349565873914685,0.6874642372131348,19
100,0.25,250,500,0.5060008284567756,0.07735749339373349,0.7015697956085205,19
100,0.25,500,500,0.5040084132845345,0.1312646281615704,0.771977424621582,17
100,0.25,1000,500,0.5062270585574608,0.1868025670064175,0.8487417697906494,14
100,0.25,10,1000,0.5097210232934001,0.08392600981502454,0.6790160536766052,16
100,0.25,25,1000,0.5125543274753255,0.06648546621366554,0.6582921743392944,16
100,0.25,50,1000,0.5132828975802095,0.10055115137787844,0.7037186026573181,15
100,0.25,100,1000,0.5122248166509203,0.07800679501698754,0.6773994565010071,16
100,0.25,250,1000,0.5096748386763931,0.09605134012835032,0.6982589364051819,16
100,0.25,500,1000,0.5082078807321255,0.15794639486598716,0.7841520309448242,14
100,0.25,1000,1000,0.509735394377365,0.1997583993959985,0.851915180683136,13
100,0.25,10,2500,0.6156476300486831,0.18779916949792375,0.653658390045166,5
100,0.25,25,2500,0.5906313406225481,0.26808607021517555,0.6963523626327515,5
100,0.25,50,2500,0.5576817212730283,0.2042733106832767,0.6126835346221924,5
100,0.25,100,2500,0.637815098927085,0.31688939222348056,0.8051609396934509,5
100,0.25,250,2500,0.5927348102373134,0.285285013212533,0.7428280115127563,5
100,0.25,500,2500,0.6270651747555379,0.28922612306530765,0.7173486948013306,4
100,0.25,1000,2500,0.601096091301709,0.2287353718384296,0.6526803970336914,5
100,0.25,10,5000,0.7035577400215854,0.31023027557568894,0.7786484360694885,3
100,0.25,25,5000,0.7032853993036142,0.3024688561721404,0.7611478567123413,3
100,0.25,50,5000,0.6586935587812078,0.23844469611174027,0.7556355595588684,3
100,0.25,100,5000,0.6245508993908909,0.3197130992827482,0.6736122369766235,3
100,0.25,250,5000,0.6278994818967422,0.33360513401283504,0.6823895573616028,3
100,0.25,500,5000,0.3733405311538735,0.1398716496791242,0.42702677845954895,2
100,0.25,1000,5000,0.6831951027557014,0.3230653076632692,0.7644814252853394,3
100,0.25,10,10000,0.3332756631698443,0.06403926009815024,0.34285950660705566,2
100,0.25,25,10000,0.3332756631698443,0.06403926009815024,0.3428594470024109,2
100,0.25,50,10000,0.6586935587812078,0.23844469611174027,0.7556355595588684,3
100,0.25,100,10000,0.6245508993908909,0.3197130992827482,0.6736122965812683,3
100,0.25,250,10000,0.3332756631698443,0.06403926009815024,0.34285950660705566,2
100,0.25,500,10000,0.3733405311538735,0.1398716496791242,0.42702680826187134,2
100,0.25,1000,10000,0.44537393978425116,0.22733106832767083,0.5358774662017822,2
100,0.25,10,15000,0.3332756631698443,0.06403926009815024,0.34285950660705566,2
100,0.25,25,15000,0.3332756631698443,0.06403926009815024,0.3428595960140228,2
100,0.25,50,15000,0.3332756631698443,0.06403926009815024,0.3428595960140228,2
100,0.25,100,15000,0.3332756631698443,0.06403926009815024,0.34285953640937805,2
100,0.25,250,15000,0.3332756631698443,0.06403926009815024,0.34285956621170044,2
100,0.25,500,15000,0.3733405311538735,0.1398716496791242,0.42702680826187134,2
100,0.25,1000,15000,0.44537393978425116,0.22733106832767083,0.5358774065971375,2
100,0.25,10,20000,0.0,1.0,,0
100,0.25,25,20000,0.0,1.0,,0
100,0.25,50,20000,0.0,1.0,,0
100,0.25,100,20000,0.0,1.0,,0
100,0.25,250,20000,0.0,1.0,,0
100,0.25,500,20000,0.0,1.0,,0
100,0.25,1000,20000,0.0,1.0,,0
100,0.25,10,22000,0.0,1.0,,0
100,0.25,25,22000,0.0,1.0,,0
100,0.25,50,22000,0.0,1.0,,0
100,0.25,100,22000,0.0,1.0,,0
100,0.25,250,22000,0.0,1.0,,0
100,0.25,500,22000,0.0,1.0,,0
100,0.25,1000,22000,0.0,1.0,,0
10,0.5,10,50,0.06511807266746682,0.4536806342015855,-0.28865399956703186,257
10,0.5,25,50,0.07620362019405383,0.5459871649679124,-0.1940820962190628,202
10,0.5,50,50,0.08577552728508794,0.6303661759154398,-0.03932264447212219,141
10,0.5,100,50,0.07675421333494765,0.6858890147225368,-0.02284710668027401,70
10,0.5,250,50,0.06118693998601091,0.7499584748961873,0.15803533792495728,30
10,0.5,500,50,0.041169541127233346,0.8042582106455266,0.4919458031654358,15
10,0.5,1000,50,0.029230136042641314,0.8399697999244998,0.636499285697937,9
10,0.5,10,100,0.07006925618469471,0.4853605134012835,-0.3298015296459198,114
10,0.5,25,100,0.09113610750010205,0.5844469611174028,-0.2782142758369446,93
10,0.5,50,100,0.09522399273602201,0.6445904114760287,-0.19274377822875977,76
10,0.5,100,100,0.08052721990776496,0.6903133257833145,-0.0925145074725151,53
10,0.5,250,100,0.06322286582779857,0.747029067572669,0.2146218717098236,22
10,0.5,500,100,0.041169541127233346,0.8042582106455266,0.4919458031654358,15
10,0.5,1000,100,0.029230136042641314,0.8399697999244998,0.636499285697937,9
10,0.5,10,250,0.09244957100652441,0.5344205360513401,-0.26337841153144836,49
10,0.5,25,250,0.09971816623962063,0.6231785579463949,-0.22819697856903076,33
10,0.5,50,250,0.08848862452737054,0.683518308795772,-0.109980508685112,27
10,0.5,100,250,0.07801337784124425,0.7116496791241979,0.07845227420330048,26
10,0.5,250,250,0.06322286582779857,0.747029067572669,0.21462185680866241,22
10,0.5,500,250,0.04076497104961395,0.8056172140430351,0.47543296217918396,12
10,0.5,1000,250,0.029230136042641314,0.8399697999244998,0.636499285697937,9
10,0.5,10,500,0.08050766090023011,0.6144205360513402,-0.05119805783033371,20
10,0.5,25,500,0.08037305039621198,0.6646130615326539,-0.0666390061378479,18
10,0.5,50,500,0.07467946742349808,0.7277010192525482,-0.013972939923405647,14
10,0.5,100,500,0.05958273182284563,0.775205738014345,0.2982970178127289,12
10,0.5,250,500,0.05259268917126969,0.7850811627029067,0.36646243929862976,12
10,0.5,500,500,0.041698541112168974,0.80960362400906,0.4993845820426941,11
10,0.5,1000,500,0.026861106087562737,0.8449679124197811,0.6655271053314209,8
10,0.5,10,1000,0.052286438917694016,0.6736881842204605,0.04359515383839607,10
10,0.5,25,1000,0.11301188031519978,0.7026047565118912,0.03436250984668732,10
10,0.5,50,1000,0.007489253393038672,0.24031710079275198,-0.12034198641777039,3
10,0.5,100,1000,0.06928485416892312,0.765269913174783,0.17150670289993286,9
10,0.5,250,1000,0.04380342488919788,0.8095432238580597,0.2687132954597473,8
10,0.5,500,1000,0.03659986475217165,0.8191317478293696,0.44824516773223877,9
10,0.5,1000,1000,0.026861106087562737,0.8449679124197811,0.6655271053314209,8
10,0.5,10,2500,0.002558904622786041,0.6357719894299736,0.1457790732383728,2
10,0.5,25,2500,0.03648560042911974,0.6713325783314459,0.2234148234128952,3
10,0.5,50,2500,0.010177367538908006,0.23987919969799926,-0.036811042577028275,2
10,0.5,100,2500,0.031972492557949705,0.4862514156285391,-0.11053706705570221,2
10,0.5,250,2500,0.019637857529220818,0.8213967534918837,0.433043509721756,2
10,0.5,500,2500,0.0,1.0,,0
10,0.5,1000,2500,0.0,1.0,,0
10,0.5,10,5000,0.0,1.0,,0
10,0.5,25,5000,0.0,1.0,,0
10,0.5,50,5000,0.0,1.0,,0
10,0.5,100,5000,0.0,1.0,,0
10,0.5,250,5000,0.0,1.0,,0
10,0.5,500,5000,0.0,1.0,,0
10,0.5,1000,5000,0.0,1.0,,0
10,0.5,10,10000,0.0,1.0,,0
10,0.5,25,10000,0.0,1.0,,0
10,0.5,50,10000,0.0,1.0,,0
10,0.5,100,10000,0.0,1.0,,0
10,0.5,250,10000,0.0,1.0,,0
10,0.5,500,10000,0.0,1.0,,0
10,0.5,1000,10000,0.0,1.0,,0
10,0.5,10,15000,0.0,1.0,,0
10,0.5,25,15000,0.0,1.0,,0
10,0.5,50,15000,0.0,1.0,,0
10,0.5,100,15000,0.0,1.0,,0
10,0.5,250,15000,0.0,1.0,,0
10,0.5,500,15000,0.0,1.0,,0
10,0.5,1000,15000,0.0,1.0,,0
10,0.5,10,20000,0.0,1.0,,0
10,0.5,25,20000,0.0,1.0,,0
10,0.5,50,20000,0.0,1.0,,0
10,0.5,100,20000,0.0,1.0,,0
10,0.5,250,20000,0.0,1.0,,0
10,0.5,500,20000,0.0,1.0,,0
10,0.5,1000,20000,0.0,1.0,,0
10,0.5,10,22000,0.0,1.0,,0
10,0.5,25,22000,0.0,1.0,,0
10,0.5,50,22000,0.0,1.0,,0
10,0.5,100,22000,0.0,1.0,,0
10,0.5,250,22000,0.0,1.0,,0
10,0.5,500,22000,0.0,1.0,,0
10,0.5,1000,22000,0.0,1.0,,0
15,0.5,10,50,0.10989171803143288,0.4354397885994715,-0.1612534523010254,240
15,0.5,25,50,0.14516834225671815,0.5229445073612684,-0.025188498198986053,174
15,0.5,50,50,0.15348898571734018,0.5884182710456776,0.15037007629871368,122
15,0.5,100,50,0.15294925095818218,0.6315439788599472,0.2616836428642273,63
15,0.5,250,50,0.11517124889903092,0.6860551151377878,0.3351079225540161,29
15,0.5,500,50,0.08655832329208936,0.7546847867119668,0.5879131555557251,17
15,0.5,1000,50,0.07729039138657008,0.7589278973197433,0.6627432703971863,10
15,0.5,10,100,0.14442865691824985,0.4751226878067195,0.002186125610023737,104
15,0.5,25,100,0.15727405311728862,0.5347829369573424,0.01628606580197811,87
15,0.5,50,100,0.16102896583076048,0.587512268780672,0.13643909990787506,67
15,0.5,100,100,0.15386359794246174,0.6338542846357116,0.26458197832107544,59
15,0.5,250,100,0.1167555610270977,0.6882144205360513,0.32314664125442505,26
15,0.5,500,100,0.08834605528275422,0.7562702906757267,0.617539644241333,13
15,0.5,1000,100,0.08022442073757824,0.7538693846734617,0.668683648109436,9
15,0.5,10,250,0.13881050426016114,0.5263420158550396,0.14160272479057312,38
15,0.5,25,250,0.18625947535108467,0.5794488486221215,0.18803638219833374,36
15,0.5,50,250,0.17309736472644652,0.6259569648924123,0.20530499517917633,31
15,0.5,100,250,0.15558891424785712,0.6353491883729709,0.2298092246055603,27
15,0.5,250,250,0.11739169670414816,0.685934314835787,0.3713722825050354,22
15,0.5,500,250,0.08919970154837717,0.7587919969799924,0.6501515507698059,12
15,0.5,1000,250,0.08022442073757824,0.7538693846734617,0.6686835885047913,9
15,0.5,10,500,0.10116207277496148,0.5988221970554927,0.292604923248291,19
15,0.5,25,500,0.15557255686842728,0.6305020762551906,0.2315015196800232,18
15,0.5,50,500,0.14209882299810755,0.6824915062287655,0.39864903688430786,14
15,0.5,100,500,0.14092584944344405,0.6639788599471499,0.3296048641204834,16
15,0.5,250,500,0.11972633335855182,0.7063948659871649,0.44988834857940674,13
15,0.5,500,500,0.08770268744600661,0.7539901849754624,0.6468397974967957,11
15,0.5,1000,500,0.08022442073757824,0.7538693846734617,0.6686835885047913,9
15,0.5,10,1000,0.0851664517942634,0.672797281993205,0.49102625250816345,12
15,0.5,25,1000,0.1401294764228912,0.6850736126840317,0.2305934876203537,11
15,0.5,50,1000,0.12471924257603327,0.7097319743299358,0.444027304649353,11
15,0.5,100,1000,0.12499604726825794,0.712329180822952,0.3833112120628357,11
15,0.5,250,1000,0.11122370898241035,0.7294224235560589,0.4774443507194519,10
15,0.5,500,1000,0.07723802078952403,0.7609966024915062,0.5976083278656006,9
15,0.5,1000,1000,0.08022442073757824,0.7538693846734617,0.6686835885047913,9
15,0.5,10,2500,0.018031210400290428,0.30612306530766326,0.10881496965885162,2
15,0.5,25,2500,0.032309042405985706,0.5321253303133258,0.09306549280881882,3
15,0.5,50,2500,0.037229356172129906,0.4038052095130238,0.004549581091850996,2
15,0.5,100,2500,0.05212912110334675,0.33580973952434884,-0.04830336570739746,3
15,0.5,250,2500,0.08898048198907058,0.44898452246130616,-0.10080980509519577,3
15,0.5,500,2500,0.08834981976853293,0.4676330690826727,-0.10369372367858887,2
15,0.5,1000,2500,0.1039758837590266,0.7013212533031332,-0.12612447142601013,2
15,0.5,10,5000,0.0,1.0,,0
15,0.5,25,5000,0.0,1.0,,0
15,0.5,50,5000,0.0,1.0,,0
15,0.5,100,5000,0.0,1.0,,0
15,0.5,250,5000,0.0,1.0,,0
15,0.5,500,5000,0.0,1.0,,0
15,0.5,1000,5000,0.0,1.0,,0
15,0.5,10,10000,0.0,1.0,,0
15,0.5,25,10000,0.0,1.0,,0
15,0.5,50,10000,0.0,1.0,,0
15,0.5,100,10000,0.0,1.0,,0
15,0.5,250,10000,0.0,1.0,,0
15,0.5,500,10000,0.0,1.0,,0
15,0.5,1000,10000,0.0,1.0,,0
15,0.5,10,15000,0.0,1.0,,0
15,0.5,25,15000,0.0,1.0,,0
15,0.5,50,15000,0.0,1.0,,0
15,0.5,100,15000,0.0,1.0,,0
15,0.5,250,15000,0.0,1.0,,0
15,0.5,500,15000,0.0,1.0,,0
15,0.5,1000,15000,0.0,1.0,,0
15,0.5,10,20000,0.0,1.0,,0
15,0.5,25,20000,0.0,1.0,,0
15,0.5,50,20000,0.0,1.0,,0
15,0.5,100,20000,0.0,1.0,,0
15,0.5,250,20000,0.0,1.0,,0
15,0.5,500,20000,0.0,1.0,,0
15,0.5,1000,20000,0.0,1.0,,0
15,0.5,10,22000,0.0,1.0,,0
15,0.5,25,22000,0.0,1.0,,0
15,0.5,50,22000,0.0,1.0,,0
15,0.5,100,22000,0.0,1.0,,0
15,0.5,250,22000,0.0,1.0,,0
15,0.5,500,22000,0.0,1.0,,0
15,0.5,1000,22000,0.0,1.0,,0
30,0.5,10,50,0.3460797980923894,0.24848622121555303,-0.26630762219429016,159
30,0.5,25,50,0.36689863302831743,0.3020007550018875,-0.2466207891702652,139
30,0.5,50,50,0.29185672591679196,0.37892034730086827,-0.16404224932193756,121
30,0.5,100,50,0.3651207082646984,0.36499811249528125,-0.14606748521327972,65
30,0.5,250,50,0.3495099415238268,0.40868252170630426,-0.05901285260915756,32
30,0.5,500,50,0.3427685071704918,0.4673763684409211,-0.07496416568756104,14
30,0.5,1000,50,0.31750025306517954,0.5119214798036995,-0.08541826158761978,11
30,0.5,10,100,0.35173047015537656,0.27773499433748583,-0.2504199743270874,87
30,0.5,25,100,0.3782977767883361,0.31768969422423554,-0.22380049526691437,74
30,0.5,50,100,0.3942067404137276,0.33763684409211026,-0.16945315897464752,63
30,0.5,100,100,0.3815290025896916,0.35314458286145717,-0.17364588379859924,55
30,0.5,250,100,0.35883805148506337,0.39238958097395243,-0.06947660446166992,29
30,0.5,500,100,0.3427685071704918,0.4673763684409211,-0.07496415078639984,14
30,0.5,1000,100,0.31724592572706944,0.5133861834654586,-0.08715243637561798,10
30,0.5,10,250,0.32444546738712865,0.27716119290298225,-0.09608687460422516,36
30,0.5,25,250,0.35917925205281975,0.2844998112495281,-0.1194121465086937,36
30,0.5,50,250,0.39576088237934637,0.32033220083050207,-0.11600137501955032,34
30,0.5,100,250,0.3846039772983569,0.36480181200453,-0.09125228226184845,30
30,0.5,250,250,0.36569444377953086,0.39184597961494905,-0.08996614813804626,24
30,0.5,500,250,0.3419682397047098,0.46967157417893546,-0.07727692276239395,13
30,0.5,1000,250,0.31724592572706944,0.5133861834654586,-0.08715245127677917,10
30,0.5,10,500,0.3368600019750826,0.2714080785201963,-0.09340444207191467,21
30,0.5,25,500,0.35850753687002723,0.3345262363155908,-0.060163356363773346,19
30,0.5,50,500,0.4110820409973059,0.3639713099282748,-0.13939537107944489,17
30,0.5,100,500,0.39014742034938604,0.41460173650434123,-0.12524795532226562,16
30,0.5,250,500,0.3685968182023349,0.42062665156662893,-0.07553600519895554,15
30,0.5,500,500,0.3452061142593639,0.4765118912797282,-0.0871334820985794,12
30,0.5,1000,500,0.31724592572706944,0.5133861834654586,-0.08715244382619858,10
30,0.5,10,1000,0.30877658234727695,0.3299358248395621,0.040558576583862305,12
30,0.5,25,1000,0.3436758619538446,0.3764439411098528,-0.05915205553174019,12
30,0.5,50,1000,0.37278623040456377,0.4296111740279351,-0.06015677750110626,10
30,0.5,100,1000,0.36118880940195125,0.46939977349943374,-0.06272861361503601,10
30,0.5,250,1000,0.34602615782014,0.4714080785201963,-0.10330343246459961,10
30,0.5,500,1000,0.3365450598552098,0.49653454133635333,-0.0958382859826088,10
30,0.5,1000,1000,0.3622977696309241,0.48881842204605513,-0.16539131104946136,9
30,0.5,10,2500,0.3919609685991505,0.3556360890902227,0.570076584815979,3
30,0.5,25,2500,0.3396604278552785,0.5357644394110985,0.5758469104766846,3
30,0.5,50,2500,0.34562821544974376,0.5328803322008305,0.533324658870697,3
30,0.5,100,2500,0.30173845075491423,0.5500188750471876,0.15316598117351532,2
30,0.5,250,2500,0.2766025390958624,0.5167081917704794,0.1846117526292801,2
30,0.5,500,2500,0.3635302961686717,0.48850132125330314,0.4761546552181244,3
30,0.5,1000,2500,0.3782260156653205,0.49245753114382784,0.4282881021499634,3
30,0.5,10,5000,0.42463985557447137,0.42644016610041524,0.7908249497413635,2
30,0.5,25,5000,0.0,1.0,,0
30,0.5,50,5000,0.0,1.0,,0
30,0.5,100,5000,0.0,1.0,,0
30,0.5,250,5000,0.0,1.0,,0
30,0.5,500,5000,0.0,1.0,,0
30,0.5,1000,5000,0.0,1.0,,0
30,0.5,10,10000,0.42463985557447137,0.42644016610041524,0.7908248901367188,2
30,0.5,25,10000,0.0,1.0,,0
30,0.5,50,10000,0.0,1.0,,0
30,0.5,100,10000,0.0,1.0,,0
30,0.5,250,10000,0.0,1.0,,0
30,0.5,500,10000,0.0,1.0,,0
30,0.5,1000,10000,0.0,1.0,,0
30,0.5,10,15000,0.0,1.0,,0
30,0.5,25,15000,0.0,1.0,,0
30,0.5,50,15000,0.0,1.0,,0
30,0.5,100,15000,0.0,1.0,,0
30,0.5,250,15000,0.0,1.0,,0
30,0.5,500,15000,0.0,1.0,,0
30,0.5,1000,15000,0.0,1.0,,0
30,0.5,10,20000,0.0,1.0,,0
30,0.5,25,20000,0.0,1.0,,0
30,0.5,50,20000,0.0,1.0,,0
30,0.5,100,20000,0.0,1.0,,0
30,0.5,250,20000,0.0,1.0,,0
30,0.5,500,20000,0.0,1.0,,0
30,0.5,1000,20000,0.0,1.0,,0
30,0.5,10,22000,0.0,1.0,,0
30,0.5,25,22000,0.0,1.0,,0
30,0.5,50,22000,0.0,1.0,,0
30,0.5,100,22000,0.0,1.0,,0
30,0.5,250,22000,0.0,1.0,,0
30,0.5,500,22000,0.0,1.0,,0
30,0.5,1000,22000,0.0,1.0,,0
50,0.5,10,50,0.3465796737371758,0.2791392978482446,-0.24701127409934998,168
50,0.5,25,50,0.37915189525949594,0.3317931294828237,-0.13317209482192993,147
50,0.5,50,50,0.42104125724231717,0.31933559833899583,0.12461362034082413,122
50,0.5,100,50,0.4015951343738593,0.3414722536806342,0.2729640305042267,68
50,0.5,250,50,0.38675400388760317,0.37162702906757267,0.3002079427242279,32
50,0.5,500,50,0.3714851723617378,0.4334012835032088,0.5759900808334351,19
50,0.5,1000,50,0.3466814899934461,0.4866289165722914,0.797505259513855,12
50,0.5,10,100,0.39363588436580565,0.25349943374858436,0.10762864351272583,82
50,0.5,25,100,0.42912369910337916,0.2745790864477161,0.12582561373710632,73
50,0.5,50,100,0.43529346259871005,0.29303133257833147,0.20622335374355316,67
50,0.5,100,100,0.4152403389434228,0.32851642129105324,0.2441931813955307,57
50,0.5,250,100,0.38975977133778106,0.36853152132880335,0.29169967770576477,30
50,0.5,500,100,0.3712663804521124,0.4332351830879577,0.5990757942199707,18
50,0.5,1000,100,0.349737760067549,0.4793959984899962,0.810850203037262,11
50,0.5,10,250,0.35465467203722123,0.230079275198188,0.11611339449882507,39
50,0.5,25,250,0.39616928078571206,0.2606568516421291,0.1706310212612152,40
50,0.5,50,250,0.42835612241867005,0.31294828237070593,0.1756630390882492,35
50,0.5,100,250,0.40250835866279655,0.3387693469233673,0.21671469509601593,31
50,0.5,250,250,0.38701086091926984,0.35565118912797283,0.29821258783340454,26
50,0.5,500,250,0.3742237483933748,0.42298225745564366,0.6009974479675293,16
50,0.5,1000,250,0.349737760067549,0.4793959984899962,0.810850203037262,11
50,0.5,10,500,0.35252684121070943,0.2609286523216308,0.3907225728034973,18
50,0.5,25,500,0.39227605149905803,0.3092940732351831,0.47162574529647827,19
50,0.5,50,500,0.4060798230053282,0.3736655341638354,0.520412266254425,18
50,0.5,100,500,0.39977399349603776,0.3682899207248018,0.5139151811599731,19
50,0.5,250,500,0.37832558839600294,0.3678067195167988,0.5130634307861328,18
50,0.5,500,500,0.38147428160749824,0.41446583616459043,0.5900589227676392,15
50,0.5,1000,500,0.35186746871987035,0.47589278973197435,0.8443239331245422,10
50,0.5,10,1000,0.35019357739857765,0.2806493016232541,0.49906498193740845,15
50,0.5,25,1000,0.361273650743193,0.36412231030577574,0.5636906027793884,14
50,0.5,50,1000,0.41800746990145693,0.4067799169497924,0.6870846152305603,12
50,0.5,100,1000,0.3878288907849903,0.41064552661381654,0.6688833832740784,12
50,0.5,250,1000,0.3770693810154148,0.3892034730086825,0.6436535120010376,11
50,0.5,500,1000,0.3777627540176785,0.43954699886749715,0.7223628163337708,10
50,0.5,1000,1000,0.35186746871987035,0.47589278973197435,0.8443238735198975,10
50,0.5,10,2500,0.4380783678005477,0.31341638354095885,0.5737769603729248,5
50,0.5,25,2500,0.41051218853438826,0.454239335598339,0.7303893566131592,3
50,0.5,50,2500,0.36756378998193967,0.4987844469611174,0.6057469248771667,4
50,0.5,100,2500,0.3547836815588907,0.5371687429218573,0.737464427947998,5
50,0.5,250,2500,0.41579417794208856,0.46130615326538316,0.8014771938323975,6
50,0.5,500,2500,0.38776021586037274,0.5308116270290676,0.8321705460548401,4
50,0.5,1000,2500,0.3960344492712974,0.5403548508871272,0.9067296385765076,4
50,0.5,10,5000,0.4824543728238826,0.2599622499056248,0.536419153213501,2
50,0.5,25,5000,0.39610923632343287,0.4430955077387693,0.7165846228599548,2
50,0.5,50,5000,0.3567652573355401,0.5563759909399774,0.6485990285873413,3
50,0.5,100,5000,0.3385152378851185,0.5476179690449227,0.618416428565979,2
50,0.5,250,5000,0.39373269351815493,0.5467421668554171,0.8322852253913879,2
50,0.5,500,5000,0.3835612434984785,0.5445375613439034,0.8334619998931885,2
50,0.5,1000,5000,0.38686486985867474,0.5653152132880332,0.8581341505050659,2
50,0.5,10,10000,0.4824543728238826,0.2599622499056248,0.5364192128181458,2
50,0.5,25,10000,0.39610923632343287,0.4430955077387693,0.7165846228599548,2
50,0.5,50,10000,0.0,1.0,,0
50,0.5,100,10000,0.3385152378851185,0.5476179690449227,0.618416428565979,2
50,0.5,250,10000,0.39373269351815493,0.5467421668554171,0.8322852849960327,2
50,0.5,500,10000,0.0,1.0,,0
50,0.5,1000,10000,0.0,1.0,,0
50,0.5,10,15000,0.4824543728238826,0.2599622499056248,0.5364192724227905,2
50,0.5,25,15000,0.39610923632343287,0.4430955077387693,0.7165846824645996,2
50,0.5,50,15000,0.0,1.0,,0
50,0.5,100,15000,0.0,1.0,,0
50,0.5,250,15000,0.0,1.0,,0
50,0.5,500,15000,0.0,1.0,,0
50,0.5,1000,15000,0.0,1.0,,0
50,0.5,10,20000,0.0,1.0,,0
50,0.5,25,20000,0.0,1.0,,0
50,0.5,50,20000,0.0,1.0,,0
50,0.5,100,20000,0.0,1.0,,0
50,0.5,250,20000,0.0,1.0,,0
50,0.5,500,20000,0.0,1.0,,0
50,0.5,1000,20000,0.0,1.0,,0
50,0.5,10,22000,0.0,1.0,,0
50,0.5,25,22000,0.0,1.0,,0
50,0.5,50,22000,0.0,1.0,,0
50,0.5,100,22000,0.0,1.0,,0
50,0.5,250,22000,0.0,1.0,,0
50,0.5,500,22000,0.0,1.0,,0
50,0.5,1000,22000,0.0,1.0,,0
75,0.5,10,50,0.4810366354649962,0.09546243865609665,-0.10724033415317535,171
75,0.5,25,50,0.4828560598706466,0.05911664779161948,-0.013236013241112232,139
75,0.5,50,50,0.4825731067584563,0.06964137410343525,-0.027903839945793152,117
75,0.5,100,50,0.49882071739686545,0.06672706681766705,0.6991272568702698,65
75,0.5,250,50,0.5012375089728386,0.1167836919592299,0.7117615342140198,29
75,0.5,500,50,0.5081819278764305,0.16714231785579464,0.7639766335487366,18
75,0.5,1000,50,0.5156230725542998,0.19553038882597207,0.819527804851532,13
75,0.5,10,100,0.49646852328515545,0.07370328425821064,0.5973079204559326,79
75,0.5,25,100,0.4940025075113024,0.02894677236693092,0.3553277850151062,72
75,0.5,50,100,0.499203075106447,0.03753869384673462,0.6503527164459229,67
75,0.5,100,100,0.49916377246243826,0.05940354850887127,0.6787237524986267,59
75,0.5,250,100,0.5035359982228632,0.10876557191392978,0.688295304775238,27
75,0.5,500,100,0.5081819278764305,0.16714231785579464,0.7639768123626709,18
75,0.5,1000,100,0.5160719278167972,0.19655719139297848,0.8384520411491394,12
75,0.5,10,250,0.5016154132627824,0.045541713854284634,0.6339022517204285,37
75,0.5,25,250,0.5014796655553991,0.050917327293318236,0.6360318064689636,36
75,0.5,50,250,0.5020761629800472,0.04949792374480936,0.6299815773963928,35
75,0.5,100,250,0.501207157364335,0.05432993582483956,0.6330450177192688,32
75,0.5,250,250,0.5035359982228632,0.10876557191392978,0.688295304775238,27
75,0.5,500,250,0.5076713817341315,0.16175160437901095,0.7705538868904114,16
75,0.5,1000,250,0.5160719278167972,0.19655719139297848,0.8384521007537842,12
75,0.5,10,500,0.5095071509291432,0.06055115137787844,0.6477568745613098,20
75,0.5,25,500,0.5064213262188985,0.09596073990184975,0.6694159507751465,19
75,0.5,50,500,0.5054112564193737,0.10123065307663269,0.6703523993492126,19
75,0.5,100,500,0.5022401152832385,0.08896942242355606,0.6164124011993408,21
75,0.5,250,500,0.5045203586366702,0.13457153642884107,0.7148590087890625,18
75,0.5,500,500,0.5080714573339352,0.1613288033220083,0.7731508016586304,15
75,0.5,1000,500,0.5160719278167972,0.19655719139297848,0.8384519815444946,12
75,0.5,10,1000,0.5163028821477575,0.1014571536428841,0.6863017678260803,15
75,0.5,25,1000,0.5174968970168012,0.15990939977349944,0.7738717794418335,12
75,0.5,50,1000,0.5144812491955633,0.15447338618346546,0.7702027559280396,12
75,0.5,100,1000,0.510043331689607,0.14423556058890147,0.6932249069213867,12
75,0.5,250,1000,0.5112955147535656,0.16317100792751982,0.7184873223304749,11
75,0.5,500,1000,0.5148453818602041,0.1792978482446206,0.7932793498039246,12
75,0.5,1000,1000,0.5160719278167972,0.19655719139297848,0.8384520411491394,12
75,0.5,10,2500,0.5842209897611034,0.24543601359003397,0.7905418872833252,6
75,0.5,25,2500,0.6230540420430698,0.26085315213288035,0.6707582473754883,4
75,0.5,50,2500,0.5790356810388664,0.2512797281993205,0.7202448844909668,6
75,0.5,100,2500,0.5643721440029147,0.2493771234428086,0.6870426535606384,6
75,0.5,250,2500,0.5611676410877384,0.24901472253680634,0.7143683433532715,6
75,0.5,500,2500,0.5661538594701891,0.23500188750471876,0.6370882987976074,5
75,0.5,1000,2500,0.5840478237389833,0.27500188750471877,0.6009123921394348,4
75,0.5,10,5000,0.5617302959811161,0.2620309550773877,0.6225717663764954,3
75,0.5,25,5000,0.5610565338509977,0.2607172517931295,0.617696225643158,3
75,0.5,50,5000,0.5335962918811553,0.22637976594941486,0.575767993927002,3
75,0.5,100,5000,0.5544344435366527,0.3336806342015855,0.8399714827537537,3
75,0.5,250,5000,0.33278364532833576,0.05479803699509249,0.21952272951602936,2
75,0.5,500,5000,0.33416340397787325,0.07770479426198565,0.23080499470233917,2
75,0.5,1000,5000,0.35163356834986287,0.15427708569271423,0.3089732229709625,2
75,0.5,10,10000,0.36684149707016805,0.15468478671196678,0.25326916575431824,2
75,0.5,25,10000,0.3481836623564251,0.11950169875424689,0.2526879906654358,2
75,0.5,50,10000,0.34126941403024885,0.09355983389958475,0.24822326004505157,2
75,0.5,100,10000,0.3549415954410083,0.13532653831634578,0.28949567675590515,2
75,0.5,250,10000,0.33278364532833576,0.05479803699509249,0.21952272951602936,2
75,0.5,500,10000,0.33416340397787325,0.07770479426198565,0.23080499470233917,2
75,0.5,1000,10000,0.35163356834986287,0.15427708569271423,0.30897316336631775,2
75,0.5,10,15000,0.36684149707016805,0.15468478671196678,0.25326913595199585,2
75,0.5,25,15000,0.3481836623564251,0.11950169875424689,0.2526879608631134,2
75,0.5,50,15000,0.34126941403024885,0.09355983389958475,0.24822328984737396,2
75,0.5,100,15000,0.3549415954410083,0.13532653831634578,0.28949567675590515,2
75,0.5,250,15000,0.33278364532833576,0.05479803699509249,0.21952274441719055,2
75,0.5,500,15000,0.33416340397787325,0.07770479426198565,0.23080499470233917,2
75,0.5,1000,15000,0.35163356834986287,0.15427708569271423,0.30897313356399536,2
75,0.5,10,20000,0.0,1.0,,0
75,0.5,25,20000,0.0,1.0,,0
75,0.5,50,20000,0.0,1.0,,0
75,0.5,100,20000,0.0,1.0,,0
75,0.5,250,20000,0.0,1.0,,0
75,0.5,500,20000,0.0,1.0,,0
75,0.5,1000,20000,0.0,1.0,,0
75,0.5,10,22000,0.0,1.0,,0
75,0.5,25,22000,0.0,1.0,,0
75,0.5,50,22000,0.0,1.0,,0
75,0.5,100,22000,0.0,1.0,,0
75,0.5,250,22000,0.0,1.0,,0
75,0.5,500,22000,0.0,1.0,,0
75,0.5,1000,22000,0.0,1.0,,0
100,0.5,10,50,0.4796779481913241,0.10194035485088712,0.24515531957149506,170
100,0.5,25,50,0.4844694631391035,0.08856172140430352,0.24228093028068542,148
100,0.5,50,50,0.48350852135004085,0.07714609286523216,0.3399386703968048,115
100,0.5,100,50,0.48535348711285803,0.09250283125707814,0.4191801846027374,64
100,0.5,250,50,0.49561678361605127,0.11942619856549641,0.7427113652229309,32
100,0.5,500,50,0.49649823113954505,0.15023027557568894,0.7398703694343567,18
100,0.5,1000,50,0.511816362719245,0.24283880709701774,0.8397089838981628,14
100,0.5,10,100,0.48702626209426886,0.061653454133635335,0.3875799775123596,80
100,0.5,25,100,0.4893037115527729,0.06180445451113628,0.37287265062332153,78
100,0.5,50,100,0.48955323927529776,0.0655039637599094,0.4029453992843628,69
100,0.5,100,100,0.4856563139039576,0.08756511891279728,0.4148782193660736,58
100,0.5,250,100,0.4954212550079448,0.11996979992449981,0.7395368814468384,30
100,0.5,500,100,0.49649823113954505,0.15023027557568894,0.7398703694343567,18
100,0.5,1000,100,0.5123284713116406,0.24382030955077388,0.8732404708862305,13
100,0.5,10,250,0.49737601166515183,0.062408456021140056,0.6463533043861389,35
100,0.5,25,250,0.4976934707013712,0.06142695356738392,0.663615882396698,34
100,0.5,50,250,0.4964780616590895,0.07187617969044922,0.6843050122261047,33
100,0.5,100,250,0.4941250746017068,0.09535673839184598,0.7128799557685852,33
100,0.5,250,250,0.49431422588918317,0.1269762174405436,0.7531996965408325,28
100,0.5,500,250,0.4980088160036055,0.15645149112872783,0.7458328604698181,16
100,0.5,1000,250,0.5083579241354621,0.22965647414118534,0.8660829663276672,12
100,0.5,10,500,0.49835464213784514,0.09426953567383918,0.6586765050888062,21
100,0.5,25,500,0.4993905607678493,0.07322008305020762,0.6371123194694519,23
100,0.5,50,500,0.4980821521025189,0.10517176292940732,0.6971839070320129,22
100,0.5,100,500,0.49724576193561737,0.11332578331445829,0.7465055584907532,21
100,0.5,250,500,0.49552348724720413,0.14733106832767082,0.7209317088127136,20
100,0.5,500,500,0.4997840294707261,0.16291430728576822,0.7591468095779419,15
100,0.5,1000,500,0.5083579241354621,0.22965647414118534,0.8660828471183777,12
100,0.5,10,1000,0.5147458491898655,0.15510758776896943,0.7301067113876343,13
100,0.5,25,1000,0.5063822390854941,0.13872404681011702,0.7071558833122253,14
100,0.5,50,1000,0.5075356091821177,0.19281238203095508,0.7920090556144714,12
100,0.5,100,1000,0.5074004932195805,0.15907889769724423,0.7558561563491821,11
100,0.5,250,1000,0.5086024791494201,0.17034352585881465,0.7464094758033752,11
100,0.5,500,1000,0.511609301124404,0.18618346545866366,0.7772310376167297,11
100,0.5,1000,1000,0.5098424616796399,0.22690826727066818,0.823524534702301,11
100,0.5,10,2500,0.6350157573616158,0.2153416383540959,0.7133522033691406,5
100,0.5,25,2500,0.6096891054026519,0.19728199320498302,0.698277473449707,5
100,0.5,50,2500,0.6427314729175267,0.26477916194790485,0.7569526433944702,5
100,0.5,100,2500,0.5915664895500176,0.18278595696489242,0.6997454166412354,6
100,0.5,250,2500,0.6226541129120804,0.23199697999244998,0.7067129611968994,5
100,0.5,500,2500,0.6113023799437763,0.21812004530011325,0.7131969928741455,5
100,0.5,1000,2500,0.6068922750170224,0.19519818799546998,0.7152632474899292,6
100,0.5,10,5000,0.5889039709176576,0.2612608531521329,0.65403151512146,3
100,0.5,25,5000,0.6099354683306402,0.24610041525103812,0.8580789566040039,2
100,0.5,50,5000,0.5874500691024431,0.31430728576821443,0.6096526980400085,2
100,0.5,100,5000,0.46539385660808275,0.23453378633446584,0.454548716545105,2
100,0.5,250,5000,0.50748182830491,0.25815024537561343,0.5378427505493164,2
100,0.5,500,5000,0.4770004412157668,0.24490751226878066,0.5076338648796082,2
100,0.5,1000,5000,0.7490029803959941,0.341925254813137,0.9167786240577698,2
100,0.5,10,10000,0.6460368029141039,0.3426198565496414,0.6609939932823181,2
100,0.5,25,10000,0.6099354683306402,0.24610041525103812,0.858079195022583,2
100,0.5,50,10000,0.5874500691024431,0.31430728576821443,0.6096526980400085,2
100,0.5,100,10000,0.46539385660808275,0.23453378633446584,0.4545486271381378,2
100,0.5,250,10000,0.50748182830491,0.25815024537561343,0.5378427505493164,2
100,0.5,500,10000,0.4770004412157668,0.24490751226878066,0.5076338648796082,2
100,0.5,1000,10000,0.7490029803959941,0.341925254813137,0.9167785048484802,2
100,0.5,10,15000,0.6460368029141039,0.3426198565496414,0.6609940528869629,2
100,0.5,25,15000,0.6099354683306402,0.24610041525103812,0.8580789566040039,2
100,0.5,50,15000,0.5874500691024431,0.31430728576821443,0.609652578830719,2
100,0.5,100,15000,0.46539385660808275,0.23453378633446584,0.4545486569404602,2
100,0.5,250,15000,0.50748182830491,0.25815024537561343,0.5378427505493164,2
100,0.5,500,15000,0.4770004412157668,0.24490751226878066,0.5076338648796082,2
100,0.5,1000,15000,0.7490029803959941,0.341925254813137,0.9167786240577698,2
100,0.5,10,20000,0.0,1.0,,0
100,0.5,25,20000,0.6099354683306402,0.24610041525103812,0.8580790162086487,2
100,0.5,50,20000,0.0,1.0,,0
100,0.5,100,20000,0.0,1.0,,0
100,0.5,250,20000,0.0,1.0,,0
100,0.5,500,20000,0.0,1.0,,0
100,0.5,1000,20000,0.7490029803959941,0.341925254813137,0.9167786240577698,2
100,0.5,10,22000,0.0,1.0,,0
100,0.5,25,22000,0.6099354683306402,0.24610041525103812,0.8580789566040039,2
100,0.5,50,22000,0.0,1.0,,0
100,0.5,100,22000,0.0,1.0,,0
100,0.5,250,22000,0.0,1.0,,0
100,0.5,500,22000,0.0,1.0,,0
100,0.5,1000,22000,0.0,1.0,,0
10,0.75,10,50,0.0681795082240533,0.462242355605889,-0.33873292803764343,246
10,0.75,25,50,0.08161129493964754,0.5588976972442431,-0.23053084313869476,181
10,0.75,50,50,0.09065523222153306,0.6326764816912043,-0.09155696630477905,130
10,0.75,100,50,0.08134514168178116,0.7141411853529633,0.008768299594521523,62
10,0.75,250,50,0.04866883043880083,0.7609966024915062,0.2915177643299103,27
10,0.75,500,50,0.035760453876127134,0.8215930539826349,0.5552676916122437,15
10,0.75,1000,50,0.02546759209538857,0.8477312193280483,0.6049361228942871,10
10,0.75,10,100,0.08387138712519794,0.5235334088335221,-0.2972860336303711,107
10,0.75,25,100,0.095717883879227,0.5978557946394866,-0.17221446335315704,83
10,0.75,50,100,0.09049477440812084,0.6327670819177048,-0.12916673719882965,64
10,0.75,100,100,0.08557332040486954,0.7003850509626274,-0.030274637043476105,52
10,0.75,250,100,0.05476723589503768,0.7508040770101925,0.24459634721279144,23
10,0.75,500,100,0.03577401235108144,0.8154020385050963,0.5181323289871216,14
10,0.75,1000,100,0.02512344722293261,0.8485617214043035,0.6250860095024109,9
10,0.75,10,250,0.0934674689741321,0.5907587768969422,-0.11651172488927841,41
10,0.75,25,250,0.09978359902535648,0.6525330313325783,-0.09656210988759995,31
10,0.75,50,250,0.08892773732333811,0.6863571158927897,0.08151326328516006,30
10,0.75,100,250,0.07837694626791594,0.7147602869007172,0.044064078480005264,27
10,0.75,250,250,0.05579537278663851,0.754563986409966,0.27120378613471985,22
10,0.75,500,250,0.03558605765493737,0.8229067572668932,0.6032927632331848,11
10,0.75,1000,250,0.024349649428617542,0.8505398263495658,0.6263900399208069,8
10,0.75,10,500,0.07485763436730858,0.6542695356738392,-0.01144767552614212,20
10,0.75,25,500,0.0718064223814328,0.7291808229520573,0.16775073111057281,16
10,0.75,50,500,0.07826166513005363,0.7355530388825972,0.3741973638534546,14
10,0.75,100,500,0.059562269210951584,0.7580671951679879,0.2821670472621918,13
10,0.75,250,500,0.057214709276202314,0.7750849377123443,0.28722435235977173,12
10,0.75,500,500,0.038204012593387585,0.817757644394111,0.465625137090683,9
10,0.75,1000,500,0.024349649428617542,0.8505398263495658,0.6263900995254517,8
10,0.75,10,1000,0.003027637852235561,0.16880332200830503,-0.12622368335723877,2
10,0.75,25,1000,0.003559151920540731,0.17901094752736882,-0.1366865485906601,2
10,0.75,50,1000,0.007363497275930815,0.25792374480936203,-0.13795378804206848,2
10,0.75,100,1000,0.020411522901926438,0.2879124197810495,-0.15467897057533264,2
10,0.75,250,1000,0.046604519664793634,0.8037297093242733,0.32821935415267944,9
10,0.75,500,1000,0.038204012593387585,0.817757644394111,0.465625137090683,9
10,0.75,1000,1000,0.024349649428617542,0.8505398263495658,0.6263900399208069,8
10,0.75,10,2500,0.04405322946218012,0.7068931672329181,0.2523992657661438,2
10,0.75,25,2500,0.04168790238393054,0.739841449603624,0.2954745590686798,3
10,0.75,50,2500,0.04035679520910458,0.757916194790487,0.4782997965812683,2
10,0.75,100,2500,0.03009303352167639,0.8439411098527746,0.48408249020576477,2
10,0.75,250,2500,0.020478333332393787,0.8613967534918837,0.4326461851596832,2
10,0.75,500,2500,0.0,1.0,,0
10,0.75,1000,2500,0.0,1.0,,0
10,0.75,10,5000,0.04405322946218012,0.7068931672329181,0.2523992955684662,2
10,0.75,25,5000,0.0,1.0,,0
10,0.75,50,5000,0.04035679520910458,0.757916194790487,0.4782997965812683,2
10,0.75,100,5000,0.0,1.0,,0
10,0.75,250,5000,0.0,1.0,,0
10,0.75,500,5000,0.0,1.0,,0
10,0.75,1000,5000,0.0,1.0,,0
10,0.75,10,10000,0.0,1.0,,0
10,0.75,25,10000,0.0,1.0,,0
10,0.75,50,10000,0.0,1.0,,0
10,0.75,100,10000,0.0,1.0,,0
10,0.75,250,10000,0.0,1.0,,0
10,0.75,500,10000,0.0,1.0,,0
10,0.75,1000,10000,0.0,1.0,,0
10,0.75,10,15000,0.0,1.0,,0
10,0.75,25,15000,0.0,1.0,,0
10,0.75,50,15000,0.0,1.0,,0
10,0.75,100,15000,0.0,1.0,,0
10,0.75,250,15000,0.0,1.0,,0
10,0.75,500,15000,0.0,1.0,,0
10,0.75,1000,15000,0.0,1.0,,0
10,0.75,10,20000,0.0,1.0,,0
10,0.75,25,20000,0.0,1.0,,0
10,0.75,50,20000,0.0,1.0,,0
10,0.75,100,20000,0.0,1.0,,0
10,0.75,250,20000,0.0,1.0,,0
10,0.75,500,20000,0.0,1.0,,0
10,0.75,1000,20000,0.0,1.0,,0
10,0.75,10,22000,0.0,1.0,,0
10,0.75,25,22000,0.0,1.0,,0
10,0.75,50,22000,0.0,1.0,,0
10,0.75,100,22000,0.0,1.0,,0
10,0.75,250,22000,0.0,1.0,,0
10,0.75,500,22000,0.0,1.0,,0
10,0.75,1000,22000,0.0,1.0,,0
15,0.75,10,50,0.10638286024685725,0.43524348810872027,-0.17716075479984283,234
15,0.75,25,50,0.13978858541752484,0.5505775764439411,-0.045433782041072845,168
15,0.75,50,50,0.14968066562694723,0.5898678746696867,0.05325629189610481,124
15,0.75,100,50,0.14580639746270335,0.6538165345413364,0.21677221357822418,59
15,0.75,250,50,0.1123218501482081,0.6905096262740656,0.4249507188796997,27
15,0.75,500,50,0.08332920366476372,0.7604832012080031,0.6407467722892761,13
15,0.75,1000,50,0.0795277620300307,0.7625821064552661,0.6473138928413391,11
15,0.75,10,100,0.12184801908361344,0.4813288033220083,-0.10234405845403671,96
15,0.75,25,100,0.1473725626836782,0.5685919214798038,0.03874058648943901,75
15,0.75,50,100,0.16353869999903206,0.5993959984899963,0.15038751065731049,65
15,0.75,100,100,0.1463889001202198,0.6411929029822575,0.2736060917377472,47
15,0.75,250,100,0.114202333205253,0.6907814269535674,0.4929550588130951,25
15,0.75,500,100,0.08369574354015133,0.7615402038505096,0.6836276054382324,12
15,0.75,1000,100,0.0795277620300307,0.7625821064552661,0.6473140120506287,11
15,0.75,10,250,0.12649891856672507,0.5298905247263118,0.059388745576143265,39
15,0.75,25,250,0.15807276264474637,0.5839184597961495,0.1445429027080536,32
15,0.75,50,250,0.16108792901130264,0.6312570781426954,0.2628999948501587,25
15,0.75,100,250,0.15747022815879094,0.6427482068705171,0.3726426064968109,23
15,0.75,250,250,0.11327699506782687,0.6984522461306153,0.5363821387290955,22
15,0.75,500,250,0.08289194720239526,0.7636391090977728,0.6907014846801758,11
15,0.75,1000,250,0.07612712777165351,0.7685768214420536,0.6621097326278687,9
15,0.75,10,500,0.1266027686228759,0.522884107210268,0.14546221494674683,17
15,0.75,25,500,0.14495139682129266,0.6394714986787466,0.36255979537963867,13
15,0.75,50,500,0.16525878765522056,0.6635107587768969,0.4429874122142792,12
15,0.75,100,500,0.1549180728952848,0.6555681389203473,0.42125219106674194,15
15,0.75,250,500,0.11592802062398912,0.7189278973197433,0.5333669781684875,12
15,0.75,500,500,0.08289194720239526,0.7636391090977728,0.6907014846801758,11
15,0.75,1000,500,0.07612712777165351,0.7685768214420536,0.6621097922325134,9
15,0.75,10,1000,0.12147159952917068,0.5520422801057002,0.19620271027088165,13
15,0.75,25,1000,0.11337969276966661,0.6741713854284636,0.42378905415534973,10
15,0.75,50,1000,0.15064883759671596,0.6741411853529634,0.4779641628265381,11
15,0.75,100,1000,0.13467160672882997,0.6953114382785957,0.5111271739006042,11
15,0.75,250,1000,0.1038270378777394,0.7299811249528124,0.5420541763305664,11
15,0.75,500,1000,0.07814528496536303,0.7511513778784447,0.47894594073295593,9
15,0.75,1000,1000,0.07915036746402021,0.7826953567383919,0.6978992819786072,8
15,0.75,10,2500,0.04918584750492261,0.5056096640241601,0.10370123386383057,3
15,0.75,25,2500,0.046735852144325865,0.7487202718006795,0.45190200209617615,4
15,0.75,50,2500,0.08490301628209335,0.7250132125330313,0.27267247438430786,4
15,0.75,100,2500,0.043351052281190655,0.8366175915439789,0.45845359563827515,3
15,0.75,250,2500,0.01671029446706949,0.8312268780671952,0.6904767155647278,3
15,0.75,500,2500,0.05192363323331663,0.779358248395621,0.5843102931976318,4
15,0.75,1000,2500,0.0702572336480797,0.7821819554548887,0.7390864491462708,3
15,0.75,10,5000,0.01855210295600056,0.7761872404681012,0.3727039694786072,2
15,0.75,25,5000,0.0,1.0,,0
15,0.75,50,5000,0.0,1.0,,0
15,0.75,100,5000,0.0,1.0,,0
15,0.75,250,5000,0.0,1.0,,0
15,0.75,500,5000,0.0,1.0,,0
15,0.75,1000,5000,0.0,1.0,,0
15,0.75,10,10000,0.0,1.0,,0
15,0.75,25,10000,0.0,1.0,,0
15,0.75,50,10000,0.0,1.0,,0
15,0.75,100,10000,0.0,1.0,,0
15,0.75,250,10000,0.0,1.0,,0
15,0.75,500,10000,0.0,1.0,,0
15,0.75,1000,10000,0.0,1.0,,0
15,0.75,10,15000,0.0,1.0,,0
15,0.75,25,15000,0.0,1.0,,0
15,0.75,50,15000,0.0,1.0,,0
15,0.75,100,15000,0.0,1.0,,0
15,0.75,250,15000,0.0,1.0,,0
15,0.75,500,15000,0.0,1.0,,0
15,0.75,1000,15000,0.0,1.0,,0
15,0.75,10,20000,0.0,1.0,,0
15,0.75,25,20000,0.0,1.0,,0
15,0.75,50,20000,0.0,1.0,,0
15,0.75,100,20000,0.0,1.0,,0
15,0.75,250,20000,0.0,1.0,,0
15,0.75,500,20000,0.0,1.0,,0
15,0.75,1000,20000,0.0,1.0,,0
15,0.75,10,22000,0.0,1.0,,0
15,0.75,25,22000,0.0,1.0,,0
15,0.75,50,22000,0.0,1.0,,0
15,0.75,100,22000,0.0,1.0,,0
15,0.75,250,22000,0.0,1.0,,0
15,0.75,500,22000,0.0,1.0,,0
15,0.75,1000,22000,0.0,1.0,,0
30,0.75,10,50,0.3546404453701945,0.2559456398640997,-0.3260859251022339,165
30,0.75,25,50,0.40196786156121,0.3044620611551529,-0.26459869742393494,128
30,0.75,50,50,0.40002971127465153,0.3491279728199321,-0.21788819134235382,104
30,0.75,100,50,0.3996247193025334,0.3686523216308041,-0.16295219957828522,53
30,0.75,250,50,0.35788381987217965,0.3967685919214798,-0.045843590050935745,31
30,0.75,500,50,0.3296199901298347,0.4752585881464704,-0.06638797372579575,17
30,0.75,1000,50,0.3199101053602523,0.5087051717629294,-0.04185113310813904,12
30,0.75,10,100,0.3389003501307213,0.22008305020762553,-0.3061700761318207,74
30,0.75,25,100,0.421018259559043,0.30615326538316345,-0.24698661267757416,74
30,0.75,50,100,0.40369432174212777,0.34787466968667424,-0.18653668463230133,63
30,0.75,100,100,0.4019491030726337,0.3659645149112873,-0.15323859453201294,49
30,0.75,250,100,0.3582665169498266,0.39823329558323894,-0.04333644360303879,30
30,0.75,500,100,0.3289272480436356,0.4770403926009815,-0.06449498236179352,15
30,0.75,1000,100,0.3199101053602523,0.5087051717629294,-0.04185112193226814,12
30,0.75,10,250,0.34085260269108736,0.22313325783314458,-0.22935160994529724,40
30,0.75,25,250,0.415694463202447,0.31613439033597585,-0.140281081199646,34
30,0.75,50,250,0.407845387352242,0.3280936202340506,-0.1477622389793396,30
30,0.75,100,250,0.3970302797451264,0.35697999244998113,-0.0850759968161583,28
30,0.75,250,250,0.35682596009264445,0.4061608154020385,-0.07141026109457016,25
30,0.75,500,250,0.3302206299142676,0.47861079652699134,-0.02573714777827263,14
30,0.75,1000,250,0.3193716716857608,0.5104265760664402,-0.025823447853326797,11
30,0.75,10,500,0.3397938465384729,0.27482068705171764,-0.14334994554519653,20
30,0.75,25,500,0.3770161047307986,0.31474518686296715,-0.08524835109710693,21
30,0.75,50,500,0.3997332505221902,0.37981124952812384,-0.06471428275108337,17
30,0.75,100,500,0.38414699066791114,0.3975537938844847,-0.06311565637588501,16
30,0.75,250,500,0.3492140212613194,0.44652321630804076,-0.06477867811918259,14
30,0.75,500,500,0.3302206299142676,0.47861079652699134,-0.02573714777827263,14
30,0.75,1000,500,0.3193716716857608,0.5104265760664402,-0.025823445990681648,11
30,0.75,10,1000,0.3299753537026357,0.3179463948659872,-0.06983297318220139,12
30,0.75,25,1000,0.3646632030296577,0.3403850509626274,-0.01663198322057724,12
30,0.75,50,1000,0.36883010071729494,0.40924122310305777,-0.001602955861017108,11
30,0.75,100,1000,0.36347155552104143,0.431679879199698,-0.026579074561595917,11
30,0.75,250,1000,0.3538455952585015,0.43932049830124575,-0.0873083844780922,11
30,0.75,500,1000,0.3459831471950933,0.48262740656851644,-0.02107253111898899,10
30,0.75,1000,1000,0.3819086795726237,0.4895885239713099,-0.14246106147766113,9
30,0.75,10,2500,0.41531169302466453,0.2808305020762552,0.08953868597745895,5
30,0.75,25,2500,0.35747023592547195,0.3633975084937712,0.47551754117012024,4
30,0.75,50,2500,0.3614950843270961,0.4050736126840317,0.8005598783493042,3
30,0.75,100,2500,0.3535782809556903,0.5183691959229898,0.7939902544021606,4
30,0.75,250,2500,0.3608861474146923,0.3508644771611929,0.2462775707244873,4
30,0.75,500,2500,0.4100096135160304,0.45464703661759154,0.10069223493337631,5
30,0.75,1000,2500,0.39552957246331805,0.4753491883729709,0.05357662960886955,5
30,0.75,10,5000,0.44017098510476316,0.3991543978859947,0.7014272212982178,3
30,0.75,25,5000,0.3507343946804938,0.41301623254058134,0.7723345160484314,3
30,0.75,50,5000,0.22627501266090774,0.3491883729709324,0.4456173777580261,2
30,0.75,100,5000,0.200199212734277,0.30831257078142693,0.4965824782848358,2
30,0.75,250,5000,0.3905155090065712,0.45158172895432236,0.7833344340324402,2
30,0.75,500,5000,0.4091180946139266,0.4899962249905625,0.27505528926849365,3
30,0.75,1000,5000,0.41738307832512117,0.5892638731596829,0.6094791293144226,2
30,0.75,10,10000,0.34776813404123874,0.35808229520573803,0.7341796159744263,2
30,0.75,25,10000,0.3180932931166523,0.408954322385806,0.6198975443840027,2
30,0.75,50,10000,0.0,1.0,,0
30,0.75,100,10000,0.0,1.0,,0
30,0.75,250,10000,0.0,1.0,,0
30,0.75,500,10000,0.0,1.0,,0
30,0.75,1000,10000,0.0,1.0,,0
30,0.75,10,15000,0.0,1.0,,0
30,0.75,25,15000,0.0,1.0,,0
30,0.75,50,15000,0.0,1.0,,0
30,0.75,100,15000,0.0,1.0,,0
30,0.75,250,15000,0.0,1.0,,0
30,0.75,500,15000,0.0,1.0,,0
30,0.75,1000,15000,0.0,1.0,,0
30,0.75,10,20000,0.0,1.0,,0
30,0.75,25,20000,0.0,1.0,,0
30,0.75,50,20000,0.0,1.0,,0
30,0.75,100,20000,0.0,1.0,,0
30,0.75,250,20000,0.0,1.0,,0
30,0.75,500,20000,0.0,1.0,,0
30,0.75,1000,20000,0.0,1.0,,0
30,0.75,10,22000,0.0,1.0,,0
30,0.75,25,22000,0.0,1.0,,0
30,0.75,50,22000,0.0,1.0,,0
30,0.75,100,22000,0.0,1.0,,0
30,0.75,250,22000,0.0,1.0,,0
30,0.75,500,22000,0.0,1.0,,0
30,0.75,1000,22000,0.0,1.0,,0
50,0.75,10,50,0.4268612456377652,0.10351075877689694,-0.3854077458381653,164
50,0.75,25,50,0.42756948182240606,0.09061532653831635,-0.01691681332886219,139
50,0.75,50,50,0.4248720058320494,0.10890147225368063,-0.005695069674402475,104
50,0.75,100,50,0.41977113327913324,0.15266138165345414,0.08238519728183746,63
50,0.75,250,50,0.4132480692029586,0.2012986032465081,0.12026006728410721,27
50,0.75,500,50,0.40529052523000914,0.24659871649679124,0.5357496738433838,17
50,0.75,1000,50,0.39067548879984704,0.31637599093997737,0.5865168571472168,13
50,0.75,10,100,0.43159069733395145,0.09383163457908644,0.0564248189330101,79
50,0.75,25,100,0.4337551474926843,0.0850887127217818,0.06073862686753273,69
50,0.75,50,100,0.425295787505639,0.11817289543223858,0.06581644713878632,65
50,0.75,100,100,0.4219377187520179,0.14459796149490373,0.06760920584201813,55
50,0.75,250,100,0.4153490761634243,0.19483578708946772,0.15208227932453156,26
50,0.75,500,100,0.40529052523000914,0.24659871649679124,0.5357495546340942,17
50,0.75,1000,100,0.39087936227662334,0.3172215930539826,0.5880146026611328,12
50,0.75,10,250,0.4364329682376092,0.10932427331068327,0.08955021947622299,35
50,0.75,25,250,0.430709805161655,0.1334541336353341,0.12489303201436996,32
50,0.75,50,250,0.42334330265683057,0.1562400906002265,0.1391647458076477,29
50,0.75,100,250,0.42916649904603776,0.15199697999245,0.16229994595050812,26
50,0.75,250,250,0.4153490761634243,0.19483578708946772,0.15208230912685394,26
50,0.75,500,250,0.40600793734826457,0.2470064175160438,0.5418975353240967,15
50,0.75,1000,250,0.391218605754265,0.3191845979614949,0.5950704216957092,11
50,0.75,10,500,0.437441213144462,0.1262212155530389,0.45978906750679016,22
50,0.75,25,500,0.43445714941269314,0.15583238958097395,0.5036966800689697,19
50,0.75,50,500,0.4267349124543815,0.17651944129860325,0.5161089301109314,19
50,0.75,100,500,0.42823464570855974,0.1726689316723292,0.5265319347381592,19
50,0.75,250,500,0.4181020105500825,0.2096640241600604,0.5324401259422302,17
50,0.75,500,500,0.40600793734826457,0.2470064175160438,0.5418975949287415,15
50,0.75,1000,500,0.391218605754265,0.3191845979614949,0.595070481300354,11
50,0.75,10,1000,0.4417833370757268,0.18511136277840695,0.4955455958843231,13
50,0.75,25,1000,0.44225809284802725,0.24019630049075122,0.5562435388565063,11
50,0.75,50,1000,0.42994037393512263,0.23726689316723293,0.554591178894043,12
50,0.75,100,1000,0.442616522960979,0.2641298603246508,0.6033979654312134,10
50,0.75,250,1000,0.428051374088701,0.27633069082672707,0.5738943219184875,11
50,0.75,500,1000,0.41021132559255363,0.28628161570403926,0.5842247605323792,11
50,0.75,1000,1000,0.45141770872472453,0.2996300490751227,0.1370854675769806,10
50,0.75,10,2500,0.5916054989447,0.3720347300868252,0.929289698600769,4
50,0.75,25,2500,0.6478611623199237,0.3537032842582106,0.8936110138893127,3
50,0.75,50,2500,0.6302871176984699,0.3278671196677992,0.8883732557296753,3
50,0.75,100,2500,0.5900010114488786,0.32545111362778406,0.8052602410316467,3
50,0.75,250,2500,0.6261319061241919,0.3782257455643639,0.9364573359489441,3
50,0.75,500,2500,0.6338704447734482,0.38135145337863346,0.9484876394271851,3
50,0.75,1000,2500,0.5963434883922878,0.31844469611174026,0.8949113488197327,4
50,0.75,10,5000,0.6935895973804065,0.4266666666666667,0.9581263065338135,2
50,0.75,25,5000,0.7057164872658058,0.4134994337485844,0.9222494959831238,2
50,0.75,50,5000,0.6302871176984699,0.3278671196677992,0.8883731365203857,3
50,0.75,100,5000,0.6435160891333876,0.3894601736504341,0.8493133187294006,2
50,0.75,250,5000,0.6802646166825856,0.4356662891657229,0.9423836469650269,2
50,0.75,500,5000,0.6875004333475844,0.43723669309173274,0.9540995359420776,2
50,0.75,1000,5000,0.6845450782399899,0.4399395998489996,0.9629188776016235,2
50,0.75,10,10000,0.6935895973804065,0.4266666666666667,0.9581260085105896,2
50,0.75,25,10000,0.7057164872658058,0.4134994337485844,0.922249436378479,2
50,0.75,50,10000,0.5480987518761575,0.32709701774254435,0.7366663217544556,2
50,0.75,100,10000,0.6435160891333876,0.3894601736504341,0.8493134379386902,2
50,0.75,250,10000,0.6802646166825856,0.4356662891657229,0.9423836469650269,2
50,0.75,500,10000,0.6875004333475844,0.43723669309173274,0.9540994167327881,2
50,0.75,1000,10000,0.6845450782399899,0.4399395998489996,0.962918758392334,2
50,0.75,10,15000,0.6935895973804065,0.4266666666666667,0.9581261873245239,2
50,0.75,25,15000,0.7057164872658058,0.4134994337485844,0.9222494959831238,2
50,0.75,50,15000,0.5480987518761575,0.32709701774254435,0.7366663217544556,2
50,0.75,100,15000,0.6435160891333876,0.3894601736504341,0.8493134379386902,2
50,0.75,250,15000,0.6802646166825856,0.4356662891657229,0.9423836469650269,2
50,0.75,500,15000,0.6875004333475844,0.43723669309173274,0.9540994167327881,2
50,0.75,1000,15000,0.6845450782399899,0.4399395998489996,0.962918758392334,2
50,0.75,10,20000,0.0,1.0,,0
50,0.75,25,20000,0.0,1.0,,0
50,0.75,50,20000,0.5480987518761575,0.32709701774254435,0.7366663217544556,2
50,0.75,100,20000,0.0,1.0,,0
50,0.75,250,20000,0.0,1.0,,0
50,0.75,500,20000,0.0,1.0,,0
50,0.75,1000,20000,0.0,1.0,,0
50,0.75,10,22000,0.0,1.0,,0
50,0.75,25,22000,0.0,1.0,,0
50,0.75,50,22000,0.0,1.0,,0
50,0.75,100,22000,0.0,1.0,,0
50,0.75,250,22000,0.0,1.0,,0
50,0.75,500,22000,0.0,1.0,,0
50,0.75,1000,22000,0.0,1.0,,0
75,0.75,10,50,0.48348534722909287,0.09028312570781427,0.10313135385513306,159
75,0.75,25,50,0.48639534869912315,0.05413363533408833,0.18696708977222443,134
75,0.75,50,50,0.4897482185862009,0.06574556436391091,0.18763627111911774,104
75,0.75,100,50,0.496268094017441,0.09137032842582106,0.7167867422103882,58
75,0.75,250,50,0.4989546028228376,0.1304643261608154,0.7024170160293579,28
75,0.75,500,50,0.5018999346005129,0.18372215930539826,0.7749630808830261,19
75,0.75,1000,50,0.5099175719903406,0.22752736881842203,0.8653558492660522,11
75,0.75,10,100,0.4883894627109396,0.05404303510758777,0.4515979588031769,75
75,0.75,25,100,0.49389619140057434,0.05280483201208003,0.4330531060695648,66
75,0.75,50,100,0.4888651418417238,0.07257078142695357,0.5013556480407715,59
75,0.75,100,100,0.49758367604878334,0.08771611929029823,0.7019683122634888,54
75,0.75,250,100,0.4996066367412597,0.1283352208380521,0.7116190195083618,26
75,0.75,500,100,0.49996135853425566,0.16700641751604378,0.7512178421020508,17
75,0.75,1000,100,0.5099175719903406,0.22752736881842203,0.8653556704521179,11
75,0.75,10,250,0.4992213332627184,0.059932049830124574,0.6383538842201233,35
75,0.75,25,250,0.4993045838239568,0.07128727821819554,0.6443693041801453,33
75,0.75,50,250,0.4993903024050236,0.0762400906002265,0.643620491027832,33
75,0.75,100,250,0.4979699330787278,0.0952812382030955,0.6685256361961365,31
75,0.75,250,250,0.4997262892760586,0.12813892034730087,0.7044228911399841,25
75,0.75,500,250,0.5005322513697628,0.16957342393355984,0.7800530195236206,16
75,0.75,1000,250,0.5099175719903406,0.22752736881842203,0.8653559684753418,11
75,0.75,10,500,0.4989778794523859,0.10082295205738015,0.6742791533470154,20
75,0.75,25,500,0.4988891865243113,0.11311438278595697,0.6755576133728027,20
75,0.75,50,500,0.5026289113093481,0.09094752736881842,0.6226491332054138,19
75,0.75,100,500,0.5080586239643634,0.08824462061155153,0.660722553730011,17
75,0.75,250,500,0.5010474267703516,0.13514533786334465,0.7413533926010132,18
75,0.75,500,500,0.5076898057555093,0.16394110985277463,0.7833099365234375,14
75,0.75,1000,500,0.5099175719903406,0.22752736881842203,0.865355908870697,11
75,0.75,10,1000,0.5103203060711514,0.13254813137032842,0.7385241389274597,12
75,0.75,25,1000,0.5127792268608483,0.1156964892412231,0.7201366424560547,12
75,0.75,50,1000,0.5192822678847001,0.1500339750849377,0.7100105285644531,11
75,0.75,100,1000,0.5229965981664576,0.15457908644771612,0.7193506360054016,11
75,0.75,250,1000,0.5299662969308362,0.18036995092487731,0.7632997632026672,11
75,0.75,500,1000,0.5235326021677166,0.19741789354473385,0.7882966995239258,10
75,0.75,1000,1000,0.5099175719903406,0.22752736881842203,0.8653558492660522,11
75,0.75,10,2500,0.6298340237098475,0.17780294450736125,0.7192912101745605,5
75,0.75,25,2500,0.6304940912886452,0.16892412231030576,0.7298662662506104,5
75,0.75,50,2500,0.6317026718027259,0.2297772744431861,0.7411893606185913,4
75,0.75,100,2500,0.609811294549932,0.2541487353718384,0.7938806414604187,5
75,0.75,250,2500,0.5568848807485756,0.22301245753114382,0.5962149500846863,4
75,0.75,500,2500,0.602828637696656,0.19077387693469233,0.7934344410896301,6
75,0.75,1000,2500,0.6281177636883698,0.2359531898829747,0.8554164171218872,5
75,0.75,10,5000,0.5463858553474316,0.19759909399773498,0.6709129810333252,3
75,0.75,25,5000,0.5692559154619278,0.19211778029445073,0.6624316573143005,3
75,0.75,50,5000,0.46565180646057824,0.1524499811249528,0.49404579401016235,3
75,0.75,100,5000,0.4661419704776303,0.15842959607399018,0.5038716793060303,3
75,0.75,250,5000,0.48345365801245677,0.22195545488863722,0.5330781936645508,3
75,0.75,500,5000,0.634867105525862,0.23670819177047941,0.7291136384010315,3
75,0.75,1000,5000,0.7326001788286607,0.28243110607776517,0.947319746017456,3
75,0.75,10,10000,0.6337626299598977,0.3451868629671574,0.6748372912406921,2
75,0.75,25,10000,0.6663732444034393,0.34136655341638356,0.6559043526649475,2
75,0.75,50,10000,0.534965545693624,0.26995847489618724,0.5194244980812073,2
75,0.75,100,10000,0.534839550809806,0.27510758776896943,0.5510717630386353,2
75,0.75,250,10000,0.3951981574056757,0.20126840317100791,0.4448702037334442,2
75,0.75,500,10000,0.5639835404350568,0.23341638354095887,0.643890380859375,2
75,0.75,1000,10000,0.6039146269060545,0.27534918837297095,0.6967718601226807,2
75,0.75,10,15000,0.6337626299598977,0.3451868629671574,0.6748373508453369,2
75,0.75,25,15000,0.6663732444034393,0.34136655341638356,0.6559044718742371,2
75,0.75,50,15000,0.534965545693624,0.26995847489618724,0.5194244980812073,2
75,0.75,100,15000,0.534839550809806,0.27510758776896943,0.5510718822479248,2
75,0.75,250,15000,0.3951981574056757,0.20126840317100791,0.44487008452415466,2
75,0.75,500,15000,0.5639835404350568,0.23341638354095887,0.6438903212547302,2
75,0.75,1000,15000,0.6039146269060545,0.27534918837297095,0.6967716813087463,2
75,0.75,10,20000,0.0,1.0,,0
75,0.75,25,20000,0.0,1.0,,0
75,0.75,50,20000,0.0,1.0,,0
75,0.75,100,20000,0.0,1.0,,0
75,0.75,250,20000,0.0,1.0,,0
75,0.75,500,20000,0.5639835404350568,0.23341638354095887,0.643890380859375,2
75,0.75,1000,20000,0.6039146269060545,0.27534918837297095,0.6967718601226807,2
75,0.75,10,22000,0.0,1.0,,0
75,0.75,25,22000,0.0,1.0,,0
75,0.75,50,22000,0.0,1.0,,0
75,0.75,100,22000,0.0,1.0,,0
75,0.75,250,22000,0.0,1.0,,0
75,0.75,500,22000,0.0,1.0,,0
75,0.75,1000,22000,0.0,1.0,,0
100,0.75,10,50,0.4757208637974806,0.09203473008682522,-0.10502780228853226,172
100,0.75,25,50,0.47733093881078237,0.09682144205360513,-0.18448665738105774,151
100,0.75,50,50,0.47938002686417686,0.09540203850509626,-0.1770334541797638,116
100,0.75,100,50,0.48815708540247804,0.10425066062665157,0.6983855366706848,60
100,0.75,250,50,0.4933407271886104,0.11174027935069837,0.7401151657104492,34
100,0.75,500,50,0.49488206530776335,0.1640619101547754,0.8070310354232788,20
100,0.75,1000,50,0.505097044151583,0.21695734239335598,0.8721156120300293,12
100,0.75,10,100,0.4876191540106926,0.06500566251415628,0.3650447726249695,77
100,0.75,25,100,0.4825830950147554,0.08449981124952813,0.3430422842502594,71
100,0.75,50,100,0.4894414206693602,0.08108720271800679,0.6153802275657654,64
100,0.75,100,100,0.4880715698946994,0.10553416383540959,0.7017551064491272,53
100,0.75,250,100,0.4936556403507292,0.1090071725179313,0.7429359555244446,32
100,0.75,500,100,0.4964077021277424,0.15657229143072857,0.8103458881378174,18
100,0.75,1000,100,0.505097044151583,0.21695734239335598,0.8721156120300293,12
100,0.75,10,250,0.4950251858546147,0.05772744431861079,0.6451111435890198,38
100,0.75,25,250,0.495136854798737,0.06775386938467347,0.6681679487228394,38
100,0.75,50,250,0.49431937535126586,0.07963759909399773,0.6859531998634338,36
100,0.75,100,250,0.4919580172306018,0.09510003775009437,0.7077626585960388,33
100,0.75,250,250,0.4938022067192969,0.10997357493393733,0.7444455623626709,30
100,0.75,500,250,0.4986485564400326,0.14645526613816534,0.7890442609786987,17
100,0.75,1000,250,0.505097044151583,0.21695734239335598,0.8721157312393188,12
100,0.75,10,500,0.4949724351034261,0.09497923744809363,0.7077811360359192,21
100,0.75,25,500,0.49792702621501045,0.08531521328803322,0.6690610647201538,22
100,0.75,50,500,0.4984371420961387,0.09220083050207625,0.6886246204376221,22
100,0.75,100,500,0.4968269713092502,0.09744054360135901,0.678847074508667,20
100,0.75,250,500,0.49854402291828026,0.1082068705171763,0.7227752208709717,19
100,0.75,500,500,0.4986485564400326,0.14645526613816534,0.7890442609786987,17
100,0.75,1000,500,0.505097044151583,0.21695734239335598,0.8721154928207397,12
100,0.75,10,1000,0.4992694322852133,0.17411853529633825,0.7886020541191101,13
100,0.75,25,1000,0.5086882117454284,0.19453378633446583,0.7993128895759583,12
100,0.75,50,1000,0.5023633530955577,0.17106832767081917,0.8003163933753967,13
100,0.75,100,1000,0.5015367202217733,0.14935447338618346,0.7675232887268066,13
100,0.75,250,1000,0.5062528589725722,0.16880332200830503,0.744091808795929,12
100,0.75,500,1000,0.5084460797580098,0.17123442808607023,0.7818524837493896,12
100,0.75,1000,1000,0.5100621196250259,0.22941487353718384,0.8952689170837402,11
100,0.75,10,2500,0.6626490806822672,0.21010192525481314,0.7765793204307556,5
100,0.75,25,2500,0.7038655538927091,0.2638127595318988,0.8524193167686462,4
100,0.75,50,2500,0.6940125352969715,0.267361268403171,0.8521792888641357,4
100,0.75,100,2500,0.6249472256717418,0.22865987164967913,0.7833290100097656,6
100,0.75,250,2500,0.6360033886527772,0.24958852397130993,0.7829491496086121,5
100,0.75,500,2500,0.6062578355050706,0.21543223858059646,0.7747458815574646,6
100,0.75,1000,2500,0.6626325259386959,0.27077387693469235,0.8498743772506714,4
100,0.75,10,5000,0.7767958981747882,0.3572970932427331,0.9044339656829834,2
100,0.75,25,5000,0.7793846281272286,0.35941109852774633,0.9296521544456482,2
100,0.75,50,5000,0.7686139434325452,0.3626576066440166,0.9298990368843079,2
100,0.75,100,5000,0.7702598197369653,0.37106832767081915,0.9413426518440247,2
100,0.75,250,5000,0.6723532303429812,0.35530388825972065,0.7332615256309509,2
100,0.75,500,5000,0.6213348882260721,0.34939977349943374,0.6770978569984436,2
100,0.75,1000,5000,0.7513445313538967,0.3661608154020385,0.9487811923027039,2
100,0.75,10,10000,0.7767958981747882,0.3572970932427331,0.9044338464736938,2
100,0.75,25,10000,0.7793846281272286,0.35941109852774633,0.9296520352363586,2
100,0.75,50,10000,0.7686139434325452,0.3626576066440166,0.9298991560935974,2
100,0.75,100,10000,0.7702598197369653,0.37106832767081915,0.9413426518440247,2
100,0.75,250,10000,0.6723532303429812,0.35530388825972065,0.7332615852355957,2
100,0.75,500,10000,0.6213348882260721,0.34939977349943374,0.6770978569984436,2
100,0.75,1000,10000,0.7513445313538967,0.3661608154020385,0.9487810730934143,2
100,0.75,10,15000,0.7767958981747882,0.3572970932427331,0.9044337868690491,2
100,0.75,25,15000,0.7793846281272286,0.35941109852774633,0.9296520352363586,2
100,0.75,50,15000,0.7686139434325452,0.3626576066440166,0.9298991560935974,2
100,0.75,100,15000,0.7702598197369653,0.37106832767081915,0.9413426518440247,2
100,0.75,250,15000,0.6723532303429812,0.35530388825972065,0.7332615256309509,2
100,0.75,500,15000,0.6213348882260721,0.34939977349943374,0.6770977973937988,2
100,0.75,1000,15000,0.7513445313538967,0.3661608154020385,0.9487810730934143,2
100,0.75,10,20000,0.7767958981747882,0.3572970932427331,0.9044339656829834,2
100,0.75,25,20000,0.7793846281272286,0.35941109852774633,0.9296521544456482,2
100,0.75,50,20000,0.7686139434325452,0.3626576066440166,0.9298990368843079,2
100,0.75,100,20000,0.7702598197369653,0.37106832767081915,0.9413426518440247,2
100,0.75,250,20000,0.0,1.0,,0
100,0.75,500,20000,0.0,1.0,,0
100,0.75,1000,20000,0.7513445313538967,0.3661608154020385,0.9487810730934143,2
100,0.75,10,22000,0.0,1.0,,0
100,0.75,25,22000,0.0,1.0,,0
100,0.75,50,22000,0.0,1.0,,0
100,0.75,100,22000,0.0,1.0,,0
100,0.75,250,22000,0.0,1.0,,0
100,0.75,500,22000,0.0,1.0,,0
100,0.75,1000,22000,0.0,1.0,,0
10,1.0,10,50,0.06376182525631945,0.4752585881464704,-0.3287220299243927,253
10,1.0,25,50,0.07818456423407091,0.5529029822574556,-0.26069188117980957,181
10,1.0,50,50,0.07983746034127856,0.6314231785579464,-0.10277653485536575,128
10,1.0,100,50,0.07758440798788971,0.7137787844469611,0.002040014835074544,62
10,1.0,250,50,0.05328120081114092,0.7715817289543224,0.34570080041885376,28
10,1.0,500,50,0.04082551681477256,0.8174103435258588,0.4843900203704834,16
10,1.0,1000,50,0.028492780690264292,0.8545111362778407,0.5796469449996948,9
10,1.0,10,100,0.07872852440597448,0.539992449981125,-0.2781766355037689,103
10,1.0,25,100,0.08856120280459015,0.6051793129482824,-0.1543566733598709,85
10,1.0,50,100,0.08725171757684719,0.6593431483578709,-0.09353569149971008,70
10,1.0,100,100,0.07393878510655455,0.7248773121932804,0.026039090007543564,47
10,1.0,250,100,0.054858517398917485,0.771355228388071,0.3506140112876892,25
10,1.0,500,100,0.04109581776713093,0.8199773499433749,0.4963911473751068,14
10,1.0,1000,100,0.028492780690264292,0.8545111362778407,0.5796470046043396,9
10,1.0,10,250,0.07739351073041703,0.6480936202340506,-0.1592816561460495,33
10,1.0,25,250,0.07916267489127646,0.6897848244620611,-0.08582094311714172,29
10,1.0,50,250,0.06904627002987064,0.7087806719516799,0.027033710852265358,25
10,1.0,100,250,0.07504926133314137,0.7418044545111363,0.10886962711811066,23
10,1.0,250,250,0.05482341120271797,0.7772140430351075,0.31880393624305725,22
10,1.0,500,250,0.04093941767397163,0.8237825594563987,0.4947696626186371,12
10,1.0,1000,250,0.02757513335456168,0.8564892412231031,0.5810264945030212,8
10,1.0,10,500,0.060493528437476005,0.6998716496791242,-0.08852987736463547,17
10,1.0,25,500,0.057230280001143725,0.7783767459418649,0.2036852240562439,12
10,1.0,50,500,0.049277427371977524,0.7613741034352586,0.1830955147743225,12
10,1.0,100,500,0.04965188377060215,0.8018271045677614,0.34181466698646545,11
10,1.0,250,500,0.04819667911737453,0.817455643639109,0.38335055112838745,11
10,1.0,500,500,0.042139633060419825,0.8289165722914307,0.5204524993896484,11
10,1.0,1000,500,0.02757513335456168,0.8564892412231031,0.581026554107666,8
10,1.0,10,1000,0.0023284174389849306,0.01232163080407701,-0.14563223719596863,2
10,1.0,25,1000,0.0019435549886070026,0.04866742166855417,-0.1433793604373932,2
10,1.0,50,1000,0.0026497369570993887,0.09787844469611175,-0.14117352664470673,2
10,1.0,100,1000,0.013135148815273142,0.25301623254058137,-0.14757132530212402,2
10,1.0,250,1000,0.0489539945384714,0.8288108720271801,0.2119336873292923,6
10,1.0,500,1000,0.03960575471841548,0.8536202340505852,0.3986581861972809,8
10,1.0,1000,1000,0.030278344392836207,0.8704416761041902,0.5398111343383789,7
10,1.0,10,2500,0.015779648218028533,0.5052019630049075,0.07145683467388153,2
10,1.0,25,2500,0.014022961166050398,0.5418195545488864,-0.007395229302346706,2
10,1.0,50,2500,0.014957015391864458,0.8128803322008304,0.18414978682994843,2
10,1.0,100,2500,0.014370452777046497,0.8181653454133635,0.16572202742099762,2
10,1.0,250,2500,0.012928541711915029,0.8421593053982634,0.11673607677221298,2
10,1.0,500,2500,0.0,1.0,,0
10,1.0,1000,2500,0.0,1.0,,0
10,1.0,10,5000,0.0,1.0,,0
10,1.0,25,5000,0.0,1.0,,0
10,1.0,50,5000,0.0,1.0,,0
10,1.0,100,5000,0.0,1.0,,0
10,1.0,250,5000,0.0,1.0,,0
10,1.0,500,5000,0.0,1.0,,0
10,1.0,1000,5000,0.0,1.0,,0
10,1.0,10,10000,0.0,1.0,,0
10,1.0,25,10000,0.0,1.0,,0
10,1.0,50,10000,0.0,1.0,,0
10,1.0,100,10000,0.0,1.0,,0
10,1.0,250,10000,0.0,1.0,,0
10,1.0,500,10000,0.0,1.0,,0
10,1.0,1000,10000,0.0,1.0,,0
10,1.0,10,15000,0.0,1.0,,0
10,1.0,25,15000,0.0,1.0,,0
10,1.0,50,15000,0.0,1.0,,0
10,1.0,100,15000,0.0,1.0,,0
10,1.0,250,15000,0.0,1.0,,0
10,1.0,500,15000,0.0,1.0,,0
10,1.0,1000,15000,0.0,1.0,,0
10,1.0,10,20000,0.0,1.0,,0
10,1.0,25,20000,0.0,1.0,,0
10,1.0,50,20000,0.0,1.0,,0
10,1.0,100,20000,0.0,1.0,,0
10,1.0,250,20000,0.0,1.0,,0
10,1.0,500,20000,0.0,1.0,,0
10,1.0,1000,20000,0.0,1.0,,0
10,1.0,10,22000,0.0,1.0,,0
10,1.0,25,22000,0.0,1.0,,0
10,1.0,50,22000,0.0,1.0,,0
10,1.0,100,22000,0.0,1.0,,0
10,1.0,250,22000,0.0,1.0,,0
10,1.0,500,22000,0.0,1.0,,0
10,1.0,1000,22000,0.0,1.0,,0
15,1.0,10,50,0.11242515863561675,0.4462212155530389,-0.23442061245441437,233
15,1.0,25,50,0.13019265511800185,0.5371838429596074,-0.14747631549835205,155
15,1.0,50,50,0.15291822011413575,0.6037750094375236,0.012501589953899384,116
15,1.0,100,50,0.13755378309146937,0.6467497168742922,0.14750134944915771,57
15,1.0,250,50,0.10219226867608366,0.7120573801434503,0.421855092048645,28
15,1.0,500,50,0.08755410570456315,0.7591090977727444,0.7160178422927856,15
15,1.0,1000,50,0.08735996597811746,0.7624764061910155,0.5876674652099609,11
15,1.0,10,100,0.10983198815730863,0.5187315968289921,-0.09689319133758545,101
15,1.0,25,100,0.14191373564294327,0.5587315968289921,-0.10119984298944473,72
15,1.0,50,100,0.147649553691385,0.6097546243865609,0.11082889139652252,62
15,1.0,100,100,0.1339537548768962,0.6479879199697999,0.1791762262582779,51
15,1.0,250,100,0.10430514039115994,0.7142468856172141,0.38380324840545654,24
15,1.0,500,100,0.08755410570456315,0.7591090977727444,0.7160178422927856,15
15,1.0,1000,100,0.08704992551162562,0.7613137032842582,0.5780944228172302,10
15,1.0,10,250,0.1323549816341521,0.586243865609664,0.13791044056415558,35
15,1.0,25,250,0.13604986472465241,0.6222725556813892,0.20057329535484314,29
15,1.0,50,250,0.13699510201534967,0.6364514911287278,0.25187671184539795,29
15,1.0,100,250,0.12991843581813256,0.6759229898074746,0.4201299548149109,23
15,1.0,250,250,0.10403386626511583,0.7184597961494904,0.5319926142692566,22
15,1.0,500,250,0.08823857900574429,0.7610872027180068,0.7165654301643372,14
15,1.0,1000,250,0.08485604606545569,0.7658437146092866,0.5781283974647522,8
15,1.0,10,500,0.12310778198898466,0.5860324650811627,0.08876572549343109,20
15,1.0,25,500,0.16293303963171904,0.6236013590033975,0.3485494554042816,14
15,1.0,50,500,0.14188931821901343,0.6642053605134013,0.3906809389591217,15
15,1.0,100,500,0.13094024108837832,0.6956436391090978,0.538600742816925,14
15,1.0,250,500,0.10726186572259584,0.7282748206870517,0.5947068929672241,13
15,1.0,500,500,0.08283853371337457,0.7603775009437523,0.6506222486495972,11
15,1.0,1000,500,0.08485604606545569,0.7658437146092866,0.5781283974647522,8
15,1.0,10,1000,0.12635729945317462,0.6549188372970932,0.40560197830200195,12
15,1.0,25,1000,0.15474005507664884,0.6427482068705171,0.4129389524459839,12
15,1.0,50,1000,0.12545678349830705,0.6923367308418271,0.4945005774497986,11
15,1.0,100,1000,0.11391605738816032,0.7153038882597207,0.5807145237922668,11
15,1.0,250,1000,0.09325466068904989,0.7491732729331824,0.6150400638580322,11
15,1.0,500,1000,0.07767523248215633,0.7580520951302379,0.5465210676193237,9
15,1.0,1000,1000,0.08485604606545569,0.7658437146092866,0.5781283378601074,8
15,1.0,10,2500,0.02638502975258048,0.8363910909777275,0.6534528136253357,3
15,1.0,25,2500,0.04992847721142787,0.7404001510003775,0.05364784970879555,2
15,1.0,50,2500,0.021747799968924238,0.8053605134012835,0.11169404536485672,2
15,1.0,100,2500,0.024101483011485497,0.8482295205738014,0.32791534066200256,2
15,1.0,250,2500,0.01544487961175014,0.8505096262740657,0.7402302622795105,3
15,1.0,500,2500,0.03144137900847796,0.7725632314080785,0.08549359440803528,2
15,1.0,1000,2500,0.03328856144677793,0.8505700264250661,0.5135344862937927,3
15,1.0,10,5000,0.0,1.0,,0
15,1.0,25,5000,0.0,1.0,,0
15,1.0,50,5000,0.0,1.0,,0
15,1.0,100,5000,0.0,1.0,,0
15,1.0,250,5000,0.0,1.0,,0
15,1.0,500,5000,0.0,1.0,,0
15,1.0,1000,5000,0.0,1.0,,0
15,1.0,10,10000,0.0,1.0,,0
15,1.0,25,10000,0.0,1.0,,0
15,1.0,50,10000,0.0,1.0,,0
15,1.0,100,10000,0.0,1.0,,0
15,1.0,250,10000,0.0,1.0,,0
15,1.0,500,10000,0.0,1.0,,0
15,1.0,1000,10000,0.0,1.0,,0
15,1.0,10,15000,0.0,1.0,,0
15,1.0,25,15000,0.0,1.0,,0
15,1.0,50,15000,0.0,1.0,,0
15,1.0,100,15000,0.0,1.0,,0
15,1.0,250,15000,0.0,1.0,,0
15,1.0,500,15000,0.0,1.0,,0
15,1.0,1000,15000,0.0,1.0,,0
15,1.0,10,20000,0.0,1.0,,0
15,1.0,25,20000,0.0,1.0,,0
15,1.0,50,20000,0.0,1.0,,0
15,1.0,100,20000,0.0,1.0,,0
15,1.0,250,20000,0.0,1.0,,0
15,1.0,500,20000,0.0,1.0,,0
15,1.0,1000,20000,0.0,1.0,,0
15,1.0,10,22000,0.0,1.0,,0
15,1.0,25,22000,0.0,1.0,,0
15,1.0,50,22000,0.0,1.0,,0
15,1.0,100,22000,0.0,1.0,,0
15,1.0,250,22000,0.0,1.0,,0
15,1.0,500,22000,0.0,1.0,,0
15,1.0,1000,22000,0.0,1.0,,0
30,1.0,10,50,0.3671183635114245,0.2663495658739147,-0.38515108823776245,176
30,1.0,25,50,0.41550032145294813,0.3024386560966402,-0.325848251581192,131
30,1.0,50,50,0.41199319686469804,0.35181577953944887,-0.30373695492744446,104
30,1.0,100,50,0.3735832152417943,0.3984295960739902,-0.05834050849080086,53
30,1.0,250,50,0.3474668801223928,0.44152510381275956,0.13991369307041168,30
30,1.0,500,50,0.3284496473250075,0.4929709324273311,0.3182191848754883,16
30,1.0,1000,50,0.33400127698295506,0.5070139675349188,0.5198420286178589,11
30,1.0,10,100,0.39115398843017535,0.2885919214798037,-0.34652629494667053,82
30,1.0,25,100,0.4128927031479049,0.31932049830124576,-0.32123005390167236,70
30,1.0,50,100,0.41009758675019553,0.37541713854284636,-0.2654118537902832,62
30,1.0,100,100,0.37971259481885156,0.3912268780671952,-0.04537683352828026,47
30,1.0,250,100,0.3484745093336398,0.4405587013967535,0.1377459168434143,27
30,1.0,500,100,0.3277815744598599,0.4947527368818422,0.31800228357315063,14
30,1.0,1000,100,0.33400127698295506,0.5070139675349188,0.5198420286178589,11
30,1.0,10,250,0.35508337018039565,0.27563608909022275,-0.14199022948741913,36
30,1.0,25,250,0.4058252475453874,0.35359758399395996,0.03232401981949806,29
30,1.0,50,250,0.3918595875779322,0.3760362400906002,0.08182580024003983,30
30,1.0,100,250,0.3715075200203727,0.40223480558701397,0.12839846312999725,29
30,1.0,250,250,0.3682258411319751,0.41922234805587016,0.1794513612985611,24
30,1.0,500,250,0.34140330183655787,0.47883729709324274,0.27691492438316345,13
30,1.0,1000,250,0.3335002840650741,0.5090524726311816,0.5532682538032532,10
30,1.0,10,500,0.3554081060805458,0.32412231030577576,0.044306185096502304,18
30,1.0,25,500,0.41968011569969466,0.3778029445073613,0.032885998487472534,17
30,1.0,50,500,0.4150125173351622,0.40203850509626277,0.1191922128200531,14
30,1.0,100,500,0.40626186442361767,0.4245828614571536,0.40636807680130005,13
30,1.0,250,500,0.3747127514756643,0.45360513401283503,0.3981896638870239,12
30,1.0,500,500,0.37215792696416095,0.47424688561721406,0.3689804971218109,11
30,1.0,1000,500,0.3318222724999438,0.5135522838807097,0.5640352964401245,9
30,1.0,10,1000,0.38859729307297164,0.27551528878822196,0.1362238973379135,12
30,1.0,25,1000,0.45818604130572604,0.3780294450736127,0.3551521301269531,9
30,1.0,50,1000,0.4656500441134884,0.3748131370328426,0.37250515818595886,9
30,1.0,100,1000,0.40293279573814456,0.43044167610419026,0.40770748257637024,9
30,1.0,250,1000,0.3882670615962813,0.46332955832389583,0.3204692304134369,10
30,1.0,500,1000,0.3623426543881649,0.4981804454511136,0.44828319549560547,9
30,1.0,1000,1000,0.3318222724999438,0.5135522838807097,0.564035177230835,9
30,1.0,10,2500,0.3733743756882229,0.3832993582483956,0.5449573397636414,5
30,1.0,25,2500,0.3983805803765162,0.4834881087202718,0.7553600072860718,5
30,1.0,50,2500,0.4017486565860663,0.49307663269158175,0.8201764822006226,4
30,1.0,100,2500,0.3953127958050703,0.45999244998112493,0.7796061635017395,5
30,1.0,250,2500,0.3813034364293969,0.48676481691204226,0.6424663066864014,5
30,1.0,500,2500,0.3938369691131462,0.48089090222725556,0.6849848031997681,4
30,1.0,1000,2500,0.34804110426884327,0.5053378633446584,0.7688495516777039,5
30,1.0,10,5000,0.3560404488624155,0.2760135900339751,0.4461788833141327,3
30,1.0,25,5000,0.3622130463541301,0.4612910532276331,0.6742694973945618,2
30,1.0,50,5000,0.36461818519295564,0.5061079652699132,0.7153858542442322,2
30,1.0,100,5000,0.3799839491966725,0.6291581728954322,0.944962203502655,2
30,1.0,250,5000,0.2274146912338554,0.35691959229898074,-0.24810968339443207,2
30,1.0,500,5000,0.29606875432591445,0.4354850887127218,0.05799799785017967,2
30,1.0,1000,5000,0.35022527948555027,0.5381502453756134,0.26187053322792053,2
30,1.0,10,10000,0.3805206442723664,0.3669460173650434,0.6022621989250183,2
30,1.0,25,10000,0.3622130463541301,0.4612910532276331,0.6742696166038513,2
30,1.0,50,10000,0.36461818519295564,0.5061079652699132,0.7153858542442322,2
30,1.0,100,10000,0.0,1.0,,0
30,1.0,250,10000,0.0,1.0,,0
30,1.0,500,10000,0.0,1.0,,0
30,1.0,1000,10000,0.0,1.0,,0
30,1.0,10,15000,0.3805206442723664,0.3669460173650434,0.6022621989250183,2
30,1.0,25,15000,0.3622130463541301,0.4612910532276331,0.6742695569992065,2
30,1.0,50,15000,0.0,1.0,,0
30,1.0,100,15000,0.0,1.0,,0
30,1.0,250,15000,0.0,1.0,,0
30,1.0,500,15000,0.0,1.0,,0
30,1.0,1000,15000,0.0,1.0,,0
30,1.0,10,20000,0.0,1.0,,0
30,1.0,25,20000,0.0,1.0,,0
30,1.0,50,20000,0.0,1.0,,0
30,1.0,100,20000,0.0,1.0,,0
30,1.0,250,20000,0.0,1.0,,0
30,1.0,500,20000,0.0,1.0,,0
30,1.0,1000,20000,0.0,1.0,,0
30,1.0,10,22000,0.0,1.0,,0
30,1.0,25,22000,0.0,1.0,,0
30,1.0,50,22000,0.0,1.0,,0
30,1.0,100,22000,0.0,1.0,,0
30,1.0,250,22000,0.0,1.0,,0
30,1.0,500,22000,0.0,1.0,,0
30,1.0,1000,22000,0.0,1.0,,0
50,1.0,10,50,0.4696751312800934,0.07586258965647415,0.2071126103401184,142
50,1.0,25,50,0.4668453635117661,0.061442053605134016,0.20448315143585205,125
50,1.0,50,50,0.4614250228530515,0.0866893167232918,0.4679640531539917,100
50,1.0,100,50,0.4595930923411615,0.12957342393355983,0.5135760307312012,62
50,1.0,250,50,0.4586708608682251,0.18005285013212532,0.6747480630874634,29
50,1.0,500,50,0.45500397970943235,0.24792751981879954,0.8348455429077148,19
50,1.0,1000,50,0.4457396996014899,0.2831106077765194,0.8843304514884949,12
50,1.0,10,100,0.4694665098502575,0.0770554926387316,0.4027566909790039,74
50,1.0,25,100,0.47184189448090197,0.051566628916572294,0.4636172950267792,67
50,1.0,50,100,0.46210159231019937,0.08794261985654964,0.465434193611145,64
50,1.0,100,100,0.46346866765725897,0.11531898829747074,0.5433470606803894,55
50,1.0,250,100,0.4586708608682251,0.18005285013212532,0.6747481822967529,29
50,1.0,500,100,0.4553518733197824,0.249120422801057,0.8415113091468811,18
50,1.0,1000,100,0.4460210513791734,0.28146470366175913,0.8988991975784302,11
50,1.0,10,250,0.4757996007795063,0.07583238958097395,0.5298956036567688,35
50,1.0,25,250,0.47243130918033716,0.08889392223480559,0.5411872863769531,34
50,1.0,50,250,0.4619287643682932,0.12144960362400906,0.5979925990104675,32
50,1.0,100,250,0.47037759762875464,0.1183691959229898,0.6359173059463501,31
50,1.0,250,250,0.46156682980560837,0.16714231785579464,0.6917999386787415,27
50,1.0,500,250,0.45587244653893705,0.242884107210268,0.858182966709137,14
50,1.0,1000,250,0.4460210513791734,0.28146470366175913,0.8988990187644958,11
50,1.0,10,500,0.47122308413603387,0.13985654964137412,0.6625093817710876,21
50,1.0,25,500,0.47081027471413356,0.14671196677991696,0.6683338284492493,22
50,1.0,50,500,0.4685528481667548,0.1527519818799547,0.6845231056213379,19
50,1.0,100,500,0.4710654917681358,0.16194790486976218,0.7478665113449097,17
50,1.0,250,500,0.4650874425245259,0.20351830879577198,0.798101007938385,14
50,1.0,500,500,0.457929658168906,0.250237825594564,0.874528706073761,13
50,1.0,1000,500,0.4460210513791734,0.28146470366175913,0.8988990783691406,11
50,1.0,10,1000,0.48657694353363456,0.16012080030200077,0.7256014943122864,12
50,1.0,25,1000,0.4922680512012264,0.20077010192525482,0.7760219573974609,11
50,1.0,50,1000,0.4739967323487114,0.188478671196678,0.768383264541626,12
50,1.0,100,1000,0.4795823751654993,0.19053227633069084,0.7945473790168762,12
50,1.0,250,1000,0.4723763232936033,0.23258588146470366,0.8218013644218445,11
50,1.0,500,1000,0.46253028394566936,0.2594186485466214,0.871113657951355,11
50,1.0,1000,1000,0.5084341041338162,0.26038505096262743,0.8226553201675415,10
50,1.0,10,2500,0.5872371329570811,0.2592978482446206,0.7849062085151672,5
50,1.0,25,2500,0.6243738982887038,0.32206870517176295,0.8136128783226013,4
50,1.0,50,2500,0.6201523858074275,0.2621064552661382,0.7683995366096497,4
50,1.0,100,2500,0.5404576969220555,0.240483201208003,0.5539025664329529,6
50,1.0,250,2500,0.6102352831326675,0.28116270290675727,0.7960653305053711,4
50,1.0,500,2500,0.6082081433973059,0.26663646659116647,0.802773654460907,4
50,1.0,1000,2500,0.6092718542852973,0.24522461306153265,0.8432053923606873,5
50,1.0,10,5000,0.5954087573905552,0.3164363910909777,0.7539931535720825,2
50,1.0,25,5000,0.7371776136054319,0.3865458663646659,0.8806484937667847,2
50,1.0,50,5000,0.7163720644513526,0.3800830502076255,0.8838778138160706,2
50,1.0,100,5000,0.5687835251035547,0.3135220838052095,0.7619982361793518,2
50,1.0,250,5000,0.5734102126102544,0.3134918837297093,0.7629407048225403,2
50,1.0,500,5000,0.588828677956118,0.3332427331068328,0.7862564921379089,2
50,1.0,1000,5000,0.7341244650768594,0.4230879577198943,0.9458247423171997,2
50,1.0,10,10000,0.5954087573905552,0.3164363910909777,0.753993034362793,2
50,1.0,25,10000,0.7371776136054319,0.3865458663646659,0.8806483149528503,2
50,1.0,50,10000,0.7163720644513526,0.3800830502076255,0.883877694606781,2
50,1.0,100,10000,0.5687835251035547,0.3135220838052095,0.7619982361793518,2
50,1.0,250,10000,0.5734102126102544,0.3134918837297093,0.7629407048225403,2
50,1.0,500,10000,0.588828677956118,0.3332427331068328,0.7862563729286194,2
50,1.0,1000,10000,0.7341244650768594,0.4230879577198943,0.9458248615264893,2
50,1.0,10,15000,0.5954087573905552,0.3164363910909777,0.753993034362793,2
50,1.0,25,15000,0.7371776136054319,0.3865458663646659,0.8806484341621399,2
50,1.0,50,15000,0.7163720644513526,0.3800830502076255,0.8838775157928467,2
50,1.0,100,15000,0.5687835251035547,0.3135220838052095,0.7619982361793518,2
50,1.0,250,15000,0.5734102126102544,0.3134918837297093,0.7629407048225403,2
50,1.0,500,15000,0.588828677956118,0.3332427331068328,0.7862565517425537,2
50,1.0,1000,15000,0.7341244650768594,0.4230879577198943,0.9458247423171997,2
50,1.0,10,20000,0.5954087573905552,0.3164363910909777,0.753993034362793,2
50,1.0,25,20000,0.0,1.0,,0
50,1.0,50,20000,0.0,1.0,,0
50,1.0,100,20000,0.5687835251035547,0.3135220838052095,0.761998176574707,2
50,1.0,250,20000,0.5734102126102544,0.3134918837297093,0.7629407048225403,2
50,1.0,500,20000,0.588828677956118,0.3332427331068328,0.7862564921379089,2
50,1.0,1000,20000,0.0,1.0,,0
50,1.0,10,22000,0.0,1.0,,0
50,1.0,25,22000,0.0,1.0,,0
50,1.0,50,22000,0.0,1.0,,0
50,1.0,100,22000,0.0,1.0,,0
50,1.0,250,22000,0.0,1.0,,0
50,1.0,500,22000,0.0,1.0,,0
50,1.0,1000,22000,0.0,1.0,,0
75,1.0,10,50,0.48090135552463337,0.09402793506983767,-0.14013881981372833,170
75,1.0,25,50,0.48329770725278054,0.0732653831634579,0.04862791299819946,136
75,1.0,50,50,0.48699575534688394,0.07670819177047943,0.2456759512424469,102
75,1.0,100,50,0.4917808209169316,0.09301623254058135,0.32110676169395447,57
75,1.0,250,50,0.49401907531271627,0.14452246130615326,0.7891262769699097,30
75,1.0,500,50,0.498279510450449,0.20090600226500566,0.8364669680595398,18
75,1.0,1000,50,0.5092037646157029,0.24336730841827103,0.8933505415916443,11
75,1.0,10,100,0.4833917632518329,0.09026802567006417,0.28172093629837036,91
75,1.0,25,100,0.4930353660975469,0.046719516798792,0.46754971146583557,67
75,1.0,50,100,0.49110443183130226,0.06366175915439788,0.483551561832428,63
75,1.0,100,100,0.4980559630839694,0.09052472631181578,0.6932771801948547,51
75,1.0,250,100,0.49401473348290603,0.14648546621366554,0.7945866584777832,28
75,1.0,500,100,0.49850231984901594,0.18885617214043035,0.8373009562492371,17
75,1.0,1000,100,0.5096823249089805,0.24439411098527747,0.8949313759803772,10
75,1.0,10,250,0.5008200978986974,0.0732955832389581,0.6669697761535645,34
75,1.0,25,250,0.5030591343652692,0.04372970932427331,0.6164381504058838,34
75,1.0,50,250,0.50107403247642,0.06704416761041902,0.6546528339385986,34
75,1.0,100,250,0.4984548576934924,0.08652321630804077,0.7016004323959351,31
75,1.0,250,250,0.4974572552793919,0.1393129482823707,0.7200531959533691,25
75,1.0,500,250,0.500366509903208,0.1943374858437146,0.8427578210830688,15
75,1.0,1000,250,0.5096823249089805,0.24439411098527747,0.8949313163757324,10
75,1.0,10,500,0.49944481646086997,0.13360513401283503,0.7249996066093445,18
75,1.0,25,500,0.5029800331006694,0.10455266138165345,0.684066891670227,19
75,1.0,50,500,0.5020322691016844,0.1291053227633069,0.7077488303184509,17
75,1.0,100,500,0.49761074356882246,0.14378255945639865,0.7582599520683289,18
75,1.0,250,500,0.5032190766278647,0.1428463571158928,0.7610441446304321,16
75,1.0,500,500,0.5022122742546531,0.1922536806342016,0.833251416683197,14
75,1.0,1000,500,0.5096823249089805,0.24439411098527747,0.8949313163757324,10
75,1.0,10,1000,0.5169170300032488,0.18423556058890148,0.7410352230072021,12
75,1.0,25,1000,0.5186194900072884,0.17549263873159682,0.7377159595489502,12
75,1.0,50,1000,0.5160447890206032,0.166719516798792,0.7450514435768127,11
75,1.0,100,1000,0.5177047894997033,0.20608531521328805,0.8151448369026184,11
75,1.0,250,1000,0.5239932874649428,0.16768591921479803,0.7254310846328735,10
75,1.0,500,1000,0.516253474078639,0.20256700641751604,0.7677450776100159,10
75,1.0,1000,1000,0.5169204763438942,0.2593280483201208,0.914045512676239,9
75,1.0,10,2500,0.6283619343142132,0.25144582861457154,0.759223222732544,6
75,1.0,25,2500,0.6324274411173709,0.2603095507738769,0.7922823429107666,6
75,1.0,50,2500,0.6480858945238088,0.2563835409588524,0.7832899689674377,6
75,1.0,100,2500,0.551422358106453,0.23273688184220462,0.5937559008598328,5
75,1.0,250,2500,0.5699881095459057,0.26378255945639867,0.8549644947052002,6
75,1.0,500,2500,0.6329176015492671,0.17722914307285767,0.7456591129302979,4
75,1.0,1000,2500,0.6496796266224336,0.19743299358248395,0.7707617878913879,4
75,1.0,10,5000,0.8106673486998108,0.3835560588901472,0.9311290979385376,2
75,1.0,25,5000,0.7016655697683921,0.3325934314835787,0.7900459170341492,2
75,1.0,50,5000,0.7193527162434357,0.32197810494526236,0.7603556513786316,2
75,1.0,100,5000,0.6750376033181026,0.30644016610041525,0.7772142887115479,2
75,1.0,250,5000,0.6085970283247056,0.21209513023782559,0.6619439721107483,3
75,1.0,500,5000,0.6606130742920647,0.23183087957719895,0.7873367667198181,3
75,1.0,1000,5000,0.6798494498467351,0.2490902227255568,0.8318454623222351,3
75,1.0,10,10000,0.8106673486998108,0.3835560588901472,0.9311290979385376,2
75,1.0,25,10000,0.7016655697683921,0.3325934314835787,0.7900457978248596,2
75,1.0,50,10000,0.7193527162434357,0.32197810494526236,0.760355532169342,2
75,1.0,100,10000,0.6750376033181026,0.30644016610041525,0.7772142887115479,2
75,1.0,250,10000,0.5474796768822833,0.2109928274820687,0.6280479431152344,2
75,1.0,500,10000,0.561426865626648,0.21955454888637221,0.6332777738571167,2
75,1.0,1000,10000,0.5723885975025317,0.2429445073612684,0.6536543965339661,2
75,1.0,10,15000,0.8106673486998108,0.3835560588901472,0.931128978729248,2
75,1.0,25,15000,0.7016655697683921,0.3325934314835787,0.7900459170341492,2
75,1.0,50,15000,0.7193527162434357,0.32197810494526236,0.7603557109832764,2
75,1.0,100,15000,0.6750376033181026,0.30644016610041525,0.7772142887115479,2
75,1.0,250,15000,0.5474796768822833,0.2109928274820687,0.6280480027198792,2
75,1.0,500,15000,0.561426865626648,0.21955454888637221,0.6332778334617615,2
75,1.0,1000,15000,0.5723885975025317,0.2429445073612684,0.6536542773246765,2
75,1.0,10,20000,0.8106673486998108,0.3835560588901472,0.931128978729248,2
75,1.0,25,20000,0.7016655697683921,0.3325934314835787,0.790045976638794,2
75,1.0,50,20000,0.7193527162434357,0.32197810494526236,0.7603556513786316,2
75,1.0,100,20000,0.6750376033181026,0.30644016610041525,0.7772142291069031,2
75,1.0,250,20000,0.5474796768822833,0.2109928274820687,0.6280479431152344,2
75,1.0,500,20000,0.561426865626648,0.21955454888637221,0.6332777738571167,2
75,1.0,1000,20000,0.5723885975025317,0.2429445073612684,0.6536543369293213,2
75,1.0,10,22000,0.0,1.0,,0
75,1.0,25,22000,0.0,1.0,,0
75,1.0,50,22000,0.0,1.0,,0
75,1.0,100,22000,0.0,1.0,,0
75,1.0,250,22000,0.0,1.0,,0
75,1.0,500,22000,0.0,1.0,,0
75,1.0,1000,22000,0.0,1.0,,0
100,1.0,10,50,0.48724169787564614,0.08315590788976973,0.19243401288986206,140
100,1.0,25,50,0.4851944407085705,0.09204983012457531,0.23339848220348358,122
100,1.0,50,50,0.487757986025554,0.07287278218195546,0.23238058388233185,94
100,1.0,100,50,0.4906185680618075,0.07331068327670819,0.5104889869689941,49
100,1.0,250,50,0.49237879572865045,0.1250887127217818,0.7492454648017883,30
100,1.0,500,50,0.49770987710561304,0.17049452623631559,0.756309986114502,19
100,1.0,1000,50,0.4989626763771361,0.24234050585126463,0.8663136959075928,14
100,1.0,10,100,0.48535164011695986,0.07320498301245754,0.44417333602905273,79
100,1.0,25,100,0.4819744114411695,0.08597961494903737,0.4251951575279236,70
100,1.0,50,100,0.48904490713211735,0.06313325783314458,0.40705347061157227,57
100,1.0,100,100,0.4906185680618075,0.07331068327670819,0.5104889273643494,49
100,1.0,250,100,0.4924901467536726,0.12641751604379012,0.7506844401359558,29
100,1.0,500,100,0.49770987710561304,0.17049452623631559,0.7563100457191467,19
100,1.0,1000,100,0.49885502737929593,0.2397885994714987,0.8700332045555115,13
100,1.0,10,250,0.4883805512223411,0.07966779916949793,0.49668774008750916,36
100,1.0,25,250,0.49695997138353,0.07226878067195168,0.6676852107048035,33
100,1.0,50,250,0.49784837744949884,0.06431106077765195,0.6477988958358765,31
100,1.0,100,250,0.49572944150020903,0.08199320498301246,0.6803105473518372,31
100,1.0,250,250,0.4929041658698709,0.12440921102302756,0.749328076839447,27
100,1.0,500,250,0.4989927936112891,0.17591543978859947,0.7652887105941772,17
100,1.0,1000,250,0.5003189518601245,0.24341260853152133,0.8697482347488403,12
100,1.0,10,500,0.4999246431770032,0.08256700641751605,0.6879526972770691,22
100,1.0,25,500,0.49884652316629496,0.08599471498678747,0.6940779685974121,21
100,1.0,50,500,0.4974014141253004,0.08809362023405058,0.6877123713493347,21
100,1.0,100,500,0.495964894503941,0.10098905247263118,0.6889120936393738,20
100,1.0,250,500,0.4977132664466476,0.1489920724801812,0.7521349787712097,16
100,1.0,500,500,0.4985027237723429,0.1817138542846357,0.7763243317604065,16
100,1.0,1000,500,0.5003189518601245,0.24341260853152133,0.8697481155395508,12
100,1.0,10,1000,0.5069055485258226,0.13916194790486977,0.7035031318664551,13
100,1.0,25,1000,0.5060765969329565,0.1250887127217818,0.6704204082489014,13
100,1.0,50,1000,0.5037803663471848,0.15282748206870517,0.7220665812492371,13
100,1.0,100,1000,0.5039386014647229,0.15497168742921857,0.7262493968009949,13
100,1.0,250,1000,0.5096878287431139,0.17808984522461307,0.7467475533485413,12
100,1.0,500,1000,0.5097281125898501,0.19389958474896188,0.7932343482971191,12
100,1.0,1000,1000,0.5003189518601245,0.24341260853152133,0.8697481155395508,12
100,1.0,10,2500,0.6520414427537462,0.27658739146847866,0.8656781911849976,5
100,1.0,25,2500,0.6551996251330043,0.2556587391468479,0.7875413298606873,5
100,1.0,50,2500,0.6691664015352518,0.28489241223103057,0.8636171221733093,5
100,1.0,100,2500,0.6485050023636912,0.2683880709701774,0.8131027221679688,5
100,1.0,250,2500,0.5878020773560674,0.2990864477161193,0.8249690532684326,6
100,1.0,500,2500,0.6496245737669982,0.2857380143450359,0.8370444774627686,5
100,1.0,1000,2500,0.7183530505293575,0.2925179312948282,0.9011329412460327,4
100,1.0,10,5000,0.8000855808744525,0.38148735371838427,0.9579197764396667,2
100,1.0,25,5000,0.7988686466060634,0.3479501698754247,0.9115856885910034,2
100,1.0,50,5000,0.7953756552882588,0.36459041147602866,0.905601978302002,2
100,1.0,100,5000,0.7744104550761007,0.36794261985654964,0.9362098574638367,2
100,1.0,250,5000,0.7765659006972269,0.3750698376745942,0.9462084174156189,2
100,1.0,500,5000,0.6820764485688191,0.3843865609664024,0.776626467704773,2
100,1.0,1000,5000,0.8073997721040865,0.38293695734239336,0.9642863869667053,2
100,1.0,10,10000,0.8000855808744525,0.38148735371838427,0.9579196572303772,2
100,1.0,25,10000,0.7988686466060634,0.3479501698754247,0.9115856885910034,2
100,1.0,50,10000,0.7953756552882588,0.36459041147602866,0.9056017994880676,2
100,1.0,100,10000,0.7744104550761007,0.36794261985654964,0.9362099170684814,2
100,1.0,250,10000,0.7765659006972269,0.3750698376745942,0.9462082982063293,2
100,1.0,500,10000,0.6820764485688191,0.3843865609664024,0.7766266465187073,2
100,1.0,1000,10000,0.8073997721040865,0.38293695734239336,0.9642864465713501,2
100,1.0,10,15000,0.8000855808744525,0.38148735371838427,0.9579198360443115,2
100,1.0,25,15000,0.7988686466060634,0.3479501698754247,0.9115856885910034,2
100,1.0,50,15000,0.7953756552882588,0.36459041147602866,0.905601978302002,2
100,1.0,100,15000,0.7744104550761007,0.36794261985654964,0.9362098574638367,2
100,1.0,250,15000,0.7765659006972269,0.3750698376745942,0.9462082982063293,2
100,1.0,500,15000,0.6820764485688191,0.3843865609664024,0.7766265273094177,2
100,1.0,1000,15000,0.8073997721040865,0.38293695734239336,0.9642862677574158,2
100,1.0,10,20000,0.0,1.0,,0
100,1.0,25,20000,0.7988686466060634,0.3479501698754247,0.9115856289863586,2
100,1.0,50,20000,0.7953756552882588,0.36459041147602866,0.9056018590927124,2
100,1.0,100,20000,0.7744104550761007,0.36794261985654964,0.9362098574638367,2
100,1.0,250,20000,0.7765659006972269,0.3750698376745942,0.9462082386016846,2
100,1.0,500,20000,0.0,1.0,,0
100,1.0,1000,20000,0.8073997721040865,0.38293695734239336,0.9642865657806396,2
100,1.0,10,22000,0.0,1.0,,0
100,1.0,25,22000,0.0,1.0,,0
100,1.0,50,22000,0.0,1.0,,0
100,1.0,100,22000,0.0,1.0,,0
100,1.0,250,22000,0.0,1.0,,0
100,1.0,500,22000,0.0,1.0,,0
100,1.0,1000,22000,0.0,1.0,,0
