n_neighbors,min_dist,min_samples,min_cluster_size,ari,noise_fraction,silhouette,n_clusters
10,0.0,10,50,0.10346293195082623,0.38865987164967913,-0.29290661215782166,246
10,0.0,25,50,0.13307415189522726,0.4579388448471121,-0.1968720406293869,187
10,0.0,50,50,0.1386930390678792,0.5027255568138921,-0.16669806838035583,163
10,0.0,100,50,0.12634659610261653,0.5757342393355983,-0.07536224275827408,90
10,0.0,250,50,0.09331663257910476,0.6678746696866742,0.21269714832305908,36
10,0.0,500,50,0.08558295972804722,0.43309928274820686,0.02482903003692627,12
10,0.0,1000,50,0.06313584234075334,0.5300868252170631,0.4353644847869873,8
10,0.0,10,100,0.10170528677497088,0.46053605134012837,-0.2243906408548355,119
10,0.0,25,100,0.1277230686806515,0.4960664401661004,-0.1846102625131607,110
10,0.0,50,100,0.12382702456500425,0.520166100415251,-0.17361494898796082,93
10,0.0,100,100,0.12264702041704474,0.5744205360513401,-0.08450841158628464,80
10,0.0,250,100,0.0927242143362163,0.674231785579464,0.2342948615550995,30
10,0.0,500,100,0.08558295972804722,0.43309928274820686,0.02482903189957142,12
10,0.0,1000,100,0.06313584234075334,0.5300868252170631,0.4353644847869873,8
10,0.0,10,250,0.12286156101409096,0.3383314458286146,-0.07429385185241699,25
10,0.0,25,250,0.11860086682750873,0.4232842582106455,-0.027807628735899925,29
10,0.0,50,250,0.1492692827952608,0.5421215553038883,-0.14216110110282898,34
10,0.0,100,250,0.142621211575163,0.5873310683276708,-0.02399890497326851,31
10,0.0,250,250,0.07836329744940666,0.586409966024915,0.2809273898601532,22
10,0.0,500,250,0.08558295972804722,0.43309928274820686,0.02482903189957142,12
10,0.0,1000,250,0.06313584234075334,0.5300868252170631,0.4353645145893097,8
10,0.0,10,500,0.11397662597586407,0.39241978104945263,0.27068766951560974,12
10,0.0,25,500,0.13109545134403786,0.3453680634201586,0.12365870177745819,14
10,0.0,50,500,0.1290648759027925,0.388478671196678,-0.16375590860843658,14
10,0.0,100,500,0.11573505915493587,0.3894299735749339,0.04153741896152496,12
10,0.0,250,500,0.08812566624606394,0.45813514533786337,0.20217537879943848,11
10,0.0,500,500,0.08664167840376995,0.4319818799546999,0.026905370876193047,11
10,0.0,1000,500,0.06313584234075334,0.5300868252170631,0.4353645145893097,8
10,0.0,10,1000,0.1593728002875497,0.30798036995092487,0.20023010671138763,8
10,0.0,25,1000,0.1161414364160848,0.4063269158172895,0.35605549812316895,8
10,0.0,50,1000,0.10849428880995605,0.36569271423178557,0.20622959733009338,8
10,0.0,100,1000,0.1102885894746783,0.40489241223103056,0.23662252724170685,8
10,0.0,250,1000,0.0949197496500149,0.45808984522461305,0.3753933310508728,8
10,0.0,500,1000,0.08752598708055233,0.43894299735749337,0.32981982827186584,8
10,0.0,1000,1000,0.06313584234075334,0.5300868252170631,0.4353645145893097,8
10,0.0,10,2500,0.18222522626149637,0.2719818799546999,0.1787884384393692,2
10,0.0,25,2500,0.08193898095838321,0.2601887504718762,0.11340026557445526,2
10,0.0,50,2500,0.10970952147166788,0.3044016610041525,0.08386174589395523,4
10,0.0,100,2500,0.018876037059229602,0.12878822197055492,0.023691173642873764,2
10,0.0,250,2500,0.06563983010104085,0.5572819932049831,0.48541152477264404,3
10,0.0,500,2500,0.10067466603485761,0.478882597206493,0.43603232502937317,3
10,0.0,1000,2500,0.08679656028518523,0.4673763684409211,0.4042041599750519,2
10,0.0,10,5000,0.0,1.0,,0
10,0.0,25,5000,0.0,1.0,,0
10,0.0,50,5000,0.0,1.0,,0
10,0.0,100,5000,0.0,1.0,,0
10,0.0,250,5000,0.06554596310384771,0.6019630049075123,0.4933498203754425,2
10,0.0,500,5000,0.09822690131670957,0.5222801057002643,0.4625570476055145,2
10,0.0,1000,5000,0.08679656028518523,0.4673763684409211,0.4042041301727295,2
10,0.0,10,10000,0.0,1.0,,0
10,0.0,25,10000,0.0,1.0,,0
10,0.0,50,10000,0.0,1.0,,0
10,0.0,100,10000,0.0,1.0,,0
10,0.0,250,10000,0.0,1.0,,0
10,0.0,500,10000,0.0,1.0,,0
10,0.0,1000,10000,0.0,1.0,,0
10,0.0,10,15000,0.0,1.0,,0
10,0.0,25,15000,0.0,1.0,,0
10,0.0,50,15000,0.0,1.0,,0
10,0.0,100,15000,0.0,1.0,,0
10,0.0,250,15000,0.0,1.0,,0
10,0.0,500,15000,0.0,1.0,,0
10,0.0,1000,15000,0.0,1.0,,0
10,0.0,10,20000,0.0,1.0,,0
10,0.0,25,20000,0.0,1.0,,0
10,0.0,50,20000,0.0,1.0,,0
10,0.0,100,20000,0.0,1.0,,0
10,0.0,250,20000,0.0,1.0,,0
10,0.0,500,20000,0.0,1.0,,0
10,0.0,1000,20000,0.0,1.0,,0
10,0.0,10,22000,0.0,1.0,,0
10,0.0,25,22000,0.0,1.0,,0
10,0.0,50,22000,0.0,1.0,,0
10,0.0,100,22000,0.0,1.0,,0
10,0.0,250,22000,0.0,1.0,,0
10,0.0,500,22000,0.0,1.0,,0
10,0.0,1000,22000,0.0,1.0,,0
15,0.0,10,50,0.10512483100376795,0.37653454133635333,-0.27544930577278137,215
15,0.0,25,50,0.1391014760717334,0.4461910154775387,-0.1491507887840271,185
15,0.0,50,50,0.13565698809791107,0.4939524348810872,-0.0281754732131958,155
15,0.0,100,50,0.1229064693762053,0.5070743676859192,0.09636780619621277,79
15,0.0,250,50,0.11164035455384465,0.5746017365043412,0.3283267021179199,35
15,0.0,500,50,0.08889313887395614,0.620143450358626,0.6655722260475159,19
15,0.0,1000,50,0.06106489076267466,0.6843337108342771,0.8397092819213867,13
15,0.0,10,100,0.11934421924322344,0.41541713854284634,-0.10408473014831543,105
15,0.0,25,100,0.1265585285058627,0.4239335598338996,0.021096693351864815,90
15,0.0,50,100,0.13687426240118486,0.4759078897697244,0.07435348629951477,84
15,0.0,100,100,0.13149373056221728,0.5039637599093998,0.07511449605226517,70
15,0.0,250,100,0.11445234266032006,0.5721706304265761,0.35293087363243103,30
15,0.0,500,100,0.0866915554870339,0.6114458286145715,0.6620701551437378,18
15,0.0,1000,100,0.06028407589930061,0.6854964137410343,0.8428071141242981,12
15,0.0,10,250,0.09642756574472304,0.48927142317855793,0.15990309417247772,39
15,0.0,25,250,0.12003238926605184,0.4652623631559079,0.17150811851024628,35
15,0.0,50,250,0.12669592616954078,0.4968818422046055,0.25591421127319336,33
15,0.0,100,250,0.13120291014155813,0.533771234428086,0.3398776054382324,30
15,0.0,250,250,0.11503173545477013,0.5757493393733484,0.35434094071388245,27
15,0.0,500,250,0.08669864075603324,0.6139524348810872,0.695147693157196,17
15,0.0,1000,250,0.06028407589930061,0.6854964137410343,0.8428071737289429,12
15,0.0,10,500,0.164672304064204,0.2255039637599094,-0.008234292268753052,12
15,0.0,25,500,0.11046833361107881,0.532321630804077,0.37511569261550903,17
15,0.0,50,500,0.11107658928350321,0.5394790486976218,0.4455018639564514,18
15,0.0,100,500,0.1341331622365928,0.34260475651189126,0.22073091566562653,14
15,0.0,250,500,0.11964721481549698,0.5988221970554927,0.6062444448471069,19
15,0.0,500,500,0.08868711327379775,0.6138014345035863,0.7125449776649475,15
15,0.0,1000,500,0.060204903583963854,0.6900566251415629,0.8930882215499878,11
15,0.0,10,1000,0.16120939427118014,0.24540581351453378,-0.0033609052188694477,8
15,0.0,25,1000,0.11038518989305508,0.3875726689316723,0.23314224183559418,8
15,0.0,50,1000,0.11371277662618859,0.39155907889769725,0.32098719477653503,8
15,0.0,100,1000,0.11419446783203631,0.39143827859569646,0.3233369290828705,8
15,0.0,250,1000,0.09030327324125483,0.6366779916949792,0.5517779588699341,12
15,0.0,500,1000,0.0785427144435783,0.6406191015477539,0.7721103429794312,11
15,0.0,1000,1000,0.05556717950603576,0.6762853907134768,0.7563568353652954,10
15,0.0,10,2500,0.08686278411690919,0.18006795016987542,0.21504589915275574,2
15,0.0,25,2500,0.05475489474241911,0.2707889769724424,0.3201422393321991,2
15,0.0,50,2500,0.011978498113970459,0.11859569648924122,0.046760398894548416,2
15,0.0,100,2500,0.008778142683537857,0.12019630049075122,0.04075177386403084,2
15,0.0,250,2500,0.07677315656550857,0.6068252170630427,0.7287434935569763,2
15,0.0,500,2500,0.04098160010376766,0.5778331445828615,0.5663702487945557,3
15,0.0,1000,2500,0.051471534260924316,0.6773423933559833,0.6950706243515015,4
15,0.0,10,5000,0.0,1.0,,0
15,0.0,25,5000,0.0,1.0,,0
15,0.0,50,5000,0.0822832153275677,0.47666289165722914,0.5252712368965149,2
15,0.0,100,5000,0.07392462024186106,0.46029445073612685,0.5902974009513855,2
15,0.0,250,5000,0.07677315656550857,0.6068252170630427,0.7287434339523315,2
15,0.0,500,5000,0.0,1.0,,0
15,0.0,1000,5000,0.03865324071079163,0.7969950924877313,0.7563074231147766,2
15,0.0,10,10000,0.0,1.0,,0
15,0.0,25,10000,0.0,1.0,,0
15,0.0,50,10000,0.0,1.0,,0
15,0.0,100,10000,0.0,1.0,,0
15,0.0,250,10000,0.0,1.0,,0
15,0.0,500,10000,0.0,1.0,,0
15,0.0,1000,10000,0.0,1.0,,0
15,0.0,10,15000,0.0,1.0,,0
15,0.0,25,15000,0.0,1.0,,0
15,0.0,50,15000,0.0,1.0,,0
15,0.0,100,15000,0.0,1.0,,0
15,0.0,250,15000,0.0,1.0,,0
15,0.0,500,15000,0.0,1.0,,0
15,0.0,1000,15000,0.0,1.0,,0
15,0.0,10,20000,0.0,1.0,,0
15,0.0,25,20000,0.0,1.0,,0
15,0.0,50,20000,0.0,1.0,,0
15,0.0,100,20000,0.0,1.0,,0
15,0.0,250,20000,0.0,1.0,,0
15,0.0,500,20000,0.0,1.0,,0
15,0.0,1000,20000,0.0,1.0,,0
15,0.0,10,22000,0.0,1.0,,0
15,0.0,25,22000,0.0,1.0,,0
15,0.0,50,22000,0.0,1.0,,0
15,0.0,100,22000,0.0,1.0,,0
15,0.0,250,22000,0.0,1.0,,0
15,0.0,500,22000,0.0,1.0,,0
15,0.0,1000,22000,0.0,1.0,,0
30,0.0,10,50,0.41744672657283943,0.10047565118912798,-0.4109910726547241,154
30,0.0,25,50,0.23245446777045445,0.2466893167232918,-0.26881110668182373,158
30,0.0,50,50,0.4036768189581457,0.14124575311438278,-0.4140770137310028,132
30,0.0,100,50,0.40985237037983807,0.15764439411098527,-0.25160035490989685,71
30,0.0,250,50,0.4066898087239015,0.21494903737259344,0.152886301279068,31
30,0.0,500,50,0.3880209922092057,0.2600830502076255,0.16451464593410492,19
30,0.0,1000,50,0.3582035115714532,0.32012080030200074,0.23032934963703156,14
30,0.0,10,100,0.4456586646699486,0.09795394488486221,-0.3685246407985687,82
30,0.0,25,100,0.3387183725140201,0.1713099282748207,-0.20333319902420044,79
30,0.0,50,100,0.4404461324178074,0.11556058890147225,-0.24902941286563873,72
30,0.0,100,100,0.42886012711710814,0.14400906002265004,-0.2651132047176361,67
30,0.0,250,100,0.4063511645098952,0.21839184597961495,0.16337913274765015,28
30,0.0,500,100,0.3876549656672696,0.2619554548886372,0.20782917737960815,17
30,0.0,1000,100,0.3582035115714532,0.32012080030200074,0.23032939434051514,14
30,0.0,10,250,0.3522205440739736,0.1871649679124198,0.0772433653473854,33
30,0.0,25,250,0.44829917285005066,0.1282899207248018,-0.014836267568171024,34
30,0.0,50,250,0.44168627308491026,0.1371838429596074,-0.002344975946471095,33
30,0.0,100,250,0.43022175145416885,0.16711211778029444,0.11121893674135208,30
30,0.0,250,250,0.40615514257027835,0.2193280483201208,0.15138840675354004,26
30,0.0,500,250,0.3876549656672696,0.2619554548886372,0.20782914757728577,17
30,0.0,1000,250,0.3576726999419408,0.32567761419403546,0.7430707216262817,12
30,0.0,10,500,0.34034290629538355,0.2536957342393356,0.5095071196556091,19
30,0.0,25,500,0.4451983110078541,0.17031332578331446,0.23198235034942627,19
30,0.0,50,500,0.44145595160705003,0.1661608154020385,0.3963136076927185,19
30,0.0,100,500,0.42996794501318947,0.1970856927142318,0.3925097584724426,17
30,0.0,250,500,0.4048626767784093,0.23640619101547755,0.3666471242904663,16
30,0.0,500,500,0.3876549656672696,0.2619554548886372,0.20782913267612457,17
30,0.0,1000,500,0.3576726999419408,0.32567761419403546,0.7430707216262817,12
30,0.0,10,1000,0.33144392198517386,0.2842733106832767,0.539331316947937,14
30,0.0,25,1000,0.4456781539162591,0.1919365798414496,0.5207233428955078,13
30,0.0,50,1000,0.43604104649698355,0.21442053605134012,0.5397647023200989,14
30,0.0,100,1000,0.42198638432951624,0.23682899207248018,0.5389676094055176,13
30,0.0,250,1000,0.39953679747731824,0.27984899962249904,0.6889622807502747,11
30,0.0,500,1000,0.38845012411890645,0.2901774254435636,0.35814470052719116,12
30,0.0,1000,1000,0.48975243385761075,0.26313325783314456,0.8104585409164429,10
30,0.0,10,2500,0.5447315500479533,0.375039637599094,0.8235967755317688,4
30,0.0,25,2500,0.5656087241366008,0.3151075877689694,0.63800048828125,4
30,0.0,50,2500,0.6145212139445416,0.368637221593054,0.7661455869674683,3
30,0.0,100,2500,0.5634146786253779,0.35322008305020763,0.7654995322227478,4
30,0.0,250,2500,0.5262475058743287,0.37191392978482446,0.7376457452774048,3
30,0.0,500,2500,0.5012845531124176,0.32406191015477537,0.7485741376876831,4
30,0.0,1000,2500,0.48163038069827,0.3017893544733862,0.7818700671195984,5
30,0.0,10,5000,0.6202330885030689,0.4609437523593809,0.916831910610199,2
30,0.0,25,5000,0.6030260291126442,0.3591694979237448,0.7581101059913635,3
30,0.0,50,5000,0.6145212139445416,0.368637221593054,0.7661454677581787,3
30,0.0,100,5000,0.6408080669428101,0.4490751226878067,0.9073970913887024,2
30,0.0,250,5000,0.566966094046717,0.41860324650811626,0.8187333345413208,2
30,0.0,500,5000,0.5784245835192615,0.42702906757266895,0.8469061255455017,2
30,0.0,1000,5000,0.5135359712023543,0.34618346545866363,0.818520724773407,3
30,0.0,10,10000,0.6202330885030689,0.4609437523593809,0.9168319702148438,2
30,0.0,25,10000,0.6350399674150845,0.45306153265383164,0.9101077318191528,2
30,0.0,50,10000,0.6390507461150623,0.45085692714231784,0.9092921018600464,2
30,0.0,100,10000,0.6408080669428101,0.4490751226878067,0.9073970913887024,2
30,0.0,250,10000,0.566966094046717,0.41860324650811626,0.818733274936676,2
30,0.0,500,10000,0.5784245835192615,0.42702906757266895,0.8469061255455017,2
30,0.0,1000,10000,0.5735937040166003,0.4391543978859947,0.8662101626396179,2
30,0.0,10,15000,0.6202330885030689,0.4609437523593809,0.916831910610199,2
30,0.0,25,15000,0.6350399674150845,0.45306153265383164,0.9101077318191528,2
30,0.0,50,15000,0.6390507461150623,0.45085692714231784,0.9092921018600464,2
30,0.0,100,15000,0.6408080669428101,0.4490751226878067,0.9073972105979919,2
30,0.0,250,15000,0.566966094046717,0.41860324650811626,0.8187332153320312,2
30,0.0,500,15000,0.5784245835192615,0.42702906757266895,0.8469062447547913,2
30,0.0,1000,15000,0.5735937040166003,0.4391543978859947,0.8662100434303284,2
30,0.0,10,20000,0.0,1.0,,0
30,0.0,25,20000,0.0,1.0,,0
30,0.0,50,20000,0.0,1.0,,0
30,0.0,100,20000,0.0,1.0,,0
30,0.0,250,20000,0.0,1.0,,0
30,0.0,500,20000,0.0,1.0,,0
30,0.0,1000,20000,0.0,1.0,,0
30,0.0,10,22000,0.0,1.0,,0
30,0.0,25,22000,0.0,1.0,,0
30,0.0,50,22000,0.0,1.0,,0
30,0.0,100,22000,0.0,1.0,,0
30,0.0,250,22000,0.0,1.0,,0
30,0.0,500,22000,0.0,1.0,,0
30,0.0,1000,22000,0.0,1.0,,0
50,0.0,10,50,0.4434018721386122,0.07214798036995093,-0.3774999976158142,169
50,0.0,25,50,0.44178412064123707,0.08986032465081163,-0.3725631833076477,159
50,0.0,50,50,0.43739930032503627,0.09596073990184975,-0.34515896439552307,134
50,0.0,100,50,0.42484555504134475,0.12517931294828238,-0.23139017820358276,69
50,0.0,250,50,0.4044130626690219,0.19586258965647413,-0.07422110438346863,34
50,0.0,500,50,0.3900332155887108,0.23924499811249528,-0.09081117063760757,17
50,0.0,1000,50,0.37474793138416085,0.2980596451491129,0.07591991126537323,14
50,0.0,10,100,0.4464468345105234,0.09105322763306908,-0.3213500380516052,86
50,0.0,25,100,0.45084648883917644,0.05967534918837297,-0.2649763822555542,77
50,0.0,50,100,0.4390183369420999,0.09742544356360891,-0.264705628156662,77
50,0.0,100,100,0.42576953777280235,0.11796149490373727,-0.18872269988059998,65
50,0.0,250,100,0.40496868566686983,0.19560588901472253,-0.07463312894105911,31
50,0.0,500,100,0.3900332155887108,0.23924499811249528,-0.09081117063760757,17
50,0.0,1000,100,0.37470957054472054,0.29955454888637223,0.09341295808553696,13
50,0.0,10,250,0.45370665086897677,0.09088712721781804,-0.10504943132400513,35
50,0.0,25,250,0.4506702832906719,0.10248395620989052,-0.038882795721292496,33
50,0.0,50,250,0.44189435011718714,0.12338240845602114,-0.04098288342356682,33
50,0.0,100,250,0.42370961542227786,0.14964137410343525,-0.045572634786367416,34
50,0.0,250,250,0.4068315654267216,0.19177047942619857,-0.05994106084108353,29
50,0.0,500,250,0.38920325719878,0.2429747074367686,-0.09533609449863434,16
50,0.0,1000,250,0.37467080888375465,0.30189505473763684,0.09428142756223679,12
50,0.0,10,500,0.4551998249083028,0.11290298225745564,-0.05442177131772041,21
50,0.0,25,500,0.4497552845861223,0.12976972442431106,-0.004839515779167414,21
50,0.0,50,500,0.4371523159876945,0.16413741034352586,0.009053140878677368,19
50,0.0,100,500,0.4287192312245439,0.1672178180445451,-0.04743119329214096,17
50,0.0,250,500,0.4116630519112289,0.20620611551528878,-0.11340659856796265,15
50,0.0,500,500,0.3948444082088799,0.23362778406946016,-0.11326373368501663,15
50,0.0,1000,500,0.37467080888375465,0.30189505473763684,0.09428142756223679,12
50,0.0,10,1000,0.45698147795897864,0.1401283503208758,0.015436813235282898,14
50,0.0,25,1000,0.45591349877449117,0.18719516798791996,0.2167346477508545,13
50,0.0,50,1000,0.4490740603710563,0.1661457153642884,0.18809930980205536,13
50,0.0,100,1000,0.4314952488122818,0.18615326538316346,0.16751858592033386,13
50,0.0,250,1000,0.41744284167934664,0.21244243110607777,0.12468722462654114,12
50,0.0,500,1000,0.40370509706183655,0.23029067572668932,0.11588788777589798,12
50,0.0,1000,1000,0.37467080888375465,0.30189505473763684,0.09428143501281738,12
50,0.0,10,2500,0.5304970736767941,0.22269535673839186,0.3672350347042084,6
50,0.0,25,2500,0.47872728160851413,0.1562400906002265,0.4274519085884094,5
50,0.0,50,2500,0.5439730106700209,0.2177727444318611,0.5744516253471375,5
50,0.0,100,2500,0.5435652721159584,0.2298225745564364,0.5891060829162598,5
50,0.0,250,2500,0.5289270305506509,0.25523593808984524,0.5621932148933411,5
50,0.0,500,2500,0.5775138626956633,0.2680105700264251,0.20959322154521942,5
50,0.0,1000,2500,0.5984882467252561,0.3369724424311061,0.19119447469711304,4
50,0.0,10,5000,0.5844490919229274,0.359833899584749,0.7459332346916199,2
50,0.0,25,5000,0.5192155265995284,0.2735673839184598,0.5633813738822937,3
50,0.0,50,5000,0.49079813288605123,0.252472631181578,0.5227876901626587,3
50,0.0,100,5000,0.4591005410965927,0.23045677614194035,0.46693360805511475,3
50,0.0,250,5000,0.5485420643665363,0.36551151377878444,0.7405989766120911,2
50,0.0,500,5000,0.6977964705421329,0.4338542846357116,0.8630322217941284,2
50,0.0,1000,5000,0.6883528790870229,0.4378557946394866,0.8640260100364685,2
50,0.0,10,10000,0.5844490919229274,0.359833899584749,0.7459332942962646,2
50,0.0,25,10000,0.5843793390465153,0.35707059267648167,0.7445723414421082,2
50,0.0,50,10000,0.5512946980762862,0.33597583993959984,0.7025914788246155,2
50,0.0,100,10000,0.5125534226057231,0.31395998489996224,0.6361844539642334,2
50,0.0,250,10000,0.5485420643665363,0.36551151377878444,0.7405989766120911,2
50,0.0,500,10000,0.6977964705421329,0.4338542846357116,0.8630322813987732,2
50,0.0,1000,10000,0.6883528790870229,0.4378557946394866,0.8640260696411133,2
50,0.0,10,15000,0.5844490919229274,0.359833899584749,0.7459332346916199,2
50,0.0,25,15000,0.5843793390465153,0.35707059267648167,0.7445724010467529,2
50,0.0,50,15000,0.5512946980762862,0.33597583993959984,0.7025914788246155,2
50,0.0,100,15000,0.5125534226057231,0.31395998489996224,0.6361843943595886,2
50,0.0,250,15000,0.5485420643665363,0.36551151377878444,0.7405989766120911,2
50,0.0,500,15000,0.6977964705421329,0.4338542846357116,0.8630322813987732,2
50,0.0,1000,15000,0.6883528790870229,0.4378557946394866,0.8640260100364685,2
50,0.0,10,20000,0.0,1.0,,0
50,0.0,25,20000,0.0,1.0,,0
50,0.0,50,20000,0.0,1.0,,0
50,0.0,100,20000,0.0,1.0,,0
50,0.0,250,20000,0.0,1.0,,0
50,0.0,500,20000,0.0,1.0,,0
50,0.0,1000,20000,0.0,1.0,,0
50,0.0,10,22000,0.0,1.0,,0
50,0.0,25,22000,0.0,1.0,,0
50,0.0,50,22000,0.0,1.0,,0
50,0.0,100,22000,0.0,1.0,,0
50,0.0,250,22000,0.0,1.0,,0
50,0.0,500,22000,0.0,1.0,,0
50,0.0,1000,22000,0.0,1.0,,0
75,0.0,10,50,0.4819259333347041,0.04909022272555681,0.5075922608375549,171
75,0.0,25,50,0.47996499768629847,0.08347300868252171,0.46110621094703674,168
75,0.0,50,50,0.4930869949584081,0.09130992827482069,0.44818228483200073,136
75,0.0,100,50,0.4889374642870567,0.09570403926009816,0.6980184316635132,78
75,0.0,250,50,0.4986477537611578,0.10776896942242356,0.7557289004325867,35
75,0.0,500,50,0.5011810319001573,0.1503057757644394,0.8044131994247437,22
75,0.0,1000,50,0.5110345037732987,0.20039260098150247,0.8406341075897217,13
75,0.0,10,100,0.4928138352797563,0.04163080407701019,0.7080702781677246,84
75,0.0,25,100,0.48730542656894443,0.07479048697621744,0.6327043771743774,85
75,0.0,50,100,0.4943477806238794,0.04770101925254813,0.6401827931404114,77
75,0.0,100,100,0.4916996628941144,0.07013967534918837,0.702366292476654,69
75,0.0,250,100,0.49833943716784634,0.10905247263118158,0.758739709854126,33
75,0.0,500,100,0.5011805262704813,0.14346545866364666,0.800885796546936,20
75,0.0,1000,100,0.5116327601461127,0.20173650434126086,0.8406450152397156,12
75,0.0,10,250,0.5003690877240304,0.03941109852774632,0.6463791728019714,38
75,0.0,25,250,0.5004561499964985,0.053514533786334466,0.692598283290863,37
75,0.0,50,250,0.5008494376896152,0.055417138542846356,0.6579235792160034,38
75,0.0,100,250,0.5012900671617299,0.0781275953189883,0.7040873765945435,35
75,0.0,250,250,0.49829646266509253,0.10130615326538317,0.7775713205337524,30
75,0.0,500,250,0.5008810076469942,0.14405436013590034,0.7756070494651794,17
75,0.0,1000,250,0.5116327601461127,0.20173650434126086,0.8406450748443604,12
75,0.0,10,500,0.5058850506930677,0.04951302378255946,0.6435515880584717,23
75,0.0,25,500,0.5072688957343057,0.06841827104567762,0.6792601943016052,21
75,0.0,50,500,0.5083802660658027,0.061351453378633444,0.664745032787323,21
75,0.0,100,500,0.5068227548596826,0.08114760286900717,0.7028759121894836,20
75,0.0,250,500,0.5036482630533063,0.11957719894299736,0.7750529050827026,18
75,0.0,500,500,0.5002047959335859,0.15267648169120424,0.7892516851425171,15
75,0.0,1000,500,0.5116327601461127,0.20173650434126086,0.8406450748443604,12
75,0.0,10,1000,0.5098224385388335,0.08475651189127972,0.5868226289749146,13
75,0.0,25,1000,0.5136025921253525,0.10971687429218573,0.6534206867218018,12
75,0.0,50,1000,0.5154623943697286,0.10500566251415629,0.6629893779754639,13
75,0.0,100,1000,0.5148603463910182,0.11214798036995093,0.6514061093330383,12
75,0.0,250,1000,0.5132520491095707,0.15942619856549642,0.7522488832473755,12
75,0.0,500,1000,0.5060417274049825,0.17087202718006794,0.7385531067848206,12
75,0.0,1000,1000,0.5116327601461127,0.20173650434126086,0.8406450748443604,12
75,0.0,10,2500,0.5309346648580503,0.13774254435636088,0.6220033764839172,9
75,0.0,25,2500,0.4942308419397995,0.10258965647414119,0.47372967004776,6
75,0.0,50,2500,0.5475825375074659,0.17949414873537184,0.6896246671676636,8
75,0.0,100,2500,0.5064018679071903,0.12507361268403172,0.4621921181678772,5
75,0.0,250,2500,0.5111426379317233,0.148161570403926,0.4828034043312073,5
75,0.0,500,2500,0.5517053977554255,0.25032842582106457,0.6971179842948914,6
75,0.0,1000,2500,0.5490813669407106,0.26351075877689695,0.67901611328125,5
75,0.0,10,5000,0.5334546216434893,0.2668176670441676,0.7074820399284363,4
75,0.0,25,5000,0.5550518043887561,0.23932049830124574,0.5945831537246704,3
75,0.0,50,5000,0.5550349519379643,0.23936579841449604,0.5946931838989258,3
75,0.0,100,5000,0.5442112900008224,0.21781804454511136,0.5991215705871582,3
75,0.0,250,5000,0.5577332848476211,0.24090600226500566,0.5962094068527222,3
75,0.0,500,5000,0.5712612987825315,0.2873386183465459,0.6435617804527283,3
75,0.0,1000,5000,0.6387624692215256,0.3559229898074745,0.6856863498687744,3
75,0.0,10,10000,0.3589232513921559,0.12853152132880333,0.38533395528793335,2
75,0.0,25,10000,0.5550518043887561,0.23932049830124574,0.5945830941200256,3
75,0.0,50,10000,0.5550349519379643,0.23936579841449604,0.5946931838989258,3
75,0.0,100,10000,0.5442112900008224,0.21781804454511136,0.5991214513778687,3
75,0.0,250,10000,0.5577332848476211,0.24090600226500566,0.5962093472480774,3
75,0.0,500,10000,0.5712612987825315,0.2873386183465459,0.6435617804527283,3
75,0.0,1000,10000,0.3414196721319418,0.05840694601736504,0.3296556770801544,2
75,0.0,10,15000,0.3589232513921559,0.12853152132880333,0.38533392548561096,2
75,0.0,25,15000,0.5550518043887561,0.23932049830124574,0.5945832133293152,3
75,0.0,50,15000,0.5550349519379643,0.23936579841449604,0.5946931838989258,3
75,0.0,100,15000,0.5442112900008224,0.21781804454511136,0.5991214513778687,3
75,0.0,250,15000,0.5577332848476211,0.24090600226500566,0.5962093472480774,3
75,0.0,500,15000,0.3363901947090007,0.030456776141940353,0.3057466149330139,2
75,0.0,1000,15000,0.3414196721319418,0.05840694601736504,0.3296557664871216,2
75,0.0,10,20000,0.0,1.0,,0
75,0.0,25,20000,0.0,1.0,,0
75,0.0,50,20000,0.0,1.0,,0
75,0.0,100,20000,0.0,1.0,,0
75,0.0,250,20000,0.0,1.0,,0
75,0.0,500,20000,0.0,1.0,,0
75,0.0,1000,20000,0.0,1.0,,0
75,0.0,10,22000,0.0,1.0,,0
75,0.0,25,22000,0.0,1.0,,0
75,0.0,50,22000,0.0,1.0,,0
75,0.0,100,22000,0.0,1.0,,0
75,0.0,250,22000,0.0,1.0,,0
75,0.0,500,22000,0.0,1.0,,0
75,0.0,1000,22000,0.0,1.0,,0
100,0.0,10,50,0.28604465750479374,0.11617969044922612,0.2413887232542038,200
100,0.0,25,50,0.47873059053716094,0.08610041525103813,0.29003289341926575,169
100,0.0,50,50,0.4856371543780839,0.08659871649679124,0.35105887055397034,135
100,0.0,100,50,0.4942706600390732,0.10823707059267648,0.6952720284461975,78
100,0.0,250,50,0.4997766129069464,0.09873914684786712,0.7145707011222839,31
100,0.0,500,50,0.5027991382412402,0.13774254435636088,0.7653969526290894,18
100,0.0,1000,50,0.5148611010457402,0.16418271045677615,0.7876525521278381,14
100,0.0,10,100,0.2958720174726971,0.1044318610796527,0.3131382465362549,108
100,0.0,25,100,0.48580474702354426,0.08581351453378633,0.7083404064178467,91
100,0.0,50,100,0.4938523354631305,0.06489996224990563,0.6749062538146973,78
100,0.0,100,100,0.49309027023664037,0.07713099282748206,0.7015497088432312,67
100,0.0,250,100,0.5003767091611931,0.09815024537561344,0.710698664188385,30
100,0.0,500,100,0.5027991382412402,0.13774254435636088,0.7653967142105103,18
100,0.0,1000,100,0.5148611010457402,0.16418271045677615,0.7876526117324829,14
100,0.0,10,250,0.31528015513080837,0.11672329180822952,0.3052750825881958,44
100,0.0,25,250,0.5071354369660971,0.03858059645149113,0.5846038460731506,34
100,0.0,50,250,0.5019632348857614,0.05964514911287278,0.6268470287322998,32
100,0.0,100,250,0.5033176602456803,0.060868252170630424,0.6279140710830688,31
100,0.0,250,250,0.5003767091611931,0.09815024537561344,0.7106987237930298,30
100,0.0,500,250,0.503342345766954,0.14077765194412986,0.7700514793395996,17
100,0.0,1000,250,0.5148611010457402,0.16418271045677615,0.7876526117324829,14
100,0.0,10,500,0.5070535065807786,0.06671196677991695,0.679044783115387,21
100,0.0,25,500,0.5134697836977204,0.048471121177802945,0.599819004535675,21
100,0.0,50,500,0.5101501552754978,0.07015477538693847,0.651986300945282,19
100,0.0,100,500,0.5036021009552544,0.10396375990939977,0.709282398223877,21
100,0.0,250,500,0.5055925796973969,0.12185730464326161,0.7406321167945862,16
100,0.0,500,500,0.5037610303301141,0.1377274443186108,0.7616838812828064,16
100,0.0,1000,500,0.5162982830022956,0.16984522461306154,0.7907970547676086,13
100,0.0,10,1000,0.5124134871421611,0.07491128727821819,0.6228053569793701,13
100,0.0,25,1000,0.5266477357072799,0.05168742921857305,0.5732302665710449,13
100,0.0,50,1000,0.5138446923711073,0.059237448093620235,0.6057104468345642,15
100,0.0,100,1000,0.5120193944009991,0.09162702906757267,0.6522793173789978,14
100,0.0,250,1000,0.5104613378250684,0.11953189882974707,0.6806268692016602,13
100,0.0,500,1000,0.5117532774346318,0.16424311060777652,0.813310980796814,12
100,0.0,1000,1000,0.5182135138393322,0.16946772366930918,0.7702910304069519,12
100,0.0,10,2500,0.5161168742366924,0.010932427331068327,0.4030909836292267,6
100,0.0,25,2500,0.5470455504668091,0.1224462061155153,0.5975514054298401,8
100,0.0,50,2500,0.5348055957090905,0.14435636089090223,0.6611709594726562,8
100,0.0,100,2500,0.5383274772554023,0.17632314080785202,0.7059504389762878,8
100,0.0,250,2500,0.5298997843390932,0.16462061155152888,0.6613355875015259,8
100,0.0,500,2500,0.5552014568165138,0.2520951302378256,0.7442978620529175,6
100,0.0,1000,2500,0.6136947903513258,0.2432616081540204,0.8270884156227112,6
100,0.0,10,5000,0.5303638526058635,0.12768591921479805,0.5724536180496216,4
100,0.0,25,5000,0.657893725338524,0.19261608154020385,0.6785674691200256,3
100,0.0,50,5000,0.5458605350003433,0.21079652699131748,0.5098622441291809,3
100,0.0,100,5000,0.5476075966260725,0.2109928274820687,0.5057231187820435,3
100,0.0,250,5000,0.6040859854445482,0.29570403926009814,0.6010872721672058,3
100,0.0,500,5000,0.6090560122206103,0.3246206115515289,0.6465372443199158,3
100,0.0,1000,5000,0.32261522472631937,0.0674065685164213,0.30126461386680603,2
100,0.0,10,10000,0.44756643994498474,0.06805587013967535,0.5090080499649048,3
100,0.0,25,10000,0.657893725338524,0.19261608154020385,0.67856764793396,3
100,0.0,50,10000,0.5458605350003433,0.21079652699131748,0.5098623037338257,3
100,0.0,100,10000,0.5476075966260725,0.2109928274820687,0.5057231187820435,3
100,0.0,250,10000,0.6040859854445482,0.29570403926009814,0.601087212562561,3
100,0.0,500,10000,0.6090560122206103,0.3246206115515289,0.646537184715271,3
100,0.0,1000,10000,0.32261522472631937,0.0674065685164213,0.30126458406448364,2
100,0.0,10,15000,0.3597741749859708,0.0,0.6625285148620605,2
100,0.0,25,15000,0.657893725338524,0.19261608154020385,0.6785675287246704,3
100,0.0,50,15000,0.5458605350003433,0.21079652699131748,0.5098622441291809,3
100,0.0,100,15000,0.5476075966260725,0.2109928274820687,0.5057231187820435,3
100,0.0,250,15000,0.33207806267433637,0.004258210645526614,0.2990986406803131,2
100,0.0,500,15000,0.3308994353426921,0.008033220083050208,0.3013172745704651,2
100,0.0,1000,15000,0.32261522472631937,0.0674065685164213,0.30126461386680603,2
100,0.0,10,20000,0.3597741749859708,0.0,0.6625286936759949,2
100,0.0,25,20000,0.5624331937705226,0.18391845979614949,0.8437191247940063,2
100,0.0,50,20000,0.0,1.0,,0
100,0.0,100,20000,0.0,1.0,,0
100,0.0,250,20000,0.0,1.0,,0
100,0.0,500,20000,0.0,1.0,,0
100,0.0,1000,20000,0.0,1.0,,0
100,0.0,10,22000,0.3597741749859708,0.0,0.6625284552574158,2
100,0.0,25,22000,0.0,1.0,,0
100,0.0,50,22000,0.0,1.0,,0
100,0.0,100,22000,0.0,1.0,,0
100,0.0,250,22000,0.0,1.0,,0
100,0.0,500,22000,0.0,1.0,,0
100,0.0,1000,22000,0.0,1.0,,0
10,0.1,10,50,0.07875575687411933,0.46153265383163455,-0.2361082136631012,258
10,0.1,25,50,0.11337338126082289,0.5308871272178181,-0.13336123526096344,192
10,0.1,50,50,0.1175858016283996,0.5677916194790487,-0.13332407176494598,155
10,0.1,100,50,0.13065135876721853,0.610071725179313,-0.09455543756484985,87
10,0.1,250,50,0.10202275305053234,0.6649150622876557,0.2770470380783081,28
10,0.1,500,50,0.07408304817400026,0.6584673461683654,0.2679467797279358,15
10,0.1,1000,50,0.07168250767799668,0.653439033597584,0.42997798323631287,8
10,0.1,10,100,0.13272850190736613,0.5149414873537184,-0.14476916193962097,115
10,0.1,25,100,0.13337921790011698,0.5814118535296339,-0.11965357512235641,101
10,0.1,50,100,0.1554822849613569,0.5886447716119291,-0.1325669139623642,79
10,0.1,100,100,0.1496314031043564,0.6133635334088335,-0.044952794909477234,70
10,0.1,250,100,0.10264387264950188,0.6653529633824085,0.2545395791530609,25
10,0.1,500,100,0.07408304817400026,0.6584673461683654,0.2679468095302582,15
10,0.1,1000,100,0.07168250767799668,0.653439033597584,0.4299778938293457,8
10,0.1,10,250,0.1334976425921989,0.514080785201963,-0.1524716317653656,27
10,0.1,25,250,0.1442781184487849,0.5389505473763685,-0.10784595459699631,26
10,0.1,50,250,0.16005389001165657,0.5971611929029823,0.02345549687743187,29
10,0.1,100,250,0.14266671546417029,0.5329709324273311,0.01737581379711628,25
10,0.1,250,250,0.1027810569407025,0.670547376368441,0.2694326341152191,23
10,0.1,500,250,0.07469841618783814,0.6635862589656474,0.39497068524360657,13
10,0.1,1000,250,0.07168250767799668,0.653439033597584,0.4299778938293457,8
10,0.1,10,500,0.13973057618226786,0.41680634201585504,-0.04240299016237259,13
10,0.1,25,500,0.13644860686759963,0.4098905247263118,0.06031057611107826,11
10,0.1,50,500,0.14019823720513458,0.4933937334843337,-0.07161843031644821,13
10,0.1,100,500,0.14109533488898562,0.5704190260475651,0.24777823686599731,12
10,0.1,250,500,0.1169142709550658,0.6128501321253303,0.34360599517822266,14
10,0.1,500,500,0.07624824055065321,0.6679048697621744,0.5059341788291931,12
10,0.1,1000,500,0.07168250767799668,0.653439033597584,0.4299778640270233,8
10,0.1,10,1000,0.12398900583997206,0.38325405813514535,0.07990189641714096,8
10,0.1,25,1000,0.12543402089429048,0.42887127217818044,0.10098371654748917,8
10,0.1,50,1000,0.11877149665871793,0.5182030955077388,-0.013920309953391552,9
10,0.1,100,1000,0.12505867548176888,0.5880105700264251,0.3137538433074951,9
10,0.1,250,1000,0.12455826089231321,0.5727142317855795,0.15156126022338867,9
10,0.1,500,1000,0.09926060435967307,0.5958172895432239,0.1941080093383789,8
10,0.1,1000,1000,0.07168250767799668,0.653439033597584,0.42997798323631287,8
10,0.1,10,2500,0.11864898108425527,0.36410721026802567,0.2716807723045349,2
10,0.1,25,2500,0.1072057293783811,0.42074745186862966,0.2965421676635742,3
10,0.1,50,2500,0.08123494140903843,0.526070215175538,0.3627490997314453,3
10,0.1,100,2500,0.03137746004624217,0.21378633446583617,-0.04250318184494972,2
10,0.1,250,2500,0.06726930412984185,0.7047791619479049,0.6458917260169983,2
10,0.1,500,2500,0.06703882799395244,0.6694148735371839,0.593829333782196,3
10,0.1,1000,2500,0.11567068586636171,0.6601585503963759,0.7107120156288147,2
10,0.1,10,5000,0.0,1.0,,0
10,0.1,25,5000,0.0,1.0,,0
10,0.1,50,5000,0.0,1.0,,0
10,0.1,100,5000,0.0,1.0,,0
10,0.1,250,5000,0.06726930412984185,0.7047791619479049,0.6458917260169983,2
10,0.1,500,5000,0.05671834291256217,0.7094752736881842,0.5630068778991699,2
10,0.1,1000,5000,0.11567068586636171,0.6601585503963759,0.7107120156288147,2
10,0.1,10,10000,0.0,1.0,,0
10,0.1,25,10000,0.0,1.0,,0
10,0.1,50,10000,0.0,1.0,,0
10,0.1,100,10000,0.0,1.0,,0
10,0.1,250,10000,0.0,1.0,,0
10,0.1,500,10000,0.0,1.0,,0
10,0.1,1000,10000,0.11567068586636171,0.6601585503963759,0.7107120156288147,2
10,0.1,10,15000,0.0,1.0,,0
10,0.1,25,15000,0.0,1.0,,0
10,0.1,50,15000,0.0,1.0,,0
10,0.1,100,15000,0.0,1.0,,0
10,0.1,250,15000,0.0,1.0,,0
10,0.1,500,15000,0.0,1.0,,0
10,0.1,1000,15000,0.0,1.0,,0
10,0.1,10,20000,0.0,1.0,,0
10,0.1,25,20000,0.0,1.0,,0
10,0.1,50,20000,0.0,1.0,,0
10,0.1,100,20000,0.0,1.0,,0
10,0.1,250,20000,0.0,1.0,,0
10,0.1,500,20000,0.0,1.0,,0
10,0.1,1000,20000,0.0,1.0,,0
10,0.1,10,22000,0.0,1.0,,0
10,0.1,25,22000,0.0,1.0,,0
10,0.1,50,22000,0.0,1.0,,0
10,0.1,100,22000,0.0,1.0,,0
10,0.1,250,22000,0.0,1.0,,0
10,0.1,500,22000,0.0,1.0,,0
10,0.1,1000,22000,0.0,1.0,,0
15,0.1,10,50,0.12248365887898194,0.4289165722914307,-0.22107523679733276,228
15,0.1,25,50,0.14629890122736516,0.46210645526613814,-0.23380990326404572,179
15,0.1,50,50,0.15293860279572144,0.49321253303133256,-0.19748243689537048,146
15,0.1,100,50,0.1531362317649284,0.5407776519441299,-0.15693429112434387,75
15,0.1,250,50,0.1311235527324762,0.6248697621744055,0.24815218150615692,28
15,0.1,500,50,0.10005114703918663,0.6890147225368063,0.5698276162147522,18
15,0.1,1000,50,0.07054816728571771,0.7512570781426954,0.8185354471206665,13
15,0.1,10,100,0.12491760218748918,0.3183389958474896,-0.3290199041366577,84
15,0.1,25,100,0.16039549231352687,0.45947904869762174,-0.15124528110027313,93
15,0.1,50,100,0.15746279235195557,0.5098527746319366,-0.16188865900039673,74
15,0.1,100,100,0.16334225184227064,0.5196677991694979,-0.12247190624475479,68
15,0.1,250,100,0.13093871147085223,0.624477161192903,0.23475003242492676,27
15,0.1,500,100,0.10052497209259839,0.6902529256323141,0.5855545401573181,17
15,0.1,1000,100,0.07009591134699417,0.7525103812759532,0.8209763765335083,12
15,0.1,10,250,0.1647899310673058,0.1500188750471876,-0.46176573634147644,24
15,0.1,25,250,0.14983910320123714,0.501608154020385,-0.0196379367262125,29
15,0.1,50,250,0.16693564848548564,0.5375764439411098,-0.0017427904531359673,28
15,0.1,100,250,0.16437598933173098,0.5524046810117025,0.1339344084262848,30
15,0.1,250,250,0.1264922119843538,0.6283427708569271,0.27019283175468445,24
15,0.1,500,250,0.10181309077636026,0.6912646281615704,0.6390559077262878,15
15,0.1,1000,250,0.06844125974016914,0.7542921857304643,0.8608808517456055,10
15,0.1,10,500,0.16189518408983286,0.18535296338240845,-0.4324842095375061,11
15,0.1,25,500,0.12149371836165195,0.5627029067572669,0.22193965315818787,15
15,0.1,50,500,0.1458114212198253,0.5752208380520951,0.3082585334777832,17
15,0.1,100,500,0.12100801440993628,0.5928878822197056,0.33165442943573,15
15,0.1,250,500,0.12204921702508305,0.6629671574178936,0.5937497615814209,14
15,0.1,500,500,0.09786615706122238,0.6957040392600982,0.6698058247566223,14
15,0.1,1000,500,0.06844125974016914,0.7542921857304643,0.8608807325363159,10
15,0.1,10,1000,0.1622361131416034,0.2018573046432616,-0.3670128285884857,9
15,0.1,25,1000,0.08761881701966255,0.6128652321630804,0.3435992896556854,10
15,0.1,50,1000,0.10179805833742972,0.620475651189128,0.33509913086891174,11
15,0.1,100,1000,0.09168573772213999,0.6314382785956965,0.3501127362251282,10
15,0.1,250,1000,0.07997631925484959,0.7084484711211778,0.6761355996131897,10
15,0.1,500,1000,0.07584466438038441,0.7248169120422802,0.7576932907104492,10
15,0.1,1000,1000,0.0724922987050159,0.7693318233295583,0.934954822063446,9
15,0.1,10,2500,0.014222010637425208,0.023722159305398262,0.006424307357519865,2
15,0.1,25,2500,0.05099076716516966,0.48401661004152513,0.39004138112068176,2
15,0.1,50,2500,0.06141859920881257,0.4972140430351076,0.27384477853775024,3
15,0.1,100,2500,0.06126509289350248,0.48363910909777275,0.19585120677947998,3
15,0.1,250,2500,0.05813165929638734,0.5694828237070593,0.24456052482128143,3
15,0.1,500,2500,0.0568400413809797,0.5844771611929029,0.3068636953830719,3
15,0.1,1000,2500,0.07682091478586472,0.5373348433371083,0.06552945822477341,2
15,0.1,10,5000,0.0,1.0,,0
15,0.1,25,5000,0.0,1.0,,0
15,0.1,50,5000,0.0395943035564483,0.41519063797659495,0.18745510280132294,2
15,0.1,100,5000,0.0,1.0,,0
15,0.1,250,5000,0.0,1.0,,0
15,0.1,500,5000,0.0,1.0,,0
15,0.1,1000,5000,0.0,1.0,,0
15,0.1,10,10000,0.0,1.0,,0
15,0.1,25,10000,0.0,1.0,,0
15,0.1,50,10000,0.0,1.0,,0
15,0.1,100,10000,0.0,1.0,,0
15,0.1,250,10000,0.0,1.0,,0
15,0.1,500,10000,0.0,1.0,,0
15,0.1,1000,10000,0.0,1.0,,0
15,0.1,10,15000,0.0,1.0,,0
15,0.1,25,15000,0.0,1.0,,0
15,0.1,50,15000,0.0,1.0,,0
15,0.1,100,15000,0.0,1.0,,0
15,0.1,250,15000,0.0,1.0,,0
15,0.1,500,15000,0.0,1.0,,0
15,0.1,1000,15000,0.0,1.0,,0
15,0.1,10,20000,0.0,1.0,,0
15,0.1,25,20000,0.0,1.0,,0
15,0.1,50,20000,0.0,1.0,,0
15,0.1,100,20000,0.0,1.0,,0
15,0.1,250,20000,0.0,1.0,,0
15,0.1,500,20000,0.0,1.0,,0
15,0.1,1000,20000,0.0,1.0,,0
15,0.1,10,22000,0.0,1.0,,0
15,0.1,25,22000,0.0,1.0,,0
15,0.1,50,22000,0.0,1.0,,0
15,0.1,100,22000,0.0,1.0,,0
15,0.1,250,22000,0.0,1.0,,0
15,0.1,500,22000,0.0,1.0,,0
15,0.1,1000,22000,0.0,1.0,,0
30,0.1,10,50,0.3606465077611672,0.2372970932427331,0.06999491155147552,174
30,0.1,25,50,0.3651458099962718,0.27447338618346545,0.29439350962638855,156
30,0.1,50,50,0.37080054541218344,0.2703812759531899,0.2765902876853943,133
30,0.1,100,50,0.3533559356927952,0.32383540958852397,0.5216367244720459,80
30,0.1,250,50,0.32255073709940196,0.37680634201585506,0.6626588106155396,30
30,0.1,500,50,0.29575375839980705,0.42719516798791995,0.7070593237876892,16
30,0.1,1000,50,0.2967814753932217,0.4007097017742544,0.8204126358032227,11
30,0.1,10,100,0.37582755875622414,0.26082295205738015,0.1279369741678238,91
30,0.1,25,100,0.35391366148393943,0.24413741034352585,0.3490247428417206,82
30,0.1,50,100,0.3490224697820545,0.24812382030955077,0.27622008323669434,80
30,0.1,100,100,0.3394173468861354,0.30106455266138166,0.5157714486122131,69
30,0.1,250,100,0.32228127789571526,0.3779690449226123,0.6697019338607788,29
30,0.1,500,100,0.296213409688764,0.4282823707059268,0.7138461470603943,15
30,0.1,1000,100,0.2967814753932217,0.4007097017742544,0.8204126954078674,11
30,0.1,10,250,0.3315678698121796,0.27459418648546624,0.4478524923324585,34
30,0.1,25,250,0.3419135836030542,0.28451491128727824,0.47410979866981506,33
30,0.1,50,250,0.3514680840911293,0.28391090977727446,0.5052688717842102,34
30,0.1,100,250,0.3609979500917061,0.23824839562098904,0.35615742206573486,31
30,0.1,250,250,0.3314105383770716,0.3019705549263873,0.44521528482437134,25
30,0.1,500,250,0.296213409688764,0.4282823707059268,0.7138462066650391,15
30,0.1,1000,250,0.2967814753932217,0.4007097017742544,0.8204126954078674,11
30,0.1,10,500,0.33187980977349735,0.3174782936957342,0.6098319888114929,20
30,0.1,25,500,0.3361687804329931,0.3195318988297471,0.6633508801460266,17
30,0.1,50,500,0.352119556813086,0.3404001510003775,0.7124764323234558,17
30,0.1,100,500,0.36317361817434574,0.26168365420913553,0.34739184379577637,15
30,0.1,250,500,0.33281422196912114,0.3211778029445074,0.42471837997436523,16
30,0.1,500,500,0.296213409688764,0.4282823707059268,0.7138462066650391,15
30,0.1,1000,500,0.2967814753932217,0.4007097017742544,0.8204126954078674,11
30,0.1,10,1000,0.4260615972458293,0.22212155530388825,0.5457720756530762,10
30,0.1,25,1000,0.3265373304059762,0.36022650056625144,0.7539962530136108,12
30,0.1,50,1000,0.37500306301018344,0.27747829369573423,0.7016634345054626,11
30,0.1,100,1000,0.36009276159646475,0.29762174405436015,0.678683876991272,11
30,0.1,250,1000,0.32760823445010895,0.3575537938844847,0.7810814380645752,11
30,0.1,500,1000,0.29158847227880347,0.4571536428841072,0.8108848929405212,12
30,0.1,1000,1000,0.37894316177299436,0.3740128350320876,0.8249075412750244,10
30,0.1,10,2500,0.5204348221931643,0.29706304265760664,0.6860689520835876,5
30,0.1,25,2500,0.49855473862431465,0.34778406946017365,0.675643265247345,4
30,0.1,50,2500,0.00907011482831584,0.000362400906002265,-0.04083242639899254,2
30,0.1,100,2500,0.37851601284387604,0.3465911664779162,0.642975389957428,5
30,0.1,250,2500,0.008948938800657828,0.0011929029822574557,-0.04151582717895508,2
30,0.1,500,2500,0.008948938800657828,0.0011929029822574557,-0.04151581600308418,2
30,0.1,1000,2500,0.008948938800657828,0.0011929029822574557,-0.041515812277793884,2
30,0.1,10,5000,0.6236930411942887,0.43509248773121934,0.8546648621559143,2
30,0.1,25,5000,0.572677447660467,0.45198942997357494,0.8416458368301392,2
30,0.1,50,5000,0.4389760765023895,0.47984899962249905,0.8530380725860596,3
30,0.1,100,5000,0.4305033128234297,0.49355983389958474,0.795744001865387,2
30,0.1,250,5000,0.40509682523751195,0.5171460928652322,0.7987726330757141,2
30,0.1,500,5000,0.3666195761742692,0.4434730086825217,0.7217780351638794,3
30,0.1,1000,5000,0.3857461338612967,0.41541713854284634,0.7471796870231628,3
30,0.1,10,10000,0.6236930411942887,0.43509248773121934,0.8546649813652039,2
30,0.1,25,10000,0.572677447660467,0.45198942997357494,0.8416458368301392,2
30,0.1,50,10000,0.46078283253726193,0.47154397885994714,0.7924255728721619,2
30,0.1,100,10000,0.4305033128234297,0.49355983389958474,0.7957439422607422,2
30,0.1,250,10000,0.40509682523751195,0.5171460928652322,0.7987726330757141,2
30,0.1,500,10000,0.0,1.0,,0
30,0.1,1000,10000,0.0,1.0,,0
30,0.1,10,15000,0.6236930411942887,0.43509248773121934,0.8546650409698486,2
30,0.1,25,15000,0.572677447660467,0.45198942997357494,0.8416458964347839,2
30,0.1,50,15000,0.0,1.0,,0
30,0.1,100,15000,0.0,1.0,,0
30,0.1,250,15000,0.0,1.0,,0
30,0.1,500,15000,0.0,1.0,,0
30,0.1,1000,15000,0.0,1.0,,0
30,0.1,10,20000,0.0,1.0,,0
30,0.1,25,20000,0.0,1.0,,0
30,0.1,50,20000,0.0,1.0,,0
30,0.1,100,20000,0.0,1.0,,0
30,0.1,250,20000,0.0,1.0,,0
30,0.1,500,20000,0.0,1.0,,0
30,0.1,1000,20000,0.0,1.0,,0
30,0.1,10,22000,0.0,1.0,,0
30,0.1,25,22000,0.0,1.0,,0
30,0.1,50,22000,0.0,1.0,,0
30,0.1,100,22000,0.0,1.0,,0
30,0.1,250,22000,0.0,1.0,,0
30,0.1,500,22000,0.0,1.0,,0
30,0.1,1000,22000,0.0,1.0,,0
50,0.1,10,50,0.473398376113017,0.07420158550396376,0.08119747787714005,172
50,0.1,25,50,0.4799447958430476,0.05795394488486221,0.22242076694965363,142
50,0.1,50,50,0.4817970985961526,0.08853152132880332,0.49256283044815063,135
50,0.1,100,50,0.4823016342961727,0.09815024537561344,0.6490880846977234,70
50,0.1,250,50,0.48636068431307056,0.12883352208380522,0.7126673460006714,32
50,0.1,500,50,0.4868695045732388,0.1640166100415251,0.7239798307418823,21
50,0.1,1000,50,0.48754459285658214,0.21242733106832767,0.7195947170257568,13
50,0.1,10,100,0.48287608895956674,0.05922234805587014,0.5634475946426392,85
50,0.1,25,100,0.4838668282940461,0.059252548131370326,0.5674793720245361,80
50,0.1,50,100,0.48366118544414594,0.06379765949414873,0.5985780358314514,75
50,0.1,100,100,0.4818077597642972,0.08813892034730086,0.6213042140007019,65
50,0.1,250,100,0.4860190491798101,0.12610041525103813,0.7125845551490784,31
50,0.1,500,100,0.4873020979593344,0.16597961494903737,0.7271023988723755,19
50,0.1,1000,100,0.48754459285658214,0.21242733106832767,0.7195947170257568,13
50,0.1,10,250,0.4908230548007663,0.049618724046810114,0.5872558355331421,38
50,0.1,25,250,0.4879525502766072,0.07038127595318988,0.618270218372345,36
50,0.1,50,250,0.49553471635933144,0.0652019630049075,0.6212928295135498,33
50,0.1,100,250,0.4903384454332924,0.08015100037750095,0.6623743176460266,32
50,0.1,250,250,0.48897676129903,0.10985277463193659,0.6767464280128479,29
50,0.1,500,250,0.4877284286318657,0.164318610796527,0.7185987830162048,16
50,0.1,1000,250,0.4885040749429246,0.21543223858059646,0.7213138341903687,12
50,0.1,10,500,0.490855588352069,0.06958097395243489,0.6096609830856323,24
50,0.1,25,500,0.4886323853522931,0.08969422423556059,0.6467053890228271,24
50,0.1,50,500,0.5033821849433906,0.072480181200453,0.6174984574317932,24
50,0.1,100,500,0.4935222244174444,0.07784069460173651,0.6388970613479614,23
50,0.1,250,500,0.4918437861454688,0.10502076255190639,0.6676051616668701,19
50,0.1,500,500,0.4883096794011103,0.15279728199320497,0.6948098540306091,15
50,0.1,1000,500,0.4885040749429246,0.21543223858059646,0.7213138341903687,12
50,0.1,10,1000,0.4947615633693853,0.07303888259720649,0.5537611842155457,15
50,0.1,25,1000,0.49502514055093644,0.11232918082295205,0.6345462203025818,14
50,0.1,50,1000,0.5073357146642423,0.08677991694979237,0.5848408937454224,14
50,0.1,100,1000,0.49600977397651447,0.09587013967534919,0.5995035767555237,14
50,0.1,250,1000,0.49800669976084366,0.15358248395620988,0.6491299867630005,13
50,0.1,500,1000,0.490424518117877,0.1836466591166478,0.684440553188324,12
50,0.1,1000,1000,0.4885040749429246,0.21543223858059646,0.7213138341903687,12
50,0.1,10,2500,0.584148982129695,0.1379539448848622,0.6570780873298645,7
50,0.1,25,2500,0.5236069134998538,0.1675349188372971,0.6459450721740723,8
50,0.1,50,2500,0.5712952194957608,0.24302000755001887,0.6515297889709473,7
50,0.1,100,2500,0.5596095728094376,0.24546621366553417,0.6363880634307861,7
50,0.1,250,2500,0.5369274481754651,0.27728199320498303,0.6851800084114075,5
50,0.1,500,2500,0.5582389850716258,0.29272933182332955,0.684705913066864,4
50,0.1,1000,2500,0.6118560271852702,0.2765420913552284,0.8012523651123047,4
50,0.1,10,5000,0.5437617860467898,0.2453756134390336,0.762189507484436,3
50,0.1,25,5000,0.3612481787643523,0.004665911664779162,0.42386654019355774,3
50,0.1,50,5000,0.6900551262947802,0.3738920347300868,0.7035260796546936,3
50,0.1,100,5000,0.6692010786522581,0.3829218573046433,0.7085008025169373,3
50,0.1,250,5000,0.5759839806065744,0.3243941109852775,0.7564507722854614,4
50,0.1,500,5000,0.5406933493971521,0.2786560966402416,0.7753310799598694,2
50,0.1,1000,5000,0.6911977730759722,0.36973952434881086,0.8931946158409119,2
50,0.1,10,10000,0.32274995844975257,0.02719516798791997,0.45293280482292175,2
50,0.1,25,10000,0.322604235143906,0.00028690071725179315,0.5370864272117615,2
50,0.1,50,10000,0.35428088335478575,0.05200453001132503,0.5194762945175171,2
50,0.1,100,10000,0.41769668787370673,0.21898074745186863,0.5163889527320862,2
50,0.1,250,10000,0.4697767272792972,0.2770705926764817,0.5821058750152588,2
50,0.1,500,10000,0.5406933493971521,0.2786560966402416,0.7753311395645142,2
50,0.1,1000,10000,0.6911977730759722,0.36973952434881086,0.8931945562362671,2
50,0.1,10,15000,0.32876531411986,0.004152510381275953,0.44113966822624207,2
50,0.1,25,15000,0.322604235143906,0.00028690071725179315,0.5370863676071167,2
50,0.1,50,15000,0.35428088335478575,0.05200453001132503,0.5194763541221619,2
50,0.1,100,15000,0.41769668787370673,0.21898074745186863,0.5163888931274414,2
50,0.1,250,15000,0.4697767272792972,0.2770705926764817,0.5821057558059692,2
50,0.1,500,15000,0.5406933493971521,0.2786560966402416,0.7753310799598694,2
50,0.1,1000,15000,0.6911977730759722,0.36973952434881086,0.8931946158409119,2
50,0.1,10,20000,0.0,1.0,,0
50,0.1,25,20000,0.322604235143906,0.00028690071725179315,0.5370864272117615,2
50,0.1,50,20000,0.0,1.0,,0
50,0.1,100,20000,0.0,1.0,,0
50,0.1,250,20000,0.0,1.0,,0
50,0.1,500,20000,0.5406933493971521,0.2786560966402416,0.7753311991691589,2
50,0.1,1000,20000,0.0,1.0,,0
50,0.1,10,22000,0.0,1.0,,0
50,0.1,25,22000,0.322604235143906,0.00028690071725179315,0.5370863676071167,2
50,0.1,50,22000,0.0,1.0,,0
50,0.1,100,22000,0.0,1.0,,0
50,0.1,250,22000,0.0,1.0,,0
50,0.1,500,22000,0.5406933493971521,0.2786560966402416,0.7753311991691589,2
50,0.1,1000,22000,0.0,1.0,,0
75,0.1,10,50,0.4817146897283421,0.046508116270290674,0.5350494384765625,157
75,0.1,25,50,0.48670876146125197,0.07196677991694979,0.5937507152557373,146
75,0.1,50,50,0.48429799540550394,0.09007172517931294,0.6564512848854065,131
75,0.1,100,50,0.49844803358737255,0.074080785201963,0.7079165577888489,71
75,0.1,250,50,0.4959581557763079,0.11744809362023405,0.7203537225723267,34
75,0.1,500,50,0.49723145934160823,0.15616459041147604,0.7726576328277588,20
75,0.1,1000,50,0.507190945435002,0.20030200075500187,0.8129547834396362,13
75,0.1,10,100,0.48556744621007525,0.07198187995469989,0.6533824801445007,93
75,0.1,25,100,0.49328872363413584,0.0461759154397886,0.6774300932884216,80
75,0.1,50,100,0.4976568738922211,0.060475651189127975,0.6613839268684387,77
75,0.1,100,100,0.49825824832185617,0.07048697621744054,0.7131252884864807,66
75,0.1,250,100,0.4956692595075444,0.11870139675349188,0.7164236903190613,32
75,0.1,500,100,0.49884540775080705,0.13789354473386184,0.729533314704895,17
75,0.1,1000,100,0.507190945435002,0.20030200075500187,0.8129546642303467,13
75,0.1,10,250,0.5048706786082396,0.038912797281993206,0.6021427512168884,34
75,0.1,25,250,0.5029164352400048,0.05055492638731597,0.6197100877761841,36
75,0.1,50,250,0.5043817859191534,0.044907512268780675,0.6161656379699707,34
75,0.1,100,250,0.5028636398683431,0.07134767836919592,0.6467950940132141,33
75,0.1,250,250,0.4981693284951904,0.10782936957342393,0.7500824928283691,29
75,0.1,500,250,0.49923585955517447,0.1406568516421291,0.7325050234794617,16
75,0.1,1000,250,0.5080001594679789,0.20237070592676482,0.8126173615455627,12
75,0.1,10,500,0.5056982807198347,0.0813288033220083,0.6657590866088867,19
75,0.1,25,500,0.5071491319711569,0.07441298603246509,0.6725175976753235,20
75,0.1,50,500,0.5075703939629588,0.0684484711211778,0.6333320140838623,19
75,0.1,100,500,0.5090254949608202,0.0837750094375236,0.6425068378448486,17
75,0.1,250,500,0.5002316480885969,0.1240317100792752,0.7105953097343445,16
75,0.1,500,500,0.49923585955517447,0.1406568516421291,0.7325050234794617,16
75,0.1,1000,500,0.5080001594679789,0.20237070592676482,0.8126171827316284,12
75,0.1,10,1000,0.5132409876505686,0.11734239335598338,0.627991259098053,12
75,0.1,25,1000,0.5124138649266551,0.13564363910909777,0.6912131309509277,12
75,0.1,50,1000,0.5072036547588717,0.11705549263873159,0.6556806564331055,14
75,0.1,100,1000,0.5099563278918063,0.11719139297848244,0.6708946228027344,13
75,0.1,250,1000,0.5107307116436904,0.17063042657606645,0.770389974117279,12
75,0.1,500,1000,0.5094681213349961,0.1830275575688939,0.7722146511077881,12
75,0.1,1000,1000,0.5080001594679789,0.20237070592676482,0.8126174211502075,12
75,0.1,10,2500,0.6005579847363361,0.26666666666666666,0.730567991733551,6
75,0.1,25,2500,0.6011671646637805,0.28040770101925255,0.6526901721954346,5
75,0.1,50,2500,0.5760569803461746,0.2448622121555304,0.6488450169563293,6
75,0.1,100,2500,0.5670260511110948,0.23414118535296338,0.6519670486450195,6
75,0.1,250,2500,0.5827714736936912,0.28492261230653076,0.6634951233863831,5
75,0.1,500,2500,0.6030823352012076,0.3158021895054738,0.7164855599403381,5
75,0.1,1000,2500,0.6746234683058876,0.3539297848244621,0.882577657699585,4
75,0.1,10,5000,0.3346015765293572,1.5100037750094376e-05,0.2761256992816925,2
75,0.1,25,5000,0.6050736199004989,0.38215175537938845,0.7885974049568176,3
75,0.1,50,5000,0.6405321606109801,0.2776745941864855,0.674515426158905,3
75,0.1,100,5000,0.5377173623534188,0.20357870894677238,0.5729873776435852,3
75,0.1,250,5000,0.5386502990894867,0.21555303888259722,0.5784511566162109,3
75,0.1,500,5000,0.3476944707315999,0.11563608909022273,0.3490094542503357,2
75,0.1,1000,5000,0.3416185492686598,0.09893544733861835,0.33157244324684143,2
75,0.1,10,10000,0.3346015765293572,1.5100037750094376e-05,0.2761256992816925,2
75,0.1,25,10000,0.3415363262349989,0.011747829369573424,0.28876960277557373,2
75,0.1,50,10000,0.3409313558900115,0.08077010192525481,0.3147551715373993,2
75,0.1,100,10000,0.5377173623534188,0.20357870894677238,0.5729873776435852,3
75,0.1,250,10000,0.5386502990894867,0.21555303888259722,0.5784512758255005,3
75,0.1,500,10000,0.3476944707315999,0.11563608909022273,0.34900951385498047,2
75,0.1,1000,10000,0.3416185492686598,0.09893544733861835,0.3315724730491638,2
75,0.1,10,15000,0.3346015765293572,1.5100037750094376e-05,0.2761257588863373,2
75,0.1,25,15000,0.3415363262349989,0.011747829369573424,0.28876960277557373,2
75,0.1,50,15000,0.3409313558900115,0.08077010192525481,0.31475526094436646,2
75,0.1,100,15000,0.5377173623534188,0.20357870894677238,0.5729874968528748,3
75,0.1,250,15000,0.5386502990894867,0.21555303888259722,0.5784512758255005,3
75,0.1,500,15000,0.3476944707315999,0.11563608909022273,0.3490094542503357,2
75,0.1,1000,15000,0.3416185492686598,0.09893544733861835,0.3315724730491638,2
75,0.1,10,20000,0.0,1.0,,0
75,0.1,25,20000,0.0,1.0,,0
75,0.1,50,20000,0.0,1.0,,0
75,0.1,100,20000,0.0,1.0,,0
75,0.1,250,20000,0.0,1.0,,0
75,0.1,500,20000,0.0,1.0,,0
75,0.1,1000,20000,0.0,1.0,,0
75,0.1,10,22000,0.0,1.0,,0
75,0.1,25,22000,0.0,1.0,,0
75,0.1,50,22000,0.0,1.0,,0
75,0.1,100,22000,0.0,1.0,,0
75,0.1,250,22000,0.0,1.0,,0
75,0.1,500,22000,0.0,1.0,,0
75,0.1,1000,22000,0.0,1.0,,0
100,0.1,10,50,0.47912586961229436,0.07655719139297848,0.1331540197134018,164
100,0.1,25,50,0.485574012424058,0.06506606266515666,0.44257521629333496,145
100,0.1,50,50,0.49380306697315357,0.10921857304643262,-1812.74853515625,131
100,0.1,100,50,0.495126436047755,0.0781275953189883,0.6803897619247437,73
100,0.1,250,50,0.5057616109910505,0.07691959229898075,0.635680079460144,28
100,0.1,500,50,0.5035363574835062,0.1369120422801057,0.7154842019081116,17
100,0.1,1000,50,0.5076552007559549,0.1648471121177803,0.7311893105506897,14
100,0.1,10,100,0.4870181550186206,0.06609286523216308,0.43601545691490173,88
100,0.1,25,100,0.49610029362314884,0.03439788599471499,0.6600959300994873,83
100,0.1,50,100,0.4969508414983075,0.07128727821819554,0.6354337334632874,79
100,0.1,100,100,0.4955312472358875,0.07074367685919215,0.6836196184158325,64
100,0.1,250,100,0.5057616109910505,0.07691959229898075,0.635680079460144,28
100,0.1,500,100,0.5035363574835062,0.1369120422801057,0.715484082698822,17
100,0.1,1000,100,0.5076552007559549,0.1648471121177803,0.7311893105506897,14
100,0.1,10,250,0.5049899033417649,0.04446961117402794,0.6028739213943481,33
100,0.1,25,250,0.5048727432024308,0.0397281993204983,0.5983321070671082,34
100,0.1,50,250,0.5038659590175583,0.03882219705549264,0.5960969924926758,35
100,0.1,100,250,0.5069887869860781,0.051581728954322385,0.6160006523132324,32
100,0.1,250,250,0.5036483410622267,0.09177802944507361,0.6659488677978516,29
100,0.1,500,250,0.5035363574835062,0.1369120422801057,0.7154839038848877,17
100,0.1,1000,250,0.5084668725356507,0.1678067195167988,0.7590270042419434,13
100,0.1,10,500,0.5061717576045935,0.07830879577198943,0.6186230182647705,20
100,0.1,25,500,0.5070232533840586,0.08523971309928274,0.6738197207450867,20
100,0.1,50,500,0.5048973508086929,0.07318988297470744,0.6249504685401917,22
100,0.1,100,500,0.5108944538959437,0.06645526613816534,0.5974112749099731,19
100,0.1,250,500,0.5112975457633784,0.07601359003397508,0.6382012367248535,17
100,0.1,500,500,0.5039331710683228,0.13058512646281617,0.7207593321800232,16
100,0.1,1000,500,0.5096835977624911,0.16569271423178558,0.7428703904151917,12
100,0.1,10,1000,0.5124300663524106,0.08792751981879955,0.5976822376251221,13
100,0.1,25,1000,0.5110738884073726,0.09555303888259721,0.6533244252204895,13
100,0.1,50,1000,0.510314734340781,0.1039033597583994,0.6358242630958557,13
100,0.1,100,1000,0.5166945839485916,0.08010570026425066,0.6146125793457031,13
100,0.1,250,1000,0.5143966318170343,0.126236315590789,0.6792612075805664,12
100,0.1,500,1000,0.5092667850517291,0.1275047187617969,0.6906219720840454,13
100,0.1,1000,1000,0.5096835977624911,0.16569271423178558,0.7428702116012573,12
100,0.1,10,2500,0.5596023957278714,0.22156285390713476,0.6558530926704407,7
100,0.1,25,2500,0.622617265559619,0.22141185352963383,0.7772040367126465,6
100,0.1,50,2500,0.5334459689719269,0.17038882597206492,0.5597915649414062,6
100,0.1,100,2500,0.5921702258936852,0.2587542468856172,0.6283015012741089,6
100,0.1,250,2500,0.5989029844923535,0.2829143072857682,0.6962276697158813,6
100,0.1,500,2500,0.6543448443833607,0.2964137410343526,0.8230875730514526,5
100,0.1,1000,2500,0.6171071893779384,0.2512344280860702,0.8338781595230103,6
100,0.1,10,5000,0.32832486693201424,0.04761041902604757,0.32011207938194275,2
100,0.1,25,5000,0.32832486693201424,0.04761041902604757,0.32011207938194275,2
100,0.1,50,5000,0.6734427252235354,0.2794261985654964,0.7268427610397339,3
100,0.1,100,5000,0.6908216097744974,0.2982106455266138,0.747125506401062,3
100,0.1,250,5000,0.69899740632838,0.3231257078142695,0.7928657531738281,3
100,0.1,500,5000,0.32824616961589925,0.04835032087580219,0.31951406598091125,2
100,0.1,1000,5000,0.3268547320093866,0.055160437901094754,0.3192286789417267,2
100,0.1,10,10000,0.32832486693201424,0.04761041902604757,0.32011210918426514,2
100,0.1,25,10000,0.32832486693201424,0.04761041902604757,0.32011210918426514,2
100,0.1,50,10000,0.6734427252235354,0.2794261985654964,0.7268426418304443,3
100,0.1,100,10000,0.32832486693201424,0.04761041902604757,0.32011207938194275,2
100,0.1,250,10000,0.32836840307057447,0.04764061910154775,0.3201604187488556,2
100,0.1,500,10000,0.32824616961589925,0.04835032087580219,0.31951409578323364,2
100,0.1,1000,10000,0.3268547320093866,0.055160437901094754,0.3192286193370819,2
100,0.1,10,15000,0.32832486693201424,0.04761041902604757,0.32011210918426514,2
100,0.1,25,15000,0.32832486693201424,0.04761041902604757,0.32011207938194275,2
100,0.1,50,15000,0.32832486693201424,0.04761041902604757,0.32011210918426514,2
100,0.1,100,15000,0.32832486693201424,0.04761041902604757,0.32011207938194275,2
100,0.1,250,15000,0.32836840307057447,0.04764061910154775,0.32016047835350037,2
100,0.1,500,15000,0.32824616961589925,0.04835032087580219,0.31951412558555603,2
100,0.1,1000,15000,0.3268547320093866,0.055160437901094754,0.3192287087440491,2
100,0.1,10,20000,0.0,1.0,,0
100,0.1,25,20000,0.0,1.0,,0
100,0.1,50,20000,0.0,1.0,,0
100,0.1,100,20000,0.0,1.0,,0
100,0.1,250,20000,0.0,1.0,,0
100,0.1,500,20000,0.0,1.0,,0
100,0.1,1000,20000,0.0,1.0,,0
100,0.1,10,22000,0.0,1.0,,0
100,0.1,25,22000,0.0,1.0,,0
100,0.1,50,22000,0.0,1.0,,0
100,0.1,100,22000,0.0,1.0,,0
100,0.1,250,22000,0.0,1.0,,0
100,0.1,500,22000,0.0,1.0,,0
100,0.1,1000,22000,0.0,1.0,,0
10,0.15,10,50,0.10704208889817717,0.4306530766326916,-0.2647399306297302,242
10,0.15,25,50,0.12168146204388378,0.49630804077010193,-0.17037568986415863,200
10,0.15,50,50,0.13105212914161002,0.5339826349565874,-0.07726512849330902,163
10,0.15,100,50,0.12167100363686424,0.5924197810494526,-0.04570067301392555,88
10,0.15,250,50,0.10883060082836896,0.6599018497546244,0.31928059458732605,30
10,0.15,500,50,0.0911904791907539,0.639531898829747,0.3336276412010193,17
10,0.15,1000,50,0.08581996761968698,0.6660173650434126,0.5231634378433228,10
10,0.15,10,100,0.11705812474201953,0.4697772744431861,-0.25487178564071655,100
10,0.15,25,100,0.149766560914871,0.5006115515288788,-0.23528295755386353,92
10,0.15,50,100,0.14506954732960806,0.5467421668554171,-0.10407600551843643,87
10,0.15,100,100,0.11918562551652712,0.5858210645526614,-0.044929347932338715,71
10,0.15,250,100,0.10673069581453622,0.6634956587391468,0.3201574385166168,27
10,0.15,500,100,0.10755215967614072,0.6003473008682522,0.40705302357673645,14
10,0.15,1000,100,0.08581996761968698,0.6660173650434126,0.523163378238678,10
10,0.15,10,250,0.14224702313485324,0.4505247263118158,-0.08036096394062042,32
10,0.15,25,250,0.14452217480731236,0.5704190260475651,0.017977198585867882,27
10,0.15,50,250,0.16213804255059824,0.5018648546621367,0.09599471837282181,26
10,0.15,100,250,0.15470620894120343,0.6049679124197811,0.03777933493256569,30
10,0.15,250,250,0.14050005249082462,0.5453076632691581,0.20148177444934845,23
10,0.15,500,250,0.10755215967614072,0.6003473008682522,0.4070530831813812,14
10,0.15,1000,250,0.08581996761968698,0.6660173650434126,0.5231634378433228,10
10,0.15,10,500,0.147720196659731,0.5083427708569271,0.19977521896362305,16
10,0.15,25,500,0.16846851208709385,0.5113023782559456,0.2726934850215912,15
10,0.15,50,500,0.1506591894715016,0.5463948659871649,0.3298493027687073,14
10,0.15,100,500,0.14394604413381543,0.559516798791997,0.3702127933502197,13
10,0.15,250,500,0.1350162086461066,0.5660853152132881,0.3234083950519562,14
10,0.15,500,500,0.10972538571626461,0.5997281993204983,0.39173826575279236,13
10,0.15,1000,500,0.08581996761968698,0.6660173650434126,0.523163378238678,10
10,0.15,10,1000,0.14733590878359004,0.5487655719139298,0.1634635478258133,11
10,0.15,25,1000,0.1393557814552333,0.55841449603624,0.3627420663833618,11
10,0.15,50,1000,0.13921866518519854,0.5683654209135522,0.3624780476093292,11
10,0.15,100,1000,0.13844539600126451,0.5665383163457909,0.3495943248271942,11
10,0.15,250,1000,0.14555827368939347,0.5642884107210268,0.22071108222007751,11
10,0.15,500,1000,0.10611207847615423,0.6084107210268026,0.4969431757926941,10
10,0.15,1000,1000,0.09331733498250377,0.6810721026802568,0.5025849938392639,9
10,0.15,10,2500,0.12563837592677674,0.344160060400151,0.4473881721496582,2
10,0.15,25,2500,0.15339417541536807,0.491838429596074,0.6024600267410278,2
10,0.15,50,2500,0.1495000017230409,0.4724499811249528,0.576622724533081,3
10,0.15,100,2500,0.12162039036806732,0.556164590411476,0.6077423691749573,2
10,0.15,250,2500,0.13487884243510648,0.36288410721026804,0.6219952702522278,2
10,0.15,500,2500,0.13348532151528666,0.3634428086070215,0.6022303104400635,2
10,0.15,1000,2500,0.07816933435429667,0.7242129105322763,0.516735851764679,3
10,0.15,10,5000,0.12563837592677674,0.344160060400151,0.4473882019519806,2
10,0.15,25,5000,0.15339417541536807,0.491838429596074,0.6024601459503174,2
10,0.15,50,5000,0.13607223319443104,0.518248395620989,0.556586742401123,2
10,0.15,100,5000,0.12162039036806732,0.556164590411476,0.6077422499656677,2
10,0.15,250,5000,0.0,1.0,,0
10,0.15,500,5000,0.0,1.0,,0
10,0.15,1000,5000,0.07220699456402846,0.7159833899584749,0.6357790231704712,2
10,0.15,10,10000,0.0,1.0,,0
10,0.15,25,10000,0.0,1.0,,0
10,0.15,50,10000,0.0,1.0,,0
10,0.15,100,10000,0.0,1.0,,0
10,0.15,250,10000,0.0,1.0,,0
10,0.15,500,10000,0.0,1.0,,0
10,0.15,1000,10000,0.0,1.0,,0
10,0.15,10,15000,0.0,1.0,,0
10,0.15,25,15000,0.0,1.0,,0
10,0.15,50,15000,0.0,1.0,,0
10,0.15,100,15000,0.0,1.0,,0
10,0.15,250,15000,0.0,1.0,,0
10,0.15,500,15000,0.0,1.0,,0
10,0.15,1000,15000,0.0,1.0,,0
10,0.15,10,20000,0.0,1.0,,0
10,0.15,25,20000,0.0,1.0,,0
10,0.15,50,20000,0.0,1.0,,0
10,0.15,100,20000,0.0,1.0,,0
10,0.15,250,20000,0.0,1.0,,0
10,0.15,500,20000,0.0,1.0,,0
10,0.15,1000,20000,0.0,1.0,,0
10,0.15,10,22000,0.0,1.0,,0
10,0.15,25,22000,0.0,1.0,,0
10,0.15,50,22000,0.0,1.0,,0
10,0.15,100,22000,0.0,1.0,,0
10,0.15,250,22000,0.0,1.0,,0
10,0.15,500,22000,0.0,1.0,,0
10,0.15,1000,22000,0.0,1.0,,0
15,0.15,10,50,0.10658204728699332,0.41177802944507363,-0.2577228248119354,245
15,0.15,25,50,0.13743628657872098,0.4935447338618347,-0.18215873837471008,182
15,0.15,50,50,0.16291664129112762,0.5467572668931673,-0.05115395411849022,146
15,0.15,100,50,0.15836744146618112,0.6117327293318233,0.14616180956363678,71
15,0.15,250,50,0.14365768317277866,0.6600981502453757,0.4732479453086853,29
15,0.15,500,50,0.10551914110378528,0.7249075122687807,0.6897658109664917,21
15,0.15,1000,50,0.0724151187685194,0.783842959607399,0.9585620164871216,10
15,0.15,10,100,0.09974581751813309,0.37349943374858435,-0.2900156080722809,86
15,0.15,25,100,0.1676367111256233,0.518082295205738,0.0005331026040948927,90
15,0.15,50,100,0.17320049508057989,0.5596073990184975,-0.008596175350248814,81
15,0.15,100,100,0.17701918896170682,0.6058135145337863,0.12181669473648071,63
15,0.15,250,100,0.14445463050181118,0.661910154775387,0.5466487407684326,27
15,0.15,500,100,0.10572202186627866,0.7256625141562854,0.711548388004303,15
15,0.15,1000,100,0.08312002579981044,0.7693469233673084,0.8153252601623535,9
15,0.15,10,250,0.10071814560361622,0.39690449226123065,-0.11702153086662292,36
15,0.15,25,250,0.15779782131131465,0.5602416006040015,0.22047966718673706,37
15,0.15,50,250,0.1792906453089248,0.5919063797659494,0.25336021184921265,37
15,0.15,100,250,0.18472871533369256,0.611521328803322,0.1788845807313919,27
15,0.15,250,250,0.14180003803745753,0.6664854662136656,0.5636682510375977,25
15,0.15,500,250,0.10562557465668268,0.7218120045300114,0.7210505604743958,13
15,0.15,1000,250,0.08312002579981044,0.7693469233673084,0.8153252601623535,9
15,0.15,10,500,0.10960670084953922,0.3394035485088713,-0.19489040970802307,15
15,0.15,25,500,0.13625838232576534,0.6384144960362401,0.5341953635215759,20
15,0.15,50,500,0.14976958152781192,0.630562476406191,0.3848968744277954,16
15,0.15,100,500,0.1523649744730099,0.6506002265005663,0.3589560091495514,16
15,0.15,250,500,0.13210018688892566,0.700158550396376,0.6847827434539795,13
15,0.15,500,500,0.09790698756424661,0.729286523216308,0.8222342133522034,12
15,0.15,1000,500,0.08312002579981044,0.7693469233673084,0.8153252005577087,9
15,0.15,10,1000,0.09833136724411679,0.4043790109475274,-0.1709715873003006,9
15,0.15,25,1000,0.09947837399114758,0.6991468478671197,0.6182153224945068,10
15,0.15,50,1000,0.11166632081622681,0.6860098150245375,0.4933456778526306,9
15,0.15,100,1000,0.12197394207188961,0.6885164212910533,0.6545905470848083,10
15,0.15,250,1000,0.10210863093636237,0.7271272178180446,0.6828409433364868,9
15,0.15,500,1000,0.08851427089882878,0.7368365420913552,0.7244247794151306,9
15,0.15,1000,1000,0.08312002579981044,0.7693469233673084,0.8153252601623535,9
15,0.15,10,2500,0.029244679288352473,0.0977123442808607,0.07589888572692871,2
15,0.15,25,2500,0.029264773506834575,0.415039637599094,0.22982724010944366,2
15,0.15,50,2500,0.01177994264534006,0.4695054737636844,0.23213699460029602,2
15,0.15,100,2500,0.02795735417880358,0.4716194790486976,-0.024040205404162407,3
15,0.15,250,2500,0.029575059604201936,0.38050585126462816,0.07958093285560608,2
15,0.15,500,2500,0.0762380546466164,0.5208305020762551,0.011666152626276016,2
15,0.15,1000,2500,0.1277876681184214,0.6499358248395621,-0.06538868695497513,2
15,0.15,10,5000,0.0,1.0,,0
15,0.15,25,5000,0.0,1.0,,0
15,0.15,50,5000,0.0,1.0,,0
15,0.15,100,5000,0.0,1.0,,0
15,0.15,250,5000,0.0,1.0,,0
15,0.15,500,5000,0.0,1.0,,0
15,0.15,1000,5000,0.0,1.0,,0
15,0.15,10,10000,0.0,1.0,,0
15,0.15,25,10000,0.0,1.0,,0
15,0.15,50,10000,0.0,1.0,,0
15,0.15,100,10000,0.0,1.0,,0
15,0.15,250,10000,0.0,1.0,,0
15,0.15,500,10000,0.0,1.0,,0
15,0.15,1000,10000,0.0,1.0,,0
15,0.15,10,15000,0.0,1.0,,0
15,0.15,25,15000,0.0,1.0,,0
15,0.15,50,15000,0.0,1.0,,0
15,0.15,100,15000,0.0,1.0,,0
15,0.15,250,15000,0.0,1.0,,0
15,0.15,500,15000,0.0,1.0,,0
15,0.15,1000,15000,0.0,1.0,,0
15,0.15,10,20000,0.0,1.0,,0
15,0.15,25,20000,0.0,1.0,,0
15,0.15,50,20000,0.0,1.0,,0
15,0.15,100,20000,0.0,1.0,,0
15,0.15,250,20000,0.0,1.0,,0
15,0.15,500,20000,0.0,1.0,,0
15,0.15,1000,20000,0.0,1.0,,0
15,0.15,10,22000,0.0,1.0,,0
15,0.15,25,22000,0.0,1.0,,0
15,0.15,50,22000,0.0,1.0,,0
15,0.15,100,22000,0.0,1.0,,0
15,0.15,250,22000,0.0,1.0,,0
15,0.15,500,22000,0.0,1.0,,0
15,0.15,1000,22000,0.0,1.0,,0
30,0.15,10,50,0.12691349386990947,0.4107512268780672,-0.08511288464069366,201
30,0.15,25,50,0.16798553451712145,0.4319365798414496,-0.03373090922832489,176
30,0.15,50,50,0.17211078292373316,0.447036617591544,0.27230945229530334,138
30,0.15,100,50,0.16038107697362164,0.47924499811249527,0.37453070282936096,81
30,0.15,250,50,0.1479429119703747,0.5367761419403548,0.5992519855499268,35
30,0.15,500,50,0.1239429820942821,0.575371838429596,0.5079670548439026,16
30,0.15,1000,50,0.22097268599525918,0.5233975084937712,0.692816436290741,12
30,0.15,10,100,0.16631424315309112,0.37919214798036993,-0.06305915117263794,101
30,0.15,25,100,0.19055709368849888,0.4426878067195168,0.3050181269645691,76
30,0.15,50,100,0.18246996596880455,0.45091732729331824,0.3435589671134949,81
30,0.15,100,100,0.1651716884800999,0.47829369573423935,0.37169960141181946,75
30,0.15,250,100,0.1570053481552125,0.5325934314835787,0.6129398941993713,32
30,0.15,500,100,0.12452094419794603,0.5763231408078521,0.5074998736381531,15
30,0.15,1000,100,0.22068530126039462,0.5244696111740279,0.7331964373588562,11
30,0.15,10,250,0.1701149423749757,0.43768969422423554,0.3503825068473816,42
30,0.15,25,250,0.18433382865102016,0.48878822197055494,0.440064400434494,35
30,0.15,50,250,0.1878682275403541,0.4928803322008305,0.5022085905075073,34
30,0.15,100,250,0.18530215513576762,0.5087051717629294,0.5412788987159729,32
30,0.15,250,250,0.16265813520168654,0.5065156662891658,0.5060728788375854,26
30,0.15,500,250,0.12547206472308164,0.5781502453756134,0.5054457187652588,14
30,0.15,1000,250,0.2229847112826161,0.5277312193280483,0.7931271195411682,10
30,0.15,10,500,0.14972825015878563,0.5050509626274066,0.42825543880462646,19
30,0.15,25,500,0.17301611349282933,0.5173272933182333,0.3547440469264984,16
30,0.15,50,500,0.19181779006546082,0.5285315213288033,0.5249946713447571,17
30,0.15,100,500,0.16715870416978063,0.5232767081917705,0.45779794454574585,16
30,0.15,250,500,0.1490636602655753,0.5392676481691204,0.5118457078933716,14
30,0.15,500,500,0.12547206472308164,0.5781502453756134,0.5054457187652588,14
30,0.15,1000,500,0.2229847112826161,0.5277312193280483,0.793127179145813,10
30,0.15,10,1000,0.12695908634615832,0.5694073235183088,0.5162977576255798,12
30,0.15,25,1000,0.1511563131555284,0.5567081917704795,0.4580426514148712,12
30,0.15,50,1000,0.16772483093913193,0.5385277463193658,0.42629578709602356,12
30,0.15,100,1000,0.15932767820974397,0.5449150622876557,0.5197383761405945,12
30,0.15,250,1000,0.14100653426419152,0.5481766704416761,0.5106343030929565,13
30,0.15,500,1000,0.11470295035441948,0.6090449226123066,0.6050544381141663,11
30,0.15,1000,1000,0.2229847112826161,0.5277312193280483,0.793127179145813,10
30,0.15,10,2500,0.009057246749459636,0.0006795016987542468,-0.08018911629915237,2
30,0.15,25,2500,0.008958866550200303,0.0012835032087580218,-0.08074777573347092,2
30,0.15,50,2500,0.008958866550200303,0.0012835032087580218,-0.0807478055357933,2
30,0.15,100,2500,0.008958866550200303,0.0012835032087580218,-0.08074778318405151,2
30,0.15,250,2500,0.008958866550200303,0.0012835032087580218,-0.08074779808521271,2
30,0.15,500,2500,0.008958866550200303,0.0012835032087580218,-0.08074779808521271,2
30,0.15,1000,2500,0.008958866550200303,0.0012835032087580218,-0.0807478129863739,2
30,0.15,10,5000,0.0,1.0,,0
30,0.15,25,5000,0.0,1.0,,0
30,0.15,50,5000,0.0,1.0,,0
30,0.15,100,5000,0.0,1.0,,0
30,0.15,250,5000,0.0,1.0,,0
30,0.15,500,5000,0.19948428561740644,0.45466213665534166,0.3768365979194641,2
30,0.15,1000,5000,0.22865596622182338,0.49700264250660625,0.5053987503051758,2
30,0.15,10,10000,0.0,1.0,,0
30,0.15,25,10000,0.0,1.0,,0
30,0.15,50,10000,0.0,1.0,,0
30,0.15,100,10000,0.0,1.0,,0
30,0.15,250,10000,0.0,1.0,,0
30,0.15,500,10000,0.0,1.0,,0
30,0.15,1000,10000,0.0,1.0,,0
30,0.15,10,15000,0.0,1.0,,0
30,0.15,25,15000,0.0,1.0,,0
30,0.15,50,15000,0.0,1.0,,0
30,0.15,100,15000,0.0,1.0,,0
30,0.15,250,15000,0.0,1.0,,0
30,0.15,500,15000,0.0,1.0,,0
30,0.15,1000,15000,0.0,1.0,,0
30,0.15,10,20000,0.0,1.0,,0
30,0.15,25,20000,0.0,1.0,,0
30,0.15,50,20000,0.0,1.0,,0
30,0.15,100,20000,0.0,1.0,,0
30,0.15,250,20000,0.0,1.0,,0
30,0.15,500,20000,0.0,1.0,,0
30,0.15,1000,20000,0.0,1.0,,0
30,0.15,10,22000,0.0,1.0,,0
30,0.15,25,22000,0.0,1.0,,0
30,0.15,50,22000,0.0,1.0,,0
30,0.15,100,22000,0.0,1.0,,0
30,0.15,250,22000,0.0,1.0,,0
30,0.15,500,22000,0.0,1.0,,0
30,0.15,1000,22000,0.0,1.0,,0
50,0.15,10,50,0.3288679566094586,0.2177727444318611,0.175859272480011,183
50,0.15,25,50,0.3483813728833443,0.23293318233295585,0.31417810916900635,153
50,0.15,50,50,0.35993786616463785,0.2271045677614194,0.3692823052406311,138
50,0.15,100,50,0.3528874679604183,0.24117780294450736,0.5545665621757507,73
50,0.15,250,50,0.35796293434796855,0.28634201585503966,0.6305475234985352,31
50,0.15,500,50,0.35223983438897527,0.3159682899207248,0.5858745574951172,17
50,0.15,1000,50,0.40422651416519223,0.2939977349943375,0.801101803779602,13
50,0.15,10,100,0.35124438684055675,0.1771838429596074,0.18473777174949646,96
50,0.15,25,100,0.3755944721085151,0.17736504341260853,0.3362981379032135,85
50,0.15,50,100,0.36093180348623083,0.21432993582483956,0.4901174008846283,77
50,0.15,100,100,0.356411264513899,0.23551528878822198,0.5426884889602661,67
50,0.15,250,100,0.3572305782240666,0.2885919214798037,0.6364386081695557,29
50,0.15,500,100,0.35550231227629825,0.3093242733106833,0.595217764377594,16
50,0.15,1000,100,0.4044225498293813,0.2928652321630804,0.8026330471038818,12
50,0.15,10,250,0.39846805235955074,0.14403926009815024,0.3017456531524658,39
50,0.15,25,250,0.3699223711934905,0.21784824462061156,0.5409278273582458,36
50,0.15,50,250,0.36540594993134007,0.2012986032465081,0.5653849244117737,38
50,0.15,100,250,0.3682445491069507,0.2222725556813892,0.5779096484184265,33
50,0.15,250,250,0.35924286072878836,0.2851038127595319,0.6186957359313965,27
50,0.15,500,250,0.35550231227629825,0.3093242733106833,0.5952178835868835,16
50,0.15,1000,250,0.40764371695016727,0.27664779161947906,0.8077879548072815,11
50,0.15,10,500,0.3894749328395115,0.19244998112495282,0.42191940546035767,21
50,0.15,25,500,0.37658011037787414,0.2225443563608909,0.5137382745742798,19
50,0.15,50,500,0.37631460668217526,0.20841072102680255,0.5624985098838806,19
50,0.15,100,500,0.3732936767127713,0.22586636466591167,0.5499288439750671,18
50,0.15,250,500,0.37365370166486656,0.273763684409211,0.5615163445472717,16
50,0.15,500,500,0.35550231227629825,0.3093242733106833,0.595217764377594,16
50,0.15,1000,500,0.40764371695016727,0.27664779161947906,0.807788074016571,11
50,0.15,10,1000,0.39132346352948216,0.23898829747074368,0.5196520686149597,13
50,0.15,25,1000,0.3587320334388762,0.2694299735749339,0.5386658906936646,13
50,0.15,50,1000,0.3633749180041974,0.2531370328425821,0.5872920155525208,12
50,0.15,100,1000,0.3657010442425081,0.252004530011325,0.5436294674873352,12
50,0.15,250,1000,0.3590594117919581,0.30323895809739526,0.5744444727897644,12
50,0.15,500,1000,0.3485506129335967,0.33309173272933185,0.6098688244819641,12
50,0.15,1000,1000,0.40764371695016727,0.27664779161947906,0.8077879548072815,11
50,0.15,10,2500,0.37802651104674156,0.12555681389203474,0.1663617342710495,3
50,0.15,25,2500,0.3547764686238507,0.09683654209135523,0.12938056886196136,3
50,0.15,50,2500,0.32609167912033904,0.028765571913929786,0.04426415637135506,3
50,0.15,100,2500,0.3356786518525026,0.09411853529633823,0.1101367175579071,3
50,0.15,250,2500,0.3265550705684389,0.10619856549641374,0.10643525421619415,3
50,0.15,500,2500,0.4635895243843214,0.3742091355228388,0.6911662817001343,4
50,0.15,1000,2500,0.41887172497241315,0.3013363533408834,0.7894489169120789,7
50,0.15,10,5000,0.4016040680659333,0.17275953189882975,0.4084114730358124,2
50,0.15,25,5000,0.3709459606605524,0.14403926009815024,0.42322731018066406,2
50,0.15,50,5000,0.32902179186721603,0.0759682899207248,0.379167765378952,2
50,0.15,100,5000,0.3483256932914859,0.14132125330313325,0.41162610054016113,2
50,0.15,250,5000,0.3332334034944027,0.15340128350320875,0.4128546714782715,2
50,0.15,500,5000,0.32184513854376906,0.2091808229520574,0.4387472867965698,2
50,0.15,1000,5000,0.4482897618136261,0.4434126085315213,0.6847095489501953,2
50,0.15,10,10000,0.4016040680659333,0.17275953189882975,0.40841144323349,2
50,0.15,25,10000,0.3709459606605524,0.14403926009815024,0.4232272505760193,2
50,0.15,50,10000,0.32902179186721603,0.0759682899207248,0.37916773557662964,2
50,0.15,100,10000,0.3483256932914859,0.14132125330313325,0.4116259813308716,2
50,0.15,250,10000,0.3332334034944027,0.15340128350320875,0.41285476088523865,2
50,0.15,500,10000,0.32184513854376906,0.2091808229520574,0.4387473464012146,2
50,0.15,1000,10000,0.4482897618136261,0.4434126085315213,0.6847095489501953,2
50,0.15,10,15000,0.4016040680659333,0.17275953189882975,0.40841144323349,2
50,0.15,25,15000,0.3709459606605524,0.14403926009815024,0.42322733998298645,2
50,0.15,50,15000,0.32902179186721603,0.0759682899207248,0.37916773557662964,2
50,0.15,100,15000,0.3483256932914859,0.14132125330313325,0.4116261303424835,2
50,0.15,250,15000,0.3332334034944027,0.15340128350320875,0.4128546714782715,2
50,0.15,500,15000,0.32184513854376906,0.2091808229520574,0.438747376203537,2
50,0.15,1000,15000,0.4482897618136261,0.4434126085315213,0.6847094297409058,2
50,0.15,10,20000,0.0,1.0,,0
50,0.15,25,20000,0.0,1.0,,0
50,0.15,50,20000,0.0,1.0,,0
50,0.15,100,20000,0.0,1.0,,0
50,0.15,250,20000,0.0,1.0,,0
50,0.15,500,20000,0.0,1.0,,0
50,0.15,1000,20000,0.0,1.0,,0
50,0.15,10,22000,0.0,1.0,,0
50,0.15,25,22000,0.0,1.0,,0
50,0.15,50,22000,0.0,1.0,,0
50,0.15,100,22000,0.0,1.0,,0
50,0.15,250,22000,0.0,1.0,,0
50,0.15,500,22000,0.0,1.0,,0
50,0.15,1000,22000,0.0,1.0,,0
75,0.15,10,50,0.4814094972171736,0.08446961117402793,0.5329620838165283,171
75,0.15,25,50,0.48954696600195186,0.07978859947149868,0.6257055401802063,146
75,0.15,50,50,0.4893631488374193,0.07524348810872027,0.6451529264450073,126
75,0.15,100,50,0.4972424677145839,0.064160060400151,0.6831250190734863,72
75,0.15,250,50,0.5026998398396249,0.1111513778784447,0.7061652541160583,32
75,0.15,500,50,0.5029096233186424,0.16170630426576066,0.7953004240989685,18
75,0.15,1000,50,0.5062499226113202,0.19214798036995093,0.8154276609420776,14
75,0.15,10,100,0.4900841752533099,0.05463193657984145,0.6198441386222839,86
75,0.15,25,100,0.4943930866231443,0.06184975462438656,0.6496915221214294,82
75,0.15,50,100,0.4945935379396397,0.04302000755001888,0.6651393175125122,77
75,0.15,100,100,0.49713266839245196,0.059690449226123064,0.672661304473877,67
75,0.15,250,100,0.5025952577952774,0.10370705926764817,0.7011064291000366,30
75,0.15,500,100,0.502781655680865,0.14920347300868253,0.7720580101013184,16
75,0.15,1000,100,0.5068886529624357,0.1905926764816912,0.8124010562896729,13
75,0.15,10,250,0.4945645228087435,0.0851340128350321,0.6292983889579773,39
75,0.15,25,250,0.4997063561565431,0.0480634201585504,0.6472071409225464,38
75,0.15,50,250,0.5001770326440721,0.04835032087580219,0.6186981201171875,36
75,0.15,100,250,0.4991738031864594,0.07696489241223103,0.6772424578666687,35
75,0.15,250,250,0.5036894276669858,0.10109475273688184,0.7024239897727966,26
75,0.15,500,250,0.502781655680865,0.14920347300868253,0.7720581293106079,16
75,0.15,1000,250,0.507998877586637,0.1935673839184598,0.8170107007026672,12
75,0.15,10,500,0.5021020953731943,0.10933937334843337,0.7199273109436035,20
75,0.15,25,500,0.5075577268549831,0.07525858814647036,0.6577357649803162,20
75,0.15,50,500,0.5048319399988328,0.10138165345413364,0.6910923719406128,19
75,0.15,100,500,0.5028041598665982,0.12187240468101171,0.7465643286705017,18
75,0.15,250,500,0.5055249317698013,0.1320951302378256,0.7267894744873047,15
75,0.15,500,500,0.5030345451234951,0.1465911664779162,0.7479939460754395,15
75,0.15,1000,500,0.507998877586637,0.1935673839184598,0.8170108199119568,12
75,0.15,10,1000,0.5057298469483206,0.15160437901094753,0.759716808795929,13
75,0.15,25,1000,0.5080475854948225,0.1001434503586259,0.6795588135719299,16
75,0.15,50,1000,0.5090908819879972,0.11042657606644017,0.7028539776802063,15
75,0.15,100,1000,0.5111075150025274,0.14633446583616458,0.6912797093391418,12
75,0.15,250,1000,0.5130850965542992,0.16247640619101547,0.7466481328010559,12
75,0.15,500,1000,0.5079407098962646,0.16229520573801434,0.7218506932258606,12
75,0.15,1000,1000,0.507998877586637,0.1935673839184598,0.817010760307312,12
75,0.15,10,2500,0.6133291006440689,0.24973952434881086,0.7792205214500427,6
75,0.15,25,2500,0.5446801029464786,0.2308946772366931,0.6871019601821899,6
75,0.15,50,2500,0.6059755772758103,0.22112495281238204,0.76175457239151,6
75,0.15,100,2500,0.5853075433165799,0.27882219705549266,0.6676334738731384,5
75,0.15,250,2500,0.5698806410283043,0.25925254813137033,0.6908025145530701,5
75,0.15,500,2500,0.6265240497222535,0.3423329558323896,0.8178259134292603,5
75,0.15,1000,2500,0.5848144205316504,0.27497168742921857,0.7480944395065308,5
75,0.15,10,5000,0.3364498010596079,0.08073990184975463,0.2950109541416168,2
75,0.15,25,5000,0.6006446201853479,0.27337108342770855,0.6858201622962952,3
75,0.15,50,5000,0.6003234909874622,0.27907889769724425,0.6881584525108337,3
75,0.15,100,5000,0.5390405163139703,0.21355983389958474,0.5745028853416443,3
75,0.15,250,5000,0.5444066833794851,0.2370856927142318,0.5852814316749573,3
75,0.15,500,5000,0.34014669568600714,0.10435636089090222,0.31793662905693054,2
75,0.15,1000,5000,0.3422764206714476,0.1309777274443186,0.3321292996406555,2
75,0.15,10,10000,0.3364498010596079,0.08073990184975463,0.2950110137462616,2
75,0.15,25,10000,0.3324080459214701,0.08560211400528502,0.30625787377357483,2
75,0.15,50,10000,0.3377909299847618,0.07374858437146092,0.29835036396980286,2
75,0.15,100,10000,0.5390405163139703,0.21355983389958474,0.5745028257369995,3
75,0.15,250,10000,0.5444066833794851,0.2370856927142318,0.5852815508842468,3
75,0.15,500,10000,0.34014669568600714,0.10435636089090222,0.31793665885925293,2
75,0.15,1000,10000,0.3422764206714476,0.1309777274443186,0.3321292996406555,2
75,0.15,10,15000,0.3364498010596079,0.08073990184975463,0.295011043548584,2
75,0.15,25,15000,0.3324080459214701,0.08560211400528502,0.30625787377357483,2
75,0.15,50,15000,0.3377909299847618,0.07374858437146092,0.29835042357444763,2
75,0.15,100,15000,0.5390405163139703,0.21355983389958474,0.5745028257369995,3
75,0.15,250,15000,0.5444066833794851,0.2370856927142318,0.585281491279602,3
75,0.15,500,15000,0.34014669568600714,0.10435636089090222,0.31793662905693054,2
75,0.15,1000,15000,0.3422764206714476,0.1309777274443186,0.3321293294429779,2
75,0.15,10,20000,0.0,1.0,,0
75,0.15,25,20000,0.0,1.0,,0
75,0.15,50,20000,0.0,1.0,,0
75,0.15,100,20000,0.0,1.0,,0
75,0.15,250,20000,0.0,1.0,,0
75,0.15,500,20000,0.0,1.0,,0
75,0.15,1000,20000,0.0,1.0,,0
75,0.15,10,22000,0.0,1.0,,0
75,0.15,25,22000,0.0,1.0,,0
75,0.15,50,22000,0.0,1.0,,0
75,0.15,100,22000,0.0,1.0,,0
75,0.15,250,22000,0.0,1.0,,0
75,0.15,500,22000,0.0,1.0,,0
75,0.15,1000,22000,0.0,1.0,,0
100,0.15,10,50,0.47917892922458577,0.06476406191015477,0.19520460069179535,166
100,0.15,25,50,0.48599201298758804,0.08549641374103435,0.3853330910205841,151
100,0.15,50,50,0.48899435772964256,0.06547376368440921,,132
100,0.15,100,50,0.4930666383024933,0.0947527368818422,0.7103208303451538,80
100,0.15,250,50,0.5003579355787456,0.1004303510758777,0.6919506788253784,32
100,0.15,500,50,0.5123928932420528,0.15054737636844093,0.7402857542037964,18
100,0.15,1000,50,0.5063713509100405,0.19240468101170252,0.7982815504074097,14
100,0.15,10,100,0.4943642948975879,0.03605889014722537,0.7015019655227661,86
100,0.15,25,100,0.49399651212002754,0.0348961872404681,0.6938251256942749,84
100,0.15,50,100,0.4966120897658946,0.04499811249528124,0.6621109843254089,75
100,0.15,100,100,0.4972170421009344,0.06298225745564363,0.6728863716125488,66
100,0.15,250,100,0.5003454835854468,0.10248395620989052,0.6913670897483826,30
100,0.15,500,100,0.511068086423942,0.14056625141562853,0.7443102598190308,17
100,0.15,1000,100,0.5063713509100405,0.19240468101170252,0.7982815504074097,14
100,0.15,10,250,0.49814440437575175,0.06307285768214421,0.6789926886558533,37
100,0.15,25,250,0.4995169306345354,0.0636466591166478,0.663095235824585,35
100,0.15,50,250,0.5022453029618176,0.06612306530766326,0.6587150692939758,33
100,0.15,100,250,0.4979511242775309,0.08101170252925632,0.6653518080711365,33
100,0.15,250,250,0.5005155866640473,0.10408456021140053,0.6960777640342712,29
100,0.15,500,250,0.511068086423942,0.14056625141562853,0.7443102598190308,17
100,0.15,1000,250,0.5075247198855943,0.19562098905247263,0.8064138889312744,13
100,0.15,10,500,0.5036793036012654,0.07938089845224613,0.6501396894454956,21
100,0.15,25,500,0.5033048352009971,0.08336730841827104,0.65889573097229,21
100,0.15,50,500,0.5081125714829232,0.0714231785579464,0.6274449825286865,20
100,0.15,100,500,0.5072669334416874,0.07451868629671574,0.6488691568374634,19
100,0.15,250,500,0.5056783631034818,0.09041902604756512,0.6948598027229309,18
100,0.15,500,500,0.5102548633119292,0.12928652321630804,0.7336735725402832,16
100,0.15,1000,500,0.5101477400572008,0.20256700641751604,0.8155750632286072,12
100,0.15,10,1000,0.5090089748324959,0.09241223103057758,0.6492536664009094,13
100,0.15,25,1000,0.5085551560059854,0.10302755756889392,0.6661213040351868,13
100,0.15,50,1000,0.512108501314977,0.08380520951302378,0.6423012018203735,14
100,0.15,100,1000,0.5106317994373185,0.09505473763684409,0.6478163599967957,14
100,0.15,250,1000,0.5142289876952407,0.14085315213288033,0.7196930646896362,12
100,0.15,500,1000,0.5191156677141656,0.17919214798036995,0.7601208090782166,11
100,0.15,1000,1000,0.5154890788855835,0.215356738391846,0.8141307234764099,11
100,0.15,10,2500,0.5943291313617726,0.19394488486221215,0.7237071394920349,5
100,0.15,25,2500,0.6100657591291977,0.2405436013590034,0.7377318143844604,5
100,0.15,50,2500,0.6202215208385704,0.225760664401661,0.74521404504776,6
100,0.15,100,2500,0.5580062532809719,0.21618724046810117,0.6536749601364136,7
100,0.15,250,2500,0.5947668894410655,0.29626274065685165,0.6922267079353333,5
100,0.15,500,2500,0.559703791783294,0.26162325405813514,0.6268419027328491,4
100,0.15,1000,2500,0.6262190184016775,0.312963382408456,0.7493535280227661,4
100,0.15,10,5000,0.6288467637661882,0.2549037372593431,0.7681061625480652,4
100,0.15,25,5000,0.7018970678280351,0.3530237825594564,0.818314254283905,3
100,0.15,50,5000,0.32666138550191703,0.09050962627406568,0.36297208070755005,2
100,0.15,100,5000,0.5845012284905863,0.3672933182332956,0.7766402959823608,3
100,0.15,250,5000,0.6039052686803839,0.39939599848999624,0.8309721946716309,3
100,0.15,500,5000,0.3316557667266542,0.0851038127595319,0.3782559931278229,2
100,0.15,1000,5000,0.333507004015194,0.0767685919214798,0.3331829905509949,2
100,0.15,10,10000,0.4008866487299807,0.19993959984899962,0.39006590843200684,2
100,0.15,25,10000,0.32666138550191703,0.09050962627406568,0.36297205090522766,2
100,0.15,50,10000,0.32666138550191703,0.09050962627406568,0.36297208070755005,2
100,0.15,100,10000,0.3266798791455446,0.09052472631181578,0.3629988431930542,2
100,0.15,250,10000,0.3394736142026596,0.11433748584371461,0.4169529378414154,2
100,0.15,500,10000,0.3316557667266542,0.0851038127595319,0.3782559633255005,2
100,0.15,1000,10000,0.333507004015194,0.0767685919214798,0.33318302035331726,2
100,0.15,10,15000,0.4008866487299807,0.19993959984899962,0.3900659382343292,2
100,0.15,25,15000,0.32666138550191703,0.09050962627406568,0.36297211050987244,2
100,0.15,50,15000,0.32666138550191703,0.09050962627406568,0.3629721403121948,2
100,0.15,100,15000,0.3266798791455446,0.09052472631181578,0.3629988431930542,2
100,0.15,250,15000,0.3394736142026596,0.11433748584371461,0.416952908039093,2
100,0.15,500,15000,0.3316557667266542,0.0851038127595319,0.3782559931278229,2
100,0.15,1000,15000,0.333507004015194,0.0767685919214798,0.33318302035331726,2
100,0.15,10,20000,0.0,1.0,,0
100,0.15,25,20000,0.0,1.0,,0
100,0.15,50,20000,0.0,1.0,,0
100,0.15,100,20000,0.0,1.0,,0
100,0.15,250,20000,0.0,1.0,,0
100,0.15,500,20000,0.0,1.0,,0
100,0.15,1000,20000,0.0,1.0,,0
100,0.15,10,22000,0.0,1.0,,0
100,0.15,25,22000,0.0,1.0,,0
100,0.15,50,22000,0.0,1.0,,0
100,0.15,100,22000,0.0,1.0,,0
100,0.15,250,22000,0.0,1.0,,0
100,0.15,500,22000,0.0,1.0,,0
100,0.15,1000,22000,0.0,1.0,,0
10,0.25,10,50,0.1084116238393406,0.42239335598338995,-0.31678566336631775,242
10,0.25,25,50,0.13463646507056123,0.4878822197055493,-0.23608814179897308,186
10,0.25,50,50,0.12370049075095821,0.5549414873537184,-0.1662132292985916,148
10,0.25,100,50,0.12081671853749403,0.6289467723669309,0.014241528697311878,81
10,0.25,250,50,0.09812867337909381,0.668961872404681,0.13035419583320618,27
10,0.25,500,50,0.06913466981892076,0.7261004152510381,0.4036214351654053,16
10,0.25,1000,50,0.04881131812552812,0.7903359758399396,0.5816171765327454,13
10,0.25,10,100,0.12007573088982142,0.4638127595318988,-0.27068933844566345,107
10,0.25,25,100,0.13253161700760482,0.5218271045677614,-0.17785972356796265,100
10,0.25,50,100,0.13414264433719078,0.5728803322008305,-0.020052693784236908,85
10,0.25,100,100,0.13672081397370792,0.6209437523593809,0.02222134917974472,70
10,0.25,250,100,0.0978301878142087,0.6720573801434504,0.1438269168138504,23
10,0.25,500,100,0.0681265395856674,0.7192751981879955,0.3975140452384949,14
10,0.25,1000,100,0.04789747598435444,0.7937938844847112,0.6374068260192871,10
10,0.25,10,250,0.1235686682123525,0.5202114005285013,-0.05514837056398392,40
10,0.25,25,250,0.1351809365692735,0.5646357115892789,-0.0299797635525465,31
10,0.25,50,250,0.1509183406899257,0.5875575688939222,0.03288278728723526,32
10,0.25,100,250,0.12257944914240852,0.6365420913552284,0.11447615921497345,28
10,0.25,250,250,0.0978301878142087,0.6720573801434504,0.1438269317150116,23
10,0.25,500,250,0.0681265395856674,0.7192751981879955,0.39751410484313965,14
10,0.25,1000,250,0.04789747598435444,0.7937938844847112,0.6374067068099976,10
10,0.25,10,500,0.1271683684448305,0.5559682899207248,0.15653598308563232,17
10,0.25,25,500,0.13327770542481457,0.6161419403548509,0.16800455749034882,17
10,0.25,50,500,0.13121392272528895,0.6289014722536806,0.24336783587932587,16
10,0.25,100,500,0.11351174585077169,0.6743827859569649,0.2902970016002655,15
10,0.25,250,500,0.08786493810769672,0.7129029822574556,0.3727358281612396,14
10,0.25,500,500,0.06276327242995854,0.7266742166855417,0.4295576214790344,13
10,0.25,1000,500,0.04789747598435444,0.7937938844847112,0.6374068260192871,10
10,0.25,10,1000,0.09382763849069138,0.6154322385805965,0.2540868818759918,12
10,0.25,25,1000,0.12383139427593404,0.5821064552661381,0.20536324381828308,10
10,0.25,50,1000,0.1118484212550043,0.6151604379010948,0.17086553573608398,10
10,0.25,100,1000,0.10109117404834922,0.6530011325028312,0.24961771070957184,9
10,0.25,250,1000,0.07524254906924609,0.6584522461306154,0.27065086364746094,10
10,0.25,500,1000,0.0680107194178388,0.6725556813892035,0.273043692111969,10
10,0.25,1000,1000,0.052876987818383805,0.8086825217063043,0.6116315126419067,9
10,0.25,10,2500,0.12830554807239153,0.4553416383540959,0.5418428182601929,2
10,0.25,25,2500,0.021931664774946867,0.21807474518686296,0.4054521918296814,2
10,0.25,50,2500,0.06331526313043058,0.7623858059645149,0.8827987909317017,2
10,0.25,100,2500,0.038443463190261526,0.7967383918459796,0.569461464881897,2
10,0.25,250,2500,0.1590654492881145,0.40770101925254815,0.6355345845222473,2
10,0.25,500,2500,0.05524315265272047,0.7439335598338996,0.7412886023521423,2
10,0.25,1000,2500,0.05195869563094374,0.7848395620989053,0.916652500629425,2
10,0.25,10,5000,0.12830554807239153,0.4553416383540959,0.5418428778648376,2
10,0.25,25,5000,0.0,1.0,,0
10,0.25,50,5000,0.0,1.0,,0
10,0.25,100,5000,0.038443463190261526,0.7967383918459796,0.569461464881897,2
10,0.25,250,5000,0.0,1.0,,0
10,0.25,500,5000,0.0,1.0,,0
10,0.25,1000,5000,0.05195869563094374,0.7848395620989053,0.9166524410247803,2
10,0.25,10,10000,0.0,1.0,,0
10,0.25,25,10000,0.0,1.0,,0
10,0.25,50,10000,0.0,1.0,,0
10,0.25,100,10000,0.0,1.0,,0
10,0.25,250,10000,0.0,1.0,,0
10,0.25,500,10000,0.0,1.0,,0
10,0.25,1000,10000,0.0,1.0,,0
10,0.25,10,15000,0.0,1.0,,0
10,0.25,25,15000,0.0,1.0,,0
10,0.25,50,15000,0.0,1.0,,0
10,0.25,100,15000,0.0,1.0,,0
10,0.25,250,15000,0.0,1.0,,0
10,0.25,500,15000,0.0,1.0,,0
10,0.25,1000,15000,0.0,1.0,,0
10,0.25,10,20000,0.0,1.0,,0
10,0.25,25,20000,0.0,1.0,,0
10,0.25,50,20000,0.0,1.0,,0
10,0.25,100,20000,0.0,1.0,,0
10,0.25,250,20000,0.0,1.0,,0
10,0.25,500,20000,0.0,1.0,,0
10,0.25,1000,20000,0.0,1.0,,0
10,0.25,10,22000,0.0,1.0,,0
10,0.25,25,22000,0.0,1.0,,0
10,0.25,50,22000,0.0,1.0,,0
10,0.25,100,22000,0.0,1.0,,0
10,0.25,250,22000,0.0,1.0,,0
10,0.25,500,22000,0.0,1.0,,0
10,0.25,1000,22000,0.0,1.0,,0
15,0.25,10,50,0.10857907148821869,0.41055492638731594,-0.1569657325744629,239
15,0.25,25,50,0.1660090805206655,0.5055341638354096,-0.0724438726902008,166
15,0.25,50,50,0.17188595073497825,0.5579614949037373,0.04392136633396149,140
15,0.25,100,50,0.1627751345997737,0.5887353718384296,0.12462150305509567,77
15,0.25,250,50,0.14183642659719997,0.6881389203473008,0.32841965556144714,29
15,0.25,500,50,0.10313553576721345,0.7352661381653454,0.7638814449310303,18
15,0.25,1000,50,0.07232849459799771,0.7905322763306908,0.9525145888328552,10
15,0.25,10,100,0.12520386893398913,0.43391468478671197,-0.130152627825737,113
15,0.25,25,100,0.1825504047326902,0.5184446961117403,-0.07621438801288605,94
15,0.25,50,100,0.17802319854653878,0.554412986032465,0.03412448614835739,77
15,0.25,100,100,0.16988128189037893,0.5871196677991695,0.09518566727638245,70
15,0.25,250,100,0.1426126242245891,0.6893620234050585,0.36271339654922485,27
15,0.25,500,100,0.10345604749918316,0.7371838429596074,0.813125729560852,16
15,0.25,1000,100,0.07173697426016028,0.791347678369196,0.9578673839569092,9
15,0.25,10,250,0.11049873275808962,0.48190260475651187,-0.06476990133523941,44
15,0.25,25,250,0.16307329086871414,0.5615251038127596,0.11271355301141739,36
15,0.25,50,250,0.17680743503629015,0.5790109475273688,0.12326337397098541,35
15,0.25,100,250,0.180776005494347,0.6276632691581729,0.2228478193283081,28
15,0.25,250,250,0.14311574560405252,0.6978482446206116,0.386082261800766,23
15,0.25,500,250,0.10322392513073052,0.724650811627029,0.7182879447937012,13
15,0.25,1000,250,0.07173697426016028,0.791347678369196,0.9578673243522644,9
15,0.25,10,500,0.09620989563779106,0.5802038505096263,0.10811511427164078,21
15,0.25,25,500,0.1504331099489966,0.5823027557568894,0.2664896845817566,19
15,0.25,50,500,0.16792260867481573,0.5989731974329936,0.3689717650413513,17
15,0.25,100,500,0.1538023986201201,0.6261985654964137,0.4622326195240021,15
15,0.25,250,500,0.1113049192479876,0.7256323140807852,0.7088547348976135,13
15,0.25,500,500,0.09970486169274345,0.72960362400906,0.7493894100189209,12
15,0.25,1000,500,0.07173697426016028,0.791347678369196,0.9578672647476196,9
15,0.25,10,1000,0.08148514841349501,0.4164439411098528,-0.186104416847229,8
15,0.25,25,1000,0.11595312097060152,0.6302000755001887,0.5103175640106201,12
15,0.25,50,1000,0.12736309851623773,0.627029067572669,0.4474244713783264,12
15,0.25,100,1000,0.10441958070913666,0.6772668931672329,0.5752500295639038,10
15,0.25,250,1000,0.10230043960520502,0.7312646281615705,0.5674231052398682,9
15,0.25,500,1000,0.0955904338915476,0.7450509626274066,0.6981441974639893,9
15,0.25,1000,1000,0.07617776039970686,0.805118912797282,0.958197832107544,8
15,0.25,10,2500,0.02609774486574791,0.24499811249528125,0.18867583572864532,2
15,0.25,25,2500,0.016034818841948656,0.6031106077765195,0.3264288008213043,2
15,0.25,50,2500,0.03173474186674265,0.6608531521328803,0.35487914085388184,3
15,0.25,100,2500,0.02346198721429031,0.5269913174782936,0.20425447821617126,2
15,0.25,250,2500,0.019584851955656433,0.8409966024915062,0.6710206866264343,2
15,0.25,500,2500,0.06352009885715962,0.6774178935447338,0.11860829591751099,2
15,0.25,1000,2500,0.08648434153310847,0.7518157795394489,0.2954552173614502,3
15,0.25,10,5000,0.0,1.0,,0
15,0.25,25,5000,0.0,1.0,,0
15,0.25,50,5000,0.0,1.0,,0
15,0.25,100,5000,0.0,1.0,,0
15,0.25,250,5000,0.0,1.0,,0
15,0.25,500,5000,0.0,1.0,,0
15,0.25,1000,5000,0.10161030455854031,0.7482521706304266,0.558986246585846,2
15,0.25,10,10000,0.0,1.0,,0
15,0.25,25,10000,0.0,1.0,,0
15,0.25,50,10000,0.0,1.0,,0
15,0.25,100,10000,0.0,1.0,,0
15,0.25,250,10000,0.0,1.0,,0
15,0.25,500,10000,0.0,1.0,,0
15,0.25,1000,10000,0.0,1.0,,0
15,0.25,10,15000,0.0,1.0,,0
15,0.25,25,15000,0.0,1.0,,0
15,0.25,50,15000,0.0,1.0,,0
15,0.25,100,15000,0.0,1.0,,0
15,0.25,250,15000,0.0,1.0,,0
15,0.25,500,15000,0.0,1.0,,0
15,0.25,1000,15000,0.0,1.0,,0
15,0.25,10,20000,0.0,1.0,,0
15,0.25,25,20000,0.0,1.0,,0
15,0.25,50,20000,0.0,1.0,,0
15,0.25,100,20000,0.0,1.0,,0
15,0.25,250,20000,0.0,1.0,,0
15,0.25,500,20000,0.0,1.0,,0
15,0.25,1000,20000,0.0,1.0,,0
15,0.25,10,22000,0.0,1.0,,0
15,0.25,25,22000,0.0,1.0,,0
15,0.25,50,22000,0.0,1.0,,0
15,0.25,100,22000,0.0,1.0,,0
15,0.25,250,22000,0.0,1.0,,0
15,0.25,500,22000,0.0,1.0,,0
15,0.25,1000,22000,0.0,1.0,,0
30,0.25,10,50,0.10269013090241685,0.4265760664401661,-0.03593682497739792,186
30,0.25,25,50,0.1603624544012521,0.4886523216308041,0.12019504606723785,151
30,0.25,50,50,0.1661442449087778,0.5474669686674216,0.21331268548965454,130
30,0.25,100,50,0.13529970720255205,0.5837976594941487,0.2808801829814911,80
30,0.25,250,50,0.12407305888058652,0.6243563608909022,0.44451117515563965,32
30,0.25,500,50,0.11168748956672893,0.680800302000755,0.5365834832191467,16
30,0.25,1000,50,0.08619589842405541,0.7096715741789354,0.5932549834251404,11
30,0.25,10,100,0.11053072482368409,0.45679124197810494,0.060281623154878616,99
30,0.25,25,100,0.13463352344467497,0.47527368818422044,0.10271280258893967,81
30,0.25,50,100,0.15385118055608252,0.5449301623254058,0.21282170712947845,82
30,0.25,100,100,0.14754315498199885,0.5745866364665911,0.2660143971443176,74
30,0.25,250,100,0.12451660824072507,0.6218195545488864,0.4313408136367798,30
30,0.25,500,100,0.11168748956672893,0.680800302000755,0.5365834832191467,16
30,0.25,1000,100,0.08619589842405541,0.7096715741789354,0.5932549834251404,11
30,0.25,10,250,0.10169756722333875,0.36551151377878444,-0.06784408539533615,43
30,0.25,25,250,0.1386541037039982,0.5216459041147603,0.07090619951486588,44
30,0.25,50,250,0.18108633400617385,0.5333182332955833,0.05837683379650116,36
30,0.25,100,250,0.16716685913394141,0.55679879199698,0.14254525303840637,37
30,0.25,250,250,0.1521846218168021,0.6032163080407701,0.29833081364631653,26
30,0.25,500,250,0.11432737854116093,0.6837146092865232,0.5141904950141907,13
30,0.25,1000,250,0.0868360040754617,0.7116043790109475,0.7713668346405029,10
30,0.25,10,500,0.10703389924416176,0.34023405058512646,-0.02628042735159397,19
30,0.25,25,500,0.1399144014304358,0.5832993582483956,0.15703310072422028,17
30,0.25,50,500,0.16983975431930487,0.5812608531521328,0.12138494849205017,19
30,0.25,100,500,0.15656519625805537,0.6231030577576444,0.3009887635707855,17
30,0.25,250,500,0.12844655020309584,0.6591468478671196,0.41643911600112915,14
30,0.25,500,500,0.11432737854116093,0.6837146092865232,0.5141904950141907,13
30,0.25,1000,500,0.0868360040754617,0.7116043790109475,0.7713667750358582,10
30,0.25,10,1000,0.12606464143396634,0.3396149490373726,-0.0494045652449131,11
30,0.25,25,1000,0.13969422643289303,0.5856398640996603,0.2060554027557373,13
30,0.25,50,1000,0.12979270487405548,0.5709626274065686,0.20453207194805145,10
30,0.25,100,1000,0.13477661475023442,0.6567308418271046,0.4213429093360901,10
30,0.25,250,1000,0.11067980472234108,0.7038882597206493,0.6729143857955933,10
30,0.25,500,1000,0.11808110329237131,0.692653831634579,0.6449065208435059,11
30,0.25,1000,1000,0.0868360040754617,0.7116043790109475,0.7713668346405029,10
30,0.25,10,2500,0.008975350449060428,0.0012231030577576445,-0.11289511620998383,2
30,0.25,25,2500,0.008975350449060428,0.0012231030577576445,-0.11289510130882263,2
30,0.25,50,2500,0.008975350449060428,0.0012231030577576445,-0.11289513111114502,2
30,0.25,100,2500,0.008975350449060428,0.0012231030577576445,-0.11289510875940323,2
30,0.25,250,2500,0.008975350449060428,0.0012231030577576445,-0.11289511620998383,2
30,0.25,500,2500,0.008975350449060428,0.0012231030577576445,-0.11289510875940323,2
30,0.25,1000,2500,0.008975350449060428,0.0012231030577576445,-0.11289510875940323,2
30,0.25,10,5000,0.21621521675755023,0.34604756511891277,0.24791213870048523,2
30,0.25,25,5000,0.0,1.0,,0
30,0.25,50,5000,0.0,1.0,,0
30,0.25,100,5000,0.013793588119233409,0.7462740656851642,0.5720019340515137,2
30,0.25,250,5000,0.0,1.0,,0
30,0.25,500,5000,0.0,1.0,,0
30,0.25,1000,5000,0.07966466890722004,0.7303888259720649,0.43148234486579895,2
30,0.25,10,10000,0.0,1.0,,0
30,0.25,25,10000,0.0,1.0,,0
30,0.25,50,10000,0.0,1.0,,0
30,0.25,100,10000,0.0,1.0,,0
30,0.25,250,10000,0.0,1.0,,0
30,0.25,500,10000,0.0,1.0,,0
30,0.25,1000,10000,0.0,1.0,,0
30,0.25,10,15000,0.0,1.0,,0
30,0.25,25,15000,0.0,1.0,,0
30,0.25,50,15000,0.0,1.0,,0
30,0.25,100,15000,0.0,1.0,,0
30,0.25,250,15000,0.0,1.0,,0
30,0.25,500,15000,0.0,1.0,,0
30,0.25,1000,15000,0.0,1.0,,0
30,0.25,10,20000,0.0,1.0,,0
30,0.25,25,20000,0.0,1.0,,0
30,0.25,50,20000,0.0,1.0,,0
30,0.25,100,20000,0.0,1.0,,0
30,0.25,250,20000,0.0,1.0,,0
30,0.25,500,20000,0.0,1.0,,0
30,0.25,1000,20000,0.0,1.0,,0
30,0.25,10,22000,0.0,1.0,,0
30,0.25,25,22000,0.0,1.0,,0
30,0.25,50,22000,0.0,1.0,,0
30,0.25,100,22000,0.0,1.0,,0
30,0.25,250,22000,0.0,1.0,,0
30,0.25,500,22000,0.0,1.0,,0
30,0.25,1000,22000,0.0,1.0,,0
50,0.25,10,50,0.11210730914983941,0.48123820309550774,-0.09375254064798355,190
50,0.25,25,50,0.16392665461691408,0.5292865232163081,0.15937671065330505,153
50,0.25,50,50,0.17685625466908383,0.5525405813514533,0.2617848813533783,116
50,0.25,100,50,0.15460633676211544,0.595681389203473,0.3859604299068451,75
50,0.25,250,50,0.11730113494732032,0.6203699509248773,0.493745356798172,37
50,0.25,500,50,0.1077701524785762,0.6568667421668554,0.5997628569602966,20
50,0.25,1000,50,0.08927645846294575,0.6866742166855417,0.5970590710639954,12
50,0.25,10,100,0.1535004328564331,0.46995847489618725,0.10169106721878052,98
50,0.25,25,100,0.17846529593672147,0.5055794639486598,0.16932253539562225,87
50,0.25,50,100,0.18766261559029324,0.5325481313703284,0.2639634907245636,84
50,0.25,100,100,0.15534872509894693,0.5860928652321631,0.4126604497432709,65
50,0.25,250,100,0.11636485345790466,0.6238278595696489,0.545198917388916,32
50,0.25,500,100,0.10606814606439376,0.6514307285768215,0.6167823672294617,17
50,0.25,1000,100,0.08985963041739063,0.6885013212533031,0.6448874473571777,10
50,0.25,10,250,0.11643345740356821,0.430245375613439,0.14342641830444336,40
50,0.25,25,250,0.12799586245723668,0.45839184597961496,0.28918755054473877,36
50,0.25,50,250,0.15615076518636478,0.5130539826349566,0.21443505585193634,40
50,0.25,100,250,0.1482878606463729,0.6034126085315213,0.48963984847068787,34
50,0.25,250,250,0.13237732443027814,0.6166251415628539,0.5438647866249084,27
50,0.25,500,250,0.12223716734130298,0.6376745941864854,0.5877294540405273,15
50,0.25,1000,250,0.08985963041739063,0.6885013212533031,0.6448874473571777,10
50,0.25,10,500,0.10482211685976804,0.4629369573423934,0.23013663291931152,24
50,0.25,25,500,0.11484790702938565,0.4818573046432616,0.25602418184280396,22
50,0.25,50,500,0.1504759546184547,0.5675500188750472,0.39426761865615845,18
50,0.25,100,500,0.14374669578868338,0.6391241978104946,0.5686063170433044,17
50,0.25,250,500,0.12812334085331323,0.6181200453001132,0.527668833732605,14
50,0.25,500,500,0.12344124358237704,0.6173197432993582,0.5700893402099609,13
50,0.25,1000,500,0.08985963041739063,0.6885013212533031,0.6448875069618225,10
50,0.25,10,1000,0.12063822133850217,0.2649905624764062,-0.0676485076546669,12
50,0.25,25,1000,0.09671767802528662,0.5325028312570781,0.31763967871665955,13
50,0.25,50,1000,0.1308701920054715,0.5680634201585504,0.3699246644973755,12
50,0.25,100,1000,0.058372330656748045,0.16794261985654965,-0.15103237330913544,8
50,0.25,250,1000,0.1405806085232068,0.6073386183465459,0.5284881591796875,11
50,0.25,500,1000,0.12955601066236613,0.629596073990185,0.5953731536865234,11
50,0.25,1000,1000,0.08985963041739063,0.6885013212533031,0.6448874473571777,10
50,0.25,10,2500,0.013706629636627384,0.017863344658361646,-0.08608375489711761,2
50,0.25,25,2500,0.013700970319711856,0.01787844469611174,-0.08606092631816864,2
50,0.25,50,2500,0.0136695367115951,0.018104945262363156,-0.08611241728067398,2
50,0.25,100,2500,0.013457967981475727,0.01949414873537184,-0.0863986685872078,2
50,0.25,250,2500,0.011861481485630005,0.038459796149490376,-0.08775759488344193,2
50,0.25,500,2500,0.01008422326586134,0.19213288033220083,-0.10765799880027771,2
50,0.25,1000,2500,0.03314250152819418,0.41733484333710835,-0.12658807635307312,2
50,0.25,10,5000,0.0,1.0,,0
50,0.25,25,5000,0.0,1.0,,0
50,0.25,50,5000,0.0,1.0,,0
50,0.25,100,5000,0.02177709540088326,0.7790562476406191,0.45554840564727783,2
50,0.25,250,5000,0.0,1.0,,0
50,0.25,500,5000,0.0,1.0,,0
50,0.25,1000,5000,0.012520162482722237,0.7486145715364289,0.1941213458776474,2
50,0.25,10,10000,0.0,1.0,,0
50,0.25,25,10000,0.0,1.0,,0
50,0.25,50,10000,0.0,1.0,,0
50,0.25,100,10000,0.0,1.0,,0
50,0.25,250,10000,0.0,1.0,,0
50,0.25,500,10000,0.0,1.0,,0
50,0.25,1000,10000,0.0,1.0,,0
50,0.25,10,15000,0.0,1.0,,0
50,0.25,25,15000,0.0,1.0,,0
50,0.25,50,15000,0.0,1.0,,0
50,0.25,100,15000,0.0,1.0,,0
50,0.25,250,15000,0.0,1.0,,0
50,0.25,500,15000,0.0,1.0,,0
50,0.25,1000,15000,0.0,1.0,,0
50,0.25,10,20000,0.0,1.0,,0
50,0.25,25,20000,0.0,1.0,,0
50,0.25,50,20000,0.0,1.0,,0
50,0.25,100,20000,0.0,1.0,,0
50,0.25,250,20000,0.0,1.0,,0
50,0.25,500,20000,0.0,1.0,,0
50,0.25,1000,20000,0.0,1.0,,0
50,0.25,10,22000,0.0,1.0,,0
50,0.25,25,22000,0.0,1.0,,0
50,0.25,50,22000,0.0,1.0,,0
50,0.25,100,22000,0.0,1.0,,0
50,0.25,250,22000,0.0,1.0,,0
50,0.25,500,22000,0.0,1.0,,0
50,0.25,1000,22000,0.0,1.0,,0
75,0.25,10,50,0.48556603127181674,0.06903737259343148,0.5418328642845154,149
75,0.25,25,50,0.4903732116007904,0.08255190637976595,0.5842930674552917,137
75,0.25,50,50,0.48942392024482806,0.05352963382408456,0.5915585160255432,112
75,0.25,100,50,0.4928380830069282,0.08194790486976218,0.6840208768844604,73
75,0.25,250,50,0.5008167132025374,0.11521328803322008,0.7302401661872864,31
75,0.25,500,50,0.5020469680133564,0.17834654586636467,0.800762414932251,18
75,0.25,1000,50,0.5057815125385483,0.20523971309928274,0.839835524559021,12
75,0.25,10,100,0.4901617863293124,0.05946394865987165,0.6437925696372986,88
75,0.25,25,100,0.4958563066679406,0.04138920347300868,0.6617578268051147,79
75,0.25,50,100,0.49360317517700963,0.05535673839184598,0.6835671663284302,79
75,0.25,100,100,0.49832200809538696,0.06464326160815402,0.6750377416610718,65
75,0.25,250,100,0.49705950609040245,0.11465458663646659,0.7377727031707764,31
75,0.25,500,100,0.5030672759548396,0.1455492638731597,0.7499049305915833,16
75,0.25,1000,100,0.5057815125385483,0.20523971309928274,0.8398354649543762,12
75,0.25,10,250,0.49221040233448066,0.08203850509626275,0.6933740377426147,37
75,0.25,25,250,0.5009635836859713,0.053952434881087204,0.6334957480430603,35
75,0.25,50,250,0.5000580037225454,0.05387693469233673,0.6558360457420349,35
75,0.25,100,250,0.49895720018984485,0.08362400906002265,0.7001593112945557,34
75,0.25,250,250,0.49986949224997307,0.10177425443563609,0.7017034888267517,27
75,0.25,500,250,0.503719190201155,0.1482068705171763,0.7505833506584167,15
75,0.25,1000,250,0.5057815125385483,0.20523971309928274,0.8398355841636658,12
75,0.25,10,500,0.5085728851829996,0.06284635711589279,0.6330179572105408,19
75,0.25,25,500,0.50843092208899,0.06246885617214043,0.6345794796943665,19
75,0.25,50,500,0.5057853404644072,0.08320120800302001,0.6667113900184631,20
75,0.25,100,500,0.5091396567225684,0.08018120045300113,0.6446727514266968,16
75,0.25,250,500,0.5046663353781312,0.11297848244620612,0.6953206062316895,16
75,0.25,500,500,0.5056267024129326,0.15556058890147226,0.7583845257759094,14
75,0.25,1000,500,0.5057815125385483,0.20523971309928274,0.8398353457450867,12
75,0.25,10,1000,0.5125673885629353,0.07971309928274821,0.6433464884757996,13
75,0.25,25,1000,0.5114457628945019,0.09402793506983767,0.7023484110832214,14
75,0.25,50,1000,0.5105436133103918,0.07572668931672329,0.6711611151695251,14
75,0.25,100,1000,0.5129860893894621,0.11445828614571536,0.6863505244255066,12
75,0.25,250,1000,0.5110789942251898,0.14352585881464705,0.7290292382240295,12
75,0.25,500,1000,0.5109460420248518,0.17568893922234805,0.7705224752426147,12
75,0.25,1000,1000,0.5057815125385483,0.20523971309928274,0.8398354649543762,12
75,0.25,10,2500,0.5268186119938315,0.1597130992827482,0.6733059883117676,9
75,0.25,25,2500,0.5423444436591021,0.18592676481691203,0.7204310297966003,8
75,0.25,50,2500,0.5659793563441798,0.22755756889392223,0.7728803753852844,7
75,0.25,100,2500,0.5628076273646303,0.24298980747451868,0.7488716244697571,7
75,0.25,250,2500,0.5953147175780811,0.3033899584748962,0.7806407809257507,6
75,0.25,500,2500,0.6094201317211791,0.2370705926764817,0.7328187823295593,5
75,0.25,1000,2500,0.6201463017878681,0.2754246885617214,0.808407187461853,5
75,0.25,10,5000,0.6935076069451076,0.305126462816157,0.7441310286521912,3
75,0.25,25,5000,0.6998491831533785,0.3245149112872782,0.7843031883239746,3
75,0.25,50,5000,0.7017762457059215,0.33730464326160814,0.7963342666625977,3
75,0.25,100,5000,0.6989774464089148,0.33861834654586637,0.8069303631782532,3
75,0.25,250,5000,0.6985275503004725,0.3527368818422046,0.8190353512763977,3
75,0.25,500,5000,0.6865893251196583,0.3455643639109098,0.7992555499076843,3
75,0.25,1000,5000,0.3383497319136594,0.10287655719139298,0.3205459415912628,2
75,0.25,10,10000,0.35050236404141016,0.1186560966402416,0.31485453248023987,2
75,0.25,25,10000,0.35800660963362024,0.1538089845224613,0.31629031896591187,2
75,0.25,50,10000,0.35621966270343375,0.15100037750094375,0.31580501794815063,2
75,0.25,100,10000,0.3431422230352484,0.09991694979237448,0.28811371326446533,2
75,0.25,250,10000,0.34531199641726057,0.09436013590033974,0.3082427382469177,2
75,0.25,500,10000,0.3441274544024144,0.10184975462438656,0.3158375918865204,2
75,0.25,1000,10000,0.3383497319136594,0.10287655719139298,0.32054591178894043,2
75,0.25,10,15000,0.35050236404141016,0.1186560966402416,0.31485462188720703,2
75,0.25,25,15000,0.35800660963362024,0.1538089845224613,0.31629037857055664,2
75,0.25,50,15000,0.35621966270343375,0.15100037750094375,0.31580498814582825,2
75,0.25,100,15000,0.3431422230352484,0.09991694979237448,0.2881138026714325,2
75,0.25,250,15000,0.34531199641726057,0.09436013590033974,0.3082427382469177,2
75,0.25,500,15000,0.3441274544024144,0.10184975462438656,0.3158376216888428,2
75,0.25,1000,15000,0.3383497319136594,0.10287655719139298,0.3205459713935852,2
75,0.25,10,20000,0.0,1.0,,0
75,0.25,25,20000,0.0,1.0,,0
75,0.25,50,20000,0.0,1.0,,0
75,0.25,100,20000,0.0,1.0,,0
75,0.25,250,20000,0.0,1.0,,0
75,0.25,500,20000,0.0,1.0,,0
75,0.25,1000,20000,0.0,1.0,,0
75,0.25,10,22000,0.0,1.0,,0
75,0.25,25,22000,0.0,1.0,,0
75,0.25,50,22000,0.0,1.0,,0
75,0.25,100,22000,0.0,1.0,,0
75,0.25,250,22000,0.0,1.0,,0
75,0.25,500,22000,0.0,1.0,,0
75,0.25,1000,22000,0.0,1.0,,0
100,0.25,10,50,0.47894687276958503,0.08780671951679879,0.257228285074234,176
100,0.25,25,50,0.4900397613558324,0.09985654964137411,0.5370966196060181,150
100,0.25,50,50,0.48929694699511045,0.06338995847489619,0.567602276802063,112
100,0.25,100,50,0.4966460841337989,0.06795016987542468,0.708616316318512,70
100,0.25,250,50,0.4969320049732202,0.12600981502453756,0.7409487962722778,36
100,0.25,500,50,0.5008080733322876,0.15402038505096263,0.7144116163253784,20
100,0.25,1000,50,0.5085497559563222,0.2042733106832767,0.7991212606430054,14
100,0.25,10,100,0.4922914950806566,0.057516043790109474,0.5952262282371521,85
100,0.25,25,100,0.4964165197807477,0.03992449981124953,0.6501948833465576,77
100,0.25,50,100,0.4954949661711065,0.05677614194035485,0.6801271438598633,74
100,0.25,100,100,0.4966963679953208,0.06456776141940355,0.7015790939331055,66
100,0.25,250,100,0.4976794329360475,0.10406946017365043,0.7053807377815247,31
100,0.25,500,100,0.5006446566964163,0.15498678746696867,0.7155014872550964,19
100,0.25,1000,100,0.5077842578542808,0.20031710079275197,0.8118695020675659,13
100,0.25,10,250,0.49856535438674277,0.06118535296338241,0.6489134430885315,38
100,0.25,25,250,0.5005332932902704,0.04736881842204606,0.6319320797920227,39
100,0.25,50,250,0.5019129845840861,0.04237070592676482,0.6189798712730408,36
100,0.25,100,250,0.5014617171627139,0.061895054737636845,0.6422774791717529,35
100,0.25,250,250,0.4992497592238091,0.10461306153265383,0.7088014483451843,29
100,0.25,500,250,0.5002316692390611,0.16196300490751228,0.7736270427703857,15
100,0.25,1000,250,0.5079814028885263,0.19885239713099281,0.7984187006950378,12
100,0.25,10,500,0.5036447451200247,0.08472631181577954,0.6600190997123718,22
100,0.25,25,500,0.5067655865804357,0.04647791619479049,0.6157287359237671,21
100,0.25,50,500,0.5079008417281846,0.054269535673839187,0.63782799243927,21
100,0.25,100,500,0.5087874483455803,0.07057757644394111,0.6638303399085999,20
100,0.25,250,500,0.5025709343131538,0.12492261230653076,0.7420709133148193,17
100,0.25,500,500,0.5002316692390611,0.16196300490751228,0.7736270427703857,15
100,0.25,1000,500,0.5064591486172325,0.20315590788976973,0.7977196574211121,11
100,0.25,10,1000,0.5142574793288279,0.048320120800302,0.6082788109779358,13
100,0.25,25,1000,0.5106308129413576,0.051883729709324276,0.6278513073921204,14
100,0.25,50,1000,0.5122221954713952,0.05953944884862212,0.6363538503646851,13
100,0.25,100,1000,0.5225175296956146,0.07752359380898452,0.5990068316459656,12
100,0.25,250,1000,0.5080941649369037,0.16049830124575312,0.7488521337509155,12
100,0.25,500,1000,0.5092292933961209,0.19794639486598717,0.8012018203735352,11
100,0.25,1000,1000,0.5064591486172325,0.20315590788976973,0.7977196574211121,11
100,0.25,10,2500,0.6009162309567582,0.11663269158172895,0.6149947047233582,7
100,0.25,25,2500,0.5961814936726686,0.13137032842582105,0.6962345242500305,8
100,0.25,50,2500,0.6252255768439277,0.19759909399773498,0.6709266304969788,6
100,0.25,100,2500,0.6378093077852311,0.21585503963759908,0.6301116943359375,5
100,0.25,250,2500,0.6121224187157805,0.20841072102680255,0.589249312877655,4
100,0.25,500,2500,0.6764639762273122,0.34727066817667046,0.8838432431221008,4
100,0.25,1000,2500,0.6813420139837159,0.35309928274820684,0.8830452561378479,4
100,0.25,10,5000,0.665047922486421,0.27157417893544733,0.7715787291526794,3
100,0.25,25,5000,0.6983761208045781,0.3127670819177048,0.7991784811019897,3
100,0.25,50,5000,0.6599501650654795,0.2472631181577954,0.7123544216156006,3
100,0.25,100,5000,0.6104092581770276,0.25593053982634956,0.6453965306282043,3
100,0.25,250,5000,0.6486606088813033,0.26183465458663646,0.7133447527885437,3
100,0.25,500,5000,0.3509836497322775,0.15041147602869007,0.3879964053630829,2
100,0.25,1000,5000,0.7047930699820649,0.3951528878822197,0.7758932113647461,2
100,0.25,10,10000,0.665047922486421,0.27157417893544733,0.771578848361969,3
100,0.25,25,10000,0.35936027633668594,0.15608909022272555,0.41629770398139954,2
100,0.25,50,10000,0.6599501650654795,0.2472631181577954,0.7123544812202454,3
100,0.25,100,10000,0.33495923804282196,0.11237448093620234,0.36531415581703186,2
100,0.25,250,10000,0.6486606088813033,0.26183465458663646,0.7133446335792542,3
100,0.25,500,10000,0.3509836497322775,0.15041147602869007,0.38799649477005005,2
100,0.25,1000,10000,0.7047930699820649,0.3951528878822197,0.7758930921554565,2
100,0.25,10,15000,0.5002351774097638,0.15098527746319365,0.6867714524269104,2
100,0.25,25,15000,0.35936027633668594,0.15608909022272555,0.41629767417907715,2
100,0.25,50,15000,0.3388818121201173,0.11574178935447339,0.3647603690624237,2
100,0.25,100,15000,0.33495923804282196,0.11237448093620234,0.3653140962123871,2
100,0.25,250,15000,0.33358912510894767,0.07679879199697999,0.3602396845817566,2
100,0.25,500,15000,0.3509836497322775,0.15041147602869007,0.38799646496772766,2
100,0.25,1000,15000,0.7047930699820649,0.3951528878822197,0.7758930325508118,2
100,0.25,10,20000,0.5002351774097638,0.15098527746319365,0.6867715120315552,2
100,0.25,25,20000,0.0,1.0,,0
100,0.25,50,20000,0.0,1.0,,0
100,0.25,100,20000,0.0,1.0,,0
100,0.25,250,20000,0.0,1.0,,0
100,0.25,500,20000,0.0,1.0,,0
100,0.25,1000,20000,0.0,1.0,,0
100,0.25,10,22000,0.0,1.0,,0
100,0.25,25,22000,0.0,1.0,,0
100,0.25,50,22000,0.0,1.0,,0
100,0.25,100,22000,0.0,1.0,,0
100,0.25,250,22000,0.0,1.0,,0
100,0.25,500,22000,0.0,1.0,,0
100,0.25,1000,22000,0.0,1.0,,0
10,0.5,10,50,0.10606340182716781,0.4287655719139298,-0.28099408745765686,233
10,0.5,25,50,0.12753139404700664,0.5046734616836542,-0.18521083891391754,183
10,0.5,50,50,0.1250608707576937,0.5666893167232918,-0.07371487468481064,148
10,0.5,100,50,0.11931134568276063,0.6545262363155908,0.2579037845134735,73
10,0.5,250,50,0.08650160660590732,0.7106077765194413,0.4619532525539398,30
10,0.5,500,50,0.0626594841036417,0.7768667421668554,0.5266224145889282,17
10,0.5,1000,50,0.05941723475167482,0.8037146092865232,0.5516625642776489,9
10,0.5,10,100,0.11389739816191617,0.4861910154775387,-0.18013766407966614,106
10,0.5,25,100,0.13125686559567384,0.5455794639486599,-0.04965222626924515,98
10,0.5,50,100,0.11973361121108214,0.6147527368818422,0.08491076529026031,76
10,0.5,100,100,0.1221758702053595,0.652155530388826,0.23088443279266357,62
10,0.5,250,100,0.08713682572747632,0.7132653831634579,0.4933941960334778,27
10,0.5,500,100,0.06586529900344175,0.7389807474518686,0.4331771433353424,15
10,0.5,1000,100,0.05941723475167482,0.8037146092865232,0.5516625642776489,9
10,0.5,10,250,0.12218003594827222,0.5712948282370706,0.04795393347740173,34
10,0.5,25,250,0.13497473295009865,0.644167610419026,0.1221839040517807,27
10,0.5,50,250,0.12564497912251185,0.6549641374103435,0.2609216570854187,25
10,0.5,100,250,0.11294285709238515,0.6834126085315213,0.2805209457874298,23
10,0.5,250,250,0.09882598861937324,0.7114986787466969,0.4162713289260864,23
10,0.5,500,250,0.06647851797301711,0.7455492638731597,0.5189226269721985,12
10,0.5,1000,250,0.05941723475167482,0.8037146092865232,0.5516625642776489,9
10,0.5,10,500,0.12302129249362766,0.6240543601359003,0.2421315312385559,17
10,0.5,25,500,0.11788499836141902,0.6549188372970932,0.3201971650123596,14
10,0.5,50,500,0.12178517585368352,0.6802869007172518,0.38046157360076904,14
10,0.5,100,500,0.11608541855843224,0.7071951679879199,0.2745130956172943,13
10,0.5,250,500,0.08174716991388856,0.7582181955454889,0.5127273797988892,13
10,0.5,500,500,0.06647851797301711,0.7455492638731597,0.5189226269721985,12
10,0.5,1000,500,0.05941723475167482,0.8037146092865232,0.5516626238822937,9
10,0.5,10,1000,0.09824124405198154,0.6626198565496414,0.2565341591835022,11
10,0.5,25,1000,0.09779332214010057,0.6849226123065307,0.39896658062934875,10
10,0.5,50,1000,0.09853859308062826,0.6988599471498679,0.4303303062915802,10
10,0.5,100,1000,0.09171335524730115,0.7319139297848245,0.29443609714508057,9
10,0.5,250,1000,0.09573516470847465,0.7296338240845602,0.30389052629470825,9
10,0.5,500,1000,0.09004195972572858,0.7339524348810872,0.3150254786014557,9
10,0.5,1000,1000,0.0633464955202933,0.8163080407701019,0.525189220905304,8
10,0.5,10,2500,0.05229460008314199,0.22927897319743298,0.47664904594421387,2
10,0.5,25,2500,0.1207540673482336,0.37781804454511136,0.5935977101325989,2
10,0.5,50,2500,0.15217609944689073,0.34215175537938847,0.5878334045410156,2
10,0.5,100,2500,0.15973038293960767,0.37121932804832014,0.5898264646530151,2
10,0.5,250,2500,0.03794978871100662,0.8216232540581352,0.8790218234062195,2
10,0.5,500,2500,0.03708910518758296,0.8072480181200453,0.890159547328949,2
10,0.5,1000,2500,0.07962843803882633,0.7669309173272933,0.8842475414276123,2
10,0.5,10,5000,0.0,1.0,,0
10,0.5,25,5000,0.05172803736424468,0.7332578331445828,0.45998847484588623,2
10,0.5,50,5000,0.0,1.0,,0
10,0.5,100,5000,0.0,1.0,,0
10,0.5,250,5000,0.0,1.0,,0
10,0.5,500,5000,0.0,1.0,,0
10,0.5,1000,5000,0.07962843803882633,0.7669309173272933,0.8842476010322571,2
10,0.5,10,10000,0.0,1.0,,0
10,0.5,25,10000,0.0,1.0,,0
10,0.5,50,10000,0.0,1.0,,0
10,0.5,100,10000,0.0,1.0,,0
10,0.5,250,10000,0.0,1.0,,0
10,0.5,500,10000,0.0,1.0,,0
10,0.5,1000,10000,0.0,1.0,,0
10,0.5,10,15000,0.0,1.0,,0
10,0.5,25,15000,0.0,1.0,,0
10,0.5,50,15000,0.0,1.0,,0
10,0.5,100,15000,0.0,1.0,,0
10,0.5,250,15000,0.0,1.0,,0
10,0.5,500,15000,0.0,1.0,,0
10,0.5,1000,15000,0.0,1.0,,0
10,0.5,10,20000,0.0,1.0,,0
10,0.5,25,20000,0.0,1.0,,0
10,0.5,50,20000,0.0,1.0,,0
10,0.5,100,20000,0.0,1.0,,0
10,0.5,250,20000,0.0,1.0,,0
10,0.5,500,20000,0.0,1.0,,0
10,0.5,1000,20000,0.0,1.0,,0
10,0.5,10,22000,0.0,1.0,,0
10,0.5,25,22000,0.0,1.0,,0
10,0.5,50,22000,0.0,1.0,,0
10,0.5,100,22000,0.0,1.0,,0
10,0.5,250,22000,0.0,1.0,,0
10,0.5,500,22000,0.0,1.0,,0
10,0.5,1000,22000,0.0,1.0,,0
15,0.5,10,50,0.1196563937703783,0.4446206115515289,-0.22039872407913208,237
15,0.5,25,50,0.14990816618921973,0.5035560588901472,-0.22125037014484406,156
15,0.5,50,50,0.16602557550034325,0.5776368440921102,-0.10048508644104004,115
15,0.5,100,50,0.1556578417326174,0.6240845602114006,0.08603575080633163,64
15,0.5,250,50,0.12350999245571197,0.6714080785201963,0.44337472319602966,32
15,0.5,500,50,0.09162666152071208,0.7592298980747452,0.8312291502952576,19
15,0.5,1000,50,0.07221712115178638,0.7912268780671952,0.9434266686439514,10
15,0.5,10,100,0.13009622623869935,0.46139675349188375,-0.19759531319141388,106
15,0.5,25,100,0.16728190665657508,0.5415477538693847,-0.11744057387113571,80
15,0.5,50,100,0.16620737523134557,0.5784522461306153,0.005522504914551973,67
15,0.5,100,100,0.16066178449381716,0.6191015477538694,0.14013971388339996,59
15,0.5,250,100,0.12321103354922523,0.670562476406191,0.4742835462093353,28
15,0.5,500,100,0.09668181732511377,0.7190939977349944,0.6034663319587708,14
15,0.5,1000,100,0.07221712115178638,0.7912268780671952,0.9434266686439514,10
15,0.5,10,250,0.12640213124704155,0.5033748584371461,0.12851227819919586,41
15,0.5,25,250,0.15857439857615907,0.5442355605889014,0.17304638028144836,37
15,0.5,50,250,0.1747448707127911,0.608320120800302,0.3438222408294678,31
15,0.5,100,250,0.167229123082453,0.6030049075122688,0.2989561855792999,27
15,0.5,250,250,0.12876262423924684,0.6682974707436768,0.589246392250061,24
15,0.5,500,250,0.09788283651554838,0.7222046055115138,0.617994487285614,13
15,0.5,1000,250,0.07274877899322069,0.7928576821442054,0.9570622444152832,9
15,0.5,10,500,0.12818833993245776,0.5724575311438279,0.3672370910644531,20
15,0.5,25,500,0.14467548804985583,0.631362778406946,0.40777358412742615,17
15,0.5,50,500,0.1482272294018869,0.6696715741789354,0.628683865070343,14
15,0.5,100,500,0.1557370059058216,0.6322083805209513,0.42573970556259155,16
15,0.5,250,500,0.1276538858214124,0.6754246885617214,0.45894715189933777,12
15,0.5,500,500,0.09727188522863789,0.7309475273688184,0.6953714489936829,11
15,0.5,1000,500,0.07274877899322069,0.7928576821442054,0.9570622444152832,9
15,0.5,10,1000,0.10771894769811918,0.617772744431861,0.4777495265007019,13
15,0.5,25,1000,0.10674682479753744,0.6519139297848244,0.5178042650222778,11
15,0.5,50,1000,0.10707953400951346,0.7130841827104568,0.7330140471458435,10
15,0.5,100,1000,0.13284632667190077,0.644333710834277,0.409812867641449,12
15,0.5,250,1000,0.09325738515487811,0.7098527746319366,0.5321996212005615,9
15,0.5,500,1000,0.09188149174100543,0.7369271423178558,0.6118811964988708,9
15,0.5,1000,1000,0.07597556760564961,0.802400906002265,0.9579391479492188,8
15,0.5,10,2500,0.036724174174799604,0.7178406946017365,0.4526527523994446,3
15,0.5,25,2500,0.04305941486234992,0.7502453756134391,0.5406852960586548,5
15,0.5,50,2500,0.06367463220663583,0.6951000377500943,0.09172780811786652,3
15,0.5,100,2500,0.05053339830920465,0.7454435636089091,0.3605942130088806,5
15,0.5,250,2500,0.0855535934035398,0.7170101925254813,0.24896548688411713,4
15,0.5,500,2500,0.09957506744550552,0.7202869007172518,0.2520495355129242,4
15,0.5,1000,2500,0.06454097873915453,0.7505926764816913,0.4243076741695404,3
15,0.5,10,5000,0.023586719592957352,0.7644545111362778,0.6044594049453735,2
15,0.5,25,5000,0.04115884998038717,0.7633220083050207,0.2948046624660492,2
15,0.5,50,5000,0.0,1.0,,0
15,0.5,100,5000,0.0,1.0,,0
15,0.5,250,5000,0.0,1.0,,0
15,0.5,500,5000,0.03159049615843074,0.8064326160815402,0.5703202486038208,2
15,0.5,1000,5000,0.0305112159707665,0.7986711966779917,0.6964409947395325,2
15,0.5,10,10000,0.0,1.0,,0
15,0.5,25,10000,0.0,1.0,,0
15,0.5,50,10000,0.0,1.0,,0
15,0.5,100,10000,0.0,1.0,,0
15,0.5,250,10000,0.0,1.0,,0
15,0.5,500,10000,0.0,1.0,,0
15,0.5,1000,10000,0.0,1.0,,0
15,0.5,10,15000,0.0,1.0,,0
15,0.5,25,15000,0.0,1.0,,0
15,0.5,50,15000,0.0,1.0,,0
15,0.5,100,15000,0.0,1.0,,0
15,0.5,250,15000,0.0,1.0,,0
15,0.5,500,15000,0.0,1.0,,0
15,0.5,1000,15000,0.0,1.0,,0
15,0.5,10,20000,0.0,1.0,,0
15,0.5,25,20000,0.0,1.0,,0
15,0.5,50,20000,0.0,1.0,,0
15,0.5,100,20000,0.0,1.0,,0
15,0.5,250,20000,0.0,1.0,,0
15,0.5,500,20000,0.0,1.0,,0
15,0.5,1000,20000,0.0,1.0,,0
15,0.5,10,22000,0.0,1.0,,0
15,0.5,25,22000,0.0,1.0,,0
15,0.5,50,22000,0.0,1.0,,0
15,0.5,100,22000,0.0,1.0,,0
15,0.5,250,22000,0.0,1.0,,0
15,0.5,500,22000,0.0,1.0,,0
15,0.5,1000,22000,0.0,1.0,,0
30,0.5,10,50,0.24499917999962884,0.20477161192902982,-0.2543444335460663,170
30,0.5,25,50,0.21223612168440992,0.22452246130615328,-0.22268861532211304,146
30,0.5,50,50,0.17560339836403635,0.3079652699131748,-0.08759082853794098,127
30,0.5,100,50,0.22309336622986248,0.28043790109475275,0.12779057025909424,67
30,0.5,250,50,0.19126441828493987,0.3732276330690827,0.3360064923763275,33
30,0.5,500,50,0.257539515552546,0.3685466213665534,0.6890268325805664,14
30,0.5,1000,50,0.3703537559141734,0.32718761796904494,0.7223809957504272,11
30,0.5,10,100,0.2556850949017186,0.22242355605889014,-0.04446832090616226,84
30,0.5,25,100,0.23680423040917856,0.2456625141562854,0.12353941053152084,73
30,0.5,50,100,0.22828466795538466,0.2702906757266893,0.14950478076934814,68
30,0.5,100,100,0.23602916008116454,0.26837297093242735,0.13993896543979645,61
30,0.5,250,100,0.1939131625681083,0.37188372970932426,0.34910574555397034,29
30,0.5,500,100,0.257539515552546,0.3685466213665534,0.689026951789856,14
30,0.5,1000,100,0.3705820095170356,0.3285919214798037,0.762820303440094,10
30,0.5,10,250,0.2768400142644013,0.2378557946394866,0.1668717861175537,32
30,0.5,25,250,0.23765156867796433,0.28552661381653455,0.2351101189851761,30
30,0.5,50,250,0.2384774085791442,0.2931521328803322,0.22373290359973907,27
30,0.5,100,250,0.23697870098459797,0.2987542468856172,0.2462662309408188,28
30,0.5,250,250,0.1984276246490554,0.3645602114005285,0.31902867555618286,25
30,0.5,500,250,0.257539515552546,0.3685466213665534,0.6890267729759216,14
30,0.5,1000,250,0.3705820095170356,0.3285919214798037,0.7628201246261597,10
30,0.5,10,500,0.26910546154544385,0.28329180822952055,0.6032400727272034,17
30,0.5,25,500,0.2346922898842028,0.3172970932427331,0.6168186068534851,18
30,0.5,50,500,0.22633819616074496,0.3377878444696112,0.6444752812385559,17
30,0.5,100,500,0.226861924087595,0.339524348810872,0.6724069714546204,17
30,0.5,250,500,0.19027441980878057,0.4055417138542846,0.7307432293891907,14
30,0.5,500,500,0.25662933674708205,0.3725330313325783,0.7000132203102112,13
30,0.5,1000,500,0.3705820095170356,0.3285919214798037,0.7628201246261597,10
30,0.5,10,1000,0.2594541060572568,0.32280860702151754,0.6544762253761292,12
30,0.5,25,1000,0.2200178119666523,0.36193280483201207,0.6821156740188599,12
30,0.5,50,1000,0.21274506985611022,0.37318233295583236,0.6896663308143616,12
30,0.5,100,1000,0.21792970272577447,0.37058512646281616,0.7131800055503845,12
30,0.5,250,1000,0.17846515721831863,0.4426727066817667,0.7729672789573669,11
30,0.5,500,1000,0.2505542976968883,0.40714231785579463,0.728000283241272,10
30,0.5,1000,1000,0.36053775174484926,0.3270064175160438,0.7300868034362793,9
30,0.5,10,2500,0.45895066499078135,0.3488108720271801,0.7114103436470032,4
30,0.5,25,2500,0.43653019251571107,0.3752812382030955,0.7702482342720032,4
30,0.5,50,2500,0.4181836689121498,0.3919667799169498,0.792935311794281,4
30,0.5,100,2500,0.3854427122660357,0.2842884107210268,0.6330614686012268,6
30,0.5,250,2500,0.332627998426978,0.3087051717629294,0.5564945340156555,5
30,0.5,500,2500,0.3792209417856042,0.4056323140807852,0.7346952557563782,4
30,0.5,1000,2500,0.35579620749710994,0.3783465458663647,0.6162475347518921,4
30,0.5,10,5000,0.5399035833399155,0.4547527368818422,0.7741647958755493,2
30,0.5,25,5000,0.515712898576708,0.4848622121555304,0.8226932883262634,2
30,0.5,50,5000,0.492681457719242,0.5015779539448849,0.8446054458618164,2
30,0.5,100,5000,0.39599584108108565,0.4375084937712344,0.68794846534729,2
30,0.5,250,5000,0.32281198547425083,0.39741789354473384,0.6540842056274414,2
30,0.5,500,5000,0.33263807075550406,0.4123367308418271,0.677026093006134,2
30,0.5,1000,5000,0.40648803192314137,0.46680256700641753,0.7489383816719055,2
30,0.5,10,10000,0.5399035833399155,0.4547527368818422,0.7741647958755493,2
30,0.5,25,10000,0.515712898576708,0.4848622121555304,0.8226933479309082,2
30,0.5,50,10000,0.492681457719242,0.5015779539448849,0.8446052670478821,2
30,0.5,100,10000,0.39599584108108565,0.4375084937712344,0.6879485249519348,2
30,0.5,250,10000,0.32281198547425083,0.39741789354473384,0.6540842652320862,2
30,0.5,500,10000,0.33263807075550406,0.4123367308418271,0.6770260334014893,2
30,0.5,1000,10000,0.40648803192314137,0.46680256700641753,0.7489385008811951,2
30,0.5,10,15000,0.5399035833399155,0.4547527368818422,0.7741648554801941,2
30,0.5,25,15000,0.515712898576708,0.4848622121555304,0.822693407535553,2
30,0.5,50,15000,0.492681457719242,0.5015779539448849,0.8446053266525269,2
30,0.5,100,15000,0.39599584108108565,0.4375084937712344,0.68794846534729,2
30,0.5,250,15000,0.32281198547425083,0.39741789354473384,0.6540842652320862,2
30,0.5,500,15000,0.0,1.0,,0
30,0.5,1000,15000,0.40648803192314137,0.46680256700641753,0.7489385008811951,2
30,0.5,10,20000,0.0,1.0,,0
30,0.5,25,20000,0.0,1.0,,0
30,0.5,50,20000,0.0,1.0,,0
30,0.5,100,20000,0.0,1.0,,0
30,0.5,250,20000,0.0,1.0,,0
30,0.5,500,20000,0.0,1.0,,0
30,0.5,1000,20000,0.0,1.0,,0
30,0.5,10,22000,0.0,1.0,,0
30,0.5,25,22000,0.0,1.0,,0
30,0.5,50,22000,0.0,1.0,,0
30,0.5,100,22000,0.0,1.0,,0
30,0.5,250,22000,0.0,1.0,,0
30,0.5,500,22000,0.0,1.0,,0
30,0.5,1000,22000,0.0,1.0,,0
50,0.5,10,50,0.479740596502087,0.06509626274065686,0.06793172657489777,149
50,0.5,25,50,0.48411480889560177,0.06180445451113628,0.08894085884094238,130
50,0.5,50,50,0.4815035087025095,0.06784446961117403,0.2322327047586441,110
50,0.5,100,50,0.4783754735309899,0.11498678746696867,0.3971112370491028,71
50,0.5,250,50,0.49092836522930483,0.13647414118535298,0.6368950009346008,31
50,0.5,500,50,0.496658940195863,0.18480936202340506,0.7573333978652954,17
50,0.5,1000,50,0.4983942762901419,0.22384295960739903,0.820327639579773,13
50,0.5,10,100,0.4819916598091557,0.05674594186485466,0.21043606102466583,86
50,0.5,25,100,0.4888399880513138,0.04924122310305776,0.5845537781715393,72
50,0.5,50,100,0.482452846137547,0.07762929407323518,0.3421640694141388,72
50,0.5,100,100,0.4795005177879705,0.11278218195545489,0.6461336016654968,62
50,0.5,250,100,0.4910224065858026,0.1385277463193658,0.649689257144928,29
50,0.5,500,100,0.496658940195863,0.18480936202340506,0.757333517074585,17
50,0.5,1000,100,0.49598708111372564,0.21567383918459795,0.8183344006538391,12
50,0.5,10,250,0.49124511921649977,0.06865987164967913,0.601995587348938,35
50,0.5,25,250,0.49073307213527967,0.07501698754246885,0.5580052137374878,34
50,0.5,50,250,0.4894551610419637,0.08758021895054738,0.5841997265815735,31
50,0.5,100,250,0.4901346930392932,0.08626651566628916,0.5807033181190491,30
50,0.5,250,250,0.4919634571001526,0.13023782559456398,0.7012947797775269,26
50,0.5,500,250,0.4963958487185683,0.18187995469988674,0.7633557915687561,16
50,0.5,1000,250,0.49598708111372564,0.21567383918459795,0.8183344006538391,12
50,0.5,10,500,0.49459515657374503,0.12034730086825217,0.6621739864349365,18
50,0.5,25,500,0.4950508820646281,0.11198187995469988,0.6367040276527405,18
50,0.5,50,500,0.4950523688886806,0.11368818422046055,0.6455239653587341,19
50,0.5,100,500,0.49213544233613377,0.11341638354095886,0.6699510812759399,21
50,0.5,250,500,0.49340162107956603,0.17241223103057757,0.7703534960746765,16
50,0.5,500,500,0.49639965741804437,0.17454133635334088,0.7666478753089905,15
50,0.5,1000,500,0.49598708111372564,0.21567383918459795,0.8183344006538391,12
50,0.5,10,1000,0.5047951921855368,0.1372140430351076,0.6654155254364014,12
50,0.5,25,1000,0.5034655603347611,0.13777274443186108,0.6533641219139099,12
50,0.5,50,1000,0.5043513673062525,0.14853907134767838,0.6735731363296509,12
50,0.5,100,1000,0.501376903339372,0.16807852019630048,0.7339553833007812,12
50,0.5,250,1000,0.5010560927996126,0.18052095130237825,0.7574150562286377,12
50,0.5,500,1000,0.5045705807889179,0.19078897697244243,0.7674764394760132,12
50,0.5,1000,1000,0.49598708111372564,0.21567383918459795,0.8183344602584839,12
50,0.5,10,2500,0.5596694952361915,0.22101925254813137,0.745586633682251,7
50,0.5,25,2500,0.5679456660822034,0.26582106455266136,0.7312839031219482,7
50,0.5,50,2500,0.5743589842773008,0.25120422801057,0.7712686657905579,6
50,0.5,100,2500,0.5970705422199915,0.316964892412231,0.8437271118164062,5
50,0.5,250,2500,0.5530716308194703,0.27741789354473384,0.7998561263084412,4
50,0.5,500,2500,0.5741667542292372,0.30036995092487734,0.8557301759719849,5
50,0.5,1000,2500,0.670079456494953,0.3471649679124198,0.8682159781455994,3
50,0.5,10,5000,0.5245773258274943,0.19199697999244997,0.6948614120483398,3
50,0.5,25,5000,0.640349110343245,0.27983389958474897,0.7896348237991333,3
50,0.5,50,5000,0.530504543260303,0.2204454511136278,0.7068113088607788,3
50,0.5,100,5000,0.5477810808694578,0.27399018497546246,0.7264239192008972,3
50,0.5,250,5000,0.5530716308194703,0.27741789354473384,0.7998562455177307,4
50,0.5,500,5000,0.4613276652095931,0.2885919214798037,0.5905144810676575,2
50,0.5,1000,5000,0.7204239227369942,0.397765194412986,0.9210886359214783,2
50,0.5,10,10000,0.5245773258274943,0.19199697999244997,0.6948613524436951,3
50,0.5,25,10000,0.640349110343245,0.27983389958474897,0.7896349430084229,3
50,0.5,50,10000,0.530504543260303,0.2204454511136278,0.7068113684654236,3
50,0.5,100,10000,0.5477810808694578,0.27399018497546246,0.7264239192008972,3
50,0.5,250,10000,0.534826550164966,0.2527897319743299,0.7228686809539795,3
50,0.5,500,10000,0.4613276652095931,0.2885919214798037,0.5905143618583679,2
50,0.5,1000,10000,0.7204239227369942,0.397765194412986,0.9210886359214783,2
50,0.5,10,15000,0.5245773258274943,0.19199697999244997,0.6948614120483398,3
50,0.5,25,15000,0.3217563049070529,0.0644318610796527,0.46900004148483276,2
50,0.5,50,15000,0.530504543260303,0.2204454511136278,0.7068113684654236,3
50,0.5,100,15000,0.3513534368365226,0.15494148735371838,0.46558281779289246,2
50,0.5,250,15000,0.534826550164966,0.2527897319743299,0.7228687405586243,3
50,0.5,500,15000,0.4613276652095931,0.2885919214798037,0.5905144214630127,2
50,0.5,1000,15000,0.7204239227369942,0.397765194412986,0.9210886359214783,2
50,0.5,10,20000,0.0,1.0,,0
50,0.5,25,20000,0.0,1.0,,0
50,0.5,50,20000,0.0,1.0,,0
50,0.5,100,20000,0.0,1.0,,0
50,0.5,250,20000,0.0,1.0,,0
50,0.5,500,20000,0.0,1.0,,0
50,0.5,1000,20000,0.0,1.0,,0
50,0.5,10,22000,0.0,1.0,,0
50,0.5,25,22000,0.0,1.0,,0
50,0.5,50,22000,0.0,1.0,,0
50,0.5,100,22000,0.0,1.0,,0
50,0.5,250,22000,0.0,1.0,,0
50,0.5,500,22000,0.0,1.0,,0
50,0.5,1000,22000,0.0,1.0,,0
75,0.5,10,50,0.48496847570796725,0.07972819932049831,-0.01726650446653366,149
75,0.5,25,50,0.48474214032256935,0.07640619101547753,0.447177529335022,128
75,0.5,50,50,0.48875991900490245,0.056625141562853906,0.5565265417098999,107
75,0.5,100,50,0.4943253268667589,0.09217063042657607,0.7194339036941528,67
75,0.5,250,50,0.4998598891438258,0.14734616836542092,0.725575864315033,32
75,0.5,500,50,0.5017069787294985,0.1814873537183843,0.7888832092285156,20
75,0.5,1000,50,0.502708882047774,0.22396375990939976,0.8371105790138245,12
75,0.5,10,100,0.4886537658876854,0.06379765949414873,0.5923639535903931,80
75,0.5,25,100,0.48772440604579836,0.056821442053605134,0.5418561100959778,75
75,0.5,50,100,0.4932969604000393,0.06405436013590034,0.6678751707077026,66
75,0.5,100,100,0.4941191952049287,0.08626651566628916,0.7036142349243164,59
75,0.5,250,100,0.4986888841180707,0.1404303510758777,0.7216656804084778,30
75,0.5,500,100,0.500448061468914,0.175039637599094,0.7658001780509949,18
75,0.5,1000,100,0.502708882047774,0.22396375990939976,0.8371105194091797,12
75,0.5,10,250,0.4966938069254957,0.07127217818044546,0.6519047021865845,36
75,0.5,25,250,0.4972617842811209,0.07658739146847868,0.6695465445518494,35
75,0.5,50,250,0.4961402540900093,0.08896942242355606,0.6853938698768616,34
75,0.5,100,250,0.49646624644523746,0.09774254435636089,0.6723099946975708,32
75,0.5,250,250,0.4999993731525785,0.1452472631181578,0.7538484334945679,28
75,0.5,500,250,0.4994385171910594,0.16203850509626275,0.7641465067863464,17
75,0.5,1000,250,0.502708882047774,0.22396375990939976,0.8371105790138245,12
75,0.5,10,500,0.49710534074547846,0.11063797659494148,0.7092590928077698,23
75,0.5,25,500,0.49794705099168063,0.09502453756134391,0.679010272026062,23
75,0.5,50,500,0.4983532471324226,0.09451113627784069,0.6676890850067139,21
75,0.5,100,500,0.5003495540817596,0.1017440543601359,0.693556547164917,20
75,0.5,250,500,0.5021030138387652,0.1210721026802567,0.6977930665016174,17
75,0.5,500,500,0.49959985634214515,0.16694601736504341,0.772418737411499,16
75,0.5,1000,500,0.502708882047774,0.22396375990939976,0.8371108174324036,12
75,0.5,10,1000,0.5080985545384807,0.15858059645149114,0.7189117074012756,12
75,0.5,25,1000,0.5087111306900983,0.1320951302378256,0.69083172082901,12
75,0.5,50,1000,0.507722816154776,0.1468176670441676,0.672911524772644,12
75,0.5,100,1000,0.5076874365148231,0.141759154397886,0.6965018510818481,12
75,0.5,250,1000,0.5064946838244612,0.16546621366553416,0.7212437391281128,12
75,0.5,500,1000,0.504899587921159,0.19868629671574178,0.7768093347549438,12
75,0.5,1000,1000,0.502708882047774,0.22396375990939976,0.8371107578277588,12
75,0.5,10,2500,0.6575787971993035,0.30372215930539825,0.7948721647262573,5
75,0.5,25,2500,0.5556256087782339,0.2345941864854662,0.6140044331550598,5
75,0.5,50,2500,0.5928820924219032,0.3055039637599094,0.783551037311554,6
75,0.5,100,2500,0.5624402824123053,0.2682370705926765,0.7758864760398865,7
75,0.5,250,2500,0.6049432380996693,0.34730086825217066,0.916046679019928,4
75,0.5,500,2500,0.5490005029935509,0.30198565496413743,0.6115001440048218,3
75,0.5,1000,2500,0.5502764815136536,0.2861457153642884,0.7057785391807556,4
75,0.5,10,5000,0.3568842220997052,0.1610872027180068,0.3045039474964142,2
75,0.5,25,5000,0.3487713644155653,0.13516043790109475,0.30283889174461365,2
75,0.5,50,5000,0.348642364330149,0.14994337485843715,0.2888464331626892,2
75,0.5,100,5000,0.37503433045816115,0.17256323140807853,0.2887873649597168,2
75,0.5,250,5000,0.3573539960629052,0.15018497546243867,0.3265403211116791,2
75,0.5,500,5000,0.34926304162306476,0.11960739901849754,0.30969002842903137,2
75,0.5,1000,5000,0.640823681277749,0.37890524726311814,0.6925014853477478,2
75,0.5,10,10000,0.3568842220997052,0.1610872027180068,0.3045039772987366,2
75,0.5,25,10000,0.3487713644155653,0.13516043790109475,0.3028389513492584,2
75,0.5,50,10000,0.348642364330149,0.14994337485843715,0.2888464629650116,2
75,0.5,100,10000,0.37503433045816115,0.17256323140807853,0.2887873649597168,2
75,0.5,250,10000,0.3573539960629052,0.15018497546243867,0.326540470123291,2
75,0.5,500,10000,0.34926304162306476,0.11960739901849754,0.30969005823135376,2
75,0.5,1000,10000,0.640823681277749,0.37890524726311814,0.6925014853477478,2
75,0.5,10,15000,0.3568842220997052,0.1610872027180068,0.3045039772987366,2
75,0.5,25,15000,0.3487713644155653,0.13516043790109475,0.30283889174461365,2
75,0.5,50,15000,0.348642364330149,0.14994337485843715,0.288846492767334,2
75,0.5,100,15000,0.37503433045816115,0.17256323140807853,0.2887873649597168,2
75,0.5,250,15000,0.3573539960629052,0.15018497546243867,0.32654044032096863,2
75,0.5,500,15000,0.34926304162306476,0.11960739901849754,0.309689998626709,2
75,0.5,1000,15000,0.640823681277749,0.37890524726311814,0.6925015449523926,2
75,0.5,10,20000,0.0,1.0,,0
75,0.5,25,20000,0.0,1.0,,0
75,0.5,50,20000,0.0,1.0,,0
75,0.5,100,20000,0.0,1.0,,0
75,0.5,250,20000,0.0,1.0,,0
75,0.5,500,20000,0.0,1.0,,0
75,0.5,1000,20000,0.0,1.0,,0
75,0.5,10,22000,0.0,1.0,,0
75,0.5,25,22000,0.0,1.0,,0
75,0.5,50,22000,0.0,1.0,,0
75,0.5,100,22000,0.0,1.0,,0
75,0.5,250,22000,0.0,1.0,,0
75,0.5,500,22000,0.0,1.0,,0
75,0.5,1000,22000,0.0,1.0,,0
100,0.5,10,50,0.4821199735525149,0.08131370328425822,-0.1881549209356308,165
100,0.5,25,50,0.49113706286386377,0.058724046810117024,0.17452222108840942,127
100,0.5,50,50,0.487053474354311,0.07264628161570404,0.20169726014137268,109
100,0.5,100,50,0.48990496616884943,0.09879954699886749,0.7169237732887268,63
100,0.5,250,50,0.49953861336362787,0.12922612306530767,0.7139810919761658,31
100,0.5,500,50,0.49927791918898384,0.17467723669309174,0.752569317817688,18
100,0.5,1000,50,0.5041367798690403,0.22639486598716496,0.77912437915802,13
100,0.5,10,100,0.4863143024032692,0.07460928652321631,0.008002523332834244,86
100,0.5,25,100,0.4969567206753852,0.03995469988674972,0.6114150285720825,77
100,0.5,50,100,0.4989220606825394,0.04499811249528124,0.6528163552284241,66
100,0.5,100,100,0.49464421880433673,0.08382030955077388,0.695406436920166,59
100,0.5,250,100,0.4983196980461954,0.11705549263873159,0.6892266273498535,30
100,0.5,500,100,0.4992276278582067,0.17546243865609665,0.7576855421066284,17
100,0.5,1000,100,0.5041367798690403,0.22639486598716496,0.77912437915802,13
100,0.5,10,250,0.4986531538711636,0.060958852397130996,0.6153554916381836,37
100,0.5,25,250,0.5005556641475551,0.06435636089090223,0.607751190662384,32
100,0.5,50,250,0.501846180107167,0.055039637599094,0.5967862010002136,31
100,0.5,100,250,0.5015099344485148,0.06358625896564742,0.595042884349823,28
100,0.5,250,250,0.4988877928823205,0.10669686674216686,0.6657639741897583,27
100,0.5,500,250,0.4992276278582067,0.17546243865609665,0.7576857209205627,17
100,0.5,1000,250,0.5041367798690403,0.22639486598716496,0.7791242599487305,13
100,0.5,10,500,0.5024339040178153,0.07870139675349189,0.6006592512130737,21
100,0.5,25,500,0.5017278907862712,0.09112872782181955,0.6152642369270325,21
100,0.5,50,500,0.5004624028984958,0.09176292940732352,0.6170851588249207,21
100,0.5,100,500,0.5004372541829148,0.09487353718384296,0.620334267616272,20
100,0.5,250,500,0.49884940864961036,0.13201963004907513,0.6904588937759399,18
100,0.5,500,500,0.5007871089771382,0.18275575688939222,0.7669221758842468,16
100,0.5,1000,500,0.5035956136808655,0.21656474141185353,0.7690828442573547,11
100,0.5,10,1000,0.5087311368534686,0.11207248018120046,0.6065528392791748,14
100,0.5,25,1000,0.5121480695809851,0.10798036995092487,0.6016765832901001,13
100,0.5,50,1000,0.5069844696850997,0.12664401661004152,0.646607518196106,13
100,0.5,100,1000,0.5067947729737092,0.11599848999622499,0.6093989610671997,14
100,0.5,250,1000,0.503798936160387,0.14560966402416006,0.6828159093856812,14
100,0.5,500,1000,0.5037284626404583,0.16792751981879955,0.7449276447296143,12
100,0.5,1000,1000,0.5035956136808655,0.21656474141185353,0.7690828442573547,11
100,0.5,10,2500,0.6325095079663811,0.28952812382030957,0.7377055883407593,5
100,0.5,25,2500,0.6476141139735735,0.27323518308795774,0.6998217701911926,5
100,0.5,50,2500,0.6622715478564183,0.2795016987542469,0.7118444442749023,5
100,0.5,100,2500,0.6512809039404635,0.2772064930162325,0.708595335483551,5
100,0.5,250,2500,0.6237555358526549,0.2799546998867497,0.7015253305435181,5
100,0.5,500,2500,0.6411751949309857,0.29460173650434124,0.8346675634384155,4
100,0.5,1000,2500,0.6743106409948291,0.3127368818422046,0.8290079832077026,3
100,0.5,10,5000,0.7946019138818798,0.3856700641751604,0.9577512741088867,2
100,0.5,25,5000,0.7112151516728974,0.3871045677614194,0.7564423680305481,2
100,0.5,50,5000,0.451213991205514,0.2394412986032465,0.4561188220977783,2
100,0.5,100,5000,0.5507280224919986,0.21574933937334842,0.6244242787361145,3
100,0.5,250,5000,0.5836959067703882,0.27551528878822196,0.7446678876876831,3
100,0.5,500,5000,0.698687532900859,0.29436013590033977,0.9381107091903687,3
100,0.5,1000,5000,0.6195640327002385,0.3081917704794262,0.7106538414955139,2
100,0.5,10,10000,0.7946019138818798,0.3856700641751604,0.9577511548995972,2
100,0.5,25,10000,0.7112151516728974,0.3871045677614194,0.7564423680305481,2
100,0.5,50,10000,0.451213991205514,0.2394412986032465,0.4561189115047455,2
100,0.5,100,10000,0.6385549564428835,0.3309324273310683,0.6020111441612244,2
100,0.5,250,10000,0.44383404439989727,0.2488637221593054,0.4840126633644104,2
100,0.5,500,10000,0.5952124673275508,0.28394110985277465,0.677217960357666,2
100,0.5,1000,10000,0.6195640327002385,0.3081917704794262,0.7106537222862244,2
100,0.5,10,15000,0.7946019138818798,0.3856700641751604,0.9577512741088867,2
100,0.5,25,15000,0.7112151516728974,0.3871045677614194,0.7564421892166138,2
100,0.5,50,15000,0.451213991205514,0.2394412986032465,0.45611903071403503,2
100,0.5,100,15000,0.6385549564428835,0.3309324273310683,0.6020112633705139,2
100,0.5,250,15000,0.44383404439989727,0.2488637221593054,0.4840126037597656,2
100,0.5,500,15000,0.5952124673275508,0.28394110985277465,0.677217960357666,2
100,0.5,1000,15000,0.6195640327002385,0.3081917704794262,0.7106537222862244,2
100,0.5,10,20000,0.0,1.0,,0
100,0.5,25,20000,0.0,1.0,,0
100,0.5,50,20000,0.0,1.0,,0
100,0.5,100,20000,0.0,1.0,,0
100,0.5,250,20000,0.0,1.0,,0
100,0.5,500,20000,0.5952124673275508,0.28394110985277465,0.6772177815437317,2
100,0.5,1000,20000,0.6195640327002385,0.3081917704794262,0.7106537222862244,2
100,0.5,10,22000,0.0,1.0,,0
100,0.5,25,22000,0.0,1.0,,0
100,0.5,50,22000,0.0,1.0,,0
100,0.5,100,22000,0.0,1.0,,0
100,0.5,250,22000,0.0,1.0,,0
100,0.5,500,22000,0.0,1.0,,0
100,0.5,1000,22000,0.0,1.0,,0
10,0.75,10,50,0.09405312911434362,0.44067950169875425,-0.3002619445323944,233
10,0.75,25,50,0.12584748285138037,0.49955454888637224,-0.31570425629615784,174
10,0.75,50,50,0.18158455491715567,0.43853529633824084,-0.39800015091896057,102
10,0.75,100,50,0.1252620645220738,0.6270592676481691,-0.12624168395996094,72
10,0.75,250,50,0.11605201728618941,0.61440543601359,-0.0036134133115410805,25
10,0.75,500,50,0.10090879158074358,0.6615930539826349,0.13866382837295532,13
10,0.75,1000,50,0.08676040058539027,0.7077689694224235,0.2152322381734848,10
10,0.75,10,100,0.1168172408333766,0.5116345790864477,-0.25381726026535034,109
10,0.75,25,100,0.17531454816511233,0.43101547753869385,-0.37383314967155457,74
10,0.75,50,100,0.18411744842544567,0.46003775009437525,-0.35321736335754395,62
10,0.75,100,100,0.1248647849268961,0.6025368063420159,-0.1941511631011963,60
10,0.75,250,100,0.11510058518699855,0.6163533408833523,0.0006606290698982775,23
10,0.75,500,100,0.10042633261428432,0.6626349565873915,0.17223483324050903,12
10,0.75,1000,100,0.08676040058539027,0.7077689694224235,0.2152322381734848,10
10,0.75,10,250,0.13251652039204745,0.5751000377500943,-0.05424505099654198,30
10,0.75,25,250,0.16706570074992974,0.5088561721404303,-0.1472683846950531,25
10,0.75,50,250,0.16661736953755937,0.5254058135145337,-0.1672343760728836,25
10,0.75,100,250,0.1292812237186527,0.5967987919969799,-0.06016929820179939,23
10,0.75,250,250,0.11425100019174576,0.6185881464703662,0.0026662086602300406,21
10,0.75,500,250,0.10042633261428432,0.6626349565873915,0.17223484814167023,12
10,0.75,1000,250,0.08676040058539027,0.7077689694224235,0.2152322381734848,10
10,0.75,10,500,0.1654069394898338,0.5573272933182333,-0.1013813316822052,14
10,0.75,25,500,0.16324796924911905,0.546711966779917,-0.06168395280838013,14
10,0.75,50,500,0.15009554240215148,0.5909701774254436,-0.017238328233361244,12
10,0.75,100,500,0.12241162093963126,0.6309852774631937,0.07149975001811981,11
10,0.75,250,500,0.10372834775076561,0.6656398640996603,0.10543429851531982,12
10,0.75,500,500,0.10042633261428432,0.6626349565873915,0.17223484814167023,12
10,0.75,1000,500,0.09776117284424589,0.7042053605134013,0.08970524370670319,8
10,0.75,10,1000,0.1512761316522963,0.5852321630804077,0.0118760596960783,10
10,0.75,25,1000,0.1284216902978693,0.5877085692714232,-0.026493029668927193,9
10,0.75,50,1000,0.13502970821102447,0.6093167232918082,0.0019185090204700828,9
10,0.75,100,1000,0.11685421328661232,0.6382332955832389,0.059237733483314514,9
10,0.75,250,1000,0.10281790931203041,0.6982861457153643,0.1479799598455429,8
10,0.75,500,1000,0.1031512465051224,0.6782030955077387,0.11492662131786346,9
10,0.75,1000,1000,0.09776117284424589,0.7042053605134013,0.08970525115728378,8
10,0.75,10,2500,0.07178599388509892,0.2211551528878822,0.235928475856781,2
10,0.75,25,2500,0.12145610594043543,0.28413741034352585,0.26318809390068054,2
10,0.75,50,2500,0.12634166138316638,0.2817214043035108,0.2795570194721222,2
10,0.75,100,2500,0.15728046294229361,0.331838429596074,0.29744768142700195,2
10,0.75,250,2500,0.15672038288939305,0.38458286145715365,0.3221212923526764,2
10,0.75,500,2500,0.052739780452837406,0.775855039637599,0.05424303933978081,3
10,0.75,1000,2500,0.09548749077043896,0.6308493771234428,-0.2732979357242584,2
10,0.75,10,5000,0.0,1.0,,0
10,0.75,25,5000,0.0,1.0,,0
10,0.75,50,5000,0.0,1.0,,0
10,0.75,100,5000,0.0,1.0,,0
10,0.75,250,5000,0.0,1.0,,0
10,0.75,500,5000,0.0,1.0,,0
10,0.75,1000,5000,0.0,1.0,,0
10,0.75,10,10000,0.0,1.0,,0
10,0.75,25,10000,0.0,1.0,,0
10,0.75,50,10000,0.0,1.0,,0
10,0.75,100,10000,0.0,1.0,,0
10,0.75,250,10000,0.0,1.0,,0
10,0.75,500,10000,0.0,1.0,,0
10,0.75,1000,10000,0.0,1.0,,0
10,0.75,10,15000,0.0,1.0,,0
10,0.75,25,15000,0.0,1.0,,0
10,0.75,50,15000,0.0,1.0,,0
10,0.75,100,15000,0.0,1.0,,0
10,0.75,250,15000,0.0,1.0,,0
10,0.75,500,15000,0.0,1.0,,0
10,0.75,1000,15000,0.0,1.0,,0
10,0.75,10,20000,0.0,1.0,,0
10,0.75,25,20000,0.0,1.0,,0
10,0.75,50,20000,0.0,1.0,,0
10,0.75,100,20000,0.0,1.0,,0
10,0.75,250,20000,0.0,1.0,,0
10,0.75,500,20000,0.0,1.0,,0
10,0.75,1000,20000,0.0,1.0,,0
10,0.75,10,22000,0.0,1.0,,0
10,0.75,25,22000,0.0,1.0,,0
10,0.75,50,22000,0.0,1.0,,0
10,0.75,100,22000,0.0,1.0,,0
10,0.75,250,22000,0.0,1.0,,0
10,0.75,500,22000,0.0,1.0,,0
10,0.75,1000,22000,0.0,1.0,,0
15,0.75,10,50,0.1085942424426096,0.4289920724801812,-0.3248906433582306,220
15,0.75,25,50,0.142482686877222,0.5286825217063043,-0.23628395795822144,152
15,0.75,50,50,0.1554517704352162,0.5839788599471498,-0.1952662467956543,122
15,0.75,100,50,0.1442924829060604,0.64478671196678,0.06687284260988235,60
15,0.75,250,50,0.10973564440997277,0.6912344280860702,0.2674688398838043,32
15,0.75,500,50,0.0850390428043748,0.74719516798792,0.6720774173736572,17
15,0.75,1000,50,0.07136516905853345,0.7855341638354096,0.9046413898468018,11
15,0.75,10,100,0.1201819265830036,0.4775839939599849,-0.14201205968856812,91
15,0.75,25,100,0.148962010611801,0.5543676859192148,-0.02490316331386566,81
15,0.75,50,100,0.16120728043693974,0.5983842959607399,-0.04616747051477432,61
15,0.75,100,100,0.14181135318137422,0.6399848999622499,0.09723106026649475,52
15,0.75,250,100,0.11511932664788317,0.6887278218195545,0.45499923825263977,25
15,0.75,500,100,0.08579947140488826,0.7476632691581729,0.6851519346237183,15
15,0.75,1000,100,0.07098863284825764,0.7867723669309173,0.9315812587738037,10
15,0.75,10,250,0.1300014563085719,0.4970781426953567,0.0552641898393631,42
15,0.75,25,250,0.1576860088293343,0.593114382785957,0.1409967690706253,33
15,0.75,50,250,0.1507073385391595,0.6159456398640997,0.1854475885629654,29
15,0.75,100,250,0.1540807194628531,0.6497093242733106,0.38155391812324524,27
15,0.75,250,250,0.11310118426387931,0.6956587391468478,0.4531395435333252,23
15,0.75,500,250,0.09032618477199864,0.739358248395621,0.7315300107002258,11
15,0.75,1000,250,0.07877936474200173,0.7768214420536051,0.8313250541687012,9
15,0.75,10,500,0.1020561291169809,0.5225972064930162,0.10380417853593826,19
15,0.75,25,500,0.13809850851359687,0.6375084937712344,0.3076940178871155,16
15,0.75,50,500,0.1255320603290144,0.6639637599093998,0.3850123882293701,17
15,0.75,100,500,0.1407042509058364,0.6748659871649679,0.4737783968448639,15
15,0.75,250,500,0.11027313103035058,0.7122687806719517,0.6506803631782532,14
15,0.75,500,500,0.09032618477199864,0.739358248395621,0.7315298318862915,11
15,0.75,1000,500,0.07877936474200173,0.7768214420536051,0.831325113773346,9
15,0.75,10,1000,0.08730217454018811,0.560317100792752,0.29966700077056885,14
15,0.75,25,1000,0.13881541616708484,0.6619554548886373,0.362041175365448,11
15,0.75,50,1000,0.10870880759813256,0.7166779916949793,0.5949864387512207,11
15,0.75,100,1000,0.11804704914805061,0.7213288033220083,0.7004773616790771,11
15,0.75,250,1000,0.07489850918708539,0.7660551151377878,0.9106098413467407,9
15,0.75,500,1000,0.0853595215997747,0.7463495658739147,0.8231834769248962,9
15,0.75,1000,1000,0.07731823671514619,0.7728652321630805,0.8217816948890686,8
15,0.75,10,2500,0.0041481105751963844,0.05337863344658362,-0.03804974630475044,2
15,0.75,25,2500,0.05593971455320741,0.8100113250283125,0.5836664438247681,3
15,0.75,50,2500,0.051221299853199016,0.8229369573423934,0.22493119537830353,3
15,0.75,100,2500,0.05016235743604551,0.7941109852774632,0.1289643943309784,2
15,0.75,250,2500,0.05070916118334002,0.7866515666289166,0.26534363627433777,2
15,0.75,500,2500,0.09899594527286219,0.7136881842204605,0.025539441034197807,2
15,0.75,1000,2500,0.05710809835929244,0.7792827482068705,0.501634418964386,3
15,0.75,10,5000,0.0,1.0,,0
15,0.75,25,5000,0.09188788076023263,0.7862287655719139,0.6021764278411865,2
15,0.75,50,5000,0.0,1.0,,0
15,0.75,100,5000,0.0,1.0,,0
15,0.75,250,5000,0.0,1.0,,0
15,0.75,500,5000,0.0,1.0,,0
15,0.75,1000,5000,0.0,1.0,,0
15,0.75,10,10000,0.0,1.0,,0
15,0.75,25,10000,0.0,1.0,,0
15,0.75,50,10000,0.0,1.0,,0
15,0.75,100,10000,0.0,1.0,,0
15,0.75,250,10000,0.0,1.0,,0
15,0.75,500,10000,0.0,1.0,,0
15,0.75,1000,10000,0.0,1.0,,0
15,0.75,10,15000,0.0,1.0,,0
15,0.75,25,15000,0.0,1.0,,0
15,0.75,50,15000,0.0,1.0,,0
15,0.75,100,15000,0.0,1.0,,0
15,0.75,250,15000,0.0,1.0,,0
15,0.75,500,15000,0.0,1.0,,0
15,0.75,1000,15000,0.0,1.0,,0
15,0.75,10,20000,0.0,1.0,,0
15,0.75,25,20000,0.0,1.0,,0
15,0.75,50,20000,0.0,1.0,,0
15,0.75,100,20000,0.0,1.0,,0
15,0.75,250,20000,0.0,1.0,,0
15,0.75,500,20000,0.0,1.0,,0
15,0.75,1000,20000,0.0,1.0,,0
15,0.75,10,22000,0.0,1.0,,0
15,0.75,25,22000,0.0,1.0,,0
15,0.75,50,22000,0.0,1.0,,0
15,0.75,100,22000,0.0,1.0,,0
15,0.75,250,22000,0.0,1.0,,0
15,0.75,500,22000,0.0,1.0,,0
15,0.75,1000,22000,0.0,1.0,,0
30,0.75,10,50,0.3347871351774979,0.15231408078520195,-0.24281617999076843,150
30,0.75,25,50,0.32208272638509317,0.20016610041525104,-0.19402043521404266,122
30,0.75,50,50,0.31817170806343553,0.20226500566251415,0.07954298704862595,107
30,0.75,100,50,0.3037527542322405,0.26271045677614197,0.1860855519771576,58
30,0.75,250,50,0.2705770124492132,0.35669309173272934,0.4196920692920685,26
30,0.75,500,50,0.26746634988656937,0.3906681766704417,0.7808710932731628,14
30,0.75,1000,50,0.2480701924162625,0.43957719894299735,0.8209361433982849,13
30,0.75,10,100,0.34863805120311075,0.1691506228765572,0.093746617436409,68
30,0.75,25,100,0.3308113657446554,0.1892185730464326,0.09867172688245773,67
30,0.75,50,100,0.31540847666722205,0.22585126462816157,0.12731514871120453,67
30,0.75,100,100,0.3045970334805617,0.26642506606266514,0.20245899260044098,55
30,0.75,250,100,0.2715189429664427,0.3530237825594564,0.40244823694229126,25
30,0.75,500,100,0.26746634988656937,0.3906681766704417,0.7808710932731628,14
30,0.75,1000,100,0.24803900966663683,0.4404681011702529,0.8256015777587891,12
30,0.75,10,250,0.3513721208706789,0.18837297093242733,0.18243864178657532,37
30,0.75,25,250,0.33786608699267423,0.21448093620234052,0.16540642082691193,31
30,0.75,50,250,0.32946679599925616,0.23833899584748963,0.23580855131149292,30
30,0.75,100,250,0.32102729711507877,0.255839939599849,0.24790243804454803,28
30,0.75,250,250,0.293890318283006,0.31519818799547,0.35688838362693787,21
30,0.75,500,250,0.26746634988656937,0.3906681766704417,0.7808712124824524,14
30,0.75,1000,250,0.24803900966663683,0.4404681011702529,0.8256016969680786,12
30,0.75,10,500,0.3477767125038668,0.24258210645526615,0.5751776099205017,19
30,0.75,25,500,0.340063883625366,0.25150622876557194,0.6283230781555176,17
30,0.75,50,500,0.3268992083732238,0.2877614194035485,0.6930540800094604,14
30,0.75,100,500,0.3193067809442723,0.30444696111740277,0.704196035861969,14
30,0.75,250,500,0.2933211740906785,0.3465307663269158,0.7573404312133789,14
30,0.75,500,500,0.27279196335861566,0.38242355605889017,0.7818784713745117,13
30,0.75,1000,500,0.24782457798414403,0.4467950169875425,0.8408018946647644,11
30,0.75,10,1000,0.34562226303124727,0.27664779161947906,0.6864121556282043,13
30,0.75,25,1000,0.3388850458093955,0.2667874669686674,0.7130926847457886,13
30,0.75,50,1000,0.33689841061901177,0.27501698754246884,0.7037707567214966,12
30,0.75,100,1000,0.3220688716993524,0.2971536428841072,0.7003510594367981,13
30,0.75,250,1000,0.3002714100842393,0.3400679501698754,0.7590085864067078,12
30,0.75,500,1000,0.2729525226310317,0.39131747829369573,0.8048340082168579,11
30,0.75,1000,1000,0.3641128982630497,0.3951075877689694,0.7277125120162964,9
30,0.75,10,2500,0.5063695682835441,0.2945111362778407,0.701005220413208,4
30,0.75,25,2500,0.46593367037642114,0.28983012457531143,0.6939396262168884,5
30,0.75,50,2500,0.45067654118290124,0.3169950924877312,0.7118433713912964,5
30,0.75,100,2500,0.4592237476159884,0.36341260853152135,0.7633636593818665,4
30,0.75,250,2500,0.49225859302231845,0.4201283503208758,0.7936006188392639,3
30,0.75,500,2500,0.47469120473100757,0.35039637599094,0.7637548446655273,4
30,0.75,1000,2500,0.41018634295395034,0.30002265005662515,0.5458507537841797,4
30,0.75,10,5000,0.5313809484842733,0.34781426953567385,0.7396942973136902,3
30,0.75,25,5000,0.5586560094638164,0.46778406946017365,0.8135321140289307,2
30,0.75,50,5000,0.5383234309283057,0.4824160060400151,0.8342384099960327,2
30,0.75,100,5000,0.5351605507526104,0.4869460173650434,0.8415773510932922,2
30,0.75,250,5000,0.542031580614308,0.4875651189127973,0.8565364480018616,2
30,0.75,500,5000,0.4267135986125425,0.3671876179690449,0.7252451181411743,2
30,0.75,1000,5000,0.42486949244696964,0.3511060777651944,0.6012224555015564,3
30,0.75,10,10000,0.5935436938155961,0.44711211778029447,0.8023658394813538,2
30,0.75,25,10000,0.5586560094638164,0.46778406946017365,0.8135321736335754,2
30,0.75,50,10000,0.5383234309283057,0.4824160060400151,0.8342385292053223,2
30,0.75,100,10000,0.5351605507526104,0.4869460173650434,0.8415773510932922,2
30,0.75,250,10000,0.542031580614308,0.4875651189127973,0.8565364480018616,2
30,0.75,500,10000,0.4267135986125425,0.3671876179690449,0.7252452969551086,2
30,0.75,1000,10000,0.4648523090677394,0.42915817289543223,0.7114426493644714,2
30,0.75,10,15000,0.5935436938155961,0.44711211778029447,0.8023657202720642,2
30,0.75,25,15000,0.5586560094638164,0.46778406946017365,0.8135321140289307,2
30,0.75,50,15000,0.0,1.0,,0
30,0.75,100,15000,0.0,1.0,,0
30,0.75,250,15000,0.0,1.0,,0
30,0.75,500,15000,0.4267135986125425,0.3671876179690449,0.7252452373504639,2
30,0.75,1000,15000,0.0,1.0,,0
30,0.75,10,20000,0.0,1.0,,0
30,0.75,25,20000,0.0,1.0,,0
30,0.75,50,20000,0.0,1.0,,0
30,0.75,100,20000,0.0,1.0,,0
30,0.75,250,20000,0.0,1.0,,0
30,0.75,500,20000,0.0,1.0,,0
30,0.75,1000,20000,0.0,1.0,,0
30,0.75,10,22000,0.0,1.0,,0
30,0.75,25,22000,0.0,1.0,,0
30,0.75,50,22000,0.0,1.0,,0
30,0.75,100,22000,0.0,1.0,,0
30,0.75,250,22000,0.0,1.0,,0
30,0.75,500,22000,0.0,1.0,,0
30,0.75,1000,22000,0.0,1.0,,0
50,0.75,10,50,0.4829551701114891,0.07691959229898075,0.17547953128814697,147
50,0.75,25,50,0.4813256464963314,0.06145715364288411,0.18394066393375397,130
50,0.75,50,50,0.48170087367152764,0.07929029822574557,0.35111865401268005,108
50,0.75,100,50,0.4883515251195458,0.10509626274065685,0.66776442527771,64
50,0.75,250,50,0.4909102116441835,0.1449452623631559,0.7016218304634094,31
50,0.75,500,50,0.49562771151401036,0.19007927519818799,0.7860240340232849,17
50,0.75,1000,50,0.504677721772257,0.24629671574178935,0.8727617859840393,13
50,0.75,10,100,0.4890893304497887,0.050434126085315216,0.5685639977455139,74
50,0.75,25,100,0.4887610747620136,0.052336730841827106,0.5912051796913147,73
50,0.75,50,100,0.4904815080995101,0.06923367308418271,0.6131258606910706,67
50,0.75,100,100,0.4917331350557292,0.098240845602114,0.6494607329368591,55
50,0.75,250,100,0.4907232420448319,0.14571536428841073,0.7019049525260925,30
50,0.75,500,100,0.49562771151401036,0.19007927519818799,0.7860239148139954,17
50,0.75,1000,100,0.504677721772257,0.24629671574178935,0.8727617859840393,13
50,0.75,10,250,0.49162322986484597,0.06366175915439788,0.5981683135032654,39
50,0.75,25,250,0.4933355280674543,0.06719516798791997,0.5994849801063538,37
50,0.75,50,250,0.4939642648891524,0.07343148357870895,0.6354467272758484,31
50,0.75,100,250,0.49088631475691846,0.09254813137032843,0.6766420006752014,31
50,0.75,250,250,0.49261984341299075,0.14746696866742168,0.7424287796020508,26
50,0.75,500,250,0.49562771151401036,0.19007927519818799,0.7860239148139954,17
50,0.75,1000,250,0.5060941163520942,0.24898452246130615,0.8771974444389343,12
50,0.75,10,500,0.49640155496322397,0.08845602114005285,0.6232807636260986,20
50,0.75,25,500,0.4982204504287442,0.0837599093997735,0.6190251111984253,20
50,0.75,50,500,0.4974801302484609,0.08425821064552662,0.596103847026825,20
50,0.75,100,500,0.49055201195693326,0.12013590033975086,0.6427100896835327,19
50,0.75,250,500,0.49167036696784333,0.1650585126462816,0.727683424949646,19
50,0.75,500,500,0.4976444668514919,0.19551528878822197,0.78914874792099,16
50,0.75,1000,500,0.5060759919451266,0.2375839939599849,0.7641307711601257,11
50,0.75,10,1000,0.5037867847338662,0.15856549641374104,0.7052620649337769,12
50,0.75,25,1000,0.5016976408287618,0.14006795016987542,0.6898673176765442,12
50,0.75,50,1000,0.5006770050475058,0.1366553416383541,0.6622235774993896,12
50,0.75,100,1000,0.49819439031703355,0.16231030577576444,0.7012808918952942,12
50,0.75,250,1000,0.5052328015769645,0.1659041147602869,0.7393651008605957,11
50,0.75,500,1000,0.5100534361336115,0.20593431483578709,0.7683462500572205,11
50,0.75,1000,1000,0.5060759919451266,0.2375839939599849,0.7641308307647705,11
50,0.75,10,2500,0.5579952423560265,0.2756964892412231,0.7554536461830139,6
50,0.75,25,2500,0.526568772217477,0.19104567761419403,0.6741294264793396,7
50,0.75,50,2500,0.5392287343856262,0.19143827859569648,0.7698899507522583,7
50,0.75,100,2500,0.540314507913682,0.2383540958852397,0.7913185358047485,7
50,0.75,250,2500,0.5248617521247623,0.22888637221593053,0.7554975748062134,5
50,0.75,500,2500,0.5603839579306379,0.31154397885994717,0.8656010031700134,4
50,0.75,1000,2500,0.6228937255779786,0.2687202718006795,0.8250070214271545,4
50,0.75,10,5000,0.5965379115465216,0.4035485088712722,0.8678268194198608,3
50,0.75,25,5000,0.5863116465471973,0.3940958852397131,0.8685474991798401,3
50,0.75,50,5000,0.5630649120105579,0.2978331445828615,0.7596027851104736,3
50,0.75,100,5000,0.5342087065623045,0.1610872027180068,0.6863390803337097,3
50,0.75,250,5000,0.5317247530336333,0.2354095885239713,0.6966851353645325,3
50,0.75,500,5000,0.5829909689837682,0.3046885617214043,0.8347136974334717,3
50,0.75,1000,5000,0.5623729513798584,0.2929709324273311,0.7884514331817627,2
50,0.75,10,10000,0.5952165206021715,0.35457908644771613,0.7212027907371521,2
50,0.75,25,10000,0.4847390621468969,0.30018875047187615,0.6530780792236328,2
50,0.75,50,10000,0.5630649120105579,0.2978331445828615,0.7596026062965393,3
50,0.75,100,10000,0.5342087065623045,0.1610872027180068,0.6863393187522888,3
50,0.75,250,10000,0.5317247530336333,0.2354095885239713,0.6966850161552429,3
50,0.75,500,10000,0.5564511510236636,0.2945413363533409,0.7872153520584106,2
50,0.75,1000,10000,0.5623729513798584,0.2929709324273311,0.7884514331817627,2
50,0.75,10,15000,0.5952165206021715,0.35457908644771613,0.7212027311325073,2
50,0.75,25,15000,0.4847390621468969,0.30018875047187615,0.653078019618988,2
50,0.75,50,15000,0.4731190211228498,0.28948282370705924,0.5623679757118225,2
50,0.75,100,15000,0.5342087065623045,0.1610872027180068,0.6863391995429993,3
50,0.75,250,15000,0.5317247530336333,0.2354095885239713,0.6966851353645325,3
50,0.75,500,15000,0.5564511510236636,0.2945413363533409,0.7872154116630554,2
50,0.75,1000,15000,0.5623729513798584,0.2929709324273311,0.7884514927864075,2
50,0.75,10,20000,0.0,1.0,,0
50,0.75,25,20000,0.0,1.0,,0
50,0.75,50,20000,0.0,1.0,,0
50,0.75,100,20000,0.0,1.0,,0
50,0.75,250,20000,0.0,1.0,,0
50,0.75,500,20000,0.5564511510236636,0.2945413363533409,0.7872154116630554,2
50,0.75,1000,20000,0.5623729513798584,0.2929709324273311,0.7884513139724731,2
50,0.75,10,22000,0.0,1.0,,0
50,0.75,25,22000,0.0,1.0,,0
50,0.75,50,22000,0.0,1.0,,0
50,0.75,100,22000,0.0,1.0,,0
50,0.75,250,22000,0.0,1.0,,0
50,0.75,500,22000,0.0,1.0,,0
50,0.75,1000,22000,0.0,1.0,,0
75,0.75,10,50,0.4889422449987052,0.089120422801057,-0.15945370495319366,152
75,0.75,25,50,0.48959012319545786,0.07442808607021517,-0.167101189494133,128
75,0.75,50,50,0.4907086842930774,0.058059645149112875,0.1862083226442337,104
75,0.75,100,50,0.490401856116995,0.08652321630804077,0.2610161304473877,57
75,0.75,250,50,0.4919077779313505,0.14101925254813136,0.739152193069458,34
75,0.75,500,50,0.4943312746421923,0.18417516043790108,0.738974928855896,18
75,0.75,1000,50,0.49928199171746396,0.2497093242733107,0.7074604630470276,13
75,0.75,10,100,0.4865439037025586,0.06721026802567007,0.18300370872020721,73
75,0.75,25,100,0.4920307917523679,0.04427331068327671,0.20725122094154358,63
75,0.75,50,100,0.4921413653439218,0.059237448093620235,0.23393505811691284,58
75,0.75,100,100,0.49039593336069504,0.08684031710079275,0.264805406332016,53
75,0.75,250,100,0.4919254390777008,0.14079275198187996,0.745621383190155,33
75,0.75,500,100,0.4943312746421923,0.18417516043790108,0.738974928855896,18
75,0.75,1000,100,0.49928199171746396,0.2497093242733107,0.7074606418609619,13
75,0.75,10,250,0.493562881897739,0.0652170630426576,0.6139124631881714,36
75,0.75,25,250,0.49692691002618844,0.056625141562853906,0.6076698899269104,37
75,0.75,50,250,0.4968158031764597,0.07392978482446207,0.6325728893280029,36
75,0.75,100,250,0.49606825195176285,0.09023782559456399,0.6458983421325684,34
75,0.75,250,250,0.4915631349644987,0.11794639486598717,0.6763718724250793,27
75,0.75,500,250,0.49530417675727945,0.1795847489618724,0.7411301136016846,17
75,0.75,1000,250,0.49928199171746396,0.2497093242733107,0.7074606418609619,13
75,0.75,10,500,0.49833271987834843,0.09976594941487353,0.6284086108207703,20
75,0.75,25,500,0.49635679958779927,0.1062891657229143,0.6590481996536255,21
75,0.75,50,500,0.4993096804081964,0.1186409966024915,0.6721462607383728,20
75,0.75,100,500,0.50117384320836,0.12665911664779161,0.65143221616745,18
75,0.75,250,500,0.49425937850152285,0.16173650434126086,0.6926960945129395,17
75,0.75,500,500,0.4963161122869763,0.19112117780294452,0.7633078694343567,15
75,0.75,1000,500,0.5693390430964457,0.21895054737636843,0.8355543613433838,11
75,0.75,10,1000,0.5040780195898277,0.12685541713854284,0.6412679553031921,14
75,0.75,25,1000,0.5063189522574993,0.10782936957342393,0.6145225763320923,15
75,0.75,50,1000,0.5078917323976949,0.13508493771234428,0.6764895915985107,13
75,0.75,100,1000,0.5053360897772697,0.15462438656096641,0.6945669054985046,13
75,0.75,250,1000,0.49920259623132796,0.178557946394866,0.7129805684089661,14
75,0.75,500,1000,0.5020057589171699,0.21200453001132502,0.7803164124488831,13
75,0.75,1000,1000,0.5693390430964457,0.21895054737636843,0.8355545401573181,11
75,0.75,10,2500,0.6210348076267225,0.2619856549641374,0.7189804315567017,5
75,0.75,25,2500,0.6109059074123311,0.20555681389203473,0.7428573966026306,6
75,0.75,50,2500,0.5800573740608482,0.19285768214420537,0.6977222561836243,6
75,0.75,100,2500,0.6159807454026347,0.2700339750849377,0.7251942157745361,5
75,0.75,250,2500,0.5470157015979948,0.27469988674971685,0.5995413661003113,4
75,0.75,500,2500,0.5562475253539131,0.31347678369195925,0.6866163611412048,3
75,0.75,1000,2500,0.6882456562053405,0.30915817289543224,0.9534674882888794,4
75,0.75,10,5000,0.6717535373134943,0.3733182332955832,0.7141203284263611,2
75,0.75,25,5000,0.8078029478603742,0.38489996224990564,0.9328727126121521,2
75,0.75,50,5000,0.7681901414731884,0.3613892034730087,0.8837973475456238,2
75,0.75,100,5000,0.6428083586975991,0.3074367685919215,0.672029435634613,2
75,0.75,250,5000,0.4259159629805701,0.24771611929029821,0.41234150528907776,2
75,0.75,500,5000,0.6093831053861155,0.36768591921479804,0.6847480535507202,2
75,0.75,1000,5000,0.7741620770528403,0.40359380898452246,0.9729655981063843,2
75,0.75,10,10000,0.6717535373134943,0.3733182332955832,0.7141204476356506,2
75,0.75,25,10000,0.8078029478603742,0.38489996224990564,0.9328727126121521,2
75,0.75,50,10000,0.7681901414731884,0.3613892034730087,0.8837974667549133,2
75,0.75,100,10000,0.6428083586975991,0.3074367685919215,0.6720292568206787,2
75,0.75,250,10000,0.4259159629805701,0.24771611929029821,0.41234153509140015,2
75,0.75,500,10000,0.6093831053861155,0.36768591921479804,0.6847479939460754,2
75,0.75,1000,10000,0.7741620770528403,0.40359380898452246,0.9729655981063843,2
75,0.75,10,15000,0.6717535373134943,0.3733182332955832,0.7141203880310059,2
75,0.75,25,15000,0.8078029478603742,0.38489996224990564,0.9328728318214417,2
75,0.75,50,15000,0.7681901414731884,0.3613892034730087,0.8837974667549133,2
75,0.75,100,15000,0.6428083586975991,0.3074367685919215,0.6720292568206787,2
75,0.75,250,15000,0.4259159629805701,0.24771611929029821,0.41234156489372253,2
75,0.75,500,15000,0.6093831053861155,0.36768591921479804,0.684748113155365,2
75,0.75,1000,15000,0.7741620770528403,0.40359380898452246,0.9729655981063843,2
75,0.75,10,20000,0.0,1.0,,0
75,0.75,25,20000,0.8078029478603742,0.38489996224990564,0.9328728318214417,2
75,0.75,50,20000,0.7681901414731884,0.3613892034730087,0.8837974667549133,2
75,0.75,100,20000,0.6428083586975991,0.3074367685919215,0.6720293164253235,2
75,0.75,250,20000,0.0,1.0,,0
75,0.75,500,20000,0.0,1.0,,0
75,0.75,1000,20000,0.0,1.0,,0
75,0.75,10,22000,0.0,1.0,,0
75,0.75,25,22000,0.0,1.0,,0
75,0.75,50,22000,0.0,1.0,,0
75,0.75,100,22000,0.0,1.0,,0
75,0.75,250,22000,0.0,1.0,,0
75,0.75,500,22000,0.0,1.0,,0
75,0.75,1000,22000,0.0,1.0,,0
100,0.75,10,50,0.4865573749056275,0.08252170630426577,-0.1369243562221527,149
100,0.75,25,50,0.48929345125594664,0.06172895432238581,-0.1081337034702301,124
100,0.75,50,50,0.48786143976690827,0.06917327293318233,-0.1037924662232399,105
100,0.75,100,50,0.4955523146517938,0.08533031332578331,0.6776762008666992,61
100,0.75,250,50,0.4950458346048856,0.13295583238958097,0.6740515232086182,31
100,0.75,500,50,0.4940342853353952,0.17808984522461307,0.7162420153617859,18
100,0.75,1000,50,0.5058501683791735,0.23563608909022274,0.7148191332817078,14
100,0.75,10,100,0.4849498171995488,0.0891053227633069,-0.08141964673995972,86
100,0.75,25,100,0.4938963615856956,0.058769346923367306,0.33789053559303284,73
100,0.75,50,100,0.4954023058360693,0.05546243865609664,0.28240302205085754,64
100,0.75,100,100,0.4961236655144873,0.086719516798792,0.6872257590293884,55
100,0.75,250,100,0.49538767752834834,0.13516043790109475,0.6768550276756287,29
100,0.75,500,100,0.4940342853353952,0.17808984522461307,0.7162419557571411,18
100,0.75,1000,100,0.5058501683791735,0.23563608909022274,0.7148189544677734,14
100,0.75,10,250,0.5000895704762237,0.07636089090222725,0.6153954267501831,36
100,0.75,25,250,0.49733755385615963,0.07503208758021895,0.608234167098999,35
100,0.75,50,250,0.4978837598372667,0.0735522838807097,0.6033378839492798,33
100,0.75,100,250,0.4981209822560003,0.0861910154775387,0.6204459071159363,31
100,0.75,250,250,0.49564581067340163,0.12434881087202718,0.6512880921363831,26
100,0.75,500,250,0.4940342853353952,0.17808984522461307,0.7162418365478516,18
100,0.75,1000,250,0.5070239403676994,0.23817289543223857,0.7180435657501221,13
100,0.75,10,500,0.500555903746693,0.1162702906757267,0.6366263628005981,20
100,0.75,25,500,0.5004396113891728,0.09463193657984145,0.601670503616333,20
100,0.75,50,500,0.5021138181447428,0.11027557568893923,0.6178003549575806,19
100,0.75,100,500,0.49759346055141684,0.11966779916949792,0.6263753175735474,18
100,0.75,250,500,0.4952280524428668,0.13985654964137412,0.6569291949272156,18
100,0.75,500,500,0.4940342853353952,0.17808984522461307,0.7162420153617859,18
100,0.75,1000,500,0.5060824824481871,0.21192902982257456,0.6995746493339539,12
100,0.75,10,1000,0.5110593267173323,0.14973197432993582,0.584107518196106,12
100,0.75,25,1000,0.5068937581081834,0.13815024537561343,0.5788046717643738,12
100,0.75,50,1000,0.5080105749733351,0.12768591921479805,0.5903269052505493,13
100,0.75,100,1000,0.50446586017587,0.13925254813137034,0.5779840350151062,13
100,0.75,250,1000,0.49865686760329225,0.14905247263118157,0.6272811889648438,15
100,0.75,500,1000,0.5069870950140279,0.18718006795016986,0.6682087779045105,11
100,0.75,1000,1000,0.508624826834714,0.22157795394488486,0.7186824083328247,11
100,0.75,10,2500,0.6473386482045203,0.2783691959229898,0.7387815117835999,5
100,0.75,25,2500,0.6471378384598002,0.2828237070592676,0.7407962083816528,5
100,0.75,50,2500,0.6439587465973505,0.27670819177047945,0.7357217073440552,5
100,0.75,100,2500,0.6390153955470812,0.26521706304265763,0.7166122794151306,5
100,0.75,250,2500,0.5888121898174958,0.2960966402416006,0.8771505355834961,5
100,0.75,500,2500,0.6300116063594597,0.24570781426953567,0.8056914210319519,4
100,0.75,1000,2500,0.6970995789023559,0.2923971309928275,0.9733486771583557,4
100,0.75,10,5000,0.7038664453174498,0.3903359758399396,0.7662093639373779,2
100,0.75,25,5000,0.7038197900144904,0.388478671196678,0.7610495686531067,2
100,0.75,50,5000,0.5569533937694637,0.31181577953944883,0.5854451060295105,2
100,0.75,100,5000,0.6364000813834391,0.29784824462061155,0.7281524538993835,3
100,0.75,250,5000,0.5710024158892866,0.3194261985654964,0.6158161163330078,2
100,0.75,500,5000,0.7139902656646445,0.35116647791619476,0.8510689735412598,2
100,0.75,1000,5000,0.7925841347099941,0.40258210645526615,0.9909107685089111,2
100,0.75,10,10000,0.7038664453174498,0.3903359758399396,0.7662092447280884,2
100,0.75,25,10000,0.7038197900144904,0.388478671196678,0.7610496878623962,2
100,0.75,50,10000,0.5569533937694637,0.31181577953944883,0.5854450464248657,2
100,0.75,100,10000,0.7128654381706042,0.37885994714986787,0.7282057404518127,2
100,0.75,250,10000,0.5710024158892866,0.3194261985654964,0.6158161163330078,2
100,0.75,500,10000,0.7139902656646445,0.35116647791619476,0.8510691523551941,2
100,0.75,1000,10000,0.7925841347099941,0.40258210645526615,0.9909107685089111,2
100,0.75,10,15000,0.7038664453174498,0.3903359758399396,0.7662092447280884,2
100,0.75,25,15000,0.7038197900144904,0.388478671196678,0.7610496878623962,2
100,0.75,50,15000,0.5569533937694637,0.31181577953944883,0.5854451656341553,2
100,0.75,100,15000,0.7128654381706042,0.37885994714986787,0.7282056212425232,2
100,0.75,250,15000,0.5710024158892866,0.3194261985654964,0.6158159971237183,2
100,0.75,500,15000,0.7139902656646445,0.35116647791619476,0.8510690331459045,2
100,0.75,1000,15000,0.7925841347099941,0.40258210645526615,0.9909107685089111,2
100,0.75,10,20000,0.0,1.0,,0
100,0.75,25,20000,0.0,1.0,,0
100,0.75,50,20000,0.0,1.0,,0
100,0.75,100,20000,0.0,1.0,,0
100,0.75,250,20000,0.0,1.0,,0
100,0.75,500,20000,0.7139902656646445,0.35116647791619476,0.8510691523551941,2
100,0.75,1000,20000,0.0,1.0,,0
100,0.75,10,22000,0.0,1.0,,0
100,0.75,25,22000,0.0,1.0,,0
100,0.75,50,22000,0.0,1.0,,0
100,0.75,100,22000,0.0,1.0,,0
100,0.75,250,22000,0.0,1.0,,0
100,0.75,500,22000,0.0,1.0,,0
100,0.75,1000,22000,0.0,1.0,,0
10,1.0,10,50,0.10653468696774451,0.42917327293318236,-0.2941150665283203,214
10,1.0,25,50,0.12232200123685058,0.49005662514156284,-0.2368026077747345,164
10,1.0,50,50,0.148148539222451,0.495039637599094,-0.28000953793525696,123
10,1.0,100,50,0.13243400790831036,0.5728954322385806,-0.17857444286346436,62
10,1.0,250,50,0.10530366034309295,0.6382030955077388,-0.01850776933133602,23
10,1.0,500,50,0.07467997909172909,0.7316270290675727,0.30353859066963196,16
10,1.0,1000,50,0.06353701076794263,0.7776519441298603,0.3767511248588562,9
10,1.0,10,100,0.13997531655182155,0.43922989807474516,-0.25916504859924316,89
10,1.0,25,100,0.14409719178196806,0.5144280860702152,-0.23127560317516327,74
10,1.0,50,100,0.12887532971690752,0.5666742166855417,-0.1370246261358261,70
10,1.0,100,100,0.13013623047380204,0.580958852397131,-0.10756629705429077,52
10,1.0,250,100,0.10530366034309295,0.6382030955077388,-0.01850777119398117,23
10,1.0,500,100,0.07470394832374462,0.7325632314080786,0.30251458287239075,15
10,1.0,1000,100,0.06353701076794263,0.7776519441298603,0.3767510950565338,9
10,1.0,10,250,0.12819491162994123,0.5252095130237826,-0.1054711863398552,35
10,1.0,25,250,0.12624522017240344,0.5826802567006417,-0.026383891701698303,28
10,1.0,50,250,0.14246897299669425,0.574556436391091,-0.0903288871049881,28
10,1.0,100,250,0.12051513487299849,0.6061306153265383,-0.03397960960865021,23
10,1.0,250,250,0.10535185213401381,0.6405587013967535,-0.02392258122563362,22
10,1.0,500,250,0.07526199579702843,0.7319441298603246,0.2855966091156006,14
10,1.0,1000,250,0.06353701076794263,0.7776519441298603,0.3767511248588562,9
10,1.0,10,500,0.1345776236549722,0.5582634956587391,-0.1218024268746376,13
10,1.0,25,500,0.1406636425337857,0.580641751604379,-0.08893253654241562,11
10,1.0,50,500,0.13594369050086463,0.5825443563608909,-0.09131669998168945,12
10,1.0,100,500,0.12420604821776239,0.6017214043035107,-0.13230235874652863,12
10,1.0,250,500,0.09292644680986811,0.6649603624009061,0.03397037461400032,12
10,1.0,500,500,0.081856186681124,0.7162702906757267,0.1498231738805771,11
10,1.0,1000,500,0.06637557151940822,0.7849754624386561,0.35667216777801514,8
10,1.0,10,1000,0.11794447383001724,0.6103435258588147,-0.09162236005067825,8
10,1.0,25,1000,0.11372498492884209,0.6152057380143451,-0.065885029733181,8
10,1.0,50,1000,0.10462969350447429,0.6270592676481691,-0.05444207042455673,8
10,1.0,100,1000,0.10833774809262685,0.6158248395620989,-0.09557542949914932,8
10,1.0,250,1000,0.08097929945402925,0.6966100415251039,0.0749630406498909,9
10,1.0,500,1000,0.08730229634364695,0.7286070215175537,0.07285931706428528,9
10,1.0,1000,1000,0.06637557151940822,0.7849754624386561,0.35667216777801514,8
10,1.0,10,2500,0.08141017145896985,0.6667723669309173,0.1673106551170349,2
10,1.0,25,2500,0.07548449676779932,0.7003095507738769,0.1692688763141632,2
10,1.0,50,2500,0.06127586300496528,0.7292563231408079,0.29137974977493286,2
10,1.0,100,2500,0.0689021845696193,0.7460626651566629,0.26612159609794617,2
10,1.0,250,2500,0.0346310684120536,0.8280256700641752,0.3815333843231201,2
10,1.0,500,2500,0.02859292582106319,0.8318308795771989,0.40650030970573425,2
10,1.0,1000,2500,0.1443067726728471,0.5454133635334089,-0.15326836705207825,2
10,1.0,10,5000,0.0,1.0,,0
10,1.0,25,5000,0.0,1.0,,0
10,1.0,50,5000,0.0,1.0,,0
10,1.0,100,5000,0.0,1.0,,0
10,1.0,250,5000,0.0,1.0,,0
10,1.0,500,5000,0.0,1.0,,0
10,1.0,1000,5000,0.0,1.0,,0
10,1.0,10,10000,0.0,1.0,,0
10,1.0,25,10000,0.0,1.0,,0
10,1.0,50,10000,0.0,1.0,,0
10,1.0,100,10000,0.0,1.0,,0
10,1.0,250,10000,0.0,1.0,,0
10,1.0,500,10000,0.0,1.0,,0
10,1.0,1000,10000,0.0,1.0,,0
10,1.0,10,15000,0.0,1.0,,0
10,1.0,25,15000,0.0,1.0,,0
10,1.0,50,15000,0.0,1.0,,0
10,1.0,100,15000,0.0,1.0,,0
10,1.0,250,15000,0.0,1.0,,0
10,1.0,500,15000,0.0,1.0,,0
10,1.0,1000,15000,0.0,1.0,,0
10,1.0,10,20000,0.0,1.0,,0
10,1.0,25,20000,0.0,1.0,,0
10,1.0,50,20000,0.0,1.0,,0
10,1.0,100,20000,0.0,1.0,,0
10,1.0,250,20000,0.0,1.0,,0
10,1.0,500,20000,0.0,1.0,,0
10,1.0,1000,20000,0.0,1.0,,0
10,1.0,10,22000,0.0,1.0,,0
10,1.0,25,22000,0.0,1.0,,0
10,1.0,50,22000,0.0,1.0,,0
10,1.0,100,22000,0.0,1.0,,0
10,1.0,250,22000,0.0,1.0,,0
10,1.0,500,22000,0.0,1.0,,0
10,1.0,1000,22000,0.0,1.0,,0
15,1.0,10,50,0.10840545035756406,0.43041147602869007,-0.29624611139297485,231
15,1.0,25,50,0.14036786131477155,0.5202416006040015,-0.20670153200626373,153
15,1.0,50,50,0.14271760537300934,0.5768365420913553,-0.1263599395751953,123
15,1.0,100,50,0.1430060970836032,0.6510079275198188,0.15668973326683044,56
15,1.0,250,50,0.11270698312224964,0.7097923744809362,0.48669153451919556,27
15,1.0,500,50,0.08798217037694807,0.7478746696866743,0.7576336860656738,17
15,1.0,1000,50,0.09217541181683893,0.7742846357115892,0.8546722531318665,11
15,1.0,10,100,0.11939139046042373,0.4963684409211023,-0.20408135652542114,103
15,1.0,25,100,0.14647527943628708,0.5627029067572669,-0.0811968520283699,79
15,1.0,50,100,0.14964436323686936,0.6045904114760287,0.03558247163891792,63
15,1.0,100,100,0.14482759559087235,0.6541789354473386,0.1739221215248108,47
15,1.0,250,100,0.11336276853888475,0.7140958852397131,0.5545851588249207,23
15,1.0,500,100,0.08798217037694807,0.7478746696866743,0.757633626461029,17
15,1.0,1000,100,0.09217541181683893,0.7742846357115892,0.8546723127365112,11
15,1.0,10,250,0.13848831677824897,0.5398263495658739,0.03392450883984566,38
15,1.0,25,250,0.14623744061645494,0.6051793129482824,0.2974097728729248,32
15,1.0,50,250,0.1392009814096102,0.6669082672706682,0.3821549117565155,26
15,1.0,100,250,0.15070593911383048,0.6647489618724047,0.37199708819389343,27
15,1.0,250,250,0.11249036377346364,0.7211023027557569,0.5565512776374817,21
15,1.0,500,250,0.0908876798868227,0.7437523593808985,0.7687636613845825,13
15,1.0,1000,250,0.09124231236570574,0.7782106455266138,0.8910587430000305,9
15,1.0,10,500,0.13149409067010173,0.6063873159682899,0.32640159130096436,19
15,1.0,25,500,0.12963634800686688,0.6699282748206871,0.5027315020561218,15
15,1.0,50,500,0.1304971718205181,0.7157417893544734,0.6243035197257996,12
15,1.0,100,500,0.13864803352418162,0.6993431483578709,0.5126608610153198,13
15,1.0,250,500,0.12188960260210775,0.7298603246508116,0.6388542652130127,12
15,1.0,500,500,0.09246135806204311,0.7482823707059267,0.7799173593521118,12
15,1.0,1000,500,0.09124231236570574,0.7782106455266138,0.8910585641860962,9
15,1.0,10,1000,0.11643769481225474,0.657123442808607,0.4423275589942932,13
15,1.0,25,1000,0.12302062264995876,0.6985730464326161,0.4873775243759155,11
15,1.0,50,1000,0.12120325457773311,0.7216761041902605,0.569796085357666,10
15,1.0,100,1000,0.12801853481329478,0.7109248773121932,0.3660520315170288,9
15,1.0,250,1000,0.11203814811486576,0.7333937334843337,0.5460672378540039,10
15,1.0,500,1000,0.10155628421039434,0.7471800679501699,0.4546423554420471,9
15,1.0,1000,1000,0.09124231236570574,0.7782106455266138,0.891058623790741,9
15,1.0,10,2500,0.060139256540326216,0.7524197810494526,0.3984234035015106,3
15,1.0,25,2500,0.053692114554826274,0.7354926387315969,0.2164314091205597,2
15,1.0,50,2500,0.036837714983803976,0.7875726689316723,0.16429629921913147,2
15,1.0,100,2500,0.07099679519289871,0.7494601736504342,0.18847863376140594,2
15,1.0,250,2500,0.01848451843758295,0.8528350320875803,0.7897481322288513,3
15,1.0,500,2500,0.03888351315284955,0.7871347678369196,0.5770633220672607,3
15,1.0,1000,2500,0.07218456516101977,0.7640166100415251,0.5614751577377319,4
15,1.0,10,5000,0.0,1.0,,0
15,1.0,25,5000,0.0,1.0,,0
15,1.0,50,5000,0.0,1.0,,0
15,1.0,100,5000,0.0,1.0,,0
15,1.0,250,5000,0.0,1.0,,0
15,1.0,500,5000,0.05835491666265327,0.7680785201963005,0.6021976470947266,2
15,1.0,1000,5000,0.07584000452597671,0.7578406946017365,0.5565596222877502,2
15,1.0,10,10000,0.0,1.0,,0
15,1.0,25,10000,0.0,1.0,,0
15,1.0,50,10000,0.0,1.0,,0
15,1.0,100,10000,0.0,1.0,,0
15,1.0,250,10000,0.0,1.0,,0
15,1.0,500,10000,0.0,1.0,,0
15,1.0,1000,10000,0.0,1.0,,0
15,1.0,10,15000,0.0,1.0,,0
15,1.0,25,15000,0.0,1.0,,0
15,1.0,50,15000,0.0,1.0,,0
15,1.0,100,15000,0.0,1.0,,0
15,1.0,250,15000,0.0,1.0,,0
15,1.0,500,15000,0.0,1.0,,0
15,1.0,1000,15000,0.0,1.0,,0
15,1.0,10,20000,0.0,1.0,,0
15,1.0,25,20000,0.0,1.0,,0
15,1.0,50,20000,0.0,1.0,,0
15,1.0,100,20000,0.0,1.0,,0
15,1.0,250,20000,0.0,1.0,,0
15,1.0,500,20000,0.0,1.0,,0
15,1.0,1000,20000,0.0,1.0,,0
15,1.0,10,22000,0.0,1.0,,0
15,1.0,25,22000,0.0,1.0,,0
15,1.0,50,22000,0.0,1.0,,0
15,1.0,100,22000,0.0,1.0,,0
15,1.0,250,22000,0.0,1.0,,0
15,1.0,500,22000,0.0,1.0,,0
15,1.0,1000,22000,0.0,1.0,,0
30,1.0,10,50,0.4140553792616578,0.08896942242355606,-0.13457272946834564,136
30,1.0,25,50,0.4099546532908677,0.11501698754246886,-0.10548195242881775,124
30,1.0,50,50,0.40304366508432393,0.14240845602114005,0.10203224420547485,98
30,1.0,100,50,0.39603073044542436,0.1847489618724047,0.18450021743774414,53
30,1.0,250,50,0.38142579337653104,0.2600528501321253,0.24711008369922638,27
30,1.0,500,50,0.3604096209194295,0.3399622499056248,0.8467997908592224,14
30,1.0,1000,50,0.34756979380287556,0.3844469611174028,0.8927005529403687,12
30,1.0,10,100,0.4141240843648752,0.11536428841072102,0.11224035918712616,72
30,1.0,25,100,0.4100703003032006,0.1315364288410721,0.1248876228928566,69
30,1.0,50,100,0.4015670324859916,0.15909399773499433,0.16143792867660522,56
30,1.0,100,100,0.39617374002595496,0.1868327670819177,0.1789640337228775,49
30,1.0,250,100,0.3810194361656517,0.2633144582861457,0.27465319633483887,24
30,1.0,500,100,0.3608205562499923,0.3325481313703284,0.8311787247657776,13
30,1.0,1000,100,0.34760526130154745,0.383359758399396,0.891207754611969,11
30,1.0,10,250,0.41216513613194145,0.16264250660626653,0.16342537105083466,36
30,1.0,25,250,0.4136492991745751,0.14775386938467347,0.14716321229934692,33
30,1.0,50,250,0.40173928943349646,0.18110985277463193,0.19306206703186035,30
30,1.0,100,250,0.39184253424043575,0.22483956209890524,0.26181039214134216,26
30,1.0,250,250,0.3811754238269787,0.2650358625896565,0.2945133447647095,23
30,1.0,500,250,0.3608205562499923,0.3325481313703284,0.831178605556488,13
30,1.0,1000,250,0.34805914474804805,0.3856398640996602,0.892580509185791,10
30,1.0,10,500,0.41013336363943925,0.2308191770479426,0.7066450715065002,16
30,1.0,25,500,0.40872016872856115,0.2112646281615704,0.6695020198822021,17
30,1.0,50,500,0.3976803542793114,0.24143450358625895,0.740371823310852,16
30,1.0,100,500,0.39348962175128566,0.2708191770479426,0.7763973474502563,15
30,1.0,250,500,0.3805982293909341,0.3071045677614194,0.8353380560874939,13
30,1.0,500,500,0.3608205562499923,0.3325481313703284,0.8311787843704224,13
30,1.0,1000,500,0.42161573128665314,0.35128727821819555,0.8507151007652283,9
30,1.0,10,1000,0.42367646768805844,0.21431483578708946,0.7074919939041138,12
30,1.0,25,1000,0.40939329133325114,0.23038127595318988,0.7437867522239685,13
30,1.0,50,1000,0.40080600677796974,0.2560966402416006,0.8159872889518738,12
30,1.0,100,1000,0.39651190874937775,0.3012004530011325,0.8419845104217529,11
30,1.0,250,1000,0.38561416981791596,0.30135145337863345,0.8365259766578674,11
30,1.0,500,1000,0.43592400353363564,0.32819932049830125,0.8262511491775513,9
30,1.0,1000,1000,0.5384651680799922,0.2869913174782937,0.7624903321266174,8
30,1.0,10,2500,0.5781945307617192,0.3052472631181578,0.7105514407157898,3
30,1.0,25,2500,0.554573741033342,0.28110230275575687,0.723544180393219,4
30,1.0,50,2500,0.5594946411759888,0.3623707059267648,0.800395131111145,3
30,1.0,100,2500,0.5307374602560087,0.35122687806719516,0.7486742734909058,3
30,1.0,250,2500,0.560017563449682,0.3623707059267648,0.8375677466392517,3
30,1.0,500,2500,0.5713323997001505,0.32866742166855417,0.819556474685669,4
30,1.0,1000,2500,0.548258259149971,0.2904643261608154,0.8151105046272278,5
30,1.0,10,5000,0.5781945307617192,0.3052472631181578,0.7105514407157898,3
30,1.0,25,5000,0.4827580042400114,0.3054133635334088,0.7030530571937561,2
30,1.0,50,5000,0.44096950233600857,0.2960664401661004,0.6765832901000977,2
30,1.0,100,5000,0.42750498408107196,0.28602491506228767,0.6946671009063721,2
30,1.0,250,5000,0.48101909389266767,0.32238580596451494,0.7436527609825134,2
30,1.0,500,5000,0.5332327787875972,0.35090977727444317,0.7633923292160034,2
30,1.0,1000,5000,0.4738205082655054,0.323518308795772,0.7041027545928955,2
30,1.0,10,10000,0.48740290408750325,0.304160060400151,0.7047901153564453,2
30,1.0,25,10000,0.4827580042400114,0.3054133635334088,0.7030530571937561,2
30,1.0,50,10000,0.44096950233600857,0.2960664401661004,0.6765832901000977,2
30,1.0,100,10000,0.42750498408107196,0.28602491506228767,0.6946672201156616,2
30,1.0,250,10000,0.48101909389266767,0.32238580596451494,0.7436527013778687,2
30,1.0,500,10000,0.5332327787875972,0.35090977727444317,0.7633923292160034,2
30,1.0,1000,10000,0.4738205082655054,0.323518308795772,0.704102635383606,2
30,1.0,10,15000,0.48740290408750325,0.304160060400151,0.7047900557518005,2
30,1.0,25,15000,0.4827580042400114,0.3054133635334088,0.7030530571937561,2
30,1.0,50,15000,0.44096950233600857,0.2960664401661004,0.6765832304954529,2
30,1.0,100,15000,0.42750498408107196,0.28602491506228767,0.6946671009063721,2
30,1.0,250,15000,0.48101909389266767,0.32238580596451494,0.743652880191803,2
30,1.0,500,15000,0.5332327787875972,0.35090977727444317,0.7633922696113586,2
30,1.0,1000,15000,0.4738205082655054,0.323518308795772,0.7041026949882507,2
30,1.0,10,20000,0.0,1.0,,0
30,1.0,25,20000,0.0,1.0,,0
30,1.0,50,20000,0.0,1.0,,0
30,1.0,100,20000,0.0,1.0,,0
30,1.0,250,20000,0.0,1.0,,0
30,1.0,500,20000,0.0,1.0,,0
30,1.0,1000,20000,0.0,1.0,,0
30,1.0,10,22000,0.0,1.0,,0
30,1.0,25,22000,0.0,1.0,,0
30,1.0,50,22000,0.0,1.0,,0
30,1.0,100,22000,0.0,1.0,,0
30,1.0,250,22000,0.0,1.0,,0
30,1.0,500,22000,0.0,1.0,,0
30,1.0,1000,22000,0.0,1.0,,0
50,1.0,10,50,0.48820212495715687,0.08987542468856172,0.1774151474237442,147
50,1.0,25,50,0.4865868147140846,0.050645526613816536,0.4085049629211426,124
50,1.0,50,50,0.4854306687824353,0.0786409966024915,0.28233227133750916,99
50,1.0,100,50,0.4911039395246544,0.10082295205738015,0.5047591328620911,56
50,1.0,250,50,0.4945034179472009,0.15749339373348434,0.7057729959487915,34
50,1.0,500,50,0.4860289292884528,0.20342770856927142,0.7929145693778992,19
50,1.0,1000,50,0.4875490019688289,0.24170630426576067,0.8463916182518005,13
50,1.0,10,100,0.48873914552232955,0.06787466968667422,0.483641654253006,71
50,1.0,25,100,0.49254262249338737,0.04893922234805587,0.4730432331562042,70
50,1.0,50,100,0.4915769469288509,0.07960739901849755,0.4788912236690521,58
50,1.0,100,100,0.49100790219262047,0.10225745564363911,0.4887264668941498,51
50,1.0,250,100,0.4930088181219469,0.150079275198188,0.699618935585022,30
50,1.0,500,100,0.48638551607208885,0.20474141185352962,0.7946395874023438,18
50,1.0,1000,100,0.4875490019688289,0.24170630426576067,0.8463917374610901,13
50,1.0,10,250,0.4944813312638263,0.06290675726689317,0.599777102470398,35
50,1.0,25,250,0.49502502749863897,0.05928274820687052,0.6011258363723755,35
50,1.0,50,250,0.4933344126110266,0.0765269913174783,0.6342310905456543,33
50,1.0,100,250,0.4900697101593324,0.11509248773121933,0.6499553918838501,31
50,1.0,250,250,0.49187809563861284,0.14779916949792374,0.7388466000556946,25
50,1.0,500,250,0.48638551607208885,0.20474141185352962,0.7946396470069885,18
50,1.0,1000,250,0.487268934929705,0.24330690826727067,0.8506726026535034,12
50,1.0,10,500,0.49346932703821555,0.09292563231408078,0.6309154629707336,21
50,1.0,25,500,0.49563936926234886,0.07708569271423178,0.6158652305603027,21
50,1.0,50,500,0.4946327302899356,0.08825972064930163,0.638434648513794,21
50,1.0,100,500,0.49190006013732734,0.10456776141940355,0.6573581099510193,21
50,1.0,250,500,0.48906199766079317,0.1648471121177803,0.731304407119751,18
50,1.0,500,500,0.48633580067045884,0.18666666666666668,0.7739474773406982,15
50,1.0,1000,500,0.487268934929705,0.24330690826727067,0.8506724834442139,12
50,1.0,10,1000,0.4996413582327115,0.14480936202340505,0.6998188495635986,12
50,1.0,25,1000,0.5021437777242381,0.08871272178180445,0.6479734778404236,13
50,1.0,50,1000,0.4991091098319534,0.1272480181200453,0.6964545249938965,13
50,1.0,100,1000,0.5000111765799484,0.16471121177802944,0.7319880723953247,12
50,1.0,250,1000,0.5017141203025156,0.19667799169497924,0.7746828198432922,12
50,1.0,500,1000,0.4942088332415188,0.21836164590411475,0.8172016143798828,12
50,1.0,1000,1000,0.487268934929705,0.24330690826727067,0.8506724834442139,12
50,1.0,10,2500,0.5403112512852885,0.2534541336353341,0.743064284324646,7
50,1.0,25,2500,0.5781446967834841,0.29623254058135146,0.7610539197921753,6
50,1.0,50,2500,0.5433769453312521,0.2663495658739147,0.6829457879066467,6
50,1.0,100,2500,0.5278346083627471,0.26808607021517555,0.6533313989639282,5
50,1.0,250,2500,0.6227985417257832,0.3174782936957342,0.827248752117157,3
50,1.0,500,2500,0.6922111828988102,0.32687051717629295,0.9111849665641785,3
50,1.0,1000,2500,0.679140412421034,0.29490373725934316,0.8910197615623474,4
50,1.0,10,5000,0.6889669295438418,0.35134767836919595,0.8738487958908081,2
50,1.0,25,5000,0.5850168366427371,0.3530237825594564,0.7407651543617249,2
50,1.0,50,5000,0.6719199022951056,0.3575386938467346,0.833181619644165,3
50,1.0,100,5000,0.614141171456194,0.3688486221215553,0.7659918665885925,3
50,1.0,250,5000,0.6227985417257832,0.3174782936957342,0.827248752117157,3
50,1.0,500,5000,0.5974436777306168,0.30240845602114,0.821869969367981,2
50,1.0,1000,5000,0.6196787161829027,0.32585881464703664,0.8423779010772705,2
50,1.0,10,10000,0.6889669295438418,0.35134767836919595,0.8738488554954529,2
50,1.0,25,10000,0.5850168366427371,0.3530237825594564,0.7407650947570801,2
50,1.0,50,10000,0.5681460153685568,0.34888637221593055,0.6401024460792542,2
50,1.0,100,10000,0.46927982565292714,0.29661004152510384,0.5785866975784302,2
50,1.0,250,10000,0.5869225106328313,0.30071725179312947,0.8169329166412354,2
50,1.0,500,10000,0.5974436777306168,0.30240845602114,0.821869969367981,2
50,1.0,1000,10000,0.6196787161829027,0.32585881464703664,0.8423779606819153,2
50,1.0,10,15000,0.6889669295438418,0.35134767836919595,0.8738486170768738,2
50,1.0,25,15000,0.5850168366427371,0.3530237825594564,0.7407651543617249,2
50,1.0,50,15000,0.5681460153685568,0.34888637221593055,0.6401026248931885,2
50,1.0,100,15000,0.46927982565292714,0.29661004152510384,0.5785866975784302,2
50,1.0,250,15000,0.5869225106328313,0.30071725179312947,0.8169328570365906,2
50,1.0,500,15000,0.5974436777306168,0.30240845602114,0.821869969367981,2
50,1.0,1000,15000,0.6196787161829027,0.32585881464703664,0.8423779606819153,2
50,1.0,10,20000,0.6889669295438418,0.35134767836919595,0.8738488554954529,2
50,1.0,25,20000,0.0,1.0,,0
50,1.0,50,20000,0.0,1.0,,0
50,1.0,100,20000,0.0,1.0,,0
50,1.0,250,20000,0.5869225106328313,0.30071725179312947,0.8169329166412354,2
50,1.0,500,20000,0.5974436777306168,0.30240845602114,0.8218700885772705,2
50,1.0,1000,20000,0.0,1.0,,0
50,1.0,10,22000,0.0,1.0,,0
50,1.0,25,22000,0.0,1.0,,0
50,1.0,50,22000,0.0,1.0,,0
50,1.0,100,22000,0.0,1.0,,0
50,1.0,250,22000,0.0,1.0,,0
50,1.0,500,22000,0.0,1.0,,0
50,1.0,1000,22000,0.0,1.0,,0
75,1.0,10,50,0.48488961305227773,0.07415628539071348,0.3402647078037262,146
75,1.0,25,50,0.48637540750048186,0.05790864477161193,0.42347481846809387,125
75,1.0,50,50,0.4850345383955152,0.08261230653076633,0.4554421007633209,105
75,1.0,100,50,0.4874866159345782,0.112480181200453,0.525205671787262,59
75,1.0,250,50,0.4949812163747114,0.16842582106455267,0.7259659171104431,31
75,1.0,500,50,0.48749551003272257,0.18828237070592677,0.7342473864555359,16
75,1.0,1000,50,0.4909147243617823,0.2523669309173273,0.7976971864700317,12
75,1.0,10,100,0.48531542084726553,0.08507361268403171,0.42590248584747314,83
75,1.0,25,100,0.4912069659000093,0.054722536806342016,0.48332980275154114,68
75,1.0,50,100,0.4911165387408782,0.08813892034730086,0.6564049124717712,65
75,1.0,100,100,0.49058389060870555,0.11320498301245753,0.6935187578201294,58
75,1.0,250,100,0.4949812163747114,0.16842582106455267,0.7259657979011536,31
75,1.0,500,100,0.4876352253394796,0.1892034730086825,0.741020679473877,15
75,1.0,1000,100,0.4909147243617823,0.2523669309173273,0.7976971864700317,12
75,1.0,10,250,0.4900622090501149,0.07604379010947528,0.6386415362358093,36
75,1.0,25,250,0.49568321099366514,0.07586258965647415,0.6459130048751831,35
75,1.0,50,250,0.49232455354281396,0.09783314458286145,0.6723908185958862,35
75,1.0,100,250,0.49078875533125466,0.1197432993582484,0.7060366868972778,32
75,1.0,250,250,0.4961653262178762,0.17872404681011703,0.747840166091919,23
75,1.0,500,250,0.4876352253394796,0.1892034730086825,0.7410206198692322,15
75,1.0,1000,250,0.5630832237342647,0.220158550396376,0.8862181901931763,11
75,1.0,10,500,0.4926451808955434,0.1062891657229143,0.6475490927696228,23
75,1.0,25,500,0.5017510048015641,0.09863344658361646,0.6289086937904358,20
75,1.0,50,500,0.49947503365360596,0.10619856549641374,0.6563831567764282,18
75,1.0,100,500,0.4904618307247148,0.15024537561343904,0.7430563569068909,19
75,1.0,250,500,0.4940136435682713,0.16182710456776142,0.7318072319030762,15
75,1.0,500,500,0.4876352253394796,0.1892034730086825,0.7410207390785217,15
75,1.0,1000,500,0.5630832237342647,0.220158550396376,0.8862183094024658,11
75,1.0,10,1000,0.4955247995797538,0.14488486221215552,0.6785871386528015,14
75,1.0,25,1000,0.5023381781918566,0.1468931672329181,0.6947774887084961,13
75,1.0,50,1000,0.49978933042136164,0.14992827482068705,0.6949653625488281,13
75,1.0,100,1000,0.49774339619484415,0.1750547376368441,0.744053304195404,13
75,1.0,250,1000,0.4995387706469867,0.2007852019630049,0.7600255608558655,12
75,1.0,500,1000,0.5636300810266909,0.18252925632314082,0.8044448494911194,11
75,1.0,1000,1000,0.5630832237342647,0.220158550396376,0.8862181305885315,11
75,1.0,10,2500,0.6781346965946907,0.3341487353718384,0.815072238445282,4
75,1.0,25,2500,0.6373500791794141,0.28906002265005665,0.7875803112983704,5
75,1.0,50,2500,0.6967492039681655,0.28868252170630426,0.8470913767814636,4
75,1.0,100,2500,0.6915337112459652,0.3119063797659494,0.8751927614212036,4
75,1.0,250,2500,0.6446178204951766,0.32010570026425067,0.8587806224822998,5
75,1.0,500,2500,0.6637417778142694,0.23047187617969045,0.8367164134979248,5
75,1.0,1000,2500,0.6674327211389015,0.2815251038127595,0.9218112826347351,4
75,1.0,10,5000,0.6743324773317612,0.32191770479426196,0.8424870371818542,2
75,1.0,25,5000,0.7873126489776462,0.37523593808984523,0.9076103568077087,2
75,1.0,50,5000,0.6658415684158465,0.32649301623254057,0.7022849321365356,2
75,1.0,100,5000,0.6631106221814176,0.34023405058512646,0.7305956482887268,2
75,1.0,250,5000,0.6728894326229357,0.33919214798036995,0.7306387424468994,2
75,1.0,500,5000,0.647656448657923,0.27664779161947906,0.771805465221405,3
75,1.0,1000,5000,0.7052681607112586,0.3298905247263118,0.9515658617019653,3
75,1.0,10,10000,0.6743324773317612,0.32191770479426196,0.842487096786499,2
75,1.0,25,10000,0.7873126489776462,0.37523593808984523,0.9076104760169983,2
75,1.0,50,10000,0.6658415684158465,0.32649301623254057,0.7022848129272461,2
75,1.0,100,10000,0.6631106221814176,0.34023405058512646,0.7305957674980164,2
75,1.0,250,10000,0.6728894326229357,0.33919214798036995,0.7306384444236755,2
75,1.0,500,10000,0.707963179976336,0.36057380143450357,0.7996754050254822,2
75,1.0,1000,10000,0.7737955695391404,0.4092110230275576,0.9796456694602966,2
75,1.0,10,15000,0.6743324773317612,0.32191770479426196,0.842487096786499,2
75,1.0,25,15000,0.7873126489776462,0.37523593808984523,0.9076106548309326,2
75,1.0,50,15000,0.6658415684158465,0.32649301623254057,0.7022848129272461,2
75,1.0,100,15000,0.6631106221814176,0.34023405058512646,0.7305957674980164,2
75,1.0,250,15000,0.6728894326229357,0.33919214798036995,0.7306386232376099,2
75,1.0,500,15000,0.707963179976336,0.36057380143450357,0.7996755242347717,2
75,1.0,1000,15000,0.7737955695391404,0.4092110230275576,0.9796457886695862,2
75,1.0,10,20000,0.6743324773317612,0.32191770479426196,0.8424869179725647,2
75,1.0,25,20000,0.7873126489776462,0.37523593808984523,0.9076105356216431,2
75,1.0,50,20000,0.6658415684158465,0.32649301623254057,0.7022848129272461,2
75,1.0,100,20000,0.0,1.0,,0
75,1.0,250,20000,0.0,1.0,,0
75,1.0,500,20000,0.0,1.0,,0
75,1.0,1000,20000,0.0,1.0,,0
75,1.0,10,22000,0.0,1.0,,0
75,1.0,25,22000,0.0,1.0,,0
75,1.0,50,22000,0.0,1.0,,0
75,1.0,100,22000,0.0,1.0,,0
75,1.0,250,22000,0.0,1.0,,0
75,1.0,500,22000,0.0,1.0,,0
75,1.0,1000,22000,0.0,1.0,,0
100,1.0,10,50,0.48475448401871934,0.08842582106455266,0.07206828147172928,143
100,1.0,25,50,0.48649605977219174,0.07402038505096263,0.3386855125427246,123
100,1.0,50,50,0.48709813889630177,0.08955832389580974,0.36222875118255615,106
100,1.0,100,50,0.4960306987331359,0.09633824084560211,0.630218505859375,52
100,1.0,250,50,0.49671928669072024,0.13869384673461685,0.6867610812187195,29
100,1.0,500,50,0.4973942785228765,0.1806266515666289,0.7294831275939941,20
100,1.0,1000,50,0.5065245431012445,0.2537108342770857,0.8042179942131042,12
100,1.0,10,100,0.48943105671168036,0.08758021895054738,0.32180434465408325,83
100,1.0,25,100,0.49301171210505035,0.0869913174782937,0.587648868560791,71
100,1.0,50,100,0.4945212434211744,0.07432238580596451,0.5735796689987183,60
100,1.0,100,100,0.4958242010497964,0.09508493771234428,0.6315712332725525,48
100,1.0,250,100,0.4970589714841411,0.14046055115137787,0.6893590688705444,27
100,1.0,500,100,0.4973942785228765,0.1806266515666289,0.7294831275939941,20
100,1.0,1000,100,0.5065245431012445,0.2537108342770857,0.8042178750038147,12
100,1.0,10,250,0.4959042478205151,0.08613061532653832,0.6121682524681091,31
100,1.0,25,250,0.4972311003435953,0.0861608154020385,0.6067516803741455,30
100,1.0,50,250,0.4983112929607756,0.08557191392978482,0.625015139579773,30
100,1.0,100,250,0.4942396031269471,0.1164967912419781,0.6609973907470703,29
100,1.0,250,250,0.49748898159244065,0.13022272555681388,0.6603294610977173,25
100,1.0,500,250,0.4975252078691639,0.1742242355605889,0.7270655035972595,18
100,1.0,1000,250,0.5065245431012445,0.2537108342770857,0.8042179942131042,12
100,1.0,10,500,0.5014330037400335,0.09239713099282748,0.5966949462890625,19
100,1.0,25,500,0.5015321943397298,0.10124575311438279,0.6066814661026001,21
100,1.0,50,500,0.5006824619894934,0.10775386938467346,0.6169873476028442,20
100,1.0,100,500,0.49960327434416596,0.11305398263495658,0.6083685159683228,19
100,1.0,250,500,0.5028220203862342,0.1650887127217818,0.6820268630981445,17
100,1.0,500,500,0.4993572274620524,0.1857304643261608,0.7444697022438049,16
100,1.0,1000,500,0.5084082253160555,0.2575613439033598,0.8056318759918213,11
100,1.0,10,1000,0.5044571005362316,0.13623254058135145,0.6387969851493835,13
100,1.0,25,1000,0.5045936833643097,0.1626727066817667,0.663827121257782,13
100,1.0,50,1000,0.5042763357404261,0.16083050207625518,0.681472897529602,13
100,1.0,100,1000,0.5015999923457624,0.1420007550018875,0.6723389029502869,14
100,1.0,250,1000,0.5091951798935924,0.1850207625519064,0.7261272072792053,13
100,1.0,500,1000,0.5114034129990123,0.21733484333710834,0.7961001396179199,12
100,1.0,1000,1000,0.5084082253160555,0.2575613439033598,0.8056319952011108,11
100,1.0,10,2500,0.6509421181038342,0.25700264250660626,0.7368879914283752,5
100,1.0,25,2500,0.6078792855930933,0.2091657229143073,0.6918356418609619,5
100,1.0,50,2500,0.6398901971152829,0.25428463571158927,0.7498424649238586,5
100,1.0,100,2500,0.5914885332447601,0.24039260098150245,0.754732608795166,6
100,1.0,250,2500,0.5656251583356863,0.2751679879199698,0.6462499499320984,4
100,1.0,500,2500,0.6005726868593084,0.2491355228388071,0.6561278104782104,3
100,1.0,1000,2500,0.6492599618387049,0.2550547376368441,0.7634539008140564,4
100,1.0,10,5000,0.7515272420797957,0.2896791241978105,0.907326877117157,3
100,1.0,25,5000,0.7122945164259934,0.24469611174027936,0.863487958908081,3
100,1.0,50,5000,0.7447032736204702,0.2886070215175538,0.9146478176116943,3
100,1.0,100,5000,0.6633109606050923,0.29469233673084183,0.7484258413314819,2
100,1.0,250,5000,0.6688108733865185,0.3156511891279728,0.780489444732666,2
100,1.0,500,5000,0.6399179106575104,0.29617214043035106,0.759071409702301,2
100,1.0,1000,5000,0.731342534703713,0.3575537938844847,0.8538233041763306,2
100,1.0,10,10000,0.6328993954278542,0.2707889769724424,0.7284555435180664,2
100,1.0,25,10000,0.5932126302835113,0.24283880709701774,0.6977890729904175,2
100,1.0,50,10000,0.8132433423473296,0.36853152132880335,0.9496619701385498,2
100,1.0,100,10000,0.6633109606050923,0.29469233673084183,0.7484257817268372,2
100,1.0,250,10000,0.6688108733865185,0.3156511891279728,0.7804892659187317,2
100,1.0,500,10000,0.6399179106575104,0.29617214043035106,0.759071409702301,2
100,1.0,1000,10000,0.731342534703713,0.3575537938844847,0.8538233637809753,2
100,1.0,10,15000,0.6328993954278542,0.2707889769724424,0.7284556031227112,2
100,1.0,25,15000,0.5932126302835113,0.24283880709701774,0.697789192199707,2
100,1.0,50,15000,0.8132433423473296,0.36853152132880335,0.9496619701385498,2
100,1.0,100,15000,0.6633109606050923,0.29469233673084183,0.7484257817268372,2
100,1.0,250,15000,0.6688108733865185,0.3156511891279728,0.7804895639419556,2
100,1.0,500,15000,0.6399179106575104,0.29617214043035106,0.7590715289115906,2
100,1.0,1000,15000,0.731342534703713,0.3575537938844847,0.8538233637809753,2
100,1.0,10,20000,0.6328993954278542,0.2707889769724424,0.7284556031227112,2
100,1.0,25,20000,0.5932126302835113,0.24283880709701774,0.6977890729904175,2
100,1.0,50,20000,0.8132433423473296,0.36853152132880335,0.9496618509292603,2
100,1.0,100,20000,0.6633109606050923,0.29469233673084183,0.7484259009361267,2
100,1.0,250,20000,0.6688108733865185,0.3156511891279728,0.780489444732666,2
100,1.0,500,20000,0.6399179106575104,0.29617214043035106,0.7590713500976562,2
100,1.0,1000,20000,0.731342534703713,0.3575537938844847,0.8538233637809753,2
100,1.0,10,22000,0.0,1.0,,0
100,1.0,25,22000,0.0,1.0,,0
100,1.0,50,22000,0.0,1.0,,0
100,1.0,100,22000,0.0,1.0,,0
100,1.0,250,22000,0.0,1.0,,0
100,1.0,500,22000,0.0,1.0,,0
100,1.0,1000,22000,0.0,1.0,,0
