n_neighbors,min_dist,min_samples,min_cluster_size,ari,noise_fraction,silhouette,n_clusters
10,0.0,10,50,0.1055878356050961,0.39263118157795396,-0.2950684428215027,255
10,0.0,25,50,0.14305420307834213,0.4557946394865987,-0.2435787469148636,203
10,0.0,50,50,0.1568101109194764,0.5461230653076633,-0.10863332450389862,178
10,0.0,100,50,0.13136014372057017,0.6051944129860325,-0.012431817129254341,83
10,0.0,250,50,0.12075423914339911,0.6827029067572669,0.3065544664859772,34
10,0.0,500,50,0.09546058292312692,0.7208909022272556,0.2505267262458801,17
10,0.0,1000,50,0.06410006016022322,0.7872253680634201,0.8770795464515686,11
10,0.0,10,100,0.09722548972340521,0.45277463193657985,-0.2606307864189148,104
10,0.0,25,100,0.13119682983014452,0.5228388070970177,-0.11078086495399475,93
10,0.0,50,100,0.14427977967825872,0.5568893922234806,-0.020312542095780373,85
10,0.0,100,100,0.138905449913401,0.5952585881464704,-0.04824657738208771,69
10,0.0,250,100,0.1273966853275583,0.6696262740656852,0.27315735816955566,30
10,0.0,500,100,0.09579397450401751,0.7219026047565119,0.3687761425971985,16
10,0.0,1000,100,0.06410006016022322,0.7872253680634201,0.8770794868469238,11
10,0.0,10,250,0.09903108684278925,0.5481917704794262,-0.07780198752880096,40
10,0.0,25,250,0.1414472434708549,0.5608909022272556,-0.036890484392642975,36
10,0.0,50,250,0.1596430029877099,0.5941864854662137,0.06966565549373627,34
10,0.0,100,250,0.16570555726361338,0.6093469233673084,0.07967723906040192,34
10,0.0,250,250,0.12423396310225093,0.6418573046432616,0.22839577496051788,26
10,0.0,500,250,0.09628825793016368,0.7222499056247641,0.502708375453949,14
10,0.0,1000,250,0.0627415443469934,0.7893091732729332,0.9160608649253845,10
10,0.0,10,500,0.08479066255253725,0.5355228388070971,0.13945116102695465,19
10,0.0,25,500,0.09860732513616567,0.6496187240468101,0.2996627390384674,18
10,0.0,50,500,0.12340398333594177,0.6729180822952058,0.32607460021972656,15
10,0.0,100,500,0.13700284487269804,0.6578029445073613,0.425092488527298,19
10,0.0,250,500,0.1332094755721761,0.6682370705926765,0.3942185044288635,14
10,0.0,500,500,0.09165668878571136,0.7279879199698,0.5801665186882019,13
10,0.0,1000,500,0.06395559462951193,0.7934616836542091,0.9385953545570374,9
10,0.0,10,1000,0.16232824895994347,0.2271347678369196,-0.10568205267190933,7
10,0.0,25,1000,0.008431384341364277,0.0008758021895054738,-0.12238310277462006,2
10,0.0,50,1000,0.008426579700071527,0.0026727066817667042,-0.12224267423152924,2
10,0.0,100,1000,0.08785632849051489,0.7025745564363911,0.5190321207046509,9
10,0.0,250,1000,0.008685989169509455,0.025066062665156662,-0.12339287251234055,2
10,0.0,500,1000,0.009420035925680288,0.051642129105322766,-0.12588509917259216,2
10,0.0,1000,1000,0.012369695105630055,0.1324122310305776,-0.12255427986383438,2
10,0.0,10,2500,0.008633846758793123,0.001766704416761042,-0.12145890295505524,2
10,0.0,25,2500,0.008431384341364277,0.0008758021895054738,-0.12238311767578125,2
10,0.0,50,2500,0.008426579700071527,0.0026727066817667042,-0.12224266678094864,2
10,0.0,100,2500,0.008362274215428914,0.007232918082295206,-0.12208865582942963,2
10,0.0,250,2500,0.008685989169509455,0.025066062665156662,-0.12339287251234055,2
10,0.0,500,2500,0.009420035925680288,0.051642129105322766,-0.12588509917259216,2
10,0.0,1000,2500,0.012369695105630055,0.1324122310305776,-0.12255430221557617,2
10,0.0,10,5000,0.0,1.0,,0
10,0.0,25,5000,0.0,1.0,,0
10,0.0,50,5000,0.0,1.0,,0
10,0.0,100,5000,0.0,1.0,,0
10,0.0,250,5000,0.0,1.0,,0
10,0.0,500,5000,0.0,1.0,,0
10,0.0,1000,5000,0.0,1.0,,0
10,0.0,10,10000,0.0,1.0,,0
10,0.0,25,10000,0.0,1.0,,0
10,0.0,50,10000,0.0,1.0,,0
10,0.0,100,10000,0.0,1.0,,0
10,0.0,250,10000,0.0,1.0,,0
10,0.0,500,10000,0.0,1.0,,0
10,0.0,1000,10000,0.0,1.0,,0
10,0.0,10,15000,0.0,1.0,,0
10,0.0,25,15000,0.0,1.0,,0
10,0.0,50,15000,0.0,1.0,,0
10,0.0,100,15000,0.0,1.0,,0
10,0.0,250,15000,0.0,1.0,,0
10,0.0,500,15000,0.0,1.0,,0
10,0.0,1000,15000,0.0,1.0,,0
10,0.0,10,20000,0.0,1.0,,0
10,0.0,25,20000,0.0,1.0,,0
10,0.0,50,20000,0.0,1.0,,0
10,0.0,100,20000,0.0,1.0,,0
10,0.0,250,20000,0.0,1.0,,0
10,0.0,500,20000,0.0,1.0,,0
10,0.0,1000,20000,0.0,1.0,,0
10,0.0,10,22000,0.0,1.0,,0
10,0.0,25,22000,0.0,1.0,,0
10,0.0,50,22000,0.0,1.0,,0
10,0.0,100,22000,0.0,1.0,,0
10,0.0,250,22000,0.0,1.0,,0
10,0.0,500,22000,0.0,1.0,,0
10,0.0,1000,22000,0.0,1.0,,0
15,0.0,10,50,0.11399998592839558,0.4216534541336353,-0.13682624697685242,248
15,0.0,25,50,0.15322064319989406,0.4998263495658739,-0.062180664390325546,198
15,0.0,50,50,0.16081278040161634,0.5479048697621745,0.03625769913196564,171
15,0.0,100,50,0.15698333258045638,0.5582634956587391,0.10854325443506241,76
15,0.0,250,50,0.14161431531143528,0.6276330690826727,0.28899791836738586,31
15,0.0,500,50,0.10249841328441502,0.6797583993959985,0.3932802975177765,22
15,0.0,1000,50,0.06898796852548619,0.758550396375991,0.7434644103050232,11
15,0.0,10,100,0.12695597220859584,0.4808305020762552,-0.036255091428756714,117
15,0.0,25,100,0.15741993088950088,0.5165420913552284,-0.021516352891921997,96
15,0.0,50,100,0.16283957091145268,0.5177953944884862,-0.03177926316857338,82
15,0.0,100,100,0.1681742513268662,0.5598187995469989,0.12182436883449554,65
15,0.0,250,100,0.14032801346499862,0.6278595696489241,0.3387591242790222,29
15,0.0,500,100,0.10274858585547211,0.6829596073990185,0.5402414202690125,19
15,0.0,1000,100,0.06898796852548619,0.758550396375991,0.7434644103050232,11
15,0.0,10,250,0.12223730005882516,0.40975462438656096,-0.2185552567243576,32
15,0.0,25,250,0.1591300848790845,0.5607248018120046,0.10712277144193649,35
15,0.0,50,250,0.17617493748254334,0.5394639486598717,-0.03179440274834633,31
15,0.0,100,250,0.17917441721649405,0.5753869384673461,0.18852512538433075,32
15,0.0,250,250,0.13862913282659695,0.6267874669686674,0.31887176632881165,27
15,0.0,500,250,0.1049989229447449,0.6901170252925632,0.6056405305862427,16
15,0.0,1000,250,0.0678945598682854,0.7624915062287656,0.7453217506408691,9
15,0.0,10,500,0.09785313677558612,0.4874443186107965,0.028425199910998344,16
15,0.0,25,500,0.12204202308315501,0.5569346923367309,0.11500254273414612,13
15,0.0,50,500,0.16423467146580292,0.5820611551528879,0.24481084942817688,16
15,0.0,100,500,0.19609070365140974,0.5755832389580974,0.1913728564977646,18
15,0.0,250,500,0.13762147496680888,0.6317704794261986,0.39568641781806946,16
15,0.0,500,500,0.10889071065283991,0.6927595318988298,0.4670666456222534,13
15,0.0,1000,500,0.0678945598682854,0.7624915062287656,0.7453217506408691,9
15,0.0,10,1000,0.08995382038984251,0.4854209135522839,0.11065282672643661,10
15,0.0,25,1000,0.10268074134784103,0.579358248395621,0.30554550886154175,10
15,0.0,50,1000,0.12729174293116213,0.6034428086070215,0.30114784836769104,11
15,0.0,100,1000,0.13411485641338344,0.6399093997734995,0.3208950161933899,12
15,0.0,250,1000,0.09125056208911128,0.6911438278595696,0.5766758322715759,10
15,0.0,500,1000,0.10015088179960806,0.7138693846734617,0.6252965331077576,10
15,0.0,1000,1000,0.0678945598682854,0.7624915062287656,0.7453218102455139,9
15,0.0,10,2500,0.008673241665762735,0.0006191015477538694,-0.11875701695680618,2
15,0.0,25,2500,0.008673241665762735,0.0006191015477538694,-0.11875700950622559,2
15,0.0,50,2500,0.008673241665762735,0.0006191015477538694,-0.11875700205564499,2
15,0.0,100,2500,0.008660341588774365,0.0007701019252548131,-0.1188025176525116,2
15,0.0,250,2500,0.008659690270089535,0.005405813514533786,-0.11783678084611893,2
15,0.0,500,2500,0.00829029024840877,0.02053605134012835,-0.11985093355178833,2
15,0.0,1000,2500,0.013843276789384783,0.08404681011702529,-0.1257350891828537,2
15,0.0,10,5000,0.0,1.0,,0
15,0.0,25,5000,0.0,1.0,,0
15,0.0,50,5000,0.0,1.0,,0
15,0.0,100,5000,0.0,1.0,,0
15,0.0,250,5000,0.0,1.0,,0
15,0.0,500,5000,0.0,1.0,,0
15,0.0,1000,5000,0.0,1.0,,0
15,0.0,10,10000,0.0,1.0,,0
15,0.0,25,10000,0.0,1.0,,0
15,0.0,50,10000,0.0,1.0,,0
15,0.0,100,10000,0.0,1.0,,0
15,0.0,250,10000,0.0,1.0,,0
15,0.0,500,10000,0.0,1.0,,0
15,0.0,1000,10000,0.0,1.0,,0
15,0.0,10,15000,0.0,1.0,,0
15,0.0,25,15000,0.0,1.0,,0
15,0.0,50,15000,0.0,1.0,,0
15,0.0,100,15000,0.0,1.0,,0
15,0.0,250,15000,0.0,1.0,,0
15,0.0,500,15000,0.0,1.0,,0
15,0.0,1000,15000,0.0,1.0,,0
15,0.0,10,20000,0.0,1.0,,0
15,0.0,25,20000,0.0,1.0,,0
15,0.0,50,20000,0.0,1.0,,0
15,0.0,100,20000,0.0,1.0,,0
15,0.0,250,20000,0.0,1.0,,0
15,0.0,500,20000,0.0,1.0,,0
15,0.0,1000,20000,0.0,1.0,,0
15,0.0,10,22000,0.0,1.0,,0
15,0.0,25,22000,0.0,1.0,,0
15,0.0,50,22000,0.0,1.0,,0
15,0.0,100,22000,0.0,1.0,,0
15,0.0,250,22000,0.0,1.0,,0
15,0.0,500,22000,0.0,1.0,,0
15,0.0,1000,22000,0.0,1.0,,0
30,0.0,10,50,0.47805396266055716,0.05677614194035485,-0.33222877979278564,160
30,0.0,25,50,0.47831193362999325,0.0579841449603624,-0.30433133244514465,150
30,0.0,50,50,0.47699916744957255,0.07174027935069838,85.4708023071289,135
30,0.0,100,50,0.48088811784934715,0.07732729331823329,0.1960429847240448,67
30,0.0,250,50,0.4793114659588622,0.13328803322008306,0.544375479221344,35
30,0.0,500,50,0.47872492244569526,0.18074745186862967,0.6632594466209412,19
30,0.0,1000,50,0.47545058353594977,0.23844469611174027,0.6392502784729004,13
30,0.0,10,100,0.4795111309173201,0.056866742166855416,0.0032321603503078222,86
30,0.0,25,100,0.47867935574955106,0.06029445073612684,0.15446500480175018,88
30,0.0,50,100,0.48347044704750136,0.0464477161192903,0.13958150148391724,73
30,0.0,100,100,0.48315674579164164,0.06409966024915062,0.1768895834684372,65
30,0.0,250,100,0.48151252939996536,0.1175839939599849,0.5460844039916992,32
30,0.0,500,100,0.47872492244569526,0.18074745186862967,0.6632594466209412,19
30,0.0,1000,100,0.47545058353594977,0.23844469611174027,0.6392502188682556,13
30,0.0,10,250,0.48783208790416316,0.052306530766326916,0.3717532455921173,39
30,0.0,25,250,0.48667424863300596,0.04963382408456021,0.4473554790019989,36
30,0.0,50,250,0.4857196318562142,0.06000755001887505,0.4431697130203247,35
30,0.0,100,250,0.4861436885294007,0.07000377500943752,0.44928139448165894,34
30,0.0,250,250,0.4811366889778876,0.11826349565873914,0.5409952998161316,29
30,0.0,500,250,0.47872492244569526,0.18074745186862967,0.6632592678070068,19
30,0.0,1000,250,0.4759307445813928,0.24009060022650056,0.6455575823783875,12
30,0.0,10,500,0.49071871721408034,0.07986409966024915,0.5458630323410034,18
30,0.0,25,500,0.48974883908201805,0.09297093242733107,0.5582506656646729,19
30,0.0,50,500,0.4872313467622601,0.09993204983012458,0.5649204254150391,19
30,0.0,100,500,0.4881158777710582,0.1210721026802567,0.5818546414375305,19
30,0.0,250,500,0.48222943620375885,0.16419781049452623,0.6433253884315491,16
30,0.0,500,500,0.47687430257750973,0.18461306153265383,0.655864953994751,16
30,0.0,1000,500,0.4765007017129679,0.245602114005285,0.6450415253639221,11
30,0.0,10,1000,0.48931761056694373,0.11432238580596452,0.5367326736450195,14
30,0.0,25,1000,0.4886811017169458,0.09562853907134768,0.5327497124671936,15
30,0.0,50,1000,0.4890010527299666,0.1358248395620989,0.587143063545227,13
30,0.0,100,1000,0.4875858706801098,0.1562098905247263,0.6077136397361755,13
30,0.0,250,1000,0.48189873426255286,0.1836919592298981,0.6425067186355591,13
30,0.0,500,1000,0.4770565691779306,0.21283503208758023,0.6927422285079956,12
30,0.0,1000,1000,0.4765007017129679,0.245602114005285,0.6450415253639221,11
30,0.0,10,2500,0.6090383740851633,0.08161570403926009,0.6259968876838684,6
30,0.0,25,2500,0.527759443603479,0.12610041525103813,0.4809296131134033,6
30,0.0,50,2500,0.6048420868825363,0.2300641751604379,0.6537259221076965,5
30,0.0,100,2500,0.5878584822427376,0.29108342770856926,0.8274073600769043,5
30,0.0,250,2500,0.612864975891686,0.3502604756511891,0.8697119355201721,4
30,0.0,500,2500,0.6236049413935285,0.3477689694224236,0.8198772072792053,3
30,0.0,1000,2500,0.5479515111095966,0.3063495658739147,0.6608977913856506,3
30,0.0,10,5000,0.64385939850036,0.09242733106832766,0.773905336856842,4
30,0.0,25,5000,0.5725938214617154,0.24788221970554927,0.6395626664161682,4
30,0.0,50,5000,0.6206062868449983,0.3464703661759154,0.8513578176498413,2
30,0.0,100,5000,0.6070341860267405,0.3451415628539071,0.8363995552062988,2
30,0.0,250,5000,0.589598156872553,0.33597583993959984,0.6913638710975647,2
30,0.0,500,5000,0.6719767165889962,0.3993204983012458,0.8670146465301514,2
30,0.0,1000,5000,0.5882704897077956,0.359682899207248,0.6768196225166321,2
30,0.0,10,10000,0.6561333752647477,0.22130615326538317,0.8701072335243225,3
30,0.0,25,10000,0.6079379667931584,0.3334692336730842,0.8018918633460999,2
30,0.0,50,10000,0.6206062868449983,0.3464703661759154,0.851357638835907,2
30,0.0,100,10000,0.6070341860267405,0.3451415628539071,0.8363995552062988,2
30,0.0,250,10000,0.589598156872553,0.33597583993959984,0.6913639903068542,2
30,0.0,500,10000,0.6719767165889962,0.3993204983012458,0.8670147657394409,2
30,0.0,1000,10000,0.5882704897077956,0.359682899207248,0.6768196225166321,2
30,0.0,10,15000,0.7350014191382371,0.41949414873537183,0.9377670288085938,2
30,0.0,25,15000,0.6079379667931584,0.3334692336730842,0.8018920421600342,2
30,0.0,50,15000,0.6206062868449983,0.3464703661759154,0.8513576984405518,2
30,0.0,100,15000,0.6070341860267405,0.3451415628539071,0.8363996744155884,2
30,0.0,250,15000,0.589598156872553,0.33597583993959984,0.6913639903068542,2
30,0.0,500,15000,0.6719767165889962,0.3993204983012458,0.8670146465301514,2
30,0.0,1000,15000,0.5882704897077956,0.359682899207248,0.6768196225166321,2
30,0.0,10,20000,0.0,1.0,,0
30,0.0,25,20000,0.6079379667931584,0.3334692336730842,0.8018918633460999,2
30,0.0,50,20000,0.6206062868449983,0.3464703661759154,0.851357638835907,2
30,0.0,100,20000,0.6070341860267405,0.3451415628539071,0.8363996744155884,2
30,0.0,250,20000,0.0,1.0,,0
30,0.0,500,20000,0.0,1.0,,0
30,0.0,1000,20000,0.0,1.0,,0
30,0.0,10,22000,0.0,1.0,,0
30,0.0,25,22000,0.0,1.0,,0
30,0.0,50,22000,0.0,1.0,,0
30,0.0,100,22000,0.0,1.0,,0
30,0.0,250,22000,0.0,1.0,,0
30,0.0,500,22000,0.0,1.0,,0
30,0.0,1000,22000,0.0,1.0,,0
50,0.0,10,50,0.3894096561757203,0.10739146847867119,-0.32816413044929504,177
50,0.0,25,50,0.37423367209651814,0.1589731974329936,-0.32446831464767456,165
50,0.0,50,50,0.3786462765471903,0.15912419781049453,-0.28637638688087463,141
50,0.0,100,50,0.3688861181618502,0.19717629294073236,0.0863850936293602,69
50,0.0,250,50,0.3865859296725657,0.1959682899207248,0.36053356528282166,35
50,0.0,500,50,0.3667809712366445,0.26885617214043034,0.5208728313446045,19
50,0.0,1000,50,0.35716243833730654,0.32652321630804076,0.5895805954933167,15
50,0.0,10,100,0.4385782352358305,0.09140052850132126,0.034329336136579514,82
50,0.0,25,100,0.41152744011872155,0.12638731596828992,0.0520523376762867,85
50,0.0,50,100,0.3944129971913334,0.12688561721404304,0.2007737159729004,68
50,0.0,100,100,0.3746826029396973,0.18351075877689693,0.1343255639076233,61
50,0.0,250,100,0.3871022915883729,0.19414118535296337,0.3616338074207306,33
50,0.0,500,100,0.3667809712366445,0.26885617214043034,0.5208728313446045,19
50,0.0,1000,100,0.35716243833730654,0.32652321630804076,0.5895806550979614,15
50,0.0,10,250,0.43794410950769364,0.12362400906002265,0.2684592008590698,37
50,0.0,25,250,0.4115855505014156,0.13895054737636844,0.33499979972839355,38
50,0.0,50,250,0.3988136767989604,0.1476028690071725,0.3689791262149811,38
50,0.0,100,250,0.39169386342176843,0.16853152132880334,0.34967097640037537,36
50,0.0,250,250,0.38742712732014567,0.1935673839184598,0.3610309064388275,31
50,0.0,500,250,0.36547363153482937,0.27317478293695735,0.5390572547912598,17
50,0.0,1000,250,0.35730124411936753,0.32741411853529634,0.5886813998222351,13
50,0.0,10,500,0.4360722138155824,0.149278973197433,0.287560373544693,19
50,0.0,25,500,0.40317468674930873,0.20073990184975463,0.463017076253891,18
50,0.0,50,500,0.3885130621890651,0.2112948282370706,0.4693083167076111,18
50,0.0,100,500,0.3801502228156968,0.22959607399018497,0.4831450581550598,18
50,0.0,250,500,0.3777066456060322,0.24205360513401283,0.48388347029685974,18
50,0.0,500,500,0.36547363153482937,0.27317478293695735,0.5390572547912598,17
50,0.0,1000,500,0.3553885029869168,0.3046734616836542,0.5043112635612488,12
50,0.0,10,1000,0.4344789598971226,0.19124197810494525,0.3119322955608368,14
50,0.0,25,1000,0.4008588379109465,0.2120800302000755,0.4479919970035553,14
50,0.0,50,1000,0.384533039414284,0.2252472631181578,0.4990996718406677,15
50,0.0,100,1000,0.38268723271667,0.23207248018120044,0.47788169980049133,14
50,0.0,250,1000,0.38694900953575684,0.2260022650056625,0.38442546129226685,14
50,0.0,500,1000,0.36484794185015396,0.29389203473008685,0.5268906354904175,13
50,0.0,1000,1000,0.3553885029869168,0.3046734616836542,0.5043112635612488,12
50,0.0,10,2500,0.45962343701192543,0.20573801434503586,0.27003371715545654,3
50,0.0,25,2500,0.6034314092312688,0.3298603246508116,0.7450379729270935,4
50,0.0,50,2500,0.576788631994346,0.3213439033597584,0.7339522242546082,4
50,0.0,100,2500,0.5274170414465562,0.3000377500943752,0.6489395499229431,4
50,0.0,250,2500,0.562301415947635,0.31562098905247266,0.7346926927566528,4
50,0.0,500,2500,0.5495704437054189,0.3355379388448471,0.7538514137268066,4
50,0.0,1000,2500,0.5251388894427196,0.32255190637976594,0.8021591305732727,5
50,0.0,10,5000,0.49726255859055674,0.2523820309550774,0.55774986743927,2
50,0.0,25,5000,0.49736845161135634,0.25587013967534916,0.5659459233283997,2
50,0.0,50,5000,0.6183248808114054,0.3679879199697999,0.8434816598892212,3
50,0.0,100,5000,0.5640140020384851,0.34668176670441675,0.7769829630851746,3
50,0.0,250,5000,0.6017735434869808,0.3622650056625142,0.8472461700439453,3
50,0.0,500,5000,0.5888650309800056,0.38218195545488864,0.8540334105491638,3
50,0.0,1000,5000,0.5933952076592074,0.40320120800302,0.8559014201164246,2
50,0.0,10,10000,0.49726255859055674,0.2523820309550774,0.5577498078346252,2
50,0.0,25,10000,0.49736845161135634,0.25587013967534916,0.5659458637237549,2
50,0.0,50,10000,0.43207053258430433,0.21541713854284636,0.4961355924606323,2
50,0.0,100,10000,0.4297336134317681,0.2105096262740657,0.49435359239578247,2
50,0.0,250,10000,0.4090024051191428,0.2018875047187618,0.4754925072193146,2
50,0.0,500,10000,0.4082678443260003,0.26163835409588526,0.5248528122901917,2
50,0.0,1000,10000,0.5933952076592074,0.40320120800302,0.8559013605117798,2
50,0.0,10,15000,0.49726255859055674,0.2523820309550774,0.5577496886253357,2
50,0.0,25,15000,0.49736845161135634,0.25587013967534916,0.5659459233283997,2
50,0.0,50,15000,0.43207053258430433,0.21541713854284636,0.4961356222629547,2
50,0.0,100,15000,0.4297336134317681,0.2105096262740657,0.49435359239578247,2
50,0.0,250,15000,0.4090024051191428,0.2018875047187618,0.4754924774169922,2
50,0.0,500,15000,0.4082678443260003,0.26163835409588526,0.5248528122901917,2
50,0.0,1000,15000,0.5933952076592074,0.40320120800302,0.8559013605117798,2
50,0.0,10,20000,0.0,1.0,,0
50,0.0,25,20000,0.0,1.0,,0
50,0.0,50,20000,0.0,1.0,,0
50,0.0,100,20000,0.0,1.0,,0
50,0.0,250,20000,0.0,1.0,,0
50,0.0,500,20000,0.0,1.0,,0
50,0.0,1000,20000,0.0,1.0,,0
50,0.0,10,22000,0.0,1.0,,0
50,0.0,25,22000,0.0,1.0,,0
50,0.0,50,22000,0.0,1.0,,0
50,0.0,100,22000,0.0,1.0,,0
50,0.0,250,22000,0.0,1.0,,0
50,0.0,500,22000,0.0,1.0,,0
50,0.0,1000,22000,0.0,1.0,,0
75,0.0,10,50,0.4826263365139464,0.047504718761796905,0.201674684882164,169
75,0.0,25,50,0.48029089036335626,0.0861608154020385,0.1480202078819275,173
75,0.0,50,50,0.48283526251194997,0.10844847112117781,,158
75,0.0,100,50,0.50102192957817,0.09108342770856927,0.6612030863761902,75
75,0.0,250,50,0.4922521170384033,0.11941109852774633,0.8045819997787476,36
75,0.0,500,50,0.5026783301742777,0.14159305398263497,0.7332530617713928,19
75,0.0,1000,50,0.507823050530749,0.18000755001887506,0.7472474575042725,15
75,0.0,10,100,0.4891899112019138,0.046538316345790864,0.6158785223960876,84
75,0.0,25,100,0.4855820309186174,0.07161947904869762,0.6401945948600769,83
75,0.0,50,100,0.4944705297768828,0.05976594941487354,0.6159933805465698,74
75,0.0,100,100,0.49307797826237487,0.07898829747074368,0.7239547967910767,65
75,0.0,250,100,0.4982817053053503,0.10731596828992072,0.7677687406539917,32
75,0.0,500,100,0.5026783301742777,0.14159305398263497,0.7332528233528137,19
75,0.0,1000,100,0.5070649176072675,0.170721026802567,0.726940393447876,14
75,0.0,10,250,0.49441099502036046,0.060717251793129486,0.6883750557899475,45
75,0.0,25,250,0.4982452266796616,0.04984522461306153,0.6824327111244202,42
75,0.0,50,250,0.49586736661047115,0.06728576821442053,0.7094918489456177,40
75,0.0,100,250,0.49722850518403683,0.07349188372970933,0.71703040599823,35
75,0.0,250,250,0.49879261265420416,0.08978482446206115,0.71150803565979,30
75,0.0,500,250,0.5023133585373031,0.12946772366930917,0.7073294520378113,18
75,0.0,1000,250,0.5080815629814716,0.17363533408833523,0.7276635766029358,13
75,0.0,10,500,0.5016367483917379,0.07909399773499434,0.6283844113349915,22
75,0.0,25,500,0.5021886608303922,0.08113250283125707,0.6304638385772705,21
75,0.0,50,500,0.5038367242901758,0.08514911287278218,0.6253692507743835,20
75,0.0,100,500,0.5060200113552704,0.07901849754624386,0.6123799681663513,19
75,0.0,250,500,0.5042358724577037,0.09093242733106832,0.6473869681358337,18
75,0.0,500,500,0.5033490287516929,0.13442053605134013,0.714005708694458,17
75,0.0,1000,500,0.5080815629814716,0.17363533408833523,0.727663516998291,13
75,0.0,10,1000,0.5120594960446884,0.13641374103435258,0.6192074418067932,13
75,0.0,25,1000,0.5069527733546949,0.13514533786334465,0.614450991153717,13
75,0.0,50,1000,0.5119497010660855,0.1285919214798037,0.6037634015083313,13
75,0.0,100,1000,0.5109986572283454,0.14126085315213288,0.6309276223182678,13
75,0.0,250,1000,0.5086473353433922,0.14639486598716497,0.6482558250427246,13
75,0.0,500,1000,0.5082316451173994,0.1650887127217818,0.6953225135803223,13
75,0.0,1000,1000,0.5080815629814716,0.17363533408833523,0.7276633381843567,13
75,0.0,10,2500,0.5783732103236132,0.2598867497168743,0.6193410754203796,5
75,0.0,25,2500,0.5832847152764198,0.28949792374480937,0.7223142981529236,6
75,0.0,50,2500,0.5947624129992105,0.27924499811249526,0.7031236290931702,6
75,0.0,100,2500,0.5803027184274723,0.2682068705171763,0.6371113061904907,5
75,0.0,250,2500,0.5561073097055953,0.2466742166855417,0.7248850464820862,7
75,0.0,500,2500,0.5725631089383866,0.28280860702151756,0.6766334772109985,5
75,0.0,1000,2500,0.6519757196354982,0.31178557946394864,0.8550139665603638,5
75,0.0,10,5000,0.5704987921184197,0.3637750094375236,0.7756984829902649,3
75,0.0,25,5000,0.5973824902858345,0.3143374858437146,0.6318367719650269,3
75,0.0,50,5000,0.5677057622855427,0.26029445073612684,0.5821041464805603,3
75,0.0,100,5000,0.5552373362774135,0.23402038505096262,0.5780510902404785,3
75,0.0,250,5000,0.5628427812513617,0.2657002642506606,0.5985084772109985,3
75,0.0,500,5000,0.5993257392616745,0.33005662514156286,0.6615216135978699,3
75,0.0,1000,5000,0.33502857343779074,0.042536806342015857,0.3715461194515228,2
75,0.0,10,10000,0.3316475848757684,0.07480558701396753,0.37156301736831665,2
75,0.0,25,10000,0.5973824902858345,0.3143374858437146,0.6318369507789612,3
75,0.0,50,10000,0.5677057622855427,0.26029445073612684,0.5821040272712708,3
75,0.0,100,10000,0.5552373362774135,0.23402038505096262,0.5780510902404785,3
75,0.0,250,10000,0.5628427812513617,0.2657002642506606,0.5985084772109985,3
75,0.0,500,10000,0.3337266891598007,0.02346545866364666,0.3586427569389343,2
75,0.0,1000,10000,0.33502857343779074,0.042536806342015857,0.37154608964920044,2
75,0.0,10,15000,0.3316475848757684,0.07480558701396753,0.37156298756599426,2
75,0.0,25,15000,0.34019554686343645,0.08151000377500944,0.38266807794570923,2
75,0.0,50,15000,0.33869817719854833,0.06274065685164212,0.355027973651886,2
75,0.0,100,15000,0.5552373362774135,0.23402038505096262,0.5780509114265442,3
75,0.0,250,15000,0.3341798940065465,0.022302755756889392,0.3579213619232178,2
75,0.0,500,15000,0.3337266891598007,0.02346545866364666,0.3586427867412567,2
75,0.0,1000,15000,0.33502857343779074,0.042536806342015857,0.37154608964920044,2
75,0.0,10,20000,0.0,1.0,,0
75,0.0,25,20000,0.0,1.0,,0
75,0.0,50,20000,0.0,1.0,,0
75,0.0,100,20000,0.0,1.0,,0
75,0.0,250,20000,0.0,1.0,,0
75,0.0,500,20000,0.0,1.0,,0
75,0.0,1000,20000,0.0,1.0,,0
75,0.0,10,22000,0.0,1.0,,0
75,0.0,25,22000,0.0,1.0,,0
75,0.0,50,22000,0.0,1.0,,0
75,0.0,100,22000,0.0,1.0,,0
75,0.0,250,22000,0.0,1.0,,0
75,0.0,500,22000,0.0,1.0,,0
75,0.0,1000,22000,0.0,1.0,,0
100,0.0,10,50,0.48097299843608005,0.054435636089090224,0.36413100361824036,159
100,0.0,25,50,0.4786579434812635,0.07738769346923367,0.2878594398498535,155
100,0.0,50,50,0.48435704454356426,0.10286145715364288,0.23225797712802887,149
100,0.0,100,50,0.4949780375643642,0.10461306153265383,366.6907958984375,74
100,0.0,250,50,0.49921047557254616,0.08064930162325405,0.8059358596801758,33
100,0.0,500,50,0.5032649865144327,0.12013590033975086,0.8126605749130249,22
100,0.0,1000,50,0.5132705053288997,0.15741789354473387,0.8106372952461243,13
100,0.0,10,100,0.49042445823803743,0.038701396753491886,0.4305373728275299,87
100,0.0,25,100,0.4946047359162555,0.05715364288410721,0.7096861600875854,84
100,0.0,50,100,0.49392271713969776,0.07198187995469989,0.7230821251869202,79
100,0.0,100,100,0.4941043319719982,0.09165722914307285,0.7475298047065735,64
100,0.0,250,100,0.49921047557254616,0.08064930162325405,0.8059357404708862,33
100,0.0,500,100,0.5048047378061395,0.11101547753869384,0.7841715812683105,20
100,0.0,1000,100,0.5132705053288997,0.15741789354473387,0.8106372952461243,13
100,0.0,10,250,0.5034785527066221,0.03402038505096263,0.6951154470443726,37
100,0.0,25,250,0.5027906757255047,0.04979992449981125,0.7283565998077393,36
100,0.0,50,250,0.5045963211584504,0.04024160060400151,0.7151533365249634,33
100,0.0,100,250,0.5041293051961857,0.04045300113250283,0.6858752369880676,32
100,0.0,250,250,0.5008124601770075,0.06804077010192526,0.7420883178710938,32
100,0.0,500,250,0.5044073264330171,0.10672706681766704,0.7694435715675354,19
100,0.0,1000,250,0.5132705053288997,0.15741789354473387,0.8106372356414795,13
100,0.0,10,500,0.5084171676588408,0.022197055492638732,0.5918845534324646,22
100,0.0,25,500,0.5074625096399512,0.03592298980747452,0.6031899452209473,21
100,0.0,50,500,0.5062984706271367,0.04471121177802945,0.6570534706115723,23
100,0.0,100,500,0.5050247777104997,0.05842204605511514,0.6565240025520325,21
100,0.0,250,500,0.5026803576100698,0.0818724046810117,0.6794788837432861,20
100,0.0,500,500,0.5046961174916569,0.1138542846357116,0.7919002175331116,18
100,0.0,1000,500,0.5132705053288997,0.15741789354473387,0.8106372356414795,13
100,0.0,10,1000,0.5099035377074436,0.0373121932804832,0.5537736415863037,15
100,0.0,25,1000,0.5111855728333229,0.08440921102302756,0.6199367642402649,14
100,0.0,50,1000,0.5100850979021413,0.045632314080785205,0.5580424666404724,15
100,0.0,100,1000,0.5095357404014942,0.08212910532276331,0.625827968120575,14
100,0.0,250,1000,0.5080348997666027,0.07531898829747075,0.5983210802078247,14
100,0.0,500,1000,0.5102515213733143,0.11842959607399019,0.6983015537261963,13
100,0.0,1000,1000,0.5132705053288997,0.15741789354473387,0.8106372356414795,13
100,0.0,10,2500,0.6133761728190634,0.029596073990184976,0.5081061720848083,7
100,0.0,25,2500,0.5751806292271234,0.03154397885994715,0.43970635533332825,8
100,0.0,50,2500,0.5647903176724167,0.18775386938467345,0.6863275170326233,8
100,0.0,100,2500,0.5497053201904258,0.17348433371083427,0.6243677735328674,7
100,0.0,250,2500,0.5549336085107355,0.19956209890524726,0.6979009509086609,8
100,0.0,500,2500,0.5587617469155051,0.21964514911287278,0.7715820670127869,8
100,0.0,1000,2500,0.5479947099660676,0.23752359380898452,0.7036327123641968,6
100,0.0,10,5000,0.6704245102076094,1.5100037750094376e-05,0.6408329010009766,3
100,0.0,25,5000,0.6967866221659823,0.04286900717251793,0.6020548343658447,4
100,0.0,50,5000,0.5741328472897347,0.24330690826727067,0.5763640999794006,3
100,0.0,100,5000,0.553916866570554,0.2188297470743677,0.5759934186935425,3
100,0.0,250,5000,0.5574726402322157,0.2276330690826727,0.586618959903717,3
100,0.0,500,5000,0.5809161017844778,0.2755605889014723,0.6039774417877197,3
100,0.0,1000,5000,0.6826460373024059,0.3297244243110608,0.7739591002464294,3
100,0.0,10,10000,0.6704245102076094,1.5100037750094376e-05,0.6408329606056213,3
100,0.0,25,10000,0.6981463303871178,0.04277840694601737,0.6397285461425781,3
100,0.0,50,10000,0.5741328472897347,0.24330690826727067,0.5763640403747559,3
100,0.0,100,10000,0.553916866570554,0.2188297470743677,0.5759934782981873,3
100,0.0,250,10000,0.5574726402322157,0.2276330690826727,0.5866188406944275,3
100,0.0,500,10000,0.5809161017844778,0.2755605889014723,0.603977382183075,3
100,0.0,1000,10000,0.328832593447066,0.07978859947149868,0.3644339144229889,2
100,0.0,10,15000,0.6704245102076094,1.5100037750094376e-05,0.6408329010009766,3
100,0.0,25,15000,0.6981463303871178,0.04277840694601737,0.6397286653518677,3
100,0.0,50,15000,0.5741328472897347,0.24330690826727067,0.5763640403747559,3
100,0.0,100,15000,0.553916866570554,0.2188297470743677,0.5759934782981873,3
100,0.0,250,15000,0.5574726402322157,0.2276330690826727,0.5866187810897827,3
100,0.0,500,15000,0.3241327233430083,0.07524348810872027,0.35747963190078735,2
100,0.0,1000,15000,0.328832593447066,0.07978859947149868,0.36443382501602173,2
100,0.0,10,20000,0.3804731364527089,0.0,0.4650121033191681,2
100,0.0,25,20000,0.42258189657791223,0.0,0.45623502135276794,2
100,0.0,50,20000,0.0,1.0,,0
100,0.0,100,20000,0.0,1.0,,0
100,0.0,250,20000,0.0,1.0,,0
100,0.0,500,20000,0.0,1.0,,0
100,0.0,1000,20000,0.0,1.0,,0
100,0.0,10,22000,0.3804731364527089,0.0,0.4650120735168457,2
100,0.0,25,22000,0.0,1.0,,0
100,0.0,50,22000,0.0,1.0,,0
100,0.0,100,22000,0.0,1.0,,0
100,0.0,250,22000,0.0,1.0,,0
100,0.0,500,22000,0.0,1.0,,0
100,0.0,1000,22000,0.0,1.0,,0
10,0.1,10,50,0.11908251961433286,0.4162778406946017,-0.24108904600143433,239
10,0.1,25,50,0.13874339911367609,0.4836240090600227,-0.16107997298240662,198
10,0.1,50,50,0.1270814053326043,0.5352510381275953,-0.10168808698654175,161
10,0.1,100,50,0.12371797279329164,0.5985201963004908,0.010024042800068855,81
10,0.1,250,50,0.1132412943768098,0.6797432993582484,0.3283328413963318,28
10,0.1,500,50,0.08921538138035232,0.7333937334843337,0.4998049736022949,17
10,0.1,1000,50,0.015170461707899584,0.07694979237448094,-0.12256158143281937,2
10,0.1,10,100,0.11355145960383996,0.48872782181955454,-0.11838476359844208,110
10,0.1,25,100,0.1270896438271092,0.4984975462438656,-0.1370723843574524,99
10,0.1,50,100,0.12050355311443292,0.5386485466213665,-0.08707020431756973,84
10,0.1,100,100,0.14534671367393093,0.5894450736126841,-0.038416214287281036,66
10,0.1,250,100,0.11366728007616804,0.6807701019252548,0.33401161432266235,27
10,0.1,500,100,0.09451703347062326,0.7282597206493017,0.4198559820652008,15
10,0.1,1000,100,0.015170461707899584,0.07694979237448094,-0.12256157398223877,2
10,0.1,10,250,0.12621682802739315,0.5536277840694602,-0.08846144378185272,38
10,0.1,25,250,0.13603596712176083,0.5584748961872404,-0.04945825785398483,33
10,0.1,50,250,0.14795173349842025,0.5640770101925254,0.029945772141218185,32
10,0.1,100,250,0.13628771233865208,0.6167006417516043,0.20415045320987701,33
10,0.1,250,250,0.12214702292620262,0.6730086825217063,0.21544641256332397,25
10,0.1,500,250,0.09530207325664576,0.7303737259343148,0.4258035719394684,14
10,0.1,1000,250,0.015170461707899584,0.07694979237448094,-0.12256158888339996,2
10,0.1,10,500,0.11567106832587304,0.6211853529633824,0.1932082176208496,16
10,0.1,25,500,0.13155743413768756,0.6275726689316723,0.13899549841880798,14
10,0.1,50,500,0.1593357156788179,0.6178180445451114,0.23827975988388062,18
10,0.1,100,500,0.14377691853050198,0.6940430351075878,0.2976478934288025,13
10,0.1,250,500,0.12150626258544615,0.7035862589656474,0.2682737708091736,14
10,0.1,500,500,0.09530207325664576,0.7303737259343148,0.42580360174179077,14
10,0.1,1000,500,0.015170461707899584,0.07694979237448094,-0.12256157398223877,2
10,0.1,10,1000,0.10457067754163785,0.38052095130237823,0.11798461526632309,8
10,0.1,25,1000,0.008359139243977102,0.003291808229520574,-0.11435884237289429,2
10,0.1,50,1000,0.00837792331239344,0.0022197055492638733,-0.11473637074232101,2
10,0.1,100,1000,0.008066782419558863,0.0075349188372970935,-0.11595132946968079,2
10,0.1,250,1000,0.008158797034428917,0.017969044922612306,-0.11706428229808807,2
10,0.1,500,1000,0.01044001047210662,0.046357115892789735,-0.11952764540910721,2
10,0.1,1000,1000,0.015170461707899584,0.07694979237448094,-0.12256159633398056,2
10,0.1,10,2500,0.00851591442537378,0.0013137032842582106,-0.11396963149309158,2
10,0.1,25,2500,0.008359139243977102,0.003291808229520574,-0.11435884237289429,2
10,0.1,50,2500,0.00837792331239344,0.0022197055492638733,-0.11473635584115982,2
10,0.1,100,2500,0.008066782419558863,0.0075349188372970935,-0.11595132946968079,2
10,0.1,250,2500,0.008158797034428917,0.017969044922612306,-0.11706425994634628,2
10,0.1,500,2500,0.01044001047210662,0.046357115892789735,-0.11952768266201019,2
10,0.1,1000,2500,0.015170461707899584,0.07694979237448094,-0.12256158888339996,2
10,0.1,10,5000,0.0,1.0,,0
10,0.1,25,5000,0.0,1.0,,0
10,0.1,50,5000,0.0,1.0,,0
10,0.1,100,5000,0.0,1.0,,0
10,0.1,250,5000,0.0,1.0,,0
10,0.1,500,5000,0.0,1.0,,0
10,0.1,1000,5000,0.0,1.0,,0
10,0.1,10,10000,0.0,1.0,,0
10,0.1,25,10000,0.0,1.0,,0
10,0.1,50,10000,0.0,1.0,,0
10,0.1,100,10000,0.0,1.0,,0
10,0.1,250,10000,0.0,1.0,,0
10,0.1,500,10000,0.0,1.0,,0
10,0.1,1000,10000,0.0,1.0,,0
10,0.1,10,15000,0.0,1.0,,0
10,0.1,25,15000,0.0,1.0,,0
10,0.1,50,15000,0.0,1.0,,0
10,0.1,100,15000,0.0,1.0,,0
10,0.1,250,15000,0.0,1.0,,0
10,0.1,500,15000,0.0,1.0,,0
10,0.1,1000,15000,0.0,1.0,,0
10,0.1,10,20000,0.0,1.0,,0
10,0.1,25,20000,0.0,1.0,,0
10,0.1,50,20000,0.0,1.0,,0
10,0.1,100,20000,0.0,1.0,,0
10,0.1,250,20000,0.0,1.0,,0
10,0.1,500,20000,0.0,1.0,,0
10,0.1,1000,20000,0.0,1.0,,0
10,0.1,10,22000,0.0,1.0,,0
10,0.1,25,22000,0.0,1.0,,0
10,0.1,50,22000,0.0,1.0,,0
10,0.1,100,22000,0.0,1.0,,0
10,0.1,250,22000,0.0,1.0,,0
10,0.1,500,22000,0.0,1.0,,0
10,0.1,1000,22000,0.0,1.0,,0
15,0.1,10,50,0.11410118399005975,0.4233446583616459,-0.15743401646614075,245
15,0.1,25,50,0.14513430393858506,0.5036013590033975,-0.06251005828380585,184
15,0.1,50,50,0.15595466359232477,0.5326236315590789,0.029363056644797325,164
15,0.1,100,50,0.1613760666258205,0.5714307285768214,0.08594796061515808,77
15,0.1,250,50,0.13905787749145562,0.6268478671196678,0.21953289210796356,31
15,0.1,500,50,0.0949586616763189,0.6858286145715364,0.4819832444190979,18
15,0.1,1000,50,0.008687824323302801,0.0006191015477538694,-0.12947577238082886,2
15,0.1,10,100,0.13953507015818697,0.49141562853907134,0.005579660180956125,110
15,0.1,25,100,0.17070818608233032,0.5363684409211023,-0.011457162909209728,87
15,0.1,50,100,0.1754482514448765,0.520166100415251,-0.04671216383576393,83
15,0.1,100,100,0.16478283899572863,0.5673084182710457,0.12067347019910812,70
15,0.1,250,100,0.13995529842494275,0.6310154775386938,0.2865564823150635,27
15,0.1,500,100,0.09522707464859645,0.687036617591544,0.49310046434402466,17
15,0.1,1000,100,0.008687824323302801,0.0006191015477538694,-0.12947572767734528,2
15,0.1,10,250,0.13220982008623505,0.4106908267270668,-0.2880900800228119,29
15,0.1,25,250,0.16681413223646918,0.5546243865609664,0.007712111342698336,35
15,0.1,50,250,0.18314007375341315,0.5593355983389958,-0.054547589272260666,32
15,0.1,100,250,0.17856620191535966,0.5531294828237071,0.029583847150206566,30
15,0.1,250,250,0.13965524350753594,0.6112495281238203,0.2015865296125412,25
15,0.1,500,250,0.0913255152841402,0.6984824462061155,0.5705693364143372,13
15,0.1,1000,250,0.008687824323302801,0.0006191015477538694,-0.12947575747966766,2
15,0.1,10,500,0.12205684545615002,0.5635334088335221,0.046245574951171875,18
15,0.1,25,500,0.13253974122942813,0.5482521706304265,0.14148525893688202,15
15,0.1,50,500,0.14702163507837834,0.5906681766704417,0.18775975704193115,15
15,0.1,100,500,0.16046549260405676,0.5746923367308419,0.17965081334114075,15
15,0.1,250,500,0.1440699173757541,0.6403473008682522,0.24470506608486176,15
15,0.1,500,500,0.0913255152841402,0.6984824462061155,0.5705693364143372,13
15,0.1,1000,500,0.008687824323302801,0.0006191015477538694,-0.12947575747966766,2
15,0.1,10,1000,0.0969996678285323,0.6583465458663647,0.2767021358013153,9
15,0.1,25,1000,0.00848535888876867,0.0004228010570026425,-0.13058584928512573,2
15,0.1,50,1000,0.11658155773676407,0.6276330690826727,0.27299362421035767,10
15,0.1,100,1000,0.008683244226600608,0.0006040015100037751,-0.1295035481452942,2
15,0.1,250,1000,0.008683244226600608,0.0006040015100037751,-0.1295035183429718,2
15,0.1,500,1000,0.008689126550271079,0.0006040015100037751,-0.1294659525156021,2
15,0.1,1000,1000,0.008687824323302801,0.0006191015477538694,-0.12947577238082886,2
15,0.1,10,2500,0.008483786410980649,0.00037750094375235937,-0.13052898645401,2
15,0.1,25,2500,0.00848535888876867,0.0004228010570026425,-0.13058586418628693,2
15,0.1,50,2500,0.008683244226600608,0.0006040015100037751,-0.1295035183429718,2
15,0.1,100,2500,0.008683244226600608,0.0006040015100037751,-0.129503533244133,2
15,0.1,250,2500,0.008683244226600608,0.0006040015100037751,-0.129503533244133,2
15,0.1,500,2500,0.008689126550271079,0.0006040015100037751,-0.12946593761444092,2
15,0.1,1000,2500,0.008687824323302801,0.0006191015477538694,-0.12947577238082886,2
15,0.1,10,5000,0.0,1.0,,0
15,0.1,25,5000,0.0,1.0,,0
15,0.1,50,5000,0.0,1.0,,0
15,0.1,100,5000,0.024754339969134634,0.7909852774631937,0.3437435030937195,2
15,0.1,250,5000,0.0,1.0,,0
15,0.1,500,5000,0.0,1.0,,0
15,0.1,1000,5000,0.0,1.0,,0
15,0.1,10,10000,0.0,1.0,,0
15,0.1,25,10000,0.0,1.0,,0
15,0.1,50,10000,0.0,1.0,,0
15,0.1,100,10000,0.0,1.0,,0
15,0.1,250,10000,0.0,1.0,,0
15,0.1,500,10000,0.0,1.0,,0
15,0.1,1000,10000,0.0,1.0,,0
15,0.1,10,15000,0.0,1.0,,0
15,0.1,25,15000,0.0,1.0,,0
15,0.1,50,15000,0.0,1.0,,0
15,0.1,100,15000,0.0,1.0,,0
15,0.1,250,15000,0.0,1.0,,0
15,0.1,500,15000,0.0,1.0,,0
15,0.1,1000,15000,0.0,1.0,,0
15,0.1,10,20000,0.0,1.0,,0
15,0.1,25,20000,0.0,1.0,,0
15,0.1,50,20000,0.0,1.0,,0
15,0.1,100,20000,0.0,1.0,,0
15,0.1,250,20000,0.0,1.0,,0
15,0.1,500,20000,0.0,1.0,,0
15,0.1,1000,20000,0.0,1.0,,0
15,0.1,10,22000,0.0,1.0,,0
15,0.1,25,22000,0.0,1.0,,0
15,0.1,50,22000,0.0,1.0,,0
15,0.1,100,22000,0.0,1.0,,0
15,0.1,250,22000,0.0,1.0,,0
15,0.1,500,22000,0.0,1.0,,0
15,0.1,1000,22000,0.0,1.0,,0
30,0.1,10,50,0.46986633584145704,0.06724046810117025,0.012876113876700401,161
30,0.1,25,50,0.4673789538342978,0.07392978482446207,0.013040280900895596,144
30,0.1,50,50,0.4675687631060706,0.07617969044922612,0.11232557892799377,126
30,0.1,100,50,0.4710255001817831,0.0990562476406191,0.5771358609199524,66
30,0.1,250,50,0.47015198488979454,0.14668176670441677,0.6742593050003052,37
30,0.1,500,50,0.4651084448596423,0.18659116647791618,0.727026641368866,19
30,0.1,1000,50,0.4636517706479165,0.2375839939599849,0.7682042121887207,13
30,0.1,10,100,0.47092360957093166,0.05571913929784825,0.20481745898723602,83
30,0.1,25,100,0.4693487063217125,0.06352585881464703,0.17319805920124054,79
30,0.1,50,100,0.47091153438791755,0.06973197432993583,0.21865053474903107,72
30,0.1,100,100,0.47144741585219896,0.09600604001510003,0.5865939855575562,63
30,0.1,250,100,0.4708099620551467,0.14076255190637976,0.6557931303977966,31
30,0.1,500,100,0.4648024249897231,0.1887202718006795,0.7343287467956543,17
30,0.1,1000,100,0.4636517706479165,0.2375839939599849,0.7682043313980103,13
30,0.1,10,250,0.47328242154114814,0.07956209890524726,0.4131608307361603,40
30,0.1,25,250,0.47316390386568,0.08549641374103435,0.5692015886306763,36
30,0.1,50,250,0.4739757042401456,0.09247263118157796,0.5682491660118103,36
30,0.1,100,250,0.47757767668579526,0.09940354850887127,0.6023023128509521,32
30,0.1,250,250,0.4713902783650816,0.14017365043412608,0.6469801068305969,28
30,0.1,500,250,0.4648024249897231,0.1887202718006795,0.7343288064002991,17
30,0.1,1000,250,0.46373519685588577,0.23954699886749717,0.7846018075942993,12
30,0.1,10,500,0.4746826411360912,0.11876179690449226,0.4970634877681732,22
30,0.1,25,500,0.4754878498181588,0.12712721781804454,0.6725506782531738,19
30,0.1,50,500,0.47712509513713663,0.1371536428841072,0.6953912377357483,17
30,0.1,100,500,0.4772785075970018,0.13230653076632692,0.6787773370742798,17
30,0.1,250,500,0.47322947692321343,0.1650736126840317,0.7339388132095337,16
30,0.1,500,500,0.4653517773540391,0.19392978482446205,0.7488194704055786,16
30,0.1,1000,500,0.46373519685588577,0.23954699886749717,0.7846018075942993,12
30,0.1,10,1000,0.4758174220850239,0.15494148735371838,0.6831345558166504,12
30,0.1,25,1000,0.4763423505905548,0.13804454511136277,0.6575180888175964,13
30,0.1,50,1000,0.47948806370912683,0.1578708946772367,0.6781639456748962,12
30,0.1,100,1000,0.47713991216883656,0.16545111362778406,0.6932101249694824,13
30,0.1,250,1000,0.4718418726090006,0.16520951302378256,0.7375195622444153,13
30,0.1,500,1000,0.46764279158927885,0.22545866364665912,0.763171374797821,12
30,0.1,1000,1000,0.46373519685588577,0.23954699886749717,0.7846017479896545,12
30,0.1,10,2500,0.6067029615039016,0.3083729709324273,0.7708972096443176,5
30,0.1,25,2500,0.6057942927056406,0.3012004530011325,0.7599946856498718,5
30,0.1,50,2500,0.6142911530811488,0.33088712721781804,0.7654600739479065,4
30,0.1,100,2500,0.5613591497530089,0.3556964892412231,0.7706208229064941,4
30,0.1,250,2500,0.5361175544760721,0.3304492261230653,0.7789292335510254,5
30,0.1,500,2500,0.6174114599909,0.36231030577576445,0.8517056703567505,3
30,0.1,1000,2500,0.6152301401732421,0.3047489618724047,0.8209541440010071,4
30,0.1,10,5000,0.7180668055702577,0.4048773121932805,0.8800591230392456,2
30,0.1,25,5000,0.6987519275243079,0.3930388825972065,0.8700823187828064,2
30,0.1,50,5000,0.6985831144173092,0.3830275575688939,0.8470506072044373,2
30,0.1,100,5000,0.6198274065352362,0.41386183465458665,0.793793261051178,3
30,0.1,250,5000,0.5864069691408522,0.4101472253680634,0.73138427734375,2
30,0.1,500,5000,0.6657033960324045,0.41410343525858817,0.9029765129089355,2
30,0.1,1000,5000,0.7080194646332322,0.41325783314458286,0.9077030420303345,2
30,0.1,10,10000,0.7180668055702577,0.4048773121932805,0.8800591230392456,2
30,0.1,25,10000,0.6987519275243079,0.3930388825972065,0.8700823783874512,2
30,0.1,50,10000,0.6985831144173092,0.3830275575688939,0.8470506072044373,2
30,0.1,100,10000,0.6112285050267554,0.40934692336730844,0.7112531661987305,2
30,0.1,250,10000,0.5864069691408522,0.4101472253680634,0.7313844561576843,2
30,0.1,500,10000,0.6657033960324045,0.41410343525858817,0.9029765129089355,2
30,0.1,1000,10000,0.7080194646332322,0.41325783314458286,0.907703161239624,2
30,0.1,10,15000,0.7180668055702577,0.4048773121932805,0.8800590634346008,2
30,0.1,25,15000,0.6987519275243079,0.3930388825972065,0.8700823187828064,2
30,0.1,50,15000,0.6985831144173092,0.3830275575688939,0.8470506072044373,2
30,0.1,100,15000,0.6112285050267554,0.40934692336730844,0.7112532258033752,2
30,0.1,250,15000,0.5864069691408522,0.4101472253680634,0.7313843369483948,2
30,0.1,500,15000,0.6657033960324045,0.41410343525858817,0.902976393699646,2
30,0.1,1000,15000,0.7080194646332322,0.41325783314458286,0.907703161239624,2
30,0.1,10,20000,0.0,1.0,,0
30,0.1,25,20000,0.0,1.0,,0
30,0.1,50,20000,0.0,1.0,,0
30,0.1,100,20000,0.0,1.0,,0
30,0.1,250,20000,0.0,1.0,,0
30,0.1,500,20000,0.0,1.0,,0
30,0.1,1000,20000,0.0,1.0,,0
30,0.1,10,22000,0.0,1.0,,0
30,0.1,25,22000,0.0,1.0,,0
30,0.1,50,22000,0.0,1.0,,0
30,0.1,100,22000,0.0,1.0,,0
30,0.1,250,22000,0.0,1.0,,0
30,0.1,500,22000,0.0,1.0,,0
30,0.1,1000,22000,0.0,1.0,,0
50,0.1,10,50,0.3562418943466164,0.23608909022272556,-0.14099738001823425,192
50,0.1,25,50,0.3516653974854306,0.2585126462816157,-0.11225134879350662,169
50,0.1,50,50,0.37095479904615575,0.2464477161192903,-0.13440380990505219,136
50,0.1,100,50,0.37350841550724695,0.2744884862212156,-0.04008220136165619,63
50,0.1,250,50,0.3801595937997671,0.3177953944884862,0.6416931748390198,34
50,0.1,500,50,0.3578168911466505,0.32646281615704037,0.5369430184364319,16
50,0.1,1000,50,0.4256339624915869,0.26263495658739144,0.7962560057640076,12
50,0.1,10,100,0.37576388058371707,0.2502076255190638,-0.010136831551790237,81
50,0.1,25,100,0.3871699471799809,0.2313929784824462,0.024447234347462654,78
50,0.1,50,100,0.3880087219879001,0.24057380143450358,0.011469176970422268,72
50,0.1,100,100,0.37699609905014836,0.27753869384673463,-0.04596785083413124,59
50,0.1,250,100,0.3801595937997671,0.3177953944884862,0.6416932344436646,34
50,0.1,500,100,0.35102431858648503,0.34237825594563986,0.5747544765472412,16
50,0.1,1000,100,0.4256339624915869,0.26263495658739144,0.7962558269500732,12
50,0.1,10,250,0.4455581138031319,0.11944129860324651,0.2654946446418762,34
50,0.1,25,250,0.3862279899211817,0.20898452246130617,0.4380315840244293,31
50,0.1,50,250,0.3975408559507981,0.2793506983767459,0.5590620040893555,34
50,0.1,100,250,0.39818153148714314,0.28653831634579086,0.5616587400436401,33
50,0.1,250,250,0.42716087917795087,0.1897772744431861,0.6761577725410461,26
50,0.1,500,250,0.35677821257989584,0.32773121932804833,0.5384742021560669,15
50,0.1,1000,250,0.4256339624915869,0.26263495658739144,0.7962559461593628,12
50,0.1,10,500,0.4381529226848638,0.1795545488863722,0.32780641317367554,19
50,0.1,25,500,0.3762280550825232,0.24877312193280482,0.4579871594905853,18
50,0.1,50,500,0.38427226749198057,0.23608909022272556,0.47539061307907104,19
50,0.1,100,500,0.3747934140676667,0.2880181200453001,0.5456289052963257,19
50,0.1,250,500,0.37063566554589145,0.28871272178180446,0.48694664239883423,16
50,0.1,500,500,0.35677821257989584,0.32773121932804833,0.5384743213653564,15
50,0.1,1000,500,0.4256339624915869,0.26263495658739144,0.7962560653686523,12
50,0.1,10,1000,0.4360836872613875,0.22582106455266138,0.3603058457374573,14
50,0.1,25,1000,0.49743113446856707,0.13436013590033974,0.5720202326774597,11
50,0.1,50,1000,0.3558296203416659,0.2976972442431106,0.5521252751350403,13
50,0.1,100,1000,0.35873080092988097,0.3146092865232163,0.5105386972427368,13
50,0.1,250,1000,0.35734011334292426,0.3214194035485089,0.5023753046989441,13
50,0.1,500,1000,0.41438564620733565,0.25633824084560214,0.7553045749664307,12
50,0.1,1000,1000,0.4256339624915869,0.26263495658739144,0.7962560653686523,12
50,0.1,10,2500,0.4489323111900362,0.1844469611174028,0.30479156970977783,3
50,0.1,25,2500,0.5518345364498781,0.2675726689316723,0.5802656412124634,4
50,0.1,50,2500,0.4813728064441119,0.2630728576821442,0.5632295608520508,4
50,0.1,100,2500,0.4910857974693234,0.33710834277085694,0.6735617518424988,4
50,0.1,250,2500,0.46360111078973426,0.3655870139675349,0.7057607173919678,4
50,0.1,500,2500,0.4321394389721375,0.332638731596829,0.7066193222999573,5
50,0.1,1000,2500,0.4563162117193882,0.260958852397131,0.6966819763183594,5
50,0.1,10,5000,0.48999919999913155,0.23827859569648924,0.5095869898796082,2
50,0.1,25,5000,0.457051572451489,0.22958097395243487,0.5034295320510864,2
50,0.1,50,5000,0.3488930952768088,0.12916572291430728,0.4198043644428253,2
50,0.1,100,5000,0.34059396978637696,0.12525481313703285,0.42076557874679565,2
50,0.1,250,5000,0.3322683649017303,0.1358097395243488,0.4415358603000641,2
50,0.1,500,5000,0.3782754023046607,0.29972064930162323,0.6190937757492065,2
50,0.1,1000,5000,0.5267607122754917,0.4529860324650812,0.8969371914863586,2
50,0.1,10,10000,0.48999919999913155,0.23827859569648924,0.5095870494842529,2
50,0.1,25,10000,0.457051572451489,0.22958097395243487,0.5034294724464417,2
50,0.1,50,10000,0.3488930952768088,0.12916572291430728,0.41980433464050293,2
50,0.1,100,10000,0.34059396978637696,0.12525481313703285,0.4207655191421509,2
50,0.1,250,10000,0.3322683649017303,0.1358097395243488,0.44153591990470886,2
50,0.1,500,10000,0.3782754023046607,0.29972064930162323,0.6190937757492065,2
50,0.1,1000,10000,0.5267607122754917,0.4529860324650812,0.8969372510910034,2
50,0.1,10,15000,0.48999919999913155,0.23827859569648924,0.5095869302749634,2
50,0.1,25,15000,0.457051572451489,0.22958097395243487,0.5034294128417969,2
50,0.1,50,15000,0.3488930952768088,0.12916572291430728,0.4198044240474701,2
50,0.1,100,15000,0.34059396978637696,0.12525481313703285,0.42076557874679565,2
50,0.1,250,15000,0.3322683649017303,0.1358097395243488,0.44153597950935364,2
50,0.1,500,15000,0.3782754023046607,0.29972064930162323,0.6190937757492065,2
50,0.1,1000,15000,0.0,1.0,,0
50,0.1,10,20000,0.0,1.0,,0
50,0.1,25,20000,0.0,1.0,,0
50,0.1,50,20000,0.0,1.0,,0
50,0.1,100,20000,0.0,1.0,,0
50,0.1,250,20000,0.0,1.0,,0
50,0.1,500,20000,0.0,1.0,,0
50,0.1,1000,20000,0.0,1.0,,0
50,0.1,10,22000,0.0,1.0,,0
50,0.1,25,22000,0.0,1.0,,0
50,0.1,50,22000,0.0,1.0,,0
50,0.1,100,22000,0.0,1.0,,0
50,0.1,250,22000,0.0,1.0,,0
50,0.1,500,22000,0.0,1.0,,0
50,0.1,1000,22000,0.0,1.0,,0
75,0.1,10,50,0.4780202952294099,0.05842204605511514,0.28447225689888,174
75,0.1,25,50,0.48277700512038685,0.08261230653076633,0.40030768513679504,159
75,0.1,50,50,0.48594658511212685,0.06574556436391091,0.5184311270713806,133
75,0.1,100,50,0.48932966909358744,0.0861759154397886,0.623426079750061,69
75,0.1,250,50,0.4904607166557987,0.12126840317100793,0.6698825359344482,39
75,0.1,500,50,0.4993757730113548,0.18101925254813137,0.7723265886306763,18
75,0.1,1000,50,0.5189954299467077,0.21784824462061156,0.8390047550201416,13
75,0.1,10,100,0.4847694733378217,0.0638882597206493,0.4718150794506073,88
75,0.1,25,100,0.4897234453694816,0.055688939222348056,0.5573298335075378,80
75,0.1,50,100,0.4919302995110263,0.04528501321253303,0.5799784660339355,75
75,0.1,100,100,0.48999475883977417,0.07539448848622121,0.60417240858078,62
75,0.1,250,100,0.490332119831326,0.12206870517176292,0.6695823669433594,38
75,0.1,500,100,0.4996739381637582,0.1806870517176293,0.7595255374908447,16
75,0.1,1000,100,0.5150268513874053,0.19590788976972442,0.7875943779945374,12
75,0.1,10,250,0.49646515894819354,0.052034730086825215,0.5546233057975769,42
75,0.1,25,250,0.5002780995663271,0.03901849754624387,0.5198649168014526,38
75,0.1,50,250,0.4953719947285533,0.0692638731596829,0.5757337808609009,39
75,0.1,100,250,0.49827226016209025,0.06923367308418271,0.5510356426239014,35
75,0.1,250,250,0.49115277499873916,0.11983389958474897,0.6445531845092773,33
75,0.1,500,250,0.5002536023378391,0.18248395620989052,0.7591646313667297,15
75,0.1,1000,250,0.5147308945836835,0.19551528878822197,0.7847598195075989,11
75,0.1,10,500,0.5030328298871702,0.05801434503586259,0.6618638038635254,20
75,0.1,25,500,0.5011015502916459,0.08164590411476029,0.6386593580245972,19
75,0.1,50,500,0.5018076947857756,0.08179690449226124,0.6731863021850586,19
75,0.1,100,500,0.49985853757369636,0.09260853152132881,0.6692979335784912,18
75,0.1,250,500,0.49935666503521187,0.1360966402416006,0.7099437117576599,17
75,0.1,500,500,0.4994052457202146,0.1816987542468856,0.7733328938484192,14
75,0.1,1000,500,0.5147308945836835,0.19551528878822197,0.7847597599029541,11
75,0.1,10,1000,0.5070285925034425,0.06579086447716119,0.6261265873908997,14
75,0.1,25,1000,0.5035116861344937,0.11699509248773123,0.6479554176330566,14
75,0.1,50,1000,0.5070559262545806,0.11314458286145715,0.6961987018585205,13
75,0.1,100,1000,0.5055076498563366,0.09833144582861457,0.6477691531181335,13
75,0.1,250,1000,0.503662818262909,0.1683050207625519,0.6917223334312439,12
75,0.1,500,1000,0.5089069752215797,0.20141940354850887,0.7773844003677368,11
75,0.1,1000,1000,0.5147308945836835,0.19551528878822197,0.7847598195075989,11
75,0.1,10,2500,0.5495478549866976,0.08125330313325783,0.6027622818946838,7
75,0.1,25,2500,0.5408394114695402,0.2380973952434881,0.6259433031082153,5
75,0.1,50,2500,0.565061256326267,0.2571989429973575,0.740501344203949,6
75,0.1,100,2500,0.539396635371732,0.2104643261608154,0.5994969606399536,6
75,0.1,250,2500,0.5316674544644122,0.22491506228765573,0.5468908548355103,4
75,0.1,500,2500,0.517373737603914,0.1930086825217063,0.4905247092247009,4
75,0.1,1000,2500,0.5289548760533604,0.22718006795016987,0.5920469760894775,5
75,0.1,10,5000,0.707862963894818,0.0609437523593809,0.7984397411346436,4
75,0.1,25,5000,0.5511056889219389,0.08549641374103435,0.4999576807022095,3
75,0.1,50,5000,0.5510707778174277,0.08549641374103435,0.49991896748542786,3
75,0.1,100,5000,0.5511399650312995,0.08558701396753492,0.5001461505889893,3
75,0.1,250,5000,0.5504391166679419,0.08927142317855795,0.5050538182258606,3
75,0.1,500,5000,0.5564544793712659,0.10100415251038128,0.5212626457214355,3
75,0.1,1000,5000,0.5354426508717824,0.1758097395243488,0.5443240404129028,3
75,0.1,10,10000,0.6291994791660058,0.025896564741411852,0.6967267394065857,3
75,0.1,25,10000,0.5511056889219389,0.08549641374103435,0.499957799911499,3
75,0.1,50,10000,0.5510707778174277,0.08549641374103435,0.499919056892395,3
75,0.1,100,10000,0.5511399650312995,0.08558701396753492,0.5001459717750549,3
75,0.1,250,10000,0.5504391166679419,0.08927142317855795,0.5050538182258606,3
75,0.1,500,10000,0.5564544793712659,0.10100415251038128,0.521262526512146,3
75,0.1,1000,10000,0.5354426508717824,0.1758097395243488,0.5443240404129028,3
75,0.1,10,15000,0.43600557033159404,0.025896564741411852,0.7226154804229736,2
75,0.1,25,15000,0.5511056889219389,0.08549641374103435,0.4999576807022095,3
75,0.1,50,15000,0.5510707778174277,0.08549641374103435,0.4999188482761383,3
75,0.1,100,15000,0.5511399650312995,0.08558701396753492,0.5001460909843445,3
75,0.1,250,15000,0.5504391166679419,0.08927142317855795,0.5050538182258606,3
75,0.1,500,15000,0.5564544793712659,0.10100415251038128,0.521262526512146,3
75,0.1,1000,15000,0.5354426508717824,0.1758097395243488,0.5443239212036133,3
75,0.1,10,20000,0.43600557033159404,0.025896564741411852,0.7226153612136841,2
75,0.1,25,20000,0.0,1.0,,0
75,0.1,50,20000,0.0,1.0,,0
75,0.1,100,20000,0.0,1.0,,0
75,0.1,250,20000,0.0,1.0,,0
75,0.1,500,20000,0.0,1.0,,0
75,0.1,1000,20000,0.0,1.0,,0
75,0.1,10,22000,0.43600557033159404,0.025896564741411852,0.7226151823997498,2
75,0.1,25,22000,0.0,1.0,,0
75,0.1,50,22000,0.0,1.0,,0
75,0.1,100,22000,0.0,1.0,,0
75,0.1,250,22000,0.0,1.0,,0
75,0.1,500,22000,0.0,1.0,,0
75,0.1,1000,22000,0.0,1.0,,0
100,0.1,10,50,0.4804359346910746,0.05307663269158173,0.30235135555267334,162
100,0.1,25,50,0.4830510720925676,0.06348055870139675,0.30521661043167114,145
100,0.1,50,50,0.49009688704583954,0.12012080030200076,0.6240482926368713,142
100,0.1,100,50,0.49372898336381427,0.07045677614194036,-194.87400817871094,66
100,0.1,250,50,0.4963491264267912,0.10707436768591921,0.7438991665840149,34
100,0.1,500,50,0.5084140939002125,0.1379388448471121,0.768078088760376,18
100,0.1,1000,50,0.5116255659919292,0.18834277085692713,0.7993736267089844,14
100,0.1,10,100,0.48661247121419987,0.058527746319365796,0.6487802267074585,85
100,0.1,25,100,0.49408768619712545,0.039864099660249154,0.6827800869941711,77
100,0.1,50,100,0.49574540545469703,0.05022272555681389,0.6492191553115845,69
100,0.1,100,100,0.4943254142830345,0.06705926764816912,0.6697227954864502,60
100,0.1,250,100,0.4988412051461349,0.09700264250660627,0.7267013788223267,32
100,0.1,500,100,0.5084140939002125,0.1379388448471121,0.768078088760376,18
100,0.1,1000,100,0.5119907781159095,0.1892336730841827,0.8300709128379822,13
100,0.1,10,250,0.4964390554536813,0.06888637221593054,0.7337859869003296,41
100,0.1,25,250,0.5008372692017095,0.0593280483201208,0.7123031616210938,39
100,0.1,50,250,0.5074502145826177,0.04045300113250283,0.6470493674278259,35
100,0.1,100,250,0.5046371749651964,0.05436013590033975,0.6675069332122803,32
100,0.1,250,250,0.49863075162502496,0.09544733861834655,0.720874011516571,30
100,0.1,500,250,0.5078819290796375,0.13947904869762173,0.7689107656478882,17
100,0.1,1000,250,0.5132994179502373,0.19238958097395242,0.8362739086151123,12
100,0.1,10,500,0.5048745700150058,0.08203850509626275,0.6608716249465942,19
100,0.1,25,500,0.5061739800002775,0.08709701774254436,0.6715378165245056,18
100,0.1,50,500,0.5129485730495713,0.07613439033597584,0.6500569581985474,19
100,0.1,100,500,0.5055222213364695,0.08847112117780294,0.6738203167915344,19
100,0.1,250,500,0.5018894201287575,0.11492638731596828,0.707502543926239,17
100,0.1,500,500,0.5078819290796375,0.13947904869762173,0.7689107656478882,17
100,0.1,1000,500,0.5132994179502373,0.19238958097395242,0.8362738490104675,12
100,0.1,10,1000,0.5050287430925193,0.10527746319365798,0.6740981936454773,15
100,0.1,25,1000,0.5053158577456893,0.11090977727444319,0.6882213950157166,15
100,0.1,50,1000,0.5108035190063579,0.09911664779161948,0.6567056179046631,15
100,0.1,100,1000,0.5042352948301883,0.10714986787466968,0.6582236289978027,15
100,0.1,250,1000,0.5002397561854639,0.13873914684786712,0.7237813472747803,15
100,0.1,500,1000,0.5090879977902054,0.16073990184975462,0.7602322101593018,13
100,0.1,1000,1000,0.5132994179502373,0.19238958097395242,0.8362736701965332,12
100,0.1,10,2500,0.6233045719776173,0.20368440921102302,0.7469514012336731,5
100,0.1,25,2500,0.6255889537803418,0.20104190260475652,0.7483704686164856,5
100,0.1,50,2500,0.5810900542159785,0.19865609664024161,0.7553334832191467,6
100,0.1,100,2500,0.5488547624484917,0.189278973197433,0.6375210285186768,6
100,0.1,250,2500,0.5229222284498619,0.2126085315213288,0.5829606652259827,5
100,0.1,500,2500,0.5778744451294864,0.2810268025670064,0.7051067352294922,5
100,0.1,1000,2500,0.6066402793195046,0.25676104190260474,0.7452124953269958,5
100,0.1,10,5000,0.6109210435746943,0.2305775764439411,0.7090375423431396,3
100,0.1,25,5000,0.6109248842349811,0.2305926764816912,0.7090840935707092,3
100,0.1,50,5000,0.6039119051654422,0.2338844847112118,0.7135549187660217,4
100,0.1,100,5000,0.5598270338039051,0.2319214798036995,0.6047531962394714,4
100,0.1,250,5000,0.5539609774732234,0.24957342393355983,0.6573950052261353,3
100,0.1,500,5000,0.6488602086526973,0.3167232918082295,0.7861727476119995,3
100,0.1,1000,5000,0.6916746185548007,0.3533559833899585,0.8252391815185547,3
100,0.1,10,10000,0.36362815501416595,0.159682899207248,0.38543596863746643,2
100,0.1,25,10000,0.37042216515885557,0.16702151755379388,0.3884812891483307,2
100,0.1,50,10000,0.3336590943405395,0.047534918837297095,0.33549728989601135,2
100,0.1,100,10000,0.6300182714145911,0.30930917327293317,0.6636425256729126,3
100,0.1,250,10000,0.5539609774732234,0.24957342393355983,0.6573950052261353,3
100,0.1,500,10000,0.5033233244395399,0.28031710079275196,0.523205578327179,2
100,0.1,1000,10000,0.54091525133966,0.30653076632691584,0.5527403950691223,2
100,0.1,10,15000,0.36362815501416595,0.159682899207248,0.385436087846756,2
100,0.1,25,15000,0.37042216515885557,0.16702151755379388,0.38848134875297546,2
100,0.1,50,15000,0.3336590943405395,0.047534918837297095,0.3354971706867218,2
100,0.1,100,15000,0.32855726511461525,0.047534918837297095,0.3318808674812317,2
100,0.1,250,15000,0.5539609774732234,0.24957342393355983,0.65739506483078,3
100,0.1,500,15000,0.5033233244395399,0.28031710079275196,0.5232056379318237,2
100,0.1,1000,15000,0.54091525133966,0.30653076632691584,0.5527401566505432,2
100,0.1,10,20000,0.0,1.0,,0
100,0.1,25,20000,0.0,1.0,,0
100,0.1,50,20000,0.0,1.0,,0
100,0.1,100,20000,0.0,1.0,,0
100,0.1,250,20000,0.0,1.0,,0
100,0.1,500,20000,0.0,1.0,,0
100,0.1,1000,20000,0.0,1.0,,0
100,0.1,10,22000,0.0,1.0,,0
100,0.1,25,22000,0.0,1.0,,0
100,0.1,50,22000,0.0,1.0,,0
100,0.1,100,22000,0.0,1.0,,0
100,0.1,250,22000,0.0,1.0,,0
100,0.1,500,22000,0.0,1.0,,0
100,0.1,1000,22000,0.0,1.0,,0
10,0.15,10,50,0.11590261859813018,0.42400906002265004,-0.30146822333335876,245
10,0.15,25,50,0.1326784334356326,0.49497923744809363,-0.28226330876350403,201
10,0.15,50,50,0.12793817629884535,0.5483578708946772,-0.15329547226428986,160
10,0.15,100,50,0.1428761751654619,0.60160060400151,-0.008989282883703709,75
10,0.15,250,50,0.1069659004551134,0.658406946017365,0.11519068479537964,32
10,0.15,500,50,0.00726036582945968,0.005330313325783314,-0.14663852751255035,2
10,0.15,1000,50,0.00660273379450689,0.010917327293318234,-0.15343329310417175,2
10,0.15,10,100,0.1187793657431096,0.4788523971309928,-0.17300790548324585,116
10,0.15,25,100,0.14757001087683763,0.5482521706304265,-0.1573851853609085,95
10,0.15,50,100,0.14987652883273062,0.5771083427708569,-0.0058749024756252766,79
10,0.15,100,100,0.14750653910704392,0.6025217063042657,-0.008858449757099152,64
10,0.15,250,100,0.10790630709150245,0.6635560588901472,0.30271580815315247,26
10,0.15,500,100,0.00726036582945968,0.005330313325783314,-0.14663854241371155,2
10,0.15,1000,100,0.00660273379450689,0.010917327293318234,-0.15343332290649414,2
10,0.15,10,250,0.1398650228403445,0.5888712721781805,0.009929115884006023,33
10,0.15,25,250,0.14249020224205614,0.5423178557946395,-0.03624271601438522,34
10,0.15,50,250,0.15523025028984036,0.5554548886372216,0.04078061506152153,31
10,0.15,100,250,0.14682855675980952,0.587527368818422,0.05250062048435211,28
10,0.15,250,250,0.108013647770747,0.6634352585881464,0.28604578971862793,25
10,0.15,500,250,0.00726036582945968,0.005330313325783314,-0.14663854241371155,2
10,0.15,1000,250,0.00660273379450689,0.010917327293318234,-0.15343329310417175,2
10,0.15,10,500,0.11203692819208874,0.6316496791241978,0.13631920516490936,15
10,0.15,25,500,0.12067494754958118,0.6037599093997735,0.19258706271648407,17
10,0.15,50,500,0.15546463274225134,0.5813665534163835,0.17537538707256317,16
10,0.15,100,500,0.1497122675227714,0.6093016232540581,0.17894203960895538,14
10,0.15,250,500,0.007569291413357259,0.0032767081917704794,-0.14426255226135254,2
10,0.15,500,500,0.00726036582945968,0.005330313325783314,-0.14663854241371155,2
10,0.15,1000,500,0.00660273379450689,0.010917327293318234,-0.15343329310417175,2
10,0.15,10,1000,0.008023460706361825,0.0009513023782559457,-0.14069028198719025,2
10,0.15,25,1000,0.007941963069235934,0.0012835032087580218,-0.1413218230009079,2
10,0.15,50,1000,0.007866241770285559,0.0016610041525103813,-0.14188863337039948,2
10,0.15,100,1000,0.007726024426788535,0.0025217063042657605,-0.14302244782447815,2
10,0.15,250,1000,0.007569291413357259,0.0032767081917704794,-0.14426261186599731,2
10,0.15,500,1000,0.00726036582945968,0.005330313325783314,-0.14663855731487274,2
10,0.15,1000,1000,0.00660273379450689,0.010917327293318234,-0.15343324840068817,2
10,0.15,10,2500,0.008023460706361825,0.0009513023782559457,-0.14069026708602905,2
10,0.15,25,2500,0.007941963069235934,0.0012835032087580218,-0.1413218379020691,2
10,0.15,50,2500,0.007866241770285559,0.0016610041525103813,-0.14188863337039948,2
10,0.15,100,2500,0.007726024426788535,0.0025217063042657605,-0.14302246272563934,2
10,0.15,250,2500,0.007569291413357259,0.0032767081917704794,-0.14426259696483612,2
10,0.15,500,2500,0.00726036582945968,0.005330313325783314,-0.14663854241371155,2
10,0.15,1000,2500,0.03400892183180278,0.7791166477916195,0.514958381652832,3
10,0.15,10,5000,0.0,1.0,,0
10,0.15,25,5000,0.0,1.0,,0
10,0.15,50,5000,0.0,1.0,,0
10,0.15,100,5000,0.0,1.0,,0
10,0.15,250,5000,0.0,1.0,,0
10,0.15,500,5000,0.0,1.0,,0
10,0.15,1000,5000,0.0,1.0,,0
10,0.15,10,10000,0.0,1.0,,0
10,0.15,25,10000,0.0,1.0,,0
10,0.15,50,10000,0.0,1.0,,0
10,0.15,100,10000,0.0,1.0,,0
10,0.15,250,10000,0.0,1.0,,0
10,0.15,500,10000,0.0,1.0,,0
10,0.15,1000,10000,0.0,1.0,,0
10,0.15,10,15000,0.0,1.0,,0
10,0.15,25,15000,0.0,1.0,,0
10,0.15,50,15000,0.0,1.0,,0
10,0.15,100,15000,0.0,1.0,,0
10,0.15,250,15000,0.0,1.0,,0
10,0.15,500,15000,0.0,1.0,,0
10,0.15,1000,15000,0.0,1.0,,0
10,0.15,10,20000,0.0,1.0,,0
10,0.15,25,20000,0.0,1.0,,0
10,0.15,50,20000,0.0,1.0,,0
10,0.15,100,20000,0.0,1.0,,0
10,0.15,250,20000,0.0,1.0,,0
10,0.15,500,20000,0.0,1.0,,0
10,0.15,1000,20000,0.0,1.0,,0
10,0.15,10,22000,0.0,1.0,,0
10,0.15,25,22000,0.0,1.0,,0
10,0.15,50,22000,0.0,1.0,,0
10,0.15,100,22000,0.0,1.0,,0
10,0.15,250,22000,0.0,1.0,,0
10,0.15,500,22000,0.0,1.0,,0
10,0.15,1000,22000,0.0,1.0,,0
15,0.15,10,50,0.10947328976469366,0.42135145337863344,-0.2408573031425476,233
15,0.15,25,50,0.14468693242511127,0.47722159305398265,-0.20203934609889984,181
15,0.15,50,50,0.14671985394916046,0.4909928274820687,-0.17192676663398743,145
15,0.15,100,50,0.14212561621879546,0.5516194790486976,0.017800623551011086,84
15,0.15,250,50,0.12239522927709284,0.5999395998489996,0.0678594708442688,30
15,0.15,500,50,0.09111685983983196,0.6553265383163458,0.4204322397708893,18
15,0.15,1000,50,0.007678831909332879,0.0053454133635334085,-0.14735959470272064,2
15,0.15,10,100,0.13977187343189043,0.4582861457153643,-0.19980411231517792,109
15,0.15,25,100,0.16063227788930112,0.49709324273310684,-0.14428268373012543,97
15,0.15,50,100,0.16514793327280594,0.5136579841449603,-0.11547218263149261,78
15,0.15,100,100,0.16314778529418034,0.5412004530011325,-0.10721077769994736,72
15,0.15,250,100,0.12475639633966293,0.5945035862589656,0.16524463891983032,26
15,0.15,500,100,0.09139304271629568,0.6566251415628539,0.4242566227912903,17
15,0.15,1000,100,0.007678831909332879,0.0053454133635334085,-0.14735962450504303,2
15,0.15,10,250,0.162654822584871,0.5095356738391846,-0.06135385110974312,41
15,0.15,25,250,0.17447815310317918,0.4957795394488486,-0.10990597307682037,34
15,0.15,50,250,0.17343593953129266,0.5400981502453757,-0.01832755282521248,31
15,0.15,100,250,0.1810442887950335,0.5286674216685542,-0.012184474617242813,28
15,0.15,250,250,0.12966321675987788,0.5933257833144583,0.13858762383460999,24
15,0.15,500,250,0.09139304271629568,0.6566251415628539,0.42425671219825745,17
15,0.15,1000,250,0.007678831909332879,0.0053454133635334085,-0.14735962450504303,2
15,0.15,10,500,0.1530385665633957,0.5114986787466969,0.03915347903966904,20
15,0.15,25,500,0.16064217405358006,0.5386032465081163,0.05100683867931366,17
15,0.15,50,500,0.1640032163219097,0.5690449226123065,0.16066090762615204,16
15,0.15,100,500,0.17507086431768495,0.5548055870139675,0.11135704815387726,16
15,0.15,250,500,0.12662138631038558,0.6033069082672706,0.13752783834934235,17
15,0.15,500,500,0.09139304271629568,0.6566251415628539,0.4242566227912903,17
15,0.15,1000,500,0.007678831909332879,0.0053454133635334085,-0.14735962450504303,2
15,0.15,10,1000,0.08999276315137457,0.623359758399396,0.3468629717826843,10
15,0.15,25,1000,0.13539422361525366,0.5717025292563231,-0.0031323397997766733,11
15,0.15,50,1000,0.14681515856360217,0.5792374480936202,0.12519732117652893,12
15,0.15,100,1000,0.008211717750467546,0.0023556058890147227,-0.14346154034137726,2
15,0.15,250,1000,0.00806332388608932,0.002989807474518686,-0.1446845680475235,2
15,0.15,500,1000,0.007934712518855512,0.003699509248773122,-0.14546461403369904,2
15,0.15,1000,1000,0.007678831909332879,0.0053454133635334085,-0.14735960960388184,2
15,0.15,10,2500,0.008486768193189779,0.0010268025670064176,-0.14142213761806488,2
15,0.15,25,2500,0.008395546133191416,0.0015553038882597206,-0.1420355588197708,2
15,0.15,50,2500,0.00823724155158664,0.002446206115515289,-0.1432764083147049,2
15,0.15,100,2500,0.008211717750467546,0.0023556058890147227,-0.14346152544021606,2
15,0.15,250,2500,0.00806332388608932,0.002989807474518686,-0.1446845829486847,2
15,0.15,500,2500,0.007934712518855512,0.003699509248773122,-0.14546459913253784,2
15,0.15,1000,2500,0.007678831909332879,0.0053454133635334085,-0.14735960960388184,2
15,0.15,10,5000,0.0,1.0,,0
15,0.15,25,5000,0.05074630275283882,0.7170252925632314,0.32085421681404114,2
15,0.15,50,5000,0.0,1.0,,0
15,0.15,100,5000,0.03171729668768562,0.7900641751604379,0.3136215806007385,2
15,0.15,250,5000,0.040169423296132226,0.817274443186108,0.44071802496910095,2
15,0.15,500,5000,0.0,1.0,,0
15,0.15,1000,5000,0.05366640412291741,0.6562325405813515,0.7216347455978394,2
15,0.15,10,10000,0.0,1.0,,0
15,0.15,25,10000,0.0,1.0,,0
15,0.15,50,10000,0.0,1.0,,0
15,0.15,100,10000,0.0,1.0,,0
15,0.15,250,10000,0.0,1.0,,0
15,0.15,500,10000,0.0,1.0,,0
15,0.15,1000,10000,0.0,1.0,,0
15,0.15,10,15000,0.0,1.0,,0
15,0.15,25,15000,0.0,1.0,,0
15,0.15,50,15000,0.0,1.0,,0
15,0.15,100,15000,0.0,1.0,,0
15,0.15,250,15000,0.0,1.0,,0
15,0.15,500,15000,0.0,1.0,,0
15,0.15,1000,15000,0.0,1.0,,0
15,0.15,10,20000,0.0,1.0,,0
15,0.15,25,20000,0.0,1.0,,0
15,0.15,50,20000,0.0,1.0,,0
15,0.15,100,20000,0.0,1.0,,0
15,0.15,250,20000,0.0,1.0,,0
15,0.15,500,20000,0.0,1.0,,0
15,0.15,1000,20000,0.0,1.0,,0
15,0.15,10,22000,0.0,1.0,,0
15,0.15,25,22000,0.0,1.0,,0
15,0.15,50,22000,0.0,1.0,,0
15,0.15,100,22000,0.0,1.0,,0
15,0.15,250,22000,0.0,1.0,,0
15,0.15,500,22000,0.0,1.0,,0
15,0.15,1000,22000,0.0,1.0,,0
30,0.15,10,50,0.22363995281663163,0.2188297470743677,-0.21329808235168457,169
30,0.15,25,50,0.22008442269919362,0.23154397885994715,-0.18427719175815582,157
30,0.15,50,50,0.20834567774990367,0.2769195922989807,-0.07386334985494614,128
30,0.15,100,50,0.19707078285875507,0.31041147602869007,0.23002246022224426,65
30,0.15,250,50,0.19683603384878104,0.3434050585126463,0.4769686460494995,39
30,0.15,500,50,0.17328076285471683,0.401434503586259,0.5780318975448608,20
30,0.15,1000,50,0.13825898598184289,0.4722536806342016,0.6673909425735474,13
30,0.15,10,100,0.18895129983558462,0.30056625141562854,-0.02281314693391323,92
30,0.15,25,100,0.22752922059662684,0.2459343148357871,0.09549836814403534,82
30,0.15,50,100,0.22359109486673193,0.24144960362400905,0.22814616560935974,72
30,0.15,100,100,0.2180982525171023,0.2791845979614949,0.3285849690437317,58
30,0.15,250,100,0.20482257808203963,0.32498301245753114,0.43829020857810974,34
30,0.15,500,100,0.17207449236961475,0.4059494148735372,0.6389177441596985,16
30,0.15,1000,100,0.13825898598184289,0.4722536806342016,0.6673910021781921,13
30,0.15,10,250,0.2290775562734005,0.2909475273688184,0.3096722662448883,37
30,0.15,25,250,0.23218910924333658,0.26394865987164967,0.34211981296539307,35
30,0.15,50,250,0.22116500704030811,0.2716043790109475,0.36656370759010315,38
30,0.15,100,250,0.2137801011198957,0.29938844847112117,0.3877388834953308,33
30,0.15,250,250,0.20779472675693578,0.32602491506228765,0.44092437624931335,28
30,0.15,500,250,0.17207449236961475,0.4059494148735372,0.6389177441596985,16
30,0.15,1000,250,0.13825898598184289,0.4722536806342016,0.6673910617828369,13
30,0.15,10,500,0.24610716559626317,0.31717629294073235,0.5109449028968811,16
30,0.15,25,500,0.22614567684990383,0.3101094752736882,0.5192364454269409,18
30,0.15,50,500,0.20961962555486374,0.34162325405813515,0.5659304261207581,15
30,0.15,100,500,0.21061994008130425,0.3432842582106455,0.5602841377258301,15
30,0.15,250,500,0.1928876865610069,0.3734843337108343,0.6190350651741028,15
30,0.15,500,500,0.1701721284887416,0.4112797281993205,0.6510299444198608,15
30,0.15,1000,500,0.13696106936257357,0.4765722914307286,0.6748989224433899,12
30,0.15,10,1000,0.24061326619169138,0.3447640619101548,0.5266560316085815,12
30,0.15,25,1000,0.2163673026961777,0.3484635711589279,0.5157942175865173,12
30,0.15,50,1000,0.20870759143188294,0.3449905624764062,0.4762038290500641,13
30,0.15,100,1000,0.2052736845289274,0.3539901849754624,0.549843966960907,13
30,0.15,250,1000,0.1894729826160682,0.388161570403926,0.5695643424987793,11
30,0.15,500,1000,0.16076289585944367,0.4447716119290298,0.6520259380340576,11
30,0.15,1000,1000,0.13482018080859434,0.486085315213288,0.6758283376693726,11
30,0.15,10,2500,0.4265044302984773,0.3455492638731597,0.7453405857086182,4
30,0.15,25,2500,0.3908128898037749,0.3532653831634579,0.6817416548728943,4
30,0.15,50,2500,0.2914779389100015,0.43663269158172896,0.8070501089096069,5
30,0.15,100,2500,0.302154421825583,0.4371913929784825,0.7504751682281494,4
30,0.15,250,2500,0.2904213730193502,0.4681917704794262,0.7884289026260376,4
30,0.15,500,2500,0.27277117607568196,0.4090449226123065,0.6119950413703918,3
30,0.15,1000,2500,0.2938878612936403,0.3766251415628539,0.7607360482215881,5
30,0.15,10,5000,0.47841090378035733,0.4507663269158173,0.8699743151664734,2
30,0.15,25,5000,0.3549137768559309,0.37217063042657605,0.7867723107337952,2
30,0.15,50,5000,0.3616485055992274,0.5032238580596452,0.8433759212493896,2
30,0.15,100,5000,0.33025147079951295,0.495522838807097,0.794631838798523,3
30,0.15,250,5000,0.296680943154149,0.42719516798791995,0.6493012309074402,2
30,0.15,500,5000,0.2897346805223886,0.4625896564741412,0.6764261722564697,2
30,0.15,1000,5000,0.28195978064063976,0.46104945262363156,0.8410623669624329,2
30,0.15,10,10000,0.47841090378035733,0.4507663269158173,0.8699743151664734,2
30,0.15,25,10000,0.3549137768559309,0.37217063042657605,0.7867724299430847,2
30,0.15,50,10000,0.3616485055992274,0.5032238580596452,0.8433759808540344,2
30,0.15,100,10000,0.31095757973939564,0.3953038882597206,0.5457263588905334,2
30,0.15,250,10000,0.296680943154149,0.42719516798791995,0.6493012309074402,2
30,0.15,500,10000,0.2897346805223886,0.4625896564741412,0.6764262914657593,2
30,0.15,1000,10000,0.28195978064063976,0.46104945262363156,0.8410624265670776,2
30,0.15,10,15000,0.47841090378035733,0.4507663269158173,0.8699744343757629,2
30,0.15,25,15000,0.3549137768559309,0.37217063042657605,0.7867723703384399,2
30,0.15,50,15000,0.0,1.0,,0
30,0.15,100,15000,0.31095757973939564,0.3953038882597206,0.5457262992858887,2
30,0.15,250,15000,0.296680943154149,0.42719516798791995,0.6493012309074402,2
30,0.15,500,15000,0.2897346805223886,0.4625896564741412,0.6764261722564697,2
30,0.15,1000,15000,0.0,1.0,,0
30,0.15,10,20000,0.0,1.0,,0
30,0.15,25,20000,0.0,1.0,,0
30,0.15,50,20000,0.0,1.0,,0
30,0.15,100,20000,0.0,1.0,,0
30,0.15,250,20000,0.0,1.0,,0
30,0.15,500,20000,0.0,1.0,,0
30,0.15,1000,20000,0.0,1.0,,0
30,0.15,10,22000,0.0,1.0,,0
30,0.15,25,22000,0.0,1.0,,0
30,0.15,50,22000,0.0,1.0,,0
30,0.15,100,22000,0.0,1.0,,0
30,0.15,250,22000,0.0,1.0,,0
30,0.15,500,22000,0.0,1.0,,0
30,0.15,1000,22000,0.0,1.0,,0
50,0.15,10,50,0.39113251018078576,0.26704416761041905,0.36262378096580505,186
50,0.15,25,50,0.3995216650013013,0.2918233295583239,0.3575997054576874,156
50,0.15,50,50,0.43272003297187306,0.29510003775009436,0.42440205812454224,136
50,0.15,100,50,0.42317454103953206,0.32637221593053983,0.5034623742103577,71
50,0.15,250,50,0.4025587715327294,0.347678369195923,0.5890404582023621,35
50,0.15,500,50,0.3982594880766709,0.3859871649679124,0.6003084778785706,19
50,0.15,1000,50,0.37682867604772063,0.4300943752359381,0.7640973329544067,12
50,0.15,10,100,0.3943232375367076,0.27459418648546624,0.37498927116394043,90
50,0.15,25,100,0.4272828825940028,0.2637221593053983,0.40999534726142883,89
50,0.15,50,100,0.4370232260321381,0.27989429973574936,0.4135340452194214,77
50,0.15,100,100,0.42873581563681257,0.3227482068705172,0.4970204830169678,66
50,0.15,250,100,0.4092053992059886,0.3361268403171008,0.5616015195846558,33
50,0.15,500,100,0.4011494685691999,0.38861457153642887,0.6007785201072693,17
50,0.15,1000,100,0.37682867604772063,0.4300943752359381,0.764097273349762,12
50,0.15,10,250,0.4225933269676891,0.06539826349565873,0.14234595000743866,36
50,0.15,25,250,0.39271920870530685,0.21596073990184975,0.29284635186195374,38
50,0.15,50,250,0.4481270995395422,0.2942544356360891,0.41820430755615234,38
50,0.15,100,250,0.4193625983236756,0.2973499433748584,0.4260573983192444,36
50,0.15,250,250,0.4042226012212497,0.3173876934692337,0.5105839967727661,29
50,0.15,500,250,0.4057535708459798,0.39285768214420536,0.6009939312934875,15
50,0.15,1000,250,0.37682867604772063,0.4300943752359381,0.7640973329544067,12
50,0.15,10,500,0.42705009828134727,0.09902604756511892,0.19209901988506317,20
50,0.15,25,500,0.3702591621012343,0.2516119290298226,0.42193353176116943,21
50,0.15,50,500,0.4188130043352637,0.3577198942997358,0.6204040050506592,22
50,0.15,100,500,0.399372357046506,0.35359758399395996,0.6284155249595642,19
50,0.15,250,500,0.41259543485070405,0.36557191392978483,0.6384541988372803,15
50,0.15,500,500,0.4057535708459798,0.39285768214420536,0.6009939908981323,15
50,0.15,1000,500,0.37682867604772063,0.4300943752359381,0.7640973329544067,12
50,0.15,10,1000,0.43221353437559334,0.11294828237070592,0.16237828135490417,13
50,0.15,25,1000,0.4406595676023184,0.15460928652321632,0.4272218942642212,11
50,0.15,50,1000,0.40044653128123664,0.20144960362400907,0.4643389880657196,11
50,0.15,100,1000,0.40349963196403343,0.3788297470743677,0.6318772435188293,12
50,0.15,250,1000,0.3970852537821959,0.397599093997735,0.6806813478469849,12
50,0.15,500,1000,0.407063025550076,0.41298603246508114,0.6635820865631104,12
50,0.15,1000,1000,0.36974851845173945,0.4431257078142695,0.799268901348114,11
50,0.15,10,2500,0.5350858072979412,0.215039637599094,0.3845357894897461,3
50,0.15,25,2500,0.46084361899010645,0.22431106077765195,0.4567282497882843,4
50,0.15,50,2500,0.37907533451881203,0.18591166477916196,0.24731212854385376,4
50,0.15,100,2500,0.329925675528564,0.16771611929029823,0.19749876856803894,3
50,0.15,250,2500,0.3296446376384676,0.47684409211023027,0.6074692606925964,4
50,0.15,500,2500,0.34558670914268985,0.5471347678369196,0.7244853973388672,4
50,0.15,1000,2500,0.4031119666097105,0.5285315213288033,0.8698589205741882,4
50,0.15,10,5000,0.5774580637435781,0.26911287278218193,0.6295762658119202,2
50,0.15,25,5000,0.5417064642284999,0.3221593053982635,0.6707273721694946,2
50,0.15,50,5000,0.3494160351415835,0.19285768214420537,0.5107353329658508,2
50,0.15,100,5000,0.3216957937557633,0.16305020762551906,0.43553242087364197,2
50,0.15,250,5000,0.3033999140433336,0.32144960362400904,0.5203810930252075,2
50,0.15,500,5000,0.35625777625762567,0.5468327670819177,0.8143376708030701,3
50,0.15,1000,5000,0.0,1.0,,0
50,0.15,10,10000,0.5774580637435781,0.26911287278218193,0.6295762062072754,2
50,0.15,25,10000,0.5417064642284999,0.3221593053982635,0.6707273721694946,2
50,0.15,50,10000,0.3494160351415835,0.19285768214420537,0.510735273361206,2
50,0.15,100,10000,0.3216957937557633,0.16305020762551906,0.4355323612689972,2
50,0.15,250,10000,0.3033999140433336,0.32144960362400904,0.5203810930252075,2
50,0.15,500,10000,0.0,1.0,,0
50,0.15,1000,10000,0.0,1.0,,0
50,0.15,10,15000,0.5774580637435781,0.26911287278218193,0.6295761466026306,2
50,0.15,25,15000,0.5417064642284999,0.3221593053982635,0.6707274317741394,2
50,0.15,50,15000,0.3494160351415835,0.19285768214420537,0.510735273361206,2
50,0.15,100,15000,0.3216957937557633,0.16305020762551906,0.43553245067596436,2
50,0.15,250,15000,0.3033999140433336,0.32144960362400904,0.5203810930252075,2
50,0.15,500,15000,0.0,1.0,,0
50,0.15,1000,15000,0.0,1.0,,0
50,0.15,10,20000,0.0,1.0,,0
50,0.15,25,20000,0.0,1.0,,0
50,0.15,50,20000,0.0,1.0,,0
50,0.15,100,20000,0.0,1.0,,0
50,0.15,250,20000,0.0,1.0,,0
50,0.15,500,20000,0.0,1.0,,0
50,0.15,1000,20000,0.0,1.0,,0
50,0.15,10,22000,0.0,1.0,,0
50,0.15,25,22000,0.0,1.0,,0
50,0.15,50,22000,0.0,1.0,,0
50,0.15,100,22000,0.0,1.0,,0
50,0.15,250,22000,0.0,1.0,,0
50,0.15,500,22000,0.0,1.0,,0
50,0.15,1000,22000,0.0,1.0,,0
75,0.15,10,50,0.48080494083298453,0.048954322385805965,0.13808876276016235,165
75,0.15,25,50,0.4896216345346277,0.09493393733484334,0.16976001858711243,158
75,0.15,50,50,0.48480458584816144,0.070879577198943,0.45833873748779297,134
75,0.15,100,50,0.49062279791767166,0.07775009437523593,0.5573028922080994,67
75,0.15,250,50,0.4940878844597004,0.10912797281993206,0.5340842604637146,37
75,0.15,500,50,0.5041511788527349,0.16324650811627028,0.7718688249588013,20
75,0.15,1000,50,0.5091944278421936,0.22243865609664024,0.8550128936767578,14
75,0.15,10,100,0.48825295970492355,0.05724424311060777,0.4629270136356354,82
75,0.15,25,100,0.48737288237614534,0.05991694979237448,0.4896807372570038,79
75,0.15,50,100,0.49395328559965224,0.04021140052850132,0.5112348794937134,68
75,0.15,100,100,0.49142210714239576,0.07512268780671952,0.5418725609779358,63
75,0.15,250,100,0.49390043821401297,0.1100641751604379,0.5350745916366577,36
75,0.15,500,100,0.5049594169091063,0.16551151377878445,0.7757015824317932,18
75,0.15,1000,100,0.5091944278421936,0.22243865609664024,0.8550127744674683,14
75,0.15,10,250,0.4982427651283913,0.03152887882219706,0.44698280096054077,43
75,0.15,25,250,0.49527904277620494,0.054677236693091734,0.4819217324256897,43
75,0.15,50,250,0.49972456002512544,0.0434881087202718,0.44590848684310913,40
75,0.15,100,250,0.49919861062993465,0.06033975084937712,0.4522775709629059,35
75,0.15,250,250,0.4980541053182387,0.09198942997357494,0.5221210718154907,30
75,0.15,500,250,0.5049581845124802,0.16498301245753114,0.7706729173660278,17
75,0.15,1000,250,0.5091944278421936,0.22243865609664024,0.855012834072113,14
75,0.15,10,500,0.5033440946851288,0.07026047565118913,0.6595075726509094,24
75,0.15,25,500,0.5059394985345672,0.07397508493771235,0.6275570392608643,20
75,0.15,50,500,0.5067051839640523,0.058754246885617215,0.5877810120582581,19
75,0.15,100,500,0.5017677628111826,0.09401283503208759,0.6616849899291992,20
75,0.15,250,500,0.5013393003183964,0.12289920724801812,0.6998757123947144,19
75,0.15,500,500,0.5049581845124802,0.16498301245753114,0.7706728577613831,17
75,0.15,1000,500,0.5145037769325997,0.23312948282370705,0.8634539842605591,12
75,0.15,10,1000,0.5121486753854347,0.12110230275575688,0.6848933696746826,12
75,0.15,25,1000,0.5101586454524171,0.1258890147225368,0.6587669849395752,12
75,0.15,50,1000,0.5094483463097761,0.12218950547376368,0.6453193426132202,12
75,0.15,100,1000,0.5078897551905668,0.15045677614194036,0.6929633021354675,12
75,0.15,250,1000,0.5050995250581379,0.16292940732351832,0.705636203289032,12
75,0.15,500,1000,0.5138375278007185,0.21405813514533786,0.8252355456352234,11
75,0.15,1000,1000,0.5114252434343152,0.20818422046055116,0.8195499181747437,10
75,0.15,10,2500,0.5468594795885404,0.15104567761419405,0.6578317880630493,7
75,0.15,25,2500,0.5367631429848199,0.20252170630426575,0.6577109098434448,8
75,0.15,50,2500,0.5368760306186791,0.19882219705549264,0.6443678140640259,8
75,0.15,100,2500,0.518713952770377,0.19586258965647413,0.588554322719574,6
75,0.15,250,2500,0.5581674677524466,0.27359758399396,0.7322781682014465,6
75,0.15,500,2500,0.6106715180814893,0.2775688939222348,0.7792449593544006,5
75,0.15,1000,2500,0.6101244148703315,0.26375235938089847,0.8034278750419617,5
75,0.15,10,5000,0.4744831926877948,0.17535673839184598,0.5182085037231445,3
75,0.15,25,5000,0.36725775211179695,0.1581275953189883,0.40249761939048767,2
75,0.15,50,5000,0.3648885100844224,0.1554850887127218,0.3993365466594696,2
75,0.15,100,5000,0.6341643310370048,0.3347829369573424,0.6434869766235352,3
75,0.15,250,5000,0.6320953369459208,0.3571460928652322,0.6833009719848633,3
75,0.15,500,5000,0.3750801333601568,0.18456776141940354,0.4178701937198639,2
75,0.15,1000,5000,0.6160654237448792,0.3581577953944885,0.6535465717315674,2
75,0.15,10,10000,0.5406474617336603,0.3112570781426954,0.5413920879364014,2
75,0.15,25,10000,0.36725775211179695,0.1581275953189883,0.40249764919281006,2
75,0.15,50,10000,0.3648885100844224,0.1554850887127218,0.3993366062641144,2
75,0.15,100,10000,0.3699891580641624,0.1615855039637599,0.4105306565761566,2
75,0.15,250,10000,0.34483703211181216,0.12342770856927142,0.39572474360466003,2
75,0.15,500,10000,0.3750801333601568,0.18456776141940354,0.4178702235221863,2
75,0.15,1000,10000,0.6160654237448792,0.3581577953944885,0.6535465717315674,2
75,0.15,10,15000,0.5406474617336603,0.3112570781426954,0.5413920283317566,2
75,0.15,25,15000,0.36725775211179695,0.1581275953189883,0.40249770879745483,2
75,0.15,50,15000,0.3648885100844224,0.1554850887127218,0.399336576461792,2
75,0.15,100,15000,0.3699891580641624,0.1615855039637599,0.41053062677383423,2
75,0.15,250,15000,0.34483703211181216,0.12342770856927142,0.39572468400001526,2
75,0.15,500,15000,0.3750801333601568,0.18456776141940354,0.41787034273147583,2
75,0.15,1000,15000,0.6160654237448792,0.3581577953944885,0.6535466313362122,2
75,0.15,10,20000,0.0,1.0,,0
75,0.15,25,20000,0.0,1.0,,0
75,0.15,50,20000,0.0,1.0,,0
75,0.15,100,20000,0.0,1.0,,0
75,0.15,250,20000,0.0,1.0,,0
75,0.15,500,20000,0.0,1.0,,0
75,0.15,1000,20000,0.0,1.0,,0
75,0.15,10,22000,0.0,1.0,,0
75,0.15,25,22000,0.0,1.0,,0
75,0.15,50,22000,0.0,1.0,,0
75,0.15,100,22000,0.0,1.0,,0
75,0.15,250,22000,0.0,1.0,,0
75,0.15,500,22000,0.0,1.0,,0
75,0.15,1000,22000,0.0,1.0,,0
100,0.15,10,50,0.48064078175760583,0.07992449981124952,0.5821954607963562,181
100,0.15,25,50,0.48805002092508004,0.08525481313703284,0.2848345637321472,151
100,0.15,50,50,0.4873393133439496,0.10616836542091355,0.42512261867523193,138
100,0.15,100,50,0.49562084139780377,0.07246508116270291,0.6825505495071411,64
100,0.15,250,50,0.5035149939580925,0.10275575688939223,0.7276197671890259,31
100,0.15,500,50,0.5125148941715257,0.1167836919592299,0.7174083590507507,17
100,0.15,1000,50,0.511448547771092,0.18221215553038883,0.8405489325523376,13
100,0.15,10,100,0.4878007046442733,0.0695054737636844,0.6271974444389343,84
100,0.15,25,100,0.4877696911704483,0.07723669309173273,0.6626363396644592,85
100,0.15,50,100,0.48770250797550835,0.08634201585503964,0.6761146187782288,78
100,0.15,100,100,0.500067076522232,0.054027935069837676,0.6482747197151184,60
100,0.15,250,100,0.5035149939580925,0.10275575688939223,0.7276197671890259,31
100,0.15,500,100,0.512734544866631,0.11762929407323518,0.7179145812988281,16
100,0.15,1000,100,0.511448547771092,0.18221215553038883,0.8405489921569824,13
100,0.15,10,250,0.5056570701275023,0.06514156285390714,0.6209356784820557,35
100,0.15,25,250,0.5050049865741875,0.06215175537938845,0.6391212940216064,35
100,0.15,50,250,0.5064101892336598,0.05651944129860325,0.6543588042259216,32
100,0.15,100,250,0.5069124007484382,0.0622876557191393,0.6544488668441772,30
100,0.15,250,250,0.5035830568205952,0.09963004907512268,0.7290823459625244,30
100,0.15,500,250,0.512734544866631,0.11762929407323518,0.7179145216941833,16
100,0.15,1000,250,0.511448547771092,0.18221215553038883,0.8405489325523376,13
100,0.15,10,500,0.5133111506416284,0.07708569271423178,0.6755661964416504,20
100,0.15,25,500,0.5124701885816735,0.08353340883352209,0.6889603734016418,17
100,0.15,50,500,0.5104748525726419,0.10505096262740657,0.7395982146263123,20
100,0.15,100,500,0.5104875414750223,0.06204605511513779,0.6254259943962097,18
100,0.15,250,500,0.5107812900983797,0.08661381653454134,0.6647813320159912,16
100,0.15,500,500,0.5108530687023484,0.12330690826727067,0.7277606725692749,15
100,0.15,1000,500,0.5109021435503727,0.16398640996602493,0.784643828868866,12
100,0.15,10,1000,0.5131978853421761,0.11116647791619479,0.6755015254020691,13
100,0.15,25,1000,0.5152753777868735,0.10847867119667799,0.7076183557510376,13
100,0.15,50,1000,0.5141471856307491,0.10656096640241601,0.6864587664604187,13
100,0.15,100,1000,0.5132026325716222,0.07782559456398641,0.6389986276626587,14
100,0.15,250,1000,0.51139102669675,0.10355605889014723,0.6574519872665405,13
100,0.15,500,1000,0.51071135245632,0.1458059645149113,0.7445138692855835,13
100,0.15,1000,1000,0.5109021435503727,0.16398640996602493,0.7846438884735107,12
100,0.15,10,2500,0.6239032161056949,0.23270668176670442,0.7368950843811035,6
100,0.15,25,2500,0.5710048649609617,0.22400906002265006,0.80765300989151,7
100,0.15,50,2500,0.5853163584558629,0.24090600226500566,0.7857576012611389,7
100,0.15,100,2500,0.5444641086056584,0.13426953567383917,0.6533462405204773,8
100,0.15,250,2500,0.5521425778395986,0.19371838429596075,0.669923722743988,7
100,0.15,500,2500,0.5626915397725467,0.24412231030577577,0.8503580093383789,7
100,0.15,1000,2500,0.6145519988742721,0.23124197810494526,0.7624804377555847,6
100,0.15,10,5000,0.6929687723693727,0.3234881087202718,0.7794948220252991,3
100,0.15,25,5000,0.7047192275636023,0.32523971309928273,0.8036229610443115,3
100,0.15,50,5000,0.3216825996754372,0.06814647036617591,0.3514091372489929,2
100,0.15,100,5000,0.5737987111992997,0.18245375613439033,0.6326819658279419,4
100,0.15,250,5000,0.6648958819475425,0.2901925254813137,0.7637200951576233,3
100,0.15,500,5000,0.6485877742959545,0.27687429218573045,0.7639340758323669,3
100,0.15,1000,5000,0.6854801082082814,0.3273084182710457,0.8053454160690308,3
100,0.15,10,10000,0.3216825996754372,0.06814647036617591,0.3514091372489929,2
100,0.15,25,10000,0.34070715672992824,0.12395620989052472,0.4089187681674957,2
100,0.15,50,10000,0.3216825996754372,0.06814647036617591,0.35140907764434814,2
100,0.15,100,10000,0.3216825996754372,0.06814647036617591,0.3514091372489929,2
100,0.15,250,10000,0.3218893375745777,0.07081917704794262,0.35416409373283386,2
100,0.15,500,10000,0.32803268066104563,0.09300113250283126,0.3687378168106079,2
100,0.15,1000,10000,0.3304017407610765,0.013725934314835786,0.3086034953594208,2
100,0.15,10,15000,0.3216825996754372,0.06814647036617591,0.35140907764434814,2
100,0.15,25,15000,0.34070715672992824,0.12395620989052472,0.40891867876052856,2
100,0.15,50,15000,0.3216825996754372,0.06814647036617591,0.3514091372489929,2
100,0.15,100,15000,0.3216825996754372,0.06814647036617591,0.35140904784202576,2
100,0.15,250,15000,0.3218893375745777,0.07081917704794262,0.35416409373283386,2
100,0.15,500,15000,0.32803268066104563,0.09300113250283126,0.3687378168106079,2
100,0.15,1000,15000,0.3304017407610765,0.013725934314835786,0.30860355496406555,2
100,0.15,10,20000,0.0,1.0,,0
100,0.15,25,20000,0.0,1.0,,0
100,0.15,50,20000,0.0,1.0,,0
100,0.15,100,20000,0.0,1.0,,0
100,0.15,250,20000,0.0,1.0,,0
100,0.15,500,20000,0.0,1.0,,0
100,0.15,1000,20000,0.0,1.0,,0
100,0.15,10,22000,0.0,1.0,,0
100,0.15,25,22000,0.0,1.0,,0
100,0.15,50,22000,0.0,1.0,,0
100,0.15,100,22000,0.0,1.0,,0
100,0.15,250,22000,0.0,1.0,,0
100,0.15,500,22000,0.0,1.0,,0
100,0.15,1000,22000,0.0,1.0,,0
10,0.25,10,50,0.0915231180856401,0.40286900717251795,-0.349301278591156,247
10,0.25,25,50,0.13232084417009812,0.5096715741789355,-0.2907925844192505,186
10,0.25,50,50,0.1344146523246463,0.5829822574556437,-0.11927389353513718,150
10,0.25,100,50,0.13984239891993502,0.6280407701019253,0.09431600570678711,67
10,0.25,250,50,0.11036576895417359,0.7076481691204228,0.19530121982097626,34
10,0.25,500,50,0.006793847849113409,0.00893922234805587,-0.11442678421735764,2
10,0.25,1000,50,0.006127991946727897,0.018316345790864476,-0.12490804493427277,2
10,0.25,10,100,0.10051489159451987,0.42702906757266895,-0.3122938871383667,118
10,0.25,25,100,0.13979282381620273,0.5124499811249528,-0.18474183976650238,93
10,0.25,50,100,0.14800922665401514,0.5849452623631559,-0.1008412092924118,70
10,0.25,100,100,0.14251246526852224,0.6328576821442053,0.10232093185186386,60
10,0.25,250,100,0.11336525002950032,0.7080256700641752,0.21271678805351257,27
10,0.25,500,100,0.006793847849113409,0.00893922234805587,-0.11442677676677704,2
10,0.25,1000,100,0.006127991946727897,0.018316345790864476,-0.12490802258253098,2
10,0.25,10,250,0.12379553963559217,0.47531898829747077,-0.24087738990783691,43
10,0.25,25,250,0.1381867918174317,0.573106832767082,0.012859316542744637,37
10,0.25,50,250,0.16448569908171132,0.643352208380521,0.0035749697126448154,30
10,0.25,100,250,0.1359207772766147,0.673431483578709,0.09067656844854355,31
10,0.25,250,250,0.11977010333093735,0.7017289543223858,0.19875231385231018,24
10,0.25,500,250,0.006793847849113409,0.00893922234805587,-0.11442677676677704,2
10,0.25,1000,250,0.006127991946727897,0.018316345790864476,-0.12490803003311157,2
10,0.25,10,500,0.11717075266954116,0.5691355228388071,0.07137363404035568,23
10,0.25,25,500,0.12820702441927276,0.6289467723669309,0.13663630187511444,21
10,0.25,50,500,0.12767056265012883,0.6912495281238203,0.18164144456386566,14
10,0.25,100,500,0.007502910025754287,0.0037901094752736883,-0.10874556750059128,2
10,0.25,250,500,0.0072745237913306735,0.005239713099282748,-0.11025574803352356,2
10,0.25,500,500,0.006793847849113409,0.00893922234805587,-0.11442676931619644,2
10,0.25,1000,500,0.006127991946727897,0.018316345790864476,-0.12490801513195038,2
10,0.25,10,1000,0.00758505635345311,0.003941109852774632,-0.10785871744155884,2
10,0.25,25,1000,0.007618300329884045,0.0036693091732729333,-0.10784973204135895,2
10,0.25,50,1000,0.0075945554566565964,0.003533408833522084,-0.10807850956916809,2
10,0.25,100,1000,0.007502910025754287,0.0037901094752736883,-0.10874554514884949,2
10,0.25,250,1000,0.0072745237913306735,0.005239713099282748,-0.11025574803352356,2
10,0.25,500,1000,0.006793847849113409,0.00893922234805587,-0.11442673951387405,2
10,0.25,1000,1000,0.006127991946727897,0.018316345790864476,-0.12490803003311157,2
10,0.25,10,2500,0.00758505635345311,0.003941109852774632,-0.10785873234272003,2
10,0.25,25,2500,0.007618300329884045,0.0036693091732729333,-0.10784973204135895,2
10,0.25,50,2500,0.0075945554566565964,0.003533408833522084,-0.10807852447032928,2
10,0.25,100,2500,0.007502910025754287,0.0037901094752736883,-0.10874558985233307,2
10,0.25,250,2500,0.0072745237913306735,0.005239713099282748,-0.11025574058294296,2
10,0.25,500,2500,0.009343876750972206,0.8639033597583994,0.1652546226978302,2
10,0.25,1000,2500,0.007325517026578782,0.8987542468856172,0.323672354221344,2
10,0.25,10,5000,0.0,1.0,,0
10,0.25,25,5000,0.0,1.0,,0
10,0.25,50,5000,0.0,1.0,,0
10,0.25,100,5000,0.0,1.0,,0
10,0.25,250,5000,0.0,1.0,,0
10,0.25,500,5000,0.0,1.0,,0
10,0.25,1000,5000,0.0,1.0,,0
10,0.25,10,10000,0.0,1.0,,0
10,0.25,25,10000,0.0,1.0,,0
10,0.25,50,10000,0.0,1.0,,0
10,0.25,100,10000,0.0,1.0,,0
10,0.25,250,10000,0.0,1.0,,0
10,0.25,500,10000,0.0,1.0,,0
10,0.25,1000,10000,0.0,1.0,,0
10,0.25,10,15000,0.0,1.0,,0
10,0.25,25,15000,0.0,1.0,,0
10,0.25,50,15000,0.0,1.0,,0
10,0.25,100,15000,0.0,1.0,,0
10,0.25,250,15000,0.0,1.0,,0
10,0.25,500,15000,0.0,1.0,,0
10,0.25,1000,15000,0.0,1.0,,0
10,0.25,10,20000,0.0,1.0,,0
10,0.25,25,20000,0.0,1.0,,0
10,0.25,50,20000,0.0,1.0,,0
10,0.25,100,20000,0.0,1.0,,0
10,0.25,250,20000,0.0,1.0,,0
10,0.25,500,20000,0.0,1.0,,0
10,0.25,1000,20000,0.0,1.0,,0
10,0.25,10,22000,0.0,1.0,,0
10,0.25,25,22000,0.0,1.0,,0
10,0.25,50,22000,0.0,1.0,,0
10,0.25,100,22000,0.0,1.0,,0
10,0.25,250,22000,0.0,1.0,,0
10,0.25,500,22000,0.0,1.0,,0
10,0.25,1000,22000,0.0,1.0,,0
15,0.25,10,50,0.10238815917258715,0.414722536806342,-0.26641398668289185,234
15,0.25,25,50,0.14109523747104577,0.4991921479803699,-0.27917829155921936,175
15,0.25,50,50,0.1596395094989568,0.5624311060777651,-0.17689462006092072,133
15,0.25,100,50,0.1576107387583468,0.5864854662136655,-0.04668201878666878,71
15,0.25,250,50,0.12325263622428137,0.6714986787466969,0.2694205641746521,34
15,0.25,500,50,0.09825204416943928,0.7322612306530766,0.456841379404068,19
15,0.25,1000,50,0.0072239592458589914,0.005964514911287278,-0.1345990002155304,2
15,0.25,10,100,0.11504297406402383,0.4252170630426576,-0.18503886461257935,113
15,0.25,25,100,0.14938822921480777,0.5034956587391468,-0.10859441012144089,85
15,0.25,50,100,0.18442405283397922,0.5552585881464703,-0.07050319761037827,68
15,0.25,100,100,0.15993963418776042,0.5847791619479049,0.00880334060639143,60
15,0.25,250,100,0.1237486147371045,0.6683125707814269,0.278372585773468,29
15,0.25,500,100,0.09883062444918414,0.732970932427331,0.47825172543525696,17
15,0.25,1000,100,0.0072239592458589914,0.005964514911287278,-0.13459904491901398,2
15,0.25,10,250,0.09318744994203833,0.3846734616836542,-0.2288571000099182,40
15,0.25,25,250,0.15264827477137535,0.5223858059645149,-0.05499239265918732,41
15,0.25,50,250,0.17654107841257635,0.587678369195923,0.05984089523553848,34
15,0.25,100,250,0.1709939575523312,0.6295205738014346,0.09297502040863037,32
15,0.25,250,250,0.13071523312167324,0.6694148735371839,0.2562349736690521,25
15,0.25,500,250,0.10313957878713655,0.7300113250283126,0.39038097858428955,15
15,0.25,1000,250,0.0072239592458589914,0.005964514911287278,-0.13459903001785278,2
15,0.25,10,500,0.08323123450562993,0.45999244998112493,0.003990284167230129,20
15,0.25,25,500,0.14933917503923394,0.5774707436768592,0.08568325638771057,22
15,0.25,50,500,0.1515578198189976,0.6338844847112117,0.14298945665359497,17
15,0.25,100,500,0.1586562095514717,0.6595998489996225,0.14780330657958984,15
15,0.25,250,500,0.13086202517788154,0.6816308040770102,0.3964022099971771,16
15,0.25,500,500,0.11108068515627009,0.7324575311438278,0.3587200343608856,13
15,0.25,1000,500,0.0072239592458589914,0.005964514911287278,-0.13459903001785278,2
15,0.25,10,1000,0.07253408116626342,0.49061532653831635,-0.0025927796959877014,13
15,0.25,25,1000,0.10059826833115634,0.6346394865987165,0.23398366570472717,11
15,0.25,50,1000,0.007919427713733405,0.0030502076255190637,-0.12996149063110352,2
15,0.25,100,1000,0.007993476553806757,0.002491506228765572,-0.1294289529323578,2
15,0.25,250,1000,0.007738915631942091,0.0026425066062665155,-0.13085317611694336,2
15,0.25,500,1000,0.007578105346444487,0.0035938089845224614,-0.13189630210399628,2
15,0.25,1000,1000,0.0072239592458589914,0.005964514911287278,-0.13459905982017517,2
15,0.25,10,2500,0.008007236597895064,0.0012231030577576445,-0.12892425060272217,2
15,0.25,25,2500,0.007953932285437391,0.0018573046432616082,-0.12945419549942017,2
15,0.25,50,2500,0.007919427713733405,0.0030502076255190637,-0.12996149063110352,2
15,0.25,100,2500,0.007993476553806757,0.002491506228765572,-0.12942896783351898,2
15,0.25,250,2500,0.007738915631942091,0.0026425066062665155,-0.13085314631462097,2
15,0.25,500,2500,0.007578105346444487,0.0035938089845224614,-0.13189634680747986,2
15,0.25,1000,2500,0.0072239592458589914,0.005964514911287278,-0.13459903001785278,2
15,0.25,10,5000,0.0,1.0,,0
15,0.25,25,5000,0.03951826524828794,0.5392978482446206,0.36437171697616577,2
15,0.25,50,5000,0.02894303484758798,0.4964439411098528,0.23965877294540405,2
15,0.25,100,5000,0.0,1.0,,0
15,0.25,250,5000,0.0,1.0,,0
15,0.25,500,5000,0.0,1.0,,0
15,0.25,1000,5000,0.0,1.0,,0
15,0.25,10,10000,0.0,1.0,,0
15,0.25,25,10000,0.0,1.0,,0
15,0.25,50,10000,0.0,1.0,,0
15,0.25,100,10000,0.0,1.0,,0
15,0.25,250,10000,0.0,1.0,,0
15,0.25,500,10000,0.0,1.0,,0
15,0.25,1000,10000,0.0,1.0,,0
15,0.25,10,15000,0.0,1.0,,0
15,0.25,25,15000,0.0,1.0,,0
15,0.25,50,15000,0.0,1.0,,0
15,0.25,100,15000,0.0,1.0,,0
15,0.25,250,15000,0.0,1.0,,0
15,0.25,500,15000,0.0,1.0,,0
15,0.25,1000,15000,0.0,1.0,,0
15,0.25,10,20000,0.0,1.0,,0
15,0.25,25,20000,0.0,1.0,,0
15,0.25,50,20000,0.0,1.0,,0
15,0.25,100,20000,0.0,1.0,,0
15,0.25,250,20000,0.0,1.0,,0
15,0.25,500,20000,0.0,1.0,,0
15,0.25,1000,20000,0.0,1.0,,0
15,0.25,10,22000,0.0,1.0,,0
15,0.25,25,22000,0.0,1.0,,0
15,0.25,50,22000,0.0,1.0,,0
15,0.25,100,22000,0.0,1.0,,0
15,0.25,250,22000,0.0,1.0,,0
15,0.25,500,22000,0.0,1.0,,0
15,0.25,1000,22000,0.0,1.0,,0
30,0.25,10,50,0.12701868332395796,0.43879199697999244,-0.014335163868963718,223
30,0.25,25,50,0.15437512589298405,0.501593053982635,0.12202129513025284,163
30,0.25,50,50,0.15418534334327083,0.5466213665534164,0.17256127297878265,136
30,0.25,100,50,0.16285951317162586,0.5671876179690449,0.24503202736377716,80
30,0.25,250,50,0.13084599640397876,0.6311815779539449,0.3362453281879425,38
30,0.25,500,50,0.09909370082109772,0.686870517176293,0.4814682900905609,20
30,0.25,1000,50,0.08800660043047695,0.7105020762551907,0.5913401246070862,12
30,0.25,10,100,0.12881350465434036,0.4576217440543601,0.00445267790928483,102
30,0.25,25,100,0.1576250561538827,0.513763684409211,0.15556786954402924,86
30,0.25,50,100,0.17395755089696066,0.5277312193280483,0.10126140713691711,77
30,0.25,100,100,0.16853407137068493,0.564001510003775,0.25283920764923096,67
30,0.25,250,100,0.14803274307685654,0.6178633446583617,0.44119298458099365,31
30,0.25,500,100,0.10653139672495082,0.6814194035485088,0.49360391497612,16
30,0.25,1000,100,0.08800660043047695,0.7105020762551907,0.5913401246070862,12
30,0.25,10,250,0.12566508287225361,0.46772366930917325,0.10924223810434341,51
30,0.25,25,250,0.16835823403307965,0.5230200075500189,0.08419080823659897,39
30,0.25,50,250,0.18751240162798954,0.5466968667421669,0.11853286623954773,35
30,0.25,100,250,0.17628681555749892,0.5520724801812005,0.21311604976654053,35
30,0.25,250,250,0.15969714328020954,0.6096187240468102,0.35031676292419434,27
30,0.25,500,250,0.1087084555511198,0.674231785579464,0.44959673285484314,15
30,0.25,1000,250,0.08862216506073099,0.7123593808984523,0.5978045463562012,11
30,0.25,10,500,0.11484928247203653,0.24363910909777275,-0.18775884807109833,19
30,0.25,25,500,0.1278981721309768,0.5010494526236315,0.17633245885372162,19
30,0.25,50,500,0.18148967426420648,0.555047187617969,0.18850669264793396,20
30,0.25,100,500,0.15747776583581316,0.581759154397886,0.14128287136554718,17
30,0.25,250,500,0.13816261405995753,0.6353491883729709,0.3590760827064514,16
30,0.25,500,500,0.1087084555511198,0.674231785579464,0.44959667325019836,15
30,0.25,1000,500,0.08862216506073099,0.7123593808984523,0.5978045463562012,11
30,0.25,10,1000,0.11542879588442222,0.2769195922989807,-0.1739548146724701,16
30,0.25,25,1000,0.10675266131292441,0.5603624009060023,0.24977833032608032,13
30,0.25,50,1000,0.15439340679011926,0.5997583993959985,0.2099570482969284,14
30,0.25,100,1000,0.12830571989963963,0.6276632691581729,0.3194962739944458,12
30,0.25,250,1000,0.12863754027274,0.683035107587769,0.45751890540122986,10
30,0.25,500,1000,0.10652353024297354,0.690086825217063,0.44547057151794434,10
30,0.25,1000,1000,0.08287106748746279,0.7209966024915062,0.6124624609947205,9
30,0.25,10,2500,0.0183692755542054,0.029490373725934316,-0.07484087347984314,2
30,0.25,25,2500,0.015403846303270751,0.08012080030200075,-0.0587167851626873,2
30,0.25,50,2500,0.01124568795691574,0.08472631181577954,-0.029584337025880814,2
30,0.25,100,2500,0.017867850934319543,0.2292638731596829,-0.015227843075990677,2
30,0.25,250,2500,0.07529810425457388,0.40712721781804456,-0.04111289232969284,2
30,0.25,500,2500,0.06761370099630155,0.38030955077387696,-0.06391377002000809,2
30,0.25,1000,2500,0.08170115456616,0.46426576066440167,-0.016510965302586555,2
30,0.25,10,5000,0.0,1.0,,0
30,0.25,25,5000,0.0,1.0,,0
30,0.25,50,5000,0.00767265119063463,0.8253378633446583,0.5529218316078186,2
30,0.25,100,5000,0.0,1.0,,0
30,0.25,250,5000,0.0,1.0,,0
30,0.25,500,5000,0.0,1.0,,0
30,0.25,1000,5000,0.0,1.0,,0
30,0.25,10,10000,0.0,1.0,,0
30,0.25,25,10000,0.0,1.0,,0
30,0.25,50,10000,0.0,1.0,,0
30,0.25,100,10000,0.0,1.0,,0
30,0.25,250,10000,0.0,1.0,,0
30,0.25,500,10000,0.0,1.0,,0
30,0.25,1000,10000,0.0,1.0,,0
30,0.25,10,15000,0.0,1.0,,0
30,0.25,25,15000,0.0,1.0,,0
30,0.25,50,15000,0.0,1.0,,0
30,0.25,100,15000,0.0,1.0,,0
30,0.25,250,15000,0.0,1.0,,0
30,0.25,500,15000,0.0,1.0,,0
30,0.25,1000,15000,0.0,1.0,,0
30,0.25,10,20000,0.0,1.0,,0
30,0.25,25,20000,0.0,1.0,,0
30,0.25,50,20000,0.0,1.0,,0
30,0.25,100,20000,0.0,1.0,,0
30,0.25,250,20000,0.0,1.0,,0
30,0.25,500,20000,0.0,1.0,,0
30,0.25,1000,20000,0.0,1.0,,0
30,0.25,10,22000,0.0,1.0,,0
30,0.25,25,22000,0.0,1.0,,0
30,0.25,50,22000,0.0,1.0,,0
30,0.25,100,22000,0.0,1.0,,0
30,0.25,250,22000,0.0,1.0,,0
30,0.25,500,22000,0.0,1.0,,0
30,0.25,1000,22000,0.0,1.0,,0
50,0.25,10,50,0.3769759194684499,0.2694601736504341,0.2729997932910919,192
50,0.25,25,50,0.44136801256238917,0.28798791996979994,0.3833528757095337,150
50,0.25,50,50,0.45799417399622794,0.30459796149490376,0.45796334743499756,130
50,0.25,100,50,0.42523218471923185,0.33849754624386563,0.48504143953323364,67
50,0.25,250,50,0.4037019954561125,0.3525405813514534,0.5607775449752808,33
50,0.25,500,50,0.37966533058261237,0.4072329180822952,0.7228217720985413,20
50,0.25,1000,50,0.36259497200720764,0.4568969422423556,0.8483031392097473,13
50,0.25,10,100,0.38831345381230264,0.2885164212910532,0.3500261604785919,84
50,0.25,25,100,0.4307366096030045,0.2936957342393356,0.4193423092365265,77
50,0.25,50,100,0.43851802462471495,0.2968516421291053,0.405577689409256,72
50,0.25,100,100,0.42319721532764926,0.33651944129860323,0.47099822759628296,62
50,0.25,250,100,0.4122711249234097,0.3431634579086448,0.545230507850647,31
50,0.25,500,100,0.3793410987271985,0.40937712344280863,0.7283804416656494,18
50,0.25,1000,100,0.36259497200720764,0.4568969422423556,0.8483031988143921,13
50,0.25,10,250,0.3743004316987243,0.19716119290298226,0.26493221521377563,36
50,0.25,25,250,0.4017937553215759,0.2590109475273688,0.38519230484962463,35
50,0.25,50,250,0.437869801863341,0.2988146470366176,0.42962658405303955,38
50,0.25,100,250,0.42667505989776083,0.30400906002265005,0.4582233428955078,36
50,0.25,250,250,0.4122711249234097,0.3431634579086448,0.5452303886413574,31
50,0.25,500,250,0.3793410987271985,0.40937712344280863,0.7283806204795837,18
50,0.25,1000,250,0.3611125691916976,0.4585730464326161,0.8528906106948853,12
50,0.25,10,500,0.44019692445787817,0.13472253680634202,0.4504648447036743,17
50,0.25,25,500,0.37241776097195484,0.3135220838052095,0.5258634090423584,18
50,0.25,50,500,0.4104299891480018,0.36276330690826725,0.669529914855957,19
50,0.25,100,500,0.4284854244877346,0.3730917327293318,0.7325391173362732,17
50,0.25,250,500,0.402793303568181,0.3705096262740657,0.7415945529937744,18
50,0.25,500,500,0.3872181680084499,0.4134994337485844,0.7043266296386719,15
50,0.25,1000,500,0.3628586346415024,0.4641751604379011,0.8559598326683044,11
50,0.25,10,1000,0.44914061267279914,0.16154020385050963,0.45461505651474,12
50,0.25,25,1000,0.362572199449477,0.32871272178180444,0.5375345945358276,15
50,0.25,50,1000,0.3669182903430209,0.20048320120800303,0.4483919143676758,11
50,0.25,100,1000,0.39774926635059676,0.4322234805587014,0.7348001003265381,11
50,0.25,250,1000,0.3912307362330055,0.44844092110230277,0.8119235038757324,11
50,0.25,500,1000,0.38560605569573997,0.45248773121932806,0.7879846692085266,11
50,0.25,1000,1000,0.3628586346415024,0.4641751604379011,0.855959951877594,11
50,0.25,10,2500,0.4325411446045939,0.1839033597583994,0.4536537528038025,4
50,0.25,25,2500,0.43311244315163633,0.3241072102680257,0.6467350721359253,4
50,0.25,50,2500,0.3848984955269167,0.3517100792751982,0.5741550922393799,4
50,0.25,100,2500,0.34428356145535255,0.42479426198565495,0.6283763647079468,4
50,0.25,250,2500,0.3486586954596577,0.44232540581351454,0.7237952947616577,3
50,0.25,500,2500,0.36301223476808325,0.5664779161947905,0.8575469255447388,3
50,0.25,1000,2500,0.4163898520896027,0.5013514533786334,0.7777447700500488,4
50,0.25,10,5000,0.506400729689854,0.29623254058135146,0.6572707295417786,2
50,0.25,25,5000,0.5116174186891507,0.42542846357115893,0.7904981970787048,2
50,0.25,50,5000,0.39782215680011573,0.3908644771611929,0.6754944920539856,2
50,0.25,100,5000,0.3425579573313315,0.25994714986787465,0.571090579032898,2
50,0.25,250,5000,0.3486586954596577,0.44232540581351454,0.7237953543663025,3
50,0.25,500,5000,0.36301223476808325,0.5664779161947905,0.8575469851493835,3
50,0.25,1000,5000,0.28627873887647237,0.4507059267648169,0.40577608346939087,2
50,0.25,10,10000,0.506400729689854,0.29623254058135146,0.6572707295417786,2
50,0.25,25,10000,0.5116174186891507,0.42542846357115893,0.7904981374740601,2
50,0.25,50,10000,0.39782215680011573,0.3908644771611929,0.675494372844696,2
50,0.25,100,10000,0.3425579573313315,0.25994714986787465,0.571090579032898,2
50,0.25,250,10000,0.3058842243312269,0.3911362778406946,0.5919378995895386,2
50,0.25,500,10000,0.0,1.0,,0
50,0.25,1000,10000,0.0,1.0,,0
50,0.25,10,15000,0.506400729689854,0.29623254058135146,0.6572707295417786,2
50,0.25,25,15000,0.5116174186891507,0.42542846357115893,0.7904981970787048,2
50,0.25,50,15000,0.39782215680011573,0.3908644771611929,0.6754945516586304,2
50,0.25,100,15000,0.3425579573313315,0.25994714986787465,0.571090579032898,2
50,0.25,250,15000,0.3058842243312269,0.3911362778406946,0.5919378995895386,2
50,0.25,500,15000,0.0,1.0,,0
50,0.25,1000,15000,0.0,1.0,,0
50,0.25,10,20000,0.0,1.0,,0
50,0.25,25,20000,0.0,1.0,,0
50,0.25,50,20000,0.0,1.0,,0
50,0.25,100,20000,0.0,1.0,,0
50,0.25,250,20000,0.0,1.0,,0
50,0.25,500,20000,0.0,1.0,,0
50,0.25,1000,20000,0.0,1.0,,0
50,0.25,10,22000,0.0,1.0,,0
50,0.25,25,22000,0.0,1.0,,0
50,0.25,50,22000,0.0,1.0,,0
50,0.25,100,22000,0.0,1.0,,0
50,0.25,250,22000,0.0,1.0,,0
50,0.25,500,22000,0.0,1.0,,0
50,0.25,1000,22000,0.0,1.0,,0
75,0.25,10,50,0.4821629101572672,0.05084182710456776,0.23509307205677032,169
75,0.25,25,50,0.48415654451298934,0.049890524726311815,0.2411540448665619,141
75,0.25,50,50,0.48497549305593135,0.06221215553038883,0.42103829979896545,128
75,0.25,100,50,0.4902302414658237,0.07595318988297471,0.6816695928573608,65
75,0.25,250,50,0.4911986957423237,0.13079652699131747,0.7424290776252747,34
75,0.25,500,50,0.4994087672403652,0.1814722536806342,0.8243963122367859,20
75,0.25,1000,50,0.5031126904545163,0.21916194790486976,0.8974505662918091,14
75,0.25,10,100,0.49450296475070254,0.02660626651566629,0.6205378174781799,76
75,0.25,25,100,0.4940268139513171,0.03871649679124198,0.6398436427116394,75
75,0.25,50,100,0.49049116045235647,0.054949037372593434,0.668104887008667,72
75,0.25,100,100,0.4904870598364621,0.0770705926764817,0.6755264401435852,61
75,0.25,250,100,0.4911986957423237,0.13079652699131747,0.7424290180206299,34
75,0.25,500,100,0.49970570062400516,0.18292185730464325,0.8264291286468506,19
75,0.25,1000,100,0.5031126904545163,0.21916194790486976,0.8974506258964539,14
75,0.25,10,250,0.4991492772885324,0.04459041147602869,0.6303265690803528,38
75,0.25,25,250,0.4994548663855439,0.040105700264250664,0.6153444051742554,35
75,0.25,50,250,0.4969505378596425,0.05090222725556814,0.6282505393028259,34
75,0.25,100,250,0.49361446348845434,0.08600981502453756,0.6609096527099609,31
75,0.25,250,250,0.49367981471805006,0.12292940732351831,0.7331910133361816,31
75,0.25,500,250,0.500004046107572,0.1916949792374481,0.8348165154457092,16
75,0.25,1000,250,0.502011516080415,0.22165345413363532,0.8972999453544617,13
75,0.25,10,500,0.5007698044984077,0.08228010570026426,0.6814275979995728,21
75,0.25,25,500,0.5028130603613017,0.07376368440921102,0.6703838109970093,22
75,0.25,50,500,0.5036550907845527,0.08163080407701019,0.6652646660804749,20
75,0.25,100,500,0.4985515402429901,0.1019856549641374,0.712586522102356,20
75,0.25,250,500,0.4961255181436049,0.13639864099660248,0.7273417711257935,18
75,0.25,500,500,0.5017343927696198,0.19454888637221593,0.8572254180908203,14
75,0.25,1000,500,0.501163159405901,0.2204001510003775,0.8860293626785278,12
75,0.25,10,1000,0.5083741508936697,0.08881842204605511,0.7367435693740845,15
75,0.25,25,1000,0.5126272343731756,0.13354473386183466,0.7702361345291138,14
75,0.25,50,1000,0.5105811653587733,0.10246885617214042,0.7171481251716614,14
75,0.25,100,1000,0.5049538145963756,0.11845979614949037,0.7285950183868408,13
75,0.25,250,1000,0.5026308847287854,0.16202340505851265,0.7579052448272705,13
75,0.25,500,1000,0.5049675824615355,0.19610419026047565,0.8395414352416992,12
75,0.25,1000,1000,0.501163159405901,0.2204001510003775,0.8860294222831726,12
75,0.25,10,2500,0.574016080987997,0.15282748206870517,0.6638639569282532,6
75,0.25,25,2500,0.6397897762022657,0.2995394488486221,0.7427310347557068,4
75,0.25,50,2500,0.5985154536686096,0.2987391468478671,0.8493566513061523,6
75,0.25,100,2500,0.5782121447539725,0.27661759154397886,0.762846827507019,6
75,0.25,250,2500,0.565562369247877,0.2692336730841827,0.7311832308769226,6
75,0.25,500,2500,0.6526652863148278,0.33890524726311816,0.831713080406189,4
75,0.25,1000,2500,0.6698628688595938,0.35071347678369197,0.8727830052375793,4
75,0.25,10,5000,0.5559417861323762,0.2045904114760287,0.6489753723144531,3
75,0.25,25,5000,0.5955959982233008,0.3339373348433371,0.6195659041404724,2
75,0.25,50,5000,0.5983136656534059,0.3225972064930162,0.5910677313804626,2
75,0.25,100,5000,0.636992026533987,0.3441902604756512,0.6652781367301941,3
75,0.25,250,5000,0.5137819450930835,0.2866440166100415,0.5440340638160706,2
75,0.25,500,5000,0.6218212795495687,0.35793129482823705,0.6737837791442871,2
75,0.25,1000,5000,0.7644049983061675,0.38828237070592675,0.961997389793396,2
75,0.25,10,10000,0.5559417861323762,0.2045904114760287,0.6489753723144531,3
75,0.25,25,10000,0.5955959982233008,0.3339373348433371,0.6195659041404724,2
75,0.25,50,10000,0.5983136656534059,0.3225972064930162,0.5910677313804626,2
75,0.25,100,10000,0.488361906144975,0.2714835787089468,0.5009063482284546,2
75,0.25,250,10000,0.5137819450930835,0.2866440166100415,0.5440340042114258,2
75,0.25,500,10000,0.6218212795495687,0.35793129482823705,0.6737837791442871,2
75,0.25,1000,10000,0.7644049983061675,0.38828237070592675,0.9619975090026855,2
75,0.25,10,15000,0.6448694688750051,0.362718006795017,0.6697343587875366,2
75,0.25,25,15000,0.5955959982233008,0.3339373348433371,0.6195659041404724,2
75,0.25,50,15000,0.5983136656534059,0.3225972064930162,0.5910677909851074,2
75,0.25,100,15000,0.488361906144975,0.2714835787089468,0.5009064078330994,2
75,0.25,250,15000,0.5137819450930835,0.2866440166100415,0.5440340042114258,2
75,0.25,500,15000,0.6218212795495687,0.35793129482823705,0.6737838387489319,2
75,0.25,1000,15000,0.7644049983061675,0.38828237070592675,0.9619975090026855,2
75,0.25,10,20000,0.0,1.0,,0
75,0.25,25,20000,0.0,1.0,,0
75,0.25,50,20000,0.0,1.0,,0
75,0.25,100,20000,0.0,1.0,,0
75,0.25,250,20000,0.0,1.0,,0
75,0.25,500,20000,0.0,1.0,,0
75,0.25,1000,20000,0.0,1.0,,0
75,0.25,10,22000,0.0,1.0,,0
75,0.25,25,22000,0.0,1.0,,0
75,0.25,50,22000,0.0,1.0,,0
75,0.25,100,22000,0.0,1.0,,0
75,0.25,250,22000,0.0,1.0,,0
75,0.25,500,22000,0.0,1.0,,0
75,0.25,1000,22000,0.0,1.0,,0
100,0.25,10,50,0.4857364035629697,0.09597583993959985,0.22462595999240875,164
100,0.25,25,50,0.4885300297323582,0.08868252170630427,0.24412143230438232,144
100,0.25,50,50,0.48900696634090496,0.07389958474896187,0.33243927359580994,126
100,0.25,100,50,0.49672287961703765,0.06515666289165722,0.6645253896713257,63
100,0.25,250,50,0.4965496753810223,0.11528878822197056,0.6996257901191711,35
100,0.25,500,50,0.5099214559295855,0.1447036617591544,0.773493766784668,18
100,0.25,1000,50,0.5189352663886779,0.2077916194790487,0.7992952466011047,14
100,0.25,10,100,0.48741200623654235,0.08086070215175538,0.6161478161811829,86
100,0.25,25,100,0.491030584168064,0.054964137410343526,0.5883005857467651,80
100,0.25,50,100,0.4930787461110199,0.05842204605511514,0.6559891104698181,68
100,0.25,100,100,0.49704277379488115,0.06459796149490374,0.6670200228691101,60
100,0.25,250,100,0.5021705675315893,0.09813514533786334,0.6658428907394409,32
100,0.25,500,100,0.5099214559295855,0.1447036617591544,0.7734935879707336,18
100,0.25,1000,100,0.5189352663886779,0.2077916194790487,0.7992952466011047,14
100,0.25,10,250,0.49981795191828376,0.048410721026802564,0.6592585444450378,39
100,0.25,25,250,0.5016165496305621,0.039833899584748964,0.6369094252586365,37
100,0.25,50,250,0.5005268428967796,0.05810494526236316,0.6638829708099365,34
100,0.25,100,250,0.4999149005156846,0.08235560588901472,0.6901056170463562,34
100,0.25,250,250,0.5044243661468921,0.07954699886749717,0.6781306266784668,28
100,0.25,500,250,0.5099214559295855,0.1447036617591544,0.7734936475753784,18
100,0.25,1000,250,0.5159766291638151,0.1940958852397131,0.8056403398513794,11
100,0.25,10,500,0.5065375575715689,0.0676330690826727,0.6475092172622681,21
100,0.25,25,500,0.5062461808596607,0.06459796149490374,0.6458283066749573,22
100,0.25,50,500,0.5063637307086098,0.05626274065685164,0.6197471022605896,21
100,0.25,100,500,0.5125686266701052,0.07987919969799924,0.6752951145172119,19
100,0.25,250,500,0.5077517435628911,0.08315590788976973,0.6555870175361633,18
100,0.25,500,500,0.5086788693246114,0.1476481691204228,0.762353241443634,15
100,0.25,1000,500,0.5159766291638151,0.1940958852397131,0.8056402802467346,11
100,0.25,10,1000,0.5097767040635518,0.12018120045300114,0.6949094533920288,14
100,0.25,25,1000,0.5130618766696797,0.11293318233295584,0.6749787330627441,13
100,0.25,50,1000,0.5155068960456359,0.09167232918082295,0.645982027053833,14
100,0.25,100,1000,0.5210867601885191,0.11026047565118913,0.6250249743461609,11
100,0.25,250,1000,0.5160238604267318,0.10823707059267648,0.6673306226730347,13
100,0.25,500,1000,0.5177769618443447,0.1586258965647414,0.7223494648933411,11
100,0.25,1000,1000,0.5159766291638151,0.1940958852397131,0.8056402802467346,11
100,0.25,10,2500,0.6307007066448721,0.1781955454888637,0.6442899703979492,6
100,0.25,25,2500,0.5618484939445751,0.21362023405058514,0.7364794611930847,7
100,0.25,50,2500,0.5544661508523828,0.14721026802567005,0.6848383545875549,7
100,0.25,100,2500,0.5577225448424827,0.20682521706304266,0.7153635621070862,7
100,0.25,250,2500,0.5578218286937154,0.22184975462438655,0.7286603450775146,7
100,0.25,500,2500,0.5673491636693845,0.25037372593431484,0.7804356217384338,7
100,0.25,1000,2500,0.6868452098377998,0.3095356738391846,0.8700074553489685,4
100,0.25,10,5000,0.7411848486220898,0.21448093620234052,0.8556949496269226,3
100,0.25,25,5000,0.6155648200388436,0.17330313325783314,0.677153468132019,3
100,0.25,50,5000,0.559578438755915,0.146560966402416,0.6758188605308533,5
100,0.25,100,5000,0.596216143460909,0.23370328425821066,0.7284585237503052,4
100,0.25,250,5000,0.4578176498765768,0.24755001887504718,0.42123642563819885,2
100,0.25,500,5000,0.5627135699309134,0.31882219705549264,0.5701963901519775,2
100,0.25,1000,5000,0.7248477282209312,0.33644394110985276,0.8664679527282715,2
100,0.25,10,10000,0.49575462111593327,0.11030577576443941,0.6605224609375,2
100,0.25,25,10000,0.6155648200388436,0.17330313325783314,0.677153468132019,3
100,0.25,50,10000,0.7253362430794303,0.362083805209513,0.6858476400375366,2
100,0.25,100,10000,0.36177479983309885,0.1511211778029445,0.3579581677913666,2
100,0.25,250,10000,0.4578176498765768,0.24755001887504718,0.4212363660335541,2
100,0.25,500,10000,0.5627135699309134,0.31882219705549264,0.5701963901519775,2
100,0.25,1000,10000,0.7248477282209312,0.33644394110985276,0.8664679527282715,2
100,0.25,10,15000,0.49575462111593327,0.11030577576443941,0.6605224013328552,2
100,0.25,25,15000,0.717713944247438,0.36623631559078895,0.6886942386627197,2
100,0.25,50,15000,0.7253362430794303,0.362083805209513,0.6858476400375366,2
100,0.25,100,15000,0.36177479983309885,0.1511211778029445,0.35795819759368896,2
100,0.25,250,15000,0.4578176498765768,0.24755001887504718,0.42123639583587646,2
100,0.25,500,15000,0.5627135699309134,0.31882219705549264,0.5701963901519775,2
100,0.25,1000,15000,0.7248477282209312,0.33644394110985276,0.8664679527282715,2
100,0.25,10,20000,0.49575462111593327,0.11030577576443941,0.6605225205421448,2
100,0.25,25,20000,0.0,1.0,,0
100,0.25,50,20000,0.0,1.0,,0
100,0.25,100,20000,0.0,1.0,,0
100,0.25,250,20000,0.0,1.0,,0
100,0.25,500,20000,0.0,1.0,,0
100,0.25,1000,20000,0.7248477282209312,0.33644394110985276,0.8664680123329163,2
100,0.25,10,22000,0.0,1.0,,0
100,0.25,25,22000,0.0,1.0,,0
100,0.25,50,22000,0.0,1.0,,0
100,0.25,100,22000,0.0,1.0,,0
100,0.25,250,22000,0.0,1.0,,0
100,0.25,500,22000,0.0,1.0,,0
100,0.25,1000,22000,0.0,1.0,,0
10,0.5,10,50,0.10330616935528007,0.4445602114005285,-0.4171042740345001,250
10,0.5,25,50,0.13414055373124945,0.5233975084937712,-0.3683573007583618,174
10,0.5,50,50,0.13327976250660153,0.5888259720649301,-0.21343331038951874,126
10,0.5,100,50,0.1285907452783912,0.6513703284258211,0.03329965099692345,64
10,0.5,250,50,0.09253862804471756,0.7363684409211023,0.2829776406288147,30
10,0.5,500,50,0.005830371361270861,0.016640241600604,-0.14003171026706696,2
10,0.5,1000,50,0.005567512070100754,0.0289920724801812,-0.15397758781909943,2
10,0.5,10,100,0.11635938549184459,0.47589278973197435,-0.2634616792201996,101
10,0.5,25,100,0.15604316258860854,0.5573423933559833,-0.24434010684490204,87
10,0.5,50,100,0.138655333252732,0.6104643261608154,-0.11581601947546005,73
10,0.5,100,100,0.1302081655815643,0.6568667421668554,0.06196300685405731,59
10,0.5,250,100,0.10184042710493195,0.7318686296715742,0.25505441427230835,24
10,0.5,500,100,0.005830371361270861,0.016640241600604,-0.14003171026706696,2
10,0.5,1000,100,0.005567512070100754,0.0289920724801812,-0.15397758781909943,2
10,0.5,10,250,0.12684402006119855,0.5514835787089468,-0.09469204396009445,42
10,0.5,25,250,0.14939126051158277,0.6080332200830502,-0.031683191657066345,33
10,0.5,50,250,0.14084295904256175,0.6548282370705927,0.037924833595752716,29
10,0.5,100,250,0.12470602925374136,0.6629671574178936,0.05506977438926697,25
10,0.5,250,250,0.10207104279359258,0.7334239335598339,0.2520708441734314,23
10,0.5,500,250,0.005830371361270861,0.016640241600604,-0.14003174006938934,2
10,0.5,1000,250,0.005567512070100754,0.0289920724801812,-0.15397760272026062,2
10,0.5,10,500,0.08601849127253706,0.5967987919969799,0.0759197250008583,21
10,0.5,25,500,0.007186398439392808,0.003744809362023405,-0.12490417808294296,2
10,0.5,50,500,0.0071190222607284345,0.0038354095885239714,-0.12528473138809204,2
10,0.5,100,500,0.006937836868322921,0.005209513023782559,-0.1267818957567215,2
10,0.5,250,500,0.006440110618975076,0.009437523593808984,-0.13157720863819122,2
10,0.5,500,500,0.005830371361270861,0.016640241600604,-0.14003169536590576,2
10,0.5,1000,500,0.005567512070100754,0.0289920724801812,-0.15397755801677704,2
10,0.5,10,1000,0.007194268606290561,0.003971309928274821,-0.12471342086791992,2
10,0.5,25,1000,0.007186398439392808,0.003744809362023405,-0.12490416318178177,2
10,0.5,50,1000,0.0071190222607284345,0.0038354095885239714,-0.12528468668460846,2
10,0.5,100,1000,0.006937836868322921,0.005209513023782559,-0.1267818957567215,2
10,0.5,250,1000,0.006440110618975076,0.009437523593808984,-0.1315772384405136,2
10,0.5,500,1000,0.005830371361270861,0.016640241600604,-0.14003172516822815,2
10,0.5,1000,1000,0.005567512070100754,0.0289920724801812,-0.15397754311561584,2
10,0.5,10,2500,0.007194268606290561,0.003971309928274821,-0.12471340596675873,2
10,0.5,25,2500,0.007186398439392808,0.003744809362023405,-0.12490417808294296,2
10,0.5,50,2500,0.0071190222607284345,0.0038354095885239714,-0.12528476119041443,2
10,0.5,100,2500,0.006937836868322921,0.005209513023782559,-0.1267818957567215,2
10,0.5,250,2500,0.0,1.0,,0
10,0.5,500,2500,0.0,1.0,,0
10,0.5,1000,2500,0.0,1.0,,0
10,0.5,10,5000,0.030658213457538087,0.5249981124952813,0.2421780228614807,2
10,0.5,25,5000,0.0,1.0,,0
10,0.5,50,5000,0.0,1.0,,0
10,0.5,100,5000,0.0,1.0,,0
10,0.5,250,5000,0.0,1.0,,0
10,0.5,500,5000,0.0,1.0,,0
10,0.5,1000,5000,0.0,1.0,,0
10,0.5,10,10000,0.0,1.0,,0
10,0.5,25,10000,0.0,1.0,,0
10,0.5,50,10000,0.0,1.0,,0
10,0.5,100,10000,0.0,1.0,,0
10,0.5,250,10000,0.0,1.0,,0
10,0.5,500,10000,0.0,1.0,,0
10,0.5,1000,10000,0.0,1.0,,0
10,0.5,10,15000,0.0,1.0,,0
10,0.5,25,15000,0.0,1.0,,0
10,0.5,50,15000,0.0,1.0,,0
10,0.5,100,15000,0.0,1.0,,0
10,0.5,250,15000,0.0,1.0,,0
10,0.5,500,15000,0.0,1.0,,0
10,0.5,1000,15000,0.0,1.0,,0
10,0.5,10,20000,0.0,1.0,,0
10,0.5,25,20000,0.0,1.0,,0
10,0.5,50,20000,0.0,1.0,,0
10,0.5,100,20000,0.0,1.0,,0
10,0.5,250,20000,0.0,1.0,,0
10,0.5,500,20000,0.0,1.0,,0
10,0.5,1000,20000,0.0,1.0,,0
10,0.5,10,22000,0.0,1.0,,0
10,0.5,25,22000,0.0,1.0,,0
10,0.5,50,22000,0.0,1.0,,0
10,0.5,100,22000,0.0,1.0,,0
10,0.5,250,22000,0.0,1.0,,0
10,0.5,500,22000,0.0,1.0,,0
10,0.5,1000,22000,0.0,1.0,,0
15,0.5,10,50,0.14527923047263133,0.377274443186108,-0.3991233706474304,201
15,0.5,25,50,0.14461170085732838,0.4686900717251793,-0.3159385919570923,162
15,0.5,50,50,0.14398142999581354,0.5200453001132502,-0.2543781101703644,129
15,0.5,100,50,0.15772579073376833,0.5333635334088335,-0.283579558134079,59
15,0.5,250,50,0.14099409166675175,0.590562476406191,0.14206990599632263,25
15,0.5,500,50,0.09118573631711424,0.6771913929784824,0.30198046565055847,17
15,0.5,1000,50,0.006788737260636771,0.009724424311060778,-0.15651671588420868,2
15,0.5,10,100,0.1371057409645795,0.4590562476406191,-0.33222535252571106,89
15,0.5,25,100,0.19363430080496538,0.44172140430351076,-0.37598055601119995,79
15,0.5,50,100,0.2023980411706973,0.46730086825217065,-0.38717660307884216,61
15,0.5,100,100,0.16925182303932673,0.520634201585504,-0.30853748321533203,56
15,0.5,250,100,0.14155088572028607,0.590079275198188,0.1371813863515854,24
15,0.5,500,100,0.09155408570117668,0.6780067950169876,0.3083238899707794,16
15,0.5,1000,100,0.006788737260636771,0.009724424311060778,-0.15651671588420868,2
15,0.5,10,250,0.15483077531931516,0.5054284635711589,-0.17274737358093262,31
15,0.5,25,250,0.17886225294999297,0.4979841449603624,-0.015583797357976437,28
15,0.5,50,250,0.19751100025165935,0.5169497923744809,0.045891981571912766,27
15,0.5,100,250,0.16332675191777613,0.5518610796526991,0.07349613308906555,25
15,0.5,250,250,0.14155897456185523,0.5887353718384296,0.19716498255729675,22
15,0.5,500,250,0.09407098966378244,0.6775235938089845,0.35465073585510254,13
15,0.5,1000,250,0.006788737260636771,0.009724424311060778,-0.15651670098304749,2
15,0.5,10,500,0.19601711487233378,0.49671574178935446,0.12846891582012177,17
15,0.5,25,500,0.17323744582110456,0.5505775764439411,0.14802953600883484,14
15,0.5,50,500,0.18723081722784335,0.5708720271800679,0.28233572840690613,15
15,0.5,100,500,0.15918671096761475,0.5822876557191393,0.2936003506183624,15
15,0.5,250,500,0.1367601211051216,0.6172744431861079,0.2631494104862213,14
15,0.5,500,500,0.09407098966378244,0.6775235938089845,0.35465073585510254,13
15,0.5,1000,500,0.006788737260636771,0.009724424311060778,-0.15651670098304749,2
15,0.5,10,1000,0.008140389007087955,0.0012231030577576445,-0.14483235776424408,2
15,0.5,25,1000,0.008073808256584495,0.0015553038882597206,-0.14523042738437653,2
15,0.5,50,1000,0.007933483712521323,0.002400906002265006,-0.14625178277492523,2
15,0.5,100,1000,0.0077319326052580455,0.003261608154020385,-0.14790739119052887,2
15,0.5,250,1000,0.0075497470329614685,0.004167610419026048,-0.14944426715373993,2
15,0.5,500,1000,0.007297925617626269,0.005722914307285768,-0.15176977217197418,2
15,0.5,1000,1000,0.006788737260636771,0.009724424311060778,-0.15651670098304749,2
15,0.5,10,2500,0.008140389007087955,0.0012231030577576445,-0.14483234286308289,2
15,0.5,25,2500,0.008073808256584495,0.0015553038882597206,-0.14523044228553772,2
15,0.5,50,2500,0.007933483712521323,0.002400906002265006,-0.14625175297260284,2
15,0.5,100,2500,0.0077319326052580455,0.003261608154020385,-0.14790737628936768,2
15,0.5,250,2500,0.0075497470329614685,0.004167610419026048,-0.14944420754909515,2
15,0.5,500,2500,0.007297925617626269,0.005722914307285768,-0.151769757270813,2
15,0.5,1000,2500,0.0,1.0,,0
15,0.5,10,5000,0.0,1.0,,0
15,0.5,25,5000,0.0,1.0,,0
15,0.5,50,5000,0.0,1.0,,0
15,0.5,100,5000,0.0,1.0,,0
15,0.5,250,5000,0.0,1.0,,0
15,0.5,500,5000,0.0,1.0,,0
15,0.5,1000,5000,0.0,1.0,,0
15,0.5,10,10000,0.0,1.0,,0
15,0.5,25,10000,0.0,1.0,,0
15,0.5,50,10000,0.0,1.0,,0
15,0.5,100,10000,0.0,1.0,,0
15,0.5,250,10000,0.0,1.0,,0
15,0.5,500,10000,0.0,1.0,,0
15,0.5,1000,10000,0.0,1.0,,0
15,0.5,10,15000,0.0,1.0,,0
15,0.5,25,15000,0.0,1.0,,0
15,0.5,50,15000,0.0,1.0,,0
15,0.5,100,15000,0.0,1.0,,0
15,0.5,250,15000,0.0,1.0,,0
15,0.5,500,15000,0.0,1.0,,0
15,0.5,1000,15000,0.0,1.0,,0
15,0.5,10,20000,0.0,1.0,,0
15,0.5,25,20000,0.0,1.0,,0
15,0.5,50,20000,0.0,1.0,,0
15,0.5,100,20000,0.0,1.0,,0
15,0.5,250,20000,0.0,1.0,,0
15,0.5,500,20000,0.0,1.0,,0
15,0.5,1000,20000,0.0,1.0,,0
15,0.5,10,22000,0.0,1.0,,0
15,0.5,25,22000,0.0,1.0,,0
15,0.5,50,22000,0.0,1.0,,0
15,0.5,100,22000,0.0,1.0,,0
15,0.5,250,22000,0.0,1.0,,0
15,0.5,500,22000,0.0,1.0,,0
15,0.5,1000,22000,0.0,1.0,,0
30,0.5,10,50,0.12799852311838014,0.40925632314080784,-0.1602960079908371,189
30,0.5,25,50,0.1609459376528575,0.48948282370705926,-0.010933072306215763,146
30,0.5,50,50,0.15058944658535206,0.5456700641751604,0.09977061301469803,117
30,0.5,100,50,0.14712414549714217,0.5547602869007172,0.17262010276317596,65
30,0.5,250,50,0.10788111503994717,0.6135598338995848,0.32367780804634094,32
30,0.5,500,50,0.09457834522192067,0.6756511891279728,0.6483328342437744,16
30,0.5,1000,50,0.08348358973595017,0.717130992827482,0.6721879839897156,13
30,0.5,10,100,0.13729573805004402,0.4590109475273688,0.05791020765900612,93
30,0.5,25,100,0.16921516515722582,0.5028614571536428,0.1526530683040619,75
30,0.5,50,100,0.15536564541575454,0.5217667044167611,0.1353694498538971,67
30,0.5,100,100,0.14803841881965799,0.5558172895432238,0.22393327951431274,57
30,0.5,250,100,0.12323640019343565,0.6037901094752737,0.4605499804019928,30
30,0.5,500,100,0.09457834522192067,0.6756511891279728,0.6483328938484192,16
30,0.5,1000,100,0.08348358973595017,0.717130992827482,0.672187864780426,13
30,0.5,10,250,0.1540625596334513,0.48329180822952056,0.1065441444516182,39
30,0.5,25,250,0.16853670294832673,0.5090977727444319,0.1509535014629364,33
30,0.5,50,250,0.16351994689563984,0.5269611174027935,0.08421127498149872,32
30,0.5,100,250,0.14471980891194233,0.5718082295205738,0.23878012597560883,31
30,0.5,250,250,0.12518972299904052,0.6088788221970555,0.465996652841568,26
30,0.5,500,250,0.09457834522192067,0.6756511891279728,0.6483327746391296,16
30,0.5,1000,250,0.0776870791054191,0.6711060777651944,0.6592625975608826,11
30,0.5,10,500,0.13758636063819082,0.5300415251038127,0.27040284872055054,20
30,0.5,25,500,0.15381058038789028,0.5327746319365798,0.24583123624324799,20
30,0.5,50,500,0.15969067529185985,0.567519818799547,0.4072316884994507,18
30,0.5,100,500,0.14324983852490136,0.6078973197432994,0.47505220770835876,17
30,0.5,250,500,0.11656597200942129,0.6446961117402793,0.578473687171936,15
30,0.5,500,500,0.09457834522192067,0.6756511891279728,0.6483327746391296,16
30,0.5,1000,500,0.0776870791054191,0.6711060777651944,0.6592626571655273,11
30,0.5,10,1000,0.11288232728928413,0.5699962249905625,0.351512610912323,11
30,0.5,25,1000,0.14042021791066353,0.5598338995847489,0.2997455298900604,13
30,0.5,50,1000,0.14786592697064813,0.5997281993204983,0.44818755984306335,12
30,0.5,100,1000,0.11139597072311139,0.6276330690826727,0.4146071672439575,11
30,0.5,250,1000,0.10514042645314703,0.6590713476783692,0.4892975687980652,11
30,0.5,500,1000,0.08796777504160262,0.649769724424311,0.6799452900886536,10
30,0.5,1000,1000,0.06322017605148034,0.6933031332578331,0.6933836340904236,9
30,0.5,10,2500,0.11603192442732234,0.39146847867119666,0.0879250317811966,5
30,0.5,25,2500,0.13491804344197433,0.5336806342015855,0.49789953231811523,3
30,0.5,50,2500,0.12562885658834128,0.5829671574178935,0.4704960286617279,6
30,0.5,100,2500,0.12651106180594943,0.602385805964515,0.5486131906509399,3
30,0.5,250,2500,0.10630021628175623,0.6323291808229521,0.5710124373435974,3
30,0.5,500,2500,0.07333647530991126,0.6757568893922234,0.6856936812400818,3
30,0.5,1000,2500,0.07149340687132927,0.6826274065685164,0.861089289188385,4
30,0.5,10,5000,0.0,1.0,,0
30,0.5,25,5000,0.12432297097140328,0.5956209890524726,0.5901796817779541,2
30,0.5,50,5000,0.09279237034057905,0.6902076255190638,0.8139340877532959,2
30,0.5,100,5000,0.10007453713904106,0.6601585503963759,0.6747503876686096,2
30,0.5,250,5000,0.08135032919603857,0.6909324273310683,0.6711816787719727,2
30,0.5,500,5000,0.059734692889985605,0.7298301245753115,0.8073668479919434,2
30,0.5,1000,5000,0.0,1.0,,0
30,0.5,10,10000,0.0,1.0,,0
30,0.5,25,10000,0.0,1.0,,0
30,0.5,50,10000,0.0,1.0,,0
30,0.5,100,10000,0.0,1.0,,0
30,0.5,250,10000,0.0,1.0,,0
30,0.5,500,10000,0.0,1.0,,0
30,0.5,1000,10000,0.0,1.0,,0
30,0.5,10,15000,0.0,1.0,,0
30,0.5,25,15000,0.0,1.0,,0
30,0.5,50,15000,0.0,1.0,,0
30,0.5,100,15000,0.0,1.0,,0
30,0.5,250,15000,0.0,1.0,,0
30,0.5,500,15000,0.0,1.0,,0
30,0.5,1000,15000,0.0,1.0,,0
30,0.5,10,20000,0.0,1.0,,0
30,0.5,25,20000,0.0,1.0,,0
30,0.5,50,20000,0.0,1.0,,0
30,0.5,100,20000,0.0,1.0,,0
30,0.5,250,20000,0.0,1.0,,0
30,0.5,500,20000,0.0,1.0,,0
30,0.5,1000,20000,0.0,1.0,,0
30,0.5,10,22000,0.0,1.0,,0
30,0.5,25,22000,0.0,1.0,,0
30,0.5,50,22000,0.0,1.0,,0
30,0.5,100,22000,0.0,1.0,,0
30,0.5,250,22000,0.0,1.0,,0
30,0.5,500,22000,0.0,1.0,,0
30,0.5,1000,22000,0.0,1.0,,0
50,0.5,10,50,0.3691068695652623,0.31527368818422047,0.2928474247455597,166
50,0.5,25,50,0.37505329505405116,0.21389203473008683,0.328023225069046,123
50,0.5,50,50,0.411133072708429,0.285118912797282,0.4666229486465454,114
50,0.5,100,50,0.3959862421759384,0.3351302378255946,0.5637542605400085,62
50,0.5,250,50,0.366893779922934,0.29431483578708945,0.5461133122444153,30
50,0.5,500,50,0.3491982111199572,0.37734994337485844,0.6505705118179321,19
50,0.5,1000,50,0.3810917712936713,0.3316572291430729,0.8589170575141907,13
50,0.5,10,100,0.3802275581845141,0.2101774254435636,0.35382628440856934,76
50,0.5,25,100,0.37790137512082994,0.22859947149867874,0.43055427074432373,71
50,0.5,50,100,0.3685507613268827,0.24021140052850132,0.46995431184768677,68
50,0.5,100,100,0.39354356456866235,0.3366704416761042,0.5757332444190979,55
50,0.5,250,100,0.3672450048190627,0.2868403171007928,0.5518665313720703,28
50,0.5,500,100,0.38203527835242695,0.2938769346923367,0.8078084588050842,15
50,0.5,1000,100,0.3811792472730268,0.33242733106832767,0.8712624907493591,12
50,0.5,10,250,0.37314829254427784,0.19803699509248773,0.33878493309020996,34
50,0.5,25,250,0.37170744632848524,0.22663646659116649,0.4095643162727356,33
50,0.5,50,250,0.373487527762569,0.25792374480936203,0.47096359729766846,36
50,0.5,100,250,0.3730904320674894,0.2826425066062665,0.4938536584377289,30
50,0.5,250,250,0.36818323408160625,0.28480181200453003,0.5320730209350586,26
50,0.5,500,250,0.3821556219334745,0.2940128350320876,0.8040841817855835,13
50,0.5,1000,250,0.3945089937065458,0.2945413363533409,0.8594244718551636,11
50,0.5,10,500,0.36337215126869277,0.23658739146847868,0.4129965901374817,20
50,0.5,25,500,0.35984891175189787,0.27337108342770855,0.47119075059890747,17
50,0.5,50,500,0.3626181594709941,0.30438656096640243,0.5247345566749573,17
50,0.5,100,500,0.3702599311180605,0.318082295205738,0.5782566666603088,17
50,0.5,250,500,0.36330244409477835,0.3122385805964515,0.5832822918891907,17
50,0.5,500,500,0.3821556219334745,0.2940128350320876,0.8040843605995178,13
50,0.5,1000,500,0.3940775284381119,0.29938844847112117,0.8688367009162903,10
50,0.5,10,1000,0.3598232544224667,0.28501321253303136,0.46308234333992004,13
50,0.5,25,1000,0.35841817533670534,0.2815553038882597,0.4547938406467438,14
50,0.5,50,1000,0.3755261897248892,0.3086900717251793,0.5006210803985596,12
50,0.5,100,1000,0.3769540934431108,0.32872782181955457,0.5553053021430969,12
50,0.5,250,1000,0.3460249521631091,0.36389580973952435,0.5842455625534058,13
50,0.5,500,1000,0.3947660196714094,0.2915515288788222,0.8236650228500366,10
50,0.5,1000,1000,0.3940775284381119,0.29938844847112117,0.8688368797302246,10
50,0.5,10,2500,0.5290776525982118,0.20979992449981125,0.617897093296051,3
50,0.5,25,2500,0.3845706755799792,0.40862212155530386,0.6724052429199219,5
50,0.5,50,2500,0.4289984662983544,0.3463042657606644,0.8462986350059509,5
50,0.5,100,2500,0.413434007434621,0.32055870139675346,0.773054838180542,4
50,0.5,250,2500,0.39664995750458865,0.30290675726689315,0.7811377048492432,5
50,0.5,500,2500,0.3885093242740857,0.37519063797659497,0.838923990726471,4
50,0.5,1000,2500,0.4636975490159773,0.385760664401661,0.7869580388069153,4
50,0.5,10,5000,0.5290776525982118,0.20979992449981125,0.6178971529006958,3
50,0.5,25,5000,0.47186457795637715,0.2740203850509626,0.7984176874160767,3
50,0.5,50,5000,0.39344578881592107,0.2709550773876935,0.7058674693107605,3
50,0.5,100,5000,0.43029377511339023,0.3710834277085693,0.8359757661819458,3
50,0.5,250,5000,0.3866726985289308,0.29143072857682145,0.7026881575584412,3
50,0.5,500,5000,0.4061449138047177,0.41721404303510756,0.8490848541259766,3
50,0.5,1000,5000,0.48038916272906695,0.4282521706304266,0.9019896984100342,3
50,0.5,10,10000,0.4471525606676621,0.12611551528878823,0.5152751803398132,2
50,0.5,25,10000,0.5441125902892607,0.4131823329558324,0.8617413640022278,2
50,0.5,50,10000,0.4417325398082609,0.3797659494148735,0.7844438552856445,2
50,0.5,100,10000,0.31250083055930394,0.2061608154020385,0.5661669969558716,2
50,0.5,250,10000,0.43439586475078945,0.3933257833144583,0.7728744149208069,2
50,0.5,500,10000,0.45834628541550865,0.5088561721404303,0.8855029344558716,2
50,0.5,1000,10000,0.5297255808592212,0.5214798036995093,0.9088973999023438,2
50,0.5,10,15000,0.4471525606676621,0.12611551528878823,0.5152751207351685,2
50,0.5,25,15000,0.5441125902892607,0.4131823329558324,0.8617411255836487,2
50,0.5,50,15000,0.4417325398082609,0.3797659494148735,0.7844437956809998,2
50,0.5,100,15000,0.31250083055930394,0.2061608154020385,0.5661669969558716,2
50,0.5,250,15000,0.43439586475078945,0.3933257833144583,0.7728742957115173,2
50,0.5,500,15000,0.45834628541550865,0.5088561721404303,0.8855031728744507,2
50,0.5,1000,15000,0.0,1.0,,0
50,0.5,10,20000,0.0,1.0,,0
50,0.5,25,20000,0.0,1.0,,0
50,0.5,50,20000,0.0,1.0,,0
50,0.5,100,20000,0.0,1.0,,0
50,0.5,250,20000,0.0,1.0,,0
50,0.5,500,20000,0.0,1.0,,0
50,0.5,1000,20000,0.0,1.0,,0
50,0.5,10,22000,0.0,1.0,,0
50,0.5,25,22000,0.0,1.0,,0
50,0.5,50,22000,0.0,1.0,,0
50,0.5,100,22000,0.0,1.0,,0
50,0.5,250,22000,0.0,1.0,,0
50,0.5,500,22000,0.0,1.0,,0
50,0.5,1000,22000,0.0,1.0,,0
75,0.5,10,50,0.48475159424090664,0.08896942242355606,0.09373948723077774,166
75,0.5,25,50,0.48602366024083565,0.0800151000377501,0.08775757253170013,140
75,0.5,50,50,0.48511664679922845,0.06209135522838807,0.2056829333305359,121
75,0.5,100,50,0.4880106221819047,0.10225745564363911,0.7432675957679749,63
75,0.5,250,50,0.4926116285563234,0.11605889014722537,0.7256513237953186,34
75,0.5,500,50,0.5038825415992579,0.22133635334088336,0.8233175277709961,18
75,0.5,1000,50,0.5110256995315081,0.2523669309173273,0.8624145984649658,12
75,0.5,10,100,0.48777893152149004,0.06560966402416006,0.5921582579612732,83
75,0.5,25,100,0.4922563158553313,0.06648546621366554,0.635189950466156,73
75,0.5,50,100,0.4921276597718167,0.05328803322008305,0.6591209173202515,68
75,0.5,100,100,0.48859758870057074,0.09701774254435636,0.7303780317306519,56
75,0.5,250,100,0.4932140057888238,0.11639109097772744,0.7260605096817017,31
75,0.5,500,100,0.5035404313048842,0.20767081917704794,0.8183103799819946,16
75,0.5,1000,100,0.5107018723328899,0.24576821442053606,0.8622241020202637,11
75,0.5,10,250,0.4971145148880105,0.058754246885617215,0.6428599953651428,39
75,0.5,25,250,0.49782805295098165,0.05818044545111363,0.6436920166015625,38
75,0.5,50,250,0.49869431867081937,0.06634956587391469,0.654070258140564,36
75,0.5,100,250,0.4935690473426364,0.09244243110607776,0.7070690393447876,34
75,0.5,250,250,0.4986193505673245,0.09796904492261231,0.6678219437599182,29
75,0.5,500,250,0.5034007237995497,0.20228010570026425,0.787422776222229,15
75,0.5,1000,250,0.5107018723328899,0.24576821442053606,0.8622238636016846,11
75,0.5,10,500,0.49510790085508893,0.12137410343525859,0.675537645816803,21
75,0.5,25,500,0.49719086452924416,0.11524348810872027,0.666983962059021,21
75,0.5,50,500,0.49822218033178484,0.14665156662891657,0.703459620475769,18
75,0.5,100,500,0.49218035398998444,0.10340505851264628,0.6367286443710327,19
75,0.5,250,500,0.5007322238531906,0.12841072102680257,0.688124418258667,17
75,0.5,500,500,0.5019050384639181,0.18435636089090224,0.7499867081642151,13
75,0.5,1000,500,0.5107018723328899,0.24576821442053606,0.8622241616249084,11
75,0.5,10,1000,0.4995077820736033,0.1626576066440166,0.7397310733795166,14
75,0.5,25,1000,0.5051764127989662,0.15226878067195168,0.7197327613830566,12
75,0.5,50,1000,0.5037419042840564,0.13035862589656474,0.6787024736404419,12
75,0.5,100,1000,0.4957971796728958,0.15368818422046054,0.6828749775886536,13
75,0.5,250,1000,0.5060780614143732,0.13269913174782938,0.6553987264633179,11
75,0.5,500,1000,0.5066825983743041,0.18908267270668178,0.7516694664955139,11
75,0.5,1000,1000,0.5107018723328899,0.24576821442053606,0.8622241616249084,11
75,0.5,10,2500,0.5836125198528769,0.23589278973197433,0.8621506094932556,6
75,0.5,25,2500,0.5428234670251574,0.23648169120422802,0.7865285277366638,7
75,0.5,50,2500,0.5361248054241698,0.21630804077010193,0.7520545721054077,7
75,0.5,100,2500,0.5489375349499727,0.23824839562098904,0.772438645362854,6
75,0.5,250,2500,0.5488956250642901,0.23391468478671196,0.7587685585021973,6
75,0.5,500,2500,0.5387069638187584,0.25014722536806344,0.794517993927002,7
75,0.5,1000,2500,0.671503271566197,0.2703057757644394,0.8799106478691101,4
75,0.5,10,5000,0.6326998798266582,0.3556964892412231,0.7500607967376709,2
75,0.5,25,5000,0.39657261945477507,0.19879199697999245,0.6580725908279419,2
75,0.5,50,5000,0.3624096114084338,0.1540656851642129,0.6124051213264465,2
75,0.5,100,5000,0.5763169936039145,0.2848320120800302,0.7082247734069824,4
75,0.5,250,5000,0.5168405546914646,0.29177802944507364,0.6055849194526672,2
75,0.5,500,5000,0.7369235814635272,0.3605436013590034,0.9385742545127869,2
75,0.5,1000,5000,0.759879137850435,0.37517553793884484,0.9605581164360046,2
75,0.5,10,10000,0.6326998798266582,0.3556964892412231,0.7500608563423157,2
75,0.5,25,10000,0.39657261945477507,0.19879199697999245,0.6580725908279419,2
75,0.5,50,10000,0.3624096114084338,0.1540656851642129,0.6124050617218018,2
75,0.5,100,10000,0.36077058347044105,0.15131747829369574,0.6153523325920105,2
75,0.5,250,10000,0.5168405546914646,0.29177802944507364,0.6055849194526672,2
75,0.5,500,10000,0.7369235814635272,0.3605436013590034,0.9385740756988525,2
75,0.5,1000,10000,0.759879137850435,0.37517553793884484,0.9605579972267151,2
75,0.5,10,15000,0.6326998798266582,0.3556964892412231,0.7500607967376709,2
75,0.5,25,15000,0.39657261945477507,0.19879199697999245,0.6580725908279419,2
75,0.5,50,15000,0.3624096114084338,0.1540656851642129,0.6124051213264465,2
75,0.5,100,15000,0.36077058347044105,0.15131747829369574,0.6153523325920105,2
75,0.5,250,15000,0.5168405546914646,0.29177802944507364,0.6055848002433777,2
75,0.5,500,15000,0.7369235814635272,0.3605436013590034,0.9385743141174316,2
75,0.5,1000,15000,0.759879137850435,0.37517553793884484,0.9605581760406494,2
75,0.5,10,20000,0.0,1.0,,0
75,0.5,25,20000,0.0,1.0,,0
75,0.5,50,20000,0.0,1.0,,0
75,0.5,100,20000,0.0,1.0,,0
75,0.5,250,20000,0.0,1.0,,0
75,0.5,500,20000,0.7369235814635272,0.3605436013590034,0.9385741353034973,2
75,0.5,1000,20000,0.759879137850435,0.37517553793884484,0.9605581760406494,2
75,0.5,10,22000,0.0,1.0,,0
75,0.5,25,22000,0.0,1.0,,0
75,0.5,50,22000,0.0,1.0,,0
75,0.5,100,22000,0.0,1.0,,0
75,0.5,250,22000,0.0,1.0,,0
75,0.5,500,22000,0.0,1.0,,0
75,0.5,1000,22000,0.0,1.0,,0
100,0.5,10,50,0.4901377398864444,0.07448848622121555,0.46362191438674927,165
100,0.5,25,50,0.48880036163913876,0.07226878067195168,0.40447312593460083,140
100,0.5,50,50,0.4861239548661476,0.10653076632691581,0.4982859790325165,125
100,0.5,100,50,0.49508464983945294,0.08922612306530767,0.7586103081703186,61
100,0.5,250,50,0.5020708879877219,0.11349188372970932,0.7511605024337769,33
100,0.5,500,50,0.5017834721467846,0.1884333710834277,0.8149695992469788,16
100,0.5,1000,50,0.4990750816163268,0.22114005285013213,0.8125854134559631,13
100,0.5,10,100,0.4912568324068739,0.07350698376745941,0.6489379405975342,80
100,0.5,25,100,0.4954778026470909,0.07048697621744054,0.6728399395942688,71
100,0.5,50,100,0.4973363698525506,0.053982634956587394,0.664973258972168,64
100,0.5,100,100,0.4983470863034697,0.07210268025670064,0.7190426588058472,59
100,0.5,250,100,0.5018708018099,0.11427708569271423,0.754084587097168,32
100,0.5,500,100,0.5014833324530735,0.18918837297093244,0.8194870352745056,15
100,0.5,1000,100,0.4990750816163268,0.22114005285013213,0.8125855922698975,13
100,0.5,10,250,0.4972271505412454,0.059962249905624765,0.7015792727470398,38
100,0.5,25,250,0.5008831253336097,0.05881464703661759,0.6789994835853577,36
100,0.5,50,250,0.5026525223310301,0.05576443941109853,0.6533247828483582,34
100,0.5,100,250,0.5009777744897908,0.06973197432993583,0.6730497479438782,34
100,0.5,250,250,0.5027761074860788,0.11492638731596828,0.7437148094177246,27
100,0.5,500,250,0.5014833324530735,0.18918837297093244,0.8194870948791504,15
100,0.5,1000,250,0.4999181864428799,0.22260475651189127,0.8431406617164612,11
100,0.5,10,500,0.4980025618196269,0.10213665534163835,0.6932548880577087,22
100,0.5,25,500,0.5028036096398409,0.10177425443563609,0.6798734664916992,19
100,0.5,50,500,0.503525998343352,0.09526613816534542,0.6644226312637329,18
100,0.5,100,500,0.5033334920582871,0.1049452623631559,0.6917764544487,18
100,0.5,250,500,0.5050507816099095,0.1368667421668554,0.7286239266395569,15
100,0.5,500,500,0.5019928286314563,0.18761796904492262,0.8071550726890564,14
100,0.5,1000,500,0.4999181864428799,0.22260475651189127,0.8431406617164612,11
100,0.5,10,1000,0.5007836577540006,0.1431030577576444,0.7378096580505371,13
100,0.5,25,1000,0.5116485310091936,0.10705926764816912,0.701313316822052,14
100,0.5,50,1000,0.5120667410781536,0.08839562098905247,0.6191163063049316,14
100,0.5,100,1000,0.5130057610927504,0.11136277840694601,0.6515070796012878,13
100,0.5,250,1000,0.5093832679070914,0.1272933182332956,0.6877020597457886,12
100,0.5,500,1000,0.5064464335215666,0.18660626651566628,0.8059451580047607,11
100,0.5,1000,1000,0.5019052774145062,0.2365118912797282,0.8928908705711365,10
100,0.5,10,2500,0.6740149647887365,0.20872782181955454,0.7860067486763,6
100,0.5,25,2500,0.5760532182098496,0.17482823707059267,0.7317695021629333,7
100,0.5,50,2500,0.5350367431521896,0.1954095885239713,0.7305697202682495,8
100,0.5,100,2500,0.5340780754537282,0.18394865987164968,0.735195517539978,8
100,0.5,250,2500,0.527971811205238,0.1804001510003775,0.7169963717460632,8
100,0.5,500,2500,0.6572257560284314,0.18033975084937712,0.7382228374481201,5
100,0.5,1000,2500,0.6122235987675325,0.1978104945262363,0.720313549041748,5
100,0.5,10,5000,0.6749913496236499,0.2998112495281238,0.7170180082321167,2
100,0.5,25,5000,0.7095068583457519,0.22686296715741788,0.8190540671348572,3
100,0.5,50,5000,0.7115437034271198,0.23293318233295585,0.8363022804260254,3
100,0.5,100,5000,0.7022799662452438,0.23663269158172895,0.848759114742279,3
100,0.5,250,5000,0.5783245643292944,0.2511740279350698,0.7191099524497986,3
100,0.5,500,5000,0.7173672947604017,0.2770101925254813,0.8785185813903809,3
100,0.5,1000,5000,0.6219629132472041,0.2861759154397886,0.8181543350219727,2
100,0.5,10,10000,0.6749913496236499,0.2998112495281238,0.717018187046051,2
100,0.5,25,10000,0.4792547621508481,0.12240090600226501,0.6608377695083618,2
100,0.5,50,10000,0.5794984589423013,0.2298225745564364,0.5420464873313904,2
100,0.5,100,10000,0.7878330084694704,0.3602869007172518,0.8999543786048889,2
100,0.5,250,10000,0.6658186459606317,0.37031332578331444,0.7129644751548767,2
100,0.5,500,10000,0.7971238832405055,0.3696942242355606,0.9152910113334656,2
100,0.5,1000,10000,0.6219629132472041,0.2861759154397886,0.8181542158126831,2
100,0.5,10,15000,0.6749913496236499,0.2998112495281238,0.7170180678367615,2
100,0.5,25,15000,0.4792547621508481,0.12240090600226501,0.6608378291130066,2
100,0.5,50,15000,0.5794984589423013,0.2298225745564364,0.5420464873313904,2
100,0.5,100,15000,0.7878330084694704,0.3602869007172518,0.8999544382095337,2
100,0.5,250,15000,0.6658186459606317,0.37031332578331444,0.7129645347595215,2
100,0.5,500,15000,0.7971238832405055,0.3696942242355606,0.9152910113334656,2
100,0.5,1000,15000,0.6219629132472041,0.2861759154397886,0.8181541562080383,2
100,0.5,10,20000,0.6749913496236499,0.2998112495281238,0.7170180678367615,2
100,0.5,25,20000,0.4792547621508481,0.12240090600226501,0.6608378887176514,2
100,0.5,50,20000,0.5794984589423013,0.2298225745564364,0.5420464873313904,2
100,0.5,100,20000,0.7878330084694704,0.3602869007172518,0.8999541997909546,2
100,0.5,250,20000,0.0,1.0,,0
100,0.5,500,20000,0.7971238832405055,0.3696942242355606,0.9152911305427551,2
100,0.5,1000,20000,0.6219629132472041,0.2861759154397886,0.8181542158126831,2
100,0.5,10,22000,0.0,1.0,,0
100,0.5,25,22000,0.0,1.0,,0
100,0.5,50,22000,0.0,1.0,,0
100,0.5,100,22000,0.0,1.0,,0
100,0.5,250,22000,0.0,1.0,,0
100,0.5,500,22000,0.0,1.0,,0
100,0.5,1000,22000,0.0,1.0,,0
10,0.75,10,50,0.09016086196116409,0.4415553038882597,-0.44079986214637756,236
10,0.75,25,50,0.10651815790657371,0.5405058512646281,-0.3881075382232666,183
10,0.75,50,50,0.11538021448904029,0.6128199320498301,-0.2863122224807739,136
10,0.75,100,50,0.11090392265129469,0.6930615326538316,-0.21983057260513306,61
10,0.75,250,50,0.07746907928621607,0.7513476783691959,0.15947657823562622,29
10,0.75,500,50,0.003794869828237283,0.04231030577576444,-0.1535467952489853,2
10,0.75,1000,50,0.004096442538274918,0.05647414118535296,-0.16983282566070557,2
10,0.75,10,100,0.1000759544573116,0.48205360513401285,-0.33231982588768005,113
10,0.75,25,100,0.11087663963854046,0.5640468101170253,-0.33189892768859863,85
10,0.75,50,100,0.12772483333519064,0.6300188750471876,-0.2578439712524414,61
10,0.75,100,100,0.11207245508867057,0.6887278218195545,-0.1609947830438614,53
10,0.75,250,100,0.07770850320095153,0.7536428841072103,0.1859617680311203,27
10,0.75,500,100,0.003794869828237283,0.04231030577576444,-0.15354682505130768,2
10,0.75,1000,100,0.004096442538274918,0.05647414118535296,-0.16983287036418915,2
10,0.75,10,250,0.11296384151493082,0.5647263118157796,-0.262600302696228,39
10,0.75,25,250,0.11330883653685124,0.6301094752736882,-0.19339816272258759,35
10,0.75,50,250,0.1279054180648137,0.6513401283503208,-0.08833479881286621,31
10,0.75,100,250,0.11966110086808818,0.7051717629294073,-0.04303430765867233,23
10,0.75,250,250,0.08136318718423018,0.7512570781426954,0.05536511540412903,22
10,0.75,500,250,0.003794869828237283,0.04231030577576444,-0.15354682505130768,2
10,0.75,1000,250,0.032762866263037566,0.8643865609664024,0.7766282558441162,7
10,0.75,10,500,0.11443729143394983,0.6262589656474141,0.04356049746274948,20
10,0.75,25,500,0.11445646141364879,0.703510758776897,0.1753121167421341,15
10,0.75,50,500,0.004959450534639905,0.01911664779161948,-0.1293305605649948,2
10,0.75,100,500,0.09279992477789785,0.7579463948659871,0.31430238485336304,12
10,0.75,250,500,0.004053429428775788,0.0324952812382031,-0.14299407601356506,2
10,0.75,500,500,0.003794869828237283,0.04231030577576444,-0.15354681015014648,2
10,0.75,1000,500,0.032762866263037566,0.8643865609664024,0.7766282558441162,7
10,0.75,10,1000,0.005111824929508766,0.017244243110607776,-0.1278764009475708,2
10,0.75,25,1000,0.005023682389900853,0.01836164590411476,-0.12841486930847168,2
10,0.75,50,1000,0.004959450534639905,0.01911664779161948,-0.1293305605649948,2
10,0.75,100,1000,0.004531037647076145,0.024703661759154397,-0.13402386009693146,2
10,0.75,250,1000,0.004053429428775788,0.0324952812382031,-0.14299407601356506,2
10,0.75,500,1000,0.036659597765292394,0.8326764816912042,0.39769354462623596,7
10,0.75,1000,1000,0.03511929497266111,0.8774178935447339,0.7562364935874939,6
10,0.75,10,2500,0.00916660956974921,0.6927293318233295,0.09241808950901031,2
10,0.75,25,2500,0.01667956641535228,0.35764439411098525,0.17567268013954163,2
10,0.75,50,2500,0.03157655057126273,0.7258890147225368,-0.04129395633935928,2
10,0.75,100,2500,0.0,1.0,,0
10,0.75,250,2500,0.0,1.0,,0
10,0.75,500,2500,0.0,1.0,,0
10,0.75,1000,2500,0.0,1.0,,0
10,0.75,10,5000,0.0,1.0,,0
10,0.75,25,5000,0.0,1.0,,0
10,0.75,50,5000,0.0,1.0,,0
10,0.75,100,5000,0.0,1.0,,0
10,0.75,250,5000,0.0,1.0,,0
10,0.75,500,5000,0.0,1.0,,0
10,0.75,1000,5000,0.0,1.0,,0
10,0.75,10,10000,0.0,1.0,,0
10,0.75,25,10000,0.0,1.0,,0
10,0.75,50,10000,0.0,1.0,,0
10,0.75,100,10000,0.0,1.0,,0
10,0.75,250,10000,0.0,1.0,,0
10,0.75,500,10000,0.0,1.0,,0
10,0.75,1000,10000,0.0,1.0,,0
10,0.75,10,15000,0.0,1.0,,0
10,0.75,25,15000,0.0,1.0,,0
10,0.75,50,15000,0.0,1.0,,0
10,0.75,100,15000,0.0,1.0,,0
10,0.75,250,15000,0.0,1.0,,0
10,0.75,500,15000,0.0,1.0,,0
10,0.75,1000,15000,0.0,1.0,,0
10,0.75,10,20000,0.0,1.0,,0
10,0.75,25,20000,0.0,1.0,,0
10,0.75,50,20000,0.0,1.0,,0
10,0.75,100,20000,0.0,1.0,,0
10,0.75,250,20000,0.0,1.0,,0
10,0.75,500,20000,0.0,1.0,,0
10,0.75,1000,20000,0.0,1.0,,0
10,0.75,10,22000,0.0,1.0,,0
10,0.75,25,22000,0.0,1.0,,0
10,0.75,50,22000,0.0,1.0,,0
10,0.75,100,22000,0.0,1.0,,0
10,0.75,250,22000,0.0,1.0,,0
10,0.75,500,22000,0.0,1.0,,0
10,0.75,1000,22000,0.0,1.0,,0
15,0.75,10,50,0.18663048285128758,0.3401887504718762,-0.4120277166366577,185
15,0.75,25,50,0.1963879727768757,0.4139524348810872,-0.34726572036743164,149
15,0.75,50,50,0.13139690894913345,0.5207852019630049,-0.21703165769577026,133
15,0.75,100,50,0.2232753648659461,0.48259720649301624,-0.3106537461280823,60
15,0.75,250,50,0.1602557332345011,0.5679879199697999,0.3146648108959198,26
15,0.75,500,50,0.09560087718762389,0.6775839939599849,0.6207795143127441,15
15,0.75,1000,50,0.007724686461143838,0.007640619101547754,-0.13995005190372467,2
15,0.75,10,100,0.20255249283961313,0.3873914684786712,-0.337908536195755,82
15,0.75,25,100,0.24098119546804703,0.4216836542091355,-0.36058416962623596,71
15,0.75,50,100,0.2145642789854747,0.4649301623254058,-0.28596922755241394,62
15,0.75,100,100,0.23892925302525214,0.4670894677236693,-0.30982160568237305,48
15,0.75,250,100,0.16112291611758692,0.5695281238203096,0.35476723313331604,24
15,0.75,500,100,0.09570891803854101,0.67839939599849,0.6218189001083374,14
15,0.75,1000,100,0.007724686461143838,0.007640619101547754,-0.13995006680488586,2
15,0.75,10,250,0.23067356508879425,0.42570026425066065,0.053929466754198074,36
15,0.75,25,250,0.2319025702315063,0.4740505851264628,0.12364734709262848,28
15,0.75,50,250,0.2516957614905413,0.4923669309173273,0.15857088565826416,25
15,0.75,100,250,0.23753811003973405,0.4967006417516044,0.23793691396713257,25
15,0.75,250,250,0.16362002707484605,0.5717025292563231,0.42208123207092285,22
15,0.75,500,250,0.096202343160064,0.6780973952434881,0.6842427849769592,13
15,0.75,1000,250,0.007724686461143838,0.007640619101547754,-0.13995006680488586,2
15,0.75,10,500,0.23799940171658387,0.4995696489241223,0.30442026257514954,15
15,0.75,25,500,0.228480683986097,0.5326689316723292,0.33592885732650757,13
15,0.75,50,500,0.23891334511650267,0.5393129482823708,0.38490602374076843,13
15,0.75,100,500,0.23431648291048313,0.5389354473386183,0.3717382550239563,14
15,0.75,250,500,0.1606093202934346,0.5893242733106833,0.4151104688644409,14
15,0.75,500,500,0.096202343160064,0.6780973952434881,0.6842427849769592,13
15,0.75,1000,500,0.007724686461143838,0.007640619101547754,-0.13995008170604706,2
15,0.75,10,1000,0.008215554047138359,0.0015100037750094375,-0.13682545721530914,2
15,0.75,25,1000,0.00818069895753203,0.0015855039637599094,-0.1369282752275467,2
15,0.75,50,1000,0.00815383653909886,0.0016006040015100038,-0.13705551624298096,2
15,0.75,100,1000,0.22858195055760203,0.5468629671574179,0.40787842869758606,10
15,0.75,250,1000,0.008085222796834764,0.001963004907512269,-0.1374574452638626,2
15,0.75,500,1000,0.007918586661962624,0.003971309928274821,-0.138323575258255,2
15,0.75,1000,1000,0.007724686461143838,0.007640619101547754,-0.13995006680488586,2
15,0.75,10,2500,0.008215554047138359,0.0015100037750094375,-0.13682544231414795,2
15,0.75,25,2500,0.00818069895753203,0.0015855039637599094,-0.1369282603263855,2
15,0.75,50,2500,0.00815383653909886,0.0016006040015100038,-0.13705550134181976,2
15,0.75,100,2500,0.008118759403936849,0.0017818044545111363,-0.13725091516971588,2
15,0.75,250,2500,0.008085222796834764,0.001963004907512269,-0.1374574452638626,2
15,0.75,500,2500,0.007918586661962624,0.003971309928274821,-0.13832353055477142,2
15,0.75,1000,2500,0.007724686461143838,0.007640619101547754,-0.13995008170604706,2
15,0.75,10,5000,0.0,1.0,,0
15,0.75,25,5000,0.0,1.0,,0
15,0.75,50,5000,0.1744384812134311,0.6640694601736504,0.3858207166194916,2
15,0.75,100,5000,0.16895367587502003,0.6754850887127218,0.40539130568504333,2
15,0.75,250,5000,0.0,1.0,,0
15,0.75,500,5000,0.0,1.0,,0
15,0.75,1000,5000,0.0,1.0,,0
15,0.75,10,10000,0.0,1.0,,0
15,0.75,25,10000,0.0,1.0,,0
15,0.75,50,10000,0.0,1.0,,0
15,0.75,100,10000,0.0,1.0,,0
15,0.75,250,10000,0.0,1.0,,0
15,0.75,500,10000,0.0,1.0,,0
15,0.75,1000,10000,0.0,1.0,,0
15,0.75,10,15000,0.0,1.0,,0
15,0.75,25,15000,0.0,1.0,,0
15,0.75,50,15000,0.0,1.0,,0
15,0.75,100,15000,0.0,1.0,,0
15,0.75,250,15000,0.0,1.0,,0
15,0.75,500,15000,0.0,1.0,,0
15,0.75,1000,15000,0.0,1.0,,0
15,0.75,10,20000,0.0,1.0,,0
15,0.75,25,20000,0.0,1.0,,0
15,0.75,50,20000,0.0,1.0,,0
15,0.75,100,20000,0.0,1.0,,0
15,0.75,250,20000,0.0,1.0,,0
15,0.75,500,20000,0.0,1.0,,0
15,0.75,1000,20000,0.0,1.0,,0
15,0.75,10,22000,0.0,1.0,,0
15,0.75,25,22000,0.0,1.0,,0
15,0.75,50,22000,0.0,1.0,,0
15,0.75,100,22000,0.0,1.0,,0
15,0.75,250,22000,0.0,1.0,,0
15,0.75,500,22000,0.0,1.0,,0
15,0.75,1000,22000,0.0,1.0,,0
30,0.75,10,50,0.14365427593753066,0.43880709701774256,-0.12435860931873322,200
30,0.75,25,50,0.16068844377753486,0.4992827482068705,0.006618141662329435,145
30,0.75,50,50,0.14705793135210857,0.5515741789354474,0.07804470509290695,113
30,0.75,100,50,0.1583676687805404,0.5169195922989808,0.33004531264305115,52
30,0.75,250,50,0.13651211909257174,0.5415326538316346,0.42988383769989014,30
30,0.75,500,50,0.10690905626309287,0.5970856927142317,0.5791391134262085,20
30,0.75,1000,50,0.08482750724284542,0.6479577198942997,0.6100053787231445,13
30,0.75,10,100,0.15036164588474357,0.45890524726311815,-0.008354290388524532,80
30,0.75,25,100,0.17259477048346086,0.5061381653454133,0.21499128639698029,61
30,0.75,50,100,0.15012278572938,0.5425292563231409,0.25674790143966675,60
30,0.75,100,100,0.16029803997362077,0.5106077765194413,0.3165872395038605,47
30,0.75,250,100,0.1482538324620111,0.5307663269158173,0.5035905241966248,28
30,0.75,500,100,0.10623448320925553,0.5989278973197433,0.5818139910697937,18
30,0.75,1000,100,0.08452145623126625,0.6458739146847867,0.6109225153923035,12
30,0.75,10,250,0.13737772536392368,0.5154095885239713,0.25418949127197266,37
30,0.75,25,250,0.1693480061759397,0.5418346545866365,0.30295783281326294,33
30,0.75,50,250,0.16882844302788985,0.5200906002265006,0.3640485405921936,30
30,0.75,100,250,0.18395596459513286,0.5063042657606645,0.38683751225471497,28
30,0.75,250,250,0.14581780805581246,0.5331974329935825,0.5070088505744934,27
30,0.75,500,250,0.10412550164783844,0.5988070970177426,0.547224760055542,16
30,0.75,1000,250,0.08172685450322362,0.6505096262740657,0.7319350242614746,10
30,0.75,10,500,0.13166994871120055,0.549263873159683,0.40207698941230774,19
30,0.75,25,500,0.1643511169300432,0.5757795394488486,0.38208720088005066,19
30,0.75,50,500,0.18734002088035073,0.5336353340883352,0.48507121205329895,17
30,0.75,100,500,0.16981775181680964,0.5496866742166855,0.4865063428878784,17
30,0.75,250,500,0.13874207055417728,0.5687127217818044,0.5271727442741394,15
30,0.75,500,500,0.10374561466023584,0.6052548131370329,0.5836780667304993,15
30,0.75,1000,500,0.08172685450322362,0.6505096262740657,0.7319351434707642,10
30,0.75,10,1000,0.1253685128155715,0.5717780294450736,0.38801026344299316,13
30,0.75,25,1000,0.12134507958615823,0.6217440543601359,0.4787384569644928,12
30,0.75,50,1000,0.1662953767767839,0.5539901849754625,0.38474419713020325,9
30,0.75,100,1000,0.1639358071521892,0.558565496413741,0.3459731936454773,12
30,0.75,250,1000,0.13195479616748926,0.5916345790864477,0.5124706625938416,10
30,0.75,500,1000,0.09916563389787326,0.6254284635711589,0.5387735962867737,9
30,0.75,1000,1000,0.0762308819460561,0.6601887504718762,0.7781452536582947,9
30,0.75,10,2500,0.1352887011000122,0.5548961872404681,0.6141154766082764,5
30,0.75,25,2500,0.08810970838792392,0.395998489996225,0.1292104572057724,2
30,0.75,50,2500,0.08863559652070369,0.6781426953567384,0.7185482978820801,4
30,0.75,100,2500,0.08715426192962909,0.692472631181578,0.7889530658721924,4
30,0.75,250,2500,0.06668335647111723,0.6096640241600604,0.35066527128219604,3
30,0.75,500,2500,0.06873396217969238,0.6570479426198566,0.5007068514823914,4
30,0.75,1000,2500,0.08336832418613835,0.654224235560589,0.716245174407959,4
30,0.75,10,5000,0.0,1.0,,0
30,0.75,25,5000,0.0,1.0,,0
30,0.75,50,5000,0.0,1.0,,0
30,0.75,100,5000,0.0,1.0,,0
30,0.75,250,5000,0.0,1.0,,0
30,0.75,500,5000,0.0,1.0,,0
30,0.75,1000,5000,0.10874806205257127,0.7162551906379766,0.8766008615493774,2
30,0.75,10,10000,0.0,1.0,,0
30,0.75,25,10000,0.0,1.0,,0
30,0.75,50,10000,0.0,1.0,,0
30,0.75,100,10000,0.0,1.0,,0
30,0.75,250,10000,0.0,1.0,,0
30,0.75,500,10000,0.0,1.0,,0
30,0.75,1000,10000,0.0,1.0,,0
30,0.75,10,15000,0.0,1.0,,0
30,0.75,25,15000,0.0,1.0,,0
30,0.75,50,15000,0.0,1.0,,0
30,0.75,100,15000,0.0,1.0,,0
30,0.75,250,15000,0.0,1.0,,0
30,0.75,500,15000,0.0,1.0,,0
30,0.75,1000,15000,0.0,1.0,,0
30,0.75,10,20000,0.0,1.0,,0
30,0.75,25,20000,0.0,1.0,,0
30,0.75,50,20000,0.0,1.0,,0
30,0.75,100,20000,0.0,1.0,,0
30,0.75,250,20000,0.0,1.0,,0
30,0.75,500,20000,0.0,1.0,,0
30,0.75,1000,20000,0.0,1.0,,0
30,0.75,10,22000,0.0,1.0,,0
30,0.75,25,22000,0.0,1.0,,0
30,0.75,50,22000,0.0,1.0,,0
30,0.75,100,22000,0.0,1.0,,0
30,0.75,250,22000,0.0,1.0,,0
30,0.75,500,22000,0.0,1.0,,0
30,0.75,1000,22000,0.0,1.0,,0
50,0.75,10,50,0.3535363047183399,0.21869384673461684,0.21760132908821106,151
50,0.75,25,50,0.39081272899303615,0.24732351830879576,0.28061753511428833,129
50,0.75,50,50,0.3927460053388908,0.2791694979237448,0.3518809676170349,109
50,0.75,100,50,0.3783680288812114,0.31075877689694226,0.41074419021606445,55
50,0.75,250,50,0.35598583618158763,0.3073461683654209,0.4753408432006836,30
50,0.75,500,50,0.3309730347680354,0.3844620611551529,0.660277783870697,17
50,0.75,1000,50,0.36812749102816733,0.34275575688939225,0.8883710503578186,12
50,0.75,10,100,0.3688392268784956,0.2277085692714232,0.3503131866455078,70
50,0.75,25,100,0.37044142478626674,0.2088486221215553,0.2586315870285034,69
50,0.75,50,100,0.39471710373878044,0.2796677991694979,0.3823317587375641,59
50,0.75,100,100,0.3824115230669156,0.30820687051717627,0.457008957862854,48
50,0.75,250,100,0.35767906950501976,0.30671196677991697,0.4764100909233093,27
50,0.75,500,100,0.33485163662332956,0.38142695356738393,0.6647717952728271,14
50,0.75,1000,100,0.36812749102816733,0.34275575688939225,0.8883710503578186,12
50,0.75,10,250,0.366147097413083,0.20863722159305398,0.3461378216743469,33
50,0.75,25,250,0.3711627633983988,0.20694601736504342,0.3889778256416321,30
50,0.75,50,250,0.37381013995025136,0.2424462061155153,0.4268229901790619,30
50,0.75,100,250,0.3710777627615645,0.2671196677991695,0.3941881060600281,28
50,0.75,250,250,0.35656660852128,0.30944507361268403,0.47528594732284546,26
50,0.75,500,250,0.33485163662332956,0.38142695356738393,0.6647717356681824,14
50,0.75,1000,250,0.36812749102816733,0.34275575688939225,0.8883711099624634,12
50,0.75,10,500,0.3664479339989218,0.2346092865232163,0.44393977522850037,20
50,0.75,25,500,0.3724292762053405,0.2408154020385051,0.48163482546806335,18
50,0.75,50,500,0.36974215415046546,0.28436391090977725,0.5596652030944824,17
50,0.75,100,500,0.3564843043411497,0.3278067195167988,0.6184065341949463,16
50,0.75,250,500,0.3515178815663135,0.34850887127217817,0.6293302178382874,14
50,0.75,500,500,0.33485163662332956,0.38142695356738393,0.6647718548774719,14
50,0.75,1000,500,0.3773947258468731,0.32362400906002264,0.888238251209259,10
50,0.75,10,1000,0.35807884111373617,0.28798791996979994,0.4660261571407318,12
50,0.75,25,1000,0.355297314412608,0.300324650811627,0.5015510320663452,12
50,0.75,50,1000,0.35328584703949906,0.32388070970177424,0.5955060720443726,12
50,0.75,100,1000,0.38639676400863304,0.29993204983012456,0.5632266402244568,12
50,0.75,250,1000,0.3825559719836423,0.31903359758399397,0.6024147272109985,12
50,0.75,500,1000,0.36840990665323214,0.33913174782936956,0.615633487701416,11
50,0.75,1000,1000,0.3773947258468731,0.32362400906002264,0.8882380723953247,10
50,0.75,10,2500,0.5976776018209761,0.3041147602869007,0.8054532408714294,3
50,0.75,25,2500,0.3899477717488009,0.3949263873159683,0.6987475752830505,5
50,0.75,50,2500,0.43095179528833605,0.3592449981124953,0.8062089085578918,3
50,0.75,100,2500,0.394749037363454,0.27128727821819554,0.6642683148384094,4
50,0.75,250,2500,0.383862739480045,0.30292185730464327,0.7145074009895325,5
50,0.75,500,2500,0.44871274179766335,0.33251793129482826,0.7385939955711365,5
50,0.75,1000,2500,0.46157137511758406,0.35264628161570405,0.7850521206855774,4
50,0.75,10,5000,0.5976776018209761,0.3041147602869007,0.8054533004760742,3
50,0.75,25,5000,0.45999026739070437,0.3066062665156663,0.8191174864768982,3
50,0.75,50,5000,0.43095179528833605,0.3592449981124953,0.8062089085578918,3
50,0.75,100,5000,0.4079759213275611,0.32732351830879575,0.7330349087715149,3
50,0.75,250,5000,0.39906611969589373,0.3959380898452246,0.8180214762687683,3
50,0.75,500,5000,0.4649278019090742,0.42485466213665535,0.9003254771232605,3
50,0.75,1000,5000,0.46942897693534785,0.39473008682521704,0.897612988948822,3
50,0.75,10,10000,0.670457831588515,0.40578331445828614,0.8705572485923767,2
50,0.75,25,10000,0.5254469019259299,0.44825972064930164,0.8706058859825134,2
50,0.75,50,10000,0.49128191473033805,0.4696262740656852,0.8689901828765869,2
50,0.75,100,10000,0.46115208711957756,0.43315968289920725,0.8037223219871521,2
50,0.75,250,10000,0.4504565909612541,0.5063042657606645,0.8735319375991821,2
50,0.75,500,10000,0.5121613470404823,0.5253152132880332,0.913555920124054,2
50,0.75,1000,10000,0.5145328376818399,0.5250887127217818,0.9152235984802246,2
50,0.75,10,15000,0.670457831588515,0.40578331445828614,0.8705571293830872,2
50,0.75,25,15000,0.5254469019259299,0.44825972064930164,0.8706058263778687,2
50,0.75,50,15000,0.49128191473033805,0.4696262740656852,0.8689901828765869,2
50,0.75,100,15000,0.46115208711957756,0.43315968289920725,0.8037223815917969,2
50,0.75,250,15000,0.4504565909612541,0.5063042657606645,0.8735319375991821,2
50,0.75,500,15000,0.0,1.0,,0
50,0.75,1000,15000,0.0,1.0,,0
50,0.75,10,20000,0.0,1.0,,0
50,0.75,25,20000,0.0,1.0,,0
50,0.75,50,20000,0.0,1.0,,0
50,0.75,100,20000,0.0,1.0,,0
50,0.75,250,20000,0.0,1.0,,0
50,0.75,500,20000,0.0,1.0,,0
50,0.75,1000,20000,0.0,1.0,,0
50,0.75,10,22000,0.0,1.0,,0
50,0.75,25,22000,0.0,1.0,,0
50,0.75,50,22000,0.0,1.0,,0
50,0.75,100,22000,0.0,1.0,,0
50,0.75,250,22000,0.0,1.0,,0
50,0.75,500,22000,0.0,1.0,,0
50,0.75,1000,22000,0.0,1.0,,0
75,0.75,10,50,0.48814268738525296,0.07633069082672707,0.10372395068407059,153
75,0.75,25,50,0.487178933602887,0.06672706681766705,0.08217044919729233,129
75,0.75,50,50,0.4836816509084992,0.08258210645526613,0.0866914913058281,120
75,0.75,100,50,0.49412829884883497,0.08975462438656097,0.6946556568145752,56
75,0.75,250,50,0.4953756045264112,0.12931672329180824,0.7506499290466309,30
75,0.75,500,50,0.5039737071041182,0.179841449603624,0.7374414801597595,17
75,0.75,1000,50,0.5093154182064804,0.2528501321253303,0.902101457118988,13
75,0.75,10,100,0.4883332993861398,0.0665911664779162,0.6014326810836792,73
75,0.75,25,100,0.49131326023494765,0.052276330690826725,0.6391478776931763,70
75,0.75,50,100,0.4899725064002956,0.08128350320875802,0.6910876035690308,61
75,0.75,100,100,0.4937426489959763,0.08018120045300113,0.6926065683364868,51
75,0.75,250,100,0.49552700719973874,0.13011702529256322,0.752078652381897,29
75,0.75,500,100,0.5047603859512549,0.18194035485088714,0.7460237145423889,15
75,0.75,1000,100,0.5093154182064804,0.2528501321253303,0.9021012783050537,13
75,0.75,10,250,0.4981381787364604,0.05979614949037373,0.6076933145523071,34
75,0.75,25,250,0.4968920144405819,0.0644318610796527,0.6257073879241943,35
75,0.75,50,250,0.4943258428900768,0.06787466968667422,0.6401293277740479,35
75,0.75,100,250,0.4980051992468286,0.07779539448848623,0.6600152850151062,31
75,0.75,250,250,0.49552700719973874,0.13011702529256322,0.7520787715911865,29
75,0.75,500,250,0.5047603859512549,0.18194035485088714,0.7460238337516785,15
75,0.75,1000,250,0.5119092244753974,0.25763684409211024,0.9027280807495117,11
75,0.75,10,500,0.49922297288537165,0.07013967534918837,0.5916259288787842,21
75,0.75,25,500,0.49859745226495833,0.07968289920724801,0.6108344793319702,21
75,0.75,50,500,0.4951949572706369,0.09432993582483956,0.6360146403312683,21
75,0.75,100,500,0.49593457841269306,0.10024915062287655,0.6514460444450378,21
75,0.75,250,500,0.4995200581814748,0.12255190637976594,0.673240602016449,16
75,0.75,500,500,0.5031798929355605,0.188961872404681,0.7555801272392273,14
75,0.75,1000,500,0.5119092244753974,0.25763684409211024,0.9027281403541565,11
75,0.75,10,1000,0.5049482763965105,0.12792751981879955,0.6662309765815735,15
75,0.75,25,1000,0.5065196827842904,0.10852397130992827,0.6603469252586365,15
75,0.75,50,1000,0.5080956680235319,0.15152887882219707,0.708199143409729,14
75,0.75,100,1000,0.5104948597389231,0.17221593053982634,0.7214304208755493,12
75,0.75,250,1000,0.5119698609320076,0.15809739524348812,0.6921247839927673,12
75,0.75,500,1000,0.5087532975022105,0.19530388825972064,0.7484856843948364,11
75,0.75,1000,1000,0.558574334222013,0.2054058135145338,0.6278179287910461,10
75,0.75,10,2500,0.6454920084892132,0.2805285013212533,0.8160753846168518,5
75,0.75,25,2500,0.5421816403941446,0.21214043035107588,0.5886853337287903,5
75,0.75,50,2500,0.6074925774690448,0.271679879199698,0.7167500257492065,4
75,0.75,100,2500,0.5525273778999114,0.187361268403171,0.5415346622467041,6
75,0.75,250,2500,0.5854236647906579,0.25028312570781425,0.6202467083930969,5
75,0.75,500,2500,0.588526199374502,0.25923744809362026,0.7464264035224915,5
75,0.75,1000,2500,0.6610652802978926,0.2703057757644394,0.7828089594841003,4
75,0.75,10,5000,0.6450849080862946,0.30461306153265383,0.8282104730606079,3
75,0.75,25,5000,0.4204611023217025,0.22261985654964137,0.6216096878051758,2
75,0.75,50,5000,0.4204591517220374,0.22275575688939223,0.6216968297958374,2
75,0.75,100,5000,0.38248587602612105,0.19130237825594565,0.5971202850341797,2
75,0.75,250,5000,0.4076140691394025,0.21964514911287278,0.5992288589477539,2
75,0.75,500,5000,0.6183992470386811,0.2918233295583239,0.8440639972686768,2
75,0.75,1000,5000,0.743389353982759,0.3590486976217441,0.9090863466262817,2
75,0.75,10,10000,0.44378221919545535,0.2376292940732352,0.6237637400627136,2
75,0.75,25,10000,0.4204611023217025,0.22261985654964137,0.6216096878051758,2
75,0.75,50,10000,0.4204591517220374,0.22275575688939223,0.6216968894004822,2
75,0.75,100,10000,0.38248587602612105,0.19130237825594565,0.5971204042434692,2
75,0.75,250,10000,0.4076140691394025,0.21964514911287278,0.5992287397384644,2
75,0.75,500,10000,0.6183992470386811,0.2918233295583239,0.8440639972686768,2
75,0.75,1000,10000,0.743389353982759,0.3590486976217441,0.909086287021637,2
75,0.75,10,15000,0.44378221919545535,0.2376292940732352,0.6237636804580688,2
75,0.75,25,15000,0.4204611023217025,0.22261985654964137,0.6216095685958862,2
75,0.75,50,15000,0.4204591517220374,0.22275575688939223,0.6216967701911926,2
75,0.75,100,15000,0.38248587602612105,0.19130237825594565,0.5971203446388245,2
75,0.75,250,15000,0.4076140691394025,0.21964514911287278,0.5992287397384644,2
75,0.75,500,15000,0.6183992470386811,0.2918233295583239,0.844063937664032,2
75,0.75,1000,15000,0.743389353982759,0.3590486976217441,0.9090863466262817,2
75,0.75,10,20000,0.0,1.0,,0
75,0.75,25,20000,0.0,1.0,,0
75,0.75,50,20000,0.0,1.0,,0
75,0.75,100,20000,0.0,1.0,,0
75,0.75,250,20000,0.0,1.0,,0
75,0.75,500,20000,0.6183992470386811,0.2918233295583239,0.8440638184547424,2
75,0.75,1000,20000,0.743389353982759,0.3590486976217441,0.9090861678123474,2
75,0.75,10,22000,0.0,1.0,,0
75,0.75,25,22000,0.0,1.0,,0
75,0.75,50,22000,0.0,1.0,,0
75,0.75,100,22000,0.0,1.0,,0
75,0.75,250,22000,0.0,1.0,,0
75,0.75,500,22000,0.0,1.0,,0
75,0.75,1000,22000,0.0,1.0,,0
100,0.75,10,50,0.4843581569443037,0.11192147980369951,0.03783146291971207,171
100,0.75,25,50,0.479996365861653,0.09603624009060023,0.22591452300548553,145
100,0.75,50,50,0.48347675410195584,0.10175915439788599,0.20887383818626404,117
100,0.75,100,50,0.49310622630939016,0.09298603246508116,0.6996587514877319,57
100,0.75,250,50,0.494725080269294,0.11916949792374482,0.7216655611991882,33
100,0.75,500,50,0.4992408539461858,0.20064930162325406,0.8199312090873718,16
100,0.75,1000,50,0.4950660870936774,0.22547376368440922,0.890130877494812,12
100,0.75,10,100,0.48766117356452293,0.08890902227255568,0.5724097490310669,84
100,0.75,25,100,0.4935052079504314,0.08119290298225745,0.5820468664169312,62
100,0.75,50,100,0.49528111481645937,0.06541336353340883,0.5877030491828918,57
100,0.75,100,100,0.4937631017699586,0.08673461683654209,0.6842855215072632,50
100,0.75,250,100,0.49629515628399246,0.11222348055870139,0.6995921730995178,31
100,0.75,500,100,0.49902425714945825,0.2016459041147603,0.8270328044891357,15
100,0.75,1000,100,0.4950660870936774,0.22547376368440922,0.8901309967041016,12
100,0.75,10,250,0.4967387309760734,0.07219328048320121,0.654272735118866,36
100,0.75,25,250,0.499679188732998,0.059207248018120044,0.6296117305755615,33
100,0.75,50,250,0.49770486166819794,0.07469988674971688,0.633752167224884,32
100,0.75,100,250,0.4951637995904038,0.08931672329180823,0.6752182245254517,32
100,0.75,250,250,0.4967431605443047,0.10746696866742167,0.6898282170295715,29
100,0.75,500,250,0.49902425714945825,0.2016459041147603,0.8270328044891357,15
100,0.75,1000,250,0.4950660870936774,0.22547376368440922,0.8901309967041016,12
100,0.75,10,500,0.4994566007921047,0.08599471498678747,0.7006882429122925,21
100,0.75,25,500,0.504068613460407,0.07524348810872027,0.6701023578643799,20
100,0.75,50,500,0.502647694823401,0.11738769346923367,0.7202832698822021,17
100,0.75,100,500,0.5001806454398202,0.10897697244243111,0.7227985262870789,19
100,0.75,250,500,0.502638089281017,0.1309777274443186,0.7575117945671082,17
100,0.75,500,500,0.49824655510826116,0.1922536806342016,0.8371456861495972,14
100,0.75,1000,500,0.4950660870936774,0.22547376368440922,0.8901308178901672,12
100,0.75,10,1000,0.5047450001887693,0.1423027557568894,0.7338146567344666,15
100,0.75,25,1000,0.5074501129692077,0.11852019630049075,0.6672407984733582,14
100,0.75,50,1000,0.5069531628515904,0.15454888637221592,0.7330349087715149,14
100,0.75,100,1000,0.5015108551807581,0.15013967534918837,0.7448123097419739,14
100,0.75,250,1000,0.5141317158603634,0.17357493393733484,0.8157162666320801,12
100,0.75,500,1000,0.5163848299671212,0.24755001887504718,0.8767893314361572,10
100,0.75,1000,1000,0.49544548628967117,0.23752359380898452,0.8909851908683777,11
100,0.75,10,2500,0.7271993398303145,0.27895809739524347,0.8316088914871216,4
100,0.75,25,2500,0.6966541262379419,0.20394110985277464,0.8039203882217407,5
100,0.75,50,2500,0.7020901330182003,0.23293318233295585,0.7577589154243469,5
100,0.75,100,2500,0.6485735615538747,0.2056172140430351,0.6874455213546753,5
100,0.75,250,2500,0.6144051519225675,0.2480634201585504,0.828653872013092,6
100,0.75,500,2500,0.6523771959045873,0.2808456021140053,0.6992039084434509,3
100,0.75,1000,2500,0.6438282184654778,0.2502680256700642,0.7168479561805725,3
100,0.75,10,5000,0.646794668921419,0.2819479048697622,0.6741108894348145,2
100,0.75,25,5000,0.6515345694163006,0.2383691959229898,0.651046872138977,3
100,0.75,50,5000,0.6521675918309114,0.2767383918459796,0.6687935590744019,2
100,0.75,100,5000,0.6573991016781786,0.29269913174782936,0.6891888380050659,2
100,0.75,250,5000,0.7660881724770296,0.3583691959229898,0.8698415756225586,2
100,0.75,500,5000,0.6976876726289173,0.327836919592299,0.7668049931526184,2
100,0.75,1000,5000,0.6438282184654778,0.2502680256700642,0.7168479561805725,3
100,0.75,10,10000,0.646794668921419,0.2819479048697622,0.6741108894348145,2
100,0.75,25,10000,0.7053542582002987,0.3192751981879955,0.7110996246337891,2
100,0.75,50,10000,0.6521675918309114,0.2767383918459796,0.6687935590744019,2
100,0.75,100,10000,0.6573991016781786,0.29269913174782936,0.6891888380050659,2
100,0.75,250,10000,0.7660881724770296,0.3583691959229898,0.8698415756225586,2
100,0.75,500,10000,0.6976876726289173,0.327836919592299,0.7668049931526184,2
100,0.75,1000,10000,0.7059626799937274,0.32800302000755,0.7721066474914551,2
100,0.75,10,15000,0.646794668921419,0.2819479048697622,0.6741108894348145,2
100,0.75,25,15000,0.7053542582002987,0.3192751981879955,0.7110997438430786,2
100,0.75,50,15000,0.6521675918309114,0.2767383918459796,0.6687934994697571,2
100,0.75,100,15000,0.6573991016781786,0.29269913174782936,0.6891888380050659,2
100,0.75,250,15000,0.7660881724770296,0.3583691959229898,0.8698415160179138,2
100,0.75,500,15000,0.6976876726289173,0.327836919592299,0.766805112361908,2
100,0.75,1000,15000,0.7059626799937274,0.32800302000755,0.7721068263053894,2
100,0.75,10,20000,0.646794668921419,0.2819479048697622,0.6741110682487488,2
100,0.75,25,20000,0.7053542582002987,0.3192751981879955,0.7110996842384338,2
100,0.75,50,20000,0.6521675918309114,0.2767383918459796,0.6687934994697571,2
100,0.75,100,20000,0.6573991016781786,0.29269913174782936,0.6891889572143555,2
100,0.75,250,20000,0.7660881724770296,0.3583691959229898,0.8698415160179138,2
100,0.75,500,20000,0.6976876726289173,0.327836919592299,0.7668049931526184,2
100,0.75,1000,20000,0.7059626799937274,0.32800302000755,0.7721068263053894,2
100,0.75,10,22000,0.0,1.0,,0
100,0.75,25,22000,0.0,1.0,,0
100,0.75,50,22000,0.0,1.0,,0
100,0.75,100,22000,0.0,1.0,,0
100,0.75,250,22000,0.0,1.0,,0
100,0.75,500,22000,0.0,1.0,,0
100,0.75,1000,22000,0.0,1.0,,0
10,1.0,10,50,0.0847505458455922,0.4526689316723292,-0.428841769695282,241
10,1.0,25,50,0.11251568118049259,0.5523895809739524,-0.35902637243270874,168
10,1.0,50,50,0.11690055165436482,0.6225141562853908,-0.25975415110588074,119
10,1.0,100,50,0.10180195840032337,0.6931672329180822,-0.03499040752649307,58
10,1.0,250,50,0.07713993787247106,0.7506983767459419,0.21074135601520538,27
10,1.0,500,50,0.00395114798946064,0.03859569648924122,-0.15170574188232422,2
10,1.0,1000,50,0.004240123881265925,0.054435636089090224,-0.16883298754692078,2
10,1.0,10,100,0.09209944015478345,0.5196224990562477,-0.31942346692085266,103
10,1.0,25,100,0.11977503987319013,0.5959531898829747,-0.21452711522579193,80
10,1.0,50,100,0.11057906806084511,0.6378406946017365,-0.08077012002468109,61
10,1.0,100,100,0.10236448965097132,0.693756134390336,-0.016464196145534515,51
10,1.0,250,100,0.07677162448846278,0.7524952812382031,0.22769670188426971,25
10,1.0,500,100,0.00395114798946064,0.03859569648924122,-0.15170572698116302,2
10,1.0,1000,100,0.004240123881265925,0.054435636089090224,-0.16883300244808197,2
10,1.0,10,250,0.0929330696733178,0.6253529633824084,-0.1398993879556656,38
10,1.0,25,250,0.10514566407607834,0.6363306908267271,-0.10639576613903046,30
10,1.0,50,250,0.10632876555234946,0.6785805964514912,0.03303905948996544,28
10,1.0,100,250,0.11065071251661814,0.693439033597584,0.002576975617557764,26
10,1.0,250,250,0.0767134316482471,0.7526764816912043,0.15843258798122406,21
10,1.0,500,250,0.00395114798946064,0.03859569648924122,-0.1517057567834854,2
10,1.0,1000,250,0.032704383327417715,0.8661079652699132,0.8021959066390991,8
10,1.0,10,500,0.08605594192486145,0.6926689316723292,0.150085911154747,16
10,1.0,25,500,0.08990000113613802,0.6982710456776142,0.14559945464134216,18
10,1.0,50,500,0.005061104694177225,0.0185277463193658,-0.13203951716423035,2
10,1.0,100,500,0.00469046378031124,0.023012457531143827,-0.13523556292057037,2
10,1.0,250,500,0.004262904703358639,0.02964137410343526,-0.14229696989059448,2
10,1.0,500,500,0.00395114798946064,0.03859569648924122,-0.1517057567834854,2
10,1.0,1000,500,0.03156669062093336,0.8702604756511891,0.8275405764579773,7
10,1.0,10,1000,0.004995576709065725,0.0185277463193658,-0.1312457025051117,2
10,1.0,25,1000,0.005062972339945114,0.018406946017365044,-0.13122287392616272,2
10,1.0,50,1000,0.005061104694177225,0.0185277463193658,-0.13203950226306915,2
10,1.0,100,1000,0.00469046378031124,0.023012457531143827,-0.13523556292057037,2
10,1.0,250,1000,0.004262904703358639,0.02964137410343526,-0.14229698479175568,2
10,1.0,500,1000,0.00395114798946064,0.03859569648924122,-0.15170574188232422,2
10,1.0,1000,1000,0.03349068428580459,0.880634201585504,0.8146705031394958,6
10,1.0,10,2500,0.0446519387458649,0.618875047187618,0.26285386085510254,2
10,1.0,25,2500,0.044589036594800645,0.7345413363533408,0.45724064111709595,2
10,1.0,50,2500,0.015570652745769966,0.7896413741034353,0.3529180884361267,2
10,1.0,100,2500,0.021112832784904438,0.7510758776896942,0.38728636503219604,2
10,1.0,250,2500,0.030586405990550486,0.7846734616836543,0.4463527798652649,2
10,1.0,500,2500,0.0,1.0,,0
10,1.0,1000,2500,0.0,1.0,,0
10,1.0,10,5000,0.0,1.0,,0
10,1.0,25,5000,0.044589036594800645,0.7345413363533408,0.45724058151245117,2
10,1.0,50,5000,0.0,1.0,,0
10,1.0,100,5000,0.021112832784904438,0.7510758776896942,0.38728639483451843,2
10,1.0,250,5000,0.030586405990550486,0.7846734616836543,0.4463527798652649,2
10,1.0,500,5000,0.0,1.0,,0
10,1.0,1000,5000,0.0,1.0,,0
10,1.0,10,10000,0.0,1.0,,0
10,1.0,25,10000,0.0,1.0,,0
10,1.0,50,10000,0.0,1.0,,0
10,1.0,100,10000,0.0,1.0,,0
10,1.0,250,10000,0.0,1.0,,0
10,1.0,500,10000,0.0,1.0,,0
10,1.0,1000,10000,0.0,1.0,,0
10,1.0,10,15000,0.0,1.0,,0
10,1.0,25,15000,0.0,1.0,,0
10,1.0,50,15000,0.0,1.0,,0
10,1.0,100,15000,0.0,1.0,,0
10,1.0,250,15000,0.0,1.0,,0
10,1.0,500,15000,0.0,1.0,,0
10,1.0,1000,15000,0.0,1.0,,0
10,1.0,10,20000,0.0,1.0,,0
10,1.0,25,20000,0.0,1.0,,0
10,1.0,50,20000,0.0,1.0,,0
10,1.0,100,20000,0.0,1.0,,0
10,1.0,250,20000,0.0,1.0,,0
10,1.0,500,20000,0.0,1.0,,0
10,1.0,1000,20000,0.0,1.0,,0
10,1.0,10,22000,0.0,1.0,,0
10,1.0,25,22000,0.0,1.0,,0
10,1.0,50,22000,0.0,1.0,,0
10,1.0,100,22000,0.0,1.0,,0
10,1.0,250,22000,0.0,1.0,,0
10,1.0,500,22000,0.0,1.0,,0
10,1.0,1000,22000,0.0,1.0,,0
15,1.0,10,50,0.10846117911651214,0.4287806719516799,-0.28728461265563965,220
15,1.0,25,50,0.15721406991019796,0.45994714986787466,-0.34546995162963867,146
15,1.0,50,50,0.19687303841837053,0.46216685541713853,-0.36059269309043884,111
15,1.0,100,50,0.12911978370026747,0.5795394488486221,-0.14999748766422272,61
15,1.0,250,50,0.17216746825960763,0.5618875047187618,0.009030391462147236,25
15,1.0,500,50,0.110118367565703,0.6712117780294451,0.2959955930709839,12
15,1.0,1000,50,0.007672528609653875,0.008607021517553794,-0.14584384858608246,2
15,1.0,10,100,0.17505833575084184,0.39036617591543976,-0.38868433237075806,75
15,1.0,25,100,0.15646075211258195,0.5003850509626274,-0.32264605164527893,66
15,1.0,50,100,0.1740061500646497,0.5088712721781804,-0.27097195386886597,60
15,1.0,100,100,0.16742932269965283,0.5371989429973575,-0.19178761541843414,47
15,1.0,250,100,0.1732183236863555,0.5631861079652699,0.020945046097040176,24
15,1.0,500,100,0.110118367565703,0.6712117780294451,0.2959955930709839,12
15,1.0,1000,100,0.007672528609653875,0.008607021517553794,-0.14584386348724365,2
15,1.0,10,250,0.21220144835577415,0.3979614949037373,-0.10730795562267303,27
15,1.0,25,250,0.2262511012341573,0.4493620234050585,-0.04369085654616356,29
15,1.0,50,250,0.24134785441040224,0.48878822197055494,0.07432860881090164,24
15,1.0,100,250,0.2030920019299207,0.5391317478293696,0.13888604938983917,23
15,1.0,250,250,0.1768459007857672,0.5608456021140052,0.03446128964424133,21
15,1.0,500,250,0.110118367565703,0.6712117780294451,0.29599565267562866,12
15,1.0,1000,250,0.007672528609653875,0.008607021517553794,-0.14584384858608246,2
15,1.0,10,500,0.1821892346545065,0.45004152510381273,0.12042003124952316,16
15,1.0,25,500,0.1991837233581892,0.4872480181200453,0.1345050036907196,19
15,1.0,50,500,0.21708554231305524,0.5167534918837297,0.17302720248699188,15
15,1.0,100,500,0.1674747767122599,0.5704341260853152,0.28750643134117126,13
15,1.0,250,500,0.1682142530760794,0.5735900339750849,0.1346207857131958,15
15,1.0,500,500,0.00796293753560515,0.003986409966024915,-0.14391961693763733,2
15,1.0,1000,500,0.007672528609653875,0.008607021517553794,-0.14584387838840485,2
15,1.0,10,1000,0.008378703195153922,0.0011023027557568895,-0.1412540227174759,2
15,1.0,25,1000,0.008330992711766768,0.0012684031710079274,-0.14164884388446808,2
15,1.0,50,1000,0.00824925406761713,0.0017214043035107588,-0.14226439595222473,2
15,1.0,100,1000,0.008213996633390994,0.001887504718761797,-0.14245694875717163,2
15,1.0,250,1000,0.008058806966059873,0.0028841072102680256,-0.1434342861175537,2
15,1.0,500,1000,0.00796293753560515,0.003986409966024915,-0.14391958713531494,2
15,1.0,1000,1000,0.007672528609653875,0.008607021517553794,-0.14584384858608246,2
15,1.0,10,2500,0.008378703195153922,0.0011023027557568895,-0.1412540227174759,2
15,1.0,25,2500,0.008330992711766768,0.0012684031710079274,-0.14164882898330688,2
15,1.0,50,2500,0.00824925406761713,0.0017214043035107588,-0.14226441085338593,2
15,1.0,100,2500,0.008213996633390994,0.001887504718761797,-0.1424569934606552,2
15,1.0,250,2500,0.008058806966059873,0.0028841072102680256,-0.1434343010187149,2
15,1.0,500,2500,0.00796293753560515,0.003986409966024915,-0.14391957223415375,2
15,1.0,1000,2500,0.007672528609653875,0.008607021517553794,-0.14584383368492126,2
15,1.0,10,5000,0.16333859036353338,0.6429747074367685,0.48602768778800964,2
15,1.0,25,5000,0.14642854539131558,0.6634654586636467,0.6926863193511963,2
15,1.0,50,5000,0.0,1.0,,0
15,1.0,100,5000,0.0,1.0,,0
15,1.0,250,5000,0.0,1.0,,0
15,1.0,500,5000,0.0,1.0,,0
15,1.0,1000,5000,0.0,1.0,,0
15,1.0,10,10000,0.0,1.0,,0
15,1.0,25,10000,0.0,1.0,,0
15,1.0,50,10000,0.0,1.0,,0
15,1.0,100,10000,0.0,1.0,,0
15,1.0,250,10000,0.0,1.0,,0
15,1.0,500,10000,0.0,1.0,,0
15,1.0,1000,10000,0.0,1.0,,0
15,1.0,10,15000,0.0,1.0,,0
15,1.0,25,15000,0.0,1.0,,0
15,1.0,50,15000,0.0,1.0,,0
15,1.0,100,15000,0.0,1.0,,0
15,1.0,250,15000,0.0,1.0,,0
15,1.0,500,15000,0.0,1.0,,0
15,1.0,1000,15000,0.0,1.0,,0
15,1.0,10,20000,0.0,1.0,,0
15,1.0,25,20000,0.0,1.0,,0
15,1.0,50,20000,0.0,1.0,,0
15,1.0,100,20000,0.0,1.0,,0
15,1.0,250,20000,0.0,1.0,,0
15,1.0,500,20000,0.0,1.0,,0
15,1.0,1000,20000,0.0,1.0,,0
15,1.0,10,22000,0.0,1.0,,0
15,1.0,25,22000,0.0,1.0,,0
15,1.0,50,22000,0.0,1.0,,0
15,1.0,100,22000,0.0,1.0,,0
15,1.0,250,22000,0.0,1.0,,0
15,1.0,500,22000,0.0,1.0,,0
15,1.0,1000,22000,0.0,1.0,,0
30,1.0,10,50,0.14250057398861954,0.4480181200453001,-0.155570387840271,198
30,1.0,25,50,0.1616100314369647,0.5208154020385051,-0.016225310042500496,140
30,1.0,50,50,0.14845993827471562,0.5467723669309174,0.09974947571754456,113
30,1.0,100,50,0.13744659390356595,0.555681389203473,0.3122935891151428,52
30,1.0,250,50,0.13770846414460064,0.5466364665911665,0.3760736882686615,28
30,1.0,500,50,0.11477274182043248,0.5876330690826727,0.5156646966934204,18
30,1.0,1000,50,0.09317361613678765,0.6373272933182333,0.6577209830284119,11
30,1.0,10,100,0.1487301416767365,0.4847867119667799,0.07853120565414429,82
30,1.0,25,100,0.15468736366595467,0.500324650811627,0.15228718519210815,72
30,1.0,50,100,0.1527072369983531,0.5416685541713854,0.2004740983247757,61
30,1.0,100,100,0.15457176373763248,0.52160060400151,0.27129530906677246,45
30,1.0,250,100,0.13787992503249052,0.5478142695356738,0.37547075748443604,27
30,1.0,500,100,0.11477274182043248,0.5876330690826727,0.5156647562980652,18
30,1.0,1000,100,0.09271877614919799,0.6386107965269913,0.6685369610786438,10
30,1.0,10,250,0.13928692870749035,0.5259041147602869,0.1829022616147995,37
30,1.0,25,250,0.14388131252640585,0.552963382408456,0.2308138608932495,31
30,1.0,50,250,0.17869103886803986,0.4952208380520951,0.208388552069664,30
30,1.0,100,250,0.15587670334545412,0.5273839184597962,0.22301630675792694,28
30,1.0,250,250,0.1361399220448232,0.5494148735371839,0.376054972410202,24
30,1.0,500,250,0.11127998480173683,0.5941713854284636,0.6350719332695007,15
30,1.0,1000,250,0.09271877614919799,0.6386107965269913,0.6685368418693542,10
30,1.0,10,500,0.2019315928061967,0.48795771989429976,0.39447614550590515,15
30,1.0,25,500,0.14697096243135013,0.5796149490373725,0.35350051522254944,17
30,1.0,50,500,0.16562927107494244,0.5434956587391468,0.46683070063591003,15
30,1.0,100,500,0.1508811759478478,0.5746168365420914,0.5418726801872253,14
30,1.0,250,500,0.11855838065119084,0.6111589278973197,0.6275566220283508,13
30,1.0,500,500,0.11141071484589306,0.5924348810872028,0.6463159918785095,14
30,1.0,1000,500,0.09271877614919799,0.6386107965269913,0.6685369610786438,10
30,1.0,10,1000,0.1602047148599479,0.539026047565119,0.4386238753795624,10
30,1.0,25,1000,0.09592685795841428,0.6413741034352586,0.4105154573917389,11
30,1.0,50,1000,0.15142128213571843,0.5644998112495281,0.4447510540485382,11
30,1.0,100,1000,0.1343025547882005,0.5938844847112118,0.48147907853126526,11
30,1.0,250,1000,0.13238991800854288,0.5805662514156286,0.40748175978660583,10
30,1.0,500,1000,0.11063150966415441,0.6015855039637599,0.5013912916183472,10
30,1.0,1000,1000,0.10411791249897848,0.6133333333333333,0.5324470400810242,9
30,1.0,10,2500,0.12409984406817452,0.5699056247640619,0.44547486305236816,3
30,1.0,25,2500,0.10165206650215727,0.6321781804454512,0.5939022898674011,3
30,1.0,50,2500,0.08866322256347864,0.6784597961494904,0.7670469284057617,4
30,1.0,100,2500,0.09560312041968495,0.6253227633069083,0.6543450355529785,3
30,1.0,250,2500,0.11099695304811028,0.6066440166100415,0.6792083978652954,4
30,1.0,500,2500,0.1167218492024345,0.5809437523593809,0.45569899678230286,4
30,1.0,1000,2500,0.09493363671557113,0.6299433748584371,0.7537294626235962,5
30,1.0,10,5000,0.0,1.0,,0
30,1.0,25,5000,0.0,1.0,,0
30,1.0,50,5000,0.0,1.0,,0
30,1.0,100,5000,0.0,1.0,,0
30,1.0,250,5000,0.0,1.0,,0
30,1.0,500,5000,0.12893193769388325,0.5807021517553794,0.582522988319397,3
30,1.0,1000,5000,0.08639277641897722,0.614722536806342,0.37979856133461,2
30,1.0,10,10000,0.0,1.0,,0
30,1.0,25,10000,0.0,1.0,,0
30,1.0,50,10000,0.0,1.0,,0
30,1.0,100,10000,0.0,1.0,,0
30,1.0,250,10000,0.0,1.0,,0
30,1.0,500,10000,0.0,1.0,,0
30,1.0,1000,10000,0.0,1.0,,0
30,1.0,10,15000,0.0,1.0,,0
30,1.0,25,15000,0.0,1.0,,0
30,1.0,50,15000,0.0,1.0,,0
30,1.0,100,15000,0.0,1.0,,0
30,1.0,250,15000,0.0,1.0,,0
30,1.0,500,15000,0.0,1.0,,0
30,1.0,1000,15000,0.0,1.0,,0
30,1.0,10,20000,0.0,1.0,,0
30,1.0,25,20000,0.0,1.0,,0
30,1.0,50,20000,0.0,1.0,,0
30,1.0,100,20000,0.0,1.0,,0
30,1.0,250,20000,0.0,1.0,,0
30,1.0,500,20000,0.0,1.0,,0
30,1.0,1000,20000,0.0,1.0,,0
30,1.0,10,22000,0.0,1.0,,0
30,1.0,25,22000,0.0,1.0,,0
30,1.0,50,22000,0.0,1.0,,0
30,1.0,100,22000,0.0,1.0,,0
30,1.0,250,22000,0.0,1.0,,0
30,1.0,500,22000,0.0,1.0,,0
30,1.0,1000,22000,0.0,1.0,,0
50,1.0,10,50,0.35006013799087415,0.22505096262740656,0.028972037136554718,148
50,1.0,25,50,0.37436307807518215,0.24265760664401662,0.1552404761314392,128
50,1.0,50,50,0.3731770749265587,0.26672706681766706,0.1860957145690918,102
50,1.0,100,50,0.3674316420756301,0.31187617969044923,0.21934840083122253,51
50,1.0,250,50,0.34612568028255375,0.3039335598338996,0.36415043473243713,28
50,1.0,500,50,0.3245483768417596,0.34838807097017743,0.6473526358604431,17
50,1.0,1000,50,0.3096216614729337,0.40687051717629297,0.7356476783752441,13
50,1.0,10,100,0.35276337376539385,0.25300113250283124,0.14062556624412537,75
50,1.0,25,100,0.3704938414634115,0.2670290675726689,0.20508643984794617,66
50,1.0,50,100,0.3872340849202989,0.285919214798037,0.22999171912670135,62
50,1.0,100,100,0.38000642319069816,0.2999169497923745,0.25279155373573303,44
50,1.0,250,100,0.34612568028255375,0.3039335598338996,0.36415037512779236,28
50,1.0,500,100,0.3245483768417596,0.34838807097017743,0.6473525762557983,17
50,1.0,1000,100,0.3096216614729337,0.40687051717629297,0.7356477379798889,13
50,1.0,10,250,0.3934085967673981,0.1475877689694224,0.15725505352020264,33
50,1.0,25,250,0.3684221915379445,0.19853529633824085,0.3004904091358185,30
50,1.0,50,250,0.3627013783886019,0.2357115892789732,0.34039390087127686,29
50,1.0,100,250,0.36521721331730056,0.2561419403548509,0.3667280673980713,29
50,1.0,250,250,0.3426734259840282,0.3108342770856927,0.39637690782546997,24
50,1.0,500,250,0.3252753579496826,0.3499735749339373,0.6468664407730103,16
50,1.0,1000,250,0.32110563262752256,0.38406946017365046,0.7268572449684143,11
50,1.0,10,500,0.3901163761472912,0.1860173650434126,0.348114013671875,17
50,1.0,25,500,0.3602759574563913,0.23322008305020764,0.45922529697418213,17
50,1.0,50,500,0.35302188845260635,0.25812004530011323,0.5423365235328674,17
50,1.0,100,500,0.34284123124464294,0.30702906757266896,0.6059440970420837,15
50,1.0,250,500,0.3380004562839652,0.3396300490751227,0.6230801343917847,14
50,1.0,500,500,0.3271082107363538,0.3524197810494526,0.6550701260566711,14
50,1.0,1000,500,0.32110563262752256,0.38406946017365046,0.7268571257591248,11
50,1.0,10,1000,0.38549495743911916,0.23874669686674216,0.40567445755004883,13
50,1.0,25,1000,0.3560704187247976,0.2566100415251038,0.5317469835281372,13
50,1.0,50,1000,0.35973952680180626,0.26773876934692337,0.5866146087646484,12
50,1.0,100,1000,0.36437831659368136,0.2929709324273311,0.5720093250274658,12
50,1.0,250,1000,0.3639538029022387,0.3134314835787089,0.5731736421585083,12
50,1.0,500,1000,0.33365145670456087,0.36173650434126087,0.6804568767547607,11
50,1.0,1000,1000,0.3820292096905621,0.3669762174405436,0.4465472996234894,10
50,1.0,10,2500,0.41915727556167837,0.3071800679501699,0.6127171516418457,5
50,1.0,25,2500,0.3653449088179181,0.30808607021517553,0.6289881467819214,6
50,1.0,50,2500,0.3793748548194479,0.32984522461306154,0.7164231538772583,5
50,1.0,100,2500,0.3454919473336311,0.3920573801434504,0.6929897665977478,5
50,1.0,250,2500,0.37705097561183876,0.43926009815024536,0.850013017654419,3
50,1.0,500,2500,0.452681038714741,0.4077161192902982,0.8981090784072876,3
50,1.0,1000,2500,0.4682398110649646,0.3330766326915817,0.7069619297981262,4
50,1.0,10,5000,0.4471510538839077,0.3605285013212533,0.7138877511024475,4
50,1.0,25,5000,0.3944579346972961,0.3688637221593054,0.7389487624168396,4
50,1.0,50,5000,0.3833002070926615,0.38331445828614574,0.7434103488922119,4
50,1.0,100,5000,0.4360769768955909,0.3431030577576444,0.8328797221183777,3
50,1.0,250,5000,0.37705097561183876,0.43926009815024536,0.8500131368637085,3
50,1.0,500,5000,0.452681038714741,0.4077161192902982,0.8981090784072876,3
50,1.0,1000,5000,0.466170648974798,0.3744356360890902,0.8294596076011658,3
50,1.0,10,10000,0.5693774493979219,0.43938089845224615,0.8797463774681091,2
50,1.0,25,10000,0.5519266675188786,0.4422046055115138,0.8787234425544739,2
50,1.0,50,10000,0.510980933824675,0.4673763684409211,0.8808078169822693,2
50,1.0,100,10000,0.49426944872685874,0.47874669686674215,0.8821945786476135,2
50,1.0,250,10000,0.421919920660779,0.5441449603624009,0.890999436378479,2
50,1.0,500,10000,0.49305603549381705,0.5366251415628539,0.921977698802948,2
50,1.0,1000,10000,0.466170648974798,0.3744356360890902,0.8294594883918762,3
50,1.0,10,15000,0.5693774493979219,0.43938089845224615,0.8797464370727539,2
50,1.0,25,15000,0.5519266675188786,0.4422046055115138,0.8787234425544739,2
50,1.0,50,15000,0.510980933824675,0.4673763684409211,0.8808079361915588,2
50,1.0,100,15000,0.49426944872685874,0.47874669686674215,0.8821946382522583,2
50,1.0,250,15000,0.0,1.0,,0
50,1.0,500,15000,0.0,1.0,,0
50,1.0,1000,15000,0.0,1.0,,0
50,1.0,10,20000,0.0,1.0,,0
50,1.0,25,20000,0.0,1.0,,0
50,1.0,50,20000,0.0,1.0,,0
50,1.0,100,20000,0.0,1.0,,0
50,1.0,250,20000,0.0,1.0,,0
50,1.0,500,20000,0.0,1.0,,0
50,1.0,1000,20000,0.0,1.0,,0
50,1.0,10,22000,0.0,1.0,,0
50,1.0,25,22000,0.0,1.0,,0
50,1.0,50,22000,0.0,1.0,,0
50,1.0,100,22000,0.0,1.0,,0
50,1.0,250,22000,0.0,1.0,,0
50,1.0,500,22000,0.0,1.0,,0
50,1.0,1000,22000,0.0,1.0,,0
75,1.0,10,50,0.4802505597737347,0.11418648546621367,0.16148830950260162,171
75,1.0,25,50,0.48639904862088423,0.05834654586636467,0.4616061747074127,126
75,1.0,50,50,0.48496321161090433,0.08492261230653077,0.5473447442054749,114
75,1.0,100,50,0.4890728776554835,0.11155907889769724,0.741534411907196,55
75,1.0,250,50,0.4928968275423439,0.13996224990562475,0.783723771572113,30
75,1.0,500,50,0.49321066619053583,0.20721781804454512,0.8505029678344727,20
75,1.0,1000,50,0.4995988245037964,0.2625443563608909,0.8542245030403137,13
75,1.0,10,100,0.49229861564217625,0.10677236693091732,0.5976831912994385,78
75,1.0,25,100,0.49424013024145697,0.04848622121555304,0.6388779878616333,61
75,1.0,50,100,0.4931394324455638,0.07323518308795772,0.6673820614814758,57
75,1.0,100,100,0.48923431959758384,0.1095205738014345,0.7347760796546936,50
75,1.0,250,100,0.49288082763435737,0.13953944884862213,0.7837006449699402,29
75,1.0,500,100,0.4934438443644888,0.2032163080407701,0.8498013019561768,18
75,1.0,1000,100,0.49999836182293417,0.2634956587391468,0.8635122179985046,12
75,1.0,10,250,0.4947645887446274,0.053001132502831255,0.6412447690963745,37
75,1.0,25,250,0.49541315771271394,0.06198565496413741,0.654104471206665,35
75,1.0,50,250,0.4945977016364445,0.07636089090222725,0.672679603099823,34
75,1.0,100,250,0.49295219306643845,0.10098905247263118,0.6913238167762756,29
75,1.0,250,250,0.4934888131154183,0.14287655719139297,0.7872540354728699,28
75,1.0,500,250,0.4932829626815665,0.19993959984899962,0.8448454737663269,16
75,1.0,1000,250,0.500736360751422,0.2652321630804077,0.9237992167472839,11
75,1.0,10,500,0.4951123908474514,0.09763684409211024,0.6499145030975342,20
75,1.0,25,500,0.49397578276582677,0.10998867497168743,0.7066102027893066,21
75,1.0,50,500,0.49337361508986827,0.12003020007550019,0.688033401966095,19
75,1.0,100,500,0.4889874821172016,0.15133257833144584,0.7550128698348999,19
75,1.0,250,500,0.5037761160947385,0.15842959607399018,0.7449102997779846,15
75,1.0,500,500,0.49526680259267414,0.20681011702529256,0.8556543588638306,15
75,1.0,1000,500,0.5552550416196885,0.2039713099282748,0.7320358753204346,9
75,1.0,10,1000,0.5038785554035702,0.16768591921479803,0.7292664647102356,13
75,1.0,25,1000,0.5057095309996322,0.21198942997357492,0.8410596251487732,12
75,1.0,50,1000,0.5087327311923923,0.20300490751226877,0.7799700498580933,12
75,1.0,100,1000,0.5030517428160762,0.19509248773121932,0.7749188542366028,12
75,1.0,250,1000,0.5144757492936962,0.18941487353718384,0.7784656286239624,12
75,1.0,500,1000,0.5098948780957371,0.25297093242733104,0.9376352429389954,11
75,1.0,1000,1000,0.5552550416196885,0.2039713099282748,0.732035756111145,9
75,1.0,10,2500,0.6051459899858612,0.27380898452246133,0.6836340427398682,4
75,1.0,25,2500,0.6445414757546919,0.3175839939599849,0.8080394268035889,4
75,1.0,50,2500,0.6547398904753722,0.3143374858437146,0.8060044646263123,4
75,1.0,100,2500,0.6176870117131414,0.28685541713854285,0.7507678270339966,4
75,1.0,250,2500,0.6673407821372667,0.29657984144960364,0.8208632469177246,4
75,1.0,500,2500,0.6489110381520382,0.20893922234805587,0.7587926983833313,5
75,1.0,1000,2500,0.6501375716943638,0.20184220460551153,0.7640048861503601,5
75,1.0,10,5000,0.676495555631739,0.3009135522838807,0.8036879897117615,2
75,1.0,25,5000,0.578488519156149,0.3233824084560211,0.6717265248298645,2
75,1.0,50,5000,0.49161947294651803,0.27264628161570403,0.5846686363220215,2
75,1.0,100,5000,0.5011814762444794,0.27895809739524347,0.5657626986503601,2
75,1.0,250,5000,0.7783059261111555,0.3417289543223858,0.8654745817184448,2
75,1.0,500,5000,0.7730491656942224,0.35871649679124196,0.8888618350028992,2
75,1.0,1000,5000,0.5511983922150689,0.2311664779161948,0.7370142340660095,2
75,1.0,10,10000,0.676495555631739,0.3009135522838807,0.8036879897117615,2
75,1.0,25,10000,0.578488519156149,0.3233824084560211,0.671726405620575,2
75,1.0,50,10000,0.49161947294651803,0.27264628161570403,0.5846685767173767,2
75,1.0,100,10000,0.5011814762444794,0.27895809739524347,0.5657627582550049,2
75,1.0,250,10000,0.7783059261111555,0.3417289543223858,0.8654747009277344,2
75,1.0,500,10000,0.7730491656942224,0.35871649679124196,0.8888616561889648,2
75,1.0,1000,10000,0.5511983922150689,0.2311664779161948,0.7370140552520752,2
75,1.0,10,15000,0.676495555631739,0.3009135522838807,0.8036879897117615,2
75,1.0,25,15000,0.578488519156149,0.3233824084560211,0.6717265248298645,2
75,1.0,50,15000,0.49161947294651803,0.27264628161570403,0.5846686363220215,2
75,1.0,100,15000,0.5011814762444794,0.27895809739524347,0.5657626986503601,2
75,1.0,250,15000,0.7783059261111555,0.3417289543223858,0.8654747605323792,2
75,1.0,500,15000,0.7730491656942224,0.35871649679124196,0.8888618350028992,2
75,1.0,1000,15000,0.5511983922150689,0.2311664779161948,0.7370142340660095,2
75,1.0,10,20000,0.676495555631739,0.3009135522838807,0.8036879897117615,2
75,1.0,25,20000,0.0,1.0,,0
75,1.0,50,20000,0.0,1.0,,0
75,1.0,100,20000,0.0,1.0,,0
75,1.0,250,20000,0.7783059261111555,0.3417289543223858,0.8654747009277344,2
75,1.0,500,20000,0.7730491656942224,0.35871649679124196,0.8888619542121887,2
75,1.0,1000,20000,0.5511983922150689,0.2311664779161948,0.7370142340660095,2
75,1.0,10,22000,0.676495555631739,0.3009135522838807,0.803688108921051,2
75,1.0,25,22000,0.0,1.0,,0
75,1.0,50,22000,0.0,1.0,,0
75,1.0,100,22000,0.0,1.0,,0
75,1.0,250,22000,0.0,1.0,,0
75,1.0,500,22000,0.0,1.0,,0
75,1.0,1000,22000,0.5511983922150689,0.2311664779161948,0.7370140552520752,2
100,1.0,10,50,0.4819918195028517,0.10056625141562854,0.1326846480369568,167
100,1.0,25,50,0.48253407704402906,0.10920347300868252,0.21680618822574615,145
100,1.0,50,50,0.4852190429541178,0.09011702529256323,0.2205086201429367,107
100,1.0,100,50,0.4845432396411119,0.11755379388448471,0.6206700801849365,61
100,1.0,250,50,0.49538721903703076,0.1337259343148358,0.7602484822273254,32
100,1.0,500,50,0.4917413991838731,0.19984899962249905,0.8320723176002502,19
100,1.0,1000,50,0.49953730008355973,0.29389203473008685,0.8983334302902222,12
100,1.0,10,100,0.4842454461255673,0.06049075122687807,0.46501675248146057,77
100,1.0,25,100,0.48504814468947666,0.09956964892412232,0.49582311511039734,73
100,1.0,50,100,0.4911605034822677,0.08147980369950925,0.5849379897117615,61
100,1.0,100,100,0.48491892581283347,0.11790109475273688,0.7084572315216064,54
100,1.0,250,100,0.4954511954507235,0.1358550396375991,0.7661798000335693,30
100,1.0,500,100,0.4917413991838731,0.19984899962249905,0.8320722579956055,19
100,1.0,1000,100,0.49953730008355973,0.29389203473008685,0.8983336091041565,12
100,1.0,10,250,0.4915994099385838,0.06930917327293318,0.6671247482299805,37
100,1.0,25,250,0.491859806870504,0.07850509626274066,0.6737599968910217,35
100,1.0,50,250,0.4962952499571422,0.08588901472253681,0.6922925710678101,33
100,1.0,100,250,0.4885255528920807,0.11344658361645904,0.7261841893196106,31
100,1.0,250,250,0.4959366840985159,0.13277463193657985,0.7561795115470886,27
100,1.0,500,250,0.49221930762202726,0.2016308040770102,0.8432373404502869,18
100,1.0,1000,250,0.4956059366519853,0.2775839939599849,0.891311526298523,10
100,1.0,10,500,0.4966622587320126,0.09410343525858815,0.6606875061988831,21
100,1.0,25,500,0.4920318222808764,0.11266138165345413,0.6908419728279114,22
100,1.0,50,500,0.4924646799038591,0.1441298603246508,0.7316626310348511,19
100,1.0,100,500,0.4904668655505748,0.13511513778784448,0.7272318005561829,20
100,1.0,250,500,0.49804555480293217,0.13150622876557191,0.7555257678031921,20
100,1.0,500,500,0.48950873816141877,0.21947904869762175,0.8566431999206543,15
100,1.0,1000,500,0.5904946779892081,0.23800679501698754,0.8822638988494873,9
100,1.0,10,1000,0.4909602120794645,0.16869762174405437,0.7161014676094055,13
100,1.0,25,1000,0.49519318270586365,0.17082672706681767,0.7109488248825073,12
100,1.0,50,1000,0.4977169103377655,0.20033220083050207,0.7790682315826416,12
100,1.0,100,1000,0.49188026509652044,0.21025292563231407,0.8004145622253418,12
100,1.0,250,1000,0.5021617192423268,0.20579841449603625,0.7827537059783936,11
100,1.0,500,1000,0.5046962835847313,0.2552510381275953,0.8619366884231567,10
100,1.0,1000,1000,0.5904946779892081,0.23800679501698754,0.8822638988494873,9
100,1.0,10,2500,0.6906145805282145,0.23320498301245754,0.7968549132347107,5
100,1.0,25,2500,0.6847953858662513,0.19987919969799925,0.7735579013824463,5
100,1.0,50,2500,0.7373196745148408,0.26449226123065306,0.7885388135910034,4
100,1.0,100,2500,0.6967228844389043,0.26660626651566627,0.7870628237724304,4
100,1.0,250,2500,0.6901579284277355,0.26165345413363533,0.7819527983665466,4
100,1.0,500,2500,0.6398529813551368,0.23332578331445827,0.7535178661346436,4
100,1.0,1000,2500,0.6211750037705622,0.21580973952434881,0.7240217924118042,4
100,1.0,10,5000,0.7312688059635459,0.3280332200830502,0.8368115425109863,2
100,1.0,25,5000,0.824476012357013,0.38107965269913174,0.9346423745155334,2
100,1.0,50,5000,0.8407187168959284,0.36841072102680256,0.9188978672027588,2
100,1.0,100,5000,0.7891833678768577,0.36231030577576445,0.9021533727645874,2
100,1.0,250,5000,0.7874466916614719,0.3654209135522839,0.9090683460235596,2
100,1.0,500,5000,0.7293936547485186,0.33997734994337486,0.8618704676628113,2
100,1.0,1000,5000,0.7066245268141107,0.3279879199697999,0.8510751724243164,2
100,1.0,10,10000,0.7312688059635459,0.3280332200830502,0.8368115425109863,2
100,1.0,25,10000,0.824476012357013,0.38107965269913174,0.9346425533294678,2
100,1.0,50,10000,0.8407187168959284,0.36841072102680256,0.918897807598114,2
100,1.0,100,10000,0.7891833678768577,0.36231030577576445,0.9021533727645874,2
100,1.0,250,10000,0.7874466916614719,0.3654209135522839,0.9090684652328491,2
100,1.0,500,10000,0.7293936547485186,0.33997734994337486,0.8618704080581665,2
100,1.0,1000,10000,0.7066245268141107,0.3279879199697999,0.8510751724243164,2
100,1.0,10,15000,0.7312688059635459,0.3280332200830502,0.8368114233016968,2
100,1.0,25,15000,0.824476012357013,0.38107965269913174,0.9346424341201782,2
100,1.0,50,15000,0.8407187168959284,0.36841072102680256,0.9188979864120483,2
100,1.0,100,15000,0.7891833678768577,0.36231030577576445,0.9021533727645874,2
100,1.0,250,15000,0.7874466916614719,0.3654209135522839,0.9090683460235596,2
100,1.0,500,15000,0.7293936547485186,0.33997734994337486,0.8618704676628113,2
100,1.0,1000,15000,0.7066245268141107,0.3279879199697999,0.8510751724243164,2
100,1.0,10,20000,0.7312688059635459,0.3280332200830502,0.8368114233016968,2
100,1.0,25,20000,0.824476012357013,0.38107965269913174,0.9346425533294678,2
100,1.0,50,20000,0.8407187168959284,0.36841072102680256,0.9188979864120483,2
100,1.0,100,20000,0.7891833678768577,0.36231030577576445,0.9021533131599426,2
100,1.0,250,20000,0.7874466916614719,0.3654209135522839,0.9090682864189148,2
100,1.0,500,20000,0.7293936547485186,0.33997734994337486,0.8618704080581665,2
100,1.0,1000,20000,0.7066245268141107,0.3279879199697999,0.8510751724243164,2
100,1.0,10,22000,0.0,1.0,,0
100,1.0,25,22000,0.0,1.0,,0
100,1.0,50,22000,0.0,1.0,,0
100,1.0,100,22000,0.0,1.0,,0
100,1.0,250,22000,0.0,1.0,,0
100,1.0,500,22000,0.0,1.0,,0
100,1.0,1000,22000,0.7066245268141107,0.3279879199697999,0.8510751128196716,2
