UMAP 1,UMAP 2,Cluster,Seq ID,Variant,Pango lineage,Collection date
24.832397,-16.193985,-1,EPI_ISL_1684472,Alpha,B.1.1.7,2021-04-04
24.613686,-15.975091,-1,EPI_ISL_2361279,Alpha,B.1.1.7,2021-05
24.879345,-16.818775,-1,EPI_ISL_1193407,Alpha,B.1.1,2021-03-03
23.738579,-16.225067,-1,EPI_ISL_2031120,Alpha,B.1.1.7,2021-03-09
-14.574431,-34.2288,-1,EPI_ISL_1098250,Alpha,B.1.1.7,2021-02-18
24.82449,-16.217243,-1,EPI_ISL_4081280,Alpha,B.1.1.7,2021-02
-0.8432226,-13.930939,-1,EPI_ISL_1591273,Alpha,B.1.1.7,2021-03-08
24.738663,-16.07668,-1,EPI_ISL_1696533,Alpha,B.1.1.7,2021-01-28
24.785484,-16.146889,-1,EPI_ISL_2046812,Alpha,B.1.1.7,2021-05-03
30.124924,-10.809533,-1,EPI_ISL_10146008,Alpha,B.1.1.7,2021-04-01
24.79321,-16.123363,-1,EPI_ISL_4026491,Alpha,B.1.1.7,2021-02-18
24.74636,-16.107828,-1,EPI_ISL_2760615,Alpha,B.1,2021-06-17
24.847942,-16.185963,-1,EPI_ISL_2604634,Alpha,B.1.1.7,2021-03-27
30.406147,-10.504837,-1,EPI_ISL_10149548,Alpha,B.1.1.7,2021-04-28
24.676193,-16.115858,-1,EPI_ISL_2597504,Alpha,B.1.1.7,2021-03-28
24.871101,-16.17024,-1,EPI_ISL_1683962,Alpha,B.1.1.7,2021-04-08
-0.3979888,-13.962409,-1,EPI_ISL_2482251,Alpha,B.1.1.7,2021-05-30
24.793335,-16.139235,-1,EPI_ISL_3671215,Alpha,B.1.1.7,2021-06-03
24.691711,-16.06116,-1,EPI_ISL_1842632,Alpha,B.1.1.7,2021-02-13
24.699417,-16.076763,-1,EPI_ISL_1307547,Alpha,B.1.1.7,2021-03-10
24.777641,-16.139233,-1,EPI_ISL_1681647,Alpha,B.1.1.7,2021-04-12
1.955492,-13.805862,-1,EPI_ISL_1506248,Alpha,B.1.1.7,2021-03-30
23.785446,-16.232872,-1,EPI_ISL_1304202,Alpha,B.1.1.7,2021-01-25
24.917831,-15.982801,-1,EPI_ISL_4378400,Alpha,B.1.1.7,2021-06-15
-14.597767,-34.21324,-1,EPI_ISL_11036528,Alpha,B.1.1.7,2021-08-02
1.7289982,-14.0400715,-1,EPI_ISL_1188617,Alpha,B.1.1.7,2021-02-25
-14.457354,-34.15075,-1,EPI_ISL_3497312,Alpha,B.1.1.7,2021-08-06
24.754066,-16.115725,-1,EPI_ISL_1643531,Alpha,B.1.1.7,2021-04-09
26.917683,-13.498234,-1,EPI_ISL_4174482,Alpha,B.1.1.7,2021-05-07
-15.394617,-34.36169,-1,EPI_ISL_11036678,Alpha,B.1.1.7,2021-09-20
24.698933,-16.037273,-1,EPI_ISL_2658851,Alpha,B.1.1.7,2021-04-20
24.699532,-16.060883,-1,EPI_ISL_3014496,Alpha,B.1.1.7,2021-04-14
23.894875,-16.131393,-1,EPI_ISL_3998651,Alpha,B.1.1.7,2021-05-17
23.816654,-16.209404,-1,EPI_ISL_2844231,Alpha,B.1.1.7,2021-06-10
1.7133913,-13.891785,-1,EPI_ISL_2695304,Alpha,B.1.1.7,2021-06-13
24.65284,-16.021923,-1,EPI_ISL_1753712,Alpha,B.1.1.7,2021-04-20
24.887062,-17.15468,-1,EPI_ISL_3087849,Alpha,B.1.1.7,2021-06-05
23.887112,-16.201567,-1,EPI_ISL_5937722,Alpha,B.1.1.7,2021-06-27
23.793465,-16.748602,-1,EPI_ISL_1842583,Alpha,B.1.1.7,2021-02-10
24.754192,-16.107779,-1,EPI_ISL_1576917,Alpha,B.1.1.7,2021-03-31
24.597916,-16.021912,-1,EPI_ISL_2583859,Alpha,B.1.1.7,2021-01-26
24.168201,-16.982796,-1,EPI_ISL_2635594,Alpha,B.1.1.7,2021-06-10
-0.43686867,-14.063866,-1,EPI_ISL_2605443,Alpha,B.1.1.7,2021-06-02
24.761913,-16.11561,-1,EPI_ISL_2608868,Alpha,B.1.1.7,2021-05-05
24.754353,-16.092194,-1,EPI_ISL_5199377,Alpha,B.1,2021-02-02
2.119709,-14.501019,-1,EPI_ISL_2343074,Alpha,B.1.1.7,2021-05-15
-1.0384712,-14.587325,-1,EPI_ISL_1803275,Alpha,B.1.1.7,2021-04-20
-0.4761896,-14.298346,-1,EPI_ISL_2097023,Alpha,B.1.1.7,2021-04-10
26.628754,-13.998213,-1,EPI_ISL_2090665,Alpha,B.1.1.7,2021-03-29
26.235111,-14.589605,-1,EPI_ISL_2508159,Alpha,B.1.1.7,2021-04-16
24.76995,-16.256401,-1,EPI_ISL_1621332,Alpha,B.1.1.7,2021-03-17
-0.5699215,-14.079524,-1,EPI_ISL_2501309,Alpha,B.1.1.7,2021-06-01
23.863384,-16.131222,-1,EPI_ISL_3022425,Alpha,B.1.1.7,2021-03-08
24.730885,-16.068878,-1,EPI_ISL_2184255,Alpha,B.1.1.7,2021-05-05
24.754303,-16.045341,-1,EPI_ISL_3014510,Alpha,B.1.1,2021-05-12
24.668362,-16.146908,-1,EPI_ISL_2597488,Alpha,B.1.1.7,2021-03-22
24.78537,-16.131287,-1,EPI_ISL_1602622,Alpha,B.1.1.7,2021-02-25
26.49588,-14.311077,-1,EPI_ISL_2645106,Alpha,B.1.1.7,2021-05-13
24.691696,-16.014069,-1,EPI_ISL_2258826,Alpha,B.1.1.7,2021-03-26
2.0494318,-13.797955,-1,EPI_ISL_1243698,Alpha,B.1.1.7,2021-03-01
24.746418,-16.092287,-1,EPI_ISL_2597610,Alpha,B.1.1.7,2021-04-21
23.81694,-16.279722,-1,EPI_ISL_2185380,Alpha,B.1.1.7,2021-05-06
24.69954,-16.154707,-1,EPI_ISL_1842276,Alpha,B.1.1.7,2021-02-01
-0.7732363,-13.985504,-1,EPI_ISL_2740947,Alpha,B.1.1.7,2021-03-31
2.1353188,-13.969751,-1,EPI_ISL_1636411,Alpha,B.1.1.7,2021-04-07
24.66816,-16.154676,-1,EPI_ISL_1964178,Alpha,B.1.1.7,2021-04-07
24.723057,-16.053228,-1,EPI_ISL_2566474,Alpha,B.1.1.7,2021-05-17
24.761917,-16.107727,-1,EPI_ISL_1335449,Alpha,B.1.1.7,2021-03-08
24.801048,-16.061066,-1,EPI_ISL_2875216,Alpha,B.1.1.7,2021-06-01
24.441933,-17.13136,-1,EPI_ISL_1929653,Alpha,B.1.1,2021-04-21
30.36726,-10.528246,-1,EPI_ISL_10145977,Alpha,B.1.1.7,2021-03-22
30.367233,-10.528254,-1,EPI_ISL_10145985,Alpha,B.1.1.7,2021-06-23
24.785454,-16.092133,-1,EPI_ISL_2604356,Alpha,B.1.1.7,2021-02-25
24.761982,-16.123352,-1,EPI_ISL_1798499,Alpha,B.1.1.7,2021-04-05
24.777542,-16.146769,-1,EPI_ISL_1592846,Alpha,B.1.1.7,2021-03-30
24.723015,-16.099918,-1,EPI_ISL_2375399,Alpha,B.1.1.7,2020-12-16
24.816845,-16.131344,-1,EPI_ISL_1598435,Alpha,B.1.1.7,2021-03-21
24.777557,-16.092228,-1,EPI_ISL_1195722,Alpha,B.1.1.7,2021-02-14
24.808212,-16.107384,-1,EPI_ISL_1185714,Alpha,B.1.1.7,2021-02-10
24.808662,-16.178259,-1,EPI_ISL_2363820,Alpha,B.1.1.7,2021-05-03
24.801132,-16.147102,-1,EPI_ISL_2046408,Alpha,B.1.1.7,2021-04-29
1.7600718,-13.735619,-1,EPI_ISL_2120715,Alpha,B.1.1.7,2021-05-06
24.777668,-16.154957,-1,EPI_ISL_1577316,Alpha,B.1.1.7,2021-02-14
24.722725,-15.998669,-1,EPI_ISL_15742050,Alpha,B.1.1.7,2021-06-23
24.777573,-16.232906,-1,EPI_ISL_1496734,Alpha,B.1.1.7,2021-01-29
23.769886,-16.271858,-1,EPI_ISL_2157679,Alpha,B.1.1.7,2021-03-16
24.70729,-16.08437,-1,EPI_ISL_1647622,Alpha,B.1.1.7,2021-04-06
1.8619032,-13.727638,-1,EPI_ISL_2262897,Alpha,B.1.1.7,2021-05-08
24.730831,-16.115654,-1,EPI_ISL_1718299,Alpha,B.1.1.7,2021-03-18
24.777573,-16.154804,-1,EPI_ISL_3453511,Alpha,B.1.1.7,2021-03-30
23.941582,-16.912464,-1,EPI_ISL_1157160,Alpha,B.1.1.7,2021-01-15
24.785278,-16.029821,-1,EPI_ISL_1658215,Alpha,B.1.1,2021-04-05
1.838769,-14.079445,-1,EPI_ISL_1108818,Alpha,B.1.1.7,2021-02-10
24.668339,-16.108013,-1,EPI_ISL_2016199,Alpha,B.1.1.7,2021-04
24.785568,-16.18583,-1,EPI_ISL_1306925,Alpha,B.1.1.7,2021-03-13
24.51196,-17.146915,-1,EPI_ISL_3671136,Alpha,B.1.1.7,2021-06-01
24.761837,-16.170498,-1,EPI_ISL_1307509,Alpha,B.1.1.7,2021-03-10
24.78558,-16.225117,-1,EPI_ISL_3502513,Alpha,B.1.1.7,2021-05-18
1.8072414,-13.954184,-1,EPI_ISL_989120,Alpha,B.1.1.7,2021-01-30
24.754139,-16.076502,-1,EPI_ISL_2597642,Alpha,B.1.1.7,2021-04-29
24.691818,-16.084526,-1,EPI_ISL_2031126,Alpha,B.1.1.7,2021-03-10
24.816792,-16.178326,-1,EPI_ISL_2507469,Alpha,B.1.1.7,2021-03-24
24.73856,-16.092361,-1,EPI_ISL_1240764,Alpha,B.1.1.7,2021-02-27
24.691727,-16.795387,-1,EPI_ISL_2258870,Alpha,B.1.1.7,2021-03-16
2.0727382,-14.063694,-1,EPI_ISL_2923292,Alpha,B.1.1.7,2021-06-01
-0.5307083,-14.110824,-1,EPI_ISL_1564764,Alpha,B.1.1.7,2021-04-05
24.76213,-16.131277,-1,EPI_ISL_17113526,Alpha,B.1.1.7,2021-04-05
24.66846,-16.037447,-1,EPI_ISL_1684766,Alpha,Q.3,2021-04-07
24.769913,-16.100014,-1,EPI_ISL_2110504,Alpha,B.1.1.7,2021-04-12
-0.63048196,-13.703678,-1,EPI_ISL_2389061,Alpha,B.1.1.7,2021-05-17
24.770111,-16.045439,-1,EPI_ISL_1753758,Alpha,B.1.1.7,2021-04-19
24.301147,-16.896917,-1,EPI_ISL_2185038,Alpha,B.1.1.7,2021-05-03
24.77008,-16.092335,-1,EPI_ISL_3388697,Alpha,B.1.1.7,2021-04-24
24.058826,-16.975132,-1,EPI_ISL_2608903,Alpha,B.1.1.7,2021-03-06
2.1276407,-14.212004,-1,EPI_ISL_2021542,Alpha,B.1.1.7,2021-05-03
24.738602,-16.123402,-1,EPI_ISL_1643607,Alpha,B.1.1.7,2021-04-09
24.652649,-16.092424,-1,EPI_ISL_1846326,Alpha,B.1.1.7,2021-03-29
24.800957,-16.951504,-1,EPI_ISL_1753685,Alpha,B.1.1.7,2021-04-19
24.769718,-16.11575,-1,EPI_ISL_4093668,Alpha,B.1.1.7,2021-06-29
24.972565,-16.170189,-1,EPI_ISL_2305764,Alpha,B.1.526,2021-05-10
24.676296,-16.982746,-1,EPI_ISL_2090651,Alpha,B.1.1.7,2021-03-16
24.762241,-16.123447,-1,EPI_ISL_2658841,Alpha,B.1.177.86,2021-04-22
26.175507,-14.708065,-1,EPI_ISL_2604464,Alpha,B.1.1.7,2021-02-26
24.676018,-16.178064,-1,EPI_ISL_1302738,Alpha,B.1.1.7,2021-03-08
24.777634,-16.115719,-1,EPI_ISL_2594893,Alpha,B.1.1.7,2020-11-19
24.558903,-16.068716,-1,EPI_ISL_1307396,Alpha,B.1.1.7,2021-03-10
24.73859,-16.092402,-1,EPI_ISL_2110508,Alpha,B.1.177,2021-04-12
27.281021,-13.485376,-1,EPI_ISL_3671072,Alpha,B.1.1.7,2021-06-02
24.746677,-16.123407,-1,EPI_ISL_1501009,Alpha,B.1.1.7,2021-01-29
27.941483,-13.051232,-1,EPI_ISL_3745441,Alpha,B.1.1.7,2021-07-13
23.754318,-16.18595,-1,EPI_ISL_2476397,Alpha,B.1.1.7,2021-05-03
27.09719,-13.295349,-1,EPI_ISL_4174484,Alpha,B.1.1.7,2021-05-07
26.226742,-14.663382,-1,EPI_ISL_1914602,Alpha,B.1.1,2020-12-16
-14.582269,-34.30703,-1,EPI_ISL_3058159,Alpha,B.1.1.7,2021-06-17
-0.92917347,-14.508967,-1,EPI_ISL_4533539,Alpha,B.1.1.7,2021-01-12
24.715126,-16.045633,-1,EPI_ISL_1153232,Alpha,B.1.1.7,2021-02-25
23.840199,-16.631496,-1,EPI_ISL_3388679,Alpha,B.1.1.7,2021-06-24
24.777771,-16.154873,-1,EPI_ISL_1841663,Alpha,B.1.1.7,2021-02-12
-0.8667469,-14.384335,-1,EPI_ISL_2454083,Alpha,B.1.1.7,2021-03-17
-14.972653,-34.095886,-1,EPI_ISL_2673783,Alpha,B.1.1.7,2021-05-22
24.754265,-16.068947,-1,EPI_ISL_2305344,Alpha,B.1.1.7,2021-05-15
2.2278519,-13.705557,-1,EPI_ISL_1731080,Alpha,B.1.1.7,2021-02-11
1.7759318,-13.962046,-1,EPI_ISL_2885511,Alpha,B.1.1.7,2021-06-30
23.98854,-16.146961,-1,EPI_ISL_1533645,Alpha,B.1.1.7,2021-03-01
-13.8404255,-33.517914,-1,EPI_ISL_1798651,Alpha,B.1.1,2021-04-11
24.75409,-16.100151,-1,EPI_ISL_1669789,Alpha,B.1.1.7,2021-03
-0.81210804,-14.329386,-1,EPI_ISL_3192905,Alpha,B.1.1.7,2021-05-20
24.62933,-17.100035,-1,EPI_ISL_2981870,Alpha,B.1.1.7,2021-07-05
1.916502,-13.891577,-1,EPI_ISL_1454350,Alpha,B.1.1.7,2021-03-11
24.730682,-16.139198,-1,EPI_ISL_2046608,Alpha,B.1.1.7,2021-05-01
24.816704,-16.131258,-1,EPI_ISL_1638645,Alpha,B.1.1.7,2021-03-09
24.808426,-16.045372,-1,EPI_ISL_15916201,Alpha,B.1.1.7,2021-03-20
24.722824,-16.131195,-1,EPI_ISL_2341364,Alpha,B.1.1,2021-04-07
30.382889,-10.520451,-1,EPI_ISL_10145981,Alpha,B.1.1.7,2021-06-14
24.754166,-16.068823,-1,EPI_ISL_2506786,Alpha,B.1.1.7,2021-03-17
-0.64008427,-14.048348,-1,EPI_ISL_2206603,Alpha,B.1.1.7,2021-04-26
24.69178,-16.201618,-1,EPI_ISL_2604781,Alpha,B.1.1.7,2021-04-12
30.187702,-10.731449,-1,EPI_ISL_10145997,Alpha,B.1.1.7,2021-03-31
24.78569,-16.061085,-1,EPI_ISL_2246593,Alpha,B.1.1.7,2021-04-18
23.871239,-16.38911,-1,EPI_ISL_3022611,Alpha,B.1.1.7,2021-04-19
2.174336,-13.868378,-1,EPI_ISL_17113454,Alpha,B.1.1.7,2021-07-21
24.761963,-16.15483,-1,EPI_ISL_2258987,Alpha,B.1.1.7,2021-03-10
24.769703,-16.13919,-1,EPI_ISL_1307622,Alpha,B.1,2021-03-11
24.629128,-16.108065,-1,EPI_ISL_2448454,Alpha,B.1.1.7,2021-04-24
24.762066,-16.81095,-1,EPI_ISL_2442297,Alpha,B.1.1.7,2021-04-10
-0.53858376,-14.102816,-1,EPI_ISL_2966679,Alpha,B.1.1.7,2021-06-30
24.691643,-16.099957,-1,EPI_ISL_1197354,Alpha,B.1.1.7,2021-02-10
24.738686,-16.099997,-1,EPI_ISL_2179774,Alpha,B.1.1.7,2021-04-25
24.707436,-16.060953,-1,EPI_ISL_1497003,Alpha,B.1.1.7,2021-02-09
24.808395,-16.0528,-1,EPI_ISL_1761039,Alpha,B.1.1.7,2021-03-06
24.81683,-16.139,-1,EPI_ISL_1483097,Alpha,B.1.1.7,2021-03-12
24.793,-16.076458,-1,EPI_ISL_2658818,Alpha,B.1.1.7,2021-04-23
1.5649452,-14.28237,-1,EPI_ISL_1658807,Alpha,B.1.1.7,2021-04-06
26.31456,-14.568699,-1,EPI_ISL_1013755,Alpha,B.1.1.7,2021-02-02
24.683792,-15.990623,-1,EPI_ISL_2344210,Alpha,B.1.1.7,2021-05-08
30.711632,-10.215942,-1,EPI_ISL_10149547,Alpha,B.1.1.7,2021-04-30
24.723026,-16.060966,-1,EPI_ISL_2324404,Alpha,B.1.1.7,2021-05-09
24.769905,-16.076496,-1,EPI_ISL_1577233,Alpha,B.1.1.7,2021-02-15
30.195393,-10.708038,-1,EPI_ISL_10146029,Alpha,B.1.1.7,2021-06-19
24.606007,-17.146982,-1,EPI_ISL_2604657,Alpha,B.1.1.7,2021-03-30
24.738487,-16.146996,-1,EPI_ISL_2638063,Alpha,B.1.1.7,2021-05-12
1.6430779,-13.797991,-1,EPI_ISL_1788205,Alpha,B.1.1.7,2021-03-23
24.746414,-16.060987,-1,EPI_ISL_1197355,Alpha,B.1.1.7,2021-02-11
24.785488,-16.092321,-1,EPI_ISL_1470388,Alpha,B.1.1.7,2021-03-12
23.88723,-16.826656,-1,EPI_ISL_2604512,Alpha,B.1.1.7,2021-04-05
24.65255,-16.154793,-1,EPI_ISL_2031020,Alpha,B.1.1.7,2021-02-22
24.84726,-16.115501,-1,EPI_ISL_1657739,Alpha,B.1.1.7,2020-12-16
24.754257,-16.107857,-1,EPI_ISL_5155829,Alpha,B.1.1.7,2021-04-09
-31.625565,-16.08446,-1,EPI_ISL_4138838,Alpha,B.1.1.7,2021-08-04
-0.51498747,-14.102808,-1,EPI_ISL_2423084,Alpha,B.1.1.7,2021-05-06
24.738506,-16.060825,-1,EPI_ISL_2708955,Alpha,B.1.1.7,2021-06-13
26.137287,-14.642254,-1,EPI_ISL_3873613,Alpha,B.1.1.7,2021-07-13
24.78468,-16.10021,-1,EPI_ISL_1625642,Alpha,B.1.1.7,2021-04-06
24.808815,-16.154707,-1,EPI_ISL_2658802,Alpha,B.1.177,2021-04-23
24.683773,-16.771915,-1,EPI_ISL_2508241,Alpha,B.1.1.7,2021-04-22
24.488708,-16.06869,-1,EPI_ISL_2188585,Alpha,B.1.1.7,2021-04-28
24.730816,-17.021778,-1,EPI_ISL_2691934,Alpha,B.1.1.7,2021-05-17
24.769844,-16.100126,-1,EPI_ISL_5156178,Alpha,B.1.1.7,2021-04-02
24.840279,-16.14685,-1,EPI_ISL_2604600,Alpha,B.1.1.7,2021-03-18
24.746487,-16.12356,-1,EPI_ISL_2258673,Alpha,B.1.1.7,2021-02-28
24.746418,-16.12342,-1,EPI_ISL_7079460,Alpha,B.1.1.7,2021-05-11
1.9711499,-13.844847,-1,EPI_ISL_1706582,Alpha,B.1.1.7,2021-04-14
-14.69166,-35.244427,-1,EPI_ISL_1802084,Alpha,B.1.1.7,2021-04-14
24.051167,-16.318907,-1,EPI_ISL_1197323,Alpha,B.1.1,2021-02-12
23.5979,-16.18605,-1,EPI_ISL_1549196,Alpha,B.1,2021-03-16
24.730873,-16.084497,-1,EPI_ISL_1811029,Alpha,B.1.1.7,2021-04-19
24.769981,-16.115643,-1,EPI_ISL_4376697,Alpha,B.1.411,2021-04-30
24.254173,-15.990511,-1,EPI_ISL_1638652,Alpha,B.1.1.7,2021-03-08
24.683998,-16.115767,-1,EPI_ISL_1153179,Alpha,B.1.1.7,2021-02-25
24.676105,-16.045143,-1,EPI_ISL_1073753,Alpha,B.1.1.7,2021-02-08
-0.5152335,-14.134444,-1,EPI_ISL_2333325,Alpha,B.1.1.7,2021-04-29
24.76204,-16.076593,-1,EPI_ISL_3020779,Alpha,B.1.1.7,2021-06-04
23.84805,-16.631315,-1,EPI_ISL_3014721,Alpha,B.1.1.7,2021-03-28
27.027168,-13.545059,-1,EPI_ISL_2662981,Alpha,B.1.1.7,2021-05-19
1.5648456,-13.782272,-1,EPI_ISL_1345834,Alpha,B.1.1.7,2021-03-14
24.793213,-16.217224,-1,EPI_ISL_2246735,Alpha,B.1.1.7,2021-04-19
-0.49938965,-14.470207,-1,EPI_ISL_1520868,Alpha,B.1.1.7,2021-03-01
24.043335,-16.615896,-1,EPI_ISL_1501119,Alpha,Q.4,2021-03-01
24.04319,-16.443775,-1,EPI_ISL_2361272,Alpha,B.1.1.7,2021-05
24.832397,-16.170528,-1,EPI_ISL_1842698,Alpha,B.1.1.7,2021-03-08
24.707336,-16.092253,-1,EPI_ISL_3411897,Alpha,B.1.1.7,2021-04-06
26.347107,-14.244368,-1,EPI_ISL_1321732,Alpha,B.1.1.7,2021-02-22
24.800995,-16.865768,-1,EPI_ISL_4430017,Alpha,B.1.1.7,2021-06-10
24.754318,-16.092316,-1,EPI_ISL_2363910,Alpha,B.1.1.7,2021-05-01
24.582352,-17.139053,-1,EPI_ISL_1612542,Alpha,B.1,2021-04-03
2.0335546,-14.250938,-1,EPI_ISL_1817569,Alpha,B.1.1.7,2021-04
24.769897,-16.10023,-1,EPI_ISL_10146010,Alpha,B.1.1.7,2021-05-01
24.785397,-16.217457,-1,EPI_ISL_1501055,Alpha,B.1.1.7,2021-02-18
24.949348,-16.857986,-1,EPI_ISL_2340546,Alpha,B.1.1.7,2021-03-17
28.888985,-10.176727,-1,EPI_ISL_13571078,Alpha,B.1.1.7,2021-04-08
24.70729,-16.13116,-1,EPI_ISL_8189512,Alpha,B.1.1.7,2021-06-06
23.769905,-16.279736,-1,EPI_ISL_2185488,Alpha,B.1.1.7,2021-05-09
24.004189,-16.896912,-1,EPI_ISL_1064002,Alpha,B.1.1.7,2021-02-12
24.762054,-16.092033,-1,EPI_ISL_2467910,Alpha,B.1.1.7,2021-02-28
26.785717,-13.79577,-1,EPI_ISL_3671196,Alpha,B.1.1.7,2021-06-01
23.90244,-16.693668,-1,EPI_ISL_2597638,Alpha,B.1.1.7,2021-04-28
24.69165,-16.154835,-1,EPI_ISL_2507899,Alpha,B.1.1.7,2021-04-09
24.809006,-16.186192,-1,EPI_ISL_1402372,Alpha,B.1.1.7,2021-02-25
24.316471,-16.826519,-1,EPI_ISL_2597629,Alpha,B.1.1.7,2021-04-27
24.777588,-16.115547,-1,EPI_ISL_2450934,Alpha,B.1.1.7,2021-05-05
24.871567,-16.209682,-1,EPI_ISL_1842469,Alpha,B.1.1,2021-02-01
-1.0230994,-14.040544,-1,EPI_ISL_1186853,Alpha,B.1.1.7,2021-02-28
24.847435,-16.131292,-1,EPI_ISL_2375097,Alpha,B.1.1.7,2021-05-16
24.762138,-16.131353,-1,EPI_ISL_2385073,Alpha,B.1.1.7,2021-01-13
24.754246,-16.084263,-1,EPI_ISL_3014872,Alpha,B.1.1.7,2021-05-25
24.70731,-16.08444,-1,EPI_ISL_1240760,Alpha,B.1.1.7,2021-02-26
24.707405,-16.084509,-1,EPI_ISL_2346348,Alpha,B.1.1.7,2021-05-11
24.746357,-16.068676,-1,EPI_ISL_3023233,Alpha,B.1.1.7,2021-04-14
23.73846,-16.311005,-1,EPI_ISL_7604388,Alpha,B.1.1.7,2021-02-03
23.7541,-16.27964,-1,EPI_ISL_2179768,Alpha,B.1.1.7,2021-04-26
24.79314,-16.162651,-1,EPI_ISL_2307467,Alpha,B.1.1,2021-04-30
24.730785,-16.04536,-1,EPI_ISL_17113327,Alpha,B.1.1.7,2021-03-30
24.777641,-16.115612,-1,EPI_ISL_1799052,Alpha,B.1.1.7,2021-04-16
24.753918,-15.975216,-1,EPI_ISL_1362258,Alpha,B.1.1,2021-02-24
24.69162,-15.998352,-1,EPI_ISL_1335561,Alpha,B.1.1.7,2021-03-08
24.79319,-16.11575,-1,EPI_ISL_4348200,Alpha,B.1.1.7,2021-04-29
24.730743,-17.178102,-1,EPI_ISL_1970579,Alpha,B.1.1.7,2021-04-29
24.80909,-16.170414,-1,EPI_ISL_1297165,Alpha,B.1.1.7,2021-03-11
24.004189,-16.857807,-1,EPI_ISL_1197169,Alpha,B.1.1.7,2021-02-09
24.73074,-16.115494,-1,EPI_ISL_1306807,Alpha,B.1.1.7,2021-03-13
24.730831,-16.09237,-1,EPI_ISL_1841685,Alpha,B.1.1.7,2021-02-14
24.691761,-16.076515,-1,EPI_ISL_1621356,Alpha,B.1.1.7,2021-03-15
24.80886,-16.240658,-1,EPI_ISL_2506254,Alpha,B.1.1.7,2021-03-09
30.374958,-10.567397,-1,EPI_ISL_10145999,Alpha,B.1.1.7,2021-04-23
24.70731,-16.154686,-1,EPI_ISL_1640636,Alpha,B.1.1.7,2021-03-07
23.793194,-16.74858,-1,EPI_ISL_3014485,Alpha,B.1.1.7,2021-06-01
24.73069,-16.037357,-1,EPI_ISL_2862771,Alpha,B.1.1.7,2021-06-17
1.4866915,-14.000996,-1,EPI_ISL_1412816,Alpha,B.1.1.7,2021-03-22
1.5414748,-13.774395,-1,EPI_ISL_2609995,Alpha,B.1.1.7,2021-05-27
24.668251,-16.123491,-1,EPI_ISL_1240761,Alpha,B.1.1.7,2021-02-26
24.691574,-16.115717,-1,EPI_ISL_5156706,Alpha,B.1.1.7,2021-04-02
24.730762,-16.08454,-1,EPI_ISL_2185197,Alpha,B.1.1.7,2021-05-06
-14.613452,-34.220932,-1,EPI_ISL_1627570,Alpha,B.1.1,2021-02-08
24.777813,-16.092287,-1,EPI_ISL_3532504,Alpha,B.1.1.7,2021-03-24
24.730888,-16.092117,-1,EPI_ISL_2398061,Alpha,B.1.1.7,2021-05-21
24.574509,-17.256329,-1,EPI_ISL_3242423,Alpha,B.1.1.7,2021-05-28
-14.621174,-35.064796,-1,EPI_ISL_3091093,Alpha,B.1.1.7,2021-04-22
24.793335,-16.311058,-1,EPI_ISL_2031060,Alpha,B.1.1.7,2021-03-04
23.566639,-16.381432,-1,EPI_ISL_1080819,Alpha,B.1.1.7,2021-02-10
24.754417,-16.068884,-1,EPI_ISL_2046257,Alpha,B.1.1.7,2021-04-28
24.793335,-16.154945,-1,EPI_ISL_2100545,Alpha,B.1.1.7,2021-04
24.074451,-16.928047,-1,EPI_ISL_1524627,Alpha,B.1.1.7,2021-03-17
24.707344,-16.170383,-1,EPI_ISL_2597497,Alpha,B.1.1.7,2021-03-28
24.082405,-16.740788,-1,EPI_ISL_1013732,Alpha,B.1.1.7,2021-01-25
-0.4134364,-14.227842,-1,EPI_ISL_2618746,Alpha,B.1.1.7,2021-05-22
24.824814,-16.178032,-1,EPI_ISL_2608464,Alpha,B.1.1.7,2021-03-01
1.5885079,-14.289972,-1,EPI_ISL_2471739,Alpha,B.1.1.7,2021-05-26
24.699593,-16.02204,-1,EPI_ISL_2246638,Alpha,B.1.1.7,2021-04-02
24.519848,-17.28757,-1,EPI_ISL_13838094,Alpha,B.1.1.7,2021-07-21
24.839447,-16.170006,-1,EPI_ISL_1576887,Alpha,B.1.1.7,2021-04-01
1.6977291,-13.735527,-1,EPI_ISL_1410784,Alpha,B.1.1.7,2021-03-20
-0.43706512,-13.9778805,-1,EPI_ISL_1741544,Alpha,B.1.1.7,2021-04-17
24.668266,-17.021845,-1,EPI_ISL_1533647,Alpha,B.1,2021-03-01
23.79353,-16.162792,-1,EPI_ISL_2017572,Alpha,B.1.1.7,2021-03-03
1.9398737,-13.852577,-1,EPI_ISL_1509756,Alpha,B.1.1.7,2021-03-24
2.0414715,-13.81381,-1,EPI_ISL_2141071,Alpha,B.1.1.7,2021-04
24.77761,-16.146818,-1,EPI_ISL_1753756,Alpha,B.1.1.7,2021-04-19
24.73088,-17.170437,-1,EPI_ISL_1842679,Alpha,B.1.1.7,2021-03-09
24.777615,-16.06884,-1,EPI_ISL_3065370,Alpha,B.1.1.7,2021-06-28
24.769875,-16.045452,-1,EPI_ISL_2047931,Alpha,B.1.1.7,2021-04-01
24.785622,-16.201656,-1,EPI_ISL_5095160,Alpha,B.1.1.7,2021-06-17
24.816586,-16.02967,-1,EPI_ISL_1568552,Alpha,B.1.1.7,2021-02-27
24.761875,-16.146984,-1,EPI_ISL_1920200,Alpha,B.1.1.7,2021-04-17
23.769981,-16.21727,-1,EPI_ISL_5155951,Alpha,B.1.1.7,2021-04-07
-0.6167412,-14.462263,-1,EPI_ISL_6510697,Alpha,B.1.1.7,2021-05-09
2.0025344,-13.797962,-1,EPI_ISL_2343116,Alpha,B.1.1.7,2021-05-16
2.041552,-14.15727,-1,EPI_ISL_909209,Alpha,B.1.1.7,2021-01-15
24.769802,-16.10783,-1,EPI_ISL_3020572,Alpha,B.1.1.7,2021-05-19
30.375038,-10.528188,-1,EPI_ISL_10149545,Alpha,B.1.1.7,2021-03-24
30.28128,-10.614232,-1,EPI_ISL_10146026,Alpha,B.1.1.7,2021-06-29
24.831955,-16.092178,-1,EPI_ISL_2658463,Alpha,B.1,2021-04-17
24.808918,-16.076475,-1,EPI_ISL_2203008,Alpha,B.1.1.7,2021-04-20
27.390831,-13.251371,-1,EPI_ISL_2800338,Alpha,B.1.1.7,2021-06-12
24.832237,-16.193724,-1,EPI_ISL_2030996,Alpha,B.1.1.7,2021-02-23
27.535084,-13.270051,-1,EPI_ISL_1533683,Alpha,B.1.1.7,2021-03-16
24.715103,-16.068832,-1,EPI_ISL_2422407,Alpha,B.1.1.7,2021-05-31
24.755104,-16.108234,-1,EPI_ISL_2257533,Alpha,B.1.1.7,2021-03-31
23.801117,-16.49073,-1,EPI_ISL_1804835,Alpha,B.1.1.7,2021-04-21
24.676048,-16.873444,-1,EPI_ISL_2644911,Alpha,B.1.1.7,2021-05-05
24.77758,-16.146803,-1,EPI_ISL_17113520,Alpha,B.1.1.7,2021-03-27
24.777618,-16.1702,-1,EPI_ISL_2448403,Alpha,B.1.1.7,2021-04-16
24.722954,-16.0999,-1,EPI_ISL_14690231,Alpha,B.1.1.7,2020
24.754135,-16.092026,-1,EPI_ISL_13571154,Alpha,B.1.1.7,2021-04-08
-0.6010909,-14.01695,-1,EPI_ISL_4200513,Alpha,B.1.1.7,2021-06-29
24.832542,-16.146664,-1,EPI_ISL_3411849,Alpha,B.1.1.7,2021-03-30
24.652763,-16.092342,-1,EPI_ISL_3020721,Alpha,B.1.1.7,2021-06-01
1.9713259,-14.055494,-1,EPI_ISL_1108709,Alpha,B.1.1.7,2021-02-09
24.129303,-16.513956,-1,EPI_ISL_1684496,Alpha,B.1.1.7,2021-04-04
24.769806,-16.178074,-1,EPI_ISL_10146014,Alpha,B.1.1.7,2021-04-01
-0.5228276,-14.10314,-1,EPI_ISL_1851477,Alpha,B.1.1.7,2021-04-24
24.902641,-16.725206,-1,EPI_ISL_1804833,Alpha,B.1.1.7,2021-04-22
-0.78861475,-14.001425,-1,EPI_ISL_1904525,Alpha,B.1.1.7,2021-03-12
23.7543,-16.451643,-1,EPI_ISL_1336799,Alpha,B.1.1.7,2021-03
24.79287,-16.09213,-1,EPI_ISL_2872843,Alpha,B.1.1.7,2021-06-15
24.79321,-16.139027,-1,EPI_ISL_1576938,Alpha,B.1.1,2021-04-05
24.71521,-16.084293,-1,EPI_ISL_4205935,Alpha,B.1.1.7,2021-07-09
24.613632,-17.256363,-1,EPI_ISL_2031053,Alpha,B.1.1.7,2021-03-04
23.988838,-16.131332,-1,EPI_ISL_1496735,Alpha,B.1.1.7,2021-02-09
24.754166,-16.060907,-1,EPI_ISL_1841811,Alpha,B.1.1.7,2021-01-29
24.81678,-16.193886,-1,EPI_ISL_2647406,Alpha,B.1.1.7,2021-05-20
24.81673,-16.209478,-1,EPI_ISL_3502647,Alpha,B.1.1.7,2021-05-05
24.621399,-17.029865,-1,EPI_ISL_1970401,Alpha,Q.8,2021-04-28
1.7211881,-13.719673,-1,EPI_ISL_2104530,Alpha,B.1.1.7,2021-05-01
24.019814,-16.850101,-1,EPI_ISL_12388279,Alpha,B.1.1.7,2021-04-25
1.8227882,-14.079189,-1,EPI_ISL_2388712,Alpha,B.1.1.7,2021-05-19
2.1196976,-13.961956,-1,EPI_ISL_1187972,Alpha,B.1.1.7,2021-02-26
2.0962057,-13.782418,-1,EPI_ISL_2672431,Alpha,B.1.1.7,2021-06-05
24.769897,-16.115551,-1,EPI_ISL_5156179,Alpha,B.1.1.7,2021-04-06
-0.52279186,-14.196681,-1,EPI_ISL_2792797,Alpha,B.1.1.7,2021-06-12
2.1821566,-13.751055,-1,EPI_ISL_3509207,Alpha,B.1.1.7,2021-05-30
-0.63237333,-14.165451,-1,EPI_ISL_2037713,Alpha,B.1.1.7,2021-04-07
24.777573,-16.217213,-1,EPI_ISL_1335469,Alpha,B.1.1.7,2021-03-09
24.340118,-17.03761,-1,EPI_ISL_2258533,Alpha,B.1.1.7,2021-03-22
24.777504,-16.178236,-1,EPI_ISL_2031121,Alpha,B.1.1.7,2021-03-09
24.754173,-16.06869,-1,EPI_ISL_3020574,Alpha,B.1.1.7,2021-05-17
24.793262,-16.185928,-1,EPI_ISL_1321639,Alpha,B.1,2021-02-01
24.839485,-16.138737,-1,EPI_ISL_2150706,Alpha,B.1.1.7,2021-04-24
1.619709,-13.696262,-1,EPI_ISL_1208316,Alpha,B.1.1.7,2021-02-26
24.769867,-16.178236,-1,EPI_ISL_1902379,Alpha,B.1.1.7,2021-04-01
24.363533,-17.248526,-1,EPI_ISL_1129507,Alpha,B.1.1.7,2021-01-09
24.722954,-16.139206,-1,EPI_ISL_2257528,Alpha,B.1.1.7,2021-03-30
24.754345,-16.100098,-1,EPI_ISL_1214635,Alpha,B.1.1.7,2021-02-25
24.722908,-16.021875,-1,EPI_ISL_1970588,Alpha,B.1.1.7,2021-04-28
24.69168,-16.021976,-1,EPI_ISL_1335559,Alpha,B.1.1.7,2021-03-08
24.730701,-16.115664,-1,EPI_ISL_1481183,Alpha,B.1.1.7,2021-03-03
24.668568,-17.131369,-1,EPI_ISL_1195212,Alpha,B.1.1.7,2021-02-19
24.47285,-17.209423,-1,EPI_ISL_2508257,Alpha,B.1.1.7,2021-04-21
24.778542,-16.147099,-1,EPI_ISL_1172244,Alpha,B.1.1,2021-02-23
24.762127,-16.08442,-1,EPI_ISL_2258884,Alpha,B.1.1.7,2021-03-19
24.707283,-16.076572,-1,EPI_ISL_2046212,Alpha,B.1.1.7,2021-04-28
24.762138,-16.092323,-1,EPI_ISL_1350210,Alpha,B.1.1.7,2021-02-24
24.761963,-16.115715,-1,EPI_ISL_1638663,Alpha,B.1.1.7,2021-03-10
24.754189,-16.092264,-1,EPI_ISL_1931319,Alpha,B.1.1.7,2021-04-20
24.723083,-16.068897,-1,EPI_ISL_2505628,Alpha,B.1.1.7,2021-03-03
24.777767,-16.107647,-1,EPI_ISL_1089491,Alpha,B.1.1.7,2021-02-05
24.776806,-16.12346,-1,EPI_ISL_2450916,Alpha,B.1.1.7,2021-05-05
1.8539166,-13.712084,-1,EPI_ISL_1295075,Alpha,B.1.1.7,2021-03-03
1.7680535,-13.7902565,-1,EPI_ISL_8675709,Alpha,B.1.1.7,2021-06-22
24.668148,-16.02969,-1,EPI_ISL_3502698,Alpha,B.1.1.7,2021-05-28
24.746307,-16.10784,-1,EPI_ISL_1403882,Alpha,B,2021-03-10
23.902721,-16.201626,-1,EPI_ISL_2410132,Alpha,B.1.1.7,2021-02-10
24.69941,-16.021896,-1,EPI_ISL_10146007,Alpha,B.1.1.7,2021-04-01
-0.5854044,-14.001449,-1,EPI_ISL_1383290,Alpha,B.1.1,2021-01-24
24.433994,-17.108,-1,EPI_ISL_2095166,Alpha,B.1,2021-03-26
26.23077,-14.613249,-1,EPI_ISL_3671095,Alpha,B.1.1.7,2021-06-01
30.398678,-10.551828,-1,EPI_ISL_10146006,Alpha,B.1.1.7,2021-04-01
2.1195297,-13.96216,-1,EPI_ISL_1246714,Alpha,B.1.1.7,2021-03-01
26.598629,-14.093584,-1,EPI_ISL_2632204,Alpha,B.1.1.7,2021-06-02
24.824501,-16.186,-1,EPI_ISL_2020086,Alpha,B.1.1.7,2021-04-08
1.7836566,-14.079102,-1,EPI_ISL_1351995,Alpha,B.1.1.7,2021-03-10
24.801105,-16.209396,-1,EPI_ISL_2031123,Alpha,B.1.1.7,2021-03-09
24.816032,-16.076298,-1,EPI_ISL_1657740,Alpha,B.1.1.7,2020-12-16
24.769737,-16.154694,-1,EPI_ISL_10145984,Alpha,B.1.1.7,2021-06-08
24.94123,-16.123512,-1,EPI_ISL_10329628,Alpha,B.1.1.7,2021-04-27
24.769855,-16.107918,-1,EPI_ISL_3411000,Alpha,B.1.1.7,2021-08-05
-0.61656284,-14.251404,-1,EPI_ISL_2535494,Alpha,B.1.1.7,2021-05-25
24.809105,-16.139088,-1,EPI_ISL_1928535,Alpha,B.1.1.7,2021-04-23
-0.6478343,-14.2279825,-1,EPI_ISL_3598304,Alpha,B.1.1.7,2021-04-10
24.832474,-16.146818,-1,EPI_ISL_1433432,Alpha,B.1.1.7,2021-02-23
24.793251,-16.15479,-1,EPI_ISL_2031113,Alpha,B.1.1.7,2021-03-09
30.12519,-10.817344,-1,EPI_ISL_3910621,Alpha,B.1.1.7,2021-04-26
24.793388,-16.131311,-1,EPI_ISL_2506442,Alpha,B.1.1.7,2021-03-12
24.746307,-16.013908,-1,EPI_ISL_1307068,Alpha,B.1,2021-03-09
24.855927,-16.975052,-1,EPI_ISL_2257465,Alpha,B.1.1.7,2021-03-30
24.941933,-16.295282,-1,EPI_ISL_3023244,Alpha,B.1.1.7,2021-04-14
24.722897,-16.068943,-1,EPI_ISL_2031026,Alpha,B.1.1.7,2021-02-22
24.543121,-16.02203,-1,EPI_ISL_8628653,Alpha,B.1.1.7,2021-03-01
26.910511,-13.670738,-1,EPI_ISL_3925283,Alpha,B.1.1.7,2021-07-27
30.250122,-10.692425,-1,EPI_ISL_10149565,Alpha,B.1.1.7,2021-06-04
-0.53089714,-14.048294,-1,EPI_ISL_1345410,Alpha,B.1.1.7,2021-03-15
29.00526,-9.590759,-1,EPI_ISL_2608453,Alpha,B.1.1.7,2021-03-02
24.754246,-16.076626,-1,EPI_ISL_2658848,Alpha,B.1.1.7,2021-04-19
24.793167,-16.107746,-1,EPI_ISL_2645021,Alpha,B.1.1.7,2021-05-12
24.76971,-16.099974,-1,EPI_ISL_2508105,Alpha,B.1.1.7,2021-04-13
24.816818,-16.146975,-1,EPI_ISL_1842478,Alpha,B.1.1.7,2021-02-02
23.82454,-16.131327,-1,EPI_ISL_2981492,Alpha,B.1.1.7,2021-06-15
24.785545,-16.061033,-1,EPI_ISL_5199397,Alpha,B.1.1.7,2021-01-19
30.132847,-10.762443,-1,EPI_ISL_10146027,Alpha,B.1.1.7,2021-06-19
10.56176,-11.9129925,-1,EPI_ISL_2210784,Alpha,B.1.1.7,2021-02-18
26.244347,-14.474231,-1,EPI_ISL_2626262,Alpha,B.1.1.7,2021-04-16
-0.5074105,-14.227897,-1,EPI_ISL_15630494,Alpha,B.1.1.7,2021-03-23
24.746353,-16.01422,-1,EPI_ISL_8528072,Alpha,B.1.1.7,2021-04-16
24.769886,-16.146942,-1,EPI_ISL_1197321,Alpha,B.1.1,2021-02-12
24.7309,-16.084455,-1,EPI_ISL_1491153,Alpha,B.1.1.7,2021-03-16
24.746407,-16.131285,-1,EPI_ISL_3023237,Alpha,B.1.1.7,2021-04-14
-31.656914,-16.045326,-1,EPI_ISL_5005326,Delta,AY.112,2021-09-12
-15.03521,-35.361393,-1,EPI_ISL_7424824,Delta,AY.126,2021-11-25
-15.325205,-25.072107,-1,EPI_ISL_7602939,Delta,AY.103,2021-11-28
-15.379833,-25.024998,-1,EPI_ISL_6980446,Delta,AY.101,2021-10-18
-16.09853,-25.52475,-1,EPI_ISL_3955019,Delta,AY.120,2021-08-27
-14.590212,-34.84618,-1,EPI_ISL_6693891,Delta,AY.4.2,2021-09-15
-14.511766,-34.431946,-1,EPI_ISL_3667363,Delta,AY.126,2021-08-11
-32.39901,-16.404644,-1,EPI_ISL_15875738,Delta,AY.126,2021-12-21
-45.1969,-19.520401,-1,EPI_ISL_5394057,Delta,AY.25,2021-10-01
-15.5751295,-25.25156,-1,EPI_ISL_8840506,Delta,AY.85,2021-12-19
-32.039757,-16.96738,-1,EPI_ISL_3311981,Delta,AY.4,2021-07-29
-15.136622,-34.53354,-1,EPI_ISL_8082783,Delta,AY.112,2021-12-17
-15.442261,-25.665634,-1,EPI_ISL_6715638,Delta,AY.43,2021-11-10
-31.594292,-16.053204,-1,EPI_ISL_9017615,Delta,AY.39,2021-11-19
-46.08789,-21.153204,-1,EPI_ISL_11977908,Delta,AY.53,2021-08-11
-31.55531,-16.357841,-1,EPI_ISL_4558058,Delta,B.1.617.2,2021-06-16
24.738697,-16.060947,-1,EPI_ISL_6370974,Delta,AY.44,2021-09-09
-46.791027,-20.496954,-1,EPI_ISL_3519406,Delta,AY.44,2021-07-30
-31.602295,-16.139143,-1,EPI_ISL_11696756,Delta,AY.127,2021-12-19
-16.207874,-25.321867,-1,EPI_ISL_3138875,Delta,AY.23,2021-06-21
24.785576,-16.099934,-1,EPI_ISL_10145995,Delta,AY.4.2,2021-09-06
-15.395454,-24.931444,-1,EPI_ISL_5858390,Delta,AY.4.4,2021-09-28
-32.031986,-16.193882,-1,EPI_ISL_4091035,Delta,AY.35,2021-08-31
-45.783234,-20.43448,-1,EPI_ISL_2676285,Delta,AY.106,2021-06-06
-45.87675,-20.106363,-1,EPI_ISL_3728785,Delta,AY.4,2021-08-20
-31.492954,-16.123217,-1,EPI_ISL_11105746,Delta,B.1.617.2,2021-09-09
-31.579144,-16.053205,-1,EPI_ISL_7468603,Delta,AY.127,2021-11-15
-46.736168,-20.348671,-1,EPI_ISL_8996840,Delta,AY.127,2021-12-28
24.230797,-16.81866,-1,EPI_ISL_3400841,Delta,AY.25.1,2021-08-04
-45.673927,-20.114185,-1,EPI_ISL_9772722,Delta,AY.25,2021-08-24
-31.492771,-16.295277,-1,EPI_ISL_5143605,Delta,AY.39,2021-09-24
-15.043227,-34.3851,-1,EPI_ISL_8082649,Delta,AY.126,2021-12-16
-45.247765,-19.526312,-1,EPI_ISL_3834685,Delta,AY.37,2021-08-04
-45.93915,-20.254932,-1,EPI_ISL_7366244,Delta,AY.99.2,2021-10-05
24.816685,-16.178228,-1,EPI_ISL_6837706,Delta,AY.122,2021-10-15
-16.192411,-24.986015,-1,EPI_ISL_4981669,Delta,AY.39,2021-09-09
-15.629717,-25.782864,-1,EPI_ISL_8684650,Delta,AY.126,2022-01-02
-14.464804,-34.478706,-1,EPI_ISL_5003810,Delta,AY.25,2021-09-10
-44.757137,-19.066357,-1,EPI_ISL_9046867,Delta,AY.103,2022-01-10
-31.570965,-16.021948,-1,EPI_ISL_9178370,Delta,AY.109,2021-12-23
24.730717,-16.076698,-1,EPI_ISL_3745227,Delta,AY.120.1,2021-07-26
24.72297,-16.076572,-1,EPI_ISL_7812953,Delta,AY.100,2021-07-24
-14.19021,-33.90192,-1,EPI_ISL_9345271,Delta,AY.119,2021-12-09
-45.947083,-20.325195,-1,EPI_ISL_8430615,Delta,AY.99.2,2021-11-23
-46.634666,-20.192364,-1,EPI_ISL_3213638,Delta,B.1.617.2,2021-07-12
-46.103294,-21.121967,-1,EPI_ISL_6364156,Delta,AY.4,2021-11-06
-46.23619,-21.129833,-1,EPI_ISL_5581823,Delta,AY.3,2021-10-15
-46.540672,-20.168978,-1,EPI_ISL_8138755,Delta,AY.34.1,2021-12-17
-14.582222,-34.267906,-1,EPI_ISL_7970737,Delta,AY.4,2021-11-04
-14.496622,-34.330456,-1,EPI_ISL_3656681,Delta,AY.44,2021-07
-45.884636,-20.200462,-1,EPI_ISL_6852808,Delta,AY.122,2021-10-30
-46.072098,-20.106405,-1,EPI_ISL_16802106,Delta,AY.131,2021-08-25
-30.344965,-15.547996,-1,EPI_ISL_4226485,Delta,AY.126,2021-09-04
-15.325117,-25.329683,-1,EPI_ISL_8010413,Delta,AY.4.5,2021-11-22
-32.414772,-16.193825,-1,EPI_ISL_9429819,Delta,AY.33,2021-10-24
-46.673767,-20.653412,-1,EPI_ISL_9511303,Delta,AY.69,2022-01-07
-45.986156,-21.246773,-1,EPI_ISL_4274230,Delta,AY.46,2021-09-05
-45.884674,-20.637684,-1,EPI_ISL_3108188,Delta,AY.4,2021-07-20
-45.9703,-20.136864,-1,EPI_ISL_9423414,Delta,B.1.617.2,2022-01-02
-44.936146,-19.36298,-1,EPI_ISL_8567950,Delta,AY.103,2021-12-28
-14.988549,-34.767708,-1,EPI_ISL_7232752,Delta,AY.3,2021-11-05
24.785488,-16.037497,-1,EPI_ISL_4910743,Delta,AY.118,2021-08-26
-32.235073,-16.818892,-1,EPI_ISL_5023010,Delta,AY.112.2,2021-09-22
-45.954643,-20.20797,-1,EPI_ISL_2408020,Delta,AY.98,2021-05-24
-45.923676,-20.051788,-1,EPI_ISL_5865154,Delta,AY.43,2021-10-06
-45.837727,-20.270344,-1,EPI_ISL_3322007,Delta,AY.3,2021-07-12
-14.589949,-34.955444,-1,EPI_ISL_7970811,Delta,AY.7.1,2021-11-07
-45.876896,-20.19246,-1,EPI_ISL_5050362,Delta,AY.131,2021-09-12
-44.80313,-19.059498,-1,EPI_ISL_5612788,Delta,AY.103,2021-10-11
-31.586687,-16.240786,-1,EPI_ISL_7519965,Delta,AY.4.6,2021-12-02
-45.900185,-20.044004,-1,EPI_ISL_7758635,Delta,AY.122,2021-11-03
-29.272955,-14.850721,-1,EPI_ISL_6295312,Delta,AY.4.12,2021-11-08
-31.571003,-16.186,-1,EPI_ISL_16061141,Delta,B.1.617.2,2021
-14.57441,-34.080387,-1,EPI_ISL_9103207,Delta,AY.103,2021-12-22
24.676086,-16.037643,-1,EPI_ISL_9678010,Delta,AY.44,2022-01-01
-15.61417,-24.931442,-1,EPI_ISL_6221024,Delta,AY.6,2021-11-04
-31.672577,-16.560915,-1,EPI_ISL_9609218,Delta,AY.127,2021-12-26
-31.602297,-16.248363,-1,EPI_ISL_7945208,Delta,AY.44,2021-11-26
-14.47257,-34.46321,-1,EPI_ISL_4875665,Delta,AY.46.6,2021-09-26
-45.86116,-20.106457,-1,EPI_ISL_5779249,Delta,AY.103,2021-10-22
-45.587788,-19.879957,-1,EPI_ISL_3419983,Delta,AY.122,2021-07-29
-15.324121,-34.400715,-1,EPI_ISL_7970583,Delta,AY.43,2021-10-30
-15.418767,-25.236057,-1,EPI_ISL_4615387,Delta,AY.41,2021-08-29
-45.89244,-20.247025,-1,EPI_ISL_5612336,Delta,B.1.617.2,2021-10-11
-15.325046,-25.017263,-1,EPI_ISL_6249293,Delta,AY.41,2021-10-20
24.715153,-16.076641,-1,EPI_ISL_9429898,Delta,AY.122,2022-01-04
24.558868,-16.06872,-1,EPI_ISL_6147328,Delta,AY.44,2021-08-07
-46.142487,-21.176605,-1,EPI_ISL_7805999,Delta,AY.36,2021-11
-31.602377,-16.404804,-1,EPI_ISL_4298790,Delta,AY.100,2021-08-18
-45.86897,-20.12973,-1,EPI_ISL_8454890,Delta,AY.43,2021-12-15
-31.805346,-16.982819,-1,EPI_ISL_7471143,Delta,AY.121,2021-11-23
-14.675768,-35.03366,-1,EPI_ISL_7943724,Delta,AY.103,2021-11-18
-15.653328,-25.423487,-1,EPI_ISL_7722551,Delta,AY.39,2021-11-29
-16.028034,-25.103138,-1,EPI_ISL_5094146,Delta,AY.20,2021-09-26
-14.464993,-34.330284,-1,EPI_ISL_8425971,Delta,AY.122,2021-12-22
-15.754694,-25.368683,-1,EPI_ISL_5396754,Delta,AY.41,2021-10-04
-45.88473,-20.520409,-1,EPI_ISL_6073754,Delta,AY.25.1,2021-09-29
-46.04876,-20.161068,-1,EPI_ISL_7405708,Delta,AY.126,2021-12-01
-14.644853,-34.681885,-1,EPI_ISL_7970701,Delta,AY.98.1,2021-11-04
-31.6726,-16.03764,-1,EPI_ISL_4439944,Delta,AY.122,2021-09-11
-32.305225,-16.100096,-1,EPI_ISL_5644732,Delta,AY.112.2,2021-09-27
-45.68936,-19.950138,-1,EPI_ISL_4544748,Delta,AY.43,2021-09-03
-45.72055,-20.426622,-1,EPI_ISL_4153405,Delta,AY.25.1,2021-08-14
-45.79887,-20.239056,-1,EPI_ISL_8726064,Delta,AY.43,2021-12-15
-46.025284,-20.590626,-1,EPI_ISL_7023485,Delta,AY.4.2.2,2021-11-24
-32.000587,-16.19382,-1,EPI_ISL_6698386,Delta,AY.122,2021-11
-14.527391,-34.2835,-1,EPI_ISL_8356800,Delta,AY.44,2021-12-15
-45.868874,-20.26257,-1,EPI_ISL_3419391,Delta,AY.85,2021-07
-14.824303,-34.26012,-1,EPI_ISL_4057257,Delta,AY.100,2021-08-05
-46.986183,-20.293892,-1,EPI_ISL_5756655,Delta,AY.4,2021-10-21
-45.876938,-20.630058,-1,EPI_ISL_10329070,Delta,AY.20,2021-08-31
-14.519635,-34.68202,-1,EPI_ISL_7424461,Delta,AY.126,2021-11-25
-45.08426,-19.282543,-1,EPI_ISL_7462542,Delta,AY.44,2021-12-01
-15.01164,-34.45556,-1,EPI_ISL_9324200,Delta,AY.100,2021-12-21
-45.1409,-19.595463,-1,EPI_ISL_6467330,Delta,AY.4,2021-11-09
24.86369,-16.05311,-1,EPI_ISL_16799818,Delta,B.1.617.2,2021-12-06
-31.571072,-16.193905,-1,EPI_ISL_8660998,Delta,AY.127,2021-12-07
-14.4962845,-34.346085,-1,EPI_ISL_3230558,Delta,AY.122,2021-06-29
-14.558884,-34.478794,-1,EPI_ISL_7970513,Delta,AY.4,2021-10-15
-46.29892,-20.168837,-1,EPI_ISL_4918014,Delta,AY.26,2021-09-08
-32.102295,-16.639202,-1,EPI_ISL_8837586,Delta,AY.4.2.3,2021-12-22
-45.96281,-20.160976,-1,EPI_ISL_4813313,Delta,AY.103,2021-09-08
-15.309657,-25.157864,-1,EPI_ISL_8173857,Delta,AY.39,2021-11-24
-45.89223,-20.25485,-1,EPI_ISL_6934682,Delta,AY.42,2021-11-22
-15.301642,-24.993658,-1,EPI_ISL_6164800,Delta,AY.39,2021-10-10
-45.775116,-20.387775,-1,EPI_ISL_3989916,Delta,AY.92,2021-09-01
-15.340927,-24.946861,-1,EPI_ISL_5481730,Delta,AY.4,2021-10-18
24.754215,-16.107815,-1,EPI_ISL_7781320,Delta,AY.100,2021-11-14
-31.117771,-15.490407,-1,EPI_ISL_8163760,Delta,B.1.617.2,2021-12-01
-45.845573,-20.122055,-1,EPI_ISL_6776355,Delta,AY.65,2021-11-08
-15.41872,-25.321812,-1,EPI_ISL_8840508,Delta,AY.85,2021-12-19
-43.50989,-17.80319,-1,EPI_ISL_8468812,Delta,AY.3,2021-12-17
-31.77417,-16.975159,-1,EPI_ISL_6540737,Delta,AY.122,2021-11-06
-13.851461,-33.5527,-1,EPI_ISL_6421475,Delta,AY.33,2021-10-28
-31.578787,-16.05318,-1,EPI_ISL_5876011,Delta,AY.36,2021-10-12
24.746426,-16.084358,-1,EPI_ISL_14192926,Delta,P.1,2020
-14.54311,-34.1349,-1,EPI_ISL_2957030,Delta,AY.43,2021-07-01
-14.527503,-34.299187,-1,EPI_ISL_10096547,Delta,AY.20,2021-12-27
-46.243973,-20.075047,-1,EPI_ISL_8243517,Delta,AY.78,2021-12-23
-45.8768,-20.231375,-1,EPI_ISL_7350134,Delta,AY.4,2021-12-01
-46.58768,-20.207941,-1,EPI_ISL_7649413,Delta,AY.127,2021-11-29
-46.017357,-20.65328,-1,EPI_ISL_6634184,Delta,AY.26,2021-11-06
-45.14295,-19.404758,-1,EPI_ISL_8527482,Delta,AY.131,2021-12-27
-14.5116825,-34.29136,-1,EPI_ISL_7232252,Delta,AY.25.1,2021-11-05
-15.379595,-25.43907,-1,EPI_ISL_4248084,Delta,AY.4,2021-09-09
-32.328766,-16.451801,-1,EPI_ISL_7391470,Delta,AY.36,2021-12-01
-15.215868,-25.196972,-1,EPI_ISL_8132449,Delta,AY.85,2021-11-15
24.777664,-16.303257,-1,EPI_ISL_6630027,Delta,AY.46.4,2021-11-02
-46.439278,-20.153215,-1,EPI_ISL_13626751,Delta,B.1.617.2,2022-01-19
-46.62675,-20.481287,-1,EPI_ISL_12084491,Delta,B.1.617.2,2021-08-11
-31.61793,-16.646973,-1,EPI_ISL_7721930,Delta,AY.98,2021-12-08
-46.49389,-20.12974,-1,EPI_ISL_6127843,Delta,AY.100,2021-10-10
-46.728317,-20.309387,-1,EPI_ISL_15874799,Delta,B.1.617.2,2021-12-22
-29.989098,-15.123535,-1,EPI_ISL_7783711,Delta,AY.44,2021-11-15
-46.55656,-20.692383,-1,EPI_ISL_4093093,Delta,AY.122,2021-06-25
-14.456982,-34.369392,-1,EPI_ISL_4949842,Delta,AY.122,2021-09-02
-14.425694,-34.37719,-1,EPI_ISL_4381911,Delta,AY.3,2021-06-05
-15.567394,-24.775108,-1,EPI_ISL_8544796,Delta,AY.4,2021-12-27
-31.641245,-16.8032,-1,EPI_ISL_6537225,Delta,AY.103,2021-10-26
-43.876404,-17.93571,-1,EPI_ISL_16876784,Delta,AY.14,2023-01-12
-45.89248,-20.2706,-1,EPI_ISL_8153051,Delta,AY.100,2021-11-09
-14.582188,-34.252213,-1,EPI_ISL_6541443,Delta,AY.120.1,2021-10-30
-45.805862,-20.332085,-1,EPI_ISL_6934017,Delta,AY.20,2021-11-19
-31.742924,-16.053064,-1,EPI_ISL_8731651,Delta,AY.34,2021-12-09
-31.656843,-16.0844,-1,EPI_ISL_6587765,Delta,AY.121,2021-11-09
-45.814583,-20.184568,-1,EPI_ISL_11981666,Delta,AY.43,2021-08-03
-45.720528,-20.160992,-1,EPI_ISL_8406391,Delta,AY.122,2021-12-11
24.738556,-16.092236,-1,EPI_ISL_3056802,Delta,B.1.617.2,2021-06-17
-32.516163,-16.240799,-1,EPI_ISL_9423510,Delta,B.1.617.2,2022-01-01
-46.08755,-20.145378,-1,EPI_ISL_3893417,Delta,AY.33,2021-08-15
-45.01719,-19.435652,-1,EPI_ISL_4893227,Delta,AY.4,2021-09-30
-45.056633,-19.455296,-1,EPI_ISL_4392480,Delta,AY.25,2021-08-17
-46.07228,-20.8955,-1,EPI_ISL_8328947,Delta,AY.120,2021-12-20
-31.938171,-16.951487,-1,EPI_ISL_5075733,Delta,AY.70,2021-09
-14.082114,-33.77508,-1,EPI_ISL_4913525,Delta,AY.3,2021-08-26
-31.58675,-16.420311,-1,EPI_ISL_3921520,Delta,AY.99.2,2021-08-11
-32.609985,-16.607876,-1,EPI_ISL_7414797,Delta,AY.103,2021-11-28
-31.156404,-15.584186,-1,EPI_ISL_7921479,Delta,AY.122,2021-12-06
-32.196007,-16.311035,-1,EPI_ISL_12302502,Delta,AY.77,2021-10-01
-32.547592,-16.147186,-1,EPI_ISL_8001202,Delta,AY.122,2021-12-06
-31.844576,-15.982937,-1,EPI_ISL_3697176,Delta,AY.4,2021-08-18
-14.699151,-34.236465,-1,EPI_ISL_4911036,Delta,AY.119,2021-08-26
-46.697258,-20.20002,-1,EPI_ISL_4109037,Delta,AY.33,2021-09-01
-46.14236,-20.192263,-1,EPI_ISL_3808815,Delta,B.1.617.2,2021-08-25
-31.516403,-16.045555,-1,EPI_ISL_7391861,Delta,AY.36,2021-12-01
-15.332092,-34.47091,-1,EPI_ISL_3541269,Delta,AY.33,2021-08-13
-14.652397,-35.135036,-1,EPI_ISL_4997289,Delta,AY.3,2021-09-13
-15.926662,-24.946814,-1,EPI_ISL_3699821,Delta,AY.36,2021-08-19
-45.830017,-20.161057,-1,EPI_ISL_3392314,Delta,B.1.617.2,2021-07-28
-15.5126,-25.212479,-1,EPI_ISL_3246120,Delta,AY.99.2,2021-07-22
-31.508415,-16.068756,-1,EPI_ISL_4571284,Delta,AY.4,2021-09-07
-32.524014,-16.139017,-1,EPI_ISL_8788555,Delta,AY.122,2022-01-03
24.730553,-16.11596,-1,EPI_ISL_8082553,Delta,AY.46,2021-12-16
-31.735048,-16.006393,-1,EPI_ISL_5945653,Delta,AY.36,2021-10-12
24.754398,-16.123465,-1,EPI_ISL_6652270,Delta,AY.26,2021-10-05
-15.442473,-24.946934,-1,EPI_ISL_4306159,Delta,AY.5,2021-09-02
-14.675814,-34.213287,-1,EPI_ISL_7566054,Delta,AY.126,2021-11-30
-46.431488,-20.145489,-1,EPI_ISL_5633123,Delta,AY.33,2021-10-09
-45.931694,-20.106506,-1,EPI_ISL_8996830,Delta,AY.131,2021-12-20
-46.064285,-21.028198,-1,EPI_ISL_5140284,Delta,AY.4,2021-10-05
-15.879803,-25.642105,-1,EPI_ISL_5401147,Delta,AY.41,2021-09-30
-45.9709,-20.193556,-1,EPI_ISL_14593849,Delta,B.1.617.2,2021-06-23
-15.457758,-25.517181,-1,EPI_ISL_7555620,Delta,AY.43,2021-12-05
24.676182,-16.045372,-1,EPI_ISL_10123065,Delta,AY.29.1,2021-10-21
-46.243843,-20.317345,-1,EPI_ISL_8031523,Delta,AY.39,2021-12-09
-15.418949,-25.52507,-1,EPI_ISL_5888242,Delta,AY.41,2021-09
-14.527204,-34.197357,-1,EPI_ISL_4029497,Delta,AY.44,2021-08-04
-45.939194,-20.122124,-1,EPI_ISL_4065016,Delta,AY.4,2021-09-03
-45.88394,-20.129532,-1,EPI_ISL_7924739,Delta,AY.44,2021-10
-46.556602,-20.16098,-1,EPI_ISL_9843018,Delta,AY.44,2022-01-20
-32.086433,-16.342361,-1,EPI_ISL_2785056,Delta,AY.35,2021-06-20
29.060787,-9.949916,-1,EPI_ISL_13571079,Delta,AY.122,2021-11-04
-15.489239,-25.017002,-1,EPI_ISL_9057193,Delta,AY.121,2022-01-07
-14.988308,-34.205452,-1,EPI_ISL_6550623,Delta,AY.25.1,2021-10-31
-46.650444,-20.52049,-1,EPI_ISL_7327044,Delta,AY.4.4,2021-10-18
-15.957886,-24.89222,-1,EPI_ISL_6122748,Delta,AY.41,2021-10-25
-46.048782,-20.067463,-1,EPI_ISL_6790496,Delta,AY.119,2021-11-08
-14.652518,-34.252342,-1,EPI_ISL_5518019,Delta,B.1.617.2,2021-09-22
-45.931374,-20.082924,-1,EPI_ISL_8980533,Delta,AY.44,2021-11-01
-31.64908,-16.170376,-1,EPI_ISL_4571109,Delta,AY.4,2021-09-14
-46.462753,-20.989193,-1,EPI_ISL_5935830,Delta,AY.113,2021-10-03
-14.433723,-34.330395,-1,EPI_ISL_6693898,Delta,AY.126,2021-09-15
-15.222763,-34.35376,-1,EPI_ISL_3230491,Delta,AY.122,2021-06-22
-45.962826,-20.10628,-1,EPI_ISL_7814353,Delta,AY.43,2021-11-19
-43.056526,-17.34259,-1,EPI_ISL_8087934,Delta,AY.100,2021-12-18
-45.829994,-20.325048,-1,EPI_ISL_10020058,Delta,AY.103,2021-12-23
-15.317295,-25.048689,-1,EPI_ISL_2971623,Delta,AY.41,2021-07-08
-15.364148,-25.079609,-1,EPI_ISL_5888950,Delta,AY.39,2021-10-18
-45.782867,-20.606415,-1,EPI_ISL_6069886,Delta,AY.3,2021-10-08
-15.512658,-25.04064,-1,EPI_ISL_5088175,Delta,AY.25,2021-09-18
-45.85334,-20.340878,-1,EPI_ISL_5432029,Delta,AY.46,2021-10-11
-44.39164,-18.667042,-1,EPI_ISL_16800276,Delta,AY.127,2021-10-14
-45.06101,-19.339485,-1,EPI_ISL_6160502,Delta,AY.3.1,2021-09-24
-16.09855,-24.86884,-1,EPI_ISL_5032220,Delta,AY.104,2021-09-16
-46.25183,-20.176708,-1,EPI_ISL_8748666,Delta,AY.34.1.1,2022-01-05
-15.136805,-34.65087,-1,EPI_ISL_3856457,Delta,AY.26,2021-08-03
-14.551041,-34.33816,-1,EPI_ISL_4910349,Delta,AY.25,2021-08-27
-45.92374,-21.020248,-1,EPI_ISL_5545224,Delta,AY.106,2021-07-31
-14.6524725,-34.095966,-1,EPI_ISL_4141134,Delta,AY.100,2021-08-20
-31.51637,-16.193512,-1,EPI_ISL_5235797,Delta,AY.35,2021-09-07
-31.641169,-16.084543,-1,EPI_ISL_7317524,Delta,AY.14,2021-11-06
-46.001778,-20.676857,-1,EPI_ISL_9707862,Delta,AY.3,2022-01-10
-14.605534,-34.978783,-1,EPI_ISL_9132577,Delta,B.1.617.2,2021-12-04
-32.016388,-16.037537,-1,EPI_ISL_4934958,Delta,AY.122,2021-09-25
-14.769615,-34.150684,-1,EPI_ISL_7405755,Delta,B.1.617.2,2021-11-06
-14.566284,-34.853825,-1,EPI_ISL_6545531,Delta,AY.25,2021-10-30
-45.962708,-20.12216,-1,EPI_ISL_11036551,Delta,AY.126,2021-08-09
-45.986244,-21.05172,-1,EPI_ISL_6824653,Delta,AY.9.2,2021-11-15
-43.14863,-17.403204,-1,EPI_ISL_16814553,Delta,B.1.617.2,2021-12-03
-14.496,-34.62699,-1,EPI_ISL_3010471,Delta,B.1.617.2,2021-07-07
-31.524275,-16.482883,-1,EPI_ISL_12099072,Delta,AY.127,2021-12-16
-45.681496,-20.129807,-1,EPI_ISL_4599529,Delta,AY.4,2021-09-18
-31.844461,-16.904842,-1,EPI_ISL_9701233,Delta,AY.43,2021-11-16
-46.657967,-21.059593,-1,EPI_ISL_5877013,Delta,AY.47,2021-10-13
-15.56732,-25.83745,-1,EPI_ISL_3744026,Delta,AY.37,2021-08-01
-16.122028,-25.571955,-1,EPI_ISL_6447493,Delta,AY.41,2021-11-08
-31.735126,-16.022045,-1,EPI_ISL_8482387,Delta,AY.35,2021-10-15
-45.50173,-19.755154,-1,EPI_ISL_8339055,Delta,AY.43.4,2021-12-04
-31.570885,-16.092228,-1,EPI_ISL_8074577,Delta,AY.4,2021-08-06
-46.44723,-20.73136,-1,EPI_ISL_8090663,Delta,AY.59,2021-09-19
-14.706902,-35.103863,-1,EPI_ISL_8082650,Delta,AY.122,2021-12-16
-31.711555,-16.029715,-1,EPI_ISL_8257907,Delta,AY.24,2021-07-26
24.785545,-16.107988,-1,EPI_ISL_3418989,Delta,AY.122,2021-07-05
-15.3095455,-24.84543,-1,EPI_ISL_3828162,Delta,AY.41,2021-08-18
-15.981419,-25.517338,-1,EPI_ISL_7179109,Delta,AY.47,2021-11-22
-45.97046,-20.114275,-1,EPI_ISL_5935796,Delta,AY.100,2021-09-16
-31.50844,-16.186104,-1,EPI_ISL_9366555,Delta,B.1.617.2,2021-11-27
-46.86113,-20.278183,-1,EPI_ISL_4958460,Delta,AY.36.1,2021-09-13
-15.535972,-25.595219,-1,EPI_ISL_7813277,Delta,AY.26,2021-08-17
-15.387802,-24.962582,-1,EPI_ISL_4804793,Delta,AY.43,2021-08-30
-45.915493,-20.160156,-1,EPI_ISL_7771160,Delta,AY.100,2021-12-03
-43.056408,-17.350206,-1,EPI_ISL_6842341,Delta,AY.127,2021-10-11
-15.254528,-25.00939,-1,EPI_ISL_6320677,Delta,B.1.617.2,2021-10-19
-15.215039,-34.68205,-1,EPI_ISL_3533179,Delta,B.1.617.2,2021-07-28
24.777676,-16.131283,-1,EPI_ISL_7422792,Delta,AY.126,2021-11-25
-45.751602,-20.574913,-1,EPI_ISL_5113198,Delta,AY.44,2021-09-14
-45.837803,-20.184605,-1,EPI_ISL_6758141,Delta,AY.4,2021-11-18
-15.495946,-34.43186,-1,EPI_ISL_3849546,Delta,AY.39,2021-07-31
-31.836432,-16.818739,-1,EPI_ISL_12318654,Delta,AY.122,2021-11-30
-14.847476,-34.10364,-1,EPI_ISL_5372488,Delta,B.1.617.2,2021-09-20
-46.025288,-20.051514,-1,EPI_ISL_6825112,Delta,AY.126,2021-11-15
-45.90798,-20.762674,-1,EPI_ISL_7663796,Delta,AY.3,2021-11-18
-46.032864,-20.911097,-1,EPI_ISL_8700955,Delta,B.1.617.2,2021-11-21
-15.707794,-25.103079,-1,EPI_ISL_3362016,Delta,AY.5,2021-08-03
-46.009632,-20.840809,-1,EPI_ISL_3759112,Delta,AY.103,2021-08-15
-32.024094,-15.9828,-1,EPI_ISL_10005525,Delta,AY.127,2022-01-08
-45.98591,-20.082922,-1,EPI_ISL_4181461,Delta,AY.43,2021-08
-15.339741,-34.49449,-1,EPI_ISL_8082701,Delta,AY.122,2021-12-16
26.49369,-14.537348,-1,EPI_ISL_5642766,Delta,AY.44,2021-08-19
-31.711637,-15.990686,-1,EPI_ISL_7909788,Delta,AY.126,2021-12-07
-15.457885,-24.892271,-1,EPI_ISL_8173085,Delta,AY.122,2021-11-14
-16.090832,-24.978184,-1,EPI_ISL_5626353,Delta,AY.33,2021-08-27
-31.727297,-16.045261,-1,EPI_ISL_13842420,Delta,AY.36,2021-11-17
-15.356297,-24.923424,-1,EPI_ISL_7742747,Delta,AY.44,2021-11-16
-32.133556,-15.975193,-1,EPI_ISL_10329080,Delta,AY.26.1,2021-09-01
-45.86898,-20.082954,-1,EPI_ISL_6887356,Delta,AY.26,2021-10-26
-14.511875,-34.29132,-1,EPI_ISL_6010220,Delta,AY.32,2021-09-16
-15.114588,-24.454239,-1,EPI_ISL_5977612,Delta,AY.41,2021-10-24
-32.297462,-16.36579,-1,EPI_ISL_2238178,Delta,B.1.617.2,2021-05-09
-46.03312,-20.114168,-1,EPI_ISL_9056207,Delta,B.1.617.2,2021-09-18
-15.340757,-24.892387,-1,EPI_ISL_9053884,Delta,AY.4,2022-01-05
-45.728424,-20.4421,-1,EPI_ISL_3644496,Delta,AY.4.1,2021-07-30
-45.90033,-20.871988,-1,EPI_ISL_5796432,Delta,AY.122,2021-10-06
-45.931404,-20.661057,-1,EPI_ISL_5432050,Delta,AY.4.3,2021-10-13
-46.111237,-20.559683,-1,EPI_ISL_7353642,Delta,AY.26,2021-11-29
-31.594461,-16.529737,-1,EPI_ISL_7646489,Delta,AY.4.6,2021-12-02
-31.555407,-16.232918,-1,EPI_ISL_6713826,Delta,AY.4.6,2021-11-07
-15.676539,-24.892305,-1,EPI_ISL_7416200,Delta,AY.41,2021-11-29
-45.97828,-20.106455,-1,EPI_ISL_15283156,Delta,B.1.617.2,2021-06-03
-46.15026,-21.06738,-1,EPI_ISL_5640991,Delta,AY.23.2,2021-08-26
-15.551654,-24.822075,-1,EPI_ISL_8362167,Delta,AY.3,2021-12-11
-44.77419,-19.23162,-1,EPI_ISL_3867895,Delta,AY.42,2021-08-02
-15.512624,-25.837597,-1,EPI_ISL_5188389,Delta,AY.39,2021-10-01
-14.738363,-34.361683,-1,EPI_ISL_6559259,Delta,AY.100,2021-11-01
-46.18135,-20.129915,-1,EPI_ISL_3529890,Delta,AY.4,2021-08-12
-31.641102,-15.98292,-1,EPI_ISL_3820278,Delta,AY.35,2021-07-31
-45.869026,-20.098633,-1,EPI_ISL_6378449,Delta,AY.103,2021-10-24
-14.56687,-34.955414,-1,EPI_ISL_9524269,Delta,AY.25,2022-01-02
-14.488281,-34.28353,-1,EPI_ISL_5549836,Delta,AY.26,2021-09-17
-13.835792,-33.521683,-1,EPI_ISL_8515072,Delta,AY.100,2021-11-05
-46.205116,-20.192198,-1,EPI_ISL_8380243,Delta,AY.127,2021
-31.641357,-16.232647,-1,EPI_ISL_6826777,Delta,B.1.617.2,2021-10-22
-46.001804,-20.0751,-1,EPI_ISL_7775299,Delta,AY.4.5,2021-12-15
-15.426752,-25.415674,-1,EPI_ISL_5919264,Delta,AY.4,2021-10-25
-31.570923,-16.53751,-1,EPI_ISL_4441451,Delta,B.1.617.2,2021-05-19
-31.586676,-16.068808,-1,EPI_ISL_3542875,Delta,B.1.617.2,2021-07-19
-46.314335,-20.692465,-1,EPI_ISL_5633122,Delta,AY.33,2021-10-09
-14.558706,-34.814785,-1,EPI_ISL_2958832,Delta,AY.25,2021-06-30
-31.985283,-16.061068,-1,EPI_ISL_11074418,Delta,AY.112.2,2021-12-18
-32.055233,-16.053257,-1,EPI_ISL_4906652,Delta,AY.26,2021-09-07
-32.281902,-16.092268,-1,EPI_ISL_7898709,Delta,AY.122,2021-12-03
-44.469955,-18.683884,-1,EPI_ISL_8732710,Delta,AY.44,2021-11
-31.8602,-17.092173,-1,EPI_ISL_6589470,Delta,AY.39,2021-11-15
-14.574324,-34.22889,-1,EPI_ISL_5866932,Delta,AY.25.1,2021-10-20
-31.656893,-16.006184,-1,EPI_ISL_4546493,Delta,AY.100,2021-08-09
-31.774029,-16.076633,-1,EPI_ISL_6002803,Delta,AY.36,2021-09-03
-31.594433,-16.00637,-1,EPI_ISL_6774060,Delta,AY.39.1.4,2021-11-15
-45.822113,-20.372063,-1,EPI_ISL_4274414,Delta,AY.34,2021-09-08
-45.853203,-20.731258,-1,EPI_ISL_5644740,Delta,B.1.617.2,2021-09-28
-46.58766,-20.262627,-1,EPI_ISL_4173280,Delta,AY.122,2021-08-24
-31.992928,-16.037392,-1,EPI_ISL_7293724,Delta,AY.36,2021-11-30
24.754265,-16.045412,-1,EPI_ISL_3833494,Delta,AY.25,2021-08-06
-14.918207,-34.799026,-1,EPI_ISL_12569666,Delta,AY.103,2022-01-20
-15.058794,-34.97091,-1,EPI_ISL_6541002,Delta,AY.103,2021-10-29
-46.009514,-20.168892,-1,EPI_ISL_4098823,Delta,AY.4,2021-09-04
-31.438057,-16.04534,-1,EPI_ISL_8309328,Delta,AY.122,2021-12-11
-14.480726,-34.73666,-1,EPI_ISL_7424112,Delta,AY.121,2021-11-25
-15.778125,-24.985989,-1,EPI_ISL_3519100,Delta,AY.39,2021-07-27
-14.50417,-34.15088,-1,EPI_ISL_6695445,Delta,AY.85,2021-10-28
-15.450249,-24.837425,-1,EPI_ISL_6790747,Delta,AY.39,2021-11-08
-46.720562,-20.231403,-1,EPI_ISL_7820213,Delta,AY.43,2021-12-08
24.684029,-16.115639,-1,EPI_ISL_5195406,Delta,B.1.617.2,2021-09-14
-15.520529,-25.306253,-1,EPI_ISL_5600019,Delta,AY.41,2021-10-03
-16.05166,-25.001524,-1,EPI_ISL_5924812,Delta,AY.25,2021-10-23
-15.739087,-25.118912,-1,EPI_ISL_7703190,Delta,AY.36,2021-11-19
-46.204826,-20.137753,-1,EPI_ISL_4480535,Delta,AY.4,2021-09-17
24.715294,-16.052992,-1,EPI_ISL_4412817,Delta,AY.9.2,2021-09-08
-15.543957,-25.579576,-1,EPI_ISL_7968556,Delta,AY.126,2021-11-17
-14.425646,-34.611694,-1,EPI_ISL_6631200,Delta,AY.103,2021-11-02
-14.105968,-33.831852,-1,EPI_ISL_8714861,Delta,AY.25,2021-12-07
-14.535498,-35.064796,-1,EPI_ISL_9702426,Delta,AY.44,2021-12-27
-46.845467,-20.270473,-1,EPI_ISL_2695317,Delta,B.1.617.2,2021-06-06
-45.9237,-20.176617,-1,EPI_ISL_11811123,Delta,AY.122,2021-12-14
-15.379787,-25.360973,-1,EPI_ISL_3713937,Delta,AY.41,2021-08-13
-15.081912,-34.447502,-1,EPI_ISL_2984527,Delta,AY.122,2021-06-14
-46.31412,-20.122036,-1,EPI_ISL_6228908,Delta,AY.4,2021-10-28
-31.65693,-16.021763,-1,EPI_ISL_9120805,Delta,B.1.617.2,2021-10-12
-15.465067,-34.67423,-1,EPI_ISL_16608015,Delta,AY.48,2021
-31.57093,-16.287626,-1,EPI_ISL_9361710,Delta,B.1.617.2,2021-10-06
-15.426722,-25.165695,-1,EPI_ISL_5401164,Delta,AY.41,2021-09-27
-45.95482,-20.60627,-1,EPI_ISL_4314987,Delta,AY.4,2021-09-05
23.973019,-16.162569,-1,EPI_ISL_6065562,Delta,AY.26,2021-10-08
-45.853287,-20.051622,-1,EPI_ISL_14132121,Delta,AY.33,2021-12-01
-15.355601,-34.38488,-1,EPI_ISL_5641865,Delta,AY.122,2021-09-22
24.683712,-16.131392,-1,EPI_ISL_2385293,Delta,B.1.1.523,2021-04-23
-14.683818,-34.509987,-1,EPI_ISL_3399891,Delta,AY.25.1,2021-08-01
-14.47279,-34.228794,-1,EPI_ISL_9345273,Delta,AY.3,2021-12-06
-31.680332,-16.764084,-1,EPI_ISL_12254190,Delta,AY.122,2022-01-03
-45.908,-20.700096,-1,EPI_ISL_5919377,Delta,AY.4,2021-10-26
-45.993965,-21.137863,-1,EPI_ISL_6141844,Delta,AY.4,2021-10-16
-45.98612,-20.02038,-1,EPI_ISL_6630576,Delta,AY.5,2021-10-30
-31.688229,-16.920477,-1,EPI_ISL_6167378,Delta,AY.47,2021-10-11
-45.82216,-20.278343,-1,EPI_ISL_6027825,Delta,AY.9.2,2021-10-18
26.505371,-14.279893,-1,EPI_ISL_6057233,Delta,AY.122,2021-10-01
-29.019962,-14.835379,-1,EPI_ISL_8120532,Delta,AY.23,2021-12-16
-32.53204,-16.123295,-1,EPI_ISL_6868978,Delta,AY.4.2,2021-11-23
-14.472622,-34.73654,-1,EPI_ISL_11580749,Delta,AY.120,2021-10-29
-31.688046,-16.701618,-1,EPI_ISL_7548719,Delta,AY.134,2021-12-06
-16.14538,-24.962406,-1,EPI_ISL_7711279,Delta,AY.42,2021-11-08
-32.196014,-16.11557,-1,EPI_ISL_6314141,Delta,AY.103,2021-10-19
-14.574278,-34.345863,-1,EPI_ISL_6629487,Delta,AY.44,2021-11-01
-45.20808,-19.676388,-1,EPI_ISL_14676997,Delta,B.1.617.2,2021-07-05
-31.75072,-15.990536,-1,EPI_ISL_7853275,Delta,AY.26,2021-11-22
-15.38756,-24.853199,-1,EPI_ISL_9611348,Delta,AY.85,2021-11
-15.418911,-25.165712,-1,EPI_ISL_4930890,Delta,AY.41,2021-09-17
-31.453764,-16.51429,-1,EPI_ISL_8404276,Delta,AY.44,2021-12-14
-15.434454,-24.939075,-1,EPI_ISL_3634153,Delta,AY.125,2021-07-27
-31.50853,-16.154827,-1,EPI_ISL_6099271,Delta,AY.4.6,2021-11-02
-14.543081,-34.18985,-1,EPI_ISL_6161119,Delta,AY.112,2021-09-25
-31.750778,-16.615711,-1,EPI_ISL_5230519,Delta,AY.46.4,2021-08-24
-31.945908,-15.959442,-1,EPI_ISL_7547545,Delta,AY.59,2021-11-27
23.996521,-16.787712,-1,EPI_ISL_9669271,Delta,AY.43,2021-12-30
-45.861115,-20.395594,-1,EPI_ISL_7380996,Delta,AY.120,2021-11-13
-46.134644,-20.223656,-1,EPI_ISL_9290415,Delta,AY.43,2021-12-23
-46.486275,-20.918991,-1,EPI_ISL_4215163,Delta,AY.4,2021-09-08
-45.962723,-19.965778,-1,EPI_ISL_4077685,Delta,AY.122,2021-09-01
-32.305504,-16.099926,-1,EPI_ISL_8285581,Delta,AY.127,2021-12-10
-32.305412,-16.396935,-1,EPI_ISL_6512449,Delta,AY.113,2021-11-08
-31.766308,-16.889053,-1,EPI_ISL_8510924,Delta,AY.103,2021-12-01
-15.43471,-24.970455,-1,EPI_ISL_9148044,Delta,AY.41,2022-01-03
-14.566397,-34.916363,-1,EPI_ISL_6161601,Delta,AY.119,2021-09-27
-14.511953,-34.33811,-1,EPI_ISL_5641317,Delta,AY.34,2021-09-17
-45.939354,-20.16108,-1,EPI_ISL_7499256,Delta,AY.44,2021-11-21
-31.703928,-16.092339,-1,EPI_ISL_7608445,Delta,AY.70,2021-11-17
-46.415813,-20.160976,-1,EPI_ISL_8003065,Delta,AY.112,2021-12-16
-14.597904,-34.322647,-1,EPI_ISL_3403619,Delta,AY.75,2021-07-05
-45.915833,-20.12216,-1,EPI_ISL_11054500,Delta,AY.112,2021-10-27
-14.557794,-35.142998,-1,EPI_ISL_3833521,Delta,AY.2,2021-08-10
-31.64146,-16.162628,-1,EPI_ISL_4362326,Delta,AY.43,2021-08-22
-32.156967,-16.045387,-1,EPI_ISL_5588287,Delta,AY.126,2021-10-14
-31.586657,-16.350117,-1,EPI_ISL_6886165,Delta,AY.39,2021-09-27
-14.316616,-34.400604,-1,EPI_ISL_7366353,Delta,AY.99.2,2021-10-13
-45.8534,-20.067415,-1,EPI_ISL_7997280,Delta,AY.41,2021-11-21
26.432636,-14.328572,-1,EPI_ISL_6701383,Delta,AY.43,2021-08
-46.158108,-20.083021,-1,EPI_ISL_16109881,Delta,AY.106,2021
-45.892586,-20.059551,-1,EPI_ISL_7934083,Delta,AY.25.1,2021-11-14
-14.597962,-34.33806,-1,EPI_ISL_3533188,Delta,AY.112,2021-07-28
-43.993683,-18.18544,-1,EPI_ISL_9879528,Delta,AY.109,2022-01-27
-13.781118,-33.603745,-1,EPI_ISL_2787132,Delta,AY.38,2021-06-07
-31.571026,-16.18594,-1,EPI_ISL_3935025,Delta,AY.100,2021-07-15
-31.602108,-16.178051,-1,EPI_ISL_13331531,Delta,B.1.617.2,2021-10-25
-31.555304,-16.123299,-1,EPI_ISL_6002886,Delta,AY.36,2021-10-04
-45.892365,-20.239105,-1,EPI_ISL_6300907,Delta,AY.4,2021-11-07
-32.570827,-16.185963,-1,EPI_ISL_9429758,Delta,AY.77,2021-11-01
-31.797382,-16.014284,-1,EPI_ISL_5935805,Delta,AY.113,2021-10-06
-45.87673,-20.582886,-1,EPI_ISL_8716650,Delta,AY.43,2021-12-27
-14.801042,-34.94753,-1,EPI_ISL_3833500,Delta,AY.44,2021-08-09
-14.519583,-34.307003,-1,EPI_ISL_7970520,Delta,AY.5.4,2021-10-19
-0.32935905,-13.907794,-1,EPI_ISL_6693963,Delta,AY.4,2021-09-22
-31.766293,-16.748348,-1,EPI_ISL_9116646,Delta,B.1.617.2,2021-11-12
-31.47712,-16.319113,-1,EPI_ISL_11777660,Delta,AY.127,2021-12-15
-46.17363,-20.169073,-1,EPI_ISL_8136314,Delta,B.1.617.2,2021-12-19
-15.216038,-24.74381,-1,EPI_ISL_8198844,Delta,B.1.617.2,2021-12-10
-32.500854,-16.07655,-1,EPI_ISL_7205852,Delta,AY.70,2021-11-02
-15.22291,-34.330246,-1,EPI_ISL_4301857,Delta,AY.36,2021-09
-32.45373,-16.201475,-1,EPI_ISL_7695236,Delta,AY.85,2021-11-18
-43.033024,-17.32679,-1,EPI_ISL_11512480,Delta,AY.30,2021-10-20
-31.50843,-16.186066,-1,EPI_ISL_8781895,Delta,B.1.617.2,2021-12
-14.5509205,-34.44761,-1,EPI_ISL_16799659,Delta,AY.87,2021-12-18
-14.418089,-34.275627,-1,EPI_ISL_7566108,Delta,AY.46.4,2021-11-30
-43.05645,-17.334633,-1,EPI_ISL_4012581,Delta,AY.4.1,2021-08-30
24.79322,-16.185965,-1,EPI_ISL_4059065,Delta,AY.26,2021-08-06
-15.332121,-34.486626,-1,EPI_ISL_5427483,Delta,B.1.617.2,2021-09-29
-15.856362,-25.775127,-1,EPI_ISL_5122364,Delta,AY.41,2021-10-08
-31.453768,-16.09234,-1,EPI_ISL_7154439,Delta,AY.70,2021-11-21
-31.547497,-16.2328,-1,EPI_ISL_8560475,Delta,AY.127,2021-12-17
24.71518,-16.967226,-1,EPI_ISL_5778104,Delta,AY.25.1,2021-09-12
-31.57109,-16.256372,-1,EPI_ISL_4489779,Delta,B.1.617.2,2021-09-14
28.928146,-10.1922245,-1,EPI_ISL_13571042,Delta,AY.43,2021-12-14
-45.20556,-19.52078,-1,EPI_ISL_5997381,Delta,AY.4,2021-10-30
-45.962646,-20.200022,-1,EPI_ISL_5633126,Delta,AY.33,2021-10-09
-45.79867,-20.153149,-1,EPI_ISL_2848956,Delta,AY.6,2021-06-29
24.746376,-17.060944,-1,EPI_ISL_10146064,Delta,AY.98.1,2021-09-25
-45.720592,-20.465775,-1,EPI_ISL_11986473,Delta,AY.127.1,2021-10-20
-46.665638,-20.14535,-1,EPI_ISL_5345812,Delta,AY.44,2021-08-23
-15.356283,-25.423615,-1,EPI_ISL_9905352,Delta,AY.43,2022-01-08
-31.58657,-16.092136,-1,EPI_ISL_6944010,Delta,AY.36,2021-10-04
-46.220634,-20.036177,-1,EPI_ISL_7870182,Delta,AY.127,2021-11-07
-14.8478565,-34.619495,-1,EPI_ISL_8603962,Delta,AY.9.2,2021-11-23
-32.196022,-16.342407,-1,EPI_ISL_6424833,Delta,AY.9.2,2021-10-27
-14.808836,-35.197548,-1,EPI_ISL_9201789,Delta,AY.44,2021-12-25
-46.142563,-20.942282,-1,EPI_ISL_5583690,Delta,AY.25,2021-09-27
-15.434317,-25.337767,-1,EPI_ISL_5204849,Delta,AY.119.2,2021-09-27
-45.87688,-20.19222,-1,EPI_ISL_15886937,Delta,AY.122,2022-01-03
-15.144631,-34.252113,-1,EPI_ISL_9201696,Delta,AY.44,2021-12-26
-15.942349,-25.540482,-1,EPI_ISL_5435773,Delta,B.1.617.2,2021-08-13
-15.340439,-25.259476,-1,EPI_ISL_3237842,Delta,AY.1,2021-07-21
-15.684353,-24.782831,-1,EPI_ISL_8565990,Delta,AY.41,2021-12-14
27.441246,-13.582287,-1,EPI_ISL_3640792,Delta,AY.2,2021-07-29
-15.262522,-24.884525,-1,EPI_ISL_5555919,Delta,AY.103,2021-09-20
-31.555199,-16.201698,-1,EPI_ISL_11246929,Delta,AY.36,2021-10-26
-16.12997,-24.9155,-1,EPI_ISL_8407742,Delta,AY.39,2021-10-15
-46.04853,-20.25473,-1,EPI_ISL_3562152,Delta,AY.98,2021-08-14
-31.618069,-16.764008,-1,EPI_ISL_11297780,Delta,AY.36,2021
-31.531887,-16.092323,-1,EPI_ISL_8837423,Delta,AY.122,2021-12-20
-14.691467,-34.306942,-1,EPI_ISL_6170401,Delta,AY.47,2021-10-13
24.70728,-16.053234,-1,EPI_ISL_3613790,Delta,AY.126,2021-08-18
-13.749862,-33.44736,-1,EPI_ISL_5641188,Delta,AY.122.2,2021-09-14
-15.426537,-24.82195,-1,EPI_ISL_6170267,Delta,AY.36,2021-10-13
-15.957985,-24.954601,-1,EPI_ISL_5065545,Delta,AY.85,2021-07-11
-16.004824,-25.173473,-1,EPI_ISL_7932799,Delta,AY.41,2021-10-28
-31.524132,-16.06086,-1,EPI_ISL_6886396,Delta,B.1.617.2,2021-09-03
-15.590906,-24.82985,-1,EPI_ISL_6870850,Delta,AY.43,2021-11-23
-31.836557,-16.193676,-1,EPI_ISL_6952778,Delta,AY.121,2021-11-12
-31.602211,-16.0374,-1,EPI_ISL_9931411,Delta,AY.103,2022-01-22
-31.508347,-16.053217,-1,EPI_ISL_8799973,Delta,AY.4.2,2022-01-04
-14.495884,-34.197495,-1,EPI_ISL_3691277,Delta,AY.53,2021-07-21
24.652622,-15.951838,-1,EPI_ISL_3833524,Delta,AY.47,2021-08-10
-43.01581,-17.24696,-1,EPI_ISL_8338485,Delta,AY.68,2021-12-24
-15.903169,-24.985916,-1,EPI_ISL_9202528,Delta,AY.41,2022-01-09
-32.453785,-16.115574,-1,EPI_ISL_5328529,Delta,AY.23,2021-09-02
-16.090837,-24.978188,-1,EPI_ISL_7556826,Delta,AY.43,2021-12-02
-15.286138,-25.064075,-1,EPI_ISL_5069919,Delta,AY.41,2021-09-01
-31.555435,-16.053204,-1,EPI_ISL_11533554,Delta,AY.103,2021-12-22
-14.800901,-34.236526,-1,EPI_ISL_5030205,Delta,AY.30,2021-06-14
-45.97841,-20.997173,-1,EPI_ISL_8132024,Delta,AY.68,2021-12-06
-45.89235,-20.309444,-1,EPI_ISL_5936656,Delta,B.1.617.2,2021-10-09
-16.270432,-24.962606,-1,EPI_ISL_4484337,Delta,AY.4,2021-08-31
-45.91616,-20.262817,-1,EPI_ISL_6919074,Delta,AY.98,2021-11-24
-45.970436,-20.786125,-1,EPI_ISL_3509817,Delta,AY.103,2021-07-29
-15.417938,-34.392952,-1,EPI_ISL_2828170,Delta,AY.42,2021-06-25
-15.606197,-24.884523,-1,EPI_ISL_5821227,Delta,AY.41,2021-10-05
-14.5039425,-34.361706,-1,EPI_ISL_7970750,Delta,AY.4,2021-11-05
-14.53521,-34.236534,-1,EPI_ISL_3857699,Delta,AY.3,2021-08-03
-15.411121,-24.860933,-1,EPI_ISL_3170340,Delta,AY.122,2021-07-22
-14.879062,-34.93968,-1,EPI_ISL_8221869,Delta,AY.36.1,2021-12-09
-46.60324,-20.137707,-1,EPI_ISL_7932440,Delta,AY.9,2021-11-08
-43.02538,-17.263748,-1,EPI_ISL_7651094,Delta,B.1.617.2,2021-11-03
-15.3399725,-34.650642,-1,EPI_ISL_7565864,Delta,AY.122,2021-11-26
-45.907986,-20.184517,-1,EPI_ISL_8119531,Delta,AY.112,2021-12-09
-31.508615,-16.029972,-1,EPI_ISL_5816255,Delta,AY.77,2021-09-18
24.902683,-16.264137,-1,EPI_ISL_7872901,Delta,AY.122,2021-11-19
-32.15689,-16.428215,-1,EPI_ISL_8239703,Delta,AY.43,2021-12-20
-31.56302,-16.444078,-1,EPI_ISL_16799715,Delta,AY.127,2021-12-19
-45.798794,-20.356325,-1,EPI_ISL_5066621,Delta,AY.100,2021-09-22
-46.173775,-20.348557,-1,EPI_ISL_2875060,Delta,AY.44,2021-06-27
-31.5475,-15.975079,-1,EPI_ISL_7682007,Delta,AY.43,2021-12-07
-45.97038,-20.122162,-1,EPI_ISL_11777969,Delta,B.1.617.2,2021-12-23
-14.519737,-34.228752,-1,EPI_ISL_11856441,Delta,AY.43,2021-12-16
-43.958717,-18.143192,-1,EPI_ISL_5063523,Delta,AY.108,2021-08-20
-31.688267,-16.076496,-1,EPI_ISL_6883888,Delta,AY.39,2021-11-15
24.71508,-17.084322,-1,EPI_ISL_8351160,Delta,AY.34,2021-08-20
24.65266,-16.889208,-1,EPI_ISL_16815513,Delta,AY.25.1,2021-10-07
-16.332716,-24.923592,-1,EPI_ISL_5264139,Delta,AY.39,2021-09-28
-14.457527,-34.455383,-1,EPI_ISL_9610701,Delta,AY.122,2022-01-11
-32.211628,-16.545364,-1,EPI_ISL_12302457,Delta,AY.43,2021-10-02
-32.070923,-16.108053,-1,EPI_ISL_8215393,Delta,B.1.617.2,2021-12-18
-13.83962,-33.588913,-1,EPI_ISL_8603975,Delta,AY.127,2021-11-23
24.777596,-16.12335,-1,EPI_ISL_16800806,Delta,AY.113,2021-11-23
-15.347745,-34.877213,-1,EPI_ISL_7424778,Delta,AY.43,2021-11-25
-14.644708,-34.189655,-1,EPI_ISL_4540026,Delta,AY.3,2021-08-24
-15.207198,-34.31481,-1,EPI_ISL_9324893,Delta,AY.126,2022-01-20
-15.371893,-24.860916,-1,EPI_ISL_6403655,Delta,AY.25,2021-10-25
-14.480476,-34.69763,-1,EPI_ISL_8066664,Delta,AY.20,2021-11-26
-14.542861,-34.267834,-1,EPI_ISL_6171218,Delta,AY.3,2021-10-14
-46.868996,-20.60643,-1,EPI_ISL_4077677,Delta,AY.131,2021-08-31
-45.791058,-20.043907,-1,EPI_ISL_6508607,Delta,AY.99.2,2021-10-12
-31.734962,-16.982872,-1,EPI_ISL_8252226,Delta,AY.127,2021-12-11
-15.363687,-34.291237,-1,EPI_ISL_8082801,Delta,AY.121,2021-12-17
-14.434026,-34.46326,-1,EPI_ISL_5641327,Delta,AY.121,2021-09-16
-31.53197,-16.18585,-1,EPI_ISL_6886189,Delta,AY.127,2021-10-12
-15.239236,-24.9001,-1,EPI_ISL_7965501,Delta,AY.41,2021-10-24
-32.21952,-16.060923,-1,EPI_ISL_9854668,Delta,AY.127,2021-12-22
-13.909328,-33.50758,-1,EPI_ISL_5370460,Delta,AY.103,2021-09-19
-46.134506,-20.419102,-1,EPI_ISL_6427647,Delta,AY.4,2021-11-11
-14.980648,-34.416187,-1,EPI_ISL_8082750,Delta,AY.33,2021-12-17
-15.512647,-24.78295,-1,EPI_ISL_7813889,Delta,AY.100,2021-11-14
-14.465138,-34.619328,-1,EPI_ISL_6693853,Delta,AY.92,2021-09-22
-32.149376,-16.185915,-1,EPI_ISL_6001502,Delta,AY.100,2021-10-30
-14.410351,-34.197536,-1,EPI_ISL_6785048,Delta,AY.103,2021-11-04
-15.559574,-24.993872,-1,EPI_ISL_5396042,Delta,AY.41,2021-09-21
-45.939278,-20.801844,-1,EPI_ISL_6888865,Delta,AY.117,2021-10-29
-46.001877,-20.091034,-1,EPI_ISL_17462268,Delta,AY.99.2,2022-01-02
-31.52409,-16.131487,-1,EPI_ISL_7580664,Delta,B.1.617.2,2021-12-02
-14.464677,-34.291245,-1,EPI_ISL_16109885,Delta,B.1.617.2,2021
-15.379885,-25.376745,-1,EPI_ISL_4235205,Delta,AY.85,2021-07-09
-14.511847,-34.994434,-1,EPI_ISL_7923176,Delta,AY.47,2021-11-07
-14.769589,-34.29112,-1,EPI_ISL_5113041,Delta,AY.44,2021-09-14
-45.564133,-19.840565,-1,EPI_ISL_3310559,Delta,AY.4.1,2021-08-02
-15.418827,-25.64993,-1,EPI_ISL_10124767,Delta,AY.85,2021-12-28
-15.286271,-25.220524,-1,EPI_ISL_9002351,Delta,AY.30,2022-01-10
-45.994026,-20.059593,-1,EPI_ISL_8479827,Delta,AY.4,2021-12-13
-31.867758,-16.951544,-1,EPI_ISL_3438218,Delta,AY.4,2021-08-07
23.879333,-16.185875,-1,EPI_ISL_7409296,Delta,AY.103,2021-11-11
-45.2361,-19.59088,-1,EPI_ISL_16700102,Delta,AY.1,2021-09-24
-31.656925,-15.998568,-1,EPI_ISL_5436088,Delta,AY.113,2021-09-27
-31.711653,-16.90482,-1,EPI_ISL_3935001,Delta,AY.112,2021-07-15
24.63691,-16.045387,-1,EPI_ISL_4051641,Delta,AY.4,2021-08-03
-45.970436,-20.098656,-1,EPI_ISL_6515273,Delta,AY.44,2021-10-15
24.371456,-16.826632,-1,EPI_ISL_7942582,Delta,AY.44,2021-11-17
-45.892303,-20.348509,-1,EPI_ISL_7528043,Delta,AY.4.2,2021-12-03
-29.810646,-14.45668,-1,EPI_ISL_6512639,Delta,AY.122,2021-11-09
24.832108,-16.225088,-1,EPI_ISL_8471479,Delta,AY.25.1,2021-12-22
-14.449349,-34.416378,-1,EPI_ISL_8082637,Delta,AY.121,2021-12-16
-15.301812,-25.032772,-1,EPI_ISL_3828289,Delta,AY.41,2021-08-16
-45.728485,-20.668932,-1,EPI_ISL_10070548,Delta,AY.127,2021-12-27
-45.97847,-20.254833,-1,EPI_ISL_4006631,Delta,AY.20,2021-08-15
-46.048634,-20.090908,-1,EPI_ISL_4184296,Delta,AY.9,2021-08-31
-31.71941,-16.029705,-1,EPI_ISL_7930608,Delta,AY.35,2021-11-10
-14.879072,-35.041256,-1,EPI_ISL_6514392,Delta,AY.44,2021-10-14
-45.87665,-20.489105,-1,EPI_ISL_7251447,Delta,AY.117,2021-11-17
24.738518,-16.107685,-1,EPI_ISL_5422063,Delta,AY.103,2021-10-06
-45.11148,-19.381323,-1,EPI_ISL_8527475,Delta,AY.131,2021-12-20
-31.00023,-15.545379,-1,EPI_ISL_7877348,Delta,AY.36,2021-12-15
-15.3561735,-25.478043,-1,EPI_ISL_6325171,Delta,AY.79,2021-10-24
-14.260087,-34.01849,-1,EPI_ISL_6561870,Delta,AY.103,2021-11-01
-29.93713,-15.10843,-1,EPI_ISL_7161385,Delta,AY.4,2021-11-22
-45.923683,-20.62196,-1,EPI_ISL_12957594,Delta,B.1.617.2,2021-10-21
-45.907997,-20.184856,-1,EPI_ISL_7571202,Delta,AY.131,2021-11-08
-15.364037,-24.868652,-1,EPI_ISL_4337908,Delta,AY.119,2021-08-27
-14.371297,-34.283524,-1,EPI_ISL_7900020,Delta,AY.4,2021-12-06
-46.11889,-20.137514,-1,EPI_ISL_5084176,Delta,AY.67,2021-09-10
-32.563145,-16.2015,-1,EPI_ISL_7939877,Delta,AY.44,2021-11-22
-31.539627,-16.01402,-1,EPI_ISL_16800060,Delta,AY.100,2021-12-30
24.769947,-16.100006,-1,EPI_ISL_5924569,Delta,AY.68,2021-07-09
-15.433756,-34.50988,-1,EPI_ISL_7133346,Delta,B.1.617.2,2021-08-20
-32.571117,-16.732924,-1,EPI_ISL_3862291,Delta,AY.35,2021-08-05
24.78558,-16.123592,-1,EPI_ISL_2958368,Delta,AY.71,2021-06-17
-14.644792,-35.189705,-1,EPI_ISL_7424288,Delta,AY.65,2021-11-25
-31.547413,-16.185938,-1,EPI_ISL_6939040,Delta,AY.70,2021-11-17
-46.197174,-20.504686,-1,EPI_ISL_6651062,Delta,AY.25,2021-10-05
-31.625628,-16.568808,-1,EPI_ISL_8055821,Delta,AY.6,2021-11-01
-44.951637,-19.278324,-1,EPI_ISL_6070809,Delta,AY.103,2021-10-08
-15.395281,-24.892126,-1,EPI_ISL_5527108,Delta,AY.4,2021-10-20
-45.962772,-20.926807,-1,EPI_ISL_7936593,Delta,AY.110,2021-11-18
-45.142124,-19.450954,-1,EPI_ISL_8058479,Delta,AY.127,2021-11-03
-31.703777,-15.990694,-1,EPI_ISL_5632985,Delta,AY.33,2021-10-14
-45.94709,-20.145527,-1,EPI_ISL_6387020,Delta,AY.119,2021-10-26
-32.04773,-16.865711,-1,EPI_ISL_3727353,Delta,AY.36,2021-08-19
-32.53959,-16.162596,-1,EPI_ISL_5984533,Delta,B.1.617.2,2021-10-14
-31.734993,-16.318924,-1,EPI_ISL_6594844,Delta,AY.36,2021-10-19
-31.570814,-16.029634,-1,EPI_ISL_8296322,Delta,AY.122,2021-12-06
29.029507,-9.926731,-1,EPI_ISL_13571080,Delta,AY.43,2021-11-17
-31.617964,-16.06882,-1,EPI_ISL_16800499,Delta,AY.112.2,2021-10-29
-14.472848,-34.291332,-1,EPI_ISL_6170051,Delta,AY.26,2021-10-13
-15.348595,-24.93916,-1,EPI_ISL_4252939,Delta,AY.41,2021-08-22
-46.806343,-20.590778,-1,EPI_ISL_6751024,Delta,AY.69,2021-10-29
-45.98619,-20.06728,-1,EPI_ISL_4600129,Delta,AY.4,2021-09-17
-14.519019,-23.410637,-1,EPI_ISL_3828683,Delta,AY.41,2021-08-06
-46.06429,-20.16125,-1,EPI_ISL_12240916,Delta,AY.131,2022-01-04
-31.555326,-16.076672,-1,EPI_ISL_4820732,Delta,AY.36,2021-08-16
-32.484955,-16.545216,-1,EPI_ISL_5333199,Delta,AY.113,2021-09-26
-31.860228,-16.037573,-1,EPI_ISL_6400055,Delta,AY.26.1,2021-10-19
-14.621311,-35.119385,-1,EPI_ISL_8082583,Delta,AY.121,2021-12-16
-14.871298,-34.22888,-1,EPI_ISL_10093300,Delta,AY.126,2021-09-08
24.7071,-16.115608,-1,EPI_ISL_6147441,Delta,AY.103,2021-09-10
-31.55526,-16.193888,-1,EPI_ISL_16800619,Delta,AY.36,2021-11-07
-14.472778,-34.24433,-1,EPI_ISL_3907113,Delta,B.1.617.2,2021-07-30
-14.56638,-34.29134,-1,EPI_ISL_6688452,Delta,AY.9.2,2021-10-21
26.6904,-14.531418,-1,EPI_ISL_6701364,Delta,AY.6,2021-08
-31.633516,-16.162476,-1,EPI_ISL_6301955,Delta,AY.5,2021-11-06
-45.853344,-20.129755,-1,EPI_ISL_6224007,Delta,AY.5,2021-11-03
-14.386983,-34.59591,-1,EPI_ISL_8077772,Delta,AY.3,2021-12-13
-15.199227,-34.291237,-1,EPI_ISL_6485362,Delta,AY.47,2021-09
-15.481247,-25.493546,-1,EPI_ISL_4765859,Delta,AY.4,2021-09-27
-31.508362,-16.31889,-1,EPI_ISL_7000508,Delta,AY.36,2021-11-08
24.777664,-16.139183,-1,EPI_ISL_16814517,Delta,AY.127,2021-11-20
24.715248,-16.061075,-1,EPI_ISL_6325204,Delta,AY.4.6,2021-10-22
-45.962887,-20.653158,-1,EPI_ISL_8764276,Delta,AY.127,2021-12-29
-46.197166,-20.161102,-1,EPI_ISL_8242289,Delta,AY.126,2021-12-14
-45.923668,-20.22374,-1,EPI_ISL_9697255,Delta,AY.131,2022-01-03
-46.24391,-20.645586,-1,EPI_ISL_6354533,Delta,AY.90,2021-11-08
23.80096,-16.248535,-1,EPI_ISL_6436453,Delta,AY.32,2021-08-17
-45.876896,-20.200024,-1,EPI_ISL_5066348,Delta,AY.120,2021-09-11
-32.235134,-16.15463,-1,EPI_ISL_6022917,Delta,AY.36,2021-10-26
-45.165985,-19.517696,-1,EPI_ISL_8527005,Delta,AY.34.1,2021-08-08
-45.83,-20.528158,-1,EPI_ISL_5504814,Delta,AY.20,2021-08-28
24.81657,-16.139038,-1,EPI_ISL_8351158,Delta,AY.122,2021-08-27
-14.722591,-34.220993,-1,EPI_ISL_10714873,Delta,AY.103,2021-12-24
-31.63335,-16.646917,-1,EPI_ISL_3259676,Delta,AY.35,2021-06-24
-45.165573,-19.433655,-1,EPI_ISL_11706252,Delta,AY.29.2,2022-02-01
-31.563335,-16.068811,-1,EPI_ISL_11378518,Delta,AY.122,2021-12-16
-31.953817,-15.943787,-1,EPI_ISL_12099057,Delta,B.1.617.2,2021-12-15
-16.254955,-25.009455,-1,EPI_ISL_6569598,Delta,AY.122,2021-11-17
-15.387844,-25.17349,-1,EPI_ISL_8031302,Delta,AY.47,2021-12-09
-45.64238,-20.395477,-1,EPI_ISL_4599505,Delta,AY.4,2021-09-18
-45.939312,-20.160954,-1,EPI_ISL_6169458,Delta,AY.119,2021-10-12
24.644848,-15.998529,-1,EPI_ISL_6313285,Delta,AY.126,2021-10-18
-31.73531,-17.053059,-1,EPI_ISL_4402929,Delta,AY.36,2021-09-15
-45.90757,-20.12885,-1,EPI_ISL_8500254,Delta,AY.100,2021-12-08
-14.433577,-34.58026,-1,EPI_ISL_9677230,Delta,AY.107,2021-12-13
-31.8993,-17.014221,-1,EPI_ISL_5686832,Delta,AY.122,2021-09-21
-45.86103,-20.231346,-1,EPI_ISL_5451516,Delta,AY.34.2,2021-10-17
-14.527533,-34.82254,-1,EPI_ISL_2988040,Delta,AY.122,2021-06-28
-31.625517,-16.04527,-1,EPI_ISL_6507618,Delta,AY.126,2021-09-30
-31.539707,-16.170311,-1,EPI_ISL_5926652,Delta,AY.100,2021-10-23
24.746334,-17.021988,-1,EPI_ISL_3411925,Delta,AY.56,2021-06-22
-15.770517,-25.540817,-1,EPI_ISL_12292554,Delta,AY.127,2021-10-14
-31.617737,-16.053095,-1,EPI_ISL_5828216,Delta,AY.4,2021-10-25
24.762009,-16.09216,-1,EPI_ISL_6049920,Delta,AY.103,2021-09
-32.008705,-16.850006,-1,EPI_ISL_9405860,Delta,AY.3,2021-11-16
-46.98623,-20.33302,-1,EPI_ISL_3366850,Delta,AY.4,2021-07-30
-45.90037,-20.207912,-1,EPI_ISL_4221845,Delta,B.1.617.2,2021-08-26
-32.04747,-16.060997,-1,EPI_ISL_15885125,Delta,AY.122,2021-12-16
-15.348566,-25.173502,-1,EPI_ISL_3806179,Delta,B.1.617.2,2021-08-24
-15.325954,-34.495964,-1,EPI_ISL_8486319,Delta,B.1.617.2,2021-11-20
-46.16582,-20.153269,-1,EPI_ISL_8477801,Delta,AY.100,2021-12-19
-13.336488,-33.00135,-1,EPI_ISL_4498136,Delta,AY.103,2021-08-13
-44.126465,-18.39641,-1,EPI_ISL_5464285,Delta,AY.98.1,2021-09-28
-15.42682,-24.892078,-1,EPI_ISL_5585941,Delta,AY.39,2021-10-09
-46.478455,-20.278183,-1,EPI_ISL_11865163,Delta,B.1.617.2,2021-08-14
-15.5908575,-24.962667,-1,EPI_ISL_8844758,Delta,AY.41,2021-12-27
-15.5355215,-34.52576,-1,EPI_ISL_7970560,Delta,AY.122,2021-10-28
-45.822178,-20.090748,-1,EPI_ISL_7482259,Delta,AY.4,2021-12-01
-45.986206,-20.62982,-1,EPI_ISL_7813323,Delta,AY.44,2021-11-30
-46.173744,-20.981512,-1,EPI_ISL_6360856,Delta,AY.4,2021-11-09
-14.4493885,-34.424145,-1,EPI_ISL_11685361,Delta,AY.44,2021-12-02
-46.767475,-20.37196,-1,EPI_ISL_12840836,Delta,AY.101,2021-12-17
-16.200106,-25.298334,-1,EPI_ISL_7743663,Delta,AY.39,2021-11-29
-31.656998,-16.076632,-1,EPI_ISL_8806074,Delta,AY.24,2021-10-30
-46.02508,-20.887575,-1,EPI_ISL_6886468,Delta,AY.127,2021-10-06
-31.633383,-16.014187,-1,EPI_ISL_4033388,Delta,AY.35,2021-08-14
-45.10356,-19.436024,-1,EPI_ISL_8110025,Delta,AY.29,2021-10-11
-32.203884,-15.990835,-1,EPI_ISL_8126355,Delta,AY.112.2,2021-11-28
-14.590053,-34.916428,-1,EPI_ISL_3540396,Delta,AY.126,2021-08-02
-46.9002,-20.301556,-1,EPI_ISL_8401268,Delta,AY.122,2021-12-15
-15.77035,-25.74364,-1,EPI_ISL_5611309,Delta,AY.122,2021-10-03
-45.939175,-20.168808,-1,EPI_ISL_4353076,Delta,AY.4,2021-09-14
-15.394804,-34.51799,-1,EPI_ISL_6536721,Delta,AY.100,2021-10-24
-14.628902,-35.056877,-1,EPI_ISL_7366338,Delta,AY.34.1.1,2021-10-12
-31.594635,-16.123535,-1,EPI_ISL_3444876,Delta,AY.4,2021-08-07
-31.602116,-16.30334,-1,EPI_ISL_15269714,Delta,AY.129,2021-11-09
-45.88468,-20.184452,-1,EPI_ISL_9092103,Delta,AY.127,2021-12
-15.07496,-24.71271,-1,EPI_ISL_5387640,Delta,AY.54,2021-10-01
-14.80877,-34.34587,-1,EPI_ISL_6163749,Delta,AY.3,2021-10-13
24.707375,-16.100088,-1,EPI_ISL_6949268,Delta,B.1,2020-07-16
24.746445,-16.092205,-1,EPI_ISL_3122668,Delta,AY.4,2021-07-23
24.738537,-16.115505,-1,EPI_ISL_7945047,Delta,AY.103,2021-11-24
-46.103355,-20.887611,-1,EPI_ISL_3677200,Delta,AY.39.1,2021-08-04
-31.79763,-15.998594,-1,EPI_ISL_8404436,Delta,AY.44,2021-12-14
-46.072067,-21.199984,-1,EPI_ISL_11052883,Delta,B.1.617.2,2021-09-16
24.746475,-16.092129,-1,EPI_ISL_7160539,Delta,AY.3,2021-11-18
-45.908104,-20.575062,-1,EPI_ISL_5842023,Delta,AY.93,2021-10
28.779518,-10.121895,-1,EPI_ISL_13571133,Delta,AY.43,2021-11-17
-46.25186,-20.176777,-1,EPI_ISL_7760665,Delta,AY.129,2021-12-06
-15.050741,-34.580368,-1,EPI_ISL_9677239,Delta,AY.119.2,2021-12-13
-15.207348,-34.4552,-1,EPI_ISL_3833516,Delta,AY.118,2021-08-07
-45.947052,-20.161003,-1,EPI_ISL_4108402,Delta,AY.9.2.2,2021-08-29
-31.586536,-16.100039,-1,EPI_ISL_3292058,Delta,AY.36,2021-08-01
-15.222853,-34.338272,-1,EPI_ISL_9345307,Delta,AY.103,2021-12-09
-46.736374,-20.590641,-1,EPI_ISL_3879700,Delta,AY.33,2021-08-21
-14.620844,-34.892883,-1,EPI_ISL_11268213,Delta,AY.120,2021-09
-46.290817,-20.07516,-1,EPI_ISL_5603052,Delta,AY.120,2021-09-17
24.785416,-16.09989,-1,EPI_ISL_8345097,Delta,AY.122,2021-12-15
-31.555319,-16.014172,-1,EPI_ISL_6722844,Delta,B.1.617.2,2021-11-02
-14.855429,-34.213066,-1,EPI_ISL_6631336,Delta,AY.3,2021-11-03
-31.78988,-16.162516,-1,EPI_ISL_8342881,Delta,AY.112.2,2021-12-15
-31.55529,-16.178144,-1,EPI_ISL_16897750,Delta,AY.99.2,2022-01-03
-31.617825,-16.146978,-1,EPI_ISL_6846133,Delta,AY.36,2021-11-09
-14.535492,-34.28366,-1,EPI_ISL_7920489,Delta,AY.25.1,2021-11-05
-14.386912,-34.2443,-1,EPI_ISL_5641253,Delta,AY.122,2021-09-17
-46.861126,-20.379759,-1,EPI_ISL_8206363,Delta,AY.43,2021-12-13
-46.78314,-20.340786,-1,EPI_ISL_5887890,Delta,AY.9.2,2021-10-14
-31.532017,-16.11569,-1,EPI_ISL_7104666,Delta,AY.99.2,2021-10-10
-45.915836,-20.145542,-1,EPI_ISL_9609629,Delta,AY.4.13,2022-02-02
-44.962387,-19.433693,-1,EPI_ISL_14131887,Delta,AY.33,2021-12-08
-46.572063,-20.2314,-1,EPI_ISL_5164369,Delta,AY.103,2021-09-16
-15.653237,-24.767338,-1,EPI_ISL_7932551,Delta,AY.41,2021-10-28
-15.262564,-24.962572,-1,EPI_ISL_4228129,Delta,AY.41,2021-08-19
28.75621,-10.207899,-1,EPI_ISL_13571062,Delta,AY.43,2021-11-17
-45.884422,-20.176659,-1,EPI_ISL_3528785,Delta,AY.4,2021-08-14
-32.00839,-17.146856,-1,EPI_ISL_13985253,Delta,AY.30,2022-05-02
-14.687459,-34.346565,-1,EPI_ISL_6629633,Delta,AY.4,2021-11-02
-45.782986,-20.098534,-1,EPI_ISL_7649251,Delta,AY.126,2021-11-23
-32.00057,-16.943825,-1,EPI_ISL_5260528,Delta,AY.85,2021-10-03
23.996243,-17.029734,-1,EPI_ISL_14595353,Delta,AY.129,2021-10-15
-14.636944,-35.2678,-1,EPI_ISL_6571435,Delta,AY.103,2021-11-01
-31.633598,-16.037704,-1,EPI_ISL_16800436,Delta,AY.127,2021-10-25
-45.829906,-20.168943,-1,EPI_ISL_5326300,Delta,B.1.617.2,2021-10-03
-31.625774,-16.07674,-1,EPI_ISL_7467025,Delta,AY.4,2021-11-19
-45.986126,-20.098602,-1,EPI_ISL_14595541,Delta,B.1.617.2,2021-10-01
-46.079933,-20.965973,-1,EPI_ISL_3899689,Delta,AY.98.1,2021-08-07
-31.547398,-16.13136,-1,EPI_ISL_9695439,Delta,AY.36,2021-11-11
-15.637691,-24.88442,-1,EPI_ISL_5528244,Delta,AY.5,2021-10-19
-31.74296,-16.06871,-1,EPI_ISL_6031976,Delta,AY.122,2021-09-07
-45.829945,-20.075115,-1,EPI_ISL_8106708,Delta,AY.75.3,2021-09-21
-31.774185,-16.990726,-1,EPI_ISL_4522671,Delta,AY.4,2021-09-20
24.761978,-16.068739,-1,EPI_ISL_6371128,Delta,AY.26,2021-09-28
-45.92366,-20.10654,-1,EPI_ISL_5524183,Delta,AY.33,2021-10-07
-14.582169,-34.423958,-1,EPI_ISL_5641173,Delta,AY.122,2021-09-15
-46.15027,-20.129776,-1,EPI_ISL_8243489,Delta,AY.126,2021-12-23
24.72295,-16.123505,-1,EPI_ISL_4241606,Delta,AY.78,2021-08-19
-14.683657,-35.04127,-1,EPI_ISL_8000358,Delta,AY.4,2021-12-01
-46.69708,-20.856506,-1,EPI_ISL_7926459,Delta,AY.9,2021-11-20
-32.469414,-16.139042,-1,EPI_ISL_6938079,Delta,AY.113,2021-11-08
-45.993855,-20.825035,-1,EPI_ISL_8003352,Delta,AY.122,2021-11-29
-15.058548,-34.86167,-1,EPI_ISL_8604038,Delta,AY.4.5,2021-11-23
-15.426693,-24.954758,-1,EPI_ISL_4766134,Delta,AY.4,2021-09-28
-15.5515995,-25.689226,-1,EPI_ISL_5660465,Delta,AY.41,2021-10-12
-31.649014,-16.998566,-1,EPI_ISL_6398189,Delta,AY.35,2021-10-26
-31.672688,-16.107895,-1,EPI_ISL_13159097,Delta,AY.129,2021-12-27
-15.4650135,-34.713146,-1,EPI_ISL_6171694,Delta,AY.26,2021-10-14
-31.47725,-16.295395,-1,EPI_ISL_8893580,Delta,AY.122,2021-12-23
-45.853485,-20.14545,-1,EPI_ISL_9068399,Delta,AY.125,2021-12-29
-45.97039,-20.122013,-1,EPI_ISL_6787208,Delta,AY.100,2021-11-08
-46.59554,-20.942501,-1,EPI_ISL_6220476,Delta,AY.4.2,2021-11-04
24.723038,-16.061026,-1,EPI_ISL_11580737,Delta,AY.122,2021-10-30
-15.317343,-24.86105,-1,EPI_ISL_6004603,Delta,AY.4,2021-10-30
-15.872068,-25.626675,-1,EPI_ISL_3831883,Delta,AY.122,2021-07-17
-31.44624,-16.764355,-1,EPI_ISL_12301744,Delta,AY.43,2021-12-03
24.785614,-16.13934,-1,EPI_ISL_6631681,Delta,AY.44,2021-11-03
-14.675878,-34.244556,-1,EPI_ISL_6694019,Delta,AY.4.4,2021-09-25
24.769764,-16.123566,-1,EPI_ISL_9429887,Delta,AY.127,2022-01-04
24.793293,-16.107857,-1,EPI_ISL_9201909,Delta,AY.44,2021-12-24
-14.839893,-34.32247,-1,EPI_ISL_4949769,Delta,AY.9.2,2021-08-14
-31.750736,-16.006363,-1,EPI_ISL_17116558,Delta,AY.25,2021-12-15
-31.985065,-16.990692,-1,EPI_ISL_13830874,Delta,AY.122,2021-12-06
-32.266212,-16.115719,-1,EPI_ISL_9609255,Delta,AY.85,2021-12-26
24.707394,-17.068787,-1,EPI_ISL_3833557,Delta,AY.103,2021-08-14
-45.837723,-20.168839,-1,EPI_ISL_3120944,Delta,AY.126,2021-07-20
-14.503881,-34.22888,-1,EPI_ISL_6573091,Delta,AY.100,2021-11-02
-31.555494,-16.342152,-1,EPI_ISL_8888671,Delta,AY.43,2021-12-02
-31.82861,-15.982952,-1,EPI_ISL_6755418,Delta,AY.35,2021-11-08
-16.106441,-25.28284,-1,EPI_ISL_5160559,Delta,AY.68,2021-07-08
-14.558656,-34.338097,-1,EPI_ISL_3533184,Delta,AY.112,2021-07-28
-46.189148,-20.098412,-1,EPI_ISL_5624088,Delta,AY.121,2021-09-30
-31.703648,-16.092316,-1,EPI_ISL_6650644,Delta,AY.47,2021-10-05
-14.57438,-34.494427,-1,EPI_ISL_8727839,Delta,AY.124.1.1,2021-12-17
-32.07878,-16.272087,-1,EPI_ISL_10542638,Delta,AY.122,2022-02-03
-32.727024,-16.22506,-1,EPI_ISL_7521943,Delta,AY.126,2021-12-01
-14.746389,-34.838264,-1,EPI_ISL_5581017,Delta,AY.44,2021-09-24
-13.8401785,-33.61157,-1,EPI_ISL_8136309,Delta,AY.122,2021-12-20
-15.231028,-24.93137,-1,EPI_ISL_6181694,Delta,AY.20,2021-10-26
24.652641,-15.998455,-1,EPI_ISL_2987753,Delta,AY.44,2021-06-23
-31.461685,-16.19378,-1,EPI_ISL_7547630,Delta,AY.36,2021-09
-14.535376,-34.197697,-1,EPI_ISL_8082674,Delta,B.1.617.2,2021-12-16
-16.082886,-25.032717,-1,EPI_ISL_7932539,Delta,AY.41,2021-11-04
-31.524052,-16.490633,-1,EPI_ISL_7189714,Delta,AY.24,2021-10-30
-45.334606,-19.665627,-1,EPI_ISL_6886293,Delta,AY.112,2021-09-29
-15.426666,-25.017214,-1,EPI_ISL_4154101,Delta,AY.103,2021-07-16
-46.134686,-20.817236,-1,EPI_ISL_6116302,Delta,AY.104,2021-10-24
24.824677,-16.170368,-1,EPI_ISL_13571099,Delta,AY.122,2021-11-25
-45.923584,-20.145283,-1,EPI_ISL_5641109,Delta,AY.122,2021-09-24
-44.721237,-18.999147,-1,EPI_ISL_3641528,Delta,AY.4,2021-08-17
-46.02515,-21.036217,-1,EPI_ISL_7660284,Delta,AY.25.1,2021-11-12
-46.009586,-20.129862,-1,EPI_ISL_9058360,Delta,B.1.617.2,2022-01-12
-31.555576,-16.092178,-1,EPI_ISL_9120946,Delta,AY.127,2021-10-12
-14.550808,-34.32235,-1,EPI_ISL_6515457,Delta,AY.119,2021-10-15
-46.92373,-20.33297,-1,EPI_ISL_6569436,Delta,AY.25,2021-11-02
-31.625725,-16.146982,-1,EPI_ISL_6941906,Delta,AY.94,2021-11
-32.11013,-16.084404,-1,EPI_ISL_9473063,Delta,AY.127,2021-12-29
-46.283062,-20.13767,-1,EPI_ISL_5718221,Delta,AY.122,2021-10-12
-46.15026,-20.997133,-1,EPI_ISL_11141417,Delta,AY.98.1,2021-08-30
-15.387638,-24.900173,-1,EPI_ISL_4914883,Delta,AY.39,2021-09-05
-45.962975,-20.145672,-1,EPI_ISL_8408951,Delta,AY.131,2021-12-13
-46.025257,-20.762676,-1,EPI_ISL_6046201,Delta,AY.4,2021-10-30
-46.11904,-20.989155,-1,EPI_ISL_4508201,Delta,AY.122,2021-08-29
-29.948908,-14.876141,-1,EPI_ISL_8673268,Delta,AY.127,2021-12-27
-44.853394,-19.238716,-1,EPI_ISL_5163430,Delta,AY.44,2021-09-14
-45.876724,-20.254704,-1,EPI_ISL_6774302,Delta,AY.7.2,2021-11-04
-45.923637,-20.223547,-1,EPI_ISL_7542735,Delta,AY.46.6,2021-11-22
-45.96281,-20.145472,-1,EPI_ISL_5377860,Delta,AY.43,2021-10-07
-46.376606,-20.145466,-1,EPI_ISL_6871498,Delta,AY.5,2021-11-22
-45.939198,-20.51266,-1,EPI_ISL_4403993,Delta,AY.4,2021-09-16
-15.364236,-25.439175,-1,EPI_ISL_6064675,Delta,AY.103,2021-10-07
-45.931423,-20.137905,-1,EPI_ISL_7871072,Delta,AY.131,2021-11-27
24.800907,-16.318716,-1,EPI_ISL_4237520,Delta,AY.25,2021-08-06
-15.0822115,-34.306892,-1,EPI_ISL_6693943,Delta,AY.4.2,2021-09-21
-31.680565,-16.146917,-1,EPI_ISL_5050113,Delta,AY.9.2,2021-09-29
-45.88471,-20.528381,-1,EPI_ISL_6573353,Delta,AY.39,2021-11-02
-15.027278,-34.228806,-1,EPI_ISL_7425392,Delta,AY.126,2021-11-25
-14.871097,-34.283447,-1,EPI_ISL_7779573,Delta,AY.103,2021-11-13
-14.488095,-34.463104,-1,EPI_ISL_6204977,Delta,AY.3.3,2021-11-01
-15.121176,-34.596153,-1,EPI_ISL_4949749,Delta,AY.4,2021-08-10
-46.001625,-20.817268,-1,EPI_ISL_7239158,Delta,AY.3,2021-11-10
-45.908073,-20.067184,-1,EPI_ISL_3439348,Delta,AY.4,2021-08-09
-32.336372,-16.264044,-1,EPI_ISL_7268587,Delta,AY.36,2021-11-22
-14.511557,-34.384834,-1,EPI_ISL_6572519,Delta,AY.44,2021-11-02
-45.86886,-20.153206,-1,EPI_ISL_15713517,Delta,AY.4.1,2021-09-27
-46.056416,-21.114254,-1,EPI_ISL_8683962,Delta,AY.34,2022-01-02
-42.969166,-17.759727,-1,EPI_ISL_9319138,Delta,AY.23,2022-01-15
-45.81441,-20.07502,-1,EPI_ISL_7729078,Delta,AY.100,2021-11-11
-46.17375,-20.340548,-1,EPI_ISL_8055990,Delta,AY.126,2021-12-14
-14.621345,-34.994576,-1,EPI_ISL_7970489,Delta,AY.122,2021-10-05
-14.496246,-34.22857,-1,EPI_ISL_6651953,Delta,AY.26,2021-10-05
24.723076,-16.045406,-1,EPI_ISL_6160706,Delta,AY.103,2021-09-25
-15.027671,-34.182026,-1,EPI_ISL_6571558,Delta,AY.103,2021-11-01
-31.859924,-16.013905,-1,EPI_ISL_9663019,Delta,B.1.617.2,2021-12-15
-46.15023,-20.145554,-1,EPI_ISL_9366506,Delta,AY.131,2021-10-16
-28.05582,21.295391,-1,EPI_ISL_16365327,Omicron,BQ.1,2022-12-18
-40.62078,10.251575,-1,EPI_ISL_13095286,Omicron,Unassigned,2022-05-16
-32.76948,10.309904,-1,EPI_ISL_8817484,Omicron,BA.1,2022-01-07
-32.613464,10.005367,-1,EPI_ISL_10841450,Omicron,BA.1.20,2022-02-22
-40.878582,10.337479,-1,EPI_ISL_12165544,Omicron,BA.2,2022-04-07
-28.055988,21.389084,-1,EPI_ISL_16848799,Omicron,BQ.1.31,2023-01-23
-42.29495,-11.790222,-1,EPI_ISL_10520900,Omicron,BA.2.12,2022-02-11
-40.081768,10.142382,-1,EPI_ISL_13446917,Omicron,BA.2,2022-06-13
-28.032154,21.279583,-1,EPI_ISL_15816271,Omicron,Unassigned,2022-11-07
-40.7379,10.196962,-1,EPI_ISL_13722827,Omicron,BA.2,2022-06-07
-35.927094,-6.452486,-1,EPI_ISL_9296526,Omicron,BA.1.1,2022-01-21
-40.78472,10.376663,-1,EPI_ISL_13097949,Omicron,Unassigned,2022-05-23
-42.303005,-11.157618,-1,EPI_ISL_12667325,Omicron,BA.2.3.7,2022-05-05
-40.917847,10.407827,-1,EPI_ISL_11028397,Omicron,BA.2.9,2022-03-07
-40.8631,10.618967,-1,EPI_ISL_12406035,Omicron,BA.2,2022-04-22
-41.214565,10.564217,-1,EPI_ISL_10107560,Omicron,BA.2.5,2022-02-11
-40.769314,10.3610325,-1,EPI_ISL_11823417,Omicron,BA.2.9,2022-03-23
-32.613228,10.169413,-1,EPI_ISL_11245781,Omicron,BA.1.17.2,2022-03-07
-35.950726,-6.4211435,-1,EPI_ISL_12543334,Omicron,BA.1.1,2022-01-19
-36.08352,-6.265027,-1,EPI_ISL_13123538,Omicron,BA.1.1,2022-02-05
-28.071548,21.295376,-1,EPI_ISL_15939673,Omicron,BQ.1.5,2022-11-17
-35.97424,-6.069659,-1,EPI_ISL_11201051,Omicron,BA.1.1,2022-02-01
-35.85691,-6.4680395,-1,EPI_ISL_9277777,Omicron,BA.1.1,2022-01-19
-40.753647,10.259495,-1,EPI_ISL_13176770,Omicron,BA.2,2022-05-16
-28.086952,21.240623,-1,EPI_ISL_16103883,Omicron,BQ.1.11,2022-11-27
-36.083572,-6.28047,-1,EPI_ISL_10789858,Omicron,BA.1.1,2022-02-16
-27.97755,21.13897,-1,EPI_ISL_17194670,Omicron,BQ.1,2022-12-02
-32.464916,10.0287075,-1,EPI_ISL_8853077,Omicron,BA.1.17.2,2022-01-11
-40.534813,10.204628,-1,EPI_ISL_14726612,Omicron,BA.2.3,2022-04-19
-40.581795,10.2205105,-1,EPI_ISL_10306426,Omicron,BA.2.10,2022-02-03
-41.683273,9.610817,-1,EPI_ISL_11507496,Omicron,BA.2,2022-03-11
-27.79018,20.349983,-1,EPI_ISL_16296014,Omicron,BQ.1.12,2022-12-01
-41.776993,9.728302,-1,EPI_ISL_10094706,Omicron,BA.2,2022-02-12
-41.738,9.595413,-1,EPI_ISL_15456538,Omicron,BA.2,2022-06-14
-33.042923,9.036549,-1,EPI_ISL_9841685,Omicron,BA.1,2022-02-05
-33.464817,9.325527,-1,EPI_ISL_9221093,Omicron,BA.1.15.1,2022-01-07
-37.075897,-6.905546,-1,EPI_ISL_10345023,Omicron,BA.1.1.2,2022-01-17
-28.047974,21.256271,-1,EPI_ISL_16651638,Omicron,BQ.1,2022-12-28
-40.964626,10.931221,-1,EPI_ISL_12831891,Omicron,BA.2.10.1,2022-04-22
-32.52735,10.067795,-1,EPI_ISL_9768717,Omicron,BA.1,2022-02-02
-40.82404,10.415707,-1,EPI_ISL_12311518,Omicron,BA.2,2022-04-11
-32.644424,10.1927185,-1,EPI_ISL_10541794,Omicron,BA.1.17.2,2022-02-18
-36.067753,-6.319334,-1,EPI_ISL_11143283,Omicron,BA.1.1.2,2022-02-15
-28.040176,21.318718,-1,EPI_ISL_16804302,Omicron,Unassigned,2023-01-25
-36.05996,-6.2963667,-1,EPI_ISL_11070441,Omicron,BA.1.1.13,2022-02-07
-40.52712,10.196938,-1,EPI_ISL_12050756,Omicron,BA.2.10.1,2022-03-28
-40.62862,10.189285,-1,EPI_ISL_12907569,Omicron,BA.2,2022-05-10
-28.102772,21.365612,-1,EPI_ISL_16704153,Omicron,BQ.1.12,2022-12-28
-40.7771,10.361095,-1,EPI_ISL_12194889,Omicron,BA.2,2022-03-15
-36.052296,-6.3897667,-1,EPI_ISL_8946011,Omicron,BA.1.1,2022-01-09
-32.68358,10.122566,-1,EPI_ISL_9827575,Omicron,BA.1.17.2,2022-02-03
-28.16534,21.404701,-1,EPI_ISL_16524519,Omicron,BQ.1,2022-12-30
-40.73031,10.251541,-1,EPI_ISL_13037537,Omicron,BA.2,2022-04-22
-28.18874,21.326706,-1,EPI_ISL_15683286,Omicron,BQ.1.12,2022-10-24
-40.59739,10.228476,-1,EPI_ISL_15075322,Omicron,BA.2,2022
-28.032366,21.256271,-1,EPI_ISL_16329117,Omicron,BQ.1.12,2022-12-07
-36.08339,-6.2412987,-1,EPI_ISL_12987543,Omicron,BC.1,2022-01-08
-41.00358,10.814062,-1,EPI_ISL_11598573,Omicron,BA.2,2022-03-10
-40.30053,10.259371,-1,EPI_ISL_14612756,Omicron,BA.2.52,2022-07-22
-32.597614,10.083483,-1,EPI_ISL_9593600,Omicron,BA.1.15,2022-01-24
-32.71488,10.349165,-1,EPI_ISL_9431742,Omicron,BA.1,2022-01-18
-36.138092,-6.179061,-1,EPI_ISL_12372953,Omicron,BA.1.1,2022-01-19
-40.855095,10.447258,-1,EPI_ISL_12299525,Omicron,BA.2,2022-03-15
-32.71488,10.31015,-1,EPI_ISL_9021871,Omicron,BA.1.18,2022-01
-27.993258,21.271702,-1,EPI_ISL_15448095,Omicron,BQ.1,2022-10-06
-40.917725,10.54847,-1,EPI_ISL_12650292,Omicron,BA.2,2022-04
-40.74584,10.392086,-1,EPI_ISL_11677609,Omicron,Unassigned,2022-03-24
-32.496155,10.044453,-1,EPI_ISL_11778911,Omicron,BA.1.15,2022-01-07
-35.98181,-6.3898087,-1,EPI_ISL_9857180,Omicron,BA.1.1,2021-12-30
-40.89509,-9.825026,-1,EPI_ISL_12308595,Omicron,BA.2,2022-01-30
-40.72237,10.36887,-1,EPI_ISL_11081026,Omicron,BA.2,2022-02-14
-32.50399,10.083237,-1,EPI_ISL_8945309,Omicron,BA.1.15.1,2022-01-12
-40.988014,10.587563,-1,EPI_ISL_12265617,Omicron,BA.2.10,2022-04-17
-32.691383,10.247528,-1,EPI_ISL_8260423,Omicron,BA.1.15,2021-12-17
-40.683315,10.38434,-1,EPI_ISL_13154695,Omicron,BA.2.3,2022-05-24
-28.001238,21.2798,-1,EPI_ISL_16569233,Omicron,BQ.1,2022-12-22
-32.597652,10.247068,-1,EPI_ISL_9651780,Omicron,BA.1,2022-01-31
-32.66018,10.216164,-1,EPI_ISL_10478880,Omicron,BA.1,2022-02-15
-40.84722,10.454683,-1,EPI_ISL_10642049,Omicron,BA.2,2022-02-24
-28.063631,21.240501,-1,EPI_ISL_15395752,Omicron,BQ.1,2022-10-02
-35.91152,-6.4681053,-1,EPI_ISL_9881516,Omicron,BA.1.1,2022-01-17
-28.016533,21.263897,-1,EPI_ISL_16005925,Omicron,BQ.1.3,2022-11-30
-40.777016,10.384441,-1,EPI_ISL_13813517,Omicron,BA.2.9,2022-06-17
-40.75361,10.345341,-1,EPI_ISL_13089417,Omicron,BA.2,2022-05-21
-35.99752,-6.382189,-1,EPI_ISL_10835482,Omicron,BA.1.1,2022-02-18
-28.133968,21.318626,-1,EPI_ISL_16347268,Omicron,BQ.1.13,2022-12-15
-35.89593,-6.546302,-1,EPI_ISL_12738834,Omicron,BA.1.1,2022-05-03
-40.90992,10.603092,-1,EPI_ISL_12738560,Omicron,BA.2.9,2022-05-02
-40.675705,10.376558,-1,EPI_ISL_11245200,Omicron,BA.2,2022-03-07
-36.09135,-6.2178793,-1,EPI_ISL_10316058,Omicron,BA.1.1,2022-02-06
-32.47271,9.958326,-1,EPI_ISL_8381996,Omicron,BA.1,2021-12-22
-42.51387,-11.063885,-1,EPI_ISL_12954524,Omicron,BA.2,2022-04-20
-33.183636,9.5208435,-1,EPI_ISL_9693367,Omicron,BA.1,2022-01-04
24.730743,-16.920471,-1,EPI_ISL_8335137,Omicron,BA.1,2021-12-28
-14.605448,-34.986664,-1,EPI_ISL_8402522,Omicron,B.1.1.529,2021-12-13
-32.519547,10.059774,-1,EPI_ISL_10197805,Omicron,BA.1.15.1,2022-02-14
-28.094791,21.287449,-1,EPI_ISL_15901557,Omicron,BQ.1.26.2,2022-11-03
-28.133993,21.349922,-1,EPI_ISL_16132941,Omicron,BQ.1.15,2022-11-26
-32.605476,10.177155,-1,EPI_ISL_9955506,Omicron,BA.1.20,2022-01-31
-23.962162,24.978535,-1,EPI_ISL_15232628,Omicron,BQ.1.15,2022-09-23
-32.629013,10.231857,-1,EPI_ISL_10743226,Omicron,BA.1.17.2,2022-02-19
-40.573936,10.118586,-1,EPI_ISL_13141946,Omicron,BA.2.36,2022-05-23
-40.68334,10.275047,-1,EPI_ISL_12952665,Omicron,BA.2.2,2022-05-14
-40.76142,10.376717,-1,EPI_ISL_12867880,Omicron,BA.2,2022-05-08
-27.923061,21.154747,-1,EPI_ISL_16312863,Omicron,BQ.1.2,2022-12-02
-32.39435,9.942825,-1,EPI_ISL_11451612,Omicron,BA.1.15.1,2022-03-04
-40.94111,10.94696,-1,EPI_ISL_12532548,Omicron,BA.2.9,2022-04-19
-40.566063,10.31435,-1,EPI_ISL_13305152,Omicron,BA.2.9,2022-04-11
-32.464672,10.028627,-1,EPI_ISL_10484487,Omicron,BA.1,2022-02-16
-32.71495,10.216198,-1,EPI_ISL_8390500,Omicron,BA.1.15,2021-12-21
-41.113014,10.822069,-1,EPI_ISL_11263626,Omicron,BA.2,2022
-40.777023,10.59544,-1,EPI_ISL_15679427,Omicron,BA.2.2,2022-08-09
-32.5116,10.0523815,-1,EPI_ISL_8814825,Omicron,BA.1.17.2,2022-01-10
-28.071468,21.256104,-1,EPI_ISL_15372331,Omicron,Unassigned,2022-10-04
-42.193283,-11.282764,-1,EPI_ISL_16233396,Omicron,BA.2,2022-05-18
-32.488373,10.231821,-1,EPI_ISL_14134663,Omicron,BA.1.17.2,2022-01-31
-32.308537,9.989609,-1,EPI_ISL_12749946,Omicron,BA.1,2022-01-11
-32.550606,10.122402,-1,EPI_ISL_8853020,Omicron,BA.1.17.2,2022-01-10
-32.72263,10.271288,-1,EPI_ISL_9129526,Omicron,BA.1,2022-01-19
-36.05224,-6.342901,-1,EPI_ISL_8982128,Omicron,BA.1.1,2022-01-04
-32.53518,10.153603,-1,EPI_ISL_9779173,Omicron,BA.1.17.2,2022-02-02
-35.91941,-6.382099,-1,EPI_ISL_8826679,Omicron,BA.1.1,2021-12-26
-32.636772,10.060005,-1,EPI_ISL_9248930,Omicron,BA.1.15.1,2022-01-20
-40.73793,10.298496,-1,EPI_ISL_9898876,Omicron,BA.2.9,2022-02-08
-36.099174,-6.225745,-1,EPI_ISL_8460462,Omicron,BA.1.1,2021-12-16
-32.597706,10.17709,-1,EPI_ISL_10787854,Omicron,BA.1,2022-02-05
-24.743168,24.723866,-1,EPI_ISL_16090031,Omicron,BQ.1.23,2022-11-29
-36.1071,-6.218073,-1,EPI_ISL_9726349,Omicron,BA.1.1,2022-02-03
-36.091164,-6.257078,-1,EPI_ISL_9621474,Omicron,BA.1.1.15,2022-01-31
-40.605186,10.236052,-1,EPI_ISL_12362429,Omicron,BA.2.9,2022-04-12
-36.04443,-6.139859,-1,EPI_ISL_9291929,Omicron,BA.1.1,2022-01-21
-40.76931,10.446907,-1,EPI_ISL_14505520,Omicron,BA.2.68,2022-06-04
-40.870758,10.407848,-1,EPI_ISL_12283058,Omicron,BA.2,2022-04-19
-32.605473,10.177153,-1,EPI_ISL_10013657,Omicron,BA.1.20,2022-02-08
-40.316273,10.063969,-1,EPI_ISL_11068900,Omicron,BA.2.9,2022-02-22
-32.410194,10.036522,-1,EPI_ISL_10256490,Omicron,BA.1,2022-02-10
-32.61322,10.044304,-1,EPI_ISL_8821086,Omicron,BA.1,2022-01-05
-32.56635,10.1067505,-1,EPI_ISL_9984931,Omicron,BA.1,2022-01-28
-28.040138,21.279675,-1,EPI_ISL_15915778,Omicron,Unassigned,2022-11-14
-27.274446,1.0887518,-1,EPI_ISL_13567565,Omicron,BA.1.1,2022-06-09
-36.107025,-6.327427,-1,EPI_ISL_10267235,Omicron,BA.1.1,2022-01-31
-36.04445,-6.3350983,-1,EPI_ISL_11353210,Omicron,BA.1.1,2022-03-10
-40.87066,10.446947,-1,EPI_ISL_14298924,Omicron,BA.2,2022-07-02
-40.862778,10.462608,-1,EPI_ISL_13622988,Omicron,BA.2,2022-06-10
-42.93531,-11.8218,-1,EPI_ISL_13230762,Omicron,BA.2.9,2022-05-27
-40.73798,10.33757,-1,EPI_ISL_10852009,Omicron,BA.2.9,2022-02-20
-40.706757,10.259348,-1,EPI_ISL_12541964,Omicron,BA.2.3.6,2022-04-18
24.754204,-16.123384,-1,EPI_ISL_9430038,Omicron,BA.2.10,2021-12-25
-40.69884,10.298586,-1,EPI_ISL_11832685,Omicron,BA.2,2022-04-02
-40.659748,10.290716,-1,EPI_ISL_9336324,Omicron,BA.2.10.1,2022-01-24
-41.019325,10.814056,-1,EPI_ISL_12551320,Omicron,BA.2,2022-04-14
-40.67543,10.22813,-1,EPI_ISL_11510305,Omicron,BA.2,2022-03-21
-32.51183,10.052307,-1,EPI_ISL_9562389,Omicron,BA.1.15.1,2022-01-29
-40.83185,10.36104,-1,EPI_ISL_11424214,Omicron,BA.2,2022-03-11
-33.011444,9.114754,-1,EPI_ISL_9297098,Omicron,BA.1,2022-01-23
-35.606907,-7.296171,-1,EPI_ISL_10568776,Omicron,BA.1.1,2022-02-17
-41.370804,9.368813,-1,EPI_ISL_9870036,Omicron,BA.2,2022-02-07
-33.082092,8.981716,-1,EPI_ISL_9932134,Omicron,BA.1,2022-01-24
-41.68335,9.579754,-1,EPI_ISL_10887609,Omicron,BA.2,2022-03-03
-28.907337,20.631222,-1,EPI_ISL_16054797,Omicron,BQ.1,2022-11-14
-33.59768,9.591053,-1,EPI_ISL_12109459,Omicron,BA.1.15,2022-03-31
-36.075752,-6.272794,-1,EPI_ISL_11035298,Omicron,BA.1.1,2022-02-28
-35.96633,-6.382163,-1,EPI_ISL_8942785,Omicron,BA.1.1,2021-12-29
-35.825607,-6.436591,-1,EPI_ISL_11884355,Omicron,BA.1.1,2022-03-02
-28.04018,21.16256,-1,EPI_ISL_16335218,Omicron,BQ.1,2022-12-13
-36.122623,-6.257141,-1,EPI_ISL_11302937,Omicron,BA.1.1,2022-01-17
-28.047997,21.264015,-1,EPI_ISL_15905465,Omicron,BE.10,2022-11-11
-36.036606,-6.3041496,-1,EPI_ISL_11222814,Omicron,BA.1.1.1,2021-12-21
-41.07383,10.533047,-1,EPI_ISL_11029800,Omicron,BA.2.9,2022-03-08
-32.464577,10.083374,-1,EPI_ISL_9820058,Omicron,BA.1.17.2,2022-02-05
-41.097588,10.509512,-1,EPI_ISL_13144679,Omicron,BA.2.9,2022-05-17
-40.839417,10.431267,-1,EPI_ISL_14190801,Omicron,BA.2.3.7,2022-05-23
-35.93481,-6.483821,-1,EPI_ISL_10325054,Omicron,BA.1.1,2022-02-09
-40.480137,10.142317,-1,EPI_ISL_12457320,Omicron,BA.2,2022-04-16
-32.566376,10.247395,-1,EPI_ISL_11168803,Omicron,BA.1.17,2021-12-23
-24.868122,24.639374,-1,EPI_ISL_16136597,Omicron,BQ.1.2,2022-11-22
-36.091415,-6.194666,-1,EPI_ISL_10905015,Omicron,BA.1.1,2022-02-16
-35.927162,-6.382104,-1,EPI_ISL_10985578,Omicron,BA.1.1,2022-02-20
-42.34962,-11.970194,-1,EPI_ISL_13169060,Omicron,BA.2.3,2022-04-28
-32.41819,10.020912,-1,EPI_ISL_9188143,Omicron,BA.1.17,2022-01-10
-32.582092,10.1223545,-1,EPI_ISL_10761123,Omicron,BA.1,2022-02-19
-35.810036,-6.4914646,-1,EPI_ISL_9652945,Omicron,BA.1.1,2022-01-31
-28.063574,21.287315,-1,EPI_ISL_15749993,Omicron,BQ.1.11,2022-11-03
-40.901997,10.884441,-1,EPI_ISL_11461682,Omicron,BA.2,2022-03-14
-40.40983,10.142254,-1,EPI_ISL_12932544,Omicron,BA.2,2022-05-14
-32.34775,10.00527,-1,EPI_ISL_10210467,Omicron,BA.1,2021-12-22
-32.628895,10.192808,-1,EPI_ISL_9599465,Omicron,BA.1.17.2,2022-01-28
-32.55842,10.130299,-1,EPI_ISL_9335070,Omicron,BA.1.15,2022-01-14
-32.605484,10.020878,-1,EPI_ISL_9640591,Omicron,BA.1.5,2022-01-31
-32.519447,10.075489,-1,EPI_ISL_8816990,Omicron,BA.1.15,2022-01-06
-36.099167,-6.210186,-1,EPI_ISL_8953607,Omicron,BA.1.1,2022-01-05
-40.78487,10.431259,-1,EPI_ISL_14133320,Omicron,BA.2,2022-06-30
-28.001202,21.23272,-1,EPI_ISL_17022323,Omicron,BQ.1,2023-01-31
-42.349632,-11.16551,-1,EPI_ISL_12526633,Omicron,BA.2.9,2022-04-26
-32.60553,10.075344,-1,EPI_ISL_8975707,Omicron,BA.1.17.2,2022-01-04
-42.32623,-11.126362,-1,EPI_ISL_11850471,Omicron,BA.2,2022-03-17
-40.644127,10.251472,-1,EPI_ISL_15865350,Omicron,BA.2,2022-06-30
-32.542816,10.278683,-1,EPI_ISL_9226823,Omicron,BA.1.15.1,2022-01-02
-40.76139,10.314169,-1,EPI_ISL_12115376,Omicron,BA.2.3,2022-04-03
-28.07926,21.256409,-1,EPI_ISL_15946808,Omicron,BQ.1,2022-11-14
-40.863045,10.595516,-1,EPI_ISL_13741285,Omicron,BA.2,2022-06-24
-28.08694,21.373158,-1,EPI_ISL_16163361,Omicron,Unassigned,2022-11-22
-36.0367,-6.3195477,-1,EPI_ISL_10324691,Omicron,BA.1.1,2022-02-08
-27.977646,21.302986,-1,EPI_ISL_16307422,Omicron,BQ.1.2,2022-12-11
-32.44131,10.028664,-1,EPI_ISL_8823700,Omicron,BA.1.17.2,2022-01-09
-41.003662,10.610828,-1,EPI_ISL_12346271,Omicron,BA.2,2022-04-23
-28.06353,21.279652,-1,EPI_ISL_15179287,Omicron,BQ.1.14,2022-09-18
-40.776894,10.322018,-1,EPI_ISL_13381363,Omicron,BA.2,2022-06-09
-28.032204,21.303078,-1,EPI_ISL_15541552,Omicron,BQ.1.5,2022-10-09
-40.43322,10.157856,-1,EPI_ISL_13145765,Omicron,BA.2.41,2022-05-11
-40.87866,10.595345,-1,EPI_ISL_12722257,Omicron,BA.2.3,2022-05-04
-28.009037,21.35756,-1,EPI_ISL_16320175,Omicron,BQ.1,2022-12-10
-40.737835,10.314205,-1,EPI_ISL_13523752,Omicron,BA.2.9.3,2022-05-10
-40.925507,10.415852,-1,EPI_ISL_11046134,Omicron,BA.2,2022-02-21
-42.310776,-11.157621,-1,EPI_ISL_12826937,Omicron,BA.2.3,2022-05-11
-41.706425,9.501678,-1,EPI_ISL_10211320,Omicron,BA.2,2022-02-16
-41.651962,9.595406,-1,EPI_ISL_14017749,Omicron,BA.2.3.1,2022-06-20
-41.54267,9.431332,-1,EPI_ISL_13421977,Omicron,BA.2.36,2022-06-15
-33.675674,9.481953,-1,EPI_ISL_11602794,Omicron,BA.1,2022-02-24
-29.133984,21.686066,-1,EPI_ISL_15682191,Omicron,BQ.1,2022-10-12
-36.028877,-7.41354,-1,EPI_ISL_11677803,Omicron,Unassigned,2022-03-13
-41.675346,9.532722,-1,EPI_ISL_11273158,Omicron,BA.2,2022-03-16
-41.83962,9.673313,-1,EPI_ISL_11906154,Omicron,BA.2,2022-03-21
-33.597786,9.755398,-1,EPI_ISL_8790467,Omicron,BA.1,2022-01-05
-41.62856,9.446793,-1,EPI_ISL_10359267,Omicron,Unassigned,2022-02-11
-36.81008,-7.2494316,-1,EPI_ISL_10897347,Omicron,BA.1.1,2022-02-23
-35.981922,-6.4132795,-1,EPI_ISL_11875700,Omicron,Unassigned,2022-03-26
-28.102837,21.342133,-1,EPI_ISL_16386516,Omicron,BQ.1.23,2022-12-27
-40.769066,10.306343,-1,EPI_ISL_12046299,Omicron,BA.2.9,2022-04-05
-32.464947,10.052193,-1,EPI_ISL_8843540,Omicron,BA.1,2022-01-05
-36.177265,-6.1088066,-1,EPI_ISL_9886946,Omicron,BA.1.1,2022-01-18
-32.394447,10.020863,-1,EPI_ISL_9414805,Omicron,BA.1.9,2022-01-11
-40.870705,10.548664,-1,EPI_ISL_12227981,Omicron,BA.2.3,2022-04-12
24.746338,-16.0921,-1,EPI_ISL_9940202,Omicron,BA.1,2022-01-25
-40.519295,10.173466,-1,EPI_ISL_9730670,Omicron,BA.2.10,2022-01
-32.55067,10.1147,-1,EPI_ISL_10830193,Omicron,BA.1.15,2022-02-03
-40.949142,10.493729,-1,EPI_ISL_11675155,Omicron,BA.2,2022-03-21
-28.593502,-0.061608315,-1,EPI_ISL_11822447,Omicron,BA.1.1,2022-03-14
-41.073868,10.657768,-1,EPI_ISL_13036094,Omicron,BA.2,2022-05-11
-32.69151,10.263159,-1,EPI_ISL_9073474,Omicron,BA.1,2022-01-10
-36.05228,-6.3585978,-1,EPI_ISL_10247156,Omicron,BA.1.1,2022-01-07
-32.699326,10.302118,-1,EPI_ISL_10566841,Omicron,BA.1.15,2022-02-14
-40.87087,10.392286,-1,EPI_ISL_13139801,Omicron,Unassigned,2022-05-23
-28.165295,21.37331,-1,EPI_ISL_16605271,Omicron,BQ.1,2023-01-09
-42.30268,-11.188924,-1,EPI_ISL_13523809,Omicron,BA.2.23,2022-05-05
-28.008926,21.209343,-1,EPI_ISL_16173510,Omicron,BQ.1.3,2022-12-10
-36.09937,-6.280426,-1,EPI_ISL_10462277,Omicron,BA.1.1,2022-02-13
-40.40989,10.212738,-1,EPI_ISL_10521342,Omicron,BA.2,2022-02-23
-28.032759,21.24842,-1,EPI_ISL_16676137,Omicron,BQ.1.14,2023-01-06
-36.138035,-6.1478195,-1,EPI_ISL_9116080,Omicron,BA.1.1,2022-01-19
-32.62876,10.137909,-1,EPI_ISL_16708209,Omicron,BA.1,2022-12-29
-28.024647,21.33419,-1,EPI_ISL_16479979,Omicron,BQ.1.15,2022-12-05
-28.126207,21.365658,-1,EPI_ISL_16296363,Omicron,BQ.1,2022-11-27
-35.966507,-6.3507175,-1,EPI_ISL_8749240,Omicron,BA.1.1.14,2021-12-13
-32.60537,10.395893,-1,EPI_ISL_9985371,Omicron,BA.1,2022-02-02
-40.933437,10.642265,-1,EPI_ISL_10511081,Omicron,BA.2,2022-02-22
-40.74587,10.532871,-1,EPI_ISL_13578488,Omicron,BA.2,2022-06-08
-32.581966,10.161451,-1,EPI_ISL_9108839,Omicron,BA.1,2022-01-05
-22.508656,25.141766,-1,EPI_ISL_15921725,Omicron,BQ.1.1.31,2022-11-14
-35.94281,-6.3039694,-1,EPI_ISL_11021501,Omicron,BA.1.1,2022-02-21
-28.07154,21.310863,-1,EPI_ISL_16708287,Omicron,BQ.1.2,2023-01-01
-32.621037,10.099096,-1,EPI_ISL_10235180,Omicron,BA.1,2022-01-21
-32.753876,10.364532,-1,EPI_ISL_9000224,Omicron,BD.1,2022-01-13
-21.633282,27.08604,-1,EPI_ISL_16729709,Omicron,BQ.1.10,2022-12-26
-28.001099,21.248405,-1,EPI_ISL_16731988,Omicron,BQ.1.12,2023-01-07
-40.88646,10.361134,-1,EPI_ISL_13217407,Omicron,BA.2.3,2022-05-22
-40.659855,10.267235,-1,EPI_ISL_10565557,Omicron,BA.2.3,2022-02-15
-27.985472,21.240658,-1,EPI_ISL_16264312,Omicron,BQ.1,2022-12-01
-28.016851,21.295177,-1,EPI_ISL_16134505,Omicron,BQ.1.16,2022-12-07
-35.98183,-6.280548,-1,EPI_ISL_8817933,Omicron,BA.1.1,2022-01-11
-28.110458,21.310875,-1,EPI_ISL_15324076,Omicron,BQ.1.2,2022-09-21
-33.410103,9.137989,-1,EPI_ISL_12267727,Omicron,BA.1.20,2021-12-22
-37.06006,-5.8118896,-1,EPI_ISL_9738515,Omicron,BA.1.1,2022-02-02
-26.307442,2.247776,-1,EPI_ISL_9264631,Omicron,BA.1.1,2022-01-18
-33.199005,9.09111,-1,EPI_ISL_9780037,Omicron,BA.1.15.1,2022-02-03
-41.628365,9.5796585,-1,EPI_ISL_9785728,Omicron,BA.2,2022-02-03
-41.68327,9.71265,-1,EPI_ISL_12815866,Omicron,BA.2,2022-04-27
-33.5431,9.278538,-1,EPI_ISL_9379539,Omicron,BA.1,2022-01-24
-41.589657,9.407974,-1,EPI_ISL_12681325,Omicron,BA.2.3,2022-04-22
-35.950523,-6.4054976,-1,EPI_ISL_10869725,Omicron,BA.1.1,2022-02-25
-35.95855,-6.483778,-1,EPI_ISL_10687399,Omicron,BA.1.1,2022-02-26
-32.683502,10.33353,-1,EPI_ISL_8925882,Omicron,BA.1.18,2021-12-27
-41.11295,10.626541,-1,EPI_ISL_12710618,Omicron,BA.2,2022-04-20
-41.394356,10.603258,-1,EPI_ISL_10678591,Omicron,BA.2.9,2022-02-26
-28.0011,21.224998,-1,EPI_ISL_16305675,Omicron,BQ.1,2022-12-13
-36.0365,-6.319359,-1,EPI_ISL_8388837,Omicron,BA.1.1,2021-12-23
-40.67562,10.259464,-1,EPI_ISL_12951314,Omicron,BA.2.3.1,2022-04-08
-40.605164,10.142429,-1,EPI_ISL_11198432,Omicron,BA.2,2022-03-12
-42.2793,-11.345202,-1,EPI_ISL_13111131,Omicron,BA.2,2022-05-20
-32.691425,10.263088,-1,EPI_ISL_12559866,Omicron,BA.1.1,2022-03-01
-35.95076,-6.2726727,-1,EPI_ISL_8869675,Omicron,BA.1.1,2022-01-03
-40.81627,10.392147,-1,EPI_ISL_11760544,Omicron,BA.2,2022-03-22
-40.683174,10.35321,-1,EPI_ISL_12328779,Omicron,BA.2.10,2022-04-01
-35.94275,-6.319538,-1,EPI_ISL_10025568,Omicron,BA.1.1,2022-01-26
-28.048069,21.18591,-1,EPI_ISL_16570026,Omicron,BQ.1.2,2022-12-23
-28.0088,21.334366,-1,EPI_ISL_15284179,Omicron,BQ.1,2022-10-01
-43.341785,-11.399756,-1,EPI_ISL_10730002,Omicron,BA.2,2022-02-23
-40.769173,10.407993,-1,EPI_ISL_12189326,Omicron,BA.2,2022-04-07
-28.055782,21.209297,-1,EPI_ISL_16122255,Omicron,BQ.1.13,2022-11-14
-28.055769,21.357819,-1,EPI_ISL_17520621,Omicron,BQ.1,2023-01-16
-40.573856,10.157892,-1,EPI_ISL_9240530,Omicron,BA.2.9,2022-01-22
-35.966328,-6.2648106,-1,EPI_ISL_12322387,Omicron,BA.1.1,2022-03-16
-42.271507,-11.423235,-1,EPI_ISL_13454084,Omicron,BA.2.3,2022-06-03
-40.706867,10.28278,-1,EPI_ISL_11433929,Omicron,BA.2,2022-03-20
-40.769276,10.415796,-1,EPI_ISL_14535477,Omicron,BA.2,2022-07-04
-40.96486,10.251654,-1,EPI_ISL_14141786,Omicron,BA.2.3.1,2022-07-04
-36.20835,-6.1475964,-1,EPI_ISL_9038626,Omicron,BA.1.1.18,2022-01-04
-36.00531,-6.3820124,-1,EPI_ISL_10194556,Omicron,BA.1.1,2022-02-15
26.26038,-14.716355,-1,EPI_ISL_14245356,Omicron,BA.2,2022-07-12
-28.03234,21.248302,-1,EPI_ISL_16743331,Omicron,BE.10,2022-12-19
-36.1696,-6.1321163,-1,EPI_ISL_9115367,Omicron,BA.1.1,2022-01-19
-40.214523,10.150055,-1,EPI_ISL_12236979,Omicron,BA.2.22,2022-04-15
-40.777115,10.462593,-1,EPI_ISL_11073144,Omicron,BA.2.9,2022-02-14
-36.044327,-6.3038206,-1,EPI_ISL_9469217,Omicron,BA.1.1,2022-01-14
-40.495758,10.243839,-1,EPI_ISL_12045132,Omicron,BA.2.9,2022-03-28
-32.6601,10.2707,-1,EPI_ISL_10521653,Omicron,BA.1,2022-01-13
-36.161453,-6.1008434,-1,EPI_ISL_10373297,Omicron,BA.1.1,2022-02-11
-36.200623,-6.1866226,-1,EPI_ISL_10383159,Omicron,BA.1.1,2022-02-10
-32.51166,10.145901,-1,EPI_ISL_10835316,Omicron,BA.1.15,2022-01-17
-28.141861,21.435997,-1,EPI_ISL_17039392,Omicron,BE.9,2022-11-05
24.879189,-15.865611,-1,EPI_ISL_10066137,Omicron,BA.2,2022-01-10
-23.836866,25.28534,-1,EPI_ISL_16131463,Omicron,BQ.1.2,2022-12-01
-36.80978,-7.249283,-1,EPI_ISL_12972916,Omicron,BA.1.1,2022-02-26
-36.86459,-7.272848,-1,EPI_ISL_9185930,Omicron,BA.1.1,2022-01-11
-40.776855,10.32983,-1,EPI_ISL_12793562,Omicron,Unassigned,2022-03-27
-40.644157,10.306267,-1,EPI_ISL_13220795,Omicron,BA.2,2022-05-28
-28.016869,21.248367,-1,EPI_ISL_17085857,Omicron,BQ.1.15,2023-02-20
-36.114597,-6.2960167,-1,EPI_ISL_8831103,Omicron,BA.1.1,2021-12-30
-40.93316,10.5485115,-1,EPI_ISL_12547686,Omicron,BA.2,2022-04-28
-32.425644,10.044281,-1,EPI_ISL_8858221,Omicron,BA.1.15.1,2022-01-11
-40.85508,10.470249,-1,EPI_ISL_12520459,Omicron,BA.2.12,2022-04-22
-32.449158,9.997299,-1,EPI_ISL_12949557,Omicron,BA.1.15,2022-01-12
-36.05234,-6.249236,-1,EPI_ISL_8744300,Omicron,BA.1.1,2021-12-21
-35.895844,-6.2805834,-1,EPI_ISL_10097678,Omicron,BA.1.1,2022-02-06
-40.487896,10.150211,-1,EPI_ISL_14110312,Omicron,BA.2,2022-05-21
-32.707024,10.286324,-1,EPI_ISL_9182273,Omicron,BA.1.15,2022-01-08
-42.865116,-11.204655,-1,EPI_ISL_13329299,Omicron,BA.2,2022-05-09
-36.0912,-6.3196526,-1,EPI_ISL_12076106,Omicron,BA.1.1,2022-03-17
-32.566334,10.083488,-1,EPI_ISL_9763799,Omicron,BA.1.17.2,2022-01-07
-40.66774,10.173439,-1,EPI_ISL_11227338,Omicron,BA.2,2022-02-28
-32.519592,10.01292,-1,EPI_ISL_14148134,Omicron,BA.1.17.2,2021-12-07
-40.550385,10.212412,-1,EPI_ISL_10710101,Omicron,BA.2,2022-02-25
-41.42858,-10.242922,-1,EPI_ISL_10746642,Omicron,BA.2,2022-02
-40.730072,10.298454,-1,EPI_ISL_14043726,Omicron,BA.2.3.1,2022-06-19
-32.63694,10.247385,-1,EPI_ISL_9316132,Omicron,BA.1.15.1,2022-01-24
-32.566345,10.091114,-1,EPI_ISL_8848543,Omicron,BA.1.17.2,2022-01-11
-41.648205,-10.633129,-1,EPI_ISL_10746179,Omicron,BA.2.10,2022-02
-40.652115,10.384407,-1,EPI_ISL_13122708,Omicron,BA.2.9,2022-05-24
-32.57424,10.153564,-1,EPI_ISL_10002769,Omicron,BA.1.15.1,2022-02-07
-40.831802,10.3609295,-1,EPI_ISL_14127755,Omicron,BA.2.3.1,2022-06-22
-27.977793,21.240494,-1,EPI_ISL_15619458,Omicron,BQ.1.23,2022-10-21
-41.112885,10.821812,-1,EPI_ISL_15728903,Omicron,BA.2,2022-10-10
-35.974205,-6.303829,-1,EPI_ISL_11362007,Omicron,BA.2,2022-03-09
-36.021095,-6.3274183,-1,EPI_ISL_8998842,Omicron,BA.1.1,2022-01-15
-28.009007,21.256111,-1,EPI_ISL_16409162,Omicron,BQ.1.10,2022-12-25
-40.94923,10.853046,-1,EPI_ISL_13030076,Omicron,BA.2,2022-05-21
-40.917572,10.267252,-1,EPI_ISL_10938141,Omicron,BA.2,2022-03-05
-40.777138,10.306179,-1,EPI_ISL_13342481,Omicron,BA.2.9.3,2022-05-30
-36.27105,-6.061859,-1,EPI_ISL_15529147,Omicron,BA.1.1.18,2022-01-24
-32.691277,10.145893,-1,EPI_ISL_8520708,Omicron,BA.1.20,2022-01-02
-40.581673,10.189047,-1,EPI_ISL_11865128,Omicron,BA.2.3,2022-03-30
-32.496193,10.020819,-1,EPI_ISL_10498345,Omicron,BA.1.18,2022-02-15
-36.036457,-6.319416,-1,EPI_ISL_12163197,Omicron,BA.1.1,2022-02-12
-28.215376,-0.00034046173,-1,EPI_ISL_15865420,Omicron,BA.1.1,2022-07-04
-32.574097,10.059967,-1,EPI_ISL_10828685,Omicron,BA.1.15,2022-01-31
-28.001274,21.240631,-1,EPI_ISL_16278218,Omicron,BQ.1.8,2022-12-13
-40.855194,10.392307,-1,EPI_ISL_14190976,Omicron,BA.2.3.7,2022-05-27
-32.566322,10.091188,-1,EPI_ISL_10941290,Omicron,Unassigned,2022-02-20
-40.79261,10.345524,-1,EPI_ISL_12947998,Omicron,BA.2.3.1,2022-04-26
-40.49576,10.196846,-1,EPI_ISL_12674843,Omicron,BA.2,2022-04-30
-40.54264,10.196863,-1,EPI_ISL_10094695,Omicron,BA.2,2022-02-13
-36.075794,-6.2649164,-1,EPI_ISL_9087865,Omicron,BA.1.1,2022-01-11
-40.652092,10.22842,-1,EPI_ISL_10999013,Omicron,BA.2,2022
-40.487892,10.220409,-1,EPI_ISL_9994139,Omicron,BA.2,2022-02-10
-32.605316,10.091265,-1,EPI_ISL_12617983,Omicron,BA.1,2022-04-26
-41.722385,9.657822,-1,EPI_ISL_9460039,Omicron,BA.2,2022-01-20
-42.685604,-11.907367,-1,EPI_ISL_17329979,Omicron,BA.2,2022-05-09
-33.5742,9.747475,-1,EPI_ISL_10413394,Omicron,BA.1,2022-02-20
-36.50551,-7.3352013,-1,EPI_ISL_8603281,Omicron,BA.1.1,2021-12-31
-36.981945,-6.7962685,-1,EPI_ISL_11815299,Omicron,BA.1.1,2022-03-13
-32.78523,9.067833,-1,EPI_ISL_8419098,Omicron,BA.1,2021-12-29
-33.14463,9.067835,-1,EPI_ISL_10254984,Omicron,BA.1,2022-02-11
-41.73804,9.689087,-1,EPI_ISL_13538554,Omicron,BA.2.1,2022-06-09
-36.99748,-6.65559,-1,EPI_ISL_8815693,Omicron,BA.1.1,2021-12-29
-40.620857,10.22813,-1,EPI_ISL_11380712,Omicron,BA.2,2022-03-17
-32.347534,9.927132,-1,EPI_ISL_9846726,Omicron,BA.1.13.1,2022-01-21
-22.674385,25.77248,-1,EPI_ISL_16398337,Omicron,CH.1.1.2,2022-12-09
-40.66005,10.321917,-1,EPI_ISL_10511243,Omicron,BA.2,2022-02-22
-36.26319,-6.0460596,-1,EPI_ISL_10726636,Omicron,BA.1.1,2022-02-28
-36.161587,-6.1946487,-1,EPI_ISL_9289945,Omicron,BA.1.1.13,2022-01-23
-28.055725,21.311012,-1,EPI_ISL_16187004,Omicron,BQ.1.10.1,2022-12-09
-36.021202,-6.2648745,-1,EPI_ISL_11864959,Omicron,BA.1.1,2022-02-17
-32.67584,10.192671,-1,EPI_ISL_8404722,Omicron,BA.1,2021-12-14
-32.410206,10.106655,-1,EPI_ISL_10586230,Omicron,BA.1,2022-02-17
-42.599716,-11.657641,-1,EPI_ISL_9164042,Omicron,BA.2,2022-01-16
-41.027054,11.009571,-1,EPI_ISL_13626333,Omicron,BA.2,2022-06-27
-40.792603,10.376549,-1,EPI_ISL_13303830,Omicron,BA.2,2022-05-30
-36.052197,-6.194601,-1,EPI_ISL_17554391,Omicron,BA.1.1.2,2022-03-30
-40.581684,10.228088,-1,EPI_ISL_10416609,Omicron,BA.2.1,2022-02-21
-36.177315,-6.2102604,-1,EPI_ISL_10608576,Omicron,BA.1.1,2022-01-07
-32.277245,9.934866,-1,EPI_ISL_10861812,Omicron,BA.1.21,2022-02-05
-28.20607,0.34127235,-1,EPI_ISL_12025043,Omicron,BA.1.1,2022-03-28
-36.1225,-6.2962265,-1,EPI_ISL_9042001,Omicron,BA.1.1.2,2022-01-06
-40.933353,10.689068,-1,EPI_ISL_15305480,Omicron,BA.2,2022-05-30
-20.327967,26.809624,-1,EPI_ISL_17349066,Omicron,BQ.1.16,2023-03-16
-36.044285,-6.303895,-1,EPI_ISL_9349368,Omicron,BA.1.1,2022-01-07
-40.956768,10.681318,-1,EPI_ISL_11260668,Omicron,BA.2.10.1,2022-03-10
-35.99761,-6.335087,-1,EPI_ISL_13391949,Omicron,BA.1.1,2022-05-16
-32.659992,10.200451,-1,EPI_ISL_9778273,Omicron,BA.1,2022-02-02
-40.78478,10.400051,-1,EPI_ISL_13169548,Omicron,BA.2,2022-05-21
-27.824364,1.1708822,-1,EPI_ISL_9623465,Omicron,BA.1.1,2022-01-04
-32.457184,10.0209255,-1,EPI_ISL_8600022,Omicron,BA.1.20,2021-12-26
-36.138176,-6.218133,-1,EPI_ISL_10687588,Omicron,BC.1,2022-01-19
-40.519123,10.243916,-1,EPI_ISL_12068517,Omicron,BA.2,2022-03-28
-40.90207,10.49383,-1,EPI_ISL_10976587,Omicron,BA.2.10,2022-03-06
-40.73819,10.407814,-1,EPI_ISL_12282051,Omicron,BA.2,2022-04-18
-32.503975,10.16918,-1,EPI_ISL_8831144,Omicron,BA.1.15,2021-12-30
-40.386387,10.173357,-1,EPI_ISL_14110036,Omicron,BA.2.3.1,2022-05-27
-36.005337,-6.3118773,-1,EPI_ISL_10684293,Omicron,Unassigned,2022-02-18
-32.613243,10.153706,-1,EPI_ISL_8746648,Omicron,BA.1,2022-01-13
-36.005573,-6.49932,-1,EPI_ISL_11492881,Omicron,BA.1.1,2022-02-25
-40.964386,10.688911,-1,EPI_ISL_13539238,Omicron,BA.2.52,2022-06-16
-36.05239,-6.366453,-1,EPI_ISL_11874981,Omicron,Unassigned,2022-04-04
-41.230278,10.556328,-1,EPI_ISL_11962098,Omicron,BA.2,2022-03-22
-23.086224,25.33321,-1,EPI_ISL_17288589,Omicron,BQ.1.8,2023-02-14
-28.063623,21.295204,-1,EPI_ISL_16340092,Omicron,BQ.1.12,2022-12-07
-41.011272,10.595266,-1,EPI_ISL_9501121,Omicron,BA.2,2022-01-24
-35.91942,-6.3977623,-1,EPI_ISL_9509495,Omicron,BA.1,2022-01-23
-35.919235,-6.405654,-1,EPI_ISL_10221421,Omicron,BA.1.1,2022-01-17
-42.310555,-11.188828,-1,EPI_ISL_11209820,Omicron,BA.2,2022-02-04
-28.0011,21.334381,-1,EPI_ISL_17523399,Omicron,BQ.1.12,2023-03-21
-32.472595,10.013016,-1,EPI_ISL_11454523,Omicron,BA.1.18,2022-03-07
-40.69117,10.345245,-1,EPI_ISL_13240154,Omicron,BA.2.71,2022-05-25
-32.53528,10.044294,-1,EPI_ISL_12136246,Omicron,BA.1.17.2,2022-02-17
-40.9176,10.415676,-1,EPI_ISL_11964574,Omicron,BA.2.12,2022-03-21
-28.055975,21.272038,-1,EPI_ISL_17485344,Omicron,BQ.1.23,2023-01-08
-40.456783,10.134401,-1,EPI_ISL_11874525,Omicron,Unassigned,2022-03-28
-32.574142,10.122494,-1,EPI_ISL_8976517,Omicron,BA.1.15,2021-12-30
-32.378853,10.028608,-1,EPI_ISL_8931513,Omicron,BA.1.17.2,2022-01-14
-35.90355,-6.311901,-1,EPI_ISL_10233741,Omicron,BA.1.1.18,2022-01-31
-36.153793,-6.1787653,-1,EPI_ISL_9175122,Omicron,BA.1.1,2022-01-19
-32.582035,10.169144,-1,EPI_ISL_12464183,Omicron,BA.1.15,2022-01-13
-32.48053,10.067724,-1,EPI_ISL_9065950,Omicron,BA.1,2022-01-18
-32.707054,10.349203,-1,EPI_ISL_9073363,Omicron,BA.1,2022-01-10
-40.370903,10.189243,-1,EPI_ISL_11989531,Omicron,BA.2,2022-04-04
-40.83172,10.407722,-1,EPI_ISL_12040384,Omicron,BA.2,2022-04-07
-40.29254,10.134495,-1,EPI_ISL_13282557,Omicron,BA.2.3,2022-06-03
-40.847458,10.368835,-1,EPI_ISL_10094745,Omicron,BA.2,2022-02-13
-41.605286,9.564224,-1,EPI_ISL_15144083,Omicron,BA.2,2022-04-22
-31.785103,10.872284,-1,EPI_ISL_8821339,Omicron,BA.1,2022-01-09
-36.396088,-7.3429585,-1,EPI_ISL_10413421,Omicron,BA.1.1,2022-02-19
-41.722424,9.595421,-1,EPI_ISL_11805552,Omicron,BA.2,2022-03-30
-36.58345,-7.2961254,-1,EPI_ISL_9187484,Omicron,BA.1.1,2022-01-10
-41.659813,9.501549,-1,EPI_ISL_12166985,Omicron,BA.2.12,2022-04-05
-32.800644,9.1457405,-1,EPI_ISL_9557914,Omicron,BA.1,2022-01-29
-33.128838,9.067816,-1,EPI_ISL_8758597,Omicron,BA.1,2022-01-10
-35.755135,-6.468135,-1,EPI_ISL_10740668,Omicron,BA.1.1.1,2022-02-07
-40.988037,10.907825,-1,EPI_ISL_12653314,Omicron,BA.2,2022-05-06
-36.075645,-6.303852,-1,EPI_ISL_10513848,Omicron,BA.1.1,2022-02-23
-35.911552,-6.4914694,-1,EPI_ISL_13032880,Omicron,BA.1.1,2022-01-25
-36.13028,-6.248993,-1,EPI_ISL_9660858,Omicron,BA.1.1.18,2022-01-21
-40.776947,10.337627,-1,EPI_ISL_14964919,Omicron,BA.2.12,2022-04-11
-40.792824,10.337645,-1,EPI_ISL_8418858,Omicron,BA.2.9,2021-12-27
-36.04442,-6.2727966,-1,EPI_ISL_9940089,Omicron,BA.1.1,2022-02-04
-28.118235,21.34967,-1,EPI_ISL_17395064,Omicron,BQ.1.13.1,2023-02-01
-40.776897,10.400017,-1,EPI_ISL_13637119,Omicron,BA.2,2022-06-06
-28.05579,21.303059,-1,EPI_ISL_16989255,Omicron,BQ.1.23,2023-02-06
-32.464813,10.036465,-1,EPI_ISL_11225792,Omicron,BA.1.18,2021-12-27
-32.48812,10.106918,-1,EPI_ISL_9306845,Omicron,BA.1,2022-01-23
-32.480274,10.083424,-1,EPI_ISL_8935111,Omicron,BA.1.17.2,2022-01-12
-32.66011,10.208355,-1,EPI_ISL_9177201,Omicron,BA.1,2022-01-18
-41.02718,10.4939,-1,EPI_ISL_9107462,Omicron,BA.2.10.1,2022-01-03
-36.06008,-6.3196335,-1,EPI_ISL_11455825,Omicron,BA.1.1,2022-03-04
-28.024647,21.232841,-1,EPI_ISL_16082707,Omicron,BQ.1,2022-11-28
-32.597454,10.17725,-1,EPI_ISL_11242082,Omicron,BA.1.18,2022-03-03
-27.94657,21.154594,-1,EPI_ISL_15540168,Omicron,BQ.1.8,2022-10-04
-32.581985,10.091183,-1,EPI_ISL_8756903,Omicron,BA.1.16,2022-01-05
-27.954412,21.224846,-1,EPI_ISL_16654252,Omicron,BQ.1.8,2023-01-13
-40.97212,11.0092945,-1,EPI_ISL_12670230,Omicron,BA.2,2022-04-27
-42.349586,-12.01708,-1,EPI_ISL_14085835,Omicron,BA.2,2022-02-18
-40.847332,10.454842,-1,EPI_ISL_9352484,Omicron,BA.2.10,2022-01-20
-36.1147,-6.319476,-1,EPI_ISL_8858317,Omicron,BA.1.1.15,2022-01-11
-40.636406,10.267281,-1,EPI_ISL_13084236,Omicron,BA.2,2022-04
-40.57394,10.228146,-1,EPI_ISL_11964069,Omicron,BA.2.9,2022-03-22
-35.958504,-6.4290915,-1,EPI_ISL_8858988,Omicron,BA.1.1.11,2022-01-12
-28.055874,21.310799,-1,EPI_ISL_17660066,Omicron,BQ.1.12,2023-03-20
-40.96452,10.556374,-1,EPI_ISL_13421962,Omicron,BA.2,2022-06-13
-28.032341,21.193619,-1,EPI_ISL_17174686,Omicron,BQ.1,2023-02-23
-40.870605,10.454758,-1,EPI_ISL_13931749,Omicron,BA.2,2022-07-04
-36.138084,-6.3509464,-1,EPI_ISL_9728038,Omicron,BA.1.1.14,2022-02-02
-36.208275,-6.1320724,-1,EPI_ISL_8600678,Omicron,BA.1.1,2021-12-28
-40.730118,10.345394,-1,EPI_ISL_12894673,Omicron,BA.2.3,2022-04-30
-36.091385,-6.366535,-1,EPI_ISL_12234089,Omicron,BA.1.1,2022-01-15
-40.902054,10.399769,-1,EPI_ISL_12574067,Omicron,BA.2,2022-04-30
-40.847527,10.501663,-1,EPI_ISL_13212028,Omicron,BA.2.3.1,2022-05-21
-28.040142,21.318588,-1,EPI_ISL_17213727,Omicron,BQ.1.11,2022-11-16
-27.96212,21.224854,-1,EPI_ISL_17022825,Omicron,BQ.1,2023-01-25
-36.08359,-6.241522,-1,EPI_ISL_9231688,Omicron,BA.1.1,2022
-28.126019,21.37334,-1,EPI_ISL_15960579,Omicron,BQ.1.8,2022-11-23
-40.628445,10.173462,-1,EPI_ISL_11379465,Omicron,BA.2.9,2022-03-17
-28.009073,21.287376,-1,EPI_ISL_16863616,Omicron,BQ.1.13,2023-01-15
-28.063622,21.217129,-1,EPI_ISL_17579085,Omicron,BQ.1.2,2023-01-24
-42.162148,-11.063839,-1,EPI_ISL_9588426,Omicron,BA.2,2022
-41.324013,9.431202,-1,EPI_ISL_12580106,Omicron,BA.2,2022-04-29
-28.251106,20.381218,-1,EPI_ISL_15644105,Omicron,BQ.1.3,2022-10-17
-32.425793,10.020855,-1,EPI_ISL_10132147,Omicron,BA.1.15,2022-02-09
-40.753468,10.329731,-1,EPI_ISL_14515526,Omicron,BA.2.72,2022-06-08
-28.118343,21.349876,-1,EPI_ISL_16260206,Omicron,BQ.1,2022-12-14
-40.45674,10.173487,-1,EPI_ISL_11901756,Omicron,BA.2.3.15,2022-03-30
-32.636597,10.18499,-1,EPI_ISL_8972416,Omicron,BA.1.17.2,2022-01-15
-32.644436,10.18498,-1,EPI_ISL_11361677,Omicron,BA.1,2022-03-03
-22.180954,25.7849,-1,EPI_ISL_17359256,Omicron,BQ.1.2,2023
-40.847145,10.446827,-1,EPI_ISL_11833443,Omicron,BA.2,2022-04-01
-28.133814,21.389023,-1,EPI_ISL_15984545,Omicron,BQ.1.23,2022-11-24
-40.71451,10.36865,-1,EPI_ISL_13620899,Omicron,BA.2,2022-06-22
-40.784973,10.337696,-1,EPI_ISL_11346730,Omicron,BA.2.9,2022-03-18
-40.636414,10.204712,-1,EPI_ISL_10519060,Omicron,BA.2.10,2022-02-02
-35.599197,-6.624364,-1,EPI_ISL_8915042,Omicron,BA.1.1,2021-12-28
-24.469498,24.235401,-1,EPI_ISL_16603321,Omicron,BQ.1.12,2022-12-19
-40.612938,10.220446,-1,EPI_ISL_11181546,Omicron,BA.2,2022-03-12
-36.059723,-6.1790247,-1,EPI_ISL_11035726,Omicron,BA.1.1,2022-03-06
-32.425987,10.052221,-1,EPI_ISL_8863382,Omicron,BA.1,2022-01-09
-40.964577,10.743706,-1,EPI_ISL_10587659,Omicron,BA.2.9,2022-02-24
-40.89412,10.525074,-1,EPI_ISL_10466727,Omicron,BA.2,2022-02-21
-41.191208,10.54845,-1,EPI_ISL_9242164,Omicron,BA.1.17.2,2022-01-11
-40.730125,10.38434,-1,EPI_ISL_13860879,Omicron,BA.2,2022-07-07
-32.48027,10.020943,-1,EPI_ISL_15814845,Omicron,BA.1.17,2022-02-08
-32.683567,10.184982,-1,EPI_ISL_8681659,Omicron,BA.1,2021-12-30
-40.86315,10.587639,-1,EPI_ISL_13762836,Omicron,BA.2.3.1,2022-06-20
-28.071703,21.295189,-1,EPI_ISL_16612073,Omicron,BQ.1.10.1,2022-12-22
-28.063864,21.310871,-1,EPI_ISL_16059926,Omicron,BQ.1,2022-11-22
-36.091152,-6.1946898,-1,EPI_ISL_10963752,Omicron,BA.1.1,2022-03-05
-35.911526,-6.3038616,-1,EPI_ISL_11854864,Omicron,BA.1.1,2022-01-31
-28.172947,21.427963,-1,EPI_ISL_17101093,Omicron,BQ.1.12,2023-02-27
-40.878586,10.34523,-1,EPI_ISL_12219058,Omicron,BA.2,2022-04-08
-36.03656,-6.3821125,-1,EPI_ISL_10776063,Omicron,BA.1.1,2022-02-04
-32.378906,9.9738655,-1,EPI_ISL_10824286,Omicron,BA.1.15,2022-01-24
-36.13027,-6.1399565,-1,EPI_ISL_9465399,Omicron,BA.1.1.18,2022-01-13
-40.769318,10.353151,-1,EPI_ISL_13581335,Omicron,BA.2,2022-06-17
-40.84722,10.478264,-1,EPI_ISL_14019586,Omicron,BA.2,2022-07-18
-40.988075,10.82185,-1,EPI_ISL_13268026,Omicron,BA.2,2022-05-31
-36.083397,-6.304121,-1,EPI_ISL_10235003,Omicron,BA.1.1,2022-01-04
-28.032331,21.225063,-1,EPI_ISL_15808919,Omicron,BA.5.3.1,2022-10-25
-40.847412,10.446859,-1,EPI_ISL_12648399,Omicron,BA.2.14,2022-05-04
-32.581993,10.13818,-1,EPI_ISL_9955777,Omicron,BA.1,2022-02-01
-40.581825,10.157841,-1,EPI_ISL_13283095,Omicron,BA.2,2022-02-27
-40.980217,10.5953045,-1,EPI_ISL_14533040,Omicron,BA.2,2022-06-28
-25.555649,23.598122,-1,EPI_ISL_16484902,Omicron,BQ.1.8,2022-12-24
-32.574287,10.083366,-1,EPI_ISL_9386437,Omicron,BA.1.17.2,2022-01-22
-28.11063,21.310974,-1,EPI_ISL_16079332,Omicron,BQ.1.10,2022-12-01
-40.823997,10.431248,-1,EPI_ISL_12167001,Omicron,BA.2,2022-04-13
-36.060143,-6.1320744,-1,EPI_ISL_9175993,Omicron,BA.1.1,2022-01-04
-27.970139,21.263847,-1,EPI_ISL_16012429,Omicron,BQ.1.23,2022-11-22
-32.410233,9.989786,-1,EPI_ISL_10186760,Omicron,BA.1.15,2022-01-29
-40.855206,10.298534,-1,EPI_ISL_12952282,Omicron,BA.2.3.13,2022-04-19
-40.878548,10.5406685,-1,EPI_ISL_13216649,Omicron,BA.2.3.1,2022-05-14
-28.047953,21.295254,-1,EPI_ISL_16998178,Omicron,BQ.1.2,2023-01-29
-40.58181,10.251522,-1,EPI_ISL_11509034,Omicron,BA.2,2022-03-23
-36.091347,-6.2103024,-1,EPI_ISL_11474300,Omicron,BA.1.1,2022-03-09
-36.09112,-6.2024975,-1,EPI_ISL_10067033,Omicron,BA.1.1,2022-02-10
-40.597298,10.2127495,-1,EPI_ISL_12455040,Omicron,BA.2.9.3,2022-04-22
-32.464954,10.020809,-1,EPI_ISL_9874178,Omicron,BA.1.15.1,2022-02-06
-27.96195,21.31097,-1,EPI_ISL_16424200,Omicron,BQ.1,2022-12-12
-41.573963,9.564228,-1,EPI_ISL_13024559,Omicron,BA.2,2022-04-30
-28.993584,21.607819,-1,EPI_ISL_16762953,Omicron,BQ.1.13,2023-01-18
-37.185135,-6.2882996,-1,EPI_ISL_12111537,Omicron,BA.1.1,2022-03-20
-28.227623,20.209183,-1,EPI_ISL_16020889,Omicron,BQ.1.1.29,2022-11-20
-41.6129,9.571838,-1,EPI_ISL_11921461,Omicron,BA.2.12,2022-03-28
-32.660072,10.192867,-1,EPI_ISL_9312589,Omicron,BA.1.17.2,2022-01-23
-40.784836,10.298569,-1,EPI_ISL_14340728,Omicron,BA.2.3.18,2022-07-12
-40.886677,10.54063,-1,EPI_ISL_12587593,Omicron,BA.2,2022-04-24
-40.183113,10.1423,-1,EPI_ISL_13709461,Omicron,BA.2,2022-06-11
-40.84742,10.470341,-1,EPI_ISL_12678313,Omicron,BA.2.9,2022-05-04
-28.0558,21.256111,-1,EPI_ISL_15994541,Omicron,Unassigned,2022-11-23
-40.894188,10.423515,-1,EPI_ISL_11393457,Omicron,BA.2,2022-03-17
-40.831863,10.431267,-1,EPI_ISL_13094903,Omicron,Unassigned,2022-05-15
-40.909866,10.5094795,-1,EPI_ISL_13144595,Omicron,BA.2.36,2022-05-22
-32.371014,9.965996,-1,EPI_ISL_9277105,Omicron,BA.1.17.2,2022-01-22
-36.239754,-6.061743,-1,EPI_ISL_7829329,Omicron,BA.1.1,2021-12-12
-40.534878,10.243717,-1,EPI_ISL_13246839,Omicron,BA.2.9,2022-05-30
-35.966213,-6.366337,-1,EPI_ISL_11245487,Omicron,BA.1.1,2022-03-07
-27.93862,21.295258,-1,EPI_ISL_16424276,Omicron,BQ.1,2022-12-12
-40.66774,10.306225,-1,EPI_ISL_13813625,Omicron,BA.2,2022-05-14
-40.956783,10.53289,-1,EPI_ISL_11246189,Omicron,BA.2,2022-03-07
-32.574165,10.333265,-1,EPI_ISL_8924954,Omicron,BA.1.17,2022-01-05
-40.527195,10.103054,-1,EPI_ISL_12436004,Omicron,BA.2,2022-04-24
-40.386528,10.181303,-1,EPI_ISL_14249652,Omicron,XE,2022-07-23
-32.56627,10.122416,-1,EPI_ISL_9127824,Omicron,BA.1,2022-01-17
-32.64435,10.223804,-1,EPI_ISL_8428774,Omicron,BA.1.17,2021-12-31
-40.86306,10.384504,-1,EPI_ISL_11842995,Omicron,BA.2,2022-03-23
-29.970394,-0.675684,-1,EPI_ISL_12843295,Omicron,BA.1.1,2022-02-24
-28.079441,21.295185,-1,EPI_ISL_16281297,Omicron,BQ.1.2,2022-12-10
-41.011322,10.884388,-1,EPI_ISL_10748845,Omicron,BA.2,2022-01-29
-36.091297,-6.350828,-1,EPI_ISL_11272712,Omicron,BA.1.1.4,2022-03-15
-28.094902,21.30297,-1,EPI_ISL_16270172,Omicron,BE.10,2022-11-17
-40.636482,10.1814,-1,EPI_ISL_13623940,Omicron,BA.2.3,2022-06-16
-35.89592,-6.4367676,-1,EPI_ISL_11708703,Omicron,BA.1.1,2022-03-05
-35.950817,-6.4287786,-1,EPI_ISL_10892215,Omicron,BA.1.1.2,2022-01-25
-42.38082,-11.806135,-1,EPI_ISL_13174887,Omicron,BA.2.3,2022-01-03
-27.97776,21.185623,-1,EPI_ISL_15973781,Omicron,BQ.1,2022-11-14
-41.003643,10.665485,-1,EPI_ISL_11903071,Omicron,BA.2,2022-03-25
-42.22458,-11.212358,-1,EPI_ISL_14329615,Omicron,BA.2.10,2022-02-10
-28.157312,21.396797,-1,EPI_ISL_16340558,Omicron,BQ.1.3,2022-12-13
-40.417713,10.235882,-1,EPI_ISL_11504420,Omicron,BA.2.10.1,2022-03-20
-28.00898,21.21701,-1,EPI_ISL_15914977,Omicron,Unassigned,2022-11-10
-28.087112,21.318745,-1,EPI_ISL_16169799,Omicron,BQ.1.2,2022-12-10
-40.81611,10.353205,-1,EPI_ISL_11075901,Omicron,BA.2,2022-02-21
-28.024563,21.271683,-1,EPI_ISL_15283252,Omicron,BQ.1,2022-09-21
-40.917706,10.603203,-1,EPI_ISL_13046528,Omicron,BA.2.3,2022-04-15
-42.54481,-11.165277,-1,EPI_ISL_11521150,Omicron,BA.2.12,2022-01
-36.231915,-6.1319656,-1,EPI_ISL_9299903,Omicron,BA.1.1,2022-01-21
-32.72249,10.286461,-1,EPI_ISL_9616269,Omicron,BA.1,2022-01-30
-41.621407,-10.415594,-1,EPI_ISL_9287821,Omicron,BA.2.3,2022-01-07
-35.91162,-6.460373,-1,EPI_ISL_12952287,Omicron,BA.1.1,2022-04-18
-32.566288,10.192787,-1,EPI_ISL_10876284,Omicron,BA.1.17.2,2022-02-28
-35.97423,-6.257184,-1,EPI_ISL_11203153,Omicron,BA.1.1,2022-01-15
-28.040222,21.279636,-1,EPI_ISL_16129165,Omicron,BQ.1.28,2022-11-23
-32.62878,10.114649,-1,EPI_ISL_10830360,Omicron,BA.1.15,2022-01-20
-40.941177,10.485973,-1,EPI_ISL_12072978,Omicron,BA.2.10,2022-03-28
-40.847363,10.384256,-1,EPI_ISL_13113172,Omicron,BA.2,2022-05-25
-40.417465,10.197126,-1,EPI_ISL_10848174,Omicron,BA.2,2022-03-02
-40.5817,10.259575,-1,EPI_ISL_11082324,Omicron,BA.2,2022-02-21
-40.792717,10.306236,-1,EPI_ISL_13578047,Omicron,BA.2.42,2022-06-20
-21.446243,25.289642,-1,EPI_ISL_16317311,Omicron,BQ.1,2022-12-07
-36.849087,-7.2023544,-1,EPI_ISL_9042349,Omicron,BA.1.1,2022-01-07
-42.271507,-11.274855,-1,EPI_ISL_13363768,Omicron,BA.2,2022-04-10
-41.64428,9.556385,-1,EPI_ISL_11428500,Omicron,BA.2.1,2022-03-20
-33.40991,9.200661,-1,EPI_ISL_9698177,Omicron,BA.1.17,2022-01-17
-36.778717,-7.1633263,-1,EPI_ISL_17314023,Omicron,BA.1.1.1,2022-01-25
-41.605,9.509403,-1,EPI_ISL_11460485,Omicron,BA.2.9,2022-03-08
-36.677162,-7.335102,-1,EPI_ISL_9690859,Omicron,BA.1.1,2022-01-28
-42.1856,-11.681021,-1,EPI_ISL_12513407,Omicron,BA.2.51,2022-04-21
-33.605408,10.091246,-1,EPI_ISL_10037476,Omicron,Unassigned,2022-01-17
-43.27924,-11.321756,-1,EPI_ISL_11586739,Omicron,BA.2.9,2022-03-22
-32.56631,10.15365,-1,EPI_ISL_10036479,Omicron,BA.1.17.2,2022-01-15
-40.972298,10.782856,-1,EPI_ISL_10436159,Omicron,BA.2,2022-02-03
-28.048122,21.45916,-1,EPI_ISL_16908375,Omicron,BW.1.1,2023-01-19
-40.737904,10.392063,-1,EPI_ISL_13992661,Omicron,BA.2,2022-06-14
-40.941154,10.563992,-1,EPI_ISL_12259494,Omicron,BA.2,2022-04-04
-40.870766,10.493858,-1,EPI_ISL_11029655,Omicron,BA.2.9,2022-03-08
-36.08347,-6.389841,-1,EPI_ISL_9516786,Omicron,BA.1.1,2022-01-17
-40.823914,10.525011,-1,EPI_ISL_11901626,Omicron,BA.2,2022-04-02
-40.675583,10.376652,-1,EPI_ISL_9783922,Omicron,BA.2,2022-02-03
-36.067852,-6.3509912,-1,EPI_ISL_9878282,Omicron,BA.1.1.1,2022-01-10
-28.07139,21.27169,-1,EPI_ISL_16059420,Omicron,BQ.1.23,2022-11-29
-40.78493,10.353142,-1,EPI_ISL_11818454,Omicron,BA.2,2022-03-28
-28.063396,21.311005,-1,EPI_ISL_15371672,Omicron,Unassigned,2022-10-03
-32.839867,10.5051155,-1,EPI_ISL_9620644,Omicron,BA.1.16,2022-01-30
-40.230217,10.17355,-1,EPI_ISL_11083932,Omicron,BA.2.9,2022-03-09
-36.20074,-6.0773087,-1,EPI_ISL_9829385,Omicron,BA.1.1,2021-12-25
-40.784798,10.368801,-1,EPI_ISL_15166381,Omicron,BA.2.57,2022-05-19
-35.919395,-6.3273973,-1,EPI_ISL_17100481,Omicron,BA.1.1,2022-01-06
-32.644398,10.1847515,-1,EPI_ISL_9382912,Omicron,BA.1.17.2,2022-01-25
-32.3165,9.911467,-1,EPI_ISL_9872666,Omicron,BA.1.17.2,2022-02-02
-40.92556,10.556469,-1,EPI_ISL_14377378,Omicron,BA.2,2022-05-12
-40.777027,10.251501,-1,EPI_ISL_13322469,Omicron,BA.2,2022-06-08
-36.005394,-6.3350897,-1,EPI_ISL_17316855,Omicron,BA.1.1,2022-01-24
-28.008888,21.248459,-1,EPI_ISL_16887876,Omicron,BQ.1.23,2023-01-23
-27.938715,21.263916,-1,EPI_ISL_16451495,Omicron,BW.1.1,2022-12-23
-32.605385,10.169336,-1,EPI_ISL_11758464,Omicron,BA.1.15,2022-03-22
-40.933376,10.603161,-1,EPI_ISL_10053583,Omicron,BA.2,2022-02-12
-40.878677,10.486069,-1,EPI_ISL_12515510,Omicron,BA.2.5,2022-04-21
-32.449097,10.020823,-1,EPI_ISL_9310895,Omicron,BA.1.17.2,2022-01-04
-36.130306,-6.2180443,-1,EPI_ISL_8840200,Omicron,BA.1.1,2022
-35.997414,-6.413376,-1,EPI_ISL_11200429,Omicron,BA.1.1,2022-01-27
-40.792576,10.447031,-1,EPI_ISL_11231956,Omicron,BA.2,2022-03-03
-40.816025,10.376503,-1,EPI_ISL_14503913,Omicron,BA.2.10.1,2022-06-09
-35.95849,-6.3508615,-1,EPI_ISL_8963796,Omicron,BA.1.1,2022-01-10
-40.75369,10.37672,-1,EPI_ISL_12478914,Omicron,BA.2,2022-04-25
-40.745743,10.306438,-1,EPI_ISL_13787147,Omicron,BA.2,2022-07-02
-35.974007,-6.436783,-1,EPI_ISL_15335721,Omicron,BA.1.1,2022-04-24
-32.66013,10.25511,-1,EPI_ISL_9734051,Omicron,BA.1.15,2022-02-02
-32.628765,10.255266,-1,EPI_ISL_11878156,Omicron,BD.1,2022-03-23
-40.83956,10.501659,-1,EPI_ISL_12279165,Omicron,BA.2,2022-04-11
-32.425636,10.052292,-1,EPI_ISL_9420516,Omicron,Unassigned,2022-01-09
-40.64422,10.251606,-1,EPI_ISL_10805370,Omicron,BA.2.9,2022-02-24
-40.105278,10.15781,-1,EPI_ISL_12623009,Omicron,BA.2,2022-05-01
-27.88409,21.420105,-1,EPI_ISL_16696029,Omicron,BW.1.1.1,2023-01-10
-35.96612,-6.4057846,-1,EPI_ISL_10790936,Omicron,BA.1.1.18,2022-02-07
-36.099205,-6.249343,-1,EPI_ISL_10692855,Omicron,BA.1.1,2022-02-25
-35.61461,-7.358677,-1,EPI_ISL_11449737,Omicron,BA.1.1.1,2022-03-14
-33.44924,9.817806,-1,EPI_ISL_9975897,Omicron,BA.1,2022-01-25
-41.495712,9.454777,-1,EPI_ISL_12514225,Omicron,BA.2,2022-04-08
-41.534775,9.540886,-1,EPI_ISL_14127952,Omicron,BA.2.3.1,2022-05-18
-41.58971,9.431263,-1,EPI_ISL_10692539,Omicron,BA.2.9,2022-02-25
-37.1303,-6.6945305,-1,EPI_ISL_9293555,Omicron,BA.1.1.15,2022-01-22
-40.691185,10.251543,-1,EPI_ISL_8922772,Omicron,BA.2.9,2022-01-15
-20.398125,27.748192,-1,EPI_ISL_16433336,Omicron,BQ.1.12,2022-12-09
-40.730152,10.345325,-1,EPI_ISL_13073782,Omicron,BA.2.9.3,2022-05-24
-27.409336,1.3650293,-1,EPI_ISL_10851939,Omicron,BA.1.1,2022-03-02
-27.930706,21.326588,-1,EPI_ISL_16271562,Omicron,BQ.1,2022-12-14
-32.464584,9.989643,-1,EPI_ISL_10833948,Omicron,BA.1,2022-01-18
-32.589836,10.200718,-1,EPI_ISL_9892383,Omicron,BA.1.17.2,2022-02-05
-36.138187,-6.2413645,-1,EPI_ISL_17544233,Omicron,BA.1.1,2022-01-11
-27.99329,21.27956,-1,EPI_ISL_16089977,Omicron,BQ.1.13,2022-11-28
-21.445631,26.106861,-1,EPI_ISL_16263323,Omicron,Unassigned,2022-12-05
-20.063221,27.117054,-1,EPI_ISL_17181050,Omicron,BA.5,2023-03-02
-28.040123,21.38897,-1,EPI_ISL_16938154,Omicron,BQ.1.2,2023-01-12
-36.036488,-6.3195267,-1,EPI_ISL_9742019,Omicron,BA.1.1,2022-01-31
-40.862938,10.392136,-1,EPI_ISL_11187682,Omicron,BA.2,2022-03-13
-41.003593,10.868633,-1,EPI_ISL_10810677,Omicron,BA.2,2022-02-28
-40.956802,10.55632,-1,EPI_ISL_10067428,Omicron,BA.2,2022-02-12
-40.949165,10.626553,-1,EPI_ISL_12041625,Omicron,BA.2.3.16,2022-03-20
-36.114525,-6.2726088,-1,EPI_ISL_11836010,Omicron,BA.1.1,2022-01-04
-40.80063,10.43911,-1,EPI_ISL_10934156,Omicron,BA.2,2022-03-04
-40.79274,10.290741,-1,EPI_ISL_12865666,Omicron,BA.2.59,2022-05-16
-32.44124,10.15369,-1,EPI_ISL_8479664,Omicron,BA.1,2021-12-27
27.062004,-13.584404,-1,EPI_ISL_10306559,Omicron,BA.2,2022-01-31
-32.753784,10.403643,-1,EPI_ISL_8858241,Omicron,BA.1.17.2,2022-01-10
-35.93514,-6.3274193,-1,EPI_ISL_10718770,Omicron,BA.1.1.1,2022-02-21
-28.055775,21.303112,-1,EPI_ISL_15586358,Omicron,BQ.1.3,2022-10-17
-36.06008,-6.28055,-1,EPI_ISL_12000818,Omicron,BA.1.1,2022-03-09
-40.948853,10.384279,-1,EPI_ISL_12073678,Omicron,Unassigned,2022-04-03
-36.083366,-6.241414,-1,EPI_ISL_11455442,Omicron,BA.1.1.14,2022-03-07
-42.21678,-11.251438,-1,EPI_ISL_11476509,Omicron,BA.2,2022-02-14
-40.886345,10.423574,-1,EPI_ISL_8926621,Omicron,BA.2,2022-01-13
-28.07151,21.318535,-1,EPI_ISL_15987575,Omicron,BQ.1.2,2022-11-21
-32.441322,9.989651,-1,EPI_ISL_9984458,Omicron,BA.1.10,2022-01-19
-42.326103,-11.165342,-1,EPI_ISL_16198058,Omicron,BA.2.3,2022
-40.94102,10.579823,-1,EPI_ISL_11917266,Omicron,BA.2,2022-04-04
-40.76135,10.33762,-1,EPI_ISL_11346906,Omicron,BA.2,2022-03-19
-40.8553,10.41555,-1,EPI_ISL_12927933,Omicron,BA.2.72,2022-05-14
-32.33985,10.067791,-1,EPI_ISL_9659188,Omicron,BA.1.15,2022-01-19
-40.894325,10.4779625,-1,EPI_ISL_9176028,Omicron,BA.2.10,2022-01-05
-32.378933,9.989569,-1,EPI_ISL_9167162,Omicron,BA.1.17.2,2022-01-02
-40.862904,10.439098,-1,EPI_ISL_12542101,Omicron,BA.2,2022-04-19
-40.933304,10.564083,-1,EPI_ISL_10690771,Omicron,BA.2,2022-02-26
-40.95672,10.563955,-1,EPI_ISL_10401219,Omicron,BA.2,2022-02-21
-35.95072,-6.3899326,-1,EPI_ISL_11587368,Omicron,BA.1.1,2022-03-01
-40.96461,10.572027,-1,EPI_ISL_11833350,Omicron,BA.2,2022-04-02
-32.480453,10.075752,-1,EPI_ISL_9984938,Omicron,BA.1,2022-01-29
-32.535156,10.091232,-1,EPI_ISL_8928355,Omicron,BA.1.14,2022-01-03
-40.32411,10.142084,-1,EPI_ISL_12596131,Omicron,BA.2.73,2022-04-18
-40.558388,10.25934,-1,EPI_ISL_11918355,Omicron,BA.2,2022-04-03
-36.130142,-6.1558447,-1,EPI_ISL_10685977,Omicron,BA.1.1,2022-02-26
-41.691147,9.68129,-1,EPI_ISL_10963621,Omicron,BA.2,2022-03-05
-36.20069,-6.0150023,-1,EPI_ISL_10057611,Omicron,BA.1.1,2022-02-09
-41.57389,9.532932,-1,EPI_ISL_11046133,Omicron,BA.2,2022-02-21
-33.035114,9.216312,-1,EPI_ISL_8899105,Omicron,BA.1.17.2,2022-01-13
-42.25576,-11.329384,-1,EPI_ISL_10730141,Omicron,BA.2,2022-02-24
-32.042892,9.091309,-1,EPI_ISL_12949418,Omicron,BA.1.17.2,2022-01-10
-41.503708,9.486031,-1,EPI_ISL_11762634,Omicron,BA.2.20,2022-03-24
-40.73032,10.321899,-1,EPI_ISL_11199062,Omicron,BA.2,2022-03-13
-32.574173,10.153627,-1,EPI_ISL_8871134,Omicron,BA.1,2022-01-05
-27.962074,21.295292,-1,EPI_ISL_15765766,Omicron,BQ.1.2,2022-10-27
-42.73236,-11.282518,-1,EPI_ISL_10929740,Omicron,BA.2,2022-03-02
-35.833195,-6.468069,-1,EPI_ISL_9036992,Omicron,BA.1.1,2021-12-30
-36.051956,-6.3587523,-1,EPI_ISL_8744322,Omicron,BA.1.1,2021-12-27
-40.753677,10.2908745,-1,EPI_ISL_9408967,Omicron,BA.2,2021-12-28
-21.735765,26.253662,-1,EPI_ISL_16008179,Omicron,BQ.1.31,2022-11-16
-28.032486,21.248436,-1,EPI_ISL_16650707,Omicron,BQ.1.2,2022-12-26
-32.691494,10.317678,-1,EPI_ISL_11637608,Omicron,BA.1,2022-03-17
-32.667862,10.325527,-1,EPI_ISL_8825218,Omicron,BA.1,2022-01-10
-36.036823,-6.280757,-1,EPI_ISL_11850412,Omicron,BA.1.1,2022-03-17
-40.573956,10.290674,-1,EPI_ISL_14970733,Omicron,BA.2,2022-05-09
-36.067753,-6.3274593,-1,EPI_ISL_9526811,Omicron,BA.1.1,2022-01-13
-28.141678,21.209373,-1,EPI_ISL_16205852,Omicron,BQ.1.2,2022-12-04
-40.964474,10.822012,-1,EPI_ISL_11306835,Omicron,BA.2,2022-03-16
-28.016705,21.264061,-1,EPI_ISL_16708021,Omicron,BQ.1.2,2023-01-01
-40.612907,10.314018,-1,EPI_ISL_12826270,Omicron,BA.2,2022-05-10
-36.013027,-6.249237,-1,EPI_ISL_11187162,Omicron,BA.1.1,2022-03-12
-36.021015,-6.4055796,-1,EPI_ISL_16031824,Omicron,BA.1.1,2022-05-12
-32.558506,10.114841,-1,EPI_ISL_10785645,Omicron,BA.1.17.2,2022-02-02
-35.981834,-6.468006,-1,EPI_ISL_10647336,Omicron,BA.1.1.18,2022-02-15
-40.74559,10.368753,-1,EPI_ISL_12776689,Omicron,BA.2.9,2022-03-25
-32.50388,10.091175,-1,EPI_ISL_9066089,Omicron,BA.1.15.1,2022-01-17
-36.099133,-6.2257576,-1,EPI_ISL_10976438,Omicron,BA.1.1.18,2022-02-18
-40.878548,10.438837,-1,EPI_ISL_10401193,Omicron,BA.2.9,2022-02-20
-41.03491,10.52499,-1,EPI_ISL_12048701,Omicron,BA.2,2022-03-29
-40.96463,10.493931,-1,EPI_ISL_12666685,Omicron,BA.2.9,2022-05-06
-36.224075,-6.038376,-1,EPI_ISL_12748612,Omicron,BA.1.1.2,2022-01-30
-40.737923,10.368877,-1,EPI_ISL_11216512,Omicron,BA.2.41,2022-03-14
-35.966232,-6.405629,-1,EPI_ISL_12896384,Omicron,BA.1.1,2022-03-07
-40.800575,10.407925,-1,EPI_ISL_12499767,Omicron,BA.2,2022-04-11
-32.667984,10.286495,-1,EPI_ISL_10273280,Omicron,BA.1,2022-02-11
-40.80823,10.384394,-1,EPI_ISL_12613505,Omicron,BA.2,2022-05-01
-32.63676,10.184849,-1,EPI_ISL_7740812,Omicron,BA.1.17,2021-11-23
-40.50364,10.282877,-1,EPI_ISL_12362726,Omicron,BA.2,2022-04-08
-40.730106,10.407898,-1,EPI_ISL_10179502,Omicron,BA.2,2022-02-01
-35.974144,-6.257044,-1,EPI_ISL_8898735,Omicron,BA.1.1,2022-01-11
-32.66804,10.184868,-1,EPI_ISL_8976520,Omicron,BA.1.15,2021-12-20
-32.32429,10.005224,-1,EPI_ISL_9864499,Omicron,BA.1.17.2,2022-02-07
-36.161575,-6.1474905,-1,EPI_ISL_9113899,Omicron,BA.1.1,2022-01-17
-36.73961,-7.2962055,-1,EPI_ISL_8981058,Omicron,BA.1.1,2022-01-04
-33.465034,9.294209,-1,EPI_ISL_11025499,Omicron,BA.1.17.2,2022-02-19
-32.597664,9.036507,-1,EPI_ISL_10359909,Omicron,Unassigned,2022-02-13
-37.036568,-6.6242657,-1,EPI_ISL_11425782,Omicron,BA.1.1,2022-03-14
-33.558567,9.403696,-1,EPI_ISL_16195618,Omicron,BA.1.17,2022-02-14
-41.683384,9.587452,-1,EPI_ISL_11212291,Omicron,BA.2.9,2022-03-14
-41.714592,9.509644,-1,EPI_ISL_14157338,Omicron,BA.2,2022-06-06
-40.925255,10.7125,-1,EPI_ISL_14181817,Omicron,BA.2,2022-06-02
-32.6601,10.278885,-1,EPI_ISL_8292656,Omicron,BA.1.15,2021-12-22
-40.39415,10.181316,-1,EPI_ISL_11675267,Omicron,BA.2,2022-03-16
-28.055923,21.342026,-1,EPI_ISL_16513122,Omicron,BQ.1,2022-12-12
-35.91165,-6.452317,-1,EPI_ISL_9932290,Omicron,BA.1.1,2022-01-25
-40.753452,10.3533535,-1,EPI_ISL_13051538,Omicron,BA.2.9,2022-04-14
-40.581764,10.189175,-1,EPI_ISL_11916151,Omicron,BA.2,2022-03-21
-32.722507,10.380314,-1,EPI_ISL_9581868,Omicron,BA.1.17.2,2022-01-30
-28.885326,-0.019266129,-1,EPI_ISL_10726388,Omicron,BA.1.1,2022-02-27
-40.675606,10.298466,-1,EPI_ISL_9989575,Omicron,BA.2.37,2022-02-11
-40.808235,10.384512,-1,EPI_ISL_8834262,Omicron,BA.2,2022-01-11
-32.699062,10.30212,-1,EPI_ISL_11161560,Omicron,Unassigned,2022-03-09
-36.052273,-6.4053383,-1,EPI_ISL_11639118,Omicron,BA.1.1,2022-03-14
-32.558544,10.099054,-1,EPI_ISL_9247430,Omicron,BA.1.17.2,2022-01-20
-40.7694,10.399912,-1,EPI_ISL_12335904,Omicron,BA.2,2022-04-19
-35.966297,-6.397772,-1,EPI_ISL_9960799,Omicron,BA.1.1,2022-02-07
-32.488323,10.0599575,-1,EPI_ISL_7915439,Omicron,BA.1.17.2,2021-12-06
-28.094975,21.310913,-1,EPI_ISL_16213322,Omicron,BQ.1,2022-12-06
-27.92313,21.240566,-1,EPI_ISL_16305766,Omicron,BQ.1,2022-12-12
-35.919456,-6.335354,-1,EPI_ISL_10788644,Omicron,BA.1.1,2022-02-06
-32.535152,10.122391,-1,EPI_ISL_9440041,Omicron,BA.1.5,2022-01-26
-40.98027,10.806343,-1,EPI_ISL_13076841,Omicron,BA.2,2022-05-09
-40.863113,10.275026,-1,EPI_ISL_11186531,Omicron,BA.2,2022-03-12
-32.449226,10.012966,-1,EPI_ISL_9030344,Omicron,BA.1.20,2021-12-27
-36.013275,-6.38196,-1,EPI_ISL_10903099,Omicron,BA.1.1,2022-02-06
-28.000895,21.209282,-1,EPI_ISL_16588099,Omicron,BQ.1.12,2022-12-22
-40.753716,10.431356,-1,EPI_ISL_9238343,Omicron,BA.2.9,2022-01-21
-32.425667,10.098881,-1,EPI_ISL_10320662,Omicron,BA.1.15,2022-01-16
-36.16168,-6.069763,-1,EPI_ISL_9915538,Omicron,BA.1.1,2022-01-26
-35.919468,-6.444702,-1,EPI_ISL_12614386,Omicron,BA.1.1,2022-02-03
-28.063704,21.303146,-1,EPI_ISL_16550457,Omicron,BQ.1.12,2022-12-29
-32.542847,10.114689,-1,EPI_ISL_9224994,Omicron,BA.1,2022-01-07
-27.915203,21.20145,-1,EPI_ISL_16072084,Omicron,BQ.1.8,2022-11-30
-28.040257,21.264027,-1,EPI_ISL_16250747,Omicron,BQ.1.28,2022-12-11
-40.84732,10.3922,-1,EPI_ISL_16147908,Omicron,BA.2,2022-04-23
-27.993217,21.217125,-1,EPI_ISL_16441049,Omicron,BQ.1.11,2022-12-23
-36.00507,-6.3275385,-1,EPI_ISL_9178803,Omicron,BA.1.1,2022-01-04
-32.39458,9.966133,-1,EPI_ISL_9724411,Omicron,BA.1.18,2022-01-24
-32.63668,10.122395,-1,EPI_ISL_10057092,Omicron,BA.1.17.2,2022-02-10
-40.909996,10.493778,-1,EPI_ISL_10811043,Omicron,BA.2.47,2022-03-01
-41.63647,9.423645,-1,EPI_ISL_12530582,Omicron,BA.2.3.4,2022-04-19
-28.82935,20.490608,-1,EPI_ISL_16302661,Omicron,BQ.1.10,2022-12-15
-27.696564,20.357811,-1,EPI_ISL_15909469,Omicron,BQ.1.2,2022-11-17
-41.683174,9.478077,-1,EPI_ISL_12618348,Omicron,BA.2.3,2022-04-20
-33.54281,9.950436,-1,EPI_ISL_10537642,Omicron,BA.1.17.2,2022-02-19
-36.825638,-7.3664036,-1,EPI_ISL_8755650,Omicron,BA.1.1,2022-01-07
-32.550903,10.1222725,-1,EPI_ISL_8969794,Omicron,BA.1.17,2022-01-10
-40.925545,10.517256,-1,EPI_ISL_14514442,Omicron,BA.2.70,2022-06-15
-28.071457,21.326416,-1,EPI_ISL_17675800,Omicron,BQ.1.10,2023-01-05
-40.863052,10.4235325,-1,EPI_ISL_12031448,Omicron,BA.2,2022-03-21
-36.020943,-6.335273,-1,EPI_ISL_10057090,Omicron,BA.1.1.14,2022-02-11
-40.96447,10.634371,-1,EPI_ISL_10925018,Omicron,BA.2.3,2022-03-05
-32.582104,10.114666,-1,EPI_ISL_8760599,Omicron,BA.1.17.2,2022-01-04
-40.589584,10.28293,-1,EPI_ISL_10319078,Omicron,BA.2,2022-02-15
-35.84134,-6.491461,-1,EPI_ISL_8394052,Omicron,BA.1.1,2021-12-21
-40.66765,10.283054,-1,EPI_ISL_13228409,Omicron,BA.2,2022-05-27
-28.063683,21.381279,-1,EPI_ISL_15653223,Omicron,BQ.1.12,2022-10-25
-36.00554,-6.405655,-1,EPI_ISL_9047038,Omicron,BA.1.1,2022-01-03
-40.75376,10.376699,-1,EPI_ISL_13607942,Omicron,BA.2.42,2022-05-31
-32.72274,9.989574,-1,EPI_ISL_14996991,Omicron,BA.1.15,2022-01-10
-36.05995,-6.389904,-1,EPI_ISL_12944917,Omicron,BC.1,2022-03-02
-40.46452,10.14995,-1,EPI_ISL_11152538,Omicron,BA.2,2022-03-10
-32.45691,9.989674,-1,EPI_ISL_9985492,Omicron,BA.1.17,2022-02-01
-40.956627,10.587391,-1,EPI_ISL_13203898,Omicron,BA.2.9,2022-05-21
-32.59762,9.989847,-1,EPI_ISL_8182694,Omicron,BA.1.15,2021-12-17
-35.981983,-6.327447,-1,EPI_ISL_10566585,Omicron,BA.1.1,2022-02-14
-36.05227,-6.2649,-1,EPI_ISL_9473460,Omicron,BA.1.1.18,2022-01-18
-28.055855,21.287651,-1,EPI_ISL_15479894,Omicron,BQ.1.14,2022-10-11
-27.96218,21.12333,-1,EPI_ISL_15739860,Omicron,BQ.1,2022-10-19
-41.034935,10.860889,-1,EPI_ISL_10306661,Omicron,BA.2,2022-02-16
-35.88029,-6.35087,-1,EPI_ISL_11125625,Omicron,BA.1.1,2022-02-25
-42.177727,-11.220044,-1,EPI_ISL_12866403,Omicron,BA.2,2022-05-16
-32.269432,9.911457,-1,EPI_ISL_9319930,Omicron,BA.1,2022-01-12
-32.456955,10.091063,-1,EPI_ISL_9826047,Omicron,BA.1,2022-02-04
-32.566628,10.130341,-1,EPI_ISL_9725012,Omicron,BA.1.17.2,2022-02-02
-32.464912,10.013044,-1,EPI_ISL_11412961,Omicron,BA.1.15,2022-03-08
-24.884066,24.631626,-1,EPI_ISL_16322568,Omicron,BQ.1.28,2022-12-14
-40.855156,10.407957,-1,EPI_ISL_14060030,Omicron,BA.2.3.6,2022-07-05
-36.10704,-6.272806,-1,EPI_ISL_11073203,Omicron,BA.1,2022-02-09
-32.57431,10.177219,-1,EPI_ISL_10832458,Omicron,BA.1.17.2,2022-02-06
-40.737957,10.321907,-1,EPI_ISL_13153234,Omicron,BA.2.3,2022-05-18
-40.839558,10.384541,-1,EPI_ISL_12997474,Omicron,BA.2.41,2022-05-14
-32.761913,10.145954,-1,EPI_ISL_9685253,Omicron,BA.1.15.1,2022-02-02
-32.613316,10.161585,-1,EPI_ISL_11694832,Omicron,BA.1,2022-03-23
-35.94291,-6.3977175,-1,EPI_ISL_10264579,Omicron,BA.1.1,2022-02-01
-40.652016,10.251625,-1,EPI_ISL_12027784,Omicron,BA.2.5,2022-04-06
-32.738403,10.340992,-1,EPI_ISL_12544627,Omicron,BA.1,2022-01-12
-36.0053,-6.3351507,-1,EPI_ISL_8963507,Omicron,BA.1.1.14,2022-01-14
-27.993267,21.263912,-1,EPI_ISL_15848751,Omicron,BQ.1.1.11,2022-10-19
-40.6677,10.400162,-1,EPI_ISL_12625908,Omicron,BA.2.36,2022-05-02
-27.993397,21.240551,-1,EPI_ISL_15994761,Omicron,Unassigned,2022-11-23
-40.847324,10.3922,-1,EPI_ISL_13152956,Omicron,BA.2,2022-05-16
-32.67578,10.200474,-1,EPI_ISL_10828672,Omicron,BA.1.15,2022-02-01
-40.784775,10.446892,-1,EPI_ISL_13406913,Omicron,BA.2,2022-05-31
-41.714462,9.618912,-1,EPI_ISL_10340632,Omicron,BA.2.9,2022-02-19
-41.64425,9.431278,-1,EPI_ISL_13400321,Omicron,BA.2.9,2022-06-14
-41.589516,9.454693,-1,EPI_ISL_12023023,Omicron,BA.2,2022-04-05
-41.605175,9.438938,-1,EPI_ISL_11593169,Omicron,BA.2.12,2022-03-08
-41.73797,9.517143,-1,EPI_ISL_11181728,Omicron,BA.2.2,2022-03-11
-37.1146,-6.8975964,-1,EPI_ISL_11011472,Omicron,BA.1.1,2022-01-05
-33.519257,9.38028,-1,EPI_ISL_10823932,Omicron,BA.1,2022-01-25
-33.496048,9.2473755,-1,EPI_ISL_9127615,Omicron,BA.1,2022-01-17
-28.120329,0.55261326,-1,EPI_ISL_11623299,Omicron,BA.1.1,2022-03-11
-41.714573,9.486065,-1,EPI_ISL_12816108,Omicron,BA.2.50,2022-04-29
-33.683395,9.84111,-1,EPI_ISL_12208411,Omicron,BA.1.17,2022-01-31
-41.620728,9.517059,-1,EPI_ISL_11211046,Omicron,BA.2.9,2022-03-14
-32.511562,10.184868,-1,EPI_ISL_10959347,Omicron,BA.1.17.2,2022-03-05
-40.745846,10.29842,-1,EPI_ISL_13112845,Omicron,BA.2,2022-04-24
-35.77884,-6.491476,-1,EPI_ISL_13213048,Omicron,BA.1.1.2,2022-04-11
-35.997574,-6.374201,-1,EPI_ISL_8599715,Omicron,BA.1.1,2021-12-23
-28.0401,21.263874,-1,EPI_ISL_16494031,Omicron,BQ.1.23,2022-12-16
-40.737904,10.2749405,-1,EPI_ISL_13167880,Omicron,BA.2.9,2022-05-17
-24.579103,24.965626,-1,EPI_ISL_16179524,Omicron,BQ.1.2,2022-12-04
-32.699223,10.333353,-1,EPI_ISL_8154635,Omicron,BA.1,2021-12-13
-36.161606,-6.178752,-1,EPI_ISL_8332967,Omicron,BA.1.1,2021-12-22
-40.995728,10.704958,-1,EPI_ISL_13107154,Omicron,BA.2.10.1,2022-05-24
-35.99745,-6.194664,-1,EPI_ISL_8511534,Omicron,BA.1.1,2021-12-25
-32.519394,10.083336,-1,EPI_ISL_9659976,Omicron,BA.1.15,2022-01-27
-32.488136,10.02877,-1,EPI_ISL_8589016,Omicron,BA.1.14,2022-01-02
-32.175793,9.895922,-1,EPI_ISL_13561128,Omicron,BA.2,2022-06-07
-40.847336,10.392357,-1,EPI_ISL_10336542,Omicron,BA.2,2022-02-18
-41.042686,10.790726,-1,EPI_ISL_13338699,Omicron,BA.2,2022-06-07
-28.118498,21.357635,-1,EPI_ISL_16568610,Omicron,BQ.1.12,2023-01-01
-32.74624,10.387943,-1,EPI_ISL_10838250,Omicron,BA.1.1,2021-12-27
-40.784874,10.517101,-1,EPI_ISL_14671915,Omicron,BA.2.36,2022-04-20
-40.95683,10.603252,-1,EPI_ISL_11515120,Omicron,BA.2,2022-02-09
-36.09912,-6.1166697,-1,EPI_ISL_9364326,Omicron,BA.1.1,2022-01-26
-32.71472,10.294422,-1,EPI_ISL_10608618,Omicron,BA.1.15,2022-01-07
-40.651997,10.31406,-1,EPI_ISL_13041370,Omicron,BA.2,2022-05-17
-32.449127,10.044373,-1,EPI_ISL_10654071,Omicron,BA.1.20,2022-02-09
-40.77697,10.3766575,-1,EPI_ISL_14123352,Omicron,BA.2.3.13,2022-06-15
-32.67562,10.231691,-1,EPI_ISL_10110748,Omicron,BA.1.15.1,2022-02-11
-40.91759,10.55616,-1,EPI_ISL_11812753,Omicron,BA.2,2022-03-16
-32.636597,10.145874,-1,EPI_ISL_10165273,Omicron,BA.1,2022-01-26
-28.008982,21.412392,-1,EPI_ISL_16876929,Omicron,BW.1.1,2023-01-06
-40.77722,10.322088,-1,EPI_ISL_10021933,Omicron,BA.2.9,2022-02-01
-32.23812,9.856684,-1,EPI_ISL_12139555,Omicron,BA.1.18,2022-02-14
-32.425728,10.005108,-1,EPI_ISL_8853346,Omicron,BA.1.17.2,2022-01-11
-36.06769,-6.2884083,-1,EPI_ISL_9025482,Omicron,BA.1.1,2022-01-17
-40.78482,10.306381,-1,EPI_ISL_10774300,Omicron,BA.2,2022-02-15
-40.85533,10.446861,-1,EPI_ISL_11799951,Omicron,BA.2.3,2022-03-24
-32.589844,10.145908,-1,EPI_ISL_11905689,Omicron,BA.1,2022-02-26
-40.730167,10.470272,-1,EPI_ISL_10677844,Omicron,BA.2,2022-02-26
-32.464794,10.044254,-1,EPI_ISL_8636479,Omicron,BA.1.13,2021-12-13
-35.982117,-6.39752,-1,EPI_ISL_9695150,Omicron,BA.1.1,2022-01-13
-42.755894,-11.149959,-1,EPI_ISL_12694444,Omicron,BA.2,2022
-40.808224,10.501791,-1,EPI_ISL_12265091,Omicron,BA.2,2022-04-13
-43.3887,-11.29827,-1,EPI_ISL_13171755,Omicron,BA.2.3,2022-01-20
-27.97773,21.22498,-1,EPI_ISL_15399953,Omicron,BQ.1.11,2022-09-24
-40.870712,10.548426,-1,EPI_ISL_12986167,Omicron,BA.2.3.1,2022-04-18
-40.894253,10.470348,-1,EPI_ISL_13843285,Omicron,BA.2.3.1,2022-06-07
-40.761353,10.32983,-1,EPI_ISL_12509057,Omicron,BA.2.9,2022-04-20
-36.13037,-6.2103176,-1,EPI_ISL_10346558,Omicron,BA.1.1,2022-02-05
-35.981876,-6.343067,-1,EPI_ISL_9256329,Omicron,BA.1.1,2022-01-20
-36.04417,-6.3352385,-1,EPI_ISL_9930386,Omicron,BA.1.1,2022-01-20
-35.997482,-6.3742046,-1,EPI_ISL_10668362,Omicron,BA.1.1.2,2022-01-11
-40.902122,10.431526,-1,EPI_ISL_12507813,Omicron,BA.2,2022-04-18
-32.44911,10.028774,-1,EPI_ISL_10186176,Omicron,BA.1.16,2022-01-29
-32.52717,10.0679035,-1,EPI_ISL_10038419,Omicron,Unassigned,2022-01-11
-32.331894,9.934921,-1,EPI_ISL_10582383,Omicron,BA.1.15.1,2022-02-07
-28.087097,21.303246,-1,EPI_ISL_17067979,Omicron,BQ.1.28,2023-02-03
-35.560143,-7.382204,-1,EPI_ISL_11679951,Omicron,BA.1.1,2022-03-19
-36.66157,-7.366375,-1,EPI_ISL_14121461,Omicron,BA.1.1.2,2022-03-02
-37.153805,-6.2648926,-1,EPI_ISL_9421748,Omicron,Unassigned,2022-01-11
-36.97416,-7.054123,-1,EPI_ISL_11070784,Omicron,BA.1.1,2022-02-14
-40.511406,10.157822,-1,EPI_ISL_14190839,Omicron,BA.2.3.7,2022-05-24
-40.917618,10.579769,-1,EPI_ISL_12805658,Omicron,BA.2,2022-05-11
-41.175697,10.681324,-1,EPI_ISL_10718148,Omicron,BA.2,2022-02-14
-40.83956,10.477982,-1,EPI_ISL_13324253,Omicron,BA.2.3,2022-05-30
-36.106934,-6.280472,-1,EPI_ISL_9749096,Omicron,BA.1.1,2022-01-24
-40.730316,10.32988,-1,EPI_ISL_12845489,Omicron,BA.2,2022-05-10
-40.3865,10.19689,-1,EPI_ISL_14301681,Omicron,BA.2.3.1,2022-07-03
-36.10689,-6.3351097,-1,EPI_ISL_10243606,Omicron,BA.1.1,2022-02-16
-27.993467,21.224987,-1,EPI_ISL_16892256,Omicron,BQ.1.2,2023-01-23
-40.3553,10.204723,-1,EPI_ISL_10863835,Omicron,BA.2,2022-02-25
-28.016842,21.232735,-1,EPI_ISL_15948577,Omicron,BQ.1.5,2022-11-19
-32.65997,10.216259,-1,EPI_ISL_10652196,Omicron,BA.1.17.2,2022-02-08
-32.511646,9.997467,-1,EPI_ISL_9284653,Omicron,BA.1.17.2,2022-01-21
-32.67573,10.239546,-1,EPI_ISL_8115387,Omicron,BA.1.15,2021-12-20
-32.49608,10.130207,-1,EPI_ISL_9973470,Omicron,BA.1.15,2022-01-12
-40.761444,10.392105,-1,EPI_ISL_12287993,Omicron,BA.2,2022-04-09
-32.76164,10.216057,-1,EPI_ISL_8427345,Omicron,BA.1.15,2021-12-19
-32.722656,10.403801,-1,EPI_ISL_9002234,Omicron,BA.1.17.2,2022-01-15
-35.98967,-6.32732,-1,EPI_ISL_10724960,Omicron,BA.1.1,2022-02-28
-36.114906,-6.2257338,-1,EPI_ISL_10359018,Omicron,Unassigned,2022-02-18
-28.04804,21.27961,-1,EPI_ISL_16056480,Omicron,BQ.1,2022-11-21
-40.68342,10.267355,-1,EPI_ISL_13208581,Omicron,BA.2,2022-04-22
-40.823875,10.407833,-1,EPI_ISL_13242709,Omicron,BA.2,2022-06-06
-36.091286,-6.3820496,-1,EPI_ISL_11169789,Omicron,BA.1.1,2022-03-10
-28.64167,20.52958,-1,EPI_ISL_16726426,Omicron,BQ.1.12,2022-12-27
-32.16028,9.79434,-1,EPI_ISL_9820825,Omicron,BA.1.17.2,2022-02-06
-32.480476,10.051914,-1,EPI_ISL_10501690,Omicron,BA.1,2022
-40.855217,10.493824,-1,EPI_ISL_13241762,Omicron,BA.2,2022-05-19
-32.464718,10.044445,-1,EPI_ISL_9130279,Omicron,BA.1.17.2,2022-01-18
-40.43325,10.111036,-1,EPI_ISL_14341190,Omicron,BA.2.3.1,2022-07-04
-40.855305,10.673391,-1,EPI_ISL_13917411,Omicron,BA.2.36,2022-06-17
-40.363113,10.142082,-1,EPI_ISL_13027295,Omicron,BA.2,2022-05-07
-32.55838,10.138184,-1,EPI_ISL_10530245,Omicron,BA.1,2022-02-22
-32.40233,10.0053215,-1,EPI_ISL_9461036,Omicron,BA.1.21,2021-12-20
-32.42587,9.997391,-1,EPI_ISL_12762999,Omicron,Unassigned,2022-05-02
-32.636604,10.020798,-1,EPI_ISL_9788428,Omicron,BA.1.15,2022-02-03
-40.738037,10.243839,-1,EPI_ISL_12116818,Omicron,BA.2,2022-04-05
-28.087133,21.310783,-1,EPI_ISL_16133576,Omicron,BQ.1.3,2022-11-27
-42.193367,-11.751499,-1,EPI_ISL_13186966,Omicron,BA.2,2022-02-06
-40.730194,10.3688965,-1,EPI_ISL_14153154,Omicron,BA.2.3,2022-07-14
-28.032286,21.295238,-1,EPI_ISL_16428279,Omicron,DE.2,2022-12-25
-40.87867,10.384371,-1,EPI_ISL_10627500,Omicron,BA.2,2022-02-17
-42.818455,-11.196699,-1,EPI_ISL_12205820,Omicron,BA.2,2022
-40.83165,10.361019,-1,EPI_ISL_10589866,Omicron,BA.2.10,2022-02-19
-36.79431,-7.1242943,-1,EPI_ISL_10791953,Omicron,BA.1.1,2022-02-22
-41.69885,9.517525,-1,EPI_ISL_13704320,Omicron,BA.2,2022-05-19
-41.659874,9.548531,-1,EPI_ISL_11800791,Omicron,BA.2,2022-03-23
-27.547943,20.29528,-1,EPI_ISL_16469210,Omicron,BQ.1.3,2022-12-08
-36.661663,-7.2963104,-1,EPI_ISL_10267137,Omicron,BA.1.1.14,2022-01-25
-40.566326,-9.437765,-1,EPI_ISL_12685053,Omicron,BA.2,2022-04-28
-36.583282,-7.3587093,-1,EPI_ISL_9972720,Omicron,BA.1.1,2022-02-06
-41.730095,9.618767,-1,EPI_ISL_12211234,Omicron,BA.2,2022-04-15
-33.13668,9.091225,-1,EPI_ISL_11562962,Omicron,BA.1,2022-01-19
-40.72238,10.298437,-1,EPI_ISL_12394373,Omicron,BA.2,2022-02-03
-27.985416,21.365711,-1,EPI_ISL_15827496,Omicron,BQ.1.1.31,2022-11-09
-28.01678,21.271755,-1,EPI_ISL_16258177,Omicron,BQ.1.2,2022-12-10
-42.685787,-11.220257,-1,EPI_ISL_13173936,Omicron,BA.2.3,2022-01-07
-32.535183,10.083603,-1,EPI_ISL_9285224,Omicron,BA.1.17.2,2022-01-21
-35.966347,-6.272624,-1,EPI_ISL_8863826,Omicron,BA.1.1,2022-01-11
-32.42576,10.192654,-1,EPI_ISL_11212045,Omicron,BA.1.16,2022-03-14
-27.969894,21.240593,-1,EPI_ISL_15646861,Omicron,BQ.1.10,2022-10-21
-32.82421,10.442738,-1,EPI_ISL_8843446,Omicron,BA.1,2022-01-05
-27.993492,21.193733,-1,EPI_ISL_16026964,Omicron,BQ.1.5,2022-11-28
-40.925346,10.57975,-1,EPI_ISL_11806710,Omicron,BA.2,2022-04-01
-28.00896,21.365429,-1,EPI_ISL_16596363,Omicron,BQ.1.13.1,2023-01-09
-32.511562,10.036627,-1,EPI_ISL_9305219,Omicron,BA.1,2022-01-05
-35.974045,-6.3976746,-1,EPI_ISL_9946275,Omicron,BA.1.1,2022-01-17
-32.581882,10.145878,-1,EPI_ISL_9870488,Omicron,BA.1.17.2,2022-02-06
-41.02705,11.040615,-1,EPI_ISL_12471193,Omicron,BA.2,2022-04-18
-40.722496,10.29059,-1,EPI_ISL_13064064,Omicron,BA.2.3,2022-05-12
-40.683365,10.321901,-1,EPI_ISL_12560763,Omicron,BA.2,2022-04-01
-28.016886,21.209358,-1,EPI_ISL_16994158,Omicron,BQ.1.3,2023-01-02
-40.87095,10.384512,-1,EPI_ISL_12753935,Omicron,BA.2.21,2022-05-02
-26.75256,1.3175583,-1,EPI_ISL_10904888,Omicron,BA.1.1,2022-02-27
-32.394516,10.036411,-1,EPI_ISL_10255909,Omicron,BA.1.17,2022-01-30
-32.6055,10.192818,-1,EPI_ISL_8928482,Omicron,BA.1,2022-01-03
-32.4335,10.020983,-1,EPI_ISL_10273448,Omicron,BA.1.1,2022-02-11
-36.185165,-6.014846,-1,EPI_ISL_10340378,Omicron,BA.1.1.2,2022-01-17
-22.375134,25.69868,-1,EPI_ISL_16297895,Omicron,BE.10,2022-11-10
-32.605373,10.153692,-1,EPI_ISL_13627113,Omicron,BA.1.17.2,2022-01-24
-27.96989,21.248276,-1,EPI_ISL_15461223,Omicron,Unassigned,2022-10-10
-40.43402,-9.410495,-1,EPI_ISL_13047157,Omicron,BA.2,2022-05-09
-24.438103,24.881905,-1,EPI_ISL_16186613,Omicron,BQ.1.5,2022-12-13
-28.368416,20.349861,-1,EPI_ISL_15645647,Omicron,BQ.1.2,2022-10-24
-40.339592,10.134338,-1,EPI_ISL_11853104,Omicron,BA.2,2022-03-20
-36.05238,-6.366434,-1,EPI_ISL_11252261,Omicron,BA.1.1,2022-02-25
-40.81601,10.360905,-1,EPI_ISL_11837856,Omicron,BA.2,2022-03-15
-28.087105,21.224957,-1,EPI_ISL_15977975,Omicron,BQ.1,2022-11-08
-28.094973,21.295303,-1,EPI_ISL_16710919,Omicron,BQ.1.23,2023-01-18
-28.48885,1.0234203,-1,EPI_ISL_12797283,Omicron,Unassigned,2022-03-02
-35.888252,-6.4368105,-1,EPI_ISL_12224793,Omicron,BA.1.1,2022-01-09
-42.28724,-11.173281,-1,EPI_ISL_13375337,Omicron,BA.2,2022-05-11
-32.27727,9.86475,-1,EPI_ISL_8206955,Omicron,BA.1,2021-12-22
-35.911766,-6.421364,-1,EPI_ISL_10834135,Omicron,BA.1.1,2022-01-18
-36.099068,-6.4445868,-1,EPI_ISL_12050784,Omicron,BA.1.1,2022-03-28
-40.909782,10.563995,-1,EPI_ISL_16614163,Omicron,BA.2.2.1,2022-05-10
-32.441246,10.044228,-1,EPI_ISL_8905802,Omicron,BA.1.17.2,2021-12-12
-42.16991,-11.12665,-1,EPI_ISL_11461716,Omicron,BA.2.64,2022-03-18
-40.55058,-9.398752,-1,EPI_ISL_12685047,Omicron,BA.2,2022-04-12
-36.106987,-6.2571325,-1,EPI_ISL_8973855,Omicron,BA.1.1,2022-01-13
-28.094988,21.22499,-1,EPI_ISL_16454485,Omicron,BQ.1.28,2022-12-08
-28.141834,21.334373,-1,EPI_ISL_17686073,Omicron,BA.2,2023-04-24
-40.730198,10.361044,-1,EPI_ISL_11093724,Omicron,BA.2,2022-02-28
-32.63666,10.177254,-1,EPI_ISL_9066284,Omicron,BA.1,2022-01-17
-40.847294,10.462517,-1,EPI_ISL_14589564,Omicron,BA.2.3.1,2022-07-19
-40.878494,10.454704,-1,EPI_ISL_11196397,Omicron,BA.2.41,2022-03-13
-40.82382,10.446857,-1,EPI_ISL_9367941,Omicron,BA.2,2022-01-24
-32.683372,10.192741,-1,EPI_ISL_9963815,Omicron,BA.1.20,2022-01-28
-32.691376,10.270853,-1,EPI_ISL_10366112,Omicron,BA.1.4,2022-01-04
-40.84746,10.454819,-1,EPI_ISL_13363667,Omicron,BA.2.23,2022-04-13
-32.964806,9.075661,-1,EPI_ISL_9751773,Omicron,BA.1,2022-02-01
-29.987139,-1.1280556,-1,EPI_ISL_10381277,Omicron,BA.1.1,2022-02-08
-36.403793,-7.4368744,-1,EPI_ISL_7160042,Omicron,BA.1.1,2021-11-28
-41.652,9.431351,-1,EPI_ISL_14676314,Omicron,BA.2.76,2022-08-10
-36.661537,-7.1398296,-1,EPI_ISL_9620869,Omicron,BA.1.1,2022-01-30
-40.40989,10.235964,-1,EPI_ISL_12908723,Omicron,Unassigned,2022-05-08
-29.07471,-0.02378273,-1,EPI_ISL_11298117,Omicron,BA.1.1,2022-02-11
-32.691467,10.239527,-1,EPI_ISL_9510506,Omicron,BA.1,2022-01-27
-36.11463,-6.2024918,-1,EPI_ISL_11311681,Omicron,BA.1.1,2022-02-28
-40.831585,10.415791,-1,EPI_ISL_12699035,Omicron,BA.2,2022-04-19
-40.714485,10.31419,-1,EPI_ISL_15757905,Omicron,BA.2.3.7,2022-05-13
-40.769398,10.345486,-1,EPI_ISL_11038485,Omicron,BA.2.10,2022-03-04
-40.683334,10.251526,-1,EPI_ISL_11512644,Omicron,BA.2.3,2022-03-21
-28.087132,21.349865,-1,EPI_ISL_17024151,Omicron,BQ.1.23,2023-02-19
-35.934963,-6.2804794,-1,EPI_ISL_11718320,Omicron,BA.1.1.2,2022-03-09
-40.886555,10.353226,-1,EPI_ISL_10306360,Omicron,BA.2,2022-02-03
-32.61324,10.19276,-1,EPI_ISL_10077348,Omicron,BA.1,2022-02-07
-28.024488,21.287346,-1,EPI_ISL_16863922,Omicron,BQ.1.12,2023-01-18
-40.91771,10.470409,-1,EPI_ISL_12581335,Omicron,BA.2,2022-04-05
-32.54294,10.099079,-1,EPI_ISL_12949413,Omicron,BA.1,2021-12-15
-32.464813,9.997421,-1,EPI_ISL_10934854,Omicron,BA.1,2022-03-04
-35.981884,-6.350853,-1,EPI_ISL_9823048,Omicron,BA.1.1,2022-02-07
24.61354,-16.209564,-1,EPI_ISL_9430028,Omicron,BA.1.15,2021-12-27
-28.016907,21.248512,-1,EPI_ISL_16673415,Omicron,BQ.1.13.1,2023-01-10
-40.878757,10.454823,-1,EPI_ISL_11119619,Omicron,BA.2.9,2022-03-07
-40.886436,10.431583,-1,EPI_ISL_9352352,Omicron,BA.2,2022-01-09
-40.917637,10.189171,-1,EPI_ISL_13088218,Omicron,BA.2,2022-05-27
-41.027172,10.954857,-1,EPI_ISL_14632474,Omicron,BA.2.3.7,2022-08-15
-32.699303,10.239822,-1,EPI_ISL_8820785,Omicron,BA.1,2022-01-10
-28.102892,21.334023,-1,EPI_ISL_16645822,Omicron,BQ.1.10.1,2023-01-05
-42.834007,-11.243496,-1,EPI_ISL_12079942,Omicron,BA.2.9,2022
-35.841095,-6.4445314,-1,EPI_ISL_10464585,Omicron,BA.1.1,2022-02-21
-32.644615,10.192804,-1,EPI_ISL_11123427,Omicron,BA.1,2022-03-11
-27.954334,21.326542,-1,EPI_ISL_16073861,Omicron,BQ.1.23,2022-11-28
-40.792755,10.407806,-1,EPI_ISL_12648037,Omicron,BA.2.36,2022-05-03
-28.024544,21.303078,-1,EPI_ISL_16193676,Omicron,BQ.1.16,2022-12-06
-32.519398,10.03656,-1,EPI_ISL_10287899,Omicron,BA.1.18,2022-02-10
-28.040306,21.318645,-1,EPI_ISL_17022826,Omicron,BW.1,2023-01-24
-40.675552,10.28281,-1,EPI_ISL_12864025,Omicron,BA.2.3,2022-05-09
-36.044357,-6.335142,-1,EPI_ISL_12987961,Omicron,BA.1.1.2,2022-04-10
-41.01921,10.876579,-1,EPI_ISL_12506589,Omicron,BA.2,2022-04-19
-27.977772,21.193642,-1,EPI_ISL_15829721,Omicron,BQ.1,2022-11-05
-36.08347,-6.311925,-1,EPI_ISL_17039603,Omicron,BA.1.1,2022-01-07
-32.441376,9.966175,-1,EPI_ISL_8353525,Omicron,BA.1.9,2021-12-22
-32.58198,10.161587,-1,EPI_ISL_11177562,Omicron,BA.1.15,2022-02-16
-36.028793,-6.3351326,-1,EPI_ISL_11905644,Omicron,BA.1.1.1,2022-02-23
-40.308193,10.173586,-1,EPI_ISL_10852344,Omicron,BA.2,2022-02-28
-40.472183,10.228134,-1,EPI_ISL_12921809,Omicron,BA.2,2022-05-06
-28.110548,21.271973,-1,EPI_ISL_16095237,Omicron,BQ.1.10,2022-12-03
-28.254318,0.5542593,-1,EPI_ISL_10488991,Omicron,BA.1.1,2022-02-13
-32.503983,10.098888,-1,EPI_ISL_10905410,Omicron,BA.1.17,2022-02-11
-32.54293,10.067631,-1,EPI_ISL_8767776,Omicron,BA.1,2022-01-06
-40.917763,10.423477,-1,EPI_ISL_15748596,Omicron,BA.2,2022-06-01
-40.730263,10.306095,-1,EPI_ISL_12122836,Omicron,BA.2,2022-04-11
-36.458702,-7.39764,-1,EPI_ISL_8601540,Omicron,BA.1.1,2021-12-29
-41.64418,9.415691,-1,EPI_ISL_12845175,Omicron,BA.2,2022-05-14
-36.895878,-7.26495,-1,EPI_ISL_9180687,Omicron,BA.1.1.18,2022-01-07
-28.298164,20.365417,-1,EPI_ISL_17096386,Omicron,BQ.1,2023-02-05
-41.558346,9.423462,-1,EPI_ISL_11590447,Omicron,BA.2,2022-03-25
-33.542908,9.34885,-1,EPI_ISL_8550960,Omicron,BA.1,2021-12-28
-41.761486,9.673462,-1,EPI_ISL_12580542,Omicron,BA.2,2022-05-02
-35.528893,-7.3429413,-1,EPI_ISL_10792331,Omicron,BA.1.1,2022-02-22
-41.784737,9.587608,-1,EPI_ISL_12910377,Omicron,Unassigned,2022-05-09
-40.917725,10.517206,-1,EPI_ISL_13425569,Omicron,BA.2.9.3,2022-06-18
-40.83179,10.423552,-1,EPI_ISL_10256333,Omicron,BA.2,2022-02-08
-42.31049,-11.165435,-1,EPI_ISL_13240297,Omicron,BA.2,2022-05-27
-30.759846,-1.47262,-1,EPI_ISL_15177334,Omicron,BA.1.1,2022-08-31
-32.636745,10.294319,-1,EPI_ISL_9175996,Omicron,BA.1,2022-01-05
-32.49618,10.02084,-1,EPI_ISL_9431582,Omicron,BA.1,2022-01-21
-35.950775,-6.3819675,-1,EPI_ISL_9663148,Omicron,BA.1.1,2022-01-10
-36.06021,-6.3274384,-1,EPI_ISL_15143937,Omicron,BA.1.1,2022-04-17
-36.098995,-6.1945887,-1,EPI_ISL_10826585,Omicron,BA.1.1,2022-01-29
-36.04432,-6.2493935,-1,EPI_ISL_9734064,Omicron,BA.1.1,2022-02-02
-40.433216,10.07975,-1,EPI_ISL_10934959,Omicron,BA.2,2022-03-04
-28.048054,21.3265,-1,EPI_ISL_17022495,Omicron,BQ.1.1.31,2023-02-03
-41.167633,10.532661,-1,EPI_ISL_10353104,Omicron,BA.2,2022-02-18
-40.722366,10.415712,-1,EPI_ISL_16303953,Omicron,BA.2.85,2022-08-26
-40.839363,10.556347,-1,EPI_ISL_11340417,Omicron,BA.2.10.1,2022-03-15
-36.107006,-6.2805834,-1,EPI_ISL_13803720,Omicron,BA.1.1,2022-02-15
-42.52929,-12.2122345,-1,EPI_ISL_13338966,Omicron,BA.2.9,2022-05-06
-28.837008,20.474957,-1,EPI_ISL_16654811,Omicron,BQ.1.6,2022-12-31
-35.9506,-6.420952,-1,EPI_ISL_10148437,Omicron,BA.1.1,2022-01-18
-40.620857,10.220291,-1,EPI_ISL_11225595,Omicron,BA.2.9,2022-03-10
-40.667557,10.275162,-1,EPI_ISL_14822599,Omicron,BA.2.52,2022-06-11
-40.73014,10.314049,-1,EPI_ISL_9859710,Omicron,BA.2.9,2022-02-04
-35.880295,-6.4523706,-1,EPI_ISL_8981113,Omicron,BA.1.1,2022-01-04
-40.85519,10.439201,-1,EPI_ISL_9456604,Omicron,BA.2.10,2022-01-08
-40.87071,10.517044,-1,EPI_ISL_10413216,Omicron,BA.2,2022-02-20
-41.027016,10.618904,-1,EPI_ISL_10182109,Omicron,BA.2.3,2022
-28.094835,21.365623,-1,EPI_ISL_16556709,Omicron,BQ.1.12,2022-12-12
-32.417892,9.942802,-1,EPI_ISL_8816493,Omicron,BA.1.15,2022-01-10
-42.349678,-11.415363,-1,EPI_ISL_12815277,Omicron,BA.2,2022-04-29
-28.071354,21.31863,-1,EPI_ISL_16831528,Omicron,BQ.1,2023-01-23
-32.722637,10.286507,-1,EPI_ISL_8331866,Omicron,BA.1.17,2021-12-30
-32.691414,10.270954,-1,EPI_ISL_9633294,Omicron,BA.1,2022-01-20
-32.542953,10.224136,-1,EPI_ISL_7889640,Omicron,BA.1,2021-12-15
-36.099216,-6.225483,-1,EPI_ISL_10953138,Omicron,BA.1.1,2022-02-19
-40.96435,10.696886,-1,EPI_ISL_13431576,Omicron,BA.2.14,2022-06-12
-35.895813,-6.4523506,-1,EPI_ISL_11115716,Omicron,BA.1.1,2022-02-10
-35.98192,-6.4526567,-1,EPI_ISL_14561353,Omicron,BA.1.1,2022-01-31
-40.76937,10.314213,-1,EPI_ISL_15321878,Omicron,BA.2.48,2022-05-24
-32.761696,10.372162,-1,EPI_ISL_9312708,Omicron,BA.1.17.2,2022-01-24
-40.886436,10.446943,-1,EPI_ISL_9915927,Omicron,BA.2,2022-01-22
-32.48825,10.059893,-1,EPI_ISL_11223472,Omicron,BA.1.17.2,2022-02-09
-32.49617,10.083422,-1,EPI_ISL_8896432,Omicron,BA.1,2022-01-07
-43.123135,-11.618705,-1,EPI_ISL_13614788,Omicron,BA.2.3.15,2022-06-01
-36.114594,-6.2726784,-1,EPI_ISL_10038106,Omicron,Unassigned,2022-01-21
-40.722458,10.290699,-1,EPI_ISL_13874090,Omicron,BA.2,2022-06-27
-42.326187,-11.212435,-1,EPI_ISL_10103848,Omicron,BA.2,2022
-41.542572,9.353207,-1,EPI_ISL_9932027,Omicron,BA.2.3,2022-01-24
-33.59733,9.458481,-1,EPI_ISL_9785578,Omicron,BA.1,2022-02-03
-41.675446,9.564217,-1,EPI_ISL_13832445,Omicron,BA.2,2022-06-10
-41.65988,9.501667,-1,EPI_ISL_10677733,Omicron,BA.2,2022-02-26
-33.652435,10.060135,-1,EPI_ISL_9025507,Omicron,BA.1.15.1,2022-01-16
-28.063622,21.24065,-1,EPI_ISL_16517584,Omicron,BQ.1,2022-12-01
-41.17542,10.673372,-1,EPI_ISL_12808603,Omicron,BA.2,2022-05-06
-40.730293,10.345501,-1,EPI_ISL_11749047,Omicron,BA.2,2022-03-16
-32.457085,10.099136,-1,EPI_ISL_12032709,Omicron,BA.1.17,2022-03-28
-40.98786,11.126816,-1,EPI_ISL_12367098,Omicron,BA.2.9,2022-04-19
-28.126194,21.388847,-1,EPI_ISL_16810666,Omicron,BQ.1.4,2023-01-17
-32.691376,10.239586,-1,EPI_ISL_10064461,Omicron,BA.1.17.2,2022-02-07
-40.683388,10.493885,-1,EPI_ISL_11328412,Omicron,BA.2.6,2022-03-07
-40.56599,10.24378,-1,EPI_ISL_13053415,Omicron,BA.2.20,2022-05-16
-36.021034,-6.3429184,-1,EPI_ISL_9557418,Omicron,BA.1.1,2022-01-28
-35.966263,-6.3820095,-1,EPI_ISL_9840871,Omicron,BA.1.1,2022-02-02
-32.652172,10.216215,-1,EPI_ISL_10836808,Omicron,BA.1.15,2021-12-29
-32.54297,10.052151,-1,EPI_ISL_10456230,Omicron,BA.1,2022-02-18
-40.777008,10.57972,-1,EPI_ISL_12883182,Omicron,BA.2.36,2022-04-28
-41.08173,10.75931,-1,EPI_ISL_11434505,Omicron,BA.2.9,2022-03-20
-40.941116,10.611057,-1,EPI_ISL_13094732,Omicron,Unassigned,2022-05-13
-28.094814,21.34208,-1,EPI_ISL_16185677,Omicron,BQ.1.13.1,2022-11-21
-40.378586,10.165703,-1,EPI_ISL_13112808,Omicron,BA.2,2022-04-24
-42.30289,-11.118473,-1,EPI_ISL_13562017,Omicron,BA.2.3,2022-06-09
-32.49615,10.036644,-1,EPI_ISL_9844679,Omicron,BA.1.17.2,2022-01-24
-40.769104,10.345196,-1,EPI_ISL_14126317,Omicron,BA.2.3.1,2022-06-27
-29.087011,20.732811,-1,EPI_ISL_15927995,Omicron,BQ.1.3,2022-11-14
-40.894245,10.47043,-1,EPI_ISL_13399392,Omicron,BA.2,2022-06-08
-36.154,-6.1475906,-1,EPI_ISL_10824081,Omicron,BA.1.1,2022-01-25
-20.24184,27.810623,-1,EPI_ISL_16249305,Omicron,BE.9,2022-11-17
-40.816067,10.470333,-1,EPI_ISL_12654537,Omicron,BA.2,2022-04-28
-28.774672,20.326328,-1,EPI_ISL_16183482,Omicron,BQ.1.10,2022-12-02
-35.98988,-6.241473,-1,EPI_ISL_9510108,Omicron,BA.1.1.15,2021-12-31
-40.847366,10.415918,-1,EPI_ISL_13047387,Omicron,BA.2,2022-04-28
-36.028954,-6.381979,-1,EPI_ISL_8870043,Omicron,BA.1.1,2022-01-02
-36.067963,-6.3429184,-1,EPI_ISL_8867672,Omicron,BA.1.1.1,2022-01-13
-32.62117,10.208427,-1,EPI_ISL_10747600,Omicron,BA.1,2022-02-07
-40.87867,10.501627,-1,EPI_ISL_11308955,Omicron,BA.2,2022-03-15
-40.78472,10.298557,-1,EPI_ISL_9986474,Omicron,BA.2,2022-02-12
-32.550873,10.1070175,-1,EPI_ISL_7747607,Omicron,BA.1.17,2021-12-08
-27.954432,21.177975,-1,EPI_ISL_16111901,Omicron,BQ.1.16,2022-11-23
-27.99351,21.279526,-1,EPI_ISL_16629561,Omicron,BQ.1,2023-01-11
-40.8161,10.376659,-1,EPI_ISL_12466545,Omicron,BA.2,2022-04-22
-28.02457,21.33442,-1,EPI_ISL_16864096,Omicron,BQ.1.2,2023-01-24
-40.87082,10.384247,-1,EPI_ISL_13079259,Omicron,BA.2,2022-04-19
-40.620663,10.173513,-1,EPI_ISL_12272530,Omicron,BA.2.23,2022-04-08
-36.005356,-6.3586397,-1,EPI_ISL_11434091,Omicron,BA.1.1,2022-03-19
-40.800533,10.447044,-1,EPI_ISL_11545770,Omicron,BA.2,2022-03-23
-40.80816,10.368942,-1,EPI_ISL_9567315,Omicron,BA.2,2022-01-28
-36.06764,-6.2415943,-1,EPI_ISL_10372899,Omicron,BA.1.1,2022-02-10
-32.519455,10.036499,-1,EPI_ISL_10228387,Omicron,BA.1.20,2022-02-05
-35.99753,-6.41341,-1,EPI_ISL_11225857,Omicron,BA.1.1,2021-12-27
-28.086956,21.232742,-1,EPI_ISL_16258223,Omicron,BQ.1.12,2022-12-12
-28.016853,21.162453,-1,EPI_ISL_15954964,Omicron,BQ.1.14,2022-11-17
-40.667656,10.329954,-1,EPI_ISL_13199231,Omicron,BA.2.9,2022-05-17
-40.80051,10.392311,-1,EPI_ISL_11903020,Omicron,BA.2,2022-02-23
-32.683575,10.138113,-1,EPI_ISL_11695238,Omicron,BA.1,2022-02-23
-32.597717,10.099052,-1,EPI_ISL_9471402,Omicron,BA.1,2022-01-17
-40.82406,10.48592,-1,EPI_ISL_10732581,Omicron,BA.2,2022-02-23
-28.040329,21.279911,-1,EPI_ISL_16266412,Omicron,BQ.1.10,2022-12-05
-33.128937,9.0286255,-1,EPI_ISL_10607458,Omicron,BA.1.15,2022-01-09
-32.769424,9.036514,-1,EPI_ISL_10824491,Omicron,BA.1.15,2022-01-24
-41.660015,9.556236,-1,EPI_ISL_12331734,Omicron,BA.2.9,2022-04-13
-41.62871,9.626747,-1,EPI_ISL_10731838,Omicron,BA.2,2022-02-27
-40.9255,10.454632,-1,EPI_ISL_11955341,Omicron,BA.2,2022-04-02
-36.06005,-6.2338085,-1,EPI_ISL_10083912,Omicron,BA.1.1,2022-01-23
-40.613003,10.290768,-1,EPI_ISL_14123497,Omicron,BA.2.10,2022-06-10
-32.39451,10.036495,-1,EPI_ISL_9387313,Omicron,BA.1.17.2,2022-01-20
-40.75358,10.439167,-1,EPI_ISL_10999658,Omicron,BA.2,2022
-40.940994,10.696831,-1,EPI_ISL_13148479,Omicron,BA.2,2022-04-03
-32.613,10.231783,-1,EPI_ISL_9073364,Omicron,BA.1,2022-01-10
-40.292625,10.142258,-1,EPI_ISL_14129202,Omicron,BA.2.3,2022-06-21
-32.55855,10.231852,-1,EPI_ISL_8775154,Omicron,BA.1.17.2,2022-01-09
-40.675514,10.31403,-1,EPI_ISL_9956982,Omicron,BA.2.9,2022-01-21
-32.714867,10.239567,-1,EPI_ISL_14647578,Omicron,BA.1.15,2022-01-03
-40.941105,10.540745,-1,EPI_ISL_11509751,Omicron,BA.2.3,2022-03-21
-32.675896,10.247517,-1,EPI_ISL_9416927,Omicron,BA.1.17.2,2022-01-13
-36.169292,-6.3275576,-1,EPI_ISL_10006788,Omicron,BA.1.1,2022-01-27
-28.063734,21.264015,-1,EPI_ISL_15938886,Omicron,BQ.1.3,2022-11-11
-28.102642,21.35762,-1,EPI_ISL_16593837,Omicron,BQ.1.10.1,2023-01-08
-40.191093,10.220503,-1,EPI_ISL_10892006,Omicron,BA.2,2022-03-05
-35.981827,-6.2180767,-1,EPI_ISL_11495883,Omicron,BA.1.1.18,2022-02-10
-40.98813,10.626392,-1,EPI_ISL_10094215,Omicron,BA.2,2022-02-12
-35.896034,-6.2802877,-1,EPI_ISL_10213391,Omicron,BA.1.1.18,2022-02-01
-40.972424,10.595528,-1,EPI_ISL_12846615,Omicron,BA.2.3,2022-04-12
-27.993223,21.216984,-1,EPI_ISL_15814549,Omicron,BQ.1.10,2022-10-31
-36.185135,-6.1165676,-1,EPI_ISL_10651264,Omicron,BA.1.1,2022-02-20
-40.745827,10.36895,-1,EPI_ISL_15498409,Omicron,BA.2,2022-05-30
-35.958355,-6.3898983,-1,EPI_ISL_13022840,Omicron,BA.1.1,2022-03-25
-36.106983,-6.2102165,-1,EPI_ISL_11465600,Omicron,BA.1.1,2022-02-21
-42.34185,-11.212334,-1,EPI_ISL_12205841,Omicron,BA.2,2022
-36.169548,-6.1712666,-1,EPI_ISL_8601450,Omicron,BA.1.1,2021-12-29
-36.05998,-6.3430395,-1,EPI_ISL_9535688,Omicron,BA.1.1,2022-01-05
-35.88813,-6.4914694,-1,EPI_ISL_9915001,Omicron,BA.1.1,2022-01-26
-40.081825,10.2749195,-1,EPI_ISL_17513094,Omicron,BA.2,2023-01-04
-28.301495,0.56210995,-1,EPI_ISL_9984860,Omicron,BA.1.1.1,2022-01-27
-40.808323,10.485914,-1,EPI_ISL_17685008,Omicron,BA.2.2,2022-07-19
-32.667847,10.247448,-1,EPI_ISL_10250188,Omicron,BA.1.17.2,2022-01-07
-27.666693,1.0207186,-1,EPI_ISL_10607657,Omicron,BA.1.1,2022-01-09
-32.52732,10.130217,-1,EPI_ISL_10858511,Omicron,BA.1,2022-02-17
-42.232384,-11.149904,-1,EPI_ISL_12091279,Omicron,BA.2,2022-03-25
-28.06372,21.2014,-1,EPI_ISL_16664675,Omicron,BQ.1.23,2023-01-12
-28.032314,21.287567,-1,EPI_ISL_15840473,Omicron,BQ.1,2022-11-02
-40.784622,10.454884,-1,EPI_ISL_13027887,Omicron,BA.2.9.3,2022-05-23
-27.9622,21.224922,-1,EPI_ISL_16443921,Omicron,BQ.1.10,2022-12-22
-40.753654,10.368744,-1,EPI_ISL_9622799,Omicron,BA.2,2022-01-28
-40.847305,10.384392,-1,EPI_ISL_13873037,Omicron,BA.2.12,2022-01-07
-40.70697,10.314131,-1,EPI_ISL_13112933,Omicron,BA.2,2022-05-16
-32.44129,10.075588,-1,EPI_ISL_10652682,Omicron,BA.1.17.2,2022-02-21
-32.55081,10.098812,-1,EPI_ISL_12559697,Omicron,BA.1.17.2,2022-03-07
-32.441463,10.020744,-1,EPI_ISL_11108741,Omicron,BA.1.17.2,2022-03-07
-42.287254,-11.227909,-1,EPI_ISL_13014568,Omicron,BA.2.36,2022-05-19
-40.206814,10.189293,-1,EPI_ISL_11547049,Omicron,BA.2,2022-03-22
-35.88786,-6.2962303,-1,EPI_ISL_9439349,Omicron,BA.1.1,2022-01-24
-28.125963,21.201447,-1,EPI_ISL_15914076,Omicron,BQ.1,2022-11-08
-41.511517,10.548412,-1,EPI_ISL_11489012,Omicron,BA.2.12,2022-03-11
-36.606907,-7.3039284,-1,EPI_ISL_12416495,Omicron,BA.1,2022-01-25
-41.503616,9.470337,-1,EPI_ISL_12222000,Omicron,BA.2,2022-04-06
-41.691032,9.603283,-1,EPI_ISL_13518993,Omicron,BA.2.9,2022-06-24
-41.79252,9.720356,-1,EPI_ISL_10357383,Omicron,BA.2,2022-01-30
-36.95061,-7.054016,-1,EPI_ISL_11755294,Omicron,BA.1.1,2022-03-15
-33.464878,9.583401,-1,EPI_ISL_9374335,Omicron,BD.1,2022-01-26
-41.49582,9.462505,-1,EPI_ISL_13504970,Omicron,BA.2.9,2022-02-15
-28.649601,20.365707,-1,EPI_ISL_15744340,Omicron,BQ.1,2022-10-27
-41.519283,9.501579,-1,EPI_ISL_10352844,Omicron,BA.2,2022-02-19
-41.60517,9.501732,-1,EPI_ISL_13278957,Omicron,BA.2,2022-06-08
-41.683372,9.501602,-1,EPI_ISL_10690727,Omicron,BA.2.37,2022-02-24
-41.456726,9.43132,-1,EPI_ISL_12111022,Omicron,BA.2,2022-03-26
-41.597355,9.595409,-1,EPI_ISL_12479701,Omicron,BA.2.36,2022-04-24
-41.581768,9.681274,-1,EPI_ISL_11430212,Omicron,BA.2,2022-03-20
-32.699375,10.270727,-1,EPI_ISL_9565119,Omicron,BA.1,2022-01-28
-40.769367,10.298601,-1,EPI_ISL_11232423,Omicron,BA.2,2022-03-04
-40.41001,10.196991,-1,EPI_ISL_13036061,Omicron,BA.2,2022-05-10
-32.45699,10.059853,-1,EPI_ISL_9344653,Omicron,BA.1,2022-01-10
-36.161453,-6.1865673,-1,EPI_ISL_10237491,Omicron,BA.1.1,2022-02-05
-35.919193,-6.4133797,-1,EPI_ISL_10715834,Omicron,BA.1.1,2022-02-14
-40.847477,10.501751,-1,EPI_ISL_11327698,Omicron,BA.2.3,2022-02-16
-40.06614,10.079689,-1,EPI_ISL_12288641,Omicron,BA.2.36,2022-04-07
-40.83182,10.407879,-1,EPI_ISL_12939215,Omicron,BA.2,2022-04-04
-28.04805,21.240631,-1,EPI_ISL_15607928,Omicron,BQ.1.2.1,2022-09-26
-28.10252,21.342113,-1,EPI_ISL_17359073,Omicron,BQ.1.12,2023-03-22
-41.027252,10.540707,-1,EPI_ISL_14918205,Omicron,BA.2.36,2022-03-28
-40.86292,10.42338,-1,EPI_ISL_9651355,Omicron,BA.2.14,2022-01-31
-32.50374,10.145838,-1,EPI_ISL_10025572,Omicron,BA.1.17,2022-01-26
-36.099144,-6.1712675,-1,EPI_ISL_10726374,Omicron,BA.1.1,2022-02-28
-28.086935,21.287437,-1,EPI_ISL_16320328,Omicron,BQ.1.11,2022-12-11
-32.714622,10.36446,-1,EPI_ISL_9887107,Omicron,BA.1,2022-01-19
-32.566456,10.075609,-1,EPI_ISL_9429539,Omicron,BA.1.15,2022-01-06
-32.597637,10.044336,-1,EPI_ISL_9638209,Omicron,BA.1.17.2,2022-01-13
-32.410316,10.013237,-1,EPI_ISL_9319847,Omicron,BA.1,2022-01-12
-27.938665,21.12334,-1,EPI_ISL_16570777,Omicron,BQ.1.3,2022-12-18
-40.902122,10.486141,-1,EPI_ISL_14136387,Omicron,BA.2,2022-07-01
-35.880333,-6.3665876,-1,EPI_ISL_8757274,Omicron,BA.1.1,2022-01-09
-43.05279,-11.204765,-1,EPI_ISL_13571056,Omicron,BA.2,2022-02-03
-32.542835,10.020681,-1,EPI_ISL_10474699,Omicron,BD.1,2022-02-15
-29.118359,21.013916,-1,EPI_ISL_16712384,Omicron,BQ.1.10,2022-12-13
-42.27144,-11.243497,-1,EPI_ISL_11415088,Omicron,BA.2.9,2022-03
-36.200607,-6.061743,-1,EPI_ISL_11536621,Omicron,BA.1.1.2,2022-02-23
-36.01319,-6.413475,-1,EPI_ISL_9678302,Omicron,BA.1.1.1,2022-01-31
-35.981876,-6.3587866,-1,EPI_ISL_10039400,Omicron,Unassigned,2022-01-29
-40.54255,10.197065,-1,EPI_ISL_9499076,Omicron,BA.2.9,2022-01-26
-40.628654,10.243744,-1,EPI_ISL_12266425,Omicron,BA.2.3.4,2022-04-13
-40.972454,10.501747,-1,EPI_ISL_12827968,Omicron,BA.2,2022-05-12
-36.114624,-6.178813,-1,EPI_ISL_11314725,Omicron,BA.1.1,2022-03-07
-24.367937,24.859585,-1,EPI_ISL_16027326,Omicron,BQ.1.2,2022-11-10
-32.48808,10.075657,-1,EPI_ISL_8843791,Omicron,BA.1,2022-01-05
-40.941093,10.712555,-1,EPI_ISL_11758742,Omicron,BA.2,2022-03-22
-40.97239,10.9391365,-1,EPI_ISL_9655797,Omicron,BA.2,2022-01-30
-35.9897,-6.343029,-1,EPI_ISL_10981508,Omicron,BA.1.17,2022-02-21
-40.886436,10.696886,-1,EPI_ISL_8529543,Omicron,BA.2,2022-01-03
-40.83956,10.330082,-1,EPI_ISL_14268738,Omicron,BA.2,2022-07-21
-36.068,-6.2493486,-1,EPI_ISL_10951608,Omicron,BA.1.1,2022-02-11
-41.41754,10.65798,-1,EPI_ISL_13442410,Omicron,BA.2.9,2022-04-17
-40.7303,10.298515,-1,EPI_ISL_12520567,Omicron,BA.2.9,2022-04-19
-40.48015,10.126602,-1,EPI_ISL_10400293,Omicron,BA.2,2022-02-19
-40.77703,10.439152,-1,EPI_ISL_9787681,Omicron,BA.2,2022-02-04
-35.94291,-6.366249,-1,EPI_ISL_15984613,Omicron,BA.1.1,2022-03-24
-32.589745,10.364698,-1,EPI_ISL_10840855,Omicron,BA.1,2022-02-21
-36.622437,-7.3900356,-1,EPI_ISL_11327835,Omicron,BA.1.1,2022-01-31
-33.39456,9.223846,-1,EPI_ISL_9095837,Omicron,BA.1.15,2022-01-09
-28.712189,20.639107,-1,EPI_ISL_16568658,Omicron,BQ.1.29,2023-01-01
-41.636402,9.57193,-1,EPI_ISL_15679110,Omicron,BA.2.2,2022-08-08
-41.63645,9.540714,-1,EPI_ISL_12347540,Omicron,BA.2,2022-04-16
-41.683125,9.501678,-1,EPI_ISL_11430827,Omicron,BA.2,2022-03-18
-30.845695,-1.504261,-1,EPI_ISL_10690505,Omicron,BA.1.1.13,2022-02-25
-41.894318,9.767151,-1,EPI_ISL_12945387,Omicron,BA.2.3.1,2022-04-28
-41.636387,9.501595,-1,EPI_ISL_11918449,Omicron,BA.2,2022-04-01
-33.39444,9.192871,-1,EPI_ISL_8965009,Omicron,BA.1.12,2022-01-14
-42.060753,-11.305961,-1,EPI_ISL_13239699,Omicron,BA.2,2022-05-27
-41.628445,9.493805,-1,EPI_ISL_9729432,Omicron,BA.2,2022-01-31
-41.58953,9.509373,-1,EPI_ISL_10853375,Omicron,BA.2.3,2022-03-02
-36.48977,-7.32749,-1,EPI_ISL_8999626,Omicron,BA.1.1,2022-01-14
-37.09126,-6.3976,-1,EPI_ISL_9959776,Omicron,BA.1.1,2022-01-26
-33.55859,9.466045,-1,EPI_ISL_8208914,Omicron,BA.1.15,2021-12-16
-35.989838,-6.3193626,-1,EPI_ISL_9182099,Omicron,BA.1.1.18,2022-01-08
-40.66769,10.25153,-1,EPI_ISL_13276937,Omicron,BA.2.42,2022-06-03
-40.80044,10.493786,-1,EPI_ISL_11413749,Omicron,BA.2.2,2022-02-17
-36.114666,-6.202427,-1,EPI_ISL_9343746,Omicron,BA.1.1,2022-01-11
-40.816086,10.478085,-1,EPI_ISL_12897822,Omicron,BA.2.3.1,2022-04-11
-40.886368,10.454689,-1,EPI_ISL_12901857,Omicron,BA.2,2022-04-29
-40.72235,10.321764,-1,EPI_ISL_11621972,Omicron,BA.2.9,2022-03-21
-24.625988,24.934399,-1,EPI_ISL_16407562,Omicron,BQ.1.12,2022-12-20
-40.800484,10.556179,-1,EPI_ISL_11272699,Omicron,BA.2,2022-03-15
-40.652157,10.345566,-1,EPI_ISL_11289082,Omicron,BA.2,2022-03-15
-35.77882,-6.5148993,-1,EPI_ISL_9864038,Omicron,BA.1.1,2022-02-07
-35.74765,-6.530758,-1,EPI_ISL_8948477,Omicron,BA.1.1,2022-01-07
-27.962137,21.232681,-1,EPI_ISL_16706756,Omicron,BQ.1.7,2023-01-06
-41.00365,10.923397,-1,EPI_ISL_12199994,Omicron,BA.2.9,2022-04-13
-30.518124,-1.2380209,-1,EPI_ISL_10190139,Omicron,BA.1.1,2022-01-26
-40.83184,10.454819,-1,EPI_ISL_12794349,Omicron,Unassigned,2022-03-03
-32.636753,10.1536255,-1,EPI_ISL_8778288,Omicron,BA.1.17.2,2022-01-06
-32.511604,10.114479,-1,EPI_ISL_10330518,Omicron,BA.1.15,2022-02-07
-40.78483,10.298433,-1,EPI_ISL_13308084,Omicron,BA.2.3,2022-05-25
-40.995712,10.78273,-1,EPI_ISL_13627049,Omicron,BA.2,2022-02-03
-32.57413,10.17709,-1,EPI_ISL_9688206,Omicron,BA.1,2022-01-24
-32.34768,10.028683,-1,EPI_ISL_8854280,Omicron,BA.1.17.2,2022-01-11
-42.169983,-11.126269,-1,EPI_ISL_12020310,Omicron,BA.2,2022-03-18
-32.589855,10.05212,-1,EPI_ISL_9433762,Omicron,BA.1,2021-12-28
-40.769245,10.353004,-1,EPI_ISL_12503679,Omicron,BA.2,2022-04-16
-42.45924,-12.220196,-1,EPI_ISL_13343004,Omicron,BA.2,2022-05-30
-32.566353,10.099016,-1,EPI_ISL_9303939,Omicron,BA.1.9,2022-01-10
-40.613045,10.228073,-1,EPI_ISL_9859405,Omicron,BA.2,2022-02-04
-40.901993,10.486101,-1,EPI_ISL_10966067,Omicron,BA.2,2022-03-06
-27.993202,21.248222,-1,EPI_ISL_16435077,Omicron,BQ.1.3,2022-12-14
-40.69097,10.314016,-1,EPI_ISL_12227952,Omicron,BA.2.3,2022-04-18
-32.746223,10.333427,-1,EPI_ISL_10417292,Omicron,BD.1,2022-02-20
-40.30836,10.20459,-1,EPI_ISL_12254073,Omicron,BA.2.9,2022-04-15
24.754288,-16.068745,-1,EPI_ISL_10746428,Omicron,BA.2,2022-02
-40.417686,10.220287,-1,EPI_ISL_11702704,Omicron,BA.2,2022-03-26
-40.980125,10.548567,-1,EPI_ISL_12987713,Omicron,BA.2.10,2022-05-03
-36.106773,-6.3664722,-1,EPI_ISL_11535679,Omicron,BA.1.1,2022-03-05
-40.61289,10.243767,-1,EPI_ISL_8767712,Omicron,BA.2,2022-01-10
-40.636314,10.134205,-1,EPI_ISL_10064161,Omicron,BA.2,2022-02-11
-36.02083,-6.296072,-1,EPI_ISL_11677776,Omicron,Unassigned,2022-03-12
-32.628902,10.177004,-1,EPI_ISL_8863847,Omicron,BA.1.15.1,2022-01-10
-32.636536,10.223953,-1,EPI_ISL_11431637,Omicron,BA.1.15,2022-03-19
-41.042606,10.915615,-1,EPI_ISL_12581357,Omicron,BA.2,2022-04-05
-28.079279,21.287392,-1,EPI_ISL_16068272,Omicron,BQ.1.14,2022-11-18
-36.755363,-7.2961807,-1,EPI_ISL_10337911,Omicron,BA.1.1,2022-02-16
-32.94138,9.044317,-1,EPI_ISL_10785155,Omicron,BA.1.17.2,2022-01-27
-37.060028,-6.6864147,-1,EPI_ISL_9344406,Omicron,BA.1.1,2022-01-12
-36.86463,-7.2961903,-1,EPI_ISL_10047927,Omicron,BA.1.1,2022-02-10
-41.71463,9.548546,-1,EPI_ISL_16873057,Omicron,Unassigned,2022-07
-36.724136,-7.3352356,-1,EPI_ISL_10330501,Omicron,BA.1.1,2022-02-07
-28.344666,20.295162,-1,EPI_ISL_15694010,Omicron,BQ.1.14,2022-10-27
-40.8396,10.376478,-1,EPI_ISL_13351615,Omicron,BA.2,2022-06-02
-32.582108,10.067848,-1,EPI_ISL_8435000,Omicron,BA.1,2021-12-16
-32.52728,10.060005,-1,EPI_ISL_10757371,Omicron,BA.1,2022-02-14
-40.910515,-9.856403,-1,EPI_ISL_10795137,Omicron,BA.1.1,2022-02-24
-32.542824,10.145802,-1,EPI_ISL_10244474,Omicron,BA.1.17.2,2022-02-01
-40.878647,10.439066,-1,EPI_ISL_12096935,Omicron,BA.2.3.7,2022-03-28
-40.48794,10.251575,-1,EPI_ISL_12910294,Omicron,Unassigned,2022-05-09
-40.925262,10.41563,-1,EPI_ISL_13445749,Omicron,BA.2.50,2022-06-14
-35.989567,-6.319687,-1,EPI_ISL_14560895,Omicron,BA.1.1,2022-02-02
-36.036663,-6.3118305,-1,EPI_ISL_11619990,Omicron,BA.1.1,2022-03-03
-32.456963,10.145945,-1,EPI_ISL_9015106,Omicron,BA.1.17.2,2021-12-28
-32.722702,10.348894,-1,EPI_ISL_9778979,Omicron,BA.1,2022-02-03
-28.141754,21.287514,-1,EPI_ISL_15877680,Omicron,BQ.1.3,2022-11-03
-40.90207,10.360981,-1,EPI_ISL_10254930,Omicron,BA.2,2022-01-29
-32.636604,10.216076,-1,EPI_ISL_9504497,Omicron,BA.1.17,2022-01-28
-35.849087,-6.4602776,-1,EPI_ISL_11202496,Omicron,BA.1.1.8,2022-01-31
-35.919388,-6.2569256,-1,EPI_ISL_10833781,Omicron,BA.1,2022-02-07
-40.683224,10.181332,-1,EPI_ISL_11980988,Omicron,BA.2,2022-04-04
-35.91925,-6.4446325,-1,EPI_ISL_10701455,Omicron,BA.1.1,2022-01-26
-36.013237,-6.2491465,-1,EPI_ISL_9878811,Omicron,BA.1.1,2022-01-24
-35.84912,-6.4680796,-1,EPI_ISL_9284339,Omicron,BA.1.1,2022-01-21
-28.641867,20.420334,-1,EPI_ISL_16364387,Omicron,BQ.1.3,2022-12-20
-32.605415,10.239651,-1,EPI_ISL_15775340,Omicron,BA.1,2022
-36.122475,-6.1166363,-1,EPI_ISL_9999010,Omicron,BA.1.1,2022-02-09
-40.777237,10.306274,-1,EPI_ISL_11463301,Omicron,BA.2,2022-03-02
-40.43335,10.259417,-1,EPI_ISL_12047767,Omicron,BA.2.37,2022-03-31
-23.680798,25.277756,-1,EPI_ISL_15582057,Omicron,BQ.1.16,2022-10-21
-40.85527,10.524853,-1,EPI_ISL_11300506,Omicron,XJ,2022-02-15
-29.071442,21.631191,-1,EPI_ISL_15271534,Omicron,BQ.1,2022-09-17
-28.844915,20.560707,-1,EPI_ISL_16244791,Omicron,BQ.1.13.1,2022-12-06
-40.64441,10.134426,-1,EPI_ISL_11963682,Omicron,BA.2.10,2022-03-29
-32.58185,10.083292,-1,EPI_ISL_10053168,Omicron,BA.1.18,2022-02-09
-42.16192,-11.15777,-1,EPI_ISL_12737694,Omicron,BA.2.39,2022-04-26
-35.89606,-6.444702,-1,EPI_ISL_8311309,Omicron,BA.1.1.18,2021-12-19
-40.855156,10.478252,-1,EPI_ISL_14511779,Omicron,BA.2.9,2022-06-23
-40.792538,10.282724,-1,EPI_ISL_12096927,Omicron,BA.2.3,2022-03-27
-20.39026,28.162132,-1,EPI_ISL_16295620,Omicron,DE.2,2022-12-12
-40.737965,10.353243,-1,EPI_ISL_12563129,Omicron,BA.2,2022-04-14
-40.44894,10.157715,-1,EPI_ISL_12708028,Omicron,BA.2,2022-05-06
-40.574028,10.251537,-1,EPI_ISL_11023868,Omicron,BA.2.3,2022-03-03
-40.831535,10.40777,-1,EPI_ISL_9366749,Omicron,BA.2,2022-01-05
-40.82405,10.400002,-1,EPI_ISL_10402702,Omicron,BA.2,2022-02-17
-40.30819,10.189135,-1,EPI_ISL_10475931,Omicron,BA.2,2022-02-08
-36.00522,-6.3744364,-1,EPI_ISL_9334944,Omicron,BA.1.1,2022-01-14
-40.441185,10.228203,-1,EPI_ISL_10587528,Omicron,BA.2,2022-02-25
-42.4277,-11.040464,-1,EPI_ISL_10805840,Omicron,BA.2,2022-02-17
-32.621223,10.099052,-1,EPI_ISL_11890511,Omicron,BA.1.18,2022-01-08
-36.09134,-6.296177,-1,EPI_ISL_10895507,Omicron,BA.1.1.2,2022-01-27
-41.09006,-9.736242,-1,EPI_ISL_16348840,Omicron,BA.2.65,2022-12-19
-32.691284,10.216028,-1,EPI_ISL_9690480,Omicron,BA.1,2022-01-30
-42.427887,-12.040678,-1,EPI_ISL_17213648,Omicron,BA.2,2023-03
-35.935112,-6.444626,-1,EPI_ISL_10792485,Omicron,BA.1.1,2022-02-22
-40.214573,10.126751,-1,EPI_ISL_12008098,Omicron,BA.2.9,2022-03-22
-35.95076,-6.405574,-1,EPI_ISL_11945545,Omicron,BA.1.1,2022-03-09
-36.208485,-6.264786,-1,EPI_ISL_9131270,Omicron,BA.1.1,2022-01-03
-35.833527,-6.444639,-1,EPI_ISL_10039170,Omicron,Unassigned,2022-01-30
-40.93311,10.71224,-1,EPI_ISL_10746433,Omicron,BA.2.10,2022-02
-32.613297,9.01318,-1,EPI_ISL_13791362,Omicron,BA.1.15,2022-01-31
-33.464706,9.364735,-1,EPI_ISL_9349597,Omicron,BA.1.17.2,2022-01-16
-33.574036,9.489624,-1,EPI_ISL_8789911,Omicron,BA.1.17.2,2021-12-27
-41.667557,9.579807,-1,EPI_ISL_13541570,Omicron,BA.2.9.3,2022-05-23
-28.001877,0.68376064,-1,EPI_ISL_9930234,Omicron,BA.1.1,2022-01-24
-29.118376,21.365524,-1,EPI_ISL_17636993,Omicron,BQ.1,2022-12-13
-36.997658,-7.147583,-1,EPI_ISL_9340129,Omicron,BA.1.1.18,2022-01-10
-29.071339,21.404545,-1,EPI_ISL_15724687,Omicron,BQ.1,2022-11-01
-33.214874,9.083317,-1,EPI_ISL_9385936,Omicron,BA.1.14,2022-01-23
-41.65986,9.5720215,-1,EPI_ISL_12189289,Omicron,BA.2,2022-04-07
-40.70688,10.25946,-1,EPI_ISL_11154550,Omicron,BA.2,2022-02-18
-32.5897,10.052067,-1,EPI_ISL_10148397,Omicron,BA.1.17.2,2022-01-25
-40.644077,10.243683,-1,EPI_ISL_10925641,Omicron,BA.2,2022-03-03
-40.863033,10.353224,-1,EPI_ISL_13059300,Omicron,BA.2,2022-05-26
-35.880234,-6.436758,-1,EPI_ISL_9931022,Omicron,BA.1.1,2022-01-25
-36.169285,-6.155572,-1,EPI_ISL_9130607,Omicron,BA.1.1.15,2022-01-18
-28.040257,21.326607,-1,EPI_ISL_16025226,Omicron,BQ.1,2022-11-21
-42.33412,-11.236038,-1,EPI_ISL_12271334,Omicron,BA.2,2022-03-28
-40.83963,10.431299,-1,EPI_ISL_12593261,Omicron,BA.2,2022-04-17
-36.067993,-6.2571545,-1,EPI_ISL_9787241,Omicron,BA.1.1,2022-02-02
-28.133957,21.334206,-1,EPI_ISL_16257873,Omicron,BQ.1.2,2022-12-02
-36.19301,-6.11656,-1,EPI_ISL_12946593,Omicron,BC.1,2022-04-23
-35.903893,-6.4211674,-1,EPI_ISL_8468452,Omicron,BA.1.1,2021-12-15
-40.816013,10.611088,-1,EPI_ISL_13021315,Omicron,BA.2.3,2022-05-03
-40.862846,10.415743,-1,EPI_ISL_9697634,Omicron,BA.2,2022-01-19
-32.60531,10.301964,-1,EPI_ISL_11560633,Omicron,BA.1.17.2,2022-03-07
-40.78467,10.34528,-1,EPI_ISL_13212993,Omicron,BA.2.3.1,2022-04-28
-40.613113,10.477983,-1,EPI_ISL_13893195,Omicron,BA.2,2022-05-20
-21.360031,26.619255,-1,EPI_ISL_17071886,Omicron,BQ.1,2023-02-16
-36.02106,-6.358588,-1,EPI_ISL_8770429,Omicron,BA.1.1.11,2022-01-11
-40.58161,10.212574,-1,EPI_ISL_10855449,Omicron,BA.2,2022-02-20
-32.49607,10.005268,-1,EPI_ISL_16365828,Omicron,BA.1.17,2022-01-10
-32.417854,10.005093,-1,EPI_ISL_12275842,Omicron,BA.1,2022-02-28
-41.206676,10.642254,-1,EPI_ISL_12628778,Omicron,BA.2,2022-04-25
-36.091335,-6.233694,-1,EPI_ISL_9281927,Omicron,BA.1.1.15,2022-01-22
-40.925556,10.595312,-1,EPI_ISL_10741949,Omicron,BA.2,2022-02-19
-35.935062,-6.4601345,-1,EPI_ISL_9457931,Omicron,BA.1.1,2022-01-01
-40.66765,10.243822,-1,EPI_ISL_11662326,Omicron,BA.2.9,2022-03-26
-40.76145,10.321831,-1,EPI_ISL_12894730,Omicron,BA.2,2022-05-09
-40.48018,10.0718,-1,EPI_ISL_13197686,Omicron,BA.2,2022-05-17
-40.55044,10.220375,-1,EPI_ISL_14125265,Omicron,BA.2.10.1,2022-06-14
-40.7849,10.306406,-1,EPI_ISL_14190845,Omicron,BA.2.3.7,2022-05-24
-32.61333,10.1144905,-1,EPI_ISL_10472314,Omicron,BA.1,2022-02-16
-35.817883,-6.4993153,-1,EPI_ISL_11714762,Omicron,BC.1,2022-02-22
-35.91147,-6.4836187,-1,EPI_ISL_11884523,Omicron,BA.1.1.1,2022-03-08
-40.74573,10.337595,-1,EPI_ISL_9440092,Omicron,BA.2.9,2022-01-25
-36.185127,-6.1788177,-1,EPI_ISL_9713195,Omicron,BA.1,2022-01-25
-40.87874,10.485855,-1,EPI_ISL_10217774,Omicron,BA.2.9,2022-02-14
-32.61331,10.200575,-1,EPI_ISL_8472776,Omicron,BA.1.18,2021-12-23
-35.927197,-6.444606,-1,EPI_ISL_12375187,Omicron,BA.1.1,2022-03-18
-40.886314,10.493782,-1,EPI_ISL_8927253,Omicron,BA.2,2022-01-13
-33.511524,9.567608,-1,EPI_ISL_12949386,Omicron,BA.1.17.2,2021-12-26
-42.974556,-11.766938,-1,EPI_ISL_12826209,Omicron,BA.2,2022-05-12
-33.121376,9.200394,-1,EPI_ISL_16180923,Omicron,BA.1.15,2022-01-09
-41.675552,9.462521,-1,EPI_ISL_14055495,Omicron,BA.2.54,2022-06-14
-41.605038,9.501545,-1,EPI_ISL_11813416,Omicron,BA.2,2022-03-16
-43.06047,-11.149649,-1,EPI_ISL_11890149,Omicron,BA.2,2022-03-22
-41.425625,9.431202,-1,EPI_ISL_13015001,Omicron,BA.2.3,2022-05-23
-28.048006,21.279629,-1,EPI_ISL_16925491,Omicron,BQ.1.3,2022-11-28
-35.810017,-6.3901243,-1,EPI_ISL_11714393,Omicron,BA.1.1.2,2022-03-01
-32.58975,10.122301,-1,EPI_ISL_10096000,Omicron,BA.1.17,2022-02-03
-32.33858,10.011578,-1,EPI_ISL_9270798,Omicron,BA.1,2022-01-22
-40.988045,10.782818,-1,EPI_ISL_13095393,Omicron,Unassigned,2022-05-16
-28.040382,21.287468,-1,EPI_ISL_15105348,Omicron,BQ.1.2.1,2022-09-15
-40.93328,10.572037,-1,EPI_ISL_12850460,Omicron,BA.2.1,2022-05-06
-32.58979,10.036455,-1,EPI_ISL_9251290,Omicron,BA.1,2022-01-20
-40.550014,10.235643,-1,EPI_ISL_12373116,Omicron,BA.2,2022-04-08
-32.699085,10.231773,-1,EPI_ISL_9477373,Omicron,BA.1.17.2,2022-01-07
-32.464886,10.067516,-1,EPI_ISL_8518426,Omicron,BA.1.17.2,2021-12-20
-28.047926,21.232887,-1,EPI_ISL_17069231,Omicron,BQ.1.10,2023-02-16
-28.09475,21.318596,-1,EPI_ISL_16819684,Omicron,BQ.1.23,2022-12-15
-40.84724,10.40023,-1,EPI_ISL_12787324,Omicron,BA.2.3,2022-04-19
-40.80824,10.39204,-1,EPI_ISL_13614454,Omicron,BA.2,2022-05-15
-42.69343,-11.790256,-1,EPI_ISL_12256755,Omicron,BA.2.9,2022-03-26
-40.761494,10.31399,-1,EPI_ISL_12328641,Omicron,BA.2,2022-04-01
-32.41012,9.927258,-1,EPI_ISL_9175727,Omicron,BA.1,2022-01-18
-28.016941,21.279335,-1,EPI_ISL_16186291,Omicron,BQ.1,2022-12-02
-40.972435,10.493885,-1,EPI_ISL_13045411,Omicron,BA.2,2022-04-26
-40.75369,10.353132,-1,EPI_ISL_11432286,Omicron,BA.2,2022-03-20
-40.49595,10.259563,-1,EPI_ISL_12873928,Omicron,BA.2.3,2022-04-25
-36.114647,-6.389782,-1,EPI_ISL_10256167,Omicron,BA.1.1,2022-02-05
-40.9804,10.673674,-1,EPI_ISL_10926642,Omicron,BA.2,2022-03-04
-32.53522,10.122364,-1,EPI_ISL_8587811,Omicron,BA.1.15,2021-12-17
-28.063591,21.295258,-1,EPI_ISL_16564238,Omicron,BQ.1.2,2022-10-10
-32.503956,10.099133,-1,EPI_ISL_10507371,Omicron,BA.1.17.2,2022-02-04
-32.488342,10.091486,-1,EPI_ISL_9614392,Omicron,BA.1.17.2,2022-01-31
-36.161694,-6.2495117,-1,EPI_ISL_8765073,Omicron,BA.1.1,2022-01-06
-32.51962,9.9974785,-1,EPI_ISL_12911827,Omicron,BA.1,2022-03-17
-36.13815,-6.1634016,-1,EPI_ISL_10192052,Omicron,BA.1.1,2022-02-14
-40.78499,10.376753,-1,EPI_ISL_12361394,Omicron,BA.2,2022-04-17
-27.97007,21.349846,-1,EPI_ISL_15976797,Omicron,BQ.1.3,2022-11-22
-32.378967,9.973949,-1,EPI_ISL_9681364,Omicron,BA.1,2022-02-02
-36.052094,-6.374384,-1,EPI_ISL_12083567,Omicron,BA.1.1,2022-03-17
-36.013042,-6.335188,-1,EPI_ISL_11504301,Omicron,BA.1.1.2,2022-03-01
-41.628468,9.470341,-1,EPI_ISL_13013084,Omicron,BA.2.9,2022-05-16
-41.589436,9.485893,-1,EPI_ISL_13128143,Omicron,BA.2,2022-05-28
-41.683403,9.454788,-1,EPI_ISL_12461768,Omicron,BA.2,2022-02-28
-29.118399,20.990753,-1,EPI_ISL_15465379,Omicron,BQ.1.2,2022-10-02
-41.62077,9.524929,-1,EPI_ISL_12783564,Omicron,BA.2.12,2022-04-29
-29.204329,21.56865,-1,EPI_ISL_16743521,Omicron,BE.9,2022-12-22
-33.246044,9.091255,-1,EPI_ISL_12373839,Omicron,BA.1.18,2022-01-11
-33.136757,9.184753,-1,EPI_ISL_9250473,Omicron,BA.1.15.1,2022-01-19
-32.66022,10.223944,-1,EPI_ISL_8968832,Omicron,BA.1,2022-01-15
-28.055782,21.27179,-1,EPI_ISL_16205773,Omicron,BQ.1.5,2022-12-03
-40.886387,10.368826,-1,EPI_ISL_12534315,Omicron,BA.2,2022-03-22
-28.173132,21.388947,-1,EPI_ISL_15854250,Omicron,BQ.1,2022-11-11
-32.581974,10.17716,-1,EPI_ISL_10943273,Omicron,BA.1,2022-02-12
-36.036648,-6.3118916,-1,EPI_ISL_8602760,Omicron,BA.1.1.18,2021-12-30
-40.18348,10.173412,-1,EPI_ISL_13051451,Omicron,BA.2,2022-05-13
-40.57402,10.290688,-1,EPI_ISL_15683669,Omicron,BA.2.2,2022-07-23
-28.087055,21.303097,-1,EPI_ISL_16867621,Omicron,BQ.1.10,2022-12-26
-32.300915,9.903648,-1,EPI_ISL_8827907,Omicron,BA.1.20,2021-12-29
-40.878563,10.446945,-1,EPI_ISL_10931598,Omicron,BA.2,2022-03-04
-35.974083,-6.3899307,-1,EPI_ISL_10998405,Omicron,BA.1.1,2022-03-01
-40.081795,10.204929,-1,EPI_ISL_14589476,Omicron,BA.2,2022-07-19
-40.777176,10.345364,-1,EPI_ISL_12190063,Omicron,BA.2,2022-04-05
-40.644165,10.196991,-1,EPI_ISL_12023476,Omicron,BA.2,2022-03-29
-35.997578,-6.3351727,-1,EPI_ISL_11334781,Omicron,BA.1.1,2022-03-17
-40.76924,10.400253,-1,EPI_ISL_9788004,Omicron,BA.2,2022-02-04
-36.021072,-6.264883,-1,EPI_ISL_9349793,Omicron,BA.1.1,2022-01-19
-40.60517,10.212589,-1,EPI_ISL_11553172,Omicron,BA.2.9,2022-03-24
-27.962212,21.264,-1,EPI_ISL_15468073,Omicron,BQ.1.8,2022-10-11
-40.88632,10.462427,-1,EPI_ISL_13324142,Omicron,BA.2,2022-05-16
-32.6055,10.09885,-1,EPI_ISL_11156840,Omicron,BA.1.17.2,2022-02-05
-40.77706,10.38414,-1,EPI_ISL_10507791,Omicron,BA.2,2022-02-07
-24.876154,24.69278,-1,EPI_ISL_15545917,Omicron,BQ.1.14,2022-10-15
24.746418,-16.068756,-1,EPI_ISL_9366701,Omicron,BA.1.1,2021-12-28
-42.279404,-11.18877,-1,EPI_ISL_13576780,Omicron,BA.2,2022-06-13
-40.74589,10.290646,-1,EPI_ISL_12720613,Omicron,BA.2,2022-04-30
-28.47013,20.39684,-1,EPI_ISL_14778228,Omicron,BQ.1.7,2022-08-21
-36.15377,-6.2492714,-1,EPI_ISL_10608742,Omicron,BA.1.1,2022-01-07
-32.48821,10.044361,-1,EPI_ISL_10672950,Omicron,BA.1,2022-02-15
-32.65246,10.122538,-1,EPI_ISL_9985008,Omicron,BA.1,2022-01-30
-32.574207,10.19276,-1,EPI_ISL_8776346,Omicron,BA.1,2022-01-10
-36.09923,-6.171154,-1,EPI_ISL_11723633,Omicron,BC.1,2022-03-10
-28.09513,21.287037,-1,EPI_ISL_16663735,Omicron,BQ.1.2,2023-01-09
-40.722195,10.384438,-1,EPI_ISL_10571794,Omicron,BA.2,2022-02-23
-40.956757,10.493961,-1,EPI_ISL_9869484,Omicron,BA.2.4,2022-02-07
-28.07164,21.27948,-1,EPI_ISL_17197227,Omicron,BQ.1.28,2023-02-23
-35.935093,-6.366496,-1,EPI_ISL_11591402,Omicron,BA.1.1.1,2022-02-28
-40.62858,10.259609,-1,EPI_ISL_13786170,Omicron,BA.2.72,2022-05-19
-28.087173,21.29535,-1,EPI_ISL_15898873,Omicron,BQ.1.10,2022-10-10
-32.644344,10.231859,-1,EPI_ISL_8604515,Omicron,BA.1.17.2,2021-12-14
-36.036484,-6.2492046,-1,EPI_ISL_9647636,Omicron,BA.1.1,2022-01-31
-40.97227,10.696884,-1,EPI_ISL_12980730,Omicron,BA.2,2022-05-09
-40.816082,10.462791,-1,EPI_ISL_14349869,Omicron,BA.2.85,2022-07-27
-41.328876,-10.162495,-1,EPI_ISL_17129188,Omicron,BA.2,2022-05-20
-41.042637,10.642258,-1,EPI_ISL_10881839,Omicron,BA.2,2022-03-04
-42.279366,-11.290472,-1,EPI_ISL_11467085,Omicron,BA.2,2022-03-03
-40.464626,10.204807,-1,EPI_ISL_9511617,Omicron,BA.2.10,2022-01-27
-32.652275,10.161491,-1,EPI_ISL_8895007,Omicron,BA.1.17.2,2022-01-13
-28.087223,21.32666,-1,EPI_ISL_16658460,Omicron,BQ.1.2,2023-01-02
-35.966255,-6.350872,-1,EPI_ISL_9889512,Omicron,BA.1.1,2022-02-08
-40.87877,10.415493,-1,EPI_ISL_13333017,Omicron,BA.2.73,2022-05-11
-35.677185,-6.569665,-1,EPI_ISL_10780160,Omicron,BA.1.1,2022-02-24
-40.88648,10.447025,-1,EPI_ISL_12070675,Omicron,BA.2,2022-03-28
-32.51953,10.075695,-1,EPI_ISL_9043863,Omicron,BA.1,2022-01-08
-40.81597,10.392235,-1,EPI_ISL_10746666,Omicron,BA.2.10,2022-02
-40.48801,10.196806,-1,EPI_ISL_11176680,Omicron,BA.2.10,2022-03-03
-40.808315,10.431412,-1,EPI_ISL_13272352,Omicron,BA.2,2022-04-21
-32.230415,8.9113655,-1,EPI_ISL_10264212,Omicron,BA.1.17.2,2022-02-02
-41.63613,9.4860115,-1,EPI_ISL_10207035,Omicron,BA.2,2022-02-14
-36.77885,-7.0304623,-1,EPI_ISL_11682000,Omicron,BA.1.1,2022-02-28
-41.706535,9.54068,-1,EPI_ISL_8659432,Omicron,BA.2,2022-01-06
-33.433388,9.200508,-1,EPI_ISL_8959520,Omicron,BA.1.17.2,2021-12-28
-35.942696,-6.366543,-1,EPI_ISL_10389976,Omicron,BA.1.1,2022-02-12
-42.826244,-11.173363,-1,EPI_ISL_14189744,Omicron,BA.2.3.7,2022-04-29
-40.449074,10.173508,-1,EPI_ISL_11278917,Omicron,BA.2,2022-03-16
-32.636604,10.200443,-1,EPI_ISL_8602821,Omicron,BA.1,2021-12-30
-28.063519,21.201447,-1,EPI_ISL_16111214,Omicron,BE.10,2022-12-08
-40.847298,10.392181,-1,EPI_ISL_12172985,Omicron,BA.2.10.1,2022-03-30
-40.738003,10.3064,-1,EPI_ISL_13046282,Omicron,BA.2.3,2022-05-13
-32.58188,10.184858,-1,EPI_ISL_9312069,Omicron,BA.1,2022-01-24
-32.902306,10.520887,-1,EPI_ISL_8847990,Omicron,BA.1.15.1,2022-01-10
-35.911556,-6.5070953,-1,EPI_ISL_10272545,Omicron,BA.1.1,2022-02-09
-40.894135,10.5252,-1,EPI_ISL_13398179,Omicron,BA.2.85,2022-05-23
-40.98798,10.525164,-1,EPI_ISL_11117846,Omicron,BA.2.9,2022-03-11
-40.98807,10.517067,-1,EPI_ISL_12457339,Omicron,BA.2.9,2022-04-21
-28.11068,21.365505,-1,EPI_ISL_15741271,Omicron,BQ.1,2022-10-29
-32.527454,10.09898,-1,EPI_ISL_9934946,Omicron,BA.1.15,2022-01-30
-22.016182,25.333618,-1,EPI_ISL_16700198,Omicron,BQ.1,2022-12-03
-40.48027,10.165619,-1,EPI_ISL_14590992,Omicron,BA.2.10.1,2022-06-07
-42.490265,-10.946656,-1,EPI_ISL_13239508,Omicron,BA.2.36,2022-05-28
-40.886322,10.353056,-1,EPI_ISL_13709466,Omicron,BA.2,2022-06-09
-32.660156,10.310099,-1,EPI_ISL_10279056,Omicron,BA.1.15,2022-01-24
-32.65229,10.130268,-1,EPI_ISL_12136645,Omicron,BA.1,2022-04-02
-40.753586,10.431223,-1,EPI_ISL_14139798,Omicron,BA.2,2022-06-17
-32.331963,9.958424,-1,EPI_ISL_9139200,Omicron,BA.1.17,2022-01-07
-40.730133,10.32188,-1,EPI_ISL_8886717,Omicron,BA.2,2022-01-13
-32.605396,10.145821,-1,EPI_ISL_10324685,Omicron,BA.1.15,2022
-35.89589,-6.397827,-1,EPI_ISL_10491952,Omicron,BA.1.1.18,2022-02-16
-41.05069,10.775078,-1,EPI_ISL_14017726,Omicron,BA.2.29,2022-06-17
-40.597473,10.204748,-1,EPI_ISL_9453464,Omicron,BA.2,2022-01-26
-40.70669,10.400171,-1,EPI_ISL_14113391,Omicron,BA.2.29,2022-06-03
-41.081688,10.673481,-1,EPI_ISL_12320645,Omicron,BA.2,2022-04-10
-32.410233,9.958389,-1,EPI_ISL_9893075,Omicron,BA.1.15.1,2022-02-07
-32.49603,10.067781,-1,EPI_ISL_17491182,Omicron,BA.1.20,2022-01-07
-42.18569,-11.282622,-1,EPI_ISL_14517410,Omicron,BA.2,2022-07-27
-35.942814,-6.397704,-1,EPI_ISL_12949556,Omicron,BA.1.1,2022-01-09
-35.942963,-6.514881,-1,EPI_ISL_14630831,Omicron,BA.1.1,2022-03-14
-28.118452,21.170242,-1,EPI_ISL_16908272,Omicron,BQ.1.2,2023-01-16
-42.404327,-11.118467,-1,EPI_ISL_13411048,Omicron,BA.2,2022-05-30
-32.652313,10.177099,-1,EPI_ISL_8542383,Omicron,BA.1.13,2021-12-20
-35.99756,-6.343009,-1,EPI_ISL_9505525,Omicron,BA.1.1,2022-01-27
-40.972343,10.579849,-1,EPI_ISL_11286396,Omicron,BA.2.9,2022-03-14
-32.534954,10.083382,-1,EPI_ISL_10000742,Omicron,BA.1,2022-02-08
-32.558483,10.083183,-1,EPI_ISL_11204133,Omicron,BA.1.19,2022-02-01
-27.985518,21.232796,-1,EPI_ISL_16052593,Omicron,BQ.1,2022-11-30
-28.063679,21.287472,-1,EPI_ISL_16695519,Omicron,BQ.1.14,2023-01-06
-40.862823,10.501556,-1,EPI_ISL_13144450,Omicron,BA.2,2022-05-12
-36.95073,-7.241581,-1,EPI_ISL_9968232,Omicron,BA.1.1,2022-01-31
-33.308647,9.278732,-1,EPI_ISL_9857083,Omicron,BA.1,2022-01-10
-28.65739,20.443626,-1,EPI_ISL_16101202,Omicron,BQ.1.2,2022-11-27
-36.9818,-7.1790695,-1,EPI_ISL_10359304,Omicron,Unassigned,2022-02-13
-41.636555,9.587486,-1,EPI_ISL_10494832,Omicron,BA.2,2022-01-19
-28.946638,21.615768,-1,EPI_ISL_16134186,Omicron,BQ.1.13,2022-11-28
-37.161644,-6.5383205,-1,EPI_ISL_8942731,Omicron,BA.1.1.14,2022-01-12
-37.153862,-6.7338486,-1,EPI_ISL_10004130,Omicron,BA.1.1,2022-02-05
-35.950615,-6.3901224,-1,EPI_ISL_10009265,Omicron,BA.1.1,2022-01-26
-28.118452,21.318676,-1,EPI_ISL_16089165,Omicron,BQ.1.2,2022-11-27
-36.02891,-6.2571335,-1,EPI_ISL_9124781,Omicron,BA.1.1,2022-01-17
-36.122604,-6.1164656,-1,EPI_ISL_12941562,Omicron,BA.1.1.2,2022-02-26
-27.455807,1.1226549,-1,EPI_ISL_11254408,Omicron,BA.1.1.14,2022-02-26
-40.745506,10.306404,-1,EPI_ISL_10475521,Omicron,BA.2,2022-02-08
-36.075623,-6.436964,-1,EPI_ISL_12323156,Omicron,BA.1.1,2022-01-03
-40.769287,10.329727,-1,EPI_ISL_12551199,Omicron,BA.2,2022-04-18
-36.028755,-6.3195457,-1,EPI_ISL_10374289,Omicron,BA.1.1.18,2022-02-04
-40.56623,10.204815,-1,EPI_ISL_11665217,Omicron,BA.2,2022-03-26
-40.82408,10.337555,-1,EPI_ISL_13376849,Omicron,BA.2,2022-04-13
-40.73787,10.415571,-1,EPI_ISL_13574752,Omicron,BA.2,2022
-36.153908,-6.225814,-1,EPI_ISL_8961435,Omicron,BA.1.1,2022-01-14
-32.464836,10.122417,-1,EPI_ISL_9571766,Omicron,BA.1.17.2,2022-01-13
-40.92556,10.525082,-1,EPI_ISL_11351404,Omicron,BA.2.9.2,2022-03-07
-40.683334,10.18935,-1,EPI_ISL_14135236,Omicron,BA.2,2022-04-11
-32.495934,10.34116,-1,EPI_ISL_11245038,Omicron,BA.1.17,2022-03-07
-40.76924,10.353138,-1,EPI_ISL_9620955,Omicron,BA.2,2022-01-31
-40.753506,10.525045,-1,EPI_ISL_10746347,Omicron,BA.2.10,2022-02
-35.93506,-6.3897552,-1,EPI_ISL_7937787,Omicron,BA.1.1,2021-12-15
-32.730297,10.356813,-1,EPI_ISL_8774076,Omicron,BA.1,2022-01-09
-28.040459,21.303093,-1,EPI_ISL_16204713,Omicron,BW.1,2022-11-16
-28.016844,21.232693,-1,EPI_ISL_16962212,Omicron,BQ.1.13,2023-02-01
-32.417976,9.96608,-1,EPI_ISL_10255060,Omicron,BA.1.1.18,2022-02-08
-32.597645,10.138176,-1,EPI_ISL_9869065,Omicron,BD.1,2022-02-08
-40.917744,10.525093,-1,EPI_ISL_12548364,Omicron,BA.2.3,2022-04-25
-28.977615,20.584412,-1,EPI_ISL_16757201,Omicron,BQ.1.23,2022-12-28
-40.652008,10.38443,-1,EPI_ISL_12997481,Omicron,BA.2,2022-05-13
-32.69898,10.239494,-1,EPI_ISL_9992756,Omicron,BA.1,2022-02-09
-35.84921,-6.507,-1,EPI_ISL_13088491,Omicron,BA.1.1,2022-05-07
-35.95848,-6.374078,-1,EPI_ISL_9688044,Omicron,BA.1,2022-01-23
-41.003593,10.49366,-1,EPI_ISL_9787607,Omicron,BA.2,2022-02-05
-40.753498,10.415619,-1,EPI_ISL_13578078,Omicron,BA.2.3,2022-06-09
-40.808407,10.314167,-1,EPI_ISL_12710760,Omicron,BA.2,2022-05-02
-40.69883,10.243797,-1,EPI_ISL_10802282,Omicron,BA.2,2022-02-27
-32.472656,10.005318,-1,EPI_ISL_8785270,Omicron,BA.1.17.2,2021-12-21
-40.792572,10.392204,-1,EPI_ISL_13529791,Omicron,BA.2.23,2022-06-11
-42.23242,-11.313951,-1,EPI_ISL_11086108,Omicron,BA.2,2022-02-23
-28.1496,21.404629,-1,EPI_ISL_16599819,Omicron,BQ.1.11,2023-01-10
-41.04258,10.50139,-1,EPI_ISL_12227891,Omicron,BA.2.3,2022-04-16
-36.130363,-6.210227,-1,EPI_ISL_10254424,Omicron,BA.1.1,2022-01-28
-32.394337,9.96624,-1,EPI_ISL_8852020,Omicron,BA.1,2022-01-11
-40.73802,10.30624,-1,EPI_ISL_15224160,Omicron,BA.2,2022-04-21
-32.63671,10.16148,-1,EPI_ISL_12180324,Omicron,BA.1.14,2021-12-27
-35.856865,-6.421158,-1,EPI_ISL_10715890,Omicron,BA.1.1,2022-02-10
-40.83162,10.517361,-1,EPI_ISL_12640821,Omicron,BA.2,2022-04-23
-40.89424,10.41576,-1,EPI_ISL_11981118,Omicron,BA.2,2022-04-04
-32.464832,9.966259,-1,EPI_ISL_9722786,Omicron,BA.1.17.2,2022-01-31
-33.433666,9.098953,-1,EPI_ISL_9118634,Omicron,BA.1,2022-01-19
-41.71457,9.556267,-1,EPI_ISL_12542688,Omicron,BA.2.1,2022-04-12
-36.731976,-7.272707,-1,EPI_ISL_10000911,Omicron,BA.1.1,2022-02-09
-33.621006,9.599041,-1,EPI_ISL_9559385,Omicron,BA.1.17.2,2022-01-27
-36.73195,-7.2415123,-1,EPI_ISL_10652674,Omicron,BA.1.1,2022-02-21
-35.536644,-7.4288445,-1,EPI_ISL_9406056,Omicron,BA.1.1,2022-01-19
-28.079391,21.302986,-1,EPI_ISL_15689943,Omicron,BQ.1.3,2022-10-24
-32.566242,10.099073,-1,EPI_ISL_9557744,Omicron,BA.1.17.2,2022-01-28
-40.88649,10.4156685,-1,EPI_ISL_11768757,Omicron,BA.2,2022-03-28
-42.29503,-11.345194,-1,EPI_ISL_14191239,Omicron,BA.2.3.7,2022-06-03
-36.137993,-6.2647467,-1,EPI_ISL_13475079,Omicron,BA.1.1,2022-01-30
-32.558495,10.130302,-1,EPI_ISL_11003262,Omicron,BA.1.17,2022-02-07
-40.808273,10.407825,-1,EPI_ISL_12103268,Omicron,BA.2,2022-04-02
-28.024723,21.232845,-1,EPI_ISL_16063894,Omicron,BQ.1,2022-11-22
-40.948822,10.571804,-1,EPI_ISL_11380986,Omicron,BA.2,2022-03-17
-40.823856,10.314026,-1,EPI_ISL_11514105,Omicron,BA.2,2022-03-20
-28.055855,21.240456,-1,EPI_ISL_16313833,Omicron,BQ.1.3,2022-11-29
-40.667717,10.267298,-1,EPI_ISL_13576816,Omicron,BA.2,2022-06-14
-36.177097,-6.1241913,-1,EPI_ISL_9233422,Omicron,BA.1.1,2022-01-19
-28.126057,21.28746,-1,EPI_ISL_17069563,Omicron,BQ.1.11,2023-02-17
-36.145836,-6.1632423,-1,EPI_ISL_9463943,Omicron,BA.1.1.1,2022-01-13
-36.052185,-6.389761,-1,EPI_ISL_9788756,Omicron,BA.1.1,2022-02-03
-35.989754,-6.390003,-1,EPI_ISL_11755074,Omicron,BA.1.1,2022-03-15
-40.910004,10.587505,-1,EPI_ISL_12465024,Omicron,BA.2,2022-04-18
-28.095005,21.33432,-1,EPI_ISL_17253790,Omicron,BQ.1.10,2023-03-01
-40.97218,10.689102,-1,EPI_ISL_11132142,Omicron,BA.2,2022-03-07
-29.055775,20.670246,-1,EPI_ISL_16703023,Omicron,BQ.1.5,2023-01-16
-32.550774,10.099155,-1,EPI_ISL_9087859,Omicron,BA.1.15,2022-01-11
-40.699173,10.236057,-1,EPI_ISL_11304114,Omicron,BA.2,2022-03-15
-36.23967,-6.0618153,-1,EPI_ISL_8260655,Omicron,BA.1.1,2021-12-21
-28.196615,20.31868,-1,EPI_ISL_16262875,Omicron,Unassigned,2022-12-12
-29.008825,21.466942,-1,EPI_ISL_17016256,Omicron,BQ.1,2023-02-13
-40.69878,10.314148,-1,EPI_ISL_12582303,Omicron,BA.2,2022-04-19
-32.746082,10.341198,-1,EPI_ISL_9040401,Omicron,BA.1.17,2022-01-04
-32.38681,9.973703,-1,EPI_ISL_10374295,Omicron,BA.1.15,2022-02-06
-41.02688,11.2594795,-1,EPI_ISL_12455188,Omicron,BA.2.9.3,2022-04-25
-28.946543,20.78746,-1,EPI_ISL_16047720,Omicron,BQ.1.3,2022-11-22
-40.823967,10.509497,-1,EPI_ISL_13516120,Omicron,BA.2.9,2022-06-20
-40.698925,10.259544,-1,EPI_ISL_11021430,Omicron,BA.2,2022-02-21
-40.925423,10.454964,-1,EPI_ISL_10962500,Omicron,BA.2,2022-03-05
-28.048004,21.295212,-1,EPI_ISL_16532200,Omicron,BQ.1.13.1,2022-12-26
-40.753544,10.361107,-1,EPI_ISL_14121735,Omicron,BA.2.3,2022-06-11
-40.815964,10.540518,-1,EPI_ISL_12247079,Omicron,BA.2,2022-04-13
-40.628582,10.235983,-1,EPI_ISL_12033710,Omicron,BA.2,2022-03-25
-35.848915,-6.467945,-1,EPI_ISL_9431735,Omicron,BA.1.1,2022-01-16
-27.985678,21.2406,-1,EPI_ISL_16425337,Omicron,BQ.1.2,2022-12-12
-32.550632,10.075584,-1,EPI_ISL_8680179,Omicron,BA.1,2022-01-03
-28.05599,21.279701,-1,EPI_ISL_16250445,Omicron,BQ.1.28,2022-12-10
-40.909855,10.462482,-1,EPI_ISL_11132777,Omicron,BA.2,2022-03-06
-35.997425,-6.3900194,-1,EPI_ISL_10538227,Omicron,BA.1.1,2022-02-19
-32.63681,10.200565,-1,EPI_ISL_10193701,Omicron,BA.1.17.2,2022
-36.036514,-6.3117523,-1,EPI_ISL_8999446,Omicron,BA.1.1,2022-01-15
-28.032349,21.279701,-1,EPI_ISL_15804012,Omicron,BQ.1.10.1,2022-11-06
-36.146027,-6.1554985,-1,EPI_ISL_12499600,Omicron,BA.1.1,2022-04-11
-27.91532,21.170273,-1,EPI_ISL_16382505,Omicron,BQ.1,2022-12-21
-32.63658,10.200447,-1,EPI_ISL_8347597,Omicron,BA.1.18,2021-12-25
-40.74588,10.345249,-1,EPI_ISL_12087711,Omicron,BA.2,2022-03-21
-40.870808,10.407778,-1,EPI_ISL_13787451,Omicron,BA.2.9,2022-07-02
-27.961922,21.279346,-1,EPI_ISL_16731154,Omicron,BQ.1.15.1,2023-01-18
-36.044403,-6.311802,-1,EPI_ISL_13204771,Omicron,BA.1.1,2022-05-06
-28.087206,21.287346,-1,EPI_ISL_17020511,Omicron,BQ.1.2,2023-01-16
-40.847492,10.485968,-1,EPI_ISL_12816301,Omicron,BA.2,2022-04-30
-40.98006,10.72032,-1,EPI_ISL_12752499,Omicron,BA.2.12,2022-04-10
-32.464813,10.091158,-1,EPI_ISL_12949517,Omicron,BA.1.17.2,2022-01-13
-41.214554,10.696949,-1,EPI_ISL_10313846,Omicron,BA.2,2022-02-09
-32.80076,9.01305,-1,EPI_ISL_9020780,Omicron,BA.1,2022-01-17
-33.68341,9.755314,-1,EPI_ISL_10105075,Omicron,BA.1.1,2022-01-27
-41.581573,9.57972,-1,EPI_ISL_12075155,Omicron,BA.2.3,2022-03-19
-20.509293,27.682802,-1,EPI_ISL_15860339,Omicron,BQ.1.6,2022-11-09
-36.622723,-7.124302,-1,EPI_ISL_9177359,Omicron,BA.1.1,2022-01-18
-32.64471,10.169096,-1,EPI_ISL_11133758,Omicron,BA.1.15,2022-02-02
-35.927242,-6.3899097,-1,EPI_ISL_11797621,Omicron,BA.1.1,2022-03-11
-32.644596,10.137932,-1,EPI_ISL_8828444,Omicron,BA.1.20,2022-01-04
-40.92553,10.415743,-1,EPI_ISL_12491918,Omicron,BA.2,2022-04-28
-40.71456,10.27499,-1,EPI_ISL_14017085,Omicron,BA.2.3.14,2022-06-26
-36.013187,-6.2493763,-1,EPI_ISL_9799168,Omicron,BA.1.1,2022-01-26
-35.997543,-6.397848,-1,EPI_ISL_11125704,Omicron,BA.1.1,2022-02-21
-40.83956,10.47806,-1,EPI_ISL_10677449,Omicron,BA.2,2022-02-27
-42.27954,-11.751507,-1,EPI_ISL_12852745,Omicron,BA.2.3,2022-04-18
-32.45695,10.005146,-1,EPI_ISL_10283650,Omicron,BA.1.18,2022-02-09
-28.071514,21.2952,-1,EPI_ISL_16089879,Omicron,BQ.1,2022-11-28
-40.847256,10.50926,-1,EPI_ISL_11654539,Omicron,BA.2,2022-03-17
-40.761574,10.353146,-1,EPI_ISL_12932406,Omicron,BA.2.42,2022-05-14
-32.402298,10.020992,-1,EPI_ISL_8755634,Omicron,BA.1,2022-01-04
-35.794273,-6.491518,-1,EPI_ISL_9500759,Omicron,BA.1,2022-01-25
-40.745792,10.275194,-1,EPI_ISL_12629306,Omicron,BA.2,2022-05-05
-28.016651,21.264038,-1,EPI_ISL_16825117,Omicron,BQ.1.23,2023-01-11
-40.831562,10.400244,-1,EPI_ISL_13710447,Omicron,BA.2.42,2022-07-01
-32.660175,10.247406,-1,EPI_ISL_10852489,Omicron,BA.1,2022-03-02
-40.839516,10.446896,-1,EPI_ISL_10733494,Omicron,BA.2.9,2022-02-25
-40.51133,10.251602,-1,EPI_ISL_12402796,Omicron,BA.2.7,2022-04-20
-35.895836,-6.389798,-1,EPI_ISL_9612342,Omicron,BA.1.1.1,2022-01-17
-40.70664,10.407906,-1,EPI_ISL_12619054,Omicron,BA.2,2022-04-22
24.00446,-16.819016,-1,EPI_ISL_15248387,Omicron,BA.5.2.1,2022-09-14
-32.582092,10.091288,-1,EPI_ISL_10858398,Omicron,B.1.1.529,2022-02-17
-28.63404,20.404778,-1,EPI_ISL_16679979,Omicron,BQ.1.3,2023-01-08
-32.48046,10.1692295,-1,EPI_ISL_10563029,Omicron,BA.1,2022-02-06
-20.851748,26.371895,-1,EPI_ISL_17288785,Omicron,BQ.1.10,2023-02-19
-42.208965,-11.618621,-1,EPI_ISL_11860581,Omicron,BA.2,2022-03-20
-32.597485,10.091312,-1,EPI_ISL_11467881,Omicron,BA.1.18,2022-02-20
-28.102684,21.30302,-1,EPI_ISL_15828250,Omicron,BQ.1.10,2022-11-10
-36.083496,-6.257126,-1,EPI_ISL_10324939,Omicron,BA.1.1,2022-02-09
-36.060043,-6.3038197,-1,EPI_ISL_8987023,Omicron,BA.1.1,2022-01-18
-42.497986,-11.204355,-1,EPI_ISL_11754914,Omicron,BA.2.2,2022-03
-40.862984,10.446943,-1,EPI_ISL_12053663,Omicron,BA.2.2,2022-04-02
-40.761383,10.384346,-1,EPI_ISL_12939247,Omicron,BA.2.3.1,2022-04-06
-42.334137,-11.103039,-1,EPI_ISL_13385065,Omicron,BA.2,2022-05-23
-40.714523,10.462742,-1,EPI_ISL_9122057,Omicron,BA.2,2022-01-14
-32.582096,10.067709,-1,EPI_ISL_10821915,Omicron,BA.1.15,2022-01-11
-41.253525,10.673546,-1,EPI_ISL_10400720,Omicron,BA.2.9,2022-02-18
-35.841156,-6.671049,-1,EPI_ISL_9891877,Omicron,BA.1.1,2022-02-08
-32.746124,10.333372,-1,EPI_ISL_9284596,Omicron,BA.1,2022-01-20
-23.640736,24.79329,-1,EPI_ISL_17322112,Omicron,BQ.1.25,2023-03-01
-32.472607,10.044355,-1,EPI_ISL_8862980,Omicron,BA.1.17.2,2022-01-11
-40.862846,10.39233,-1,EPI_ISL_13331168,Omicron,BA.2,2022-04-30
-36.06781,-6.163371,-1,EPI_ISL_12928876,Omicron,BA.1.1,2022-03-30
-36.03668,-6.311777,-1,EPI_ISL_8863643,Omicron,BA.1.1.14,2022-01-11
-28.016663,21.217323,-1,EPI_ISL_16395369,Omicron,BQ.1,2022-12-19
-40.777,10.360916,-1,EPI_ISL_11491044,Omicron,BA.2.10.1,2022-03-18
-35.98973,-6.3899956,-1,EPI_ISL_10680212,Omicron,BC.1,2022-01-15
-40.792763,10.423643,-1,EPI_ISL_11255596,Omicron,BA.2,2022-02-26
24.730782,-16.053366,-1,EPI_ISL_10306140,Omicron,BA.2,2022-02-02
-36.083588,-6.2961216,-1,EPI_ISL_9023386,Omicron,BA.1.1,2022-01-11
-32.66794,10.114647,-1,EPI_ISL_10247657,Omicron,BA.1,2022-01-17
-36.122284,-6.475774,-1,EPI_ISL_10712121,Omicron,BA.1.1,2022-02-18
-35.763325,-6.475918,-1,EPI_ISL_9724094,Omicron,BA.1.1,2022-02-03
-32.66013,10.137985,-1,EPI_ISL_12008592,Omicron,BA.1.15.1,2022-03-20
-40.855125,10.439251,-1,EPI_ISL_11545021,Omicron,BA.2,2022-03-23
-41.691162,9.69701,-1,EPI_ISL_8657817,Omicron,BA.2,2022-01-07
-41.6911,9.603321,-1,EPI_ISL_10008646,Omicron,BA.2.10,2022-02-01
-33.691357,10.200439,-1,EPI_ISL_9445269,Omicron,BA.1.16,2022-01-26
-33.57398,9.591185,-1,EPI_ISL_15874512,Omicron,BA.1.17.2,2022-02-28
-27.75119,20.349998,-1,EPI_ISL_16113623,Omicron,BQ.1,2022-11-29
-41.652023,9.61874,-1,EPI_ISL_13204393,Omicron,BA.2,2022-05-26
-41.58965,9.712635,-1,EPI_ISL_13283712,Omicron,BA.2,2022-05-23
-40.597332,10.314205,-1,EPI_ISL_11671353,Omicron,BA.2,2022-03-15
-40.816246,10.439167,-1,EPI_ISL_10690189,Omicron,BA.2,2022-02-25
-40.73782,10.306374,-1,EPI_ISL_14030956,Omicron,BA.2.10.1,2022-03-27
-32.4414,10.028553,-1,EPI_ISL_9957478,Omicron,BA.1.17.2,2022-01-31
-40.81613,10.337719,-1,EPI_ISL_10752172,Omicron,BA.2,2022-02-21
-36.005157,-6.3430843,-1,EPI_ISL_9821293,Omicron,BA.1.1,2022-02-04
-40.722427,10.329819,-1,EPI_ISL_14539300,Omicron,Unassigned,2022-06-11
-32.54292,10.161501,-1,EPI_ISL_10025401,Omicron,BA.1,2022-01-15
-28.008743,21.357735,-1,EPI_ISL_15913949,Omicron,BQ.1,2022-11-08
-18.649273,26.62421,-1,EPI_ISL_16652950,Omicron,BQ.1.10,2022-12-21
-36.03657,-6.2884607,-1,EPI_ISL_10254835,Omicron,BA.1.1,2022-02-01
-42.349564,-11.884214,-1,EPI_ISL_13009737,Omicron,BA.2,2022-05-13
-35.82559,-6.475725,-1,EPI_ISL_10181454,Omicron,BA.1.1.15,2022
-40.855106,10.400223,-1,EPI_ISL_10257509,Omicron,BA.2,2022-02-06
-40.7457,10.337494,-1,EPI_ISL_10112614,Omicron,BA.2.9,2022-02-11
-32.253998,9.88018,-1,EPI_ISL_9296662,Omicron,BA.1,2022-01-20
-40.99563,10.884449,-1,EPI_ISL_11021446,Omicron,BA.2.12,2022-02-21
-32.433743,9.99757,-1,EPI_ISL_10904397,Omicron,BA.1.15.1,2022-02-20
-36.07587,-6.319628,-1,EPI_ISL_9704058,Omicron,BA.1.1.1,2022-01-31
-40.870705,10.392189,-1,EPI_ISL_12139979,Omicron,BA.2.10,2022-03
-40.81591,10.376694,-1,EPI_ISL_10630585,Omicron,BA.2.10,2022-02-12
-35.981987,-6.428913,-1,EPI_ISL_10839848,Omicron,BA.1.1,2022-02-16
-32.425766,10.005304,-1,EPI_ISL_13812923,Omicron,BA.1.15,2022-01-06
-36.130375,-6.2729473,-1,EPI_ISL_8601319,Omicron,BA.1.1,2021-12-28
-40.917793,10.454676,-1,EPI_ISL_12323861,Omicron,BA.2,2022-04-13
-35.919453,-6.4134264,-1,EPI_ISL_11822430,Omicron,BA.1.1,2022-03-12
-40.855175,10.57176,-1,EPI_ISL_13164472,Omicron,BA.2,2022-04-22
-42.19342,-11.462196,-1,EPI_ISL_12824400,Omicron,BA.2.9,2022-05-05
-36.005264,-6.374172,-1,EPI_ISL_9643010,Omicron,BA.1.1.15,2022-01-31
-28.032324,21.2873,-1,EPI_ISL_15959536,Omicron,BQ.1,2022-11-23
-32.14429,9.864756,-1,EPI_ISL_9129196,Omicron,BA.1,2022-01-19
-32.644547,10.27869,-1,EPI_ISL_8899092,Omicron,BA.1.17.2,2022-01-13
-40.862885,10.431124,-1,EPI_ISL_12904099,Omicron,BA.2.36,2022-05-02
-28.032345,21.279537,-1,EPI_ISL_17422500,Omicron,BQ.1.10,2023-01-06
-40.941277,10.501652,-1,EPI_ISL_12299995,Omicron,BA.2.9,2022-04-05
-36.04445,-6.390032,-1,EPI_ISL_12935528,Omicron,BA.1.1.2,2022-03-10
-28.063686,21.303215,-1,EPI_ISL_16583089,Omicron,Unassigned,2023-01-10
-40.66777,10.290678,-1,EPI_ISL_11688171,Omicron,BA.2,2022-03-27
-35.942665,-6.3587008,-1,EPI_ISL_9346539,Omicron,BA.1.1,2021-12-22
-40.87088,10.454674,-1,EPI_ISL_13004612,Omicron,BA.2,2022-05-10
-32.347755,9.934877,-1,EPI_ISL_10432394,Omicron,BA.1,2022-02-08
-40.488174,10.173546,-1,EPI_ISL_10744935,Omicron,BA.2,2022-02-15
-40.730072,10.329569,-1,EPI_ISL_13610959,Omicron,BA.2,2022-06
-41.19883,10.634504,-1,EPI_ISL_9916259,Omicron,BA.2,2022-01-31
-40.94118,10.306282,-1,EPI_ISL_12522070,Omicron,BA.2,2022-04-25
-32.65218,10.29421,-1,EPI_ISL_9841457,Omicron,BA.1.17.2,2022-02-07
-32.71486,10.2395935,-1,EPI_ISL_9356392,Omicron,BD.1,2022-01-26
-27.393888,0.904397,-1,EPI_ISL_10191407,Omicron,Unassigned,2022-02-17
-40.98016,10.548443,-1,EPI_ISL_10548741,Omicron,BA.2,2022-02-18
-40.51136,10.251654,-1,EPI_ISL_14840122,Omicron,BA.2.10,2022
-27.977718,21.217083,-1,EPI_ISL_16312020,Omicron,BQ.1.5,2022-12-12
-28.016739,21.271755,-1,EPI_ISL_16529571,Omicron,BQ.1.10,2023-01-02
-40.73807,10.30633,-1,EPI_ISL_16520711,Omicron,BA.2.3,2022-08-16
-35.817833,-6.5227985,-1,EPI_ISL_12001480,Omicron,BA.1.1,2022-01-30
-32.574066,10.1694145,-1,EPI_ISL_12195770,Omicron,BA.1.14,2022-02-03
-32.527275,10.091021,-1,EPI_ISL_12694412,Omicron,BA.1.15,2022-01-26
-40.722374,10.29071,-1,EPI_ISL_15953058,Omicron,BA.2,2022-06-07
-32.738464,8.981846,-1,EPI_ISL_10784497,Omicron,BA.1.17.2,2022-01-31
-37.1304,-5.9991856,-1,EPI_ISL_9560613,Omicron,BA.1.1,2022-01-29
-41.636433,9.501438,-1,EPI_ISL_12483931,Omicron,Unassigned,2022-04-18
-41.65972,9.493851,-1,EPI_ISL_14877481,Omicron,BA.2.72,2022-08-24
-36.942825,-6.913288,-1,EPI_ISL_10643514,Omicron,BA.1.1,2022-02-24
-20.430809,24.891922,-1,EPI_ISL_16704382,Omicron,BQ.1.13,2022-12-18
-35.9664,-6.4134617,-1,EPI_ISL_10764654,Omicron,BA.1.1,2022-02-24
-35.9037,-6.413395,-1,EPI_ISL_8730004,Omicron,BA.1.1,2022-01-05
-28.047943,21.310944,-1,EPI_ISL_16841674,Omicron,BQ.1.10,2022-11-30
-36.052284,-6.327608,-1,EPI_ISL_9186930,Omicron,BA.1.1,2022-01-10
-36.067898,-6.3118744,-1,EPI_ISL_8156550,Omicron,BA.1.1,2021-12-17
-40.878826,10.556179,-1,EPI_ISL_11218113,Omicron,BA.2.5,2022-03-07
-36.036736,-6.3430376,-1,EPI_ISL_9355278,Omicron,BA.1.1,2022-01-15
-35.833435,-6.2649193,-1,EPI_ISL_9085949,Omicron,BA.1.1.1,2022-01-08
-28.008875,21.373428,-1,EPI_ISL_16397111,Omicron,BQ.1,2022-12-10
-36.028683,-6.4368305,-1,EPI_ISL_11676753,Omicron,BA.1.1,2022-03-24
-40.84727,10.360931,-1,EPI_ISL_11786455,Omicron,BA.2,2022-03-29
-40.339573,10.189167,-1,EPI_ISL_11277978,Omicron,BA.2,2022-03-14
-42.25596,-11.188927,-1,EPI_ISL_13343376,Omicron,BA.2.9,2022-05-13
-40.683395,10.314114,-1,EPI_ISL_13404687,Omicron,Unassigned,2022-06-04
-41.01934,10.595339,-1,EPI_ISL_10938771,Omicron,BA.2,2022-03-04
-40.441185,10.228035,-1,EPI_ISL_16610315,Omicron,BA.2.2,2022-03-22
-40.74594,10.306309,-1,EPI_ISL_11270962,Omicron,BA.2.1,2022-03-14
-28.813768,20.45948,-1,EPI_ISL_16455561,Omicron,BQ.1,2022-12-26
-40.80829,10.407782,-1,EPI_ISL_13175939,Omicron,BA.2,2022-05-20
-40.83968,10.3922615,-1,EPI_ISL_15477307,Omicron,Unassigned,2022-09-05
-32.667953,10.192764,-1,EPI_ISL_8903267,Omicron,BA.1,2021-12-28
-36.130337,-6.2103786,-1,EPI_ISL_10192147,Omicron,BA.1.1,2022-02-15
-28.018528,1.2710438,-1,EPI_ISL_9823053,Omicron,BA.1.1,2022-02-07
-32.675594,10.208422,-1,EPI_ISL_9319825,Omicron,BA.1,2022-01-12
-32.67578,10.28653,-1,EPI_ISL_9204293,Omicron,BA.1.15,2022-01-04
-40.96466,10.9157295,-1,EPI_ISL_9438111,Omicron,BA.2,2022-01-24
-40.737984,10.34535,-1,EPI_ISL_13353021,Omicron,BA.2.3,2022-05-24
-36.02871,-6.3976336,-1,EPI_ISL_10422053,Omicron,BA.1,2022-02-17
-40.605194,10.204784,-1,EPI_ISL_11914653,Omicron,BA.2,2022-03-31
-35.888172,-6.4916916,-1,EPI_ISL_10151796,Omicron,BA.1.1,2022-02-08
-40.972427,10.439035,-1,EPI_ISL_11159431,Omicron,BA.2.9,2022-03-10
-27.930841,21.193878,-1,EPI_ISL_16164430,Omicron,Unassigned,2022-12-07
-29.940338,-0.87775993,-1,EPI_ISL_11202182,Omicron,BA.1.1,2022-03-02
-32.38661,9.973982,-1,EPI_ISL_9298208,Omicron,BA.1.17.2,2022-01-22
-35.94275,-6.4602137,-1,EPI_ISL_10394277,Omicron,BA.1.1.15,2022-02-09
-32.62896,10.2474785,-1,EPI_ISL_11314685,Omicron,BA.1.15.1,2022-02-28
-35.950577,-6.483423,-1,EPI_ISL_10567440,Omicron,BA.1.1,2022-02-15
-35.825756,-6.4211683,-1,EPI_ISL_12910177,Omicron,Unassigned,2022-05-04
-40.988083,10.728096,-1,EPI_ISL_13010330,Omicron,BA.2,2022-05-09
-40.92557,10.735821,-1,EPI_ISL_9777568,Omicron,BA.2,2022-02-04
-32.628746,10.052181,-1,EPI_ISL_8969430,Omicron,BA.1.15.1,2022-01-15
-36.10698,-6.2570696,-1,EPI_ISL_9601127,Omicron,BA.1.1.13,2022-01-31
-42.240097,-11.157583,-1,EPI_ISL_12787459,Omicron,BA.2,2022-04-19
-40.94122,10.524906,-1,EPI_ISL_13305488,Omicron,BA.2,2022-06-02
-42.3728,-11.079486,-1,EPI_ISL_12535241,Omicron,BA.2.3,2022-04-20
-35.95068,-7.46027,-1,EPI_ISL_9358984,Omicron,BA.1.1,2022-01-27
-36.771,-7.2963448,-1,EPI_ISL_10492896,Omicron,BA.1.1,2022-02-16
-37.036476,-7.1164017,-1,EPI_ISL_11142886,Omicron,BA.1.1.2,2022-02-22
-36.989716,-6.9601326,-1,EPI_ISL_10949637,Omicron,BA.1.1,2022-02-28
-33.62879,9.895706,-1,EPI_ISL_8863993,Omicron,BA.1.17.2,2022-01-10
-41.675365,9.572014,-1,EPI_ISL_13095838,Omicron,Unassigned,2022-05-16
-41.683414,9.563885,-1,EPI_ISL_11188597,Omicron,BA.2,2022-03-12
-32.43332,10.067593,-1,EPI_ISL_9722768,Omicron,BA.1.17.2,2022-01-27
-28.1964,21.217136,-1,EPI_ISL_16729136,Omicron,BQ.1.14,2023-01-10
-28.063622,21.27166,-1,EPI_ISL_17018136,Omicron,BQ.1.10.1,2023-02-14
-35.95083,-6.4523163,-1,EPI_ISL_10533473,Omicron,BA.1.1,2022-02-19
-42.372925,-11.134268,-1,EPI_ISL_13247925,Omicron,BA.2,2022-05-23
-36.114788,-6.2647324,-1,EPI_ISL_9442879,Omicron,BA.1.1,2022-01-25
-36.09138,-6.296097,-1,EPI_ISL_9894541,Omicron,BA.1.1,2022-02-07
-32.73831,10.317631,-1,EPI_ISL_11509836,Omicron,BA.1.18,2022-03-14
-35.9977,-6.264902,-1,EPI_ISL_8758302,Omicron,BA.1.1.14,2022-01-10
-35.95064,-6.366493,-1,EPI_ISL_10545953,Omicron,BA.1.1,2022-01-19
-40.558342,10.212379,-1,EPI_ISL_12902057,Omicron,BA.2.9,2022-04-22
-28.032532,21.295292,-1,EPI_ISL_16603400,Omicron,BQ.1.13.1,2022-12-08
-36.114704,-6.249344,-1,EPI_ISL_11175108,Omicron,BA.1.1,2022-03-03
-35.989723,-6.3430815,-1,EPI_ISL_10937570,Omicron,BA.1.1,2022-03-03
-35.880333,-6.41319,-1,EPI_ISL_15868536,Omicron,BA.1.1,2022-02-25
-28.133844,21.326317,-1,EPI_ISL_17274127,Omicron,BA.5.2.46,2022-12-03
-35.942802,-6.366287,-1,EPI_ISL_8514368,Omicron,BA.1.1.18,2021-12-29
-40.839428,10.407923,-1,EPI_ISL_11698596,Omicron,BA.2,2022-03-28
-42.529293,-11.204647,-1,EPI_ISL_12473762,Omicron,BA.2.9.5,2022-04
-40.902126,10.345371,-1,EPI_ISL_11429747,Omicron,BA.2,2022-03-19
-40.75367,10.337528,-1,EPI_ISL_11281154,Omicron,BA.2.9,2022-03-14
-32.667904,10.106731,-1,EPI_ISL_9176206,Omicron,BA.1.17.2,2022-01-19
-28.860722,21.849777,-1,EPI_ISL_16111855,Omicron,BE.1.1,2022-11-02
-39.60643,-7.890703,-1,EPI_ISL_14001420,Omicron,BA.2,2022-07-14
-42.45126,-11.087222,-1,EPI_ISL_11378425,Omicron,BA.2.12,2022
-42.880875,-11.118769,-1,EPI_ISL_11890704,Omicron,BA.2,2022-03-19
-40.987896,10.962795,-1,EPI_ISL_12296971,Omicron,BA.2,2022-04-07
-36.20839,-6.116392,-1,EPI_ISL_9394201,Omicron,BA.1.1,2022-01-19
-32.581818,10.12241,-1,EPI_ISL_9475108,Omicron,BA.1,2022-01-18
-36.08351,-6.3196316,-1,EPI_ISL_12625156,Omicron,BA.1.1,2022-02-22
-28.063602,21.295357,-1,EPI_ISL_15984469,Omicron,BQ.1,2022-08-22
-36.02099,-6.3742,-1,EPI_ISL_11780268,Omicron,BA.1.1,2022-03-28
-41.026928,11.087666,-1,EPI_ISL_13274273,Omicron,BA.2,2022-05-09
-32.535114,10.177166,-1,EPI_ISL_8774835,Omicron,BA.1,2022-01-09
-32.292885,9.950619,-1,EPI_ISL_8767730,Omicron,BA.1,2022-01-08
-40.745865,10.290535,-1,EPI_ISL_8705594,Omicron,BA.2,2022-01-03
-32.605637,10.106804,-1,EPI_ISL_9171636,Omicron,BA.1.16,2022-01-18
-36.106834,-6.249058,-1,EPI_ISL_10256210,Omicron,BA.1.1,2022-02-06
-28.024578,21.310905,-1,EPI_ISL_16236773,Omicron,BQ.1,2022-12-09
-35.896137,-6.421175,-1,EPI_ISL_11597143,Omicron,BA.1.1,2022-02-19
-40.777058,10.321972,-1,EPI_ISL_12225175,Omicron,BA.2.23,2022-04-05
-40.589462,10.204781,-1,EPI_ISL_9583040,Omicron,BA.2.10,2022-01-30
-32.097527,9.848946,-1,EPI_ISL_10866237,Omicron,BA.1.15,2022-02-23
-32.706993,10.247313,-1,EPI_ISL_9408484,Omicron,BA.1.14,2022
-36.00541,-6.327345,-1,EPI_ISL_10724351,Omicron,BA.1.1,2022-02-21
-36.021057,-6.272887,-1,EPI_ISL_10512330,Omicron,BA.1.1,2022-02-14
-28.079292,21.310947,-1,EPI_ISL_16308284,Omicron,BQ.1.28,2022-12-15
-29.650263,-0.70686436,-1,EPI_ISL_11199637,Omicron,BA.1.1,2022-02-17
-35.802284,-6.600889,-1,EPI_ISL_11711238,Omicron,BA.1.1.2,2022-03-04
-40.933296,10.493662,-1,EPI_ISL_10303850,Omicron,BA.2.10,2022-02-03
-40.417564,10.180899,-1,EPI_ISL_12481984,Omicron,BA.2.10.1,2022-04-23
-28.954203,21.045132,-1,EPI_ISL_16570674,Omicron,BQ.1,2022-12-18
-40.792366,10.462269,-1,EPI_ISL_11328278,Omicron,BA.2,2022-03-07
-42.208908,-11.102961,-1,EPI_ISL_13388483,Omicron,BA.2.10.1,2022-06
-40.33168,10.188921,-1,EPI_ISL_10369344,Omicron,BA.2,2022-02-01
-33.050537,9.1067505,-1,EPI_ISL_9641100,Omicron,BA.1,2022-02-01
-28.91507,20.717018,-1,EPI_ISL_16243700,Omicron,BQ.1.6,2022-12-05
-40.88627,10.446783,-1,EPI_ISL_11478195,Omicron,BA.2,2022-03-15
-40.83156,10.360874,-1,EPI_ISL_13283092,Omicron,BA.2,2022-04-24
-32.57414,10.177013,-1,EPI_ISL_9912980,Omicron,BA.1.17,2022-01-25
-28.173065,21.357773,-1,EPI_ISL_16601928,Omicron,BQ.1,2022-12-19
-40.80825,10.431135,-1,EPI_ISL_11870797,Omicron,BA.2.10.1,2022-04-03
-40.6754,10.275015,-1,EPI_ISL_10710465,Omicron,BA.2,2022-02-25
-28.0481,21.28757,-1,EPI_ISL_17013635,Omicron,BE.9,2023-01-29
-40.956696,10.720444,-1,EPI_ISL_9841328,Omicron,BA.2.10,2022-02-05
-36.052277,-6.2649,-1,EPI_ISL_10379624,Omicron,BA.1.1,2022-02-07
-41.011375,10.712524,-1,EPI_ISL_9641398,Omicron,BA.2.1,2022-02-02
-32.527237,10.075619,-1,EPI_ISL_10834000,Omicron,BA.1,2022-01-18
-32.636658,10.075451,-1,EPI_ISL_8767416,Omicron,BA.1,2022-01-10
-35.903744,-6.36639,-1,EPI_ISL_9367173,Omicron,BA.1.1,2022-01-24
-40.98012,10.540659,-1,EPI_ISL_10204385,Omicron,BA.2,2022-02-14
-41.3972,-10.304731,-1,EPI_ISL_12279116,Omicron,BA.2,2022-04-11
-36.0913,-6.2727795,-1,EPI_ISL_8815319,Omicron,BA.1.1,2021-12-29
-40.93325,10.540531,-1,EPI_ISL_13472519,Omicron,Unassigned,2022-05-30
-32.519676,10.052044,-1,EPI_ISL_9829145,Omicron,BA.1.17.2,2022-02-05
-40.581795,10.181297,-1,EPI_ISL_14076903,Omicron,BA.2,2022-06-10
-42.310448,-11.157477,-1,EPI_ISL_10306349,Omicron,BA.2.10,2022-02-02
-40.933254,10.603102,-1,EPI_ISL_11001495,Omicron,BA.2,2022-02-10
-42.412117,-11.212296,-1,EPI_ISL_12352155,Omicron,BA.2.65,2022-04-12
-40.667603,10.228323,-1,EPI_ISL_11992916,Omicron,BA.2,2022-03-30
-32.56641,10.075403,-1,EPI_ISL_9734441,Omicron,BA.1,2022-02-01
-40.464428,10.142084,-1,EPI_ISL_10807730,Omicron,BA.2,2022-03-02
-40.698902,10.345421,-1,EPI_ISL_11474705,Omicron,BA.2,2022-03-13
-35.93512,-6.3743105,-1,EPI_ISL_12100234,Omicron,BA.1.1,2022-04-04
-32.722546,10.29446,-1,EPI_ISL_10075747,Omicron,BA.1.18,2022-01-31
-36.051964,-6.257145,-1,EPI_ISL_10986219,Omicron,BA.1.1.14,2022-02-27
-40.83178,10.462433,-1,EPI_ISL_10436239,Omicron,BA.2,2022-02-10
-32.464806,10.013016,-1,EPI_ISL_7860140,Omicron,BA.1.17,2021-12-16
-32.55075,10.176998,-1,EPI_ISL_10186211,Omicron,BA.1.17.2,2022-01-27
-40.956642,10.681423,-1,EPI_ISL_11916804,Omicron,BA.2,2022-04-04
-35.78646,-6.499278,-1,EPI_ISL_11715498,Omicron,BA.1.1.2,2022-02-08
-40.269295,10.118771,-1,EPI_ISL_12560742,Omicron,BA.2,2022-04-02
-40.737934,10.26713,-1,EPI_ISL_14261358,Omicron,BA.2.36,2022-07-27
-27.938686,21.17017,-1,EPI_ISL_16316193,Omicron,BQ.1.10,2022-12-26
-40.605152,10.267214,-1,EPI_ISL_15143840,Omicron,BA.2,2022-04-19
-40.51911,10.173382,-1,EPI_ISL_15240879,Omicron,BA.2,2022-06-15
-32.339703,10.03653,-1,EPI_ISL_10822981,Omicron,BA.1.15,2022-01-13
-13.3091345,-32.95509,-1,EPI_ISL_8970112,Omicron,B.1.1.529,2022-01-10
-40.2535,10.181263,-1,EPI_ISL_11987690,Omicron,BA.2.9,2022-04-04
-40.886497,10.485949,-1,EPI_ISL_12595014,Omicron,BA.2.9,2022-04-25
-36.075596,-6.35079,-1,EPI_ISL_12062030,Omicron,BA.1.1,2022-02-03
-40.730362,10.275196,-1,EPI_ISL_11269408,Omicron,BA.2,2022-03-16
-32.394566,10.036476,-1,EPI_ISL_9956514,Omicron,BA.1.17.2,2022-01-25
-32.464867,10.059889,-1,EPI_ISL_15422487,Omicron,BA.1.15,2022-01-02
-43.279335,-11.329463,-1,EPI_ISL_12193673,Omicron,BA.2.32,2022-04-05
-32.66021,10.356724,-1,EPI_ISL_11834503,Omicron,BA.1.17,2022-03-28
-27.969845,21.318714,-1,EPI_ISL_16667418,Omicron,BQ.1.3,2023-01-03
-28.048107,21.318638,-1,EPI_ISL_17127702,Omicron,BQ.1,2023-02-09
-32.691414,10.341051,-1,EPI_ISL_11202295,Omicron,BA.1.20,2022-01-28
-42.880875,-11.236028,-1,EPI_ISL_11378434,Omicron,BA.2,2022
-36.114704,-6.22591,-1,EPI_ISL_10235731,Omicron,BA.1.1,2022-01-31
-35.95056,-6.3273563,-1,EPI_ISL_9819705,Omicron,BA.1.1.15,2022-02-05
-32.363327,10.005375,-1,EPI_ISL_8998956,Omicron,BA.1.17,2022-01-14
-33.44922,9.677181,-1,EPI_ISL_9202945,Omicron,BA.1.17,2022-01-06
-33.45707,9.630072,-1,EPI_ISL_10538065,Omicron,BD.1,2022-02-18
-40.534775,10.228102,-1,EPI_ISL_12441930,Omicron,BA.2,2022-04-12
-40.95662,10.556135,-1,EPI_ISL_12721083,Omicron,BA.2,2022-05-03
-40.854965,10.446766,-1,EPI_ISL_13164385,Omicron,BA.2,2022-05-15
-32.3161,10.075327,-1,EPI_ISL_12274324,Omicron,BA.1.15,2022-04-11
-36.341278,-7.475704,-1,EPI_ISL_9743500,Omicron,BA.1.1,2022-01-26
-40.62859,10.290676,-1,EPI_ISL_12560733,Omicron,BA.2,2022-04-03
-33.55856,9.739532,-1,EPI_ISL_10904292,Omicron,BA.1,2022-02-10
-32.308643,9.067711,-1,EPI_ISL_8999621,Omicron,BA.1.17.2,2022-01-14
-32.417816,10.021206,-1,EPI_ISL_8843586,Omicron,BA.1,2022-01-05
-40.80841,10.3921795,-1,EPI_ISL_13576056,Omicron,BA.2.3.13,2022-04-01
-40.777008,10.314205,-1,EPI_ISL_9289809,Omicron,BA.2.10,2022-01-04
-32.597633,10.1303215,-1,EPI_ISL_9023312,Omicron,BA.1,2022-01-13
-40.91767,10.5717945,-1,EPI_ISL_9787056,Omicron,BA.2,2022-02-06
-41.019394,11.064245,-1,EPI_ISL_12821478,Omicron,BA.2,2022-04-25
-40.714676,10.36091,-1,EPI_ISL_9125338,Omicron,BA.2,2022-01-16
-32.683617,10.317705,-1,EPI_ISL_10531945,Omicron,BA.1.8,2022-02-21
-40.69101,10.290615,-1,EPI_ISL_9255349,Omicron,BA.2,2022-01-21
-40.83175,10.384323,-1,EPI_ISL_10718635,Omicron,BA.2,2022-02-21
-40.823914,10.259502,-1,EPI_ISL_13529936,Omicron,BA.2.48,2022-06-11
-28.126112,21.357765,-1,EPI_ISL_15486432,Omicron,BQ.1.5,2022-10-18
-25.266386,23.995697,-1,EPI_ISL_16975056,Omicron,BQ.1.13.1,2023-01-29
-32.566372,10.083351,-1,EPI_ISL_9185249,Omicron,BA.1.18,2022-01-10
-32.324284,9.973974,-1,EPI_ISL_10969490,Omicron,BA.1.17.2,2022-01-05
-32.527428,10.052166,-1,EPI_ISL_8758778,Omicron,BA.1.12,2022-01-09
-36.0679,-6.3429756,-1,EPI_ISL_11585504,Omicron,BA.1.1,2022-03-26
-42.107548,-11.008997,-1,EPI_ISL_11414922,Omicron,BA.2,2022-03
-40.284878,10.134327,-1,EPI_ISL_12922578,Omicron,BA.2,2022-05-10
-32.511837,10.177025,-1,EPI_ISL_10513726,Omicron,BA.1.18,2022-02-09
-40.214554,10.24383,-1,EPI_ISL_13199161,Omicron,BA.2.42,2022-05-30
-41.05054,10.83749,-1,EPI_ISL_10927716,Omicron,BA.2,2022-03-04
-32.433495,10.060108,-1,EPI_ISL_9850054,Omicron,BA.1.17,2022-01-17
-40.870712,10.447035,-1,EPI_ISL_10005480,Omicron,BA.2.10,2022-01-09
-32.535072,10.099028,-1,EPI_ISL_10901136,Omicron,BA.1.17.2,2022-02-22
-32.5662,10.161453,-1,EPI_ISL_10000350,Omicron,BA.1,2022-02-08
-32.61303,10.075647,-1,EPI_ISL_9299158,Omicron,BD.1,2022-01-23
-28.016842,21.28746,-1,EPI_ISL_15861171,Omicron,BQ.1.6,2022-11-12
-30.229904,-1.0020533,-1,EPI_ISL_14699555,Omicron,BA.1.1,2022-08-09
-40.816116,10.493767,-1,EPI_ISL_11289157,Omicron,BA.2.36,2022-03-15
-40.94895,10.548527,-1,EPI_ISL_10777717,Omicron,BA.2,2022-02-21
-32.355446,10.02092,-1,EPI_ISL_9360426,Omicron,BA.1.17.2,2022-01-25
-36.036594,-6.351021,-1,EPI_ISL_11859595,Omicron,BA.1.1,2022-01-03
-36.005226,-6.4055443,-1,EPI_ISL_9942516,Omicron,BA.1.1,2022-01-29
-27.99324,21.264088,-1,EPI_ISL_17280697,Omicron,BQ.1.3,2023-03-16
-36.09913,-6.2102966,-1,EPI_ISL_11952108,Omicron,BA.1.1,2022-03-26
-40.75358,10.329796,-1,EPI_ISL_12258240,Omicron,BA.2.9,2022-04-15
-32.566277,10.028555,-1,EPI_ISL_12949389,Omicron,BA.1,2021-12-26
-40.753555,10.306274,-1,EPI_ISL_12852306,Omicron,BA.2.48,2022-04-11
-25.57914,23.713581,-1,EPI_ISL_16096145,Omicron,BQ.1.14,2022-11-27
-32.63668,10.153683,-1,EPI_ISL_8848342,Omicron,BA.1,2022-01-11
-40.378456,10.126516,-1,EPI_ISL_10216583,Omicron,BA.2,2022-02-16
-32.308617,9.911594,-1,EPI_ISL_16860265,Omicron,BA.1,2022-01-22
-28.149727,21.443638,-1,EPI_ISL_16976902,Omicron,BQ.1.2,2023-02-13
-40.94098,10.681387,-1,EPI_ISL_9971957,Omicron,BA.2.9,2022-02-08
-36.01297,-6.2805576,-1,EPI_ISL_11177786,Omicron,BA.1.1,2022-03-02
-33.53512,9.567589,-1,EPI_ISL_8030430,Omicron,BA.1.15,2021-12-15
-36.911564,-6.9053764,-1,EPI_ISL_11718671,Omicron,BC.1,2022-02-14
-40.667625,10.228106,-1,EPI_ISL_11520136,Omicron,BA.2,2022-03-21
-40.761314,10.345333,-1,EPI_ISL_13992122,Omicron,BA.2,2022-06-02
-35.49748,-7.241478,-1,EPI_ISL_9459568,Omicron,BA.1.1,2022-01-17
-40.87864,10.415638,-1,EPI_ISL_9269583,Omicron,BA.2.9,2022-01-22
-33.566383,9.59903,-1,EPI_ISL_8347409,Omicron,BA.1,2021-12-22
-32.37868,10.137993,-1,EPI_ISL_8756146,Omicron,BA.1.17.2,2022-01-09
-32.48818,10.067745,-1,EPI_ISL_10515531,Omicron,BA.1,2022-02-22
-32.527176,10.216246,-1,EPI_ISL_10038158,Omicron,Unassigned,2022-01-21
-28.086937,21.326725,-1,EPI_ISL_15921894,Omicron,BQ.1.1.31,2022-11-07
-41.003796,10.8765335,-1,EPI_ISL_11209313,Omicron,BA.2.9,2022-03-09
-35.856915,-6.42898,-1,EPI_ISL_9985339,Omicron,BA.1,2022-02-01
-35.950783,-6.3197117,-1,EPI_ISL_11779864,Omicron,BA.1.1,2022-01-18
-32.550777,10.005236,-1,EPI_ISL_10536058,Omicron,BA.1.18,2022-02-17
-36.067696,-6.296283,-1,EPI_ISL_11025236,Omicron,BA.1.1,2022-02-19
-28.071383,21.310844,-1,EPI_ISL_16129235,Omicron,BQ.1.10.1,2022-12-01
-32.65996,10.2085,-1,EPI_ISL_9310228,Omicron,BA.1,2022-01-24
-27.977707,21.162605,-1,EPI_ISL_16264035,Omicron,BQ.1.23,2022-12-16
-28.024485,21.209282,-1,EPI_ISL_16298135,Omicron,BE.10,2022-11-09
-36.044434,-6.4445066,-1,EPI_ISL_8555364,Omicron,BA.1.1,2021-12-27
-32.691093,10.325592,-1,EPI_ISL_9712056,Omicron,BA.1.13,2022-02-01
-36.13822,-6.2023497,-1,EPI_ISL_11025165,Omicron,BA.1.1,2022-02-17
-40.456696,10.189089,-1,EPI_ISL_10796628,Omicron,BA.2,2022-03-01
-32.621197,10.114559,-1,EPI_ISL_9205433,Omicron,BA.1.15,2022-01-06
-28.102827,20.279514,-1,EPI_ISL_16358486,Omicron,BA.5.3.1,2022-12-02
-36.099075,-6.2259502,-1,EPI_ISL_11239989,Omicron,BA.1.1.18,2022-02-20
-20.852865,27.28479,-1,EPI_ISL_16337935,Omicron,BQ.1.10.2,2022-11-27
-35.97429,-6.2726192,-1,EPI_ISL_12940637,Omicron,BC.1,2022-04-23
-40.67535,10.392128,-1,EPI_ISL_11431530,Omicron,BA.2,2022-03-20
-36.177174,-6.1399326,-1,EPI_ISL_13612318,Omicron,BA.1.1,2022-01-11
-32.636616,10.137959,-1,EPI_ISL_7696315,Omicron,BA.1.14,2021-12-11
-32.660164,10.247572,-1,EPI_ISL_9530038,Omicron,BA.1,2022-01-11
-36.138126,-6.1709986,-1,EPI_ISL_11719936,Omicron,BA.1.1.2,2022-02-12
-40.894012,10.478127,-1,EPI_ISL_15735829,Omicron,BA.2,2022-06-14
-28.07143,21.357643,-1,EPI_ISL_16206052,Omicron,BQ.1.12,2022-12-05
-32.581947,10.161425,-1,EPI_ISL_13339708,Omicron,BA.1,2021-12-28
-40.83182,10.493721,-1,EPI_ISL_10353783,Omicron,BA.2,2022-02-16
-32.57412,10.177185,-1,EPI_ISL_8935532,Omicron,BA.1.20,2022-01-09
-35.98209,-6.4446,-1,EPI_ISL_9436044,Omicron,BA.1.1.2,2022-01-19
-42.427864,-12.149769,-1,EPI_ISL_12470132,Omicron,BA.2,2022-04-22
-35.950653,-6.475774,-1,EPI_ISL_10119942,Omicron,BA.1.1,2022-02-12
-40.917576,10.564146,-1,EPI_ISL_13187256,Omicron,BA.2,2022-05-18
-40.659832,10.27507,-1,EPI_ISL_8807767,Omicron,BA.2,2022-01-07
-28.06372,21.30307,-1,EPI_ISL_16091628,Omicron,BQ.1.15,2022-11-27
-28.024586,21.27967,-1,EPI_ISL_16203366,Omicron,BQ.1.23,2022-11-30
-28.032316,21.310833,-1,EPI_ISL_16312667,Omicron,BQ.1.3,2022-12-04
-40.57369,10.220348,-1,EPI_ISL_11643260,Omicron,BA.2,2022-03-03
-28.087212,21.302887,-1,EPI_ISL_15922150,Omicron,BQ.1.11,2022-11-17
-40.76149,10.33754,-1,EPI_ISL_13272072,Omicron,BA.2,2022-04-13
-32.714764,10.278723,-1,EPI_ISL_10200772,Omicron,BA.1.15,2022-02-14
-36.03665,-6.2883387,-1,EPI_ISL_11504264,Omicron,BA.1.1.2,2022-03-01
-22.695753,25.327198,-1,EPI_ISL_16758905,Omicron,BQ.1.3,2023-01-14
-33.472572,9.208376,-1,EPI_ISL_7612892,Omicron,BA.1.17,2021-12-07
-33.52735,9.481857,-1,EPI_ISL_9026576,Omicron,BA.1.16,2022-01-15
-41.480026,9.290783,-1,EPI_ISL_10918090,Omicron,BA.2,2022-02-21
-40.753403,10.2591915,-1,EPI_ISL_12499812,Omicron,BA.2,2022-04-11
-29.149498,21.623314,-1,EPI_ISL_16825231,Omicron,BQ.1.10,2023-01-21
-33.29283,9.2473755,-1,EPI_ISL_10739721,Omicron,BA.1.17.2,2022-01-11
-37.07577,-6.413124,-1,EPI_ISL_10055090,Omicron,BA.1.1,2022-02-12
-33.277267,9.028645,-1,EPI_ISL_10316047,Omicron,BA.1,2022-02-06
-29.032467,21.560741,-1,EPI_ISL_16385820,Omicron,BQ.1.13,2022-11-17
-41.0816,10.860733,-1,EPI_ISL_13210084,Omicron,BA.2,2022-05-02
-36.708305,-7.257204,-1,EPI_ISL_9626422,Omicron,BA.1.1,2022-01-11
-40.847336,10.485773,-1,EPI_ISL_12103488,Omicron,BA.2.3,2022-04-02
-27.993427,21.224953,-1,EPI_ISL_16265357,Omicron,BQ.1,2022-12-05
-40.863026,10.400045,-1,EPI_ISL_13388895,Omicron,BA.2,2022-05-22
-36.083275,-6.249277,-1,EPI_ISL_10089379,Omicron,BA.1.1,2022-01-13
-28.04029,21.287323,-1,EPI_ISL_16753693,Omicron,BQ.1,2023-01-22
-40.472374,10.165886,-1,EPI_ISL_11679945,Omicron,BA.2.9,2022-03-19
-40.769363,10.337526,-1,EPI_ISL_13709469,Omicron,BA.2,2022-06-10
-36.028625,-6.3274508,-1,EPI_ISL_9708657,Omicron,BA.1.1,2022-01-13
-35.583183,-6.5463696,-1,EPI_ISL_9758285,Omicron,BA.1.1.18,2022-01-15
-35.90383,-6.3665333,-1,EPI_ISL_12576165,Omicron,Unassigned,2022-04-25
-40.886406,10.415535,-1,EPI_ISL_9821756,Omicron,BA.2,2022-02-04
-40.77689,10.376814,-1,EPI_ISL_13293411,Omicron,BA.2.3.1,2022-05-02
-40.83187,10.345268,-1,EPI_ISL_11698304,Omicron,BA.2,2022-03-27
-32.558563,10.067892,-1,EPI_ISL_16195992,Omicron,BA.1.17,2022-03-09
-35.95864,-6.4602833,-1,EPI_ISL_10357446,Omicron,BA.1.1.1,2022-02-07
-28.032381,21.279541,-1,EPI_ISL_16962817,Omicron,BQ.1.13,2023-02-04
-40.909916,10.478222,-1,EPI_ISL_12930722,Omicron,BA.2,2022-04-12
-40.808235,10.345421,-1,EPI_ISL_13420917,Omicron,BA.2.36,2022-06-14
-32.496033,10.06007,-1,EPI_ISL_9110277,Omicron,BA.1.18,2022-01-07
-28.08699,21.295322,-1,EPI_ISL_16848914,Omicron,BQ.1.10,2023-01-08
-32.621124,10.200438,-1,EPI_ISL_10121863,Omicron,BA.1,2022-01-24
-43.20124,-11.3687105,-1,EPI_ISL_11415231,Omicron,BA.2.9,2022-03
-32.51155,10.122358,-1,EPI_ISL_9687897,Omicron,BA.1.15.1,2022-01-24
-35.85682,-6.436737,-1,EPI_ISL_12001006,Omicron,BA.1.1,2022-03-23
-40.839626,10.400064,-1,EPI_ISL_10002285,Omicron,BA.2,2022-02-08
-32.191414,9.942747,-1,EPI_ISL_12271050,Omicron,BA.1.20,2022-01-05
-32.535126,10.036602,-1,EPI_ISL_10074156,Omicron,BA.1.20,2022-02-02
-36.177208,-6.2336426,-1,EPI_ISL_10359283,Omicron,Unassigned,2022-02-11
-32.730423,10.286438,-1,EPI_ISL_11383956,Omicron,BA.1.17,2022-03-14
-41.066116,10.954769,-1,EPI_ISL_9736756,Omicron,BA.2,2022-02-02
-27.79797,20.279549,-1,EPI_ISL_16677033,Omicron,BQ.1.3,2023-01-12
-27.96207,21.3656,-1,EPI_ISL_15669217,Omicron,BQ.1.23,2022-10-22
-35.88029,-6.4602776,-1,EPI_ISL_10414231,Omicron,BA.1.1.12,2022-02-21
-27.993286,21.2015,-1,EPI_ISL_16205321,Omicron,BQ.1.11,2022-12-04
-40.831955,10.595476,-1,EPI_ISL_13276737,Omicron,BA.2,2022-05-31
-40.33958,10.189249,-1,EPI_ISL_13342112,Omicron,BA.2,2022-06-06
-40.79267,10.446957,-1,EPI_ISL_12438326,Omicron,BA.2,2022-04-26
-41.01134,10.6814995,-1,EPI_ISL_12321696,Omicron,BA.2,2022-04-05
-36.036613,-6.241276,-1,EPI_ISL_10183438,Omicron,BA.1.1,2022
-40.90197,10.556501,-1,EPI_ISL_15902821,Omicron,BA.2,2022-09-01
-40.85514,10.486044,-1,EPI_ISL_17239332,Omicron,BA.2.9,2022-04-21
-42.25579,-11.188915,-1,EPI_ISL_12513906,Omicron,BA.2.9,2022-04-24
-28.102673,21.310802,-1,EPI_ISL_16139082,Omicron,BQ.1.16,2022-11-01
-32.35551,9.966215,-1,EPI_ISL_11140675,Omicron,BA.1.15,2022-01-19
-32.675827,10.20834,-1,EPI_ISL_13627921,Omicron,BA.1.17.2,2022-01-14
-27.962082,21.224915,-1,EPI_ISL_16011647,Omicron,BQ.1.3,2022-11-18
-42.66204,-11.829465,-1,EPI_ISL_11620075,Omicron,BA.2,2022-03-17
-40.80046,10.32967,-1,EPI_ISL_10528522,Omicron,BA.2.10,2022-02-22
-32.504074,10.013132,-1,EPI_ISL_10045412,Omicron,BA.1.14,2022-01-24
-36.036743,-6.2883577,-1,EPI_ISL_10905305,Omicron,BA.1.1,2022-02-04
-40.80835,10.376722,-1,EPI_ISL_11119036,Omicron,BA.2.9,2022-02-28
-40.441032,10.118874,-1,EPI_ISL_13938517,Omicron,BA.2.36,2022-06-20
-40.83953,10.368877,-1,EPI_ISL_10198112,Omicron,BA.2,2022-02-14
-32.761566,10.387949,-1,EPI_ISL_8973614,Omicron,BD.1,2022-01-12
-35.7788,-6.5226517,-1,EPI_ISL_10421877,Omicron,BA.1.1,2022-02-18
-32.34772,9.8958435,-1,EPI_ISL_10340627,Omicron,BA.1.17,2022-02-18
-36.044476,-6.3428545,-1,EPI_ISL_10100179,Omicron,BA.1.1,2022-01-24
-36.69292,-7.2103386,-1,EPI_ISL_9698220,Omicron,BA.1.1,2022-01-15
-40.667397,10.290403,-1,EPI_ISL_13065904,Omicron,BA.2,2022-05-25
-35.810013,-7.3820896,-1,EPI_ISL_10661626,Omicron,BC.1,2022-01-21
-36.80989,-7.2024956,-1,EPI_ISL_10841278,Omicron,BA.1,2022-02-22
-29.00912,21.584312,-1,EPI_ISL_16993065,Omicron,BQ.1.28,2023-02-06
-40.753204,10.329535,-1,EPI_ISL_13351278,Omicron,BA.2,2022-06-09
-40.839314,10.454351,-1,EPI_ISL_13402881,Omicron,Unassigned,2022-06-06
-40.683193,10.298325,-1,EPI_ISL_9119820,Omicron,BA.2,2022-01-18
-40.73796,10.275064,-1,EPI_ISL_10525596,Omicron,BA.2,2022-02-22
-40.667603,10.3688965,-1,EPI_ISL_12151638,Omicron,BA.2,2022-04-14
-32.519653,10.07564,-1,EPI_ISL_10230405,Omicron,BA.1.20,2022-02-07
-32.72261,10.286499,-1,EPI_ISL_11094217,Omicron,BA.1,2022-03-08
-36.075752,-6.2180014,-1,EPI_ISL_9299402,Omicron,BA.1.1,2022-01-21
-40.792706,10.345211,-1,EPI_ISL_9886111,Omicron,BA.2.9,2022-01-31
-40.886353,10.48572,-1,EPI_ISL_14052017,Omicron,BA.2,2022-06-14
-32.378952,9.927149,-1,EPI_ISL_8973410,Omicron,BA.1,2022-01-12
-28.141874,21.334312,-1,EPI_ISL_16075580,Omicron,BQ.1.23,2022-11-18
-35.849052,-6.4445095,-1,EPI_ISL_11223175,Omicron,BA.1.1,2022-03-04
-32.54304,10.083422,-1,EPI_ISL_10685259,Omicron,BA.1.17.2,2022-02-26
-40.214626,10.048471,-1,EPI_ISL_12937026,Omicron,BA.2.3.1,2022-03-15
-28.149529,21.349857,-1,EPI_ISL_15821003,Omicron,BQ.1.3,2022-10-31
-35.958466,-6.358573,-1,EPI_ISL_10064193,Omicron,BA.1.1.11,2022-02-11
-40.558342,10.251671,-1,EPI_ISL_11791206,Omicron,BA.2,2022-03-24
-32.67571,10.278694,-1,EPI_ISL_9597817,Omicron,BA.1,2022-01-31
-28.016586,21.209309,-1,EPI_ISL_16285186,Omicron,BQ.1.23,2022-11-24
-40.831985,10.415474,-1,EPI_ISL_13710220,Omicron,BA.2.10.1,2022-06-30
-35.86465,-6.4916906,-1,EPI_ISL_11707602,Omicron,BA.1.1,2022-02-18
-40.839573,10.447048,-1,EPI_ISL_11763144,Omicron,BA.2.20,2022-03-25
-35.958393,-6.3273563,-1,EPI_ISL_9889565,Omicron,BA.1.1,2022-01-13
-40.792778,10.400129,-1,EPI_ISL_12935306,Omicron,BA.2.3,2022-05-05
-40.69107,10.314106,-1,EPI_ISL_14130019,Omicron,BA.2.3,2022-07-01
-40.8708,10.407984,-1,EPI_ISL_15333988,Omicron,BA.2,2022-04-18
-35.888153,-6.4132557,-1,EPI_ISL_8873389,Omicron,BA.1.1,2021-12-25
-35.95845,-6.2571964,-1,EPI_ISL_10330773,Omicron,BA.1.1,2022-02-11
-28.063688,21.334278,-1,EPI_ISL_16644032,Omicron,BW.1.1,2022-12-20
-36.08355,-6.327409,-1,EPI_ISL_11798622,Omicron,BA.1.1,2022-02-05
-36.099026,-6.2258253,-1,EPI_ISL_10132169,Omicron,BA.1.1,2022-02-14
-42.872936,-11.243591,-1,EPI_ISL_13012840,Omicron,BA.2,2022-05-12
-42.58403,-12.087347,-1,EPI_ISL_12734001,Omicron,BA.2,2022-04-26
-29.118334,21.412277,-1,EPI_ISL_16267313,Omicron,BQ.1,2022-12-08
-32.566406,10.130178,-1,EPI_ISL_9707068,Omicron,BA.1,2022-01-09
-40.776978,10.329815,-1,EPI_ISL_10507598,Omicron,BA.2,2022-02-17
-36.106895,-6.3587008,-1,EPI_ISL_10037550,Omicron,Unassigned,2022-01-17
-28.024796,21.225044,-1,EPI_ISL_16532201,Omicron,BQ.1.31,2022-12-26
-40.714493,10.290579,-1,EPI_ISL_11647887,Omicron,BA.2,2022-03-20
-42.373135,-11.259188,-1,EPI_ISL_12269380,Omicron,BA.2,2022-04-04
-28.110485,21.240505,-1,EPI_ISL_15715920,Omicron,BQ.1.5,2022-11-02
-40.816063,10.431198,-1,EPI_ISL_12513088,Omicron,BA.2,2022-04-21
-32.58984,10.185036,-1,EPI_ISL_10489172,Omicron,BA.1.8,2022-02-14
-40.792717,10.345354,-1,EPI_ISL_13268084,Omicron,BA.2.9,2022-05-31
-40.472233,10.18914,-1,EPI_ISL_13910748,Omicron,BA.2,2022-06-14
-40.92546,10.70479,-1,EPI_ISL_12537365,Omicron,BA.2,2022-04-19
-36.27075,-6.288495,-1,EPI_ISL_11188325,Omicron,BA.1.1.1,2022-03-12
-40.722397,10.353252,-1,EPI_ISL_10633417,Omicron,BA.2.9,2022-02-25
-40.31614,10.173384,-1,EPI_ISL_13667468,Omicron,BA.2.36,2022-06-09
-40.55832,10.173401,-1,EPI_ISL_9006451,Omicron,BA.2.9,2022-01-16
-32.363243,10.013155,-1,EPI_ISL_9710788,Omicron,BA.1,2022-01-26
-28.126167,21.357635,-1,EPI_ISL_16568049,Omicron,BQ.1.4,2022-12-17
-28.071493,21.34208,-1,EPI_ISL_17068500,Omicron,BE.1.1,2023-02-13
-36.138065,-6.16333,-1,EPI_ISL_10368795,Omicron,BA.1.1.14,2022-02-09
-35.966198,-6.3821363,-1,EPI_ISL_11033913,Omicron,BA.1.1,2022-02-26
-32.80838,10.34907,-1,EPI_ISL_11086992,Omicron,BA.1.17.2,2022-02-12
-28.024448,21.248474,-1,EPI_ISL_16819710,Omicron,BW.1,2022-12-17
-28.13388,21.349903,-1,EPI_ISL_16154162,Omicron,BQ.1.1.11,2022-12-05
-28.001095,21.428146,-1,EPI_ISL_16513179,Omicron,BQ.1.3,2022-12-13
-32.44126,10.005272,-1,EPI_ISL_9110306,Omicron,BA.1,2022-01-07
-36.52866,-7.2961273,-1,EPI_ISL_8864334,Omicron,BA.1.1,2022-01-08
-36.802284,-7.288477,-1,EPI_ISL_8823025,Omicron,BA.1.1,2022-01-11
-36.95858,-7.21019,-1,EPI_ISL_10025974,Omicron,BA.1.1,2022-02-04
-28.727669,20.64685,-1,EPI_ISL_16570472,Omicron,BQ.1.2,2022-12-28
-36.98977,-7.2960205,-1,EPI_ISL_9757644,Omicron,BA.1.1,2022-01-12
-29.141777,21.435932,-1,EPI_ISL_16629864,Omicron,BQ.1.3,2023-01-08
-40.77707,10.306263,-1,EPI_ISL_11448110,Omicron,BA.2.9,2022-03-21
-40.784855,10.28297,-1,EPI_ISL_11287821,Omicron,BA.2.9,2022-03-15
-35.95855,-6.374346,-1,EPI_ISL_8927702,Omicron,BA.1.1,2022-01-05
-40.699013,10.274975,-1,EPI_ISL_12505720,Omicron,BA.2,2022-04-18
-36.05996,-6.288351,-1,EPI_ISL_10341008,Omicron,BA.1.1.2,2022-01-17
-32.44926,10.028484,-1,EPI_ISL_8991979,Omicron,BA.1.8,2022-01-04
-28.110498,21.303085,-1,EPI_ISL_16857692,Omicron,BQ.1.10,2023-01-17
-42.294968,-11.430999,-1,EPI_ISL_12470145,Omicron,BA.2.9,2022-04-20
-40.761368,10.384436,-1,EPI_ISL_11590296,Omicron,BA.2,2022-03-22
-42.240242,-11.227942,-1,EPI_ISL_13614545,Omicron,BA.2,2022-05-15
-40.839474,10.407795,-1,EPI_ISL_12979470,Omicron,BA.2.37,2022-05-05
-36.106827,-6.3975544,-1,EPI_ISL_9763269,Omicron,BA.1.1.1,2022-01-26
-35.989918,-6.460183,-1,EPI_ISL_11161346,Omicron,Unassigned,2022-02-28
-32.58983,10.192791,-1,EPI_ISL_9128821,Omicron,BA.1.15,2022-01-18
-28.055727,21.248066,-1,EPI_ISL_16664144,Omicron,BQ.1.3,2022-12-31
-32.316345,9.973927,-1,EPI_ISL_8625511,Omicron,BA.1.17,2021-12-30
-32.699448,10.200399,-1,EPI_ISL_12039023,Omicron,BA.1.15,2022-03-28
-40.808315,10.4703865,-1,EPI_ISL_12730463,Omicron,BA.2,2022-04-27
-32.51185,10.052021,-1,EPI_ISL_9124768,Omicron,BA.1.15.1,2022-01-17
-40.761375,10.314108,-1,EPI_ISL_10525046,Omicron,BA.2,2022-02-23
-32.652107,10.270912,-1,EPI_ISL_10945431,Omicron,BA.1.15,2021-12-29
-32.63669,10.263054,-1,EPI_ISL_9020477,Omicron,BA.1.17.2,2022-01-17
-36.145996,-6.3038864,-1,EPI_ISL_12762307,Omicron,Unassigned,2022-05-05
-42.8652,-11.10289,-1,EPI_ISL_13203729,Omicron,BA.2.14,2022-05-16
-36.099064,-6.389906,-1,EPI_ISL_12921419,Omicron,BA.1.1,2022-03-02
-32.488335,10.067596,-1,EPI_ISL_10703232,Omicron,BA.1.15,2022-02-07
-36.028664,-6.225792,-1,EPI_ISL_8156112,Omicron,BA.1.1,2021-12-15
-42.537117,-10.993421,-1,EPI_ISL_12270488,Omicron,BA.2,2022-04-08
-42.271336,-11.345092,-1,EPI_ISL_13532315,Omicron,BA.2,2022-06-06
-32.449097,10.052164,-1,EPI_ISL_8944438,Omicron,BA.1.15.1,2022-01-13
-27.993269,21.255947,-1,EPI_ISL_16706333,Omicron,BQ.1.12,2023-01-06
-22.352491,25.35339,-1,EPI_ISL_17304889,Omicron,BQ.1,2023-03-18
-32.683582,10.169327,-1,EPI_ISL_10359286,Omicron,Unassigned,2022-02-11
-40.62857,10.407812,-1,EPI_ISL_12774201,Omicron,BA.2.9,2022-03-30
-28.126139,21.334263,-1,EPI_ISL_16108198,Omicron,BQ.1,2022-11-25
-32.785114,10.419491,-1,EPI_ISL_11226140,Omicron,BA.1.15.1,2022-03-05
24.793095,-16.14688,-1,EPI_ISL_8947440,Omicron,BA.1,2021-12-29
-40.784744,10.360905,-1,EPI_ISL_12851677,Omicron,BA.2,2022-05-02
-32.800697,10.458551,-1,EPI_ISL_9762628,Omicron,BA.1.20,2022-01-08
-32.792892,10.427027,-1,EPI_ISL_10420250,Omicron,BA.1,2022-02-17
-40.4879,10.243753,-1,EPI_ISL_13045841,Omicron,BA.2.42,2022-05-09
-28.071758,21.30318,-1,EPI_ISL_15490403,Omicron,BQ.1,2022-10-10
-40.628536,10.267183,-1,EPI_ISL_10777528,Omicron,BA.2,2022-02-28
-35.966263,-6.3978167,-1,EPI_ISL_11476443,Omicron,BA.1.1,2022-02-08
-40.831684,10.48597,-1,EPI_ISL_13576885,Omicron,BA.2.9,2022-06-16
-32.589844,10.1224,-1,EPI_ISL_9300025,Omicron,BA.1,2022-01-22
-40.83159,10.40016,-1,EPI_ISL_10467795,Omicron,BA.2.10.1,2022-02-22
-27.985619,21.34216,-1,EPI_ISL_16422793,Omicron,BW.1.1,2022-11-09
-32.620964,10.17692,-1,EPI_ISL_11106092,Omicron,BA.1.13.1,2022-02-04
-40.75363,10.306326,-1,EPI_ISL_12207905,Omicron,BA.2,2022-04-16
-40.72239,10.298464,-1,EPI_ISL_11273300,Omicron,BA.2,2022-03-15
-32.30857,10.11462,-1,EPI_ISL_9933434,Omicron,BA.1.18,2022-01-22
-36.67707,-7.366516,-1,EPI_ISL_12205959,Omicron,BA.1.1,2022-02-07
-27.633993,21.951553,-1,EPI_ISL_15768499,Omicron,BQ.1,2022-10-28
-41.003326,10.70454,-1,EPI_ISL_12980826,Omicron,BA.2,2022-05-10
-41.01924,10.923244,-1,EPI_ISL_13424602,Omicron,BA.2,2022-06-10
-33.47268,9.559921,-1,EPI_ISL_10365619,Omicron,BA.1.18,2022-02-07
-32.519363,10.106863,-1,EPI_ISL_9135145,Omicron,BA.1.17.2,2022-01-16
-40.51134,10.165663,-1,EPI_ISL_13139957,Omicron,BA.2.9,2022-04-26
-35.96632,-6.342888,-1,EPI_ISL_17316029,Omicron,BA.1.1,2022-01-25
-40.612835,10.21249,-1,EPI_ISL_12236833,Omicron,BA.2.23,2022-04-15
-40.472374,10.142347,-1,EPI_ISL_12947746,Omicron,BA.2.3.1,2022-04-12
-40.83168,10.337458,-1,EPI_ISL_13513261,Omicron,BA.2.31.1,2022-06-09
-40.72245,10.337399,-1,EPI_ISL_12776486,Omicron,BA.2,2022-03-25
-36.005203,-6.2884293,-1,EPI_ISL_11716333,Omicron,BA.1.1.2,2022-02-24
-40.49581,10.259285,-1,EPI_ISL_10260944,Omicron,BA.2.9,2022-02-18
-35.966053,-6.272872,-1,EPI_ISL_10077159,Omicron,BA.1.1,2022-02-04
-28.133911,21.256302,-1,EPI_ISL_16200569,Omicron,BQ.1.2,2022-11-08
-40.73012,10.235859,-1,EPI_ISL_10747334,Omicron,BA.1,2022-02-17
24.059029,-16.568857,-1,EPI_ISL_10306134,Omicron,BA.2,2022-02-02
-40.95668,10.81406,-1,EPI_ISL_13671745,Omicron,BA.2.22,2022-05-30
-40.6676,10.251434,-1,EPI_ISL_12442678,Omicron,BA.2.3,2022-04-10
-36.08351,-6.2884035,-1,EPI_ISL_15685574,Omicron,BA.1.1,2022
-35.966347,-6.421007,-1,EPI_ISL_9097694,Omicron,BA.1.1,2022-01-05
-35.94283,-6.389861,-1,EPI_ISL_8917336,Omicron,BA.1.1,2021-12-18
-32.58978,10.23954,-1,EPI_ISL_13181330,Omicron,BA.1.21,2022-01-13
-40.745613,10.392084,-1,EPI_ISL_12252755,Omicron,BA.2,2022-04-17
-40.441086,10.017307,-1,EPI_ISL_10315958,Omicron,BA.2.10,2022-01-30
-32.65243,10.145889,-1,EPI_ISL_10879553,Omicron,BA.1.17,2022-02-25
-32.69919,10.23185,-1,EPI_ISL_10741915,Omicron,BA.1,2022-02-17
-42.341812,-11.1498375,-1,EPI_ISL_9213949,Omicron,BA.2,2022-01-07
-40.82388,10.423481,-1,EPI_ISL_8832487,Omicron,BA.2.9,2022-01-12
-32.503746,10.098881,-1,EPI_ISL_8966465,Omicron,BA.1.17.2,2022-01-14
-32.6523,10.192957,-1,EPI_ISL_10786555,Omicron,BA.1,2022-02-06
-28.651915,0.20971489,-1,EPI_ISL_11254478,Omicron,BA.1.1,2022-03-01
-40.862965,10.407818,-1,EPI_ISL_10893662,Omicron,BA.2,2022-03-04
-40.93344,10.571882,-1,EPI_ISL_12311625,Omicron,BA.2,2022-04-20
-28.087103,21.287464,-1,EPI_ISL_16423631,Omicron,BW.1,2022-12-19
-32.72254,10.302172,-1,EPI_ISL_10820126,Omicron,BA.1.15,2022-01-12
-32.48838,10.114506,-1,EPI_ISL_9712091,Omicron,BA.1.19,2022-01-29
-40.698975,10.251581,-1,EPI_ISL_9457493,Omicron,BA.2,2022-01-17
-40.636368,10.236036,-1,EPI_ISL_11785609,Omicron,BA.2,2022-03-26
-36.1147,-6.0851154,-1,EPI_ISL_14135252,Omicron,BA.1.1.15,2022-03-03
-32.675274,10.161663,-1,EPI_ISL_10057072,Omicron,BA.1.15,2022-02-10
-36.146152,-6.17904,-1,EPI_ISL_9380098,Omicron,BA.1.1,2022-01-25
-28.10279,21.240658,-1,EPI_ISL_16251811,Omicron,BQ.1,2022-11-20
-32.628952,10.247543,-1,EPI_ISL_9253887,Omicron,BA.1.15.1,2022-01-21
-28.071415,21.32653,-1,EPI_ISL_16913420,Omicron,BQ.1,2023-01-29
-35.966625,-6.3351135,-1,EPI_ISL_9187315,Omicron,BA.1.1,2022-01-10
-35.989506,-6.233735,-1,EPI_ISL_17551960,Omicron,BA.1.1,2022-02-15
-35.880325,-6.4678993,-1,EPI_ISL_10790643,Omicron,BA.1.1,2022-02-21
-36.044403,-6.280528,-1,EPI_ISL_11742970,Omicron,BA.1.1,2022-03-16
-40.66758,10.353222,-1,EPI_ISL_12893846,Omicron,BA.2.23,2022-05-10
-40.76158,10.313942,-1,EPI_ISL_11640079,Omicron,BA.2,2022-03-21
-41.222294,10.751514,-1,EPI_ISL_13673288,Omicron,BA.2.50,2022-06-27
-33.519653,9.591187,-1,EPI_ISL_9838815,Omicron,BA.1.15.1,2022-02-06
-40.75345,10.368656,-1,EPI_ISL_12731628,Omicron,BA.2.9,2022-04-14
-32.285255,9.200516,-1,EPI_ISL_17122907,Omicron,BA.1.17,2021-12-27
-36.638283,-7.3039494,-1,EPI_ISL_17264097,Omicron,Unassigned,2022-02-28
-40.636257,10.259144,-1,EPI_ISL_13539307,Omicron,BA.2.3.12,2022-06-01
-28.50121,20.349934,-1,EPI_ISL_16682310,Omicron,BQ.1.10.1,2023-01-21
-27.946388,20.373405,-1,EPI_ISL_17199183,Omicron,BQ.1,2022-12-22
-28.08704,21.232754,-1,EPI_ISL_16244772,Omicron,BQ.1.3,2022-11-30
-36.052216,-6.2727013,-1,EPI_ISL_9834248,Omicron,BA.1.1.2,2022-01-12
-40.75364,10.290764,-1,EPI_ISL_10725615,Omicron,BA.2,2022-02-27
-40.784927,10.321728,-1,EPI_ISL_10810069,Omicron,BA.2,2022-02-21
-32.683514,10.286564,-1,EPI_ISL_9439880,Omicron,BA.1,2022-01-27
-36.005436,-6.3663845,-1,EPI_ISL_10212850,Omicron,BA.1.1.18,2022-01-26
-35.96619,-6.4522667,-1,EPI_ISL_9737410,Omicron,BA.1.1,2022-01-30
-40.683228,10.228266,-1,EPI_ISL_11809290,Omicron,BA.2.12,2022
-40.253677,10.08753,-1,EPI_ISL_13087851,Omicron,BA.2.9,2022-05-26
-28.055931,21.263962,-1,EPI_ISL_17653895,Omicron,BQ.1.13.1,2023-03-18
-32.66037,10.278803,-1,EPI_ISL_8853506,Omicron,BA.1.12,2022-01-11
-35.88801,-6.3274317,-1,EPI_ISL_10418131,Omicron,BA.1.1.4,2022-02-21
-36.099236,-6.3899097,-1,EPI_ISL_9086112,Omicron,BA.1.1,2022-01-05
-40.839584,10.4548,-1,EPI_ISL_11646000,Omicron,BA.2,2022-03-27
-32.667953,10.349113,-1,EPI_ISL_8816478,Omicron,BA.1.17.2,2022-01-10
-32.62101,10.083378,-1,EPI_ISL_10530582,Omicron,BA.1,2022-02-22
-36.067772,-6.2960634,-1,EPI_ISL_9420243,Omicron,Unassigned,2022-01-07
-31.707207,-2.3366652,-1,EPI_ISL_10377486,Omicron,BA.1.1,2022-02-12
-28.149637,21.443703,-1,EPI_ISL_16116100,Omicron,BQ.1,2022-11-27
-40.71457,10.290728,-1,EPI_ISL_12786730,Omicron,BA.2,2022-05-02
-40.831795,10.556349,-1,EPI_ISL_14539354,Omicron,Unassigned,2022-06-15
-40.89427,10.478191,-1,EPI_ISL_11644460,Omicron,BA.2.3,2022-03-24
-40.823914,10.39233,-1,EPI_ISL_13418503,Omicron,BA.2.42,2022-06-18
-40.886497,10.376556,-1,EPI_ISL_14114998,Omicron,BA.2.3.1,2022-05-31
-26.026407,2.2789927,-1,EPI_ISL_9713599,Omicron,BA.1.1,2022-01-20
-28.829288,20.646927,-1,EPI_ISL_16158700,Omicron,BQ.1,2022-11-30
-40.675453,10.228264,-1,EPI_ISL_12997360,Omicron,BA.2,2022-05-12
-40.94889,10.673332,-1,EPI_ISL_11561743,Omicron,BA.2.36,2022-03-09
-32.394566,10.052097,-1,EPI_ISL_11327404,Omicron,BA.1.17.2,2022-02-12
-32.449196,10.020853,-1,EPI_ISL_10183404,Omicron,BA.1.15.1,2022
-40.8161,10.361029,-1,EPI_ISL_12815911,Omicron,BA.2,2022-04-28
-35.81013,-6.4446096,-1,EPI_ISL_12951480,Omicron,BC.1,2022-03-12
-41.144264,10.524925,-1,EPI_ISL_13037534,Omicron,BA.2.9,2022-04-20
-35.942863,-6.4367523,-1,EPI_ISL_10930297,Omicron,BA.1.1,2022-03-04
-42.29491,-11.165537,-1,EPI_ISL_12423095,Omicron,BA.2,2022-03-03
-27.954365,21.25615,-1,EPI_ISL_16740351,Omicron,BQ.1.23,2023-01-18
-40.331524,10.212532,-1,EPI_ISL_15517911,Omicron,BA.2.7,2022-05-11
-32.675835,10.278669,-1,EPI_ISL_9567376,Omicron,BA.1.15.1,2022-01-25
-35.92715,-6.4210463,-1,EPI_ISL_10269685,Omicron,BA.1.1,2022-02-07
-32.68352,10.387976,-1,EPI_ISL_11206646,Omicron,BA.1,2022-01-23
-42.18558,-11.2904625,-1,EPI_ISL_10810621,Omicron,BA.2.9,2022-02-25
-24.430695,24.705109,-1,EPI_ISL_15546393,Omicron,BQ.1,2022-10-12
-40.894375,10.478226,-1,EPI_ISL_13547011,Omicron,BA.2.51,2022-05-29
-40.769222,10.337475,-1,EPI_ISL_12598918,Omicron,BA.2.49,2022-04-26
-32.308525,9.880222,-1,EPI_ISL_14822551,Omicron,BA.1.17.2,2022-02-28
-40.839497,10.3298855,-1,EPI_ISL_10841635,Omicron,BA.2,2022-02-23
-40.80831,10.407986,-1,EPI_ISL_8560063,Omicron,BA.2,2021-12-24
-40.386288,10.181393,-1,EPI_ISL_13389612,Omicron,BA.2,2022-05-30
-35.95073,-6.3430433,-1,EPI_ISL_13564432,Omicron,BA.1.1,2022-05-18
-32.54309,10.028858,-1,EPI_ISL_9387961,Omicron,BA.1,2022-01-23
-28.110432,21.209454,-1,EPI_ISL_16344623,Omicron,BQ.1.10,2022-12-01
-35.950752,-6.4132586,-1,EPI_ISL_9678938,Omicron,BA.1.1,2022-01-09
-32.457123,9.997379,-1,EPI_ISL_9467637,Omicron,BA.1.20,2022-01-13
-33.394547,9.247292,-1,EPI_ISL_9681572,Omicron,BA.1,2022-01-31
-28.985683,20.60783,-1,EPI_ISL_17383304,Omicron,BQ.1.8,2023-01-11
-36.06807,-6.2571535,-1,EPI_ISL_10831749,Omicron,BA.1.1,2022-01-20
-42.52146,-11.126514,-1,EPI_ISL_9321487,Omicron,BA.2.3,2021-12-29
-36.08357,-6.3117666,-1,EPI_ISL_12625143,Omicron,BA.1.1,2022-02-20
-40.824158,10.392225,-1,EPI_ISL_10813111,Omicron,BA.2.9,2022-03-01
-32.628815,10.192717,-1,EPI_ISL_11071361,Omicron,BA.1.16.2,2022-02-20
-36.13023,-6.1869183,-1,EPI_ISL_15218165,Omicron,BA.1.1.18,2022-09-14
-40.675323,10.400139,-1,EPI_ISL_12081643,Omicron,BA.2.9,2022-03-30
-40.925552,10.556221,-1,EPI_ISL_13095216,Omicron,Unassigned,2022-05-16
-40.753464,10.353031,-1,EPI_ISL_11414004,Omicron,BA.2.10,2022-03-06
-32.511818,10.075626,-1,EPI_ISL_11386356,Omicron,BA.1,2022-03-07
-36.04429,-6.2257853,-1,EPI_ISL_10650750,Omicron,BA.1,2022-02-17
-32.49584,10.1928005,-1,EPI_ISL_9433758,Omicron,BA.1,2021-12-27
-28.06356,21.27961,-1,EPI_ISL_16240979,Omicron,BQ.1.10.1,2022-12-13
-32.54299,10.036596,-1,EPI_ISL_8594275,Omicron,BA.1.20,2021-12-22
-32.32425,9.958181,-1,EPI_ISL_9187471,Omicron,BA.1.18,2022-01-10
-32.62107,10.098907,-1,EPI_ISL_9247208,Omicron,BA.1.15.1,2022-01-21
-32.683643,10.22393,-1,EPI_ISL_7987897,Omicron,BA.1.17,2021-12-15
-28.055712,21.36557,-1,EPI_ISL_15931333,Omicron,BQ.1,2022-11-13
-28.071629,21.287415,-1,EPI_ISL_16095575,Omicron,BQ.1.13.1,2022-11-21
-40.745647,10.28289,-1,EPI_ISL_8770510,Omicron,BA.2,2022-01-11
-28.11058,21.397057,-1,EPI_ISL_16654507,Omicron,BQ.1,2022-12-29
-40.65213,10.244019,-1,EPI_ISL_9723109,Omicron,BA.2,2022-01-27
-40.394165,10.173592,-1,EPI_ISL_12199928,Omicron,BA.2.23,2022-04-13
-41.05047,10.782654,-1,EPI_ISL_12484656,Omicron,BA.2.9,2022-03-29
-35.942802,-6.3666096,-1,EPI_ISL_12485429,Omicron,BA.1.1,2022-04-06
-32.41028,9.97398,-1,EPI_ISL_10256196,Omicron,BA.1,2022-02-06
-36.130386,-6.2025137,-1,EPI_ISL_9086569,Omicron,BA.1.1,2021-12-23
-32.628975,10.270805,-1,EPI_ISL_11074358,Omicron,BA.1.15,2022-02-10
-35.989616,-6.3430004,-1,EPI_ISL_12680668,Omicron,BC.1,2022-02-18
-32.64456,10.224001,-1,EPI_ISL_7545753,Omicron,BA.1,2021-12-04
-32.67597,10.122452,-1,EPI_ISL_8942717,Omicron,BA.1.17.2,2022-01-13
-35.997555,-6.350872,-1,EPI_ISL_10340464,Omicron,BA.1.1.2,2022-01-17
-40.69134,10.275173,-1,EPI_ISL_15010363,Omicron,BA.2,2022-04-16
-40.972332,10.681383,-1,EPI_ISL_12618429,Omicron,BA.2.7,2022-04-20
-32.628887,10.138027,-1,EPI_ISL_7771439,Omicron,BA.1,2021-12-03
-32.61335,10.278591,-1,EPI_ISL_8465022,Omicron,BA.1.17.2,2021-12-13
-28.118277,21.334259,-1,EPI_ISL_15910157,Omicron,BQ.1,2022-11-05
-32.605522,10.130201,-1,EPI_ISL_9023119,Omicron,BA.1.15.1,2022-01-17
-40.870895,10.376514,-1,EPI_ISL_12846140,Omicron,BA.2.3,2022-04-26
-32.480415,10.255112,-1,EPI_ISL_9442182,Omicron,BA.1.17.2,2022-01-25
-32.558754,10.130363,-1,EPI_ISL_10479774,Omicron,BA.1.17.2,2022-02-10
-28.063564,21.279732,-1,EPI_ISL_16617413,Omicron,BE.9,2023-01-16
-40.808327,10.470268,-1,EPI_ISL_13266911,Omicron,BA.2.5,2022-05-30
-40.612877,10.165728,-1,EPI_ISL_13645098,Omicron,BA.2,2022-06-17
-36.15385,-6.1399183,-1,EPI_ISL_8748771,Omicron,BA.1.1.18,2021-12-20
-41.62867,9.493671,-1,EPI_ISL_12320889,Omicron,BA.2.9,2022-04-13
-41.597298,9.37661,-1,EPI_ISL_10960560,Omicron,BA.2.7,2022-03-03
-41.73017,9.571861,-1,EPI_ISL_12436150,Omicron,BA.2,2022-04-25
-43.341938,-11.360856,-1,EPI_ISL_12471142,Omicron,BA.2.3,2022-03-05
-42.373177,-11.829417,-1,EPI_ISL_12520847,Omicron,BA.2,2022-04-25
-32.68356,10.161449,-1,EPI_ISL_10985604,Omicron,BA.1,2022-02-20
-40.800503,10.439228,-1,EPI_ISL_13719803,Omicron,BA.2.9,2022-05-12
-28.087086,21.311108,-1,EPI_ISL_16379645,Omicron,BQ.1.5,2022-12-01
-28.055822,21.29514,-1,EPI_ISL_16730143,Omicron,BQ.1.25,2023-01-18
-32.582134,9.997551,-1,EPI_ISL_11172609,Omicron,BA.1.17,2022-01-31
-40.815994,10.407909,-1,EPI_ISL_12812370,Omicron,BA.2.3,2022-05-16
-35.864586,-6.4914255,-1,EPI_ISL_10507481,Omicron,BA.1.1,2022-02-05
-40.714603,10.235952,-1,EPI_ISL_10927052,Omicron,BA.2,2022-03-04
-28.094893,21.39693,-1,EPI_ISL_15669766,Omicron,BQ.1.5,2022-10-23
-40.75365,10.407938,-1,EPI_ISL_11837469,Omicron,BA.2,2022-03-17
-40.59734,10.243803,-1,EPI_ISL_12794486,Omicron,Unassigned,2022-03-10
-35.856873,-6.3820887,-1,EPI_ISL_10826784,Omicron,BA.1.1,2022-01-30
-36.146107,-6.194662,-1,EPI_ISL_10410836,Omicron,BA.1.1.18,2022-02-09
-35.935066,-6.397602,-1,EPI_ISL_10821964,Omicron,BA.1.1.2,2022-01-11
-40.487877,10.110947,-1,EPI_ISL_12184254,Omicron,BA.2,2022-04-01
-28.071608,21.279488,-1,EPI_ISL_16722029,Omicron,BQ.1,2023-01-11
-35.958485,-6.303981,-1,EPI_ISL_8682444,Omicron,BA.1.1,2021-12-13
-32.53526,10.231701,-1,EPI_ISL_6939061,Omicron,BA.1,2021-11-24
-40.933434,10.556225,-1,EPI_ISL_12169167,Omicron,BA.2,2022-04-07
-35.96622,-6.4368725,-1,EPI_ISL_9037403,Omicron,BA.1.1,2022-01-01
-27.954243,21.201416,-1,EPI_ISL_16999444,Omicron,BQ.1.1.28,2023-02-03
-42.232296,-11.157576,-1,EPI_ISL_11905469,Omicron,BA.2,2022-03-05
-28.079184,21.326515,-1,EPI_ISL_17404071,Omicron,BQ.1.23,2023-01-19
-35.981895,-6.311714,-1,EPI_ISL_12928739,Omicron,BA.1.1,2022-02-10
-27.969795,21.20153,-1,EPI_ISL_16962478,Omicron,BQ.1.10.1,2023-02-02
-32.73805,10.333385,-1,EPI_ISL_7937781,Omicron,BA.1.17.2,2021-12-14
-36.106857,-6.327319,-1,EPI_ISL_10753632,Omicron,BA.1.1,2022-02-23
-28.938786,21.521885,-1,EPI_ISL_15670982,Omicron,BQ.1.3,2022-11-02
-27.83702,20.24839,-1,EPI_ISL_16683888,Omicron,BQ.1.23,2022-12-12
-14.216454,-33.872906,-1,EPI_ISL_8632979,Omicron,BA.1.20,2021-12-27
-32.675804,10.271027,-1,EPI_ISL_8964195,Omicron,BA.1.17.2,2022-01-15
-28.899464,20.466938,-1,EPI_ISL_17099297,Omicron,BQ.1.2,2022-12-19
-40.69124,10.243795,-1,EPI_ISL_11741272,Omicron,BA.2.7,2022
-32.53505,10.13014,-1,EPI_ISL_12372703,Omicron,BA.1.18,2022-01-18
-32.574066,10.106817,-1,EPI_ISL_10250227,Omicron,BA.1.17,2022-01-06
-40.69888,10.290693,-1,EPI_ISL_12123745,Omicron,BA.2,2022-04-11
-28.024586,21.271812,-1,EPI_ISL_15861332,Omicron,BQ.1,2022-11-14
-40.777046,10.353287,-1,EPI_ISL_13296695,Omicron,BA.2,2022-05-30
-36.122475,-6.3666363,-1,EPI_ISL_9552302,Omicron,BA.1.1,2022-01-04
-32.386536,10.052223,-1,EPI_ISL_17510065,Omicron,BA.1.18,2022-01-08
-40.98019,10.5874405,-1,EPI_ISL_14841531,Omicron,BA.2,2022
-42.599705,-12.189144,-1,EPI_ISL_13174834,Omicron,BA.2.3,2022-01-04
-40.78501,10.345398,-1,EPI_ISL_11810809,Omicron,BA.2.9,2022-03-14
-36.07547,-6.2414837,-1,EPI_ISL_10878975,Omicron,BA.1.1.2,2022-02-01
-40.995735,10.548597,-1,EPI_ISL_13615808,Omicron,BA.2.36,2022-05-14
-35.95065,-6.405754,-1,EPI_ISL_10120944,Omicron,BA.1,2022-02-06
-40.402046,10.181314,-1,EPI_ISL_11744613,Omicron,BA.2.10.1,2022-03-20
-40.86298,10.470377,-1,EPI_ISL_11630560,Omicron,BA.2,2022-03-17
-36.060036,-6.3039875,-1,EPI_ISL_9519062,Omicron,BA.1.1,2022-01-21
-32.769592,10.294289,-1,EPI_ISL_9441079,Omicron,BA.1,2022-01-27
-40.311813,-9.373283,-1,EPI_ISL_15039297,Omicron,BA.2,2022-04-04
-32.300644,9.950207,-1,EPI_ISL_9601985,Omicron,BA.1.13,2022-01-25
-40.519146,10.1656685,-1,EPI_ISL_12788944,Omicron,BA.2,2022-05-03
-27.962145,21.20148,-1,EPI_ISL_16276434,Omicron,BQ.1.3,2022-12-08
-32.51954,9.997488,-1,EPI_ISL_8514045,Omicron,AY.1,2021-12-30
-32.62097,10.114639,-1,EPI_ISL_10512621,Omicron,BA.1.17,2022-02-23
-35.919212,-6.3898745,-1,EPI_ISL_11205685,Omicron,BA.1.1,2022-02-08
-36.114815,-6.3039083,-1,EPI_ISL_10365805,Omicron,BA.1.1,2022-02-14
-40.964657,10.6814,-1,EPI_ISL_14148034,Omicron,BA.2,2022-02-04
-27.93866,21.177948,-1,EPI_ISL_16419763,Omicron,BQ.1.31,2022-12-26
-40.823875,10.454628,-1,EPI_ISL_12186957,Omicron,BA.2.9,2022-04-04
-28.063652,21.217033,-1,EPI_ISL_15653705,Omicron,BQ.1.10,2022-10-22
-32.78517,10.293934,-1,EPI_ISL_8771122,Omicron,BA.1,2022-01-09
-40.652157,10.243881,-1,EPI_ISL_12669329,Omicron,BA.2,2022-04-19
-40.784756,10.290606,-1,EPI_ISL_9730800,Omicron,BA.2,2022-01-18
-28.032421,21.224895,-1,EPI_ISL_17091024,Omicron,BQ.1.12,2023-02-02
-27.949553,1.037899,-1,EPI_ISL_10358859,Omicron,Unassigned,2022-02-13
-35.97403,-6.4213047,-1,EPI_ISL_10677982,Omicron,BA.1.1,2022-02-01
-40.82393,10.329681,-1,EPI_ISL_11478331,Omicron,BA.2,2022-03-15
-40.745934,10.353226,-1,EPI_ISL_10284942,Omicron,BA.2,2022-02-18
-32.7305,10.247597,-1,EPI_ISL_8867072,Omicron,BA.1,2021-12-27
-35.88044,-6.4056034,-1,EPI_ISL_8718864,Omicron,BA.1.1,2021-12-30
-40.95678,10.306194,-1,EPI_ISL_15300399,Omicron,BA.2.9.3,2022-06-07
-40.75357,10.251591,-1,EPI_ISL_11386463,Omicron,BA.2.3,2022-03-16
-28.071363,21.287292,-1,EPI_ISL_15473065,Omicron,BQ.1.2,2022-10-18
-32.355408,10.005274,-1,EPI_ISL_11037632,Omicron,BA.1.17.2,2022-03-07
-32.386566,9.927273,-1,EPI_ISL_10701550,Omicron,BA.1,2022-01-31
-41.214478,10.485981,-1,EPI_ISL_12678997,Omicron,BA.2,2022-05-03
-27.985504,21.271969,-1,EPI_ISL_16962200,Omicron,BQ.1.32,2023-01-22
-40.714752,10.3532295,-1,EPI_ISL_11235877,Omicron,BA.2,2022-03-10
-40.862976,10.290726,-1,EPI_ISL_14135619,Omicron,BA.2,2022-03-14
-40.68346,10.337761,-1,EPI_ISL_12050253,Omicron,BA.2,2022-03-26
-40.90203,10.564098,-1,EPI_ISL_12053637,Omicron,BA.2.2,2022-04-02
-40.581738,10.212528,-1,EPI_ISL_12730774,Omicron,BA.2.9,2022-05-09
-40.83181,10.353086,-1,EPI_ISL_15868749,Omicron,BA.2,2022-04-16
-36.03656,-6.2414484,-1,EPI_ISL_14208551,Omicron,BA.1.1,2022-02-24
-40.792885,10.400169,-1,EPI_ISL_11305259,Omicron,BA.2,2022-03-16
-28.048,21.28756,-1,EPI_ISL_15667642,Omicron,BQ.1.12,2022-10-31
-41.170086,-10.091092,-1,EPI_ISL_13203257,Omicron,BA.2.9,2022-05-13
-35.89585,-6.460432,-1,EPI_ISL_12073443,Omicron,Unassigned,2022-04-04
-40.785,10.384314,-1,EPI_ISL_15801959,Omicron,BA.2,2022-05-15
-35.895824,-6.405615,-1,EPI_ISL_11925658,Omicron,BA.1.1,2022-01-14
-32.644295,10.192875,-1,EPI_ISL_9901327,Omicron,BA.1,2022-02-05
-21.243402,25.756878,-1,EPI_ISL_16169026,Omicron,BQ.1.3,2022-12-05
-36.091118,-6.249384,-1,EPI_ISL_13464002,Omicron,BA.2,2022-04-23
-40.909794,10.509314,-1,EPI_ISL_9033574,Omicron,BA.2,2022-01-13
-28.086843,21.295097,-1,EPI_ISL_16179826,Omicron,BQ.1,2022-12-13
-36.2004,-6.1086216,-1,EPI_ISL_10484548,Omicron,BA.1.1,2022-02-14
-32.238365,9.872427,-1,EPI_ISL_9879336,Omicron,BA.1,2022-01-31
-40.79265,10.368717,-1,EPI_ISL_12909442,Omicron,Unassigned,2022-05-06
-40.62084,10.267265,-1,EPI_ISL_10746577,Omicron,BA.2.10,2022-02
-40.628593,10.18898,-1,EPI_ISL_13058364,Omicron,BA.2,2022-05-15
-26.135141,1.6850119,-1,EPI_ISL_12782818,Omicron,BA.1.1,2022-04-20
-40.745667,10.392176,-1,EPI_ISL_11590158,Omicron,BA.2.10.1,2022-03-23
-36.020676,-6.42117,-1,EPI_ISL_9565400,Omicron,BA.1.1,2022-01-28
-35.95838,-6.288307,-1,EPI_ISL_10681112,Omicron,BA.1.1.13,2022-02-22
-33.277283,9.231667,-1,EPI_ISL_8854635,Omicron,BA.1.17.2,2022-01-11
-41.511364,9.509232,-1,EPI_ISL_11126305,Omicron,BA.2.10,2022-03-02
-36.849007,-6.702488,-1,EPI_ISL_12147657,Omicron,BA.1.1,2022-01-19
-32.60513,10.051798,-1,EPI_ISL_9367586,Omicron,BA.1.15.1,2022-01-26
-32.769306,10.465981,-1,EPI_ISL_11225775,Omicron,BA.1.16,2021-12-27
-35.966118,-6.374424,-1,EPI_ISL_9714410,Omicron,BA.1.1.1,2022-01-24
-28.024496,21.2641,-1,EPI_ISL_16314864,Omicron,BQ.1.5,2022-12-19
-40.776886,10.361015,-1,EPI_ISL_13537776,Omicron,BA.2.36,2022-06-13
-40.784836,10.446764,-1,EPI_ISL_9820022,Omicron,BA.2,2022-02-05
-27.985508,21.310783,-1,EPI_ISL_15180113,Omicron,BQ.1.5,2022-09-21
-40.96441,10.57188,-1,EPI_ISL_17325412,Omicron,BA.1.17,2022-02-26
-28.032473,21.264,-1,EPI_ISL_16569152,Omicron,BQ.1.15,2022-12-21
-13.273228,-32.955402,-1,EPI_ISL_9432713,Omicron,B.1.1.529,2022-01-02
-28.032303,21.248486,-1,EPI_ISL_16621989,Omicron,BQ.1.3,2022-12-29
-20.039953,26.916588,-1,EPI_ISL_17224209,Omicron,BQ.1.28,2023-02-16
-36.0757,-6.155545,-1,EPI_ISL_11223498,Omicron,BA.1.1,2022-03-04
-32.53527,10.130337,-1,EPI_ISL_9508945,Omicron,BA.1,2022-01-21
-42.177597,-11.204626,-1,EPI_ISL_11615656,Omicron,BA.2,2022-03-07
-40.816223,10.462635,-1,EPI_ISL_13235795,Omicron,BA.2,2022-05-24
-40.636402,10.353239,-1,EPI_ISL_12282188,Omicron,BA.2,2022-04-19
-41.027214,10.6891,-1,EPI_ISL_11178718,Omicron,BA.2,2022-03-08
-40.96463,10.532932,-1,EPI_ISL_13694158,Omicron,BA.2.3.15,2022-05-27
-36.20823,-6.0774097,-1,EPI_ISL_12984069,Omicron,BA.1.1.2,2022-03-27
-32.464657,10.067553,-1,EPI_ISL_10957675,Omicron,BA.1,2022-02-02
-40.8396,10.369034,-1,EPI_ISL_12259505,Omicron,BA.2,2022-04-04
-36.04443,-6.389964,-1,EPI_ISL_8349978,Omicron,BA.1.1,2021-12-15
-29.126097,21.646732,-1,EPI_ISL_16344109,Omicron,BQ.1.13,2022-12-20
-40.86305,10.407764,-1,EPI_ISL_12718528,Omicron,BA.2.23,2022-04-24
-35.958527,-6.374465,-1,EPI_ISL_11627966,Omicron,BA.1.1,2022-03-10
-40.581684,10.188992,-1,EPI_ISL_13582605,Omicron,BA.2.48,2022-06-09
-40.78479,10.360859,-1,EPI_ISL_12681551,Omicron,BA.2.3,2022-04-18
23.74641,-16.287365,-1,EPI_ISL_13571167,Omicron,B,2022-01-04
-35.997723,-6.4132366,-1,EPI_ISL_10350947,Omicron,BA.1.1,2022-01-29
-32.62905,10.270992,-1,EPI_ISL_10509976,Omicron,BA.1,2022-02-01
-35.981705,-6.436613,-1,EPI_ISL_10556528,Omicron,BA.1.1,2022-01-30
-40.917645,10.540619,-1,EPI_ISL_12671261,Omicron,BA.2,2022-04-23
-40.628548,10.3062935,-1,EPI_ISL_14600656,Omicron,BA.2,2022-06-27
-42.732437,-11.07947,-1,EPI_ISL_15252894,Omicron,BA.2,2022-05-13
-32.79302,10.372353,-1,EPI_ISL_10545876,Omicron,BA.1.15,2022-01-11
-40.370884,10.150139,-1,EPI_ISL_13777637,Omicron,BA.2.3,2022-04-16
-32.449112,10.013069,-1,EPI_ISL_8859086,Omicron,BA.1.15,2022-01-12
-32.652466,10.060051,-1,EPI_ISL_9826883,Omicron,BA.1,2022-02-04
-40.79267,10.384464,-1,EPI_ISL_11560342,Omicron,BA.2,2022-03-18
-32.120964,10.052185,-1,EPI_ISL_10221411,Omicron,BA.1.15,2022-01-19
-36.138138,-6.2728148,-1,EPI_ISL_9930965,Omicron,BA.1.1,2022-01-25
-28.071484,21.342129,-1,EPI_ISL_16462028,Omicron,BQ.1.11,2022-12-11
-28.008938,21.232658,-1,EPI_ISL_15830215,Omicron,BQ.1.23,2022-11-09
-42.966805,-11.274877,-1,EPI_ISL_12290851,Omicron,BA.2.10.1,2022-04
-40.558273,10.259506,-1,EPI_ISL_12512970,Omicron,BA.2,2022-04-21
-40.87871,10.470295,-1,EPI_ISL_12097849,Omicron,BA.2,2022-04-11
-32.285336,9.895851,-1,EPI_ISL_8898367,Omicron,BA.1.15,2022-01-12
-40.823963,10.321953,-1,EPI_ISL_12333094,Omicron,BA.2.9,2022-04-12
-32.61322,10.07552,-1,EPI_ISL_9866013,Omicron,BA.1.17.2,2022-02-07
-32.62871,10.145994,-1,EPI_ISL_10324235,Omicron,BA.1,2022-02-12
-32.730293,10.271,-1,EPI_ISL_9420339,Omicron,Unassigned,2022-01-07
-21.688557,26.849861,-1,EPI_ISL_16541123,Omicron,BQ.1.12,2022-12-19
-32.668,10.2474785,-1,EPI_ISL_10888673,Omicron,BA.1.15.1,2022-03-03
-41.667614,9.423325,-1,EPI_ISL_12851416,Omicron,BA.2.9,2022-05-18
-37.052307,-6.710312,-1,EPI_ISL_10878832,Omicron,BA.1.1,2022-01-29
-33.089745,9.176918,-1,EPI_ISL_8624357,Omicron,BA.1.15,2022-01-02
-33.636677,9.614807,-1,EPI_ISL_12364630,Omicron,BA.1.17,2022-01-28
-28.876328,20.412483,-1,EPI_ISL_15480074,Omicron,BQ.1,2022-10-10
-43.162216,-11.227941,-1,EPI_ISL_10929918,Omicron,BA.2.9,2022-02-18
-28.626198,20.404568,-1,EPI_ISL_16767662,Omicron,BQ.1.3,2023-01-23
-37.10678,-6.796053,-1,EPI_ISL_10325480,Omicron,BA.1.1.12,2022-01-25
-40.941193,10.8376255,-1,EPI_ISL_14751543,Omicron,BA.2.3,2022-04-09
-32.55056,10.059803,-1,EPI_ISL_10124198,Omicron,BA.1.18,2022-02-01
-35.919266,-6.405302,-1,EPI_ISL_9962349,Omicron,BA.1.1,2022-01-27
-40.683495,10.314178,-1,EPI_ISL_11417503,Omicron,BA.2,2022-03-19
-40.863125,10.423325,-1,EPI_ISL_12938179,Omicron,BA.2.3.1,2022-04-01
-40.93344,10.649979,-1,EPI_ISL_11181155,Omicron,BA.2,2022-03-13
-40.808247,10.314167,-1,EPI_ISL_9175977,Omicron,BA.2,2022-01-04
-32.49588,10.036434,-1,EPI_ISL_8061899,Omicron,BA.1.15,2021-12-16
-28.118216,21.342155,-1,EPI_ISL_16566867,Omicron,BQ.1.12,2022-11-15
-36.14599,-6.217805,-1,EPI_ISL_11202017,Omicron,BA.1.1,2022-02-25
-35.895912,-6.3898544,-1,EPI_ISL_9612484,Omicron,BA.1.1,2022-01-17
-32.410385,9.997482,-1,EPI_ISL_8773282,Omicron,BA.1.17.2,2022-01-10
-40.495735,10.157774,-1,EPI_ISL_13691120,Omicron,BA.2,2022-06-22
-36.020805,-6.2960577,-1,EPI_ISL_12461211,Omicron,BA.1.1,2022-03-14
-28.07148,21.31086,-1,EPI_ISL_15837601,Omicron,BQ.1.8,2022-11-11
-32.347534,9.997467,-1,EPI_ISL_9565976,Omicron,BA.1.17.2,2022-01-25
-42.646553,-11.181063,-1,EPI_ISL_11905461,Omicron,BA.2,2022-03-21
-41.191166,10.626785,-1,EPI_ISL_12114963,Omicron,BA.2.3,2022-03-31
-41.019157,10.837357,-1,EPI_ISL_14016982,Omicron,BA.2,2022-06-24
-32.613403,10.09911,-1,EPI_ISL_9078923,Omicron,BA.1.17.2,2022-01-17
-32.488167,10.052193,-1,EPI_ISL_9117485,Omicron,BA.1,2022-01-19
-36.13034,-6.327326,-1,EPI_ISL_10002453,Omicron,BA.1.1,2022-02-07
-40.785007,10.37677,-1,EPI_ISL_10097894,Omicron,BA.2,2022-02-07
-40.995735,10.415796,-1,EPI_ISL_12518446,Omicron,BA.2.50,2022-04-24
-40.409786,10.236053,-1,EPI_ISL_11769215,Omicron,BA.2,2022-03-29
-40.901917,10.470442,-1,EPI_ISL_13378805,Omicron,BA.2,2022-06-08
-35.85704,-6.421068,-1,EPI_ISL_10286821,Omicron,BA.1.1,2022-02-16
-28.883904,20.631218,-1,EPI_ISL_16294649,Omicron,BQ.1.23,2022-12-21
-32.589664,10.169523,-1,EPI_ISL_8749415,Omicron,BA.1.18,2022-01-04
-36.06012,-6.3585415,-1,EPI_ISL_11714635,Omicron,BC.1,2022-02-13
-36.052185,-6.436802,-1,EPI_ISL_9139680,Omicron,BA.1.1,2022-01-09
-28.640402,0.06250286,-1,EPI_ISL_11161701,Omicron,Unassigned,2022-03-09
-35.958534,-6.3039017,-1,EPI_ISL_11762733,Omicron,BA.1.1,2022-03-23
-35.872616,-6.4133997,-1,EPI_ISL_9636147,Omicron,BA.1.1.18,2022-01-05
-40.25357,10.048492,-1,EPI_ISL_13246291,Omicron,BA.2.36,2022-05-27
-28.024746,21.318623,-1,EPI_ISL_16615597,Omicron,BA.5.2.1,2023-01-06
-40.691208,10.368992,-1,EPI_ISL_13752200,Omicron,BA.2.3.7,2022-06-27
-40.87847,10.329826,-1,EPI_ISL_11285226,Omicron,BA.2,2022-03-13
-36.200527,-5.9994373,-1,EPI_ISL_12930256,Omicron,BA.1.1,2022-03-07
-32.589783,10.03656,-1,EPI_ISL_7845698,Omicron,BA.1,2021-12-11
-32.668037,10.22393,-1,EPI_ISL_8560241,Omicron,BA.1,2022-01-03
-32.472687,10.028717,-1,EPI_ISL_9777946,Omicron,BA.1,2022-02-04
-40.589523,10.259438,-1,EPI_ISL_13473470,Omicron,Unassigned,2022-06-15
-32.66803,10.114546,-1,EPI_ISL_10789843,Omicron,BA.1.15,2022-02-16
-40.79271,10.43919,-1,EPI_ISL_11347842,Omicron,BA.2,2022-03-19
-36.044437,-6.319749,-1,EPI_ISL_11779426,Omicron,BA.1.1,2022-01-12
-32.379078,9.997574,-1,EPI_ISL_11657273,Omicron,BA.1.17,2022-03-08
-36.18503,-6.132038,-1,EPI_ISL_10083936,Omicron,BA.1,2022-01-29
-40.753674,10.36105,-1,EPI_ISL_14344315,Omicron,BA.2.10,2022-07-08
-40.75357,10.3766575,-1,EPI_ISL_10339943,Omicron,BA.2,2022-01-04
-20.094807,27.119392,-1,EPI_ISL_15968301,Omicron,BQ.1.3,2022-11-21
-42.294983,-11.524756,-1,EPI_ISL_10443252,Omicron,BA.2,2022-02-11
-27.891926,21.076492,-1,EPI_ISL_16715701,Omicron,BQ.1.12,2023-01-07
-40.65207,10.228336,-1,EPI_ISL_12345942,Omicron,BA.2.9,2022-04-21
-32.39434,10.059841,-1,EPI_ISL_8150184,Omicron,BA.1.15,2021-12-14
-40.738018,10.337494,-1,EPI_ISL_12095888,Omicron,BA.2,2022-04-11
-32.70701,10.2552185,-1,EPI_ISL_9713554,Omicron,BA.1,2022-01-19
-32.613205,10.13023,-1,EPI_ISL_9660333,Omicron,BA.1,2022-01-22
-32.519535,10.161503,-1,EPI_ISL_8944623,Omicron,BA.1.17.2,2022-01-13
-36.208443,-7.468153,-1,EPI_ISL_9985124,Omicron,BA.1.1.1,2022-02-01
-41.84228,-10.625828,-1,EPI_ISL_11826885,Omicron,BA.2,2022-03-29
-40.722507,10.259562,-1,EPI_ISL_14011416,Omicron,BA.2,2022-07-14
-40.80052,10.306381,-1,EPI_ISL_13418340,Omicron,BA.2.3.1,2022-05-01
-40.614372,-9.404506,-1,EPI_ISL_13912610,Omicron,BA.5.1,2022-06-15
-35.880394,-6.428955,-1,EPI_ISL_10187006,Omicron,BA.1.1,2022-02-07
-32.581993,9.96627,-1,EPI_ISL_8857301,Omicron,BA.1.17.2,2022-01-09
-42.295017,-11.157455,-1,EPI_ISL_11299940,Omicron,BA.2,2022-03-07
-40.831753,10.361107,-1,EPI_ISL_10501204,Omicron,BA.2,2022-02-15
-40.644173,10.251585,-1,EPI_ISL_13024042,Omicron,BA.2.3,2022-04-24
-27.923174,21.185875,-1,EPI_ISL_16854674,Omicron,BQ.1,2023-01-08
-40.730095,10.376606,-1,EPI_ISL_11040442,Omicron,BA.2,2022-03-07
-42.2011,-11.188835,-1,EPI_ISL_13111103,Omicron,BA.2,2022-05-20
-40.675495,10.282948,-1,EPI_ISL_12313848,Omicron,BA.2.9,2022-04-04
-41.545464,-10.524382,-1,EPI_ISL_11858369,Omicron,BA.2,2022-01-29
-40.941116,10.571896,-1,EPI_ISL_12915690,Omicron,BA.2,2022-05-15
-36.21617,-6.030533,-1,EPI_ISL_10652029,Omicron,BA.1.1,2022-02-09
-32.519447,10.067604,-1,EPI_ISL_9864158,Omicron,BA.1.17.2,2022-02-07
-40.808334,10.321955,-1,EPI_ISL_12219662,Omicron,BA.2,2022-04-11
-40.8239,10.306305,-1,EPI_ISL_12848765,Omicron,BA.2,2022-04-28
-40.95672,10.462482,-1,EPI_ISL_13176030,Omicron,BA.2,2022-05-25
-40.659935,10.267117,-1,EPI_ISL_13269935,Omicron,BA.2,2022-05-26
-35.974186,-6.319648,-1,EPI_ISL_10460377,Omicron,BA.1.1,2022-02-10
-40.745777,10.361076,-1,EPI_ISL_12583456,Omicron,BA.2,2022-04-23
-36.075638,-6.2805367,-1,EPI_ISL_9867102,Omicron,BA.1.1,2022-02-07
-40.808258,10.454685,-1,EPI_ISL_12362457,Omicron,BA.2,2022-04-12
-40.691185,10.3141365,-1,EPI_ISL_11987357,Omicron,BA.2.9,2022-04-04
-18.907177,27.876762,-1,EPI_ISL_16091368,Omicron,BQ.1.19,2022-11-27
-40.76152,10.282942,-1,EPI_ISL_14429354,Omicron,BA.2.42,2022-08-01
-35.786316,-6.483758,-1,EPI_ISL_11353574,Omicron,BA.1.1,2022-03-11
-35.809753,-6.4679623,-1,EPI_ISL_9659872,Omicron,BA.1.1,2022-01-24
-40.386696,10.181419,-1,EPI_ISL_16251477,Omicron,BA.2,2022-06-10
-40.823895,10.384697,-1,EPI_ISL_12601315,Omicron,BA.2.3,2022-04-22
-40.91768,10.572048,-1,EPI_ISL_14869143,Omicron,BA.2,2022-05-23
-40.51132,-9.453959,-1,EPI_ISL_11944560,Omicron,BA.2,2022-02-10
-40.675415,10.3608055,-1,EPI_ISL_13450239,Omicron,BA.2,2022-05-30
-42.302727,-11.110508,-1,EPI_ISL_11890012,Omicron,BA.2,2022-03-20
-36.247437,-5.9992313,-1,EPI_ISL_7877191,Omicron,BA.1.1,2021-12-14
-42.36525,-11.181105,-1,EPI_ISL_14330178,Omicron,BA.2.10,2022-02-05
-40.730118,10.321821,-1,EPI_ISL_9571193,Omicron,BA.2.10,2022-01-23
-36.083817,-6.264909,-1,EPI_ISL_10362746,Omicron,BA.1.1,2022-02-06
-42.302853,-11.173151,-1,EPI_ISL_10065907,Omicron,BA.2,2022-02-03
-35.763145,-6.5069084,-1,EPI_ISL_11896918,Omicron,BA.1.1.18,2022-03-14
-40.605175,10.345442,-1,EPI_ISL_12512928,Omicron,BA.2,2022-04-21
-40.941147,10.447039,-1,EPI_ISL_12043617,Omicron,BA.2,2022-03-24
-35.864758,-6.2647457,-1,EPI_ISL_10426672,Omicron,BA.1.1,2022-02-10
-32.550667,10.05995,-1,EPI_ISL_9191359,Omicron,BA.1.17,2022-01-11
-36.02095,-6.4212017,-1,EPI_ISL_12429652,Omicron,BA.1.1,2022-04-07
-40.378677,10.111063,-1,EPI_ISL_13080744,Omicron,BA.2,2022-05-23
-40.74592,10.329868,-1,EPI_ISL_10589816,Omicron,BA.2,2022-02-11
-40.683384,10.267094,-1,EPI_ISL_12249093,Omicron,BA.2.36,2022-03-29
-40.03472,10.173456,-1,EPI_ISL_10978172,Omicron,BA.2,2022-03-05
-28.087143,21.310799,-1,EPI_ISL_15849471,Omicron,BQ.1.5,2022-11-01
-32.97252,9.044331,-1,EPI_ISL_9587040,Omicron,BA.1,2022-01-08
-42.44345,-11.837236,-1,EPI_ISL_12685792,Omicron,BA.2.3,2022-04-19
-40.44099,10.181154,-1,EPI_ISL_11647049,Omicron,BA.2.9,2022-03-27
-40.79252,10.399879,-1,EPI_ISL_12178476,Omicron,BA.2,2022-04-14
-32.425667,9.028648,-1,EPI_ISL_9669969,Omicron,BA.1.20,2022-01-21
-20.47797,27.68291,-1,EPI_ISL_16235636,Omicron,BQ.1,2022-12-12
-28.876225,20.54522,-1,EPI_ISL_16269710,Omicron,DE.2,2022-12-04
-27.290258,21.943687,-1,EPI_ISL_16410745,Omicron,BE.9,2022-12-05
-41.019215,10.673367,-1,EPI_ISL_13156802,Omicron,BA.2,2022-06-01
-40.855167,10.478062,-1,EPI_ISL_11614387,Omicron,BA.2.10.1,2022-03-13
-32.691402,10.263138,-1,EPI_ISL_9319838,Omicron,BA.1,2022-01-12
-28.118279,21.240364,-1,EPI_ISL_16568216,Omicron,BQ.1.2,2022-12-18
-32.550766,10.020916,-1,EPI_ISL_9277939,Omicron,BA.1,2022-01-21
-35.93498,-6.3978367,-1,EPI_ISL_9001950,Omicron,BA.1.1,2022-01-16
-40.80047,10.353165,-1,EPI_ISL_11180209,Omicron,BA.2,2022-03-13
-40.839615,10.462368,-1,EPI_ISL_11549357,Omicron,BA.2,2022-03-23
-40.870834,10.486141,-1,EPI_ISL_12486844,Omicron,BA.2.3,2022-04-20
-40.87062,10.368774,-1,EPI_ISL_13402807,Omicron,Unassigned,2022-06-06
-28.001009,21.341782,-1,EPI_ISL_16167794,Omicron,BQ.1.2,2022-12-05
-36.059944,-6.2648163,-1,EPI_ISL_10985597,Omicron,BA.2,2022-02-20
-42.18557,-11.173275,-1,EPI_ISL_10729637,Omicron,BA.2,2022-02-03
-24.422367,24.688915,-1,EPI_ISL_16908139,Omicron,BQ.1.10,2023-02-08
-32.378746,10.020962,-1,EPI_ISL_9999106,Omicron,BA.1,2022-02-10
-40.800365,10.392309,-1,EPI_ISL_13370654,Omicron,BA.2,2022-06-08
-40.81619,10.353458,-1,EPI_ISL_10420772,Omicron,BA.2,2022-02-19
-32.597687,10.184837,-1,EPI_ISL_11162007,Omicron,Unassigned,2022-03-04
-41.019005,10.806465,-1,EPI_ISL_10840344,Omicron,BA.2.9,2022-02-19
-40.76161,10.353302,-1,EPI_ISL_10968605,Omicron,BA.2.9.5,2022-02-21
-36.10692,-6.280472,-1,EPI_ISL_12623596,Omicron,BA.1.1,2022-04-29
-36.099144,-6.288453,-1,EPI_ISL_10453058,Omicron,BA.1.1,2022-02-21
-40.792515,10.345503,-1,EPI_ISL_9421178,Omicron,BA.2,2022-01
-40.839672,10.400169,-1,EPI_ISL_11988010,Omicron,BA.2,2022-04-04
-32.48049,10.052177,-1,EPI_ISL_11407375,Omicron,BA.1,2021-12-31
-32.417828,10.161591,-1,EPI_ISL_15865053,Omicron,BA.1,2022-05-19
-40.980087,10.720301,-1,EPI_ISL_12455070,Omicron,BA.2,2022-04-25
-32.73839,10.356846,-1,EPI_ISL_9993520,Omicron,BA.1,2022-02-10
-40.68336,10.220501,-1,EPI_ISL_13126532,Omicron,BA.2,2022-04-20
-40.995796,10.806326,-1,EPI_ISL_12333896,Omicron,BA.2,2022-04-12
-30.11335,-0.782114,-1,EPI_ISL_8551697,Omicron,BA.1.1,2021-12-23
23.78556,-16.271946,-1,EPI_ISL_9430147,Omicron,BA.2,2022-01-04
-35.817944,-6.4914007,-1,EPI_ISL_12709611,Omicron,BA.1.1,2022-03-16
-36.00545,-6.3664017,-1,EPI_ISL_10623951,Omicron,BA.1.1,2022-02-08
-40.675484,10.259375,-1,EPI_ISL_12480182,Omicron,BA.2,2022-04-24
-42.27925,-11.188878,-1,EPI_ISL_15980721,Omicron,BA.2.12.1,2022-07-13
-35.997375,-6.3819447,-1,EPI_ISL_8774706,Omicron,BA.1.1,2022-01-09
-36.153927,-6.1634626,-1,EPI_ISL_9420698,Omicron,Unassigned,2022-01-10
-40.83155,10.376499,-1,EPI_ISL_13200777,Omicron,BA.2.3,2022-05-20
-42.505875,-11.165363,-1,EPI_ISL_13262970,Omicron,BA.2,2022-05-16
-40.987816,10.759415,-1,EPI_ISL_11372055,Omicron,BA.2,2022-01-10
-42.334198,-11.321565,-1,EPI_ISL_17211211,Omicron,BA.2,2022-05-12
-36.067726,-6.046158,-1,EPI_ISL_9332780,Omicron,BA.1.1,2022-01-10
-32.589916,10.153606,-1,EPI_ISL_9531014,Omicron,BA.1,2022-01-10
-40.62854,10.228134,-1,EPI_ISL_12889011,Omicron,BA.2.12,2022-05-11
-35.880226,-6.335163,-1,EPI_ISL_8942946,Omicron,BA.1.1,2021-12-29
-40.93326,10.618835,-1,EPI_ISL_14965154,Omicron,BA.2,2022-04-12
-36.177452,-6.1634073,-1,EPI_ISL_8419909,Omicron,BA.1.1,2021-12-27
-40.65209,10.259453,-1,EPI_ISL_11642902,Omicron,BA.2.41,2022-03-22
-35.989555,-6.4524117,-1,EPI_ISL_13464004,Omicron,BA.2,2022-06-04
-24.079151,25.009926,-1,EPI_ISL_17149615,Omicron,BQ.1.6,2023-01-27
-28.110582,21.318623,-1,EPI_ISL_16057168,Omicron,BQ.1,2022-11-11
-35.888157,-6.5383873,-1,EPI_ISL_9895015,Omicron,BA.1.1,2022-02-08
-40.847214,10.431234,-1,EPI_ISL_11096186,Omicron,BA.2,2022-03-06
-40.84732,10.360994,-1,EPI_ISL_13281724,Omicron,BA.2,2022-05-25
-42.39659,-11.196877,-1,EPI_ISL_11889802,Omicron,BA.2,2022-03-20
-32.535107,10.098982,-1,EPI_ISL_11354622,Omicron,BA.1.18,2022-03-07
-29.402355,-0.47771263,-1,EPI_ISL_15970088,Omicron,BA.1.1.1,2022-10-27
-33.597523,10.435036,-1,EPI_ISL_8778093,Omicron,BA.1.17.2,2022-01-10
-40.8631,10.3844185,-1,EPI_ISL_9840561,Omicron,BA.2,2022-02-05
-29.001217,20.498272,-1,EPI_ISL_16459985,Omicron,BQ.1.2,2022-12-26
-36.841213,-7.007189,-1,EPI_ISL_10554503,Omicron,BA.1.1,2022-01-27
-33.26179,9.122437,-1,EPI_ISL_10039169,Omicron,Unassigned,2022-01-30
-40.503525,10.204826,-1,EPI_ISL_10057898,Omicron,BA.2,2022-02-05
-33.488293,9.2863655,-1,EPI_ISL_8755883,Omicron,BA.1.17.2,2022-01-08
-28.53251,20.467064,-1,EPI_ISL_15840206,Omicron,BQ.1.10,2022-11-01
-40.67552,10.235863,-1,EPI_ISL_10323798,Omicron,BA.2,2022
-27.5716,22.006115,-1,EPI_ISL_16120528,Omicron,BQ.1.23,2022-11-26
-36.989624,-7.3275375,-1,EPI_ISL_9314680,Omicron,BA.1.1,2022-01-22
-36.05219,-6.2649403,-1,EPI_ISL_12026638,Omicron,BA.1.1,2022-03-30
-42.818405,-11.220115,-1,EPI_ISL_13562202,Omicron,BA.2,2022-06-06
-40.894417,10.571955,-1,EPI_ISL_14663507,Omicron,BA.2,2022-04-21
-42.2949,-11.243604,-1,EPI_ISL_13173095,Omicron,BA.2.3,2022-01-11
-32.644615,10.286396,-1,EPI_ISL_9997400,Omicron,BA.1.17.2,2022-02-10
-40.86297,10.478172,-1,EPI_ISL_13696471,Omicron,BA.2.9,2022-06-06
-32.496067,10.028683,-1,EPI_ISL_11007715,Omicron,BA.1.15,2021-12-28
-28.032488,21.28754,-1,EPI_ISL_16662569,Omicron,BQ.1.23,2022-12-31
-35.755466,-6.428997,-1,EPI_ISL_9269986,Omicron,BA.1.1,2022-01-22
-32.644417,10.114578,-1,EPI_ISL_8965210,Omicron,BA.1.15.1,2022-01-15
-36.036472,-6.3742666,-1,EPI_ISL_8648229,Omicron,BA.1.1,2022-01-01
-40.495903,10.173389,-1,EPI_ISL_12638762,Omicron,BA.2.9,2022-04-29
-36.098938,-6.2883205,-1,EPI_ISL_11324063,Omicron,BA.1.1,2022-02-17
-40.511383,10.220398,-1,EPI_ISL_9379297,Omicron,BA.2,2022-01-22
24.69162,-16.068834,-1,EPI_ISL_15626963,Omicron,Unassigned,2022-10-04
-35.96651,-6.3820286,-1,EPI_ISL_15685594,Omicron,BA.1.1,2022
-28.09515,21.209373,-1,EPI_ISL_16115491,Omicron,BQ.1,2022-12-03
-40.761364,10.337513,-1,EPI_ISL_9788373,Omicron,BA.2.9,2022-02-04
-36.036564,-6.3976707,-1,EPI_ISL_9486398,Omicron,BA.1.1,2022-01-12
-40.74567,10.439091,-1,EPI_ISL_12748115,Omicron,BA.2,2022-05-10
-40.675667,10.259357,-1,EPI_ISL_12542175,Omicron,BA.2,2022-04-08
-35.864693,-6.452303,-1,EPI_ISL_8931027,Omicron,BA.1.1,2022-01-12
-42.294937,-11.259151,-1,EPI_ISL_13363480,Omicron,BA.2,2022-05-10
-32.386604,9.982101,-1,EPI_ISL_8462715,Omicron,BA.1.15.1,2021-12-28
-28.962162,20.529636,-1,EPI_ISL_17022576,Omicron,BQ.1.2,2023-02-09
-40.769295,10.384476,-1,EPI_ISL_12690053,Omicron,BA.2,2022-04-25
-36.02116,-6.3507786,-1,EPI_ISL_12604369,Omicron,BA.1.1,2022-03-17
-41.034775,10.876705,-1,EPI_ISL_10516179,Omicron,BA.2,2022-02-22
-32.68364,10.145817,-1,EPI_ISL_12275171,Omicron,BA.1,2022-02-23
-40.324104,10.2125,-1,EPI_ISL_14050806,Omicron,BA.2,2022-07
-42.279274,-11.977871,-1,EPI_ISL_11179923,Omicron,BA.2.36,2022-03-05
-41.066025,10.985863,-1,EPI_ISL_12153513,Omicron,BA.2.3,2022-03-07
-40.777122,10.384317,-1,EPI_ISL_11311697,Omicron,BA.2,2022-02-27
-40.737885,10.306221,-1,EPI_ISL_13337494,Omicron,BA.2,2022-06-04
-32.605564,10.145847,-1,EPI_ISL_9514946,Omicron,BA.1.17,2022-01-04
-40.8475,10.4470005,-1,EPI_ISL_10349116,Omicron,BA.2.51,2022-02-19
-42.373035,-11.384262,-1,EPI_ISL_11666815,Omicron,BA.2,2022-03-16
-36.03652,-6.319563,-1,EPI_ISL_10884237,Omicron,BA.1.1,2022-03-03
-40.597393,-9.516008,-1,EPI_ISL_12685086,Omicron,BA.2.67,2022-05-02
-28.032545,21.349876,-1,EPI_ISL_16128598,Omicron,BQ.1.23,2022-12-06
-40.964577,10.548481,-1,EPI_ISL_10079977,Omicron,BA.2.9,2022-02-07
-28.024574,21.263855,-1,EPI_ISL_16987575,Omicron,BQ.1.3,2023-02-05
-32.495956,10.106798,-1,EPI_ISL_9063461,Omicron,BA.1.17.2,2022-01-17
-35.833443,-6.405674,-1,EPI_ISL_12793158,Omicron,Unassigned,2022-02-19
-40.886364,10.509626,-1,EPI_ISL_11098928,Omicron,BA.2,2022-03-07
-40.636444,10.290663,-1,EPI_ISL_11118892,Omicron,BA.2,2022-03-05
-32.58995,10.231752,-1,EPI_ISL_10938944,Omicron,BA.1.15,2022-03-03
-40.46462,10.134491,-1,EPI_ISL_13319365,Omicron,BA.2,2022-05-13
-28.282417,20.467182,-1,EPI_ISL_16695516,Omicron,BQ.1,2023-01-13
-37.083405,-6.0695324,-1,EPI_ISL_11205400,Omicron,BA.1.1,2022-01-29
-32.746117,9.020897,-1,EPI_ISL_8882893,Omicron,BA.1.18,2022-01-03
-33.49597,9.411312,-1,EPI_ISL_10781901,Omicron,BA.1.15,2022-02-24
-32.48033,9.02866,-1,EPI_ISL_9195304,Omicron,BA.1.17.2,2022-01-09
-40.808174,10.415781,-1,EPI_ISL_12017160,Omicron,BA.2,2022-04-02
-40.76149,10.251625,-1,EPI_ISL_14126631,Omicron,BA.2.3.18,2022-06-29
-36.997467,-6.694729,-1,EPI_ISL_11717132,Omicron,BA.1.1.2,2022-02-17
-40.933342,10.509476,-1,EPI_ISL_14063499,Omicron,BA.2,2022-02-23
-36.247433,-6.140053,-1,EPI_ISL_17046406,Omicron,BA.1.1.1,2023-02-10
-40.50353,10.16556,-1,EPI_ISL_12737757,Omicron,BA.2,2022-05-05
-36.129936,-6.147834,-1,EPI_ISL_8898217,Omicron,BA.1.1,2022-01-04
-36.19272,-6.249159,-1,EPI_ISL_10844619,Omicron,BA.1.1,2022-01-21
-22.118042,25.613682,-1,EPI_ISL_15742942,Omicron,BQ.1.14,2022-11-06
-32.33204,9.958187,-1,EPI_ISL_9976024,Omicron,BA.1.15,2022-01-08
-32.511684,10.044296,-1,EPI_ISL_8636493,Omicron,BA.1,2021-12-14
-32.652317,10.098902,-1,EPI_ISL_9694873,Omicron,BA.1.17.2,2022-01-06
-32.80065,10.473967,-1,EPI_ISL_10508592,Omicron,BA.1.17.2,2022-02-05
-36.083466,-6.2804594,-1,EPI_ISL_11964810,Omicron,BA.1.1.10,2022-03-22
-36.021084,-6.3429346,-1,EPI_ISL_10876957,Omicron,BA.1.1,2022-03-01
-28.079329,21.279366,-1,EPI_ISL_16893671,Omicron,BQ.1,2023-01-10
-14.605473,-34.947567,-1,EPI_ISL_10103967,Omicron,B.1.1.529,2022-01-11
-35.935116,-6.249278,-1,EPI_ISL_9942272,Omicron,BA.1.1,2022-01-26
-36.036503,-6.2649374,-1,EPI_ISL_9786713,Omicron,BA.1.1,2022-02-04
-40.378754,10.204781,-1,EPI_ISL_10061971,Omicron,BA.2,2022-02-07
-40.808228,10.439138,-1,EPI_ISL_12782884,Omicron,BA.2,2022-05-02
-28.040112,21.287498,-1,EPI_ISL_16382979,Omicron,BQ.1.13,2022-12-23
-35.92707,-6.257107,-1,EPI_ISL_12664020,Omicron,BA.1.1.16,2022-04-18
-36.020832,-6.1478367,-1,EPI_ISL_10529183,Omicron,BA.1.1,2022-02-22
-36.161587,-6.131956,-1,EPI_ISL_10026568,Omicron,BA.1.1,2022-02-10
-28.83704,20.420368,-1,EPI_ISL_15898740,Omicron,BQ.1,2022-10-19
-32.54296,10.067917,-1,EPI_ISL_9688266,Omicron,BA.1,2022-01-22
-35.833427,-6.4992847,-1,EPI_ISL_10840254,Omicron,BA.1.1,2022-02-18
-42.459114,-12.149909,-1,EPI_ISL_12226319,Omicron,BA.2,2022-03-24
-40.855125,10.431135,-1,EPI_ISL_13385161,Omicron,BA.2,2022-05-16
-35.93504,-6.358695,-1,EPI_ISL_12390645,Omicron,BA.1.1,2022-01-22
-40.816246,10.32201,-1,EPI_ISL_9785410,Omicron,BA.2,2022-02-05
-35.95838,-6.3039246,-1,EPI_ISL_11083568,Omicron,BA.1.1,2022-02-25
-28.829334,20.373505,-1,EPI_ISL_16529807,Omicron,BQ.1.13,2022-12-28
-40.675587,10.337517,-1,EPI_ISL_12297653,Omicron,BA.2,2022-04-10
-25.461407,2.9675684,-1,EPI_ISL_9822486,Omicron,BA.1,2022-01-31
-32.324158,9.911749,-1,EPI_ISL_8929059,Omicron,BA.1.18,2022-01-11
-35.90379,-6.4445953,-1,EPI_ISL_12380901,Omicron,BA.1.1,2022-01-18
-32.644302,10.192717,-1,EPI_ISL_9722034,Omicron,BA.1.15.1,2022-02-03
-28.016855,21.170338,-1,EPI_ISL_16487202,Omicron,BQ.1.31,2022-12-29
-32.714714,10.192627,-1,EPI_ISL_9674995,Omicron,BA.1.18,2022-01-22
-42.35741,-11.282702,-1,EPI_ISL_11069268,Omicron,BA.2.9,2022-02-21
-42.2325,-11.110773,-1,EPI_ISL_12422586,Omicron,BA.2,2022-03-02
-40.503403,10.298529,-1,EPI_ISL_17159513,Omicron,BA.2.6,2022-05-16
-32.433712,10.044296,-1,EPI_ISL_11638449,Omicron,BA.1.18,2022-03-16
-40.863205,10.353275,-1,EPI_ISL_13235655,Omicron,BA.2,2022-05-30
-36.08338,-6.2571087,-1,EPI_ISL_9843592,Omicron,BA.1.1.2,2022-01-22
-28.09497,21.388977,-1,EPI_ISL_15829089,Omicron,BA.5.2.46,2022-10-31
-35.794537,-6.468006,-1,EPI_ISL_10109556,Omicron,BA.1.1,2022-02-11
-28.149681,21.271732,-1,EPI_ISL_16866735,Omicron,BQ.1,2023-01-16
-40.980354,10.611086,-1,EPI_ISL_8935148,Omicron,BA.2,2022-01-12
-32.66785,10.208237,-1,EPI_ISL_8136272,Omicron,BA.1.17.2,2021-12-19
-42.79496,-11.063808,-1,EPI_ISL_13142714,Omicron,BA.2,2022-05-26
-42.349648,-11.040521,-1,EPI_ISL_11955516,Omicron,BA.2,2022-02-24
-40.91766,10.415705,-1,EPI_ISL_11930775,Omicron,BA.2,2022-03-27
-36.01322,-6.296234,-1,EPI_ISL_10831408,Omicron,BA.1.1,2022-01-31
-40.863083,10.384422,-1,EPI_ISL_14252938,Omicron,BA.2,2022-07-13
-40.39422,10.376606,-1,EPI_ISL_11886989,Omicron,BA.2,2022-03-10
-28.03238,21.271736,-1,EPI_ISL_16297693,Omicron,BE.10,2022-11-14
-32.527283,10.184982,-1,EPI_ISL_12906760,Omicron,BA.1.17.2,2022-04-03
-40.80042,10.407812,-1,EPI_ISL_12902521,Omicron,BA.2.3.1,2022-04-11
-40.909878,10.509512,-1,EPI_ISL_12141391,Omicron,BA.2.10.1,2022-03
-40.988037,11.001776,-1,EPI_ISL_13937477,Omicron,BA.2.9,2022-06-30
-40.784855,10.329735,-1,EPI_ISL_10385538,Omicron,BA.2,2022-02-11
-32.42553,9.059914,-1,EPI_ISL_8843420,Omicron,BA.1,2022-01-05
-40.831825,10.4626045,-1,EPI_ISL_10861994,Omicron,BA.2.9,2022-03-03
-40.855072,10.376369,-1,EPI_ISL_12005461,Omicron,BA.2,2022-03-19
-35.70044,-6.600993,-1,EPI_ISL_10960068,Omicron,BA.1.1.13,2022-03-06
-42.248096,-11.720034,-1,EPI_ISL_10443419,Omicron,BA.2,2022-02-18
-40.722313,10.290472,-1,EPI_ISL_11345630,Omicron,BA.2.9,2022-03-18
-35.90387,-6.3508873,-1,EPI_ISL_9346642,Omicron,BA.1.1,2021-12-27
-40.886543,10.478262,-1,EPI_ISL_9867173,Omicron,BA.2,2022-02-07
-36.005455,-6.2962284,-1,EPI_ISL_10014092,Omicron,BA.1.1.1,2022-02-04
-28.024715,21.256008,-1,EPI_ISL_17283408,Omicron,Unassigned,2023-03-13
-42.560356,-11.056072,-1,EPI_ISL_13297404,Omicron,BA.2,2022
-42.294968,-11.196757,-1,EPI_ISL_11299904,Omicron,BA.2,2022-03-07
-28.079437,21.334332,-1,EPI_ISL_17465437,Omicron,BQ.1,2023-04-01
-28.063786,21.279755,-1,EPI_ISL_16998267,Omicron,BQ.1,2023-01-30
-40.425488,10.189053,-1,EPI_ISL_11555095,Omicron,BA.2.3,2022-03-21
-28.04788,21.232685,-1,EPI_ISL_16185599,Omicron,BQ.1,2022-11-28
-32.425613,10.028709,-1,EPI_ISL_9267063,Omicron,BA.1.17,2022-01-12
-36.00526,-6.421241,-1,EPI_ISL_12171907,Omicron,BA.1.1,2022-02-05
-40.90203,10.478008,-1,EPI_ISL_14737492,Omicron,BA.2,2022-08-14
-40.870796,10.517181,-1,EPI_ISL_13276626,Omicron,BA.2.9,2022-05-06
-28.071335,21.295288,-1,EPI_ISL_16602815,Omicron,BQ.1.11,2022-12-20
-32.488213,10.012995,-1,EPI_ISL_9295737,Omicron,BA.1.16,2022-01-23
-40.487827,10.3377,-1,EPI_ISL_11478761,Omicron,BA.2,2022-03-12
-41.003777,10.290554,-1,EPI_ISL_13210420,Omicron,BA.2.3.1,2022-05-02
-36.09121,-6.1944427,-1,EPI_ISL_10701542,Omicron,BA.1.1.11,2022-01-22
-41.019234,10.657928,-1,EPI_ISL_12288687,Omicron,BA.2.73,2022-04-07
-42.302773,-11.196576,-1,EPI_ISL_16035341,Omicron,BA.2.3,2022-06-03
-28.149624,20.295208,-1,EPI_ISL_15853727,Omicron,BQ.1,2022-11-07
-32.23844,9.895845,-1,EPI_ISL_10670394,Omicron,BA.1.15.1,2022-02-18
-40.925503,10.423477,-1,EPI_ISL_14539708,Omicron,Unassigned,2022-06-30
-40.70685,10.228344,-1,EPI_ISL_12659500,Omicron,BA.2.12,2022-04-24
-32.4335,9.973917,-1,EPI_ISL_14647641,Omicron,BA.1.17.2,2022-01-10
-36.09141,-6.311802,-1,EPI_ISL_11314890,Omicron,BA.1.1,2022-03-08
-22.469786,25.70678,-1,EPI_ISL_16484148,Omicron,BA.5.2,2023-01-05
-35.864742,-6.428879,-1,EPI_ISL_8773234,Omicron,BA.1.1,2022-01-10
-40.77706,10.345512,-1,EPI_ISL_13794889,Omicron,BA.2.72,2022-06-04
-40.425247,10.243721,-1,EPI_ISL_12122428,Omicron,BA.2,2022-04-13
-32.597767,10.114452,-1,EPI_ISL_8599810,Omicron,BA.1,2021-12-23
-32.511467,10.052063,-1,EPI_ISL_8972298,Omicron,BA.1.17.2,2022-01-14
-40.83176,10.423531,-1,EPI_ISL_12734859,Omicron,BA.2,2022-05-05
-28.008915,21.193665,-1,EPI_ISL_17148372,Omicron,BQ.1.5,2022-11-30
-28.032463,21.224945,-1,EPI_ISL_16662373,Omicron,BQ.1.12,2022-12-31
-28.08705,21.271832,-1,EPI_ISL_15351579,Omicron,BQ.1,2022-09-17
-40.862953,10.329788,-1,EPI_ISL_13104038,Omicron,BA.2,2022-05-09
-42.224678,-11.259396,-1,EPI_ISL_12080322,Omicron,BA.2.3,2022-03-26
-40.8239,10.290691,-1,EPI_ISL_9323553,Omicron,BA.2.3,2022-01-04
-35.872738,-6.5229416,-1,EPI_ISL_8717832,Omicron,BA.1.1,2021-12-27
-32.33202,9.981724,-1,EPI_ISL_8449902,Omicron,BA.1.17.2,2022-01-01
-40.800407,10.415627,-1,EPI_ISL_11731674,Omicron,BA.2,2022-03-28
-40.784748,10.54068,-1,EPI_ISL_13541158,Omicron,BA.2,2022-06-12
-36.021107,-6.3431025,-1,EPI_ISL_8853365,Omicron,BA.1.1,2022-01-11
-20.507437,28.036995,-1,EPI_ISL_16185469,Omicron,BQ.1.3,2022-11-28
-41.73983,-10.54887,-1,EPI_ISL_12473766,Omicron,BA.2.10,2022-04
-35.802246,-6.4915314,-1,EPI_ISL_11272499,Omicron,BA.1.1,2022-03-15
-36.044624,-6.389679,-1,EPI_ISL_11056095,Omicron,BA.1.1,2022-02-12
-42.209076,-11.509303,-1,EPI_ISL_13295660,Omicron,BA.2.3,2022-05-02
-35.92712,-6.405571,-1,EPI_ISL_12287785,Omicron,BA.1.1,2022-02-09
-35.974148,-6.3665657,-1,EPI_ISL_8928449,Omicron,BA.1.1,2022-01-11
-32.699112,10.364578,-1,EPI_ISL_11968852,Omicron,BA.1.20,2022-03-03
-28.040243,21.32639,-1,EPI_ISL_16286160,Omicron,BQ.1.23,2022-12-18
-40.792656,10.384411,-1,EPI_ISL_11631285,Omicron,BA.2.10,2022-03-18
-26.080776,2.0210724,-1,EPI_ISL_10908503,Omicron,BA.1.1,2022-02-15
-40.839645,10.423435,-1,EPI_ISL_10663266,Omicron,BA.2.9,2022-02-28
-40.706707,10.306238,-1,EPI_ISL_13730713,Omicron,BA.2.9,2022-06-30
-33.51954,9.294388,-1,EPI_ISL_8777155,Omicron,BA.1.17.2,2022-01-08
-29.110691,21.662384,-1,EPI_ISL_16529531,Omicron,BQ.1.8,2023-01-02
-28.977745,21.279533,-1,EPI_ISL_16134208,Omicron,BQ.1.23,2022-10-30
-40.66761,10.228058,-1,EPI_ISL_11762871,Omicron,BA.2.20,2022-03-29
-33.550747,9.247395,-1,EPI_ISL_10835327,Omicron,BA.1.15,2022-01-17
-27.899729,20.34201,-1,EPI_ISL_15800339,Omicron,BQ.1.23,2022-11-02
-40.83173,10.392263,-1,EPI_ISL_13234650,Omicron,BA.2.3,2022-04-13
-40.823994,10.564081,-1,EPI_ISL_12477901,Omicron,BA.2.12,2022-04-26
-32.63664,10.177063,-1,EPI_ISL_9613245,Omicron,BA.1,2022-01-31
-40.870667,10.5722065,-1,EPI_ISL_9558986,Omicron,BA.2,2022-01-29
-40.511444,10.173491,-1,EPI_ISL_12615413,Omicron,BA.2,2022-04-17
-40.76939,10.439075,-1,EPI_ISL_13182975,Omicron,BA.2,2022-05-11
-32.566437,10.114517,-1,EPI_ISL_9513504,Omicron,BA.1.17,2022-01-25
-28.040272,21.303013,-1,EPI_ISL_16663971,Omicron,BQ.1.10,2023-01-10
-32.37123,10.020863,-1,EPI_ISL_9019081,Omicron,BA.1.17.2,2022-01-17
-35.86453,-6.350952,-1,EPI_ISL_16977653,Omicron,BA.1,2022-10-18
-32.23825,9.833479,-1,EPI_ISL_15814833,Omicron,BA.1.17,2022-02-07
-36.059944,-6.366397,-1,EPI_ISL_9968999,Omicron,BA.1.1,2022-02-01
-40.78489,10.28269,-1,EPI_ISL_12671392,Omicron,BA.2,2022-04-21
-40.808372,10.31402,-1,EPI_ISL_12914060,Omicron,BA.2.3,2022-05-09
-40.550667,10.165779,-1,EPI_ISL_10650487,Omicron,BA.2,2022-02
-28.032417,21.295341,-1,EPI_ISL_17024504,Omicron,BQ.1.13.1,2023-02-12
-36.02884,-6.3273983,-1,EPI_ISL_8938421,Omicron,BA.1.1,2022-01-05
-42.310524,-11.204462,-1,EPI_ISL_11008412,Omicron,BA.2,2022-03-07
-40.878407,10.454849,-1,EPI_ISL_11751225,Omicron,BA.2,2022-03-15
-32.558437,10.169153,-1,EPI_ISL_10672721,Omicron,BA.1.17.2,2022-02-26
-27.938393,21.209442,-1,EPI_ISL_16303029,Omicron,BW.1,2022-12-20
-36.138165,-6.241354,-1,EPI_ISL_9895732,Omicron,BA.1.1,2022-02-08
-42.287155,-11.321788,-1,EPI_ISL_13169235,Omicron,BA.2.3,2022-02-28
-41.01155,10.829733,-1,EPI_ISL_12134298,Omicron,BA.2,2022-03-28
-28.048067,21.279655,-1,EPI_ISL_15629076,Omicron,BQ.1.8,2022-10-19
-32.23828,9.864405,-1,EPI_ISL_11003798,Omicron,BA.1,2022-01-12
-28.071495,21.318798,-1,EPI_ISL_16081321,Omicron,BQ.1,2022-11-25
-35.966145,-6.4367723,-1,EPI_ISL_8973689,Omicron,BA.1.1,2022-01-12
-28.047674,21.326286,-1,EPI_ISL_16091047,Omicron,BQ.1.8,2022-11-26
-28.230816,0.76493454,-1,EPI_ISL_10910157,Omicron,BA.1.1,2022-02-17
-32.550713,10.083338,-1,EPI_ISL_13791061,Omicron,BA.1.15,2021-12-31
-42.279068,-10.993841,-1,EPI_ISL_12678014,Omicron,BA.2,2022-05-04
-40.777016,10.321735,-1,EPI_ISL_14189763,Omicron,BA.2.3.7,2022-04-29
-28.024506,21.232574,-1,EPI_ISL_15583194,Omicron,BQ.1,2022-10-16
-27.99327,21.240494,-1,EPI_ISL_17444075,Omicron,BQ.1.2,2022-12-25
-35.817974,-6.4445496,-1,EPI_ISL_10294214,Omicron,BA.1.1,2022-02-10
-36.013313,-6.366461,-1,EPI_ISL_11328425,Omicron,BA.1.1,2022-03-07
-32.574165,10.130241,-1,EPI_ISL_9293513,Omicron,BA.1.15,2022-01-20
-32.644543,10.1378975,-1,EPI_ISL_10835262,Omicron,BA.1.15,2022-01-17
-40.769268,10.37645,-1,EPI_ISL_10508271,Omicron,BA.2,2022-02-21
-28.03245,21.279419,-1,EPI_ISL_16243601,Omicron,BQ.1.3,2022-12-11
24.769848,-16.092178,-1,EPI_ISL_17068312,Omicron,Unassigned,2023-02-16
-32.613075,10.14592,-1,EPI_ISL_11657869,Omicron,BA.1.17.2,2022-03-17
-32.605328,10.052248,-1,EPI_ISL_11641200,Omicron,BA.1.18,2022-03-15
-42.279324,-11.360648,-1,EPI_ISL_12634546,Omicron,BA.2,2022-03-14
-40.597145,10.220516,-1,EPI_ISL_13372629,Omicron,BA.2.9,2022-06-07
-36.106915,-6.2959366,-1,EPI_ISL_8931192,Omicron,BA.1.1,2022-01-13
-42.23256,-11.110693,-1,EPI_ISL_11309771,Omicron,BA.2,2022-02-21
-36.044647,-6.2805977,-1,EPI_ISL_9443416,Omicron,BA.1.1,2022-01-28
-40.97237,10.587589,-1,EPI_ISL_10800376,Omicron,BA.2,2022-03-02
-29.6893,-0.8004074,-1,EPI_ISL_10344304,Omicron,BA.1.1,2022-01-20
-32.6445,10.27887,-1,EPI_ISL_10256385,Omicron,BA.1,2022-02-10
-36.106945,-6.2728424,-1,EPI_ISL_11709302,Omicron,BA.1.1,2022-02-03
-36.059788,-6.225771,-1,EPI_ISL_9193169,Omicron,BA.1.1,2022-01-12
-28.907463,20.748413,-1,EPI_ISL_17625794,Omicron,BQ.1.10,2023-04-21
-33.613197,9.614639,-1,EPI_ISL_9122045,Omicron,BA.1,2022-01-11
-40.480213,10.18911,-1,EPI_ISL_11775895,Omicron,BA.2,2022-03-27
-27.68853,20.443565,-1,EPI_ISL_15519441,Omicron,BQ.1,2022-10-14
-40.92556,10.4703865,-1,EPI_ISL_12238737,Omicron,BA.2.20,2022-04-06
-36.11461,-6.0933456,-1,EPI_ISL_10142419,Omicron,BA.1.1,2022-01-27
-33.269558,9.169167,-1,EPI_ISL_10254472,Omicron,BA.1.1,2022-01-27
-36.106792,-6.1869354,-1,EPI_ISL_10935904,Omicron,Unassigned,2022-02-24
-28.149494,21.38144,-1,EPI_ISL_16735777,Omicron,BQ.1.2,2023-01-04
-40.917725,10.525141,-1,EPI_ISL_10918459,Omicron,BA.2,2022-03-03
-32.46495,10.052132,-1,EPI_ISL_8814777,Omicron,BA.1,2022-01-10
-40.97993,11.032555,-1,EPI_ISL_12939461,Omicron,BA.2.3,2022-04-16
-42.52148,-11.251484,-1,EPI_ISL_13574522,Omicron,BA.2.41,2022-06-02
-40.964504,10.767294,-1,EPI_ISL_10981622,Omicron,BA.2,2022-03-01
-36.044506,-6.327281,-1,EPI_ISL_10998720,Omicron,BA.1.1,2022
-32.636703,10.145819,-1,EPI_ISL_10003419,Omicron,BA.1,2022-02-08
-28.063728,21.295391,-1,EPI_ISL_16230283,Omicron,BA.5.3.1,2022-10-26
-28.086956,21.310818,-1,EPI_ISL_16618326,Omicron,BE.9,2022-12-17
-32.456814,10.028812,-1,EPI_ISL_9840874,Omicron,BA.1.15.1,2022-02-05
-28.196384,21.521782,-1,EPI_ISL_16654340,Omicron,BW.1.1,2022-12-28
-40.761307,10.3062935,-1,EPI_ISL_12448150,Omicron,BA.2,2022-04-19
-40.99581,10.84547,-1,EPI_ISL_10465162,Omicron,BA.2,2022-02-22
-40.87069,10.431217,-1,EPI_ISL_13208285,Omicron,BA.2.29,2022-05-05
-41.167725,10.556225,-1,EPI_ISL_12193049,Omicron,BA.2,2022-04-09
-32.597427,10.075634,-1,EPI_ISL_16862940,Omicron,BA.1.17,2022-02-20
-32.36316,10.020912,-1,EPI_ISL_9646891,Omicron,BA.1,2022-01-31
-41.011433,10.806122,-1,EPI_ISL_13530995,Omicron,BA.2.3.1,2022-05-26
-32.36333,10.239569,-1,EPI_ISL_10769201,Omicron,BA.1.17.2,2022-02-13
-32.59768,10.169462,-1,EPI_ISL_9295512,Omicron,BA.1.15.1,2022-01-23
-36.044495,-6.382086,-1,EPI_ISL_11723324,Omicron,BA.1.1.2,2022-02-07
-32.56623,10.028614,-1,EPI_ISL_11004302,Omicron,BA.1.17.2,2022-03-01
-35.95861,-6.3509827,-1,EPI_ISL_10492874,Omicron,BA.1.1,2022-02-16
-32.51962,10.04446,-1,EPI_ISL_9343866,Omicron,BA.1.15,2022-01-12
-28.07141,21.271862,-1,EPI_ISL_16452061,Omicron,BQ.1.23,2022-11-20
-35.755478,-6.4679728,-1,EPI_ISL_10545261,Omicron,BA.1.1,2022-01-19
-28.05576,21.217068,-1,EPI_ISL_16465429,Omicron,BE.10,2022-11-07
24.652813,-16.006304,-1,EPI_ISL_10066068,Omicron,AY.122,2022-01-10
-28.040173,21.303131,-1,EPI_ISL_16700015,Omicron,BQ.1.13.1,2023-01-13
-28.063847,21.295319,-1,EPI_ISL_16020972,Omicron,BQ.1,2022-11-20
24.824463,-16.193718,-1,EPI_ISL_10066034,Omicron,BA.1,2022-01-07
-40.902084,10.665665,-1,EPI_ISL_13123179,Omicron,BA.2,2022-05-23
-30.292297,-0.8847599,-1,EPI_ISL_9466960,Omicron,BA.1.1,2022-01-13
-35.9194,-6.3664474,-1,EPI_ISL_10687744,Omicron,BA.1.1,2022-02-26
-32.57402,10.10677,-1,EPI_ISL_11173439,Omicron,BA.1.15,2021-12-25
-32.61331,10.247467,-1,EPI_ISL_9176479,Omicron,BD.1,2022-01-21
-28.126179,21.256256,-1,EPI_ISL_16290990,Omicron,BQ.1.11,2022-12-09
-28.01693,21.287277,-1,EPI_ISL_16905726,Omicron,BQ.1.23,2023-01-31
-40.745712,10.462612,-1,EPI_ISL_13446884,Omicron,BA.2.49,2022-06-13
-40.956657,10.650059,-1,EPI_ISL_13268159,Omicron,BA.2,2022-06-01
-40.76925,10.400198,-1,EPI_ISL_11273813,Omicron,BA.2.23,2022-03-14
-43.021545,-11.204357,-1,EPI_ISL_13369320,Omicron,BA.2.52,2022-06-14
-40.480145,10.204731,-1,EPI_ISL_11181923,Omicron,BA.2,2022-03-12
-40.745773,10.361076,-1,EPI_ISL_13391092,Omicron,BA.2.36,2022-06
-32.55069,10.12233,-1,EPI_ISL_10819449,Omicron,BA.1.15,2022-01-10
-28.071543,21.271706,-1,EPI_ISL_15761287,Omicron,BQ.1.4,2022-10-29
-20.780167,26.761677,-1,EPI_ISL_16493379,Omicron,BQ.1.2,2022-12-23
-40.38642,10.181349,-1,EPI_ISL_13120756,Omicron,BA.2,2022-05-14
-28.917555,0.31840324,-1,EPI_ISL_13323384,Omicron,BA.1.1,2022-05-20
-42.44339,-11.040542,-1,EPI_ISL_10929923,Omicron,BA.2.9,2022-02-18
-40.84733,10.306328,-1,EPI_ISL_12212180,Omicron,BA.2.22,2022-04-14
-33.433525,9.263035,-1,EPI_ISL_8703926,Omicron,BA.1.17,2022-01-07
-36.09887,-6.2338285,-1,EPI_ISL_9629033,Omicron,BA.1.1,2022-01-18
-40.81627,10.345255,-1,EPI_ISL_12790228,Omicron,BA.2,2022-05-05
-20.047775,27.09336,-1,EPI_ISL_16090746,Omicron,DE.2,2022-11-25
-40.917885,10.369001,-1,EPI_ISL_12512905,Omicron,BA.2,2022-04-21
-35.903675,-6.3663826,-1,EPI_ISL_8547487,Omicron,BA.1.1,2021-12-22
-28.024527,21.303013,-1,EPI_ISL_16520880,Omicron,BQ.1.23,2022-10-13
-32.464737,10.099037,-1,EPI_ISL_11037039,Omicron,BA.1,2022-01-23
-40.831703,10.329639,-1,EPI_ISL_12266680,Omicron,BA.2,2022-04-15
-36.106907,-6.4994125,-1,EPI_ISL_10376576,Omicron,BA.1.1,2022-02-09
-36.083534,-6.2258196,-1,EPI_ISL_9603536,Omicron,BA.1.1.1,2022-01-24
-41.019386,11.118893,-1,EPI_ISL_11782166,Omicron,BA.2,2022-03-29
-32.558624,10.11446,-1,EPI_ISL_9205788,Omicron,BA.1.15,2022-01-05
-36.075623,-6.2413235,-1,EPI_ISL_9260218,Omicron,BA.1.1,2022-01-14
-40.527023,10.259613,-1,EPI_ISL_14151804,Omicron,BA.2.9,2022-04-21
-22.625925,26.07283,-1,EPI_ISL_15531314,Omicron,BQ.1,2022-10-17
-32.589924,10.161369,-1,EPI_ISL_14493139,Omicron,BA.1,2022-08-03
-32.3712,9.974039,-1,EPI_ISL_11009170,Omicron,BA.1,2021-12-24
-40.683136,10.313904,-1,EPI_ISL_9492787,Omicron,BA.2,2022
-28.68886,20.7249,-1,EPI_ISL_15820799,Omicron,BQ.1.6,2022-10-27
-40.503624,10.228167,-1,EPI_ISL_11379266,Omicron,BA.2,2022-03-18
-36.075584,-6.3273487,-1,EPI_ISL_17264034,Omicron,Unassigned,2022-01-31
-35.84113,-6.4289665,-1,EPI_ISL_15972476,Omicron,BA.1.1,2022-02-13
-32.620926,10.177067,-1,EPI_ISL_12194723,Omicron,BA.1.14,2022-03-14
-32.519493,10.403782,-1,EPI_ISL_11355305,Omicron,BA.1.17.2,2022-01-12
-32.426086,10.044445,-1,EPI_ISL_10819231,Omicron,BA.1.15,2022-01-11
-36.11482,-6.374214,-1,EPI_ISL_12224837,Omicron,BA.1.1,2022-01-10
-35.92728,-6.4290085,-1,EPI_ISL_9638104,Omicron,BA.1.1,2022-01-02
-28.040207,21.271915,-1,EPI_ISL_17097741,Omicron,BQ.1.23,2023-02-26
-32.441322,10.075586,-1,EPI_ISL_9292131,Omicron,BA.1,2022-01-20
-40.909782,10.44701,-1,EPI_ISL_10539914,Omicron,BA.2,2022-02-18
-27.969986,21.18602,-1,EPI_ISL_16136889,Omicron,BQ.1.12,2022-11-23
-40.6521,10.235945,-1,EPI_ISL_12768285,Omicron,BA.2,2022-04-29
-28.06373,21.310852,-1,EPI_ISL_15898949,Omicron,BQ.1,2022-10-06
-41.058327,10.68153,-1,EPI_ISL_13205453,Omicron,BA.2.3,2022-05-13
-42.427788,-11.071871,-1,EPI_ISL_12018288,Omicron,BA.2.9,2022-04-05
-32.573997,10.106775,-1,EPI_ISL_9980273,Omicron,BA.1.15,2022-02-02
-40.83957,10.282812,-1,EPI_ISL_10934570,Omicron,BA.2,2022-02-20
-40.54265,10.212488,-1,EPI_ISL_12419134,Omicron,BA.2.2,2022-03-23
-40.980278,10.478172,-1,EPI_ISL_10988162,Omicron,BA.2,2022-03-07
-32.62114,10.153488,-1,EPI_ISL_12222186,Omicron,BA.1.18,2022-01-17
-40.69902,10.235947,-1,EPI_ISL_11664910,Omicron,BA.2,2022-03-22
-41.019268,10.665735,-1,EPI_ISL_8834910,Omicron,BA.2.9,2022-01-11
-40.745857,10.313984,-1,EPI_ISL_12547499,Omicron,BA.2,2022-04-28
-32.96486,9.012966,-1,EPI_ISL_9249942,Omicron,BA.1.17.2,2022-01-21
-40.815956,10.361031,-1,EPI_ISL_11867058,Omicron,BA.2.3,2022-04-01
-33.136524,9.052101,-1,EPI_ISL_13430528,Omicron,BA.1.1,2022-02-18
-36.059906,-6.311825,-1,EPI_ISL_9291396,Omicron,BA.1.1,2022-01-23
-40.855255,10.439262,-1,EPI_ISL_12118245,Omicron,BA.2.3,2022-04-02
-40.83979,10.360912,-1,EPI_ISL_9569128,Omicron,BA.2,2022-01-27
-36.24745,-6.108739,-1,EPI_ISL_10439768,Omicron,BA.1.1,2022-02-17
-40.761314,10.45479,-1,EPI_ISL_10011796,Omicron,BA.2,2022-02-12
-32.738194,10.177319,-1,EPI_ISL_8772415,Omicron,BA.1.17.2,2022-01-10
-40.597496,10.282728,-1,EPI_ISL_13095841,Omicron,Unassigned,2022-05-16
-28.009003,21.232716,-1,EPI_ISL_15968745,Omicron,BQ.1,2022-11-19
-41.295326,-10.2472725,-1,EPI_ISL_15008967,Omicron,BA.2,2022-09-05
-32.550735,10.075468,-1,EPI_ISL_12934856,Omicron,BA.1.15,2022-04-25
-42.318447,-11.493621,-1,EPI_ISL_10894067,Omicron,BA.2,2022-01
-40.816185,10.321907,-1,EPI_ISL_13216336,Omicron,BA.2.3.1,2022-04-30
-32.589706,10.2240715,-1,EPI_ISL_8813382,Omicron,BA.1.16,2021-12-23
-40.925407,10.509523,-1,EPI_ISL_12802754,Omicron,BA.2.10,2022-04-10
-40.534966,10.23591,-1,EPI_ISL_11453376,Omicron,BA.2,2022-03-07
-40.761353,10.275028,-1,EPI_ISL_12482645,Omicron,Unassigned,2022-04-20
-28.094872,21.33434,-1,EPI_ISL_15927959,Omicron,BQ.1.25,2022-11-14
-35.982025,-6.4056454,-1,EPI_ISL_9431680,Omicron,BA.1.1,2022-01-13
-28.15735,21.365723,-1,EPI_ISL_15469181,Omicron,BQ.1.8,2022-10-07
-40.870815,10.4470215,-1,EPI_ISL_13638563,Omicron,BA.2,2022-06-16
-32.6679,10.1303215,-1,EPI_ISL_9688043,Omicron,BA.1.17,2022-01-26
-40.761333,10.439178,-1,EPI_ISL_13576049,Omicron,BA.2.29,2022-04-01
-40.839508,10.431244,-1,EPI_ISL_16620764,Omicron,BA.2.14,2022-07-04
-28.02472,21.35778,-1,EPI_ISL_15736386,Omicron,BQ.1.2,2022-10-27
-35.997574,-6.3743725,-1,EPI_ISL_9440196,Omicron,BA.1.1,2022-01-28
-35.934883,-6.467863,-1,EPI_ISL_10111816,Omicron,BA.1.1,2022-02-12
-40.941902,-9.864027,-1,EPI_ISL_11851711,Omicron,BA.2,2022-03-17
-40.847343,10.423298,-1,EPI_ISL_12161098,Omicron,BA.2,2022-04-05
-40.784737,10.38472,-1,EPI_ISL_13615891,Omicron,BA.2.1,2022-06-06
-40.90221,10.423418,-1,EPI_ISL_13103732,Omicron,BA.2.3,2022-05-01
-32.58988,10.185057,-1,EPI_ISL_9981728,Omicron,BA.1,2022-02-07
-35.91947,-6.4913654,-1,EPI_ISL_9614047,Omicron,BA.1.1,2022-01-04
-41.14438,10.63431,-1,EPI_ISL_10093557,Omicron,BA.2,2022-02-12
-36.15362,-6.1555033,-1,EPI_ISL_9202481,Omicron,BA.1.1.1,2022-01-06
-42.943367,-11.204495,-1,EPI_ISL_10898299,Omicron,BA.2,2022-02-21
-27.907387,21.31086,-1,EPI_ISL_16925357,Omicron,BQ.1.13,2022-11-28
-43.099747,-11.259182,-1,EPI_ISL_12179435,Omicron,BA.2,2022-02-24
-36.013126,-6.428934,-1,EPI_ISL_9252378,Omicron,BA.1.1,2022-01-18
-35.9663,-6.374422,-1,EPI_ISL_11199302,Omicron,BA.1.1.18,2022-01-18
-40.949093,10.352995,-1,EPI_ISL_13546719,Omicron,BA.2.3.4,2022-05-29
-28.939922,0.12921906,-1,EPI_ISL_10882762,Omicron,BA.1.1,2022
-40.980316,10.650169,-1,EPI_ISL_13109074,Omicron,BA.2.3,2022-05-21
-40.925503,10.595345,-1,EPI_ISL_11810264,Omicron,BA.2,2022-03-21
-40.77711,10.361092,-1,EPI_ISL_11286229,Omicron,BA.2,2022-03-15
-40.40191,10.07976,-1,EPI_ISL_15829598,Omicron,BA.2.27,2022-11-04
-40.706875,10.337498,-1,EPI_ISL_12517773,Omicron,BA.2,2022-04-23
-40.698906,10.290609,-1,EPI_ISL_12381543,Omicron,BA.2.10,2022-03-14
-40.550507,9.986013,-1,EPI_ISL_11212862,Omicron,BA.2,2022-03-14
-40.88627,10.470272,-1,EPI_ISL_9993370,Omicron,BA.2,2022-02-09
-32.566574,10.13039,-1,EPI_ISL_9985305,Omicron,BA.1.1.1,2022-02-01
-40.66754,10.275135,-1,EPI_ISL_12454065,Omicron,BA.2,2022-04-10
-35.919556,-6.3898087,-1,EPI_ISL_10791233,Omicron,BA.1.1.18,2022-02-14
-28.048073,21.32645,-1,EPI_ISL_16363596,Omicron,BQ.1,2022-12-19
-40.67534,10.306349,-1,EPI_ISL_12310397,Omicron,BA.2,2022-04-12
-43.02154,-11.243371,-1,EPI_ISL_13630588,Omicron,BA.2,2022-04-08
-33.699104,9.895725,-1,EPI_ISL_8183809,Omicron,BA.1,2021-12-17
-33.636803,10.052238,-1,EPI_ISL_11162159,Omicron,BA.1,2022-03-07
-37.04449,-6.53059,-1,EPI_ISL_9930195,Omicron,BA.1.1,2022-01-20
-28.766705,20.701336,-1,EPI_ISL_16115295,Omicron,BQ.1,2022-11-28
-40.901978,10.392357,-1,EPI_ISL_13556043,Omicron,BA.2.9,2022-06-11
-40.90216,10.509575,-1,EPI_ISL_10965932,Omicron,BA.2,2022-03-05
-40.83177,10.423603,-1,EPI_ISL_11596045,Omicron,BA.2,2022-03-24
-40.893993,10.478106,-1,EPI_ISL_12910180,Omicron,Unassigned,2022-05-05
-35.950657,-6.2335043,-1,EPI_ISL_11744822,Omicron,BA.1.1,2022-03-23
-35.809765,-6.5541344,-1,EPI_ISL_11597118,Omicron,B.1.1.529,2022-02-21
-32.652348,10.200512,-1,EPI_ISL_9977167,Omicron,BA.1,2022-02-01
-32.589878,10.106895,-1,EPI_ISL_10532692,Omicron,BA.1.15,2022-01-31
-32.425716,10.036734,-1,EPI_ISL_9187092,Omicron,BA.1.15,2022-01-10
-32.308495,9.981884,-1,EPI_ISL_10944669,Omicron,BA.1.15,2021-12-28
-32.464706,10.044289,-1,EPI_ISL_9065563,Omicron,BA.1,2022-01-18
-32.66803,10.239536,-1,EPI_ISL_10418727,Omicron,BA.1.17.2,2022-02-20
-32.70696,10.348991,-1,EPI_ISL_10697159,Omicron,BA.1.20,2022-02-13
-40.847343,10.407633,-1,EPI_ISL_13023163,Omicron,BA.2,2022-04-01
-35.966408,-6.3741283,-1,EPI_ISL_11626954,Omicron,BA.1.1,2022-02-10
-28.142029,21.37339,-1,EPI_ISL_17092738,Omicron,BQ.1.5,2022-12-20
-35.95835,-6.241598,-1,EPI_ISL_8394909,Omicron,BA.1.1,2021-12-21
-28.063461,21.29533,-1,EPI_ISL_16752259,Omicron,BQ.1.14,2023-01-23
-32.660156,10.271126,-1,EPI_ISL_11815593,Omicron,BA.1.15,2022-03-05
-28.016863,21.263882,-1,EPI_ISL_15610706,Omicron,BQ.1,2022-10-21
-41.01151,10.634441,-1,EPI_ISL_13309343,Omicron,BA.2.9,2022-05-31
-32.636665,10.0989,-1,EPI_ISL_9119423,Omicron,BA.1.15.1,2022-01-19
-35.958393,-6.2805576,-1,EPI_ISL_12626424,Omicron,BA.1.1.2,2022-04-01
-28.032272,21.39701,-1,EPI_ISL_16158691,Omicron,BQ.1.13.1,2022-12-12
-40.95684,10.564196,-1,EPI_ISL_11512020,Omicron,BA.2,2022-03-22
-32.558395,10.083347,-1,EPI_ISL_9205650,Omicron,BA.1.15,2022-01-06
-42.7559,-11.134106,-1,EPI_ISL_10029160,Omicron,BA.2,2022-02-04
-21.891693,25.574173,-1,EPI_ISL_16817153,Omicron,BQ.1.12,2023-01-31
-32.56637,10.106918,-1,EPI_ISL_9223956,Omicron,BA.1,2022-01-19
-32.496193,10.083397,-1,EPI_ISL_10400361,Omicron,BA.1,2022-02-19
-35.95851,-6.4056034,-1,EPI_ISL_10706380,Omicron,BA.1.1,2022-01-14
-32.745956,10.372414,-1,EPI_ISL_9474900,Omicron,BA.1.18,2022-01-17
-36.169544,-6.1711826,-1,EPI_ISL_9649781,Omicron,BA.1.1,2021-12-31
-32.613297,10.114634,-1,EPI_ISL_8818786,Omicron,BA.1.17.2,2022-01-13
-40.86284,10.501667,-1,EPI_ISL_8831849,Omicron,BA.2,2022-01-11
-36.146027,-6.18686,-1,EPI_ISL_11048342,Omicron,BA.1.1,2022-02-28
-40.86293,10.415541,-1,EPI_ISL_13950643,Omicron,BA.2,2022-06-30
-36.14601,-6.155505,-1,EPI_ISL_9844667,Omicron,BA.1.1,2022-01-20
-40.988026,11.110939,-1,EPI_ISL_12710037,Omicron,BA.2,2022-05-02
-40.77701,10.329767,-1,EPI_ISL_13440613,Omicron,BA.2,2022-05-27
-32.714645,10.32571,-1,EPI_ISL_9786926,Omicron,BA.1,2022-02-04
-32.652332,10.270683,-1,EPI_ISL_11327412,Omicron,BA.1.6,2022-02-14
-35.966278,-6.366603,-1,EPI_ISL_12694377,Omicron,BA.1.1,2022-01-26
-27.946568,21.22477,-1,EPI_ISL_16089965,Omicron,BQ.1.5,2022-11-28
-40.683136,10.337662,-1,EPI_ISL_11181147,Omicron,BA.2,2022-03-13
-32.3477,9.942713,-1,EPI_ISL_9797699,Omicron,BA.1.17,2022-01-03
-28.07927,21.310776,-1,EPI_ISL_16962801,Omicron,BQ.1.28,2023-02-04
-30.20663,-0.93093014,-1,EPI_ISL_12059960,Omicron,BA.1.1.1,2022-01-28
-32.48061,10.004974,-1,EPI_ISL_9380056,Omicron,BA.1.17.2,2022-01-24
-41.00375,10.939129,-1,EPI_ISL_10638697,Omicron,BA.2.25,2022-02-22
-40.777153,10.251602,-1,EPI_ISL_12343019,Omicron,BA.2,2022-04-19
-40.75363,10.337652,-1,EPI_ISL_16031946,Omicron,BA.2,2022-05-11
-36.028732,-6.4992676,-1,EPI_ISL_9930842,Omicron,BA.1.1,2022-01-25
-35.903835,-6.3743916,-1,EPI_ISL_9942223,Omicron,BA.1.1,2022-01-26
-36.208584,-7.3274384,-1,EPI_ISL_9857191,Omicron,BA.1.1,2022-01-12
-42.818565,-11.688915,-1,EPI_ISL_12198662,Omicron,BA.2,2022-04-04
-33.50381,9.356827,-1,EPI_ISL_10230523,Omicron,BA.1.15,2022-02-07
-20.797344,26.54506,-1,EPI_ISL_17191645,Omicron,BQ.1,2023-02-24
-40.581676,10.298576,-1,EPI_ISL_12386624,Omicron,BA.2.3,2022-04-12
-40.89424,10.571903,-1,EPI_ISL_12309128,Omicron,BA.2.3,2022-03-17
-40.81607,10.39221,-1,EPI_ISL_14117800,Omicron,BA.2,2022-06-07
-28.157444,21.443642,-1,EPI_ISL_16709901,Omicron,BW.1.1.1,2023-01-09
-36.122604,-6.124322,-1,EPI_ISL_15685846,Omicron,BA.1.1,2022
-35.981895,-6.4133615,-1,EPI_ISL_9065315,Omicron,BA.1.1,2022-01-17
-32.222626,9.95849,-1,EPI_ISL_10250194,Omicron,BA.1.17,2022-01-06
-32.72262,10.19265,-1,EPI_ISL_17311526,Omicron,BA.1,2022-01-20
-40.839645,10.462715,-1,EPI_ISL_10571527,Omicron,BA.2,2022-02-24
-36.07566,-6.2336807,-1,EPI_ISL_17425642,Omicron,BA.1.1,2022-02-08
-32.64448,10.153812,-1,EPI_ISL_9284808,Omicron,BA.1.15.1,2022-01-22
-40.425533,10.204891,-1,EPI_ISL_9786068,Omicron,BA.2,2022-02-04
-26.315075,2.075779,-1,EPI_ISL_10908055,Omicron,BA.1.1,2022-02-21
-27.993288,21.31083,-1,EPI_ISL_15933114,Omicron,BQ.1,2022-11-15
-42.740444,-11.5483885,-1,EPI_ISL_10795081,Omicron,BA.2,2022-02-24
-40.83954,10.399929,-1,EPI_ISL_13926191,Omicron,BA.2.9,2022-06-25
-28.087234,21.310966,-1,EPI_ISL_17022791,Omicron,BQ.1.2,2022-12-26
23.683975,-16.209452,-1,EPI_ISL_10066150,Omicron,BA.1,2022-01-09
-28.149693,21.303188,-1,EPI_ISL_17231080,Omicron,BQ.1.12,2023-02-25
-28.134169,21.373325,-1,EPI_ISL_16179564,Omicron,BQ.1.13.1,2022-12-04
-41.105293,10.556326,-1,EPI_ISL_13425778,Omicron,BA.2.9,2022-05-01
-35.950577,-6.389889,-1,EPI_ISL_11710588,Omicron,BA.1.1,2022-03-01
-40.90986,10.509514,-1,EPI_ISL_10079704,Omicron,BA.2,2022-02-08
-21.391033,26.184692,-1,EPI_ISL_16602760,Omicron,BQ.1.2,2022-12-19
-30.550358,-1.3766804,-1,EPI_ISL_11112139,Omicron,BA.1.1,2022-02-25
-35.974033,-6.452345,-1,EPI_ISL_10465466,Omicron,BA.1.1,2022-02-13
-32.75404,10.270798,-1,EPI_ISL_8773995,Omicron,BA.1.17.2,2022-01-08
-40.597416,10.243822,-1,EPI_ISL_13915486,Omicron,BA.2,2022-06-14
-40.425404,10.134506,-1,EPI_ISL_11660241,Omicron,BA.2,2022-03-11
-32.488243,10.052044,-1,EPI_ISL_11778761,Omicron,BA.1.19,2022-01-06
-32.44116,10.052023,-1,EPI_ISL_8427766,Omicron,BA.1.15,2021-12-21
-40.542637,10.142233,-1,EPI_ISL_10367586,Omicron,BA.2,2022-02-13
-40.52704,10.220221,-1,EPI_ISL_9448303,Omicron,BA.1,2022
-40.59749,10.337675,-1,EPI_ISL_12942769,Omicron,BA.2.3.1,2022-03-28
-40.769176,10.220371,-1,EPI_ISL_13396424,Omicron,BA.2.48,2022-06-08
-32.386646,10.075569,-1,EPI_ISL_10917936,Omicron,BA.1.15,2022-02-28
-36.013096,-6.41352,-1,EPI_ISL_11321110,Omicron,BA.1.1,2022-02-16
-40.464542,10.212578,-1,EPI_ISL_11379504,Omicron,BA.2,2022-03-18
-40.92546,10.494043,-1,EPI_ISL_12164336,Omicron,BA.2,2022-04-06
-32.581944,10.153627,-1,EPI_ISL_7644806,Omicron,BA.1.14,2021-12-05
-36.08361,-6.421232,-1,EPI_ISL_8746933,Omicron,BA.1.1,2022-01-13
-42.20906,-11.376369,-1,EPI_ISL_12094458,Omicron,BA.2,2022-03-06
-40.83177,10.360905,-1,EPI_ISL_13113008,Omicron,BA.2,2022-05-16
-40.667633,10.274982,-1,EPI_ISL_16044291,Omicron,BA.2.3,2022-05-23
-40.800247,10.439093,-1,EPI_ISL_13571529,Omicron,BA.2,2022-06-06
-37.161533,-6.46002,-1,EPI_ISL_8358623,Omicron,BA.1.1,2021-12-16
-40.862953,10.517347,-1,EPI_ISL_12808669,Omicron,BA.2.12,2022-05-09
-33.363167,9.270712,-1,EPI_ISL_10823292,Omicron,BA.1.15,2022-01-14
-33.527363,10.575481,-1,EPI_ISL_11973109,Omicron,BA.1,2022-02-01
-33.55078,9.403709,-1,EPI_ISL_16195253,Omicron,BA.1.17,2022-01-19
-32.67556,10.177082,-1,EPI_ISL_9628424,Omicron,BA.1.15,2022-01-14
-36.0444,-6.2729053,-1,EPI_ISL_10370416,Omicron,BA.1.1.10,2022-02-10
-36.036613,-6.374363,-1,EPI_ISL_8789414,Omicron,BA.1.1,2021-12-27
-32.57433,10.091221,-1,EPI_ISL_9748696,Omicron,BA.1,2022-01-20
-40.769295,10.376629,-1,EPI_ISL_12140380,Omicron,BA.2.10.1,2022-03
-35.82562,-6.397851,-1,EPI_ISL_9796317,Omicron,BA.1.1.1,2022-01-31
-28.001066,21.240582,-1,EPI_ISL_16884870,Omicron,BQ.1.23,2023-01-23
-42.537243,-11.071808,-1,EPI_ISL_14190894,Omicron,BA.2.3.7,2022-05-26
-32.738106,10.294243,-1,EPI_ISL_10254875,Omicron,BA.1,2022-02-01
-40.83954,10.415798,-1,EPI_ISL_9681727,Omicron,BA.2,2022-01-30
-40.917625,10.40015,-1,EPI_ISL_9596927,Omicron,BA.2.10.1,2022-01-29
-32.699272,10.30999,-1,EPI_ISL_9736509,Omicron,BA.1.17.2,2022-02-02
-40.824165,10.400005,-1,EPI_ISL_14339021,Omicron,BA.2,2022-05-30
-40.8785,10.360924,-1,EPI_ISL_12941078,Omicron,BA.2.3,2022-04-30
-32.714897,10.294231,-1,EPI_ISL_9317340,Omicron,BA.1,2022-01-24
-40.808254,10.329681,-1,EPI_ISL_13389606,Omicron,BA.2,2022-05-30
-40.894196,10.524874,-1,EPI_ISL_10416683,Omicron,BA.2,2022-02-20
-32.480427,10.12252,-1,EPI_ISL_9025568,Omicron,BA.1,2022-01-17
-42.30281,-11.16544,-1,EPI_ISL_10014213,Omicron,BA.2,2022-02-02
-40.722294,10.298523,-1,EPI_ISL_9655531,Omicron,BA.2.9,2022-02-01
-40.730286,10.35342,-1,EPI_ISL_13255680,Omicron,BA.2.48,2022-05-29
-32.66009,10.231899,-1,EPI_ISL_9777947,Omicron,BA.1,2022-02-03
-32.62893,10.208263,-1,EPI_ISL_9687553,Omicron,BA.1.17.2,2022-01-31
-32.535423,10.059925,-1,EPI_ISL_8755206,Omicron,BA.1,2022-01-09
-35.880356,-6.4133472,-1,EPI_ISL_9672865,Omicron,BA.1.1,2022-01-10
-32.495995,10.00523,-1,EPI_ISL_9384768,Omicron,BA.1.17.2,2022-01-04
-36.10694,-6.2648945,-1,EPI_ISL_10785030,Omicron,BA.1.1,2022-01-31
-36.08355,-6.2803383,-1,EPI_ISL_9933655,Omicron,BA.1.1,2022-01-24
-40.511387,10.188946,-1,EPI_ISL_14021261,Omicron,BA.2.42,2022-07-05
-35.981792,-6.374195,-1,EPI_ISL_12372966,Omicron,BA.1.1,2022-01-23
-32.339767,9.942728,-1,EPI_ISL_9698492,Omicron,BA.1.19,2022-01-26
-35.935036,-6.468066,-1,EPI_ISL_10820094,Omicron,BA.1.1,2022-01-12
-36.091164,-6.1477976,-1,EPI_ISL_10710039,Omicron,BA.1.1,2022-02-26
-28.048065,21.30281,-1,EPI_ISL_16055516,Omicron,BQ.1.23,2022-11-20
-42.38093,-11.946541,-1,EPI_ISL_12265920,Omicron,BA.2.9,2022-04-11
-28.040117,21.248314,-1,EPI_ISL_16069600,Omicron,BQ.1,2022-11-07
-28.055925,21.287292,-1,EPI_ISL_15888687,Omicron,BW.1,2022-11-14
-40.448826,10.204702,-1,EPI_ISL_12667303,Omicron,BA.2.2,2022-05-03
-32.566406,10.231861,-1,EPI_ISL_8838389,Omicron,BA.1.20,2022-01-04
-40.855053,10.509373,-1,EPI_ISL_13318002,Omicron,BA.2.3,2022-05-06
-32.691315,10.208151,-1,EPI_ISL_11222903,Omicron,BA.1.18,2021-12-22
-28.040028,21.349861,-1,EPI_ISL_16139091,Omicron,BQ.1.16,2022-11-01
-32.66034,10.161453,-1,EPI_ISL_11379325,Omicron,BA.1.17.2,2022-02-01
-32.698982,10.239731,-1,EPI_ISL_8862193,Omicron,BA.1.15.1,2022-01-11
-28.102638,21.373325,-1,EPI_ISL_15920342,Omicron,BQ.1,2022-11-14
-36.10695,-6.358694,-1,EPI_ISL_10140190,Omicron,BA.1.1,2022-01-26
-32.605267,10.153786,-1,EPI_ISL_11562745,Omicron,BA.1,2021-12-31
-40.85524,10.431152,-1,EPI_ISL_13421389,Omicron,BA.2.9,2022-06-13
-40.402054,10.212387,-1,EPI_ISL_10654174,Omicron,BA.2,2022-02-11
-35.8179,-6.4680004,-1,EPI_ISL_10757278,Omicron,BA.1.1,2022-02-14
-40.769264,10.400213,-1,EPI_ISL_12115862,Omicron,BA.2.3,2022-04-04
-40.95675,10.712593,-1,EPI_ISL_13799813,Omicron,BA.2.3.6,2022-06-18
-28.907413,20.57616,-1,EPI_ISL_16117188,Omicron,BQ.1.28,2022-11-29
-40.839622,10.564186,-1,EPI_ISL_13712650,Omicron,BA.2,2022-04-04
-41.027184,10.650139,-1,EPI_ISL_12544536,Omicron,BA.2.64,2022-03-24
-40.972466,10.532858,-1,EPI_ISL_11395900,Omicron,BA.2,2022-03-17
-36.14602,-6.139864,-1,EPI_ISL_11206844,Omicron,BA.1.1,2022-01-18
-40.581833,10.18898,-1,EPI_ISL_12131668,Omicron,BA.2.3,2022-03-22
-32.628773,10.263098,-1,EPI_ISL_10100195,Omicron,BA.1,2022-02-14
-40.706703,10.275005,-1,EPI_ISL_10966075,Omicron,BA.2,2022-03-06
-40.65206,10.251623,-1,EPI_ISL_12871568,Omicron,BA.2.36,2022-05-05
-35.94283,-6.4680576,-1,EPI_ISL_9999363,Omicron,BA.1.1,2022-02-08
-40.86296,10.42341,-1,EPI_ISL_12884799,Omicron,BA.2,2022-05-06
-32.75366,10.3803215,-1,EPI_ISL_8758435,Omicron,BA.1.17.2,2022-01-08
-40.847454,10.462559,-1,EPI_ISL_13155846,Omicron,BA.2,2022-05-24
-40.683437,10.337633,-1,EPI_ISL_9382623,Omicron,BA.2.1,2022-01-25
-32.636612,10.263128,-1,EPI_ISL_8436187,Omicron,BA.1.15,2021-12-24
-40.753654,10.407793,-1,EPI_ISL_11083528,Omicron,BA.2.1,2022-03-09
-41.856876,-10.758885,-1,EPI_ISL_10633734,Omicron,BA.2.9,2022-02-21
-40.776955,10.353226,-1,EPI_ISL_10855221,Omicron,BA.2.37,2022-03-02
-40.784653,10.314241,-1,EPI_ISL_13211061,Omicron,BA.2.3.1,2022-05-06
-32.535088,10.036385,-1,EPI_ISL_8951406,Omicron,BA.1.15,2021-12-30
-36.044384,-6.30394,-1,EPI_ISL_10246175,Omicron,BA.1.1,2022-02-14
-28.126095,21.256142,-1,EPI_ISL_16613753,Omicron,BQ.1.23,2023-01-11
-32.54282,10.13026,-1,EPI_ISL_8932083,Omicron,BA.1.15.1,2022-01-13
-42.5293,-12.220024,-1,EPI_ISL_13338754,Omicron,BA.2.9,2022-05-09
-43.13095,-11.2200775,-1,EPI_ISL_12363909,Omicron,BA.2,2022-03-29
-40.925518,10.454821,-1,EPI_ISL_14189953,Omicron,BA.2.3.7,2022-05-03
-40.605133,10.3140545,-1,EPI_ISL_12687986,Omicron,BA.2,2022-05-04
-32.433525,10.083412,-1,EPI_ISL_9849959,Omicron,BA.1.15.1,2022-01-11
-36.03663,-6.319645,-1,EPI_ISL_9086291,Omicron,BA.1.1,2022-01-02
-28.071466,21.25624,-1,EPI_ISL_16420560,Omicron,Unassigned,2022-12-26
-36.083458,-6.382141,-1,EPI_ISL_12272658,Omicron,BA.1.1,2022-04-08
-32.57411,10.169285,-1,EPI_ISL_8819905,Omicron,BA.1.15.1,2022-01-10
-32.542946,10.161642,-1,EPI_ISL_11252640,Omicron,BA.1.15,2022-03-02
-35.96618,-6.4211407,-1,EPI_ISL_12568649,Omicron,BA.1.1.16,2022-04-18
-32.55848,10.184954,-1,EPI_ISL_16196922,Omicron,BA.1.21,2022-06-03
-32.722675,10.29459,-1,EPI_ISL_12379524,Omicron,BA.1.17.2,2022-03-02
-36.06009,-6.2337265,-1,EPI_ISL_11037445,Omicron,BA.1,2022-03-02
-36.31809,-5.9288387,-1,EPI_ISL_10386272,Omicron,BA.1.1,2022-02-11
-28.055819,21.287415,-1,EPI_ISL_16441691,Omicron,BQ.1.13.1,2022-12-28
-35.96629,-6.374405,-1,EPI_ISL_11667217,Omicron,BA.1,2022-03-17
-42.568466,-11.657454,-1,EPI_ISL_12730367,Omicron,BA.2,2022-04-28
-40.78471,10.314095,-1,EPI_ISL_11091532,Omicron,BA.2.9,2022-03-08
-40.800632,10.392273,-1,EPI_ISL_12159518,Omicron,BA.2,2022-04-12
-28.040133,21.303085,-1,EPI_ISL_16653248,Omicron,BQ.1.3,2022-12-23
-40.59756,10.181324,-1,EPI_ISL_13020871,Omicron,BA.2.47,2022-05-10
-40.75377,10.3611145,-1,EPI_ISL_14120670,Omicron,BA.2.3.1,2022-06-15
-35.88813,-6.475848,-1,EPI_ISL_9097476,Omicron,BA.1.1,2022-01-07
-32.574287,10.16943,-1,EPI_ISL_9186319,Omicron,BA.1.15,2022-01-10
24.730732,-16.162401,-1,EPI_ISL_13571121,Omicron,BA.1,2022-01-06
-40.5272,10.212513,-1,EPI_ISL_9654145,Omicron,BA.2.9,2022-01-28
-41.073845,10.704937,-1,EPI_ISL_13440830,Omicron,BA.2.3,2022-05-31
-40.85521,10.454597,-1,EPI_ISL_10059914,Omicron,BA.2.9,2022-02-09
-32.636593,10.208265,-1,EPI_ISL_11359814,Omicron,BA.1.15,2022-01-24
-36.92698,-7.33527,-1,EPI_ISL_9896368,Omicron,BA.1.1,2022-02-05
-43.28717,-11.313768,-1,EPI_ISL_12205886,Omicron,BA.2.3,2022
-40.527294,10.220367,-1,EPI_ISL_12499816,Omicron,BA.2,2022-04-11
-28.196552,20.224972,-1,EPI_ISL_16678765,Omicron,BQ.1.13.1,2023-01-09
-28.985594,20.943771,-1,EPI_ISL_16274538,Omicron,BQ.1.23,2022-12-05
-32.59762,10.231918,-1,EPI_ISL_8350087,Omicron,BA.1.12,2021-12-15
-28.118107,21.342056,-1,EPI_ISL_15929933,Omicron,BQ.1.23,2022-11-08
-32.582047,10.15377,-1,EPI_ISL_6699742,Omicron,BA.1.21,2021-11-18
-40.144268,10.103264,-1,EPI_ISL_8418601,Omicron,BA.2.9,2021-12-27
-28.032433,21.264107,-1,EPI_ISL_16567968,Omicron,BQ.1.23,2022-12-17
-32.464725,10.044249,-1,EPI_ISL_9689755,Omicron,BA.1.15.1,2022
-40.878666,10.44685,-1,EPI_ISL_11605940,Omicron,BA.2,2022-03-22
27.973919,-12.849979,-1,EPI_ISL_9430103,Omicron,BA.1.1,2021-12-30
-40.714615,10.30624,-1,EPI_ISL_11340046,Omicron,BA.2.10,2022-03-16
-32.566578,10.106901,-1,EPI_ISL_11073373,Omicron,BA.2,2022-02-23
-40.7145,10.322079,-1,EPI_ISL_13572134,Omicron,BA.2,2022-06-10
-36.075603,-6.296089,-1,EPI_ISL_13701453,Omicron,BA.1.1,2022-02-09
-40.620735,10.24386,-1,EPI_ISL_12850146,Omicron,BA.2.19,2022-05-03
-32.60536,10.20052,-1,EPI_ISL_9030705,Omicron,BA.1.20,2021-12-28
-32.628822,10.184803,-1,EPI_ISL_9613340,Omicron,BA.1,2022-01-30
-36.20063,-6.1712255,-1,EPI_ISL_10295216,Omicron,BA.1.1,2022-02-12
-32.285156,9.997326,-1,EPI_ISL_10098092,Omicron,BA.1.18,2022-02-14
-40.597317,10.306383,-1,EPI_ISL_11335937,Omicron,BA.2,2022-03-17
-40.816307,10.36887,-1,EPI_ISL_12189869,Omicron,BA.2,2022-04-06
-40.855038,10.470234,-1,EPI_ISL_12414673,Omicron,BA.2.3,2022-04-10
-40.7848,10.298466,-1,EPI_ISL_12908584,Omicron,Unassigned,2022-05-09
-32.550682,10.020981,-1,EPI_ISL_10823815,Omicron,BA.1.15,2022-01-25
-28.024616,21.279648,-1,EPI_ISL_16593021,Omicron,BQ.1,2023-01-08
-40.862976,10.509323,-1,EPI_ISL_14570605,Omicron,BA.2,2022-07-07
-35.88834,-6.429147,-1,EPI_ISL_9266028,Omicron,BA.1.1.1,2022-01-16
-36.020943,-6.351098,-1,EPI_ISL_10871375,Omicron,BA.1.1,2022-02-24
-40.98792,10.884426,-1,EPI_ISL_13538809,Omicron,BA.2,2022-05-17
-40.65221,10.321995,-1,EPI_ISL_11340338,Omicron,BA.2,2022-03-16
-32.402523,10.005331,-1,EPI_ISL_10037352,Omicron,Unassigned,2022-01-19
-42.185776,-11.2433815,-1,EPI_ISL_13142372,Omicron,BA.2.36,2022-05-26
-36.067932,-6.25725,-1,EPI_ISL_10892969,Omicron,BA.1.1,2022-03-03
-36.0913,-6.2649517,-1,EPI_ISL_9942165,Omicron,BA.1.1.18,2022-01-25
-42.732372,-11.134198,-1,EPI_ISL_13089628,Omicron,BA.2,2022-05-09
-32.660164,10.349052,-1,EPI_ISL_10837349,Omicron,BA.1.15,2021-12-30
-40.722458,10.4780655,-1,EPI_ISL_12499676,Omicron,BA.2,2022-04-11
-40.987972,10.689152,-1,EPI_ISL_13414052,Omicron,BA.2,2022-04-10
-32.566395,10.098923,-1,EPI_ISL_9176280,Omicron,BA.1.15,2022-01-20
-28.118294,21.342087,-1,EPI_ISL_16746054,Omicron,BQ.1.10,2023-01-15
-40.722374,10.3142395,-1,EPI_ISL_12119296,Omicron,BA.2,2022-03-21
-40.761417,10.353146,-1,EPI_ISL_15693600,Omicron,BA.2.2,2022-08-26
-32.394497,9.989542,-1,EPI_ISL_11361556,Omicron,BA.1,2022-03-01
-40.784897,10.415733,-1,EPI_ISL_14561294,Omicron,BA.2,2022-04-24
-40.488144,10.267139,-1,EPI_ISL_14121051,Omicron,BA.2.3.1,2022-06-16
-40.722424,10.384434,-1,EPI_ISL_10065806,Omicron,BA.2.10,2022-02-04
-40.831802,10.30644,-1,EPI_ISL_10563487,Omicron,BA.2.9,2022-02-17
-32.59749,10.247629,-1,EPI_ISL_9567462,Omicron,BA.1.17.2,2022-01-29
-35.87269,-6.3273983,-1,EPI_ISL_10810251,Omicron,BA.1.1,2022-02-18
-32.519516,10.059795,-1,EPI_ISL_8859131,Omicron,BA.1.17,2022-01-10
-40.753654,10.39213,-1,EPI_ISL_12659653,Omicron,BA.2.9,2022-04-24
-28.05586,21.287537,-1,EPI_ISL_15467875,Omicron,BQ.1.23,2022-10-14
-42.240135,-11.235679,-1,EPI_ISL_14048775,Omicron,BA.2,2022-06-09
-36.130325,-6.054035,-1,EPI_ISL_9968777,Omicron,BA.1.1,2022-01-03
-32.16787,9.911255,-1,EPI_ISL_11021566,Omicron,BA.1.21,2022-02-21
-28.243225,20.224926,-1,EPI_ISL_16729534,Omicron,BQ.1.28,2023-01-13
-29.134079,21.27945,-1,EPI_ISL_15746486,Omicron,Unassigned,2022-11-01
-32.59742,10.231607,-1,EPI_ISL_8944360,Omicron,BA.1.17.2,2022-01-13
-40.41773,10.095341,-1,EPI_ISL_11783453,Omicron,XG,2022-03-25
-40.909912,10.65012,-1,EPI_ISL_12887557,Omicron,BA.2,2022-05-10
-28.782469,20.357643,-1,EPI_ISL_16446701,Omicron,BQ.1.13.1,2022-12-18
-36.966133,-6.5696697,-1,EPI_ISL_9974744,Omicron,BA.1.1,2022-02-08
-40.61305,10.259464,-1,EPI_ISL_13188820,Omicron,BA.2,2022-05-09
-40.66785,10.197147,-1,EPI_ISL_12118521,Omicron,BA.2,2022-03-24
-40.816143,10.431328,-1,EPI_ISL_15865068,Omicron,BA.2,2022-05-20
-32.652184,10.286514,-1,EPI_ISL_9290150,Omicron,BA.1.17.2,2022-01-23
-36.06788,-6.3662643,-1,EPI_ISL_11508401,Omicron,BA.1.1,2022-02-28
-36.013275,-6.311756,-1,EPI_ISL_10254329,Omicron,BA.1.1,2022-01-31
-36.036537,-6.2337513,-1,EPI_ISL_8425400,Omicron,BA.1.1,2021-12-22
-40.706802,10.353001,-1,EPI_ISL_12618707,Omicron,BA.2,2022-04-21
-32.652466,10.239555,-1,EPI_ISL_9291592,Omicron,BA.1.17.2,2022-01-23
-40.847366,10.361031,-1,EPI_ISL_12828193,Omicron,BA.2,2022-05-16
-20.899818,27.386383,-1,EPI_ISL_15995118,Omicron,Unassigned,2022-11-23
-36.005352,-6.3430614,-1,EPI_ISL_9929759,Omicron,BA.1.1,2022-01-21
-27.977833,21.240498,-1,EPI_ISL_17008039,Omicron,BQ.1.10,2023-02-06
-40.503597,10.251514,-1,EPI_ISL_13208023,Omicron,BA.2.9.5,2022-05-22
-28.079391,21.326511,-1,EPI_ISL_16574400,Omicron,BQ.1.10,2022-12-21
-40.78484,10.329514,-1,EPI_ISL_13770162,Omicron,BA.2.9,2022-06-02
-42.43561,-10.977902,-1,EPI_ISL_11857382,Omicron,BA.2,2022-03-20
-32.53521,10.114643,-1,EPI_ISL_10830254,Omicron,BA.1,2022-01-20
-36.107056,-6.2101927,-1,EPI_ISL_9399009,Omicron,BA.1.1,2022-01-27
-32.683754,10.286573,-1,EPI_ISL_9930817,Omicron,BA.1,2022-01-24
24.379227,-15.8345,-1,EPI_ISL_10066196,Omicron,BA.1.1,2022-01-08
-32.63683,10.185055,-1,EPI_ISL_10801894,Omicron,BA.1,2022-02-27
-35.974274,-6.374117,-1,EPI_ISL_12907725,Omicron,BA.1.1,2022-02-09
-40.72246,10.313936,-1,EPI_ISL_12909097,Omicron,Unassigned,2022-05-12
-32.44136,10.059898,-1,EPI_ISL_11062314,Omicron,BA.1.17.2,2022-02-25
-32.550694,10.20825,-1,EPI_ISL_8934579,Omicron,BA.1.17.2,2022-01-14
-36.03651,-6.296077,-1,EPI_ISL_10428866,Omicron,BA.1.1,2022-02-11
-40.605125,10.173275,-1,EPI_ISL_13099860,Omicron,BA.2.9,2022-05-11
-28.102688,21.303024,-1,EPI_ISL_16667704,Omicron,BQ.1.13,2023-01-05
-40.839745,10.493799,-1,EPI_ISL_10536438,Omicron,BA.2.41,2022-02-19
-36.03643,-6.436779,-1,EPI_ISL_10763880,Omicron,BA.1.1,2022-02-21
-36.00536,-6.296199,-1,EPI_ISL_11071857,Omicron,BA.1.1,2022-02-24
-28.087025,21.263805,-1,EPI_ISL_16732282,Omicron,BQ.1.2,2023-01-22
-42.36518,-11.118559,-1,EPI_ISL_13338913,Omicron,BA.2,2022-05-27
-36.099083,-6.1477213,-1,EPI_ISL_12046493,Omicron,BA.1.1,2022-03-29
-35.872482,-6.3977585,-1,EPI_ISL_10099086,Omicron,BA.1.1,2022-01-17
-40.839607,10.353188,-1,EPI_ISL_12148233,Omicron,BA.2,2022-03-24
-41.01155,10.63431,-1,EPI_ISL_12096055,Omicron,BA.2,2022-04-10
-40.89425,10.501629,-1,EPI_ISL_14043826,Omicron,BA.2,2022-07-18
-35.934982,-6.3976974,-1,EPI_ISL_9527024,Omicron,BA.1.1,2022-01-14
-36.14602,-6.218071,-1,EPI_ISL_8841382,Omicron,BA.1.1,2021-12-26
-28.149511,21.373383,-1,EPI_ISL_17073896,Omicron,BQ.1.3,2022-12-05
-40.808388,10.368834,-1,EPI_ISL_10846199,Omicron,BA.2,2022-03-02
-40.941254,10.485992,-1,EPI_ISL_11478668,Omicron,BA.2,2022-03-14
-32.7383,10.380085,-1,EPI_ISL_12202127,Omicron,BA.1.17,2022-02-03
-32.699093,10.231688,-1,EPI_ISL_13368100,Omicron,BA.1.17.2,2022-01-10
-28.423052,20.271832,-1,EPI_ISL_15499923,Omicron,BQ.1,2022-10-14
-35.708435,-7.319317,-1,EPI_ISL_15210922,Omicron,BA.1.1,2022-04-18
-32.347637,9.903549,-1,EPI_ISL_8830961,Omicron,BA.1.15,2021-12-29
-40.86301,10.462597,-1,EPI_ISL_8136635,Omicron,BA.2,2021-12-16
-36.05217,-6.3508835,-1,EPI_ISL_9069532,Omicron,BA.1.1.15,2022-01-18
-27.969826,21.264084,-1,EPI_ISL_17631038,Omicron,BQ.1.12,2023-04-20
-28.016706,21.29525,-1,EPI_ISL_17269793,Omicron,BQ.1,2023-03-06
-41.073723,10.657984,-1,EPI_ISL_12309277,Omicron,BA.2.3,2022-03-24
-40.933403,10.548565,-1,EPI_ISL_10845799,Omicron,BA.2,2022-03-03
-40.51931,10.243877,-1,EPI_ISL_13765922,Omicron,BA.2.3.1,2022-06-24
-32.58194,10.176996,-1,EPI_ISL_9290011,Omicron,BA.1.17.2,2022-01-23
-28.08726,21.350048,-1,EPI_ISL_15771082,Omicron,BQ.1,2022-10-26
-27.99327,21.342094,-1,EPI_ISL_16897082,Omicron,BE.9,2022-11-22
-32.72254,10.302158,-1,EPI_ISL_9963855,Omicron,BA.1.17,2022-01-28
-28.05586,21.248337,-1,EPI_ISL_15830498,Omicron,BQ.1,2022-11-13
-42.48237,-11.228094,-1,EPI_ISL_13949270,Omicron,BA.2,2022-03-12
-32.793182,10.3176365,-1,EPI_ISL_10495553,Omicron,BA.1.17.2,2022-01-30
-28.102772,21.240631,-1,EPI_ISL_16588792,Omicron,BQ.1.12,2022-12-24
-40.47251,10.103178,-1,EPI_ISL_9647555,Omicron,BA.2.10,2022-01-30
-36.013084,-6.4289427,-1,EPI_ISL_10701306,Omicron,BA.1.1,2022-02-19
-28.001236,21.256233,-1,EPI_ISL_16710084,Omicron,BQ.1.28,2023-01-12
-36.11452,-6.1791058,-1,EPI_ISL_11471614,Omicron,BA.1.1,2022-03-11
-40.753605,10.267147,-1,EPI_ISL_13657281,Omicron,BA.2,2022-06-09
-32.675705,10.114677,-1,EPI_ISL_9950574,Omicron,BA.1.15,2022-01-24
-40.902138,10.423466,-1,EPI_ISL_11741249,Omicron,BA.2,2022
-27.946507,21.19368,-1,EPI_ISL_16804316,Omicron,Unassigned,2023-01-23
-28.993366,20.537426,-1,EPI_ISL_16010350,Omicron,BQ.1.11,2022-11-14
-40.73797,10.329769,-1,EPI_ISL_11870649,Omicron,BA.2.10.1,2022-03-28
-35.99752,-6.366331,-1,EPI_ISL_9339651,Omicron,BA.1.1,2022-01-10
-40.72251,10.29076,-1,EPI_ISL_9167075,Omicron,BA.2,2022-01-20
-42.716763,-11.071712,-1,EPI_ISL_13369987,Omicron,BA.2.9,2022-05-18
-36.192818,-6.100954,-1,EPI_ISL_10352419,Omicron,BA.1.1.1,2022-01-03
-28.1028,21.311058,-1,EPI_ISL_16101020,Omicron,BQ.1.11,2022-11-25
-40.542664,10.1734085,-1,EPI_ISL_8927302,Omicron,BA.2,2022-01-12
-42.34169,-11.227996,-1,EPI_ISL_12667343,Omicron,BA.2.9,2022-04-29
-40.738052,10.321966,-1,EPI_ISL_8859929,Omicron,BA.2.10.1,2022-01-04
-40.78505,10.345154,-1,EPI_ISL_13588872,Omicron,BA.2.3,2022-06-03
-40.76943,10.345354,-1,EPI_ISL_11646238,Omicron,BA.2.3,2022-03-24
-40.597412,10.243786,-1,EPI_ISL_14539493,Omicron,Unassigned,2022-06-23
-40.612915,10.274872,-1,EPI_ISL_12165533,Omicron,BA.2,2022-04-13
-40.74594,10.345335,-1,EPI_ISL_13066560,Omicron,BA.2,2022-05-13
-36.0679,-6.2805386,-1,EPI_ISL_10376293,Omicron,BA.1.1,2022-02-09
-28.063654,21.287151,-1,EPI_ISL_16378754,Omicron,BQ.1.5,2022-12-28
-36.04445,-6.335145,-1,EPI_ISL_9174228,Omicron,BA.1.1,2022-01-20
-36.083504,-6.179042,-1,EPI_ISL_8963559,Omicron,BA.1.1,2022-01-14
-36.16162,-6.194523,-1,EPI_ISL_9950628,Omicron,BA.1.1,2022-01-25
-40.73021,10.290861,-1,EPI_ISL_9010510,Omicron,BA.2,2022-01-16
-40.65999,10.329742,-1,EPI_ISL_14735199,Omicron,BA.2.3.1,2022-07-16
-32.480625,10.060022,-1,EPI_ISL_9365102,Omicron,BA.1.17.2,2022-01-25
-40.870705,10.751518,-1,EPI_ISL_8381794,Omicron,BA.2,2021-12-23
-28.141685,21.381065,-1,EPI_ISL_15425180,Omicron,BQ.1.2,2022-10-05
-40.77691,10.329769,-1,EPI_ISL_11401045,Omicron,BA.2,2022-03-15
-32.503784,10.098854,-1,EPI_ISL_9284102,Omicron,BA.1.15,2022-01-21
-28.079191,21.295437,-1,EPI_ISL_17005045,Omicron,BQ.1.23,2023-02-13
-40.90213,10.814268,-1,EPI_ISL_11244260,Omicron,BA.2,2022-02-28
-27.899698,21.23283,-1,EPI_ISL_15770729,Omicron,BQ.1,2022-10-28
-40.88646,10.282883,-1,EPI_ISL_12211796,Omicron,BA.2,2022-04-14
-28.079332,21.295391,-1,EPI_ISL_15947593,Omicron,BQ.1.6,2022-11-10
-32.62896,10.153576,-1,EPI_ISL_9786629,Omicron,BA.1.15.1,2022-02-04
-36.075558,-6.327425,-1,EPI_ISL_9290024,Omicron,BA.1.1.14,2022-01-21
-26.041672,2.2711792,-1,EPI_ISL_8673770,Omicron,BA.1.1,2021-12-31
-27.938631,20.310875,-1,EPI_ISL_16232543,Omicron,BQ.1.14,2022-12-05
-32.808662,10.474016,-1,EPI_ISL_8816185,Omicron,BA.1,2022-01-07
-40.995773,10.7437935,-1,EPI_ISL_12694109,Omicron,BA.2.23,2022-05-06
-40.980156,10.743767,-1,EPI_ISL_10241856,Omicron,BA.2,2022-02-16
-36.052097,-6.405653,-1,EPI_ISL_12987936,Omicron,BC.1,2022-03-08
-32.628967,10.012985,-1,EPI_ISL_10464959,Omicron,BA.1.15,2022-02-13
-29.024427,21.56089,-1,EPI_ISL_15628714,Omicron,BQ.1.8,2022-10-18
-42.29484,-11.165621,-1,EPI_ISL_11858802,Omicron,BA.2.51,2022-02-04
-35.911705,-6.4759636,-1,EPI_ISL_9194445,Omicron,BA.1.1,2022-01-13
-36.036766,-6.3273754,-1,EPI_ISL_9511591,Omicron,BA.1.1,2022-01-27
-40.4958,10.1345825,-1,EPI_ISL_13332992,Omicron,BA.2,2022-05-24
-40.972385,10.837406,-1,EPI_ISL_13363603,Omicron,BA.2,2022-05-01
-28.079193,21.3266,-1,EPI_ISL_16081483,Omicron,BQ.1,2022-11-25
-32.597534,10.185059,-1,EPI_ISL_9461666,Omicron,BA.1,2022-01-04
-40.839344,10.415695,-1,EPI_ISL_9623622,Omicron,BA.2.3.15,2022-02-01
-32.667904,10.294331,-1,EPI_ISL_8799004,Omicron,BA.1.17,2022-01-09
-28.047901,21.264034,-1,EPI_ISL_16724722,Omicron,BQ.1.23,2022-11-01
-40.863068,10.423534,-1,EPI_ISL_9902011,Omicron,BA.2.9,2022-02-07
-32.691467,10.137985,-1,EPI_ISL_9309330,Omicron,BA.1.15.1,2022-01-24
-35.99749,-6.358593,-1,EPI_ISL_11205445,Omicron,BA.1.1,2022-02-02
-32.488083,10.052092,-1,EPI_ISL_9178116,Omicron,BA.1.17.2,2022-01-19
-27.930908,21.178173,-1,EPI_ISL_16402283,Omicron,BQ.1.10,2022-12-19
-32.6445,10.083111,-1,EPI_ISL_9527612,Omicron,BA.1.15,2022-01-15
-40.98025,11.150139,-1,EPI_ISL_13485168,Omicron,BA.2.48,2022-06-07
-36.052177,-6.304101,-1,EPI_ISL_10560659,Omicron,BA.1.1,2022-02-14
-35.989662,-6.35865,-1,EPI_ISL_9325978,Omicron,BA.1.1,2021-12-27
-40.753494,10.361069,-1,EPI_ISL_13457683,Omicron,BA.2.42,2022-05-26
-35.997856,-6.1634436,-1,EPI_ISL_9445032,Omicron,BA.1.1,2022-01-13
-32.644356,10.185064,-1,EPI_ISL_11852622,Omicron,BA.1.18,2022-01-11
-32.51927,10.106804,-1,EPI_ISL_11168464,Omicron,BA.1.18,2022-02-21
-36.09915,-6.217924,-1,EPI_ISL_9930403,Omicron,BA.1.1,2022-01-17
-36.067886,-6.335245,-1,EPI_ISL_11532492,Omicron,BA.1.1,2022-01-05
-40.89428,10.54855,-1,EPI_ISL_12189883,Omicron,BA.2.9,2022-04-06
-40.87855,10.415714,-1,EPI_ISL_10349233,Omicron,BA.2,2022-02-20
-28.055933,21.240463,-1,EPI_ISL_16171859,Omicron,BQ.1.31,2022-12-05
-27.915215,21.139015,-1,EPI_ISL_16381956,Omicron,BQ.1.28,2022-12-20
-40.80814,10.360756,-1,EPI_ISL_11279424,Omicron,BA.2,2022-03-14
-35.950623,-6.4133854,-1,EPI_ISL_8027979,Omicron,BA.1.1,2021-12-08
-35.91949,-6.3978586,-1,EPI_ISL_12172328,Omicron,BA.1.1,2022-02-17
-36.153606,-6.163414,-1,EPI_ISL_10941622,Omicron,Unassigned,2022-02-22
-32.40998,9.989544,-1,EPI_ISL_16196924,Omicron,BA.1.17,2022-03-09
-28.063713,21.31091,-1,EPI_ISL_16204628,Omicron,BW.1,2022-11-11
-40.8941,10.571934,-1,EPI_ISL_9450864,Omicron,BA.2.9,2022-01-25
-40.50362,10.181211,-1,EPI_ISL_12886574,Omicron,BA.2,2022-05-09
-42.295,-11.423171,-1,EPI_ISL_10728732,Omicron,BA.2.3,2022-02-24
-35.935074,-6.4134684,-1,EPI_ISL_14561293,Omicron,BA.1.1,2022-02-20
-28.079071,21.279583,-1,EPI_ISL_17556466,Omicron,BQ.1.14,2023-03-29
-32.5664,10.130444,-1,EPI_ISL_10563498,Omicron,BA.1,2022-02-09
-36.16942,-6.413414,-1,EPI_ISL_9951270,Omicron,BA.1.1,2022-01-28
-40.8629,10.236134,-1,EPI_ISL_12727890,Omicron,BA.2,2022-04
-32.472622,10.231812,-1,EPI_ISL_10118119,Omicron,BA.1.17.2,2022-01-16
-40.792725,10.853313,-1,EPI_ISL_12537002,Omicron,BA.2,2022-04-19
-40.53502,10.282801,-1,EPI_ISL_11831474,Omicron,BA.2,2022-03-31
-42.459145,-12.063779,-1,EPI_ISL_12535706,Omicron,BA.2,2022-04-21
-32.62899,10.161583,-1,EPI_ISL_11964606,Omicron,BA.1.17.2,2022-03-21
-22.213238,25.302704,-1,EPI_ISL_16289325,Omicron,BQ.1,2022-12-14
-40.94097,10.525225,-1,EPI_ISL_12557020,Omicron,BA.2,2022-04-27
-27.923038,21.154724,-1,EPI_ISL_15727093,Omicron,BQ.1.8.2,2022-11-02
-36.005356,-6.327544,-1,EPI_ISL_8942927,Omicron,BA.1.1,2021-12-29
-32.605255,10.247402,-1,EPI_ISL_9254192,Omicron,BA.1.16,2022-01-21
-36.04444,-6.303934,-1,EPI_ISL_11072035,Omicron,BA.1.1,2022-02-28
-35.96625,-6.382057,-1,EPI_ISL_9962995,Omicron,BA.1.1,2022-01-15
-40.61296,10.345322,-1,EPI_ISL_14631949,Omicron,BA.2,2022-03-27
-36.075607,-6.335228,-1,EPI_ISL_8721292,Omicron,BA.1.1,2021-12-29
-32.66812,10.20063,-1,EPI_ISL_9250555,Omicron,BA.1.15.1,2022-01-20
-36.020775,-6.3900642,-1,EPI_ISL_8817995,Omicron,BA.1.1,2022-01-11
-40.784977,10.329746,-1,EPI_ISL_9173659,Omicron,BA.2.3,2022-01-20
-28.352661,20.271965,-1,EPI_ISL_16160559,Omicron,BQ.1,2022-11-25
-40.581757,10.25935,-1,EPI_ISL_13854465,Omicron,BA.2.9,2022-07-04
-36.58355,-7.530489,-1,EPI_ISL_9992365,Omicron,BA.1.1,2022-02-09
-35.950623,-6.4368935,-1,EPI_ISL_8719049,Omicron,BA.1.1,2021-12-31
-28.016775,21.373554,-1,EPI_ISL_15380649,Omicron,BQ.1.1.31,2022-10-02
-32.68341,10.231789,-1,EPI_ISL_8325693,Omicron,BA.1,2021-12-24
-36.231857,-6.0540857,-1,EPI_ISL_10559024,Omicron,BA.1.1,2022-02-16
-36.03653,-6.264989,-1,EPI_ISL_9071244,Omicron,BA.1.1.1,2022-01-17
-40.933315,10.6500225,-1,EPI_ISL_13559310,Omicron,BA.2,2022-06-15
-36.03659,-6.351102,-1,EPI_ISL_11037402,Omicron,BA.1.1,2022-03-02
-40.597282,10.306263,-1,EPI_ISL_10096952,Omicron,BA.2,2022-02-11
-28.016684,21.224945,-1,EPI_ISL_16456965,Omicron,DE.2,2023-01-04
-28.079262,21.357704,-1,EPI_ISL_16280844,Omicron,BQ.1.23,2022-12-11
-32.464973,10.122631,-1,EPI_ISL_14084940,Omicron,BA.1,2022-03-09
-40.82381,10.454702,-1,EPI_ISL_12231690,Omicron,Unassigned,2022-04-08
-36.067825,-6.319643,-1,EPI_ISL_8940635,Omicron,BA.1.1,2022-01-18
-40.50363,10.149973,-1,EPI_ISL_14394067,Omicron,BA.2,2022-07-15
-27.915195,21.170303,-1,EPI_ISL_16618311,Omicron,BE.9,2022-12-05
-40.87874,10.400055,-1,EPI_ISL_10257508,Omicron,BA.2.10,2022-02-05
-20.047688,27.140182,-1,EPI_ISL_16823599,Omicron,BQ.1.2,2023-01-15
-40.84738,10.556267,-1,EPI_ISL_13012923,Omicron,BA.2,2022-05-16
-42.209038,-11.290548,-1,EPI_ISL_13660062,Omicron,BA.2.38,2022-06-19
-32.66791,10.184944,-1,EPI_ISL_8940855,Omicron,BA.1,2022-01-14
-36.044563,-6.3743114,-1,EPI_ISL_10608834,Omicron,BA.1.1,2022-02-21
-27.946589,21.240646,-1,EPI_ISL_16246399,Omicron,BQ.1.23,2022-11-30
-32.39454,10.028748,-1,EPI_ISL_9659375,Omicron,BA.1,2022-01-19
-32.57416,10.075558,-1,EPI_ISL_10543158,Omicron,BA.1.17.2,2022-02-16
-32.69129,10.286478,-1,EPI_ISL_10563387,Omicron,BA.1,2021-12-31
-40.699055,10.400028,-1,EPI_ISL_12967325,Omicron,BA.2.3.6,2022-04-27
-32.5431,10.059874,-1,EPI_ISL_8898440,Omicron,BA.1.15,2022-01-11
-32.58201,10.1068535,-1,EPI_ISL_8945874,Omicron,BA.1.17.2,2022-01-13
-35.78667,-6.5149803,-1,EPI_ISL_9734252,Omicron,BA.1.1,2022-01-27
-40.745827,10.274881,-1,EPI_ISL_11775283,Omicron,BA.2.9,2022-03-26
-40.784794,10.376553,-1,EPI_ISL_9454359,Omicron,BA.2,2022-01-24
-41.6073,-10.673325,-1,EPI_ISL_13172470,Omicron,BA.2.3,2022-01-17
-40.69889,10.282921,-1,EPI_ISL_16050008,Omicron,BA.2,2022-05-18
-36.005447,-6.389964,-1,EPI_ISL_9423817,Omicron,Unassigned,2021-12-24
-32.550907,10.122656,-1,EPI_ISL_9464465,Omicron,BA.1,2022-01-11
-32.652523,10.200623,-1,EPI_ISL_8515568,Omicron,BA.1.15,2021-12-20
-40.5507,10.275026,-1,EPI_ISL_13795762,Omicron,BA.2,2022-07-08
-40.58951,10.259602,-1,EPI_ISL_12165912,Omicron,BA.2,2022-04-06
-20.468792,26.825287,-1,EPI_ISL_16423841,Omicron,BQ.1,2022-11-21
-32.511955,10.106701,-1,EPI_ISL_9461033,Omicron,BA.1.21,2021-12-17
-32.324173,9.94278,-1,EPI_ISL_8801353,Omicron,BA.1,2021-12-21
-40.76925,10.345346,-1,EPI_ISL_14118167,Omicron,BA.2.72,2022-06-10
-35.942825,-6.343008,-1,EPI_ISL_11351615,Omicron,BA.1.1,2022-03-08
-40.987885,10.798439,-1,EPI_ISL_12909567,Omicron,Unassigned,2022-05-09
-40.79272,10.368816,-1,EPI_ISL_14114060,Omicron,BA.2.3.1,2022-06-03
-28.157406,21.334309,-1,EPI_ISL_16582382,Omicron,Unassigned,2023-01-09
-32.51939,10.07551,-1,EPI_ISL_12931483,Omicron,BA.1.18,2022-02-09
-40.90988,10.689095,-1,EPI_ISL_12583902,Omicron,BA.2,2022-04-07
-40.71454,10.290634,-1,EPI_ISL_11309071,Omicron,BA.2.55,2022-03-15
-36.099068,-6.163376,-1,EPI_ISL_12949887,Omicron,BA.1.1,2022-03-28
-40.847443,10.431271,-1,EPI_ISL_12117585,Omicron,BA.2,2022-04-06
-42.255924,-11.282485,-1,EPI_ISL_11949873,Omicron,BA.2.1,2022-02-20
-40.824066,10.361099,-1,EPI_ISL_13107721,Omicron,BA.2,2022-05-24
-40.847427,10.454767,-1,EPI_ISL_13031182,Omicron,BA.2.36,2022-05-16
-36.380394,-7.311764,-1,EPI_ISL_12941576,Omicron,BA.1.1,2022-02-17
-40.636475,10.181183,-1,EPI_ISL_12317475,Omicron,BA.2,2022-04-21
-40.948715,10.548468,-1,EPI_ISL_12920459,Omicron,BA.2,2022-05-17
-28.923058,20.553074,-1,EPI_ISL_15881929,Omicron,BQ.1.11,2022-11-17
-37.083244,-6.897814,-1,EPI_ISL_13463153,Omicron,BA.1.1,2022-02-25
-32.753986,10.239586,-1,EPI_ISL_9672854,Omicron,BA.1.17,2022-01-07
-20.89995,27.261192,-1,EPI_ISL_17172872,Omicron,BQ.1.10,2023-01-13
-28.07927,21.302994,-1,EPI_ISL_17387902,Omicron,BQ.1.12,2023-03-17
-36.083454,-6.2258167,-1,EPI_ISL_11476323,Omicron,BA.1.1,2022-02-18
-32.597694,10.161501,-1,EPI_ISL_8971135,Omicron,BA.1.17.2,2022-01-15
-40.917603,10.649948,-1,EPI_ISL_11581385,Omicron,BA.2,2022-02-28
-40.44127,10.126383,-1,EPI_ISL_11867490,Omicron,BA.2,2022-03-17
-40.823883,10.392349,-1,EPI_ISL_11419581,Omicron,BA.2,2022-03-16
-40.862995,10.486111,-1,EPI_ISL_11547224,Omicron,BA.2,2022-03-21
-41.250893,-10.053089,-1,EPI_ISL_12449627,Omicron,BA.2,2022-04-25
-41.019203,10.728127,-1,EPI_ISL_13614452,Omicron,BA.2.3,2022-05-15
-35.903893,-6.3898582,-1,EPI_ISL_10213503,Omicron,BA.1.1,2022-01-24
-40.8318,10.368902,-1,EPI_ISL_10009650,Omicron,BA.2,2022-01-27
-28.118439,21.326595,-1,EPI_ISL_17165660,Omicron,BQ.1.13.1,2023-03-02
-40.417763,10.188957,-1,EPI_ISL_14441257,Omicron,BA.2.9.7,2022-07-07
-35.997467,-6.319599,-1,EPI_ISL_11138726,Omicron,BA.1.1,2022-01-20
-41.019215,10.962669,-1,EPI_ISL_11741313,Omicron,BA.2,2022
-32.550728,10.083431,-1,EPI_ISL_9912515,Omicron,BA.1.15,2022-01-24
-22.914946,26.04943,-1,EPI_ISL_16449212,Omicron,BQ.1.23,2022-12-15
-32.488365,10.083391,-1,EPI_ISL_10268579,Omicron,BA.1,2022-02-05
-36.16928,-6.1085377,-1,EPI_ISL_11711006,Omicron,BA.1.1.2,2022
-32.44134,10.052065,-1,EPI_ISL_8772756,Omicron,BA.1.15.1,2022-01-08
-28.089848,0.5612917,-1,EPI_ISL_9641860,Omicron,BA.1.1,2022-02-02
-27.954308,21.279491,-1,EPI_ISL_16208518,Omicron,BQ.1.2,2022-12-05
-40.90972,10.6188545,-1,EPI_ISL_9651149,Omicron,BA.2.10,2022-02-02
-35.997486,-6.327343,-1,EPI_ISL_9276822,Omicron,BA.1.1.15,2022-01-20
-20.071064,26.853638,-1,EPI_ISL_15859280,Omicron,BQ.1.19,2022-11-15
-40.53479,10.181307,-1,EPI_ISL_13015702,Omicron,BA.2.36,2022-05-20
-40.90982,10.517233,-1,EPI_ISL_10811995,Omicron,BA.2.9,2022-03-01
-32.581955,10.11475,-1,EPI_ISL_8860001,Omicron,BA.1.14,2022-01-10
-40.480194,10.212509,-1,EPI_ISL_14074996,Omicron,BA.2.73,2022-07-05
-32.464745,10.036564,-1,EPI_ISL_10117725,Omicron,BA.1,2022-02-15
-42.318367,-11.157762,-1,EPI_ISL_9447066,Omicron,BA.2,2022
-28.0715,21.30283,-1,EPI_ISL_16420873,Omicron,Unassigned,2022-12-27
-32.6131,10.169361,-1,EPI_ISL_8755418,Omicron,BA.1,2022-01-04
-40.19113,10.0953045,-1,EPI_ISL_12675535,Omicron,BA.2,2022-04-29
-41.69386,-10.532404,-1,EPI_ISL_11938212,Omicron,BA.2,2022-02-03
-40.80037,10.41581,-1,EPI_ISL_14999341,Omicron,BA.2,2022
-32.425858,9.997519,-1,EPI_ISL_8468996,Omicron,BA.1,2021-12-19
-35.989815,-6.101042,-1,EPI_ISL_8847450,Omicron,BA.1.1.13,2022-01-13
-40.941124,10.618814,-1,EPI_ISL_11540152,Omicron,BA.2.2,2022-03-21
-28.055855,21.279537,-1,EPI_ISL_16256448,Omicron,BQ.1.2,2022-12-12
-32.67578,10.2862625,-1,EPI_ISL_9597880,Omicron,BA.1.17.2,2022-01-31
-36.067806,-6.288398,-1,EPI_ISL_8470595,Omicron,BA.1.1,2021-12-27
-28.016865,21.240746,-1,EPI_ISL_16609873,Omicron,BQ.1.10,2023-01-09
-42.427658,-12.1421,-1,EPI_ISL_12417237,Omicron,BA.2,2022-04-19
-40.83181,10.329796,-1,EPI_ISL_12319915,Omicron,BA.2,2022-04-01
-40.80049,10.36101,-1,EPI_ISL_12282872,Omicron,BA.2,2022-04-18
-35.89585,-6.4290094,-1,EPI_ISL_9186438,Omicron,BA.1.1,2022-01-10
-32.449203,10.05217,-1,EPI_ISL_8653650,Omicron,BA.1,2022-01-03
-28.016947,21.271801,-1,EPI_ISL_16115583,Omicron,BQ.1,2022-11-28
-32.706963,10.270798,-1,EPI_ISL_8945488,Omicron,BA.1.15.1,2022-01-12
-37.177307,-6.5538216,-1,EPI_ISL_9398560,Omicron,BA.1.1,2022-01-26
-36.442814,-7.257042,-1,EPI_ISL_10829349,Omicron,BA.1.1,2022-01-22
-36.864807,-6.8978043,-1,EPI_ISL_10288358,Omicron,BA.1.1,2022-02-10
-40.909874,10.579735,-1,EPI_ISL_13056388,Omicron,BA.2,2022-05-24
-42.185585,-11.657595,-1,EPI_ISL_16197616,Omicron,BA.2,2022-03-23
-29.04037,20.943596,-1,EPI_ISL_15644361,Omicron,BQ.1.14,2022-10-13
-28.071323,21.295364,-1,EPI_ISL_15946446,Omicron,BQ.1.5,2022-11-14
-32.43347,10.012993,-1,EPI_ISL_10037646,Omicron,Unassigned,2022-01-17
-24.227602,24.595173,-1,EPI_ISL_17060071,Omicron,BQ.1.3,2022-11-14
-40.78489,10.400213,-1,EPI_ISL_14079174,Omicron,BA.2.71,2022-07-07
-28.016834,21.24833,-1,EPI_ISL_16580280,Omicron,BQ.1.10.3,2023-01-11
-28.016968,21.170319,-1,EPI_ISL_17018397,Omicron,BQ.1.13.1,2023-02-11
-40.86283,10.423491,-1,EPI_ISL_11007267,Omicron,BA.2,2022-02-22
-40.933235,10.642578,-1,EPI_ISL_13283652,Omicron,BA.2,2022-05-30
-42.490173,-11.32957,-1,EPI_ISL_17315481,Omicron,BA.2,2022-01-27
-40.777283,10.392237,-1,EPI_ISL_13223925,Omicron,BA.2.36,2022-06-03
-32.691254,10.28648,-1,EPI_ISL_9307100,Omicron,BA.1.17.2,2022-01-25
-40.862865,10.446962,-1,EPI_ISL_12384645,Omicron,BA.2,2022-04-03
-32.589813,10.239592,-1,EPI_ISL_10518008,Omicron,BA.1,2022-02-23
-35.934887,-6.382016,-1,EPI_ISL_8267710,Omicron,BA.1.1.8,2021-12-11
-40.792725,10.329905,-1,EPI_ISL_10734092,Omicron,BA.2,2022-02-26
-40.425587,10.103277,-1,EPI_ISL_13409263,Omicron,BA.2,2022-05-30
-28.071676,21.279583,-1,EPI_ISL_17182139,Omicron,BQ.1.12,2023-02-24
-36.208336,-6.093092,-1,EPI_ISL_9576987,Omicron,BA.1.1,2022-01-19
-40.89425,10.485786,-1,EPI_ISL_12769081,Omicron,BA.2,2022-05-11
-40.76143,10.36112,-1,EPI_ISL_12943065,Omicron,BA.2.3.1,2022-03-29
-32.45715,9.981697,-1,EPI_ISL_10558590,Omicron,BA.1,2022-02-16
-41.247864,-10.228085,-1,EPI_ISL_15014007,Omicron,BA.2.10,2022-07-10
-40.76169,10.384369,-1,EPI_ISL_11446440,Omicron,BA.2,2022-03-14
-36.09113,-6.2337914,-1,EPI_ISL_8551104,Omicron,BA.1.1,2021-12-29
-42.380806,-11.204564,-1,EPI_ISL_12526557,Omicron,BA.2,2022-04-25
-36.2083,-6.1319933,-1,EPI_ISL_9599537,Omicron,BA.1.1.14,2022-01-30
-41.026955,10.657854,-1,EPI_ISL_10537868,Omicron,BA.2.10,2022-02-19
-40.722397,10.298542,-1,EPI_ISL_14297304,Omicron,Unassigned,2022-07-22
-32.6443,10.169374,-1,EPI_ISL_10830801,Omicron,BA.1,2022-01-30
-36.138294,-6.2493286,-1,EPI_ISL_11963034,Omicron,BA.1.1,2022-03-15
-32.6053,10.231758,-1,EPI_ISL_10037578,Omicron,Unassigned,2022-01-17
-40.636284,10.337702,-1,EPI_ISL_13113225,Omicron,BA.2.9,2022-05-25
-32.441204,10.130346,-1,EPI_ISL_9826703,Omicron,BA.1,2022-02-05
-40.347404,10.165539,-1,EPI_ISL_12095821,Omicron,BA.2,2022-04-11
-40.90986,10.556347,-1,EPI_ISL_12710396,Omicron,BA.2,2022-04-27
-32.738136,10.3802395,-1,EPI_ISL_10831028,Omicron,BA.1.15.2,2022-02-04
-40.70662,10.298559,-1,EPI_ISL_12113242,Omicron,BA.2.1,2022-04-01
-35.903976,-6.3977356,-1,EPI_ISL_11747574,Omicron,BA.1.1,2022-03-19
-35.981873,-6.413275,-1,EPI_ISL_9660666,Omicron,BA.1.1,2022-01-21
-32.441498,9.98967,-1,EPI_ISL_8975821,Omicron,BA.1.17.2,2022-01-06
-36.020844,-6.334944,-1,EPI_ISL_12049664,Omicron,BA.1.1,2022-03-24
-40.706837,10.298449,-1,EPI_ISL_13620973,Omicron,BA.2.9,2022-06-24
-42.78709,-11.0949955,-1,EPI_ISL_11452403,Omicron,BA.2,2022-03-05
-28.126232,21.357723,-1,EPI_ISL_16170715,Omicron,BQ.1.10.1,2022-12-06
-40.659996,10.251471,-1,EPI_ISL_12408499,Omicron,BA.2,2022-04-19
-36.20851,-6.139889,-1,EPI_ISL_9344323,Omicron,BA.1.1,2022-01-12
-32.45703,10.122486,-1,EPI_ISL_11202830,Omicron,BA.1,2022-02-01
-32.63677,10.153603,-1,EPI_ISL_8871601,Omicron,BA.1,2021-12-24
-42.271515,-11.251448,-1,EPI_ISL_10929971,Omicron,BA.2,2022-02-27
-32.332,9.981812,-1,EPI_ISL_11450288,Omicron,BA.1.17.2,2022-01-11
-32.636665,10.208397,-1,EPI_ISL_8602925,Omicron,BA.1.17.2,2021-12-30
-28.589298,0.07614422,-1,EPI_ISL_10191203,Omicron,Unassigned,2022-02-11
-28.001122,21.209305,-1,EPI_ISL_16168310,Omicron,BQ.1.2,2022-12-02
-40.56599,10.22028,-1,EPI_ISL_10015225,Omicron,BA.2,2022-02-12
-40.714565,10.368826,-1,EPI_ISL_8926255,Omicron,BA.2,2022-01-15
-32.714905,10.239698,-1,EPI_ISL_8746937,Omicron,BA.1,2022-01-13
-40.792812,10.321867,-1,EPI_ISL_12503352,Omicron,BA.2,2022-04-15
-26.51595,2.07967,-1,EPI_ISL_9314717,Omicron,BA.1.1.12,2022-01-22
-36.88038,-7.2882614,-1,EPI_ISL_11174196,Omicron,BA.1.1,2022-03-04
-42.920082,-12.032604,-1,EPI_ISL_10933938,Omicron,BA.2,2022-03-02
-40.91767,10.478161,-1,EPI_ISL_11366103,Omicron,BA.2.3,2022-02-14
-40.80054,10.329813,-1,EPI_ISL_16411047,Omicron,BA.2,2022-02-23
-40.177696,-9.201478,-1,EPI_ISL_11476259,Omicron,BA.1.15,2022-02-18
-36.841156,-7.35091,-1,EPI_ISL_10433447,Omicron,BA.1.1.2,2022-01-27
24.801186,-16.139086,-1,EPI_ISL_8210537,Omicron,B.1.1.529,2021-12-20
-40.79261,10.384733,-1,EPI_ISL_9068148,Omicron,BA.2,2022-01-13
-28.008892,21.217209,-1,EPI_ISL_16336368,Omicron,BQ.1.12,2022-11-18
-32.37087,10.059982,-1,EPI_ISL_9689049,Omicron,BA.1,2022
-40.87066,10.431217,-1,EPI_ISL_16411106,Omicron,BA.2,2022-04-18
-32.57418,10.184883,-1,EPI_ISL_8932817,Omicron,BA.1.15.1,2022-01-13
-40.964455,10.64222,-1,EPI_ISL_15858485,Omicron,BA.2,2022-03-15
-40.644203,10.376514,-1,EPI_ISL_11710151,Omicron,BA.2.3.1,2022-02-12
-28.008902,21.20161,-1,EPI_ISL_17277899,Omicron,BQ.1,2023-01-02
-40.847412,10.423452,-1,EPI_ISL_12291988,Omicron,BA.2,2022-04-11
-36.09117,-6.3276005,-1,EPI_ISL_9221755,Omicron,BA.1.1,2022-01-17
-36.051964,-6.28837,-1,EPI_ISL_10023171,Omicron,BA.1.1,2022-02-03
-40.784798,10.306421,-1,EPI_ISL_14125343,Omicron,BA.2.3.18,2022-06-16
-40.886303,10.447044,-1,EPI_ISL_14108791,Omicron,BA.2.3.1,2022-05-20
-32.68361,10.013063,-1,EPI_ISL_8092653,Omicron,BD.1,2021-12-18
-25.5168,2.5894074,-1,EPI_ISL_14244438,Omicron,BA.1.1,2022-06-03
-35.724113,-6.4914484,-1,EPI_ISL_10790911,Omicron,BA.1.1.8,2022-02-07
-40.956863,10.493723,-1,EPI_ISL_12589972,Omicron,BA.2.3.15,2022-04-26
-42.24028,-11.196702,-1,EPI_ISL_10794964,Omicron,BA.2.5,2022-02-24
-40.870865,10.438972,-1,EPI_ISL_12986494,Omicron,BA.2.10.2,2022-04-17
-41.01141,10.611008,-1,EPI_ISL_14227311,Omicron,Unassigned,2022
-40.745975,10.337597,-1,EPI_ISL_12910472,Omicron,Unassigned,2022-05-08
-28.071259,21.349968,-1,EPI_ISL_16633082,Omicron,BQ.1.10,2023-01-04
-32.39465,10.028637,-1,EPI_ISL_15740554,Omicron,BA.1,2022
-28.141647,21.349983,-1,EPI_ISL_16651373,Omicron,BQ.1.28,2022-12-28
-28.024708,21.248436,-1,EPI_ISL_15904412,Omicron,BQ.1.8,2022-10-31
-32.613327,10.122374,-1,EPI_ISL_12061986,Omicron,BA.1.17.2,2022-02-01
-32.69131,10.239677,-1,EPI_ISL_9277045,Omicron,BA.1.17.2,2022-01-21
-40.792717,10.392349,-1,EPI_ISL_12456919,Omicron,BA.2,2022-04-22
-35.974125,-6.358781,-1,EPI_ISL_12319197,Omicron,BA.1.1,2022-04-22
-36.09908,-6.1631985,-1,EPI_ISL_9463229,Omicron,BA.1.1.1,2022-01-25
-40.777065,10.392101,-1,EPI_ISL_11481149,Omicron,BA.2,2022-02-18
-32.527405,10.145992,-1,EPI_ISL_9888579,Omicron,BA.1.17.2,2022-02-09
-32.63683,10.020693,-1,EPI_ISL_9441764,Omicron,BA.1.15.1,2022-01-26
-35.981953,-6.4135027,-1,EPI_ISL_10042146,Omicron,BA.1.1,2022-02-02
-41.034924,10.556377,-1,EPI_ISL_12428797,Omicron,BA.2,2022-04-22
-28.024775,21.240707,-1,EPI_ISL_16420443,Omicron,Unassigned,2022-12-27
-40.87065,10.353254,-1,EPI_ISL_11263070,Omicron,BA.2,2022-02-27
-32.71482,10.348883,-1,EPI_ISL_10983483,Omicron,BA.1.17,2022-01-30
-32.589695,10.14576,-1,EPI_ISL_8858171,Omicron,BA.1,2022-01-10
-40.77694,10.407791,-1,EPI_ISL_10635653,Omicron,BA.2,2022-02-24
-40.706886,10.337706,-1,EPI_ISL_10148876,Omicron,BA.2.10,2022-01-27
-32.683445,10.223869,-1,EPI_ISL_9176023,Omicron,BA.1,2022-01-04
-40.792778,10.329895,-1,EPI_ISL_10813022,Omicron,BA.2,2022-02-22
-40.902203,10.454582,-1,EPI_ISL_9779438,Omicron,BA.2.10,2022-01-12
-40.542683,10.236069,-1,EPI_ISL_8700569,Omicron,BA.2.9,2022-01-07
-36.02108,-6.3195333,-1,EPI_ISL_11571099,Omicron,BA.1.1,2022-03-17
-36.028824,-6.3429136,-1,EPI_ISL_11967199,Omicron,BA.1.1,2022-02-07
-40.870697,10.42363,-1,EPI_ISL_9904971,Omicron,BA.2.9,2022-02-01
-40.63635,10.446991,-1,EPI_ISL_13100377,Omicron,BA.2,2022-05-18
-28.01678,21.263885,-1,EPI_ISL_15551942,Omicron,BQ.1.2,2022-10-21
-32.503773,10.020811,-1,EPI_ISL_10624102,Omicron,BA.1.15,2022-02-09
-32.574303,9.9816475,-1,EPI_ISL_16195530,Omicron,BA.1.17,2022-02-22
-35.911667,-6.3899546,-1,EPI_ISL_10701538,Omicron,BA.1.1,2022-01-27
-32.831844,10.450777,-1,EPI_ISL_8942067,Omicron,BA.1.15.1,2022-01-10
-40.769295,10.423347,-1,EPI_ISL_11263323,Omicron,BA.2.2,2022-03-13
-29.063587,21.576614,-1,EPI_ISL_16608398,Omicron,BQ.1.2,2022-12-19
-32.61316,10.317717,-1,EPI_ISL_10839257,Omicron,BA.1.15,2022-02-11
-37.028763,-6.8197327,-1,EPI_ISL_10370403,Omicron,BA.1.1,2022-02-10
-40.847385,10.337467,-1,EPI_ISL_12512922,Omicron,BA.2.3,2022-04-21
-40.84742,10.4393215,-1,EPI_ISL_10206196,Omicron,BA.2,2022-02-15
-37.130424,-6.952282,-1,EPI_ISL_11718829,Omicron,BC.1,2022-03-02
-26.264088,1.9440994,-1,EPI_ISL_15210846,Omicron,BA.1.1.18,2022-04-17
-37.044308,-7.04607,-1,EPI_ISL_10039184,Omicron,Unassigned,2022-01-30
-21.047268,24.574043,-1,EPI_ISL_15793973,Omicron,CK.2.1.1,2022-10-29
-40.784836,10.392065,-1,EPI_ISL_12658071,Omicron,BA.2,2022-05-09
-40.855034,10.548492,-1,EPI_ISL_12475912,Omicron,BA.2.9.3,2022-04-27
-40.76911,10.415775,-1,EPI_ISL_10524719,Omicron,BA.2.10,2022-02-08
-36.091225,-6.288416,-1,EPI_ISL_8853613,Omicron,BA.1.1.13,2022-01-10
-40.730015,10.313961,-1,EPI_ISL_11185670,Omicron,BA.2,2022-03-11
-32.480312,10.059818,-1,EPI_ISL_9306792,Omicron,BA.1.17.2,2022-01-23
-32.347404,9.958454,-1,EPI_ISL_9679237,Omicron,BA.1.21.1,2022-01-11
-40.925507,10.603249,-1,EPI_ISL_11656190,Omicron,BA.2,2022-03-23
-40.292645,10.142311,-1,EPI_ISL_11554911,Omicron,BA.2,2022-03-21
-41.05071,10.962568,-1,EPI_ISL_12286342,Omicron,BA.2,2022-04-18
-40.995686,10.774952,-1,EPI_ISL_13964180,Omicron,BA.2.3,2022-07-06
-28.040207,21.279404,-1,EPI_ISL_16090807,Omicron,BQ.1,2022-11-25
-28.094875,21.224861,-1,EPI_ISL_17016153,Omicron,BQ.1.5,2023-01-11
-42.41204,-11.102993,-1,EPI_ISL_14468749,Omicron,BA.2.47,2022-06-14
-28.05589,21.30317,-1,EPI_ISL_16321439,Omicron,BQ.1.12,2022-12-13
-28.024616,21.24052,-1,EPI_ISL_16555140,Omicron,BQ.1.3,2022-11-28
-32.566296,10.091297,-1,EPI_ISL_16197528,Omicron,BA.1.17,2022-03-23
-40.714527,10.361122,-1,EPI_ISL_10681925,Omicron,BA.2.10,2022-02-14
-36.013092,-6.3743668,-1,EPI_ISL_9316567,Omicron,BA.1.1,2022-01-24
-40.4647,10.228109,-1,EPI_ISL_10319108,Omicron,BA.2,2022-02-18
-28.821478,20.365566,-1,EPI_ISL_16530462,Omicron,BQ.1.9,2023-01-04
-40.9802,10.689045,-1,EPI_ISL_13276233,Omicron,BA.2,2022-05-31
-40.98027,10.946888,-1,EPI_ISL_11444335,Omicron,BA.2.3,2022-03-21
-40.972248,10.728174,-1,EPI_ISL_12280624,Omicron,BA.2.36,2022-04-20
-32.574337,10.16927,-1,EPI_ISL_10106442,Omicron,BA.1,2022-02-13
-28.055908,21.318657,-1,EPI_ISL_16424087,Omicron,EA.1,2022-12-05
-28.11824,21.365582,-1,EPI_ISL_16544521,Omicron,BQ.1.6,2022-11-07
-40.85508,10.446972,-1,EPI_ISL_14112007,Omicron,BA.2.3.1,2022-06-02
-36.09909,-6.1788864,-1,EPI_ISL_9192515,Omicron,BA.1.1,2022-01-12
-40.863,10.423658,-1,EPI_ISL_11114788,Omicron,BA.2.9,2022-03-10
-40.94113,10.454597,-1,EPI_ISL_13795601,Omicron,BA.2.9,2022-06-27
-40.831818,10.423538,-1,EPI_ISL_11664330,Omicron,BA.2.3.15,2022-03-22
-28.032337,21.233032,-1,EPI_ISL_16837595,Omicron,BQ.1.8,2023-01-23
-28.102669,21.271835,-1,EPI_ISL_16409529,Omicron,BQ.1.26.1,2022-12-28
-32.37879,9.958347,-1,EPI_ISL_8780178,Omicron,BA.1.19,2022-01-04
-20.83593,26.454887,-1,EPI_ISL_16271782,Omicron,BQ.1.12,2022-12-04
-35.98183,-6.2884026,-1,EPI_ISL_9245899,Omicron,BA.1.1.1,2022-01-10
-40.691105,10.235985,-1,EPI_ISL_13892975,Omicron,BA.2,2022-06-02
-40.89426,10.47036,-1,EPI_ISL_11396005,Omicron,BA.2,2022-03-16
-35.9273,-6.3898897,-1,EPI_ISL_10712713,Omicron,BA.1.1,2022-02-18
-28.0793,21.295258,-1,EPI_ISL_16911476,Omicron,BQ.1.2,2023-01-17
-36.09916,-6.1945887,-1,EPI_ISL_12428398,Omicron,BA.1.1.18,2022-01-24
24.769875,-16.037697,-1,EPI_ISL_10065608,Omicron,BA.2,2022-02-01
-32.59762,10.09898,-1,EPI_ISL_10260214,Omicron,BA.1.16,2022-02-01
-40.534843,10.212429,-1,EPI_ISL_9011381,Omicron,BA.2.9,2022-01-14
-32.456917,10.059845,-1,EPI_ISL_10173230,Omicron,BA.1.18,2022-02-07
-42.130714,-11.46237,-1,EPI_ISL_12741836,Omicron,BA.2,2022-05-09
-40.386227,10.19673,-1,EPI_ISL_12185229,Omicron,BA.2.12,2022-03-24
-32.41013,10.036484,-1,EPI_ISL_12202095,Omicron,BA.1,2022-02-02
-36.341454,-7.4522552,-1,EPI_ISL_12097001,Omicron,BA.1.1,2022-03-29
-40.62075,10.173616,-1,EPI_ISL_13914062,Omicron,BA.2,2022-06-14
-40.40993,10.251852,-1,EPI_ISL_11381431,Omicron,BA.2,2022-03-17
-40.769203,10.306236,-1,EPI_ISL_13366692,Omicron,BA.2.36,2022-06-12
-32.527203,10.083265,-1,EPI_ISL_10557802,Omicron,BA.1.17,2022-02-15
-36.05235,-6.374337,-1,EPI_ISL_11179452,Omicron,BA.1.1,2022-02-25
-20.5947,27.546825,-1,EPI_ISL_15713669,Omicron,CK.2.1,2022-11-01
-21.38395,25.608517,-1,EPI_ISL_16016879,Omicron,BQ.1.23,2022-11-28
-40.769436,10.220268,-1,EPI_ISL_10506221,Omicron,BA.2,2022-02-22
-40.894207,10.415678,-1,EPI_ISL_9123260,Omicron,BA.2,2022-01-17
-35.75533,-6.764986,-1,EPI_ISL_9289790,Omicron,BA.1.1,2022-01-01
-40.88658,10.524977,-1,EPI_ISL_15479044,Omicron,Unassigned,2022-07-14
-40.792564,10.298573,-1,EPI_ISL_12433567,Omicron,BA.2,2022-04-18
-40.80822,10.306437,-1,EPI_ISL_11919649,Omicron,BA.2,2022-03-29
-32.65228,10.083277,-1,EPI_ISL_8785791,Omicron,BA.1,2021-12-22
-42.771477,-11.181126,-1,EPI_ISL_12187365,Omicron,BA.2,2022-03-21
-36.185066,-6.4836864,-1,EPI_ISL_10884159,Omicron,BA.1.1,2022-02-20
-28.063656,21.263771,-1,EPI_ISL_16026658,Omicron,BQ.1.23,2022-11-26
-40.777283,10.485931,-1,EPI_ISL_13381334,Omicron,BA.2,2022-06-09
-40.72235,10.314095,-1,EPI_ISL_12850139,Omicron,BA.2.37,2022-05-02
-13.800294,-33.522842,-1,EPI_ISL_8082633,Omicron,B.1.1.529,2021-12-16
-28.02461,21.295216,-1,EPI_ISL_15687184,Omicron,BQ.1,2022-10-28
-32.308685,9.966192,-1,EPI_ISL_8963675,Omicron,BA.1.17.2,2022-01-13
-40.659874,10.298561,-1,EPI_ISL_12139280,Omicron,BA.2,2022-04-09
-40.628483,10.126625,-1,EPI_ISL_15683580,Omicron,BA.2.2,2022-07-20
-28.087196,21.3265,-1,EPI_ISL_17278065,Omicron,BQ.1.2,2022-12-14
-29.098772,0.7108536,-1,EPI_ISL_10874655,Omicron,BA.1.1,2022-03-01
-32.394577,10.122612,-1,EPI_ISL_8780155,Omicron,BA.1.17.2,2022-01-02
-36.013077,-6.405589,-1,EPI_ISL_9421417,Omicron,Unassigned,2022-01-16
-40.6287,10.1891,-1,EPI_ISL_13895243,Omicron,BA.2,2022-04-01
-28.063505,21.30312,-1,EPI_ISL_15603118,Omicron,BQ.1,2022
-40.4256,10.142088,-1,EPI_ISL_16239479,Omicron,BA.2,2022-06-02
-43.052708,-11.251334,-1,EPI_ISL_13339035,Omicron,BA.2.71,2022-05-15
-36.020874,-6.358694,-1,EPI_ISL_9069886,Omicron,BA.1.1,2022-01-18
-40.39432,10.181389,-1,EPI_ISL_12836969,Omicron,BA.2,2022-04-14
-28.024609,21.240723,-1,EPI_ISL_16205216,Omicron,BQ.1.10,2022-12-03
-40.23015,10.189285,-1,EPI_ISL_12844638,Omicron,BA.2,2022-05-02
-32.558495,10.153809,-1,EPI_ISL_10443462,Omicron,BA.1,2022-02-18
-40.901978,10.525166,-1,EPI_ISL_11904744,Omicron,BA.2,2022-03-31
-36.036594,-6.241603,-1,EPI_ISL_9624762,Omicron,BA.1.1,2022-01-14
-40.69902,10.337517,-1,EPI_ISL_11770757,Omicron,BA.2,2022-03-29
-36.12256,-6.2180853,-1,EPI_ISL_9706056,Omicron,BA.1.1.1,2022-01-27
-32.488297,10.060104,-1,EPI_ISL_12326210,Omicron,BA.1.15.1,2022-03-02
-40.769196,10.415562,-1,EPI_ISL_12895819,Omicron,BA.2,2022-05-10
-32.66014,10.208376,-1,EPI_ISL_8875480,Omicron,BA.1,2021-12-31
-40.86308,10.439129,-1,EPI_ISL_9779455,Omicron,BA.2.10.1,2022-01-16
-40.83174,10.548452,-1,EPI_ISL_9163783,Omicron,BA.2.9,2022-01-20
-36.099117,-6.311763,-1,EPI_ISL_11160964,Omicron,Unassigned,2022-03-02
-35.96626,-6.335333,-1,EPI_ISL_9509211,Omicron,BA.1.1.1,2022-01-20
-32.667946,10.122345,-1,EPI_ISL_9282718,Omicron,BA.1.15,2022-01-21
-40.886314,10.431332,-1,EPI_ISL_15680569,Omicron,BA.2.2,2022-08-30
-43.138725,-11.204558,-1,EPI_ISL_16861804,Omicron,BA.2.12.1,2022-06-29
-42.951275,-11.8375225,-1,EPI_ISL_10356159,Omicron,BA.2,2022-02-21
-35.98976,-6.374345,-1,EPI_ISL_12117633,Omicron,BA.1.1,2022-04-06
-35.88034,-6.4992523,-1,EPI_ISL_9982788,Omicron,BA.1.1,2022-02-03
-28.071472,21.27964,-1,EPI_ISL_16696393,Omicron,BQ.1.12,2023-01-12
-40.644135,10.314201,-1,EPI_ISL_14103194,Omicron,BA.2,2022-04-19
-40.87088,10.485886,-1,EPI_ISL_12490305,Omicron,BA.2,2022-04-27
-40.84733,10.376486,-1,EPI_ISL_9651115,Omicron,BA.2,2022-02-03
-36.052204,-6.2725153,-1,EPI_ISL_12871561,Omicron,BA.1.1,2022-02-26
-32.55857,10.138004,-1,EPI_ISL_9276011,Omicron,BA.1.15.1,2022-01-19
-32.363205,10.0208,-1,EPI_ISL_15973992,Omicron,BA.1.15.1,2022-03-04
-32.558456,10.153624,-1,EPI_ISL_9908564,Omicron,BA.1.15.1,2022-01-25
-28.055698,21.224758,-1,EPI_ISL_15769939,Omicron,BQ.1.12,2022-11-05
-36.138226,-6.280713,-1,EPI_ISL_10596018,Omicron,BA.1.1,2022-02-15
-40.839622,10.454618,-1,EPI_ISL_13205083,Omicron,BA.2.29,2022-05-06
-40.417683,10.228159,-1,EPI_ISL_14491271,Omicron,BA.2.3,2022-07-09
-42.45119,-11.228079,-1,EPI_ISL_10520886,Omicron,BA.2.10,2022-02-11
-32.706993,10.278769,-1,EPI_ISL_9019047,Omicron,BA.1.15,2022-01-17
-37.17716,-6.624197,-1,EPI_ISL_12993556,Omicron,BC.1,2022-03-14
-25.305658,23.909626,-1,EPI_ISL_16558460,Omicron,BQ.1.3,2022-11-28
-28.706951,-0.21212292,-1,EPI_ISL_9173643,Omicron,BA.1.1,2022-01-19
-40.89418,10.501492,-1,EPI_ISL_13197227,Omicron,BA.2,2022-05-26
-28.954388,21.22491,-1,EPI_ISL_16009671,Omicron,BQ.1.10,2022-11-17
-40.66758,10.235994,-1,EPI_ISL_10643796,Omicron,BA.2,2022-02-24
-32.480423,10.044361,-1,EPI_ISL_10256036,Omicron,BA.1,2022-02-09
-32.402306,10.153736,-1,EPI_ISL_10728341,Omicron,BA.1.17.2,2022-02-26
-40.92534,10.642355,-1,EPI_ISL_15252517,Omicron,BA.2,2022-05-09
-42.521526,-12.134234,-1,EPI_ISL_9324567,Omicron,BA.2.3,2022-01-05
-32.691544,10.145647,-1,EPI_ISL_10785295,Omicron,BA.1.20,2022-01-31
-32.53501,10.044418,-1,EPI_ISL_12039433,Omicron,BA.1,2022-03-16
-32.36311,9.958382,-1,EPI_ISL_10837895,Omicron,BA.1.15,2021-12-27
-42.482323,-11.220026,-1,EPI_ISL_12824348,Omicron,BA.2.9,2022-05-05
-36.310005,-5.9447336,-1,EPI_ISL_10346545,Omicron,BA.1.1.1,2022-01-24
-36.161648,-6.210188,-1,EPI_ISL_11241365,Omicron,BA.1.1,2022-03-02
-35.97412,-6.3820257,-1,EPI_ISL_11176109,Omicron,BA.1.1,2022-03-07
-28.079502,21.310822,-1,EPI_ISL_17067151,Omicron,BQ.1,2023-01-30
-40.40989,10.282913,-1,EPI_ISL_13636031,Omicron,BA.2,2022-06-10
-32.55075,10.083498,-1,EPI_ISL_7834390,Omicron,BA.1.15,2021-12-13
-42.287033,-11.071733,-1,EPI_ISL_10018472,Omicron,BA.2,2022-02-03
-32.47258,10.013006,-1,EPI_ISL_8706987,Omicron,BA.1.6,2022-01-07
-40.948975,10.579557,-1,EPI_ISL_11786549,Omicron,BA.2,2022-03-28
-42.505997,-11.1186695,-1,EPI_ISL_12806900,Omicron,BA.2,2022-04-25
-28.354738,0.4977665,-1,EPI_ISL_11398163,Omicron,BA.1.1.15,2022-03-17
-32.53512,10.07555,-1,EPI_ISL_8550127,Omicron,BA.1.15,2021-12-28
-28.032505,21.271763,-1,EPI_ISL_15738924,Omicron,BQ.1.5,2022-11-03
-32.34761,9.880196,-1,EPI_ISL_9219988,Omicron,BA.1.20,2022-01-21
-22.094446,25.04815,-1,EPI_ISL_16318385,Omicron,BQ.1,2022-12-09
-35.974068,-6.3978224,-1,EPI_ISL_9582513,Omicron,BA.1.1.1,2022-01-30
-35.76312,-6.5773993,-1,EPI_ISL_13629734,Omicron,BA.1.1,2022-02-02
-35.919567,-6.4132633,-1,EPI_ISL_10460300,Omicron,BA.1.1,2022-02-22
-27.938751,21.123436,-1,EPI_ISL_16218623,Omicron,BQ.1.12,2022-12-07
-42.388718,-12.0402565,-1,EPI_ISL_15210881,Omicron,BA.2,2022-04-18
-32.511517,10.1303005,-1,EPI_ISL_13678216,Omicron,BA.1.15,2022-02-05
-40.933445,10.439077,-1,EPI_ISL_10920302,Omicron,BA.2,2022-03-04
-32.71488,10.294361,-1,EPI_ISL_11327712,Omicron,BA.1.17.2,2022-02-18
-36.091385,-6.2024384,-1,EPI_ISL_10025390,Omicron,BA.1.1,2022-01-13
-40.98797,10.642223,-1,EPI_ISL_14190060,Omicron,BA.2.3.7,2022-05-05
-35.872566,-6.444724,-1,EPI_ISL_10750148,Omicron,BA.1.1,2022-02-15
-41.183315,10.486069,-1,EPI_ISL_13181710,Omicron,BA.2,2022-05-01
-40.784836,10.376646,-1,EPI_ISL_10095604,Omicron,BA.2.9,2022-02-11
-32.621166,10.177177,-1,EPI_ISL_10984532,Omicron,BA.1.17.2,2022-02-22
-28.284554,0.41200924,-1,EPI_ISL_9668770,Omicron,BA.1.1,2022-01-19
-35.927074,-6.3899403,-1,EPI_ISL_12416475,Omicron,BA.1.1,2022-01-26
-42.263725,-11.220312,-1,EPI_ISL_10441562,Omicron,BA.2,2022-02-21
-42.75574,-12.056047,-1,EPI_ISL_9446671,Omicron,BA.2,2022-01-22
-29.809566,-0.30435658,-1,EPI_ISL_9820572,Omicron,BA.1,2022-01-25
-32.64438,10.216156,-1,EPI_ISL_10053490,Omicron,BA.1,2022-02-12
-40.83168,10.376738,-1,EPI_ISL_11466373,Omicron,BA.2,2022-03-07
-40.85518,10.431282,-1,EPI_ISL_13472675,Omicron,Unassigned,2022-05-29
-40.808395,10.454609,-1,EPI_ISL_12793024,Omicron,Unassigned,2022-04-27
-40.49589,10.103046,-1,EPI_ISL_11030076,Omicron,BA.2,2022-03-08
-40.75364,10.275148,-1,EPI_ISL_10065300,Omicron,BA.2,2022-02-10
-28.016798,21.279854,-1,EPI_ISL_16531044,Omicron,BQ.1,2023-01-04
-40.8239,10.431225,-1,EPI_ISL_13324196,Omicron,BA.2,2022-05-30
-35.95079,-6.327526,-1,EPI_ISL_12718197,Omicron,BA.1.1,2022-04-02
-28.071497,21.310932,-1,EPI_ISL_16270500,Omicron,BQ.1,2022-11-23
-27.99349,21.295181,-1,EPI_ISL_17444027,Omicron,BQ.1.3,2022-12-31
-40.714478,10.353073,-1,EPI_ISL_12865784,Omicron,BA.2.73,2022-04-29
-40.97235,10.493992,-1,EPI_ISL_10808345,Omicron,BA.2.9,2022-03-02
-40.784843,10.345423,-1,EPI_ISL_13826515,Omicron,BA.2,2022-06-15
24.191608,-16.076689,-1,EPI_ISL_15805693,Omicron,Unassigned,2022-10-19
-36.0599,-6.233755,-1,EPI_ISL_10281806,Omicron,BA.1.1,2022-01-20
-40.83179,10.509388,-1,EPI_ISL_10983491,Omicron,BA.2.9,2022-03-05
-32.574127,10.020805,-1,EPI_ISL_14629308,Omicron,BA.1.21,2022-03-01
-40.79284,10.31427,-1,EPI_ISL_10345228,Omicron,BA.2.3,2022-02-14
-40.94122,10.470341,-1,EPI_ISL_9131596,Omicron,BA.2,2022-01-18
-32.605644,10.177221,-1,EPI_ISL_9004274,Omicron,BA.1,2022-01-02
-35.99759,-6.2569942,-1,EPI_ISL_9868528,Omicron,BA.1.1,2022-01-22
-28.016693,21.26398,-1,EPI_ISL_16087085,Omicron,BQ.1.2,2022-12-02
-32.50385,9.973892,-1,EPI_ISL_10262849,Omicron,BA.1.17,2022-01-24
-28.03239,21.279766,-1,EPI_ISL_16370191,Omicron,BQ.1.12,2022-12-21
-36.083355,-6.35081,-1,EPI_ISL_14845610,Omicron,BA.1.1.18,2022-03-13
-28.047974,21.295181,-1,EPI_ISL_16515487,Omicron,BQ.1.8,2023-01-06
-36.13815,-6.3818684,-1,EPI_ISL_9748848,Omicron,BA.1.1,2022-01-23
-32.55854,10.099003,-1,EPI_ISL_8929851,Omicron,BA.1,2022-01-07
-40.792656,10.360977,-1,EPI_ISL_12995910,Omicron,BA.2,2022-05-16
-42.537006,-11.868624,-1,EPI_ISL_13562210,Omicron,BA.2,2022-06-06
-40.706932,10.337477,-1,EPI_ISL_11463304,Omicron,BA.2,2022-03-04
-36.0367,-6.350667,-1,EPI_ISL_9258712,Omicron,BA.1.1,2022-01-19
-28.1105,21.357845,-1,EPI_ISL_16059073,Omicron,BQ.1.5,2022-11-23
-28.05595,21.31874,-1,EPI_ISL_16203680,Omicron,BQ.1.3,2022-11-30
-28.063677,21.31863,-1,EPI_ISL_16575006,Omicron,BQ.1.3,2022-12-26
-26.133633,1.9792252,-1,EPI_ISL_8130981,Omicron,BA.1.1,2021-12-21
-32.652252,10.122326,-1,EPI_ISL_8934699,Omicron,BA.1.17.2,2022-01-14
-21.633928,26.724865,-1,EPI_ISL_15614708,Omicron,BQ.1,2022-09
-42.82616,-11.071845,-1,EPI_ISL_12340763,Omicron,BA.2.9,2022-03-29
-40.90993,10.3296795,-1,EPI_ISL_9840596,Omicron,BA.2.10.1,2022-02-06
-40.89418,10.462559,-1,EPI_ISL_12145123,Omicron,BA.2,2022-03-12
-32.60543,10.1146755,-1,EPI_ISL_9631360,Omicron,BA.1,2022-01-26
-20.617123,27.904266,-1,EPI_ISL_16464379,Omicron,BQ.1.2,2022-11-21
-28.048014,21.287388,-1,EPI_ISL_16813694,Omicron,BQ.1.23,2023-01-11
-32.48816,10.044323,-1,EPI_ISL_9290122,Omicron,BA.1.17.2,2022-01-23
-32.511528,10.044338,-1,EPI_ISL_9013579,Omicron,BA.1,2022-01-10
-40.79279,10.361008,-1,EPI_ISL_10483986,Omicron,BA.2,2022-02-15
-32.480396,10.013088,-1,EPI_ISL_10051775,Omicron,BD.1,2022-02-12
-40.85515,10.329649,-1,EPI_ISL_11806231,Omicron,BA.2,2022-03-30
-28.048035,21.240608,-1,EPI_ISL_15912273,Omicron,BQ.1.31,2022-11-18
-32.60537,10.1147175,-1,EPI_ISL_8860550,Omicron,BA.1,2022-01-08
-35.96631,-6.4135,-1,EPI_ISL_11723473,Omicron,BA.1.1,2022-02-22
-32.355244,10.231567,-1,EPI_ISL_10283785,Omicron,BA.1.17,2022-02-06
-40.8395,10.376627,-1,EPI_ISL_14612078,Omicron,BA.2,2022-07-01
-32.472565,9.997562,-1,EPI_ISL_17502702,Omicron,BA.1.20,2022-01-08
-35.99771,-6.327553,-1,EPI_ISL_14304588,Omicron,BA.1.1.1,2022-08-01
-36.17723,-6.093087,-1,EPI_ISL_9792914,Omicron,BA.1.1,2022-01-18
-40.831814,10.361004,-1,EPI_ISL_13190357,Omicron,BA.2,2022-05-29
-32.699017,10.317722,-1,EPI_ISL_9901665,Omicron,BA.1.18,2022-01-30
-40.699062,10.30637,-1,EPI_ISL_13945522,Omicron,BA.2,2022-07-06
-42.50592,-12.306103,-1,EPI_ISL_12193566,Omicron,BA.2,2022-04-04
-32.550922,10.122448,-1,EPI_ISL_11663106,Omicron,BA.1.15.1,2022-01-19
-32.77728,10.356758,-1,EPI_ISL_8336426,Omicron,B.1.1.529,2021-12-31
-40.628654,10.392086,-1,EPI_ISL_12870291,Omicron,BA.2,2022-05-13
-40.94106,10.509466,-1,EPI_ISL_9742545,Omicron,BA.2.9,2022-02-02
-32.621098,10.161615,-1,EPI_ISL_9003185,Omicron,BA.1.17.2,2022-01-09
-28.133904,21.318687,-1,EPI_ISL_15703943,Omicron,BQ.1.10,2022-10-19
-40.308197,10.157799,-1,EPI_ISL_12019134,Omicron,BA.2.9,2022-04-04
-32.62114,10.231739,-1,EPI_ISL_9431814,Omicron,BA.1,2022-01-11
-32.5665,10.153509,-1,EPI_ISL_8036121,Omicron,BA.1,2021-12-10
-36.03672,-6.3274307,-1,EPI_ISL_10111471,Omicron,BA.1.1,2022-02-11
-32.449318,10.059908,-1,EPI_ISL_8758817,Omicron,BA.1.17.2,2022-01-08
-32.605453,10.106743,-1,EPI_ISL_8981271,Omicron,BA.1.15.1,2022-01-04
-28.02449,21.271744,-1,EPI_ISL_16882695,Omicron,BQ.1.14,2023-02-01
-35.95065,-6.319566,-1,EPI_ISL_9253734,Omicron,BA.1.1,2022-01-20
-40.10486,10.196709,-1,EPI_ISL_11317064,Omicron,BA.2.9,2022-03-17
-32.503853,10.091202,-1,EPI_ISL_9842274,Omicron,BA.1.15.1,2022-02-06
-40.30057,9.98584,-1,EPI_ISL_12533224,Omicron,BA.2.51,2022-04-23
-32.49614,10.161541,-1,EPI_ISL_11858136,Omicron,BA.1.15,2022-01-28
-35.99758,-6.4054813,-1,EPI_ISL_10568781,Omicron,BA.1.1,2022-02-17
-35.895897,-6.4524,-1,EPI_ISL_12951629,Omicron,BC.1,2022-03-20
-28.07154,21.24831,-1,EPI_ISL_17179973,Omicron,BQ.1.2,2023-02-22
-27.977762,21.20927,-1,EPI_ISL_17022358,Omicron,BQ.1.2,2023-01-28
-40.777153,10.353203,-1,EPI_ISL_13372350,Omicron,BA.2.41,2022-06-08
-28.024546,21.240623,-1,EPI_ISL_16009810,Omicron,BQ.1,2022-11-18
-35.974358,-6.3507004,-1,EPI_ISL_11623589,Omicron,BA.1.1.18,2022-03-14
-32.597557,10.028772,-1,EPI_ISL_8852856,Omicron,BA.1.15.1,2022-01-12
-40.89431,10.548466,-1,EPI_ISL_12606962,Omicron,BA.2,2022-05-03
-36.060013,-6.366441,-1,EPI_ISL_10236448,Omicron,BA.1.1,2022-02-02
-42.349537,-11.173353,-1,EPI_ISL_13086448,Omicron,BA.2.9.3,2022-05-09
-32.449295,9.997477,-1,EPI_ISL_9900551,Omicron,BA.1,2022-02-05
-35.974144,-6.374447,-1,EPI_ISL_9669149,Omicron,BA.1.1,2022-01-19
-28.071459,21.302982,-1,EPI_ISL_17176728,Omicron,BQ.1.13.1,2023-02-15
-36.200768,-6.0851536,-1,EPI_ISL_12032557,Omicron,BA.1.1,2022-01-19
-40.886482,10.446877,-1,EPI_ISL_12111943,Omicron,BA.2.10,2022-03-28
-32.558556,10.169319,-1,EPI_ISL_9617701,Omicron,BA.1.17.2,2022-01-31
-40.3552,10.118551,-1,EPI_ISL_9997240,Omicron,BA.2,2022-02-10
-35.927246,-6.382208,-1,EPI_ISL_8854501,Omicron,BA.1.1,2022-01-12
-32.5586,10.028698,-1,EPI_ISL_8624586,Omicron,BA.1,2022-01-02
-40.75358,10.314117,-1,EPI_ISL_13458720,Omicron,BA.2,2022-06-07
-36.146084,-6.1711617,-1,EPI_ISL_11201128,Omicron,BA.1.1,2022-01-28
-32.621243,10.11459,-1,EPI_ISL_12563847,Omicron,BA.1.18,2022-01-02
-35.895813,-6.405328,-1,EPI_ISL_8841350,Omicron,BA.1,2021-12-28
-40.83165,10.470297,-1,EPI_ISL_9064035,Omicron,BA.2,2022-01-16
-36.130493,-6.288266,-1,EPI_ISL_13701303,Omicron,BA.1.1,2022-02-08
-28.06368,21.30304,-1,EPI_ISL_16307711,Omicron,BQ.1,2022-12-12
-32.5508,10.1068325,-1,EPI_ISL_9560579,Omicron,BA.1,2022-01-29
-40.85517,10.462641,-1,EPI_ISL_13139732,Omicron,Unassigned,2022-05-20
-36.08352,-6.218096,-1,EPI_ISL_9890690,Omicron,BA.1,2022-02-09
-13.316752,-32.8989,-1,EPI_ISL_15617549,Omicron,BA.2.75,2022-10-04
-42.302887,-11.884159,-1,EPI_ISL_13381765,Omicron,BA.2,2022-06-07
-35.966354,-6.3742733,-1,EPI_ISL_10475777,Omicron,BA.1.1,2022-02-15
-42.216812,-11.563979,-1,EPI_ISL_12787618,Omicron,BA.2,2022-04-25
-28.040045,21.279663,-1,EPI_ISL_16850479,Omicron,BQ.1.13,2023-01-21
-23.820724,24.982006,-1,EPI_ISL_16024516,Omicron,BA.5.2.25,2022-11-22
-35.98178,-6.3585777,-1,EPI_ISL_9660635,Omicron,BA.1.1,2022-01-22
-28.079454,21.303204,-1,EPI_ISL_15773746,Omicron,BQ.1.2,2022
-28.126072,21.342072,-1,EPI_ISL_16652049,Omicron,BQ.1.10,2022-12-29
-36.060013,-6.3353777,-1,EPI_ISL_10229307,Omicron,BA.1.1,2022-02-06
-32.605442,10.231787,-1,EPI_ISL_10835253,Omicron,BA.1,2022-01-17
-28.06371,21.303123,-1,EPI_ISL_16550810,Omicron,BQ.1.23,2022-12-19
-40.52952,-9.179458,-1,EPI_ISL_13535421,Omicron,BA.2,2022-06-01
-40.886642,10.446987,-1,EPI_ISL_10987713,Omicron,BA.2,2022-03-07
-35.966335,-6.256998,-1,EPI_ISL_11712036,Omicron,BA.1.1,2022-01-13
-40.519356,10.079733,-1,EPI_ISL_11636610,Omicron,BA.2,2022-03-25
-40.527046,10.165649,-1,EPI_ISL_13864919,Omicron,BA.2.14,2022-06-04
-32.558662,10.11459,-1,EPI_ISL_8698967,Omicron,BA.1,2021-12-13
-40.77712,10.36866,-1,EPI_ISL_12125328,Omicron,BA.2,2022-04-10
-40.83965,10.384409,-1,EPI_ISL_11596475,Omicron,BA.2,2022-03-22
-35.99742,-6.3821106,-1,EPI_ISL_8470404,Omicron,BA.1.1,2021-12-24
-28.071539,21.310913,-1,EPI_ISL_16324577,Omicron,BQ.1.2,2022-12-13
-42.326065,-11.235905,-1,EPI_ISL_13375181,Omicron,BA.2,2022-05-10
-40.65986,10.282795,-1,EPI_ISL_11388598,Omicron,BA.2,2022-03-18
-36.15363,-6.351265,-1,EPI_ISL_10107471,Omicron,BA.1.1,2022-02-11
-35.872437,-6.3742,-1,EPI_ISL_11398782,Omicron,BA.1.1,2022-03-17
-32.58992,10.145729,-1,EPI_ISL_10831668,Omicron,BA.1,2022-01-20
-32.66805,10.161598,-1,EPI_ISL_9661585,Omicron,BA.1.15,2022-01-18
-32.613342,10.262974,-1,EPI_ISL_10944722,Omicron,BA.1.15.1,2022-02-21
-36.145878,-6.1868076,-1,EPI_ISL_9783531,Omicron,BA.1.1,2022-02-03
-40.6286,10.18124,-1,EPI_ISL_12704448,Omicron,BA.2,2022-05-10
-40.925552,10.564173,-1,EPI_ISL_10246384,Omicron,BA.2,2022-02-14
-40.777138,10.353283,-1,EPI_ISL_9689691,Omicron,BA.2,2022
-36.060135,-6.304041,-1,EPI_ISL_10083938,Omicron,BA.1,2022-02-06
-36.10679,-6.2102365,-1,EPI_ISL_9992765,Omicron,BA.1.1.12,2022-02-09
-40.870842,10.423349,-1,EPI_ISL_9868386,Omicron,BA.2,2022-02-06
-36.145817,-6.0929585,-1,EPI_ISL_10888941,Omicron,BA.1.1,2022-03-03
-36.20083,-6.4289474,-1,EPI_ISL_10779243,Omicron,BA.1.1,2022-02-22
-18.66471,26.68673,-1,EPI_ISL_15533430,Omicron,BQ.1.8,2022-10-15
-40.87072,10.462555,-1,EPI_ISL_12018243,Omicron,BA.2.12,2022-04-05
-35.919544,-6.3899183,-1,EPI_ISL_8311534,Omicron,BA.1.1,2021-12-19
-35.802216,-6.538294,-1,EPI_ISL_9345596,Omicron,BA.1.1,2022-01-13
24.762001,-16.084251,-1,EPI_ISL_9361212,Omicron,BA.1.1,2022-01-19
-28.071314,21.357727,-1,EPI_ISL_16068079,Omicron,BQ.1.13,2022-10-29
-40.90206,10.5563755,-1,EPI_ISL_13575717,Omicron,BA.2,2022-05-09
-35.93515,-6.4601774,-1,EPI_ISL_11090869,Omicron,BA.1.1,2022-03-09
-40.941082,10.712616,-1,EPI_ISL_12948268,Omicron,BA.2.3,2022-04-05
-35.888206,-6.4213037,-1,EPI_ISL_9566788,Omicron,BA.1.1.1,2022-01-23
-40.316204,10.142155,-1,EPI_ISL_11774375,Omicron,BA.2,2022-03-26
-40.96461,10.720318,-1,EPI_ISL_9652028,Omicron,BA.2,2022-01-30
-35.997597,-6.382169,-1,EPI_ISL_8759659,Omicron,BA.1.1,2022-01-10
-28.110489,21.349823,-1,EPI_ISL_17161015,Omicron,BW.1.1,2023-02-13
-40.87857,10.322144,-1,EPI_ISL_13621868,Omicron,BA.2.48,2022-06-17
-40.940987,10.7672,-1,EPI_ISL_10059277,Omicron,BA.2,2022-02-09
-42.19355,-11.220197,-1,EPI_ISL_11419203,Omicron,BA.2,2022-03-14
-32.480404,10.067749,-1,EPI_ISL_8777305,Omicron,BA.1.15.1,2022-01-09
-40.495693,9.829731,-1,EPI_ISL_11186635,Omicron,BA.2,2022-03-11
-28.016743,21.248363,-1,EPI_ISL_16615334,Omicron,EC.1,2023-01-03
-32.355392,9.997345,-1,EPI_ISL_10070887,Omicron,BA.1.17,2022-01-16
-42.35743,-11.81381,-1,EPI_ISL_11095772,Omicron,BA.2,2022-02-21
-41.58307,-10.416003,-1,EPI_ISL_14086488,Omicron,BA.2,2022-02-16
-27.993324,21.2406,-1,EPI_ISL_16864845,Omicron,BQ.1.23,2023-01-21
-32.496128,10.130205,-1,EPI_ISL_8725032,Omicron,BA.1,2021-12-22
-40.738,10.446964,-1,EPI_ISL_14749036,Omicron,BA.2.10,2022-01-28
-40.659786,10.212378,-1,EPI_ISL_13135173,Omicron,BA.2,2022-05-25
-35.966248,-6.4290657,-1,EPI_ISL_11723775,Omicron,BA.1.1,2022-03-26
-32.503944,10.044224,-1,EPI_ISL_8867222,Omicron,BA.1,2021-12-30
-32.378777,9.911526,-1,EPI_ISL_9064698,Omicron,BA.1,2022-01-17
-35.849262,-6.475852,-1,EPI_ISL_9633332,Omicron,BA.1.1,2022-01-20
-32.386692,9.911377,-1,EPI_ISL_10632700,Omicron,BA.1,2022-01-17
-32.33969,9.950481,-1,EPI_ISL_9308089,Omicron,BA.1.15.1,2022-01-24
-32.62914,10.177412,-1,EPI_ISL_9863475,Omicron,BA.1.15,2022-02-03
-40.738007,10.314072,-1,EPI_ISL_12772431,Omicron,BA.2,2022-05-11
-40.441124,10.165602,-1,EPI_ISL_11701374,Omicron,BA.2,2022-03-26
-40.86287,10.337648,-1,EPI_ISL_12470061,Omicron,BA.2,2022-04-25
-40.675426,10.376595,-1,EPI_ISL_12571895,Omicron,BA.2.3,2022-04-25
-40.550575,10.298403,-1,EPI_ISL_13244449,Omicron,BA.2,2022-05-31
-35.90364,-6.42111,-1,EPI_ISL_10280079,Omicron,BA.1.1,2022-02-04
-28.071453,21.240597,-1,EPI_ISL_16188626,Omicron,BQ.1.14,2022-11-21
-35.872673,-6.47591,-1,EPI_ISL_11199817,Omicron,BA.1.1,2022-02-05
-36.169266,-6.1321087,-1,EPI_ISL_10435643,Omicron,BC.1,2022-02
-40.769318,10.439194,-1,EPI_ISL_12014196,Omicron,BA.2,2022-04-05
-42.560738,-11.173353,-1,EPI_ISL_14077102,Omicron,BA.2,2022-07-09
-28.188803,21.388885,-1,EPI_ISL_16938879,Omicron,BE.9,2023-02-09
-40.87095,10.5407715,-1,EPI_ISL_12013783,Omicron,BA.2.36,2022-03-30
-40.652126,10.228109,-1,EPI_ISL_9123147,Omicron,BA.2,2022-01-20
-36.005356,-6.366622,-1,EPI_ISL_8746586,Omicron,BA.1.1,2022-01-13
-40.784866,10.392136,-1,EPI_ISL_12423961,Omicron,BA.2,2022-03-30
-28.14951,21.357582,-1,EPI_ISL_16364152,Omicron,BQ.1.2,2022-12-19
-28.110596,21.18602,-1,EPI_ISL_16742638,Omicron,BQ.1.2,2023-01-19
-40.940987,10.853334,-1,EPI_ISL_11628205,Omicron,BA.2,2022-03-17
-28.008837,21.256172,-1,EPI_ISL_16307901,Omicron,BQ.1.12,2022-12-12
-27.915228,21.154495,-1,EPI_ISL_16962995,Omicron,BQ.1.13.1,2023-02-05
-27.97779,21.279488,-1,EPI_ISL_15531905,Omicron,BQ.1.3,2022-10-12
-32.58992,10.06012,-1,EPI_ISL_9783535,Omicron,BA.1,2022-02-03
-40.347244,10.095484,-1,EPI_ISL_11692074,Omicron,BA.2.23,2022-03-26
-40.92533,10.579739,-1,EPI_ISL_9789198,Omicron,BA.2,2022-02-04
-40.85518,10.470217,-1,EPI_ISL_10519648,Omicron,BA.2,2022-02-23
-32.4336,9.958242,-1,EPI_ISL_8599635,Omicron,BA.1.17.2,2021-12-23
-40.79267,10.462494,-1,EPI_ISL_11665029,Omicron,BA.2.9,2022-03-14
-28.063673,21.263885,-1,EPI_ISL_17260985,Omicron,BQ.1.3,2022-12-04
-42.255913,-11.228145,-1,EPI_ISL_11475392,Omicron,BA.2,2022-03-10
-32.56653,10.153637,-1,EPI_ISL_8582412,Omicron,BA.1.17.2,2022-01-03
-36.005486,-6.280525,-1,EPI_ISL_15874092,Omicron,BA.1.1,2022-02-11
-40.79249,10.337618,-1,EPI_ISL_10924972,Omicron,BA.2,2022-03-04
-35.81781,-6.4836903,-1,EPI_ISL_10686293,Omicron,BA.1.1,2022-02-25
-36.192753,-6.2336273,-1,EPI_ISL_9025591,Omicron,BA.1.1,2022-01-18
-40.777058,10.306269,-1,EPI_ISL_13096642,Omicron,Unassigned,2022-05-19
-28.032497,21.271866,-1,EPI_ISL_15887580,Omicron,BQ.1,2022-10-31
-28.048077,21.318611,-1,EPI_ISL_16230355,Omicron,BA.5.3.1,2022-10-31
-40.597397,10.267275,-1,EPI_ISL_11046096,Omicron,BA.2.10.1,2022-02-21
-28.001274,21.240616,-1,EPI_ISL_16553358,Omicron,BQ.1,2023-01-08
-41.198807,10.665508,-1,EPI_ISL_12960473,Omicron,BA.2,2022-04-27
-41.019165,11.032833,-1,EPI_ISL_12805554,Omicron,BA.2.10.1,2022-05-10
-40.933228,10.587658,-1,EPI_ISL_11270762,Omicron,BA.2,2022-03-14
-40.816124,10.337444,-1,EPI_ISL_12672453,Omicron,BA.2,2022-04-27
-41.04266,10.845421,-1,EPI_ISL_13577993,Omicron,BA.2.42,2022-06-10
-35.911514,-6.4134617,-1,EPI_ISL_10739870,Omicron,BA.1.1,2022-01-25
-32.284958,10.098825,-1,EPI_ISL_11251533,Omicron,BA.1.17.2,2022-01-20
-40.90193,10.493902,-1,EPI_ISL_12256280,Omicron,BA.2.3,2022-04-14
-36.02117,-6.280673,-1,EPI_ISL_9676580,Omicron,BA.1.1,2022-01-24
-40.80831,10.321949,-1,EPI_ISL_12452006,Omicron,BA.2,2022-04-04
-40.76155,10.30612,-1,EPI_ISL_11467011,Omicron,BA.2,2022-03-07
-40.675583,10.36887,-1,EPI_ISL_13200340,Omicron,BA.2.3,2022-05-16
-29.165321,21.404621,-1,EPI_ISL_16966389,Omicron,BE.9,2022-12-26
-40.823845,10.306213,-1,EPI_ISL_12095453,Omicron,BA.2,2022-04-10
-32.472492,10.1693,-1,EPI_ISL_8854047,Omicron,BA.1,2022-01-10
-32.160263,9.723936,-1,EPI_ISL_11176598,Omicron,BA.2,2022-02-25
-35.934967,-6.4290037,-1,EPI_ISL_9247142,Omicron,BA.1.1,2022-01-22
-40.831593,10.353355,-1,EPI_ISL_12201640,Omicron,BA.2,2022-03-31
-40.784775,10.267269,-1,EPI_ISL_14130411,Omicron,BA.2,2022-07-01
-40.816296,10.368647,-1,EPI_ISL_12808548,Omicron,BA.2.23,2022-05-06
-35.86467,-6.335189,-1,EPI_ISL_10513458,Omicron,BA.1.1,2022-02-01
-36.13034,-6.1633825,-1,EPI_ISL_10291304,Omicron,BA.1.1,2022-02-02
-40.792423,10.454636,-1,EPI_ISL_13904271,Omicron,BA.2,2022-04-12
-32.410065,9.997463,-1,EPI_ISL_10108851,Omicron,BA.1.17.2,2022-02-09
-21.727566,26.58891,-1,EPI_ISL_16274645,Omicron,BQ.1.8,2022-12-19
-36.185196,-6.1399984,-1,EPI_ISL_13123541,Omicron,BA.1.1,2022-02-05
-42.271416,-11.556076,-1,EPI_ISL_13100865,Omicron,BA.2.65,2022-04-18
-32.69146,10.270914,-1,EPI_ISL_10486434,Omicron,BA.1.17.2,2022-02-06
-40.83955,10.368977,-1,EPI_ISL_13778550,Omicron,BA.2.9.3,2022-06-15
-35.927185,-6.4054966,-1,EPI_ISL_10965105,Omicron,BA.1.1,2022-03-05
-24.282219,24.634045,-1,EPI_ISL_17262638,Omicron,BQ.1.23,2023-01-13
-36.0757,-6.327549,-1,EPI_ISL_12946267,Omicron,BA.1.1.2,2022-03-12
-40.925385,10.439133,-1,EPI_ISL_10205969,Omicron,BA.2,2022-02-15
-40.847313,10.392231,-1,EPI_ISL_11875383,Omicron,Unassigned,2022-03-27
-40.948803,10.501656,-1,EPI_ISL_11345779,Omicron,BA.2,2022-03-18
-35.927372,-6.3742256,-1,EPI_ISL_13463132,Omicron,BA.1.1,2022-02-22
-27.97781,21.217354,-1,EPI_ISL_15820647,Omicron,BQ.1.3,2022-11-07
-36.169445,-6.2102404,-1,EPI_ISL_12282237,Omicron,BA.1.1,2022-03-08
-32.418045,10.036377,-1,EPI_ISL_8823198,Omicron,BA.1.15,2022-01-07
-42.263687,-11.196842,-1,EPI_ISL_12767809,Omicron,BA.2.37,2022-05-05
-36.12247,-6.3431263,-1,EPI_ISL_9169811,Omicron,BA.1,2022-01-07
-32.62905,10.208212,-1,EPI_ISL_8945142,Omicron,BA.1.17.2,2022-01-12
-36.0522,-6.4367256,-1,EPI_ISL_12935796,Omicron,BA.1.1.2,2022-03-19
-42.2482,-11.2513275,-1,EPI_ISL_12091499,Omicron,BA.2,2022-03-26
-40.753666,10.329721,-1,EPI_ISL_13262489,Omicron,BA.2.7,2022-05-25
-40.886322,10.524925,-1,EPI_ISL_13046172,Omicron,XAA,2022-04-19
-35.950607,-6.397772,-1,EPI_ISL_12308596,Omicron,BA.1.1,2022-01-29
-28.09497,21.310867,-1,EPI_ISL_16851889,Omicron,BQ.1.12,2023-01-24
-28.063725,21.240555,-1,EPI_ISL_16875608,Omicron,BQ.1.2,2023-01-24
-40.70676,10.275133,-1,EPI_ISL_12606572,Omicron,BA.2.36,2022-05-03
-36.067802,-6.2180443,-1,EPI_ISL_10047054,Omicron,BA.1.1,2022-02
-40.55047,10.165634,-1,EPI_ISL_10586877,Omicron,BA.2.9,2022-02-24
-36.036514,-6.366522,-1,EPI_ISL_11710619,Omicron,BC.1,2022-02-07
-36.1069,-6.2024584,-1,EPI_ISL_10703035,Omicron,BA.1.1,2022-01-31
-32.582024,10.1537895,-1,EPI_ISL_8942338,Omicron,BA.1.17.2,2022-01-08
-41.276997,10.517241,-1,EPI_ISL_12019076,Omicron,BA.2,2022-04-05
-28.37611,20.404594,-1,EPI_ISL_16496682,Omicron,BQ.1.8,2023-01-04
-32.628845,10.23196,-1,EPI_ISL_8820514,Omicron,BA.1.18,2022-01-11
-35.927185,-6.4525003,-1,EPI_ISL_10337232,Omicron,BA.1.1,2022-02-16
-40.605286,10.314226,-1,EPI_ISL_11720467,Omicron,BA.2,2022-03-26
-32.769524,10.28647,-1,EPI_ISL_11223444,Omicron,BA.1.17,2022-02-08
-32.23825,9.903702,-1,EPI_ISL_9512478,Omicron,BA.1.17.2,2022-01-31
-36.036766,-6.3821583,-1,EPI_ISL_9842038,Omicron,BA.1.1.12,2022-02-07
-40.839523,10.415674,-1,EPI_ISL_11522459,Omicron,BA.2,2022-03-14
-32.51954,10.083363,-1,EPI_ISL_9394662,Omicron,BA.1,2022-01-05
-32.300804,9.950548,-1,EPI_ISL_9787269,Omicron,BA.1.15,2022-01-06
-40.83174,10.376556,-1,EPI_ISL_12771838,Omicron,BA.2.2,2022-05-10
-42.349648,-11.774783,-1,EPI_ISL_12363834,Omicron,BA.2,2022-03-29
-35.94291,-6.3353004,-1,EPI_ISL_9530427,Omicron,BA.1.1,2022-01-17
-40.792656,10.439112,-1,EPI_ISL_11877899,Omicron,BA.2,2022-03-31
-42.342056,-11.66564,-1,EPI_ISL_12734983,Omicron,BA.2,2022-05-07
-40.32394,10.103312,-1,EPI_ISL_10748893,Omicron,BA.2,2022-02-02
-40.675514,10.36879,-1,EPI_ISL_12343390,Omicron,BA.2,2022-04-03
-35.903824,-6.4914913,-1,EPI_ISL_9438043,Omicron,BA.1.1.2,2022-01-13
-32.58979,10.223879,-1,EPI_ISL_10945761,Omicron,BA.1.15,2021-12-28
-32.71492,10.286518,-1,EPI_ISL_10703108,Omicron,BA.1.15,2022-02-02
-28.102732,21.209316,-1,EPI_ISL_17345330,Omicron,BQ.1.12,2022-12-20
-40.980213,10.611038,-1,EPI_ISL_12612253,Omicron,BA.2,2022-04-21
-32.4961,10.052086,-1,EPI_ISL_12188777,Omicron,BA.1.17.2,2022-03-21
-32.652237,10.224026,-1,EPI_ISL_8776499,Omicron,BA.1,2022-01-07
-42.630875,-11.227854,-1,EPI_ISL_12268588,Omicron,BA.2,2022-03-21
-28.055967,21.271812,-1,EPI_ISL_16168313,Omicron,BQ.1.8,2022-12-02
-40.79279,10.345264,-1,EPI_ISL_13175991,Omicron,BA.2,2022-05-20
-27.930962,21.16225,-1,EPI_ISL_16945732,Omicron,BQ.1.2,2023-01-30
-40.808365,10.454866,-1,EPI_ISL_9430465,Omicron,BA.2.10,2022-01-27
-28.102709,21.23259,-1,EPI_ISL_16515402,Omicron,BQ.1.11,2023-01-09
-36.020905,-6.342761,-1,EPI_ISL_12715813,Omicron,BA.1.1,2022-01-04
-36.067883,-6.335291,-1,EPI_ISL_17139830,Omicron,BA.1.1,2022-02-21
-25.610785,23.542961,-1,EPI_ISL_16567194,Omicron,BQ.1.5,2022-12-19
-36.067665,-6.296219,-1,EPI_ISL_9913746,Omicron,BA.1.1,2022-02-10
-40.92548,10.657713,-1,EPI_ISL_12516211,Omicron,BA.2,2022-04-27
-32.808617,10.434929,-1,EPI_ISL_11813462,Omicron,BD.1,2022-03-17
-40.784912,10.31406,-1,EPI_ISL_10635696,Omicron,BA.2.32,2022-02-22
-27.9934,21.287464,-1,EPI_ISL_16325209,Omicron,BQ.1,2022-12-19
-28.016727,21.264095,-1,EPI_ISL_16570978,Omicron,BQ.1.23,2022-12-19
-28.040302,21.248428,-1,EPI_ISL_17519059,Omicron,BQ.1.28,2023-03-13
-28.188602,21.40458,-1,EPI_ISL_16209746,Omicron,BQ.1,2022-12-12
-42.451233,-12.126283,-1,EPI_ISL_10906551,Omicron,BA.2,2022-02-21
-36.067795,-6.3354244,-1,EPI_ISL_9694879,Omicron,BA.1.1,2022-01-06
-42.412136,-11.196623,-1,EPI_ISL_17330034,Omicron,BA.2,2022-05-09
-32.597645,10.114584,-1,EPI_ISL_9504467,Omicron,BA.1.15.1,2022-01-29
-40.886387,10.446915,-1,EPI_ISL_12555403,Omicron,BA.2,2022-04-06
-35.981686,-6.3432045,-1,EPI_ISL_9662385,Omicron,BA.1.1,2022-01-30
-40.79265,10.400129,-1,EPI_ISL_13510208,Omicron,BA.2.3,2022-06-08
-32.503975,10.106945,-1,EPI_ISL_16034212,Omicron,BA.1.17.2,2022-03-29
-32.644466,10.239471,-1,EPI_ISL_9417019,Omicron,BA.1.1.15,2022-01-10
-41.48997,-10.384644,-1,EPI_ISL_14084574,Omicron,BA.2,2022-02-27
-32.58203,10.13809,-1,EPI_ISL_12025595,Omicron,BA.1.17.2,2022-03-31
-32.43372,10.059845,-1,EPI_ISL_9827882,Omicron,BA.1.17.2,2022-02-04
-40.71456,10.384323,-1,EPI_ISL_11841871,Omicron,BA.2,2022-03-20
-35.935116,-6.389988,-1,EPI_ISL_11071627,Omicron,BA.1.1,2022-02-22
-40.628654,10.298428,-1,EPI_ISL_11029679,Omicron,BA.2.9,2022-03-08
-36.177223,-6.124214,-1,EPI_ISL_14217745,Omicron,BA.1.1,2022-06-27
-40.8162,10.4235115,-1,EPI_ISL_13014082,Omicron,BA.2,2022-05-18
-20.829578,27.253353,-1,EPI_ISL_16055652,Omicron,BQ.1.10.2,2022-12-05
-28.899632,20.560883,-1,EPI_ISL_17221826,Omicron,BQ.1.13.1,2023-03-03
-35.927334,-6.3587494,-1,EPI_ISL_11170083,Omicron,BA.1.1,2022-02-17
-40.800476,10.361013,-1,EPI_ISL_9847651,Omicron,BA.2.3,2022-01-14
-40.87071,10.447052,-1,EPI_ISL_13855875,Omicron,BA.2,2022-06-13
-24.954433,24.388016,-1,EPI_ISL_16657840,Omicron,BQ.1.10,2022-12-27
-40.941216,10.642248,-1,EPI_ISL_14509715,Omicron,BA.2.65,2022-07-27
-32.613335,10.184963,-1,EPI_ISL_8914730,Omicron,BA.1.20,2022-01-02
-40.901905,10.642374,-1,EPI_ISL_11119676,Omicron,BA.2.9,2022-03-07
-32.49601,10.075329,-1,EPI_ISL_7895794,Omicron,BA.1,2021-12-13
-32.582047,10.130383,-1,EPI_ISL_9044332,Omicron,BA.1.15,2021-12-30
-42.38855,-11.165404,-1,EPI_ISL_13912630,Omicron,BA.2.9,2022-06-15
-40.940796,10.540525,-1,EPI_ISL_13724449,Omicron,BA.2,2022-06-14
-28.032448,21.373222,-1,EPI_ISL_15356334,Omicron,BQ.1,2022-09-15
-40.839485,10.384481,-1,EPI_ISL_9303691,Omicron,BA.2.3,2022-01-07
-40.81608,10.423513,-1,EPI_ISL_10798128,Omicron,BA.2.10,2022-02-28
-40.8239,10.525051,-1,EPI_ISL_12847882,Omicron,BA.2,2022-04-19
-36.01297,-6.3038807,-1,EPI_ISL_10054066,Omicron,BA.1.1.2,2022-01-16
-35.895943,-6.4132614,-1,EPI_ISL_9563928,Omicron,BA.1.1,2022-01-28
-32.589775,10.13031,-1,EPI_ISL_8678454,Omicron,BA.1.17.2,2022-01-03
-28.047997,21.271858,-1,EPI_ISL_15860695,Omicron,BQ.1.2,2022-11-12
-35.794277,-6.4757557,-1,EPI_ISL_9004272,Omicron,BA.1.1,2022-01-02
-40.83966,10.384377,-1,EPI_ISL_11447211,Omicron,BA.2,2022-03-21
-36.0053,-6.2258806,-1,EPI_ISL_9351955,Omicron,BA.1.1,2022-01-21
-28.055683,21.279701,-1,EPI_ISL_16850616,Omicron,BQ.1.14,2023-01-21
-28.126324,21.201584,-1,EPI_ISL_17034644,Omicron,BQ.1.15,2023-02-12
-40.902115,10.517342,-1,EPI_ISL_12497691,Omicron,BA.2.3,2022-04-18
-32.45681,9.989828,-1,EPI_ISL_8132625,Omicron,BA.1.17,2021-12-17
-32.605423,10.14575,-1,EPI_ISL_8789476,Omicron,BA.1.17.2,2021-12-27
-43.255966,-11.407783,-1,EPI_ISL_15256086,Omicron,BA.2,2022-06-23
-41.07393,10.67355,-1,EPI_ISL_12859856,Omicron,BA.2.48,2022-05-09
-32.605488,10.091213,-1,EPI_ISL_11200594,Omicron,BA.1,2022-01-13
-40.878784,10.493914,-1,EPI_ISL_13113175,Omicron,BA.2.50,2022-05-25
-40.80838,10.462526,-1,EPI_ISL_15592711,Omicron,Unassigned,2022-02-02
-32.52742,10.075634,-1,EPI_ISL_8771295,Omicron,BA.1.17.2,2022-01-08
-36.106876,-6.2336464,-1,EPI_ISL_11025247,Omicron,BA.1.1,2022-02-18
-40.675476,10.329739,-1,EPI_ISL_11785128,Omicron,BA.2,2022-03-22
-42.25595,-11.181029,-1,EPI_ISL_12694453,Omicron,BA.2.72,2022
-35.919384,-6.3975925,-1,EPI_ISL_8602427,Omicron,BA.1.1,2021-12-29
-32.652176,10.021013,-1,EPI_ISL_8994011,Omicron,BA.1,2022-01-15
-35.841183,-6.460129,-1,EPI_ISL_9462662,Omicron,BA.1.1,2022-01-20
-32.777237,10.388134,-1,EPI_ISL_8975274,Omicron,BA.1,2022-01-05
-32.707054,10.395948,-1,EPI_ISL_7354124,Omicron,BA.1.17.2,2021-12-01
-35.927383,-6.350872,-1,EPI_ISL_9776243,Omicron,BA.1.1,2022-01-22
-28.055845,21.27945,-1,EPI_ISL_17397423,Omicron,BQ.1.12,2023-01-01
-42.24027,-11.180863,-1,EPI_ISL_10298541,Omicron,BA.2,2022-02-17
-40.26136,10.118671,-1,EPI_ISL_11773898,Omicron,BA.2,2022-03-28
-28.040272,21.248405,-1,EPI_ISL_16914883,Omicron,BQ.1,2023-01-31
-40.628654,10.236057,-1,EPI_ISL_12794650,Omicron,Unassigned,2022-03-23
-28.016748,21.256157,-1,EPI_ISL_16508021,Omicron,BQ.1.5,2023-01-03
-28.087065,21.349937,-1,EPI_ISL_15993579,Omicron,BQ.1.14,2022-11-08
-40.933212,10.407921,-1,EPI_ISL_10351429,Omicron,BA.2,2022-02-01
-40.4411,10.173689,-1,EPI_ISL_12175108,Omicron,BA.2.2,2022-04-08
-32.65986,10.255245,-1,EPI_ISL_10860972,Omicron,BA.1.15,2022-01-31
-40.7381,10.399992,-1,EPI_ISL_15168158,Omicron,BA.2.3.7,2022-09-17
-27.946417,21.334282,-1,EPI_ISL_16924901,Omicron,BQ.1.8.2,2023-02-07
-32.425823,10.091129,-1,EPI_ISL_9250483,Omicron,BA.1,2022-01-20
-27.993156,21.256134,-1,EPI_ISL_16503957,Omicron,BE.9,2022-12-06
-32.52718,10.028757,-1,EPI_ISL_9344659,Omicron,BA.1,2022-01-11
-28.032253,21.310757,-1,EPI_ISL_17231648,Omicron,BQ.1.10.1,2023-03-09
-32.40232,10.044371,-1,EPI_ISL_8509604,Omicron,BA.1.15,2021-12-21
-40.800507,10.337461,-1,EPI_ISL_11730594,Omicron,BA.2.39,2022-03-28
-32.33194,10.169056,-1,EPI_ISL_10960156,Omicron,BA.1,2022-03-06
-40.785027,10.400024,-1,EPI_ISL_9503267,Omicron,BA.2,2022-01-28
-32.543015,10.052221,-1,EPI_ISL_9249718,Omicron,BA.1.15.1,2022-01-18
-32.589592,10.224064,-1,EPI_ISL_8645996,Omicron,BA.1.17,2021-12-29
-40.425446,10.220297,-1,EPI_ISL_11352783,Omicron,BA.2.10,2022-03-09
-29.00902,21.506367,-1,EPI_ISL_15788355,Omicron,BQ.1.2,2022-11-05
-40.99569,10.540712,-1,EPI_ISL_9868539,Omicron,BA.2,2022-01-22
-36.208344,-6.1165476,-1,EPI_ISL_12841611,Omicron,BA.1.1,2022-05-06
-32.38658,10.075518,-1,EPI_ISL_9531621,Omicron,BA.1,2022-01-18
-32.707054,10.262983,-1,EPI_ISL_8898822,Omicron,BA.1.17.2,2022-01-11
-40.83174,10.423641,-1,EPI_ISL_13372547,Omicron,BA.2,2022-06-07
-40.51141,10.188986,-1,EPI_ISL_16347781,Omicron,BA.2.2,2022-03-14
-42.373142,-11.212299,-1,EPI_ISL_13718933,Omicron,BA.2.10.1,2022-06-13
-40.988026,10.6186695,-1,EPI_ISL_12852167,Omicron,BA.2,2022-04-19
-32.511547,10.106983,-1,EPI_ISL_9184981,Omicron,BA.1.15.1,2022-01-06
-40.886456,10.415592,-1,EPI_ISL_11528117,Omicron,BA.2.72,2022-03-12
-40.847443,10.39225,-1,EPI_ISL_10109168,Omicron,BA.2,2022-02-11
-32.605354,10.200691,-1,EPI_ISL_9359130,Omicron,BA.1,2022-01-23
-40.777107,10.407906,-1,EPI_ISL_9560588,Omicron,BA.2,2022-01-29
-28.180893,21.396725,-1,EPI_ISL_17575776,Omicron,BQ.1.12,2023-01-09
-41.034985,10.681091,-1,EPI_ISL_11269940,Omicron,BA.2,2022-03-15
-32.589817,10.114662,-1,EPI_ISL_9683680,Omicron,BA.1.17.2,2022-02-02
-40.23019,10.22031,-1,EPI_ISL_12570914,Omicron,BA.2,2022-05-03
-40.42556,10.6733055,-1,EPI_ISL_13941929,Omicron,BA.2,2022-07-05
-35.93483,-6.335161,-1,EPI_ISL_10790613,Omicron,BA.1.1,2022-02-20
-36.083492,-6.3741074,-1,EPI_ISL_11712935,Omicron,BA.1.1.2,2022-03-08
-40.714523,10.337578,-1,EPI_ISL_12958825,Omicron,BA.2.52,2022-05-17
-40.769085,10.321995,-1,EPI_ISL_12846447,Omicron,BA.2,2022-04-14
-40.95692,10.704746,-1,EPI_ISL_13322978,Omicron,BA.2,2022-06-06
-40.488102,10.181454,-1,EPI_ISL_13937372,Omicron,BA.2,2022-06-27
-36.138287,-6.163368,-1,EPI_ISL_10423617,Omicron,BA.1.1,2022-02-12
-36.075623,-6.3195763,-1,EPI_ISL_12001592,Omicron,BA.1.1,2022-03-13
-28.040154,21.193665,-1,EPI_ISL_15861066,Omicron,BQ.1,2022-11-12
-41.074,10.923527,-1,EPI_ISL_9737916,Omicron,BA.2,2022
-27.97772,21.201408,-1,EPI_ISL_17022231,Omicron,BQ.1.12,2023-01-28
-32.558624,10.060015,-1,EPI_ISL_8945304,Omicron,BA.1,2022-01-11
-43.14657,-11.899814,-1,EPI_ISL_13187051,Omicron,BA.2.9,2022-04-04
-40.652138,10.2282295,-1,EPI_ISL_14712627,Omicron,BA.2.3,2022-06-21
-40.90982,10.595322,-1,EPI_ISL_10068661,Omicron,BA.2,2022-02-16
-32.784992,10.372398,-1,EPI_ISL_10539830,Omicron,BA.1.15.1,2022-02-18
-32.55864,10.106861,-1,EPI_ISL_9280596,Omicron,BA.1.15.1,2022-01-21
-35.997467,-6.335186,-1,EPI_ISL_9128689,Omicron,BA.1.1,2022-01-17
-35.872528,-6.4601593,-1,EPI_ISL_8779103,Omicron,BA.1.1,2022-01-11
-32.534973,10.013205,-1,EPI_ISL_11596866,Omicron,BA.1.18,2022-02-21
-40.745678,10.275011,-1,EPI_ISL_10800954,Omicron,BA.2,2022-02-28
-32.511787,10.051998,-1,EPI_ISL_9901017,Omicron,BA.1.18,2022-01-31
-32.38672,9.981737,-1,EPI_ISL_9987618,Omicron,BA.1.20,2021-12-25
-35.934937,-6.436861,-1,EPI_ISL_15210052,Omicron,BA.1.1,2022-04-08
-35.903652,-6.577318,-1,EPI_ISL_10383218,Omicron,BA.1.1,2022-02-10
-36.21619,-5.952585,-1,EPI_ISL_10571059,Omicron,BA.1.1,2022-01-25
-28.09491,21.264091,-1,EPI_ISL_16745939,Omicron,BQ.1,2023-01-14
-40.90962,11.016933,-1,EPI_ISL_13372974,Omicron,BA.2,2022-05-30
-35.69292,-6.444461,-1,EPI_ISL_9629692,Omicron,BA.1.1,2022-01-19
-28.094975,21.256088,-1,EPI_ISL_16364514,Omicron,XBB,2022-12-12
-40.76932,10.642319,-1,EPI_ISL_9783419,Omicron,BA.2.9,2022-02-04
-35.872395,-6.483595,-1,EPI_ISL_10417614,Omicron,BA.1.1,2022-02-20
-24.633617,24.52467,-1,EPI_ISL_16074424,Omicron,BQ.1.23,2022-11-28
-32.613407,10.130325,-1,EPI_ISL_9895194,Omicron,BA.1,2022-02-07
-32.57418,10.005287,-1,EPI_ISL_10418061,Omicron,BA.1.17.2,2022-02-19
-32.714767,10.372387,-1,EPI_ISL_9475956,Omicron,BA.1,2022-01-17
-40.636307,10.2827015,-1,EPI_ISL_13276436,Omicron,BA.2,2022-05-31
-36.07574,-6.2025204,-1,EPI_ISL_8860459,Omicron,BA.1.1,2022-01-10
-40.98002,10.454754,-1,EPI_ISL_13046233,Omicron,BA.2.52,2022-05-11
-35.794495,-6.3978806,-1,EPI_ISL_9993708,Omicron,BA.1.1,2022-02-09
-28.094822,21.240433,-1,EPI_ISL_16530081,Omicron,BQ.1.3,2022-12-31
-40.526863,10.17346,-1,EPI_ISL_12134274,Omicron,BA.2,2022-03-28
-35.95067,-6.374161,-1,EPI_ISL_9888898,Omicron,BA.1.1.2,2022-01-10
-42.248177,-11.18125,-1,EPI_ISL_11897277,Omicron,BA.2,2022-03-14
-40.659668,10.306103,-1,EPI_ISL_12359303,Omicron,BA.2,2022-03-15
-40.636536,10.306208,-1,EPI_ISL_14455957,Omicron,BA.2.9.3,2022-07-14
-40.88652,10.423561,-1,EPI_ISL_14524663,Omicron,BA.2,2022-06-21
-40.894085,10.57987,-1,EPI_ISL_12557259,Omicron,BA.2,2022-04-30
-32.652206,10.200472,-1,EPI_ISL_10684161,Omicron,Unassigned,2022-02-25
-36.036545,-6.264904,-1,EPI_ISL_13059868,Omicron,BA.1.1.5,2022-03-29
-32.58973,10.083403,-1,EPI_ISL_8755060,Omicron,BA.1,2022-01-08
-28.00105,21.255997,-1,EPI_ISL_15584452,Omicron,BQ.1.3,2022-10-14
-40.706688,10.290852,-1,EPI_ISL_13341666,Omicron,BA.2,2022-06-12
-32.441357,10.020689,-1,EPI_ISL_10589567,Omicron,BA.1.17,2022-02-17
-42.30268,-11.165627,-1,EPI_ISL_13171352,Omicron,BA.2.3,2022-01-26
-40.94902,10.634411,-1,EPI_ISL_14190857,Omicron,BA.2.3.7,2022-05-25
-40.81605,10.478161,-1,EPI_ISL_12154586,Omicron,BA.2.3.9,2022-04-03
-36.099056,-6.194521,-1,EPI_ISL_10534691,Omicron,BA.1.1,2022-02-19
-40.83937,10.306391,-1,EPI_ISL_12656324,Omicron,BA.2,2022-05-01
-40.57386,10.236156,-1,EPI_ISL_11879652,Omicron,BA.2.9,2022-04-01
-28.032543,21.224869,-1,EPI_ISL_16507667,Omicron,BQ.1.3,2023-01-01
-32.51159,10.036732,-1,EPI_ISL_9407780,Omicron,BA.1,2022-01-14
-21.390894,26.184765,-1,EPI_ISL_15716116,Omicron,BQ.1.2,2022-11-04
-36.184956,-6.179085,-1,EPI_ISL_9435190,Omicron,BA.1.1,2022-01-03
-35.856865,-6.4523115,-1,EPI_ISL_8941541,Omicron,BA.1.1,2021-12-28
-42.294865,-11.102835,-1,EPI_ISL_13169164,Omicron,BA.2.3,2022-03-11
-41.128567,10.517231,-1,EPI_ISL_12085028,Omicron,BA.2,2022-04-04
-41.089485,10.735994,-1,EPI_ISL_11840236,Omicron,BA.2,2022-03-27
-28.102789,21.310886,-1,EPI_ISL_17087581,Omicron,BQ.1.3,2023-01-23
-28.126217,21.240524,-1,EPI_ISL_15744670,Omicron,BW.1,2022-10-30
-40.92542,10.485933,-1,EPI_ISL_12520524,Omicron,BA.2,2022-04-21
-28.032303,21.271812,-1,EPI_ISL_15774808,Omicron,BQ.1.2,2022-11-05
-32.573967,10.098976,-1,EPI_ISL_9386986,Omicron,BA.1,2022-01-24
-35.73977,-6.4837656,-1,EPI_ISL_11536298,Omicron,BA.1.1,2022-03-05
-32.363197,10.083538,-1,EPI_ISL_9713509,Omicron,BA.1,2022-01-19
-36.067917,-6.3664827,-1,EPI_ISL_10557477,Omicron,BA.1.1,2022-02-10
-40.92553,10.69681,-1,EPI_ISL_13767351,Omicron,BA.2,2022-05-31
-36.130272,-6.147827,-1,EPI_ISL_9447026,Omicron,BA.1.1,2022-01-25
-40.85511,10.540703,-1,EPI_ISL_11880099,Omicron,BA.2.36,2022-03-25
-40.511543,10.149929,-1,EPI_ISL_13096412,Omicron,Unassigned,2022-05-17
-36.075684,-6.350851,-1,EPI_ISL_8967575,Omicron,BA.1.1,2022-01-13
-36.16945,-6.241562,-1,EPI_ISL_9659597,Omicron,BA.1.1,2022-01-26
-40.784916,10.306229,-1,EPI_ISL_13103504,Omicron,BA.2,2022-05-06
-36.052135,-6.3663235,-1,EPI_ISL_8516084,Omicron,BA.1.1,2021-12-26
-40.495937,10.157761,-1,EPI_ISL_11824945,Omicron,BA.2,2022-03-21
-32.53501,10.059971,-1,EPI_ISL_8307018,Omicron,BA.1.4,2021-12-20
-28.087046,21.357616,-1,EPI_ISL_16706933,Omicron,BQ.1.5,2023-01-08
-28.04795,21.310966,-1,EPI_ISL_16064951,Omicron,Unassigned,2022-11-29
-40.777023,10.360971,-1,EPI_ISL_12722165,Omicron,BA.2.21,2022-05-02
24.7621,-16.858013,-1,EPI_ISL_8210546,Omicron,B.1.1.529,2021-12-21
-27.95417,20.357567,-1,EPI_ISL_16905802,Omicron,BQ.1.23,2023-01-31
24.379204,-16.87335,-1,EPI_ISL_14357080,Omicron,BA.5.2,2022-07-01
-40.690968,10.275036,-1,EPI_ISL_14539507,Omicron,Unassigned,2022-06-23
-32.33978,9.934776,-1,EPI_ISL_9422352,Omicron,Unassigned,2022-01-03
-40.784966,10.361113,-1,EPI_ISL_9240088,Omicron,BA.2,2022-01-21
-28.048166,21.248367,-1,EPI_ISL_16027084,Omicron,BQ.1.14,2022-11-27
-40.644276,10.2905445,-1,EPI_ISL_14402122,Omicron,BA.2,2022-06-07
-36.09143,-6.3664503,-1,EPI_ISL_11677967,Omicron,Unassigned,2022-03-21
-41.01931,10.978149,-1,EPI_ISL_12123989,Omicron,BA.2.48,2022-04-11
-21.437881,26.122318,-1,EPI_ISL_17579457,Omicron,BQ.1.2,2023-01-02
-40.784943,10.423449,-1,EPI_ISL_13843176,Omicron,BA.2.3,2022-06-05
-40.714508,10.446774,-1,EPI_ISL_14793618,Omicron,BA.2,2022-07-26
-32.37899,9.974237,-1,EPI_ISL_9778077,Omicron,BD.1,2022-02-04
-32.73048,10.372318,-1,EPI_ISL_10496925,Omicron,BA.1.15,2022-01-18
-36.19294,-6.155446,-1,EPI_ISL_8511251,Omicron,BA.1.1.18,2021-12-30
-40.84728,10.4626045,-1,EPI_ISL_11510322,Omicron,BA.2,2022-03-21
-40.941162,10.5485,-1,EPI_ISL_11210753,Omicron,BA.2,2022-03-14
-35.927277,-6.3898506,-1,EPI_ISL_9243777,Omicron,BA.1.1,2022-01-05
-40.737953,10.361019,-1,EPI_ISL_14015967,Omicron,BA.2.2,2022-07-14
-32.28502,9.84877,-1,EPI_ISL_8962181,Omicron,BA.1.15.1,2022-01-14
-41.300602,10.540756,-1,EPI_ISL_11488100,Omicron,BA.2,2022-03-18
-40.8317,10.63423,-1,EPI_ISL_10012205,Omicron,BA.2,2022-02-08
-40.886513,10.704849,-1,EPI_ISL_11929043,Omicron,BA.2.10.1,2022-03-18
-42.42775,-11.594997,-1,EPI_ISL_14086574,Omicron,BA.2,2022-02-16
-40.956753,10.634571,-1,EPI_ISL_16890000,Omicron,BA.2,2022-05-05
-40.745728,10.3064,-1,EPI_ISL_9364443,Omicron,BA.2.10,2022-01-26
-40.96466,10.556244,-1,EPI_ISL_12923844,Omicron,BA.2,2022-05-07
-32.69925,10.317736,-1,EPI_ISL_9581981,Omicron,BA.1.17.2,2022-01-28
-35.9426,-6.2338467,-1,EPI_ISL_8973353,Omicron,BA.1.1.14,2022-01-13
-40.683525,10.275007,-1,EPI_ISL_8919908,Omicron,BA.2.3,2022-01-03
24.129494,-16.201653,-1,EPI_ISL_8751526,Omicron,BA.1,2022-01-05
-42.201515,-11.532608,-1,EPI_ISL_13395940,Omicron,BA.2.3,2022-06-02
-32.605255,10.341249,-1,EPI_ISL_9840741,Omicron,BA.1.15,2022-02-04
-36.036583,-6.358549,-1,EPI_ISL_10254936,Omicron,BA.1.1,2022-01-31
-28.03254,21.271812,-1,EPI_ISL_15774580,Omicron,EC.1,2022-11-09
-26.31521,1.6847458,-1,EPI_ISL_17587665,Omicron,BA.1.1,2022-06-03
-28.02467,21.27182,-1,EPI_ISL_15577526,Omicron,BQ.1.1.31,2022-10-19
-32.51944,10.114466,-1,EPI_ISL_9765833,Omicron,BA.1.3,2022-01-14
-40.80824,10.407928,-1,EPI_ISL_13622824,Omicron,BA.2,2022-06-22
-32.26951,9.934841,-1,EPI_ISL_9310608,Omicron,BA.1,2022-01-04
-32.589993,10.122555,-1,EPI_ISL_10318681,Omicron,BA.1.17,2022-01-30
-20.97712,26.575432,-1,EPI_ISL_17150008,Omicron,BQ.1.2,2023-02-07
-40.847458,10.454777,-1,EPI_ISL_9249467,Omicron,BA.2,2022-01-19
-28.055859,21.318687,-1,EPI_ISL_16549756,Omicron,BQ.1.2,2022-12-05
-40.84755,10.532917,-1,EPI_ISL_13821766,Omicron,BA.2,2022-05-31
-32.574158,10.036522,-1,EPI_ISL_9210248,Omicron,BA.1,2022-01-14
-32.636505,10.130268,-1,EPI_ISL_11548749,Omicron,BA.1.16,2022-01-18
-40.65207,10.220295,-1,EPI_ISL_12291894,Omicron,BA.2,2022-04-18
-35.997414,-6.3506966,-1,EPI_ISL_9597357,Omicron,BA.1.1,2022-01-30
-36.03649,-6.3663206,-1,EPI_ISL_10332826,Omicron,BA.1.1,2022-02-08
-36.04421,-6.280613,-1,EPI_ISL_9269238,Omicron,BA.1.1.4,2022-01-21
-32.78491,10.434963,-1,EPI_ISL_9299501,Omicron,BA.1,2022-01-21
-32.480545,10.021044,-1,EPI_ISL_10038401,Omicron,Unassigned,2021-12-26
-40.8317,10.431244,-1,EPI_ISL_12699056,Omicron,BA.2,2022-04-25
-36.075325,-6.062214,-1,EPI_ISL_9387545,Omicron,BA.1.1,2022-01-22
-40.83966,10.368786,-1,EPI_ISL_13207976,Omicron,BA.2,2022-05-24
-40.65212,10.306313,-1,EPI_ISL_13060764,Omicron,BA.2,2022-05-08
-36.099045,-6.225643,-1,EPI_ISL_10786344,Omicron,BA.1.1,2022-02-06
-35.98993,-6.3976707,-1,EPI_ISL_12561797,Omicron,BA.1.1,2022-01-28
-40.933308,10.478195,-1,EPI_ISL_13013296,Omicron,BA.2.49,2022-05-18
-32.425995,10.005133,-1,EPI_ISL_11354344,Omicron,BA.1,2022-03-04
-20.845219,27.206505,-1,EPI_ISL_16980270,Omicron,BQ.1.10,2023-02-05
-32.589874,10.169283,-1,EPI_ISL_8438332,Omicron,BA.1,2021-12-24
-40.89424,10.525103,-1,EPI_ISL_11536228,Omicron,BA.2.3.1,2022-03-05
-42.240135,-11.220069,-1,EPI_ISL_10022005,Omicron,BA.2,2022-02-02
-35.8178,-6.491518,-1,EPI_ISL_10775815,Omicron,BA.1.1,2022-02-07
-35.99755,-6.3978424,-1,EPI_ISL_9948248,Omicron,BA.1.1.2,2022-01-14
-32.496185,9.997461,-1,EPI_ISL_9187426,Omicron,BA.1.15,2022-01-10
-32.55865,10.099073,-1,EPI_ISL_8350025,Omicron,BA.1.15,2021-12-15
-40.620785,10.220238,-1,EPI_ISL_10764540,Omicron,BA.2,2022-02-15
-28.047886,21.326458,-1,EPI_ISL_17017853,Omicron,BQ.1.23,2023-02-07
-36.106895,-6.2572155,-1,EPI_ISL_9314038,Omicron,BA.1.1,2022-01-22
-32.67562,10.161358,-1,EPI_ISL_10831071,Omicron,BA.1.15,2022-02-05
-36.028767,-6.3274918,-1,EPI_ISL_11142692,Omicron,BA.1.1.2,2022-02-19
-40.878483,10.446829,-1,EPI_ISL_11038557,Omicron,BA.2,2022-03-06
-32.488274,10.067892,-1,EPI_ISL_9444428,Omicron,BA.1.17.2,2022-01-27
-40.83189,10.314053,-1,EPI_ISL_12909073,Omicron,Unassigned,2022-05-17
-28.14148,21.396923,-1,EPI_ISL_16657271,Omicron,BQ.1.12,2022-12-26
-40.730026,10.313942,-1,EPI_ISL_12827187,Omicron,BA.2,2022-05-10
-42.95133,-11.274658,-1,EPI_ISL_10917669,Omicron,BA.2,2022-03-02
-28.102673,21.240334,-1,EPI_ISL_16358699,Omicron,BQ.1,2022-12-19
-40.909775,10.540718,-1,EPI_ISL_13477455,Omicron,BA.2,2022-05-16
-32.675713,10.247404,-1,EPI_ISL_9646317,Omicron,BA.1,2022-01-31
-35.857037,-6.350919,-1,EPI_ISL_11278961,Omicron,BA.1.1.1,2022-02-28
-40.988106,10.712658,-1,EPI_ISL_15685883,Omicron,BA.2,2022
-41.00365,10.735966,-1,EPI_ISL_13064469,Omicron,BA.2,2022-05-02
-35.989754,-6.350792,-1,EPI_ISL_10100109,Omicron,BA.1.1,2022-01-07
-35.817825,-6.413333,-1,EPI_ISL_11905734,Omicron,BA.1.1,2022-02-26
-40.558235,10.181425,-1,EPI_ISL_11722425,Omicron,BA.2.9,2022-03-27
-40.60514,10.157747,-1,EPI_ISL_13078651,Omicron,BA.2,2022-05-20
-35.856865,-6.3196,-1,EPI_ISL_14134506,Omicron,BA.1.1,2022-04-28
-32.70685,10.294378,-1,EPI_ISL_8604651,Omicron,BA.1.15.1,2021-12-14
-40.30039,10.189169,-1,EPI_ISL_12935416,Omicron,BA.2.20,2022-05-10
-32.5118,10.06781,-1,EPI_ISL_8970919,Omicron,BA.1.15.1,2022-01-15
-42.130966,-11.431184,-1,EPI_ISL_13630562,Omicron,BA.2.15,2022-06-03
-40.683334,10.298458,-1,EPI_ISL_12209615,Omicron,BA.2.49,2022-04-04
-32.581734,10.247532,-1,EPI_ISL_8779736,Omicron,BA.1,2022-01-10
-32.60543,10.208168,-1,EPI_ISL_10762489,Omicron,BA.1.17.2,2022-02-17
-40.784767,10.407772,-1,EPI_ISL_11427685,Omicron,BA.2,2022-03-08
-40.839622,10.400074,-1,EPI_ISL_11564491,Omicron,BA.2.3.15,2022-03-21
-32.68372,10.247419,-1,EPI_ISL_9325974,Omicron,BA.1,2021-12-30
-36.067802,-6.241294,-1,EPI_ISL_9388436,Omicron,BA.1.1.1,2022-01-03
-36.083538,-6.452322,-1,EPI_ISL_10968841,Omicron,BA.1.1,2022-02-21
-35.81775,-6.4523697,-1,EPI_ISL_10212058,Omicron,BA.1.1,2022-02-01
-40.98015,10.595421,-1,EPI_ISL_11178204,Omicron,BA.2,2022-03-06
-36.060097,-6.249174,-1,EPI_ISL_12924760,Omicron,BA.1.1.1,2022-02-03
-36.036522,-6.390011,-1,EPI_ISL_8719478,Omicron,BA.1.1.18,2021-12-28
-32.69922,10.25528,-1,EPI_ISL_9501501,Omicron,BA.1.17.2,2022-01-17
-32.550735,10.03635,-1,EPI_ISL_8898981,Omicron,BA.1.15,2022-01-12
-40.605137,10.196865,-1,EPI_ISL_10415300,Omicron,BA.2,2022-02-20
-32.597786,10.098921,-1,EPI_ISL_8648463,Omicron,BA.1,2022-01-01
-28.055971,21.29522,-1,EPI_ISL_16507786,Omicron,BQ.1,2022-11-06
-40.82402,10.361092,-1,EPI_ISL_11761219,Omicron,BA.2.9,2022-03-09
-32.659977,10.200737,-1,EPI_ISL_8602742,Omicron,BA.1,2021-12-29
-35.778725,-6.436821,-1,EPI_ISL_9934050,Omicron,BA.1.1,2022-01-29
-20.532204,26.476913,-1,EPI_ISL_17234475,Omicron,Unassigned,2023-03-07
-32.56637,10.153788,-1,EPI_ISL_10694907,Omicron,BA.1.18,2022-02-24
-41.011574,10.790606,-1,EPI_ISL_12916062,Omicron,XE,2022-05-15
-28.047958,21.31855,-1,EPI_ISL_16108498,Omicron,BQ.1,2022-12-08
-28.001167,21.256,-1,EPI_ISL_16888407,Omicron,BQ.1.2,2023-01-23
-35.903893,-6.374445,-1,EPI_ISL_10215165,Omicron,BA.1.1.18,2022-01-24
-32.550583,10.184715,-1,EPI_ISL_13190103,Omicron,BA.1,2022-02-28
-32.527313,10.192698,-1,EPI_ISL_9535148,Omicron,BA.1.18,2021-12-30
-40.886497,10.438911,-1,EPI_ISL_13446747,Omicron,BA.2,2022-06-07
-40.831844,10.267246,-1,EPI_ISL_10763297,Omicron,BA.2,2022-02-14
-40.67543,10.423496,-1,EPI_ISL_14922324,Omicron,BA.2,2022-09-03
-40.855236,10.4624405,-1,EPI_ISL_14147995,Omicron,BA.2.12,2022-02-02
-28.133959,21.373459,-1,EPI_ISL_16414627,Omicron,EA.1,2022-12-26
-36.114883,-6.296026,-1,EPI_ISL_10557543,Omicron,BA.1.1,2022-02-10
-27.930813,21.092216,-1,EPI_ISL_16157769,Omicron,BQ.1.3,2022-12-04
-28.016552,21.287403,-1,EPI_ISL_16157624,Omicron,BQ.1.23,2022-11-21
-43.068375,-11.727882,-1,EPI_ISL_16211805,Omicron,BA.2.72,2022-05-12
-42.24011,-11.173319,-1,EPI_ISL_10682297,Omicron,BA.2,2022-02-24
-40.730087,10.290586,-1,EPI_ISL_11078332,Omicron,BA.2,2022-03-09
-40.55831,10.142071,-1,EPI_ISL_14016433,Omicron,BA.2,2022-07-15
-40.831787,10.439188,-1,EPI_ISL_12762909,Omicron,Unassigned,2022-05-06
-40.699,10.407846,-1,EPI_ISL_12701881,Omicron,BA.2,2022-05-05
-27.993158,21.146927,-1,EPI_ISL_16085568,Omicron,BQ.1.12,2022-11-21
-32.62104,10.192814,-1,EPI_ISL_10559995,Omicron,BA.1.15,2022-02-13
-32.50408,10.02092,-1,EPI_ISL_9686417,Omicron,BA.1,2022-02-02
-36.216278,-6.233738,-1,EPI_ISL_14110549,Omicron,BA.1.1.2,2022-05-26
-40.90213,10.525183,-1,EPI_ISL_10351982,Omicron,BA.2,2022-02-19
-36.013294,-6.288397,-1,EPI_ISL_9258795,Omicron,BA.1.1,2022-01-19
-36.028725,-6.366515,-1,EPI_ISL_12951911,Omicron,BC.1,2022-04-04
-28.016777,21.225006,-1,EPI_ISL_15578191,Omicron,BQ.1.1.5,2022-10-24
-32.70703,10.263077,-1,EPI_ISL_10697703,Omicron,BA.1.1,2022-01-21
-40.761505,10.306309,-1,EPI_ISL_8418875,Omicron,BA.2,2021-12-28
-36.075603,-6.225786,-1,EPI_ISL_15773907,Omicron,BA.1.1,2022-10-10
-41.050407,10.6109295,-1,EPI_ISL_14550479,Omicron,BA.2.10.1,2022-07-31
-36.013123,-6.35878,-1,EPI_ISL_9860828,Omicron,BA.1.1,2022-01-07
-28.063564,21.279667,-1,EPI_ISL_16361062,Omicron,BQ.1.32,2022-12-16
-28.063534,21.318703,-1,EPI_ISL_16518222,Omicron,Unassigned,2023-01-02
-40.72226,10.329676,-1,EPI_ISL_12632453,Omicron,BA.2.9,2022-05-06
-42.279343,-11.212344,-1,EPI_ISL_16211768,Omicron,BA.2.10,2022
-40.956604,10.5953865,-1,EPI_ISL_13379743,Omicron,BA.2.9,2022-05-31
-40.808403,10.376677,-1,EPI_ISL_13939745,Omicron,BA.2,2022-06-28
-32.495975,10.075546,-1,EPI_ISL_8815433,Omicron,BA.1.15,2021-12-29
-28.118374,21.248291,-1,EPI_ISL_16944762,Omicron,BQ.1.2,2023-01-29
-40.245934,10.150185,-1,EPI_ISL_16614154,Omicron,BA.2.2.1,2022-05-10
-40.683292,10.282864,-1,EPI_ISL_13214960,Omicron,BA.2,2022-05-09
-40.47231,10.220293,-1,EPI_ISL_12660087,Omicron,BA.2,2022-04-26
-28.063797,21.263878,-1,EPI_ISL_16901615,Omicron,BQ.1.12,2023-01-19
-35.903854,-6.4054394,-1,EPI_ISL_11065787,Omicron,BA.1.1,2022-03-01
-40.730133,10.321934,-1,EPI_ISL_13724881,Omicron,BA.2,2022-06-08
-35.7396,-6.4916286,-1,EPI_ISL_10241961,Omicron,BA.1.1,2022-02-16
-35.98974,-6.2258196,-1,EPI_ISL_12378716,Omicron,BA.1.1,2022-02-23
-32.558613,10.11467,-1,EPI_ISL_10984337,Omicron,BA.1,2022-02-24
-42.56058,-11.681075,-1,EPI_ISL_10724271,Omicron,BA.2.10,2022-02-22
-40.8786,10.673347,-1,EPI_ISL_13976791,Omicron,BA.2,2022-07-08
-36.07561,-6.2884274,-1,EPI_ISL_10863702,Omicron,BA.1.1,2022-02-11
-40.394295,10.27503,-1,EPI_ISL_11873244,Omicron,BA.2.9,2022-03-31
-42.8888,-11.220176,-1,EPI_ISL_13170539,Omicron,BA.2.3,2022-02-05
-32.66005,10.2397,-1,EPI_ISL_10690177,Omicron,BA.1,2022-02-25
-40.894287,10.51738,-1,EPI_ISL_12910283,Omicron,Unassigned,2022-05-08
-40.70662,10.376572,-1,EPI_ISL_13025831,Omicron,BA.2.50,2022-05-23
-32.519424,10.177113,-1,EPI_ISL_8996440,Omicron,BA.1,2022-01-14
-28.024706,21.412277,-1,EPI_ISL_16712534,Omicron,BW.1.1.1,2022-12-13
-40.636295,10.189072,-1,EPI_ISL_10808152,Omicron,BA.2,2022-03-02
-35.763092,-6.467867,-1,EPI_ISL_8548081,Omicron,BA.1.1,2021-12-26
-43.201286,-11.680928,-1,EPI_ISL_13192078,Omicron,BA.2,2022-04-26
-40.878593,10.493736,-1,EPI_ISL_10881525,Omicron,BA.2.37,2022-03-03
-40.823917,10.462688,-1,EPI_ISL_13872176,Omicron,BA.2.36,2022-04-19
-41.06631,10.657988,-1,EPI_ISL_12665236,Omicron,BA.2,2022-04-04
-23.109987,25.33133,-1,EPI_ISL_16611896,Omicron,BQ.1,2023-01-12
-28.10265,21.342072,-1,EPI_ISL_16458428,Omicron,BQ.1,2022-12-14
-32.699272,10.262985,-1,EPI_ISL_7916477,Omicron,BA.1,2021-12-05
-40.690956,10.306192,-1,EPI_ISL_11094727,Omicron,BA.2,2022-03-08
-40.909805,10.69696,-1,EPI_ISL_12610887,Omicron,BA.2,2022-04-07
-40.831665,10.446945,-1,EPI_ISL_10465594,Omicron,BA.2,2022-02-21
-40.573982,10.228237,-1,EPI_ISL_11365404,Omicron,BA.2.37,2022-02-11
-40.78491,10.446983,-1,EPI_ISL_12920148,Omicron,BA.2.50,2022-05-19
-35.810272,-6.491375,-1,EPI_ISL_8825194,Omicron,BA.1.1,2022-01-10
-32.480347,10.028559,-1,EPI_ISL_8771538,Omicron,BA.1.17.2,2022-01-06
-36.138268,-6.241515,-1,EPI_ISL_9420799,Omicron,Unassigned,2022-01-08
-43.0763,-11.313929,-1,EPI_ISL_9715491,Omicron,BA.2,2022-01-25
-40.386475,10.173288,-1,EPI_ISL_10315946,Omicron,BA.2.10.1,2022-01-23
-40.92539,10.55637,-1,EPI_ISL_13502208,Omicron,BA.2,2022-03-28
-42.201168,-11.095242,-1,EPI_ISL_17396084,Omicron,BA.2,2022-05-25
-36.068024,-6.358616,-1,EPI_ISL_9471321,Omicron,BA.1.1,2022-01-17
-32.332024,9.934845,-1,EPI_ISL_9564908,Omicron,BD.1,2022-01-29
-40.745827,10.267242,-1,EPI_ISL_11444389,Omicron,BA.2,2022-03-20
-35.700485,-6.5149775,-1,EPI_ISL_13472313,Omicron,BA.1.1,2022-01-20
-32.621044,10.06003,-1,EPI_ISL_9585874,Omicron,BA.1,2022-01-27
-28.110493,21.240623,-1,EPI_ISL_16068358,Omicron,BQ.1.11,2022-11-26
-42.287132,-11.141939,-1,EPI_ISL_11455851,Omicron,BA.2.9,2022-03-03
-28.382399,0.45308495,-1,EPI_ISL_12383271,Omicron,BA.1.1,2022-03-28
-40.909874,10.509392,-1,EPI_ISL_11272752,Omicron,BA.2.3.2,2022-03-15
-32.745934,10.153538,-1,EPI_ISL_9171213,Omicron,BA.1.15.1,2022-01-18
-36.161663,-6.163335,-1,EPI_ISL_11216802,Omicron,BA.1.1,2022-03-14
-40.86309,10.446785,-1,EPI_ISL_12541743,Omicron,BA.2.3.6,2022-04-18
-42.357407,-11.993616,-1,EPI_ISL_11108608,Omicron,BA.2.3.15,2022-02-28
-28.08721,21.295261,-1,EPI_ISL_16047773,Omicron,BQ.1.10.1,2022-11-22
-36.22415,-6.100683,-1,EPI_ISL_10282208,Omicron,BA.1.1,2022-01-20
-36.075623,-6.256977,-1,EPI_ISL_11191999,Omicron,BA.1.1,2022-02-22
-40.769165,10.384165,-1,EPI_ISL_11950255,Omicron,BA.2,2022-04-05
-32.621235,10.255159,-1,EPI_ISL_8794574,Omicron,BA.1.15,2021-12-15
-28.040203,21.287457,-1,EPI_ISL_15938848,Omicron,BQ.1.10.1,2022-11-21
-28.00107,20.264061,-1,EPI_ISL_17375636,Omicron,BQ.1.2,2023-03-17
-43.03711,-11.470226,-1,EPI_ISL_13129243,Omicron,BA.2,2022-05-07
-39.86313,11.290905,-1,EPI_ISL_13417178,Omicron,BA.2.3.1,2022-05-14
-31.74597,10.895716,-1,EPI_ISL_12838799,Omicron,BA.1.14.1,2022-03-15
24.67619,-17.045156,-1,EPI_ISL_17068318,Omicron,BA.2,2023-02-13
-31.800648,10.903671,-1,EPI_ISL_10020533,Omicron,BA.1,2022-01-22
-35.14581,-5.4758453,-1,EPI_ISL_9948151,Omicron,BA.1.1,2022-01-28
-28.860565,20.365662,-1,EPI_ISL_16724069,Omicron,BQ.1,2022-12-26
-31.839766,10.966251,-1,EPI_ISL_8722484,Omicron,BA.1.17.2,2021-12-19
-31.800894,10.911573,-1,EPI_ISL_14629741,Omicron,BA.1.17.2,2022-03-10
-39.956825,11.251663,-1,EPI_ISL_12191884,Omicron,BA.2.10.1,2022-04-08
-39.870655,11.22036,-1,EPI_ISL_12983275,Omicron,BA.2.20,2022-05-19
-39.948868,11.23616,-1,EPI_ISL_13379829,Omicron,BA.2,2022-05-31
-39.89432,11.314056,-1,EPI_ISL_13072105,Omicron,BA.2,2022-05-21
-35.27101,-5.5384045,-1,EPI_ISL_16195614,Omicron,BA.1.1.1,2022-02-23
-31.777435,10.880199,-1,EPI_ISL_13997141,Omicron,BA.1.15,2022-02-01
-31.745972,10.934986,-1,EPI_ISL_11964646,Omicron,BA.1.17.2,2022-03-21
-39.941055,11.275036,-1,EPI_ISL_12190302,Omicron,BA.2,2022-04-09
-39.972343,11.306299,-1,EPI_ISL_10860155,Omicron,BA.2,2022-02-23
-35.239754,-5.530513,-1,EPI_ISL_9694894,Omicron,BA.1.1,2022-01-05
-31.785263,10.934771,-1,EPI_ISL_10827218,Omicron,BA.1.15,2022-01-28
-27.38384,21.79522,-1,EPI_ISL_15936906,Omicron,BQ.1.3,2022-11-23
-31.722511,10.903614,-1,EPI_ISL_8858753,Omicron,BA.1.15.1,2022-01-12
-35.223892,-5.530464,-1,EPI_ISL_11710896,Omicron,BA.1.1.2,2022-02
-35.16931,-5.5071697,-1,EPI_ISL_11387191,Omicron,BA.1.1,2022-03-14
-35.185165,-5.475878,-1,EPI_ISL_8771019,Omicron,BA.1.1,2022-01-10
-35.185043,-5.5070467,-1,EPI_ISL_9687966,Omicron,BA.1,2022-01-21
-43.20124,-11.298294,-1,EPI_ISL_12739420,Omicron,BA.2.9,2022-04-21
-39.97247,11.251558,-1,EPI_ISL_12966945,Omicron,BA.2,2022-04-27
-39.831745,11.321934,-1,EPI_ISL_10966096,Omicron,BA.2,2022-03-04
-31.83194,10.864601,-1,EPI_ISL_10670148,Omicron,BA.1.12,2022-02-17
-31.777376,10.911648,-1,EPI_ISL_10110732,Omicron,BA.1.17.2,2022-02-11
-35.270958,-5.5228214,-1,EPI_ISL_11036031,Omicron,BA.1.15,2022-03-01
-35.169453,-5.476001,-1,EPI_ISL_7985526,Omicron,BA.1.1,2021-12-19
-35.23194,-5.530443,-1,EPI_ISL_9723753,Omicron,BA.1.1.14,2022-02-03
-31.753828,10.989584,-1,EPI_ISL_11476408,Omicron,BA.1,2022-02-25
-31.746033,10.903858,-1,EPI_ISL_10824421,Omicron,BA.1.15,2022-01-24
-39.83171,11.392273,-1,EPI_ISL_13140090,Omicron,BA.2.9,2022-05-17
-39.97205,11.228046,-1,EPI_ISL_17367336,Omicron,BA.2.9,2023-03
-42.919884,-11.532673,-1,EPI_ISL_12082644,Omicron,BA.2.47,2022-03-26
-31.769516,10.903627,-1,EPI_ISL_10837062,Omicron,BA.1.15,2021-12-30
-39.855156,11.22028,-1,EPI_ISL_13879030,Omicron,BA.2,2022-02-17
-31.730358,10.981945,-1,EPI_ISL_9044044,Omicron,BA.1.17.2,2022-01-08
-39.894436,11.345512,-1,EPI_ISL_12442582,Omicron,BA.2,2022-04-04
-39.972324,11.282965,-1,EPI_ISL_9916528,Omicron,BA.2,2022-01-27
-42.41197,-11.704764,-1,EPI_ISL_9323156,Omicron,BA.2.3,2022-01-03
-31.832127,10.8334465,-1,EPI_ISL_9889013,Omicron,BA.1,2022-02-08
-39.956787,11.228287,-1,EPI_ISL_10732260,Omicron,BA.2,2022-02-26
-39.909824,11.384518,-1,EPI_ISL_11194507,Omicron,BA.2,2022-03-13
-39.878654,11.306311,-1,EPI_ISL_15491233,Omicron,BA.2,2022-03-21
