n_neighbors,min_dist,min_samples,min_cluster_size,ari,noise_fraction,silhouette,n_clusters
10,0.0,10,50,0.0,0.2731976802319768,-0.32878148555755615,555
10,0.0,25,50,0.0,0.3130561943805619,-0.31720423698425293,497
10,0.0,50,50,0.0,0.3451842315768423,-0.26535874605178833,410
10,0.0,100,50,0.0,0.392973202679732,-0.2216241955757141,207
10,0.0,250,50,0.0,0.4951129887011299,-0.06437733769416809,97
10,0.0,500,50,1.1187779660143493e-16,0.5714803519648035,0.17717841267585754,55
10,0.0,1000,50,0.0,0.6452354764523548,0.10179077833890915,26
10,0.0,10,100,0.0,0.26034271572842715,-0.3323851525783539,266
10,0.0,25,100,0.0,0.30985651434856515,-0.321065753698349,268
10,0.0,50,100,0.0,0.3466903309669033,-0.275089830160141,238
10,0.0,100,100,0.0,0.3918983101689831,-0.22496771812438965,185
10,0.0,250,100,0.0,0.5062931206879312,-0.03723214566707611,88
10,0.0,500,100,0.0,0.5656559344065594,0.16575074195861816,51
10,0.0,1000,100,0.0,0.6456041895810419,0.12858663499355316,25
10,0.0,10,250,0.0,0.30716303369663034,-0.2748652398586273,110
10,0.0,25,250,0.0,0.35464578542145786,-0.2392663210630417,113
10,0.0,50,250,0.0,0.3714253574642536,-0.21047645807266235,115
10,0.0,100,250,0.0,0.4022097790220978,-0.15936866402626038,99
10,0.0,250,250,9.868996956635721e-17,0.4864513548645136,-0.08420002460479736,78
10,0.0,500,250,0.0,0.5661246375362464,0.1627480387687683,46
10,0.0,1000,250,0.0,0.6373550144985501,0.10218522697687149,21
10,0.0,10,500,0.0,0.35667058294170584,-0.2152269035577774,57
10,0.0,25,500,0.0,0.4452117288271173,-0.0773320123553276,58
10,0.0,50,500,0.0,0.42035171482851713,-0.12969852983951569,62
10,0.0,100,500,0.0,0.44885511448855114,-0.041687969118356705,57
10,0.0,250,500,0.0,0.5044058094190581,-0.03749963268637657,49
10,0.0,500,500,0.0,0.5634311568843116,0.16291086375713348,44
10,0.0,1000,500,0.0,0.6416233376662334,0.23037129640579224,19
10,0.0,10,1000,0.0,0.4407871712828717,-0.1412844955921173,22
10,0.0,25,1000,0.0,0.49283196680331964,0.11688143014907837,26
10,0.0,50,1000,0.0,0.5040870912908709,0.10189417749643326,27
10,0.0,100,1000,0.0,0.5063868613138686,0.10722099989652634,26
10,0.0,250,1000,1.0566160604204412e-16,0.5295720427957205,0.14516353607177734,25
10,0.0,500,1000,0.0,0.5501887311268873,0.09824343025684357,24
10,0.0,1000,1000,0.0,0.6539721027897211,0.45527157187461853,15
10,0.0,10,2500,-9.785000728769277e-17,0.4469115588441156,0.1705973893404007,12
10,0.0,25,2500,0.0,0.4981251874812519,0.11741309612989426,11
10,0.0,50,2500,0.0,0.575917408259174,0.19477322697639465,12
10,0.0,100,2500,0.0,0.6308994100589941,0.20878885686397552,10
10,0.0,250,2500,0.0,0.7054919508049196,0.5372466444969177,7
10,0.0,500,2500,0.0,0.6578592140785922,0.47163671255111694,8
10,0.0,1000,2500,0.0,0.6441418358164184,0.45537328720092773,9
10,0.0,10,5000,0.0,0.5403397160283971,0.42453134059906006,6
10,0.0,25,5000,0.0,0.5695242975702429,0.4216417074203491,7
10,0.0,50,5000,0.0,0.2383949105089491,-0.4103986918926239,4
10,0.0,100,5000,0.0,0.2987701229877012,-0.2784591317176819,3
10,0.0,250,5000,0.0,0.24927507249275072,-0.24244365096092224,3
10,0.0,500,5000,0.0,0.1396985301469853,-0.13812273740768433,2
10,0.0,1000,5000,0.0,0.2121100389961004,-0.14152394235134125,2
10,0.0,10,10000,-1.0938720964416706e-16,0.40863413658634135,0.1499313861131668,3
10,0.0,25,10000,0.0,0.6044270572942706,0.4428494870662689,3
10,0.0,50,10000,0.0,0.7995075492450755,0.4845365285873413,2
10,0.0,100,10000,1.0,1.0,,0
10,0.0,250,10000,0.0,0.8623012698730127,0.3827510178089142,2
10,0.0,500,10000,0.0,0.7882336766323368,0.5167008638381958,2
10,0.0,1000,10000,0.0,0.7534246575342466,0.5268781185150146,2
10,0.0,10,15000,0.0,0.34525297470252975,0.45694440603256226,2
10,0.0,25,15000,-3.1651703610793883e-16,0.6896185381461853,0.5362343192100525,2
10,0.0,50,15000,1.0,1.0,,0
10,0.0,100,15000,1.0,1.0,,0
10,0.0,250,15000,1.0,1.0,,0
10,0.0,500,15000,1.0,1.0,,0
10,0.0,1000,15000,0.0,0.7534246575342466,0.5268780589103699,2
10,0.0,10,20000,0.0,0.34525297470252975,0.4569444954395294,2
10,0.0,25,20000,1.0,1.0,,0
10,0.0,50,20000,1.0,1.0,,0
10,0.0,100,20000,1.0,1.0,,0
10,0.0,250,20000,1.0,1.0,,0
10,0.0,500,20000,1.0,1.0,,0
10,0.0,1000,20000,1.0,1.0,,0
10,0.0,10,22000,0.0,0.34525297470252975,0.4569445252418518,2
10,0.0,25,22000,1.0,1.0,,0
10,0.0,50,22000,1.0,1.0,,0
10,0.0,100,22000,1.0,1.0,,0
10,0.0,250,22000,1.0,1.0,,0
10,0.0,500,22000,1.0,1.0,,0
10,0.0,1000,22000,1.0,1.0,,0
15,0.0,10,50,0.0,0.14127962203779623,-0.3285753130912781,509
15,0.0,25,50,0.0,0.16675207479252074,,476
15,0.0,50,50,0.0,0.20827917208279173,-0.2834555506706238,413
15,0.0,100,50,0.0,0.25747425257474255,-0.12912485003471375,200
15,0.0,250,50,0.0,0.33440405959404057,-0.04446649178862572,97
15,0.0,500,50,0.0,0.3962541245875412,0.17258568108081818,54
15,0.0,1000,50,0.0,0.4766898310168983,0.3115497827529907,30
15,0.0,10,100,0.0,0.14123587641235877,-0.25458967685699463,245
15,0.0,25,100,0.0,0.1738138686131387,-0.26256391406059265,251
15,0.0,50,100,0.0,0.19594290570942904,-0.2189924269914627,231
15,0.0,100,100,0.0,0.25393085691430856,-0.12895698845386505,187
15,0.0,250,100,4.265355551366642e-17,0.3268110688931107,0.09195391088724136,87
15,0.0,500,100,0.0,0.39647910208979104,0.18521879613399506,49
15,0.0,1000,100,9.911123973871153e-17,0.47723352664733526,0.3709205389022827,29
15,0.0,10,250,0.0,0.1772947705229477,-0.12527893483638763,113
15,0.0,25,250,0.0,0.21501599840015997,-0.0858646109700203,111
15,0.0,50,250,0.0,0.22077792220777923,-0.08745142817497253,110
15,0.0,100,250,0.0,0.264023597640236,-0.017982762306928635,96
15,0.0,250,250,4.2868157702698493e-17,0.3331729327067293,0.10445025563240051,76
15,0.0,500,250,0.0,0.3945542945705429,0.21113547682762146,47
15,0.0,1000,250,0.0,0.4677407259274073,0.2819879651069641,26
15,0.0,10,500,0.0,0.24226327367263273,0.005981058347970247,66
15,0.0,25,500,0.0,0.28344040595940406,0.0024525215849280357,60
15,0.0,50,500,0.0,0.28258424157584244,-0.012663321569561958,60
15,0.0,100,500,0.0,0.29972002799720027,0.053155358880758286,55
15,0.0,250,500,0.0,0.35264598540145986,0.13651421666145325,50
15,0.0,500,500,0.0,0.39147960203979604,0.20543910562992096,46
15,0.0,1000,500,-9.901544049399089e-17,0.47494625537446256,0.29514947533607483,23
15,0.0,10,1000,0.0,0.3393160683931607,0.1119174063205719,30
15,0.0,25,1000,0.0,0.3413158684131587,0.10476358979940414,29
15,0.0,50,1000,4.4391150052206816e-17,0.3677257274272573,0.14785104990005493,28
15,0.0,100,1000,0.0,0.3664008599140086,0.16869492828845978,31
15,0.0,250,1000,0.0,0.4021347865213479,0.2212969958782196,25
15,0.0,500,1000,0.0,0.4197955204479552,0.3720666170120239,22
15,0.0,1000,1000,0.0,0.47326517348265174,0.33696308732032776,20
15,0.0,10,2500,0.0,0.38535521447855214,0.027717730030417442,13
15,0.0,25,2500,0.0,0.44744275572442754,0.19905954599380493,14
15,0.0,50,2500,0.0,0.41157759224077595,0.34774458408355713,15
15,0.0,100,2500,-9.731268351578905e-17,0.4380999400059994,0.33510053157806396,12
15,0.0,250,2500,0.0,0.3763873612638736,0.28794917464256287,12
15,0.0,500,2500,0.0,0.4768773122687731,0.3236828148365021,11
15,0.0,1000,2500,0.0,0.4926194880511949,0.2584618628025055,10
15,0.0,10,5000,0.0,0.4607039296070393,0.12633772194385529,9
15,0.0,25,5000,0.0,0.5229477052294771,0.26139336824417114,9
15,0.0,50,5000,1.0328702824941675e-16,0.4832704229577042,0.3624456822872162,7
15,0.0,100,5000,0.0,0.4399122587741226,0.2060219943523407,7
15,0.0,250,5000,0.0,0.44957379262073793,0.2922343611717224,7
15,0.0,500,5000,0.0,0.496025397460254,0.29905596375465393,7
15,0.0,1000,5000,0.0,0.5620437956204379,0.36207640171051025,6
15,0.0,10,10000,0.0,0.31371862813718626,0.44640427827835083,4
15,0.0,25,10000,0.0,0.2283834116588341,0.20802827179431915,2
15,0.0,50,10000,0.0,0.18686881311868814,0.22767998278141022,2
15,0.0,100,10000,0.0,0.2895335466453355,0.25782379508018494,2
15,0.0,250,10000,0.0,0.21955929407059294,0.22624841332435608,2
15,0.0,500,10000,0.0,0.2273147685231477,0.2913343906402588,2
15,0.0,1000,10000,1.1178347646068035e-16,0.463472402759724,0.22217608988285065,3
15,0.0,10,15000,0.0,0.072486501349865,0.3437264561653137,2
15,0.0,25,15000,0.0,0.2283834116588341,0.20802827179431915,2
15,0.0,50,15000,0.0,0.18686881311868814,0.22767993807792664,2
15,0.0,100,15000,0.0,0.2895335466453355,0.2578237056732178,2
15,0.0,250,15000,0.0,0.21955929407059294,0.22624842822551727,2
15,0.0,500,15000,0.0,0.2273147685231477,0.2913343608379364,2
15,0.0,1000,15000,0.0,0.39048595140485953,0.3065694272518158,2
15,0.0,10,20000,0.0,0.072486501349865,0.34372636675834656,2
15,0.0,25,20000,1.0,1.0,,0
15,0.0,50,20000,0.0,0.18686881311868814,0.22768007218837738,2
15,0.0,100,20000,0.0,0.620456704329567,0.2651975750923157,2
15,0.0,250,20000,0.0,0.21955929407059294,0.2262483835220337,2
15,0.0,500,20000,0.0,0.2273147685231477,0.29133445024490356,2
15,0.0,1000,20000,0.0,0.39048595140485953,0.30656933784484863,2
15,0.0,10,22000,0.0,0.072486501349865,0.34372639656066895,2
15,0.0,25,22000,1.0,1.0,,0
15,0.0,50,22000,1.0,1.0,,0
15,0.0,100,22000,0.0,0.620456704329567,0.26519760489463806,2
15,0.0,250,22000,0.0,0.6066705829417058,0.23387432098388672,2
15,0.0,500,22000,0.0,0.2273147685231477,0.2913343906402588,2
15,0.0,1000,22000,0.0,0.39048595140485953,0.3065694272518158,2
30,0.0,10,50,0.0,0.15003499650034996,-0.21017122268676758,506
30,0.0,25,50,0.0,0.18524397560243977,-0.18936187028884888,479
30,0.0,50,50,0.0,0.2086228877112289,-0.11980478465557098,413
30,0.0,100,50,0.0,0.24968128187181282,0.08867350965738297,229
30,0.0,250,50,0.0,0.2970765423457654,0.32311826944351196,99
30,0.0,500,50,0.0,0.3608951604839516,0.43755319714546204,58
30,0.0,1000,50,0.0,0.4293883111688831,0.623644232749939,29
30,0.0,10,100,0.0,0.15355964403559644,0.053821370005607605,266
30,0.0,25,100,0.0,0.18137561243875613,0.0729074701666832,251
30,0.0,50,100,0.0,0.17991325867413258,0.14517973363399506,227
30,0.0,100,100,0.0,0.2383886611338866,0.1753966212272644,193
30,0.0,250,100,0.0,0.2909271572842716,0.3090299069881439,94
30,0.0,500,100,4.389704075741949e-17,0.3614888511148885,0.4409582018852234,57
30,0.0,1000,100,0.0,0.42905709429057093,0.7700474262237549,28
30,0.0,10,250,0.0,0.18497525247475252,0.16812355816364288,122
30,0.0,25,250,0.0,0.18742500749925006,0.1580800563097,116
30,0.0,50,250,0.0,0.21671582841715828,0.20132280886173248,102
30,0.0,100,250,0.0,0.24025722427757223,0.24761831760406494,103
30,0.0,250,250,0.0,0.28374037596240376,0.32482609152793884,86
30,0.0,500,250,0.0,0.3499837516248375,0.43316975235939026,51
30,0.0,1000,250,0.0,0.42971327867213277,0.7765947580337524,27
30,0.0,10,500,0.0,0.19072467753224678,0.14203299582004547,66
30,0.0,25,500,0.0,0.22295895410458955,0.2437891662120819,61
30,0.0,50,500,0.0,0.2452067293270673,0.24093687534332275,61
30,0.0,100,500,0.0,0.24863138686131386,0.28126275539398193,63
30,0.0,250,500,0.0,0.28134061593840615,0.3845788836479187,51
30,0.0,500,500,0.0,0.3398785121487851,0.54786217212677,47
30,0.0,1000,500,0.0,0.42803844615538444,0.7550495266914368,25
30,0.0,10,1000,0.0,0.2335891410858914,0.3439367711544037,31
30,0.0,25,1000,0.0,0.25576192380761925,0.35423946380615234,28
30,0.0,50,1000,0.0,0.2888023697630237,0.4831717014312744,31
30,0.0,100,1000,0.0,0.35323967603239675,0.5562058091163635,28
30,0.0,250,1000,0.0,0.31244375562443755,0.5559818148612976,30
30,0.0,500,1000,0.0,0.370987901209879,0.6279410123825073,26
30,0.0,1000,1000,0.0,0.4250887411258874,0.7338264584541321,22
30,0.0,10,2500,0.0,0.3333354164583542,0.3193056583404541,13
30,0.0,25,2500,0.0,0.2867150784921508,0.32326701283454895,13
30,0.0,50,2500,0.0,0.4319880511948805,0.6438845992088318,14
30,0.0,100,2500,0.0,0.43234426557344263,0.6000106334686279,13
30,0.0,250,2500,0.0,0.40245350464953505,0.5530816316604614,15
30,0.0,500,2500,0.0,0.45070492950704927,0.643150806427002,15
30,0.0,1000,2500,0.0,0.4967253274672533,0.6372507214546204,12
30,0.0,10,5000,0.0,0.3066255874412559,0.2819680869579315,8
30,0.0,25,5000,-9.632228472670864e-17,0.3956916808319168,0.539711594581604,8
30,0.0,50,5000,0.0,0.564449805019498,0.8304969072341919,8
30,0.0,100,5000,0.0,0.5398897610238976,0.7746546864509583,8
30,0.0,250,5000,0.0,0.36213878612138783,0.15299010276794434,9
30,0.0,500,5000,-1.1024512281986777e-16,0.5204854514548545,0.5393099188804626,6
30,0.0,1000,5000,0.0,0.40846540345965404,0.2567155957221985,9
30,0.0,10,10000,0.0,0.0028997100289971,0.02164795622229576,2
30,0.0,25,10000,0.0,0.026334866513348664,0.02101834863424301,2
30,0.0,50,10000,0.0,0.044045595440455956,0.01493170764297247,2
30,0.0,100,10000,0.0,0.04544545545445455,0.0153361726552248,2
30,0.0,250,10000,0.0,0.014917258274172583,0.03026539646089077,2
30,0.0,500,10000,0.0,0.08247925207479252,0.034089431166648865,2
30,0.0,1000,10000,0.0,0.19384936506349365,0.060127224773168564,2
30,0.0,10,15000,1.0,1.0,,0
30,0.0,25,15000,1.0,1.0,,0
30,0.0,50,15000,1.0,1.0,,0
30,0.0,100,15000,0.0,0.5664308569143086,0.6007200479507446,2
30,0.0,250,15000,1.0,1.0,,0
30,0.0,500,15000,3.1973076071689375e-16,0.6966178382161784,0.6977233290672302,2
30,0.0,1000,15000,1.0,1.0,,0
30,0.0,10,20000,1.0,1.0,,0
30,0.0,25,20000,1.0,1.0,,0
30,0.0,50,20000,1.0,1.0,,0
30,0.0,100,20000,0.0,0.5664308569143086,0.6007201075553894,2
30,0.0,250,20000,1.0,1.0,,0
30,0.0,500,20000,1.0,1.0,,0
30,0.0,1000,20000,1.0,1.0,,0
30,0.0,10,22000,1.0,1.0,,0
30,0.0,25,22000,1.0,1.0,,0
30,0.0,50,22000,1.0,1.0,,0
30,0.0,100,22000,1.0,1.0,,0
30,0.0,250,22000,1.0,1.0,,0
30,0.0,500,22000,1.0,1.0,,0
30,0.0,1000,22000,1.0,1.0,,0
50,0.0,10,50,0.0,0.09164708529147085,-0.12589281797409058,505
50,0.0,25,50,0.0,0.07603614638536146,-0.017414120957255363,459
50,0.0,50,50,0.0,0.07891710828917109,-131.6899871826172,394
50,0.0,100,50,0.0,0.1446230376962304,24.808616638183594,226
50,0.0,250,50,-1.9990830679186357e-17,0.16857064293570642,,105
50,0.0,500,50,0.0,0.18541270872912707,0.6487336158752441,54
50,0.0,1000,50,0.0,0.2655859414058594,0.7540457844734192,37
50,0.0,10,100,0.0,0.09219703029697031,0.04366259649395943,259
50,0.0,25,100,0.0,0.06683081691830817,0.1864299476146698,236
50,0.0,50,100,0.0,0.07541120887911208,0.1686798632144928,215
50,0.0,100,100,0.0,0.12231901809819018,0.17976193130016327,188
50,0.0,250,100,0.0,0.16346490350964904,0.43939879536628723,98
50,0.0,500,100,0.0,0.18542520747925206,0.6515841484069824,51
50,0.0,1000,100,0.0,0.2655859414058594,0.7540457844734192,37
50,0.0,10,250,0.0,0.06776822317768223,0.35395243763923645,123
50,0.0,25,250,0.0,0.05773172682731727,0.4114759564399719,115
50,0.0,50,250,0.0,0.0508011698830117,0.37470126152038574,112
50,0.0,100,250,0.0,0.09462178782121788,0.4248267114162445,106
50,0.0,250,250,0.0,0.12765598440155984,0.49269378185272217,88
50,0.0,500,250,0.0,0.18624387561243877,0.6557503938674927,48
50,0.0,1000,250,0.0,0.2533996600339966,0.7464258074760437,33
50,0.0,10,500,0.0,0.09284696530346966,0.40812432765960693,64
50,0.0,25,500,0.0,0.10502074792520748,0.4375562071800232,63
50,0.0,50,500,0.0,0.09631536846315368,0.4814288020133972,63
50,0.0,100,500,0.0,0.11326992300769922,0.5004618167877197,58
50,0.0,250,500,0.0,0.16305869413058693,0.6087513566017151,53
50,0.0,500,500,0.0,0.18318793120687932,0.6396867632865906,45
50,0.0,1000,500,0.0,0.23377662233776622,0.6788501739501953,28
50,0.0,10,1000,0.0,0.12125662433756625,0.3873111307621002,38
50,0.0,25,1000,1.9847616853343958e-17,0.12543120687931206,0.48182082176208496,37
50,0.0,50,1000,0.0,0.13907984201579843,0.4991699159145355,37
50,0.0,100,1000,0.0,0.1705829417058294,0.5091438889503479,32
50,0.0,250,1000,0.0,0.20836666333366663,0.5930354595184326,30
50,0.0,500,1000,0.0,0.20186731326867313,0.5988759994506836,29
50,0.0,1000,1000,0.0,0.23018323167683233,0.6443504095077515,26
50,0.0,10,2500,0.0,0.14146085391460853,0.37500306963920593,18
50,0.0,25,2500,0.0,0.2005986901309869,0.5048028826713562,17
50,0.0,50,2500,0.0,0.1396860313968603,0.33025845885276794,14
50,0.0,100,2500,0.0,0.20034871512848715,0.4884698688983917,17
50,0.0,250,2500,0.0,0.25416833316668336,0.5841979384422302,14
50,0.0,500,2500,0.0,0.2676794820517948,0.6373168230056763,14
50,0.0,1000,2500,0.0,0.2607301769823018,0.6432798504829407,13
50,0.0,10,5000,0.0,0.20466703329667033,0.4300232529640198,10
50,0.0,25,5000,4.2360267850726364e-17,0.19314318568143185,0.3644736707210541,11
50,0.0,50,5000,0.0,0.22703979602039795,0.32158714532852173,10
50,0.0,100,5000,-4.201631063101123e-17,0.20658559144085592,0.39748257398605347,12
50,0.0,250,5000,0.0,0.332041795820418,0.6128395199775696,11
50,0.0,500,5000,0.0,0.3294920507949205,0.6170380115509033,9
50,0.0,1000,5000,0.0,0.28506524347565243,0.6490702033042908,12
50,0.0,10,10000,0.0,0.2964203579642036,0.1257910132408142,5
50,0.0,25,10000,-1.0003996690215014e-16,0.40004749525047495,0.22466811537742615,5
50,0.0,50,10000,0.0,0.34336566343365665,0.1656789630651474,5
50,0.0,100,10000,0.0,0.6230564443555644,0.3399185538291931,3
50,0.0,250,10000,-2.829806738014088e-16,0.657540495950405,0.42495474219322205,3
50,0.0,500,10000,0.0,0.5381836816318368,0.5655896663665771,5
50,0.0,1000,10000,0.0,0.5284409059094091,0.4043062627315521,4
50,0.0,10,15000,-1.02476283234209e-16,0.26522972702729725,0.1558188647031784,3
50,0.0,25,15000,0.0,0.18295045495450454,0.202246755361557,2
50,0.0,50,15000,0.0,0.2220965403459654,0.023308582603931427,4
50,0.0,100,15000,0.0,0.3619138086191381,0.30064114928245544,2
50,0.0,250,15000,0.0,0.36265123487651235,0.2974264323711395,2
50,0.0,500,15000,0.0,0.4062906209379062,0.3183767795562744,2
50,0.0,1000,15000,0.0,0.4945692930706929,0.329287052154541,2
50,0.0,10,20000,0.0,0.38693630636936305,0.1617659330368042,2
50,0.0,25,20000,0.0,0.18295045495450454,0.2022467851638794,2
50,0.0,50,20000,0.0,0.4212141285871413,0.29472294449806213,2
50,0.0,100,20000,0.0,0.3619138086191381,0.300641268491745,2
50,0.0,250,20000,0.0,0.36265123487651235,0.29742634296417236,2
50,0.0,500,20000,0.0,0.4062906209379062,0.31837671995162964,2
50,0.0,1000,20000,0.0,0.4945692930706929,0.32928702235221863,2
50,0.0,10,22000,0.0,0.38693630636936305,0.16176599264144897,2
50,0.0,25,22000,0.0,0.18295045495450454,0.20224681496620178,2
50,0.0,50,22000,0.0,0.4212141285871413,0.29472291469573975,2
50,0.0,100,22000,0.0,0.3619138086191381,0.3006412088871002,2
50,0.0,250,22000,0.0,0.36265123487651235,0.29742640256881714,2
50,0.0,500,22000,0.0,0.4062906209379062,0.31837671995162964,2
50,0.0,1000,22000,0.0,0.4945692930706929,0.3292871415615082,2
75,0.0,10,50,0.0,0.12472502749725027,-0.1213986724615097,526
75,0.0,25,50,0.0,0.14452929707029297,-0.016596486791968346,519
75,0.0,50,50,0.0,0.10642685731426857,-25.98526382446289,424
75,0.0,100,50,0.0,0.14516048395160483,0.3290630280971527,226
75,0.0,250,50,0.0,0.1778134686531347,6229.154296875,115
75,0.0,500,50,0.0,0.18106939306069392,0.6742449402809143,58
75,0.0,1000,50,0.0,0.2389011098890111,0.6930944919586182,35
75,0.0,10,100,9.682065450013594e-18,0.11831316868313169,-0.028227990493178368,268
75,0.0,25,100,0.0,0.15177857214278573,0.1015845313668251,269
75,0.0,50,100,0.0,0.0789046095390461,0.2806701958179474,216
75,0.0,100,100,0.0,0.12132536746325367,0.360760897397995,199
75,0.0,250,100,2.0010159905900982e-17,0.17053919608039195,-2556.887451171875,99
75,0.0,500,100,0.0,0.1802257274272573,0.6744894981384277,56
75,0.0,1000,100,0.0,0.23925107489251074,0.6983479261398315,34
75,0.0,10,250,0.0,0.08147935206479352,0.2147875875234604,115
75,0.0,25,250,0.0,0.1641898310168983,0.21886780858039856,121
75,0.0,50,250,0.0,0.0522947705229477,0.44607454538345337,105
75,0.0,100,250,0.0,0.08866613338666134,0.4837188720703125,98
75,0.0,250,250,0.0,0.1528972102789721,-22.091093063354492,86
75,0.0,500,250,0.0,0.18087566243375663,0.6848628520965576,53
75,0.0,1000,250,0.0,0.23955729427057293,0.6995739340782166,30
75,0.0,10,500,0.0,0.1273060193980602,0.25373512506484985,69
75,0.0,25,500,0.0,0.09692155784421558,0.5619338154792786,64
75,0.0,50,500,0.0,0.09355939406059394,0.5470413565635681,64
75,0.0,100,500,0.0,0.10865788421157885,0.567213773727417,64
75,0.0,250,500,0.0,0.13759249075092492,0.6040570139884949,55
75,0.0,500,500,2.0159669167386205e-17,0.18556269373062695,0.683568000793457,49
75,0.0,1000,500,0.0,0.2159971502849715,0.6338708400726318,27
75,0.0,10,1000,-1.9854286825253704e-17,0.12631236876312368,0.5376055836677551,35
75,0.0,25,1000,0.0,0.1531096890310969,0.5601828694343567,34
75,0.0,50,1000,0.0,0.1487101289871013,0.5651974678039551,34
75,0.0,100,1000,0.0,0.1634024097590241,0.5736385583877563,32
75,0.0,250,1000,0.0,0.189487301269873,0.6059491038322449,30
75,0.0,500,1000,0.0,0.20580441955804418,0.5941615700721741,27
75,0.0,1000,1000,0.0,0.2213966103389661,0.6464281678199768,26
75,0.0,10,2500,0.0,0.1527034796520348,0.4223687946796417,18
75,0.0,25,2500,0.0,0.21192255774422558,0.5354593396186829,19
75,0.0,50,2500,0.0,0.15997150284971504,0.3987874388694763,18
75,0.0,100,2500,0.0,0.21179132086791322,0.4849637448787689,18
75,0.0,250,2500,-4.296290302783095e-17,0.1439106089391061,0.32108378410339355,14
75,0.0,500,2500,0.0,0.21725952404759524,0.4584524631500244,16
75,0.0,1000,2500,0.0,0.26006149385061494,0.4984125792980194,15
75,0.0,10,5000,0.0,0.21277872212778723,0.5238523483276367,13
75,0.0,25,5000,0.0,0.254505799420058,0.4371398389339447,11
75,0.0,50,5000,0.0,0.24743775622437755,0.45018818974494934,12
75,0.0,100,5000,0.0,0.2926832316768323,0.3652550280094147,10
75,0.0,250,5000,-4.4695777949810066e-17,0.23617013298670134,0.25713104009628296,9
75,0.0,500,5000,0.0,0.3212928707129287,0.49411019682884216,10
75,0.0,1000,5000,0.0,0.33542270772922705,0.4535013735294342,10
75,0.0,10,10000,0.0,0.3212991200879912,0.5754302144050598,5
75,0.0,25,10000,-1.0654965774670183e-16,0.4786146385361464,0.4025757908821106,4
75,0.0,50,10000,0.0,0.4691655834416558,0.5691875219345093,5
75,0.0,100,10000,0.0,0.46286621337866213,0.31084930896759033,3
75,0.0,250,10000,0.0,0.4405184481551845,0.29199424386024475,3
75,0.0,500,10000,0.0,0.5307031796820318,0.30456721782684326,3
75,0.0,1000,10000,0.0,0.4925819918008199,0.31000810861587524,3
75,0.0,10,15000,0.0,0.2673857614238576,0.24986055493354797,4
75,0.0,25,15000,0.0,0.24653159684031598,0.13286301493644714,2
75,0.0,50,15000,0.0,0.24653159684031598,0.13286304473876953,2
75,0.0,100,15000,0.0,0.24653159684031598,0.13286302983760834,2
75,0.0,250,15000,0.0,0.2263836116388361,0.14272306859493256,2
75,0.0,500,15000,0.0,0.2221152884711529,0.1448160707950592,2
75,0.0,1000,15000,0.0,0.2241088391160884,0.12131594866514206,2
75,0.0,10,20000,0.0,0.2279959504049595,0.15923112630844116,3
75,0.0,25,20000,0.0,0.24653159684031598,0.13286304473876953,2
75,0.0,50,20000,0.0,0.24653159684031598,0.1328630894422531,2
75,0.0,100,20000,0.0,0.24653159684031598,0.13286304473876953,2
75,0.0,250,20000,0.0,0.2263836116388361,0.14272303879261017,2
75,0.0,500,20000,0.0,0.2221152884711529,0.144816055893898,2
75,0.0,1000,20000,0.0,0.2241088391160884,0.12131597101688385,2
75,0.0,10,22000,0.0,0.2279959504049595,0.15923115611076355,3
75,0.0,25,22000,0.0,0.24653159684031598,0.13286305963993073,2
75,0.0,50,22000,0.0,0.24653159684031598,0.13286302983760834,2
75,0.0,100,22000,0.0,0.24653159684031598,0.13286307454109192,2
75,0.0,250,22000,0.0,0.2263836116388361,0.1427229791879654,2
75,0.0,500,22000,0.0,0.2221152884711529,0.1448160707950592,2
75,0.0,1000,22000,0.0,0.2241088391160884,0.12131596356630325,2
100,0.0,10,50,9.654973438679027e-18,0.13632386761323867,-0.09572546929121017,502
100,0.0,25,50,0.0,0.1444043095690431,-0.19755226373672485,503
100,0.0,50,50,0.0,0.1822192780721928,-0.16607125103473663,483
100,0.0,100,50,0.0,0.20506074392560744,,268
100,0.0,250,50,0.0,0.1992863213678632,0.5757187604904175,118
100,0.0,500,50,0.0,0.18957479252074794,0.6027079820632935,56
100,0.0,1000,50,0.0,0.2291083391660834,0.6647111773490906,34
100,0.0,10,100,0.0,0.15334091590840915,0.23861241340637207,248
100,0.0,25,100,0.0,0.15914033596640337,0.08915217220783234,247
100,0.0,50,100,0.0,0.1782009299070093,0.08435999602079391,253
100,0.0,100,100,0.0,0.20402334766523347,0.2224937379360199,220
100,0.0,250,100,0.0,0.17012673732626737,0.5587536692619324,99
100,0.0,500,100,-2.0199909467634862e-17,0.19000599940006,0.6037111282348633,55
100,0.0,1000,100,0.0,0.22954579542045794,0.6751915812492371,33
100,0.0,10,250,0.0,0.1466915808419158,0.3965790569782257,114
100,0.0,25,250,0.0,0.10492075792420757,0.4652049243450165,113
100,0.0,50,250,0.0,0.13672382761723828,0.4406030774116516,111
100,0.0,100,250,0.0,0.13205554444555545,0.5304422974586487,98
100,0.0,250,250,-1.9834043024298685e-17,0.13977352264773524,0.6112484931945801,82
100,0.0,500,250,0.0,0.17711978802119788,0.6598342657089233,51
100,0.0,1000,250,0.0,0.22954579542045794,0.6751915812492371,33
100,0.0,10,500,0.0,0.15657809219078092,0.33628416061401367,61
100,0.0,25,500,0.0,0.12646860313968603,0.41677114367485046,64
100,0.0,50,500,0.0,0.073498900109989,0.4710652232170105,58
100,0.0,100,500,0.0,0.12221902809719028,0.5164380669593811,58
100,0.0,250,500,1.995460764063525e-17,0.15607814218578142,0.5866055488586426,55
100,0.0,500,500,0.0,0.18375037496250374,0.6652707457542419,47
100,0.0,1000,500,0.0,0.21063518648135188,0.637427031993866,32
100,0.0,10,1000,1.9737674500452606e-17,0.16155884411558843,0.24863839149475098,37
100,0.0,25,1000,0.0,0.1131886811318868,0.4604397118091583,39
100,0.0,50,1000,0.0,0.11503224677532246,0.4537819027900696,38
100,0.0,100,1000,0.0,0.12867463253674633,0.5371125340461731,38
100,0.0,250,1000,0.0,0.17606989301069892,0.6271268129348755,33
100,0.0,500,1000,0.0,0.15758424157584242,0.5726252794265747,30
100,0.0,1000,1000,0.0,0.2012923707629237,0.5908396244049072,27
100,0.0,10,2500,0.0,0.17572617738226176,0.35952597856521606,18
100,0.0,25,2500,0.0,0.2393948105189481,0.43269583582878113,18
100,0.0,50,2500,0.0,0.21891560843915608,0.37739402055740356,15
100,0.0,100,2500,-4.222937266136833e-17,0.17495125487451255,0.33537378907203674,13
100,0.0,250,2500,0.0,0.2431006899310069,0.43719032406806946,13
100,0.0,500,2500,0.0,0.18455654434556545,0.3782918453216553,14
100,0.0,1000,2500,0.0,0.271960303969603,0.4849422574043274,13
100,0.0,10,5000,-4.2639960436577296e-17,0.2676794820517948,0.47402891516685486,12
100,0.0,25,5000,-4.4193980243086374e-17,0.27190405959404057,0.4161608815193176,9
100,0.0,50,5000,0.0,0.3156996800319968,0.5919117331504822,10
100,0.0,100,5000,0.0,0.27176032396760325,0.398916095495224,9
100,0.0,250,5000,0.0,0.25924282571742824,0.3820607662200928,9
100,0.0,500,5000,0.0,0.12951829817018298,0.26752138137817383,12
100,0.0,1000,5000,0.0,0.3449030096990301,0.5211083889007568,9
100,0.0,10,10000,0.0,0.4090903409659034,0.3392542600631714,5
100,0.0,25,10000,0.0,0.5100614938506149,0.23805297911167145,3
100,0.0,50,10000,0.0,0.5190980901909809,0.47706353664398193,3
100,0.0,100,10000,0.0,0.5707554244575542,0.4203774034976959,3
100,0.0,250,10000,0.0,0.4944318068193181,0.24129928648471832,3
100,0.0,500,10000,0.0,0.49065093490650935,0.257999986410141,3
100,0.0,1000,10000,0.0,0.6349677532246776,0.5654370188713074,3
100,0.0,10,15000,0.0,0.4585853914608539,0.19263480603694916,3
100,0.0,25,15000,0.0,0.46452229777022297,0.2805080711841583,2
100,0.0,50,15000,0.0,0.5190980901909809,0.4770633578300476,3
100,0.0,100,15000,0.0,0.4874262573742626,0.29991212487220764,2
100,0.0,250,15000,0.0,0.4804332066793321,0.30010154843330383,2
100,0.0,500,15000,0.0,0.5701617338266174,0.31823965907096863,2
100,0.0,1000,15000,0.0,0.7145910408959104,0.5940870642662048,2
100,0.0,10,20000,0.0,0.5616625837416258,0.2534119486808777,2
100,0.0,25,20000,0.0,0.46452229777022297,0.2805081009864807,2
100,0.0,50,20000,0.0,0.5190980901909809,0.47706353664398193,3
100,0.0,100,20000,0.0,0.4874262573742626,0.2999122142791748,2
100,0.0,250,20000,0.0,0.4804332066793321,0.30010151863098145,2
100,0.0,500,20000,0.0,0.5701617338266174,0.3182397186756134,2
100,0.0,1000,20000,0.0,0.7145910408959104,0.5940868854522705,2
100,0.0,10,22000,0.0,0.5616625837416258,0.2534119784832001,2
100,0.0,25,22000,0.0,0.46452229777022297,0.2805081307888031,2
100,0.0,50,22000,0.0,0.5190980901909809,0.47706347703933716,3
100,0.0,100,22000,0.0,0.4874262573742626,0.2999122440814972,2
100,0.0,250,22000,0.0,0.4804332066793321,0.30010151863098145,2
100,0.0,500,22000,0.0,0.5701617338266174,0.3182397484779358,2
100,0.0,1000,22000,0.0,0.7145910408959104,0.5940870046615601,2
10,0.1,10,50,0.0,0.25292470752924706,-0.378768652677536,549
10,0.1,25,50,0.0,0.2980826917308269,-0.32513272762298584,479
10,0.1,50,50,0.0,0.3549145085491451,-0.25622260570526123,407
10,0.1,100,50,0.0,0.40905284471552844,-0.1980731040239334,209
10,0.1,250,50,0.0,0.5019060593940606,-0.06788495928049088,89
10,0.1,500,50,0.0,0.5768173182681732,0.05014540255069733,51
10,0.1,1000,50,0.0,0.6513473652634737,0.19183970987796783,24
10,0.1,10,100,0.0,0.25166858314168583,-0.3543558716773987,260
10,0.1,25,100,0.0,0.2936643835616438,-0.3239361047744751,241
10,0.1,50,100,-4.2356554280685236e-17,0.33357289271072893,-0.28503432869911194,222
10,0.1,100,100,0.0,0.4069905509449055,-0.21118399500846863,189
10,0.1,250,100,0.0,0.5035496450354965,-0.06643056124448776,86
10,0.1,500,100,0.0,0.5767423257674232,0.06269169598817825,46
10,0.1,1000,100,0.0,0.6731826817318268,0.32750216126441956,23
10,0.1,10,250,0.0,0.2996200379962004,-0.28734374046325684,121
10,0.1,25,250,0.0,0.326523597640236,-0.28006309270858765,125
10,0.1,50,250,0.0,0.35923282671732826,-0.24589495360851288,113
10,0.1,100,250,0.0,0.4096840315968403,-0.18460895121097565,101
10,0.1,250,250,0.0,0.5032559244075593,-0.05257995426654816,76
10,0.1,500,250,0.0,0.5791858314168583,0.07667534053325653,43
10,0.1,1000,250,0.0,0.6748075192480751,0.3634174168109894,19
10,0.1,10,500,0.0,0.32724227577242276,-0.24923396110534668,66
10,0.1,25,500,0.0,0.4122837716228377,-0.13703511655330658,58
10,0.1,50,500,0.0,0.40255974402559747,-0.2281225472688675,60
10,0.1,100,500,0.0,0.433500399960004,-0.129563570022583,57
10,0.1,250,500,0.0,0.48735751424857515,-0.09715805947780609,48
10,0.1,500,500,0.0,0.5723240175982401,0.024264365434646606,42
10,0.1,1000,500,-2.819270136170516e-16,0.6803819618038196,0.5701009631156921,17
10,0.1,10,1000,0.0,0.4473302669733027,-0.10134579986333847,27
10,0.1,25,1000,0.0,0.47752099790020996,0.05825403705239296,24
10,0.1,50,1000,0.0,0.47182156784321566,0.016021111980080605,28
10,0.1,100,1000,0.0,0.5209791520847915,0.07480619102716446,24
10,0.1,250,1000,0.0,0.532021797820218,-0.03589373081922531,24
10,0.1,500,1000,0.0,0.5706616838316169,0.1506269872188568,21
10,0.1,1000,1000,2.8438918432890165e-16,0.6837441255874412,0.5914842486381531,16
10,0.1,10,2500,0.0,0.5212416258374163,0.24487760663032532,10
10,0.1,25,2500,0.0,0.5020310468953104,0.1168990433216095,12
10,0.1,50,2500,0.0,0.5456704329567044,0.24018742144107819,10
10,0.1,100,2500,0.0,0.57994200579942,0.21082372963428497,12
10,0.1,250,2500,-2.9547719311861115e-16,0.694018098190181,0.5747045874595642,8
10,0.1,500,2500,2.899774767729611e-16,0.6847627737226277,0.4743668735027313,7
10,0.1,1000,2500,3.075535107558497e-16,0.706954304569543,0.6194165945053101,7
10,0.1,10,5000,0.0,0.6140760923907609,0.5512589812278748,6
10,0.1,25,5000,0.0,0.22282771722827718,-0.0989299789071083,2
10,0.1,50,5000,4.1855186173703304e-16,0.1411983801619838,-0.24969178438186646,3
10,0.1,100,5000,0.0,0.10527072292770723,-0.13960514962673187,2
10,0.1,250,5000,0.0,0.08186681331866813,-0.1394931524991989,2
10,0.1,500,5000,0.0,0.10715178482151785,-0.14368857443332672,2
10,0.1,1000,5000,0.0,0.1220065493450655,-0.1472756564617157,2
10,0.1,10,10000,0.0,0.5306406859314069,0.5452682971954346,2
10,0.1,25,10000,0.0,0.5397272772722728,0.2781340777873993,2
10,0.1,50,10000,0.0,0.5203417158284172,0.20321792364120483,2
10,0.1,100,10000,0.0,0.7085041495850415,0.5189282298088074,2
10,0.1,250,10000,0.0,0.8427594740525948,0.7407141923904419,2
10,0.1,500,10000,0.0,0.811918808119188,0.8301140666007996,2
10,0.1,1000,10000,0.0,0.7783284171582842,0.7043291926383972,2
10,0.1,10,15000,0.0,0.5306406859314069,0.5452682971954346,2
10,0.1,25,15000,1.0,1.0,,0
10,0.1,50,15000,1.0,1.0,,0
10,0.1,100,15000,1.0,1.0,,0
10,0.1,250,15000,1.0,1.0,,0
10,0.1,500,15000,1.0,1.0,,0
10,0.1,1000,15000,1.0,1.0,,0
10,0.1,10,20000,0.0,0.5306406859314069,0.545268177986145,2
10,0.1,25,20000,1.0,1.0,,0
10,0.1,50,20000,1.0,1.0,,0
10,0.1,100,20000,1.0,1.0,,0
10,0.1,250,20000,1.0,1.0,,0
10,0.1,500,20000,1.0,1.0,,0
10,0.1,1000,20000,1.0,1.0,,0
10,0.1,10,22000,0.0,0.5306406859314069,0.5452684164047241,2
10,0.1,25,22000,1.0,1.0,,0
10,0.1,50,22000,1.0,1.0,,0
10,0.1,100,22000,1.0,1.0,,0
10,0.1,250,22000,1.0,1.0,,0
10,0.1,500,22000,1.0,1.0,,0
10,0.1,1000,22000,1.0,1.0,,0
15,0.1,10,50,0.0,0.12565618438156184,-0.35633325576782227,489
15,0.1,25,50,0.0,0.17945080491950804,-0.35932591557502747,466
15,0.1,50,50,0.0,0.21151009899010098,-0.27964353561401367,391
15,0.1,100,50,-2.028847546794791e-17,0.24965003499650035,-0.1979409158229828,192
15,0.1,250,50,4.286867178338105e-17,0.3337541245875412,0.005959486588835716,94
15,0.1,500,50,0.0,0.3865863413658634,0.21410945057868958,54
15,0.1,1000,50,0.0,0.49422557744225576,0.3450627028942108,29
15,0.1,10,100,-9.69699090044872e-18,0.14002349765023497,-0.28054186701774597,261
15,0.1,25,100,0.0,0.17491375862413758,-0.2572014629840851,244
15,0.1,50,100,0.0,0.1974240075992401,-0.24408075213432312,212
15,0.1,100,100,0.0,0.24748150184981502,-0.20158736407756805,184
15,0.1,250,100,0.0,0.33244175582441754,0.033738285303115845,86
15,0.1,500,100,0.0,0.3880049495050495,0.21578767895698547,50
15,0.1,1000,100,0.0,0.49506924307569244,0.4277206063270569,27
15,0.1,10,250,0.0,0.1653209679032097,-0.15121354162693024,129
15,0.1,25,250,0.0,0.18501899810018999,-0.10091603547334671,119
15,0.1,50,250,-2.0064094196063955e-17,0.22499625037496251,-0.0474703349173069,112
15,0.1,100,250,0.0,0.2670045495450455,0.02682056836783886,93
15,0.1,250,250,0.0,0.31853064693530647,0.025346169248223305,77
15,0.1,500,250,0.0,0.3902922207779222,0.24598634243011475,48
15,0.1,1000,250,0.0,0.4959941505849415,0.45210978388786316,26
15,0.1,10,500,0.0,0.2293083191680832,0.04725959151983261,72
15,0.1,25,500,0.0,0.24413183681631836,0.0706019476056099,68
15,0.1,50,500,0.0,0.25796170382961703,0.10581309348344803,60
15,0.1,100,500,0.0,0.267529497050295,0.10393068939447403,60
15,0.1,250,500,0.0,0.31297495250474955,0.13404391705989838,52
15,0.1,500,500,0.0,0.3861426357364264,0.25368237495422363,46
15,0.1,1000,500,0.0,0.5019560543945606,0.5108521580696106,23
15,0.1,10,1000,0.0,0.3481589341065893,0.22345183789730072,31
15,0.1,25,1000,0.0,0.36947555244475555,0.26768991351127625,26
15,0.1,50,1000,0.0,0.3448967603239676,0.22993391752243042,30
15,0.1,100,1000,0.0,0.3411721327867213,0.25430622696876526,29
15,0.1,250,1000,0.0,0.3508711628837116,0.2725083827972412,28
15,0.1,500,1000,0.0,0.39232951704829516,0.23887817561626434,25
15,0.1,1000,1000,0.0,0.5026872312768723,0.5355074405670166,20
15,0.1,10,2500,0.0,0.39015473452654736,0.17017382383346558,14
15,0.1,25,2500,0.0,0.39895385461453853,0.35912859439849854,14
15,0.1,50,2500,0.0,0.4154022097790221,0.42536893486976624,17
15,0.1,100,2500,0.0,0.4152772222777722,0.4421475827693939,16
15,0.1,250,2500,0.0,0.4176957304269573,0.4107467234134674,14
15,0.1,500,2500,9.684876923548343e-17,0.4520110488951105,0.4050617218017578,14
15,0.1,1000,2500,0.0,0.5241725827417258,0.6704461574554443,13
15,0.1,10,5000,0.0,0.4402059794020598,0.25230300426483154,9
15,0.1,25,5000,0.0,0.42447005299470053,0.2567288875579834,10
15,0.1,50,5000,0.0,0.43625012498750126,0.219086691737175,8
15,0.1,100,5000,-1.0087068208286264e-16,0.47095915408459155,0.2317998707294464,9
15,0.1,250,5000,0.0,0.4443180681931807,0.26285430788993835,9
15,0.1,500,5000,0.0,0.5138423657634237,0.30687442421913147,8
15,0.1,1000,5000,0.0,0.5569568043195681,0.522462010383606,8
15,0.1,10,10000,0.0,0.33097315268473154,0.3734842836856842,3
15,0.1,25,10000,3.019610330228895e-16,0.23645135486451355,0.2230079174041748,2
15,0.1,50,10000,0.0,0.11147010298970103,0.25335097312927246,2
15,0.1,100,10000,2.86012978502935e-16,0.1738826117388261,0.27364951372146606,2
15,0.1,250,10000,0.0,0.19926757324267574,0.27568361163139343,2
15,0.1,500,10000,0.0,0.28015323467653236,0.27708882093429565,2
15,0.1,1000,10000,0.0,0.5293470652934706,0.2494077831506729,3
15,0.1,10,15000,0.0,0.33097315268473154,0.3734842836856842,3
15,0.1,25,15000,3.019610330228895e-16,0.23645135486451355,0.2230079174041748,2
15,0.1,50,15000,0.0,0.11147010298970103,0.25335097312927246,2
15,0.1,100,15000,2.86012978502935e-16,0.1738826117388261,0.2736493945121765,2
15,0.1,250,15000,0.0,0.19926757324267574,0.2756834924221039,2
15,0.1,500,15000,0.0,0.28015323467653236,0.27708888053894043,2
15,0.1,1000,15000,0.0,0.4498737626237376,0.3277452886104584,2
15,0.1,10,20000,0.0,0.233520397960204,0.26951682567596436,2
15,0.1,25,20000,3.179353773122601e-16,0.6957054294570543,0.3662421703338623,2
15,0.1,50,20000,0.0,0.11147010298970103,0.2533510625362396,2
15,0.1,100,20000,2.86012978502935e-16,0.1738826117388261,0.2736494243144989,2
15,0.1,250,20000,0.0,0.19926757324267574,0.2756836414337158,2
15,0.1,500,20000,0.0,0.28015323467653236,0.27708882093429565,2
15,0.1,1000,20000,0.0,0.4498737626237376,0.32774531841278076,2
15,0.1,10,22000,0.0,0.233520397960204,0.26951688528060913,2
15,0.1,25,22000,1.0,1.0,,0
15,0.1,50,22000,0.0,0.11147010298970103,0.25335097312927246,2
15,0.1,100,22000,2.86012978502935e-16,0.1738826117388261,0.27364933490753174,2
15,0.1,250,22000,0.0,0.19926757324267574,0.27568352222442627,2
15,0.1,500,22000,0.0,0.28015323467653236,0.27708885073661804,2
15,0.1,1000,22000,0.0,0.4498737626237376,0.32774537801742554,2
30,0.1,10,50,0.0,0.1483101689831017,-0.1277485191822052,494
30,0.1,25,50,0.0,0.1972177782221778,-0.10122190415859222,452
30,0.1,50,50,0.0,0.2430944405559444,-351.6120910644531,412
30,0.1,100,50,0.0,0.2233964103589641,0.13928520679473877,203
30,0.1,250,50,0.0,0.2933831616838316,0.42911332845687866,103
30,0.1,500,50,0.0,0.3507086791320868,0.5382154583930969,59
30,0.1,1000,50,0.0,0.4299445055494451,0.7603579759597778,33
30,0.1,10,100,0.0,0.150997400259974,0.01959959976375103,264
30,0.1,25,100,0.0,0.17735726427357265,0.028613876551389694,253
30,0.1,50,100,0.0,0.2074917508249175,0.027250468730926514,226
30,0.1,100,100,0.0,0.2191780821917808,0.12447454035282135,179
30,0.1,250,100,0.0,0.2822342765723428,0.4192468225955963,94
30,0.1,500,100,4.368802514804699e-17,0.35423957604239575,0.558344304561615,52
30,0.1,1000,100,0.0,0.43156934306569344,0.7674545645713806,30
30,0.1,10,250,0.0,0.15282846715328466,0.20705950260162354,124
30,0.1,25,250,0.0,0.17236401359864015,0.2523992359638214,120
30,0.1,50,250,0.0,0.17776347365263473,0.269375741481781,109
30,0.1,100,250,0.0,0.2230089491050895,0.3245176374912262,105
30,0.1,250,250,0.0,0.27735976402359763,0.439980685710907,84
30,0.1,500,250,0.0,0.3549832516748325,0.5582792162895203,48
30,0.1,1000,250,0.0,0.4334129087091291,0.7726966142654419,27
30,0.1,10,500,0.0,0.1967865713428657,0.3444376587867737,64
30,0.1,25,500,0.0,0.2104789521047895,0.3045015335083008,61
30,0.1,50,500,0.0,0.21984676532346764,0.3074776828289032,60
30,0.1,100,500,0.0,0.25492450754924506,0.41477906703948975,61
30,0.1,250,500,0.0,0.2985076492350765,0.4658081531524658,55
30,0.1,500,500,0.0,0.35356464353564643,0.5717802047729492,43
30,0.1,1000,500,0.0,0.4294070592940706,0.7598283290863037,25
30,0.1,10,1000,0.0,0.2093853114688531,0.28911179304122925,33
30,0.1,25,1000,0.0,0.2809156584341566,0.48073098063468933,34
30,0.1,50,1000,0.0,0.3083129187081292,0.5007508397102356,32
30,0.1,100,1000,4.2678259956524116e-17,0.3193618138186181,0.4956631064414978,31
30,0.1,250,1000,0.0,0.30886286371362864,0.5972262620925903,30
30,0.1,500,1000,0.0,0.34864638536146386,0.5961866974830627,26
30,0.1,1000,1000,0.0,0.42426382361763826,0.7098773717880249,22
30,0.1,10,2500,0.0,0.2896647835216478,0.12778933346271515,14
30,0.1,25,2500,0.0,0.28232176782321766,0.26932665705680847,12
30,0.1,50,2500,0.0,0.4552044795520448,0.5795215368270874,14
30,0.1,100,2500,0.0,0.43175057494250574,0.5714349150657654,15
30,0.1,250,2500,0.0,0.42543245675432456,0.6373578906059265,15
30,0.1,500,2500,0.0,0.44386186381361864,0.6332550644874573,14
30,0.1,1000,2500,0.0,0.4320005499450055,0.533474862575531,13
30,0.1,10,5000,0.0,0.22764598540145986,0.13478410243988037,8
30,0.1,25,5000,0.0,0.34183456654334565,0.41396433115005493,9
30,0.1,50,5000,0.0,0.585941405859414,0.8701406121253967,7
30,0.1,100,5000,0.0,0.5861976302369764,0.8544481992721558,8
30,0.1,250,5000,0.0,0.563093690630937,0.823809027671814,8
30,0.1,500,5000,0.0,0.4904759524047595,0.41412290930747986,7
30,0.1,1000,5000,0.0,0.44798020197980204,0.4321812391281128,10
30,0.1,10,10000,0.0,0.1255936906309369,-0.0748167335987091,4
30,0.1,25,10000,0.0,0.00023122687731226877,0.01776324026286602,2
30,0.1,50,10000,0.0,0.0002437256274372563,0.0177755169570446,2
30,0.1,100,10000,0.0,0.0014373562643735626,0.01864989846944809,2
30,0.1,250,10000,0.0,0.006399360063993601,0.021170875057578087,2
30,0.1,500,10000,3.548064425654924e-16,0.10498325167483252,-0.16863806545734406,3
30,0.1,1000,10000,0.0,0.03548395160483952,0.03136826679110527,2
30,0.1,10,15000,0.0,0.1929119588041196,0.4451660215854645,2
30,0.1,25,15000,1.0,1.0,,0
30,0.1,50,15000,1.0,1.0,,0
30,0.1,100,15000,0.0,0.6477539746025397,0.5653165578842163,2
30,0.1,250,15000,0.0,0.4861576342365763,0.3272618055343628,2
30,0.1,500,15000,0.0,0.48875737426257376,0.2979124188423157,2
30,0.1,1000,15000,1.0,1.0,,0
30,0.1,10,20000,0.0,0.1929119588041196,0.4451659917831421,2
30,0.1,25,20000,1.0,1.0,,0
30,0.1,50,20000,1.0,1.0,,0
30,0.1,100,20000,0.0,0.6477539746025397,0.5653164386749268,2
30,0.1,250,20000,1.0,1.0,,0
30,0.1,500,20000,1.0,1.0,,0
30,0.1,1000,20000,1.0,1.0,,0
30,0.1,10,22000,0.0,0.1929119588041196,0.4451660215854645,2
30,0.1,25,22000,1.0,1.0,,0
30,0.1,50,22000,1.0,1.0,,0
30,0.1,100,22000,0.0,0.6477539746025397,0.5653164386749268,2
30,0.1,250,22000,1.0,1.0,,0
30,0.1,500,22000,1.0,1.0,,0
30,0.1,1000,22000,1.0,1.0,,0
50,0.1,10,50,0.0,0.10948905109489052,-0.19487035274505615,499
50,0.1,25,50,0.0,0.10133986601339866,-0.10287254303693771,469
50,0.1,50,50,0.0,0.10767048295170482,-0.03531106188893318,405
50,0.1,100,50,1.9883253464822298e-17,0.15644685531446856,0.33189189434051514,226
50,0.1,250,50,0.0,0.15025372462753725,0.439538836479187,97
50,0.1,500,50,0.0,0.19826142385761425,0.4905069172382355,52
50,0.1,1000,50,0.0,0.2628237176282372,0.5610861778259277,35
50,0.1,10,100,0.0,0.09628412158784122,0.17277629673480988,225
50,0.1,25,100,0.0,0.10303344665533447,0.26808109879493713,229
50,0.1,50,100,0.0,0.08890985901409859,0.35525354743003845,211
50,0.1,100,100,0.0,0.12592490750924906,0.37814566493034363,180
50,0.1,250,100,0.0,0.14317318268173182,0.4471341073513031,91
50,0.1,500,100,0.0,0.19983001699830016,0.49228596687316895,49
50,0.1,1000,100,0.0,0.26319868013198683,0.562383770942688,34
50,0.1,10,250,0.0,0.07655484451554845,0.34541308879852295,113
50,0.1,25,250,0.0,0.11113263673632637,0.26731351017951965,116
50,0.1,50,250,0.0,0.05098240175982402,0.31150051951408386,103
50,0.1,100,250,0.0,0.0989963503649635,0.34479743242263794,98
50,0.1,250,250,0.0,0.14203579642035796,0.43719884753227234,81
50,0.1,500,250,0.0,0.19576792320767925,0.49079132080078125,48
50,0.1,1000,250,0.0,0.25462453754624537,0.5439977645874023,32
50,0.1,10,500,0.0,0.10106489351064893,0.3197370171546936,60
50,0.1,25,500,0.0,0.10928907109289071,0.2648073434829712,58
50,0.1,50,500,0.0,0.07283646635336466,0.2942966818809509,59
50,0.1,100,500,0.0,0.11615088491150885,0.3582170307636261,56
50,0.1,250,500,0.0,0.16034646535346464,0.4551844596862793,53
50,0.1,500,500,2.0232140805716762e-17,0.19366813318668133,0.48360446095466614,46
50,0.1,1000,500,0.0,0.24284446555344466,0.5354061722755432,29
50,0.1,10,1000,1.9901388376937025e-17,0.13185556444355565,0.3700852394104004,34
50,0.1,25,1000,0.0,0.11565718428157185,0.34423044323921204,37
50,0.1,50,1000,0.0,0.11725702429757025,0.35473665595054626,37
50,0.1,100,1000,0.0,0.15087241275872412,0.39106693863868713,34
50,0.1,250,1000,0.0,0.18822492750724928,0.4463917016983032,30
50,0.1,500,1000,0.0,0.2029859514048595,0.5116852521896362,31
50,0.1,1000,1000,0.0,0.2376074892510749,0.4957825839519501,27
50,0.1,10,2500,0.0,0.2644235576442356,0.625420868396759,15
50,0.1,25,2500,0.0,0.23253299670032998,0.5472398996353149,16
50,0.1,50,2500,0.0,0.24772522747725229,0.5875105857849121,16
50,0.1,100,2500,0.0,0.25877412258774124,0.5826459527015686,16
50,0.1,250,2500,0.0,0.3159246575342466,0.6625877618789673,15
50,0.1,500,2500,0.0,0.30543820617938205,0.6758666634559631,13
50,0.1,1000,2500,0.0,0.3232301769823018,0.7350571155548096,12
50,0.1,10,5000,4.316466077175226e-17,0.28917733226677333,0.639480710029602,11
50,0.1,25,5000,-4.2102495719404066e-17,0.2312956204379562,0.5320940017700195,11
50,0.1,50,5000,0.0,0.2850714928507149,0.6035192608833313,11
50,0.1,100,5000,0.0,0.2976139886011399,0.6408714652061462,11
50,0.1,250,5000,0.0,0.38803619638036196,0.7049959301948547,10
50,0.1,500,5000,0.0,0.3467215778422158,0.7001029849052429,11
50,0.1,1000,5000,0.0,0.3342228277172283,0.6977033019065857,10
50,0.1,10,10000,0.0,0.5727989701029897,0.47651752829551697,4
50,0.1,25,10000,0.0,0.5346152884711529,0.5269187688827515,5
50,0.1,50,10000,0.0,0.6378987101289871,0.5917717218399048,4
50,0.1,100,10000,0.0,0.5837416258374163,0.5032579302787781,3
50,0.1,250,10000,0.0,0.5672120287971203,0.5626012086868286,3
50,0.1,500,10000,0.0,0.5251849815018498,0.5781007409095764,3
50,0.1,1000,10000,0.0,0.6914933506649336,0.5735735893249512,3
50,0.1,10,15000,0.0,0.4025472452754725,0.3446449339389801,2
50,0.1,25,15000,0.0,0.4108339166083392,0.35674354434013367,2
50,0.1,50,15000,0.0,0.46693455654434557,0.3124147057533264,2
50,0.1,100,15000,0.0,0.4002912208779122,0.3442877233028412,2
50,0.1,250,15000,0.0,0.2590178482151785,0.3172839283943176,2
50,0.1,500,15000,0.0,0.3376099890010999,0.35721495747566223,2
50,0.1,1000,15000,0.0,0.5078992100789921,0.33518990874290466,2
50,0.1,10,20000,0.0,0.4025472452754725,0.3446449041366577,2
50,0.1,25,20000,0.0,0.4108339166083392,0.35674354434013367,2
50,0.1,50,20000,0.0,0.46693455654434557,0.3124147653579712,2
50,0.1,100,20000,0.0,0.4002912208779122,0.3442876935005188,2
50,0.1,250,20000,0.0,0.2590178482151785,0.31728389859199524,2
50,0.1,500,20000,0.0,0.3376099890010999,0.35721489787101746,2
50,0.1,1000,20000,0.0,0.5078992100789921,0.33518990874290466,2
50,0.1,10,22000,0.0,0.4025472452754725,0.3446449339389801,2
50,0.1,25,22000,0.0,0.4108339166083392,0.35674360394477844,2
50,0.1,50,22000,0.0,0.46693455654434557,0.3124147355556488,2
50,0.1,100,22000,0.0,0.4002912208779122,0.3442877233028412,2
50,0.1,250,22000,0.0,0.2590178482151785,0.31728389859199524,2
50,0.1,500,22000,0.0,0.3376099890010999,0.35721492767333984,2
50,0.1,1000,22000,0.0,0.5078992100789921,0.3351900279521942,2
75,0.1,10,50,9.620979383515842e-18,0.15217228277172282,-0.14014804363250732,569
75,0.1,25,50,-1.978698695933023e-17,0.17738226177382263,-0.1289760023355484,541
75,0.1,50,50,1.9765338414045634e-17,0.1514036096390361,15.210949897766113,429
75,0.1,100,50,0.0,0.16568343165683433,137.93472290039062,227
75,0.1,250,50,0.0,0.13843615638436158,0.6124780774116516,90
75,0.1,500,50,2.0228803155721948e-17,0.19393685631436855,0.6309863924980164,55
75,0.1,1000,50,4.247157010941409e-17,0.28616513348665135,0.7515889406204224,31
75,0.1,10,100,0.0,0.14514173582641735,-0.055006347596645355,287
75,0.1,25,100,-1.9793579292187804e-17,0.17075167483251674,0.26144662499427795,258
75,0.1,50,100,0.0,0.10753924607539246,0.4354172646999359,218
75,0.1,100,100,0.0,0.13503649635036497,0.5040379166603088,185
75,0.1,250,100,0.0,0.13430531946805319,0.6045612096786499,84
75,0.1,500,100,2.0185571533744e-17,0.1883999100089991,0.6409633755683899,51
75,0.1,1000,100,0.0,0.28193430656934304,0.6813563704490662,28
75,0.1,10,250,-9.634262051672378e-18,0.12173157684231577,0.2542811930179596,124
75,0.1,25,250,0.0,0.1066018398160184,0.4046407639980316,110
75,0.1,50,250,0.0,0.08631636836316368,0.501593291759491,103
75,0.1,100,250,0.0,0.0988963603639636,0.5494908690452576,93
75,0.1,250,250,0.0,0.1327742225777422,0.600607693195343,78
75,0.1,500,250,0.0,0.18702504749525048,0.6457310914993286,47
75,0.1,1000,250,4.24292176354003e-17,0.2830779422057794,0.6809292435646057,27
75,0.1,10,500,0.0,0.15587191280871912,0.25607427954673767,72
75,0.1,25,500,0.0,0.08633511648835117,0.48901331424713135,67
75,0.1,50,500,0.0,0.08273547645235477,0.48635101318359375,65
75,0.1,100,500,0.0,0.12119413058694131,0.5371428728103638,61
75,0.1,250,500,0.0,0.14966628337166282,0.5631445646286011,53
75,0.1,500,500,0.0,0.18487526247375263,0.6365802884101868,46
75,0.1,1000,500,4.24292176354003e-17,0.2830779422057794,0.6809293031692505,27
75,0.1,10,1000,1.9827424612171458e-17,0.11936306369363063,0.37294575572013855,35
75,0.1,25,1000,0.0,0.1386923807619238,0.37970468401908875,35
75,0.1,50,1000,-1.9950556547936883e-17,0.1381174382561744,0.3604048788547516,32
75,0.1,100,1000,0.0,0.17987576242375763,0.5568731427192688,31
75,0.1,250,1000,0.0,0.2154097090290971,0.4531957805156708,30
75,0.1,500,1000,0.0,0.23002699730027,0.6348558664321899,29
75,0.1,1000,1000,4.258196724210185e-17,0.28863988601139884,0.6895652413368225,26
75,0.1,10,2500,0.0,0.24383811618838117,0.6452539563179016,16
75,0.1,25,2500,0.0,0.2635486451354864,0.6388898491859436,17
75,0.1,50,2500,0.0,0.22282771722827718,0.5174850225448608,17
75,0.1,100,2500,-4.237456587165606e-17,0.2657984201579842,0.5642229914665222,15
75,0.1,250,2500,0.0,0.29327067293270676,0.5730286240577698,13
75,0.1,500,2500,0.0,0.3039071092890711,0.6239963173866272,14
75,0.1,1000,2500,-4.365775782303489e-17,0.3089441055894411,0.5844084024429321,12
75,0.1,10,5000,-4.2508485479427615e-17,0.2546745325467453,0.5185468792915344,12
75,0.1,25,5000,0.0,0.31571842815718426,0.4935452938079834,9
75,0.1,50,5000,0.0,0.32844215578442154,0.5923920273780823,11
75,0.1,100,5000,0.0,0.37248775122487754,0.6683027148246765,10
75,0.1,250,5000,0.0,0.33384161583841615,0.5551015734672546,10
75,0.1,500,5000,0.0,0.3290233476652335,0.5653707385063171,10
75,0.1,1000,5000,0.0,0.3546957804219578,0.5994404554367065,10
75,0.1,10,10000,0.0,0.5104114588541145,0.5336631536483765,5
75,0.1,25,10000,0.0,0.5476327367263274,0.3817111849784851,3
75,0.1,50,10000,0.0,0.642935706429357,0.39742666482925415,3
75,0.1,100,10000,-3.1124668717513286e-16,0.6991675832416758,0.547947883605957,3
75,0.1,250,10000,0.0,0.5773735126487352,0.3651898503303528,3
75,0.1,500,10000,0.0,0.5630749425057494,0.3264606297016144,3
75,0.1,1000,10000,0.0,0.5573130186981302,0.393444687128067,3
75,0.1,10,15000,0.0,0.2526997300269973,0.21608327329158783,2
75,0.1,25,15000,0.0,0.2195905409459054,0.17232851684093475,2
75,0.1,50,15000,0.0,0.27124162583741623,0.16190233826637268,2
75,0.1,100,15000,0.0,0.2840965903409659,0.16425958275794983,2
75,0.1,250,15000,0.0,0.18290670932906708,0.14099909365177155,2
75,0.1,500,15000,0.0,0.15735926407359263,0.14097829163074493,2
75,0.1,1000,15000,0.0,0.21002899710028997,0.1473231166601181,2
75,0.1,10,20000,0.0,0.2526997300269973,0.21608328819274902,2
75,0.1,25,20000,0.0,0.2195905409459054,0.17232857644557953,2
75,0.1,50,20000,0.0,0.27124162583741623,0.1619022935628891,2
75,0.1,100,20000,0.0,0.2840965903409659,0.16425958275794983,2
75,0.1,250,20000,0.0,0.18290670932906708,0.14099907875061035,2
75,0.1,500,20000,0.0,0.15735926407359263,0.14097830653190613,2
75,0.1,1000,20000,0.0,0.21002899710028997,0.14732316136360168,2
75,0.1,10,22000,0.0,0.2526997300269973,0.21608322858810425,2
75,0.1,25,22000,0.0,0.2195905409459054,0.17232856154441833,2
75,0.1,50,22000,0.0,0.27124162583741623,0.1619023233652115,2
75,0.1,100,22000,0.0,0.2840965903409659,0.1642596274614334,2
75,0.1,250,22000,0.0,0.18290670932906708,0.14099906384944916,2
75,0.1,500,22000,0.0,0.15735926407359263,0.14097821712493896,2
75,0.1,1000,22000,0.0,0.21002899710028997,0.1473231166601181,2
100,0.1,10,50,0.0,0.11395735426457354,-0.20364481210708618,485
100,0.1,25,50,0.0,0.1492975702429757,-0.16559746861457825,507
100,0.1,50,50,0.0,0.20737301269873012,-0.22259041666984558,484
100,0.1,100,50,0.0,0.17433881611838817,0.44127050042152405,233
100,0.1,250,50,-1.9966831471828144e-17,0.16229002099790021,0.6358693242073059,93
100,0.1,500,50,0.0,0.18303794620537947,0.6726796627044678,54
100,0.1,1000,50,0.0,0.2561868813118688,0.7182475924491882,34
100,0.1,10,100,0.0,0.09887136286371363,0.2213844209909439,258
100,0.1,25,100,0.0,0.15292845715428457,0.034000419080257416,262
100,0.1,50,100,0.0,0.19656159384061594,0.24103330075740814,255
100,0.1,100,100,0.0,0.15815293470652936,0.5042874217033386,202
100,0.1,250,100,0.0,0.15504699530046995,0.6341456770896912,88
100,0.1,500,100,0.0,0.18303794620537947,0.672679603099823,54
100,0.1,1000,100,0.0,0.2571055394460554,0.7350924015045166,32
100,0.1,10,250,0.0,0.09166583341665833,0.46300867199897766,114
100,0.1,25,250,0.0,0.1211128887111289,0.3492825925350189,115
100,0.1,50,250,0.0,0.0729864513548645,0.4066232144832611,100
100,0.1,100,250,0.0,0.09167208279172083,0.4984629452228546,93
100,0.1,250,250,0.0,0.13531771822817718,0.5868589282035828,78
100,0.1,500,250,0.0,0.18917483251674833,0.6827235817909241,48
100,0.1,1000,250,0.0,0.25634936506349365,0.7329154014587402,29
100,0.1,10,500,0.0,0.1262811218878112,0.49364015460014343,69
100,0.1,25,500,0.0,0.05237601239876012,0.4526536166667938,60
100,0.1,50,500,0.0,0.07433006699330066,0.48469245433807373,61
100,0.1,100,500,0.0,0.09875887411258874,0.5281457304954529,57
100,0.1,250,500,0.0,0.16058394160583941,0.6242424249649048,50
100,0.1,500,500,0.0,0.1919995500449955,0.6866592764854431,45
100,0.1,1000,500,0.0,0.2582616738326167,0.7396755218505859,28
100,0.1,10,1000,0.0,0.1277809719028097,0.5232224464416504,32
100,0.1,25,1000,0.0,0.08506649335066493,0.45119982957839966,33
100,0.1,50,1000,-1.9864673615001682e-17,0.12432506749325067,0.5098951458930969,34
100,0.1,100,1000,-1.9852385284923993e-17,0.125,0.5150313377380371,36
100,0.1,250,1000,2.020439783528257e-17,0.1819880511948805,0.6065403819084167,32
100,0.1,500,1000,0.0,0.15937156284371562,0.5391591191291809,26
100,0.1,1000,1000,0.0,0.2623112688731127,0.7430468797683716,27
100,0.1,10,2500,0.0,0.24155709429057096,0.522760808467865,15
100,0.1,25,2500,0.0,0.18688131186881313,0.515459418296814,18
100,0.1,50,2500,0.0,0.19801144885511449,0.46095260977745056,18
100,0.1,100,2500,0.0,0.18411908809119087,0.44268184900283813,17
100,0.1,250,2500,0.0,0.21236626337366263,0.44994187355041504,14
100,0.1,500,2500,0.0,0.26933556644335566,0.5304151773452759,13
100,0.1,1000,2500,0.0,0.3033009199080092,0.6044586300849915,13
100,0.1,10,5000,0.0,0.2598052694730527,0.5178794860839844,11
100,0.1,25,5000,0.0,0.29161458854114586,0.6133586168289185,11
100,0.1,50,5000,0.0,0.19901134886511349,0.36074554920196533,11
100,0.1,100,5000,-4.3353329462902015e-17,0.2783971602839716,0.5023642182350159,10
100,0.1,250,5000,0.0,0.2263773622637736,0.43951159715652466,11
100,0.1,500,5000,0.0,0.3362101289871013,0.5808559060096741,10
100,0.1,1000,5000,0.0,0.40765298470152983,0.688461184501648,9
100,0.1,10,10000,0.0,0.45198605139486053,0.524696946144104,6
100,0.1,25,10000,0.0,0.23234551544845516,0.015144587494432926,4
100,0.1,50,10000,0.0,0.5001437356264373,0.41569313406944275,5
100,0.1,100,10000,-1.0770678692923865e-16,0.4641035896410359,0.18326133489608765,4
100,0.1,250,10000,0.0,0.4811831316868313,0.20788991451263428,4
100,0.1,500,10000,0.0,0.649566293370663,0.5187094807624817,3
100,0.1,1000,10000,0.0,0.6842253274672533,0.6208024621009827,3
100,0.1,10,15000,0.0,0.3382911708829117,0.12358865886926651,2
100,0.1,25,15000,0.0,0.3779684531546845,0.4019645154476166,2
100,0.1,50,15000,0.0,0.6154447055294471,0.6244500279426575,2
100,0.1,100,15000,0.0,0.6095140485951405,0.3192593455314636,2
100,0.1,250,15000,0.0,0.6265873412658735,0.3499312996864319,2
100,0.1,500,15000,0.0,0.7321080391960804,0.5615670680999756,2
100,0.1,1000,15000,0.0,0.764467303269673,0.6273834109306335,2
100,0.1,10,20000,1.0,1.0,,0
100,0.1,25,20000,0.0,0.3779684531546845,0.4019646942615509,2
100,0.1,50,20000,1.0,1.0,,0
100,0.1,100,20000,0.0,0.6095140485951405,0.319259375333786,2
100,0.1,250,20000,0.0,0.6265873412658735,0.34993141889572144,2
100,0.1,500,20000,0.0,0.7321080391960804,0.5615671277046204,2
100,0.1,1000,20000,1.0,1.0,,0
100,0.1,10,22000,1.0,1.0,,0
100,0.1,25,22000,0.0,0.3779684531546845,0.4019644558429718,2
100,0.1,50,22000,1.0,1.0,,0
100,0.1,100,22000,0.0,0.6095140485951405,0.31925928592681885,2
100,0.1,250,22000,0.0,0.6265873412658735,0.3499312996864319,2
100,0.1,500,22000,1.0,1.0,,0
100,0.1,1000,22000,1.0,1.0,,0
10,0.15,10,50,0.0,0.2792658234176582,-0.3373730778694153,551
10,0.15,25,50,0.0,0.30273847615238475,-0.3209969997406006,465
10,0.15,50,50,0.0,0.3556081891810819,-0.24848990142345428,385
10,0.15,100,50,0.0,0.4183019198080192,-0.14335013926029205,208
10,0.15,250,50,0.0,0.4673032696730327,-0.09698611497879028,90
10,0.15,500,50,0.0,0.5793670632936706,0.035849932581186295,54
10,0.15,1000,50,0.0,0.6558094190580942,0.03198561444878578,28
10,0.15,10,100,0.0,0.26932931706829316,-0.2981550991535187,281
10,0.15,25,100,0.0,0.31171257874212577,-0.24646291136741638,255
10,0.15,50,100,0.0,0.3594203079692031,-0.21592973172664642,228
10,0.15,100,100,0.0,0.41702704729527046,-0.15103890001773834,176
10,0.15,250,100,9.696326271470997e-17,0.4684094090590941,-0.07173892855644226,82
10,0.15,500,100,0.0,0.57751099890011,0.08285876363515854,49
10,0.15,1000,100,0.0,0.6563968603139686,0.1528664380311966,23
10,0.15,10,250,0.0,0.2841965803419658,-0.23321528732776642,120
10,0.15,25,250,4.252631393389606e-17,0.33637261273872615,-0.17954440414905548,112
10,0.15,50,250,4.3365483107795143e-17,0.3608951604839516,-0.18721285462379456,106
10,0.15,100,250,0.0,0.4009911508849115,-0.10081157833337784,99
10,0.15,250,250,0.0,0.46069143085691433,-0.03587421402335167,71
10,0.15,500,250,0.0,0.5681619338066194,0.09537741541862488,44
10,0.15,1000,250,0.0,0.6579904509549045,0.16801311075687408,21
10,0.15,10,500,0.0,0.3222927707229277,-0.20322397351264954,68
10,0.15,25,500,0.0,0.406996800319968,-0.09991061687469482,64
10,0.15,50,500,0.0,0.42505749425057493,-0.1007787212729454,60
10,0.15,100,500,0.0,0.4322130286971303,-0.09466208517551422,58
10,0.15,250,500,0.0,0.4834266573342666,-0.0006677775527350605,49
10,0.15,500,500,0.0,0.5723990100989901,0.10383046418428421,42
10,0.15,1000,500,0.0,0.658515398460154,0.3042934238910675,17
10,0.15,10,1000,0.0,0.4171020397960204,-0.13889898359775543,31
10,0.15,25,1000,0.0,0.4575167483251675,-0.052871230989694595,29
10,0.15,50,1000,0.0,0.5003874612538746,0.04603181034326553,27
10,0.15,100,1000,0.0,0.4909821517848215,0.00832552183419466,25
10,0.15,250,1000,0.0,0.48878237176282374,-0.015292011201381683,27
10,0.15,500,1000,0.0,0.5655934406559344,0.05162125080823898,23
10,0.15,1000,1000,-2.727893600784013e-16,0.665464703529647,0.45964983105659485,15
10,0.15,10,2500,0.0,0.5308094190580942,0.24194684624671936,13
10,0.15,25,2500,0.0,0.5663933606639336,0.06480248272418976,12
10,0.15,50,2500,0.0,0.5812418758124187,0.19699014723300934,12
10,0.15,100,2500,-1.1155922866383122e-16,0.5599877512248775,0.12034888565540314,13
10,0.15,250,2500,0.0,0.07265523447655234,-0.26458656787872314,3
10,0.15,500,2500,0.0,0.09105964403559644,-0.2679113447666168,3
10,0.15,1000,2500,0.0,0.10604564543545646,-0.26841112971305847,3
10,0.15,10,5000,0.0,0.5893223177682232,0.31505775451660156,7
10,0.15,25,5000,0.0,0.1204067093290671,-0.13180910050868988,2
10,0.15,50,5000,0.0,0.09936506349365064,-0.12628117203712463,2
10,0.15,100,5000,0.0,0.09748400159984001,-0.12732477486133575,2
10,0.15,250,5000,0.0,0.10095865413458655,-0.12745285034179688,2
10,0.15,500,5000,0.0,0.11948180181981802,-0.1315658688545227,2
10,0.15,1000,5000,0.0,0.13454279572042796,-0.1317628175020218,2
10,0.15,10,10000,0.0,0.2661108889111089,0.10913088917732239,2
10,0.15,25,10000,0.0,0.8329979502049795,0.8021307587623596,2
10,0.15,50,10000,0.0,0.5271660333966603,0.22907187044620514,2
10,0.15,100,10000,1.0,1.0,,0
10,0.15,250,10000,1.0,1.0,,0
10,0.15,500,10000,0.0,0.8348977602239775,0.8330312371253967,2
10,0.15,1000,10000,0.0,0.6978614638536146,0.6263433694839478,2
10,0.15,10,15000,1.0,1.0,,0
10,0.15,25,15000,1.0,1.0,,0
10,0.15,50,15000,1.0,1.0,,0
10,0.15,100,15000,1.0,1.0,,0
10,0.15,250,15000,1.0,1.0,,0
10,0.15,500,15000,1.0,1.0,,0
10,0.15,1000,15000,1.0,1.0,,0
10,0.15,10,20000,1.0,1.0,,0
10,0.15,25,20000,1.0,1.0,,0
10,0.15,50,20000,1.0,1.0,,0
10,0.15,100,20000,1.0,1.0,,0
10,0.15,250,20000,1.0,1.0,,0
10,0.15,500,20000,1.0,1.0,,0
10,0.15,1000,20000,1.0,1.0,,0
10,0.15,10,22000,1.0,1.0,,0
10,0.15,25,22000,1.0,1.0,,0
10,0.15,50,22000,1.0,1.0,,0
10,0.15,100,22000,1.0,1.0,,0
10,0.15,250,22000,1.0,1.0,,0
10,0.15,500,22000,1.0,1.0,,0
10,0.15,1000,22000,1.0,1.0,,0
15,0.15,10,50,0.0,0.1516223377662234,-0.3642292320728302,484
15,0.15,25,50,0.0,0.1864126087391261,-0.2807883620262146,439
15,0.15,50,50,0.0,0.22295270472952705,-0.2832297384738922,379
15,0.15,100,50,0.0,0.2575554944505549,-0.18387487530708313,191
15,0.15,250,50,0.0,0.33544145585441454,0.0463377982378006,96
15,0.15,500,50,0.0,0.3952917208279172,0.11085597425699234,53
15,0.15,1000,50,0.0,0.4606289371062894,0.4005180299282074,31
15,0.15,10,100,0.0,0.13777372262773724,-0.2982245683670044,253
15,0.15,25,100,0.0,0.16497100289971003,-0.21647769212722778,235
15,0.15,50,100,0.0,0.20459204079592042,-0.2750938832759857,210
15,0.15,100,100,0.0,0.25607439256074394,-0.1614014059305191,173
15,0.15,250,100,0.0,0.33442905709429055,0.049490004777908325,88
15,0.15,500,100,0.0,0.39205454454554545,0.17524921894073486,48
15,0.15,1000,100,0.0,0.45973527647235274,0.44435784220695496,27
15,0.15,10,250,0.0,0.15721552844715528,-0.14068147540092468,123
15,0.15,25,250,1.9862705717345494e-17,0.20347340265973402,-0.08641283214092255,112
15,0.15,50,250,0.0,0.23042695730426957,-0.05237840861082077,109
15,0.15,100,250,0.0,0.25891785821417856,-0.006686745211482048,91
15,0.15,250,250,4.2644213997339356e-17,0.3271797820217978,0.0509469173848629,80
15,0.15,500,250,0.0,0.39165458454154584,0.2150992900133133,45
15,0.15,1000,250,-9.646780708808402e-17,0.4526359864013599,0.43645575642585754,24
15,0.15,10,500,0.0,0.22913333666633337,0.010944143868982792,65
15,0.15,25,500,0.0,0.2441005899410059,-0.03202182799577713,67
15,0.15,50,500,0.0,0.2687043795620438,0.007088846527040005,62
15,0.15,100,500,0.0,0.2656671832816718,0.04106355831027031,58
15,0.15,250,500,4.2929095448407266e-17,0.33482276772322767,0.16369861364364624,53
15,0.15,500,500,0.0,0.39165458454154584,0.2150993049144745,45
15,0.15,1000,500,-9.646780708808402e-17,0.4526359864013599,0.43645572662353516,24
15,0.15,10,1000,0.0,0.19166833316668333,0.06798048317432404,29
15,0.15,25,1000,0.0,0.3422032796720328,0.3018800914287567,32
15,0.15,50,1000,0.0,0.3122187781221878,0.24290384352207184,26
15,0.15,100,1000,0.0,0.32374887511248873,0.3257695734500885,29
15,0.15,250,1000,0.0,0.3830866913308669,0.3830823004245758,27
15,0.15,500,1000,0.0,0.39018598140185984,0.2890912592411041,24
15,0.15,1000,1000,-9.67123447447326e-17,0.4542983201679832,0.38673198223114014,22
15,0.15,10,2500,0.0,0.31316243375662434,0.20834624767303467,16
15,0.15,25,2500,0.0,0.45282346765323467,0.45825666189193726,15
15,0.15,50,2500,0.0,0.41431481851814816,0.3866778314113617,15
15,0.15,100,2500,0.0,0.4389311068893111,0.3379584848880768,12
15,0.15,250,2500,0.0,0.4164833516648335,0.27190014719963074,11
15,0.15,500,2500,9.627736558245163e-17,0.4463053694630537,0.4120204448699951,15
15,0.15,1000,2500,0.0,0.5037433756624338,0.5561103820800781,11
15,0.15,10,5000,0.0,0.44613663633636635,0.1995910257101059,8
15,0.15,25,5000,0.0,0.4601914808519148,0.28591182827949524,9
15,0.15,50,5000,0.0,0.40404709529047095,0.23931457102298737,10
15,0.15,100,5000,9.865287079115328e-17,0.4527547245275472,0.2506624162197113,9
15,0.15,250,5000,0.0,0.44895510448955106,0.26728925108909607,9
15,0.15,500,5000,0.0,0.5217603239676032,0.4340376853942871,8
15,0.15,1000,5000,0.0,0.5233601639836016,0.3652068078517914,7
15,0.15,10,10000,0.0,0.2613863613638636,0.24381618201732635,2
15,0.15,25,10000,0.0,0.19213703629637036,0.15789763629436493,2
15,0.15,50,10000,-3.797566451715957e-16,0.14027347265273474,0.12417054921388626,2
15,0.15,100,10000,0.0,0.2851277372262774,0.14622727036476135,2
15,0.15,250,10000,0.0,0.3534396560343966,-0.13292296230793,3
15,0.15,500,10000,0.0,0.3190743425657434,0.11304134875535965,2
15,0.15,1000,10000,0.0,0.5340028497150285,0.18799170851707458,3
15,0.15,10,15000,0.0,0.2613863613638636,0.24381622672080994,2
15,0.15,25,15000,0.0,0.19213703629637036,0.15789766609668732,2
15,0.15,50,15000,-3.797566451715957e-16,0.14027347265273474,0.12417053431272507,2
15,0.15,100,15000,0.0,0.2851277372262774,0.14622725546360016,2
15,0.15,250,15000,0.0,0.25621812818718126,0.13553006947040558,2
15,0.15,500,15000,1.0,1.0,,0
15,0.15,1000,15000,0.0,0.4012536246375362,0.1905803233385086,2
15,0.15,10,20000,1.0,1.0,,0
15,0.15,25,20000,1.0,1.0,,0
15,0.15,50,20000,1.0,1.0,,0
15,0.15,100,20000,1.0,1.0,,0
15,0.15,250,20000,1.0,1.0,,0
15,0.15,500,20000,1.0,1.0,,0
15,0.15,1000,20000,0.0,0.4012536246375362,0.190580353140831,2
15,0.15,10,22000,1.0,1.0,,0
15,0.15,25,22000,1.0,1.0,,0
15,0.15,50,22000,1.0,1.0,,0
15,0.15,100,22000,1.0,1.0,,0
15,0.15,250,22000,1.0,1.0,,0
15,0.15,500,22000,1.0,1.0,,0
15,0.15,1000,22000,1.0,1.0,,0
30,0.15,10,50,0.0,0.1678832116788321,-0.21475912630558014,497
30,0.15,25,50,0.0,0.2036921307869213,-0.2033715844154358,447
30,0.15,50,50,0.0,0.2367138286171383,-0.14671054482460022,398
30,0.15,100,50,2.0097597887232236e-17,0.2303769623037696,0.15221922099590302,198
30,0.15,250,50,0.0,0.2949455054494551,0.2375742644071579,99
30,0.15,500,50,0.0,0.3518773122687731,0.4667932689189911,55
30,0.15,1000,50,0.0,0.43026947305269475,0.7151117324829102,30
30,0.15,10,100,0.0,0.1596090390960904,-0.018258899450302124,261
30,0.15,25,100,0.0,0.1804944505549445,-0.005405929405242205,244
30,0.15,50,100,0.0,0.20024872512748726,0.0619848296046257,212
30,0.15,100,100,0.0,0.22897085291470853,0.16904136538505554,184
30,0.15,250,100,0.0,0.2961203879612039,0.27255335450172424,95
30,0.15,500,100,0.0,0.3524522547745225,0.4791836142539978,54
30,0.15,1000,100,0.0,0.44398685131486854,0.7588059902191162,30
30,0.15,10,250,0.0,0.1613963603639636,0.167952299118042,118
30,0.15,25,250,0.0,0.17705104489551046,0.13347011804580688,113
30,0.15,50,250,1.978436784926582e-17,0.19262448755124487,0.13082300126552582,109
30,0.15,100,250,1.9987250078949312e-17,0.21604089591040895,0.18981140851974487,98
30,0.15,250,250,0.0,0.2832466753324668,0.33245033025741577,83
30,0.15,500,250,4.3661418855436875e-17,0.35395210478952105,0.5318323373794556,51
30,0.15,1000,250,0.0,0.4469115588441156,0.769504964351654,27
30,0.15,10,500,0.0,0.19311193880611938,0.25676921010017395,69
30,0.15,25,500,0.0,0.18239426057394262,0.2270423322916031,66
30,0.15,50,500,0.0,0.21371612838716128,0.2569851279258728,66
30,0.15,100,500,-2.0215902358763607e-17,0.2361013898610139,0.30309128761291504,65
30,0.15,250,500,0.0,0.2992450754924508,0.46718522906303406,51
30,0.15,500,500,0.0,0.355495700429957,0.6053338050842285,45
30,0.15,1000,500,0.0,0.4398935106489351,0.7567886114120483,24
30,0.15,10,1000,0.0,0.21096015398460155,0.26268941164016724,33
30,0.15,25,1000,0.0,0.2528497150284971,0.46052470803260803,39
30,0.15,50,1000,0.0,0.28475902409759024,0.49483200907707214,34
30,0.15,100,1000,4.2109979191047934e-17,0.29988251174882513,0.5261172652244568,31
30,0.15,250,1000,0.0,0.3193243175682432,0.551056981086731,32
30,0.15,500,1000,0.0,0.3365975902409759,0.5648381114006042,27
30,0.15,1000,1000,0.0,0.4280884411558844,0.6994825601577759,21
30,0.15,10,2500,0.0,0.2975952404759524,0.2741117775440216,12
30,0.15,25,2500,0.0,0.378024697530247,0.5173434019088745,14
30,0.15,50,2500,0.0,0.4023910108989101,0.5608350038528442,14
30,0.15,100,2500,0.0,0.39844140585941407,0.4581988751888275,18
30,0.15,250,2500,1.0044005571210908e-16,0.4837266273372663,0.6380152106285095,13
30,0.15,500,2500,0.0,0.3960791420857914,0.41952136158943176,14
30,0.15,1000,2500,0.0,0.4252012298770123,0.5257474780082703,14
30,0.15,10,5000,0.0,0.19235576442355765,0.2634357810020447,9
30,0.15,25,5000,0.0,0.3997037796220378,0.6242976784706116,9
30,0.15,50,5000,0.0,0.4772960203979602,0.5963788628578186,10
30,0.15,100,5000,0.0,0.5511261373862614,0.6758458614349365,8
30,0.15,250,5000,0.0,0.5460391460853915,0.6330056190490723,9
30,0.15,500,5000,-1.0083641339727391e-16,0.4821017898210179,0.43794387578964233,10
30,0.15,1000,5000,0.0,0.5658871612838716,0.541657567024231,8
30,0.15,10,10000,0.0,0.000224977502249775,0.020926261320710182,2
30,0.15,25,10000,0.0,0.0003437156284371563,0.02089967206120491,2
30,0.15,50,10000,0.0,0.01684206579342066,0.015893930569291115,2
30,0.15,100,10000,0.0,0.002174782521747825,0.020969947800040245,2
30,0.15,250,10000,0.0,0.009980251974802519,0.024341924116015434,2
30,0.15,500,10000,0.0,0.044376812318768125,0.03202039748430252,2
30,0.15,1000,10000,0.0,0.08948480151984801,0.046338848769664764,2
30,0.15,10,15000,1.0,1.0,,0
30,0.15,25,15000,0.0,0.719521797820218,0.5993797779083252,2
30,0.15,50,15000,1.0,1.0,,0
30,0.15,100,15000,1.0,1.0,,0
30,0.15,250,15000,1.0,1.0,,0
30,0.15,500,15000,0.0,0.5945655434456555,0.5239019393920898,2
30,0.15,1000,15000,1.0,1.0,,0
30,0.15,10,20000,1.0,1.0,,0
30,0.15,25,20000,1.0,1.0,,0
30,0.15,50,20000,1.0,1.0,,0
30,0.15,100,20000,1.0,1.0,,0
30,0.15,250,20000,1.0,1.0,,0
30,0.15,500,20000,1.0,1.0,,0
30,0.15,1000,20000,1.0,1.0,,0
30,0.15,10,22000,1.0,1.0,,0
30,0.15,25,22000,1.0,1.0,,0
30,0.15,50,22000,1.0,1.0,,0
30,0.15,100,22000,1.0,1.0,,0
30,0.15,250,22000,1.0,1.0,,0
30,0.15,500,22000,1.0,1.0,,0
30,0.15,1000,22000,1.0,1.0,,0
50,0.15,10,50,0.0,0.11395735426457354,-0.1692146360874176,483
50,0.15,25,50,0.0,0.09392810718928107,-0.11698798090219498,443
50,0.15,50,50,0.0,0.1120950404959504,-0.006505911238491535,388
50,0.15,100,50,0.0,0.14717278272172782,1.8492928743362427,208
50,0.15,250,50,0.0,0.15623437656234376,0.5122823715209961,100
50,0.15,500,50,0.0,0.21542220777922208,0.6544750332832336,55
50,0.15,1000,50,4.269205161860659e-17,0.29203329667033295,0.7721883058547974,36
50,0.15,10,100,0.0,0.12043795620437957,0.21343716979026794,257
50,0.15,25,100,0.0,0.08622887711228877,0.3791833817958832,228
50,0.15,50,100,0.0,0.07468003199680032,0.3824044167995453,212
50,0.15,100,100,0.0,0.11247000299970003,1.814115047454834,180
50,0.15,250,100,-1.991280704461009e-17,0.15666558344165585,0.5326808094978333,95
50,0.15,500,100,0.0,0.2171907809219078,0.6666349172592163,51
50,0.15,1000,100,0.0,0.291995800419958,0.7663233876228333,35
50,0.15,10,250,0.0,0.1274997500249975,0.3287622928619385,125
50,0.15,25,250,0.0,0.09219078092190781,0.4524770975112915,114
50,0.15,50,250,0.0,0.0723052694730527,0.42359858751296997,109
50,0.15,100,250,0.0,0.09651534846515349,0.46735286712646484,100
50,0.15,250,250,0.0,0.15517198280171982,0.5707196593284607,83
50,0.15,500,250,0.0,0.21955929407059294,0.6703544855117798,49
50,0.15,1000,250,0.0,0.2823030196980302,0.7453075051307678,27
50,0.15,10,500,0.0,0.14627287271272874,0.37398654222488403,66
50,0.15,25,500,0.0,0.08587266273372662,0.49223482608795166,62
50,0.15,50,500,0.0,0.096002899710029,0.5088714361190796,60
50,0.15,100,500,0.0,0.11602589741025897,0.5226220488548279,60
50,0.15,250,500,2.0107808454406138e-17,0.17803844615538447,0.6525172591209412,49
50,0.15,500,500,0.0,0.20886661333866613,0.6618869304656982,44
50,0.15,1000,500,0.0,0.28444030596940306,0.745678722858429,26
50,0.15,10,1000,1.9739034084795206e-17,0.09299070092990701,0.5056321620941162,36
50,0.15,25,1000,0.0,0.11782571742825718,0.5300847887992859,34
50,0.15,50,1000,0.0,0.128987101289871,0.5127794742584229,35
50,0.15,100,1000,-1.9977167053056388e-17,0.15504074592540745,0.5662989616394043,37
50,0.15,250,1000,0.0,0.18733751624837516,0.6300469636917114,33
50,0.15,500,1000,0.0,0.16712078792120788,0.5445874333381653,25
50,0.15,1000,1000,4.2603807580577633e-17,0.28514023597640237,0.755981981754303,23
50,0.15,10,2500,0.0,0.18042570742925707,0.5751071572303772,19
50,0.15,25,2500,0.0,0.20767298270172982,0.5920671224594116,18
50,0.15,50,2500,0.0,0.21026647335266474,0.5428311228752136,17
50,0.15,100,2500,0.0,0.2251962303769623,0.5755583643913269,17
50,0.15,250,2500,0.0,0.20731051894810518,0.48700085282325745,15
50,0.15,500,2500,0.0,0.22341515848415158,0.5316537618637085,14
50,0.15,1000,2500,0.0,0.2800782421757824,0.589890718460083,14
50,0.15,10,5000,0.0,0.22183406659334068,0.6059035658836365,12
50,0.15,25,5000,0.0,0.22617113288671134,0.46051475405693054,11
50,0.15,50,5000,0.0,0.280528197180282,0.6160774230957031,11
50,0.15,100,5000,0.0,0.2672670232976702,0.5378797054290771,11
50,0.15,250,5000,0.0,0.26364863513648634,0.4974283277988434,11
50,0.15,500,5000,0.0,0.24591290870912907,0.5265424251556396,12
50,0.15,1000,5000,0.0,0.32267398260173985,0.6865283846855164,11
50,0.15,10,10000,0.0,0.48725752424757524,0.4707871675491333,5
50,0.15,25,10000,-9.6840826633516e-17,0.38106189381061895,0.682596743106842,5
50,0.15,50,10000,0.0,0.4156834316568343,0.6168283224105835,6
50,0.15,100,10000,0.0,0.5822980201979802,0.559997022151947,4
50,0.15,250,10000,0.0,0.5815293470652935,0.5464910268783569,4
50,0.15,500,10000,0.0,0.5984026597340266,0.5677682757377625,4
50,0.15,1000,10000,0.0,0.6326992300769922,0.6423937678337097,4
50,0.15,10,15000,0.0,0.701967303269673,0.6230005025863647,2
50,0.15,25,15000,0.0,0.5277409759024098,0.7696104645729065,3
50,0.15,50,15000,0.0,0.47248400159984,0.43591418862342834,3
50,0.15,100,15000,0.0,0.6438606139386062,0.535618245601654,2
50,0.15,250,15000,0.0,0.3937293770622938,0.37133342027664185,2
50,0.15,500,15000,0.0,0.5802294770522948,0.29242655634880066,2
50,0.15,1000,15000,1.0,1.0,,0
50,0.15,10,20000,0.0,0.701967303269673,0.62300044298172,2
50,0.15,25,20000,0.0,0.5277409759024098,0.7696105241775513,3
50,0.15,50,20000,0.0,0.47248400159984,0.43591395020484924,3
50,0.15,100,20000,0.0,0.6438606139386062,0.5356183052062988,2
50,0.15,250,20000,0.0,0.3937293770622938,0.37133336067199707,2
50,0.15,500,20000,0.0,0.5802294770522948,0.29242655634880066,2
50,0.15,1000,20000,1.0,1.0,,0
50,0.15,10,22000,0.0,0.701967303269673,0.6230005025863647,2
50,0.15,25,22000,0.0,0.5277409759024098,0.7696104645729065,3
50,0.15,50,22000,0.0,0.47248400159984,0.4359140992164612,3
50,0.15,100,22000,0.0,0.6438606139386062,0.5356183052062988,2
50,0.15,250,22000,0.0,0.3937293770622938,0.37133342027664185,2
50,0.15,500,22000,0.0,0.5802294770522948,0.29242652654647827,2
50,0.15,1000,22000,1.0,1.0,,0
75,0.15,10,50,0.0,0.18676882311768822,-0.20507346093654633,563
75,0.15,25,50,0.0,0.12064418558144185,0.07538289576768875,474
75,0.15,50,50,0.0,0.1352114788521148,0.19126556813716888,404
75,0.15,100,50,0.0,0.19444305569443054,0.46008816361427307,229
75,0.15,250,50,0.0,0.14847890210978903,0.6317790150642395,85
75,0.15,500,50,0.0,0.19425557444255576,0.6962547898292542,51
75,0.15,1000,50,0.0,0.2668358164183582,0.723512589931488,32
75,0.15,10,100,0.0,0.1639086091390861,0.13136520981788635,264
75,0.15,25,100,0.0,0.11926307369263074,0.4054703712463379,235
75,0.15,50,100,0.0,0.10379587041295871,0.4873411953449249,205
75,0.15,100,100,-1.9873072019858117e-17,0.15499075092490752,0.48391956090927124,187
75,0.15,250,100,0.0,0.14906009399060094,0.6330152750015259,84
75,0.15,500,100,0.0,0.1951992300769923,0.6991093754768372,49
75,0.15,1000,100,4.2060848447902137e-17,0.2676669833016698,0.7328189611434937,30
75,0.15,10,250,0.0,0.15587816218378162,0.3454436659812927,115
75,0.15,25,250,0.0,0.14504799520047995,0.472015917301178,110
75,0.15,50,250,0.0,0.0877912208779122,0.4878348708152771,100
75,0.15,100,250,0.0,0.11965053494650535,0.5405036807060242,95
75,0.15,250,250,0.0,0.14355439456054395,0.6100843548774719,75
75,0.15,500,250,0.0,0.1971865313468653,0.7029474377632141,47
75,0.15,1000,250,0.0,0.27074792520747926,0.76466304063797,26
75,0.15,10,500,0.0,0.12907459254074594,0.4323553144931793,60
75,0.15,25,500,0.0,0.10308344165583441,0.4317210912704468,57
75,0.15,50,500,0.0,0.09454054594540547,0.4868049621582031,56
75,0.15,100,500,1.9752378813099647e-17,0.11704454554544545,0.5575757026672363,54
75,0.15,250,500,0.0,0.1539096090390961,0.6320991516113281,51
75,0.15,500,500,0.0,0.1977052294770523,0.6935915350914001,44
75,0.15,1000,500,0.0,0.27074792520747926,0.7646632790565491,26
75,0.15,10,1000,0.0,0.11432606739326068,0.3861200213432312,35
75,0.15,25,1000,0.0,0.0922907709229077,0.48556530475616455,35
75,0.15,50,1000,0.0,0.10247100289971003,0.5063570141792297,35
75,0.15,100,1000,0.0,0.14025472452754725,0.45211154222488403,35
75,0.15,250,1000,0.0,0.170020497950205,0.5117923021316528,32
75,0.15,500,1000,0.0,0.2056231876812319,0.5557107329368591,28
75,0.15,1000,1000,0.0,0.2203029697030297,0.5777356028556824,21
75,0.15,10,2500,0.0,0.21627837216278373,0.6215288639068604,17
75,0.15,25,2500,0.0,0.16837066293370662,0.5031797885894775,17
75,0.15,50,2500,0.0,0.19331816818318168,0.5779255628585815,18
75,0.15,100,2500,0.0,0.17888836116388362,0.4315442740917206,13
75,0.15,250,2500,0.0,0.190487201279872,0.4652988314628601,14
75,0.15,500,2500,0.0,0.206979302069793,0.48382994532585144,14
75,0.15,1000,2500,4.2630115819322775e-17,0.2558994100589941,0.5306740999221802,12
75,0.15,10,5000,4.41424084053992e-17,0.2888273672632737,0.5233745574951172,9
75,0.15,25,5000,0.0,0.2674107589241076,0.38691169023513794,11
75,0.15,50,5000,0.0,0.2896960303969603,0.4916480481624603,11
75,0.15,100,5000,0.0,0.2773660133986601,0.4170653522014618,9
75,0.15,250,5000,0.0,0.25874912508749126,0.48675286769866943,11
75,0.15,500,5000,4.323613481142186e-17,0.27415383461653836,0.5046933889389038,11
75,0.15,1000,5000,0.0,0.28504649535046495,0.5298638343811035,11
75,0.15,10,10000,0.0,0.26277997200279973,0.18246589601039886,3
75,0.15,25,10000,0.0,0.4519048095190481,0.573337733745575,6
75,0.15,50,10000,0.0,0.6490663433656634,0.4870741069316864,3
75,0.15,100,10000,0.0,0.5575879912008799,0.38983628153800964,3
75,0.15,250,10000,0.0,0.5144235576442355,0.4260416626930237,3
75,0.15,500,10000,0.0,0.5758986601339866,0.4111509919166565,3
75,0.15,1000,10000,0.0,0.5521947805219478,0.4094685912132263,3
75,0.15,10,15000,0.0,0.26277997200279973,0.18246586620807648,3
75,0.15,25,15000,0.0,0.18974977502249776,0.2653091847896576,2
75,0.15,50,15000,0.0,0.17065793420657935,0.23303301632404327,2
75,0.15,100,15000,0.0,0.1744013098690131,0.2360357940196991,2
75,0.15,250,15000,2.88416262707509e-16,0.21347240275972404,0.2214948683977127,2
75,0.15,500,15000,0.0,0.19102464753524648,0.18055406212806702,2
75,0.15,1000,15000,0.0,0.43703129687031295,0.22375452518463135,2
75,0.15,10,20000,0.0,0.35922657734226576,0.31924065947532654,2
75,0.15,25,20000,0.0,0.18974977502249776,0.26530927419662476,2
75,0.15,50,20000,0.0,0.17065793420657935,0.2330329567193985,2
75,0.15,100,20000,0.0,0.1744013098690131,0.2360357642173767,2
75,0.15,250,20000,2.88416262707509e-16,0.21347240275972404,0.2214948683977127,2
75,0.15,500,20000,0.0,0.19102464753524648,0.18055404722690582,2
75,0.15,1000,20000,0.0,0.43703129687031295,0.22375448048114777,2
75,0.15,10,22000,0.0,0.35922657734226576,0.31924065947532654,2
75,0.15,25,22000,0.0,0.18974977502249776,0.26530921459198,2
75,0.15,50,22000,0.0,0.17065793420657935,0.23303300142288208,2
75,0.15,100,22000,0.0,0.1744013098690131,0.23603582382202148,2
75,0.15,250,22000,2.88416262707509e-16,0.21347240275972404,0.2214948534965515,2
75,0.15,500,22000,0.0,0.19102464753524648,0.18055400252342224,2
75,0.15,1000,22000,0.0,0.43703129687031295,0.22375451028347015,2
100,0.15,10,50,0.0,0.13043070692930708,-0.23201178014278412,502
100,0.15,25,50,1.982097126682078e-17,0.18033196680331967,-0.18868310749530792,525
100,0.15,50,50,0.0,0.13817993200679932,-256.7047119140625,402
100,0.15,100,50,0.0,0.17586366363363665,0.4850326180458069,239
100,0.15,250,50,-1.9972211224256773e-17,0.16267123287671234,0.7055149078369141,90
100,0.15,500,50,0.0,0.18738751124887512,0.663185179233551,52
100,0.15,1000,50,-4.208223217471635e-17,0.2688293670632937,0.7209445834159851,33
100,0.15,10,100,0.0,0.13912358764123586,0.10101515054702759,260
100,0.15,25,100,0.0,0.14754774522547745,0.26439282298088074,270
100,0.15,50,100,0.0,0.08518523147685232,0.45951899886131287,218
100,0.15,100,100,0.0,0.16812693730626938,0.5145752429962158,197
100,0.15,250,100,0.0,0.145972902709729,0.6737216711044312,83
100,0.15,500,100,0.0,0.18786871312868714,0.6645053625106812,51
100,0.15,1000,100,0.0,0.2631111888811119,0.6946390867233276,32
100,0.15,10,250,0.0,0.10604564543545646,0.4316856265068054,113
100,0.15,25,250,0.0,0.15027872212778723,0.39372122287750244,113
100,0.15,50,250,0.0,0.0891035896410359,0.5723354816436768,105
100,0.15,100,250,0.0,0.1174007599240076,0.5895452499389648,90
100,0.15,250,250,0.0,0.14302944705529447,0.677254319190979,77
100,0.15,500,250,2.0212441582533512e-17,0.18861863813618637,0.6656351685523987,50
100,0.15,1000,250,0.0,0.2482939206079392,0.640125036239624,27
100,0.15,10,500,0.0,0.11460728927107289,0.43027278780937195,61
100,0.15,25,500,0.0,0.10845790420957904,0.4544726312160492,64
100,0.15,50,500,0.0,0.1141948305169483,0.5412071943283081,61
100,0.15,100,500,0.0,0.12498750124987501,0.5560110211372375,60
100,0.15,250,500,2.0053921130000562e-17,0.1698080191980802,0.6198351979255676,50
100,0.15,500,500,0.0,0.18455654434556545,0.6424885392189026,46
100,0.15,1000,500,0.0,0.25005624437556245,0.6453089714050293,25
100,0.15,10,1000,0.0,0.17251399860014,0.4563058018684387,38
100,0.15,25,1000,1.9828134232147983e-17,0.11495725427457254,0.45635977387428284,37
100,0.15,50,1000,0.0,0.13254299570042996,0.47127777338027954,38
100,0.15,100,1000,-2.0068522748998506e-17,0.16220877912208778,0.5214980244636536,32
100,0.15,250,1000,0.0,0.17033921607839217,0.5315269231796265,31
100,0.15,500,1000,0.0,0.19972377762223778,0.6107421517372131,27
100,0.15,1000,1000,0.0,0.2548557644235576,0.6545954346656799,24
100,0.15,10,2500,0.0,0.24831266873312668,0.5557785630226135,17
100,0.15,25,2500,0.0,0.20359214078592142,0.48528966307640076,19
100,0.15,50,2500,4.26910808853141e-17,0.2784284071592841,0.5897042751312256,15
100,0.15,100,2500,0.0,0.2445880411958804,0.545137345790863,17
100,0.15,250,2500,0.0,0.23926357364263573,0.5162220597267151,16
100,0.15,500,2500,0.0,0.23042070792920707,0.4942888915538788,15
100,0.15,1000,2500,0.0,0.2893773122687731,0.6061776280403137,14
100,0.15,10,5000,0.0,0.38892985701429855,0.6268703937530518,10
100,0.15,25,5000,0.0,0.30341965803419657,0.5869975686073303,11
100,0.15,50,5000,0.0,0.3791808319168083,0.5053754448890686,9
100,0.15,100,5000,0.0,0.35094615538446156,0.4028685390949249,10
100,0.15,250,5000,0.0,0.3887173782621738,0.7098416686058044,10
100,0.15,500,5000,0.0,0.3457529247075293,0.6041677594184875,10
100,0.15,1000,5000,0.0,0.41147135286471354,0.6912364959716797,9
100,0.15,10,10000,0.0,0.5058869113088691,0.5547530055046082,3
100,0.15,25,10000,0.0,0.6338303669633036,0.5559660196304321,4
100,0.15,50,10000,0.0,0.6766448355164484,0.7955533266067505,3
100,0.15,100,10000,-2.91680566249876e-16,0.6710891410858915,0.791225254535675,3
100,0.15,250,10000,0.0,0.6730139486051395,0.5316183567047119,3
100,0.15,500,10000,0.0,0.6709641535846416,0.5245047211647034,3
100,0.15,1000,10000,0.0,0.6990988401159884,0.6126791834831238,3
100,0.15,10,15000,0.0,0.5058869113088691,0.5547529458999634,3
100,0.15,25,15000,1.0,1.0,,0
100,0.15,50,15000,-2.8805405162618955e-16,0.6461916308369163,0.5875188112258911,2
100,0.15,100,15000,0.0,0.5367838216178382,0.43398696184158325,2
100,0.15,250,15000,0.0,0.5555319468053195,0.440403014421463,2
100,0.15,500,15000,2.9380280103944627e-16,0.6575842415758424,0.6269194483757019,2
100,0.15,1000,15000,1.0,1.0,,0
100,0.15,10,20000,0.0,0.5058869113088691,0.5547528862953186,3
100,0.15,25,20000,1.0,1.0,,0
100,0.15,50,20000,-2.8805405162618955e-16,0.6461916308369163,0.5875188112258911,2
100,0.15,100,20000,0.0,0.5367838216178382,0.433987021446228,2
100,0.15,250,20000,0.0,0.5555319468053195,0.44040295481681824,2
100,0.15,500,20000,2.9380280103944627e-16,0.6575842415758424,0.6269194483757019,2
100,0.15,1000,20000,1.0,1.0,,0
100,0.15,10,22000,0.0,0.5058869113088691,0.5547530055046082,3
100,0.15,25,22000,1.0,1.0,,0
100,0.15,50,22000,-2.8805405162618955e-16,0.6461916308369163,0.5875188112258911,2
100,0.15,100,22000,0.0,0.5367838216178382,0.43398693203926086,2
100,0.15,250,22000,0.0,0.5555319468053195,0.44040292501449585,2
100,0.15,500,22000,2.9380280103944627e-16,0.6575842415758424,0.6269196271896362,2
100,0.15,1000,22000,1.0,1.0,,0
10,0.25,10,50,0.0,0.24716278372162784,-0.43894535303115845,528
10,0.25,25,50,0.0,0.3036696330366963,-0.3895314037799835,451
10,0.25,50,50,0.0,0.36008274172582744,-0.3351304531097412,373
10,0.25,100,50,0.0,0.4202267273272673,-0.2741430103778839,197
10,0.25,250,50,0.0,0.5126237376262374,-0.12930719554424286,89
10,0.25,500,50,0.0,0.5785921407859214,0.02726409025490284,49
10,0.25,1000,50,2.7960197735453177e-16,0.6765948405159484,0.144675612449646,29
10,0.25,10,100,0.0,0.27889711028897113,-0.396418958902359,274
10,0.25,25,100,0.0,0.2882774222577742,-0.37525326013565063,253
10,0.25,50,100,4.27732877865877e-17,0.3456341865813419,-0.3286459445953369,219
10,0.25,100,100,0.0,0.4226702329767023,-0.24585823714733124,169
10,0.25,250,100,1.012490504387878e-16,0.5044120587941205,-0.14314374327659607,76
10,0.25,500,100,0.0,0.5766735826417358,0.08462798595428467,44
10,0.25,1000,100,0.0,0.65755299470053,0.1260141134262085,26
10,0.25,10,250,0.0,0.28415283471652836,-0.32368457317352295,129
10,0.25,25,250,4.2293088054499154e-17,0.3279984501549845,-0.28982284665107727,111
10,0.25,50,250,-4.365544228457281e-17,0.36876937306269375,-0.24771425127983093,110
10,0.25,100,250,0.0,0.41516473352664734,-0.15877960622310638,90
10,0.25,250,250,0.0,0.5049620037996201,-0.07591421902179718,71
10,0.25,500,250,0.0,0.5775297470252975,0.0878770649433136,43
10,0.25,1000,250,0.0,0.6616338366163383,0.29293981194496155,17
10,0.25,10,500,0.0,0.32942330766923306,-0.2477456033229828,67
10,0.25,25,500,4.4708674722530757e-17,0.39219203079692033,-0.1677919179201126,62
10,0.25,50,500,0.0,0.4462991200879912,-0.15469759702682495,59
10,0.25,100,500,0.0,0.45925407459254075,-0.04137894883751869,54
10,0.25,250,500,0.0,0.5075992400759924,-0.01877370849251747,46
10,0.25,500,500,0.0,0.5775297470252975,0.08787709474563599,43
10,0.25,1000,500,0.0,0.6595590440955904,0.2548540234565735,16
10,0.25,10,1000,0.0,0.39406684331566844,-0.10628443211317062,34
10,0.25,25,1000,0.0,0.48104564543545647,-0.01199287362396717,27
10,0.25,50,1000,0.0,0.510011498850115,0.04103170335292816,27
10,0.25,100,1000,0.0,0.49934381561843816,0.07477427273988724,26
10,0.25,250,1000,0.0,0.5628312168783122,0.13571731746196747,26
10,0.25,500,1000,0.0,0.5478077192280771,0.007461249828338623,23
10,0.25,1000,1000,0.0,0.6642835716428357,0.24778446555137634,15
10,0.25,10,2500,0.0,0.48194555544445555,0.15984392166137695,13
10,0.25,25,2500,0.0,0.5953842115788421,0.17951425909996033,13
10,0.25,50,2500,0.0,0.6370862913708629,0.23126699030399323,11
10,0.25,100,2500,-4.55451853105044e-15,0.006605589441055894,-0.16001345217227936,2
10,0.25,250,2500,0.0,0.009492800719928007,-0.15852297842502594,2
10,0.25,500,2500,3.5230988015499332e-15,0.016485851414858515,-0.1559637486934662,2
10,0.25,1000,2500,0.0,0.042077042295770424,-0.1477232277393341,2
10,0.25,10,5000,0.0,0.6005836916308369,0.44515714049339294,7
10,0.25,25,5000,0.0,0.704904509549045,0.19446422159671783,4
10,0.25,50,5000,0.0,0.7607364263573643,0.7850603461265564,3
10,0.25,100,5000,0.0,0.7868588141185882,0.9023482203483582,3
10,0.25,250,5000,0.0,0.8337103789621038,0.7945864796638489,3
10,0.25,500,5000,0.0,0.8172995200479952,0.8872544765472412,3
10,0.25,1000,5000,0.0,0.8177307269273073,0.8972206711769104,3
10,0.25,10,10000,0.0,0.5203792120787921,0.2493346631526947,2
10,0.25,25,10000,0.0,0.7775722427757225,0.6812534332275391,2
10,0.25,50,10000,0.0,0.8012323767623237,0.7636408805847168,2
10,0.25,100,10000,0.0,0.8271110388961104,0.9016732573509216,2
10,0.25,250,10000,1.0,1.0,,0
10,0.25,500,10000,1.0,1.0,,0
10,0.25,1000,10000,0.0,0.8135686431356864,0.7656129002571106,2
10,0.25,10,15000,0.0,0.5203792120787921,0.24933472275733948,2
10,0.25,25,15000,1.0,1.0,,0
10,0.25,50,15000,1.0,1.0,,0
10,0.25,100,15000,1.0,1.0,,0
10,0.25,250,15000,1.0,1.0,,0
10,0.25,500,15000,1.0,1.0,,0
10,0.25,1000,15000,1.0,1.0,,0
10,0.25,10,20000,1.0,1.0,,0
10,0.25,25,20000,1.0,1.0,,0
10,0.25,50,20000,1.0,1.0,,0
10,0.25,100,20000,1.0,1.0,,0
10,0.25,250,20000,1.0,1.0,,0
10,0.25,500,20000,1.0,1.0,,0
10,0.25,1000,20000,1.0,1.0,,0
10,0.25,10,22000,1.0,1.0,,0
10,0.25,25,22000,1.0,1.0,,0
10,0.25,50,22000,1.0,1.0,,0
10,0.25,100,22000,1.0,1.0,,0
10,0.25,250,22000,1.0,1.0,,0
10,0.25,500,22000,1.0,1.0,,0
10,0.25,1000,22000,1.0,1.0,,0
15,0.25,10,50,0.0,0.1489913508649135,-0.4734271168708801,488
15,0.25,25,50,0.0,0.17443255674432556,-0.3928890526294708,412
15,0.25,50,50,-1.9928872439155483e-17,0.2141223377662234,-0.3134632110595703,352
15,0.25,100,50,0.0,0.2610863913608639,-0.18261386454105377,173
15,0.25,250,50,0.0,0.3353477152284772,0.01132258027791977,94
15,0.25,500,50,0.0,0.39217328267173285,0.2819000482559204,57
15,0.25,1000,50,1.0001591573321967e-16,0.4855764423557644,0.5368212461471558,29
15,0.25,10,100,0.0,0.1518035696430357,-0.3314882814884186,246
15,0.25,25,100,0.0,0.17747600239976002,-0.26635754108428955,221
15,0.25,50,100,0.0,0.2161783821617838,-0.22569364309310913,200
15,0.25,100,100,0.0,0.25448705129487054,-0.19943290948867798,163
15,0.25,250,100,0.0,0.33011698830116987,0.07522975653409958,90
15,0.25,500,100,0.0,0.3915920907909209,0.29562634229660034,52
15,0.25,1000,100,1.0006973487058277e-16,0.485988901109889,0.5466247797012329,28
15,0.25,10,250,0.0,0.17596990300969903,-0.05693730711936951,115
15,0.25,25,250,1.9748926197182708e-17,0.1897935206479352,-0.037893280386924744,108
15,0.25,50,250,0.0,0.21497850214978503,-0.03886517137289047,104
15,0.25,100,250,0.0,0.266529597040296,-0.00811629369854927,95
15,0.25,250,250,0.0,0.3250987401259874,0.06597333401441574,82
15,0.25,500,250,0.0,0.3891298370162984,0.3269861340522766,49
15,0.25,1000,250,-1.0035008813455694e-16,0.4881261873812619,0.5999318361282349,26
15,0.25,10,500,0.0,0.19927382261773824,0.05820813030004501,64
15,0.25,25,500,-2.0004734281871472e-17,0.21604089591040895,0.05647086352109909,67
15,0.25,50,500,0.0,0.248000199980002,0.12286077439785004,63
15,0.25,100,500,0.0,0.292958204179582,0.19687505066394806,57
15,0.25,250,500,0.0,0.3200867413258674,0.21013706922531128,54
15,0.25,500,500,-4.474246171111862e-17,0.3831991800819918,0.28227001428604126,44
15,0.25,1000,500,0.0,0.4868638136186381,0.5485791563987732,22
15,0.25,10,1000,0.0,0.18436281371862814,0.0364682711660862,33
15,0.25,25,1000,0.0,0.2797157784221578,0.2403654158115387,38
15,0.25,50,1000,-4.2611660947855143e-17,0.31925557444255576,0.29873570799827576,32
15,0.25,100,1000,0.0,0.3327042295770423,0.3039863109588623,33
15,0.25,250,1000,0.0,0.3769685531446855,0.29793989658355713,31
15,0.25,500,1000,0.0,0.40964653534646533,0.45949456095695496,28
15,0.25,1000,1000,0.0,0.48163308669133087,0.4420972168445587,20
15,0.25,10,2500,0.0,0.3240738426157384,0.19198067486286163,14
15,0.25,25,2500,0.0,0.44404934506549343,0.35122165083885193,13
15,0.25,50,2500,0.0,0.48525147485251474,0.4906935393810272,13
15,0.25,100,2500,1.0588785598650687e-16,0.52257899210079,0.550478994846344,11
15,0.25,250,2500,0.0,0.5251662333766624,0.44356247782707214,11
15,0.25,500,2500,0.0,0.5023435156484352,0.5823132991790771,12
15,0.25,1000,2500,0.0,0.5300969903009699,0.6195741891860962,12
15,0.25,10,5000,9.739982148986983e-17,0.43313168683131686,0.24517051875591278,9
15,0.25,25,5000,0.0,0.5042495750424958,0.3295214772224426,9
15,0.25,50,5000,-1.0906833494080433e-16,0.5406521847815219,0.44805532693862915,9
15,0.25,100,5000,0.0,0.5613751124887512,0.5194739103317261,9
15,0.25,250,5000,0.0,0.5823605139486051,0.5812436938285828,8
15,0.25,500,5000,0.0,0.5698867613238676,0.6670961380004883,9
15,0.25,1000,5000,0.0,0.6147447755224478,0.7528300285339355,8
15,0.25,10,10000,0.0,0.0807044295570443,0.057226408272981644,3
15,0.25,25,10000,0.0,0.0678994600539946,0.06975892931222916,3
15,0.25,50,10000,0.0,0.03505899410058994,0.0017771862912923098,2
15,0.25,100,10000,0.0,0.09157209279072093,0.1368192434310913,2
15,0.25,250,10000,3.998391122674622e-16,0.09658409159084091,0.1268654465675354,2
15,0.25,500,10000,0.0,0.13552394760523948,0.1376514434814453,2
15,0.25,1000,10000,0.0,0.29075842415758424,0.15190818905830383,2
15,0.25,10,15000,0.0,0.6505661933806619,0.03275790065526962,2
15,0.25,25,15000,1.0,1.0,,0
15,0.25,50,15000,1.0,1.0,,0
15,0.25,100,15000,0.0,0.09157209279072093,0.13681919872760773,2
15,0.25,250,15000,3.998391122674622e-16,0.09658409159084091,0.1268654465675354,2
15,0.25,500,15000,0.0,0.13552394760523948,0.1376515030860901,2
15,0.25,1000,15000,0.0,0.29075842415758424,0.15190817415714264,2
15,0.25,10,20000,0.0,0.6505661933806619,0.032757896929979324,2
15,0.25,25,20000,1.0,1.0,,0
15,0.25,50,20000,1.0,1.0,,0
15,0.25,100,20000,0.0,0.09157209279072093,0.13681916892528534,2
15,0.25,250,20000,3.998391122674622e-16,0.09658409159084091,0.1268654465675354,2
15,0.25,500,20000,0.0,0.13552394760523948,0.1376514583826065,2
15,0.25,1000,20000,0.0,0.29075842415758424,0.15190817415714264,2
15,0.25,10,22000,0.0,0.6505661933806619,0.032757896929979324,2
15,0.25,25,22000,1.0,1.0,,0
15,0.25,50,22000,1.0,1.0,,0
15,0.25,100,22000,1.0,1.0,,0
15,0.25,250,22000,1.0,1.0,,0
15,0.25,500,22000,1.0,1.0,,0
15,0.25,1000,22000,1.0,1.0,,0
30,0.25,10,50,0.0,0.17991325867413258,-0.1942453682422638,482
30,0.25,25,50,0.0,0.2075042495750425,-0.15815502405166626,424
30,0.25,50,50,0.0,0.21336616338366163,-0.04800797998905182,360
30,0.25,100,50,0.0,0.243506899310069,0.08839140087366104,193
30,0.25,250,50,0.0,0.3097815218478152,0.3515104651451111,100
30,0.25,500,50,0.0,0.3624512548745126,0.4268018901348114,57
30,0.25,1000,50,0.0,0.44555544445555445,0.7591750025749207,33
30,0.25,10,100,0.0,0.16057144285571442,0.0018375058425590396,257
30,0.25,25,100,0.0,0.1987926207379262,-0.028422614559531212,239
30,0.25,50,100,0.0,0.19144960503949604,-0.0006340352701954544,202
30,0.25,100,100,0.0,0.2380824417558244,0.11752858757972717,170
30,0.25,250,100,0.0,0.2946142885711429,0.34566473960876465,86
30,0.25,500,100,0.0,0.3547082791720828,0.46807628870010376,51
30,0.25,1000,100,0.0,0.44604289571042893,0.7789722084999084,32
30,0.25,10,250,0.0,0.15626562343765624,0.20895333588123322,117
30,0.25,25,250,0.0,0.17056419358064193,0.23986299335956573,110
30,0.25,50,250,1.9801128758649197e-17,0.1947117788221178,0.24939334392547607,105
30,0.25,100,250,0.0,0.23911983801619838,0.29633259773254395,94
30,0.25,250,250,0.0,0.29287696230376964,0.34887757897377014,81
30,0.25,500,250,0.0,0.34865888411158885,0.46951624751091003,49
30,0.25,1000,250,0.0,0.44316818318168183,0.7474082708358765,25
30,0.25,10,500,0.0,0.1788946105389461,0.290959894657135,67
30,0.25,25,500,1.9988658837680774e-17,0.21184131586841315,0.2501382827758789,68
30,0.25,50,500,0.0,0.22536496350364962,0.20856600999832153,62
30,0.25,100,500,0.0,0.2538371162883712,0.2777712643146515,60
30,0.25,250,500,0.0,0.2908084191580842,0.379205584526062,50
30,0.25,500,500,0.0,0.3451779822017798,0.5033442378044128,46
30,0.25,1000,500,0.0,0.44502424757524245,0.7393425107002258,23
30,0.25,10,1000,0.0,0.16185256474352563,0.1452634632587433,35
30,0.25,25,1000,0.0,0.266542095790421,0.4707223176956177,37
30,0.25,50,1000,0.0,0.28717753224677534,0.4834676682949066,38
30,0.25,100,1000,0.0,0.28556519348065196,0.4827323257923126,38
30,0.25,250,1000,0.0,0.3263423657634237,0.5227618217468262,28
30,0.25,500,1000,0.0,0.35507699230076994,0.607166051864624,28
30,0.25,1000,1000,0.0,0.448473902609739,0.7464267611503601,22
30,0.25,10,2500,4.2599971365734274e-17,0.2634049095090491,0.3141537010669708,14
30,0.25,25,2500,0.0,0.35476452354764526,0.4117213785648346,13
30,0.25,50,2500,0.0,0.44214328567143285,0.6013802289962769,14
30,0.25,100,2500,0.0,0.5044495550444955,0.6089995503425598,12
30,0.25,250,2500,0.0,0.41445855414458554,0.42477279901504517,14
30,0.25,500,2500,0.0,0.41372112788721127,0.47097697854042053,13
30,0.25,1000,2500,0.0,0.4407809219078092,0.529072642326355,13
30,0.25,10,5000,0.0,0.1542970702929707,0.17988444864749908,8
30,0.25,25,5000,0.0,0.3658821617838216,0.2899506390094757,9
30,0.25,50,5000,0.0,0.5445767923207679,0.7360695004463196,9
30,0.25,100,5000,0.0,0.44542420757924206,0.2270244061946869,7
30,0.25,250,5000,0.0,0.49577542245775424,0.48514115810394287,9
30,0.25,500,5000,0.0,0.4327629737026297,0.4478968679904938,10
30,0.25,1000,5000,0.0,0.5212666233376663,0.612331748008728,10
30,0.25,10,10000,0.0,0.0002562243775622438,0.019276762381196022,2
30,0.25,25,10000,0.0,0.0005436956304369563,0.019232943654060364,2
30,0.25,50,10000,0.0,0.0014998500149985001,0.018934287130832672,2
30,0.25,100,10000,0.0,0.003205929407059294,0.01911136880517006,2
30,0.25,250,10000,0.0,0.02286021397860214,0.023309528827667236,2
30,0.25,500,10000,-3.756253519535612e-16,0.07155534446555345,-0.10640932619571686,3
30,0.25,1000,10000,0.0,0.1543220677932207,0.05180869624018669,2
30,0.25,10,15000,-2.862670248050894e-16,0.2625799920007999,0.3298911154270172,2
30,0.25,25,15000,0.0,0.5301344865513449,0.3532422184944153,4
30,0.25,50,15000,1.0,1.0,,0
30,0.25,100,15000,1.0,1.0,,0
30,0.25,250,15000,1.0,1.0,,0
30,0.25,500,15000,1.0,1.0,,0
30,0.25,1000,15000,1.0,1.0,,0
30,0.25,10,20000,1.0,1.0,,0
30,0.25,25,20000,1.0,1.0,,0
30,0.25,50,20000,1.0,1.0,,0
30,0.25,100,20000,1.0,1.0,,0
30,0.25,250,20000,1.0,1.0,,0
30,0.25,500,20000,1.0,1.0,,0
30,0.25,1000,20000,1.0,1.0,,0
30,0.25,10,22000,1.0,1.0,,0
30,0.25,25,22000,1.0,1.0,,0
30,0.25,50,22000,1.0,1.0,,0
30,0.25,100,22000,1.0,1.0,,0
30,0.25,250,22000,1.0,1.0,,0
30,0.25,500,22000,1.0,1.0,,0
30,0.25,1000,22000,1.0,1.0,,0
50,0.25,10,50,0.0,0.20537946205379462,-0.08559484779834747,506
50,0.25,25,50,0.0,0.22703354664533545,-0.09004737436771393,430
50,0.25,50,50,0.0,0.25953029697030294,-0.03915677219629288,386
50,0.25,100,50,0.0,0.26053019698030194,0.3793139159679413,193
50,0.25,250,50,0.0,0.2821967803219678,0.44901594519615173,97
50,0.25,500,50,0.0,0.34525297470252975,0.5102521181106567,59
50,0.25,1000,50,0.0,0.43512523747625237,0.7372438311576843,36
50,0.25,10,100,0.0,0.20867288271172882,0.17577823996543884,268
50,0.25,25,100,0.0,0.1942118288171183,0.2041795700788498,218
50,0.25,50,100,0.0,0.23462028797120288,0.278793066740036,204
50,0.25,100,100,0.0,0.24812518748125187,0.35478973388671875,172
50,0.25,250,100,0.0,0.2755724427557244,0.4356662333011627,91
50,0.25,500,100,0.0,0.340003499650035,0.5090287327766418,54
50,0.25,1000,100,0.0,0.4206204379562044,0.7134456634521484,32
50,0.25,10,250,0.0,0.1829879512048795,0.21213564276695251,123
50,0.25,25,250,0.0,0.1924807519248075,0.27913355827331543,109
50,0.25,50,250,0.0,0.2012986201379862,0.3048262596130371,105
50,0.25,100,250,0.0,0.22484626537346267,0.3424016833305359,98
50,0.25,250,250,0.0,0.2762473752624737,0.4032716751098633,83
50,0.25,500,250,0.0,0.3233676632336766,0.6084479093551636,48
50,0.25,1000,250,0.0,0.4031346865313469,0.6449832320213318,26
50,0.25,10,500,0.0,0.19459304069593042,0.34995490312576294,65
50,0.25,25,500,-1.9899038982584354e-17,0.201486101389861,0.33291488885879517,65
50,0.25,50,500,0.0,0.21378487151284872,0.3358888328075409,62
50,0.25,100,500,2.0262008357707795e-17,0.24015098490150985,0.470164954662323,58
50,0.25,250,500,0.0,0.2751037396260374,0.5698773264884949,52
50,0.25,500,500,0.0,0.32097415258474155,0.6288101077079773,44
50,0.25,1000,500,0.0,0.40734051594840515,0.655413031578064,24
50,0.25,10,1000,0.0,0.24814393560643935,0.3410431742668152,34
50,0.25,25,1000,0.0,0.26703579642035796,0.44738349318504333,35
50,0.25,50,1000,0.0,0.2681294370562944,0.5201863050460815,36
50,0.25,100,1000,0.0,0.2796720327967203,0.5697737336158752,38
50,0.25,250,1000,0.0,0.27994700529947003,0.5287590622901917,33
50,0.25,500,1000,-4.326361460182023e-17,0.33441030896910307,0.58394455909729,27
50,0.25,1000,1000,0.0,0.3935981401859814,0.5719494223594666,22
50,0.25,10,2500,0.0,0.22304019598040195,0.22486712038516998,15
50,0.25,25,2500,0.0,0.3183681631836816,0.4218026101589203,13
50,0.25,50,2500,0.0,0.3126249875012499,0.5006632804870605,13
50,0.25,100,2500,-4.3775689937318116e-17,0.32374887511248873,0.4736446142196655,13
50,0.25,250,2500,0.0,0.3788308669133087,0.6118030548095703,16
50,0.25,500,2500,0.0,0.40615313468653136,0.6942010521888733,16
50,0.25,1000,2500,0.0,0.4091153384661534,0.5687557458877563,12
50,0.25,10,5000,-4.421814827034352e-17,0.28884611538846117,0.3253743648529053,9
50,0.25,25,5000,0.0,0.3976727327267273,0.570688009262085,9
50,0.25,50,5000,0.0,0.35222727727227277,0.4699150025844574,10
50,0.25,100,5000,0.0,0.4104214578542146,0.4786742925643921,9
50,0.25,250,5000,9.734455156218813e-17,0.42205779422057793,0.3404596149921417,9
50,0.25,500,5000,0.0,0.4759211578842116,0.35460788011550903,8
50,0.25,1000,5000,0.0,0.4089028597140286,0.5805904865264893,11
50,0.25,10,10000,0.0,0.3695692930706929,0.4695855975151062,5
50,0.25,25,10000,0.0,0.6746950304969503,0.47641703486442566,4
50,0.25,50,10000,0.0,0.6468915608439156,0.4127963185310364,4
50,0.25,100,10000,0.0,0.6686956304369563,0.35068464279174805,4
50,0.25,250,10000,1.0,1.0,,0
50,0.25,500,10000,1.0,1.0,,0
50,0.25,1000,10000,0.0,0.8354789521047895,0.41889357566833496,2
50,0.25,10,15000,0.0,0.14056719328067194,0.30133625864982605,2
50,0.25,25,15000,0.0,0.6612963703629637,0.2466665357351303,2
50,0.25,50,15000,0.0,0.39723527647235274,0.24074438214302063,2
50,0.25,100,15000,1.0,1.0,,0
50,0.25,250,15000,1.0,1.0,,0
50,0.25,500,15000,1.0,1.0,,0
50,0.25,1000,15000,1.0,1.0,,0
50,0.25,10,20000,0.0,0.14056719328067194,0.3013363182544708,2
50,0.25,25,20000,1.0,1.0,,0
50,0.25,50,20000,1.0,1.0,,0
50,0.25,100,20000,1.0,1.0,,0
50,0.25,250,20000,1.0,1.0,,0
50,0.25,500,20000,1.0,1.0,,0
50,0.25,1000,20000,1.0,1.0,,0
50,0.25,10,22000,0.0,0.14056719328067194,0.30133628845214844,2
50,0.25,25,22000,1.0,1.0,,0
50,0.25,50,22000,1.0,1.0,,0
50,0.25,100,22000,1.0,1.0,,0
50,0.25,250,22000,1.0,1.0,,0
50,0.25,500,22000,1.0,1.0,,0
50,0.25,1000,22000,1.0,1.0,,0
75,0.25,10,50,0.0,0.15670932906709328,-0.10752227157354355,527
75,0.25,25,50,0.0,0.13380536946305369,0.11938505619764328,441
75,0.25,50,50,1.9877039532288124e-17,0.1605901909809019,0.15239515900611877,378
75,0.25,100,50,2.0051747621998304e-17,0.18243175682431756,0.2737533450126648,204
75,0.25,250,50,0.0,0.1746075392460754,0.48246273398399353,90
75,0.25,500,50,0.0,0.20133611638836116,0.4785793721675873,52
75,0.25,1000,50,0.0,0.2949142585741426,0.6272972226142883,30
75,0.25,10,100,0.0,0.16692705729427057,0.09582819044589996,254
75,0.25,25,100,0.0,0.11310743925607439,0.23383702337741852,210
75,0.25,50,100,0.0,0.13181806819318068,0.27494457364082336,206
75,0.25,100,100,0.0,0.17264523547645236,0.27651798725128174,173
75,0.25,250,100,1.989368759017914e-17,0.1507974202579742,0.47462838888168335,84
75,0.25,500,100,0.0,0.20133611638836116,0.4785792827606201,52
75,0.25,1000,100,-4.2802689203492897e-17,0.29527047295270475,0.628084123134613,29
75,0.25,10,250,0.0,0.09913383661633837,0.2764992117881775,114
75,0.25,25,250,0.0,0.07757349265073493,0.303434818983078,102
75,0.25,50,250,0.0,0.061887561243875615,0.34928274154663086,93
75,0.25,100,250,0.0,0.09592165783421658,0.3804952800273895,92
75,0.25,250,250,0.0,0.1541033396660334,0.47033587098121643,76
75,0.25,500,250,0.0,0.19617413258674132,0.5172275900840759,48
75,0.25,1000,250,0.0,0.28202179782021797,0.6274330615997314,25
75,0.25,10,500,0.0,0.1093078192180782,0.309297651052475,63
75,0.25,25,500,0.0,0.08261048895110489,0.32167935371398926,65
75,0.25,50,500,0.0,0.08443530646935306,0.3177812397480011,57
75,0.25,100,500,0.0,0.11687581241875812,0.3494453728199005,57
75,0.25,250,500,0.0,0.17304519548045194,0.4692574441432953,48
75,0.25,500,500,0.0,0.18902484751524848,0.5631755590438843,47
75,0.25,1000,500,0.0,0.2841903309669033,0.628201425075531,24
75,0.25,10,1000,0.0,0.1579029597040296,0.4249733090400696,31
75,0.25,25,1000,0.0,0.11096390360963904,0.37540778517723083,33
75,0.25,50,1000,0.0,0.11098890110988902,0.3443030118942261,28
75,0.25,100,1000,0.0,0.15902784721527846,0.4731218218803406,31
75,0.25,250,1000,0.0,0.2121912808719128,0.5224263072013855,24
75,0.25,500,1000,0.0,0.213497400259974,0.5478346943855286,25
75,0.25,1000,1000,0.0,0.24295070492950704,0.5166987776756287,21
75,0.25,10,2500,0.0,0.23140810918908108,0.5995637774467468,17
75,0.25,25,2500,0.0,0.15813418658134187,0.48522529006004333,18
75,0.25,50,2500,0.0,0.171514098590141,0.47218573093414307,18
75,0.25,100,2500,0.0,0.21272872712728727,0.5307502150535583,17
75,0.25,250,2500,0.0,0.1835941405859414,0.47732487320899963,15
75,0.25,500,2500,0.0,0.2268085691430857,0.5877439975738525,16
75,0.25,1000,2500,4.2946395292905967e-17,0.2734976502349765,0.5993170142173767,13
75,0.25,10,5000,0.0,0.3136248875112489,0.6669221520423889,10
75,0.25,25,5000,0.0,0.1894060593940606,0.47688278555870056,10
75,0.25,50,5000,0.0,0.24635036496350365,0.4588119685649872,11
75,0.25,100,5000,0.0,0.28815243475652436,0.5770038366317749,11
75,0.25,250,5000,0.0,0.28861488851114886,0.5112858414649963,10
75,0.25,500,5000,0.0,0.35094615538446156,0.632085382938385,9
75,0.25,1000,5000,0.0,0.35813293670632934,0.6414689421653748,9
75,0.25,10,10000,0.0,0.4592853214678532,0.22695735096931458,4
75,0.25,25,10000,0.0,0.22762723727627238,0.36250463128089905,8
75,0.25,50,10000,0.0,0.33012948705129486,0.48364949226379395,7
75,0.25,100,10000,0.0,0.4706279372062794,0.5266885161399841,5
75,0.25,250,10000,0.0,0.5572692730726927,0.45993292331695557,4
75,0.25,500,10000,0.0,0.5594878012198781,0.4340023994445801,3
75,0.25,1000,10000,2.810341364067637e-16,0.6547407759224078,0.6118109822273254,3
75,0.25,10,15000,0.0,0.5238788621137886,0.22511273622512817,3
75,0.25,25,15000,0.0,0.36462603739626037,0.536226212978363,5
75,0.25,50,15000,0.0,0.46340990900909906,0.3374011218547821,4
75,0.25,100,15000,0.0,0.4331941805819418,0.14400514960289001,3
75,0.25,250,15000,0.0,0.37633111688831117,0.22599264979362488,2
75,0.25,500,15000,0.0,0.5371900309969003,0.18485523760318756,2
75,0.25,1000,15000,0.0,0.7409384061593841,0.5076815485954285,2
75,0.25,10,20000,0.0,0.6271622837716229,0.2505267858505249,2
75,0.25,25,20000,9.75027583410039e-17,0.3646010398960104,0.5722148418426514,4
75,0.25,50,20000,0.0,0.3558769123087691,0.20925898849964142,2
75,0.25,100,20000,0.0,0.37262523747625237,0.22028353810310364,2
75,0.25,250,20000,0.0,0.37633111688831117,0.2259925901889801,2
75,0.25,500,20000,0.0,0.5371900309969003,0.18485523760318756,2
75,0.25,1000,20000,1.0,1.0,,0
75,0.25,10,22000,0.0,0.6271622837716229,0.2505267858505249,2
75,0.25,25,22000,9.75027583410039e-17,0.3646010398960104,0.5722149610519409,4
75,0.25,50,22000,0.0,0.3558769123087691,0.2092590034008026,2
75,0.25,100,22000,0.0,0.37262523747625237,0.22028349339962006,2
75,0.25,250,22000,0.0,0.37633111688831117,0.22599253058433533,2
75,0.25,500,22000,0.0,0.5371900309969003,0.18485520780086517,2
75,0.25,1000,22000,1.0,1.0,,0
100,0.25,10,50,0.0,0.13258049195080493,-0.12660545110702515,486
100,0.25,25,50,0.0,0.2182031796820318,-0.1312660425901413,498
100,0.25,50,50,0.0,0.15242225777422258,0.11558788269758224,391
100,0.25,100,50,0.0,0.17342640735926407,0.3985978364944458,202
100,0.25,250,50,0.0,0.16096515348465154,0.664722204208374,91
100,0.25,500,50,0.0,0.20631686831316867,0.6634760499000549,55
100,0.25,1000,50,0.0,0.2662983701629837,0.7410404682159424,29
100,0.25,10,100,0.0,0.13395535446455353,0.18655817210674286,247
100,0.25,25,100,0.0,0.1825192480751925,0.07733270525932312,246
100,0.25,50,100,0.0,0.13522397760223978,0.38586756587028503,197
100,0.25,100,100,0.0,0.13286796320367963,0.4335751533508301,165
100,0.25,250,100,1.995408350728534e-17,0.16078392160783922,0.6492998003959656,85
100,0.25,500,100,0.0,0.19782396760323967,0.635825514793396,52
100,0.25,1000,100,0.0,0.2662983701629837,0.7410406470298767,29
100,0.25,10,250,0.0,0.1548845115488451,0.2520851492881775,114
100,0.25,25,250,0.0,0.13782996700329966,0.43852049112319946,107
100,0.25,50,250,0.0,0.10905159484051595,0.513352632522583,96
100,0.25,100,250,0.0,0.10675807419258074,0.5249064564704895,91
100,0.25,250,250,1.9893588137465977e-17,0.1493913108689131,0.6159882545471191,77
100,0.25,500,250,0.0,0.18951854814518548,0.6177569627761841,50
100,0.25,1000,250,0.0,0.25863038696130386,0.7568948864936829,27
100,0.25,10,500,0.0,0.12456879312068793,0.4592053294181824,65
100,0.25,25,500,0.0,0.15434081591840815,0.45057016611099243,63
100,0.25,50,500,0.0,0.12373762623737626,0.5381774306297302,57
100,0.25,100,500,0.0,0.11092640735926407,0.5292415618896484,56
100,0.25,250,500,0.0,0.1501224877512249,0.5565471649169922,51
100,0.25,500,500,0.0,0.1810943905609439,0.6066083908081055,46
100,0.25,1000,500,0.0,0.2467003299670033,0.7253651022911072,26
100,0.25,10,1000,1.9889476843831976e-17,0.12273147685231477,0.46906495094299316,34
100,0.25,25,1000,0.0,0.12351889811018898,0.47713518142700195,38
100,0.25,50,1000,0.0,0.14265448455154484,0.5010537505149841,33
100,0.25,100,1000,0.0,0.1636148885111489,0.5169440507888794,30
100,0.25,250,1000,0.0,0.19734276572342765,0.5633935928344727,27
100,0.25,500,1000,0.0,0.2117100789921008,0.6162428855895996,26
100,0.25,1000,1000,0.0,0.2467003299670033,0.725365161895752,26
100,0.25,10,2500,0.0,0.14977252274772523,0.47464290261268616,19
100,0.25,25,2500,0.0,0.17213278672132787,0.5010949373245239,18
100,0.25,50,2500,0.0,0.24115713428657135,0.5590790510177612,16
100,0.25,100,2500,0.0,0.22416508349165085,0.5460889339447021,17
100,0.25,250,2500,0.0,0.20756049395060494,0.5390770435333252,18
100,0.25,500,2500,0.0,0.23219553044695532,0.5870241522789001,18
100,0.25,1000,2500,0.0,0.34605914408559146,0.6884647011756897,12
100,0.25,10,5000,4.3864851281170854e-17,0.3107064293570643,0.7391232848167419,11
100,0.25,25,5000,0.0,0.33564143585641437,0.7634077668190002,10
100,0.25,50,5000,0.0,0.3241738326167383,0.6778457760810852,10
100,0.25,100,5000,0.0,0.35256474352564743,0.6247765421867371,9
100,0.25,250,5000,0.0,0.2961016398360164,0.54722660779953,10
100,0.25,500,5000,0.0,0.3892798220177982,0.6903914213180542,9
100,0.25,1000,5000,0.0,0.4159146585341466,0.7574190497398376,9
100,0.25,10,10000,0.0,0.6324867513248675,0.8414183259010315,4
100,0.25,25,10000,0.0,0.6260998900109989,0.7508739233016968,4
100,0.25,50,10000,0.0,0.5598815118488151,0.720396101474762,5
100,0.25,100,10000,0.0,0.5882974202579742,0.5298348665237427,4
100,0.25,250,10000,0.0,0.5757611738826117,0.4531624913215637,4
100,0.25,500,10000,0.0,0.6150822417758224,0.6079874038696289,4
100,0.25,1000,10000,-1.0387167933493913e-16,0.4313756124387561,0.31364741921424866,5
100,0.25,10,15000,3.155597728994587e-16,0.6934681531846816,0.7928236722946167,2
100,0.25,25,15000,0.0,0.4621787821217878,0.40749162435531616,2
100,0.25,50,15000,1.0,1.0,,0
100,0.25,100,15000,0.0,0.6152009799020098,0.5024179816246033,2
100,0.25,250,15000,0.0,0.6178257174282572,0.5959519147872925,2
100,0.25,500,15000,0.0,0.7632549245075493,0.62762850522995,2
100,0.25,1000,15000,1.0,1.0,,0
100,0.25,10,20000,3.155597728994587e-16,0.6934681531846816,0.7928235530853271,2
100,0.25,25,20000,0.0,0.4621787821217878,0.4074915945529938,2
100,0.25,50,20000,1.0,1.0,,0
100,0.25,100,20000,0.0,0.6152009799020098,0.5024179816246033,2
100,0.25,250,20000,0.0,0.6178257174282572,0.595952033996582,2
100,0.25,500,20000,1.0,1.0,,0
100,0.25,1000,20000,1.0,1.0,,0
100,0.25,10,22000,3.155597728994587e-16,0.6934681531846816,0.7928237318992615,2
100,0.25,25,22000,0.0,0.4621787821217878,0.4074915945529938,2
100,0.25,50,22000,1.0,1.0,,0
100,0.25,100,22000,0.0,0.6152009799020098,0.502418041229248,2
100,0.25,250,22000,0.0,0.6178257174282572,0.5959519743919373,2
100,0.25,500,22000,1.0,1.0,,0
100,0.25,1000,22000,1.0,1.0,,0
10,0.5,10,50,0.0,0.2546995300469953,-0.45651403069496155,499
10,0.5,25,50,0.0,0.30029497050294973,-0.4332306981086731,436
10,0.5,50,50,4.32269998662768e-17,0.35914533546645333,-0.34251049160957336,354
10,0.5,100,50,0.0,0.42925082491750827,-0.23574243485927582,183
10,0.5,250,50,0.0,0.519516798320168,-0.03956708684563637,86
10,0.5,500,50,1.1186655900086458e-16,0.5685993900609939,0.028908440843224525,54
10,0.5,1000,50,0.0,0.6558156684331566,0.20878227055072784,27
10,0.5,10,100,0.0,0.26817318268173185,-0.419538289308548,260
10,0.5,25,100,0.0,0.3116500849915009,-0.33299511671066284,240
10,0.5,50,100,4.289098386650623e-17,0.3484214078592141,-0.30649152398109436,201
10,0.5,100,100,0.0,0.42675732426757323,-0.24059970676898956,158
10,0.5,250,100,0.0,0.513986101389861,-0.03475065901875496,78
10,0.5,500,100,1.1082232404286058e-16,0.5622687731226877,0.06986675411462784,46
10,0.5,1000,100,0.0,0.6567968203179682,0.22725774347782135,25
10,0.5,10,250,0.0,0.3123562643735626,-0.3154069781303406,121
10,0.5,25,250,4.2953301039100746e-17,0.34885261473852613,-0.2855534255504608,113
10,0.5,50,250,4.441732522887187e-17,0.3883174182581742,-0.24710306525230408,103
10,0.5,100,250,0.0,0.4393873112688731,-0.18854333460330963,87
10,0.5,250,250,0.0,0.5181794320567943,-0.013284874148666859,70
10,0.5,500,250,0.0,0.5628812118788121,0.04029388725757599,42
10,0.5,1000,250,0.0,0.6427107289271073,0.34171855449676514,19
10,0.5,10,500,4.3205088406041405e-17,0.3534084091590841,-0.1785883605480194,71
10,0.5,25,500,-4.472755755342614e-17,0.3887236276372363,-0.12793239951133728,57
10,0.5,50,500,0.0,0.42927582241775825,-0.07392129302024841,53
10,0.5,100,500,0.0,0.45167983201679834,-0.06454017013311386,48
10,0.5,250,500,0.0,0.5227164783521648,0.0415637269616127,42
10,0.5,500,500,0.0,0.5618375662433757,0.06662020087242126,37
10,0.5,1000,500,0.0,0.6463541145885412,0.3697226345539093,17
10,0.5,10,1000,0.0,0.40776547345265474,-0.11101163178682327,32
10,0.5,25,1000,1.0349797596804393e-16,0.5124862513748625,0.05389145761728287,24
10,0.5,50,1000,0.0,0.5161858814118588,0.12033611536026001,25
10,0.5,100,1000,0.0,0.49536296370362964,0.03729105740785599,24
10,0.5,250,1000,1.0935816771131933e-16,0.5531384361563844,0.2262098491191864,25
10,0.5,500,1000,0.0,0.5951029897010299,0.1928822100162506,21
10,0.5,1000,1000,0.0,0.6502349765023497,0.3011575937271118,15
10,0.5,10,2500,-1.0292021602949242e-16,0.4875824917508249,0.08403155952692032,10
10,0.5,25,2500,0.0,0.6202629737026297,0.25310346484184265,10
10,0.5,50,2500,0.0,0.6421482851714828,0.07770948857069016,9
10,0.5,100,2500,0.0,0.5982339266073393,0.07468446344137192,10
10,0.5,250,2500,0.0,0.07408009199080091,-0.13784949481487274,2
10,0.5,500,2500,0.0,0.07561118888111189,-0.13700154423713684,2
10,0.5,1000,2500,0.0,0.09622787721227877,-0.14006659388542175,2
10,0.5,10,5000,0.0,0.518566893310669,0.10443180054426193,6
10,0.5,25,5000,0.0,0.6246250374962504,0.321256548166275,5
10,0.5,50,5000,0.0,0.6366363363663634,0.2818550765514374,5
10,0.5,100,5000,0.0,0.6228877112288771,0.222435861825943,5
10,0.5,250,5000,0.0,0.6803882111788822,0.2411470115184784,5
10,0.5,500,5000,0.0,0.698030196980302,0.15700364112854004,5
10,0.5,1000,5000,0.0,0.736495100489951,0.22566169500350952,4
10,0.5,10,10000,0.0,0.4061281371862814,0.1270953267812729,2
10,0.5,25,10000,0.0,0.7647235276472353,0.7202653288841248,2
10,0.5,50,10000,0.0,0.7678919608039196,0.7458145618438721,2
10,0.5,100,10000,0.0,0.746581591840816,0.6965395212173462,2
10,0.5,250,10000,1.0,1.0,,0
10,0.5,500,10000,1.0,1.0,,0
10,0.5,1000,10000,1.0,1.0,,0
10,0.5,10,15000,0.0,0.4061281371862814,0.1270953267812729,2
10,0.5,25,15000,1.0,1.0,,0
10,0.5,50,15000,1.0,1.0,,0
10,0.5,100,15000,1.0,1.0,,0
10,0.5,250,15000,1.0,1.0,,0
10,0.5,500,15000,1.0,1.0,,0
10,0.5,1000,15000,1.0,1.0,,0
10,0.5,10,20000,1.0,1.0,,0
10,0.5,25,20000,1.0,1.0,,0
10,0.5,50,20000,1.0,1.0,,0
10,0.5,100,20000,1.0,1.0,,0
10,0.5,250,20000,1.0,1.0,,0
10,0.5,500,20000,1.0,1.0,,0
10,0.5,1000,20000,1.0,1.0,,0
10,0.5,10,22000,1.0,1.0,,0
10,0.5,25,22000,1.0,1.0,,0
10,0.5,50,22000,1.0,1.0,,0
10,0.5,100,22000,1.0,1.0,,0
10,0.5,250,22000,1.0,1.0,,0
10,0.5,500,22000,1.0,1.0,,0
10,0.5,1000,22000,1.0,1.0,,0
15,0.5,10,50,0.0,0.15904034596540345,-0.38271450996398926,489
15,0.5,25,50,0.0,0.18785621437856215,-0.33096402883529663,406
15,0.5,50,50,0.0,0.2293208179182082,-0.2626165747642517,325
15,0.5,100,50,0.0,0.29372687731226876,-0.13597579300403595,165
15,0.5,250,50,0.0,0.3450467453254675,-0.044248614460229874,86
15,0.5,500,50,0.0,0.41293995600439953,0.18297919631004333,52
15,0.5,1000,50,0.0,0.5237351264873512,0.36732199788093567,31
15,0.5,10,100,0.0,0.16878312168783122,-0.22181779146194458,234
15,0.5,25,100,0.0,0.21181631836816317,-0.2158888429403305,212
15,0.5,50,100,0.0,0.23703254674532548,-0.20113255083560944,183
15,0.5,100,100,0.0,0.29242700729927007,-0.1339242309331894,142
15,0.5,250,100,0.0,0.3419845515448455,-0.05073019117116928,81
15,0.5,500,100,0.0,0.4144023097690231,0.18502549827098846,49
15,0.5,1000,100,0.0,0.5212978702129787,0.47019922733306885,24
15,0.5,10,250,0.0,0.2006924307569243,-0.12423154711723328,104
15,0.5,25,250,0.0,0.2099165083491651,-0.09802258014678955,100
15,0.5,50,250,2.0265959350104417e-17,0.2451942305769423,-0.1113593652844429,92
15,0.5,100,250,0.0,0.28234051594840515,-0.03614146634936333,88
15,0.5,250,250,0.0,0.3447467753224678,0.012292207218706608,74
15,0.5,500,250,0.0,0.4132961703829617,0.1507619321346283,47
15,0.5,1000,250,0.0,0.5240725927407259,0.478471577167511,21
15,0.5,10,500,0.0,0.23603264673532648,-0.03396352007985115,62
15,0.5,25,500,0.0,0.24803769623037697,-0.07684101909399033,57
15,0.5,50,500,0.0,0.2982326767323268,0.050904497504234314,56
15,0.5,100,500,-4.2176473023735376e-17,0.3100689931006899,0.070014588534832,59
15,0.5,250,500,0.0,0.3682881711828817,0.11496304720640182,47
15,0.5,500,500,0.0,0.41585216478352166,0.16688688099384308,42
15,0.5,1000,500,0.0,0.5201354864513549,0.45309385657310486,18
15,0.5,10,1000,0.0,0.22768348165183483,0.026166051626205444,36
15,0.5,25,1000,-4.3109204641674035e-17,0.3347665233476652,0.09869471192359924,31
15,0.5,50,1000,0.0,0.3684006599340066,0.19467584788799286,30
15,0.5,100,1000,0.0,0.36633836616338367,0.2201577126979828,29
15,0.5,250,1000,0.0,0.433512898710129,0.256875604391098,26
15,0.5,500,1000,0.0,0.4142460753924608,0.25330251455307007,23
15,0.5,1000,1000,0.0,0.5235538946105389,0.4620063006877899,17
15,0.5,10,2500,0.0,0.43343790620937905,0.20025604963302612,11
15,0.5,25,2500,0.0,0.42916958304169583,0.3233306109905243,16
15,0.5,50,2500,9.753503885449982e-17,0.4540358464153585,0.18348343670368195,12
15,0.5,100,2500,0.0,0.48722002799720027,0.33948782086372375,12
15,0.5,250,2500,0.0,0.48752624737526246,0.30225279927253723,12
15,0.5,500,2500,0.0,0.46534721527847217,0.40281516313552856,12
15,0.5,1000,2500,0.0,0.5271785321467853,0.4212866723537445,10
15,0.5,10,5000,0.0,0.47463378662133787,0.15595749020576477,9
15,0.5,25,5000,-9.929781428129319e-17,0.46812818718128185,0.26257583498954773,10
15,0.5,50,5000,-1.0556117780672516e-16,0.5153109689031097,0.30714133381843567,9
15,0.5,100,5000,0.0,0.47707729227077295,0.23814654350280762,10
15,0.5,250,5000,0.0,0.49546295370462956,0.19450514018535614,8
15,0.5,500,5000,0.0,0.5310906409359064,0.3366476595401764,8
15,0.5,1000,5000,0.0,0.5778359664033597,0.35692545771598816,8
15,0.5,10,10000,0.0,0.5891723327667233,0.22228120267391205,3
15,0.5,25,10000,0.0,0.7850402459754025,0.38163143396377563,2
15,0.5,50,10000,0.0,0.6781009399060094,0.27285557985305786,3
15,0.5,100,10000,0.0,0.7367888211178882,0.3991290032863617,3
15,0.5,250,10000,0.0,0.636948805119488,0.5935748815536499,2
15,0.5,500,10000,0.0,0.24146335366463353,0.08243978768587112,2
15,0.5,1000,10000,2.961238685420791e-16,0.2787221277872213,0.09305072575807571,2
15,0.5,10,15000,0.0,0.38916733326667335,0.06344808638095856,2
15,0.5,25,15000,1.0,1.0,,0
15,0.5,50,15000,1.0,1.0,,0
15,0.5,100,15000,1.0,1.0,,0
15,0.5,250,15000,0.0,0.636948805119488,0.5935748219490051,2
15,0.5,500,15000,0.0,0.5310656434356564,0.6512507200241089,2
15,0.5,1000,15000,0.0,0.5771610338966103,0.6480506062507629,2
15,0.5,10,20000,1.0,1.0,,0
15,0.5,25,20000,1.0,1.0,,0
15,0.5,50,20000,1.0,1.0,,0
15,0.5,100,20000,1.0,1.0,,0
15,0.5,250,20000,1.0,1.0,,0
15,0.5,500,20000,0.0,0.5310656434356564,0.6512507796287537,2
15,0.5,1000,20000,0.0,0.5771610338966103,0.6480507254600525,2
15,0.5,10,22000,1.0,1.0,,0
15,0.5,25,22000,1.0,1.0,,0
15,0.5,50,22000,1.0,1.0,,0
15,0.5,100,22000,1.0,1.0,,0
15,0.5,250,22000,1.0,1.0,,0
15,0.5,500,22000,0.0,0.5310656434356564,0.6512507796287537,2
15,0.5,1000,22000,0.0,0.5771610338966103,0.6480506658554077,2
30,0.5,10,50,0.0,0.17735101489851016,-0.19444796442985535,462
30,0.5,25,50,0.0,0.18397535246475352,-0.09380102902650833,401
30,0.5,50,50,2.005843071857182e-17,0.22712103789621038,-0.03440834581851959,335
30,0.5,100,50,0.0,0.2745912908709129,0.12735985219478607,171
30,0.5,250,50,0.0,0.3240800919908009,0.42739227414131165,90
30,0.5,500,50,0.0,0.3586266373362664,0.5499834418296814,54
30,0.5,1000,50,0.0,0.45956654334566543,0.796115517616272,34
30,0.5,10,100,-1.9744092087658998e-17,0.19136836316368364,0.015156677924096584,222
30,0.5,25,100,0.0,0.19974252574742526,0.05391412228345871,215
30,0.5,50,100,2.0017462807465105e-17,0.22207779222077792,0.06271196156740189,195
30,0.5,100,100,0.0,0.27193530646935304,0.11652930825948715,151
30,0.5,250,100,0.0,0.3213116188381162,0.4435008466243744,83
30,0.5,500,100,-4.374810114015966e-17,0.3548645135486451,0.6183515787124634,50
30,0.5,1000,100,-9.659089447768657e-17,0.45464828517148287,0.7571415901184082,31
30,0.5,10,250,1.9898414925231565e-17,0.20716053394660533,0.23139429092407227,107
30,0.5,25,250,-1.992339071023409e-17,0.2063981101889811,0.23068426549434662,101
30,0.5,50,250,0.0,0.21252249775022497,0.22635892033576965,92
30,0.5,100,250,0.0,0.27062918708129186,0.3068631589412689,86
30,0.5,250,250,0.0,0.31897435256474355,0.4183149039745331,77
30,0.5,500,250,0.0,0.3558019198080192,0.6194896101951599,49
30,0.5,1000,250,0.0,0.4333566643335666,0.6964803338050842,23
30,0.5,10,500,0.0,0.20912908709129088,0.3186675012111664,64
30,0.5,25,500,0.0,0.21597215278472154,0.2821162939071655,58
30,0.5,50,500,0.0,0.23432031796820318,0.3550935685634613,58
30,0.5,100,500,0.0,0.278972102789721,0.4874660074710846,56
30,0.5,250,500,4.231568267670175e-17,0.310525197480252,0.5225117206573486,49
30,0.5,500,500,0.0,0.34611538846115386,0.5595767498016357,47
30,0.5,1000,500,0.0,0.4357626737326267,0.6995153427124023,22
30,0.5,10,1000,0.0,0.24595665433456654,0.4438588321208954,37
30,0.5,25,1000,0.0,0.25918033196680335,0.46394971013069153,37
30,0.5,50,1000,0.0,0.29033971602839714,0.5154544711112976,36
30,0.5,100,1000,-4.258200210442403e-17,0.3171870312968703,0.5526062846183777,33
30,0.5,250,1000,0.0,0.3335853914608539,0.4715820252895355,28
30,0.5,500,1000,-4.433791668258154e-17,0.36606964303569645,0.6227376461029053,25
30,0.5,1000,1000,0.0,0.435475202479752,0.5335341095924377,19
30,0.5,10,2500,-4.418878950912239e-17,0.34524047595240476,0.42436590790748596,14
30,0.5,25,2500,0.0,0.3808931606839316,0.40861594676971436,13
30,0.5,50,2500,0.0,0.44374312568743124,0.5566006302833557,13
30,0.5,100,2500,0.0,0.43795620437956206,0.5844029188156128,14
30,0.5,250,2500,0.0,0.4372062793720628,0.6020087003707886,16
30,0.5,500,2500,0.0,0.3808619138086191,0.39840975403785706,13
30,0.5,1000,2500,0.0,0.44184956504349565,0.549068033695221,15
30,0.5,10,5000,0.0,0.39007349265073493,0.3353551924228668,9
30,0.5,25,5000,0.0,0.4227014798520148,0.4051569998264313,10
30,0.5,50,5000,1.0072676943521228e-16,0.4717528247175283,0.3961564898490906,9
30,0.5,100,5000,-1.0573774862337388e-16,0.5198480151984801,0.769025981426239,10
30,0.5,250,5000,0.0,0.4992625737426257,0.37508508563041687,8
30,0.5,500,5000,0.0,0.43248800119988,0.4368666112422943,11
30,0.5,1000,5000,0.0,0.4845952904709529,0.49648815393447876,10
30,0.5,10,10000,0.0,0.5281471852814719,0.4460299611091614,5
30,0.5,25,10000,0.0,0.5976402359764024,0.5252224206924438,3
30,0.5,50,10000,0.0,0.5856101889811018,0.5210332274436951,3
30,0.5,100,10000,0.0,0.601077392260774,0.5053694844245911,3
30,0.5,250,10000,0.0,0.7232901709829017,0.64418625831604,2
30,0.5,500,10000,0.0,0.6782196780321967,0.5891660451889038,2
30,0.5,1000,10000,0.0,0.5670870412958704,0.37341251969337463,3
30,0.5,10,15000,0.0,0.21775947405259474,0.29454025626182556,2
30,0.5,25,15000,0.0,0.4480551944805519,0.34095925092697144,2
30,0.5,50,15000,0.0,0.5589503549645035,0.37873542308807373,2
30,0.5,100,15000,0.0,0.5748487651234877,0.39459094405174255,2
30,0.5,250,15000,1.0,1.0,,0
30,0.5,500,15000,1.0,1.0,,0
30,0.5,1000,15000,2.9256908390673015e-16,0.648935106489351,0.5111450552940369,2
30,0.5,10,20000,1.0,1.0,,0
30,0.5,25,20000,0.0,0.4480551944805519,0.34095922112464905,2
30,0.5,50,20000,0.0,0.5589503549645035,0.37873539328575134,2
30,0.5,100,20000,1.0,1.0,,0
30,0.5,250,20000,1.0,1.0,,0
30,0.5,500,20000,1.0,1.0,,0
30,0.5,1000,20000,1.0,1.0,,0
30,0.5,10,22000,1.0,1.0,,0
30,0.5,25,22000,1.0,1.0,,0
30,0.5,50,22000,1.0,1.0,,0
30,0.5,100,22000,1.0,1.0,,0
30,0.5,250,22000,1.0,1.0,,0
30,0.5,500,22000,1.0,1.0,,0
30,0.5,1000,22000,1.0,1.0,,0
50,0.5,10,50,0.0,0.11859439056094391,-0.2084384262561798,441
50,0.5,25,50,-1.9735013131659523e-17,0.13951729827017298,-0.23616842925548553,409
50,0.5,50,50,0.0,0.12909334066593342,-0.09734245389699936,327
50,0.5,100,50,-1.9848549927975783e-17,0.15050369963003699,0.0943649634718895,173
50,0.5,250,50,2.006932715728704e-17,0.17911958804119588,0.30940815806388855,87
50,0.5,500,50,0.0,0.2350202479752025,0.3226260244846344,53
50,0.5,1000,50,0.0,0.30900659934006597,0.5232207179069519,31
50,0.5,10,100,0.0,0.11982551744825518,0.005355519708245993,226
50,0.5,25,100,0.0,0.12386261373862614,-0.048179298639297485,211
50,0.5,50,100,0.0,0.11766323367663234,0.019799729809165,187
50,0.5,100,100,0.0,0.1259936506349365,0.07257293909788132,151
50,0.5,250,100,0.0,0.17831966803319668,0.30902546644210815,85
50,0.5,500,100,0.0,0.23425782421757824,0.35705482959747314,50
50,0.5,1000,100,0.0,0.30900659934006597,0.5232207775115967,31
50,0.5,10,250,0.0,0.07654234576542346,0.22896333038806915,101
50,0.5,25,250,0.0,0.10155234476552345,0.25891441106796265,105
50,0.5,50,250,0.0,0.10655809419058095,0.24298986792564392,99
50,0.5,100,250,0.0,0.1304057094290571,0.2735764980316162,90
50,0.5,250,250,0.0,0.1808131686831317,0.2975507080554962,78
50,0.5,500,250,0.0,0.2287958704129587,0.3831370174884796,46
50,0.5,1000,250,-4.307995825880642e-17,0.30425707429257076,0.516413152217865,25
50,0.5,10,500,0.0,0.12668733126687332,0.29060614109039307,55
50,0.5,25,500,0.0,0.13958604139586042,0.27860164642333984,60
50,0.5,50,500,0.0,0.15095365463453655,0.32277044653892517,58
50,0.5,100,500,1.9927599193977126e-17,0.1533971602839716,0.2898772954940796,58
50,0.5,250,500,0.0,0.1953929607039296,0.443224161863327,51
50,0.5,500,500,0.0,0.21908434156584342,0.3638341426849365,42
50,0.5,1000,500,4.326461377687051e-17,0.31028147185281474,0.5411134362220764,22
50,0.5,10,1000,0.0,0.13925482451754825,0.3096863925457001,34
50,0.5,25,1000,-2.0105304169499965e-17,0.16415233476652336,0.32414326071739197,32
50,0.5,50,1000,0.0,0.16753949605039495,0.31248918175697327,30
50,0.5,100,1000,0.0,0.17642610738926107,0.38398271799087524,29
50,0.5,250,1000,0.0,0.2210903909609039,0.5026798844337463,29
50,0.5,500,1000,0.0,0.25124987501249874,0.46703654527664185,23
50,0.5,1000,1000,-4.359876497322258e-17,0.32082416758324167,0.5694637298583984,20
50,0.5,10,2500,0.0,0.19906134386561344,0.5493084192276001,17
50,0.5,25,2500,0.0,0.20909159084091591,0.5430708527565002,17
50,0.5,50,2500,0.0,0.20264223577642235,0.5687182545661926,16
50,0.5,100,2500,0.0,0.24188206179382063,0.6002611517906189,17
50,0.5,250,2500,0.0,0.27586616338366166,0.6806937456130981,16
50,0.5,500,2500,0.0,0.33235426457354267,0.7638455629348755,12
50,0.5,1000,2500,-4.446383198499837e-17,0.34135961403859616,0.7693862915039062,13
50,0.5,10,5000,-4.2794304034487823e-17,0.2701354864513549,0.6880821585655212,11
50,0.5,25,5000,0.0,0.3219990500949905,0.674015998840332,10
50,0.5,50,5000,0.0,0.3519085591440856,0.6670556664466858,9
50,0.5,100,5000,0.0,0.3775997400259974,0.708652138710022,9
50,0.5,250,5000,0.0,0.36151384861513847,0.8115164637565613,10
50,0.5,500,5000,0.0,0.35255224477552244,0.7995705008506775,10
50,0.5,1000,5000,0.0,0.3742000799920008,0.800079345703125,10
50,0.5,10,10000,-1.0639849178367163e-16,0.5048182681731826,0.6201034784317017,6
50,0.5,25,10000,0.0,0.6221127887211279,0.6370848417282104,4
50,0.5,50,10000,0.0,0.54498300169983,0.5689697861671448,4
50,0.5,100,10000,0.0,0.703004699530047,0.6068021655082703,3
50,0.5,250,10000,0.0,0.6716890810918908,0.7303346395492554,3
50,0.5,500,10000,0.0,0.6140198480151985,0.4632064402103424,3
50,0.5,1000,10000,0.0,0.2248212678732127,0.34608128666877747,2
50,0.5,10,15000,-2.767745915249733e-16,0.24125087491250874,0.4221581518650055,2
50,0.5,25,15000,-2.7582540630332727e-16,0.2437131286871313,0.421279639005661,2
50,0.5,50,15000,0.0,0.23393285671432856,0.3820715844631195,2
50,0.5,100,15000,0.0,0.22755849415058493,0.3820173144340515,2
50,0.5,250,15000,0.0,0.10008999100089991,0.2698952555656433,2
50,0.5,500,15000,0.0,0.09143460653934607,0.2512665092945099,2
50,0.5,1000,15000,0.0,0.2248212678732127,0.346081405878067,2
50,0.5,10,20000,-2.767745915249733e-16,0.24125087491250874,0.42215821146965027,2
50,0.5,25,20000,-2.7582540630332727e-16,0.2437131286871313,0.4212796986103058,2
50,0.5,50,20000,0.0,0.23393285671432856,0.3820715844631195,2
50,0.5,100,20000,0.0,0.22755849415058493,0.3820173442363739,2
50,0.5,250,20000,0.0,0.10008999100089991,0.2698953449726105,2
50,0.5,500,20000,0.0,0.09143460653934607,0.2512665390968323,2
50,0.5,1000,20000,0.0,0.2248212678732127,0.34608131647109985,2
50,0.5,10,22000,-2.767745915249733e-16,0.24125087491250874,0.42215824127197266,2
50,0.5,25,22000,-2.7582540630332727e-16,0.2437131286871313,0.421279639005661,2
50,0.5,50,22000,0.0,0.23393285671432856,0.3820715546607971,2
50,0.5,100,22000,0.0,0.22755849415058493,0.3820173144340515,2
50,0.5,250,22000,0.0,0.10008999100089991,0.2698953449726105,2
50,0.5,500,22000,0.0,0.09143460653934607,0.2512665390968323,2
50,0.5,1000,22000,0.0,0.2248212678732127,0.346081405878067,2
75,0.5,10,50,0.0,0.16692705729427057,-0.2231604903936386,495
75,0.5,25,50,2.0012982817254652e-17,0.19587416258374163,-0.13678760826587677,458
75,0.5,50,50,-1.9846786543205677e-17,0.1564031096890311,0.031227409839630127,354
75,0.5,100,50,0.0,0.16084641535846414,0.4656231999397278,171
75,0.5,250,50,0.0,0.18352539746025398,0.6293260455131531,85
75,0.5,500,50,0.0,0.15512198780121988,0.5310829877853394,48
75,0.5,1000,50,0.0,0.29474552544745525,0.785097599029541,33
75,0.5,10,100,0.0,0.17983201679832017,0.16023489832878113,240
75,0.5,25,100,0.0,0.15924657534246575,0.330183744430542,206
75,0.5,50,100,0.0,0.1553094690530947,0.39183592796325684,193
75,0.5,100,100,0.0,0.15042870712928708,0.4601057767868042,151
75,0.5,250,100,0.0,0.1758886611338866,0.6288648843765259,80
75,0.5,500,100,0.0,0.1526784821517848,0.5364963412284851,46
75,0.5,1000,100,0.0,0.29559544045595443,0.785863995552063,31
75,0.5,10,250,0.0,0.16185881411858813,0.28372272849082947,122
75,0.5,25,250,0.0,0.12223777622237776,0.40015658736228943,105
75,0.5,50,250,0.0,0.10553944605539446,0.5046380162239075,96
75,0.5,100,250,0.0,0.15208479152084792,0.5578497648239136,88
75,0.5,250,250,0.0,0.16705829417058293,0.6292119026184082,70
75,0.5,500,250,0.0,0.13988601139886012,0.5143600702285767,43
75,0.5,1000,250,-4.263639682294083e-17,0.2879212078792121,0.7790217399597168,27
75,0.5,10,500,0.0,0.16525847415258474,0.3881075978279114,67
75,0.5,25,500,0.0,0.0983901609839016,0.4730168879032135,54
75,0.5,50,500,0.0,0.08681631836816318,0.4402916729450226,50
75,0.5,100,500,0.0,0.13846115388461153,0.555361807346344,54
75,0.5,250,500,0.0,0.1252937206279372,0.5084080696105957,44
75,0.5,500,500,0.0,0.13988601139886012,0.5143599510192871,43
75,0.5,1000,500,0.0,0.28747750224977503,0.7810853719711304,26
75,0.5,10,1000,-1.994450160833003e-17,0.14509174082591741,0.5587412714958191,38
75,0.5,25,1000,1.9921187041493646e-17,0.1416045895410459,0.5108510851860046,35
75,0.5,50,1000,0.0,0.1284059094090591,0.4733814597129822,31
75,0.5,100,1000,0.0,0.17025172482751724,0.5591024160385132,29
75,0.5,250,1000,0.0,0.17326392360763923,0.5529062151908875,26
75,0.5,500,1000,0.0,0.17253274672532748,0.5789830088615417,24
75,0.5,1000,1000,0.0,0.2968953104689531,0.787473738193512,24
75,0.5,10,2500,0.0,0.2061856314368563,0.5751799941062927,17
75,0.5,25,2500,0.0,0.18837491250874913,0.5599810481071472,17
75,0.5,50,2500,0.0,0.16064643535646436,0.4937434196472168,16
75,0.5,100,2500,0.0,0.1810881411858814,0.500532865524292,15
75,0.5,250,2500,0.0,0.2377137286271373,0.5674261450767517,13
75,0.5,500,2500,0.0,0.21266623337666232,0.5677491426467896,14
75,0.5,1000,2500,0.0,0.3703879612038796,0.7713923454284668,12
75,0.5,10,5000,0.0,0.2792908209179082,0.605480968952179,11
75,0.5,25,5000,0.0,0.252974702529747,0.582728922367096,12
75,0.5,50,5000,0.0,0.2337891210878912,0.5228760838508606,11
75,0.5,100,5000,0.0,0.22548995100489952,0.49121007323265076,11
75,0.5,250,5000,4.3121835755078197e-17,0.2681294370562944,0.5694243311882019,10
75,0.5,500,5000,0.0,0.29530796920307967,0.6206567287445068,10
75,0.5,1000,5000,0.0,0.3883799120087991,0.844054639339447,10
75,0.5,10,10000,0.0,0.41094640535946403,0.6610421538352966,6
75,0.5,25,10000,0.0,0.5388211178882112,0.6744179725646973,5
75,0.5,50,10000,0.0,0.3218990600939906,0.48509910702705383,7
75,0.5,100,10000,0.0,0.2585866413358664,0.26860418915748596,6
75,0.5,250,10000,0.0,0.2653859614038596,0.2688997685909271,6
75,0.5,500,10000,0.0,0.5013311168883112,0.40946662425994873,5
75,0.5,1000,10000,0.0,0.23692630736926307,-0.06700380146503448,3
75,0.5,10,15000,1.0,1.0,,0
75,0.5,25,15000,0.0,0.31153759624037597,0.05772579088807106,2
75,0.5,50,15000,0.0,0.3926044895510449,0.2089252769947052,4
75,0.5,100,15000,0.0,0.4126899810018998,0.08549736440181732,3
75,0.5,250,15000,0.0,0.5977339766023397,0.38651803135871887,2
75,0.5,500,15000,0.0,0.7447692730726927,0.43323102593421936,2
75,0.5,1000,15000,4.1265612542853813e-16,0.11508849115088492,-0.04736891761422157,2
75,0.5,10,20000,1.0,1.0,,0
75,0.5,25,20000,1.0,1.0,,0
75,0.5,50,20000,0.0,0.5851664833516649,0.18056434392929077,2
75,0.5,100,20000,0.0,0.5096177882211779,0.22265546023845673,2
75,0.5,250,20000,0.0,0.5977339766023397,0.38651806116104126,2
75,0.5,500,20000,1.0,1.0,,0
75,0.5,1000,20000,1.0,1.0,,0
75,0.5,10,22000,1.0,1.0,,0
75,0.5,25,22000,1.0,1.0,,0
75,0.5,50,22000,0.0,0.5851664833516649,0.18056431412696838,2
75,0.5,100,22000,0.0,0.5096177882211779,0.22265547513961792,2
75,0.5,250,22000,0.0,0.5977339766023397,0.38651803135871887,2
75,0.5,500,22000,1.0,1.0,,0
75,0.5,1000,22000,1.0,1.0,,0
100,0.5,10,50,0.0,0.14292320767923208,-0.13218459486961365,488
100,0.5,25,50,0.0,0.2467940705929407,-0.20869389176368713,470
100,0.5,50,50,0.0,0.192499500049995,0.08696119487285614,366
100,0.5,100,50,-1.9840169689584096e-17,0.14672282771722828,0.40065017342567444,180
100,0.5,250,50,0.0,0.18153184681531848,0.5263196229934692,94
100,0.5,500,50,0.0,0.22075917408259174,0.603287935256958,56
100,0.5,1000,50,0.0,0.27633486651334865,0.6850429773330688,30
100,0.5,10,100,0.0,0.14486676332366763,0.16393634676933289,237
100,0.5,25,100,0.0,0.24584416558344166,0.13822098076343536,252
100,0.5,50,100,0.0,0.14044220577942207,0.33149370551109314,201
100,0.5,100,100,0.0,0.12607489251074894,0.39765265583992004,155
100,0.5,250,100,0.0,0.1702954704529547,0.5046587586402893,84
100,0.5,500,100,0.0,0.22162158784121588,0.6031336784362793,54
100,0.5,1000,100,0.0,0.2770847915208479,0.7186661958694458,28
100,0.5,10,250,0.0,0.14466053394660533,0.23838111758232117,115
100,0.5,25,250,0.0,0.14629787021297871,0.29960015416145325,106
100,0.5,50,250,0.0,0.10417083291670833,0.35194534063339233,97
100,0.5,100,250,0.0,0.10135861413858614,0.4034791886806488,89
100,0.5,250,250,0.0,0.17337641235876414,0.5180345177650452,76
100,0.5,500,250,0.0,0.22099040095990402,0.6192641258239746,52
100,0.5,1000,250,0.0,0.2778347165283472,0.7197089791297913,27
100,0.5,10,500,0.0,0.16934556544345566,0.292938768863678,67
100,0.5,25,500,0.0,0.09613413658634136,0.3674441874027252,64
100,0.5,50,500,0.0,0.11471352864713528,0.3951292335987091,61
100,0.5,100,500,0.0,0.12431256874312568,0.4720468521118164,60
100,0.5,250,500,0.0,0.18555019498050196,0.531511127948761,52
100,0.5,500,500,0.0,0.21417233276672332,0.6048203706741333,47
100,0.5,1000,500,0.0,0.27203529647035296,0.6370608806610107,25
100,0.5,10,1000,-1.994137733426499e-17,0.13784871512848715,0.43453410267829895,36
100,0.5,25,1000,0.0,0.14507299270072993,0.49183401465415955,37
100,0.5,50,1000,0.0,0.18655009499050096,0.5052688717842102,33
100,0.5,100,1000,0.0,0.17412633736626337,0.5364521741867065,34
100,0.5,250,1000,0.0,0.1920995400459954,0.5869009494781494,30
100,0.5,500,1000,0.0,0.21171632836716328,0.6219266057014465,27
100,0.5,1000,1000,0.0,0.26318618138186184,0.6622732281684875,23
100,0.5,10,2500,0.0,0.19583041695830417,0.48792383074760437,15
100,0.5,25,2500,0.0,0.1727952204779522,0.4691201448440552,16
100,0.5,50,2500,0.0,0.22945205479452055,0.5216531753540039,15
100,0.5,100,2500,0.0,0.22687106289371062,0.5036281943321228,13
100,0.5,250,2500,0.0,0.1977864713528647,0.46329399943351746,13
100,0.5,500,2500,-4.219522360494957e-17,0.2545745425457454,0.6048030853271484,14
100,0.5,1000,2500,-4.2712352249135296e-17,0.2783721627837216,0.7123490571975708,15
100,0.5,10,5000,4.2363094483688864e-17,0.24312568743125687,0.5156574845314026,11
100,0.5,25,5000,0.0,0.2625737426257374,0.5449110269546509,11
100,0.5,50,5000,0.0,0.2726977302269773,0.5699175596237183,11
100,0.5,100,5000,0.0,0.2536996300369963,0.4954558312892914,11
100,0.5,250,5000,-4.3392014663796223e-17,0.2675919908009199,0.5368196368217468,10
100,0.5,500,5000,0.0,0.2738101189881012,0.6174226999282837,11
100,0.5,1000,5000,0.0,0.3177994700529947,0.7004866600036621,11
100,0.5,10,10000,-1.1086208093683134e-16,0.5295095490450955,0.5367250442504883,5
100,0.5,25,10000,0.0,0.5735051494850515,0.52275550365448,5
100,0.5,50,10000,0.0,0.5154484551544846,0.35834845900535583,5
100,0.5,100,10000,0.0,0.4403809619038096,0.29605138301849365,6
100,0.5,250,10000,0.0,0.6199130086991301,0.3262845277786255,3
100,0.5,500,10000,0.0,0.6239126087391261,0.7169666290283203,4
100,0.5,1000,10000,-1.0950985836208742e-16,0.4747337766223378,0.41101565957069397,4
100,0.5,10,15000,2.8932994005176266e-16,0.26564843515648434,0.2106669843196869,2
100,0.5,25,15000,1.0,1.0,,0
100,0.5,50,15000,0.0,0.7320830416958304,0.5455436706542969,2
100,0.5,100,15000,0.0,0.6041083391660834,0.5709408521652222,2
100,0.5,250,15000,3.190508611767517e-16,0.698030196980302,0.5393425822257996,2
100,0.5,500,15000,1.0,1.0,,0
100,0.5,1000,15000,-4.3401002215849237e-16,0.10552069793020698,-0.04084540158510208,2
100,0.5,10,20000,1.0,1.0,,0
100,0.5,25,20000,1.0,1.0,,0
100,0.5,50,20000,0.0,0.7320830416958304,0.5455436706542969,2
100,0.5,100,20000,0.0,0.6041083391660834,0.5709408521652222,2
100,0.5,250,20000,3.190508611767517e-16,0.698030196980302,0.5393423438072205,2
100,0.5,500,20000,1.0,1.0,,0
100,0.5,1000,20000,1.0,1.0,,0
100,0.5,10,22000,1.0,1.0,,0
100,0.5,25,22000,1.0,1.0,,0
100,0.5,50,22000,1.0,1.0,,0
100,0.5,100,22000,0.0,0.6041083391660834,0.5709409713745117,2
100,0.5,250,22000,3.190508611767517e-16,0.698030196980302,0.5393425226211548,2
100,0.5,500,22000,1.0,1.0,,0
100,0.5,1000,22000,1.0,1.0,,0
10,0.75,10,50,0.0,0.26576092390760925,-0.4334511458873749,477
10,0.75,25,50,0.0,0.3136061393860614,-0.38989540934562683,410
10,0.75,50,50,-4.3310077997418e-17,0.3597015298470153,-0.37610355019569397,335
10,0.75,100,50,0.0,0.4296382861713829,-0.2999971807003021,196
10,0.75,250,50,0.0,0.5190543445655434,-0.18133580684661865,77
10,0.75,500,50,0.0,0.5774485051494851,-0.06319621950387955,51
10,0.75,1000,50,0.0,0.6601214878512148,0.19725315272808075,30
10,0.75,10,100,0.0,0.27545370462953706,-0.4233474135398865,256
10,0.75,25,100,-4.2087896527981665e-17,0.32244900509949004,-0.38987332582473755,232
10,0.75,50,100,-4.387968591660528e-17,0.3745875412458754,-0.35652267932891846,200
10,0.75,100,100,0.0,0.4278259674032597,-0.30948835611343384,154
10,0.75,250,100,0.0,0.5169045595440456,-0.16232910752296448,72
10,0.75,500,100,0.0,0.5754487051294871,-0.006901597138494253,46
10,0.75,1000,100,0.0,0.6597527747225278,0.23558712005615234,27
10,0.75,10,250,0.0,0.3197742725727427,-0.3086773753166199,123
10,0.75,25,250,4.3907704067343774e-17,0.3744125587441256,-0.29132911562919617,108
10,0.75,50,250,0.0,0.3944230576942306,-0.2557604908943176,97
10,0.75,100,250,0.0,0.45367338266173385,-0.22368746995925903,82
10,0.75,250,250,0.0,0.5205229477052294,-0.16342751681804657,63
10,0.75,500,250,0.0,0.5716553344665534,0.013321848586201668,39
10,0.75,1000,250,0.0,0.6647960203979602,0.4611193537712097,18
10,0.75,10,500,-4.401449915832808e-17,0.37564993500649935,-0.21862612664699554,66
10,0.75,25,500,0.0,0.40935281471852814,-0.22718878090381622,57
10,0.75,50,500,0.0,0.42728852114788524,-0.22319678962230682,53
10,0.75,100,500,0.0,0.46396610338966104,-0.16149070858955383,46
10,0.75,250,500,0.0,0.5274347565243476,0.011422368697822094,41
10,0.75,500,500,0.0,0.5752299770022997,0.05651342496275902,36
10,0.75,1000,500,0.0,0.6685518948105189,0.5915278792381287,16
10,0.75,10,1000,0.0,0.43546270372962703,0.05496833473443985,31
10,0.75,25,1000,0.0,0.4652097290270973,0.08767476677894592,26
10,0.75,50,1000,0.0,0.47476502349765026,0.04128257930278778,25
10,0.75,100,1000,0.0,0.5147860213978602,0.13409096002578735,23
10,0.75,250,1000,0.0,0.5434019098090191,0.1507244110107422,21
10,0.75,500,1000,0.0,0.5859476552344766,0.3425388038158417,22
10,0.75,1000,1000,0.0,0.6685518948105189,0.5915277600288391,16
10,0.75,10,2500,0.0,0.6166008399160084,0.19353178143501282,13
10,0.75,25,2500,0.0,0.5674182581741826,0.09696179628372192,11
10,0.75,50,2500,0.0,0.5906346865313469,0.24723877012729645,11
10,0.75,100,2500,0.0,0.6217128287171283,0.22149211168289185,11
10,0.75,250,2500,0.0,0.6487788721127887,0.23449397087097168,9
10,0.75,500,2500,0.0,0.6419608039196081,0.2770192623138428,11
10,0.75,1000,2500,2.935377803797215e-16,0.6925432456754325,0.6349205374717712,9
10,0.75,10,5000,0.0,0.6471915308469153,0.1948450207710266,6
10,0.75,25,5000,0.0,0.5868725627437257,0.18690593540668488,7
10,0.75,50,5000,0.0,0.5991838316168383,0.19567440450191498,7
10,0.75,100,5000,0.0,0.6658709129087091,0.327100545167923,6
10,0.75,250,5000,-2.8270570296913257e-16,0.6662271272872713,0.2060435265302658,5
10,0.75,500,5000,0.0,0.7451442355764424,0.41040581464767456,5
10,0.75,1000,5000,0.0,0.7670545445455454,0.5896970629692078,5
10,0.75,10,10000,0.0,0.5806544345565443,0.11418893188238144,2
10,0.75,25,10000,0.0,0.50002499750025,0.16809959709644318,2
10,0.75,50,10000,0.0,0.4231826817318268,0.10868816077709198,2
10,0.75,100,10000,1.0,1.0,,0
10,0.75,250,10000,1.0,1.0,,0
10,0.75,500,10000,1.0,1.0,,0
10,0.75,1000,10000,1.0,1.0,,0
10,0.75,10,15000,1.0,1.0,,0
10,0.75,25,15000,1.0,1.0,,0
10,0.75,50,15000,0.0,0.4231826817318268,0.10868814587593079,2
10,0.75,100,15000,1.0,1.0,,0
10,0.75,250,15000,1.0,1.0,,0
10,0.75,500,15000,1.0,1.0,,0
10,0.75,1000,15000,1.0,1.0,,0
10,0.75,10,20000,1.0,1.0,,0
10,0.75,25,20000,1.0,1.0,,0
10,0.75,50,20000,1.0,1.0,,0
10,0.75,100,20000,1.0,1.0,,0
10,0.75,250,20000,1.0,1.0,,0
10,0.75,500,20000,1.0,1.0,,0
10,0.75,1000,20000,1.0,1.0,,0
10,0.75,10,22000,1.0,1.0,,0
10,0.75,25,22000,1.0,1.0,,0
10,0.75,50,22000,1.0,1.0,,0
10,0.75,100,22000,1.0,1.0,,0
10,0.75,250,22000,1.0,1.0,,0
10,0.75,500,22000,1.0,1.0,,0
10,0.75,1000,22000,1.0,1.0,,0
15,0.75,10,50,0.0,0.16884561543845616,-0.38448038697242737,448
15,0.75,25,50,0.0,0.2039858514148585,-0.3381153643131256,388
15,0.75,50,50,0.0,0.24184456554344566,-0.29006558656692505,307
15,0.75,100,50,0.0,0.29543920607939206,-0.20330433547496796,160
15,0.75,250,50,4.368929798465331e-17,0.35694555544445555,-0.036182601004838943,78
15,0.75,500,50,0.0,0.4201267373262674,0.10658656060695648,54
15,0.75,1000,50,0.0,0.509961503849615,0.32292768359184265,31
15,0.75,10,100,0.0,0.17825717428257173,-0.2401077300310135,223
15,0.75,25,100,1.9920389391424336e-17,0.21187256274372562,-0.22398360073566437,208
15,0.75,50,100,0.0,0.24483176682331767,-0.18320508301258087,178
15,0.75,100,100,0.0,0.30129487051294873,-0.14037835597991943,137
15,0.75,250,100,0.0,0.3546145385461454,-0.03164602443575859,77
15,0.75,500,100,0.0,0.419539296070393,0.11428499966859818,49
15,0.75,1000,100,0.0,0.508492900709929,0.3119349181652069,28
15,0.75,10,250,0.0,0.20154859514048595,-0.09528989344835281,102
15,0.75,25,250,0.0,0.22633361663833618,-0.10252577811479568,100
15,0.75,50,250,0.0,0.265973402659734,-0.10920669883489609,91
15,0.75,100,250,0.0,0.295539196080392,-0.060088805854320526,80
15,0.75,250,250,0.0,0.353014698530147,-0.029389383271336555,71
15,0.75,500,250,0.0,0.41932681731826815,0.09137546271085739,43
15,0.75,1000,250,-1.0329678736207404e-16,0.5087678732126787,0.4613906741142273,22
15,0.75,10,500,-2.0170154266458076e-17,0.2335141485851415,-0.00911487452685833,62
15,0.75,25,500,0.0,0.2524247575242476,0.016999972984194756,62
15,0.75,50,500,0.0,0.3176244875512449,0.038859277963638306,52
15,0.75,100,500,0.0,0.3270485451454854,0.04447300359606743,49
15,0.75,250,500,0.0,0.3521772822717728,0.029071923345327377,48
15,0.75,500,500,0.0,0.4195080491950805,0.08689511567354202,41
15,0.75,1000,500,0.0,0.503505899410059,0.31521710753440857,20
15,0.75,10,1000,0.0,0.2904209579042096,0.0270394254475832,39
15,0.75,25,1000,0.0,0.3433094190580942,0.08930188417434692,31
15,0.75,50,1000,0.0,0.38124937506249373,0.2555387318134308,26
15,0.75,100,1000,4.3956117953886246e-17,0.3604639536046395,0.20056037604808807,30
15,0.75,250,1000,0.0,0.4089216078392161,0.29075586795806885,28
15,0.75,500,1000,0.0,0.4111276372362764,0.1993691474199295,23
15,0.75,1000,1000,0.0,0.4819205579442056,0.2660647928714752,18
15,0.75,10,2500,-4.4143236540131945e-17,0.3382161783821618,0.18295341730117798,14
15,0.75,25,2500,0.0,0.4390685931406859,0.31612613797187805,14
15,0.75,50,2500,0.0,0.43587516248375163,0.3670579493045807,13
15,0.75,100,2500,0.0,0.47023422657734226,0.434969961643219,13
15,0.75,250,2500,0.0,0.48979477052294773,0.40801143646240234,10
15,0.75,500,2500,9.665605217736189e-17,0.43899360063993603,0.3063432574272156,12
15,0.75,1000,2500,-9.970675600815041e-17,0.47324642535746425,0.3021353781223297,12
15,0.75,10,5000,0.0,0.3587016298370163,0.1303030252456665,9
15,0.75,25,5000,0.0,0.42205154484551544,0.17363743484020233,9
15,0.75,50,5000,0.0,0.4152959704029597,0.20812751352787018,9
15,0.75,100,5000,0.0,0.5291720827917208,0.44613829255104065,8
15,0.75,250,5000,0.0,0.5232851714828517,0.35159847140312195,7
15,0.75,500,5000,0.0,0.5457579242075793,0.30142101645469666,7
15,0.75,1000,5000,0.0,0.541020897910209,0.2832528352737427,7
15,0.75,10,10000,0.0,0.539033596640336,0.42492014169692993,5
15,0.75,25,10000,-4.361658555376203e-16,0.12019423057694231,0.0934808999300003,2
15,0.75,50,10000,0.0,0.05436956304369563,0.12555988132953644,2
15,0.75,100,10000,0.0,0.03514023597640236,0.10447372496128082,2
15,0.75,250,10000,0.0,0.1747887711228877,0.07290010154247284,2
15,0.75,500,10000,0.0,0.229002099790021,0.040414318442344666,2
15,0.75,1000,10000,0.0,0.594421807819218,0.6003298163414001,2
15,0.75,10,15000,0.0,0.3296232876712329,0.03706184774637222,2
15,0.75,25,15000,1.0,1.0,,0
15,0.75,50,15000,0.0,0.05436956304369563,0.12555991113185883,2
15,0.75,100,15000,0.0,0.03514023597640236,0.10447373986244202,2
15,0.75,250,15000,1.0,1.0,,0
15,0.75,500,15000,0.0,0.6542283271672833,0.5347738265991211,2
15,0.75,1000,15000,0.0,0.594421807819218,0.6003296971321106,2
15,0.75,10,20000,1.0,1.0,,0
15,0.75,25,20000,1.0,1.0,,0
15,0.75,50,20000,1.0,1.0,,0
15,0.75,100,20000,1.0,1.0,,0
15,0.75,250,20000,1.0,1.0,,0
15,0.75,500,20000,1.0,1.0,,0
15,0.75,1000,20000,0.0,0.594421807819218,0.6003296375274658,2
15,0.75,10,22000,1.0,1.0,,0
15,0.75,25,22000,1.0,1.0,,0
15,0.75,50,22000,1.0,1.0,,0
15,0.75,100,22000,1.0,1.0,,0
15,0.75,250,22000,1.0,1.0,,0
15,0.75,500,22000,1.0,1.0,,0
15,0.75,1000,22000,0.0,0.594421807819218,0.6003296971321106,2
30,0.75,10,50,0.0,0.18383786621337866,-0.24045124650001526,452
30,0.75,25,50,0.0,0.20933531646835316,-0.1696767508983612,398
30,0.75,50,50,2.0157912868150322e-17,0.2361013898610139,-0.10807664692401886,308
30,0.75,100,50,0.0,0.27146660333966605,0.16490355134010315,153
30,0.75,250,50,0.0,0.323461403859614,0.24121323227882385,76
30,0.75,500,50,0.0,0.3682069293070693,0.4872853457927704,54
30,0.75,1000,50,0.0,0.44025597440255976,0.6029224991798401,33
30,0.75,10,100,0.0,0.20534821517848215,0.007414321880787611,239
30,0.75,25,100,0.0,0.20738551144885511,0.024303430691361427,197
30,0.75,50,100,0.0,0.23515773422657735,0.12421572208404541,176
30,0.75,100,100,0.0,0.26977927207279273,0.16625307500362396,140
30,0.75,250,100,0.0,0.3217553244675532,0.2361263930797577,72
30,0.75,500,100,0.0,0.3688131186881312,0.5304672122001648,50
30,0.75,1000,100,0.0,0.44175582441755823,0.6197516322135925,29
30,0.75,10,250,-1.9952362781439834e-17,0.20787296270372962,0.1389615386724472,98
30,0.75,25,250,0.0,0.2343015698430157,0.2392786741256714,91
30,0.75,50,250,0.0,0.24839391060893912,0.16526074707508087,88
30,0.75,100,250,0.0,0.27686606339366066,0.2733697295188904,81
30,0.75,250,250,-4.2551906213336856e-17,0.31966178382161786,0.29461047053337097,68
30,0.75,500,250,0.0,0.36267623237676233,0.5044916868209839,46
30,0.75,1000,250,0.0,0.4443055694430557,0.6360660195350647,25
30,0.75,10,500,0.0,0.22695230476952305,0.3600204885005951,55
30,0.75,25,500,0.0,0.2444880511948805,0.30067625641822815,54
30,0.75,50,500,0.0,0.26305494450554945,0.3774029314517975,54
30,0.75,100,500,0.0,0.3048070192980702,0.46536320447921753,50
30,0.75,250,500,0.0,0.32541120887911207,0.4511028528213501,46
30,0.75,500,500,4.4163698772656626e-17,0.36481976802319765,0.4919717013835907,41
30,0.75,1000,500,0.0,0.44298070192980704,0.6160987615585327,23
30,0.75,10,1000,0.0,0.22982701729827018,0.3245869576931,34
30,0.75,25,1000,0.0,0.2848152684731527,0.4011628329753876,31
30,0.75,50,1000,4.277719045633017e-17,0.3213116188381162,0.45431947708129883,29
30,0.75,100,1000,0.0,0.34844015598440153,0.5054956078529358,30
30,0.75,250,1000,0.0,0.3436968803119688,0.45644611120224,31
30,0.75,500,1000,0.0,0.3812868713128687,0.47090834379196167,25
30,0.75,1000,1000,0.0,0.4406496850314969,0.5100082159042358,20
30,0.75,10,2500,0.0,0.27131661833816617,0.2250177562236786,17
30,0.75,25,2500,-4.279918992418814e-17,0.31115013498650135,0.32822102308273315,18
30,0.75,50,2500,0.0,0.41359614038596143,0.5223385095596313,15
30,0.75,100,2500,0.0,0.4543358164183582,0.4404778480529785,14
30,0.75,250,2500,0.0,0.4113838616138386,0.43718841671943665,17
30,0.75,500,2500,0.0,0.39856014398560147,0.5404898524284363,16
30,0.75,1000,2500,-9.941859868058837e-17,0.47393385661433857,0.6394321918487549,13
30,0.75,10,5000,0.0,0.3952729727027297,0.4166884422302246,10
30,0.75,25,5000,0.0,0.46186006399360063,0.6226029992103577,10
30,0.75,50,5000,0.0,0.5112551244875513,0.6622910499572754,9
30,0.75,100,5000,0.0,0.5527572242775722,0.48947590589523315,7
30,0.75,250,5000,0.0,0.5741925807419258,0.6519179344177246,8
30,0.75,500,5000,0.0,0.36579467053294673,0.45693567395210266,12
30,0.75,1000,5000,0.0,0.46081641835816417,0.5786669850349426,10
30,0.75,10,10000,0.0,0.428475902409759,0.1998216211795807,3
30,0.75,25,10000,0.0,0.36636336366363365,0.07936502993106842,3
30,0.75,50,10000,0.0,0.5729552044795521,0.5225525498390198,3
30,0.75,100,10000,0.0,0.5727927207279272,0.5387632846832275,3
30,0.75,250,10000,0.0,0.6085141485851415,0.6551986932754517,3
30,0.75,500,10000,0.0,0.455991900809919,-0.013961602933704853,4
30,0.75,1000,10000,0.0,0.5922657734226577,0.35894206166267395,3
30,0.75,10,15000,0.0,0.5058556644335567,0.27377399802207947,2
30,0.75,25,15000,1.0,1.0,,0
30,0.75,50,15000,-2.9259850497151935e-16,0.6506161883811619,0.6132668852806091,2
30,0.75,100,15000,0.0,0.6552907209279072,0.6285462379455566,2
30,0.75,250,15000,0.0,0.6906934306569343,0.698186457157135,2
30,0.75,500,15000,1.0,1.0,,0
30,0.75,1000,15000,1.0,1.0,,0
30,0.75,10,20000,1.0,1.0,,0
30,0.75,25,20000,1.0,1.0,,0
30,0.75,50,20000,1.0,1.0,,0
30,0.75,100,20000,1.0,1.0,,0
30,0.75,250,20000,1.0,1.0,,0
30,0.75,500,20000,1.0,1.0,,0
30,0.75,1000,20000,1.0,1.0,,0
30,0.75,10,22000,1.0,1.0,,0
30,0.75,25,22000,1.0,1.0,,0
30,0.75,50,22000,1.0,1.0,,0
30,0.75,100,22000,1.0,1.0,,0
30,0.75,250,22000,1.0,1.0,,0
30,0.75,500,22000,1.0,1.0,,0
30,0.75,1000,22000,1.0,1.0,,0
50,0.75,10,50,1.9764406833464145e-17,0.16102764723527646,-0.2990492880344391,454
50,0.75,25,50,0.0,0.13288046195380462,-0.2108503133058548,380
50,0.75,50,50,1.9737942246310174e-17,0.13364913508649134,-0.11907532066106796,322
50,0.75,100,50,0.0,0.14802269773022697,0.21890397369861603,158
50,0.75,250,50,0.0,0.19523672632736727,0.37938952445983887,80
50,0.75,500,50,0.0,0.24395685431456854,0.3688131272792816,55
50,0.75,1000,50,0.0,0.3382224277572243,0.7564314007759094,29
50,0.75,10,100,1.9753612202317674e-17,0.14953504649535046,-0.04284678399562836,228
50,0.75,25,100,0.0,0.11716953304669533,0.07302174717187881,199
50,0.75,50,100,0.0,0.11483851614838517,0.128180131316185,175
50,0.75,100,100,0.0,0.14987876212378762,0.22837744653224945,140
50,0.75,250,100,0.0,0.19266198380161983,0.37503886222839355,78
50,0.75,500,100,0.0,0.24341940805919407,0.36700722575187683,51
50,0.75,1000,100,0.0,0.3262173782621738,0.7593289017677307,27
50,0.75,10,250,0.0,0.14724152584741526,0.2605966031551361,108
50,0.75,25,250,0.0,0.09784646535346465,0.2863848805427551,97
50,0.75,50,250,0.0,0.10229602039796021,0.2618221938610077,93
50,0.75,100,250,-1.9851883837409987e-17,0.14264198580141985,0.28398463129997253,84
50,0.75,250,250,0.0,0.18663133686631336,0.3407450318336487,73
50,0.75,500,250,0.0,0.22315893410658935,0.3677454888820648,45
50,0.75,1000,250,0.0,0.32355514448555145,0.7577552795410156,24
50,0.75,10,500,0.0,0.11536971302869713,0.24513669312000275,56
50,0.75,25,500,0.0,0.09414058594140585,0.22127728164196014,57
50,0.75,50,500,0.0,0.10653309669033097,0.22516949474811554,57
50,0.75,100,500,0.0,0.15562193780621938,0.2992076277732849,56
50,0.75,250,500,0.0,0.1986926307369263,0.3549135625362396,48
50,0.75,500,500,0.0,0.21994675532446756,0.4125273525714874,44
50,0.75,1000,500,0.0,0.3252049795020498,0.7647072672843933,23
50,0.75,10,1000,0.0,0.12818718128187181,0.4615185558795929,30
50,0.75,25,1000,1.986579908006923e-17,0.10371462853714629,0.4193950891494751,28
50,0.75,50,1000,0.0,0.13336166383361664,0.485857218503952,29
50,0.75,100,1000,0.0,0.1635961403859614,0.5306978821754456,28
50,0.75,250,1000,0.0,0.1840940905909409,0.559582531452179,27
50,0.75,500,1000,0.0,0.20575442455754425,0.5490773320198059,26
50,0.75,1000,1000,-4.361192541318993e-17,0.3171057894210579,0.7354400753974915,17
50,0.75,10,2500,0.0,0.19062468753124687,0.5321945548057556,16
50,0.75,25,2500,0.0,0.15125362463753625,0.4841056168079376,16
50,0.75,50,2500,0.0,0.18431281871812819,0.5278612375259399,15
50,0.75,100,2500,0.0,0.24995625437456254,0.6085076928138733,14
50,0.75,250,2500,0.0,0.25821167883211676,0.6068095564842224,13
50,0.75,500,2500,0.0,0.3026384861513849,0.6750384569168091,12
50,0.75,1000,2500,0.0,0.3633074192580742,0.8070902228355408,11
50,0.75,10,5000,0.0,0.25606814318568144,0.6179333329200745,13
50,0.75,25,5000,0.0,0.24360688931106889,0.5533700585365295,12
50,0.75,50,5000,0.0,0.25744300569943007,0.5747143030166626,12
50,0.75,100,5000,4.4446799898061844e-17,0.32071792820717926,0.5737308859825134,9
50,0.75,250,5000,0.0,0.30331966803319665,0.6758059859275818,11
50,0.75,500,5000,0.0,0.3184056594340566,0.7049674391746521,11
50,0.75,1000,5000,0.0,0.36063268673132687,0.7921687364578247,10
50,0.75,10,10000,0.0,0.5632874212578742,0.7354993224143982,4
50,0.75,25,10000,0.0,0.5791983301669833,0.5479276180267334,4
50,0.75,50,10000,0.0,0.5318530646935307,0.4424423277378082,4
50,0.75,100,10000,0.0,0.587953704629537,0.4760039746761322,4
50,0.75,250,10000,0.0,0.6843065693430657,0.6122293472290039,3
50,0.75,500,10000,3.022059632611396e-16,0.6874687531246876,0.6203953623771667,3
50,0.75,1000,10000,0.0,0.6152509749025098,0.4253637194633484,3
50,0.75,10,15000,1.0,1.0,,0
50,0.75,25,15000,0.0,0.6006524347565243,0.5745325684547424,2
50,0.75,50,15000,0.0,0.4687968703129687,0.4147602319717407,2
50,0.75,100,15000,0.0,0.4575792420757924,0.4067412316799164,2
50,0.75,250,15000,0.0,0.3780184481551845,0.3630739748477936,2
50,0.75,500,15000,-2.7417494076445338e-16,0.613063693630637,0.5535061359405518,2
50,0.75,1000,15000,1.0,1.0,,0
50,0.75,10,20000,1.0,1.0,,0
50,0.75,25,20000,0.0,0.6006524347565243,0.5745325684547424,2
50,0.75,50,20000,0.0,0.4687968703129687,0.4147602319717407,2
50,0.75,100,20000,0.0,0.4575792420757924,0.4067411422729492,2
50,0.75,250,20000,0.0,0.3780184481551845,0.3630739450454712,2
50,0.75,500,20000,-2.7417494076445338e-16,0.613063693630637,0.5535061359405518,2
50,0.75,1000,20000,1.0,1.0,,0
50,0.75,10,22000,1.0,1.0,,0
50,0.75,25,22000,0.0,0.6006524347565243,0.5745325684547424,2
50,0.75,50,22000,0.0,0.4687968703129687,0.4147602319717407,2
50,0.75,100,22000,0.0,0.4575792420757924,0.4067411720752716,2
50,0.75,250,22000,0.0,0.3780184481551845,0.3630739450454712,2
50,0.75,500,22000,-2.7417494076445338e-16,0.613063693630637,0.553506076335907,2
50,0.75,1000,22000,1.0,1.0,,0
75,0.75,10,50,0.0,0.1769010598940106,-0.22710944712162018,476
75,0.75,25,50,0.0,0.2077104789521048,-0.2092241793870926,421
75,0.75,50,50,0.0,0.16998925107489252,,347
75,0.75,100,50,0.0,0.16736451354864512,0.20263393223285675,165
75,0.75,250,50,-2.0164231647980216e-17,0.18855614438556145,0.4034922122955322,76
75,0.75,500,50,0.0,0.24677532246775322,0.48045614361763,50
75,0.75,1000,50,0.0,0.29472052794720527,0.709290087223053,30
75,0.75,10,100,0.0,0.16412108789121088,-0.01942310482263565,237
75,0.75,25,100,0.0,0.1966053394660534,0.0037941462360322475,211
75,0.75,50,100,1.9883027684653975e-17,0.15704054594540545,-3.7592129707336426,174
75,0.75,100,100,0.0,0.1481976802319768,0.25631383061408997,137
75,0.75,250,100,-2.0164231647980216e-17,0.18855614438556145,0.40349212288856506,76
75,0.75,500,100,0.0,0.2361076392360764,0.470957487821579,47
75,0.75,1000,100,0.0,0.28830866913308667,0.7145012617111206,27
75,0.75,10,250,1.9842719140976523e-17,0.1659021597840216,0.13476334512233734,110
75,0.75,25,250,0.0,0.11985676432356765,0.2507418990135193,95
75,0.75,50,250,0.0,0.1076954804519548,0.30267322063446045,87
75,0.75,100,250,0.0,0.15497825217478253,0.32640016078948975,81
75,0.75,250,250,0.0,0.18665633436656334,0.4021138846874237,71
75,0.75,500,250,0.0,0.23393910608939106,0.47052475810050964,44
75,0.75,1000,250,4.270344524034738e-17,0.28972102789721027,0.715796172618866,26
75,0.75,10,500,0.0,0.19436181381861814,0.16562139987945557,56
75,0.75,25,500,0.0,0.10613313668633137,0.3299058675765991,50
75,0.75,50,500,0.0,0.09424057594240576,0.3155229687690735,51
75,0.75,100,500,0.0,0.12546245375462453,0.2991807460784912,46
75,0.75,250,500,0.0,0.1855064493550645,0.3534090220928192,43
75,0.75,500,500,0.0,0.22993950604939506,0.4629160165786743,43
75,0.75,1000,500,-4.257172280917807e-17,0.2834841515848415,0.6274369955062866,25
75,0.75,10,1000,0.0,0.1307994200579942,0.47973859310150146,37
75,0.75,25,1000,0.0,0.14136086391360864,0.49908140301704407,35
75,0.75,50,1000,0.0,0.13867363263673632,0.48839178681373596,36
75,0.75,100,1000,0.0,0.15097865213478653,0.5122135877609253,31
75,0.75,250,1000,0.0,0.1668770622937706,0.4858573377132416,28
75,0.75,500,1000,0.0,0.21045395460453956,0.5746485590934753,26
75,0.75,1000,1000,0.0,0.2906521847815218,0.612567663192749,21
75,0.75,10,2500,0.0,0.23648885111488852,0.6433075666427612,15
75,0.75,25,2500,0.0,0.21755949405059494,0.5764403939247131,15
75,0.75,50,2500,0.0,0.22935206479352066,0.6121480464935303,13
75,0.75,100,2500,0.0,0.21925307469253075,0.6108376979827881,14
75,0.75,250,2500,0.0,0.2161846315368463,0.5188694596290588,17
75,0.75,500,2500,0.0,0.25278722127787223,0.6140596270561218,16
75,0.75,1000,2500,0.0,0.3330104489551045,0.7518985867500305,14
75,0.75,10,5000,0.0,0.3077629737026297,0.7364495396614075,11
75,0.75,25,5000,4.311827030591044e-17,0.2885086491350865,0.6867631077766418,11
75,0.75,50,5000,0.0,0.2808406659334067,0.6623464226722717,11
75,0.75,100,5000,0.0,0.2847777722227777,0.6898725628852844,11
75,0.75,250,5000,0.0,0.2778347165283472,0.6658162474632263,12
75,0.75,500,5000,0.0,0.2928957104289571,0.7305832505226135,12
75,0.75,1000,5000,0.0,0.29113338666133387,0.6792245507240295,10
75,0.75,10,10000,0.0,0.44916133386661333,0.35952630639076233,3
75,0.75,25,10000,0.0,0.5465703429657034,0.48017242550849915,3
75,0.75,50,10000,0.0,0.5873225177482252,0.5291071534156799,5
75,0.75,100,10000,0.0,0.519441805819418,0.4015173614025116,4
75,0.75,250,10000,0.0,0.4739213578642136,0.46606990694999695,5
75,0.75,500,10000,0.0,0.35455829417058293,0.08796695619821548,3
75,0.75,1000,10000,0.0,0.5185856414358564,0.10641767829656601,4
75,0.75,10,15000,0.0,0.3606076892310769,0.3274278938770294,2
75,0.75,25,15000,1.0,1.0,,0
75,0.75,50,15000,1.0,1.0,,0
75,0.75,100,15000,0.0,0.673513898610139,0.36679431796073914,2
75,0.75,250,15000,0.0,0.5589378562143785,0.6239722371101379,3
75,0.75,500,15000,1.0,1.0,,0
75,0.75,1000,15000,1.0,1.0,,0
75,0.75,10,20000,1.0,1.0,,0
75,0.75,25,20000,1.0,1.0,,0
75,0.75,50,20000,1.0,1.0,,0
75,0.75,100,20000,0.0,0.673513898610139,0.3667943477630615,2
75,0.75,250,20000,0.0,0.6584966503349665,0.7571725249290466,2
75,0.75,500,20000,1.0,1.0,,0
75,0.75,1000,20000,1.0,1.0,,0
75,0.75,10,22000,1.0,1.0,,0
75,0.75,25,22000,1.0,1.0,,0
75,0.75,50,22000,1.0,1.0,,0
75,0.75,100,22000,0.0,0.673513898610139,0.36679431796073914,2
75,0.75,250,22000,1.0,1.0,,0
75,0.75,500,22000,1.0,1.0,,0
75,0.75,1000,22000,1.0,1.0,,0
100,0.75,10,50,0.0,0.14728527147285272,-0.2615041136741638,469
100,0.75,25,50,0.0,0.2567180781921808,-0.3435501158237457,459
100,0.75,50,50,-1.998619530974947e-17,0.180500699930007,-0.21048201620578766,358
100,0.75,100,50,0.0,0.15052869713028696,0.25851255655288696,162
100,0.75,250,50,0.0,0.17262648735126487,0.3359534740447998,80
100,0.75,500,50,0.0,0.20896035396460355,0.521483838558197,50
100,0.75,1000,50,0.0,0.25718053194680535,0.7282520532608032,29
100,0.75,10,100,0.0,0.16052769723027696,-0.08383290469646454,242
100,0.75,25,100,0.0,0.25545570442955706,-0.12951338291168213,237
100,0.75,50,100,0.0,0.134986501349865,0.08169522136449814,185
100,0.75,100,100,0.0,0.14750399960004,0.26172327995300293,146
100,0.75,250,100,0.0,0.17285146485351466,0.3464750349521637,77
100,0.75,500,100,0.0,0.20652934706529347,0.5261659622192383,48
100,0.75,1000,100,0.0,0.25718053194680535,0.728252112865448,29
100,0.75,10,250,1.9914171758754644e-17,0.17796970302969703,0.15687233209609985,109
100,0.75,25,250,0.0,0.18831241875812418,0.2418093979358673,102
100,0.75,50,250,0.0,0.1289058594140586,0.32765817642211914,88
100,0.75,100,250,0.0,0.13499900009999,0.322864830493927,82
100,0.75,250,250,2.007587058253088e-17,0.17377012298770123,0.34433913230895996,70
100,0.75,500,250,0.0,0.20996025397460255,0.53253573179245,45
100,0.75,1000,250,0.0,0.255974402559744,0.7315414547920227,27
100,0.75,10,500,0.0,0.1893060693930607,0.14817295968532562,65
100,0.75,25,500,0.0,0.10133361663833616,0.3724571466445923,56
100,0.75,50,500,0.0,0.12031296870312969,0.307666152715683,54
100,0.75,100,500,0.0,0.14203579642035796,0.26803502440452576,51
100,0.75,250,500,0.0,0.172501499850015,0.49978911876678467,47
100,0.75,500,500,0.0,0.19838016198380162,0.5264627933502197,42
100,0.75,1000,500,0.0,0.255974402559744,0.7315416932106018,27
100,0.75,10,1000,0.0,0.1359239076092391,0.48103028535842896,32
100,0.75,25,1000,0.0,0.14806019398060194,0.49297142028808594,34
100,0.75,50,1000,-2.0000687317503462e-17,0.15297220277972204,0.4516196548938751,32
100,0.75,100,1000,0.0,0.19937381261873813,0.5455712676048279,30
100,0.75,250,1000,0.0,0.1937806219378062,0.6005290746688843,28
100,0.75,500,1000,0.0,0.21279122087791222,0.6505348682403564,26
100,0.75,1000,1000,0.0,0.2403009699030097,0.7118135094642639,24
100,0.75,10,2500,4.2439264679052e-17,0.2701292370762924,0.536094069480896,17
100,0.75,25,2500,0.0,0.2999137586241376,0.6073533296585083,16
100,0.75,50,2500,0.0,0.23965728427157285,0.5398043394088745,19
100,0.75,100,2500,0.0,0.3355039496050395,0.7085415720939636,12
100,0.75,250,2500,0.0,0.3361038896110389,0.7169320583343506,13
100,0.75,500,2500,4.374402276638088e-17,0.3171932806719328,0.6705875992774963,14
100,0.75,1000,2500,0.0,0.3323355164483552,0.7622203826904297,14
100,0.75,10,5000,0.0,0.3982789221077892,0.7654706835746765,10
100,0.75,25,5000,0.0,0.394010598940106,0.7469450235366821,10
100,0.75,50,5000,0.0,0.3738001199880012,0.746470034122467,10
100,0.75,100,5000,0.0,0.4008411658834117,0.7921755313873291,9
100,0.75,250,5000,0.0,0.39062968703129686,0.7569253444671631,9
100,0.75,500,5000,0.0,0.39846640335966405,0.7696223855018616,9
100,0.75,1000,5000,0.0,0.44898635136486353,0.826930046081543,8
100,0.75,10,10000,0.0,0.4949130086991301,0.20176470279693604,3
100,0.75,25,10000,0.0,0.47814593540645933,0.14364884793758392,3
100,0.75,50,10000,0.0,0.42355139486051396,0.20659174025058746,4
100,0.75,100,10000,0.0,0.5109114088591141,0.17292986810207367,3
100,0.75,250,10000,0.0,0.5263911108889111,0.20069798827171326,3
100,0.75,500,10000,0.0,0.5387211278872113,0.21457725763320923,3
100,0.75,1000,10000,0.0,0.5818043195680432,0.39512455463409424,3
100,0.75,10,15000,0.0,0.5800857414258574,0.321169912815094,2
100,0.75,25,15000,0.0,0.5633061693830617,0.27587890625,2
100,0.75,50,15000,1.0,1.0,,0
100,0.75,100,15000,1.0,1.0,,0
100,0.75,250,15000,1.0,1.0,,0
100,0.75,500,15000,1.0,1.0,,0
100,0.75,1000,15000,1.0,1.0,,0
100,0.75,10,20000,1.0,1.0,,0
100,0.75,25,20000,1.0,1.0,,0
100,0.75,50,20000,1.0,1.0,,0
100,0.75,100,20000,1.0,1.0,,0
100,0.75,250,20000,1.0,1.0,,0
100,0.75,500,20000,1.0,1.0,,0
100,0.75,1000,20000,1.0,1.0,,0
100,0.75,10,22000,1.0,1.0,,0
100,0.75,25,22000,1.0,1.0,,0
100,0.75,50,22000,1.0,1.0,,0
100,0.75,100,22000,1.0,1.0,,0
100,0.75,250,22000,1.0,1.0,,0
100,0.75,500,22000,1.0,1.0,,0
100,0.75,1000,22000,1.0,1.0,,0
10,1.0,10,50,0.0,0.27574742525747425,-0.4891226887702942,468
10,1.0,25,50,0.0,0.33394160583941607,-0.4427799880504608,390
10,1.0,50,50,0.0,0.3714441055894411,-0.4196583032608032,320
10,1.0,100,50,0.0,0.43756874312568744,-0.32467886805534363,194
10,1.0,250,50,1.0506682158036549e-16,0.5293658134186582,-0.061034586280584335,74
10,1.0,500,50,0.0,0.5842228277172283,0.018051255494356155,50
10,1.0,1000,50,0.0,0.6606339366063394,0.1631876528263092,26
10,1.0,10,100,0.0,0.31044395560443955,-0.4115951359272003,257
10,1.0,25,100,0.0,0.3388848615138486,-0.4127577543258667,218
10,1.0,50,100,-4.370210975587214e-17,0.3695880411958804,-0.3821718692779541,192
10,1.0,100,100,0.0,0.4381999300069993,-0.31481698155403137,152
10,1.0,250,100,-1.0532040884784522e-16,0.5309719028097191,-0.024642329663038254,69
10,1.0,500,100,0.0,0.5826729827017298,0.009236486628651619,46
10,1.0,1000,100,0.0,0.6621400359964004,0.2590664327144623,23
10,1.0,10,250,0.0,0.3381786821317868,-0.3225811719894409,107
10,1.0,25,250,0.0,0.37315643435656437,-0.270541250705719,107
10,1.0,50,250,0.0,0.4194143085691431,-0.23048260807991028,93
10,1.0,100,250,0.0,0.4627662233776622,-0.18936729431152344,76
10,1.0,250,250,0.0,0.525516198380162,-0.020927557721734047,62
10,1.0,500,250,0.0,0.5787296270372962,0.05940747261047363,38
10,1.0,1000,250,0.0,0.6658771622837716,0.39421552419662476,19
10,1.0,10,500,0.0,0.37752474752524745,-0.21175578236579895,60
10,1.0,25,500,0.0,0.41917058294170584,-0.07212457060813904,53
10,1.0,50,500,0.0,0.44626162383761625,-0.10537340492010117,48
10,1.0,100,500,0.0,0.45741050894910507,-0.1152513176202774,42
10,1.0,250,500,-1.0452876423118988e-16,0.5241538346165383,-0.04319147393107414,38
10,1.0,500,500,0.0,0.5806794320567943,0.1221018061041832,34
10,1.0,1000,500,0.0,0.6697017798220178,0.4223144054412842,17
10,1.0,10,1000,0.0,0.39961628837116286,-0.000912486866582185,27
10,1.0,25,1000,0.0,0.4547607739226077,0.06901659071445465,28
10,1.0,50,1000,0.0,0.459510298970103,0.06500834226608276,25
10,1.0,100,1000,0.0,0.4673407659234077,0.17255719006061554,23
10,1.0,250,1000,1.0469044165391521e-16,0.5236976302369764,0.17907701432704926,24
10,1.0,500,1000,0.0,0.583916608339166,0.274944931268692,20
10,1.0,1000,1000,-2.779594548741362e-16,0.6732826717328267,0.3749748170375824,15
10,1.0,10,2500,0.0,0.5152359764023597,0.27837225794792175,13
10,1.0,25,2500,0.0,0.5337778722127787,0.3592437207698822,13
10,1.0,50,2500,1.077345168030876e-16,0.5345715428457154,0.23946073651313782,12
10,1.0,100,2500,0.0,0.5802357264273572,0.21222341060638428,10
10,1.0,250,2500,0.0,0.660046495350465,0.3726605772972107,10
10,1.0,500,2500,0.0,0.6450417458254175,0.579852283000946,10
10,1.0,1000,2500,0.0,0.6630149485051495,0.6432382464408875,7
10,1.0,10,5000,0.0,0.5418333166683331,0.1865418255329132,8
10,1.0,25,5000,0.0,0.571905309469053,0.26052331924438477,7
10,1.0,50,5000,0.0,0.5043183181681832,0.06933461129665375,7
10,1.0,100,5000,0.0,0.5834229077092291,0.1376909464597702,6
10,1.0,250,5000,0.0,0.7127349765023497,0.5202293992042542,6
10,1.0,500,5000,0.0,0.7097602739726028,0.4447591006755829,6
10,1.0,1000,5000,0.0,0.7067418258174183,0.751968502998352,5
10,1.0,10,10000,-2.7352886591384456e-16,0.38032446755324467,0.017035504803061485,2
10,1.0,25,10000,0.0,0.31213128687131286,0.03796636685729027,2
10,1.0,50,10000,0.0,0.46506599340065996,0.141087144613266,2
10,1.0,100,10000,0.0,0.4258136686331367,0.1526380181312561,2
10,1.0,250,10000,1.0,1.0,,0
10,1.0,500,10000,0.0,0.558969103089691,0.13906487822532654,2
10,1.0,1000,10000,0.0,0.8581704329567044,0.8338544368743896,2
10,1.0,10,15000,1.0,1.0,,0
10,1.0,25,15000,1.0,1.0,,0
10,1.0,50,15000,1.0,1.0,,0
10,1.0,100,15000,0.0,0.4258136686331367,0.1526380032300949,2
10,1.0,250,15000,1.0,1.0,,0
10,1.0,500,15000,1.0,1.0,,0
10,1.0,1000,15000,1.0,1.0,,0
10,1.0,10,20000,1.0,1.0,,0
10,1.0,25,20000,1.0,1.0,,0
10,1.0,50,20000,1.0,1.0,,0
10,1.0,100,20000,1.0,1.0,,0
10,1.0,250,20000,1.0,1.0,,0
10,1.0,500,20000,1.0,1.0,,0
10,1.0,1000,20000,1.0,1.0,,0
10,1.0,10,22000,1.0,1.0,,0
10,1.0,25,22000,1.0,1.0,,0
10,1.0,50,22000,1.0,1.0,,0
10,1.0,100,22000,1.0,1.0,,0
10,1.0,250,22000,1.0,1.0,,0
10,1.0,500,22000,1.0,1.0,,0
10,1.0,1000,22000,1.0,1.0,,0
15,1.0,10,50,0.0,0.17877587241275872,-0.4227336645126343,428
15,1.0,25,50,0.0,0.20762923707629238,-0.3842543959617615,380
15,1.0,50,50,0.0,0.24898135186481352,-0.36288008093833923,307
15,1.0,100,50,0.0,0.3006199380061994,-0.241367369890213,161
15,1.0,250,50,0.0,0.3601889811018898,0.04760883376002312,74
15,1.0,500,50,0.0,0.41445230476952305,0.2510085105895996,50
15,1.0,1000,50,1.0115639328790707e-16,0.49293820617938205,0.4072345793247223,27
15,1.0,10,100,0.0,0.1842878212178782,-0.3359529972076416,224
15,1.0,25,100,2.008494882783976e-17,0.2295957904209579,-0.30282339453697205,200
15,1.0,50,100,0.0,0.25316218378162186,-0.28036734461784363,178
15,1.0,100,100,0.0,0.3046820317968203,-0.2059013694524765,130
15,1.0,250,100,4.3813403865380985e-17,0.3597390260973903,0.04717106744647026,71
15,1.0,500,100,0.0,0.41275247475252475,0.23925067484378815,47
15,1.0,1000,100,0.0,0.49133836616338367,0.4714219570159912,23
15,1.0,10,250,0.0,0.21536596340365963,-0.1239093616604805,92
15,1.0,25,250,0.0,0.25593065693430656,-0.13866031169891357,91
15,1.0,50,250,0.0,0.27777847215278473,-0.08963898569345474,88
15,1.0,100,250,0.0,0.3143310668933107,-0.0437474250793457,78
15,1.0,250,250,0.0,0.3589828517148285,0.0846867710351944,66
15,1.0,500,250,0.0,0.4017848215178482,0.1249665692448616,42
15,1.0,1000,250,0.0,0.48836991300869914,0.40113914012908936,21
15,1.0,10,500,0.0,0.2577992200779922,0.12592385709285736,60
15,1.0,25,500,0.0,0.2872087791220878,0.0579996258020401,57
15,1.0,50,500,0.0,0.323523897610239,0.1859661340713501,50
15,1.0,100,500,0.0,0.36891935806419357,0.1780608892440796,47
15,1.0,250,500,4.449562621821337e-17,0.3755874412558744,0.16474469006061554,41
15,1.0,500,500,0.0,0.4051219878012199,0.11373493075370789,38
15,1.0,1000,500,1.0083130230846482e-16,0.48995100489951005,0.40087607502937317,20
15,1.0,10,1000,-4.375917963245072e-17,0.3553144685531447,0.3021416962146759,31
15,1.0,25,1000,0.0,0.4033096690330967,0.3618471026420593,27
15,1.0,50,1000,0.0,0.39495425457454253,0.3263288140296936,26
15,1.0,100,1000,0.0,0.36608839116088393,0.28817272186279297,28
15,1.0,250,1000,0.0,0.4031034396560344,0.23359213769435883,26
15,1.0,500,1000,0.0,0.4158334166583342,0.3356610834598541,24
15,1.0,1000,1000,0.0,0.483482901709829,0.40751776099205017,18
15,1.0,10,2500,0.0,0.4088278672132787,0.3375615179538727,16
15,1.0,25,2500,-1.0050415935527299e-16,0.48433906609339067,0.48245203495025635,13
15,1.0,50,2500,0.0,0.4830204479552045,0.4265129566192627,12
15,1.0,100,2500,0.0,0.4885011498850115,0.5239512920379639,13
15,1.0,250,2500,0.0,0.47922707729227076,0.41393059492111206,13
15,1.0,500,2500,0.0,0.45184856514348565,0.5080108046531677,14
15,1.0,1000,2500,1.0550569064911304e-16,0.5200167483251675,0.6850919723510742,11
15,1.0,10,5000,0.0,0.4719090590940906,0.30474111437797546,9
15,1.0,25,5000,0.0,0.5115113488651135,0.3802435100078583,8
15,1.0,50,5000,0.0,0.5246287871212879,0.4161583483219147,8
15,1.0,100,5000,0.0,0.5365088491150884,0.558009684085846,8
15,1.0,250,5000,9.936906588746994e-17,0.4567730726927307,0.30963364243507385,8
15,1.0,500,5000,0.0,0.5522322767723228,0.514545738697052,7
15,1.0,1000,5000,0.0,0.5172295270472953,0.5533367395401001,9
15,1.0,10,10000,0.0,0.37804344565543446,0.27178940176963806,2
15,1.0,25,10000,0.0,0.28489026097390263,0.17484275996685028,2
15,1.0,50,10000,0.0,0.36851939806019396,0.2716802954673767,2
15,1.0,100,10000,0.0,0.3366288371162884,0.12161213159561157,3
15,1.0,250,10000,0.0,0.4928694630536946,0.09655289351940155,3
15,1.0,500,10000,0.0,0.640973402659734,0.1409456580877304,3
15,1.0,1000,10000,0.0,0.6427107289271073,0.5826762914657593,3
15,1.0,10,15000,1.0,1.0,,0
15,1.0,25,15000,1.0,1.0,,0
15,1.0,50,15000,1.0,1.0,,0
15,1.0,100,15000,0.0,0.18413783621637836,0.125718355178833,2
15,1.0,250,15000,0.0,0.18718753124687532,0.11343207955360413,2
15,1.0,500,15000,1.0,1.0,,0
15,1.0,1000,15000,0.0,0.592965703429657,0.5368030667304993,2
15,1.0,10,20000,1.0,1.0,,0
15,1.0,25,20000,1.0,1.0,,0
15,1.0,50,20000,1.0,1.0,,0
15,1.0,100,20000,1.0,1.0,,0
15,1.0,250,20000,1.0,1.0,,0
15,1.0,500,20000,1.0,1.0,,0
15,1.0,1000,20000,0.0,0.592965703429657,0.5368030667304993,2
15,1.0,10,22000,1.0,1.0,,0
15,1.0,25,22000,1.0,1.0,,0
15,1.0,50,22000,1.0,1.0,,0
15,1.0,100,22000,1.0,1.0,,0
15,1.0,250,22000,1.0,1.0,,0
15,1.0,500,22000,1.0,1.0,,0
15,1.0,1000,22000,0.0,0.592965703429657,0.5368030071258545,2
30,1.0,10,50,1.990018493208528e-17,0.21256624337566243,-0.3329293429851532,448
30,1.0,25,50,0.0,0.2353139686031397,-0.18989817798137665,365
30,1.0,50,50,2.0282071990028323e-17,0.2472877712228777,-0.1364794224500656,281
30,1.0,100,50,0.0,0.2957704229577042,0.011536604724824429,155
30,1.0,250,50,4.329837766507382e-17,0.34344690530946903,0.13704876601696014,75
30,1.0,500,50,0.0,0.39404809519048095,0.48740845918655396,49
30,1.0,1000,50,0.0,0.4199642535746425,0.6585325002670288,28
30,1.0,10,100,0.0,0.22965828417158285,-0.11381948739290237,238
30,1.0,25,100,0.0,0.21362863713628638,-0.06212775409221649,194
30,1.0,50,100,0.0,0.24281946805319468,-0.013444187119603157,167
30,1.0,100,100,0.0,0.2883961603839616,-0.002598610008135438,128
30,1.0,250,100,0.0,0.34306569343065696,0.16712628304958344,70
30,1.0,500,100,0.0,0.3880986901309869,0.48236483335494995,46
30,1.0,1000,100,0.0,0.4184019098090191,0.6678422093391418,25
30,1.0,10,250,0.0,0.24233201679832017,0.05774696171283722,98
30,1.0,25,250,0.0,0.2536121387861214,0.059577133506536484,92
30,1.0,50,250,0.0,0.25823042695730425,0.00013360557204578072,81
30,1.0,100,250,-4.213325045270112e-17,0.3052194780521948,0.11393862962722778,70
30,1.0,250,250,0.0,0.33694130586941307,0.2048746943473816,64
30,1.0,500,250,0.0,0.3814181081891811,0.44499051570892334,42
30,1.0,1000,250,0.0,0.41744575542445755,0.6340221762657166,24
30,1.0,10,500,0.0,0.2833654134586541,0.3152991831302643,50
30,1.0,25,500,0.0,0.2675857414258574,0.27403709292411804,50
30,1.0,50,500,0.0,0.28975227477252274,0.35890230536460876,45
30,1.0,100,500,-4.28491984794867e-17,0.32774847515248473,0.38982701301574707,43
30,1.0,250,500,0.0,0.3439093590640936,0.5058972835540771,41
30,1.0,500,500,0.0,0.37894335566443355,0.5489861369132996,38
30,1.0,1000,500,0.0,0.4163958604139586,0.6511083841323853,22
30,1.0,10,1000,4.234891782419247e-17,0.3086316368363164,0.4578655958175659,32
30,1.0,25,1000,0.0,0.3098002699730027,0.5001100897789001,33
30,1.0,50,1000,0.0,0.3204929507049295,0.5180813074111938,31
30,1.0,100,1000,4.37425668764243e-17,0.35193355664433557,0.5795202255249023,29
30,1.0,250,1000,0.0,0.3543145685431457,0.532764732837677,29
30,1.0,500,1000,-4.46221575811932e-17,0.3733189181081892,0.5509396195411682,25
30,1.0,1000,1000,0.0,0.4073717628237176,0.5046205520629883,21
30,1.0,10,2500,0.0,0.379974502549745,0.543044924736023,17
30,1.0,25,2500,0.0,0.4139773522647735,0.6162400841712952,17
30,1.0,50,2500,0.0,0.402997200279972,0.47243794798851013,16
30,1.0,100,2500,0.0,0.44973002699730025,0.5329594016075134,14
30,1.0,250,2500,0.0,0.41832691730826915,0.5095745325088501,15
30,1.0,500,2500,0.0,0.40345340465953405,0.4634779989719391,15
30,1.0,1000,2500,0.0,0.42600739926007397,0.44400423765182495,13
30,1.0,10,5000,0.0,0.42834466553344663,0.343832403421402,8
30,1.0,25,5000,0.0,0.48193930606939306,0.4069206416606903,8
30,1.0,50,5000,0.0,0.5624187581241876,0.7399545907974243,8
30,1.0,100,5000,0.0,0.5708366663333667,0.761824905872345,8
30,1.0,250,5000,0.0,0.5460016498350165,0.6625704169273376,9
30,1.0,500,5000,0.0,0.5228602139786022,0.7267522811889648,9
30,1.0,1000,5000,0.0,0.44670532946705327,0.456148624420166,11
30,1.0,10,10000,0.0,0.45213603639636035,0.24314585328102112,4
30,1.0,25,10000,0.0,0.33215428457154283,0.0810641348361969,2
30,1.0,50,10000,0.0,0.6545782921707829,0.3992956578731537,3
30,1.0,100,10000,0.0,0.665514698530147,0.5939299464225769,3
30,1.0,250,10000,3.014381950041883e-16,0.656034396560344,0.45305073261260986,2
30,1.0,500,10000,0.0,0.6310743925607439,0.579559862613678,3
30,1.0,1000,10000,0.0,0.5500387461253875,0.19606396555900574,2
30,1.0,10,15000,1.0,1.0,,0
30,1.0,25,15000,1.0,1.0,,0
30,1.0,50,15000,1.0,1.0,,0
30,1.0,100,15000,1.0,1.0,,0
30,1.0,250,15000,1.0,1.0,,0
30,1.0,500,15000,1.0,1.0,,0
30,1.0,1000,15000,1.0,1.0,,0
30,1.0,10,20000,1.0,1.0,,0
30,1.0,25,20000,1.0,1.0,,0
30,1.0,50,20000,1.0,1.0,,0
30,1.0,100,20000,1.0,1.0,,0
30,1.0,250,20000,1.0,1.0,,0
30,1.0,500,20000,1.0,1.0,,0
30,1.0,1000,20000,1.0,1.0,,0
30,1.0,10,22000,1.0,1.0,,0
30,1.0,25,22000,1.0,1.0,,0
30,1.0,50,22000,1.0,1.0,,0
30,1.0,100,22000,1.0,1.0,,0
30,1.0,250,22000,1.0,1.0,,0
30,1.0,500,22000,1.0,1.0,,0
30,1.0,1000,22000,1.0,1.0,,0
50,1.0,10,50,1.9747691687061094e-17,0.15741550844915508,-0.23339368402957916,455
50,1.0,25,50,1.9871623965148238e-17,0.16045270472952705,-0.21468313038349152,393
50,1.0,50,50,1.9762528314624083e-17,0.1416045895410459,0.08942964673042297,285
50,1.0,100,50,0.0,0.16413983601639837,0.28821608424186707,152
50,1.0,250,50,0.0,0.20712928707129288,0.41992998123168945,82
50,1.0,500,50,0.0,0.24334441555844416,0.4715275168418884,50
50,1.0,1000,50,0.0,0.3201054894510549,0.5516941547393799,32
50,1.0,10,100,-1.9844450471368302e-17,0.169008099190081,0.08980995416641235,229
50,1.0,25,100,0.0,0.13147435256474352,0.20111869275569916,189
50,1.0,50,100,0.0,0.1113076192380762,0.29606035351753235,154
50,1.0,100,100,0.0,0.15145360463953605,0.34426349401474,130
50,1.0,250,100,-2.030625762771922e-17,0.20752924707529247,0.4200561046600342,79
50,1.0,500,100,0.0,0.2397822717728227,0.4677963852882385,48
50,1.0,1000,100,-4.3355644255900787e-17,0.31534346565343463,0.5341349244117737,31
50,1.0,10,250,0.0,0.15352214778522147,0.22922608256340027,98
50,1.0,25,250,0.0,0.11634461553844616,0.3120303452014923,89
50,1.0,50,250,0.0,0.13430531946805319,0.30226343870162964,84
50,1.0,100,250,2.001669956480457e-17,0.1696080391960804,0.3579227030277252,81
50,1.0,250,250,0.0,0.1964803519648035,0.3872745633125305,71
50,1.0,500,250,0.0,0.23132686731326868,0.4785473942756653,44
50,1.0,1000,250,0.0,0.3093815618438156,0.5523504018783569,25
50,1.0,10,500,0.0,0.15174732526747325,0.32914242148399353,62
50,1.0,25,500,-1.9857039667822725e-17,0.14265448455154484,0.379213809967041,56
50,1.0,50,500,1.994358600456888e-17,0.15416583341665832,0.380241334438324,55
50,1.0,100,500,0.0,0.17375137486251374,0.413246750831604,52
50,1.0,250,500,0.0,0.19211203879612038,0.39900848269462585,49
50,1.0,500,500,0.0,0.22776472352764723,0.5462113618850708,41
50,1.0,1000,500,0.0,0.3037821217878212,0.5488972663879395,24
50,1.0,10,1000,1.9995909581894332e-17,0.14936631336866313,0.3270682096481323,32
50,1.0,25,1000,-2.0132637953342877e-17,0.1711016398360164,0.3472156524658203,32
50,1.0,50,1000,0.0,0.1628212178782122,0.3657498061656952,30
50,1.0,100,1000,0.0,0.18006949305069492,0.4253174066543579,31
50,1.0,250,1000,0.0,0.22503374662533746,0.4901791512966156,30
50,1.0,500,1000,0.0,0.23856989301069892,0.5071592926979065,26
50,1.0,1000,1000,0.0,0.31183131686831317,0.5638090372085571,22
50,1.0,10,2500,0.0,0.30433831616838314,0.6712212562561035,16
50,1.0,25,2500,0.0,0.3135061493850615,0.7000526189804077,14
50,1.0,50,2500,0.0,0.26391110888911107,0.5824560523033142,14
50,1.0,100,2500,0.0,0.3397285271472853,0.6931955814361572,13
50,1.0,250,2500,0.0,0.35236476352364765,0.7772786021232605,12
50,1.0,500,2500,0.0,0.37951204879512046,0.8536205887794495,11
50,1.0,1000,2500,0.0,0.3906734326567343,0.8768838047981262,12
50,1.0,10,5000,0.0,0.42033296670332965,0.8296645879745483,9
50,1.0,25,5000,0.0,0.3091190880911909,0.3358974754810333,9
50,1.0,50,5000,0.0,0.33472902709729024,0.6865965723991394,11
50,1.0,100,5000,0.0,0.39647910208979104,0.7989352941513062,10
50,1.0,250,5000,0.0,0.3932106789321068,0.8023170828819275,10
50,1.0,500,5000,0.0,0.4018035696430357,0.7767624855041504,9
50,1.0,1000,5000,0.0,0.3981164383561644,0.7515509128570557,9
50,1.0,10,10000,0.0,0.5822042795720428,0.356976181268692,3
50,1.0,25,10000,0.0,0.5826729827017298,0.394460529088974,3
50,1.0,50,10000,0.0,0.6514098590140985,0.7676644921302795,3
50,1.0,100,10000,0.0,0.67003299670033,0.811688244342804,3
50,1.0,250,10000,0.0,0.6683519148085192,0.7598332166671753,3
50,1.0,500,10000,0.0,0.7388073692630737,0.7833043932914734,2
50,1.0,1000,10000,0.0,0.5729989501049895,0.7389417886734009,4
50,1.0,10,15000,1.0,1.0,,0
50,1.0,25,15000,1.0,1.0,,0
50,1.0,50,15000,1.0,1.0,,0
50,1.0,100,15000,1.0,1.0,,0
50,1.0,250,15000,0.0,0.7345515448455154,0.7253535985946655,2
50,1.0,500,15000,1.0,1.0,,0
50,1.0,1000,15000,1.0,1.0,,0
50,1.0,10,20000,1.0,1.0,,0
50,1.0,25,20000,1.0,1.0,,0
50,1.0,50,20000,1.0,1.0,,0
50,1.0,100,20000,1.0,1.0,,0
50,1.0,250,20000,0.0,0.7345515448455154,0.7253535985946655,2
50,1.0,500,20000,1.0,1.0,,0
50,1.0,1000,20000,1.0,1.0,,0
50,1.0,10,22000,1.0,1.0,,0
50,1.0,25,22000,1.0,1.0,,0
50,1.0,50,22000,1.0,1.0,,0
50,1.0,100,22000,1.0,1.0,,0
50,1.0,250,22000,1.0,1.0,,0
50,1.0,500,22000,1.0,1.0,,0
50,1.0,1000,22000,1.0,1.0,,0
75,1.0,10,50,0.0,0.1476977302269773,-0.013693704269826412,404
75,1.0,25,50,0.0,0.21093515648435157,-0.19571846723556519,393
75,1.0,50,50,2.0003673440501128e-17,0.18005074492550746,0.03248441219329834,318
75,1.0,100,50,0.0,0.19817393260673932,0.3394624888896942,163
75,1.0,250,50,0.0,0.2021172882711729,0.5677163600921631,80
75,1.0,500,50,0.0,0.23766998300169984,0.6384764909744263,49
75,1.0,1000,50,-4.2616501471087295e-17,0.29025222477752227,0.7051042318344116,32
75,1.0,10,100,0.0,0.1635086491350865,0.07339364290237427,232
75,1.0,25,100,0.0,0.20965403459654033,0.1312583088874817,221
75,1.0,50,100,-1.9891296641541153e-17,0.1582966703329667,0.2866850197315216,167
75,1.0,100,100,0.0,0.186487601239876,0.43551790714263916,141
75,1.0,250,100,2.0276065829897588e-17,0.20202979702029797,0.5816349983215332,74
75,1.0,500,100,0.0,0.23815743425657435,0.6387843489646912,48
75,1.0,1000,100,0.0,0.2907146785321468,0.7211472988128662,31
75,1.0,10,250,0.0,0.1408984101589841,0.27480587363243103,102
75,1.0,25,250,0.0,0.13226802319768025,0.38289862871170044,95
75,1.0,50,250,0.0,0.1285121487851215,0.4571819305419922,85
75,1.0,100,250,2.0195330410123447e-17,0.194499300069993,0.5122684836387634,80
75,1.0,250,250,2.0266918565986285e-17,0.20066118388161183,0.5857312083244324,67
75,1.0,500,250,0.0,0.23271422857714227,0.6471304893493652,45
75,1.0,1000,250,0.0,0.29173332666733326,0.7242144346237183,28
75,1.0,10,500,0.0,0.17243900609939006,0.34821927547454834,70
75,1.0,25,500,0.0,0.11095765423457654,0.4378182590007782,56
75,1.0,50,500,-1.974880844520826e-17,0.08917233276672333,0.3888906240463257,50
75,1.0,100,500,0.0,0.15227227277272273,0.5043578147888184,52
75,1.0,250,500,-2.0240332385221924e-17,0.19254949505049496,0.5543032884597778,45
75,1.0,500,500,0.0,0.2287958704129587,0.6473444104194641,44
75,1.0,1000,500,0.0,0.288527397260274,0.7174878120422363,25
75,1.0,10,1000,0.0,0.1225002499750025,0.5013898611068726,35
75,1.0,25,1000,0.0,0.1346865313468653,0.5269133448600769,33
75,1.0,50,1000,0.0,0.11624462553744626,0.47061628103256226,31
75,1.0,100,1000,0.0,0.14601039896010398,0.5112398862838745,31
75,1.0,250,1000,2.0308700191928854e-17,0.1882061793820618,0.5669631361961365,27
75,1.0,500,1000,0.0,0.2143848115188481,0.6141210198402405,27
75,1.0,1000,1000,0.0,0.293970602939706,0.7675629258155823,22
75,1.0,10,2500,0.0,0.2494875512448755,0.6127033829689026,16
75,1.0,25,2500,0.0,0.2640985901409859,0.6074933409690857,16
75,1.0,50,2500,0.0,0.22844590540945905,0.5826970934867859,14
75,1.0,100,2500,0.0,0.24196955304469553,0.575927734375,14
75,1.0,250,2500,-4.2862124212578564e-17,0.2825217478252175,0.58806312084198,13
75,1.0,500,2500,0.0,0.3015323467653235,0.6227861642837524,13
75,1.0,1000,2500,-4.4567598250225534e-17,0.3320542945705429,0.792018711566925,11
75,1.0,10,5000,0.0,0.26366113388661133,0.5070526003837585,11
75,1.0,25,5000,0.0,0.2740038496150385,0.641430139541626,11
75,1.0,50,5000,0.0,0.2670045495450455,0.6157079935073853,11
75,1.0,100,5000,0.0,0.2743725627437256,0.6318253874778748,11
75,1.0,250,5000,4.343613917206639e-17,0.30056369363063695,0.6381182670593262,11
75,1.0,500,5000,0.0,0.32214903509649034,0.6916956901550293,11
75,1.0,1000,5000,0.0,0.30216353364663534,0.6979429125785828,10
75,1.0,10,10000,-1.0647928059845275e-16,0.4681719328067193,0.5575355887413025,5
75,1.0,25,10000,0.0,0.547020297970203,0.5760746598243713,4
75,1.0,50,10000,0.0,0.45983526647335266,0.43699079751968384,5
75,1.0,100,10000,0.0,0.580510698930107,0.5670183300971985,4
75,1.0,250,10000,0.0,0.5689243575642435,0.5819309949874878,4
75,1.0,500,10000,0.0,0.5967153284671532,0.7634667754173279,3
75,1.0,1000,10000,0.0,0.5401272372762723,0.6937944293022156,4
75,1.0,10,15000,1.0,1.0,,0
75,1.0,25,15000,0.0,0.6133386661333866,0.7036561965942383,2
75,1.0,50,15000,0.0,0.5309219078092191,0.586956262588501,3
75,1.0,100,15000,0.0,0.645529197080292,0.742506206035614,2
75,1.0,250,15000,0.0,0.6518285671432856,0.7717618346214294,2
75,1.0,500,15000,0.0,0.6804632036796321,0.8074802160263062,2
75,1.0,1000,15000,0.0,0.6899747525247475,0.8235803246498108,2
75,1.0,10,20000,1.0,1.0,,0
75,1.0,25,20000,0.0,0.6133386661333866,0.703656017780304,2
75,1.0,50,20000,0.0,0.6497350264973503,0.7625536918640137,2
75,1.0,100,20000,1.0,1.0,,0
75,1.0,250,20000,0.0,0.6518285671432856,0.7717617750167847,2
75,1.0,500,20000,1.0,1.0,,0
75,1.0,1000,20000,1.0,1.0,,0
75,1.0,10,22000,1.0,1.0,,0
75,1.0,25,22000,0.0,0.6133386661333866,0.7036561965942383,2
75,1.0,50,22000,1.0,1.0,,0
75,1.0,100,22000,1.0,1.0,,0
75,1.0,250,22000,0.0,0.6518285671432856,0.7717617750167847,2
75,1.0,500,22000,1.0,1.0,,0
75,1.0,1000,22000,1.0,1.0,,0
100,1.0,10,50,1.98132259401347e-17,0.19137461253874613,-0.14499852061271667,463
100,1.0,25,50,0.0,0.21513473652634738,-0.26260673999786377,444
100,1.0,50,50,0.0,0.21873437656234376,-186.995361328125,367
100,1.0,100,50,0.0,0.15604689531046895,0.26294177770614624,162
100,1.0,250,50,0.0,0.18767498250174983,0.4356699287891388,80
100,1.0,500,50,0.0,0.228508399160084,0.527004599571228,48
100,1.0,1000,50,0.0,0.31333741625837414,0.5964227318763733,33
100,1.0,10,100,0.0,0.1593090690930907,-0.07670493423938751,234
100,1.0,25,100,0.0,0.21821567843215678,-0.05185125023126602,224
100,1.0,50,100,0.0,0.18439406059394062,3.5842297077178955,194
100,1.0,100,100,0.0,0.14772897710228977,0.2822069227695465,139
100,1.0,250,100,0.0,0.18767498250174983,0.4356699287891388,80
100,1.0,500,100,0.0,0.228508399160084,0.5270046591758728,48
100,1.0,1000,100,0.0,0.3047820217978202,0.6093329191207886,30
100,1.0,10,250,0.0,0.140998400159984,0.2399747371673584,110
100,1.0,25,250,0.0,0.19256199380061995,0.22967615723609924,106
100,1.0,50,250,-2.005567570870865e-17,0.1898997600239976,0.2919888198375702,94
100,1.0,100,250,0.0,0.15151609839016097,0.3767298460006714,81
100,1.0,250,250,0.0,0.17553869613038697,0.46569323539733887,72
100,1.0,500,250,0.0,0.22934581541845817,0.5283774733543396,47
100,1.0,1000,250,-4.300983357561993e-17,0.30371337866213377,0.6056618690490723,29
100,1.0,10,500,-1.983937301172118e-17,0.15403459654034596,0.3330362141132355,67
100,1.0,25,500,0.0,0.1383986601339866,0.3389681279659271,65
100,1.0,50,500,0.0,0.1391048395160484,0.4066500663757324,57
100,1.0,100,500,-1.9954426339644487e-17,0.15774672532746725,0.4126512408256531,56
100,1.0,250,500,2.018840828920636e-17,0.18997475252474752,0.4714730679988861,49
100,1.0,500,500,0.0,0.22142160783921608,0.504503607749939,43
100,1.0,1000,500,0.0,0.289489801019898,0.5942296981811523,25
100,1.0,10,1000,0.0,0.13088691130886912,0.3741471469402313,32
100,1.0,25,1000,0.0,0.15062868713128688,0.41383910179138184,31
100,1.0,50,1000,2.0094401185498665e-17,0.1488913608639136,0.40660879015922546,30
100,1.0,100,1000,0.0,0.2118100689931007,0.4826660454273224,32
100,1.0,250,1000,0.0,0.22399010098990102,0.6106111407279968,30
100,1.0,500,1000,0.0,0.2566743325667433,0.5571849942207336,25
100,1.0,1000,1000,-4.27839652059891e-17,0.2915083491650835,0.5858492255210876,21
100,1.0,10,2500,0.0,0.1922932706729327,0.4898129105567932,16
100,1.0,25,2500,0.0,0.16122137786221377,0.4630410671234131,16
100,1.0,50,2500,0.0,0.21333491650834915,0.5489771366119385,16
100,1.0,100,2500,0.0,0.2178032196780322,0.5641452074050903,16
100,1.0,250,2500,4.2770453345697096e-17,0.2856901809819018,0.5958099365234375,15
100,1.0,500,2500,0.0,0.2929082091790821,0.49337297677993774,14
100,1.0,1000,2500,4.389016108660595e-17,0.31394985501449857,0.5409830212593079,12
100,1.0,10,5000,4.428822607276407e-17,0.29763898610138984,0.46726951003074646,9
100,1.0,25,5000,0.0,0.30614438556144385,0.4233807325363159,8
100,1.0,50,5000,0.0,0.34724027597240276,0.5932644605636597,9
100,1.0,100,5000,0.0,0.30895660433956607,0.5559456944465637,10
100,1.0,250,5000,0.0,0.39107339266073393,0.6883600950241089,9
100,1.0,500,5000,0.0,0.4063031196880312,0.7031083703041077,9
100,1.0,1000,5000,0.0,0.376024897510249,0.5643710494041443,8
100,1.0,10,10000,0.0,0.5380399460053995,0.40301939845085144,4
100,1.0,25,10000,0.0,0.5224477552244775,0.3160834014415741,4
100,1.0,50,10000,0.0,0.621062893710629,0.5480753779411316,4
100,1.0,100,10000,0.0,0.4141960803919608,0.37175866961479187,6
100,1.0,250,10000,0.0,0.4944005599440056,0.4523412883281708,4
100,1.0,500,10000,9.798491398475429e-17,0.40077867213278673,0.49363386631011963,5
100,1.0,1000,10000,0.0,0.4788896110388961,0.5037466287612915,6
100,1.0,10,15000,0.0,0.6997237776222378,0.37196236848831177,2
100,1.0,25,15000,0.0,0.5968403159684031,0.28411993384361267,2
100,1.0,50,15000,1.0,1.0,,0
100,1.0,100,15000,3.1254162069776566e-16,0.21157259274072593,0.0004965701955370605,2
100,1.0,250,15000,0.0,0.5721677832216778,0.4672027826309204,3
100,1.0,500,15000,0.0,0.5700742425757425,0.47130876779556274,3
100,1.0,1000,15000,3.2641738109606865e-16,0.7076479852014799,0.4875439703464508,2
100,1.0,10,20000,0.0,0.6997237776222378,0.37196239829063416,2
100,1.0,25,20000,0.0,0.5968403159684031,0.28411999344825745,2
100,1.0,50,20000,1.0,1.0,,0
100,1.0,100,20000,1.0,1.0,,0
100,1.0,250,20000,0.0,0.6757199280071993,0.43854209780693054,2
100,1.0,500,20000,-3.040789723376417e-16,0.675563693630637,0.4411919116973877,2
100,1.0,1000,20000,3.2641738109606865e-16,0.7076479852014799,0.48754391074180603,2
100,1.0,10,22000,0.0,0.6997237776222378,0.3719625473022461,2
100,1.0,25,22000,0.0,0.5968403159684031,0.28412002325057983,2
100,1.0,50,22000,1.0,1.0,,0
100,1.0,100,22000,1.0,1.0,,0
100,1.0,250,22000,0.0,0.6757199280071993,0.43854212760925293,2
100,1.0,500,22000,-3.040789723376417e-16,0.675563693630637,0.4411919116973877,2
100,1.0,1000,22000,3.2641738109606865e-16,0.7076479852014799,0.48754391074180603,2
