perplexity,min_samples,min_cluster_size,ari,noise_fraction,silhouette,n_clusters
2,1,2,0.0010323894344218573,0.16,-0.12550871074199677,19
2,2,2,-0.011500180118896726,0.16,-0.242472842335701,6
2,3,2,0.0037223306256295046,0.3333333333333333,-0.39156749844551086,3
2,4,2,0.016923230055108596,0.37333333333333335,-0.1245601698756218,3
2,5,2,0.007321759299326647,0.38666666666666666,-0.11131318658590317,2
2,6,2,-0.04627312669766947,0.21333333333333335,-0.04369807243347168,2
2,7,2,-0.0015349642526861862,0.8666666666666667,0.7768007516860962,2
2,8,2,0.021807827693859364,0.9066666666666666,0.8841914534568787,2
2,9,2,0.035387939333349994,0.9333333333333333,-0.26146847009658813,2
2,10,2,0.0,1.0,,0
2,11,2,0.0,1.0,,0
2,12,2,0.0,1.0,,0
2,13,2,0.03604973766973125,0.9066666666666666,-0.07645558565855026,2
2,14,2,-0.01581404196997447,0.7466666666666667,0.1629190444946289,2
2,15,2,0.0,1.0,,0
2,16,2,0.0,1.0,,0
2,17,2,0.0,1.0,,0
2,18,2,0.0,1.0,,0
2,19,2,0.0,1.0,,0
2,20,2,0.0,1.0,,0
2,21,2,0.0,1.0,,0
2,22,2,0.0,1.0,,0
2,23,2,0.0,1.0,,0
2,24,2,0.0,1.0,,0
2,25,2,0.0,1.0,,0
2,1,3,0.01575009804443531,0.26666666666666666,-0.11070705950260162,13
2,2,3,-0.011500180118896726,0.16,-0.242472842335701,6
2,3,3,0.019703460683613297,0.36,-0.022480877116322517,2
2,4,3,0.002499550675473312,0.8266666666666667,0.7818958759307861,2
2,5,3,0.03216954586493079,0.8533333333333334,0.7067766785621643,2
2,6,3,0.0,1.0,,0
2,7,3,-0.0015349642526861862,0.8666666666666667,0.7768007516860962,2
2,8,3,0.021807827693859364,0.9066666666666666,0.8841914534568787,2
2,9,3,0.0,1.0,,0
2,10,3,0.0,1.0,,0
2,11,3,0.0,1.0,,0
2,12,3,0.0,1.0,,0
2,13,3,0.0,1.0,,0
2,14,3,0.0,1.0,,0
2,15,3,0.0,1.0,,0
2,16,3,0.0,1.0,,0
2,17,3,0.0,1.0,,0
2,18,3,0.0,1.0,,0
2,19,3,0.0,1.0,,0
2,20,3,0.0,1.0,,0
2,21,3,0.0,1.0,,0
2,22,3,0.0,1.0,,0
2,23,3,0.0,1.0,,0
2,24,3,0.0,1.0,,0
2,25,3,0.0,1.0,,0
2,1,4,-0.017236442106213803,0.22666666666666666,-0.23331011831760406,3
2,2,4,-0.01906539768032558,0.2,-0.16115091741085052,4
2,3,4,0.019703460683613297,0.36,-0.022480884566903114,2
2,4,4,0.002499550675473312,0.8266666666666667,0.7818958759307861,2
2,5,4,0.03216954586493079,0.8533333333333334,0.7067766785621643,2
2,6,4,0.0,1.0,,0
2,7,4,-0.0015349642526861862,0.8666666666666667,0.7768007516860962,2
2,8,4,0.0,1.0,,0
2,9,4,0.0,1.0,,0
2,10,4,0.0,1.0,,0
2,11,4,0.0,1.0,,0
2,12,4,0.0,1.0,,0
2,13,4,0.0,1.0,,0
2,14,4,0.0,1.0,,0
2,15,4,0.0,1.0,,0
2,16,4,0.0,1.0,,0
2,17,4,0.0,1.0,,0
2,18,4,0.0,1.0,,0
2,19,4,0.0,1.0,,0
2,20,4,0.0,1.0,,0
2,21,4,0.0,1.0,,0
2,22,4,0.0,1.0,,0
2,23,4,0.0,1.0,,0
2,24,4,0.0,1.0,,0
2,25,4,0.0,1.0,,0
2,1,5,-0.017236442106213803,0.22666666666666666,-0.23331013321876526,3
2,2,5,-0.01906539768032558,0.2,-0.16115093231201172,4
2,3,5,0.019703460683613297,0.36,-0.022480877116322517,2
2,4,5,0.0,1.0,,0
2,5,5,0.0,1.0,,0
2,6,5,0.0,1.0,,0
2,7,5,0.0,1.0,,0
2,8,5,0.0,1.0,,0
2,9,5,0.0,1.0,,0
2,10,5,0.0,1.0,,0
2,11,5,0.0,1.0,,0
2,12,5,0.0,1.0,,0
2,13,5,0.0,1.0,,0
2,14,5,0.0,1.0,,0
2,15,5,0.0,1.0,,0
2,16,5,0.0,1.0,,0
2,17,5,0.0,1.0,,0
2,18,5,0.0,1.0,,0
2,19,5,0.0,1.0,,0
2,20,5,0.0,1.0,,0
2,21,5,0.0,1.0,,0
2,22,5,0.0,1.0,,0
2,23,5,0.0,1.0,,0
2,24,5,0.0,1.0,,0
2,25,5,0.0,1.0,,0
2,1,6,-0.017236442106213803,0.22666666666666666,-0.23331013321876526,3
2,2,6,-0.01906539768032558,0.2,-0.16115093231201172,4
2,3,6,0.0,1.0,,0
2,4,6,0.0,1.0,,0
2,5,6,0.0,1.0,,0
2,6,6,0.0,1.0,,0
2,7,6,0.0,1.0,,0
2,8,6,0.0,1.0,,0
2,9,6,0.0,1.0,,0
2,10,6,0.0,1.0,,0
2,11,6,0.0,1.0,,0
2,12,6,0.0,1.0,,0
2,13,6,0.0,1.0,,0
2,14,6,0.0,1.0,,0
2,15,6,0.0,1.0,,0
2,16,6,0.0,1.0,,0
2,17,6,0.0,1.0,,0
2,18,6,0.0,1.0,,0
2,19,6,0.0,1.0,,0
2,20,6,0.0,1.0,,0
2,21,6,0.0,1.0,,0
2,22,6,0.0,1.0,,0
2,23,6,0.0,1.0,,0
2,24,6,0.0,1.0,,0
2,25,6,0.0,1.0,,0
2,1,7,-0.017236442106213803,0.22666666666666666,-0.23331013321876526,3
2,2,7,-0.00038791348821772643,0.16,-0.008971992880105972,3
2,3,7,0.0,1.0,,0
2,4,7,0.0,1.0,,0
2,5,7,0.0,1.0,,0
2,6,7,0.0,1.0,,0
2,7,7,0.0,1.0,,0
2,8,7,0.0,1.0,,0
2,9,7,0.0,1.0,,0
2,10,7,0.0,1.0,,0
2,11,7,0.0,1.0,,0
2,12,7,0.0,1.0,,0
2,13,7,0.0,1.0,,0
2,14,7,0.0,1.0,,0
2,15,7,0.0,1.0,,0
2,16,7,0.0,1.0,,0
2,17,7,0.0,1.0,,0
2,18,7,0.0,1.0,,0
2,19,7,0.0,1.0,,0
2,20,7,0.0,1.0,,0
2,21,7,0.0,1.0,,0
2,22,7,0.0,1.0,,0
2,23,7,0.0,1.0,,0
2,24,7,0.0,1.0,,0
2,25,7,0.0,1.0,,0
2,1,8,0.0,1.0,,0
2,2,8,-0.04540168903731599,0.0,0.2893499433994293,2
2,3,8,0.0,1.0,,0
2,4,8,0.0,1.0,,0
2,5,8,0.0,1.0,,0
2,6,8,0.0,1.0,,0
2,7,8,0.0,1.0,,0
2,8,8,0.0,1.0,,0
2,9,8,0.0,1.0,,0
2,10,8,0.0,1.0,,0
2,11,8,0.0,1.0,,0
2,12,8,0.0,1.0,,0
2,13,8,0.0,1.0,,0
2,14,8,0.0,1.0,,0
2,15,8,0.0,1.0,,0
2,16,8,0.0,1.0,,0
2,17,8,0.0,1.0,,0
2,18,8,0.0,1.0,,0
2,19,8,0.0,1.0,,0
2,20,8,0.0,1.0,,0
2,21,8,0.0,1.0,,0
2,22,8,0.0,1.0,,0
2,23,8,0.0,1.0,,0
2,24,8,0.0,1.0,,0
2,25,8,0.0,1.0,,0
2,1,9,0.0,1.0,,0
2,2,9,-0.04540168903731599,0.0,0.2893499732017517,2
2,3,9,0.0,1.0,,0
2,4,9,0.0,1.0,,0
2,5,9,0.0,1.0,,0
2,6,9,0.0,1.0,,0
2,7,9,0.0,1.0,,0
2,8,9,0.0,1.0,,0
2,9,9,0.0,1.0,,0
2,10,9,0.0,1.0,,0
2,11,9,0.0,1.0,,0
2,12,9,0.0,1.0,,0
2,13,9,0.0,1.0,,0
2,14,9,0.0,1.0,,0
2,15,9,0.0,1.0,,0
2,16,9,0.0,1.0,,0
2,17,9,0.0,1.0,,0
2,18,9,0.0,1.0,,0
2,19,9,0.0,1.0,,0
2,20,9,0.0,1.0,,0
2,21,9,0.0,1.0,,0
2,22,9,0.0,1.0,,0
2,23,9,0.0,1.0,,0
2,24,9,0.0,1.0,,0
2,25,9,0.0,1.0,,0
2,1,10,0.0,1.0,,0
2,2,10,-0.04540168903731599,0.0,0.2893499433994293,2
2,3,10,0.0,1.0,,0
2,4,10,0.0,1.0,,0
2,5,10,0.0,1.0,,0
2,6,10,0.0,1.0,,0
2,7,10,0.0,1.0,,0
2,8,10,0.0,1.0,,0
2,9,10,0.0,1.0,,0
2,10,10,0.0,1.0,,0
2,11,10,0.0,1.0,,0
2,12,10,0.0,1.0,,0
2,13,10,0.0,1.0,,0
2,14,10,0.0,1.0,,0
2,15,10,0.0,1.0,,0
2,16,10,0.0,1.0,,0
2,17,10,0.0,1.0,,0
2,18,10,0.0,1.0,,0
2,19,10,0.0,1.0,,0
2,20,10,0.0,1.0,,0
2,21,10,0.0,1.0,,0
2,22,10,0.0,1.0,,0
2,23,10,0.0,1.0,,0
2,24,10,0.0,1.0,,0
2,25,10,0.0,1.0,,0
2,1,11,0.0,1.0,,0
2,2,11,-0.04540168903731599,0.0,0.2893499732017517,2
2,3,11,0.0,1.0,,0
2,4,11,0.0,1.0,,0
2,5,11,0.0,1.0,,0
2,6,11,0.0,1.0,,0
2,7,11,0.0,1.0,,0
2,8,11,0.0,1.0,,0
2,9,11,0.0,1.0,,0
2,10,11,0.0,1.0,,0
2,11,11,0.0,1.0,,0
2,12,11,0.0,1.0,,0
2,13,11,0.0,1.0,,0
2,14,11,0.0,1.0,,0
2,15,11,0.0,1.0,,0
2,16,11,0.0,1.0,,0
2,17,11,0.0,1.0,,0
2,18,11,0.0,1.0,,0
2,19,11,0.0,1.0,,0
2,20,11,0.0,1.0,,0
2,21,11,0.0,1.0,,0
2,22,11,0.0,1.0,,0
2,23,11,0.0,1.0,,0
2,24,11,0.0,1.0,,0
2,25,11,0.0,1.0,,0
2,1,12,0.0,1.0,,0
2,2,12,-0.04540168903731599,0.0,0.2893499732017517,2
2,3,12,0.0,1.0,,0
2,4,12,0.0,1.0,,0
2,5,12,0.0,1.0,,0
2,6,12,0.0,1.0,,0
2,7,12,0.0,1.0,,0
2,8,12,0.0,1.0,,0
2,9,12,0.0,1.0,,0
2,10,12,0.0,1.0,,0
2,11,12,0.0,1.0,,0
2,12,12,0.0,1.0,,0
2,13,12,0.0,1.0,,0
2,14,12,0.0,1.0,,0
2,15,12,0.0,1.0,,0
2,16,12,0.0,1.0,,0
2,17,12,0.0,1.0,,0
2,18,12,0.0,1.0,,0
2,19,12,0.0,1.0,,0
2,20,12,0.0,1.0,,0
2,21,12,0.0,1.0,,0
2,22,12,0.0,1.0,,0
2,23,12,0.0,1.0,,0
2,24,12,0.0,1.0,,0
2,25,12,0.0,1.0,,0
2,1,13,0.0,1.0,,0
2,2,13,-0.04540168903731599,0.0,0.2893499732017517,2
2,3,13,0.0,1.0,,0
2,4,13,0.0,1.0,,0
2,5,13,0.0,1.0,,0
2,6,13,0.0,1.0,,0
2,7,13,0.0,1.0,,0
2,8,13,0.0,1.0,,0
2,9,13,0.0,1.0,,0
2,10,13,0.0,1.0,,0
2,11,13,0.0,1.0,,0
2,12,13,0.0,1.0,,0
2,13,13,0.0,1.0,,0
2,14,13,0.0,1.0,,0
2,15,13,0.0,1.0,,0
2,16,13,0.0,1.0,,0
2,17,13,0.0,1.0,,0
2,18,13,0.0,1.0,,0
2,19,13,0.0,1.0,,0
2,20,13,0.0,1.0,,0
2,21,13,0.0,1.0,,0
2,22,13,0.0,1.0,,0
2,23,13,0.0,1.0,,0
2,24,13,0.0,1.0,,0
2,25,13,0.0,1.0,,0
2,1,14,0.0,1.0,,0
2,2,14,-0.04540168903731599,0.0,0.2893499433994293,2
2,3,14,0.0,1.0,,0
2,4,14,0.0,1.0,,0
2,5,14,0.0,1.0,,0
2,6,14,0.0,1.0,,0
2,7,14,0.0,1.0,,0
2,8,14,0.0,1.0,,0
2,9,14,0.0,1.0,,0
2,10,14,0.0,1.0,,0
2,11,14,0.0,1.0,,0
2,12,14,0.0,1.0,,0
2,13,14,0.0,1.0,,0
2,14,14,0.0,1.0,,0
2,15,14,0.0,1.0,,0
2,16,14,0.0,1.0,,0
2,17,14,0.0,1.0,,0
2,18,14,0.0,1.0,,0
2,19,14,0.0,1.0,,0
2,20,14,0.0,1.0,,0
2,21,14,0.0,1.0,,0
2,22,14,0.0,1.0,,0
2,23,14,0.0,1.0,,0
2,24,14,0.0,1.0,,0
2,25,14,0.0,1.0,,0
2,1,15,0.0,1.0,,0
2,2,15,-0.04540168903731599,0.0,0.2893499433994293,2
2,3,15,0.0,1.0,,0
2,4,15,0.0,1.0,,0
2,5,15,0.0,1.0,,0
2,6,15,0.0,1.0,,0
2,7,15,0.0,1.0,,0
2,8,15,0.0,1.0,,0
2,9,15,0.0,1.0,,0
2,10,15,0.0,1.0,,0
2,11,15,0.0,1.0,,0
2,12,15,0.0,1.0,,0
2,13,15,0.0,1.0,,0
2,14,15,0.0,1.0,,0
2,15,15,0.0,1.0,,0
2,16,15,0.0,1.0,,0
2,17,15,0.0,1.0,,0
2,18,15,0.0,1.0,,0
2,19,15,0.0,1.0,,0
2,20,15,0.0,1.0,,0
2,21,15,0.0,1.0,,0
2,22,15,0.0,1.0,,0
2,23,15,0.0,1.0,,0
2,24,15,0.0,1.0,,0
2,25,15,0.0,1.0,,0
2,1,16,0.0,1.0,,0
2,2,16,-0.04540168903731599,0.0,0.2893499732017517,2
2,3,16,0.0,1.0,,0
2,4,16,0.0,1.0,,0
2,5,16,0.0,1.0,,0
2,6,16,0.0,1.0,,0
2,7,16,0.0,1.0,,0
2,8,16,0.0,1.0,,0
2,9,16,0.0,1.0,,0
2,10,16,0.0,1.0,,0
2,11,16,0.0,1.0,,0
2,12,16,0.0,1.0,,0
2,13,16,0.0,1.0,,0
2,14,16,0.0,1.0,,0
2,15,16,0.0,1.0,,0
2,16,16,0.0,1.0,,0
2,17,16,0.0,1.0,,0
2,18,16,0.0,1.0,,0
2,19,16,0.0,1.0,,0
2,20,16,0.0,1.0,,0
2,21,16,0.0,1.0,,0
2,22,16,0.0,1.0,,0
2,23,16,0.0,1.0,,0
2,24,16,0.0,1.0,,0
2,25,16,0.0,1.0,,0
2,1,17,0.0,1.0,,0
2,2,17,-0.04540168903731599,0.0,0.2893499732017517,2
2,3,17,0.0,1.0,,0
2,4,17,0.0,1.0,,0
2,5,17,0.0,1.0,,0
2,6,17,0.0,1.0,,0
2,7,17,0.0,1.0,,0
2,8,17,0.0,1.0,,0
2,9,17,0.0,1.0,,0
2,10,17,0.0,1.0,,0
2,11,17,0.0,1.0,,0
2,12,17,0.0,1.0,,0
2,13,17,0.0,1.0,,0
2,14,17,0.0,1.0,,0
2,15,17,0.0,1.0,,0
2,16,17,0.0,1.0,,0
2,17,17,0.0,1.0,,0
2,18,17,0.0,1.0,,0
2,19,17,0.0,1.0,,0
2,20,17,0.0,1.0,,0
2,21,17,0.0,1.0,,0
2,22,17,0.0,1.0,,0
2,23,17,0.0,1.0,,0
2,24,17,0.0,1.0,,0
2,25,17,0.0,1.0,,0
2,1,18,0.0,1.0,,0
2,2,18,0.0,1.0,,0
2,3,18,0.0,1.0,,0
2,4,18,0.0,1.0,,0
2,5,18,0.0,1.0,,0
2,6,18,0.0,1.0,,0
2,7,18,0.0,1.0,,0
2,8,18,0.0,1.0,,0
2,9,18,0.0,1.0,,0
2,10,18,0.0,1.0,,0
2,11,18,0.0,1.0,,0
2,12,18,0.0,1.0,,0
2,13,18,0.0,1.0,,0
2,14,18,0.0,1.0,,0
2,15,18,0.0,1.0,,0
2,16,18,0.0,1.0,,0
2,17,18,0.0,1.0,,0
2,18,18,0.0,1.0,,0
2,19,18,0.0,1.0,,0
2,20,18,0.0,1.0,,0
2,21,18,0.0,1.0,,0
2,22,18,0.0,1.0,,0
2,23,18,0.0,1.0,,0
2,24,18,0.0,1.0,,0
2,25,18,0.0,1.0,,0
2,1,19,0.0,1.0,,0
2,2,19,0.0,1.0,,0
2,3,19,0.0,1.0,,0
2,4,19,0.0,1.0,,0
2,5,19,0.0,1.0,,0
2,6,19,0.0,1.0,,0
2,7,19,0.0,1.0,,0
2,8,19,0.0,1.0,,0
2,9,19,0.0,1.0,,0
2,10,19,0.0,1.0,,0
2,11,19,0.0,1.0,,0
2,12,19,0.0,1.0,,0
2,13,19,0.0,1.0,,0
2,14,19,0.0,1.0,,0
2,15,19,0.0,1.0,,0
2,16,19,0.0,1.0,,0
2,17,19,0.0,1.0,,0
2,18,19,0.0,1.0,,0
2,19,19,0.0,1.0,,0
2,20,19,0.0,1.0,,0
2,21,19,0.0,1.0,,0
2,22,19,0.0,1.0,,0
2,23,19,0.0,1.0,,0
2,24,19,0.0,1.0,,0
2,25,19,0.0,1.0,,0
2,1,20,0.0,1.0,,0
2,2,20,0.0,1.0,,0
2,3,20,0.0,1.0,,0
2,4,20,0.0,1.0,,0
2,5,20,0.0,1.0,,0
2,6,20,0.0,1.0,,0
2,7,20,0.0,1.0,,0
2,8,20,0.0,1.0,,0
2,9,20,0.0,1.0,,0
2,10,20,0.0,1.0,,0
2,11,20,0.0,1.0,,0
2,12,20,0.0,1.0,,0
2,13,20,0.0,1.0,,0
2,14,20,0.0,1.0,,0
2,15,20,0.0,1.0,,0
2,16,20,0.0,1.0,,0
2,17,20,0.0,1.0,,0
2,18,20,0.0,1.0,,0
2,19,20,0.0,1.0,,0
2,20,20,0.0,1.0,,0
2,21,20,0.0,1.0,,0
2,22,20,0.0,1.0,,0
2,23,20,0.0,1.0,,0
2,24,20,0.0,1.0,,0
2,25,20,0.0,1.0,,0
2,1,21,0.0,1.0,,0
2,2,21,0.0,1.0,,0
2,3,21,0.0,1.0,,0
2,4,21,0.0,1.0,,0
2,5,21,0.0,1.0,,0
2,6,21,0.0,1.0,,0
2,7,21,0.0,1.0,,0
2,8,21,0.0,1.0,,0
2,9,21,0.0,1.0,,0
2,10,21,0.0,1.0,,0
2,11,21,0.0,1.0,,0
2,12,21,0.0,1.0,,0
2,13,21,0.0,1.0,,0
2,14,21,0.0,1.0,,0
2,15,21,0.0,1.0,,0
2,16,21,0.0,1.0,,0
2,17,21,0.0,1.0,,0
2,18,21,0.0,1.0,,0
2,19,21,0.0,1.0,,0
2,20,21,0.0,1.0,,0
2,21,21,0.0,1.0,,0
2,22,21,0.0,1.0,,0
2,23,21,0.0,1.0,,0
2,24,21,0.0,1.0,,0
2,25,21,0.0,1.0,,0
2,1,22,0.0,1.0,,0
2,2,22,0.0,1.0,,0
2,3,22,0.0,1.0,,0
2,4,22,0.0,1.0,,0
2,5,22,0.0,1.0,,0
2,6,22,0.0,1.0,,0
2,7,22,0.0,1.0,,0
2,8,22,0.0,1.0,,0
2,9,22,0.0,1.0,,0
2,10,22,0.0,1.0,,0
2,11,22,0.0,1.0,,0
2,12,22,0.0,1.0,,0
2,13,22,0.0,1.0,,0
2,14,22,0.0,1.0,,0
2,15,22,0.0,1.0,,0
2,16,22,0.0,1.0,,0
2,17,22,0.0,1.0,,0
2,18,22,0.0,1.0,,0
2,19,22,0.0,1.0,,0
2,20,22,0.0,1.0,,0
2,21,22,0.0,1.0,,0
2,22,22,0.0,1.0,,0
2,23,22,0.0,1.0,,0
2,24,22,0.0,1.0,,0
2,25,22,0.0,1.0,,0
2,1,23,0.0,1.0,,0
2,2,23,0.0,1.0,,0
2,3,23,0.0,1.0,,0
2,4,23,0.0,1.0,,0
2,5,23,0.0,1.0,,0
2,6,23,0.0,1.0,,0
2,7,23,0.0,1.0,,0
2,8,23,0.0,1.0,,0
2,9,23,0.0,1.0,,0
2,10,23,0.0,1.0,,0
2,11,23,0.0,1.0,,0
2,12,23,0.0,1.0,,0
2,13,23,0.0,1.0,,0
2,14,23,0.0,1.0,,0
2,15,23,0.0,1.0,,0
2,16,23,0.0,1.0,,0
2,17,23,0.0,1.0,,0
2,18,23,0.0,1.0,,0
2,19,23,0.0,1.0,,0
2,20,23,0.0,1.0,,0
2,21,23,0.0,1.0,,0
2,22,23,0.0,1.0,,0
2,23,23,0.0,1.0,,0
2,24,23,0.0,1.0,,0
2,25,23,0.0,1.0,,0
2,1,24,0.0,1.0,,0
2,2,24,0.0,1.0,,0
2,3,24,0.0,1.0,,0
2,4,24,0.0,1.0,,0
2,5,24,0.0,1.0,,0
2,6,24,0.0,1.0,,0
2,7,24,0.0,1.0,,0
2,8,24,0.0,1.0,,0
2,9,24,0.0,1.0,,0
2,10,24,0.0,1.0,,0
2,11,24,0.0,1.0,,0
2,12,24,0.0,1.0,,0
2,13,24,0.0,1.0,,0
2,14,24,0.0,1.0,,0
2,15,24,0.0,1.0,,0
2,16,24,0.0,1.0,,0
2,17,24,0.0,1.0,,0
2,18,24,0.0,1.0,,0
2,19,24,0.0,1.0,,0
2,20,24,0.0,1.0,,0
2,21,24,0.0,1.0,,0
2,22,24,0.0,1.0,,0
2,23,24,0.0,1.0,,0
2,24,24,0.0,1.0,,0
2,25,24,0.0,1.0,,0
2,1,25,0.0,1.0,,0
2,2,25,0.0,1.0,,0
2,3,25,0.0,1.0,,0
2,4,25,0.0,1.0,,0
2,5,25,0.0,1.0,,0
2,6,25,0.0,1.0,,0
2,7,25,0.0,1.0,,0
2,8,25,0.0,1.0,,0
2,9,25,0.0,1.0,,0
2,10,25,0.0,1.0,,0
2,11,25,0.0,1.0,,0
2,12,25,0.0,1.0,,0
2,13,25,0.0,1.0,,0
2,14,25,0.0,1.0,,0
2,15,25,0.0,1.0,,0
2,16,25,0.0,1.0,,0
2,17,25,0.0,1.0,,0
2,18,25,0.0,1.0,,0
2,19,25,0.0,1.0,,0
2,20,25,0.0,1.0,,0
2,21,25,0.0,1.0,,0
2,22,25,0.0,1.0,,0
2,23,25,0.0,1.0,,0
2,24,25,0.0,1.0,,0
2,25,25,0.0,1.0,,0
3,1,2,0.0009672078272868255,0.14666666666666667,0.0801471471786499,19
3,2,2,-0.005800732736145398,0.25333333333333335,0.17994606494903564,15
3,3,2,-0.024856688665157264,0.30666666666666664,0.23729321360588074,6
3,4,2,0.0004079018995931732,0.52,0.3860560655593872,5
3,5,2,-0.012667456111543388,0.6266666666666667,0.46587055921554565,4
3,6,2,0.008214063344857555,0.6933333333333334,0.39002394676208496,4
3,7,2,0.038700535669900504,0.7333333333333333,0.3336751461029053,3
3,8,2,0.0,1.0,,0
3,9,2,-0.01017909810959608,0.7333333333333333,0.2971859872341156,3
3,10,2,0.0,1.0,,0
3,11,2,0.0,1.0,,0
3,12,2,0.0023371106190310633,0.7333333333333333,0.6143413782119751,2
3,13,2,0.005515386732807145,0.7466666666666667,0.7125770449638367,2
3,14,2,-0.017246633901517226,0.76,0.8133254051208496,2
3,15,2,0.0,1.0,,0
3,16,2,0.0,1.0,,0
3,17,2,-0.022615493092612078,0.9066666666666666,0.2730630934238434,2
3,18,2,0.0,1.0,,0
3,19,2,0.0,1.0,,0
3,20,2,0.0,1.0,,0
3,21,2,0.0,1.0,,0
3,22,2,0.0,1.0,,0
3,23,2,0.0,1.0,,0
3,24,2,0.02192395440884388,0.9466666666666667,0.3939441442489624,2
3,25,2,0.0,1.0,,0
3,1,3,0.0005142049106568858,0.2,0.13404904305934906,13
3,2,3,-0.006224255815348811,0.28,0.20068494975566864,12
3,3,3,-0.024856688665157264,0.30666666666666664,0.23729321360588074,6
3,4,3,0.007204428435903646,0.5466666666666666,0.4961933195590973,4
3,5,3,-0.012667456111543388,0.6266666666666667,0.46587055921554565,4
3,6,3,-0.013475603230529017,0.64,0.6968468427658081,2
3,7,3,0.0,1.0,,0
3,8,3,0.0,1.0,,0
3,9,3,0.0,1.0,,0
3,10,3,0.0,1.0,,0
3,11,3,0.0,1.0,,0
3,12,3,0.0,1.0,,0
3,13,3,0.0,1.0,,0
3,14,3,0.0,1.0,,0
3,15,3,0.0,1.0,,0
3,16,3,0.0,1.0,,0
3,17,3,0.0,1.0,,0
3,18,3,0.0,1.0,,0
3,19,3,0.0,1.0,,0
3,20,3,0.0,1.0,,0
3,21,3,0.0,1.0,,0
3,22,3,0.0,1.0,,0
3,23,3,0.0,1.0,,0
3,24,3,0.0,1.0,,0
3,25,3,0.0,1.0,,0
3,1,4,-0.019244902611522473,0.09333333333333334,0.115330271422863,7
3,2,4,-0.014164450754592366,0.21333333333333335,0.26486915349960327,6
3,3,4,-0.013492673517446005,0.3466666666666667,0.3383684456348419,5
3,4,4,0.007204428435903646,0.5466666666666666,0.4961933195590973,4
3,5,4,-0.02528583083922037,0.6666666666666666,0.6275842785835266,3
3,6,4,-0.013475603230529017,0.64,0.6968468427658081,2
3,7,4,0.0,1.0,,0
3,8,4,0.0,1.0,,0
3,9,4,0.0,1.0,,0
3,10,4,0.0,1.0,,0
3,11,4,0.0,1.0,,0
3,12,4,0.0,1.0,,0
3,13,4,0.0,1.0,,0
3,14,4,0.0,1.0,,0
3,15,4,0.0,1.0,,0
3,16,4,0.0,1.0,,0
3,17,4,0.0,1.0,,0
3,18,4,0.0,1.0,,0
3,19,4,0.0,1.0,,0
3,20,4,0.0,1.0,,0
3,21,4,0.0,1.0,,0
3,22,4,0.0,1.0,,0
3,23,4,0.0,1.0,,0
3,24,4,0.0,1.0,,0
3,25,4,0.0,1.0,,0
3,1,5,-0.019244902611522473,0.09333333333333334,0.1153302788734436,7
3,2,5,-0.03504431697573394,0.05333333333333334,-0.1242438331246376,2
3,3,5,-0.031704216156780124,0.2,0.5337525010108948,3
3,4,5,0.007204428435903646,0.5466666666666666,0.4961933195590973,4
3,5,5,-0.007174433768321142,0.5733333333333334,0.6713567972183228,2
3,6,5,0.0,1.0,,0
3,7,5,0.0,1.0,,0
3,8,5,0.0,1.0,,0
3,9,5,0.0,1.0,,0
3,10,5,0.0,1.0,,0
3,11,5,0.0,1.0,,0
3,12,5,0.0,1.0,,0
3,13,5,0.0,1.0,,0
3,14,5,0.0,1.0,,0
3,15,5,0.0,1.0,,0
3,16,5,0.0,1.0,,0
3,17,5,0.0,1.0,,0
3,18,5,0.0,1.0,,0
3,19,5,0.0,1.0,,0
3,20,5,0.0,1.0,,0
3,21,5,0.0,1.0,,0
3,22,5,0.0,1.0,,0
3,23,5,0.0,1.0,,0
3,24,5,0.0,1.0,,0
3,25,5,0.0,1.0,,0
3,1,6,-0.015416906500635085,0.06666666666666667,0.44910845160484314,3
3,2,6,0.0012434538056248425,0.26666666666666666,0.5444769859313965,4
3,3,6,-0.031704216156780124,0.2,0.5337525010108948,3
3,4,6,-0.004715154705013676,0.5066666666666667,0.669948160648346,2
3,5,6,0.0,1.0,,0
3,6,6,0.0,1.0,,0
3,7,6,0.0,1.0,,0
3,8,6,0.0,1.0,,0
3,9,6,0.0,1.0,,0
3,10,6,0.0,1.0,,0
3,11,6,0.0,1.0,,0
3,12,6,0.0,1.0,,0
3,13,6,0.0,1.0,,0
3,14,6,0.0,1.0,,0
3,15,6,0.0,1.0,,0
3,16,6,0.0,1.0,,0
3,17,6,0.0,1.0,,0
3,18,6,0.0,1.0,,0
3,19,6,0.0,1.0,,0
3,20,6,0.0,1.0,,0
3,21,6,0.0,1.0,,0
3,22,6,0.0,1.0,,0
3,23,6,0.0,1.0,,0
3,24,6,0.0,1.0,,0
3,25,6,0.0,1.0,,0
3,1,7,-0.015416906500635085,0.06666666666666667,0.44910845160484314,3
3,2,7,0.0053769761706092154,0.3466666666666667,0.6445887088775635,3
3,3,7,-0.031704216156780124,0.2,0.5337525010108948,3
3,4,7,-0.004715154705013676,0.5066666666666667,0.669948160648346,2
3,5,7,0.0,1.0,,0
3,6,7,0.0,1.0,,0
3,7,7,0.0,1.0,,0
3,8,7,0.0,1.0,,0
3,9,7,0.0,1.0,,0
3,10,7,0.0,1.0,,0
3,11,7,0.0,1.0,,0
3,12,7,0.0,1.0,,0
3,13,7,0.0,1.0,,0
3,14,7,0.0,1.0,,0
3,15,7,0.0,1.0,,0
3,16,7,0.0,1.0,,0
3,17,7,0.0,1.0,,0
3,18,7,0.0,1.0,,0
3,19,7,0.0,1.0,,0
3,20,7,0.0,1.0,,0
3,21,7,0.0,1.0,,0
3,22,7,0.0,1.0,,0
3,23,7,0.0,1.0,,0
3,24,7,0.0,1.0,,0
3,25,7,0.0,1.0,,0
3,1,8,-0.015416906500635085,0.06666666666666667,0.44910845160484314,3
3,2,8,0.0053769761706092154,0.3466666666666667,0.6445887088775635,3
3,3,8,-0.01909048932612095,0.29333333333333333,0.7048898935317993,2
3,4,8,-0.004715154705013676,0.5066666666666667,0.669948160648346,2
3,5,8,0.0,1.0,,0
3,6,8,0.0,1.0,,0
3,7,8,0.0,1.0,,0
3,8,8,0.0,1.0,,0
3,9,8,0.0,1.0,,0
3,10,8,0.0,1.0,,0
3,11,8,0.0,1.0,,0
3,12,8,0.0,1.0,,0
3,13,8,0.0,1.0,,0
3,14,8,0.0,1.0,,0
3,15,8,0.0,1.0,,0
3,16,8,0.0,1.0,,0
3,17,8,0.0,1.0,,0
3,18,8,0.0,1.0,,0
3,19,8,0.0,1.0,,0
3,20,8,0.0,1.0,,0
3,21,8,0.0,1.0,,0
3,22,8,0.0,1.0,,0
3,23,8,0.0,1.0,,0
3,24,8,0.0,1.0,,0
3,25,8,0.0,1.0,,0
3,1,9,-0.015416906500635085,0.06666666666666667,0.44910845160484314,3
3,2,9,0.0053769761706092154,0.3466666666666667,0.6445887088775635,3
3,3,9,-0.01909048932612095,0.29333333333333333,0.7048898935317993,2
3,4,9,0.0,1.0,,0
3,5,9,0.0,1.0,,0
3,6,9,0.0,1.0,,0
3,7,9,0.0,1.0,,0
3,8,9,0.0,1.0,,0
3,9,9,0.0,1.0,,0
3,10,9,0.0,1.0,,0
3,11,9,0.0,1.0,,0
3,12,9,0.0,1.0,,0
3,13,9,0.0,1.0,,0
3,14,9,0.0,1.0,,0
3,15,9,0.0,1.0,,0
3,16,9,0.0,1.0,,0
3,17,9,0.0,1.0,,0
3,18,9,0.0,1.0,,0
3,19,9,0.0,1.0,,0
3,20,9,0.0,1.0,,0
3,21,9,0.0,1.0,,0
3,22,9,0.0,1.0,,0
3,23,9,0.0,1.0,,0
3,24,9,0.0,1.0,,0
3,25,9,0.0,1.0,,0
3,1,10,-0.018002322204067424,0.18666666666666668,0.6921764612197876,2
3,2,10,0.0053769761706092154,0.3466666666666667,0.6445886492729187,3
3,3,10,-0.01909048932612095,0.29333333333333333,0.7048898935317993,2
3,4,10,0.0,1.0,,0
3,5,10,0.0,1.0,,0
3,6,10,0.0,1.0,,0
3,7,10,0.0,1.0,,0
3,8,10,0.0,1.0,,0
3,9,10,0.0,1.0,,0
3,10,10,0.0,1.0,,0
3,11,10,0.0,1.0,,0
3,12,10,0.0,1.0,,0
3,13,10,0.0,1.0,,0
3,14,10,0.0,1.0,,0
3,15,10,0.0,1.0,,0
3,16,10,0.0,1.0,,0
3,17,10,0.0,1.0,,0
3,18,10,0.0,1.0,,0
3,19,10,0.0,1.0,,0
3,20,10,0.0,1.0,,0
3,21,10,0.0,1.0,,0
3,22,10,0.0,1.0,,0
3,23,10,0.0,1.0,,0
3,24,10,0.0,1.0,,0
3,25,10,0.0,1.0,,0
3,1,11,-0.018002322204067424,0.18666666666666668,0.6921764612197876,2
3,2,11,-0.019928346861397685,0.22666666666666666,0.6347758173942566,2
3,3,11,-0.01909048932612095,0.29333333333333333,0.7048898935317993,2
3,4,11,0.0,1.0,,0
3,5,11,0.0,1.0,,0
3,6,11,0.0,1.0,,0
3,7,11,0.0,1.0,,0
3,8,11,0.0,1.0,,0
3,9,11,0.0,1.0,,0
3,10,11,0.0,1.0,,0
3,11,11,0.0,1.0,,0
3,12,11,0.0,1.0,,0
3,13,11,0.0,1.0,,0
3,14,11,0.0,1.0,,0
3,15,11,0.0,1.0,,0
3,16,11,0.0,1.0,,0
3,17,11,0.0,1.0,,0
3,18,11,0.0,1.0,,0
3,19,11,0.0,1.0,,0
3,20,11,0.0,1.0,,0
3,21,11,0.0,1.0,,0
3,22,11,0.0,1.0,,0
3,23,11,0.0,1.0,,0
3,24,11,0.0,1.0,,0
3,25,11,0.0,1.0,,0
3,1,12,-0.018002322204067424,0.18666666666666668,0.6921764612197876,2
3,2,12,-0.019928346861397685,0.22666666666666666,0.6347758173942566,2
3,3,12,-0.01909048932612095,0.29333333333333333,0.7048898935317993,2
3,4,12,0.0,1.0,,0
3,5,12,0.0,1.0,,0
3,6,12,0.0,1.0,,0
3,7,12,0.0,1.0,,0
3,8,12,0.0,1.0,,0
3,9,12,0.0,1.0,,0
3,10,12,0.0,1.0,,0
3,11,12,0.0,1.0,,0
3,12,12,0.0,1.0,,0
3,13,12,0.0,1.0,,0
3,14,12,0.0,1.0,,0
3,15,12,0.0,1.0,,0
3,16,12,0.0,1.0,,0
3,17,12,0.0,1.0,,0
3,18,12,0.0,1.0,,0
3,19,12,0.0,1.0,,0
3,20,12,0.0,1.0,,0
3,21,12,0.0,1.0,,0
3,22,12,0.0,1.0,,0
3,23,12,0.0,1.0,,0
3,24,12,0.0,1.0,,0
3,25,12,0.0,1.0,,0
3,1,13,-0.018002322204067424,0.18666666666666668,0.6921764612197876,2
3,2,13,-0.019928346861397685,0.22666666666666666,0.6347758173942566,2
3,3,13,-0.01909048932612095,0.29333333333333333,0.7048898935317993,2
3,4,13,0.0,1.0,,0
3,5,13,0.0,1.0,,0
3,6,13,0.0,1.0,,0
3,7,13,0.0,1.0,,0
3,8,13,0.0,1.0,,0
3,9,13,0.0,1.0,,0
3,10,13,0.0,1.0,,0
3,11,13,0.0,1.0,,0
3,12,13,0.0,1.0,,0
3,13,13,0.0,1.0,,0
3,14,13,0.0,1.0,,0
3,15,13,0.0,1.0,,0
3,16,13,0.0,1.0,,0
3,17,13,0.0,1.0,,0
3,18,13,0.0,1.0,,0
3,19,13,0.0,1.0,,0
3,20,13,0.0,1.0,,0
3,21,13,0.0,1.0,,0
3,22,13,0.0,1.0,,0
3,23,13,0.0,1.0,,0
3,24,13,0.0,1.0,,0
3,25,13,0.0,1.0,,0
3,1,14,-0.018002322204067424,0.18666666666666668,0.6921764612197876,2
3,2,14,-0.019928346861397685,0.22666666666666666,0.6347758173942566,2
3,3,14,-0.01909048932612095,0.29333333333333333,0.7048898935317993,2
3,4,14,0.0,1.0,,0
3,5,14,0.0,1.0,,0
3,6,14,0.0,1.0,,0
3,7,14,0.0,1.0,,0
3,8,14,0.0,1.0,,0
3,9,14,0.0,1.0,,0
3,10,14,0.0,1.0,,0
3,11,14,0.0,1.0,,0
3,12,14,0.0,1.0,,0
3,13,14,0.0,1.0,,0
3,14,14,0.0,1.0,,0
3,15,14,0.0,1.0,,0
3,16,14,0.0,1.0,,0
3,17,14,0.0,1.0,,0
3,18,14,0.0,1.0,,0
3,19,14,0.0,1.0,,0
3,20,14,0.0,1.0,,0
3,21,14,0.0,1.0,,0
3,22,14,0.0,1.0,,0
3,23,14,0.0,1.0,,0
3,24,14,0.0,1.0,,0
3,25,14,0.0,1.0,,0
3,1,15,-0.018002322204067424,0.18666666666666668,0.6921764612197876,2
3,2,15,-0.019928346861397685,0.22666666666666666,0.6347758173942566,2
3,3,15,-0.01909048932612095,0.29333333333333333,0.7048898935317993,2
3,4,15,0.0,1.0,,0
3,5,15,0.0,1.0,,0
3,6,15,0.0,1.0,,0
3,7,15,0.0,1.0,,0
3,8,15,0.0,1.0,,0
3,9,15,0.0,1.0,,0
3,10,15,0.0,1.0,,0
3,11,15,0.0,1.0,,0
3,12,15,0.0,1.0,,0
3,13,15,0.0,1.0,,0
3,14,15,0.0,1.0,,0
3,15,15,0.0,1.0,,0
3,16,15,0.0,1.0,,0
3,17,15,0.0,1.0,,0
3,18,15,0.0,1.0,,0
3,19,15,0.0,1.0,,0
3,20,15,0.0,1.0,,0
3,21,15,0.0,1.0,,0
3,22,15,0.0,1.0,,0
3,23,15,0.0,1.0,,0
3,24,15,0.0,1.0,,0
3,25,15,0.0,1.0,,0
3,1,16,-0.018002322204067424,0.18666666666666668,0.6921764612197876,2
3,2,16,-0.019928346861397685,0.22666666666666666,0.6347758173942566,2
3,3,16,-0.01909048932612095,0.29333333333333333,0.7048898935317993,2
3,4,16,0.0,1.0,,0
3,5,16,0.0,1.0,,0
3,6,16,0.0,1.0,,0
3,7,16,0.0,1.0,,0
3,8,16,0.0,1.0,,0
3,9,16,0.0,1.0,,0
3,10,16,0.0,1.0,,0
3,11,16,0.0,1.0,,0
3,12,16,0.0,1.0,,0
3,13,16,0.0,1.0,,0
3,14,16,0.0,1.0,,0
3,15,16,0.0,1.0,,0
3,16,16,0.0,1.0,,0
3,17,16,0.0,1.0,,0
3,18,16,0.0,1.0,,0
3,19,16,0.0,1.0,,0
3,20,16,0.0,1.0,,0
3,21,16,0.0,1.0,,0
3,22,16,0.0,1.0,,0
3,23,16,0.0,1.0,,0
3,24,16,0.0,1.0,,0
3,25,16,0.0,1.0,,0
3,1,17,-0.018002322204067424,0.18666666666666668,0.6921764612197876,2
3,2,17,-0.019928346861397685,0.22666666666666666,0.6347758173942566,2
3,3,17,-0.01909048932612095,0.29333333333333333,0.7048898935317993,2
3,4,17,0.0,1.0,,0
3,5,17,0.0,1.0,,0
3,6,17,0.0,1.0,,0
3,7,17,0.0,1.0,,0
3,8,17,0.0,1.0,,0
3,9,17,0.0,1.0,,0
3,10,17,0.0,1.0,,0
3,11,17,0.0,1.0,,0
3,12,17,0.0,1.0,,0
3,13,17,0.0,1.0,,0
3,14,17,0.0,1.0,,0
3,15,17,0.0,1.0,,0
3,16,17,0.0,1.0,,0
3,17,17,0.0,1.0,,0
3,18,17,0.0,1.0,,0
3,19,17,0.0,1.0,,0
3,20,17,0.0,1.0,,0
3,21,17,0.0,1.0,,0
3,22,17,0.0,1.0,,0
3,23,17,0.0,1.0,,0
3,24,17,0.0,1.0,,0
3,25,17,0.0,1.0,,0
3,1,18,-0.018002322204067424,0.18666666666666668,0.6921764612197876,2
3,2,18,-0.019928346861397685,0.22666666666666666,0.6347758173942566,2
3,3,18,-0.01909048932612095,0.29333333333333333,0.7048898935317993,2
3,4,18,0.0,1.0,,0
3,5,18,0.0,1.0,,0
3,6,18,0.0,1.0,,0
3,7,18,0.0,1.0,,0
3,8,18,0.0,1.0,,0
3,9,18,0.0,1.0,,0
3,10,18,0.0,1.0,,0
3,11,18,0.0,1.0,,0
3,12,18,0.0,1.0,,0
3,13,18,0.0,1.0,,0
3,14,18,0.0,1.0,,0
3,15,18,0.0,1.0,,0
3,16,18,0.0,1.0,,0
3,17,18,0.0,1.0,,0
3,18,18,0.0,1.0,,0
3,19,18,0.0,1.0,,0
3,20,18,0.0,1.0,,0
3,21,18,0.0,1.0,,0
3,22,18,0.0,1.0,,0
3,23,18,0.0,1.0,,0
3,24,18,0.0,1.0,,0
3,25,18,0.0,1.0,,0
3,1,19,-0.018002322204067424,0.18666666666666668,0.6921764612197876,2
3,2,19,-0.019928346861397685,0.22666666666666666,0.6347758173942566,2
3,3,19,-0.01909048932612095,0.29333333333333333,0.7048898935317993,2
3,4,19,0.0,1.0,,0
3,5,19,0.0,1.0,,0
3,6,19,0.0,1.0,,0
3,7,19,0.0,1.0,,0
3,8,19,0.0,1.0,,0
3,9,19,0.0,1.0,,0
3,10,19,0.0,1.0,,0
3,11,19,0.0,1.0,,0
3,12,19,0.0,1.0,,0
3,13,19,0.0,1.0,,0
3,14,19,0.0,1.0,,0
3,15,19,0.0,1.0,,0
3,16,19,0.0,1.0,,0
3,17,19,0.0,1.0,,0
3,18,19,0.0,1.0,,0
3,19,19,0.0,1.0,,0
3,20,19,0.0,1.0,,0
3,21,19,0.0,1.0,,0
3,22,19,0.0,1.0,,0
3,23,19,0.0,1.0,,0
3,24,19,0.0,1.0,,0
3,25,19,0.0,1.0,,0
3,1,20,-0.018002322204067424,0.18666666666666668,0.6921764612197876,2
3,2,20,-0.019928346861397685,0.22666666666666666,0.6347758173942566,2
3,3,20,-0.01909048932612095,0.29333333333333333,0.7048898935317993,2
3,4,20,0.0,1.0,,0
3,5,20,0.0,1.0,,0
3,6,20,0.0,1.0,,0
3,7,20,0.0,1.0,,0
3,8,20,0.0,1.0,,0
3,9,20,0.0,1.0,,0
3,10,20,0.0,1.0,,0
3,11,20,0.0,1.0,,0
3,12,20,0.0,1.0,,0
3,13,20,0.0,1.0,,0
3,14,20,0.0,1.0,,0
3,15,20,0.0,1.0,,0
3,16,20,0.0,1.0,,0
3,17,20,0.0,1.0,,0
3,18,20,0.0,1.0,,0
3,19,20,0.0,1.0,,0
3,20,20,0.0,1.0,,0
3,21,20,0.0,1.0,,0
3,22,20,0.0,1.0,,0
3,23,20,0.0,1.0,,0
3,24,20,0.0,1.0,,0
3,25,20,0.0,1.0,,0
3,1,21,-0.018002322204067424,0.18666666666666668,0.6921764612197876,2
3,2,21,-0.019928346861397685,0.22666666666666666,0.6347758173942566,2
3,3,21,-0.01909048932612095,0.29333333333333333,0.7048898935317993,2
3,4,21,0.0,1.0,,0
3,5,21,0.0,1.0,,0
3,6,21,0.0,1.0,,0
3,7,21,0.0,1.0,,0
3,8,21,0.0,1.0,,0
3,9,21,0.0,1.0,,0
3,10,21,0.0,1.0,,0
3,11,21,0.0,1.0,,0
3,12,21,0.0,1.0,,0
3,13,21,0.0,1.0,,0
3,14,21,0.0,1.0,,0
3,15,21,0.0,1.0,,0
3,16,21,0.0,1.0,,0
3,17,21,0.0,1.0,,0
3,18,21,0.0,1.0,,0
3,19,21,0.0,1.0,,0
3,20,21,0.0,1.0,,0
3,21,21,0.0,1.0,,0
3,22,21,0.0,1.0,,0
3,23,21,0.0,1.0,,0
3,24,21,0.0,1.0,,0
3,25,21,0.0,1.0,,0
3,1,22,-0.018002322204067424,0.18666666666666668,0.6921764612197876,2
3,2,22,-0.019928346861397685,0.22666666666666666,0.6347758173942566,2
3,3,22,-0.01909048932612095,0.29333333333333333,0.7048898935317993,2
3,4,22,0.0,1.0,,0
3,5,22,0.0,1.0,,0
3,6,22,0.0,1.0,,0
3,7,22,0.0,1.0,,0
3,8,22,0.0,1.0,,0
3,9,22,0.0,1.0,,0
3,10,22,0.0,1.0,,0
3,11,22,0.0,1.0,,0
3,12,22,0.0,1.0,,0
3,13,22,0.0,1.0,,0
3,14,22,0.0,1.0,,0
3,15,22,0.0,1.0,,0
3,16,22,0.0,1.0,,0
3,17,22,0.0,1.0,,0
3,18,22,0.0,1.0,,0
3,19,22,0.0,1.0,,0
3,20,22,0.0,1.0,,0
3,21,22,0.0,1.0,,0
3,22,22,0.0,1.0,,0
3,23,22,0.0,1.0,,0
3,24,22,0.0,1.0,,0
3,25,22,0.0,1.0,,0
3,1,23,-0.018002322204067424,0.18666666666666668,0.6921764612197876,2
3,2,23,0.0,1.0,,0
3,3,23,-0.01909048932612095,0.29333333333333333,0.7048898935317993,2
3,4,23,0.0,1.0,,0
3,5,23,0.0,1.0,,0
3,6,23,0.0,1.0,,0
3,7,23,0.0,1.0,,0
3,8,23,0.0,1.0,,0
3,9,23,0.0,1.0,,0
3,10,23,0.0,1.0,,0
3,11,23,0.0,1.0,,0
3,12,23,0.0,1.0,,0
3,13,23,0.0,1.0,,0
3,14,23,0.0,1.0,,0
3,15,23,0.0,1.0,,0
3,16,23,0.0,1.0,,0
3,17,23,0.0,1.0,,0
3,18,23,0.0,1.0,,0
3,19,23,0.0,1.0,,0
3,20,23,0.0,1.0,,0
3,21,23,0.0,1.0,,0
3,22,23,0.0,1.0,,0
3,23,23,0.0,1.0,,0
3,24,23,0.0,1.0,,0
3,25,23,0.0,1.0,,0
3,1,24,-0.018002322204067424,0.18666666666666668,0.6921764612197876,2
3,2,24,0.0,1.0,,0
3,3,24,0.0,1.0,,0
3,4,24,0.0,1.0,,0
3,5,24,0.0,1.0,,0
3,6,24,0.0,1.0,,0
3,7,24,0.0,1.0,,0
3,8,24,0.0,1.0,,0
3,9,24,0.0,1.0,,0
3,10,24,0.0,1.0,,0
3,11,24,0.0,1.0,,0
3,12,24,0.0,1.0,,0
3,13,24,0.0,1.0,,0
3,14,24,0.0,1.0,,0
3,15,24,0.0,1.0,,0
3,16,24,0.0,1.0,,0
3,17,24,0.0,1.0,,0
3,18,24,0.0,1.0,,0
3,19,24,0.0,1.0,,0
3,20,24,0.0,1.0,,0
3,21,24,0.0,1.0,,0
3,22,24,0.0,1.0,,0
3,23,24,0.0,1.0,,0
3,24,24,0.0,1.0,,0
3,25,24,0.0,1.0,,0
3,1,25,-0.018002322204067424,0.18666666666666668,0.6921764612197876,2
3,2,25,0.0,1.0,,0
3,3,25,0.0,1.0,,0
3,4,25,0.0,1.0,,0
3,5,25,0.0,1.0,,0
3,6,25,0.0,1.0,,0
3,7,25,0.0,1.0,,0
3,8,25,0.0,1.0,,0
3,9,25,0.0,1.0,,0
3,10,25,0.0,1.0,,0
3,11,25,0.0,1.0,,0
3,12,25,0.0,1.0,,0
3,13,25,0.0,1.0,,0
3,14,25,0.0,1.0,,0
3,15,25,0.0,1.0,,0
3,16,25,0.0,1.0,,0
3,17,25,0.0,1.0,,0
3,18,25,0.0,1.0,,0
3,19,25,0.0,1.0,,0
3,20,25,0.0,1.0,,0
3,21,25,0.0,1.0,,0
3,22,25,0.0,1.0,,0
3,23,25,0.0,1.0,,0
3,24,25,0.0,1.0,,0
3,25,25,0.0,1.0,,0
4,1,2,0.01633283434307824,0.25333333333333335,0.1919761449098587,22
4,2,2,0.026430791358258515,0.36,0.5649636387825012,9
4,3,2,0.07105929050192776,0.41333333333333333,0.770404040813446,7
4,4,2,0.031903969888724806,0.32,0.7645902633666992,5
4,5,2,0.027769667748312864,0.4266666666666667,0.8550693392753601,5
4,6,2,0.06491531560526208,0.41333333333333333,0.8633405566215515,4
4,7,2,0.15754795125669063,0.56,0.8490042686462402,4
4,8,2,0.1203542514467601,0.6266666666666667,0.7715966105461121,4
4,9,2,0.09151340723189977,0.6266666666666667,0.8016483187675476,4
4,10,2,0.07602021279417438,0.6933333333333334,0.770477294921875,4
4,11,2,0.08441669496044504,0.72,0.7682332396507263,4
4,12,2,0.03750886843335264,0.7733333333333333,0.7422504425048828,4
4,13,2,0.06620370711691033,0.5733333333333334,-0.1519344002008438,2
4,14,2,0.12344540583240486,0.6533333333333333,0.6826096773147583,2
4,15,2,0.09677039361649807,0.8133333333333334,0.526634156703949,3
4,16,2,0.1497696762705787,0.6666666666666666,0.15929336845874786,2
4,17,2,0.04985332137851791,0.9066666666666666,0.3462756276130676,2
4,18,2,0.0,1.0,,0
4,19,2,0.04432988195830156,0.9333333333333333,0.46009308099746704,2
4,20,2,0.0,1.0,,0
4,21,2,0.0,1.0,,0
4,22,2,0.0,1.0,,0
4,23,2,0.0,1.0,,0
4,24,2,0.0,1.0,,0
4,25,2,0.007778046739024812,0.88,-0.3093687891960144,2
4,1,3,0.03163795683377344,0.16,0.3093491494655609,11
4,2,3,0.03258847605845257,0.38666666666666666,0.6634312272071838,8
4,3,3,0.031903969888724806,0.32,0.7645902633666992,5
4,4,3,0.031903969888724806,0.32,0.7645902633666992,5
4,5,3,0.04862824244436301,0.36,0.8149965405464172,4
4,6,3,0.06491531560526208,0.41333333333333333,0.8633405566215515,4
4,7,3,0.10647328816273861,0.5066666666666667,0.7373814582824707,3
4,8,3,0.1489337739049675,0.56,0.7919902801513672,3
4,9,3,0.09835633695212227,0.6533333333333333,0.8663687109947205,3
4,10,3,0.08118262925684992,0.72,0.8475896716117859,3
4,11,3,0.09156978524939074,0.7466666666666667,0.8479307293891907,3
4,12,3,0.015290573653519225,0.8266666666666667,0.8852726817131042,2
4,13,3,0.054899551148240334,0.7733333333333333,0.7310858368873596,2
4,14,3,0.12344540583240486,0.6533333333333333,0.6826096773147583,2
4,15,3,0.10719935733940644,0.84,0.7361800074577332,2
4,16,3,0.0,1.0,,0
4,17,3,0.0,1.0,,0
4,18,3,0.0,1.0,,0
4,19,3,0.0,1.0,,0
4,20,3,0.0,1.0,,0
4,21,3,0.0,1.0,,0
4,22,3,0.0,1.0,,0
4,23,3,0.0,1.0,,0
4,24,3,0.0,1.0,,0
4,25,3,0.0,1.0,,0
4,1,4,0.02059709866879034,0.16,0.39634987711906433,9
4,2,4,0.037935900532679055,0.37333333333333335,0.7478218078613281,7
4,3,4,0.031903969888724806,0.32,0.7645902633666992,5
4,4,4,0.031903969888724806,0.32,0.7645902633666992,5
4,5,4,0.04862824244436301,0.36,0.8149965405464172,4
4,6,4,0.06491531560526208,0.41333333333333333,0.8633405566215515,4
4,7,4,0.10647328816273861,0.5066666666666667,0.7373814582824707,3
4,8,4,0.1489337739049675,0.56,0.7919902801513672,3
4,9,4,0.07046426235334304,0.6933333333333334,0.8915409445762634,2
4,10,4,0.058550470422067104,0.76,0.879248857498169,2
4,11,4,0.09156978524939074,0.7466666666666667,0.8479307293891907,3
4,12,4,0.015290573653519225,0.8266666666666667,0.8852726817131042,2
4,13,4,0.054899551148240334,0.7733333333333333,0.7310858368873596,2
4,14,4,0.12344540583240486,0.6533333333333333,0.6826096177101135,2
4,15,4,0.0,1.0,,0
4,16,4,0.0,1.0,,0
4,17,4,0.0,1.0,,0
4,18,4,0.0,1.0,,0
4,19,4,0.0,1.0,,0
4,20,4,0.0,1.0,,0
4,21,4,0.0,1.0,,0
4,22,4,0.0,1.0,,0
4,23,4,0.0,1.0,,0
4,24,4,0.0,1.0,,0
4,25,4,0.0,1.0,,0
4,1,5,-0.001310508641166354,0.13333333333333333,0.33328720927238464,8
4,2,5,0.037935900532679055,0.37333333333333335,0.7478218078613281,7
4,3,5,0.031903969888724806,0.32,0.7645902633666992,5
4,4,5,0.031903969888724806,0.32,0.7645902633666992,5
4,5,5,0.04862824244436301,0.36,0.8149965405464172,4
4,6,5,0.06491531560526208,0.41333333333333333,0.8633405566215515,4
4,7,5,0.10647328816273861,0.5066666666666667,0.7373814582824707,3
4,8,5,0.1489337739049675,0.56,0.7919902801513672,3
4,9,5,0.07046426235334304,0.6933333333333334,0.8915409445762634,2
4,10,5,0.058550470422067104,0.76,0.879248857498169,2
4,11,5,0.08459072193084166,0.72,0.7404414415359497,2
4,12,5,0.015290573653519225,0.8266666666666667,0.8852726817131042,2
4,13,5,0.0,1.0,,0
4,14,5,0.12344540583240486,0.6533333333333333,0.6826096773147583,2
4,15,5,0.0,1.0,,0
4,16,5,0.0,1.0,,0
4,17,5,0.0,1.0,,0
4,18,5,0.0,1.0,,0
4,19,5,0.0,1.0,,0
4,20,5,0.0,1.0,,0
4,21,5,0.0,1.0,,0
4,22,5,0.0,1.0,,0
4,23,5,0.0,1.0,,0
4,24,5,0.0,1.0,,0
4,25,5,0.0,1.0,,0
4,1,6,0.017452682514273173,0.2,0.28732097148895264,5
4,2,6,0.0935502143150675,0.09333333333333334,0.3382287323474884,3
4,3,6,0.031903969888724806,0.32,0.7645902633666992,5
4,4,6,0.031903969888724806,0.32,0.7645902633666992,5
4,5,6,0.04862824244436301,0.36,0.8149965405464172,4
4,6,6,0.06491531560526208,0.41333333333333333,0.8633405566215515,4
4,7,6,0.10647328816273861,0.5066666666666667,0.7373814582824707,3
4,8,6,0.1489337739049675,0.56,0.7919902801513672,3
4,9,6,0.07046426235334304,0.6933333333333334,0.8915409445762634,2
4,10,6,0.0,1.0,,0
4,11,6,0.0,1.0,,0
4,12,6,0.0,1.0,,0
4,13,6,0.0,1.0,,0
4,14,6,0.12344540583240486,0.6533333333333333,0.6826096177101135,2
4,15,6,0.0,1.0,,0
4,16,6,0.0,1.0,,0
4,17,6,0.0,1.0,,0
4,18,6,0.0,1.0,,0
4,19,6,0.0,1.0,,0
4,20,6,0.0,1.0,,0
4,21,6,0.0,1.0,,0
4,22,6,0.0,1.0,,0
4,23,6,0.0,1.0,,0
4,24,6,0.0,1.0,,0
4,25,6,0.0,1.0,,0
4,1,7,0.017452682514273173,0.2,0.28732097148895264,5
4,2,7,0.0935502143150675,0.09333333333333334,0.3382287323474884,3
4,3,7,0.031903969888724806,0.32,0.7645902633666992,5
4,4,7,0.031903969888724806,0.32,0.7645902633666992,5
4,5,7,0.04862824244436301,0.36,0.8149965405464172,4
4,6,7,0.06491531560526208,0.41333333333333333,0.8633405566215515,4
4,7,7,0.10647328816273861,0.5066666666666667,0.7373814582824707,3
4,8,7,0.1489337739049675,0.56,0.7919902801513672,3
4,9,7,0.07046426235334304,0.6933333333333334,0.8915409445762634,2
4,10,7,0.0,1.0,,0
4,11,7,0.0,1.0,,0
4,12,7,0.0,1.0,,0
4,13,7,0.0,1.0,,0
4,14,7,0.0,1.0,,0
4,15,7,0.0,1.0,,0
4,16,7,0.0,1.0,,0
4,17,7,0.0,1.0,,0
4,18,7,0.0,1.0,,0
4,19,7,0.0,1.0,,0
4,20,7,0.0,1.0,,0
4,21,7,0.0,1.0,,0
4,22,7,0.0,1.0,,0
4,23,7,0.0,1.0,,0
4,24,7,0.0,1.0,,0
4,25,7,0.0,1.0,,0
4,1,8,0.028487873316847243,0.16,0.47473764419555664,4
4,2,8,0.044793471478321856,0.013333333333333334,0.5469690561294556,2
4,3,8,0.010989838415241227,0.28,0.7828564643859863,4
4,4,8,0.03576940124429373,0.21333333333333335,0.6791854500770569,3
4,5,8,0.033759962553304795,0.26666666666666666,0.4043978750705719,2
4,6,8,0.04399705494992643,0.28,0.3945554792881012,2
4,7,8,0.10647328816273861,0.5066666666666667,0.7373814582824707,3
4,8,8,0.1489337739049675,0.56,0.7919902801513672,3
4,9,8,0.07046426235334304,0.6933333333333334,0.8915409445762634,2
4,10,8,0.0,1.0,,0
4,11,8,0.0,1.0,,0
4,12,8,0.0,1.0,,0
4,13,8,0.0,1.0,,0
4,14,8,0.0,1.0,,0
4,15,8,0.0,1.0,,0
4,16,8,0.0,1.0,,0
4,17,8,0.0,1.0,,0
4,18,8,0.0,1.0,,0
4,19,8,0.0,1.0,,0
4,20,8,0.0,1.0,,0
4,21,8,0.0,1.0,,0
4,22,8,0.0,1.0,,0
4,23,8,0.0,1.0,,0
4,24,8,0.0,1.0,,0
4,25,8,0.0,1.0,,0
4,1,9,0.021667953206028497,0.16,0.5804736614227295,3
4,2,9,0.044793471478321856,0.013333333333333334,0.5469690561294556,2
4,3,9,0.021365149922881525,0.18666666666666668,0.6891360282897949,3
4,4,9,0.03576940124429373,0.21333333333333335,0.6791854500770569,3
4,5,9,0.033759962553304795,0.26666666666666666,0.4043978750705719,2
4,6,9,0.04399705494992643,0.28,0.3945554792881012,2
4,7,9,0.10647328816273861,0.5066666666666667,0.7373814582824707,3
4,8,9,0.1489337739049675,0.56,0.7919902801513672,3
4,9,9,0.07046426235334304,0.6933333333333334,0.8915409445762634,2
4,10,9,0.0,1.0,,0
4,11,9,0.0,1.0,,0
4,12,9,0.0,1.0,,0
4,13,9,0.0,1.0,,0
4,14,9,0.0,1.0,,0
4,15,9,0.0,1.0,,0
4,16,9,0.0,1.0,,0
4,17,9,0.0,1.0,,0
4,18,9,0.0,1.0,,0
4,19,9,0.0,1.0,,0
4,20,9,0.0,1.0,,0
4,21,9,0.0,1.0,,0
4,22,9,0.0,1.0,,0
4,23,9,0.0,1.0,,0
4,24,9,0.0,1.0,,0
4,25,9,0.0,1.0,,0
4,1,10,0.021667953206028497,0.16,0.5804736614227295,3
4,2,10,0.044793471478321856,0.013333333333333334,0.5469690561294556,2
4,3,10,0.021365149922881525,0.18666666666666668,0.6891360282897949,3
4,4,10,0.03576940124429373,0.21333333333333335,0.6791854500770569,3
4,5,10,0.033759962553304795,0.26666666666666666,0.4043979048728943,2
4,6,10,0.04399705494992643,0.28,0.3945554792881012,2
4,7,10,0.10647328816273861,0.5066666666666667,0.7373814582824707,3
4,8,10,0.1489337739049675,0.56,0.7919902801513672,3
4,9,10,0.07046426235334304,0.6933333333333334,0.8915409445762634,2
4,10,10,0.0,1.0,,0
4,11,10,0.0,1.0,,0
4,12,10,0.0,1.0,,0
4,13,10,0.0,1.0,,0
4,14,10,0.0,1.0,,0
4,15,10,0.0,1.0,,0
4,16,10,0.0,1.0,,0
4,17,10,0.0,1.0,,0
4,18,10,0.0,1.0,,0
4,19,10,0.0,1.0,,0
4,20,10,0.0,1.0,,0
4,21,10,0.0,1.0,,0
4,22,10,0.0,1.0,,0
4,23,10,0.0,1.0,,0
4,24,10,0.0,1.0,,0
4,25,10,0.0,1.0,,0
4,1,11,0.01853581220664889,0.08,0.3219779431819916,2
4,2,11,0.044793471478321856,0.013333333333333334,0.5469690561294556,2
4,3,11,0.021365149922881525,0.18666666666666668,0.6891360282897949,3
4,4,11,0.03576940124429373,0.21333333333333335,0.6791854500770569,3
4,5,11,0.033759962553304795,0.26666666666666666,0.4043979048728943,2
4,6,11,0.04399705494992643,0.28,0.3945554792881012,2
4,7,11,0.07315858969085959,0.49333333333333335,0.6393644213676453,2
4,8,11,0.0,1.0,,0
4,9,11,0.0,1.0,,0
4,10,11,0.0,1.0,,0
4,11,11,0.0,1.0,,0
4,12,11,0.0,1.0,,0
4,13,11,0.0,1.0,,0
4,14,11,0.0,1.0,,0
4,15,11,0.0,1.0,,0
4,16,11,0.0,1.0,,0
4,17,11,0.0,1.0,,0
4,18,11,0.0,1.0,,0
4,19,11,0.0,1.0,,0
4,20,11,0.0,1.0,,0
4,21,11,0.0,1.0,,0
4,22,11,0.0,1.0,,0
4,23,11,0.0,1.0,,0
4,24,11,0.0,1.0,,0
4,25,11,0.0,1.0,,0
4,1,12,0.01853581220664889,0.08,0.3219779431819916,2
4,2,12,0.044793471478321856,0.013333333333333334,0.5469690561294556,2
4,3,12,0.021365149922881525,0.18666666666666668,0.6891360282897949,3
4,4,12,0.03576940124429373,0.21333333333333335,0.6791854500770569,3
4,5,12,0.033759962553304795,0.26666666666666666,0.4043978750705719,2
4,6,12,0.04399705494992643,0.28,0.3945554494857788,2
4,7,12,0.07315858969085959,0.49333333333333335,0.6393644213676453,2
4,8,12,0.0,1.0,,0
4,9,12,0.0,1.0,,0
4,10,12,0.0,1.0,,0
4,11,12,0.0,1.0,,0
4,12,12,0.0,1.0,,0
4,13,12,0.0,1.0,,0
4,14,12,0.0,1.0,,0
4,15,12,0.0,1.0,,0
4,16,12,0.0,1.0,,0
4,17,12,0.0,1.0,,0
4,18,12,0.0,1.0,,0
4,19,12,0.0,1.0,,0
4,20,12,0.0,1.0,,0
4,21,12,0.0,1.0,,0
4,22,12,0.0,1.0,,0
4,23,12,0.0,1.0,,0
4,24,12,0.0,1.0,,0
4,25,12,0.0,1.0,,0
4,1,13,0.01853581220664889,0.08,0.3219779431819916,2
4,2,13,0.044793471478321856,0.013333333333333334,0.5469690561294556,2
4,3,13,0.021365149922881525,0.18666666666666668,0.6891360282897949,3
4,4,13,0.03576940124429373,0.21333333333333335,0.6791854500770569,3
4,5,13,0.033759962553304795,0.26666666666666666,0.4043978750705719,2
4,6,13,0.04399705494992643,0.28,0.3945554792881012,2
4,7,13,0.07315858969085959,0.49333333333333335,0.6393644213676453,2
4,8,13,0.0,1.0,,0
4,9,13,0.0,1.0,,0
4,10,13,0.0,1.0,,0
4,11,13,0.0,1.0,,0
4,12,13,0.0,1.0,,0
4,13,13,0.0,1.0,,0
4,14,13,0.0,1.0,,0
4,15,13,0.0,1.0,,0
4,16,13,0.0,1.0,,0
4,17,13,0.0,1.0,,0
4,18,13,0.0,1.0,,0
4,19,13,0.0,1.0,,0
4,20,13,0.0,1.0,,0
4,21,13,0.0,1.0,,0
4,22,13,0.0,1.0,,0
4,23,13,0.0,1.0,,0
4,24,13,0.0,1.0,,0
4,25,13,0.0,1.0,,0
4,1,14,0.01853581220664889,0.08,0.3219779431819916,2
4,2,14,0.044793471478321856,0.013333333333333334,0.5469690561294556,2
4,3,14,0.021365149922881525,0.18666666666666668,0.6891360282897949,3
4,4,14,0.03576940124429373,0.21333333333333335,0.6791854500770569,3
4,5,14,0.033759962553304795,0.26666666666666666,0.4043979048728943,2
4,6,14,0.04399705494992643,0.28,0.3945554792881012,2
4,7,14,0.07315858969085959,0.49333333333333335,0.6393644213676453,2
4,8,14,0.0,1.0,,0
4,9,14,0.0,1.0,,0
4,10,14,0.0,1.0,,0
4,11,14,0.0,1.0,,0
4,12,14,0.0,1.0,,0
4,13,14,0.0,1.0,,0
4,14,14,0.0,1.0,,0
4,15,14,0.0,1.0,,0
4,16,14,0.0,1.0,,0
4,17,14,0.0,1.0,,0
4,18,14,0.0,1.0,,0
4,19,14,0.0,1.0,,0
4,20,14,0.0,1.0,,0
4,21,14,0.0,1.0,,0
4,22,14,0.0,1.0,,0
4,23,14,0.0,1.0,,0
4,24,14,0.0,1.0,,0
4,25,14,0.0,1.0,,0
4,1,15,0.01853581220664889,0.08,0.3219779431819916,2
4,2,15,0.044793471478321856,0.013333333333333334,0.5469690561294556,2
4,3,15,0.021365149922881525,0.18666666666666668,0.6891360282897949,3
4,4,15,0.03576940124429373,0.21333333333333335,0.6791854500770569,3
4,5,15,0.033759962553304795,0.26666666666666666,0.4043978750705719,2
4,6,15,0.04399705494992643,0.28,0.3945554792881012,2
4,7,15,0.0,1.0,,0
4,8,15,0.0,1.0,,0
4,9,15,0.0,1.0,,0
4,10,15,0.0,1.0,,0
4,11,15,0.0,1.0,,0
4,12,15,0.0,1.0,,0
4,13,15,0.0,1.0,,0
4,14,15,0.0,1.0,,0
4,15,15,0.0,1.0,,0
4,16,15,0.0,1.0,,0
4,17,15,0.0,1.0,,0
4,18,15,0.0,1.0,,0
4,19,15,0.0,1.0,,0
4,20,15,0.0,1.0,,0
4,21,15,0.0,1.0,,0
4,22,15,0.0,1.0,,0
4,23,15,0.0,1.0,,0
4,24,15,0.0,1.0,,0
4,25,15,0.0,1.0,,0
4,1,16,0.01853581220664889,0.08,0.3219779431819916,2
4,2,16,0.044793471478321856,0.013333333333333334,0.5469690561294556,2
4,3,16,0.021365149922881525,0.18666666666666668,0.6891360282897949,3
4,4,16,0.03576940124429373,0.21333333333333335,0.6791854500770569,3
4,5,16,0.033759962553304795,0.26666666666666666,0.4043979048728943,2
4,6,16,0.0,1.0,,0
4,7,16,0.0,1.0,,0
4,8,16,0.0,1.0,,0
4,9,16,0.0,1.0,,0
4,10,16,0.0,1.0,,0
4,11,16,0.0,1.0,,0
4,12,16,0.0,1.0,,0
4,13,16,0.0,1.0,,0
4,14,16,0.0,1.0,,0
4,15,16,0.0,1.0,,0
4,16,16,0.0,1.0,,0
4,17,16,0.0,1.0,,0
4,18,16,0.0,1.0,,0
4,19,16,0.0,1.0,,0
4,20,16,0.0,1.0,,0
4,21,16,0.0,1.0,,0
4,22,16,0.0,1.0,,0
4,23,16,0.0,1.0,,0
4,24,16,0.0,1.0,,0
4,25,16,0.0,1.0,,0
4,1,17,0.01853581220664889,0.08,0.3219779431819916,2
4,2,17,0.044793471478321856,0.013333333333333334,0.5469690561294556,2
4,3,17,0.021365149922881525,0.18666666666666668,0.6891360282897949,3
4,4,17,0.03576940124429373,0.21333333333333335,0.6791854500770569,3
4,5,17,0.0,1.0,,0
4,6,17,0.0,1.0,,0
4,7,17,0.0,1.0,,0
4,8,17,0.0,1.0,,0
4,9,17,0.0,1.0,,0
4,10,17,0.0,1.0,,0
4,11,17,0.0,1.0,,0
4,12,17,0.0,1.0,,0
4,13,17,0.0,1.0,,0
4,14,17,0.0,1.0,,0
4,15,17,0.0,1.0,,0
4,16,17,0.0,1.0,,0
4,17,17,0.0,1.0,,0
4,18,17,0.0,1.0,,0
4,19,17,0.0,1.0,,0
4,20,17,0.0,1.0,,0
4,21,17,0.0,1.0,,0
4,22,17,0.0,1.0,,0
4,23,17,0.0,1.0,,0
4,24,17,0.0,1.0,,0
4,25,17,0.0,1.0,,0
4,1,18,-0.003293767293170303,0.38666666666666666,0.5821855664253235,2
4,2,18,0.044793471478321856,0.013333333333333334,0.5469690561294556,2
4,3,18,-0.006092365181437057,0.41333333333333333,0.7358334064483643,2
4,4,18,0.02261012163791301,0.21333333333333335,0.42389219999313354,2
4,5,18,0.0,1.0,,0
4,6,18,0.0,1.0,,0
4,7,18,0.0,1.0,,0
4,8,18,0.0,1.0,,0
4,9,18,0.0,1.0,,0
4,10,18,0.0,1.0,,0
4,11,18,0.0,1.0,,0
4,12,18,0.0,1.0,,0
4,13,18,0.0,1.0,,0
4,14,18,0.0,1.0,,0
4,15,18,0.0,1.0,,0
4,16,18,0.0,1.0,,0
4,17,18,0.0,1.0,,0
4,18,18,0.0,1.0,,0
4,19,18,0.0,1.0,,0
4,20,18,0.0,1.0,,0
4,21,18,0.0,1.0,,0
4,22,18,0.0,1.0,,0
4,23,18,0.0,1.0,,0
4,24,18,0.0,1.0,,0
4,25,18,0.0,1.0,,0
4,1,19,0.0,1.0,,0
4,2,19,0.044793471478321856,0.013333333333333334,0.5469690561294556,2
4,3,19,-0.006092365181437057,0.41333333333333333,0.7358334064483643,2
4,4,19,0.0,1.0,,0
4,5,19,0.0,1.0,,0
4,6,19,0.0,1.0,,0
4,7,19,0.0,1.0,,0
4,8,19,0.0,1.0,,0
4,9,19,0.0,1.0,,0
4,10,19,0.0,1.0,,0
4,11,19,0.0,1.0,,0
4,12,19,0.0,1.0,,0
4,13,19,0.0,1.0,,0
4,14,19,0.0,1.0,,0
4,15,19,0.0,1.0,,0
4,16,19,0.0,1.0,,0
4,17,19,0.0,1.0,,0
4,18,19,0.0,1.0,,0
4,19,19,0.0,1.0,,0
4,20,19,0.0,1.0,,0
4,21,19,0.0,1.0,,0
4,22,19,0.0,1.0,,0
4,23,19,0.0,1.0,,0
4,24,19,0.0,1.0,,0
4,25,19,0.0,1.0,,0
4,1,20,0.0,1.0,,0
4,2,20,0.044793471478321856,0.013333333333333334,0.5469690561294556,2
4,3,20,0.0,1.0,,0
4,4,20,0.0,1.0,,0
4,5,20,0.0,1.0,,0
4,6,20,0.0,1.0,,0
4,7,20,0.0,1.0,,0
4,8,20,0.0,1.0,,0
4,9,20,0.0,1.0,,0
4,10,20,0.0,1.0,,0
4,11,20,0.0,1.0,,0
4,12,20,0.0,1.0,,0
4,13,20,0.0,1.0,,0
4,14,20,0.0,1.0,,0
4,15,20,0.0,1.0,,0
4,16,20,0.0,1.0,,0
4,17,20,0.0,1.0,,0
4,18,20,0.0,1.0,,0
4,19,20,0.0,1.0,,0
4,20,20,0.0,1.0,,0
4,21,20,0.0,1.0,,0
4,22,20,0.0,1.0,,0
4,23,20,0.0,1.0,,0
4,24,20,0.0,1.0,,0
4,25,20,0.0,1.0,,0
4,1,21,0.0,1.0,,0
4,2,21,0.044793471478321856,0.013333333333333334,0.5469690561294556,2
4,3,21,0.0,1.0,,0
4,4,21,0.0,1.0,,0
4,5,21,0.0,1.0,,0
4,6,21,0.0,1.0,,0
4,7,21,0.0,1.0,,0
4,8,21,0.0,1.0,,0
4,9,21,0.0,1.0,,0
4,10,21,0.0,1.0,,0
4,11,21,0.0,1.0,,0
4,12,21,0.0,1.0,,0
4,13,21,0.0,1.0,,0
4,14,21,0.0,1.0,,0
4,15,21,0.0,1.0,,0
4,16,21,0.0,1.0,,0
4,17,21,0.0,1.0,,0
4,18,21,0.0,1.0,,0
4,19,21,0.0,1.0,,0
4,20,21,0.0,1.0,,0
4,21,21,0.0,1.0,,0
4,22,21,0.0,1.0,,0
4,23,21,0.0,1.0,,0
4,24,21,0.0,1.0,,0
4,25,21,0.0,1.0,,0
4,1,22,0.0,1.0,,0
4,2,22,0.044793471478321856,0.013333333333333334,0.5469690561294556,2
4,3,22,0.0,1.0,,0
4,4,22,0.0,1.0,,0
4,5,22,0.0,1.0,,0
4,6,22,0.0,1.0,,0
4,7,22,0.0,1.0,,0
4,8,22,0.0,1.0,,0
4,9,22,0.0,1.0,,0
4,10,22,0.0,1.0,,0
4,11,22,0.0,1.0,,0
4,12,22,0.0,1.0,,0
4,13,22,0.0,1.0,,0
4,14,22,0.0,1.0,,0
4,15,22,0.0,1.0,,0
4,16,22,0.0,1.0,,0
4,17,22,0.0,1.0,,0
4,18,22,0.0,1.0,,0
4,19,22,0.0,1.0,,0
4,20,22,0.0,1.0,,0
4,21,22,0.0,1.0,,0
4,22,22,0.0,1.0,,0
4,23,22,0.0,1.0,,0
4,24,22,0.0,1.0,,0
4,25,22,0.0,1.0,,0
4,1,23,0.0,1.0,,0
4,2,23,0.044793471478321856,0.013333333333333334,0.5469690561294556,2
4,3,23,0.0,1.0,,0
4,4,23,0.0,1.0,,0
4,5,23,0.0,1.0,,0
4,6,23,0.0,1.0,,0
4,7,23,0.0,1.0,,0
4,8,23,0.0,1.0,,0
4,9,23,0.0,1.0,,0
4,10,23,0.0,1.0,,0
4,11,23,0.0,1.0,,0
4,12,23,0.0,1.0,,0
4,13,23,0.0,1.0,,0
4,14,23,0.0,1.0,,0
4,15,23,0.0,1.0,,0
4,16,23,0.0,1.0,,0
4,17,23,0.0,1.0,,0
4,18,23,0.0,1.0,,0
4,19,23,0.0,1.0,,0
4,20,23,0.0,1.0,,0
4,21,23,0.0,1.0,,0
4,22,23,0.0,1.0,,0
4,23,23,0.0,1.0,,0
4,24,23,0.0,1.0,,0
4,25,23,0.0,1.0,,0
4,1,24,0.0,1.0,,0
4,2,24,0.044793471478321856,0.013333333333333334,0.5469690561294556,2
4,3,24,0.0,1.0,,0
4,4,24,0.0,1.0,,0
4,5,24,0.0,1.0,,0
4,6,24,0.0,1.0,,0
4,7,24,0.0,1.0,,0
4,8,24,0.0,1.0,,0
4,9,24,0.0,1.0,,0
4,10,24,0.0,1.0,,0
4,11,24,0.0,1.0,,0
4,12,24,0.0,1.0,,0
4,13,24,0.0,1.0,,0
4,14,24,0.0,1.0,,0
4,15,24,0.0,1.0,,0
4,16,24,0.0,1.0,,0
4,17,24,0.0,1.0,,0
4,18,24,0.0,1.0,,0
4,19,24,0.0,1.0,,0
4,20,24,0.0,1.0,,0
4,21,24,0.0,1.0,,0
4,22,24,0.0,1.0,,0
4,23,24,0.0,1.0,,0
4,24,24,0.0,1.0,,0
4,25,24,0.0,1.0,,0
4,1,25,0.0,1.0,,0
4,2,25,0.044793471478321856,0.013333333333333334,0.5469690561294556,2
4,3,25,0.0,1.0,,0
4,4,25,0.0,1.0,,0
4,5,25,0.0,1.0,,0
4,6,25,0.0,1.0,,0
4,7,25,0.0,1.0,,0
4,8,25,0.0,1.0,,0
4,9,25,0.0,1.0,,0
4,10,25,0.0,1.0,,0
4,11,25,0.0,1.0,,0
4,12,25,0.0,1.0,,0
4,13,25,0.0,1.0,,0
4,14,25,0.0,1.0,,0
4,15,25,0.0,1.0,,0
4,16,25,0.0,1.0,,0
4,17,25,0.0,1.0,,0
4,18,25,0.0,1.0,,0
4,19,25,0.0,1.0,,0
4,20,25,0.0,1.0,,0
4,21,25,0.0,1.0,,0
4,22,25,0.0,1.0,,0
4,23,25,0.0,1.0,,0
4,24,25,0.0,1.0,,0
4,25,25,0.0,1.0,,0
5,1,2,0.03747894025625038,0.12,0.352753609418869,24
5,2,2,0.11200855895364865,0.48,0.6291643381118774,10
5,3,2,0.004584126801925903,0.3466666666666667,0.21614280343055725,6
5,4,2,0.011439753142169051,0.5466666666666666,0.8584954142570496,5
5,5,2,0.04028643335380641,0.6266666666666667,0.9233397841453552,3
5,6,2,0.03685108710933265,0.5866666666666667,0.848033607006073,3
5,7,2,0.02851356311515877,0.5866666666666667,0.8627181053161621,3
5,8,2,0.05549885769508311,0.68,0.8529434204101562,3
5,9,2,0.03886752122655511,0.5866666666666667,0.7708031535148621,2
5,10,2,0.03872754261826944,0.6533333333333333,0.8250936269760132,3
5,11,2,0.035048031988996094,0.5866666666666667,0.7443811893463135,2
5,12,2,0.06314240815656916,0.6533333333333333,0.7864606380462646,2
5,13,2,0.030902829870109644,0.7066666666666667,0.6571199893951416,2
5,14,2,0.012499555179979846,0.8266666666666667,0.6996324062347412,2
5,15,2,-0.025310994650099325,0.8666666666666667,0.5570886135101318,3
5,16,2,0.0,1.0,,0
5,17,2,0.00021251521415734863,0.6,0.23787952959537506,2
5,18,2,0.0,1.0,,0
5,19,2,0.0,1.0,,0
5,20,2,0.0,1.0,,0
5,21,2,0.0,1.0,,0
5,22,2,0.0,1.0,,0
5,23,2,0.0,1.0,,0
5,24,2,0.0,1.0,,0
5,25,2,0.0,1.0,,0
5,1,3,0.03894141028077388,0.3466666666666667,0.4298786520957947,11
5,2,3,0.038279299720039656,0.37333333333333335,0.5641084909439087,7
5,3,3,0.01200429075604104,0.37333333333333335,0.2650911211967468,5
5,4,3,0.01269893497720767,0.5733333333333334,0.8818151950836182,4
5,5,3,0.04028643335380641,0.6266666666666667,0.9233397841453552,3
5,6,3,0.03685108710933265,0.5866666666666667,0.848033607006073,3
5,7,3,0.02851356311515877,0.5866666666666667,0.8627181053161621,3
5,8,3,0.0461841905118868,0.5466666666666666,0.778799831867218,2
5,9,3,0.03886752122655511,0.5866666666666667,0.7708031535148621,2
5,10,3,0.03872754261826944,0.6533333333333333,0.8250936269760132,3
5,11,3,0.035048031988996094,0.5866666666666667,0.7443811893463135,2
5,12,3,0.06314240815656916,0.6533333333333333,0.7864606380462646,2
5,13,3,0.030902829870109644,0.7066666666666667,0.6571199893951416,2
5,14,3,0.012499555179979846,0.8266666666666667,0.6996324062347412,2
5,15,3,0.0,1.0,,0
5,16,3,0.0,1.0,,0
5,17,3,0.0,1.0,,0
5,18,3,0.0,1.0,,0
5,19,3,0.0,1.0,,0
5,20,3,0.0,1.0,,0
5,21,3,0.0,1.0,,0
5,22,3,0.0,1.0,,0
5,23,3,0.0,1.0,,0
5,24,3,0.0,1.0,,0
5,25,3,0.0,1.0,,0
5,1,4,0.018529312555273642,0.30666666666666664,0.2150694578886032,6
5,2,4,-0.003445613999212741,0.26666666666666666,0.15897206962108612,5
5,3,4,0.01200429075604104,0.37333333333333335,0.2650911211967468,5
5,4,4,0.026982453772886803,0.6133333333333333,0.8970423340797424,3
5,5,4,0.04028643335380641,0.6266666666666667,0.9233397841453552,3
5,6,4,0.03685108710933265,0.5866666666666667,0.848033607006073,3
5,7,4,0.02851356311515877,0.5866666666666667,0.8627181053161621,3
5,8,4,0.0461841905118868,0.5466666666666666,0.778799831867218,2
5,9,4,0.03886752122655511,0.5866666666666667,0.7708031535148621,2
5,10,4,0.03302156387721896,0.5733333333333334,0.7771064639091492,2
5,11,4,0.035048031988996094,0.5866666666666667,0.7443812489509583,2
5,12,4,0.06314240815656916,0.6533333333333333,0.7864606380462646,2
5,13,4,0.030902829870109644,0.7066666666666667,0.6571199893951416,2
5,14,4,0.012499555179979846,0.8266666666666667,0.6996324062347412,2
5,15,4,0.0,1.0,,0
5,16,4,0.0,1.0,,0
5,17,4,0.0,1.0,,0
5,18,4,0.0,1.0,,0
5,19,4,0.0,1.0,,0
5,20,4,0.0,1.0,,0
5,21,4,0.0,1.0,,0
5,22,4,0.0,1.0,,0
5,23,4,0.0,1.0,,0
5,24,4,0.0,1.0,,0
5,25,4,0.0,1.0,,0
5,1,5,0.03304361249893987,0.41333333333333333,0.523742139339447,4
5,2,5,0.0013970526162458523,0.32,0.44330894947052,4
5,3,5,0.01200429075604104,0.37333333333333335,0.2650911211967468,5
5,4,5,0.026982453772886803,0.6133333333333333,0.8970423340797424,3
5,5,5,0.04028643335380641,0.6266666666666667,0.9233397841453552,3
5,6,5,0.03685108710933265,0.5866666666666667,0.848033607006073,3
5,7,5,0.02851356311515877,0.5866666666666667,0.8627181053161621,3
5,8,5,0.0461841905118868,0.5466666666666666,0.778799831867218,2
5,9,5,0.03886752122655511,0.5866666666666667,0.7708031535148621,2
5,10,5,0.03302156387721896,0.5733333333333334,0.7771064043045044,2
5,11,5,0.035048031988996094,0.5866666666666667,0.7443812489509583,2
5,12,5,0.06314240815656916,0.6533333333333333,0.7864606380462646,2
5,13,5,0.030902829870109644,0.7066666666666667,0.6571199893951416,2
5,14,5,0.0,1.0,,0
5,15,5,0.0,1.0,,0
5,16,5,0.0,1.0,,0
5,17,5,0.0,1.0,,0
5,18,5,0.0,1.0,,0
5,19,5,0.0,1.0,,0
5,20,5,0.0,1.0,,0
5,21,5,0.0,1.0,,0
5,22,5,0.0,1.0,,0
5,23,5,0.0,1.0,,0
5,24,5,0.0,1.0,,0
5,25,5,0.0,1.0,,0
5,1,6,0.03304361249893987,0.41333333333333333,0.523742139339447,4
5,2,6,0.0013970526162458523,0.32,0.4433090090751648,4
5,3,6,0.017243214161133783,0.5066666666666667,0.5202452540397644,3
5,4,6,0.026982453772886803,0.6133333333333333,0.8970423340797424,3
5,5,6,0.04028643335380641,0.6266666666666667,0.9233397841453552,3
5,6,6,0.03685108710933265,0.5866666666666667,0.848033607006073,3
5,7,6,0.02851356311515877,0.5866666666666667,0.8627181053161621,3
5,8,6,0.0461841905118868,0.5466666666666666,0.778799831867218,2
5,9,6,0.03886752122655511,0.5866666666666667,0.7708031535148621,2
5,10,6,0.03302156387721896,0.5733333333333334,0.7771064639091492,2
5,11,6,0.035048031988996094,0.5866666666666667,0.7443811893463135,2
5,12,6,0.06314240815656916,0.6533333333333333,0.7864606380462646,2
5,13,6,0.030902829870109644,0.7066666666666667,0.6571199893951416,2
5,14,6,0.0,1.0,,0
5,15,6,0.0,1.0,,0
5,16,6,0.0,1.0,,0
5,17,6,0.0,1.0,,0
5,18,6,0.0,1.0,,0
5,19,6,0.0,1.0,,0
5,20,6,0.0,1.0,,0
5,21,6,0.0,1.0,,0
5,22,6,0.0,1.0,,0
5,23,6,0.0,1.0,,0
5,24,6,0.0,1.0,,0
5,25,6,0.0,1.0,,0
5,1,7,0.03376622646617865,0.38666666666666666,0.4927818179130554,3
5,2,7,-0.011602823692728996,0.04,0.18499214947223663,2
5,3,7,0.03112805503833381,0.4666666666666667,0.6250237226486206,2
5,4,7,0.041655032551030945,0.5333333333333333,0.7469853162765503,2
5,5,7,0.04179943579058881,0.56,0.7728501558303833,2
5,6,7,0.03685108710933265,0.5866666666666667,0.848033607006073,3
5,7,7,0.02851356311515877,0.5866666666666667,0.8627181053161621,3
5,8,7,0.0461841905118868,0.5466666666666666,0.778799831867218,2
5,9,7,0.03886752122655511,0.5866666666666667,0.7708031535148621,2
5,10,7,0.03302156387721896,0.5733333333333334,0.7771064639091492,2
5,11,7,0.035048031988996094,0.5866666666666667,0.7443811893463135,2
5,12,7,0.06314240815656916,0.6533333333333333,0.7864606380462646,2
5,13,7,0.0,1.0,,0
5,14,7,0.0,1.0,,0
5,15,7,0.0,1.0,,0
5,16,7,0.0,1.0,,0
5,17,7,0.0,1.0,,0
5,18,7,0.0,1.0,,0
5,19,7,0.0,1.0,,0
5,20,7,0.0,1.0,,0
5,21,7,0.0,1.0,,0
5,22,7,0.0,1.0,,0
5,23,7,0.0,1.0,,0
5,24,7,0.0,1.0,,0
5,25,7,0.0,1.0,,0
5,1,8,0.025176403748316645,0.48,0.6482531428337097,2
5,2,8,-0.011602823692728996,0.04,0.18499213457107544,2
5,3,8,0.03112805503833381,0.4666666666666667,0.6250237226486206,2
5,4,8,0.041655032551030945,0.5333333333333333,0.7469853162765503,2
5,5,8,0.04179943579058881,0.56,0.7728502154350281,2
5,6,8,0.03685108710933265,0.5866666666666667,0.848033607006073,3
5,7,8,0.02851356311515877,0.5866666666666667,0.8627181053161621,3
5,8,8,0.0461841905118868,0.5466666666666666,0.778799831867218,2
5,9,8,0.03886752122655511,0.5866666666666667,0.7708031535148621,2
5,10,8,0.03302156387721896,0.5733333333333334,0.7771064043045044,2
5,11,8,0.035048031988996094,0.5866666666666667,0.7443812489509583,2
5,12,8,0.06314240815656916,0.6533333333333333,0.7864606380462646,2
5,13,8,0.0,1.0,,0
5,14,8,0.0,1.0,,0
5,15,8,0.0,1.0,,0
5,16,8,0.0,1.0,,0
5,17,8,0.0,1.0,,0
5,18,8,0.0,1.0,,0
5,19,8,0.0,1.0,,0
5,20,8,0.0,1.0,,0
5,21,8,0.0,1.0,,0
5,22,8,0.0,1.0,,0
5,23,8,0.0,1.0,,0
5,24,8,0.0,1.0,,0
5,25,8,0.0,1.0,,0
5,1,9,0.025176403748316645,0.48,0.6482531428337097,2
5,2,9,-0.011602823692728996,0.04,0.18499214947223663,2
5,3,9,0.03112805503833381,0.4666666666666667,0.6250237226486206,2
5,4,9,0.041655032551030945,0.5333333333333333,0.7469853162765503,2
5,5,9,0.04179943579058881,0.56,0.7728501558303833,2
5,6,9,0.03685108710933265,0.5866666666666667,0.848033607006073,3
5,7,9,0.04238276079523387,0.52,0.7907267808914185,2
5,8,9,0.0461841905118868,0.5466666666666666,0.778799831867218,2
5,9,9,0.03886752122655511,0.5866666666666667,0.7708031535148621,2
5,10,9,0.03302156387721896,0.5733333333333334,0.7771064639091492,2
5,11,9,0.035048031988996094,0.5866666666666667,0.7443811893463135,2
5,12,9,0.06314240815656916,0.6533333333333333,0.7864606380462646,2
5,13,9,0.0,1.0,,0
5,14,9,0.0,1.0,,0
5,15,9,0.0,1.0,,0
5,16,9,0.0,1.0,,0
5,17,9,0.0,1.0,,0
5,18,9,0.0,1.0,,0
5,19,9,0.0,1.0,,0
5,20,9,0.0,1.0,,0
5,21,9,0.0,1.0,,0
5,22,9,0.0,1.0,,0
5,23,9,0.0,1.0,,0
5,24,9,0.0,1.0,,0
5,25,9,0.0,1.0,,0
5,1,10,0.025176403748316645,0.48,0.6482531428337097,2
5,2,10,-0.011602823692728996,0.04,0.18499214947223663,2
5,3,10,0.03112805503833381,0.4666666666666667,0.6250237226486206,2
5,4,10,0.041655032551030945,0.5333333333333333,0.7469853162765503,2
5,5,10,0.04179943579058881,0.56,0.7728502154350281,2
5,6,10,0.033998425006675874,0.5333333333333333,0.7981148958206177,2
5,7,10,0.04238276079523387,0.52,0.7907267808914185,2
5,8,10,0.0461841905118868,0.5466666666666666,0.778799831867218,2
5,9,10,0.03886752122655511,0.5866666666666667,0.7708031535148621,2
5,10,10,0.03302156387721896,0.5733333333333334,0.7771064043045044,2
5,11,10,0.035048031988996094,0.5866666666666667,0.7443811893463135,2
5,12,10,0.06314240815656916,0.6533333333333333,0.7864606380462646,2
5,13,10,0.0,1.0,,0
5,14,10,0.0,1.0,,0
5,15,10,0.0,1.0,,0
5,16,10,0.0,1.0,,0
5,17,10,0.0,1.0,,0
5,18,10,0.0,1.0,,0
5,19,10,0.0,1.0,,0
5,20,10,0.0,1.0,,0
5,21,10,0.0,1.0,,0
5,22,10,0.0,1.0,,0
5,23,10,0.0,1.0,,0
5,24,10,0.0,1.0,,0
5,25,10,0.0,1.0,,0
5,1,11,0.025176403748316645,0.48,0.6482531428337097,2
5,2,11,-0.011602823692728996,0.04,0.18499214947223663,2
5,3,11,0.03112805503833381,0.4666666666666667,0.6250237226486206,2
5,4,11,0.041655032551030945,0.5333333333333333,0.7469853162765503,2
5,5,11,0.04179943579058881,0.56,0.7728501558303833,2
5,6,11,0.033998425006675874,0.5333333333333333,0.7981148958206177,2
5,7,11,0.04238276079523387,0.52,0.7907267212867737,2
5,8,11,0.0461841905118868,0.5466666666666666,0.778799831867218,2
5,9,11,0.03886752122655511,0.5866666666666667,0.7708031535148621,2
5,10,11,0.03302156387721896,0.5733333333333334,0.7771064639091492,2
5,11,11,0.035048031988996094,0.5866666666666667,0.7443812489509583,2
5,12,11,0.06314240815656916,0.6533333333333333,0.7864606380462646,2
5,13,11,0.0,1.0,,0
5,14,11,0.0,1.0,,0
5,15,11,0.0,1.0,,0
5,16,11,0.0,1.0,,0
5,17,11,0.0,1.0,,0
5,18,11,0.0,1.0,,0
5,19,11,0.0,1.0,,0
5,20,11,0.0,1.0,,0
5,21,11,0.0,1.0,,0
5,22,11,0.0,1.0,,0
5,23,11,0.0,1.0,,0
5,24,11,0.0,1.0,,0
5,25,11,0.0,1.0,,0
5,1,12,0.025176403748316645,0.48,0.6482531428337097,2
5,2,12,-0.011602823692728996,0.04,0.18499214947223663,2
5,3,12,0.03112805503833381,0.4666666666666667,0.6250237226486206,2
5,4,12,0.041655032551030945,0.5333333333333333,0.7469853162765503,2
5,5,12,0.04179943579058881,0.56,0.7728501558303833,2
5,6,12,0.033998425006675874,0.5333333333333333,0.7981148958206177,2
5,7,12,0.04238276079523387,0.52,0.7907267808914185,2
5,8,12,0.0,1.0,,0
5,9,12,0.0,1.0,,0
5,10,12,0.0,1.0,,0
5,11,12,0.035048031988996094,0.5866666666666667,0.7443811893463135,2
5,12,12,0.06314240815656916,0.6533333333333333,0.7864606380462646,2
5,13,12,0.0,1.0,,0
5,14,12,0.0,1.0,,0
5,15,12,0.0,1.0,,0
5,16,12,0.0,1.0,,0
5,17,12,0.0,1.0,,0
5,18,12,0.0,1.0,,0
5,19,12,0.0,1.0,,0
5,20,12,0.0,1.0,,0
5,21,12,0.0,1.0,,0
5,22,12,0.0,1.0,,0
5,23,12,0.0,1.0,,0
5,24,12,0.0,1.0,,0
5,25,12,0.0,1.0,,0
5,1,13,0.025176403748316645,0.48,0.6482531428337097,2
5,2,13,-0.011602823692728996,0.04,0.18499214947223663,2
5,3,13,0.03112805503833381,0.4666666666666667,0.6250237226486206,2
5,4,13,0.0,1.0,,0
5,5,13,0.0,1.0,,0
5,6,13,0.033998425006675874,0.5333333333333333,0.7981148958206177,2
5,7,13,0.04238276079523387,0.52,0.7907267212867737,2
5,8,13,0.0,1.0,,0
5,9,13,0.0,1.0,,0
5,10,13,0.0,1.0,,0
5,11,13,0.0,1.0,,0
5,12,13,0.0,1.0,,0
5,13,13,0.0,1.0,,0
5,14,13,0.0,1.0,,0
5,15,13,0.0,1.0,,0
5,16,13,0.0,1.0,,0
5,17,13,0.0,1.0,,0
5,18,13,0.0,1.0,,0
5,19,13,0.0,1.0,,0
5,20,13,0.0,1.0,,0
5,21,13,0.0,1.0,,0
5,22,13,0.0,1.0,,0
5,23,13,0.0,1.0,,0
5,24,13,0.0,1.0,,0
5,25,13,0.0,1.0,,0
5,1,14,0.025176403748316645,0.48,0.6482531428337097,2
5,2,14,0.028375044060627443,0.4666666666666667,0.6168179512023926,2
5,3,14,0.03112805503833381,0.4666666666666667,0.6250237226486206,2
5,4,14,0.0,1.0,,0
5,5,14,0.0,1.0,,0
5,6,14,0.0,1.0,,0
5,7,14,0.0,1.0,,0
5,8,14,0.0,1.0,,0
5,9,14,0.0,1.0,,0
5,10,14,0.0,1.0,,0
5,11,14,0.0,1.0,,0
5,12,14,0.0,1.0,,0
5,13,14,0.0,1.0,,0
5,14,14,0.0,1.0,,0
5,15,14,0.0,1.0,,0
5,16,14,0.0,1.0,,0
5,17,14,0.0,1.0,,0
5,18,14,0.0,1.0,,0
5,19,14,0.0,1.0,,0
5,20,14,0.0,1.0,,0
5,21,14,0.0,1.0,,0
5,22,14,0.0,1.0,,0
5,23,14,0.0,1.0,,0
5,24,14,0.0,1.0,,0
5,25,14,0.0,1.0,,0
5,1,15,0.025176403748316645,0.48,0.6482531428337097,2
5,2,15,0.028375044060627443,0.4666666666666667,0.6168178915977478,2
5,3,15,0.03112805503833381,0.4666666666666667,0.6250237226486206,2
5,4,15,0.0,1.0,,0
5,5,15,0.0,1.0,,0
5,6,15,0.0,1.0,,0
5,7,15,0.0,1.0,,0
5,8,15,0.0,1.0,,0
5,9,15,0.0,1.0,,0
5,10,15,0.0,1.0,,0
5,11,15,0.0,1.0,,0
5,12,15,0.0,1.0,,0
5,13,15,0.0,1.0,,0
5,14,15,0.0,1.0,,0
5,15,15,0.0,1.0,,0
5,16,15,0.0,1.0,,0
5,17,15,0.0,1.0,,0
5,18,15,0.0,1.0,,0
5,19,15,0.0,1.0,,0
5,20,15,0.0,1.0,,0
5,21,15,0.0,1.0,,0
5,22,15,0.0,1.0,,0
5,23,15,0.0,1.0,,0
5,24,15,0.0,1.0,,0
5,25,15,0.0,1.0,,0
5,1,16,0.025176403748316645,0.48,0.6482531428337097,2
5,2,16,0.028375044060627443,0.4666666666666667,0.6168179512023926,2
5,3,16,0.03112805503833381,0.4666666666666667,0.6250237226486206,2
5,4,16,0.0,1.0,,0
5,5,16,0.0,1.0,,0
5,6,16,0.0,1.0,,0
5,7,16,0.0,1.0,,0
5,8,16,0.0,1.0,,0
5,9,16,0.0,1.0,,0
5,10,16,0.0,1.0,,0
5,11,16,0.0,1.0,,0
5,12,16,0.0,1.0,,0
5,13,16,0.0,1.0,,0
5,14,16,0.0,1.0,,0
5,15,16,0.0,1.0,,0
5,16,16,0.0,1.0,,0
5,17,16,0.0,1.0,,0
5,18,16,0.0,1.0,,0
5,19,16,0.0,1.0,,0
5,20,16,0.0,1.0,,0
5,21,16,0.0,1.0,,0
5,22,16,0.0,1.0,,0
5,23,16,0.0,1.0,,0
5,24,16,0.0,1.0,,0
5,25,16,0.0,1.0,,0
5,1,17,0.025176403748316645,0.48,0.6482531428337097,2
5,2,17,0.028375044060627443,0.4666666666666667,0.6168179512023926,2
5,3,17,0.03112805503833381,0.4666666666666667,0.6250237226486206,2
5,4,17,0.0,1.0,,0
5,5,17,0.0,1.0,,0
5,6,17,0.0,1.0,,0
5,7,17,0.0,1.0,,0
5,8,17,0.0,1.0,,0
5,9,17,0.0,1.0,,0
5,10,17,0.0,1.0,,0
5,11,17,0.0,1.0,,0
5,12,17,0.0,1.0,,0
5,13,17,0.0,1.0,,0
5,14,17,0.0,1.0,,0
5,15,17,0.0,1.0,,0
5,16,17,0.0,1.0,,0
5,17,17,0.0,1.0,,0
5,18,17,0.0,1.0,,0
5,19,17,0.0,1.0,,0
5,20,17,0.0,1.0,,0
5,21,17,0.0,1.0,,0
5,22,17,0.0,1.0,,0
5,23,17,0.0,1.0,,0
5,24,17,0.0,1.0,,0
5,25,17,0.0,1.0,,0
5,1,18,0.025176403748316645,0.48,0.6482531428337097,2
5,2,18,0.028375044060627443,0.4666666666666667,0.6168178915977478,2
5,3,18,0.03112805503833381,0.4666666666666667,0.6250237226486206,2
5,4,18,0.0,1.0,,0
5,5,18,0.0,1.0,,0
5,6,18,0.0,1.0,,0
5,7,18,0.0,1.0,,0
5,8,18,0.0,1.0,,0
5,9,18,0.0,1.0,,0
5,10,18,0.0,1.0,,0
5,11,18,0.0,1.0,,0
5,12,18,0.0,1.0,,0
5,13,18,0.0,1.0,,0
5,14,18,0.0,1.0,,0
5,15,18,0.0,1.0,,0
5,16,18,0.0,1.0,,0
5,17,18,0.0,1.0,,0
5,18,18,0.0,1.0,,0
5,19,18,0.0,1.0,,0
5,20,18,0.0,1.0,,0
5,21,18,0.0,1.0,,0
5,22,18,0.0,1.0,,0
5,23,18,0.0,1.0,,0
5,24,18,0.0,1.0,,0
5,25,18,0.0,1.0,,0
5,1,19,0.025176403748316645,0.48,0.6482531428337097,2
5,2,19,0.028375044060627443,0.4666666666666667,0.6168178915977478,2
5,3,19,0.03112805503833381,0.4666666666666667,0.6250237226486206,2
5,4,19,0.0,1.0,,0
5,5,19,0.0,1.0,,0
5,6,19,0.0,1.0,,0
5,7,19,0.0,1.0,,0
5,8,19,0.0,1.0,,0
5,9,19,0.0,1.0,,0
5,10,19,0.0,1.0,,0
5,11,19,0.0,1.0,,0
5,12,19,0.0,1.0,,0
5,13,19,0.0,1.0,,0
5,14,19,0.0,1.0,,0
5,15,19,0.0,1.0,,0
5,16,19,0.0,1.0,,0
5,17,19,0.0,1.0,,0
5,18,19,0.0,1.0,,0
5,19,19,0.0,1.0,,0
5,20,19,0.0,1.0,,0
5,21,19,0.0,1.0,,0
5,22,19,0.0,1.0,,0
5,23,19,0.0,1.0,,0
5,24,19,0.0,1.0,,0
5,25,19,0.0,1.0,,0
5,1,20,0.0,1.0,,0
5,2,20,0.028375044060627443,0.4666666666666667,0.6168179512023926,2
5,3,20,0.0,1.0,,0
5,4,20,0.0,1.0,,0
5,5,20,0.0,1.0,,0
5,6,20,0.0,1.0,,0
5,7,20,0.0,1.0,,0
5,8,20,0.0,1.0,,0
5,9,20,0.0,1.0,,0
5,10,20,0.0,1.0,,0
5,11,20,0.0,1.0,,0
5,12,20,0.0,1.0,,0
5,13,20,0.0,1.0,,0
5,14,20,0.0,1.0,,0
5,15,20,0.0,1.0,,0
5,16,20,0.0,1.0,,0
5,17,20,0.0,1.0,,0
5,18,20,0.0,1.0,,0
5,19,20,0.0,1.0,,0
5,20,20,0.0,1.0,,0
5,21,20,0.0,1.0,,0
5,22,20,0.0,1.0,,0
5,23,20,0.0,1.0,,0
5,24,20,0.0,1.0,,0
5,25,20,0.0,1.0,,0
5,1,21,0.0,1.0,,0
5,2,21,0.0,1.0,,0
5,3,21,0.0,1.0,,0
5,4,21,0.0,1.0,,0
5,5,21,0.0,1.0,,0
5,6,21,0.0,1.0,,0
5,7,21,0.0,1.0,,0
5,8,21,0.0,1.0,,0
5,9,21,0.0,1.0,,0
5,10,21,0.0,1.0,,0
5,11,21,0.0,1.0,,0
5,12,21,0.0,1.0,,0
5,13,21,0.0,1.0,,0
5,14,21,0.0,1.0,,0
5,15,21,0.0,1.0,,0
5,16,21,0.0,1.0,,0
5,17,21,0.0,1.0,,0
5,18,21,0.0,1.0,,0
5,19,21,0.0,1.0,,0
5,20,21,0.0,1.0,,0
5,21,21,0.0,1.0,,0
5,22,21,0.0,1.0,,0
5,23,21,0.0,1.0,,0
5,24,21,0.0,1.0,,0
5,25,21,0.0,1.0,,0
5,1,22,0.0,1.0,,0
5,2,22,0.0,1.0,,0
5,3,22,0.0,1.0,,0
5,4,22,0.0,1.0,,0
5,5,22,0.0,1.0,,0
5,6,22,0.0,1.0,,0
5,7,22,0.0,1.0,,0
5,8,22,0.0,1.0,,0
5,9,22,0.0,1.0,,0
5,10,22,0.0,1.0,,0
5,11,22,0.0,1.0,,0
5,12,22,0.0,1.0,,0
5,13,22,0.0,1.0,,0
5,14,22,0.0,1.0,,0
5,15,22,0.0,1.0,,0
5,16,22,0.0,1.0,,0
5,17,22,0.0,1.0,,0
5,18,22,0.0,1.0,,0
5,19,22,0.0,1.0,,0
5,20,22,0.0,1.0,,0
5,21,22,0.0,1.0,,0
5,22,22,0.0,1.0,,0
5,23,22,0.0,1.0,,0
5,24,22,0.0,1.0,,0
5,25,22,0.0,1.0,,0
5,1,23,0.0,1.0,,0
5,2,23,0.0,1.0,,0
5,3,23,0.0,1.0,,0
5,4,23,0.0,1.0,,0
5,5,23,0.0,1.0,,0
5,6,23,0.0,1.0,,0
5,7,23,0.0,1.0,,0
5,8,23,0.0,1.0,,0
5,9,23,0.0,1.0,,0
5,10,23,0.0,1.0,,0
5,11,23,0.0,1.0,,0
5,12,23,0.0,1.0,,0
5,13,23,0.0,1.0,,0
5,14,23,0.0,1.0,,0
5,15,23,0.0,1.0,,0
5,16,23,0.0,1.0,,0
5,17,23,0.0,1.0,,0
5,18,23,0.0,1.0,,0
5,19,23,0.0,1.0,,0
5,20,23,0.0,1.0,,0
5,21,23,0.0,1.0,,0
5,22,23,0.0,1.0,,0
5,23,23,0.0,1.0,,0
5,24,23,0.0,1.0,,0
5,25,23,0.0,1.0,,0
5,1,24,0.0,1.0,,0
5,2,24,0.0,1.0,,0
5,3,24,0.0,1.0,,0
5,4,24,0.0,1.0,,0
5,5,24,0.0,1.0,,0
5,6,24,0.0,1.0,,0
5,7,24,0.0,1.0,,0
5,8,24,0.0,1.0,,0
5,9,24,0.0,1.0,,0
5,10,24,0.0,1.0,,0
5,11,24,0.0,1.0,,0
5,12,24,0.0,1.0,,0
5,13,24,0.0,1.0,,0
5,14,24,0.0,1.0,,0
5,15,24,0.0,1.0,,0
5,16,24,0.0,1.0,,0
5,17,24,0.0,1.0,,0
5,18,24,0.0,1.0,,0
5,19,24,0.0,1.0,,0
5,20,24,0.0,1.0,,0
5,21,24,0.0,1.0,,0
5,22,24,0.0,1.0,,0
5,23,24,0.0,1.0,,0
5,24,24,0.0,1.0,,0
5,25,24,0.0,1.0,,0
5,1,25,0.0,1.0,,0
5,2,25,0.0,1.0,,0
5,3,25,0.0,1.0,,0
5,4,25,0.0,1.0,,0
5,5,25,0.0,1.0,,0
5,6,25,0.0,1.0,,0
5,7,25,0.0,1.0,,0
5,8,25,0.0,1.0,,0
5,9,25,0.0,1.0,,0
5,10,25,0.0,1.0,,0
5,11,25,0.0,1.0,,0
5,12,25,0.0,1.0,,0
5,13,25,0.0,1.0,,0
5,14,25,0.0,1.0,,0
5,15,25,0.0,1.0,,0
5,16,25,0.0,1.0,,0
5,17,25,0.0,1.0,,0
5,18,25,0.0,1.0,,0
5,19,25,0.0,1.0,,0
5,20,25,0.0,1.0,,0
5,21,25,0.0,1.0,,0
5,22,25,0.0,1.0,,0
5,23,25,0.0,1.0,,0
5,24,25,0.0,1.0,,0
5,25,25,0.0,1.0,,0
6,1,2,0.03233818730823553,0.22666666666666666,0.20218294858932495,21
6,2,2,0.012558107910821069,0.38666666666666666,0.03376219421625137,11
6,3,2,0.03401477603224888,0.6,0.22500284016132355,6
6,4,2,0.04385786486009263,0.6533333333333333,0.4686070680618286,4
6,5,2,0.02151245825989336,0.22666666666666666,-0.21799717843532562,2
6,6,2,0.0314691959178758,0.2,0.01422205287963152,2
6,7,2,0.04268687750262257,0.6533333333333333,0.5824211239814758,2
6,8,2,0.013112664750828751,0.7333333333333333,0.5907243490219116,2
6,9,2,0.048667626499387516,0.5733333333333334,0.06313729286193848,2
6,10,2,0.0371572735059089,0.48,0.13390490412712097,2
6,11,2,-0.007918288509258969,0.8133333333333334,0.872576117515564,2
6,12,2,0.03090854460213316,0.5466666666666666,-0.04179755598306656,2
6,13,2,-0.007815256652328174,0.8266666666666667,0.7521787881851196,2
6,14,2,-0.011143945218276264,0.88,0.9247679114341736,2
6,15,2,0.013033082770971084,0.9333333333333333,0.879747748374939,2
6,16,2,0.010743167536955695,0.9066666666666666,0.44720834493637085,2
6,17,2,0.0,1.0,,0
6,18,2,0.0,1.0,,0
6,19,2,0.013451756598258273,0.30666666666666664,-0.10789178311824799,2
6,20,2,0.0,1.0,,0
6,21,2,0.0,1.0,,0
6,22,2,0.0,1.0,,0
6,23,2,0.0,1.0,,0
6,24,2,0.0,1.0,,0
6,25,2,0.0,1.0,,0
6,1,3,-0.006140921654606468,0.21333333333333335,0.11583807319402695,10
6,2,3,0.021870873774540976,0.4266666666666667,0.11931033432483673,8
6,3,3,0.016732401486892468,0.6133333333333333,0.6073887944221497,2
6,4,3,0.028274564818183183,0.6266666666666667,0.7434316277503967,3
6,5,3,0.030743647408447036,0.64,0.5517972111701965,2
6,6,3,0.017055254123948572,0.5733333333333334,0.5903149247169495,2
6,7,3,0.04268687750262257,0.6533333333333333,0.5824211239814758,2
6,8,3,0.013112664750828751,0.7333333333333333,0.5907243490219116,2
6,9,3,0.01036834803334234,0.72,0.5984458923339844,2
6,10,3,0.00786098736735918,0.8,0.8194293975830078,2
6,11,3,-0.007918288509258969,0.8133333333333334,0.872576117515564,2
6,12,3,0.0,1.0,,0
6,13,3,0.0,1.0,,0
6,14,3,0.0,1.0,,0
6,15,3,0.0,1.0,,0
6,16,3,0.0,1.0,,0
6,17,3,0.0,1.0,,0
6,18,3,0.0,1.0,,0
6,19,3,0.0,1.0,,0
6,20,3,0.0,1.0,,0
6,21,3,0.0,1.0,,0
6,22,3,0.0,1.0,,0
6,23,3,0.0,1.0,,0
6,24,3,0.0,1.0,,0
6,25,3,0.0,1.0,,0
6,1,4,0.002835800680577473,0.25333333333333335,0.2224387675523758,9
6,2,4,0.00012426396060686112,0.16,0.18865710496902466,2
6,3,4,0.016732401486892468,0.6133333333333333,0.6073887944221497,2
6,4,4,0.028274564818183183,0.6266666666666667,0.7434316277503967,3
6,5,4,0.030743647408447036,0.64,0.5517972111701965,2
6,6,4,0.017055254123948572,0.5733333333333334,0.5903149247169495,2
6,7,4,0.04268687750262257,0.6533333333333333,0.5824211239814758,2
6,8,4,0.013112664750828751,0.7333333333333333,0.5907242894172668,2
6,9,4,0.01036834803334234,0.72,0.5984458923339844,2
6,10,4,0.00786098736735918,0.8,0.8194294571876526,2
6,11,4,0.0,1.0,,0
6,12,4,0.0,1.0,,0
6,13,4,0.0,1.0,,0
6,14,4,0.0,1.0,,0
6,15,4,0.0,1.0,,0
6,16,4,0.0,1.0,,0
6,17,4,0.0,1.0,,0
6,18,4,0.0,1.0,,0
6,19,4,0.0,1.0,,0
6,20,4,0.0,1.0,,0
6,21,4,0.0,1.0,,0
6,22,4,0.0,1.0,,0
6,23,4,0.0,1.0,,0
6,24,4,0.0,1.0,,0
6,25,4,0.0,1.0,,0
6,1,5,0.0020295614322743748,0.21333333333333335,0.3768441379070282,6
6,2,5,-0.006821226135122719,0.4,0.20302899181842804,3
6,3,5,0.016732401486892468,0.6133333333333333,0.6073887944221497,2
6,4,5,0.022823525341211636,0.5466666666666666,0.563980758190155,2
6,5,5,0.030743647408447036,0.64,0.5517972111701965,2
6,6,5,0.017055254123948572,0.5733333333333334,0.5903148651123047,2
6,7,5,0.04268687750262257,0.6533333333333333,0.5824211239814758,2
6,8,5,0.013112664750828751,0.7333333333333333,0.5907243490219116,2
6,9,5,0.01036834803334234,0.72,0.5984458923339844,2
6,10,5,0.0,1.0,,0
6,11,5,0.0,1.0,,0
6,12,5,0.0,1.0,,0
6,13,5,0.0,1.0,,0
6,14,5,0.0,1.0,,0
6,15,5,0.0,1.0,,0
6,16,5,0.0,1.0,,0
6,17,5,0.0,1.0,,0
6,18,5,0.0,1.0,,0
6,19,5,0.0,1.0,,0
6,20,5,0.0,1.0,,0
6,21,5,0.0,1.0,,0
6,22,5,0.0,1.0,,0
6,23,5,0.0,1.0,,0
6,24,5,0.0,1.0,,0
6,25,5,0.0,1.0,,0
6,1,6,0.02014754998860029,0.28,0.4272264242172241,5
6,2,6,-0.006821226135122719,0.4,0.20302899181842804,3
6,3,6,0.016732401486892468,0.6133333333333333,0.6073887944221497,2
6,4,6,0.022823525341211636,0.5466666666666666,0.563980758190155,2
6,5,6,0.030743647408447036,0.64,0.5517972111701965,2
6,6,6,0.017055254123948572,0.5733333333333334,0.5903149247169495,2
6,7,6,0.04268687750262257,0.6533333333333333,0.5824211239814758,2
6,8,6,0.0,1.0,,0
6,9,6,0.0,1.0,,0
6,10,6,0.0,1.0,,0
6,11,6,0.0,1.0,,0
6,12,6,0.0,1.0,,0
6,13,6,0.0,1.0,,0
6,14,6,0.0,1.0,,0
6,15,6,0.0,1.0,,0
6,16,6,0.0,1.0,,0
6,17,6,0.0,1.0,,0
6,18,6,0.0,1.0,,0
6,19,6,0.0,1.0,,0
6,20,6,0.0,1.0,,0
6,21,6,0.0,1.0,,0
6,22,6,0.0,1.0,,0
6,23,6,0.0,1.0,,0
6,24,6,0.0,1.0,,0
6,25,6,0.0,1.0,,0
6,1,7,0.03586323792965658,0.06666666666666667,0.2044408917427063,2
6,2,7,0.00012426396060686112,0.16,0.18865711987018585,2
6,3,7,0.016732401486892468,0.6133333333333333,0.6073887944221497,2
6,4,7,0.022823525341211636,0.5466666666666666,0.563980758190155,2
6,5,7,0.030743647408447036,0.64,0.5517972111701965,2
6,6,7,0.017055254123948572,0.5733333333333334,0.5903149247169495,2
6,7,7,0.04268687750262257,0.6533333333333333,0.5824211239814758,2
6,8,7,0.0,1.0,,0
6,9,7,0.0,1.0,,0
6,10,7,0.0,1.0,,0
6,11,7,0.0,1.0,,0
6,12,7,0.0,1.0,,0
6,13,7,0.0,1.0,,0
6,14,7,0.0,1.0,,0
6,15,7,0.0,1.0,,0
6,16,7,0.0,1.0,,0
6,17,7,0.0,1.0,,0
6,18,7,0.0,1.0,,0
6,19,7,0.0,1.0,,0
6,20,7,0.0,1.0,,0
6,21,7,0.0,1.0,,0
6,22,7,0.0,1.0,,0
6,23,7,0.0,1.0,,0
6,24,7,0.0,1.0,,0
6,25,7,0.0,1.0,,0
6,1,8,0.03586323792965658,0.06666666666666667,0.2044408917427063,2
6,2,8,0.00012426396060686112,0.16,0.18865710496902466,2
6,3,8,0.016732401486892468,0.6133333333333333,0.6073887944221497,2
6,4,8,0.022823525341211636,0.5466666666666666,0.563980758190155,2
6,5,8,0.030743647408447036,0.64,0.5517972111701965,2
6,6,8,0.017055254123948572,0.5733333333333334,0.5903149247169495,2
6,7,8,0.0,1.0,,0
6,8,8,0.0,1.0,,0
6,9,8,0.0,1.0,,0
6,10,8,0.0,1.0,,0
6,11,8,0.0,1.0,,0
6,12,8,0.0,1.0,,0
6,13,8,0.0,1.0,,0
6,14,8,0.0,1.0,,0
6,15,8,0.0,1.0,,0
6,16,8,0.0,1.0,,0
6,17,8,0.0,1.0,,0
6,18,8,0.0,1.0,,0
6,19,8,0.0,1.0,,0
6,20,8,0.0,1.0,,0
6,21,8,0.0,1.0,,0
6,22,8,0.0,1.0,,0
6,23,8,0.0,1.0,,0
6,24,8,0.0,1.0,,0
6,25,8,0.0,1.0,,0
6,1,9,0.03586323792965658,0.06666666666666667,0.2044408917427063,2
6,2,9,0.00012426396060686112,0.16,0.18865711987018585,2
6,3,9,0.016732401486892468,0.6133333333333333,0.6073887944221497,2
6,4,9,0.022823525341211636,0.5466666666666666,0.563980758190155,2
6,5,9,0.0,1.0,,0
6,6,9,0.017055254123948572,0.5733333333333334,0.5903149247169495,2
6,7,9,0.0,1.0,,0
6,8,9,0.0,1.0,,0
6,9,9,0.0,1.0,,0
6,10,9,0.0,1.0,,0
6,11,9,0.0,1.0,,0
6,12,9,0.0,1.0,,0
6,13,9,0.0,1.0,,0
6,14,9,0.0,1.0,,0
6,15,9,0.0,1.0,,0
6,16,9,0.0,1.0,,0
6,17,9,0.0,1.0,,0
6,18,9,0.0,1.0,,0
6,19,9,0.0,1.0,,0
6,20,9,0.0,1.0,,0
6,21,9,0.0,1.0,,0
6,22,9,0.0,1.0,,0
6,23,9,0.0,1.0,,0
6,24,9,0.0,1.0,,0
6,25,9,0.0,1.0,,0
6,1,10,0.03586323792965658,0.06666666666666667,0.2044408768415451,2
6,2,10,0.0,1.0,,0
6,3,10,0.016732401486892468,0.6133333333333333,0.6073887944221497,2
6,4,10,0.022823525341211636,0.5466666666666666,0.563980758190155,2
6,5,10,0.0,1.0,,0
6,6,10,0.017055254123948572,0.5733333333333334,0.5903149247169495,2
6,7,10,0.0,1.0,,0
6,8,10,0.0,1.0,,0
6,9,10,0.0,1.0,,0
6,10,10,0.0,1.0,,0
6,11,10,0.0,1.0,,0
6,12,10,0.0,1.0,,0
6,13,10,0.0,1.0,,0
6,14,10,0.0,1.0,,0
6,15,10,0.0,1.0,,0
6,16,10,0.0,1.0,,0
6,17,10,0.0,1.0,,0
6,18,10,0.0,1.0,,0
6,19,10,0.0,1.0,,0
6,20,10,0.0,1.0,,0
6,21,10,0.0,1.0,,0
6,22,10,0.0,1.0,,0
6,23,10,0.0,1.0,,0
6,24,10,0.0,1.0,,0
6,25,10,0.0,1.0,,0
6,1,11,0.03586323792965658,0.06666666666666667,0.2044408917427063,2
6,2,11,0.0,1.0,,0
6,3,11,0.0,1.0,,0
6,4,11,0.0,1.0,,0
6,5,11,0.0,1.0,,0
6,6,11,0.0,1.0,,0
6,7,11,0.0,1.0,,0
6,8,11,0.0,1.0,,0
6,9,11,0.0,1.0,,0
6,10,11,0.0,1.0,,0
6,11,11,0.0,1.0,,0
6,12,11,0.0,1.0,,0
6,13,11,0.0,1.0,,0
6,14,11,0.0,1.0,,0
6,15,11,0.0,1.0,,0
6,16,11,0.0,1.0,,0
6,17,11,0.0,1.0,,0
6,18,11,0.0,1.0,,0
6,19,11,0.0,1.0,,0
6,20,11,0.0,1.0,,0
6,21,11,0.0,1.0,,0
6,22,11,0.0,1.0,,0
6,23,11,0.0,1.0,,0
6,24,11,0.0,1.0,,0
6,25,11,0.0,1.0,,0
6,1,12,0.03586323792965658,0.06666666666666667,0.2044408917427063,2
6,2,12,0.0,1.0,,0
6,3,12,0.0,1.0,,0
6,4,12,0.0,1.0,,0
6,5,12,0.0,1.0,,0
6,6,12,0.0,1.0,,0
6,7,12,0.0,1.0,,0
6,8,12,0.0,1.0,,0
6,9,12,0.0,1.0,,0
6,10,12,0.0,1.0,,0
6,11,12,0.0,1.0,,0
6,12,12,0.0,1.0,,0
6,13,12,0.0,1.0,,0
6,14,12,0.0,1.0,,0
6,15,12,0.0,1.0,,0
6,16,12,0.0,1.0,,0
6,17,12,0.0,1.0,,0
6,18,12,0.0,1.0,,0
6,19,12,0.0,1.0,,0
6,20,12,0.0,1.0,,0
6,21,12,0.0,1.0,,0
6,22,12,0.0,1.0,,0
6,23,12,0.0,1.0,,0
6,24,12,0.0,1.0,,0
6,25,12,0.0,1.0,,0
6,1,13,0.0,1.0,,0
6,2,13,0.0,1.0,,0
6,3,13,0.0,1.0,,0
6,4,13,0.0,1.0,,0
6,5,13,0.0,1.0,,0
6,6,13,0.0,1.0,,0
6,7,13,0.0,1.0,,0
6,8,13,0.0,1.0,,0
6,9,13,0.0,1.0,,0
6,10,13,0.0,1.0,,0
6,11,13,0.0,1.0,,0
6,12,13,0.0,1.0,,0
6,13,13,0.0,1.0,,0
6,14,13,0.0,1.0,,0
6,15,13,0.0,1.0,,0
6,16,13,0.0,1.0,,0
6,17,13,0.0,1.0,,0
6,18,13,0.0,1.0,,0
6,19,13,0.0,1.0,,0
6,20,13,0.0,1.0,,0
6,21,13,0.0,1.0,,0
6,22,13,0.0,1.0,,0
6,23,13,0.0,1.0,,0
6,24,13,0.0,1.0,,0
6,25,13,0.0,1.0,,0
6,1,14,0.0,1.0,,0
6,2,14,0.0,1.0,,0
6,3,14,0.0,1.0,,0
6,4,14,0.0,1.0,,0
6,5,14,0.0,1.0,,0
6,6,14,0.0,1.0,,0
6,7,14,0.0,1.0,,0
6,8,14,0.0,1.0,,0
6,9,14,0.0,1.0,,0
6,10,14,0.0,1.0,,0
6,11,14,0.0,1.0,,0
6,12,14,0.0,1.0,,0
6,13,14,0.0,1.0,,0
6,14,14,0.0,1.0,,0
6,15,14,0.0,1.0,,0
6,16,14,0.0,1.0,,0
6,17,14,0.0,1.0,,0
6,18,14,0.0,1.0,,0
6,19,14,0.0,1.0,,0
6,20,14,0.0,1.0,,0
6,21,14,0.0,1.0,,0
6,22,14,0.0,1.0,,0
6,23,14,0.0,1.0,,0
6,24,14,0.0,1.0,,0
6,25,14,0.0,1.0,,0
6,1,15,0.0,1.0,,0
6,2,15,0.0,1.0,,0
6,3,15,0.0,1.0,,0
6,4,15,0.0,1.0,,0
6,5,15,0.0,1.0,,0
6,6,15,0.0,1.0,,0
6,7,15,0.0,1.0,,0
6,8,15,0.0,1.0,,0
6,9,15,0.0,1.0,,0
6,10,15,0.0,1.0,,0
6,11,15,0.0,1.0,,0
6,12,15,0.0,1.0,,0
6,13,15,0.0,1.0,,0
6,14,15,0.0,1.0,,0
6,15,15,0.0,1.0,,0
6,16,15,0.0,1.0,,0
6,17,15,0.0,1.0,,0
6,18,15,0.0,1.0,,0
6,19,15,0.0,1.0,,0
6,20,15,0.0,1.0,,0
6,21,15,0.0,1.0,,0
6,22,15,0.0,1.0,,0
6,23,15,0.0,1.0,,0
6,24,15,0.0,1.0,,0
6,25,15,0.0,1.0,,0
6,1,16,0.0,1.0,,0
6,2,16,0.0,1.0,,0
6,3,16,0.0,1.0,,0
6,4,16,0.0,1.0,,0
6,5,16,0.0,1.0,,0
6,6,16,0.0,1.0,,0
6,7,16,0.0,1.0,,0
6,8,16,0.0,1.0,,0
6,9,16,0.0,1.0,,0
6,10,16,0.0,1.0,,0
6,11,16,0.0,1.0,,0
6,12,16,0.0,1.0,,0
6,13,16,0.0,1.0,,0
6,14,16,0.0,1.0,,0
6,15,16,0.0,1.0,,0
6,16,16,0.0,1.0,,0
6,17,16,0.0,1.0,,0
6,18,16,0.0,1.0,,0
6,19,16,0.0,1.0,,0
6,20,16,0.0,1.0,,0
6,21,16,0.0,1.0,,0
6,22,16,0.0,1.0,,0
6,23,16,0.0,1.0,,0
6,24,16,0.0,1.0,,0
6,25,16,0.0,1.0,,0
6,1,17,0.0,1.0,,0
6,2,17,0.0,1.0,,0
6,3,17,0.0,1.0,,0
6,4,17,0.0,1.0,,0
6,5,17,0.0,1.0,,0
6,6,17,0.0,1.0,,0
6,7,17,0.0,1.0,,0
6,8,17,0.0,1.0,,0
6,9,17,0.0,1.0,,0
6,10,17,0.0,1.0,,0
6,11,17,0.0,1.0,,0
6,12,17,0.0,1.0,,0
6,13,17,0.0,1.0,,0
6,14,17,0.0,1.0,,0
6,15,17,0.0,1.0,,0
6,16,17,0.0,1.0,,0
6,17,17,0.0,1.0,,0
6,18,17,0.0,1.0,,0
6,19,17,0.0,1.0,,0
6,20,17,0.0,1.0,,0
6,21,17,0.0,1.0,,0
6,22,17,0.0,1.0,,0
6,23,17,0.0,1.0,,0
6,24,17,0.0,1.0,,0
6,25,17,0.0,1.0,,0
6,1,18,0.0,1.0,,0
6,2,18,0.0,1.0,,0
6,3,18,0.0,1.0,,0
6,4,18,0.0,1.0,,0
6,5,18,0.0,1.0,,0
6,6,18,0.0,1.0,,0
6,7,18,0.0,1.0,,0
6,8,18,0.0,1.0,,0
6,9,18,0.0,1.0,,0
6,10,18,0.0,1.0,,0
6,11,18,0.0,1.0,,0
6,12,18,0.0,1.0,,0
6,13,18,0.0,1.0,,0
6,14,18,0.0,1.0,,0
6,15,18,0.0,1.0,,0
6,16,18,0.0,1.0,,0
6,17,18,0.0,1.0,,0
6,18,18,0.0,1.0,,0
6,19,18,0.0,1.0,,0
6,20,18,0.0,1.0,,0
6,21,18,0.0,1.0,,0
6,22,18,0.0,1.0,,0
6,23,18,0.0,1.0,,0
6,24,18,0.0,1.0,,0
6,25,18,0.0,1.0,,0
6,1,19,0.0,1.0,,0
6,2,19,0.0,1.0,,0
6,3,19,0.0,1.0,,0
6,4,19,0.0,1.0,,0
6,5,19,0.0,1.0,,0
6,6,19,0.0,1.0,,0
6,7,19,0.0,1.0,,0
6,8,19,0.0,1.0,,0
6,9,19,0.0,1.0,,0
6,10,19,0.0,1.0,,0
6,11,19,0.0,1.0,,0
6,12,19,0.0,1.0,,0
6,13,19,0.0,1.0,,0
6,14,19,0.0,1.0,,0
6,15,19,0.0,1.0,,0
6,16,19,0.0,1.0,,0
6,17,19,0.0,1.0,,0
6,18,19,0.0,1.0,,0
6,19,19,0.0,1.0,,0
6,20,19,0.0,1.0,,0
6,21,19,0.0,1.0,,0
6,22,19,0.0,1.0,,0
6,23,19,0.0,1.0,,0
6,24,19,0.0,1.0,,0
6,25,19,0.0,1.0,,0
6,1,20,0.0,1.0,,0
6,2,20,0.0,1.0,,0
6,3,20,0.0,1.0,,0
6,4,20,0.0,1.0,,0
6,5,20,0.0,1.0,,0
6,6,20,0.0,1.0,,0
6,7,20,0.0,1.0,,0
6,8,20,0.0,1.0,,0
6,9,20,0.0,1.0,,0
6,10,20,0.0,1.0,,0
6,11,20,0.0,1.0,,0
6,12,20,0.0,1.0,,0
6,13,20,0.0,1.0,,0
6,14,20,0.0,1.0,,0
6,15,20,0.0,1.0,,0
6,16,20,0.0,1.0,,0
6,17,20,0.0,1.0,,0
6,18,20,0.0,1.0,,0
6,19,20,0.0,1.0,,0
6,20,20,0.0,1.0,,0
6,21,20,0.0,1.0,,0
6,22,20,0.0,1.0,,0
6,23,20,0.0,1.0,,0
6,24,20,0.0,1.0,,0
6,25,20,0.0,1.0,,0
6,1,21,0.0,1.0,,0
6,2,21,0.0,1.0,,0
6,3,21,0.0,1.0,,0
6,4,21,0.0,1.0,,0
6,5,21,0.0,1.0,,0
6,6,21,0.0,1.0,,0
6,7,21,0.0,1.0,,0
6,8,21,0.0,1.0,,0
6,9,21,0.0,1.0,,0
6,10,21,0.0,1.0,,0
6,11,21,0.0,1.0,,0
6,12,21,0.0,1.0,,0
6,13,21,0.0,1.0,,0
6,14,21,0.0,1.0,,0
6,15,21,0.0,1.0,,0
6,16,21,0.0,1.0,,0
6,17,21,0.0,1.0,,0
6,18,21,0.0,1.0,,0
6,19,21,0.0,1.0,,0
6,20,21,0.0,1.0,,0
6,21,21,0.0,1.0,,0
6,22,21,0.0,1.0,,0
6,23,21,0.0,1.0,,0
6,24,21,0.0,1.0,,0
6,25,21,0.0,1.0,,0
6,1,22,0.0,1.0,,0
6,2,22,0.0,1.0,,0
6,3,22,0.0,1.0,,0
6,4,22,0.0,1.0,,0
6,5,22,0.0,1.0,,0
6,6,22,0.0,1.0,,0
6,7,22,0.0,1.0,,0
6,8,22,0.0,1.0,,0
6,9,22,0.0,1.0,,0
6,10,22,0.0,1.0,,0
6,11,22,0.0,1.0,,0
6,12,22,0.0,1.0,,0
6,13,22,0.0,1.0,,0
6,14,22,0.0,1.0,,0
6,15,22,0.0,1.0,,0
6,16,22,0.0,1.0,,0
6,17,22,0.0,1.0,,0
6,18,22,0.0,1.0,,0
6,19,22,0.0,1.0,,0
6,20,22,0.0,1.0,,0
6,21,22,0.0,1.0,,0
6,22,22,0.0,1.0,,0
6,23,22,0.0,1.0,,0
6,24,22,0.0,1.0,,0
6,25,22,0.0,1.0,,0
6,1,23,0.0,1.0,,0
6,2,23,0.0,1.0,,0
6,3,23,0.0,1.0,,0
6,4,23,0.0,1.0,,0
6,5,23,0.0,1.0,,0
6,6,23,0.0,1.0,,0
6,7,23,0.0,1.0,,0
6,8,23,0.0,1.0,,0
6,9,23,0.0,1.0,,0
6,10,23,0.0,1.0,,0
6,11,23,0.0,1.0,,0
6,12,23,0.0,1.0,,0
6,13,23,0.0,1.0,,0
6,14,23,0.0,1.0,,0
6,15,23,0.0,1.0,,0
6,16,23,0.0,1.0,,0
6,17,23,0.0,1.0,,0
6,18,23,0.0,1.0,,0
6,19,23,0.0,1.0,,0
6,20,23,0.0,1.0,,0
6,21,23,0.0,1.0,,0
6,22,23,0.0,1.0,,0
6,23,23,0.0,1.0,,0
6,24,23,0.0,1.0,,0
6,25,23,0.0,1.0,,0
6,1,24,0.0,1.0,,0
6,2,24,0.0,1.0,,0
6,3,24,0.0,1.0,,0
6,4,24,0.0,1.0,,0
6,5,24,0.0,1.0,,0
6,6,24,0.0,1.0,,0
6,7,24,0.0,1.0,,0
6,8,24,0.0,1.0,,0
6,9,24,0.0,1.0,,0
6,10,24,0.0,1.0,,0
6,11,24,0.0,1.0,,0
6,12,24,0.0,1.0,,0
6,13,24,0.0,1.0,,0
6,14,24,0.0,1.0,,0
6,15,24,0.0,1.0,,0
6,16,24,0.0,1.0,,0
6,17,24,0.0,1.0,,0
6,18,24,0.0,1.0,,0
6,19,24,0.0,1.0,,0
6,20,24,0.0,1.0,,0
6,21,24,0.0,1.0,,0
6,22,24,0.0,1.0,,0
6,23,24,0.0,1.0,,0
6,24,24,0.0,1.0,,0
6,25,24,0.0,1.0,,0
6,1,25,0.0,1.0,,0
6,2,25,0.0,1.0,,0
6,3,25,0.0,1.0,,0
6,4,25,0.0,1.0,,0
6,5,25,0.0,1.0,,0
6,6,25,0.0,1.0,,0
6,7,25,0.0,1.0,,0
6,8,25,0.0,1.0,,0
6,9,25,0.0,1.0,,0
6,10,25,0.0,1.0,,0
6,11,25,0.0,1.0,,0
6,12,25,0.0,1.0,,0
6,13,25,0.0,1.0,,0
6,14,25,0.0,1.0,,0
6,15,25,0.0,1.0,,0
6,16,25,0.0,1.0,,0
6,17,25,0.0,1.0,,0
6,18,25,0.0,1.0,,0
6,19,25,0.0,1.0,,0
6,20,25,0.0,1.0,,0
6,21,25,0.0,1.0,,0
6,22,25,0.0,1.0,,0
6,23,25,0.0,1.0,,0
6,24,25,0.0,1.0,,0
6,25,25,0.0,1.0,,0
7,1,2,0.35283297787106316,0.10666666666666667,0.38534772396087646,16
7,2,2,0.46946928903149265,0.06666666666666667,0.6759271621704102,9
7,3,2,0.5247095595368304,0.06666666666666667,0.6113026142120361,8
7,4,2,0.557131355225572,0.0,0.86165851354599,3
7,5,2,0.557131355225572,0.0,0.86165851354599,3
7,6,2,0.5755468783232877,0.013333333333333334,0.8656122088432312,3
7,7,2,0.5755468783232877,0.013333333333333334,0.8656122088432312,3
7,8,2,0.5755468783232877,0.013333333333333334,0.8656122088432312,3
7,9,2,0.5755468783232877,0.013333333333333334,0.8656122088432312,3
7,10,2,0.5539283386434389,0.02666666666666667,0.8676906228065491,3
7,11,2,0.5539283386434389,0.02666666666666667,0.8676906228065491,3
7,12,2,0.5340021870292343,0.04,0.8689504861831665,3
7,13,2,0.5471868942094936,0.06666666666666667,0.8913920521736145,3
7,14,2,0.5471868942094936,0.06666666666666667,0.8913920521736145,3
7,15,2,0.4934873899736649,0.12,0.8912181258201599,3
7,16,2,0.47232171438308934,0.18666666666666668,0.8939196467399597,3
7,17,2,0.47232171438308934,0.18666666666666668,0.8939196467399597,3
7,18,2,0.4744513907522543,0.2,0.8946059942245483,3
7,19,2,0.4772328129462739,0.2,0.897045910358429,3
7,20,2,0.3473797842912358,0.29333333333333333,0.9114242196083069,3
7,21,2,0.21825811352478255,0.4666666666666667,0.9571566581726074,3
7,22,2,0.3937386425070673,0.36,0.9328104853630066,2
7,23,2,0.2592128528694823,0.48,0.9394860863685608,2
7,24,2,0.10543980939250552,0.5733333333333334,0.9148328900337219,2
7,25,2,0.0988661716200278,0.6533333333333333,0.9081656336784363,2
7,1,3,0.4547141223008019,0.04,0.6326674222946167,9
7,2,3,0.47356269639494775,0.09333333333333334,0.6989609003067017,8
7,3,3,0.5293769944133364,0.06666666666666667,0.6532142162322998,7
7,4,3,0.43547699112306487,0.0,0.8265663981437683,4
7,5,3,0.557131355225572,0.0,0.86165851354599,3
7,6,3,0.5755468783232877,0.013333333333333334,0.8656122088432312,3
7,7,3,0.5755468783232877,0.013333333333333334,0.8656122088432312,3
7,8,3,0.5755468783232877,0.013333333333333334,0.8656122088432312,3
7,9,3,0.5755468783232877,0.013333333333333334,0.8656122088432312,3
7,10,3,0.5539283386434389,0.02666666666666667,0.8676906228065491,3
7,11,3,0.5539283386434389,0.02666666666666667,0.8676906228065491,3
7,12,3,0.5340021870292343,0.04,0.8689504861831665,3
7,13,3,0.5471868942094936,0.06666666666666667,0.8913920521736145,3
7,14,3,0.5471868942094936,0.06666666666666667,0.8913920521736145,3
7,15,3,0.4934873899736649,0.12,0.8912181258201599,3
7,16,3,0.47232171438308934,0.18666666666666668,0.8939196467399597,3
7,17,3,0.47232171438308934,0.18666666666666668,0.8939196467399597,3
7,18,3,0.4744513907522543,0.2,0.8946059942245483,3
7,19,3,0.4772328129462739,0.2,0.8970458507537842,3
7,20,3,0.3473797842912358,0.29333333333333333,0.9114242196083069,3
7,21,3,0.21825811352478255,0.4666666666666667,0.9571566581726074,3
7,22,3,0.3937386425070673,0.36,0.9328104853630066,2
7,23,3,0.2592128528694823,0.48,0.9394860863685608,2
7,24,3,0.10543980939250552,0.5733333333333334,0.9148328900337219,2
7,25,3,0.0988661716200278,0.6533333333333333,0.9081656336784363,2
7,1,4,0.45362511791874494,0.08,0.6702102422714233,8
7,2,4,0.47356269639494775,0.09333333333333334,0.6989609003067017,8
7,3,4,0.5293769944133364,0.06666666666666667,0.6532142162322998,7
7,4,4,0.43547699112306487,0.0,0.8265663981437683,4
7,5,4,0.557131355225572,0.0,0.86165851354599,3
7,6,4,0.5755468783232877,0.013333333333333334,0.8656122088432312,3
7,7,4,0.5755468783232877,0.013333333333333334,0.8656122088432312,3
7,8,4,0.5755468783232877,0.013333333333333334,0.8656122088432312,3
7,9,4,0.5755468783232877,0.013333333333333334,0.8656122088432312,3
7,10,4,0.5539283386434389,0.02666666666666667,0.8676906824111938,3
7,11,4,0.5539283386434389,0.02666666666666667,0.8676906824111938,3
7,12,4,0.5340021870292343,0.04,0.8689504861831665,3
7,13,4,0.5471868942094936,0.06666666666666667,0.8913920521736145,3
7,14,4,0.5471868942094936,0.06666666666666667,0.8913920521736145,3
7,15,4,0.4934873899736649,0.12,0.8912181258201599,3
7,16,4,0.47232171438308934,0.18666666666666668,0.8939196467399597,3
7,17,4,0.47232171438308934,0.18666666666666668,0.8939196467399597,3
7,18,4,0.4744513907522543,0.2,0.8946059942245483,3
7,19,4,0.4772328129462739,0.2,0.897045910358429,3
7,20,4,0.3473797842912358,0.29333333333333333,0.9114242196083069,3
7,21,4,0.20480064217691296,0.28,0.7745002508163452,2
7,22,4,0.3937386425070673,0.36,0.9328104853630066,2
7,23,4,0.2592128528694823,0.48,0.9394860863685608,2
7,24,4,0.10543980939250552,0.5733333333333334,0.9148328900337219,2
7,25,4,0.0988661716200278,0.6533333333333333,0.9081656336784363,2
7,1,5,0.431807642532329,0.08,0.7602359652519226,7
7,2,5,0.4514017729227967,0.09333333333333334,0.7903105616569519,7
7,3,5,0.5039588656509258,0.06666666666666667,0.5884787440299988,6
7,4,5,0.557131355225572,0.0,0.86165851354599,3
7,5,5,0.557131355225572,0.0,0.86165851354599,3
7,6,5,0.5755468783232877,0.013333333333333334,0.8656122088432312,3
7,7,5,0.5755468783232877,0.013333333333333334,0.8656122088432312,3
7,8,5,0.5755468783232877,0.013333333333333334,0.8656122088432312,3
7,9,5,0.5755468783232877,0.013333333333333334,0.8656122088432312,3
7,10,5,0.5539283386434389,0.02666666666666667,0.8676906228065491,3
7,11,5,0.5539283386434389,0.02666666666666667,0.8676906228065491,3
7,12,5,0.5340021870292343,0.04,0.8689504861831665,3
7,13,5,0.5471868942094936,0.06666666666666667,0.8913920521736145,3
7,14,5,0.5471868942094936,0.06666666666666667,0.8913920521736145,3
7,15,5,0.4934873899736649,0.12,0.8912181258201599,3
7,16,5,0.47232171438308934,0.18666666666666668,0.8939196467399597,3
7,17,5,0.47232171438308934,0.18666666666666668,0.8939196467399597,3
7,18,5,0.4744513907522543,0.2,0.8946059942245483,3
7,19,5,0.4772328129462739,0.2,0.897045910358429,3
7,20,5,0.3473797842912358,0.29333333333333333,0.9114242196083069,3
7,21,5,0.20480064217691296,0.28,0.7745002508163452,2
7,22,5,0.3937386425070673,0.36,0.9328104853630066,2
7,23,5,0.2592128528694823,0.48,0.9394860863685608,2
7,24,5,0.10543980939250552,0.5733333333333334,0.9148328900337219,2
7,25,5,0.0988661716200278,0.6533333333333333,0.9081656336784363,2
7,1,6,0.42525215082957774,0.0,0.825110912322998,4
7,2,6,0.43547699112306487,0.0,0.8265663981437683,4
7,3,6,0.43547699112306487,0.0,0.8265663981437683,4
7,4,6,0.557131355225572,0.0,0.86165851354599,3
7,5,6,0.557131355225572,0.0,0.86165851354599,3
7,6,6,0.5755468783232877,0.013333333333333334,0.8656122088432312,3
7,7,6,0.5755468783232877,0.013333333333333334,0.8656122088432312,3
7,8,6,0.5755468783232877,0.013333333333333334,0.8656122088432312,3
7,9,6,0.5755468783232877,0.013333333333333334,0.8656122088432312,3
7,10,6,0.5539283386434389,0.02666666666666667,0.8676906824111938,3
7,11,6,0.5539283386434389,0.02666666666666667,0.8676906824111938,3
7,12,6,0.5340021870292343,0.04,0.8689504861831665,3
7,13,6,0.5471868942094936,0.06666666666666667,0.8913920521736145,3
7,14,6,0.5471868942094936,0.06666666666666667,0.8913920521736145,3
7,15,6,0.4934873899736649,0.12,0.8912181258201599,3
7,16,6,0.47232171438308934,0.18666666666666668,0.8939196467399597,3
7,17,6,0.47232171438308934,0.18666666666666668,0.8939196467399597,3
7,18,6,0.4744513907522543,0.2,0.8946059942245483,3
7,19,6,0.4772328129462739,0.2,0.897045910358429,3
7,20,6,0.3473797842912358,0.29333333333333333,0.9114242196083069,3
7,21,6,0.20480064217691296,0.28,0.7745002508163452,2
7,22,6,0.3937386425070673,0.36,0.9328104853630066,2
7,23,6,0.2592128528694823,0.48,0.9394860863685608,2
7,24,6,0.10543980939250552,0.5733333333333334,0.9148328900337219,2
7,25,6,0.0988661716200278,0.6533333333333333,0.9081656336784363,2
7,1,7,0.42525215082957774,0.0,0.825110912322998,4
7,2,7,0.43547699112306487,0.0,0.8265663981437683,4
7,3,7,0.43547699112306487,0.0,0.8265663981437683,4
7,4,7,0.557131355225572,0.0,0.86165851354599,3
7,5,7,0.557131355225572,0.0,0.86165851354599,3
7,6,7,0.5755468783232877,0.013333333333333334,0.8656122088432312,3
7,7,7,0.5755468783232877,0.013333333333333334,0.8656122088432312,3
7,8,7,0.5755468783232877,0.013333333333333334,0.8656122088432312,3
7,9,7,0.5755468783232877,0.013333333333333334,0.8656122088432312,3
7,10,7,0.5539283386434389,0.02666666666666667,0.8676906824111938,3
7,11,7,0.5539283386434389,0.02666666666666667,0.8676906824111938,3
7,12,7,0.5340021870292343,0.04,0.8689504861831665,3
7,13,7,0.5471868942094936,0.06666666666666667,0.8913920521736145,3
7,14,7,0.5471868942094936,0.06666666666666667,0.8913920521736145,3
7,15,7,0.4934873899736649,0.12,0.8912181258201599,3
7,16,7,0.47232171438308934,0.18666666666666668,0.8939196467399597,3
7,17,7,0.47232171438308934,0.18666666666666668,0.8939196467399597,3
7,18,7,0.4744513907522543,0.2,0.8946059942245483,3
7,19,7,0.4772328129462739,0.2,0.897045910358429,3
7,20,7,0.3473797842912358,0.29333333333333333,0.9114242196083069,3
7,21,7,0.20480064217691296,0.28,0.7745002508163452,2
7,22,7,0.3937386425070673,0.36,0.9328104853630066,2
7,23,7,0.2592128528694823,0.48,0.9394860863685608,2
7,24,7,0.10543980939250552,0.5733333333333334,0.9148328900337219,2
7,25,7,0.0988661716200278,0.6533333333333333,0.9081656336784363,2
7,1,8,0.42525215082957774,0.0,0.825110912322998,4
7,2,8,0.43547699112306487,0.0,0.8265663981437683,4
7,3,8,0.43547699112306487,0.0,0.8265663981437683,4
7,4,8,0.557131355225572,0.0,0.86165851354599,3
7,5,8,0.557131355225572,0.0,0.86165851354599,3
7,6,8,0.5755468783232877,0.013333333333333334,0.8656122088432312,3
7,7,8,0.5755468783232877,0.013333333333333334,0.8656122088432312,3
7,8,8,0.5755468783232877,0.013333333333333334,0.8656122088432312,3
7,9,8,0.5755468783232877,0.013333333333333334,0.8656122088432312,3
7,10,8,0.5539283386434389,0.02666666666666667,0.8676906228065491,3
7,11,8,0.5539283386434389,0.02666666666666667,0.8676906824111938,3
7,12,8,0.5340021870292343,0.04,0.8689504861831665,3
7,13,8,0.5471868942094936,0.06666666666666667,0.8913920521736145,3
7,14,8,0.5471868942094936,0.06666666666666667,0.8913920521736145,3
7,15,8,0.4934873899736649,0.12,0.8912181258201599,3
7,16,8,0.47232171438308934,0.18666666666666668,0.8939196467399597,3
7,17,8,0.47232171438308934,0.18666666666666668,0.8939196467399597,3
7,18,8,0.4744513907522543,0.2,0.8946059942245483,3
7,19,8,0.4772328129462739,0.2,0.897045910358429,3
7,20,8,0.2721506448658787,0.13333333333333333,0.7385641932487488,2
7,21,8,0.20480064217691296,0.28,0.7745002508163452,2
7,22,8,0.3937386425070673,0.36,0.9328104853630066,2
7,23,8,0.2592128528694823,0.48,0.9394860863685608,2
7,24,8,0.10543980939250552,0.5733333333333334,0.9148328900337219,2
7,25,8,0.0988661716200278,0.6533333333333333,0.9081656336784363,2
7,1,9,0.42525215082957774,0.0,0.825110912322998,4
7,2,9,0.43547699112306487,0.0,0.8265663981437683,4
7,3,9,0.43547699112306487,0.0,0.8265663981437683,4
7,4,9,0.557131355225572,0.0,0.86165851354599,3
7,5,9,0.557131355225572,0.0,0.86165851354599,3
7,6,9,0.5755468783232877,0.013333333333333334,0.8656122088432312,3
7,7,9,0.5755468783232877,0.013333333333333334,0.8656122088432312,3
7,8,9,0.5755468783232877,0.013333333333333334,0.8656122088432312,3
7,9,9,0.5755468783232877,0.013333333333333334,0.8656122088432312,3
7,10,9,0.5539283386434389,0.02666666666666667,0.8676906824111938,3
7,11,9,0.5539283386434389,0.02666666666666667,0.8676906824111938,3
7,12,9,0.5340021870292343,0.04,0.8689504861831665,3
7,13,9,0.5471868942094936,0.06666666666666667,0.8913920521736145,3
7,14,9,0.5471868942094936,0.06666666666666667,0.8913920521736145,3
7,15,9,0.4934873899736649,0.12,0.8912181258201599,3
7,16,9,0.47232171438308934,0.18666666666666668,0.8939196467399597,3
7,17,9,0.47232171438308934,0.18666666666666668,0.8939196467399597,3
7,18,9,0.4744513907522543,0.2,0.8946059942245483,3
7,19,9,0.4772328129462739,0.2,0.8970458507537842,3
7,20,9,0.2721506448658787,0.13333333333333333,0.7385641932487488,2
7,21,9,0.20480064217691296,0.28,0.7745002508163452,2
7,22,9,0.3937386425070673,0.36,0.9328104853630066,2
7,23,9,0.2592128528694823,0.48,0.9394860863685608,2
7,24,9,0.10543980939250552,0.5733333333333334,0.9148328900337219,2
7,25,9,0.0988661716200278,0.6533333333333333,0.9081656336784363,2
7,1,10,0.5476688586069663,0.0,0.8643772602081299,3
7,2,10,0.557131355225572,0.0,0.86165851354599,3
7,3,10,0.557131355225572,0.0,0.86165851354599,3
7,4,10,0.557131355225572,0.0,0.86165851354599,3
7,5,10,0.557131355225572,0.0,0.86165851354599,3
7,6,10,0.5755468783232877,0.013333333333333334,0.8656122088432312,3
7,7,10,0.5755468783232877,0.013333333333333334,0.8656122088432312,3
7,8,10,0.5755468783232877,0.013333333333333334,0.8656122088432312,3
7,9,10,0.5755468783232877,0.013333333333333334,0.8656122088432312,3
7,10,10,0.5539283386434389,0.02666666666666667,0.8676906228065491,3
7,11,10,0.5539283386434389,0.02666666666666667,0.8676906228065491,3
7,12,10,0.5340021870292343,0.04,0.8689504861831665,3
7,13,10,0.5471868942094936,0.06666666666666667,0.8913920521736145,3
7,14,10,0.5471868942094936,0.06666666666666667,0.8913920521736145,3
7,15,10,0.4934873899736649,0.12,0.8912181258201599,3
7,16,10,0.47232171438308934,0.18666666666666668,0.8939196467399597,3
7,17,10,0.47232171438308934,0.18666666666666668,0.8939196467399597,3
7,18,10,0.4744513907522543,0.2,0.8946059942245483,3
7,19,10,0.4772328129462739,0.2,0.897045910358429,3
7,20,10,0.2721506448658787,0.13333333333333333,0.7385641932487488,2
7,21,10,0.20480064217691296,0.28,0.7745002508163452,2
7,22,10,0.3937386425070673,0.36,0.9328104853630066,2
7,23,10,0.2592128528694823,0.48,0.9394860863685608,2
7,24,10,0.10543980939250552,0.5733333333333334,0.9148328900337219,2
7,25,10,0.0988661716200278,0.6533333333333333,0.9081656336784363,2
7,1,11,0.5476688586069663,0.0,0.8643772602081299,3
7,2,11,0.557131355225572,0.0,0.86165851354599,3
7,3,11,0.557131355225572,0.0,0.86165851354599,3
7,4,11,0.557131355225572,0.0,0.86165851354599,3
7,5,11,0.557131355225572,0.0,0.86165851354599,3
7,6,11,0.5755468783232877,0.013333333333333334,0.8656122088432312,3
7,7,11,0.5755468783232877,0.013333333333333334,0.8656122088432312,3
7,8,11,0.5755468783232877,0.013333333333333334,0.8656122088432312,3
7,9,11,0.5755468783232877,0.013333333333333334,0.8656122088432312,3
7,10,11,0.5539283386434389,0.02666666666666667,0.8676906228065491,3
7,11,11,0.5539283386434389,0.02666666666666667,0.8676906824111938,3
7,12,11,0.5340021870292343,0.04,0.8689504861831665,3
7,13,11,0.5471868942094936,0.06666666666666667,0.8913920521736145,3
7,14,11,0.5471868942094936,0.06666666666666667,0.8913920521736145,3
7,15,11,0.4934873899736649,0.12,0.8912181258201599,3
7,16,11,0.47232171438308934,0.18666666666666668,0.8939196467399597,3
7,17,11,0.47232171438308934,0.18666666666666668,0.8939196467399597,3
7,18,11,0.4744513907522543,0.2,0.8946059942245483,3
7,19,11,0.4772328129462739,0.2,0.897045910358429,3
7,20,11,0.2721506448658787,0.13333333333333333,0.7385641932487488,2
7,21,11,0.20480064217691296,0.28,0.7745002508163452,2
7,22,11,0.3937386425070673,0.36,0.9328104853630066,2
7,23,11,0.2592128528694823,0.48,0.9394860863685608,2
7,24,11,0.10543980939250552,0.5733333333333334,0.9148328900337219,2
7,25,11,0.0,1.0,,0
7,1,12,0.5476688586069663,0.0,0.8643772602081299,3
7,2,12,0.557131355225572,0.0,0.86165851354599,3
7,3,12,0.557131355225572,0.0,0.86165851354599,3
7,4,12,0.557131355225572,0.0,0.86165851354599,3
7,5,12,0.557131355225572,0.0,0.86165851354599,3
7,6,12,0.5755468783232877,0.013333333333333334,0.8656122088432312,3
7,7,12,0.5755468783232877,0.013333333333333334,0.8656122088432312,3
7,8,12,0.5755468783232877,0.013333333333333334,0.8656122088432312,3
7,9,12,0.5755468783232877,0.013333333333333334,0.8656122088432312,3
7,10,12,0.5539283386434389,0.02666666666666667,0.8676906228065491,3
7,11,12,0.5539283386434389,0.02666666666666667,0.8676906228065491,3
7,12,12,0.5340021870292343,0.04,0.8689504861831665,3
7,13,12,0.5471868942094936,0.06666666666666667,0.8913920521736145,3
7,14,12,0.5471868942094936,0.06666666666666667,0.8913919925689697,3
7,15,12,0.4934873899736649,0.12,0.8912181258201599,3
7,16,12,0.47232171438308934,0.18666666666666668,0.8939196467399597,3
7,17,12,0.47232171438308934,0.18666666666666668,0.8939196467399597,3
7,18,12,0.4744513907522543,0.2,0.8946059942245483,3
7,19,12,0.4772328129462739,0.2,0.897045910358429,3
7,20,12,0.2721506448658787,0.13333333333333333,0.7385641932487488,2
7,21,12,0.20480064217691296,0.28,0.7745002508163452,2
7,22,12,0.3937386425070673,0.36,0.9328104853630066,2
7,23,12,0.2592128528694823,0.48,0.9394860863685608,2
7,24,12,0.10543980939250552,0.5733333333333334,0.9148328900337219,2
7,25,12,0.0,1.0,,0
7,1,13,0.5476688586069663,0.0,0.8643772602081299,3
7,2,13,0.557131355225572,0.0,0.86165851354599,3
7,3,13,0.557131355225572,0.0,0.86165851354599,3
7,4,13,0.557131355225572,0.0,0.86165851354599,3
7,5,13,0.557131355225572,0.0,0.86165851354599,3
7,6,13,0.5755468783232877,0.013333333333333334,0.8656122088432312,3
7,7,13,0.5755468783232877,0.013333333333333334,0.8656122088432312,3
7,8,13,0.5755468783232877,0.013333333333333334,0.8656122088432312,3
7,9,13,0.5755468783232877,0.013333333333333334,0.8656122088432312,3
7,10,13,0.5539283386434389,0.02666666666666667,0.8676906824111938,3
7,11,13,0.5539283386434389,0.02666666666666667,0.8676906228065491,3
7,12,13,0.5340021870292343,0.04,0.8689504861831665,3
7,13,13,0.5471868942094936,0.06666666666666667,0.8913920521736145,3
7,14,13,0.5471868942094936,0.06666666666666667,0.8913920521736145,3
7,15,13,0.4934873899736649,0.12,0.8912181258201599,3
7,16,13,0.47232171438308934,0.18666666666666668,0.8939196467399597,3
7,17,13,0.47232171438308934,0.18666666666666668,0.8939196467399597,3
7,18,13,0.26309772710946405,0.06666666666666667,0.7332102656364441,2
7,19,13,0.4772328129462739,0.2,0.897045910358429,3
7,20,13,0.2721506448658787,0.13333333333333333,0.7385641932487488,2
7,21,13,0.20480064217691296,0.28,0.7745002508163452,2
7,22,13,0.3937386425070673,0.36,0.9328104853630066,2
7,23,13,0.2592128528694823,0.48,0.9394860863685608,2
7,24,13,0.10543980939250552,0.5733333333333334,0.9148328900337219,2
7,25,13,0.0,1.0,,0
7,1,14,0.5476688586069663,0.0,0.8643772602081299,3
7,2,14,0.557131355225572,0.0,0.86165851354599,3
7,3,14,0.557131355225572,0.0,0.86165851354599,3
7,4,14,0.557131355225572,0.0,0.86165851354599,3
7,5,14,0.557131355225572,0.0,0.86165851354599,3
7,6,14,0.5755468783232877,0.013333333333333334,0.8656122088432312,3
7,7,14,0.5755468783232877,0.013333333333333334,0.8656122088432312,3
7,8,14,0.5755468783232877,0.013333333333333334,0.8656122088432312,3
7,9,14,0.5755468783232877,0.013333333333333334,0.8656122088432312,3
7,10,14,0.5539283386434389,0.02666666666666667,0.8676906824111938,3
7,11,14,0.5539283386434389,0.02666666666666667,0.8676906824111938,3
7,12,14,0.5340021870292343,0.04,0.8689504861831665,3
7,13,14,0.5471868942094936,0.06666666666666667,0.8913920521736145,3
7,14,14,0.5471868942094936,0.06666666666666667,0.8913920521736145,3
7,15,14,0.4934873899736649,0.12,0.8912181258201599,3
7,16,14,0.2769350422752518,0.04,0.7303457856178284,2
7,17,14,0.2769350422752518,0.04,0.7303457856178284,2
7,18,14,0.26309772710946405,0.06666666666666667,0.7332102656364441,2
7,19,14,0.27133965763859635,0.08,0.7340278029441833,2
7,20,14,0.2721506448658787,0.13333333333333333,0.7385641932487488,2
7,21,14,0.20480064217691296,0.28,0.7745002508163452,2
7,22,14,0.3937386425070673,0.36,0.9328104853630066,2
7,23,14,0.2592128528694823,0.48,0.9394860863685608,2
7,24,14,0.10543980939250552,0.5733333333333334,0.9148328900337219,2
7,25,14,0.0,1.0,,0
7,1,15,0.5476688586069663,0.0,0.8643772602081299,3
7,2,15,0.557131355225572,0.0,0.86165851354599,3
7,3,15,0.557131355225572,0.0,0.86165851354599,3
7,4,15,0.557131355225572,0.0,0.86165851354599,3
7,5,15,0.557131355225572,0.0,0.86165851354599,3
7,6,15,0.5755468783232877,0.013333333333333334,0.8656122088432312,3
7,7,15,0.5755468783232877,0.013333333333333334,0.8656122088432312,3
7,8,15,0.5755468783232877,0.013333333333333334,0.8656122088432312,3
7,9,15,0.5755468783232877,0.013333333333333334,0.8656122088432312,3
7,10,15,0.5539283386434389,0.02666666666666667,0.8676906824111938,3
7,11,15,0.5539283386434389,0.02666666666666667,0.8676906824111938,3
7,12,15,0.5340021870292343,0.04,0.8689504861831665,3
7,13,15,0.5471868942094936,0.06666666666666667,0.8913920521736145,3
7,14,15,0.5471868942094936,0.06666666666666667,0.8913920521736145,3
7,15,15,0.4934873899736649,0.12,0.8912181258201599,3
7,16,15,0.2769350422752518,0.04,0.7303457856178284,2
7,17,15,0.2769350422752518,0.04,0.7303457856178284,2
7,18,15,0.26309772710946405,0.06666666666666667,0.7332102656364441,2
7,19,15,0.27133965763859635,0.08,0.7340278029441833,2
7,20,15,0.2721506448658787,0.13333333333333333,0.7385641932487488,2
7,21,15,0.20480064217691296,0.28,0.7745002508163452,2
7,22,15,0.3937386425070673,0.36,0.9328104853630066,2
7,23,15,0.2592128528694823,0.48,0.9394860863685608,2
7,24,15,0.10543980939250552,0.5733333333333334,0.9148328900337219,2
7,25,15,0.0,1.0,,0
7,1,16,0.5476688586069663,0.0,0.8643772602081299,3
7,2,16,0.557131355225572,0.0,0.86165851354599,3
7,3,16,0.557131355225572,0.0,0.86165851354599,3
7,4,16,0.557131355225572,0.0,0.86165851354599,3
7,5,16,0.557131355225572,0.0,0.86165851354599,3
7,6,16,0.5755468783232877,0.013333333333333334,0.8656122088432312,3
7,7,16,0.5755468783232877,0.013333333333333334,0.8656122088432312,3
7,8,16,0.5755468783232877,0.013333333333333334,0.8656122088432312,3
7,9,16,0.5755468783232877,0.013333333333333334,0.8656122088432312,3
7,10,16,0.5539283386434389,0.02666666666666667,0.8676906824111938,3
7,11,16,0.5539283386434389,0.02666666666666667,0.8676906228065491,3
7,12,16,0.5340021870292343,0.04,0.8689504861831665,3
7,13,16,0.5471868942094936,0.06666666666666667,0.8913920521736145,3
7,14,16,0.5471868942094936,0.06666666666666667,0.8913920521736145,3
7,15,16,0.4934873899736649,0.12,0.8912181258201599,3
7,16,16,0.2769350422752518,0.04,0.7303457856178284,2
7,17,16,0.2769350422752518,0.04,0.7303457856178284,2
7,18,16,0.26309772710946405,0.06666666666666667,0.7332102656364441,2
7,19,16,0.27133965763859635,0.08,0.7340278029441833,2
7,20,16,0.2721506448658787,0.13333333333333333,0.7385641932487488,2
7,21,16,0.20480064217691296,0.28,0.7745002508163452,2
7,22,16,0.3937386425070673,0.36,0.9328104853630066,2
7,23,16,0.2592128528694823,0.48,0.9394860863685608,2
7,24,16,0.10543980939250552,0.5733333333333334,0.9148328900337219,2
7,25,16,0.0,1.0,,0
7,1,17,0.5476688586069663,0.0,0.8643772602081299,3
7,2,17,0.557131355225572,0.0,0.86165851354599,3
7,3,17,0.557131355225572,0.0,0.86165851354599,3
7,4,17,0.557131355225572,0.0,0.86165851354599,3
7,5,17,0.557131355225572,0.0,0.86165851354599,3
7,6,17,0.5755468783232877,0.013333333333333334,0.8656122088432312,3
7,7,17,0.5755468783232877,0.013333333333333334,0.8656122088432312,3
7,8,17,0.5755468783232877,0.013333333333333334,0.8656122088432312,3
7,9,17,0.5755468783232877,0.013333333333333334,0.8656122088432312,3
7,10,17,0.5539283386434389,0.02666666666666667,0.8676906228065491,3
7,11,17,0.5539283386434389,0.02666666666666667,0.8676906824111938,3
7,12,17,0.5340021870292343,0.04,0.8689504861831665,3
7,13,17,0.5471868942094936,0.06666666666666667,0.8913920521736145,3
7,14,17,0.5471868942094936,0.06666666666666667,0.8913920521736145,3
7,15,17,0.28638631066982667,0.02666666666666667,0.7330807447433472,2
7,16,17,0.2769350422752518,0.04,0.7303457856178284,2
7,17,17,0.2769350422752518,0.04,0.7303457856178284,2
7,18,17,0.26309772710946405,0.06666666666666667,0.7332102656364441,2
7,19,17,0.27133965763859635,0.08,0.7340278029441833,2
7,20,17,0.2721506448658787,0.13333333333333333,0.7385641932487488,2
7,21,17,0.20480064217691296,0.28,0.7745002508163452,2
7,22,17,0.3937386425070673,0.36,0.9328104853630066,2
7,23,17,0.2592128528694823,0.48,0.9394860863685608,2
7,24,17,0.0,1.0,,0
7,25,17,0.0,1.0,,0
7,1,18,0.5476688586069663,0.0,0.8643772602081299,3
7,2,18,0.557131355225572,0.0,0.86165851354599,3
7,3,18,0.557131355225572,0.0,0.86165851354599,3
7,4,18,0.557131355225572,0.0,0.86165851354599,3
7,5,18,0.557131355225572,0.0,0.86165851354599,3
7,6,18,0.5755468783232877,0.013333333333333334,0.8656122088432312,3
7,7,18,0.5755468783232877,0.013333333333333334,0.8656122088432312,3
7,8,18,0.5755468783232877,0.013333333333333334,0.8656122088432312,3
7,9,18,0.5755468783232877,0.013333333333333334,0.8656122088432312,3
7,10,18,0.5539283386434389,0.02666666666666667,0.8676906824111938,3
7,11,18,0.5539283386434389,0.02666666666666667,0.8676906824111938,3
7,12,18,0.5340021870292343,0.04,0.8689504861831665,3
7,13,18,0.5471868942094936,0.06666666666666667,0.8913920521736145,3
7,14,18,0.5471868942094936,0.06666666666666667,0.8913920521736145,3
7,15,18,0.28638631066982667,0.02666666666666667,0.7330807447433472,2
7,16,18,0.2769350422752518,0.04,0.7303457856178284,2
7,17,18,0.2769350422752518,0.04,0.7303457856178284,2
7,18,18,0.26309772710946405,0.06666666666666667,0.7332102656364441,2
7,19,18,0.27133965763859635,0.08,0.7340278029441833,2
7,20,18,0.2721506448658787,0.13333333333333333,0.7385641932487488,2
7,21,18,0.20480064217691296,0.28,0.7745002508163452,2
7,22,18,0.3937386425070673,0.36,0.9328104853630066,2
7,23,18,0.2592128528694823,0.48,0.9394860863685608,2
7,24,18,0.0,1.0,,0
7,25,18,0.0,1.0,,0
7,1,19,0.5476688586069663,0.0,0.8643772602081299,3
7,2,19,0.557131355225572,0.0,0.86165851354599,3
7,3,19,0.557131355225572,0.0,0.86165851354599,3
7,4,19,0.557131355225572,0.0,0.86165851354599,3
7,5,19,0.557131355225572,0.0,0.86165851354599,3
7,6,19,0.5755468783232877,0.013333333333333334,0.8656122088432312,3
7,7,19,0.5755468783232877,0.013333333333333334,0.8656122088432312,3
7,8,19,0.5755468783232877,0.013333333333333334,0.8656122088432312,3
7,9,19,0.5755468783232877,0.013333333333333334,0.8656122088432312,3
7,10,19,0.5539283386434389,0.02666666666666667,0.8676906228065491,3
7,11,19,0.5539283386434389,0.02666666666666667,0.8676906228065491,3
7,12,19,0.5340021870292343,0.04,0.8689504861831665,3
7,13,19,0.5471868942094936,0.06666666666666667,0.8913920521736145,3
7,14,19,0.5471868942094936,0.06666666666666667,0.8913920521736145,3
7,15,19,0.28638631066982667,0.02666666666666667,0.7330807447433472,2
7,16,19,0.2769350422752518,0.04,0.7303457856178284,2
7,17,19,0.2769350422752518,0.04,0.7303457856178284,2
7,18,19,0.26309772710946405,0.06666666666666667,0.7332102656364441,2
7,19,19,0.27133965763859635,0.08,0.7340278029441833,2
7,20,19,0.2721506448658787,0.13333333333333333,0.7385641932487488,2
7,21,19,0.20480064217691296,0.28,0.7745002508163452,2
7,22,19,0.3937386425070673,0.36,0.9328104853630066,2
7,23,19,0.0,1.0,,0
7,24,19,0.0,1.0,,0
7,25,19,0.0,1.0,,0
7,1,20,0.5476688586069663,0.0,0.8643772602081299,3
7,2,20,0.557131355225572,0.0,0.86165851354599,3
7,3,20,0.557131355225572,0.0,0.86165851354599,3
7,4,20,0.557131355225572,0.0,0.86165851354599,3
7,5,20,0.557131355225572,0.0,0.86165851354599,3
7,6,20,0.5755468783232877,0.013333333333333334,0.8656122088432312,3
7,7,20,0.5755468783232877,0.013333333333333334,0.8656122088432312,3
7,8,20,0.5755468783232877,0.013333333333333334,0.8656122088432312,3
7,9,20,0.5755468783232877,0.013333333333333334,0.8656122088432312,3
7,10,20,0.2730860802989816,0.013333333333333334,0.7439348101615906,2
7,11,20,0.2730860802989816,0.013333333333333334,0.7439348101615906,2
7,12,20,0.2730860802989816,0.013333333333333334,0.7439348101615906,2
7,13,20,0.28638631066982667,0.02666666666666667,0.7330807447433472,2
7,14,20,0.28638631066982667,0.02666666666666667,0.7330807447433472,2
7,15,20,0.28638631066982667,0.02666666666666667,0.7330807447433472,2
7,16,20,0.2769350422752518,0.04,0.7303457856178284,2
7,17,20,0.2769350422752518,0.04,0.7303457856178284,2
7,18,20,0.26309772710946405,0.06666666666666667,0.7332102656364441,2
7,19,20,0.27133965763859635,0.08,0.7340278029441833,2
7,20,20,0.2721506448658787,0.13333333333333333,0.7385641932487488,2
7,21,20,0.20480064217691296,0.28,0.7745002508163452,2
7,22,20,0.3937386425070673,0.36,0.9328104853630066,2
7,23,20,0.0,1.0,,0
7,24,20,0.0,1.0,,0
7,25,20,0.0,1.0,,0
7,1,21,0.5476688586069663,0.0,0.8643772602081299,3
7,2,21,0.557131355225572,0.0,0.86165851354599,3
7,3,21,0.557131355225572,0.0,0.86165851354599,3
7,4,21,0.557131355225572,0.0,0.86165851354599,3
7,5,21,0.557131355225572,0.0,0.86165851354599,3
7,6,21,0.5755468783232877,0.013333333333333334,0.8656122088432312,3
7,7,21,0.5755468783232877,0.013333333333333334,0.8656122088432312,3
7,8,21,0.5755468783232877,0.013333333333333334,0.8656122088432312,3
7,9,21,0.5755468783232877,0.013333333333333334,0.8656122088432312,3
7,10,21,0.2730860802989816,0.013333333333333334,0.7439348101615906,2
7,11,21,0.2730860802989816,0.013333333333333334,0.7439348101615906,2
7,12,21,0.2730860802989816,0.013333333333333334,0.7439348101615906,2
7,13,21,0.28638631066982667,0.02666666666666667,0.7330807447433472,2
7,14,21,0.28638631066982667,0.02666666666666667,0.7330807447433472,2
7,15,21,0.28638631066982667,0.02666666666666667,0.7330807447433472,2
7,16,21,0.2769350422752518,0.04,0.7303457856178284,2
7,17,21,0.2769350422752518,0.04,0.7303457856178284,2
7,18,21,0.26309772710946405,0.06666666666666667,0.7332102656364441,2
7,19,21,0.27133965763859635,0.08,0.7340278029441833,2
7,20,21,0.2721506448658787,0.13333333333333333,0.7385641932487488,2
7,21,21,0.20480064217691296,0.28,0.7745002508163452,2
7,22,21,0.3937386425070673,0.36,0.9328104853630066,2
7,23,21,0.0,1.0,,0
7,24,21,0.0,1.0,,0
7,25,21,0.0,1.0,,0
7,1,22,0.5476688586069663,0.0,0.8643772602081299,3
7,2,22,0.1979004016830161,0.0,0.5699766874313354,2
7,3,22,0.1979004016830161,0.0,0.5699766874313354,2
7,4,22,0.1979004016830161,0.0,0.5699766874313354,2
7,5,22,0.1979004016830161,0.0,0.5699766874313354,2
7,6,22,0.2730860802989816,0.013333333333333334,0.7439348101615906,2
7,7,22,0.2730860802989816,0.013333333333333334,0.7439348101615906,2
7,8,22,0.2730860802989816,0.013333333333333334,0.7439348101615906,2
7,9,22,0.2730860802989816,0.013333333333333334,0.7439348101615906,2
7,10,22,0.2730860802989816,0.013333333333333334,0.7439348101615906,2
7,11,22,0.2730860802989816,0.013333333333333334,0.7439348101615906,2
7,12,22,0.2730860802989816,0.013333333333333334,0.7439348101615906,2
7,13,22,0.28638631066982667,0.02666666666666667,0.7330807447433472,2
7,14,22,0.28638631066982667,0.02666666666666667,0.7330807447433472,2
7,15,22,0.28638631066982667,0.02666666666666667,0.7330807447433472,2
7,16,22,0.2769350422752518,0.04,0.7303457856178284,2
7,17,22,0.2769350422752518,0.04,0.7303457856178284,2
7,18,22,0.26309772710946405,0.06666666666666667,0.7332102656364441,2
7,19,22,0.27133965763859635,0.08,0.7340278029441833,2
7,20,22,0.2721506448658787,0.13333333333333333,0.7385641932487488,2
7,21,22,0.20480064217691296,0.28,0.7745002508163452,2
7,22,22,0.3937386425070673,0.36,0.9328104853630066,2
7,23,22,0.0,1.0,,0
7,24,22,0.0,1.0,,0
7,25,22,0.0,1.0,,0
7,1,23,0.1979004016830161,0.0,0.5699766874313354,2
7,2,23,0.1979004016830161,0.0,0.5699766874313354,2
7,3,23,0.1979004016830161,0.0,0.5699766874313354,2
7,4,23,0.1979004016830161,0.0,0.5699766874313354,2
7,5,23,0.1979004016830161,0.0,0.5699766874313354,2
7,6,23,0.2730860802989816,0.013333333333333334,0.7439348101615906,2
7,7,23,0.2730860802989816,0.013333333333333334,0.7439348101615906,2
7,8,23,0.2730860802989816,0.013333333333333334,0.7439348101615906,2
7,9,23,0.2730860802989816,0.013333333333333334,0.7439348101615906,2
7,10,23,0.2730860802989816,0.013333333333333334,0.7439348101615906,2
7,11,23,0.2730860802989816,0.013333333333333334,0.7439348101615906,2
7,12,23,0.2730860802989816,0.013333333333333334,0.7439348101615906,2
7,13,23,0.28638631066982667,0.02666666666666667,0.7330807447433472,2
7,14,23,0.28638631066982667,0.02666666666666667,0.7330807447433472,2
7,15,23,0.28638631066982667,0.02666666666666667,0.7330807447433472,2
7,16,23,0.2769350422752518,0.04,0.7303457856178284,2
7,17,23,0.2769350422752518,0.04,0.7303457856178284,2
7,18,23,0.26309772710946405,0.06666666666666667,0.7332102656364441,2
7,19,23,0.27133965763859635,0.08,0.7340278029441833,2
7,20,23,0.2721506448658787,0.13333333333333333,0.7385641932487488,2
7,21,23,0.20480064217691296,0.28,0.7745002508163452,2
7,22,23,0.3937386425070673,0.36,0.9328104853630066,2
7,23,23,0.0,1.0,,0
7,24,23,0.0,1.0,,0
7,25,23,0.0,1.0,,0
7,1,24,0.1979004016830161,0.0,0.5699766874313354,2
7,2,24,0.1979004016830161,0.0,0.5699766874313354,2
7,3,24,0.1979004016830161,0.0,0.5699766874313354,2
7,4,24,0.1979004016830161,0.0,0.5699766874313354,2
7,5,24,0.1979004016830161,0.0,0.5699766874313354,2
7,6,24,0.2730860802989816,0.013333333333333334,0.7439348101615906,2
7,7,24,0.2730860802989816,0.013333333333333334,0.7439348101615906,2
7,8,24,0.2730860802989816,0.013333333333333334,0.7439348101615906,2
7,9,24,0.2730860802989816,0.013333333333333334,0.7439348101615906,2
7,10,24,0.2730860802989816,0.013333333333333334,0.7439348101615906,2
7,11,24,0.2730860802989816,0.013333333333333334,0.7439348101615906,2
7,12,24,0.2730860802989816,0.013333333333333334,0.7439348101615906,2
7,13,24,0.28638631066982667,0.02666666666666667,0.7330807447433472,2
7,14,24,0.28638631066982667,0.02666666666666667,0.7330807447433472,2
7,15,24,0.28638631066982667,0.02666666666666667,0.7330807447433472,2
7,16,24,0.2769350422752518,0.04,0.7303457856178284,2
7,17,24,0.2769350422752518,0.04,0.7303457856178284,2
7,18,24,0.26309772710946405,0.06666666666666667,0.7332102656364441,2
7,19,24,0.27133965763859635,0.08,0.7340278029441833,2
7,20,24,0.2721506448658787,0.13333333333333333,0.7385641932487488,2
7,21,24,0.0,1.0,,0
7,22,24,0.0,1.0,,0
7,23,24,0.0,1.0,,0
7,24,24,0.0,1.0,,0
7,25,24,0.0,1.0,,0
7,1,25,0.0,1.0,,0
7,2,25,0.0,1.0,,0
7,3,25,0.0,1.0,,0
7,4,25,0.0,1.0,,0
7,5,25,0.0,1.0,,0
7,6,25,0.2730860802989816,0.013333333333333334,0.7439348101615906,2
7,7,25,0.2730860802989816,0.013333333333333334,0.7439348101615906,2
7,8,25,0.2730860802989816,0.013333333333333334,0.7439348101615906,2
7,9,25,0.2730860802989816,0.013333333333333334,0.7439348101615906,2
7,10,25,0.2730860802989816,0.013333333333333334,0.7439348101615906,2
7,11,25,0.2730860802989816,0.013333333333333334,0.7439348101615906,2
7,12,25,0.2730860802989816,0.013333333333333334,0.7439348101615906,2
7,13,25,0.28638631066982667,0.02666666666666667,0.7330807447433472,2
7,14,25,0.28638631066982667,0.02666666666666667,0.7330807447433472,2
7,15,25,0.28638631066982667,0.02666666666666667,0.7330807447433472,2
7,16,25,0.2769350422752518,0.04,0.7303457856178284,2
7,17,25,0.2769350422752518,0.04,0.7303457856178284,2
7,18,25,0.26309772710946405,0.06666666666666667,0.7332102656364441,2
7,19,25,0.27133965763859635,0.08,0.7340278029441833,2
7,20,25,0.0,1.0,,0
7,21,25,0.0,1.0,,0
7,22,25,0.0,1.0,,0
7,23,25,0.0,1.0,,0
7,24,25,0.0,1.0,,0
7,25,25,0.0,1.0,,0
8,1,2,0.4475698233403132,0.05333333333333334,0.4169961214065552,11
8,2,2,0.49412040391043993,0.013333333333333334,0.4968923032283783,9
8,3,2,0.6658129902075709,0.0,0.6460020542144775,7
8,4,2,0.557131355225572,0.0,0.955773115158081,3
8,5,2,0.557131355225572,0.0,0.955773115158081,3
8,6,2,0.557131355225572,0.0,0.955773115158081,3
8,7,2,0.557131355225572,0.0,0.955773115158081,3
8,8,2,0.557131355225572,0.0,0.955773115158081,3
8,9,2,0.557131355225572,0.0,0.955773115158081,3
8,10,2,0.557131355225572,0.0,0.955773115158081,3
8,11,2,0.557131355225572,0.0,0.955773115158081,3
8,12,2,0.557131355225572,0.0,0.955773115158081,3
8,13,2,0.557131355225572,0.0,0.955773115158081,3
8,14,2,0.557131355225572,0.0,0.955773115158081,3
8,15,2,0.557131355225572,0.0,0.955773115158081,3
8,16,2,0.557131355225572,0.0,0.955773115158081,3
8,17,2,0.557131355225572,0.0,0.955773115158081,3
8,18,2,0.557131355225572,0.0,0.955773115158081,3
8,19,2,0.557131355225572,0.0,0.955773115158081,3
8,20,2,0.557131355225572,0.0,0.955773115158081,3
8,21,2,0.38039498541074374,0.21333333333333335,0.8039986491203308,2
8,22,2,0.4795549182624055,0.25333333333333335,0.8917945027351379,2
8,23,2,0.4795549182624055,0.25333333333333335,0.8917943835258484,2
8,24,2,0.25523077220301,0.6,0.8190931677818298,2
8,25,2,0.0,1.0,,0
8,1,3,0.49412040391043993,0.013333333333333334,0.4968923032283783,9
8,2,3,0.49412040391043993,0.013333333333333334,0.4968923032283783,9
8,3,3,0.6658129902075709,0.0,0.6460020542144775,7
8,4,3,0.557131355225572,0.0,0.955773115158081,3
8,5,3,0.557131355225572,0.0,0.955773115158081,3
8,6,3,0.557131355225572,0.0,0.955773115158081,3
8,7,3,0.557131355225572,0.0,0.955773115158081,3
8,8,3,0.557131355225572,0.0,0.955773115158081,3
8,9,3,0.557131355225572,0.0,0.955773115158081,3
8,10,3,0.557131355225572,0.0,0.955773115158081,3
8,11,3,0.557131355225572,0.0,0.955773115158081,3
8,12,3,0.557131355225572,0.0,0.955773115158081,3
8,13,3,0.557131355225572,0.0,0.955773115158081,3
8,14,3,0.557131355225572,0.0,0.955773115158081,3
8,15,3,0.557131355225572,0.0,0.955773115158081,3
8,16,3,0.557131355225572,0.0,0.955773115158081,3
8,17,3,0.557131355225572,0.0,0.955773115158081,3
8,18,3,0.557131355225572,0.0,0.955773115158081,3
8,19,3,0.557131355225572,0.0,0.955773115158081,3
8,20,3,0.557131355225572,0.0,0.955773115158081,3
8,21,3,0.38039498541074374,0.21333333333333335,0.8039986491203308,2
8,22,3,0.4795549182624055,0.25333333333333335,0.8917945027351379,2
8,23,3,0.4795549182624055,0.25333333333333335,0.8917943835258484,2
8,24,3,0.0,1.0,,0
8,25,3,0.0,1.0,,0
8,1,4,0.49412040391043993,0.013333333333333334,0.4968923032283783,9
8,2,4,0.49412040391043993,0.013333333333333334,0.4968923032283783,9
8,3,4,0.6658129902075709,0.0,0.6460020542144775,7
8,4,4,0.557131355225572,0.0,0.955773115158081,3
8,5,4,0.557131355225572,0.0,0.955773115158081,3
8,6,4,0.557131355225572,0.0,0.955773115158081,3
8,7,4,0.557131355225572,0.0,0.955773115158081,3
8,8,4,0.557131355225572,0.0,0.955773115158081,3
8,9,4,0.557131355225572,0.0,0.955773115158081,3
8,10,4,0.557131355225572,0.0,0.955773115158081,3
8,11,4,0.557131355225572,0.0,0.955773115158081,3
8,12,4,0.557131355225572,0.0,0.955773115158081,3
8,13,4,0.557131355225572,0.0,0.955773115158081,3
8,14,4,0.557131355225572,0.0,0.955773115158081,3
8,15,4,0.557131355225572,0.0,0.955773115158081,3
8,16,4,0.557131355225572,0.0,0.955773115158081,3
8,17,4,0.557131355225572,0.0,0.955773115158081,3
8,18,4,0.557131355225572,0.0,0.955773115158081,3
8,19,4,0.557131355225572,0.0,0.955773115158081,3
8,20,4,0.557131355225572,0.0,0.955773115158081,3
8,21,4,0.38039498541074374,0.21333333333333335,0.8039986491203308,2
8,22,4,0.4795549182624055,0.25333333333333335,0.8917943835258484,2
8,23,4,0.4795549182624055,0.25333333333333335,0.8917943835258484,2
8,24,4,0.0,1.0,,0
8,25,4,0.0,1.0,,0
8,1,5,0.49088247763806525,0.06666666666666667,0.5690382122993469,8
8,2,5,0.49088247763806525,0.06666666666666667,0.5690382122993469,8
8,3,5,0.557131355225572,0.0,0.955773115158081,3
8,4,5,0.557131355225572,0.0,0.955773115158081,3
8,5,5,0.557131355225572,0.0,0.955773115158081,3
8,6,5,0.557131355225572,0.0,0.955773115158081,3
8,7,5,0.557131355225572,0.0,0.955773115158081,3
8,8,5,0.557131355225572,0.0,0.955773115158081,3
8,9,5,0.557131355225572,0.0,0.955773115158081,3
8,10,5,0.557131355225572,0.0,0.955773115158081,3
8,11,5,0.557131355225572,0.0,0.955773115158081,3
8,12,5,0.557131355225572,0.0,0.955773115158081,3
8,13,5,0.557131355225572,0.0,0.955773115158081,3
8,14,5,0.557131355225572,0.0,0.955773115158081,3
8,15,5,0.557131355225572,0.0,0.955773115158081,3
8,16,5,0.557131355225572,0.0,0.955773115158081,3
8,17,5,0.557131355225572,0.0,0.955773115158081,3
8,18,5,0.557131355225572,0.0,0.955773115158081,3
8,19,5,0.557131355225572,0.0,0.955773115158081,3
8,20,5,0.557131355225572,0.0,0.955773115158081,3
8,21,5,0.38039498541074374,0.21333333333333335,0.8039986491203308,2
8,22,5,0.4795549182624055,0.25333333333333335,0.8917943835258484,2
8,23,5,0.4795549182624055,0.25333333333333335,0.8917945027351379,2
8,24,5,0.0,1.0,,0
8,25,5,0.0,1.0,,0
8,1,6,0.5108077401566135,0.13333333333333333,0.7001199722290039,7
8,2,6,0.5108077401566135,0.13333333333333333,0.7001200318336487,7
8,3,6,0.557131355225572,0.0,0.955773115158081,3
8,4,6,0.557131355225572,0.0,0.955773115158081,3
8,5,6,0.557131355225572,0.0,0.955773115158081,3
8,6,6,0.557131355225572,0.0,0.955773115158081,3
8,7,6,0.557131355225572,0.0,0.955773115158081,3
8,8,6,0.557131355225572,0.0,0.955773115158081,3
8,9,6,0.557131355225572,0.0,0.955773115158081,3
8,10,6,0.557131355225572,0.0,0.955773115158081,3
8,11,6,0.557131355225572,0.0,0.955773115158081,3
8,12,6,0.557131355225572,0.0,0.955773115158081,3
8,13,6,0.557131355225572,0.0,0.955773115158081,3
8,14,6,0.557131355225572,0.0,0.955773115158081,3
8,15,6,0.557131355225572,0.0,0.955773115158081,3
8,16,6,0.557131355225572,0.0,0.955773115158081,3
8,17,6,0.557131355225572,0.0,0.955773115158081,3
8,18,6,0.557131355225572,0.0,0.955773115158081,3
8,19,6,0.557131355225572,0.0,0.955773115158081,3
8,20,6,0.557131355225572,0.0,0.955773115158081,3
8,21,6,0.38039498541074374,0.21333333333333335,0.8039986491203308,2
8,22,6,0.4795549182624055,0.25333333333333335,0.8917943835258484,2
8,23,6,0.4795549182624055,0.25333333333333335,0.8917945027351379,2
8,24,6,0.0,1.0,,0
8,25,6,0.0,1.0,,0
8,1,7,0.39219115782052805,0.013333333333333334,0.7760827541351318,5
8,2,7,0.4449925069632023,0.013333333333333334,0.9441827535629272,4
8,3,7,0.557131355225572,0.0,0.955773115158081,3
8,4,7,0.557131355225572,0.0,0.955773115158081,3
8,5,7,0.557131355225572,0.0,0.955773115158081,3
8,6,7,0.557131355225572,0.0,0.955773115158081,3
8,7,7,0.557131355225572,0.0,0.955773115158081,3
8,8,7,0.557131355225572,0.0,0.955773115158081,3
8,9,7,0.557131355225572,0.0,0.955773115158081,3
8,10,7,0.557131355225572,0.0,0.955773115158081,3
8,11,7,0.557131355225572,0.0,0.955773115158081,3
8,12,7,0.557131355225572,0.0,0.955773115158081,3
8,13,7,0.557131355225572,0.0,0.955773115158081,3
8,14,7,0.557131355225572,0.0,0.955773115158081,3
8,15,7,0.557131355225572,0.0,0.955773115158081,3
8,16,7,0.557131355225572,0.0,0.955773115158081,3
8,17,7,0.557131355225572,0.0,0.955773115158081,3
8,18,7,0.557131355225572,0.0,0.955773115158081,3
8,19,7,0.557131355225572,0.0,0.955773115158081,3
8,20,7,0.557131355225572,0.0,0.955773115158081,3
8,21,7,0.38039498541074374,0.21333333333333335,0.8039986491203308,2
8,22,7,0.4795549182624055,0.25333333333333335,0.8917943835258484,2
8,23,7,0.4795549182624055,0.25333333333333335,0.8917945027351379,2
8,24,7,0.0,1.0,,0
8,25,7,0.0,1.0,,0
8,1,8,0.557131355225572,0.0,0.955773115158081,3
8,2,8,0.557131355225572,0.0,0.955773115158081,3
8,3,8,0.557131355225572,0.0,0.955773115158081,3
8,4,8,0.557131355225572,0.0,0.955773115158081,3
8,5,8,0.557131355225572,0.0,0.955773115158081,3
8,6,8,0.557131355225572,0.0,0.955773115158081,3
8,7,8,0.557131355225572,0.0,0.955773115158081,3
8,8,8,0.557131355225572,0.0,0.955773115158081,3
8,9,8,0.557131355225572,0.0,0.955773115158081,3
8,10,8,0.557131355225572,0.0,0.955773115158081,3
8,11,8,0.557131355225572,0.0,0.955773115158081,3
8,12,8,0.557131355225572,0.0,0.955773115158081,3
8,13,8,0.557131355225572,0.0,0.955773115158081,3
8,14,8,0.557131355225572,0.0,0.955773115158081,3
8,15,8,0.557131355225572,0.0,0.955773115158081,3
8,16,8,0.557131355225572,0.0,0.955773115158081,3
8,17,8,0.557131355225572,0.0,0.955773115158081,3
8,18,8,0.557131355225572,0.0,0.955773115158081,3
8,19,8,0.557131355225572,0.0,0.955773115158081,3
8,20,8,0.557131355225572,0.0,0.955773115158081,3
8,21,8,0.38039498541074374,0.21333333333333335,0.8039986491203308,2
8,22,8,0.4795549182624055,0.25333333333333335,0.8917943835258484,2
8,23,8,0.4795549182624055,0.25333333333333335,0.8917943835258484,2
8,24,8,0.0,1.0,,0
8,25,8,0.0,1.0,,0
8,1,9,0.557131355225572,0.0,0.955773115158081,3
8,2,9,0.557131355225572,0.0,0.955773115158081,3
8,3,9,0.557131355225572,0.0,0.955773115158081,3
8,4,9,0.557131355225572,0.0,0.955773115158081,3
8,5,9,0.557131355225572,0.0,0.955773115158081,3
8,6,9,0.557131355225572,0.0,0.955773115158081,3
8,7,9,0.557131355225572,0.0,0.955773115158081,3
8,8,9,0.557131355225572,0.0,0.955773115158081,3
8,9,9,0.557131355225572,0.0,0.955773115158081,3
8,10,9,0.557131355225572,0.0,0.955773115158081,3
8,11,9,0.557131355225572,0.0,0.955773115158081,3
8,12,9,0.557131355225572,0.0,0.955773115158081,3
8,13,9,0.557131355225572,0.0,0.955773115158081,3
8,14,9,0.557131355225572,0.0,0.955773115158081,3
8,15,9,0.557131355225572,0.0,0.955773115158081,3
8,16,9,0.557131355225572,0.0,0.955773115158081,3
8,17,9,0.557131355225572,0.0,0.955773115158081,3
8,18,9,0.557131355225572,0.0,0.955773115158081,3
8,19,9,0.557131355225572,0.0,0.955773115158081,3
8,20,9,0.557131355225572,0.0,0.955773115158081,3
8,21,9,0.38039498541074374,0.21333333333333335,0.8039986491203308,2
8,22,9,0.4795549182624055,0.25333333333333335,0.8917945027351379,2
8,23,9,0.4795549182624055,0.25333333333333335,0.8917945027351379,2
8,24,9,0.0,1.0,,0
8,25,9,0.0,1.0,,0
8,1,10,0.557131355225572,0.0,0.955773115158081,3
8,2,10,0.557131355225572,0.0,0.955773115158081,3
8,3,10,0.557131355225572,0.0,0.955773115158081,3
8,4,10,0.557131355225572,0.0,0.955773115158081,3
8,5,10,0.557131355225572,0.0,0.955773115158081,3
8,6,10,0.557131355225572,0.0,0.955773115158081,3
8,7,10,0.557131355225572,0.0,0.955773115158081,3
8,8,10,0.557131355225572,0.0,0.955773115158081,3
8,9,10,0.557131355225572,0.0,0.955773115158081,3
8,10,10,0.557131355225572,0.0,0.955773115158081,3
8,11,10,0.557131355225572,0.0,0.955773115158081,3
8,12,10,0.557131355225572,0.0,0.955773115158081,3
8,13,10,0.557131355225572,0.0,0.955773115158081,3
8,14,10,0.557131355225572,0.0,0.955773115158081,3
8,15,10,0.557131355225572,0.0,0.955773115158081,3
8,16,10,0.557131355225572,0.0,0.955773115158081,3
8,17,10,0.557131355225572,0.0,0.955773115158081,3
8,18,10,0.557131355225572,0.0,0.955773115158081,3
8,19,10,0.557131355225572,0.0,0.955773115158081,3
8,20,10,0.557131355225572,0.0,0.955773115158081,3
8,21,10,0.38039498541074374,0.21333333333333335,0.8039986491203308,2
8,22,10,0.4795549182624055,0.25333333333333335,0.8917945027351379,2
8,23,10,0.4795549182624055,0.25333333333333335,0.8917943835258484,2
8,24,10,0.0,1.0,,0
8,25,10,0.0,1.0,,0
8,1,11,0.557131355225572,0.0,0.955773115158081,3
8,2,11,0.557131355225572,0.0,0.955773115158081,3
8,3,11,0.557131355225572,0.0,0.955773115158081,3
8,4,11,0.557131355225572,0.0,0.955773115158081,3
8,5,11,0.557131355225572,0.0,0.955773115158081,3
8,6,11,0.557131355225572,0.0,0.955773115158081,3
8,7,11,0.557131355225572,0.0,0.955773115158081,3
8,8,11,0.557131355225572,0.0,0.955773115158081,3
8,9,11,0.557131355225572,0.0,0.955773115158081,3
8,10,11,0.557131355225572,0.0,0.955773115158081,3
8,11,11,0.557131355225572,0.0,0.955773115158081,3
8,12,11,0.557131355225572,0.0,0.955773115158081,3
8,13,11,0.557131355225572,0.0,0.955773115158081,3
8,14,11,0.557131355225572,0.0,0.955773115158081,3
8,15,11,0.557131355225572,0.0,0.955773115158081,3
8,16,11,0.557131355225572,0.0,0.955773115158081,3
8,17,11,0.557131355225572,0.0,0.955773115158081,3
8,18,11,0.557131355225572,0.0,0.955773115158081,3
8,19,11,0.557131355225572,0.0,0.955773115158081,3
8,20,11,0.557131355225572,0.0,0.955773115158081,3
8,21,11,0.38039498541074374,0.21333333333333335,0.8039986491203308,2
8,22,11,0.4795549182624055,0.25333333333333335,0.8917943835258484,2
8,23,11,0.4795549182624055,0.25333333333333335,0.8917943835258484,2
8,24,11,0.0,1.0,,0
8,25,11,0.0,1.0,,0
8,1,12,0.557131355225572,0.0,0.955773115158081,3
8,2,12,0.557131355225572,0.0,0.955773115158081,3
8,3,12,0.557131355225572,0.0,0.955773115158081,3
8,4,12,0.557131355225572,0.0,0.955773115158081,3
8,5,12,0.557131355225572,0.0,0.955773115158081,3
8,6,12,0.557131355225572,0.0,0.955773115158081,3
8,7,12,0.557131355225572,0.0,0.955773115158081,3
8,8,12,0.557131355225572,0.0,0.955773115158081,3
8,9,12,0.557131355225572,0.0,0.955773115158081,3
8,10,12,0.557131355225572,0.0,0.955773115158081,3
8,11,12,0.557131355225572,0.0,0.955773115158081,3
8,12,12,0.557131355225572,0.0,0.955773115158081,3
8,13,12,0.557131355225572,0.0,0.955773115158081,3
8,14,12,0.557131355225572,0.0,0.955773115158081,3
8,15,12,0.557131355225572,0.0,0.955773115158081,3
8,16,12,0.557131355225572,0.0,0.955773115158081,3
8,17,12,0.557131355225572,0.0,0.955773115158081,3
8,18,12,0.557131355225572,0.0,0.955773115158081,3
8,19,12,0.557131355225572,0.0,0.955773115158081,3
8,20,12,0.557131355225572,0.0,0.955773115158081,3
8,21,12,0.38039498541074374,0.21333333333333335,0.8039986491203308,2
8,22,12,0.4795549182624055,0.25333333333333335,0.8917945027351379,2
8,23,12,0.4795549182624055,0.25333333333333335,0.8917945027351379,2
8,24,12,0.0,1.0,,0
8,25,12,0.0,1.0,,0
8,1,13,0.557131355225572,0.0,0.955773115158081,3
8,2,13,0.557131355225572,0.0,0.955773115158081,3
8,3,13,0.557131355225572,0.0,0.955773115158081,3
8,4,13,0.557131355225572,0.0,0.955773115158081,3
8,5,13,0.557131355225572,0.0,0.955773115158081,3
8,6,13,0.557131355225572,0.0,0.955773115158081,3
8,7,13,0.557131355225572,0.0,0.955773115158081,3
8,8,13,0.557131355225572,0.0,0.955773115158081,3
8,9,13,0.557131355225572,0.0,0.955773115158081,3
8,10,13,0.557131355225572,0.0,0.955773115158081,3
8,11,13,0.557131355225572,0.0,0.955773115158081,3
8,12,13,0.557131355225572,0.0,0.955773115158081,3
8,13,13,0.557131355225572,0.0,0.955773115158081,3
8,14,13,0.557131355225572,0.0,0.955773115158081,3
8,15,13,0.557131355225572,0.0,0.955773115158081,3
8,16,13,0.557131355225572,0.0,0.955773115158081,3
8,17,13,0.557131355225572,0.0,0.955773115158081,3
8,18,13,0.557131355225572,0.0,0.955773115158081,3
8,19,13,0.557131355225572,0.0,0.955773115158081,3
8,20,13,0.557131355225572,0.0,0.955773115158081,3
8,21,13,0.38039498541074374,0.21333333333333335,0.8039986491203308,2
8,22,13,0.4795549182624055,0.25333333333333335,0.8917943835258484,2
8,23,13,0.4795549182624055,0.25333333333333335,0.8917943835258484,2
8,24,13,0.0,1.0,,0
8,25,13,0.0,1.0,,0
8,1,14,0.557131355225572,0.0,0.955773115158081,3
8,2,14,0.557131355225572,0.0,0.955773115158081,3
8,3,14,0.557131355225572,0.0,0.955773115158081,3
8,4,14,0.557131355225572,0.0,0.955773115158081,3
8,5,14,0.557131355225572,0.0,0.955773115158081,3
8,6,14,0.557131355225572,0.0,0.955773115158081,3
8,7,14,0.557131355225572,0.0,0.955773115158081,3
8,8,14,0.557131355225572,0.0,0.955773115158081,3
8,9,14,0.557131355225572,0.0,0.955773115158081,3
8,10,14,0.557131355225572,0.0,0.955773115158081,3
8,11,14,0.557131355225572,0.0,0.955773115158081,3
8,12,14,0.557131355225572,0.0,0.955773115158081,3
8,13,14,0.557131355225572,0.0,0.955773115158081,3
8,14,14,0.557131355225572,0.0,0.955773115158081,3
8,15,14,0.557131355225572,0.0,0.955773115158081,3
8,16,14,0.557131355225572,0.0,0.955773115158081,3
8,17,14,0.557131355225572,0.0,0.955773115158081,3
8,18,14,0.557131355225572,0.0,0.955773115158081,3
8,19,14,0.557131355225572,0.0,0.955773115158081,3
8,20,14,0.557131355225572,0.0,0.955773115158081,3
8,21,14,0.38039498541074374,0.21333333333333335,0.8039986491203308,2
8,22,14,0.4795549182624055,0.25333333333333335,0.8917945027351379,2
8,23,14,0.4795549182624055,0.25333333333333335,0.8917943835258484,2
8,24,14,0.0,1.0,,0
8,25,14,0.0,1.0,,0
8,1,15,0.557131355225572,0.0,0.955773115158081,3
8,2,15,0.557131355225572,0.0,0.955773115158081,3
8,3,15,0.557131355225572,0.0,0.955773115158081,3
8,4,15,0.557131355225572,0.0,0.955773115158081,3
8,5,15,0.557131355225572,0.0,0.955773115158081,3
8,6,15,0.557131355225572,0.0,0.955773115158081,3
8,7,15,0.557131355225572,0.0,0.955773115158081,3
8,8,15,0.557131355225572,0.0,0.955773115158081,3
8,9,15,0.557131355225572,0.0,0.955773115158081,3
8,10,15,0.557131355225572,0.0,0.955773115158081,3
8,11,15,0.557131355225572,0.0,0.955773115158081,3
8,12,15,0.557131355225572,0.0,0.955773115158081,3
8,13,15,0.557131355225572,0.0,0.955773115158081,3
8,14,15,0.557131355225572,0.0,0.955773115158081,3
8,15,15,0.557131355225572,0.0,0.955773115158081,3
8,16,15,0.557131355225572,0.0,0.955773115158081,3
8,17,15,0.557131355225572,0.0,0.955773115158081,3
8,18,15,0.557131355225572,0.0,0.955773115158081,3
8,19,15,0.557131355225572,0.0,0.955773115158081,3
8,20,15,0.557131355225572,0.0,0.955773115158081,3
8,21,15,0.38039498541074374,0.21333333333333335,0.8039986491203308,2
8,22,15,0.4795549182624055,0.25333333333333335,0.8917943835258484,2
8,23,15,0.4795549182624055,0.25333333333333335,0.8917943835258484,2
8,24,15,0.0,1.0,,0
8,25,15,0.0,1.0,,0
8,1,16,0.557131355225572,0.0,0.955773115158081,3
8,2,16,0.557131355225572,0.0,0.955773115158081,3
8,3,16,0.557131355225572,0.0,0.955773115158081,3
8,4,16,0.557131355225572,0.0,0.955773115158081,3
8,5,16,0.557131355225572,0.0,0.955773115158081,3
8,6,16,0.557131355225572,0.0,0.955773115158081,3
8,7,16,0.557131355225572,0.0,0.955773115158081,3
8,8,16,0.557131355225572,0.0,0.955773115158081,3
8,9,16,0.557131355225572,0.0,0.955773115158081,3
8,10,16,0.557131355225572,0.0,0.955773115158081,3
8,11,16,0.557131355225572,0.0,0.955773115158081,3
8,12,16,0.557131355225572,0.0,0.955773115158081,3
8,13,16,0.557131355225572,0.0,0.955773115158081,3
8,14,16,0.557131355225572,0.0,0.955773115158081,3
8,15,16,0.557131355225572,0.0,0.955773115158081,3
8,16,16,0.557131355225572,0.0,0.955773115158081,3
8,17,16,0.557131355225572,0.0,0.955773115158081,3
8,18,16,0.557131355225572,0.0,0.955773115158081,3
8,19,16,0.557131355225572,0.0,0.955773115158081,3
8,20,16,0.557131355225572,0.0,0.955773115158081,3
8,21,16,0.38039498541074374,0.21333333333333335,0.8039986491203308,2
8,22,16,0.4795549182624055,0.25333333333333335,0.8917943835258484,2
8,23,16,0.4795549182624055,0.25333333333333335,0.8917945027351379,2
8,24,16,0.0,1.0,,0
8,25,16,0.0,1.0,,0
8,1,17,0.557131355225572,0.0,0.955773115158081,3
8,2,17,0.557131355225572,0.0,0.955773115158081,3
8,3,17,0.557131355225572,0.0,0.955773115158081,3
8,4,17,0.557131355225572,0.0,0.955773115158081,3
8,5,17,0.557131355225572,0.0,0.955773115158081,3
8,6,17,0.557131355225572,0.0,0.955773115158081,3
8,7,17,0.557131355225572,0.0,0.955773115158081,3
8,8,17,0.557131355225572,0.0,0.955773115158081,3
8,9,17,0.557131355225572,0.0,0.955773115158081,3
8,10,17,0.557131355225572,0.0,0.955773115158081,3
8,11,17,0.557131355225572,0.0,0.955773115158081,3
8,12,17,0.557131355225572,0.0,0.955773115158081,3
8,13,17,0.557131355225572,0.0,0.955773115158081,3
8,14,17,0.557131355225572,0.0,0.955773115158081,3
8,15,17,0.557131355225572,0.0,0.955773115158081,3
8,16,17,0.557131355225572,0.0,0.955773115158081,3
8,17,17,0.557131355225572,0.0,0.955773115158081,3
8,18,17,0.557131355225572,0.0,0.955773115158081,3
8,19,17,0.557131355225572,0.0,0.955773115158081,3
8,20,17,0.557131355225572,0.0,0.955773115158081,3
8,21,17,0.38039498541074374,0.21333333333333335,0.8039986491203308,2
8,22,17,0.4795549182624055,0.25333333333333335,0.8917945027351379,2
8,23,17,0.4795549182624055,0.25333333333333335,0.8917943835258484,2
8,24,17,0.0,1.0,,0
8,25,17,0.0,1.0,,0
8,1,18,0.557131355225572,0.0,0.955773115158081,3
8,2,18,0.557131355225572,0.0,0.955773115158081,3
8,3,18,0.557131355225572,0.0,0.955773115158081,3
8,4,18,0.557131355225572,0.0,0.955773115158081,3
8,5,18,0.557131355225572,0.0,0.955773115158081,3
8,6,18,0.557131355225572,0.0,0.955773115158081,3
8,7,18,0.557131355225572,0.0,0.955773115158081,3
8,8,18,0.557131355225572,0.0,0.955773115158081,3
8,9,18,0.557131355225572,0.0,0.955773115158081,3
8,10,18,0.557131355225572,0.0,0.955773115158081,3
8,11,18,0.557131355225572,0.0,0.955773115158081,3
8,12,18,0.557131355225572,0.0,0.955773115158081,3
8,13,18,0.557131355225572,0.0,0.955773115158081,3
8,14,18,0.557131355225572,0.0,0.955773115158081,3
8,15,18,0.557131355225572,0.0,0.955773115158081,3
8,16,18,0.557131355225572,0.0,0.955773115158081,3
8,17,18,0.557131355225572,0.0,0.955773115158081,3
8,18,18,0.557131355225572,0.0,0.955773115158081,3
8,19,18,0.557131355225572,0.0,0.955773115158081,3
8,20,18,0.557131355225572,0.0,0.955773115158081,3
8,21,18,0.38039498541074374,0.21333333333333335,0.8039986491203308,2
8,22,18,0.4795549182624055,0.25333333333333335,0.8917945027351379,2
8,23,18,0.4795549182624055,0.25333333333333335,0.8917943835258484,2
8,24,18,0.0,1.0,,0
8,25,18,0.0,1.0,,0
8,1,19,0.557131355225572,0.0,0.955773115158081,3
8,2,19,0.557131355225572,0.0,0.955773115158081,3
8,3,19,0.557131355225572,0.0,0.955773115158081,3
8,4,19,0.557131355225572,0.0,0.955773115158081,3
8,5,19,0.557131355225572,0.0,0.955773115158081,3
8,6,19,0.557131355225572,0.0,0.955773115158081,3
8,7,19,0.557131355225572,0.0,0.955773115158081,3
8,8,19,0.557131355225572,0.0,0.955773115158081,3
8,9,19,0.557131355225572,0.0,0.955773115158081,3
8,10,19,0.557131355225572,0.0,0.955773115158081,3
8,11,19,0.557131355225572,0.0,0.955773115158081,3
8,12,19,0.557131355225572,0.0,0.955773115158081,3
8,13,19,0.557131355225572,0.0,0.955773115158081,3
8,14,19,0.557131355225572,0.0,0.955773115158081,3
8,15,19,0.557131355225572,0.0,0.955773115158081,3
8,16,19,0.557131355225572,0.0,0.955773115158081,3
8,17,19,0.557131355225572,0.0,0.955773115158081,3
8,18,19,0.557131355225572,0.0,0.955773115158081,3
8,19,19,0.557131355225572,0.0,0.955773115158081,3
8,20,19,0.557131355225572,0.0,0.955773115158081,3
8,21,19,0.38039498541074374,0.21333333333333335,0.8039986491203308,2
8,22,19,0.4795549182624055,0.25333333333333335,0.8917943835258484,2
8,23,19,0.4795549182624055,0.25333333333333335,0.8917943835258484,2
8,24,19,0.0,1.0,,0
8,25,19,0.0,1.0,,0
8,1,20,0.557131355225572,0.0,0.955773115158081,3
8,2,20,0.557131355225572,0.0,0.955773115158081,3
8,3,20,0.557131355225572,0.0,0.955773115158081,3
8,4,20,0.557131355225572,0.0,0.955773115158081,3
8,5,20,0.557131355225572,0.0,0.955773115158081,3
8,6,20,0.557131355225572,0.0,0.955773115158081,3
8,7,20,0.557131355225572,0.0,0.955773115158081,3
8,8,20,0.557131355225572,0.0,0.955773115158081,3
8,9,20,0.557131355225572,0.0,0.955773115158081,3
8,10,20,0.557131355225572,0.0,0.955773115158081,3
8,11,20,0.557131355225572,0.0,0.955773115158081,3
8,12,20,0.557131355225572,0.0,0.955773115158081,3
8,13,20,0.557131355225572,0.0,0.955773115158081,3
8,14,20,0.557131355225572,0.0,0.955773115158081,3
8,15,20,0.557131355225572,0.0,0.955773115158081,3
8,16,20,0.557131355225572,0.0,0.955773115158081,3
8,17,20,0.557131355225572,0.0,0.955773115158081,3
8,18,20,0.557131355225572,0.0,0.955773115158081,3
8,19,20,0.557131355225572,0.0,0.955773115158081,3
8,20,20,0.557131355225572,0.0,0.955773115158081,3
8,21,20,0.38039498541074374,0.21333333333333335,0.8039986491203308,2
8,22,20,0.4795549182624055,0.25333333333333335,0.8917943835258484,2
8,23,20,0.4795549182624055,0.25333333333333335,0.8917943835258484,2
8,24,20,0.0,1.0,,0
8,25,20,0.0,1.0,,0
8,1,21,0.557131355225572,0.0,0.955773115158081,3
8,2,21,0.557131355225572,0.0,0.955773115158081,3
8,3,21,0.557131355225572,0.0,0.955773115158081,3
8,4,21,0.557131355225572,0.0,0.955773115158081,3
8,5,21,0.557131355225572,0.0,0.955773115158081,3
8,6,21,0.557131355225572,0.0,0.955773115158081,3
8,7,21,0.557131355225572,0.0,0.955773115158081,3
8,8,21,0.557131355225572,0.0,0.955773115158081,3
8,9,21,0.557131355225572,0.0,0.955773115158081,3
8,10,21,0.557131355225572,0.0,0.955773115158081,3
8,11,21,0.557131355225572,0.0,0.955773115158081,3
8,12,21,0.557131355225572,0.0,0.955773115158081,3
8,13,21,0.557131355225572,0.0,0.955773115158081,3
8,14,21,0.557131355225572,0.0,0.955773115158081,3
8,15,21,0.557131355225572,0.0,0.955773115158081,3
8,16,21,0.557131355225572,0.0,0.955773115158081,3
8,17,21,0.557131355225572,0.0,0.955773115158081,3
8,18,21,0.557131355225572,0.0,0.955773115158081,3
8,19,21,0.557131355225572,0.0,0.955773115158081,3
8,20,21,0.557131355225572,0.0,0.955773115158081,3
8,21,21,0.38039498541074374,0.21333333333333335,0.8039986491203308,2
8,22,21,0.4795549182624055,0.25333333333333335,0.8917943835258484,2
8,23,21,0.4795549182624055,0.25333333333333335,0.8917943835258484,2
8,24,21,0.0,1.0,,0
8,25,21,0.0,1.0,,0
8,1,22,0.1979004016830161,0.0,0.5963665843009949,2
8,2,22,0.557131355225572,0.28,0.9527130722999573,2
8,3,22,0.1979004016830161,0.0,0.5963666439056396,2
8,4,22,0.557131355225572,0.28,0.9527130722999573,2
8,5,22,0.557131355225572,0.28,0.9527130722999573,2
8,6,22,0.557131355225572,0.28,0.9527130722999573,2
8,7,22,0.557131355225572,0.28,0.9527130722999573,2
8,8,22,0.557131355225572,0.28,0.9527130722999573,2
8,9,22,0.557131355225572,0.28,0.9527130722999573,2
8,10,22,0.557131355225572,0.28,0.9527130722999573,2
8,11,22,0.557131355225572,0.28,0.9527130722999573,2
8,12,22,0.557131355225572,0.28,0.9527130722999573,2
8,13,22,0.557131355225572,0.28,0.9527130722999573,2
8,14,22,0.557131355225572,0.28,0.9527130722999573,2
8,15,22,0.557131355225572,0.28,0.9527130722999573,2
8,16,22,0.557131355225572,0.28,0.9527130722999573,2
8,17,22,0.557131355225572,0.28,0.9527130722999573,2
8,18,22,0.557131355225572,0.28,0.9527130722999573,2
8,19,22,0.557131355225572,0.28,0.9527130722999573,2
8,20,22,0.557131355225572,0.28,0.9527130722999573,2
8,21,22,0.38039498541074374,0.21333333333333335,0.8039986491203308,2
8,22,22,0.4795549182624055,0.25333333333333335,0.8917945027351379,2
8,23,22,0.4795549182624055,0.25333333333333335,0.8917943835258484,2
8,24,22,0.0,1.0,,0
8,25,22,0.0,1.0,,0
8,1,23,0.1979004016830161,0.0,0.5963665843009949,2
8,2,23,0.557131355225572,0.28,0.9527130722999573,2
8,3,23,0.1979004016830161,0.0,0.5963665843009949,2
8,4,23,0.557131355225572,0.28,0.9527130722999573,2
8,5,23,0.557131355225572,0.28,0.9527130722999573,2
8,6,23,0.557131355225572,0.28,0.9527130722999573,2
8,7,23,0.557131355225572,0.28,0.9527130722999573,2
8,8,23,0.557131355225572,0.28,0.9527130722999573,2
8,9,23,0.557131355225572,0.28,0.9527130722999573,2
8,10,23,0.557131355225572,0.28,0.9527130722999573,2
8,11,23,0.557131355225572,0.28,0.9527130722999573,2
8,12,23,0.557131355225572,0.28,0.9527130722999573,2
8,13,23,0.557131355225572,0.28,0.9527130722999573,2
8,14,23,0.557131355225572,0.28,0.9527130722999573,2
8,15,23,0.557131355225572,0.28,0.9527130722999573,2
8,16,23,0.557131355225572,0.28,0.9527130722999573,2
8,17,23,0.557131355225572,0.28,0.9527130722999573,2
8,18,23,0.557131355225572,0.28,0.9527130722999573,2
8,19,23,0.557131355225572,0.28,0.9527130722999573,2
8,20,23,0.557131355225572,0.28,0.9527130722999573,2
8,21,23,0.38039498541074374,0.21333333333333335,0.8039986491203308,2
8,22,23,0.4795549182624055,0.25333333333333335,0.8917945027351379,2
8,23,23,0.4795549182624055,0.25333333333333335,0.8917943835258484,2
8,24,23,0.0,1.0,,0
8,25,23,0.0,1.0,,0
8,1,24,0.1979004016830161,0.0,0.5963665843009949,2
8,2,24,0.557131355225572,0.28,0.9527130722999573,2
8,3,24,0.1979004016830161,0.0,0.5963666439056396,2
8,4,24,0.557131355225572,0.28,0.9527130722999573,2
8,5,24,0.557131355225572,0.28,0.9527130722999573,2
8,6,24,0.557131355225572,0.28,0.9527130722999573,2
8,7,24,0.557131355225572,0.28,0.9527130722999573,2
8,8,24,0.557131355225572,0.28,0.9527130722999573,2
8,9,24,0.557131355225572,0.28,0.9527130722999573,2
8,10,24,0.557131355225572,0.28,0.9527130722999573,2
8,11,24,0.557131355225572,0.28,0.9527130722999573,2
8,12,24,0.557131355225572,0.28,0.9527130722999573,2
8,13,24,0.557131355225572,0.28,0.9527130722999573,2
8,14,24,0.557131355225572,0.28,0.9527130722999573,2
8,15,24,0.557131355225572,0.28,0.9527130722999573,2
8,16,24,0.557131355225572,0.28,0.9527130722999573,2
8,17,24,0.557131355225572,0.28,0.9527130722999573,2
8,18,24,0.557131355225572,0.28,0.9527130722999573,2
8,19,24,0.557131355225572,0.28,0.9527130722999573,2
8,20,24,0.557131355225572,0.28,0.9527130722999573,2
8,21,24,0.38039498541074374,0.21333333333333335,0.8039986491203308,2
8,22,24,0.4795549182624055,0.25333333333333335,0.8917945027351379,2
8,23,24,0.4795549182624055,0.25333333333333335,0.8917945027351379,2
8,24,24,0.0,1.0,,0
8,25,24,0.0,1.0,,0
8,1,25,0.0,1.0,,0
8,2,25,0.0,1.0,,0
8,3,25,0.0,1.0,,0
8,4,25,0.0,1.0,,0
8,5,25,0.0,1.0,,0
8,6,25,0.0,1.0,,0
8,7,25,0.0,1.0,,0
8,8,25,0.0,1.0,,0
8,9,25,0.0,1.0,,0
8,10,25,0.0,1.0,,0
8,11,25,0.0,1.0,,0
8,12,25,0.0,1.0,,0
8,13,25,0.0,1.0,,0
8,14,25,0.0,1.0,,0
8,15,25,0.0,1.0,,0
8,16,25,0.0,1.0,,0
8,17,25,0.0,1.0,,0
8,18,25,0.0,1.0,,0
8,19,25,0.0,1.0,,0
8,20,25,0.0,1.0,,0
8,21,25,0.0,1.0,,0
8,22,25,0.0,1.0,,0
8,23,25,0.0,1.0,,0
8,24,25,0.0,1.0,,0
8,25,25,0.0,1.0,,0
9,1,2,0.1785141783754758,0.09333333333333334,0.08745628595352173,16
9,2,2,0.6688328087014407,0.013333333333333334,0.6816374063491821,7
9,3,2,0.45802763534222324,0.05333333333333334,0.4678826630115509,9
9,4,2,0.557131355225572,0.0,0.9450227618217468,3
9,5,2,0.557131355225572,0.0,0.9450227618217468,3
9,6,2,0.557131355225572,0.0,0.9450227618217468,3
9,7,2,0.557131355225572,0.0,0.9450227618217468,3
9,8,2,0.557131355225572,0.0,0.9450227618217468,3
9,9,2,0.557131355225572,0.0,0.9450227618217468,3
9,10,2,0.557131355225572,0.0,0.9450227618217468,3
9,11,2,0.557131355225572,0.0,0.9450227618217468,3
9,12,2,0.557131355225572,0.0,0.9450227618217468,3
9,13,2,0.557131355225572,0.0,0.9450227618217468,3
9,14,2,0.557131355225572,0.0,0.9450227618217468,3
9,15,2,0.557131355225572,0.0,0.9450227618217468,3
9,16,2,0.557131355225572,0.0,0.9450227618217468,3
9,17,2,0.557131355225572,0.0,0.9450227618217468,3
9,18,2,0.557131355225572,0.0,0.9450227618217468,3
9,19,2,0.557131355225572,0.0,0.9450227618217468,3
9,20,2,0.557131355225572,0.0,0.9450227618217468,3
9,21,2,0.4874637903073013,0.25333333333333335,0.884473443031311,2
9,22,2,0.4795549182624055,0.25333333333333335,0.8735435605049133,2
9,23,2,0.4795549182624055,0.25333333333333335,0.8760673403739929,2
9,24,2,0.2345660876659748,0.56,0.8449718952178955,2
9,25,2,0.0,1.0,,0
9,1,3,0.4864464922311159,0.013333333333333334,0.4627939760684967,9
9,2,3,0.6688328087014407,0.013333333333333334,0.6816374063491821,7
9,3,3,0.45802763534222324,0.05333333333333334,0.4678826630115509,9
9,4,3,0.557131355225572,0.0,0.9450227618217468,3
9,5,3,0.557131355225572,0.0,0.9450227618217468,3
9,6,3,0.557131355225572,0.0,0.9450227618217468,3
9,7,3,0.557131355225572,0.0,0.9450227618217468,3
9,8,3,0.557131355225572,0.0,0.9450227618217468,3
9,9,3,0.557131355225572,0.0,0.9450227618217468,3
9,10,3,0.557131355225572,0.0,0.9450227618217468,3
9,11,3,0.557131355225572,0.0,0.9450227618217468,3
9,12,3,0.557131355225572,0.0,0.9450227618217468,3
9,13,3,0.557131355225572,0.0,0.9450227618217468,3
9,14,3,0.557131355225572,0.0,0.9450227618217468,3
9,15,3,0.557131355225572,0.0,0.9450227618217468,3
9,16,3,0.557131355225572,0.0,0.9450227618217468,3
9,17,3,0.557131355225572,0.0,0.9450227618217468,3
9,18,3,0.557131355225572,0.0,0.9450227618217468,3
9,19,3,0.557131355225572,0.0,0.9450227618217468,3
9,20,3,0.557131355225572,0.0,0.9450227618217468,3
9,21,3,0.4874637903073013,0.25333333333333335,0.8844733834266663,2
9,22,3,0.4795549182624055,0.25333333333333335,0.8735435605049133,2
9,23,3,0.4795549182624055,0.25333333333333335,0.8760673403739929,2
9,24,3,0.0,1.0,,0
9,25,3,0.0,1.0,,0
9,1,4,0.4864464922311159,0.013333333333333334,0.4627939760684967,9
9,2,4,0.6688328087014407,0.013333333333333334,0.6816374063491821,7
9,3,4,0.45802763534222324,0.05333333333333334,0.4678826630115509,9
9,4,4,0.557131355225572,0.0,0.9450227618217468,3
9,5,4,0.557131355225572,0.0,0.9450227618217468,3
9,6,4,0.557131355225572,0.0,0.9450227618217468,3
9,7,4,0.557131355225572,0.0,0.9450227618217468,3
9,8,4,0.557131355225572,0.0,0.9450227618217468,3
9,9,4,0.557131355225572,0.0,0.9450227618217468,3
9,10,4,0.557131355225572,0.0,0.9450227618217468,3
9,11,4,0.557131355225572,0.0,0.9450227618217468,3
9,12,4,0.557131355225572,0.0,0.9450227618217468,3
9,13,4,0.557131355225572,0.0,0.9450227618217468,3
9,14,4,0.557131355225572,0.0,0.9450227618217468,3
9,15,4,0.557131355225572,0.0,0.9450227618217468,3
9,16,4,0.557131355225572,0.0,0.9450227618217468,3
9,17,4,0.557131355225572,0.0,0.9450227618217468,3
9,18,4,0.557131355225572,0.0,0.9450227618217468,3
9,19,4,0.557131355225572,0.0,0.9450227618217468,3
9,20,4,0.557131355225572,0.0,0.9450227618217468,3
9,21,4,0.4874637903073013,0.25333333333333335,0.884473443031311,2
9,22,4,0.4795549182624055,0.25333333333333335,0.8735435605049133,2
9,23,4,0.4795549182624055,0.25333333333333335,0.8760673403739929,2
9,24,4,0.0,1.0,,0
9,25,4,0.0,1.0,,0
9,1,5,0.6826421851214514,0.10666666666666667,0.7325877547264099,5
9,2,5,0.6940320541199394,0.12,0.7411184310913086,5
9,3,5,0.5349690767990233,0.0,0.6384015679359436,5
9,4,5,0.557131355225572,0.0,0.9450227618217468,3
9,5,5,0.557131355225572,0.0,0.9450227618217468,3
9,6,5,0.557131355225572,0.0,0.9450227618217468,3
9,7,5,0.557131355225572,0.0,0.9450227618217468,3
9,8,5,0.557131355225572,0.0,0.9450227618217468,3
9,9,5,0.557131355225572,0.0,0.9450227618217468,3
9,10,5,0.557131355225572,0.0,0.9450227618217468,3
9,11,5,0.557131355225572,0.0,0.9450227618217468,3
9,12,5,0.557131355225572,0.0,0.9450227618217468,3
9,13,5,0.557131355225572,0.0,0.9450227618217468,3
9,14,5,0.557131355225572,0.0,0.9450227618217468,3
9,15,5,0.557131355225572,0.0,0.9450227618217468,3
9,16,5,0.557131355225572,0.0,0.9450227618217468,3
9,17,5,0.557131355225572,0.0,0.9450227618217468,3
9,18,5,0.557131355225572,0.0,0.9450227618217468,3
9,19,5,0.557131355225572,0.0,0.9450227618217468,3
9,20,5,0.557131355225572,0.0,0.9450227618217468,3
9,21,5,0.4874637903073013,0.25333333333333335,0.884473443031311,2
9,22,5,0.4795549182624055,0.25333333333333335,0.8735435605049133,2
9,23,5,0.4795549182624055,0.25333333333333335,0.8760673403739929,2
9,24,5,0.0,1.0,,0
9,25,5,0.0,1.0,,0
9,1,6,0.6826421851214514,0.10666666666666667,0.7325877547264099,5
9,2,6,0.6940320541199394,0.12,0.7411184310913086,5
9,3,6,0.5349690767990233,0.0,0.6384015679359436,5
9,4,6,0.557131355225572,0.0,0.9450227618217468,3
9,5,6,0.557131355225572,0.0,0.9450227618217468,3
9,6,6,0.557131355225572,0.0,0.9450227618217468,3
9,7,6,0.557131355225572,0.0,0.9450227618217468,3
9,8,6,0.557131355225572,0.0,0.9450227618217468,3
9,9,6,0.557131355225572,0.0,0.9450227618217468,3
9,10,6,0.557131355225572,0.0,0.9450227618217468,3
9,11,6,0.557131355225572,0.0,0.9450227618217468,3
9,12,6,0.557131355225572,0.0,0.9450227618217468,3
9,13,6,0.557131355225572,0.0,0.9450227618217468,3
9,14,6,0.557131355225572,0.0,0.9450227618217468,3
9,15,6,0.557131355225572,0.0,0.9450227618217468,3
9,16,6,0.557131355225572,0.0,0.9450227618217468,3
9,17,6,0.557131355225572,0.0,0.9450227618217468,3
9,18,6,0.557131355225572,0.0,0.9450227618217468,3
9,19,6,0.557131355225572,0.0,0.9450227618217468,3
9,20,6,0.557131355225572,0.0,0.9450227618217468,3
9,21,6,0.4874637903073013,0.25333333333333335,0.884473443031311,2
9,22,6,0.4795549182624055,0.25333333333333335,0.8735435605049133,2
9,23,6,0.4795549182624055,0.25333333333333335,0.8760673403739929,2
9,24,6,0.0,1.0,,0
9,25,6,0.0,1.0,,0
9,1,7,0.557131355225572,0.0,0.9450227618217468,3
9,2,7,0.557131355225572,0.0,0.9450227618217468,3
9,3,7,0.4488617626664122,0.0,0.6436560153961182,4
9,4,7,0.557131355225572,0.0,0.9450227618217468,3
9,5,7,0.557131355225572,0.0,0.9450227618217468,3
9,6,7,0.557131355225572,0.0,0.9450227618217468,3
9,7,7,0.557131355225572,0.0,0.9450227618217468,3
9,8,7,0.557131355225572,0.0,0.9450227618217468,3
9,9,7,0.557131355225572,0.0,0.9450227618217468,3
9,10,7,0.557131355225572,0.0,0.9450227618217468,3
9,11,7,0.557131355225572,0.0,0.9450227618217468,3
9,12,7,0.557131355225572,0.0,0.9450227618217468,3
9,13,7,0.557131355225572,0.0,0.9450227618217468,3
9,14,7,0.557131355225572,0.0,0.9450227618217468,3
9,15,7,0.557131355225572,0.0,0.9450227618217468,3
9,16,7,0.557131355225572,0.0,0.9450227618217468,3
9,17,7,0.557131355225572,0.0,0.9450227618217468,3
9,18,7,0.557131355225572,0.0,0.9450227618217468,3
9,19,7,0.557131355225572,0.0,0.9450227618217468,3
9,20,7,0.557131355225572,0.0,0.9450227618217468,3
9,21,7,0.4874637903073013,0.25333333333333335,0.884473443031311,2
9,22,7,0.4795549182624055,0.25333333333333335,0.8735435605049133,2
9,23,7,0.4795549182624055,0.25333333333333335,0.8760673403739929,2
9,24,7,0.0,1.0,,0
9,25,7,0.0,1.0,,0
9,1,8,0.557131355225572,0.0,0.9450227618217468,3
9,2,8,0.557131355225572,0.0,0.9450227618217468,3
9,3,8,0.557131355225572,0.0,0.9450227618217468,3
9,4,8,0.557131355225572,0.0,0.9450227618217468,3
9,5,8,0.557131355225572,0.0,0.9450227618217468,3
9,6,8,0.557131355225572,0.0,0.9450227618217468,3
9,7,8,0.557131355225572,0.0,0.9450227618217468,3
9,8,8,0.557131355225572,0.0,0.9450227618217468,3
9,9,8,0.557131355225572,0.0,0.9450227618217468,3
9,10,8,0.557131355225572,0.0,0.9450227618217468,3
9,11,8,0.557131355225572,0.0,0.9450227618217468,3
9,12,8,0.557131355225572,0.0,0.9450227618217468,3
9,13,8,0.557131355225572,0.0,0.9450227618217468,3
9,14,8,0.557131355225572,0.0,0.9450227618217468,3
9,15,8,0.557131355225572,0.0,0.9450227618217468,3
9,16,8,0.557131355225572,0.0,0.9450227618217468,3
9,17,8,0.557131355225572,0.0,0.9450227618217468,3
9,18,8,0.557131355225572,0.0,0.9450227618217468,3
9,19,8,0.557131355225572,0.0,0.9450227618217468,3
9,20,8,0.557131355225572,0.0,0.9450227618217468,3
9,21,8,0.4874637903073013,0.25333333333333335,0.884473443031311,2
9,22,8,0.4795549182624055,0.25333333333333335,0.8735435605049133,2
9,23,8,0.4795549182624055,0.25333333333333335,0.8760673403739929,2
9,24,8,0.0,1.0,,0
9,25,8,0.0,1.0,,0
9,1,9,0.557131355225572,0.0,0.9450227618217468,3
9,2,9,0.557131355225572,0.0,0.9450227618217468,3
9,3,9,0.557131355225572,0.0,0.9450227618217468,3
9,4,9,0.557131355225572,0.0,0.9450227618217468,3
9,5,9,0.557131355225572,0.0,0.9450227618217468,3
9,6,9,0.557131355225572,0.0,0.9450227618217468,3
9,7,9,0.557131355225572,0.0,0.9450227618217468,3
9,8,9,0.557131355225572,0.0,0.9450227618217468,3
9,9,9,0.557131355225572,0.0,0.9450227618217468,3
9,10,9,0.557131355225572,0.0,0.9450227618217468,3
9,11,9,0.557131355225572,0.0,0.9450227618217468,3
9,12,9,0.557131355225572,0.0,0.9450227618217468,3
9,13,9,0.557131355225572,0.0,0.9450227618217468,3
9,14,9,0.557131355225572,0.0,0.9450227618217468,3
9,15,9,0.557131355225572,0.0,0.9450227618217468,3
9,16,9,0.557131355225572,0.0,0.9450227618217468,3
9,17,9,0.557131355225572,0.0,0.9450227618217468,3
9,18,9,0.557131355225572,0.0,0.9450227618217468,3
9,19,9,0.557131355225572,0.0,0.9450227618217468,3
9,20,9,0.557131355225572,0.0,0.9450227618217468,3
9,21,9,0.4874637903073013,0.25333333333333335,0.884473443031311,2
9,22,9,0.4795549182624055,0.25333333333333335,0.8735435605049133,2
9,23,9,0.4795549182624055,0.25333333333333335,0.8760673403739929,2
9,24,9,0.0,1.0,,0
9,25,9,0.0,1.0,,0
9,1,10,0.557131355225572,0.0,0.9450227618217468,3
9,2,10,0.557131355225572,0.0,0.9450227618217468,3
9,3,10,0.557131355225572,0.0,0.9450227618217468,3
9,4,10,0.557131355225572,0.0,0.9450227618217468,3
9,5,10,0.557131355225572,0.0,0.9450227618217468,3
9,6,10,0.557131355225572,0.0,0.9450227618217468,3
9,7,10,0.557131355225572,0.0,0.9450227618217468,3
9,8,10,0.557131355225572,0.0,0.9450227618217468,3
9,9,10,0.557131355225572,0.0,0.9450227618217468,3
9,10,10,0.557131355225572,0.0,0.9450227618217468,3
9,11,10,0.557131355225572,0.0,0.9450227618217468,3
9,12,10,0.557131355225572,0.0,0.9450227618217468,3
9,13,10,0.557131355225572,0.0,0.9450227618217468,3
9,14,10,0.557131355225572,0.0,0.9450227618217468,3
9,15,10,0.557131355225572,0.0,0.9450227618217468,3
9,16,10,0.557131355225572,0.0,0.9450227618217468,3
9,17,10,0.557131355225572,0.0,0.9450227618217468,3
9,18,10,0.557131355225572,0.0,0.9450227618217468,3
9,19,10,0.557131355225572,0.0,0.9450227618217468,3
9,20,10,0.557131355225572,0.0,0.9450227618217468,3
9,21,10,0.4874637903073013,0.25333333333333335,0.884473443031311,2
9,22,10,0.4795549182624055,0.25333333333333335,0.8735435605049133,2
9,23,10,0.4795549182624055,0.25333333333333335,0.8760673403739929,2
9,24,10,0.0,1.0,,0
9,25,10,0.0,1.0,,0
9,1,11,0.557131355225572,0.0,0.9450227618217468,3
9,2,11,0.557131355225572,0.0,0.9450227618217468,3
9,3,11,0.557131355225572,0.0,0.9450227618217468,3
9,4,11,0.557131355225572,0.0,0.9450227618217468,3
9,5,11,0.557131355225572,0.0,0.9450227618217468,3
9,6,11,0.557131355225572,0.0,0.9450227618217468,3
9,7,11,0.557131355225572,0.0,0.9450227618217468,3
9,8,11,0.557131355225572,0.0,0.9450227618217468,3
9,9,11,0.557131355225572,0.0,0.9450227618217468,3
9,10,11,0.557131355225572,0.0,0.9450227618217468,3
9,11,11,0.557131355225572,0.0,0.9450227618217468,3
9,12,11,0.557131355225572,0.0,0.9450227618217468,3
9,13,11,0.557131355225572,0.0,0.9450227618217468,3
9,14,11,0.557131355225572,0.0,0.9450227618217468,3
9,15,11,0.557131355225572,0.0,0.9450227618217468,3
9,16,11,0.557131355225572,0.0,0.9450227618217468,3
9,17,11,0.557131355225572,0.0,0.9450227618217468,3
9,18,11,0.557131355225572,0.0,0.9450227618217468,3
9,19,11,0.557131355225572,0.0,0.9450227618217468,3
9,20,11,0.557131355225572,0.0,0.9450227618217468,3
9,21,11,0.4874637903073013,0.25333333333333335,0.884473443031311,2
9,22,11,0.4795549182624055,0.25333333333333335,0.8735435605049133,2
9,23,11,0.4795549182624055,0.25333333333333335,0.8760673403739929,2
9,24,11,0.0,1.0,,0
9,25,11,0.0,1.0,,0
9,1,12,0.557131355225572,0.0,0.9450227618217468,3
9,2,12,0.557131355225572,0.0,0.9450227618217468,3
9,3,12,0.557131355225572,0.0,0.9450227618217468,3
9,4,12,0.557131355225572,0.0,0.9450227618217468,3
9,5,12,0.557131355225572,0.0,0.9450227618217468,3
9,6,12,0.557131355225572,0.0,0.9450227618217468,3
9,7,12,0.557131355225572,0.0,0.9450227618217468,3
9,8,12,0.557131355225572,0.0,0.9450227618217468,3
9,9,12,0.557131355225572,0.0,0.9450227618217468,3
9,10,12,0.557131355225572,0.0,0.9450227618217468,3
9,11,12,0.557131355225572,0.0,0.9450227618217468,3
9,12,12,0.557131355225572,0.0,0.9450227618217468,3
9,13,12,0.557131355225572,0.0,0.9450227618217468,3
9,14,12,0.557131355225572,0.0,0.9450227618217468,3
9,15,12,0.557131355225572,0.0,0.9450227618217468,3
9,16,12,0.557131355225572,0.0,0.9450227618217468,3
9,17,12,0.557131355225572,0.0,0.9450227618217468,3
9,18,12,0.557131355225572,0.0,0.9450227618217468,3
9,19,12,0.557131355225572,0.0,0.9450227618217468,3
9,20,12,0.557131355225572,0.0,0.9450227618217468,3
9,21,12,0.4874637903073013,0.25333333333333335,0.884473443031311,2
9,22,12,0.4795549182624055,0.25333333333333335,0.8735435605049133,2
9,23,12,0.4795549182624055,0.25333333333333335,0.8760673403739929,2
9,24,12,0.0,1.0,,0
9,25,12,0.0,1.0,,0
9,1,13,0.557131355225572,0.0,0.9450227618217468,3
9,2,13,0.557131355225572,0.0,0.9450227618217468,3
9,3,13,0.557131355225572,0.0,0.9450227618217468,3
9,4,13,0.557131355225572,0.0,0.9450227618217468,3
9,5,13,0.557131355225572,0.0,0.9450227618217468,3
9,6,13,0.557131355225572,0.0,0.9450227618217468,3
9,7,13,0.557131355225572,0.0,0.9450227618217468,3
9,8,13,0.557131355225572,0.0,0.9450227618217468,3
9,9,13,0.557131355225572,0.0,0.9450227618217468,3
9,10,13,0.557131355225572,0.0,0.9450227618217468,3
9,11,13,0.557131355225572,0.0,0.9450227618217468,3
9,12,13,0.557131355225572,0.0,0.9450227618217468,3
9,13,13,0.557131355225572,0.0,0.9450227618217468,3
9,14,13,0.557131355225572,0.0,0.9450227618217468,3
9,15,13,0.557131355225572,0.0,0.9450227618217468,3
9,16,13,0.557131355225572,0.0,0.9450227618217468,3
9,17,13,0.557131355225572,0.0,0.9450227618217468,3
9,18,13,0.557131355225572,0.0,0.9450227618217468,3
9,19,13,0.557131355225572,0.0,0.9450227618217468,3
9,20,13,0.557131355225572,0.0,0.9450227618217468,3
9,21,13,0.4874637903073013,0.25333333333333335,0.884473443031311,2
9,22,13,0.4795549182624055,0.25333333333333335,0.8735435605049133,2
9,23,13,0.4795549182624055,0.25333333333333335,0.8760673403739929,2
9,24,13,0.0,1.0,,0
9,25,13,0.0,1.0,,0
9,1,14,0.557131355225572,0.0,0.9450227618217468,3
9,2,14,0.557131355225572,0.0,0.9450227618217468,3
9,3,14,0.557131355225572,0.0,0.9450227618217468,3
9,4,14,0.557131355225572,0.0,0.9450227618217468,3
9,5,14,0.557131355225572,0.0,0.9450227618217468,3
9,6,14,0.557131355225572,0.0,0.9450227618217468,3
9,7,14,0.557131355225572,0.0,0.9450227618217468,3
9,8,14,0.557131355225572,0.0,0.9450227618217468,3
9,9,14,0.557131355225572,0.0,0.9450227618217468,3
9,10,14,0.557131355225572,0.0,0.9450227618217468,3
9,11,14,0.557131355225572,0.0,0.9450227618217468,3
9,12,14,0.557131355225572,0.0,0.9450227618217468,3
9,13,14,0.557131355225572,0.0,0.9450227618217468,3
9,14,14,0.557131355225572,0.0,0.9450227618217468,3
9,15,14,0.557131355225572,0.0,0.9450227618217468,3
9,16,14,0.557131355225572,0.0,0.9450227618217468,3
9,17,14,0.557131355225572,0.0,0.9450227618217468,3
9,18,14,0.557131355225572,0.0,0.9450227618217468,3
9,19,14,0.557131355225572,0.0,0.9450227618217468,3
9,20,14,0.557131355225572,0.0,0.9450227618217468,3
9,21,14,0.4874637903073013,0.25333333333333335,0.884473443031311,2
9,22,14,0.4795549182624055,0.25333333333333335,0.8735435605049133,2
9,23,14,0.4795549182624055,0.25333333333333335,0.8760673403739929,2
9,24,14,0.0,1.0,,0
9,25,14,0.0,1.0,,0
9,1,15,0.557131355225572,0.0,0.9450227618217468,3
9,2,15,0.557131355225572,0.0,0.9450227618217468,3
9,3,15,0.557131355225572,0.0,0.9450227618217468,3
9,4,15,0.557131355225572,0.0,0.9450227618217468,3
9,5,15,0.557131355225572,0.0,0.9450227618217468,3
9,6,15,0.557131355225572,0.0,0.9450227618217468,3
9,7,15,0.557131355225572,0.0,0.9450227618217468,3
9,8,15,0.557131355225572,0.0,0.9450227618217468,3
9,9,15,0.557131355225572,0.0,0.9450227618217468,3
9,10,15,0.557131355225572,0.0,0.9450227618217468,3
9,11,15,0.557131355225572,0.0,0.9450227618217468,3
9,12,15,0.557131355225572,0.0,0.9450227618217468,3
9,13,15,0.557131355225572,0.0,0.9450227618217468,3
9,14,15,0.557131355225572,0.0,0.9450227618217468,3
9,15,15,0.557131355225572,0.0,0.9450227618217468,3
9,16,15,0.557131355225572,0.0,0.9450227618217468,3
9,17,15,0.557131355225572,0.0,0.9450227618217468,3
9,18,15,0.557131355225572,0.0,0.9450227618217468,3
9,19,15,0.557131355225572,0.0,0.9450227618217468,3
9,20,15,0.557131355225572,0.0,0.9450227618217468,3
9,21,15,0.4874637903073013,0.25333333333333335,0.884473443031311,2
9,22,15,0.4795549182624055,0.25333333333333335,0.8735435605049133,2
9,23,15,0.4795549182624055,0.25333333333333335,0.8760673403739929,2
9,24,15,0.0,1.0,,0
9,25,15,0.0,1.0,,0
9,1,16,0.557131355225572,0.0,0.9450227618217468,3
9,2,16,0.557131355225572,0.0,0.9450227618217468,3
9,3,16,0.557131355225572,0.0,0.9450227618217468,3
9,4,16,0.557131355225572,0.0,0.9450227618217468,3
9,5,16,0.557131355225572,0.0,0.9450227618217468,3
9,6,16,0.557131355225572,0.0,0.9450227618217468,3
9,7,16,0.557131355225572,0.0,0.9450227618217468,3
9,8,16,0.557131355225572,0.0,0.9450227618217468,3
9,9,16,0.557131355225572,0.0,0.9450227618217468,3
9,10,16,0.557131355225572,0.0,0.9450227618217468,3
9,11,16,0.557131355225572,0.0,0.9450227618217468,3
9,12,16,0.557131355225572,0.0,0.9450227618217468,3
9,13,16,0.557131355225572,0.0,0.9450227618217468,3
9,14,16,0.557131355225572,0.0,0.9450227618217468,3
9,15,16,0.557131355225572,0.0,0.9450227618217468,3
9,16,16,0.557131355225572,0.0,0.9450227618217468,3
9,17,16,0.557131355225572,0.0,0.9450227618217468,3
9,18,16,0.557131355225572,0.0,0.9450227618217468,3
9,19,16,0.557131355225572,0.0,0.9450227618217468,3
9,20,16,0.557131355225572,0.0,0.9450227618217468,3
9,21,16,0.4874637903073013,0.25333333333333335,0.884473443031311,2
9,22,16,0.4795549182624055,0.25333333333333335,0.8735435605049133,2
9,23,16,0.4795549182624055,0.25333333333333335,0.8760673403739929,2
9,24,16,0.0,1.0,,0
9,25,16,0.0,1.0,,0
9,1,17,0.557131355225572,0.0,0.9450227618217468,3
9,2,17,0.557131355225572,0.0,0.9450227618217468,3
9,3,17,0.557131355225572,0.0,0.9450227618217468,3
9,4,17,0.557131355225572,0.0,0.9450227618217468,3
9,5,17,0.557131355225572,0.0,0.9450227618217468,3
9,6,17,0.557131355225572,0.0,0.9450227618217468,3
9,7,17,0.557131355225572,0.0,0.9450227618217468,3
9,8,17,0.557131355225572,0.0,0.9450227618217468,3
9,9,17,0.557131355225572,0.0,0.9450227618217468,3
9,10,17,0.557131355225572,0.0,0.9450227618217468,3
9,11,17,0.557131355225572,0.0,0.9450227618217468,3
9,12,17,0.557131355225572,0.0,0.9450227618217468,3
9,13,17,0.557131355225572,0.0,0.9450227618217468,3
9,14,17,0.557131355225572,0.0,0.9450227618217468,3
9,15,17,0.557131355225572,0.0,0.9450227618217468,3
9,16,17,0.557131355225572,0.0,0.9450227618217468,3
9,17,17,0.557131355225572,0.0,0.9450227618217468,3
9,18,17,0.557131355225572,0.0,0.9450227618217468,3
9,19,17,0.557131355225572,0.0,0.9450227618217468,3
9,20,17,0.557131355225572,0.0,0.9450227618217468,3
9,21,17,0.4874637903073013,0.25333333333333335,0.884473443031311,2
9,22,17,0.4795549182624055,0.25333333333333335,0.8735435605049133,2
9,23,17,0.4795549182624055,0.25333333333333335,0.8760673403739929,2
9,24,17,0.0,1.0,,0
9,25,17,0.0,1.0,,0
9,1,18,0.557131355225572,0.0,0.9450227618217468,3
9,2,18,0.557131355225572,0.0,0.9450227618217468,3
9,3,18,0.557131355225572,0.0,0.9450227618217468,3
9,4,18,0.557131355225572,0.0,0.9450227618217468,3
9,5,18,0.557131355225572,0.0,0.9450227618217468,3
9,6,18,0.557131355225572,0.0,0.9450227618217468,3
9,7,18,0.557131355225572,0.0,0.9450227618217468,3
9,8,18,0.557131355225572,0.0,0.9450227618217468,3
9,9,18,0.557131355225572,0.0,0.9450227618217468,3
9,10,18,0.557131355225572,0.0,0.9450227618217468,3
9,11,18,0.557131355225572,0.0,0.9450227618217468,3
9,12,18,0.557131355225572,0.0,0.9450227618217468,3
9,13,18,0.557131355225572,0.0,0.9450227618217468,3
9,14,18,0.557131355225572,0.0,0.9450227618217468,3
9,15,18,0.557131355225572,0.0,0.9450227618217468,3
9,16,18,0.557131355225572,0.0,0.9450227618217468,3
9,17,18,0.557131355225572,0.0,0.9450227618217468,3
9,18,18,0.557131355225572,0.0,0.9450227618217468,3
9,19,18,0.557131355225572,0.0,0.9450227618217468,3
9,20,18,0.557131355225572,0.0,0.9450227618217468,3
9,21,18,0.4874637903073013,0.25333333333333335,0.884473443031311,2
9,22,18,0.4795549182624055,0.25333333333333335,0.8735435605049133,2
9,23,18,0.4795549182624055,0.25333333333333335,0.8760673403739929,2
9,24,18,0.0,1.0,,0
9,25,18,0.0,1.0,,0
9,1,19,0.557131355225572,0.0,0.9450227618217468,3
9,2,19,0.557131355225572,0.0,0.9450227618217468,3
9,3,19,0.557131355225572,0.0,0.9450227618217468,3
9,4,19,0.557131355225572,0.0,0.9450227618217468,3
9,5,19,0.557131355225572,0.0,0.9450227618217468,3
9,6,19,0.557131355225572,0.0,0.9450227618217468,3
9,7,19,0.557131355225572,0.0,0.9450227618217468,3
9,8,19,0.557131355225572,0.0,0.9450227618217468,3
9,9,19,0.557131355225572,0.0,0.9450227618217468,3
9,10,19,0.557131355225572,0.0,0.9450227618217468,3
9,11,19,0.557131355225572,0.0,0.9450227618217468,3
9,12,19,0.557131355225572,0.0,0.9450227618217468,3
9,13,19,0.557131355225572,0.0,0.9450227618217468,3
9,14,19,0.557131355225572,0.0,0.9450227618217468,3
9,15,19,0.557131355225572,0.0,0.9450227618217468,3
9,16,19,0.557131355225572,0.0,0.9450227618217468,3
9,17,19,0.557131355225572,0.0,0.9450227618217468,3
9,18,19,0.557131355225572,0.0,0.9450227618217468,3
9,19,19,0.557131355225572,0.0,0.9450227618217468,3
9,20,19,0.557131355225572,0.0,0.9450227618217468,3
9,21,19,0.4874637903073013,0.25333333333333335,0.884473443031311,2
9,22,19,0.4795549182624055,0.25333333333333335,0.8735435605049133,2
9,23,19,0.4795549182624055,0.25333333333333335,0.8760673403739929,2
9,24,19,0.0,1.0,,0
9,25,19,0.0,1.0,,0
9,1,20,0.557131355225572,0.0,0.9450227618217468,3
9,2,20,0.557131355225572,0.0,0.9450227618217468,3
9,3,20,0.557131355225572,0.0,0.9450227618217468,3
9,4,20,0.557131355225572,0.0,0.9450227618217468,3
9,5,20,0.557131355225572,0.0,0.9450227618217468,3
9,6,20,0.557131355225572,0.0,0.9450227618217468,3
9,7,20,0.557131355225572,0.0,0.9450227618217468,3
9,8,20,0.557131355225572,0.0,0.9450227618217468,3
9,9,20,0.557131355225572,0.0,0.9450227618217468,3
9,10,20,0.557131355225572,0.0,0.9450227618217468,3
9,11,20,0.557131355225572,0.0,0.9450227618217468,3
9,12,20,0.557131355225572,0.0,0.9450227618217468,3
9,13,20,0.557131355225572,0.0,0.9450227618217468,3
9,14,20,0.557131355225572,0.0,0.9450227618217468,3
9,15,20,0.557131355225572,0.0,0.9450227618217468,3
9,16,20,0.557131355225572,0.0,0.9450227618217468,3
9,17,20,0.557131355225572,0.0,0.9450227618217468,3
9,18,20,0.557131355225572,0.0,0.9450227618217468,3
9,19,20,0.557131355225572,0.0,0.9450227618217468,3
9,20,20,0.557131355225572,0.0,0.9450227618217468,3
9,21,20,0.4874637903073013,0.25333333333333335,0.884473443031311,2
9,22,20,0.4795549182624055,0.25333333333333335,0.8735435605049133,2
9,23,20,0.4795549182624055,0.25333333333333335,0.8760673403739929,2
9,24,20,0.0,1.0,,0
9,25,20,0.0,1.0,,0
9,1,21,0.557131355225572,0.0,0.9450227618217468,3
9,2,21,0.557131355225572,0.0,0.9450227618217468,3
9,3,21,0.557131355225572,0.0,0.9450227618217468,3
9,4,21,0.557131355225572,0.0,0.9450227618217468,3
9,5,21,0.557131355225572,0.0,0.9450227618217468,3
9,6,21,0.557131355225572,0.0,0.9450227618217468,3
9,7,21,0.557131355225572,0.0,0.9450227618217468,3
9,8,21,0.557131355225572,0.0,0.9450227618217468,3
9,9,21,0.557131355225572,0.0,0.9450227618217468,3
9,10,21,0.557131355225572,0.0,0.9450227618217468,3
9,11,21,0.557131355225572,0.0,0.9450227618217468,3
9,12,21,0.557131355225572,0.0,0.9450227618217468,3
9,13,21,0.557131355225572,0.0,0.9450227618217468,3
9,14,21,0.557131355225572,0.0,0.9450227618217468,3
9,15,21,0.557131355225572,0.0,0.9450227618217468,3
9,16,21,0.557131355225572,0.0,0.9450227618217468,3
9,17,21,0.557131355225572,0.0,0.9450227618217468,3
9,18,21,0.557131355225572,0.0,0.9450227618217468,3
9,19,21,0.557131355225572,0.0,0.9450227618217468,3
9,20,21,0.557131355225572,0.0,0.9450227618217468,3
9,21,21,0.4874637903073013,0.25333333333333335,0.884473443031311,2
9,22,21,0.4795549182624055,0.25333333333333335,0.8735435605049133,2
9,23,21,0.4795549182624055,0.25333333333333335,0.8760673403739929,2
9,24,21,0.0,1.0,,0
9,25,21,0.0,1.0,,0
9,1,22,0.1979004016830161,0.0,0.6125054955482483,2
9,2,22,0.1979004016830161,0.0,0.6125054955482483,2
9,3,22,0.2596861868229307,0.0,0.7004671096801758,2
9,4,22,0.1979004016830161,0.0,0.6125054955482483,2
9,5,22,0.1979004016830161,0.0,0.6125054955482483,2
9,6,22,0.1979004016830161,0.0,0.6125054955482483,2
9,7,22,0.1979004016830161,0.0,0.6125054955482483,2
9,8,22,0.1979004016830161,0.0,0.6125054955482483,2
9,9,22,0.1979004016830161,0.0,0.6125054955482483,2
9,10,22,0.1979004016830161,0.0,0.6125054955482483,2
9,11,22,0.1979004016830161,0.0,0.6125054955482483,2
9,12,22,0.1979004016830161,0.0,0.6125054955482483,2
9,13,22,0.1979004016830161,0.0,0.6125054955482483,2
9,14,22,0.1979004016830161,0.0,0.6125054955482483,2
9,15,22,0.1979004016830161,0.0,0.6125054955482483,2
9,16,22,0.1979004016830161,0.0,0.6125054955482483,2
9,17,22,0.1979004016830161,0.0,0.6125054955482483,2
9,18,22,0.1979004016830161,0.0,0.6125054955482483,2
9,19,22,0.1979004016830161,0.0,0.6125054955482483,2
9,20,22,0.1979004016830161,0.0,0.6125054955482483,2
9,21,22,0.4874637903073013,0.25333333333333335,0.884473443031311,2
9,22,22,0.4795549182624055,0.25333333333333335,0.8735435605049133,2
9,23,22,0.4795549182624055,0.25333333333333335,0.8760673403739929,2
9,24,22,0.0,1.0,,0
9,25,22,0.0,1.0,,0
9,1,23,0.1979004016830161,0.0,0.6125054955482483,2
9,2,23,0.1979004016830161,0.0,0.6125054955482483,2
9,3,23,0.2596861868229307,0.0,0.7004671096801758,2
9,4,23,0.1979004016830161,0.0,0.6125054955482483,2
9,5,23,0.1979004016830161,0.0,0.6125054955482483,2
9,6,23,0.1979004016830161,0.0,0.6125054955482483,2
9,7,23,0.1979004016830161,0.0,0.6125054955482483,2
9,8,23,0.1979004016830161,0.0,0.6125054955482483,2
9,9,23,0.1979004016830161,0.0,0.6125054955482483,2
9,10,23,0.1979004016830161,0.0,0.6125054955482483,2
9,11,23,0.1979004016830161,0.0,0.6125054955482483,2
9,12,23,0.1979004016830161,0.0,0.6125054955482483,2
9,13,23,0.1979004016830161,0.0,0.6125054955482483,2
9,14,23,0.1979004016830161,0.0,0.6125054955482483,2
9,15,23,0.1979004016830161,0.0,0.6125054955482483,2
9,16,23,0.1979004016830161,0.0,0.6125054955482483,2
9,17,23,0.1979004016830161,0.0,0.6125054955482483,2
9,18,23,0.1979004016830161,0.0,0.6125054955482483,2
9,19,23,0.1979004016830161,0.0,0.6125054955482483,2
9,20,23,0.1979004016830161,0.0,0.6125054955482483,2
9,21,23,0.4874637903073013,0.25333333333333335,0.8844733834266663,2
9,22,23,0.4795549182624055,0.25333333333333335,0.8735435605049133,2
9,23,23,0.4795549182624055,0.25333333333333335,0.8760673403739929,2
9,24,23,0.0,1.0,,0
9,25,23,0.0,1.0,,0
9,1,24,0.1979004016830161,0.0,0.6125054955482483,2
9,2,24,0.1979004016830161,0.0,0.6125054955482483,2
9,3,24,0.2596861868229307,0.0,0.7004671096801758,2
9,4,24,0.1979004016830161,0.0,0.6125054955482483,2
9,5,24,0.1979004016830161,0.0,0.6125054955482483,2
9,6,24,0.1979004016830161,0.0,0.6125054955482483,2
9,7,24,0.1979004016830161,0.0,0.6125054955482483,2
9,8,24,0.1979004016830161,0.0,0.6125054955482483,2
9,9,24,0.1979004016830161,0.0,0.6125054955482483,2
9,10,24,0.1979004016830161,0.0,0.6125054955482483,2
9,11,24,0.1979004016830161,0.0,0.6125055551528931,2
9,12,24,0.1979004016830161,0.0,0.6125054955482483,2
9,13,24,0.1979004016830161,0.0,0.6125054955482483,2
9,14,24,0.1979004016830161,0.0,0.6125055551528931,2
9,15,24,0.1979004016830161,0.0,0.6125054955482483,2
9,16,24,0.1979004016830161,0.0,0.6125054955482483,2
9,17,24,0.1979004016830161,0.0,0.6125054955482483,2
9,18,24,0.1979004016830161,0.0,0.6125054955482483,2
9,19,24,0.1979004016830161,0.0,0.6125054955482483,2
9,20,24,0.1979004016830161,0.0,0.6125054955482483,2
9,21,24,0.4874637903073013,0.25333333333333335,0.884473443031311,2
9,22,24,0.4795549182624055,0.25333333333333335,0.8735435605049133,2
9,23,24,0.4795549182624055,0.25333333333333335,0.8760673403739929,2
9,24,24,0.0,1.0,,0
9,25,24,0.0,1.0,,0
9,1,25,0.0,1.0,,0
9,2,25,0.0,1.0,,0
9,3,25,0.2596861868229307,0.0,0.7004671096801758,2
9,4,25,0.0,1.0,,0
9,5,25,0.0,1.0,,0
9,6,25,0.0,1.0,,0
9,7,25,0.0,1.0,,0
9,8,25,0.0,1.0,,0
9,9,25,0.0,1.0,,0
9,10,25,0.0,1.0,,0
9,11,25,0.0,1.0,,0
9,12,25,0.0,1.0,,0
9,13,25,0.0,1.0,,0
9,14,25,0.0,1.0,,0
9,15,25,0.0,1.0,,0
9,16,25,0.0,1.0,,0
9,17,25,0.0,1.0,,0
9,18,25,0.0,1.0,,0
9,19,25,0.0,1.0,,0
9,20,25,0.0,1.0,,0
9,21,25,0.4874637903073013,0.25333333333333335,0.884473443031311,2
9,22,25,0.0,1.0,,0
9,23,25,0.0,1.0,,0
9,24,25,0.0,1.0,,0
9,25,25,0.0,1.0,,0
10,1,2,0.4608082871465788,0.05333333333333334,0.4665662348270416,10
10,2,2,0.5603501035507014,0.013333333333333334,0.4312748908996582,8
10,3,2,0.6827459049178555,0.0,0.6122795343399048,5
10,4,2,0.6484677455276404,0.013333333333333334,0.9209961891174316,4
10,5,2,0.557131355225572,0.0,0.9743452668190002,3
10,6,2,0.557131355225572,0.0,0.9743452668190002,3
10,7,2,0.557131355225572,0.0,0.9743452668190002,3
10,8,2,0.557131355225572,0.0,0.9743452668190002,3
10,9,2,0.557131355225572,0.0,0.9743452668190002,3
10,10,2,0.557131355225572,0.0,0.9743452668190002,3
10,11,2,0.557131355225572,0.0,0.9743452668190002,3
10,12,2,0.557131355225572,0.0,0.9743452668190002,3
10,13,2,0.557131355225572,0.0,0.9743452668190002,3
10,14,2,0.557131355225572,0.0,0.9743452668190002,3
10,15,2,0.557131355225572,0.0,0.9743452668190002,3
10,16,2,0.557131355225572,0.0,0.9743452668190002,3
10,17,2,0.557131355225572,0.0,0.9743452668190002,3
10,18,2,0.557131355225572,0.0,0.9743452668190002,3
10,19,2,0.557131355225572,0.0,0.9743452668190002,3
10,20,2,0.557131355225572,0.0,0.9743452668190002,3
10,21,2,0.41110821759089167,0.22666666666666666,0.8515838980674744,2
10,22,2,0.38039498541074374,0.21333333333333335,0.8342859148979187,2
10,23,2,0.4795549182624055,0.25333333333333335,0.9090911746025085,2
10,24,2,0.20149216952800955,0.5466666666666666,0.7812628746032715,2
10,25,2,0.06886870817604215,0.41333333333333333,0.34076783061027527,2
10,1,3,0.5548963010857857,0.02666666666666667,0.46809089183807373,8
10,2,3,0.5603501035507014,0.013333333333333334,0.4312748908996582,8
10,3,3,0.6827459049178555,0.0,0.6122795343399048,5
10,4,3,0.6484677455276404,0.013333333333333334,0.9209961891174316,4
10,5,3,0.653875304744371,0.02666666666666667,0.9211775660514832,4
10,6,3,0.557131355225572,0.0,0.9743452668190002,3
10,7,3,0.557131355225572,0.0,0.9743452668190002,3
10,8,3,0.557131355225572,0.0,0.9743452668190002,3
10,9,3,0.557131355225572,0.0,0.9743452668190002,3
10,10,3,0.557131355225572,0.0,0.9743452668190002,3
10,11,3,0.557131355225572,0.0,0.9743452668190002,3
10,12,3,0.557131355225572,0.0,0.9743452668190002,3
10,13,3,0.557131355225572,0.0,0.9743452668190002,3
10,14,3,0.557131355225572,0.0,0.9743452668190002,3
10,15,3,0.557131355225572,0.0,0.9743452668190002,3
10,16,3,0.557131355225572,0.0,0.9743452668190002,3
10,17,3,0.557131355225572,0.0,0.9743452668190002,3
10,18,3,0.557131355225572,0.0,0.9743452668190002,3
10,19,3,0.557131355225572,0.0,0.9743452668190002,3
10,20,3,0.557131355225572,0.0,0.9743452668190002,3
10,21,3,0.41110821759089167,0.22666666666666666,0.8515838384628296,2
10,22,3,0.38039498541074374,0.21333333333333335,0.8342859148979187,2
10,23,3,0.4795549182624055,0.25333333333333335,0.9090911746025085,2
10,24,3,0.0,1.0,,0
10,25,3,0.0,1.0,,0
10,1,4,0.5548963010857857,0.02666666666666667,0.46809089183807373,8
10,2,4,0.5603501035507014,0.013333333333333334,0.4312748908996582,8
10,3,4,0.6827459049178555,0.0,0.6122795343399048,5
10,4,4,0.6484677455276404,0.013333333333333334,0.9209961891174316,4
10,5,4,0.557131355225572,0.0,0.9743452668190002,3
10,6,4,0.557131355225572,0.0,0.9743452668190002,3
10,7,4,0.557131355225572,0.0,0.9743452668190002,3
10,8,4,0.557131355225572,0.0,0.9743452668190002,3
10,9,4,0.557131355225572,0.0,0.9743452668190002,3
10,10,4,0.557131355225572,0.0,0.9743452668190002,3
10,11,4,0.557131355225572,0.0,0.9743452668190002,3
10,12,4,0.557131355225572,0.0,0.9743452668190002,3
10,13,4,0.557131355225572,0.0,0.9743452668190002,3
10,14,4,0.557131355225572,0.0,0.9743452668190002,3
10,15,4,0.557131355225572,0.0,0.9743452668190002,3
10,16,4,0.557131355225572,0.0,0.9743452668190002,3
10,17,4,0.557131355225572,0.0,0.9743452668190002,3
10,18,4,0.557131355225572,0.0,0.9743452668190002,3
10,19,4,0.557131355225572,0.0,0.9743452668190002,3
10,20,4,0.557131355225572,0.0,0.9743452668190002,3
10,21,4,0.41110821759089167,0.22666666666666666,0.8515838384628296,2
10,22,4,0.38039498541074374,0.21333333333333335,0.8342859148979187,2
10,23,4,0.4795549182624055,0.25333333333333335,0.9090911746025085,2
10,24,4,0.0,1.0,,0
10,25,4,0.0,1.0,,0
10,1,5,0.47787942441750286,0.013333333333333334,0.5666574835777283,6
10,2,5,0.512332663680663,0.013333333333333334,0.253450483083725,7
10,3,5,0.6827459049178555,0.0,0.6122795343399048,5
10,4,5,0.6484677455276404,0.013333333333333334,0.9209961891174316,4
10,5,5,0.557131355225572,0.0,0.9743452668190002,3
10,6,5,0.557131355225572,0.0,0.9743452668190002,3
10,7,5,0.557131355225572,0.0,0.9743452668190002,3
10,8,5,0.557131355225572,0.0,0.9743452668190002,3
10,9,5,0.557131355225572,0.0,0.9743452668190002,3
10,10,5,0.557131355225572,0.0,0.9743452668190002,3
10,11,5,0.557131355225572,0.0,0.9743452668190002,3
10,12,5,0.557131355225572,0.0,0.9743452668190002,3
10,13,5,0.557131355225572,0.0,0.9743452668190002,3
10,14,5,0.557131355225572,0.0,0.9743452668190002,3
10,15,5,0.557131355225572,0.0,0.9743452668190002,3
10,16,5,0.557131355225572,0.0,0.9743452668190002,3
10,17,5,0.557131355225572,0.0,0.9743452668190002,3
10,18,5,0.557131355225572,0.0,0.9743452668190002,3
10,19,5,0.557131355225572,0.0,0.9743452668190002,3
10,20,5,0.557131355225572,0.0,0.9743452668190002,3
10,21,5,0.41110821759089167,0.22666666666666666,0.8515838980674744,2
10,22,5,0.38039498541074374,0.21333333333333335,0.8342859148979187,2
10,23,5,0.4795549182624055,0.25333333333333335,0.9090911746025085,2
10,24,5,0.0,1.0,,0
10,25,5,0.0,1.0,,0
10,1,6,0.6451186417089974,0.0,0.9213133454322815,4
10,2,6,0.47787942441750286,0.013333333333333334,0.5666574835777283,6
10,3,6,0.6451186417089974,0.0,0.9213133454322815,4
10,4,6,0.6484677455276404,0.013333333333333334,0.9209961891174316,4
10,5,6,0.557131355225572,0.0,0.9743452668190002,3
10,6,6,0.557131355225572,0.0,0.9743452668190002,3
10,7,6,0.557131355225572,0.0,0.9743452668190002,3
10,8,6,0.557131355225572,0.0,0.9743452668190002,3
10,9,6,0.557131355225572,0.0,0.9743452668190002,3
10,10,6,0.557131355225572,0.0,0.9743452668190002,3
10,11,6,0.557131355225572,0.0,0.9743452668190002,3
10,12,6,0.557131355225572,0.0,0.9743452668190002,3
10,13,6,0.557131355225572,0.0,0.9743452668190002,3
10,14,6,0.557131355225572,0.0,0.9743452668190002,3
10,15,6,0.557131355225572,0.0,0.9743452668190002,3
10,16,6,0.557131355225572,0.0,0.9743452668190002,3
10,17,6,0.557131355225572,0.0,0.9743452668190002,3
10,18,6,0.557131355225572,0.0,0.9743452668190002,3
10,19,6,0.557131355225572,0.0,0.9743452668190002,3
10,20,6,0.557131355225572,0.0,0.9743452668190002,3
10,21,6,0.41110821759089167,0.22666666666666666,0.8515838384628296,2
10,22,6,0.38039498541074374,0.21333333333333335,0.8342859148979187,2
10,23,6,0.4795549182624055,0.25333333333333335,0.9090911746025085,2
10,24,6,0.0,1.0,,0
10,25,6,0.0,1.0,,0
10,1,7,0.557131355225572,0.0,0.9743452668190002,3
10,2,7,0.39219115782052805,0.013333333333333334,0.6201400756835938,5
10,3,7,0.557131355225572,0.0,0.9743452668190002,3
10,4,7,0.557131355225572,0.0,0.9743452668190002,3
10,5,7,0.557131355225572,0.0,0.9743452668190002,3
10,6,7,0.557131355225572,0.0,0.9743452668190002,3
10,7,7,0.557131355225572,0.0,0.9743452668190002,3
10,8,7,0.557131355225572,0.0,0.9743452668190002,3
10,9,7,0.557131355225572,0.0,0.9743452668190002,3
10,10,7,0.557131355225572,0.0,0.9743452668190002,3
10,11,7,0.557131355225572,0.0,0.9743452668190002,3
10,12,7,0.557131355225572,0.0,0.9743452668190002,3
10,13,7,0.557131355225572,0.0,0.9743452668190002,3
10,14,7,0.557131355225572,0.0,0.9743452668190002,3
10,15,7,0.557131355225572,0.0,0.9743452668190002,3
10,16,7,0.557131355225572,0.0,0.9743452668190002,3
10,17,7,0.557131355225572,0.0,0.9743452668190002,3
10,18,7,0.557131355225572,0.0,0.9743452668190002,3
10,19,7,0.557131355225572,0.0,0.9743452668190002,3
10,20,7,0.557131355225572,0.0,0.9743452668190002,3
10,21,7,0.41110821759089167,0.22666666666666666,0.8515838384628296,2
10,22,7,0.38039498541074374,0.21333333333333335,0.8342859148979187,2
10,23,7,0.4795549182624055,0.25333333333333335,0.9090911746025085,2
10,24,7,0.0,1.0,,0
10,25,7,0.0,1.0,,0
10,1,8,0.557131355225572,0.0,0.9743452668190002,3
10,2,8,0.557131355225572,0.0,0.9743452668190002,3
10,3,8,0.557131355225572,0.0,0.9743452668190002,3
10,4,8,0.557131355225572,0.0,0.9743452668190002,3
10,5,8,0.557131355225572,0.0,0.9743452668190002,3
10,6,8,0.557131355225572,0.0,0.9743452668190002,3
10,7,8,0.557131355225572,0.0,0.9743452668190002,3
10,8,8,0.557131355225572,0.0,0.9743452668190002,3
10,9,8,0.557131355225572,0.0,0.9743452668190002,3
10,10,8,0.557131355225572,0.0,0.9743452668190002,3
10,11,8,0.557131355225572,0.0,0.9743452668190002,3
10,12,8,0.557131355225572,0.0,0.9743452668190002,3
10,13,8,0.557131355225572,0.0,0.9743452668190002,3
10,14,8,0.557131355225572,0.0,0.9743452668190002,3
10,15,8,0.557131355225572,0.0,0.9743452668190002,3
10,16,8,0.557131355225572,0.0,0.9743452668190002,3
10,17,8,0.557131355225572,0.0,0.9743452668190002,3
10,18,8,0.557131355225572,0.0,0.9743452668190002,3
10,19,8,0.557131355225572,0.0,0.9743452668190002,3
10,20,8,0.557131355225572,0.0,0.9743452668190002,3
10,21,8,0.41110821759089167,0.22666666666666666,0.8515838384628296,2
10,22,8,0.38039498541074374,0.21333333333333335,0.8342859148979187,2
10,23,8,0.4795549182624055,0.25333333333333335,0.9090911746025085,2
10,24,8,0.0,1.0,,0
10,25,8,0.0,1.0,,0
10,1,9,0.557131355225572,0.0,0.9743452668190002,3
10,2,9,0.557131355225572,0.0,0.9743452668190002,3
10,3,9,0.557131355225572,0.0,0.9743452668190002,3
10,4,9,0.557131355225572,0.0,0.9743452668190002,3
10,5,9,0.557131355225572,0.0,0.9743452668190002,3
10,6,9,0.557131355225572,0.0,0.9743452668190002,3
10,7,9,0.557131355225572,0.0,0.9743452668190002,3
10,8,9,0.557131355225572,0.0,0.9743452668190002,3
10,9,9,0.557131355225572,0.0,0.9743452668190002,3
10,10,9,0.557131355225572,0.0,0.9743452668190002,3
10,11,9,0.557131355225572,0.0,0.9743452668190002,3
10,12,9,0.557131355225572,0.0,0.9743452668190002,3
10,13,9,0.557131355225572,0.0,0.9743452668190002,3
10,14,9,0.557131355225572,0.0,0.9743452668190002,3
10,15,9,0.557131355225572,0.0,0.9743452668190002,3
10,16,9,0.557131355225572,0.0,0.9743452668190002,3
10,17,9,0.557131355225572,0.0,0.9743452668190002,3
10,18,9,0.557131355225572,0.0,0.9743452668190002,3
10,19,9,0.557131355225572,0.0,0.9743452668190002,3
10,20,9,0.557131355225572,0.0,0.9743452668190002,3
10,21,9,0.41110821759089167,0.22666666666666666,0.8515838980674744,2
10,22,9,0.38039498541074374,0.21333333333333335,0.8342859148979187,2
10,23,9,0.4795549182624055,0.25333333333333335,0.9090911746025085,2
10,24,9,0.0,1.0,,0
10,25,9,0.0,1.0,,0
10,1,10,0.557131355225572,0.0,0.9743452668190002,3
10,2,10,0.557131355225572,0.0,0.9743452668190002,3
10,3,10,0.557131355225572,0.0,0.9743452668190002,3
10,4,10,0.557131355225572,0.0,0.9743452668190002,3
10,5,10,0.557131355225572,0.0,0.9743452668190002,3
10,6,10,0.557131355225572,0.0,0.9743452668190002,3
10,7,10,0.557131355225572,0.0,0.9743452668190002,3
10,8,10,0.557131355225572,0.0,0.9743452668190002,3
10,9,10,0.557131355225572,0.0,0.9743452668190002,3
10,10,10,0.557131355225572,0.0,0.9743452668190002,3
10,11,10,0.557131355225572,0.0,0.9743452668190002,3
10,12,10,0.557131355225572,0.0,0.9743452668190002,3
10,13,10,0.557131355225572,0.0,0.9743452668190002,3
10,14,10,0.557131355225572,0.0,0.9743452668190002,3
10,15,10,0.557131355225572,0.0,0.9743452668190002,3
10,16,10,0.557131355225572,0.0,0.9743452668190002,3
10,17,10,0.557131355225572,0.0,0.9743452668190002,3
10,18,10,0.557131355225572,0.0,0.9743452668190002,3
10,19,10,0.557131355225572,0.0,0.9743452668190002,3
10,20,10,0.557131355225572,0.0,0.9743452668190002,3
10,21,10,0.41110821759089167,0.22666666666666666,0.8515838384628296,2
10,22,10,0.38039498541074374,0.21333333333333335,0.8342859148979187,2
10,23,10,0.4795549182624055,0.25333333333333335,0.9090911746025085,2
10,24,10,0.0,1.0,,0
10,25,10,0.0,1.0,,0
10,1,11,0.557131355225572,0.0,0.9743452668190002,3
10,2,11,0.557131355225572,0.0,0.9743452668190002,3
10,3,11,0.557131355225572,0.0,0.9743452668190002,3
10,4,11,0.557131355225572,0.0,0.9743452668190002,3
10,5,11,0.557131355225572,0.0,0.9743452668190002,3
10,6,11,0.557131355225572,0.0,0.9743452668190002,3
10,7,11,0.557131355225572,0.0,0.9743452668190002,3
10,8,11,0.557131355225572,0.0,0.9743452668190002,3
10,9,11,0.557131355225572,0.0,0.9743452668190002,3
10,10,11,0.557131355225572,0.0,0.9743452668190002,3
10,11,11,0.557131355225572,0.0,0.9743452668190002,3
10,12,11,0.557131355225572,0.0,0.9743452668190002,3
10,13,11,0.557131355225572,0.0,0.9743452668190002,3
10,14,11,0.557131355225572,0.0,0.9743452668190002,3
10,15,11,0.557131355225572,0.0,0.9743452668190002,3
10,16,11,0.557131355225572,0.0,0.9743452668190002,3
10,17,11,0.557131355225572,0.0,0.9743452668190002,3
10,18,11,0.557131355225572,0.0,0.9743452668190002,3
10,19,11,0.557131355225572,0.0,0.9743452668190002,3
10,20,11,0.557131355225572,0.0,0.9743452668190002,3
10,21,11,0.41110821759089167,0.22666666666666666,0.8515838384628296,2
10,22,11,0.38039498541074374,0.21333333333333335,0.8342859148979187,2
10,23,11,0.4795549182624055,0.25333333333333335,0.9090911746025085,2
10,24,11,0.0,1.0,,0
10,25,11,0.0,1.0,,0
10,1,12,0.557131355225572,0.0,0.9743452668190002,3
10,2,12,0.557131355225572,0.0,0.9743452668190002,3
10,3,12,0.557131355225572,0.0,0.9743452668190002,3
10,4,12,0.557131355225572,0.0,0.9743452668190002,3
10,5,12,0.557131355225572,0.0,0.9743452668190002,3
10,6,12,0.557131355225572,0.0,0.9743452668190002,3
10,7,12,0.557131355225572,0.0,0.9743452668190002,3
10,8,12,0.557131355225572,0.0,0.9743452668190002,3
10,9,12,0.557131355225572,0.0,0.9743452668190002,3
10,10,12,0.557131355225572,0.0,0.9743452668190002,3
10,11,12,0.557131355225572,0.0,0.9743452668190002,3
10,12,12,0.557131355225572,0.0,0.9743452668190002,3
10,13,12,0.557131355225572,0.0,0.9743452668190002,3
10,14,12,0.557131355225572,0.0,0.9743452668190002,3
10,15,12,0.557131355225572,0.0,0.9743452668190002,3
10,16,12,0.557131355225572,0.0,0.9743452668190002,3
10,17,12,0.557131355225572,0.0,0.9743452668190002,3
10,18,12,0.557131355225572,0.0,0.9743452668190002,3
10,19,12,0.557131355225572,0.0,0.9743452668190002,3
10,20,12,0.557131355225572,0.0,0.9743452668190002,3
10,21,12,0.41110821759089167,0.22666666666666666,0.8515838384628296,2
10,22,12,0.38039498541074374,0.21333333333333335,0.8342859148979187,2
10,23,12,0.4795549182624055,0.25333333333333335,0.9090911746025085,2
10,24,12,0.0,1.0,,0
10,25,12,0.0,1.0,,0
10,1,13,0.557131355225572,0.0,0.9743452668190002,3
10,2,13,0.557131355225572,0.0,0.9743452668190002,3
10,3,13,0.557131355225572,0.0,0.9743452668190002,3
10,4,13,0.557131355225572,0.0,0.9743452668190002,3
10,5,13,0.557131355225572,0.0,0.9743452668190002,3
10,6,13,0.557131355225572,0.0,0.9743452668190002,3
10,7,13,0.557131355225572,0.0,0.9743452668190002,3
10,8,13,0.557131355225572,0.0,0.9743452668190002,3
10,9,13,0.557131355225572,0.0,0.9743452668190002,3
10,10,13,0.557131355225572,0.0,0.9743452668190002,3
10,11,13,0.557131355225572,0.0,0.9743452668190002,3
10,12,13,0.557131355225572,0.0,0.9743452668190002,3
10,13,13,0.557131355225572,0.0,0.9743452668190002,3
10,14,13,0.557131355225572,0.0,0.9743452668190002,3
10,15,13,0.557131355225572,0.0,0.9743452668190002,3
10,16,13,0.557131355225572,0.0,0.9743452668190002,3
10,17,13,0.557131355225572,0.0,0.9743452668190002,3
10,18,13,0.557131355225572,0.0,0.9743452668190002,3
10,19,13,0.557131355225572,0.0,0.9743452668190002,3
10,20,13,0.557131355225572,0.0,0.9743452668190002,3
10,21,13,0.41110821759089167,0.22666666666666666,0.8515838980674744,2
10,22,13,0.38039498541074374,0.21333333333333335,0.8342859148979187,2
10,23,13,0.4795549182624055,0.25333333333333335,0.9090911746025085,2
10,24,13,0.0,1.0,,0
10,25,13,0.0,1.0,,0
10,1,14,0.557131355225572,0.0,0.9743452668190002,3
10,2,14,0.557131355225572,0.0,0.9743452668190002,3
10,3,14,0.557131355225572,0.0,0.9743452668190002,3
10,4,14,0.557131355225572,0.0,0.9743452668190002,3
10,5,14,0.557131355225572,0.0,0.9743452668190002,3
10,6,14,0.557131355225572,0.0,0.9743452668190002,3
10,7,14,0.557131355225572,0.0,0.9743452668190002,3
10,8,14,0.557131355225572,0.0,0.9743452668190002,3
10,9,14,0.557131355225572,0.0,0.9743452668190002,3
10,10,14,0.557131355225572,0.0,0.9743452668190002,3
10,11,14,0.557131355225572,0.0,0.9743452668190002,3
10,12,14,0.557131355225572,0.0,0.9743452668190002,3
10,13,14,0.557131355225572,0.0,0.9743452668190002,3
10,14,14,0.557131355225572,0.0,0.9743452668190002,3
10,15,14,0.557131355225572,0.0,0.9743452668190002,3
10,16,14,0.557131355225572,0.0,0.9743452668190002,3
10,17,14,0.557131355225572,0.0,0.9743452668190002,3
10,18,14,0.557131355225572,0.0,0.9743452668190002,3
10,19,14,0.557131355225572,0.0,0.9743452668190002,3
10,20,14,0.557131355225572,0.0,0.9743452668190002,3
10,21,14,0.41110821759089167,0.22666666666666666,0.8515838384628296,2
10,22,14,0.38039498541074374,0.21333333333333335,0.8342859148979187,2
10,23,14,0.4795549182624055,0.25333333333333335,0.9090911746025085,2
10,24,14,0.0,1.0,,0
10,25,14,0.0,1.0,,0
10,1,15,0.557131355225572,0.0,0.9743452668190002,3
10,2,15,0.557131355225572,0.0,0.9743452668190002,3
10,3,15,0.557131355225572,0.0,0.9743452668190002,3
10,4,15,0.557131355225572,0.0,0.9743452668190002,3
10,5,15,0.557131355225572,0.0,0.9743452668190002,3
10,6,15,0.557131355225572,0.0,0.9743452668190002,3
10,7,15,0.557131355225572,0.0,0.9743452668190002,3
10,8,15,0.557131355225572,0.0,0.9743452668190002,3
10,9,15,0.557131355225572,0.0,0.9743452668190002,3
10,10,15,0.557131355225572,0.0,0.9743452668190002,3
10,11,15,0.557131355225572,0.0,0.9743452668190002,3
10,12,15,0.557131355225572,0.0,0.9743452668190002,3
10,13,15,0.557131355225572,0.0,0.9743452668190002,3
10,14,15,0.557131355225572,0.0,0.9743452668190002,3
10,15,15,0.557131355225572,0.0,0.9743452668190002,3
10,16,15,0.557131355225572,0.0,0.9743452668190002,3
10,17,15,0.557131355225572,0.0,0.9743452668190002,3
10,18,15,0.557131355225572,0.0,0.9743452668190002,3
10,19,15,0.557131355225572,0.0,0.9743452668190002,3
10,20,15,0.557131355225572,0.0,0.9743452668190002,3
10,21,15,0.41110821759089167,0.22666666666666666,0.8515838384628296,2
10,22,15,0.38039498541074374,0.21333333333333335,0.8342859148979187,2
10,23,15,0.4795549182624055,0.25333333333333335,0.9090911746025085,2
10,24,15,0.0,1.0,,0
10,25,15,0.0,1.0,,0
10,1,16,0.557131355225572,0.0,0.9743452668190002,3
10,2,16,0.557131355225572,0.0,0.9743452668190002,3
10,3,16,0.557131355225572,0.0,0.9743452668190002,3
10,4,16,0.557131355225572,0.0,0.9743452668190002,3
10,5,16,0.557131355225572,0.0,0.9743452668190002,3
10,6,16,0.557131355225572,0.0,0.9743452668190002,3
10,7,16,0.557131355225572,0.0,0.9743452668190002,3
10,8,16,0.557131355225572,0.0,0.9743452668190002,3
10,9,16,0.557131355225572,0.0,0.9743452668190002,3
10,10,16,0.557131355225572,0.0,0.9743452668190002,3
10,11,16,0.557131355225572,0.0,0.9743452668190002,3
10,12,16,0.557131355225572,0.0,0.9743452668190002,3
10,13,16,0.557131355225572,0.0,0.9743452668190002,3
10,14,16,0.557131355225572,0.0,0.9743452668190002,3
10,15,16,0.557131355225572,0.0,0.9743452668190002,3
10,16,16,0.557131355225572,0.0,0.9743452668190002,3
10,17,16,0.557131355225572,0.0,0.9743452668190002,3
10,18,16,0.557131355225572,0.0,0.9743452668190002,3
10,19,16,0.557131355225572,0.0,0.9743452668190002,3
10,20,16,0.557131355225572,0.0,0.9743452668190002,3
10,21,16,0.41110821759089167,0.22666666666666666,0.8515838980674744,2
10,22,16,0.38039498541074374,0.21333333333333335,0.8342859148979187,2
10,23,16,0.4795549182624055,0.25333333333333335,0.9090911746025085,2
10,24,16,0.0,1.0,,0
10,25,16,0.0,1.0,,0
10,1,17,0.557131355225572,0.0,0.9743452668190002,3
10,2,17,0.557131355225572,0.0,0.9743452668190002,3
10,3,17,0.557131355225572,0.0,0.9743452668190002,3
10,4,17,0.557131355225572,0.0,0.9743452668190002,3
10,5,17,0.557131355225572,0.0,0.9743452668190002,3
10,6,17,0.557131355225572,0.0,0.9743452668190002,3
10,7,17,0.557131355225572,0.0,0.9743452668190002,3
10,8,17,0.557131355225572,0.0,0.9743452668190002,3
10,9,17,0.557131355225572,0.0,0.9743452668190002,3
10,10,17,0.557131355225572,0.0,0.9743452668190002,3
10,11,17,0.557131355225572,0.0,0.9743452668190002,3
10,12,17,0.557131355225572,0.0,0.9743452668190002,3
10,13,17,0.557131355225572,0.0,0.9743452668190002,3
10,14,17,0.557131355225572,0.0,0.9743452668190002,3
10,15,17,0.557131355225572,0.0,0.9743452668190002,3
10,16,17,0.557131355225572,0.0,0.9743452668190002,3
10,17,17,0.557131355225572,0.0,0.9743452668190002,3
10,18,17,0.557131355225572,0.0,0.9743452668190002,3
10,19,17,0.557131355225572,0.0,0.9743452668190002,3
10,20,17,0.557131355225572,0.0,0.9743452668190002,3
10,21,17,0.41110821759089167,0.22666666666666666,0.8515838384628296,2
10,22,17,0.38039498541074374,0.21333333333333335,0.8342859148979187,2
10,23,17,0.4795549182624055,0.25333333333333335,0.9090911746025085,2
10,24,17,0.0,1.0,,0
10,25,17,0.0,1.0,,0
10,1,18,0.557131355225572,0.0,0.9743452668190002,3
10,2,18,0.557131355225572,0.0,0.9743452668190002,3
10,3,18,0.557131355225572,0.0,0.9743452668190002,3
10,4,18,0.557131355225572,0.0,0.9743452668190002,3
10,5,18,0.557131355225572,0.0,0.9743452668190002,3
10,6,18,0.557131355225572,0.0,0.9743452668190002,3
10,7,18,0.557131355225572,0.0,0.9743452668190002,3
10,8,18,0.557131355225572,0.0,0.9743452668190002,3
10,9,18,0.557131355225572,0.0,0.9743452668190002,3
10,10,18,0.557131355225572,0.0,0.9743452668190002,3
10,11,18,0.557131355225572,0.0,0.9743452668190002,3
10,12,18,0.557131355225572,0.0,0.9743452668190002,3
10,13,18,0.557131355225572,0.0,0.9743452668190002,3
10,14,18,0.557131355225572,0.0,0.9743452668190002,3
10,15,18,0.557131355225572,0.0,0.9743452668190002,3
10,16,18,0.557131355225572,0.0,0.9743452668190002,3
10,17,18,0.557131355225572,0.0,0.9743452668190002,3
10,18,18,0.557131355225572,0.0,0.9743452668190002,3
10,19,18,0.557131355225572,0.0,0.9743452668190002,3
10,20,18,0.557131355225572,0.0,0.9743452668190002,3
10,21,18,0.41110821759089167,0.22666666666666666,0.8515838384628296,2
10,22,18,0.38039498541074374,0.21333333333333335,0.8342859148979187,2
10,23,18,0.4795549182624055,0.25333333333333335,0.9090911746025085,2
10,24,18,0.0,1.0,,0
10,25,18,0.0,1.0,,0
10,1,19,0.557131355225572,0.0,0.9743452668190002,3
10,2,19,0.557131355225572,0.0,0.9743452668190002,3
10,3,19,0.557131355225572,0.0,0.9743452668190002,3
10,4,19,0.557131355225572,0.0,0.9743452668190002,3
10,5,19,0.557131355225572,0.0,0.9743452668190002,3
10,6,19,0.557131355225572,0.0,0.9743452668190002,3
10,7,19,0.557131355225572,0.0,0.9743452668190002,3
10,8,19,0.557131355225572,0.0,0.9743452668190002,3
10,9,19,0.557131355225572,0.0,0.9743452668190002,3
10,10,19,0.557131355225572,0.0,0.9743452668190002,3
10,11,19,0.557131355225572,0.0,0.9743452668190002,3
10,12,19,0.557131355225572,0.0,0.9743452668190002,3
10,13,19,0.557131355225572,0.0,0.9743452668190002,3
10,14,19,0.557131355225572,0.0,0.9743452668190002,3
10,15,19,0.557131355225572,0.0,0.9743452668190002,3
10,16,19,0.557131355225572,0.0,0.9743452668190002,3
10,17,19,0.557131355225572,0.0,0.9743452668190002,3
10,18,19,0.557131355225572,0.0,0.9743452668190002,3
10,19,19,0.557131355225572,0.0,0.9743452668190002,3
10,20,19,0.557131355225572,0.0,0.9743452668190002,3
10,21,19,0.41110821759089167,0.22666666666666666,0.8515838384628296,2
10,22,19,0.38039498541074374,0.21333333333333335,0.8342859148979187,2
10,23,19,0.4795549182624055,0.25333333333333335,0.9090911746025085,2
10,24,19,0.0,1.0,,0
10,25,19,0.0,1.0,,0
10,1,20,0.557131355225572,0.0,0.9743452668190002,3
10,2,20,0.557131355225572,0.0,0.9743452668190002,3
10,3,20,0.557131355225572,0.0,0.9743452668190002,3
10,4,20,0.557131355225572,0.0,0.9743452668190002,3
10,5,20,0.557131355225572,0.0,0.9743452668190002,3
10,6,20,0.557131355225572,0.0,0.9743452668190002,3
10,7,20,0.557131355225572,0.0,0.9743452668190002,3
10,8,20,0.557131355225572,0.0,0.9743452668190002,3
10,9,20,0.557131355225572,0.0,0.9743452668190002,3
10,10,20,0.557131355225572,0.0,0.9743452668190002,3
10,11,20,0.557131355225572,0.0,0.9743452668190002,3
10,12,20,0.557131355225572,0.0,0.9743452668190002,3
10,13,20,0.557131355225572,0.0,0.9743452668190002,3
10,14,20,0.557131355225572,0.0,0.9743452668190002,3
10,15,20,0.557131355225572,0.0,0.9743452668190002,3
10,16,20,0.557131355225572,0.0,0.9743452668190002,3
10,17,20,0.557131355225572,0.0,0.9743452668190002,3
10,18,20,0.557131355225572,0.0,0.9743452668190002,3
10,19,20,0.557131355225572,0.0,0.9743452668190002,3
10,20,20,0.557131355225572,0.0,0.9743452668190002,3
10,21,20,0.41110821759089167,0.22666666666666666,0.8515838384628296,2
10,22,20,0.38039498541074374,0.21333333333333335,0.8342859148979187,2
10,23,20,0.4795549182624055,0.25333333333333335,0.9090911746025085,2
10,24,20,0.0,1.0,,0
10,25,20,0.0,1.0,,0
10,1,21,0.557131355225572,0.0,0.9743452668190002,3
10,2,21,0.557131355225572,0.0,0.9743452668190002,3
10,3,21,0.557131355225572,0.0,0.9743452668190002,3
10,4,21,0.557131355225572,0.0,0.9743452668190002,3
10,5,21,0.557131355225572,0.0,0.9743452668190002,3
10,6,21,0.557131355225572,0.0,0.9743452668190002,3
10,7,21,0.557131355225572,0.0,0.9743452668190002,3
10,8,21,0.557131355225572,0.0,0.9743452668190002,3
10,9,21,0.557131355225572,0.0,0.9743452668190002,3
10,10,21,0.557131355225572,0.0,0.9743452668190002,3
10,11,21,0.557131355225572,0.0,0.9743452668190002,3
10,12,21,0.557131355225572,0.0,0.9743452668190002,3
10,13,21,0.557131355225572,0.0,0.9743452668190002,3
10,14,21,0.557131355225572,0.0,0.9743452668190002,3
10,15,21,0.557131355225572,0.0,0.9743452668190002,3
10,16,21,0.557131355225572,0.0,0.9743452668190002,3
10,17,21,0.557131355225572,0.0,0.9743452668190002,3
10,18,21,0.557131355225572,0.0,0.9743452668190002,3
10,19,21,0.557131355225572,0.0,0.9743452668190002,3
10,20,21,0.557131355225572,0.0,0.9743452668190002,3
10,21,21,0.41110821759089167,0.22666666666666666,0.8515838384628296,2
10,22,21,0.38039498541074374,0.21333333333333335,0.8342859148979187,2
10,23,21,0.4795549182624055,0.25333333333333335,0.9090911746025085,2
10,24,21,0.0,1.0,,0
10,25,21,0.0,1.0,,0
10,1,22,0.1979004016830161,0.0,0.6071270108222961,2
10,2,22,0.1979004016830161,0.0,0.6071270108222961,2
10,3,22,0.1979004016830161,0.0,0.6071270108222961,2
10,4,22,0.1979004016830161,0.0,0.6071270704269409,2
10,5,22,0.1979004016830161,0.0,0.6071270108222961,2
10,6,22,0.1979004016830161,0.0,0.6071270108222961,2
10,7,22,0.1979004016830161,0.0,0.6071270108222961,2
10,8,22,0.1979004016830161,0.0,0.6071270704269409,2
10,9,22,0.1979004016830161,0.0,0.6071270108222961,2
10,10,22,0.1979004016830161,0.0,0.6071270108222961,2
10,11,22,0.1979004016830161,0.0,0.6071270108222961,2
10,12,22,0.1979004016830161,0.0,0.6071270108222961,2
10,13,22,0.1979004016830161,0.0,0.6071270108222961,2
10,14,22,0.1979004016830161,0.0,0.6071270704269409,2
10,15,22,0.1979004016830161,0.0,0.6071270704269409,2
10,16,22,0.1979004016830161,0.0,0.6071270108222961,2
10,17,22,0.1979004016830161,0.0,0.6071270704269409,2
10,18,22,0.1979004016830161,0.0,0.6071270108222961,2
10,19,22,0.1979004016830161,0.0,0.6071270704269409,2
10,20,22,0.1979004016830161,0.0,0.6071270704269409,2
10,21,22,0.41110821759089167,0.22666666666666666,0.8515838384628296,2
10,22,22,0.38039498541074374,0.21333333333333335,0.8342859148979187,2
10,23,22,0.4795549182624055,0.25333333333333335,0.9090911746025085,2
10,24,22,0.0,1.0,,0
10,25,22,0.0,1.0,,0
10,1,23,0.1979004016830161,0.0,0.6071270108222961,2
10,2,23,0.1979004016830161,0.0,0.6071270108222961,2
10,3,23,0.1979004016830161,0.0,0.6071270704269409,2
10,4,23,0.1979004016830161,0.0,0.6071270704269409,2
10,5,23,0.1979004016830161,0.0,0.6071270108222961,2
10,6,23,0.1979004016830161,0.0,0.6071270704269409,2
10,7,23,0.1979004016830161,0.0,0.6071270108222961,2
10,8,23,0.1979004016830161,0.0,0.6071270108222961,2
10,9,23,0.1979004016830161,0.0,0.6071270108222961,2
10,10,23,0.1979004016830161,0.0,0.6071270108222961,2
10,11,23,0.1979004016830161,0.0,0.6071270704269409,2
10,12,23,0.1979004016830161,0.0,0.6071270704269409,2
10,13,23,0.1979004016830161,0.0,0.6071270704269409,2
10,14,23,0.1979004016830161,0.0,0.6071270108222961,2
10,15,23,0.1979004016830161,0.0,0.6071270108222961,2
10,16,23,0.1979004016830161,0.0,0.6071270704269409,2
10,17,23,0.1979004016830161,0.0,0.6071270108222961,2
10,18,23,0.1979004016830161,0.0,0.6071270108222961,2
10,19,23,0.1979004016830161,0.0,0.6071270108222961,2
10,20,23,0.1979004016830161,0.0,0.6071270704269409,2
10,21,23,0.41110821759089167,0.22666666666666666,0.8515838384628296,2
10,22,23,0.38039498541074374,0.21333333333333335,0.8342859148979187,2
10,23,23,0.4795549182624055,0.25333333333333335,0.9090911746025085,2
10,24,23,0.0,1.0,,0
10,25,23,0.0,1.0,,0
10,1,24,0.1979004016830161,0.0,0.6071270108222961,2
10,2,24,0.1979004016830161,0.0,0.6071270108222961,2
10,3,24,0.1979004016830161,0.0,0.6071270108222961,2
10,4,24,0.1979004016830161,0.0,0.6071270108222961,2
10,5,24,0.1979004016830161,0.0,0.6071270108222961,2
10,6,24,0.1979004016830161,0.0,0.6071270108222961,2
10,7,24,0.1979004016830161,0.0,0.6071270704269409,2
10,8,24,0.1979004016830161,0.0,0.6071270704269409,2
10,9,24,0.1979004016830161,0.0,0.6071270108222961,2
10,10,24,0.1979004016830161,0.0,0.6071270108222961,2
10,11,24,0.1979004016830161,0.0,0.6071270108222961,2
10,12,24,0.1979004016830161,0.0,0.6071270108222961,2
10,13,24,0.1979004016830161,0.0,0.6071270704269409,2
10,14,24,0.1979004016830161,0.0,0.6071270108222961,2
10,15,24,0.1979004016830161,0.0,0.6071270108222961,2
10,16,24,0.1979004016830161,0.0,0.6071270704269409,2
10,17,24,0.1979004016830161,0.0,0.6071270108222961,2
10,18,24,0.1979004016830161,0.0,0.6071270108222961,2
10,19,24,0.1979004016830161,0.0,0.6071270108222961,2
10,20,24,0.1979004016830161,0.0,0.6071270704269409,2
10,21,24,0.41110821759089167,0.22666666666666666,0.8515838384628296,2
10,22,24,0.38039498541074374,0.21333333333333335,0.8342859148979187,2
10,23,24,0.4795549182624055,0.25333333333333335,0.9090911746025085,2
10,24,24,0.0,1.0,,0
10,25,24,0.0,1.0,,0
10,1,25,0.0,1.0,,0
10,2,25,0.0,1.0,,0
10,3,25,0.0,1.0,,0
10,4,25,0.0,1.0,,0
10,5,25,0.0,1.0,,0
10,6,25,0.0,1.0,,0
10,7,25,0.0,1.0,,0
10,8,25,0.0,1.0,,0
10,9,25,0.0,1.0,,0
10,10,25,0.0,1.0,,0
10,11,25,0.0,1.0,,0
10,12,25,0.0,1.0,,0
10,13,25,0.0,1.0,,0
10,14,25,0.0,1.0,,0
10,15,25,0.0,1.0,,0
10,16,25,0.0,1.0,,0
10,17,25,0.0,1.0,,0
10,18,25,0.0,1.0,,0
10,19,25,0.0,1.0,,0
10,20,25,0.0,1.0,,0
10,21,25,0.0,1.0,,0
10,22,25,0.0,1.0,,0
10,23,25,0.0,1.0,,0
10,24,25,0.0,1.0,,0
10,25,25,0.0,1.0,,0
11,1,2,0.7310198765584439,0.0,0.6003401279449463,6
11,2,2,0.7269572165885977,0.013333333333333334,0.5987865924835205,6
11,3,2,0.557131355225572,0.0,0.9765424728393555,3
11,4,2,0.557131355225572,0.0,0.9765424728393555,3
11,5,2,0.557131355225572,0.0,0.9765424728393555,3
11,6,2,0.557131355225572,0.0,0.9765424728393555,3
11,7,2,0.557131355225572,0.0,0.9765424728393555,3
11,8,2,0.557131355225572,0.0,0.9765424728393555,3
11,9,2,0.557131355225572,0.0,0.9765424728393555,3
11,10,2,0.557131355225572,0.0,0.9765424728393555,3
11,11,2,0.557131355225572,0.0,0.9765424728393555,3
11,12,2,0.557131355225572,0.0,0.9765424728393555,3
11,13,2,0.557131355225572,0.0,0.9765424728393555,3
11,14,2,0.557131355225572,0.0,0.9765424728393555,3
11,15,2,0.557131355225572,0.0,0.9765424728393555,3
11,16,2,0.557131355225572,0.0,0.9765424728393555,3
11,17,2,0.557131355225572,0.0,0.9765424728393555,3
11,18,2,0.557131355225572,0.0,0.9765424728393555,3
11,19,2,0.557131355225572,0.0,0.9765424728393555,3
11,20,2,0.557131355225572,0.0,0.9765424728393555,3
11,21,2,0.4874637903073013,0.25333333333333335,0.917275071144104,2
11,22,2,0.5212589729431253,0.26666666666666666,0.9429502487182617,2
11,23,2,0.4874637903073013,0.25333333333333335,0.917275071144104,2
11,24,2,0.0,1.0,,0
11,25,2,0.0,1.0,,0
11,1,3,0.6730633355287211,0.0,0.7276431918144226,7
11,2,3,0.7269572165885977,0.013333333333333334,0.5987865924835205,6
11,3,3,0.557131355225572,0.0,0.9765424728393555,3
11,4,3,0.557131355225572,0.0,0.9765424728393555,3
11,5,3,0.557131355225572,0.0,0.9765424728393555,3
11,6,3,0.557131355225572,0.0,0.9765424728393555,3
11,7,3,0.557131355225572,0.0,0.9765424728393555,3
11,8,3,0.557131355225572,0.0,0.9765424728393555,3
11,9,3,0.557131355225572,0.0,0.9765424728393555,3
11,10,3,0.557131355225572,0.0,0.9765424728393555,3
11,11,3,0.557131355225572,0.0,0.9765424728393555,3
11,12,3,0.557131355225572,0.0,0.9765424728393555,3
11,13,3,0.557131355225572,0.0,0.9765424728393555,3
11,14,3,0.557131355225572,0.0,0.9765424728393555,3
11,15,3,0.557131355225572,0.0,0.9765424728393555,3
11,16,3,0.557131355225572,0.0,0.9765424728393555,3
11,17,3,0.557131355225572,0.0,0.9765424728393555,3
11,18,3,0.557131355225572,0.0,0.9765424728393555,3
11,19,3,0.557131355225572,0.0,0.9765424728393555,3
11,20,3,0.557131355225572,0.0,0.9765424728393555,3
11,21,3,0.4874637903073013,0.25333333333333335,0.917275071144104,2
11,22,3,0.5212589729431253,0.26666666666666666,0.9429502487182617,2
11,23,3,0.4874637903073013,0.25333333333333335,0.917275071144104,2
11,24,3,0.0,1.0,,0
11,25,3,0.0,1.0,,0
11,1,4,0.6730633355287211,0.0,0.7276431918144226,7
11,2,4,0.7269572165885977,0.013333333333333334,0.5987865924835205,6
11,3,4,0.7269572165885977,0.013333333333333334,0.5987865924835205,6
11,4,4,0.557131355225572,0.0,0.9765424728393555,3
11,5,4,0.557131355225572,0.0,0.9765424728393555,3
11,6,4,0.557131355225572,0.0,0.9765424728393555,3
11,7,4,0.557131355225572,0.0,0.9765424728393555,3
11,8,4,0.557131355225572,0.0,0.9765424728393555,3
11,9,4,0.557131355225572,0.0,0.9765424728393555,3
11,10,4,0.557131355225572,0.0,0.9765424728393555,3
11,11,4,0.557131355225572,0.0,0.9765424728393555,3
11,12,4,0.557131355225572,0.0,0.9765424728393555,3
11,13,4,0.557131355225572,0.0,0.9765424728393555,3
11,14,4,0.557131355225572,0.0,0.9765424728393555,3
11,15,4,0.557131355225572,0.0,0.9765424728393555,3
11,16,4,0.557131355225572,0.0,0.9765424728393555,3
11,17,4,0.557131355225572,0.0,0.9765424728393555,3
11,18,4,0.557131355225572,0.0,0.9765424728393555,3
11,19,4,0.557131355225572,0.0,0.9765424728393555,3
11,20,4,0.557131355225572,0.0,0.9765424728393555,3
11,21,4,0.4874637903073013,0.25333333333333335,0.917275071144104,2
11,22,4,0.5212589729431253,0.26666666666666666,0.9429502487182617,2
11,23,4,0.4874637903073013,0.25333333333333335,0.917275071144104,2
11,24,4,0.0,1.0,,0
11,25,4,0.0,1.0,,0
11,1,5,0.6827459049178555,0.0,0.7921366691589355,5
11,2,5,0.6451186417089974,0.0,0.6525741815567017,4
11,3,5,0.6451186417089974,0.0,0.6525741815567017,4
11,4,5,0.557131355225572,0.0,0.9765424728393555,3
11,5,5,0.557131355225572,0.0,0.9765424728393555,3
11,6,5,0.557131355225572,0.0,0.9765424728393555,3
11,7,5,0.557131355225572,0.0,0.9765424728393555,3
11,8,5,0.557131355225572,0.0,0.9765424728393555,3
11,9,5,0.557131355225572,0.0,0.9765424728393555,3
11,10,5,0.557131355225572,0.0,0.9765424728393555,3
11,11,5,0.557131355225572,0.0,0.9765424728393555,3
11,12,5,0.557131355225572,0.0,0.9765424728393555,3
11,13,5,0.557131355225572,0.0,0.9765424728393555,3
11,14,5,0.557131355225572,0.0,0.9765424728393555,3
11,15,5,0.557131355225572,0.0,0.9765424728393555,3
11,16,5,0.557131355225572,0.0,0.9765424728393555,3
11,17,5,0.557131355225572,0.0,0.9765424728393555,3
11,18,5,0.557131355225572,0.0,0.9765424728393555,3
11,19,5,0.557131355225572,0.0,0.9765424728393555,3
11,20,5,0.557131355225572,0.0,0.9765424728393555,3
11,21,5,0.4874637903073013,0.25333333333333335,0.917275071144104,2
11,22,5,0.5212589729431253,0.26666666666666666,0.9429502487182617,2
11,23,5,0.4874637903073013,0.25333333333333335,0.917275071144104,2
11,24,5,0.0,1.0,,0
11,25,5,0.0,1.0,,0
11,1,6,0.6451186417089974,0.0,0.6525741815567017,4
11,2,6,0.6451186417089974,0.0,0.6525741815567017,4
11,3,6,0.6451186417089974,0.0,0.6525741815567017,4
11,4,6,0.557131355225572,0.0,0.9765424728393555,3
11,5,6,0.557131355225572,0.0,0.9765424728393555,3
11,6,6,0.557131355225572,0.0,0.9765424728393555,3
11,7,6,0.557131355225572,0.0,0.9765424728393555,3
11,8,6,0.557131355225572,0.0,0.9765424728393555,3
11,9,6,0.557131355225572,0.0,0.9765424728393555,3
11,10,6,0.557131355225572,0.0,0.9765424728393555,3
11,11,6,0.557131355225572,0.0,0.9765424728393555,3
11,12,6,0.557131355225572,0.0,0.9765424728393555,3
11,13,6,0.557131355225572,0.0,0.9765424728393555,3
11,14,6,0.557131355225572,0.0,0.9765424728393555,3
11,15,6,0.557131355225572,0.0,0.9765424728393555,3
11,16,6,0.557131355225572,0.0,0.9765424728393555,3
11,17,6,0.557131355225572,0.0,0.9765424728393555,3
11,18,6,0.557131355225572,0.0,0.9765424728393555,3
11,19,6,0.557131355225572,0.0,0.9765424728393555,3
11,20,6,0.557131355225572,0.0,0.9765424728393555,3
11,21,6,0.4874637903073013,0.25333333333333335,0.917275071144104,2
11,22,6,0.5212589729431253,0.26666666666666666,0.9429502487182617,2
11,23,6,0.4874637903073013,0.25333333333333335,0.917275071144104,2
11,24,6,0.0,1.0,,0
11,25,6,0.0,1.0,,0
11,1,7,0.557131355225572,0.0,0.9765424728393555,3
11,2,7,0.557131355225572,0.0,0.9765424728393555,3
11,3,7,0.557131355225572,0.0,0.9765424728393555,3
11,4,7,0.557131355225572,0.0,0.9765424728393555,3
11,5,7,0.557131355225572,0.0,0.9765424728393555,3
11,6,7,0.557131355225572,0.0,0.9765424728393555,3
11,7,7,0.557131355225572,0.0,0.9765424728393555,3
11,8,7,0.557131355225572,0.0,0.9765424728393555,3
11,9,7,0.557131355225572,0.0,0.9765424728393555,3
11,10,7,0.557131355225572,0.0,0.9765424728393555,3
11,11,7,0.557131355225572,0.0,0.9765424728393555,3
11,12,7,0.557131355225572,0.0,0.9765424728393555,3
11,13,7,0.557131355225572,0.0,0.9765424728393555,3
11,14,7,0.557131355225572,0.0,0.9765424728393555,3
11,15,7,0.557131355225572,0.0,0.9765424728393555,3
11,16,7,0.557131355225572,0.0,0.9765424728393555,3
11,17,7,0.557131355225572,0.0,0.9765424728393555,3
11,18,7,0.557131355225572,0.0,0.9765424728393555,3
11,19,7,0.557131355225572,0.0,0.9765424728393555,3
11,20,7,0.557131355225572,0.0,0.9765424728393555,3
11,21,7,0.4874637903073013,0.25333333333333335,0.917275071144104,2
11,22,7,0.5212589729431253,0.26666666666666666,0.9429502487182617,2
11,23,7,0.4874637903073013,0.25333333333333335,0.917275071144104,2
11,24,7,0.0,1.0,,0
11,25,7,0.0,1.0,,0
11,1,8,0.557131355225572,0.0,0.9765424728393555,3
11,2,8,0.557131355225572,0.0,0.9765424728393555,3
11,3,8,0.557131355225572,0.0,0.9765424728393555,3
11,4,8,0.557131355225572,0.0,0.9765424728393555,3
11,5,8,0.557131355225572,0.0,0.9765424728393555,3
11,6,8,0.557131355225572,0.0,0.9765424728393555,3
11,7,8,0.557131355225572,0.0,0.9765424728393555,3
11,8,8,0.557131355225572,0.0,0.9765424728393555,3
11,9,8,0.557131355225572,0.0,0.9765424728393555,3
11,10,8,0.557131355225572,0.0,0.9765424728393555,3
11,11,8,0.557131355225572,0.0,0.9765424728393555,3
11,12,8,0.557131355225572,0.0,0.9765424728393555,3
11,13,8,0.557131355225572,0.0,0.9765424728393555,3
11,14,8,0.557131355225572,0.0,0.9765424728393555,3
11,15,8,0.557131355225572,0.0,0.9765424728393555,3
11,16,8,0.557131355225572,0.0,0.9765424728393555,3
11,17,8,0.557131355225572,0.0,0.9765424728393555,3
11,18,8,0.557131355225572,0.0,0.9765424728393555,3
11,19,8,0.557131355225572,0.0,0.9765424728393555,3
11,20,8,0.557131355225572,0.0,0.9765424728393555,3
11,21,8,0.4874637903073013,0.25333333333333335,0.917275071144104,2
11,22,8,0.5212589729431253,0.26666666666666666,0.9429502487182617,2
11,23,8,0.4874637903073013,0.25333333333333335,0.917275071144104,2
11,24,8,0.0,1.0,,0
11,25,8,0.0,1.0,,0
11,1,9,0.557131355225572,0.0,0.9765424728393555,3
11,2,9,0.557131355225572,0.0,0.9765424728393555,3
11,3,9,0.557131355225572,0.0,0.9765424728393555,3
11,4,9,0.557131355225572,0.0,0.9765424728393555,3
11,5,9,0.557131355225572,0.0,0.9765424728393555,3
11,6,9,0.557131355225572,0.0,0.9765424728393555,3
11,7,9,0.557131355225572,0.0,0.9765424728393555,3
11,8,9,0.557131355225572,0.0,0.9765424728393555,3
11,9,9,0.557131355225572,0.0,0.9765424728393555,3
11,10,9,0.557131355225572,0.0,0.9765424728393555,3
11,11,9,0.557131355225572,0.0,0.9765424728393555,3
11,12,9,0.557131355225572,0.0,0.9765424728393555,3
11,13,9,0.557131355225572,0.0,0.9765424728393555,3
11,14,9,0.557131355225572,0.0,0.9765424728393555,3
11,15,9,0.557131355225572,0.0,0.9765424728393555,3
11,16,9,0.557131355225572,0.0,0.9765424728393555,3
11,17,9,0.557131355225572,0.0,0.9765424728393555,3
11,18,9,0.557131355225572,0.0,0.9765424728393555,3
11,19,9,0.557131355225572,0.0,0.9765424728393555,3
11,20,9,0.557131355225572,0.0,0.9765424728393555,3
11,21,9,0.4874637903073013,0.25333333333333335,0.917275071144104,2
11,22,9,0.5212589729431253,0.26666666666666666,0.9429502487182617,2
11,23,9,0.4874637903073013,0.25333333333333335,0.917275071144104,2
11,24,9,0.0,1.0,,0
11,25,9,0.0,1.0,,0
11,1,10,0.557131355225572,0.0,0.9765424728393555,3
11,2,10,0.557131355225572,0.0,0.9765424728393555,3
11,3,10,0.557131355225572,0.0,0.9765424728393555,3
11,4,10,0.557131355225572,0.0,0.9765424728393555,3
11,5,10,0.557131355225572,0.0,0.9765424728393555,3
11,6,10,0.557131355225572,0.0,0.9765424728393555,3
11,7,10,0.557131355225572,0.0,0.9765424728393555,3
11,8,10,0.557131355225572,0.0,0.9765424728393555,3
11,9,10,0.557131355225572,0.0,0.9765424728393555,3
11,10,10,0.557131355225572,0.0,0.9765424728393555,3
11,11,10,0.557131355225572,0.0,0.9765424728393555,3
11,12,10,0.557131355225572,0.0,0.9765424728393555,3
11,13,10,0.557131355225572,0.0,0.9765424728393555,3
11,14,10,0.557131355225572,0.0,0.9765424728393555,3
11,15,10,0.557131355225572,0.0,0.9765424728393555,3
11,16,10,0.557131355225572,0.0,0.9765424728393555,3
11,17,10,0.557131355225572,0.0,0.9765424728393555,3
11,18,10,0.557131355225572,0.0,0.9765424728393555,3
11,19,10,0.557131355225572,0.0,0.9765424728393555,3
11,20,10,0.557131355225572,0.0,0.9765424728393555,3
11,21,10,0.4874637903073013,0.25333333333333335,0.917275071144104,2
11,22,10,0.5212589729431253,0.26666666666666666,0.9429502487182617,2
11,23,10,0.4874637903073013,0.25333333333333335,0.917275071144104,2
11,24,10,0.0,1.0,,0
11,25,10,0.0,1.0,,0
11,1,11,0.557131355225572,0.0,0.9765424728393555,3
11,2,11,0.557131355225572,0.0,0.9765424728393555,3
11,3,11,0.557131355225572,0.0,0.9765424728393555,3
11,4,11,0.557131355225572,0.0,0.9765424728393555,3
11,5,11,0.557131355225572,0.0,0.9765424728393555,3
11,6,11,0.557131355225572,0.0,0.9765424728393555,3
11,7,11,0.557131355225572,0.0,0.9765424728393555,3
11,8,11,0.557131355225572,0.0,0.9765424728393555,3
11,9,11,0.557131355225572,0.0,0.9765424728393555,3
11,10,11,0.557131355225572,0.0,0.9765424728393555,3
11,11,11,0.557131355225572,0.0,0.9765424728393555,3
11,12,11,0.557131355225572,0.0,0.9765424728393555,3
11,13,11,0.557131355225572,0.0,0.9765424728393555,3
11,14,11,0.557131355225572,0.0,0.9765424728393555,3
11,15,11,0.557131355225572,0.0,0.9765424728393555,3
11,16,11,0.557131355225572,0.0,0.9765424728393555,3
11,17,11,0.557131355225572,0.0,0.9765424728393555,3
11,18,11,0.557131355225572,0.0,0.9765424728393555,3
11,19,11,0.557131355225572,0.0,0.9765424728393555,3
11,20,11,0.557131355225572,0.0,0.9765424728393555,3
11,21,11,0.4874637903073013,0.25333333333333335,0.917275071144104,2
11,22,11,0.5212589729431253,0.26666666666666666,0.9429502487182617,2
11,23,11,0.4874637903073013,0.25333333333333335,0.917275071144104,2
11,24,11,0.0,1.0,,0
11,25,11,0.0,1.0,,0
11,1,12,0.557131355225572,0.0,0.9765424728393555,3
11,2,12,0.557131355225572,0.0,0.9765424728393555,3
11,3,12,0.557131355225572,0.0,0.9765424728393555,3
11,4,12,0.557131355225572,0.0,0.9765424728393555,3
11,5,12,0.557131355225572,0.0,0.9765424728393555,3
11,6,12,0.557131355225572,0.0,0.9765424728393555,3
11,7,12,0.557131355225572,0.0,0.9765424728393555,3
11,8,12,0.557131355225572,0.0,0.9765424728393555,3
11,9,12,0.557131355225572,0.0,0.9765424728393555,3
11,10,12,0.557131355225572,0.0,0.9765424728393555,3
11,11,12,0.557131355225572,0.0,0.9765424728393555,3
11,12,12,0.557131355225572,0.0,0.9765424728393555,3
11,13,12,0.557131355225572,0.0,0.9765424728393555,3
11,14,12,0.557131355225572,0.0,0.9765424728393555,3
11,15,12,0.557131355225572,0.0,0.9765424728393555,3
11,16,12,0.557131355225572,0.0,0.9765424728393555,3
11,17,12,0.557131355225572,0.0,0.9765424728393555,3
11,18,12,0.557131355225572,0.0,0.9765424728393555,3
11,19,12,0.557131355225572,0.0,0.9765424728393555,3
11,20,12,0.557131355225572,0.0,0.9765424728393555,3
11,21,12,0.4874637903073013,0.25333333333333335,0.917275071144104,2
11,22,12,0.5212589729431253,0.26666666666666666,0.9429502487182617,2
11,23,12,0.4874637903073013,0.25333333333333335,0.917275071144104,2
11,24,12,0.0,1.0,,0
11,25,12,0.0,1.0,,0
11,1,13,0.557131355225572,0.0,0.9765424728393555,3
11,2,13,0.557131355225572,0.0,0.9765424728393555,3
11,3,13,0.557131355225572,0.0,0.9765424728393555,3
11,4,13,0.557131355225572,0.0,0.9765424728393555,3
11,5,13,0.557131355225572,0.0,0.9765424728393555,3
11,6,13,0.557131355225572,0.0,0.9765424728393555,3
11,7,13,0.557131355225572,0.0,0.9765424728393555,3
11,8,13,0.557131355225572,0.0,0.9765424728393555,3
11,9,13,0.557131355225572,0.0,0.9765424728393555,3
11,10,13,0.557131355225572,0.0,0.9765424728393555,3
11,11,13,0.557131355225572,0.0,0.9765424728393555,3
11,12,13,0.557131355225572,0.0,0.9765424728393555,3
11,13,13,0.557131355225572,0.0,0.9765424728393555,3
11,14,13,0.557131355225572,0.0,0.9765424728393555,3
11,15,13,0.557131355225572,0.0,0.9765424728393555,3
11,16,13,0.557131355225572,0.0,0.9765424728393555,3
11,17,13,0.557131355225572,0.0,0.9765424728393555,3
11,18,13,0.557131355225572,0.0,0.9765424728393555,3
11,19,13,0.557131355225572,0.0,0.9765424728393555,3
11,20,13,0.557131355225572,0.0,0.9765424728393555,3
11,21,13,0.4874637903073013,0.25333333333333335,0.917275071144104,2
11,22,13,0.5212589729431253,0.26666666666666666,0.9429502487182617,2
11,23,13,0.4874637903073013,0.25333333333333335,0.917275071144104,2
11,24,13,0.0,1.0,,0
11,25,13,0.0,1.0,,0
11,1,14,0.557131355225572,0.0,0.9765424728393555,3
11,2,14,0.557131355225572,0.0,0.9765424728393555,3
11,3,14,0.557131355225572,0.0,0.9765424728393555,3
11,4,14,0.557131355225572,0.0,0.9765424728393555,3
11,5,14,0.557131355225572,0.0,0.9765424728393555,3
11,6,14,0.557131355225572,0.0,0.9765424728393555,3
11,7,14,0.557131355225572,0.0,0.9765424728393555,3
11,8,14,0.557131355225572,0.0,0.9765424728393555,3
11,9,14,0.557131355225572,0.0,0.9765424728393555,3
11,10,14,0.557131355225572,0.0,0.9765424728393555,3
11,11,14,0.557131355225572,0.0,0.9765424728393555,3
11,12,14,0.557131355225572,0.0,0.9765424728393555,3
11,13,14,0.557131355225572,0.0,0.9765424728393555,3
11,14,14,0.557131355225572,0.0,0.9765424728393555,3
11,15,14,0.557131355225572,0.0,0.9765424728393555,3
11,16,14,0.557131355225572,0.0,0.9765424728393555,3
11,17,14,0.557131355225572,0.0,0.9765424728393555,3
11,18,14,0.557131355225572,0.0,0.9765424728393555,3
11,19,14,0.557131355225572,0.0,0.9765424728393555,3
11,20,14,0.557131355225572,0.0,0.9765424728393555,3
11,21,14,0.4874637903073013,0.25333333333333335,0.917275071144104,2
11,22,14,0.5212589729431253,0.26666666666666666,0.9429502487182617,2
11,23,14,0.4874637903073013,0.25333333333333335,0.917275071144104,2
11,24,14,0.0,1.0,,0
11,25,14,0.0,1.0,,0
11,1,15,0.557131355225572,0.0,0.9765424728393555,3
11,2,15,0.557131355225572,0.0,0.9765424728393555,3
11,3,15,0.557131355225572,0.0,0.9765424728393555,3
11,4,15,0.557131355225572,0.0,0.9765424728393555,3
11,5,15,0.557131355225572,0.0,0.9765424728393555,3
11,6,15,0.557131355225572,0.0,0.9765424728393555,3
11,7,15,0.557131355225572,0.0,0.9765424728393555,3
11,8,15,0.557131355225572,0.0,0.9765424728393555,3
11,9,15,0.557131355225572,0.0,0.9765424728393555,3
11,10,15,0.557131355225572,0.0,0.9765424728393555,3
11,11,15,0.557131355225572,0.0,0.9765424728393555,3
11,12,15,0.557131355225572,0.0,0.9765424728393555,3
11,13,15,0.557131355225572,0.0,0.9765424728393555,3
11,14,15,0.557131355225572,0.0,0.9765424728393555,3
11,15,15,0.557131355225572,0.0,0.9765424728393555,3
11,16,15,0.557131355225572,0.0,0.9765424728393555,3
11,17,15,0.557131355225572,0.0,0.9765424728393555,3
11,18,15,0.557131355225572,0.0,0.9765424728393555,3
11,19,15,0.557131355225572,0.0,0.9765424728393555,3
11,20,15,0.557131355225572,0.0,0.9765424728393555,3
11,21,15,0.4874637903073013,0.25333333333333335,0.917275071144104,2
11,22,15,0.5212589729431253,0.26666666666666666,0.9429502487182617,2
11,23,15,0.4874637903073013,0.25333333333333335,0.917275071144104,2
11,24,15,0.0,1.0,,0
11,25,15,0.0,1.0,,0
11,1,16,0.557131355225572,0.0,0.9765424728393555,3
11,2,16,0.557131355225572,0.0,0.9765424728393555,3
11,3,16,0.557131355225572,0.0,0.9765424728393555,3
11,4,16,0.557131355225572,0.0,0.9765424728393555,3
11,5,16,0.557131355225572,0.0,0.9765424728393555,3
11,6,16,0.557131355225572,0.0,0.9765424728393555,3
11,7,16,0.557131355225572,0.0,0.9765424728393555,3
11,8,16,0.557131355225572,0.0,0.9765424728393555,3
11,9,16,0.557131355225572,0.0,0.9765424728393555,3
11,10,16,0.557131355225572,0.0,0.9765424728393555,3
11,11,16,0.557131355225572,0.0,0.9765424728393555,3
11,12,16,0.557131355225572,0.0,0.9765424728393555,3
11,13,16,0.557131355225572,0.0,0.9765424728393555,3
11,14,16,0.557131355225572,0.0,0.9765424728393555,3
11,15,16,0.557131355225572,0.0,0.9765424728393555,3
11,16,16,0.557131355225572,0.0,0.9765424728393555,3
11,17,16,0.557131355225572,0.0,0.9765424728393555,3
11,18,16,0.557131355225572,0.0,0.9765424728393555,3
11,19,16,0.557131355225572,0.0,0.9765424728393555,3
11,20,16,0.557131355225572,0.0,0.9765424728393555,3
11,21,16,0.4874637903073013,0.25333333333333335,0.917275071144104,2
11,22,16,0.5212589729431253,0.26666666666666666,0.9429502487182617,2
11,23,16,0.4874637903073013,0.25333333333333335,0.917275071144104,2
11,24,16,0.0,1.0,,0
11,25,16,0.0,1.0,,0
11,1,17,0.557131355225572,0.0,0.9765424728393555,3
11,2,17,0.557131355225572,0.0,0.9765424728393555,3
11,3,17,0.557131355225572,0.0,0.9765424728393555,3
11,4,17,0.557131355225572,0.0,0.9765424728393555,3
11,5,17,0.557131355225572,0.0,0.9765424728393555,3
11,6,17,0.557131355225572,0.0,0.9765424728393555,3
11,7,17,0.557131355225572,0.0,0.9765424728393555,3
11,8,17,0.557131355225572,0.0,0.9765424728393555,3
11,9,17,0.557131355225572,0.0,0.9765424728393555,3
11,10,17,0.557131355225572,0.0,0.9765424728393555,3
11,11,17,0.557131355225572,0.0,0.9765424728393555,3
11,12,17,0.557131355225572,0.0,0.9765424728393555,3
11,13,17,0.557131355225572,0.0,0.9765424728393555,3
11,14,17,0.557131355225572,0.0,0.9765424728393555,3
11,15,17,0.557131355225572,0.0,0.9765424728393555,3
11,16,17,0.557131355225572,0.0,0.9765424728393555,3
11,17,17,0.557131355225572,0.0,0.9765424728393555,3
11,18,17,0.557131355225572,0.0,0.9765424728393555,3
11,19,17,0.557131355225572,0.0,0.9765424728393555,3
11,20,17,0.557131355225572,0.0,0.9765424728393555,3
11,21,17,0.4874637903073013,0.25333333333333335,0.917275071144104,2
11,22,17,0.5212589729431253,0.26666666666666666,0.9429502487182617,2
11,23,17,0.4874637903073013,0.25333333333333335,0.917275071144104,2
11,24,17,0.0,1.0,,0
11,25,17,0.0,1.0,,0
11,1,18,0.557131355225572,0.0,0.9765424728393555,3
11,2,18,0.557131355225572,0.0,0.9765424728393555,3
11,3,18,0.557131355225572,0.0,0.9765424728393555,3
11,4,18,0.557131355225572,0.0,0.9765424728393555,3
11,5,18,0.557131355225572,0.0,0.9765424728393555,3
11,6,18,0.557131355225572,0.0,0.9765424728393555,3
11,7,18,0.557131355225572,0.0,0.9765424728393555,3
11,8,18,0.557131355225572,0.0,0.9765424728393555,3
11,9,18,0.557131355225572,0.0,0.9765424728393555,3
11,10,18,0.557131355225572,0.0,0.9765424728393555,3
11,11,18,0.557131355225572,0.0,0.9765424728393555,3
11,12,18,0.557131355225572,0.0,0.9765424728393555,3
11,13,18,0.557131355225572,0.0,0.9765424728393555,3
11,14,18,0.557131355225572,0.0,0.9765424728393555,3
11,15,18,0.557131355225572,0.0,0.9765424728393555,3
11,16,18,0.557131355225572,0.0,0.9765424728393555,3
11,17,18,0.557131355225572,0.0,0.9765424728393555,3
11,18,18,0.557131355225572,0.0,0.9765424728393555,3
11,19,18,0.557131355225572,0.0,0.9765424728393555,3
11,20,18,0.557131355225572,0.0,0.9765424728393555,3
11,21,18,0.4874637903073013,0.25333333333333335,0.917275071144104,2
11,22,18,0.5212589729431253,0.26666666666666666,0.9429502487182617,2
11,23,18,0.4874637903073013,0.25333333333333335,0.917275071144104,2
11,24,18,0.0,1.0,,0
11,25,18,0.0,1.0,,0
11,1,19,0.557131355225572,0.0,0.9765424728393555,3
11,2,19,0.557131355225572,0.0,0.9765424728393555,3
11,3,19,0.557131355225572,0.0,0.9765424728393555,3
11,4,19,0.557131355225572,0.0,0.9765424728393555,3
11,5,19,0.557131355225572,0.0,0.9765424728393555,3
11,6,19,0.557131355225572,0.0,0.9765424728393555,3
11,7,19,0.557131355225572,0.0,0.9765424728393555,3
11,8,19,0.557131355225572,0.0,0.9765424728393555,3
11,9,19,0.557131355225572,0.0,0.9765424728393555,3
11,10,19,0.557131355225572,0.0,0.9765424728393555,3
11,11,19,0.557131355225572,0.0,0.9765424728393555,3
11,12,19,0.557131355225572,0.0,0.9765424728393555,3
11,13,19,0.557131355225572,0.0,0.9765424728393555,3
11,14,19,0.557131355225572,0.0,0.9765424728393555,3
11,15,19,0.557131355225572,0.0,0.9765424728393555,3
11,16,19,0.557131355225572,0.0,0.9765424728393555,3
11,17,19,0.557131355225572,0.0,0.9765424728393555,3
11,18,19,0.557131355225572,0.0,0.9765424728393555,3
11,19,19,0.557131355225572,0.0,0.9765424728393555,3
11,20,19,0.557131355225572,0.0,0.9765424728393555,3
11,21,19,0.4874637903073013,0.25333333333333335,0.917275071144104,2
11,22,19,0.5212589729431253,0.26666666666666666,0.9429502487182617,2
11,23,19,0.4874637903073013,0.25333333333333335,0.917275071144104,2
11,24,19,0.0,1.0,,0
11,25,19,0.0,1.0,,0
11,1,20,0.557131355225572,0.0,0.9765424728393555,3
11,2,20,0.557131355225572,0.0,0.9765424728393555,3
11,3,20,0.557131355225572,0.0,0.9765424728393555,3
11,4,20,0.557131355225572,0.0,0.9765424728393555,3
11,5,20,0.557131355225572,0.0,0.9765424728393555,3
11,6,20,0.557131355225572,0.0,0.9765424728393555,3
11,7,20,0.557131355225572,0.0,0.9765424728393555,3
11,8,20,0.557131355225572,0.0,0.9765424728393555,3
11,9,20,0.557131355225572,0.0,0.9765424728393555,3
11,10,20,0.557131355225572,0.0,0.9765424728393555,3
11,11,20,0.557131355225572,0.0,0.9765424728393555,3
11,12,20,0.557131355225572,0.0,0.9765424728393555,3
11,13,20,0.557131355225572,0.0,0.9765424728393555,3
11,14,20,0.557131355225572,0.0,0.9765424728393555,3
11,15,20,0.557131355225572,0.0,0.9765424728393555,3
11,16,20,0.557131355225572,0.0,0.9765424728393555,3
11,17,20,0.557131355225572,0.0,0.9765424728393555,3
11,18,20,0.557131355225572,0.0,0.9765424728393555,3
11,19,20,0.557131355225572,0.0,0.9765424728393555,3
11,20,20,0.557131355225572,0.0,0.9765424728393555,3
11,21,20,0.4874637903073013,0.25333333333333335,0.917275071144104,2
11,22,20,0.5212589729431253,0.26666666666666666,0.9429502487182617,2
11,23,20,0.4874637903073013,0.25333333333333335,0.917275071144104,2
11,24,20,0.0,1.0,,0
11,25,20,0.0,1.0,,0
11,1,21,0.557131355225572,0.0,0.9765424728393555,3
11,2,21,0.557131355225572,0.0,0.9765424728393555,3
11,3,21,0.557131355225572,0.0,0.9765424728393555,3
11,4,21,0.557131355225572,0.0,0.9765424728393555,3
11,5,21,0.557131355225572,0.0,0.9765424728393555,3
11,6,21,0.557131355225572,0.0,0.9765424728393555,3
11,7,21,0.557131355225572,0.0,0.9765424728393555,3
11,8,21,0.557131355225572,0.0,0.9765424728393555,3
11,9,21,0.557131355225572,0.0,0.9765424728393555,3
11,10,21,0.557131355225572,0.0,0.9765424728393555,3
11,11,21,0.557131355225572,0.0,0.9765424728393555,3
11,12,21,0.557131355225572,0.0,0.9765424728393555,3
11,13,21,0.557131355225572,0.0,0.9765424728393555,3
11,14,21,0.557131355225572,0.0,0.9765424728393555,3
11,15,21,0.557131355225572,0.0,0.9765424728393555,3
11,16,21,0.557131355225572,0.0,0.9765424728393555,3
11,17,21,0.557131355225572,0.0,0.9765424728393555,3
11,18,21,0.557131355225572,0.0,0.9765424728393555,3
11,19,21,0.557131355225572,0.0,0.9765424728393555,3
11,20,21,0.557131355225572,0.0,0.9765424728393555,3
11,21,21,0.4874637903073013,0.25333333333333335,0.917275071144104,2
11,22,21,0.5212589729431253,0.26666666666666666,0.9429502487182617,2
11,23,21,0.4874637903073013,0.25333333333333335,0.917275071144104,2
11,24,21,0.0,1.0,,0
11,25,21,0.0,1.0,,0
11,1,22,0.557131355225572,0.28,0.9737618565559387,2
11,2,22,0.2596861868229307,0.0,0.7337177991867065,2
11,3,22,0.557131355225572,0.28,0.9737618565559387,2
11,4,22,0.557131355225572,0.28,0.9737618565559387,2
11,5,22,0.557131355225572,0.28,0.9737618565559387,2
11,6,22,0.557131355225572,0.28,0.9737618565559387,2
11,7,22,0.557131355225572,0.28,0.9737618565559387,2
11,8,22,0.557131355225572,0.28,0.9737618565559387,2
11,9,22,0.557131355225572,0.28,0.9737618565559387,2
11,10,22,0.557131355225572,0.28,0.9737618565559387,2
11,11,22,0.557131355225572,0.28,0.9737618565559387,2
11,12,22,0.557131355225572,0.28,0.9737618565559387,2
11,13,22,0.557131355225572,0.28,0.9737618565559387,2
11,14,22,0.557131355225572,0.28,0.9737618565559387,2
11,15,22,0.557131355225572,0.28,0.9737618565559387,2
11,16,22,0.557131355225572,0.28,0.9737618565559387,2
11,17,22,0.557131355225572,0.28,0.9737618565559387,2
11,18,22,0.557131355225572,0.28,0.9737618565559387,2
11,19,22,0.557131355225572,0.28,0.9737618565559387,2
11,20,22,0.557131355225572,0.28,0.9737618565559387,2
11,21,22,0.4874637903073013,0.25333333333333335,0.917275071144104,2
11,22,22,0.5212589729431253,0.26666666666666666,0.9429502487182617,2
11,23,22,0.4874637903073013,0.25333333333333335,0.917275071144104,2
11,24,22,0.0,1.0,,0
11,25,22,0.0,1.0,,0
11,1,23,0.557131355225572,0.28,0.9737618565559387,2
11,2,23,0.2596861868229307,0.0,0.7337177991867065,2
11,3,23,0.557131355225572,0.28,0.9737618565559387,2
11,4,23,0.557131355225572,0.28,0.9737618565559387,2
11,5,23,0.557131355225572,0.28,0.9737618565559387,2
11,6,23,0.557131355225572,0.28,0.9737618565559387,2
11,7,23,0.557131355225572,0.28,0.9737618565559387,2
11,8,23,0.557131355225572,0.28,0.9737618565559387,2
11,9,23,0.557131355225572,0.28,0.9737618565559387,2
11,10,23,0.557131355225572,0.28,0.9737618565559387,2
11,11,23,0.557131355225572,0.28,0.9737618565559387,2
11,12,23,0.557131355225572,0.28,0.9737618565559387,2
11,13,23,0.557131355225572,0.28,0.9737618565559387,2
11,14,23,0.557131355225572,0.28,0.9737618565559387,2
11,15,23,0.557131355225572,0.28,0.9737618565559387,2
11,16,23,0.557131355225572,0.28,0.9737618565559387,2
11,17,23,0.557131355225572,0.28,0.9737618565559387,2
11,18,23,0.557131355225572,0.28,0.9737618565559387,2
11,19,23,0.557131355225572,0.28,0.9737618565559387,2
11,20,23,0.557131355225572,0.28,0.9737618565559387,2
11,21,23,0.4874637903073013,0.25333333333333335,0.917275071144104,2
11,22,23,0.5212589729431253,0.26666666666666666,0.9429502487182617,2
11,23,23,0.4874637903073013,0.25333333333333335,0.917275071144104,2
11,24,23,0.0,1.0,,0
11,25,23,0.0,1.0,,0
11,1,24,0.557131355225572,0.28,0.9737618565559387,2
11,2,24,0.2596861868229307,0.0,0.7337177991867065,2
11,3,24,0.557131355225572,0.28,0.9737618565559387,2
11,4,24,0.557131355225572,0.28,0.9737618565559387,2
11,5,24,0.557131355225572,0.28,0.9737618565559387,2
11,6,24,0.557131355225572,0.28,0.9737618565559387,2
11,7,24,0.557131355225572,0.28,0.9737618565559387,2
11,8,24,0.557131355225572,0.28,0.9737618565559387,2
11,9,24,0.557131355225572,0.28,0.9737618565559387,2
11,10,24,0.557131355225572,0.28,0.9737618565559387,2
11,11,24,0.557131355225572,0.28,0.9737618565559387,2
11,12,24,0.557131355225572,0.28,0.9737618565559387,2
11,13,24,0.557131355225572,0.28,0.9737618565559387,2
11,14,24,0.557131355225572,0.28,0.9737618565559387,2
11,15,24,0.557131355225572,0.28,0.9737618565559387,2
11,16,24,0.557131355225572,0.28,0.9737618565559387,2
11,17,24,0.557131355225572,0.28,0.9737618565559387,2
11,18,24,0.557131355225572,0.28,0.9737618565559387,2
11,19,24,0.557131355225572,0.28,0.9737618565559387,2
11,20,24,0.557131355225572,0.28,0.9737618565559387,2
11,21,24,0.4874637903073013,0.25333333333333335,0.917275071144104,2
11,22,24,0.5212589729431253,0.26666666666666666,0.9429502487182617,2
11,23,24,0.4874637903073013,0.25333333333333335,0.917275071144104,2
11,24,24,0.0,1.0,,0
11,25,24,0.0,1.0,,0
11,1,25,0.0,1.0,,0
11,2,25,0.2596861868229307,0.0,0.7337177991867065,2
11,3,25,0.0,1.0,,0
11,4,25,0.0,1.0,,0
11,5,25,0.0,1.0,,0
11,6,25,0.0,1.0,,0
11,7,25,0.0,1.0,,0
11,8,25,0.0,1.0,,0
11,9,25,0.0,1.0,,0
11,10,25,0.0,1.0,,0
11,11,25,0.0,1.0,,0
11,12,25,0.0,1.0,,0
11,13,25,0.0,1.0,,0
11,14,25,0.0,1.0,,0
11,15,25,0.0,1.0,,0
11,16,25,0.0,1.0,,0
11,17,25,0.0,1.0,,0
11,18,25,0.0,1.0,,0
11,19,25,0.0,1.0,,0
11,20,25,0.0,1.0,,0
11,21,25,0.4874637903073013,0.25333333333333335,0.917275071144104,2
11,22,25,0.5212589729431253,0.26666666666666666,0.9429502487182617,2
11,23,25,0.4874637903073013,0.25333333333333335,0.917275071144104,2
11,24,25,0.0,1.0,,0
11,25,25,0.0,1.0,,0
12,1,2,0.7310198765584439,0.0,0.719944179058075,6
12,2,2,0.7269572165885977,0.013333333333333334,0.6802432537078857,6
12,3,2,0.6178167402807903,0.013333333333333334,0.7147701382637024,6
12,4,2,0.43547699112306487,0.0,0.9530876874923706,4
12,5,2,0.557131355225572,0.0,0.968329668045044,3
12,6,2,0.557131355225572,0.0,0.968329668045044,3
12,7,2,0.557131355225572,0.0,0.968329668045044,3
12,8,2,0.557131355225572,0.0,0.968329668045044,3
12,9,2,0.557131355225572,0.0,0.968329668045044,3
12,10,2,0.557131355225572,0.0,0.968329668045044,3
12,11,2,0.557131355225572,0.0,0.968329668045044,3
12,12,2,0.557131355225572,0.0,0.968329668045044,3
12,13,2,0.557131355225572,0.0,0.968329668045044,3
12,14,2,0.557131355225572,0.0,0.968329668045044,3
12,15,2,0.557131355225572,0.0,0.968329668045044,3
12,16,2,0.557131355225572,0.0,0.968329668045044,3
12,17,2,0.557131355225572,0.0,0.968329668045044,3
12,18,2,0.557131355225572,0.0,0.968329668045044,3
12,19,2,0.557131355225572,0.0,0.968329668045044,3
12,20,2,0.557131355225572,0.0,0.968329668045044,3
12,21,2,0.3260790436266872,0.18666666666666668,0.7902462482452393,2
12,22,2,0.41110821759089167,0.22666666666666666,0.8457393050193787,2
12,23,2,0.4795549182624055,0.25333333333333335,0.89825439453125,2
12,24,2,0.0,1.0,,0
12,25,2,0.0,1.0,,0
12,1,3,0.7310198765584439,0.0,0.719944179058075,6
12,2,3,0.7269572165885977,0.013333333333333334,0.6802432537078857,6
12,3,3,0.6178167402807903,0.013333333333333334,0.7147701382637024,6
12,4,3,0.5286821586438887,0.02666666666666667,0.8214587569236755,5
12,5,3,0.557131355225572,0.0,0.968329668045044,3
12,6,3,0.557131355225572,0.0,0.968329668045044,3
12,7,3,0.557131355225572,0.0,0.968329668045044,3
12,8,3,0.557131355225572,0.0,0.968329668045044,3
12,9,3,0.557131355225572,0.0,0.968329668045044,3
12,10,3,0.557131355225572,0.0,0.968329668045044,3
12,11,3,0.557131355225572,0.0,0.968329668045044,3
12,12,3,0.557131355225572,0.0,0.968329668045044,3
12,13,3,0.557131355225572,0.0,0.968329668045044,3
12,14,3,0.557131355225572,0.0,0.968329668045044,3
12,15,3,0.557131355225572,0.0,0.968329668045044,3
12,16,3,0.557131355225572,0.0,0.968329668045044,3
12,17,3,0.557131355225572,0.0,0.968329668045044,3
12,18,3,0.557131355225572,0.0,0.968329668045044,3
12,19,3,0.557131355225572,0.0,0.968329668045044,3
12,20,3,0.557131355225572,0.0,0.968329668045044,3
12,21,3,0.3260790436266872,0.18666666666666668,0.7902462482452393,2
12,22,3,0.41110821759089167,0.22666666666666666,0.8457393050193787,2
12,23,3,0.4795549182624055,0.25333333333333335,0.89825439453125,2
12,24,3,0.0,1.0,,0
12,25,3,0.0,1.0,,0
12,1,4,0.7310198765584439,0.0,0.719944179058075,6
12,2,4,0.7269572165885977,0.013333333333333334,0.6802432537078857,6
12,3,4,0.6178167402807903,0.013333333333333334,0.7147701382637024,6
12,4,4,0.5286821586438887,0.02666666666666667,0.8214587569236755,5
12,5,4,0.557131355225572,0.0,0.968329668045044,3
12,6,4,0.557131355225572,0.0,0.968329668045044,3
12,7,4,0.557131355225572,0.0,0.968329668045044,3
12,8,4,0.557131355225572,0.0,0.968329668045044,3
12,9,4,0.557131355225572,0.0,0.968329668045044,3
12,10,4,0.557131355225572,0.0,0.968329668045044,3
12,11,4,0.557131355225572,0.0,0.968329668045044,3
12,12,4,0.557131355225572,0.0,0.968329668045044,3
12,13,4,0.557131355225572,0.0,0.968329668045044,3
12,14,4,0.557131355225572,0.0,0.968329668045044,3
12,15,4,0.557131355225572,0.0,0.968329668045044,3
12,16,4,0.557131355225572,0.0,0.968329668045044,3
12,17,4,0.557131355225572,0.0,0.968329668045044,3
12,18,4,0.557131355225572,0.0,0.968329668045044,3
12,19,4,0.557131355225572,0.0,0.968329668045044,3
12,20,4,0.557131355225572,0.0,0.968329668045044,3
12,21,4,0.3260790436266872,0.18666666666666668,0.7902462482452393,2
12,22,4,0.41110821759089167,0.22666666666666666,0.8457393050193787,2
12,23,4,0.4795549182624055,0.25333333333333335,0.89825439453125,2
12,24,4,0.0,1.0,,0
12,25,4,0.0,1.0,,0
12,1,5,0.7511600705157325,0.0,0.702744722366333,5
12,2,5,0.6451186417089974,0.0,0.784201979637146,4
12,3,5,0.6178167402807903,0.013333333333333334,0.7147701382637024,6
12,4,5,0.5286821586438887,0.02666666666666667,0.8214587569236755,5
12,5,5,0.557131355225572,0.0,0.968329668045044,3
12,6,5,0.557131355225572,0.0,0.968329668045044,3
12,7,5,0.557131355225572,0.0,0.968329668045044,3
12,8,5,0.557131355225572,0.0,0.968329668045044,3
12,9,5,0.557131355225572,0.0,0.968329668045044,3
12,10,5,0.557131355225572,0.0,0.968329668045044,3
12,11,5,0.557131355225572,0.0,0.968329668045044,3
12,12,5,0.557131355225572,0.0,0.968329668045044,3
12,13,5,0.557131355225572,0.0,0.968329668045044,3
12,14,5,0.557131355225572,0.0,0.968329668045044,3
12,15,5,0.557131355225572,0.0,0.968329668045044,3
12,16,5,0.557131355225572,0.0,0.968329668045044,3
12,17,5,0.557131355225572,0.0,0.968329668045044,3
12,18,5,0.557131355225572,0.0,0.968329668045044,3
12,19,5,0.557131355225572,0.0,0.968329668045044,3
12,20,5,0.557131355225572,0.0,0.968329668045044,3
12,21,5,0.3260790436266872,0.18666666666666668,0.7902462482452393,2
12,22,5,0.41110821759089167,0.22666666666666666,0.8457393050193787,2
12,23,5,0.4795549182624055,0.25333333333333335,0.89825439453125,2
12,24,5,0.0,1.0,,0
12,25,5,0.0,1.0,,0
12,1,6,0.7511600705157325,0.0,0.702744722366333,5
12,2,6,0.6451186417089974,0.0,0.784201979637146,4
12,3,6,0.6178167402807903,0.013333333333333334,0.7147701382637024,6
12,4,6,0.43547699112306487,0.0,0.9530876874923706,4
12,5,6,0.557131355225572,0.0,0.968329668045044,3
12,6,6,0.557131355225572,0.0,0.968329668045044,3
12,7,6,0.557131355225572,0.0,0.968329668045044,3
12,8,6,0.557131355225572,0.0,0.968329668045044,3
12,9,6,0.557131355225572,0.0,0.968329668045044,3
12,10,6,0.557131355225572,0.0,0.968329668045044,3
12,11,6,0.557131355225572,0.0,0.968329668045044,3
12,12,6,0.557131355225572,0.0,0.968329668045044,3
12,13,6,0.557131355225572,0.0,0.968329668045044,3
12,14,6,0.557131355225572,0.0,0.968329668045044,3
12,15,6,0.557131355225572,0.0,0.968329668045044,3
12,16,6,0.557131355225572,0.0,0.968329668045044,3
12,17,6,0.557131355225572,0.0,0.968329668045044,3
12,18,6,0.557131355225572,0.0,0.968329668045044,3
12,19,6,0.557131355225572,0.0,0.968329668045044,3
12,20,6,0.557131355225572,0.0,0.968329668045044,3
12,21,6,0.3260790436266872,0.18666666666666668,0.7902462482452393,2
12,22,6,0.41110821759089167,0.22666666666666666,0.8457393050193787,2
12,23,6,0.4795549182624055,0.25333333333333335,0.89825439453125,2
12,24,6,0.0,1.0,,0
12,25,6,0.0,1.0,,0
12,1,7,0.7511600705157325,0.08,0.7288111448287964,4
12,2,7,0.557131355225572,0.0,0.968329668045044,3
12,3,7,0.5325574325502893,0.0,0.6665831208229065,5
12,4,7,0.43547699112306487,0.0,0.9530876874923706,4
12,5,7,0.557131355225572,0.0,0.968329668045044,3
12,6,7,0.557131355225572,0.0,0.968329668045044,3
12,7,7,0.557131355225572,0.0,0.968329668045044,3
12,8,7,0.557131355225572,0.0,0.968329668045044,3
12,9,7,0.557131355225572,0.0,0.968329668045044,3
12,10,7,0.557131355225572,0.0,0.968329668045044,3
12,11,7,0.557131355225572,0.0,0.968329668045044,3
12,12,7,0.557131355225572,0.0,0.968329668045044,3
12,13,7,0.557131355225572,0.0,0.968329668045044,3
12,14,7,0.557131355225572,0.0,0.968329668045044,3
12,15,7,0.557131355225572,0.0,0.968329668045044,3
12,16,7,0.557131355225572,0.0,0.968329668045044,3
12,17,7,0.557131355225572,0.0,0.968329668045044,3
12,18,7,0.557131355225572,0.0,0.968329668045044,3
12,19,7,0.557131355225572,0.0,0.968329668045044,3
12,20,7,0.557131355225572,0.0,0.968329668045044,3
12,21,7,0.3260790436266872,0.18666666666666668,0.7902462482452393,2
12,22,7,0.41110821759089167,0.22666666666666666,0.8457393050193787,2
12,23,7,0.4795549182624055,0.25333333333333335,0.89825439453125,2
12,24,7,0.0,1.0,,0
12,25,7,0.0,1.0,,0
12,1,8,0.7511600705157325,0.08,0.7288111448287964,4
12,2,8,0.557131355225572,0.0,0.968329668045044,3
12,3,8,0.5325574325502893,0.0,0.6665831208229065,5
12,4,8,0.43547699112306487,0.0,0.9530876874923706,4
12,5,8,0.557131355225572,0.0,0.968329668045044,3
12,6,8,0.557131355225572,0.0,0.968329668045044,3
12,7,8,0.557131355225572,0.0,0.968329668045044,3
12,8,8,0.557131355225572,0.0,0.968329668045044,3
12,9,8,0.557131355225572,0.0,0.968329668045044,3
12,10,8,0.557131355225572,0.0,0.968329668045044,3
12,11,8,0.557131355225572,0.0,0.968329668045044,3
12,12,8,0.557131355225572,0.0,0.968329668045044,3
12,13,8,0.557131355225572,0.0,0.968329668045044,3
12,14,8,0.557131355225572,0.0,0.968329668045044,3
12,15,8,0.557131355225572,0.0,0.968329668045044,3
12,16,8,0.557131355225572,0.0,0.968329668045044,3
12,17,8,0.557131355225572,0.0,0.968329668045044,3
12,18,8,0.557131355225572,0.0,0.968329668045044,3
12,19,8,0.557131355225572,0.0,0.968329668045044,3
12,20,8,0.557131355225572,0.0,0.968329668045044,3
12,21,8,0.3260790436266872,0.18666666666666668,0.7902462482452393,2
12,22,8,0.41110821759089167,0.22666666666666666,0.8457393050193787,2
12,23,8,0.4795549182624055,0.25333333333333335,0.89825439453125,2
12,24,8,0.0,1.0,,0
12,25,8,0.0,1.0,,0
12,1,9,0.7511600705157325,0.08,0.7288111448287964,4
12,2,9,0.557131355225572,0.0,0.968329668045044,3
12,3,9,0.43547699112306487,0.0,0.9530876874923706,4
12,4,9,0.43547699112306487,0.0,0.9530876874923706,4
12,5,9,0.557131355225572,0.0,0.968329668045044,3
12,6,9,0.557131355225572,0.0,0.968329668045044,3
12,7,9,0.557131355225572,0.0,0.968329668045044,3
12,8,9,0.557131355225572,0.0,0.968329668045044,3
12,9,9,0.557131355225572,0.0,0.968329668045044,3
12,10,9,0.557131355225572,0.0,0.968329668045044,3
12,11,9,0.557131355225572,0.0,0.968329668045044,3
12,12,9,0.557131355225572,0.0,0.968329668045044,3
12,13,9,0.557131355225572,0.0,0.968329668045044,3
12,14,9,0.557131355225572,0.0,0.968329668045044,3
12,15,9,0.557131355225572,0.0,0.968329668045044,3
12,16,9,0.557131355225572,0.0,0.968329668045044,3
12,17,9,0.557131355225572,0.0,0.968329668045044,3
12,18,9,0.557131355225572,0.0,0.968329668045044,3
12,19,9,0.557131355225572,0.0,0.968329668045044,3
12,20,9,0.557131355225572,0.0,0.968329668045044,3
12,21,9,0.3260790436266872,0.18666666666666668,0.7902462482452393,2
12,22,9,0.41110821759089167,0.22666666666666666,0.8457393050193787,2
12,23,9,0.4795549182624055,0.25333333333333335,0.89825439453125,2
12,24,9,0.0,1.0,,0
12,25,9,0.0,1.0,,0
12,1,10,0.557131355225572,0.0,0.968329668045044,3
12,2,10,0.557131355225572,0.0,0.968329668045044,3
12,3,10,0.557131355225572,0.0,0.968329668045044,3
12,4,10,0.557131355225572,0.0,0.968329668045044,3
12,5,10,0.557131355225572,0.0,0.968329668045044,3
12,6,10,0.557131355225572,0.0,0.968329668045044,3
12,7,10,0.557131355225572,0.0,0.968329668045044,3
12,8,10,0.557131355225572,0.0,0.968329668045044,3
12,9,10,0.557131355225572,0.0,0.968329668045044,3
12,10,10,0.557131355225572,0.0,0.968329668045044,3
12,11,10,0.557131355225572,0.0,0.968329668045044,3
12,12,10,0.557131355225572,0.0,0.968329668045044,3
12,13,10,0.557131355225572,0.0,0.968329668045044,3
12,14,10,0.557131355225572,0.0,0.968329668045044,3
12,15,10,0.557131355225572,0.0,0.968329668045044,3
12,16,10,0.557131355225572,0.0,0.968329668045044,3
12,17,10,0.557131355225572,0.0,0.968329668045044,3
12,18,10,0.557131355225572,0.0,0.968329668045044,3
12,19,10,0.557131355225572,0.0,0.968329668045044,3
12,20,10,0.557131355225572,0.0,0.968329668045044,3
12,21,10,0.3260790436266872,0.18666666666666668,0.7902462482452393,2
12,22,10,0.41110821759089167,0.22666666666666666,0.8457393050193787,2
12,23,10,0.4795549182624055,0.25333333333333335,0.89825439453125,2
12,24,10,0.0,1.0,,0
12,25,10,0.0,1.0,,0
12,1,11,0.557131355225572,0.0,0.968329668045044,3
12,2,11,0.557131355225572,0.0,0.968329668045044,3
12,3,11,0.557131355225572,0.0,0.968329668045044,3
12,4,11,0.557131355225572,0.0,0.968329668045044,3
12,5,11,0.557131355225572,0.0,0.968329668045044,3
12,6,11,0.557131355225572,0.0,0.968329668045044,3
12,7,11,0.557131355225572,0.0,0.968329668045044,3
12,8,11,0.557131355225572,0.0,0.968329668045044,3
12,9,11,0.557131355225572,0.0,0.968329668045044,3
12,10,11,0.557131355225572,0.0,0.968329668045044,3
12,11,11,0.557131355225572,0.0,0.968329668045044,3
12,12,11,0.557131355225572,0.0,0.968329668045044,3
12,13,11,0.557131355225572,0.0,0.968329668045044,3
12,14,11,0.557131355225572,0.0,0.968329668045044,3
12,15,11,0.557131355225572,0.0,0.968329668045044,3
12,16,11,0.557131355225572,0.0,0.968329668045044,3
12,17,11,0.557131355225572,0.0,0.968329668045044,3
12,18,11,0.557131355225572,0.0,0.968329668045044,3
12,19,11,0.557131355225572,0.0,0.968329668045044,3
12,20,11,0.557131355225572,0.0,0.968329668045044,3
12,21,11,0.3260790436266872,0.18666666666666668,0.7902462482452393,2
12,22,11,0.41110821759089167,0.22666666666666666,0.8457393050193787,2
12,23,11,0.4795549182624055,0.25333333333333335,0.89825439453125,2
12,24,11,0.0,1.0,,0
12,25,11,0.0,1.0,,0
12,1,12,0.557131355225572,0.0,0.968329668045044,3
12,2,12,0.557131355225572,0.0,0.968329668045044,3
12,3,12,0.557131355225572,0.0,0.968329668045044,3
12,4,12,0.557131355225572,0.0,0.968329668045044,3
12,5,12,0.557131355225572,0.0,0.968329668045044,3
12,6,12,0.557131355225572,0.0,0.968329668045044,3
12,7,12,0.557131355225572,0.0,0.968329668045044,3
12,8,12,0.557131355225572,0.0,0.968329668045044,3
12,9,12,0.557131355225572,0.0,0.968329668045044,3
12,10,12,0.557131355225572,0.0,0.968329668045044,3
12,11,12,0.557131355225572,0.0,0.968329668045044,3
12,12,12,0.557131355225572,0.0,0.968329668045044,3
12,13,12,0.557131355225572,0.0,0.968329668045044,3
12,14,12,0.557131355225572,0.0,0.968329668045044,3
12,15,12,0.557131355225572,0.0,0.968329668045044,3
12,16,12,0.557131355225572,0.0,0.968329668045044,3
12,17,12,0.557131355225572,0.0,0.968329668045044,3
12,18,12,0.557131355225572,0.0,0.968329668045044,3
12,19,12,0.557131355225572,0.0,0.968329668045044,3
12,20,12,0.557131355225572,0.0,0.968329668045044,3
12,21,12,0.3260790436266872,0.18666666666666668,0.7902462482452393,2
12,22,12,0.41110821759089167,0.22666666666666666,0.8457393050193787,2
12,23,12,0.4795549182624055,0.25333333333333335,0.89825439453125,2
12,24,12,0.0,1.0,,0
12,25,12,0.0,1.0,,0
12,1,13,0.557131355225572,0.0,0.968329668045044,3
12,2,13,0.557131355225572,0.0,0.968329668045044,3
12,3,13,0.557131355225572,0.0,0.968329668045044,3
12,4,13,0.557131355225572,0.0,0.968329668045044,3
12,5,13,0.557131355225572,0.0,0.968329668045044,3
12,6,13,0.557131355225572,0.0,0.968329668045044,3
12,7,13,0.557131355225572,0.0,0.968329668045044,3
12,8,13,0.557131355225572,0.0,0.968329668045044,3
12,9,13,0.557131355225572,0.0,0.968329668045044,3
12,10,13,0.557131355225572,0.0,0.968329668045044,3
12,11,13,0.557131355225572,0.0,0.968329668045044,3
12,12,13,0.557131355225572,0.0,0.968329668045044,3
12,13,13,0.557131355225572,0.0,0.968329668045044,3
12,14,13,0.557131355225572,0.0,0.968329668045044,3
12,15,13,0.557131355225572,0.0,0.968329668045044,3
12,16,13,0.557131355225572,0.0,0.968329668045044,3
12,17,13,0.557131355225572,0.0,0.968329668045044,3
12,18,13,0.557131355225572,0.0,0.968329668045044,3
12,19,13,0.557131355225572,0.0,0.968329668045044,3
12,20,13,0.557131355225572,0.0,0.968329668045044,3
12,21,13,0.3260790436266872,0.18666666666666668,0.7902462482452393,2
12,22,13,0.41110821759089167,0.22666666666666666,0.8457393050193787,2
12,23,13,0.4795549182624055,0.25333333333333335,0.89825439453125,2
12,24,13,0.0,1.0,,0
12,25,13,0.0,1.0,,0
12,1,14,0.557131355225572,0.0,0.968329668045044,3
12,2,14,0.557131355225572,0.0,0.968329668045044,3
12,3,14,0.557131355225572,0.0,0.968329668045044,3
12,4,14,0.557131355225572,0.0,0.968329668045044,3
12,5,14,0.557131355225572,0.0,0.968329668045044,3
12,6,14,0.557131355225572,0.0,0.968329668045044,3
12,7,14,0.557131355225572,0.0,0.968329668045044,3
12,8,14,0.557131355225572,0.0,0.968329668045044,3
12,9,14,0.557131355225572,0.0,0.968329668045044,3
12,10,14,0.557131355225572,0.0,0.968329668045044,3
12,11,14,0.557131355225572,0.0,0.968329668045044,3
12,12,14,0.557131355225572,0.0,0.968329668045044,3
12,13,14,0.557131355225572,0.0,0.968329668045044,3
12,14,14,0.557131355225572,0.0,0.968329668045044,3
12,15,14,0.557131355225572,0.0,0.968329668045044,3
12,16,14,0.557131355225572,0.0,0.968329668045044,3
12,17,14,0.557131355225572,0.0,0.968329668045044,3
12,18,14,0.557131355225572,0.0,0.968329668045044,3
12,19,14,0.557131355225572,0.0,0.968329668045044,3
12,20,14,0.557131355225572,0.0,0.968329668045044,3
12,21,14,0.3260790436266872,0.18666666666666668,0.7902462482452393,2
12,22,14,0.41110821759089167,0.22666666666666666,0.8457393050193787,2
12,23,14,0.4795549182624055,0.25333333333333335,0.89825439453125,2
12,24,14,0.0,1.0,,0
12,25,14,0.0,1.0,,0
12,1,15,0.557131355225572,0.0,0.968329668045044,3
12,2,15,0.557131355225572,0.0,0.968329668045044,3
12,3,15,0.557131355225572,0.0,0.968329668045044,3
12,4,15,0.557131355225572,0.0,0.968329668045044,3
12,5,15,0.557131355225572,0.0,0.968329668045044,3
12,6,15,0.557131355225572,0.0,0.968329668045044,3
12,7,15,0.557131355225572,0.0,0.968329668045044,3
12,8,15,0.557131355225572,0.0,0.968329668045044,3
12,9,15,0.557131355225572,0.0,0.968329668045044,3
12,10,15,0.557131355225572,0.0,0.968329668045044,3
12,11,15,0.557131355225572,0.0,0.968329668045044,3
12,12,15,0.557131355225572,0.0,0.968329668045044,3
12,13,15,0.557131355225572,0.0,0.968329668045044,3
12,14,15,0.557131355225572,0.0,0.968329668045044,3
12,15,15,0.557131355225572,0.0,0.968329668045044,3
12,16,15,0.557131355225572,0.0,0.968329668045044,3
12,17,15,0.557131355225572,0.0,0.968329668045044,3
12,18,15,0.557131355225572,0.0,0.968329668045044,3
12,19,15,0.557131355225572,0.0,0.968329668045044,3
12,20,15,0.557131355225572,0.0,0.968329668045044,3
12,21,15,0.3260790436266872,0.18666666666666668,0.7902462482452393,2
12,22,15,0.41110821759089167,0.22666666666666666,0.8457393050193787,2
12,23,15,0.4795549182624055,0.25333333333333335,0.89825439453125,2
12,24,15,0.0,1.0,,0
12,25,15,0.0,1.0,,0
12,1,16,0.557131355225572,0.0,0.968329668045044,3
12,2,16,0.557131355225572,0.0,0.968329668045044,3
12,3,16,0.557131355225572,0.0,0.968329668045044,3
12,4,16,0.557131355225572,0.0,0.968329668045044,3
12,5,16,0.557131355225572,0.0,0.968329668045044,3
12,6,16,0.557131355225572,0.0,0.968329668045044,3
12,7,16,0.557131355225572,0.0,0.968329668045044,3
12,8,16,0.557131355225572,0.0,0.968329668045044,3
12,9,16,0.557131355225572,0.0,0.968329668045044,3
12,10,16,0.557131355225572,0.0,0.968329668045044,3
12,11,16,0.557131355225572,0.0,0.968329668045044,3
12,12,16,0.557131355225572,0.0,0.968329668045044,3
12,13,16,0.557131355225572,0.0,0.968329668045044,3
12,14,16,0.557131355225572,0.0,0.968329668045044,3
12,15,16,0.557131355225572,0.0,0.968329668045044,3
12,16,16,0.557131355225572,0.0,0.968329668045044,3
12,17,16,0.557131355225572,0.0,0.968329668045044,3
12,18,16,0.557131355225572,0.0,0.968329668045044,3
12,19,16,0.557131355225572,0.0,0.968329668045044,3
12,20,16,0.557131355225572,0.0,0.968329668045044,3
12,21,16,0.3260790436266872,0.18666666666666668,0.7902462482452393,2
12,22,16,0.41110821759089167,0.22666666666666666,0.8457393050193787,2
12,23,16,0.4795549182624055,0.25333333333333335,0.89825439453125,2
12,24,16,0.0,1.0,,0
12,25,16,0.0,1.0,,0
12,1,17,0.557131355225572,0.0,0.968329668045044,3
12,2,17,0.557131355225572,0.0,0.968329668045044,3
12,3,17,0.557131355225572,0.0,0.968329668045044,3
12,4,17,0.557131355225572,0.0,0.968329668045044,3
12,5,17,0.557131355225572,0.0,0.968329668045044,3
12,6,17,0.557131355225572,0.0,0.968329668045044,3
12,7,17,0.557131355225572,0.0,0.968329668045044,3
12,8,17,0.557131355225572,0.0,0.968329668045044,3
12,9,17,0.557131355225572,0.0,0.968329668045044,3
12,10,17,0.557131355225572,0.0,0.968329668045044,3
12,11,17,0.557131355225572,0.0,0.968329668045044,3
12,12,17,0.557131355225572,0.0,0.968329668045044,3
12,13,17,0.557131355225572,0.0,0.968329668045044,3
12,14,17,0.557131355225572,0.0,0.968329668045044,3
12,15,17,0.557131355225572,0.0,0.968329668045044,3
12,16,17,0.557131355225572,0.0,0.968329668045044,3
12,17,17,0.557131355225572,0.0,0.968329668045044,3
12,18,17,0.557131355225572,0.0,0.968329668045044,3
12,19,17,0.557131355225572,0.0,0.968329668045044,3
12,20,17,0.557131355225572,0.0,0.968329668045044,3
12,21,17,0.3260790436266872,0.18666666666666668,0.7902462482452393,2
12,22,17,0.41110821759089167,0.22666666666666666,0.8457393050193787,2
12,23,17,0.4795549182624055,0.25333333333333335,0.89825439453125,2
12,24,17,0.0,1.0,,0
12,25,17,0.0,1.0,,0
12,1,18,0.557131355225572,0.0,0.968329668045044,3
12,2,18,0.557131355225572,0.0,0.968329668045044,3
12,3,18,0.557131355225572,0.0,0.968329668045044,3
12,4,18,0.557131355225572,0.0,0.968329668045044,3
12,5,18,0.557131355225572,0.0,0.968329668045044,3
12,6,18,0.557131355225572,0.0,0.968329668045044,3
12,7,18,0.557131355225572,0.0,0.968329668045044,3
12,8,18,0.557131355225572,0.0,0.968329668045044,3
12,9,18,0.557131355225572,0.0,0.968329668045044,3
12,10,18,0.557131355225572,0.0,0.968329668045044,3
12,11,18,0.557131355225572,0.0,0.968329668045044,3
12,12,18,0.557131355225572,0.0,0.968329668045044,3
12,13,18,0.557131355225572,0.0,0.968329668045044,3
12,14,18,0.557131355225572,0.0,0.968329668045044,3
12,15,18,0.557131355225572,0.0,0.968329668045044,3
12,16,18,0.557131355225572,0.0,0.968329668045044,3
12,17,18,0.557131355225572,0.0,0.968329668045044,3
12,18,18,0.557131355225572,0.0,0.968329668045044,3
12,19,18,0.557131355225572,0.0,0.968329668045044,3
12,20,18,0.557131355225572,0.0,0.968329668045044,3
12,21,18,0.3260790436266872,0.18666666666666668,0.7902462482452393,2
12,22,18,0.41110821759089167,0.22666666666666666,0.8457393050193787,2
12,23,18,0.4795549182624055,0.25333333333333335,0.89825439453125,2
12,24,18,0.0,1.0,,0
12,25,18,0.0,1.0,,0
12,1,19,0.557131355225572,0.0,0.968329668045044,3
12,2,19,0.557131355225572,0.0,0.968329668045044,3
12,3,19,0.557131355225572,0.0,0.968329668045044,3
12,4,19,0.557131355225572,0.0,0.968329668045044,3
12,5,19,0.557131355225572,0.0,0.968329668045044,3
12,6,19,0.557131355225572,0.0,0.968329668045044,3
12,7,19,0.557131355225572,0.0,0.968329668045044,3
12,8,19,0.557131355225572,0.0,0.968329668045044,3
12,9,19,0.557131355225572,0.0,0.968329668045044,3
12,10,19,0.557131355225572,0.0,0.968329668045044,3
12,11,19,0.557131355225572,0.0,0.968329668045044,3
12,12,19,0.557131355225572,0.0,0.968329668045044,3
12,13,19,0.557131355225572,0.0,0.968329668045044,3
12,14,19,0.557131355225572,0.0,0.968329668045044,3
12,15,19,0.557131355225572,0.0,0.968329668045044,3
12,16,19,0.557131355225572,0.0,0.968329668045044,3
12,17,19,0.557131355225572,0.0,0.968329668045044,3
12,18,19,0.557131355225572,0.0,0.968329668045044,3
12,19,19,0.557131355225572,0.0,0.968329668045044,3
12,20,19,0.557131355225572,0.0,0.968329668045044,3
12,21,19,0.3260790436266872,0.18666666666666668,0.7902462482452393,2
12,22,19,0.41110821759089167,0.22666666666666666,0.8457393050193787,2
12,23,19,0.4795549182624055,0.25333333333333335,0.89825439453125,2
12,24,19,0.0,1.0,,0
12,25,19,0.0,1.0,,0
12,1,20,0.557131355225572,0.0,0.968329668045044,3
12,2,20,0.557131355225572,0.0,0.968329668045044,3
12,3,20,0.557131355225572,0.0,0.968329668045044,3
12,4,20,0.557131355225572,0.0,0.968329668045044,3
12,5,20,0.557131355225572,0.0,0.968329668045044,3
12,6,20,0.557131355225572,0.0,0.968329668045044,3
12,7,20,0.557131355225572,0.0,0.968329668045044,3
12,8,20,0.557131355225572,0.0,0.968329668045044,3
12,9,20,0.557131355225572,0.0,0.968329668045044,3
12,10,20,0.557131355225572,0.0,0.968329668045044,3
12,11,20,0.557131355225572,0.0,0.968329668045044,3
12,12,20,0.557131355225572,0.0,0.968329668045044,3
12,13,20,0.557131355225572,0.0,0.968329668045044,3
12,14,20,0.557131355225572,0.0,0.968329668045044,3
12,15,20,0.557131355225572,0.0,0.968329668045044,3
12,16,20,0.557131355225572,0.0,0.968329668045044,3
12,17,20,0.557131355225572,0.0,0.968329668045044,3
12,18,20,0.557131355225572,0.0,0.968329668045044,3
12,19,20,0.557131355225572,0.0,0.968329668045044,3
12,20,20,0.557131355225572,0.0,0.968329668045044,3
12,21,20,0.3260790436266872,0.18666666666666668,0.7902462482452393,2
12,22,20,0.41110821759089167,0.22666666666666666,0.8457393050193787,2
12,23,20,0.4795549182624055,0.25333333333333335,0.89825439453125,2
12,24,20,0.0,1.0,,0
12,25,20,0.0,1.0,,0
12,1,21,0.557131355225572,0.0,0.968329668045044,3
12,2,21,0.557131355225572,0.0,0.968329668045044,3
12,3,21,0.557131355225572,0.0,0.968329668045044,3
12,4,21,0.557131355225572,0.0,0.968329668045044,3
12,5,21,0.557131355225572,0.0,0.968329668045044,3
12,6,21,0.557131355225572,0.0,0.968329668045044,3
12,7,21,0.557131355225572,0.0,0.968329668045044,3
12,8,21,0.557131355225572,0.0,0.968329668045044,3
12,9,21,0.557131355225572,0.0,0.968329668045044,3
12,10,21,0.557131355225572,0.0,0.968329668045044,3
12,11,21,0.557131355225572,0.0,0.968329668045044,3
12,12,21,0.557131355225572,0.0,0.968329668045044,3
12,13,21,0.557131355225572,0.0,0.968329668045044,3
12,14,21,0.557131355225572,0.0,0.968329668045044,3
12,15,21,0.557131355225572,0.0,0.968329668045044,3
12,16,21,0.557131355225572,0.0,0.968329668045044,3
12,17,21,0.557131355225572,0.0,0.968329668045044,3
12,18,21,0.557131355225572,0.0,0.968329668045044,3
12,19,21,0.557131355225572,0.0,0.968329668045044,3
12,20,21,0.557131355225572,0.0,0.968329668045044,3
12,21,21,0.3260790436266872,0.18666666666666668,0.7902462482452393,2
12,22,21,0.41110821759089167,0.22666666666666666,0.8457393050193787,2
12,23,21,0.4795549182624055,0.25333333333333335,0.89825439453125,2
12,24,21,0.0,1.0,,0
12,25,21,0.0,1.0,,0
12,1,22,0.1979004016830161,0.0,0.6493140459060669,2
12,2,22,0.557131355225572,0.28,0.968975305557251,2
12,3,22,0.557131355225572,0.28,0.968975305557251,2
12,4,22,0.557131355225572,0.28,0.968975305557251,2
12,5,22,0.557131355225572,0.28,0.968975305557251,2
12,6,22,0.557131355225572,0.28,0.968975305557251,2
12,7,22,0.557131355225572,0.28,0.968975305557251,2
12,8,22,0.557131355225572,0.28,0.968975305557251,2
12,9,22,0.557131355225572,0.28,0.968975305557251,2
12,10,22,0.557131355225572,0.28,0.968975305557251,2
12,11,22,0.557131355225572,0.28,0.968975305557251,2
12,12,22,0.557131355225572,0.28,0.968975305557251,2
12,13,22,0.557131355225572,0.28,0.968975305557251,2
12,14,22,0.557131355225572,0.28,0.968975305557251,2
12,15,22,0.557131355225572,0.28,0.968975305557251,2
12,16,22,0.557131355225572,0.28,0.968975305557251,2
12,17,22,0.557131355225572,0.28,0.968975305557251,2
12,18,22,0.557131355225572,0.28,0.968975305557251,2
12,19,22,0.557131355225572,0.28,0.968975305557251,2
12,20,22,0.557131355225572,0.28,0.968975305557251,2
12,21,22,0.3260790436266872,0.18666666666666668,0.7902462482452393,2
12,22,22,0.41110821759089167,0.22666666666666666,0.8457393050193787,2
12,23,22,0.4795549182624055,0.25333333333333335,0.89825439453125,2
12,24,22,0.0,1.0,,0
12,25,22,0.0,1.0,,0
12,1,23,0.1979004016830161,0.0,0.6493140459060669,2
12,2,23,0.557131355225572,0.28,0.968975305557251,2
12,3,23,0.557131355225572,0.28,0.968975305557251,2
12,4,23,0.557131355225572,0.28,0.968975305557251,2
12,5,23,0.557131355225572,0.28,0.968975305557251,2
12,6,23,0.557131355225572,0.28,0.968975305557251,2
12,7,23,0.557131355225572,0.28,0.968975305557251,2
12,8,23,0.557131355225572,0.28,0.968975305557251,2
12,9,23,0.557131355225572,0.28,0.968975305557251,2
12,10,23,0.557131355225572,0.28,0.968975305557251,2
12,11,23,0.557131355225572,0.28,0.968975305557251,2
12,12,23,0.557131355225572,0.28,0.968975305557251,2
12,13,23,0.557131355225572,0.28,0.968975305557251,2
12,14,23,0.557131355225572,0.28,0.968975305557251,2
12,15,23,0.557131355225572,0.28,0.968975305557251,2
12,16,23,0.557131355225572,0.28,0.968975305557251,2
12,17,23,0.557131355225572,0.28,0.968975305557251,2
12,18,23,0.557131355225572,0.28,0.968975305557251,2
12,19,23,0.557131355225572,0.28,0.968975305557251,2
12,20,23,0.557131355225572,0.28,0.968975305557251,2
12,21,23,0.3260790436266872,0.18666666666666668,0.7902462482452393,2
12,22,23,0.41110821759089167,0.22666666666666666,0.8457393050193787,2
12,23,23,0.4795549182624055,0.25333333333333335,0.89825439453125,2
12,24,23,0.0,1.0,,0
12,25,23,0.0,1.0,,0
12,1,24,0.1979004016830161,0.0,0.6493140459060669,2
12,2,24,0.557131355225572,0.28,0.968975305557251,2
12,3,24,0.557131355225572,0.28,0.968975305557251,2
12,4,24,0.557131355225572,0.28,0.968975305557251,2
12,5,24,0.557131355225572,0.28,0.968975305557251,2
12,6,24,0.557131355225572,0.28,0.968975305557251,2
12,7,24,0.557131355225572,0.28,0.968975305557251,2
12,8,24,0.557131355225572,0.28,0.968975305557251,2
12,9,24,0.557131355225572,0.28,0.968975305557251,2
12,10,24,0.557131355225572,0.28,0.968975305557251,2
12,11,24,0.557131355225572,0.28,0.968975305557251,2
12,12,24,0.557131355225572,0.28,0.968975305557251,2
12,13,24,0.557131355225572,0.28,0.968975305557251,2
12,14,24,0.557131355225572,0.28,0.968975305557251,2
12,15,24,0.557131355225572,0.28,0.968975305557251,2
12,16,24,0.557131355225572,0.28,0.968975305557251,2
12,17,24,0.557131355225572,0.28,0.968975305557251,2
12,18,24,0.557131355225572,0.28,0.968975305557251,2
12,19,24,0.557131355225572,0.28,0.968975305557251,2
12,20,24,0.557131355225572,0.28,0.968975305557251,2
12,21,24,0.3260790436266872,0.18666666666666668,0.7902462482452393,2
12,22,24,0.41110821759089167,0.22666666666666666,0.8457393050193787,2
12,23,24,0.4795549182624055,0.25333333333333335,0.89825439453125,2
12,24,24,0.0,1.0,,0
12,25,24,0.0,1.0,,0
12,1,25,0.0,1.0,,0
12,2,25,0.0,1.0,,0
12,3,25,0.0,1.0,,0
12,4,25,0.0,1.0,,0
12,5,25,0.0,1.0,,0
12,6,25,0.0,1.0,,0
12,7,25,0.0,1.0,,0
12,8,25,0.0,1.0,,0
12,9,25,0.0,1.0,,0
12,10,25,0.0,1.0,,0
12,11,25,0.0,1.0,,0
12,12,25,0.0,1.0,,0
12,13,25,0.0,1.0,,0
12,14,25,0.0,1.0,,0
12,15,25,0.0,1.0,,0
12,16,25,0.0,1.0,,0
12,17,25,0.0,1.0,,0
12,18,25,0.0,1.0,,0
12,19,25,0.0,1.0,,0
12,20,25,0.0,1.0,,0
12,21,25,0.0,1.0,,0
12,22,25,0.0,1.0,,0
12,23,25,0.0,1.0,,0
12,24,25,0.0,1.0,,0
12,25,25,0.0,1.0,,0
13,1,2,0.7310198765584439,0.0,0.7087918519973755,6
13,2,2,0.5418612238785214,0.02666666666666667,0.6767979860305786,8
13,3,2,0.557131355225572,0.0,0.9779716730117798,3
13,4,2,0.557131355225572,0.0,0.9779716730117798,3
13,5,2,0.557131355225572,0.0,0.9779716730117798,3
13,6,2,0.557131355225572,0.0,0.9779716730117798,3
13,7,2,0.557131355225572,0.0,0.9779716730117798,3
13,8,2,0.557131355225572,0.0,0.9779716730117798,3
13,9,2,0.557131355225572,0.0,0.9779716730117798,3
13,10,2,0.557131355225572,0.0,0.9779716730117798,3
13,11,2,0.557131355225572,0.0,0.9779716730117798,3
13,12,2,0.557131355225572,0.0,0.9779716730117798,3
13,13,2,0.557131355225572,0.0,0.9779716730117798,3
13,14,2,0.557131355225572,0.0,0.9779716730117798,3
13,15,2,0.557131355225572,0.0,0.9779716730117798,3
13,16,2,0.557131355225572,0.0,0.9779716730117798,3
13,17,2,0.557131355225572,0.0,0.9779716730117798,3
13,18,2,0.557131355225572,0.0,0.9779716730117798,3
13,19,2,0.557131355225572,0.0,0.9779716730117798,3
13,20,2,0.557131355225572,0.0,0.9779716730117798,3
13,21,2,0.30248476829079063,0.17333333333333334,0.7790890336036682,2
13,22,2,0.3260790436266872,0.18666666666666668,0.795995831489563,2
13,23,2,0.30248476829079063,0.17333333333333334,0.7790890336036682,2
13,24,2,0.07388134985506012,0.30666666666666664,0.23563463985919952,2
13,25,2,0.0,1.0,,0
13,1,3,0.7310198765584439,0.0,0.7087918519973755,6
13,2,3,0.5418612238785214,0.02666666666666667,0.6767979860305786,8
13,3,3,0.557131355225572,0.0,0.9779716730117798,3
13,4,3,0.557131355225572,0.0,0.9779716730117798,3
13,5,3,0.557131355225572,0.0,0.9779716730117798,3
13,6,3,0.557131355225572,0.0,0.9779716730117798,3
13,7,3,0.557131355225572,0.0,0.9779716730117798,3
13,8,3,0.557131355225572,0.0,0.9779716730117798,3
13,9,3,0.557131355225572,0.0,0.9779716730117798,3
13,10,3,0.557131355225572,0.0,0.9779716730117798,3
13,11,3,0.557131355225572,0.0,0.9779716730117798,3
13,12,3,0.557131355225572,0.0,0.9779716730117798,3
13,13,3,0.557131355225572,0.0,0.9779716730117798,3
13,14,3,0.557131355225572,0.0,0.9779716730117798,3
13,15,3,0.557131355225572,0.0,0.9779716730117798,3
13,16,3,0.557131355225572,0.0,0.9779716730117798,3
13,17,3,0.557131355225572,0.0,0.9779716730117798,3
13,18,3,0.557131355225572,0.0,0.9779716730117798,3
13,19,3,0.557131355225572,0.0,0.9779716730117798,3
13,20,3,0.557131355225572,0.0,0.9779716730117798,3
13,21,3,0.30248476829079063,0.17333333333333334,0.7790890336036682,2
13,22,3,0.3260790436266872,0.18666666666666668,0.795995831489563,2
13,23,3,0.30248476829079063,0.17333333333333334,0.7790890336036682,2
13,24,3,0.0,1.0,,0
13,25,3,0.0,1.0,,0
13,1,4,0.7310198765584439,0.0,0.7087918519973755,6
13,2,4,0.3786864317592314,0.013333333333333334,0.9120790362358093,5
13,3,4,0.557131355225572,0.0,0.9779716730117798,3
13,4,4,0.557131355225572,0.0,0.9779716730117798,3
13,5,4,0.557131355225572,0.0,0.9779716730117798,3
13,6,4,0.557131355225572,0.0,0.9779716730117798,3
13,7,4,0.557131355225572,0.0,0.9779716730117798,3
13,8,4,0.557131355225572,0.0,0.9779716730117798,3
13,9,4,0.557131355225572,0.0,0.9779716730117798,3
13,10,4,0.557131355225572,0.0,0.9779716730117798,3
13,11,4,0.557131355225572,0.0,0.9779716730117798,3
13,12,4,0.557131355225572,0.0,0.9779716730117798,3
13,13,4,0.557131355225572,0.0,0.9779716730117798,3
13,14,4,0.557131355225572,0.0,0.9779716730117798,3
13,15,4,0.557131355225572,0.0,0.9779716730117798,3
13,16,4,0.557131355225572,0.0,0.9779716730117798,3
13,17,4,0.557131355225572,0.0,0.9779716730117798,3
13,18,4,0.557131355225572,0.0,0.9779716730117798,3
13,19,4,0.557131355225572,0.0,0.9779716730117798,3
13,20,4,0.557131355225572,0.0,0.9779716730117798,3
13,21,4,0.30248476829079063,0.17333333333333334,0.7790890336036682,2
13,22,4,0.3260790436266872,0.18666666666666668,0.795995831489563,2
13,23,4,0.30248476829079063,0.17333333333333334,0.7790890336036682,2
13,24,4,0.0,1.0,,0
13,25,4,0.0,1.0,,0
13,1,5,0.7511600705157325,0.0,0.7894691228866577,5
13,2,5,0.5417422183660912,0.0,0.740624725818634,5
13,3,5,0.557131355225572,0.0,0.9779716730117798,3
13,4,5,0.557131355225572,0.0,0.9779716730117798,3
13,5,5,0.557131355225572,0.0,0.9779716730117798,3
13,6,5,0.557131355225572,0.0,0.9779716730117798,3
13,7,5,0.557131355225572,0.0,0.9779716730117798,3
13,8,5,0.557131355225572,0.0,0.9779716730117798,3
13,9,5,0.557131355225572,0.0,0.9779716730117798,3
13,10,5,0.557131355225572,0.0,0.9779716730117798,3
13,11,5,0.557131355225572,0.0,0.9779716730117798,3
13,12,5,0.557131355225572,0.0,0.9779716730117798,3
13,13,5,0.557131355225572,0.0,0.9779716730117798,3
13,14,5,0.557131355225572,0.0,0.9779716730117798,3
13,15,5,0.557131355225572,0.0,0.9779716730117798,3
13,16,5,0.557131355225572,0.0,0.9779716730117798,3
13,17,5,0.557131355225572,0.0,0.9779716730117798,3
13,18,5,0.557131355225572,0.0,0.9779716730117798,3
13,19,5,0.557131355225572,0.0,0.9779716730117798,3
13,20,5,0.557131355225572,0.0,0.9779716730117798,3
13,21,5,0.30248476829079063,0.17333333333333334,0.7790890336036682,2
13,22,5,0.3260790436266872,0.18666666666666668,0.795995831489563,2
13,23,5,0.30248476829079063,0.17333333333333334,0.7790890336036682,2
13,24,5,0.0,1.0,,0
13,25,5,0.0,1.0,,0
13,1,6,0.7511600705157325,0.0,0.7894691228866577,5
13,2,6,0.4549761851169919,0.0,0.8608105182647705,4
13,3,6,0.557131355225572,0.0,0.9779716730117798,3
13,4,6,0.557131355225572,0.0,0.9779716730117798,3
13,5,6,0.557131355225572,0.0,0.9779716730117798,3
13,6,6,0.557131355225572,0.0,0.9779716730117798,3
13,7,6,0.557131355225572,0.0,0.9779716730117798,3
13,8,6,0.557131355225572,0.0,0.9779716730117798,3
13,9,6,0.557131355225572,0.0,0.9779716730117798,3
13,10,6,0.557131355225572,0.0,0.9779716730117798,3
13,11,6,0.557131355225572,0.0,0.9779716730117798,3
13,12,6,0.557131355225572,0.0,0.9779716730117798,3
13,13,6,0.557131355225572,0.0,0.9779716730117798,3
13,14,6,0.557131355225572,0.0,0.9779716730117798,3
13,15,6,0.557131355225572,0.0,0.9779716730117798,3
13,16,6,0.557131355225572,0.0,0.9779716730117798,3
13,17,6,0.557131355225572,0.0,0.9779716730117798,3
13,18,6,0.557131355225572,0.0,0.9779716730117798,3
13,19,6,0.557131355225572,0.0,0.9779716730117798,3
13,20,6,0.557131355225572,0.0,0.9779716730117798,3
13,21,6,0.30248476829079063,0.17333333333333334,0.7790890336036682,2
13,22,6,0.3260790436266872,0.18666666666666668,0.795995831489563,2
13,23,6,0.30248476829079063,0.17333333333333334,0.7790890336036682,2
13,24,6,0.0,1.0,,0
13,25,6,0.0,1.0,,0
13,1,7,0.7236448615299531,0.0,0.8276600241661072,4
13,2,7,0.4549761851169919,0.0,0.8608105182647705,4
13,3,7,0.557131355225572,0.0,0.9779716730117798,3
13,4,7,0.557131355225572,0.0,0.9779716730117798,3
13,5,7,0.557131355225572,0.0,0.9779716730117798,3
13,6,7,0.557131355225572,0.0,0.9779716730117798,3
13,7,7,0.557131355225572,0.0,0.9779716730117798,3
13,8,7,0.557131355225572,0.0,0.9779716730117798,3
13,9,7,0.557131355225572,0.0,0.9779716730117798,3
13,10,7,0.557131355225572,0.0,0.9779716730117798,3
13,11,7,0.557131355225572,0.0,0.9779716730117798,3
13,12,7,0.557131355225572,0.0,0.9779716730117798,3
13,13,7,0.557131355225572,0.0,0.9779716730117798,3
13,14,7,0.557131355225572,0.0,0.9779716730117798,3
13,15,7,0.557131355225572,0.0,0.9779716730117798,3
13,16,7,0.557131355225572,0.0,0.9779716730117798,3
13,17,7,0.557131355225572,0.0,0.9779716730117798,3
13,18,7,0.557131355225572,0.0,0.9779716730117798,3
13,19,7,0.557131355225572,0.0,0.9779716730117798,3
13,20,7,0.557131355225572,0.0,0.9779716730117798,3
13,21,7,0.30248476829079063,0.17333333333333334,0.7790890336036682,2
13,22,7,0.3260790436266872,0.18666666666666668,0.795995831489563,2
13,23,7,0.30248476829079063,0.17333333333333334,0.7790890336036682,2
13,24,7,0.0,1.0,,0
13,25,7,0.0,1.0,,0
13,1,8,0.7236448615299531,0.0,0.8276600241661072,4
13,2,8,0.557131355225572,0.0,0.9779716730117798,3
13,3,8,0.557131355225572,0.0,0.9779716730117798,3
13,4,8,0.557131355225572,0.0,0.9779716730117798,3
13,5,8,0.557131355225572,0.0,0.9779716730117798,3
13,6,8,0.557131355225572,0.0,0.9779716730117798,3
13,7,8,0.557131355225572,0.0,0.9779716730117798,3
13,8,8,0.557131355225572,0.0,0.9779716730117798,3
13,9,8,0.557131355225572,0.0,0.9779716730117798,3
13,10,8,0.557131355225572,0.0,0.9779716730117798,3
13,11,8,0.557131355225572,0.0,0.9779716730117798,3
13,12,8,0.557131355225572,0.0,0.9779716730117798,3
13,13,8,0.557131355225572,0.0,0.9779716730117798,3
13,14,8,0.557131355225572,0.0,0.9779716730117798,3
13,15,8,0.557131355225572,0.0,0.9779716730117798,3
13,16,8,0.557131355225572,0.0,0.9779716730117798,3
13,17,8,0.557131355225572,0.0,0.9779716730117798,3
13,18,8,0.557131355225572,0.0,0.9779716730117798,3
13,19,8,0.557131355225572,0.0,0.9779716730117798,3
13,20,8,0.557131355225572,0.0,0.9779716730117798,3
13,21,8,0.30248476829079063,0.17333333333333334,0.7790890336036682,2
13,22,8,0.3260790436266872,0.18666666666666668,0.795995831489563,2
13,23,8,0.30248476829079063,0.17333333333333334,0.7790890336036682,2
13,24,8,0.0,1.0,,0
13,25,8,0.0,1.0,,0
13,1,9,0.7236448615299531,0.0,0.8276600241661072,4
13,2,9,0.557131355225572,0.0,0.9779716730117798,3
13,3,9,0.557131355225572,0.0,0.9779716730117798,3
13,4,9,0.557131355225572,0.0,0.9779716730117798,3
13,5,9,0.557131355225572,0.0,0.9779716730117798,3
13,6,9,0.557131355225572,0.0,0.9779716730117798,3
13,7,9,0.557131355225572,0.0,0.9779716730117798,3
13,8,9,0.557131355225572,0.0,0.9779716730117798,3
13,9,9,0.557131355225572,0.0,0.9779716730117798,3
13,10,9,0.557131355225572,0.0,0.9779716730117798,3
13,11,9,0.557131355225572,0.0,0.9779716730117798,3
13,12,9,0.557131355225572,0.0,0.9779716730117798,3
13,13,9,0.557131355225572,0.0,0.9779716730117798,3
13,14,9,0.557131355225572,0.0,0.9779716730117798,3
13,15,9,0.557131355225572,0.0,0.9779716730117798,3
13,16,9,0.557131355225572,0.0,0.9779716730117798,3
13,17,9,0.557131355225572,0.0,0.9779716730117798,3
13,18,9,0.557131355225572,0.0,0.9779716730117798,3
13,19,9,0.557131355225572,0.0,0.9779716730117798,3
13,20,9,0.557131355225572,0.0,0.9779716730117798,3
13,21,9,0.30248476829079063,0.17333333333333334,0.7790890336036682,2
13,22,9,0.3260790436266872,0.18666666666666668,0.795995831489563,2
13,23,9,0.30248476829079063,0.17333333333333334,0.7790890336036682,2
13,24,9,0.0,1.0,,0
13,25,9,0.0,1.0,,0
13,1,10,0.7236448615299531,0.0,0.8276600241661072,4
13,2,10,0.557131355225572,0.0,0.9779716730117798,3
13,3,10,0.557131355225572,0.0,0.9779716730117798,3
13,4,10,0.557131355225572,0.0,0.9779716730117798,3
13,5,10,0.557131355225572,0.0,0.977971613407135,3
13,6,10,0.557131355225572,0.0,0.9779716730117798,3
13,7,10,0.557131355225572,0.0,0.9779716730117798,3
13,8,10,0.557131355225572,0.0,0.9779716730117798,3
13,9,10,0.557131355225572,0.0,0.9779716730117798,3
13,10,10,0.557131355225572,0.0,0.9779716730117798,3
13,11,10,0.557131355225572,0.0,0.9779716730117798,3
13,12,10,0.557131355225572,0.0,0.9779716730117798,3
13,13,10,0.557131355225572,0.0,0.9779716730117798,3
13,14,10,0.557131355225572,0.0,0.9779716730117798,3
13,15,10,0.557131355225572,0.0,0.9779716730117798,3
13,16,10,0.557131355225572,0.0,0.9779716730117798,3
13,17,10,0.557131355225572,0.0,0.9779716730117798,3
13,18,10,0.557131355225572,0.0,0.9779716730117798,3
13,19,10,0.557131355225572,0.0,0.9779716730117798,3
13,20,10,0.557131355225572,0.0,0.9779716730117798,3
13,21,10,0.30248476829079063,0.17333333333333334,0.7790890336036682,2
13,22,10,0.3260790436266872,0.18666666666666668,0.795995831489563,2
13,23,10,0.30248476829079063,0.17333333333333334,0.7790890336036682,2
13,24,10,0.0,1.0,,0
13,25,10,0.0,1.0,,0
13,1,11,0.7236448615299531,0.0,0.8276600241661072,4
13,2,11,0.557131355225572,0.0,0.9779716730117798,3
13,3,11,0.557131355225572,0.0,0.9779716730117798,3
13,4,11,0.557131355225572,0.0,0.9779716730117798,3
13,5,11,0.557131355225572,0.0,0.9779716730117798,3
13,6,11,0.557131355225572,0.0,0.9779716730117798,3
13,7,11,0.557131355225572,0.0,0.9779716730117798,3
13,8,11,0.557131355225572,0.0,0.9779716730117798,3
13,9,11,0.557131355225572,0.0,0.9779716730117798,3
13,10,11,0.557131355225572,0.0,0.977971613407135,3
13,11,11,0.557131355225572,0.0,0.9779716730117798,3
13,12,11,0.557131355225572,0.0,0.9779716730117798,3
13,13,11,0.557131355225572,0.0,0.9779716730117798,3
13,14,11,0.557131355225572,0.0,0.9779716730117798,3
13,15,11,0.557131355225572,0.0,0.9779716730117798,3
13,16,11,0.557131355225572,0.0,0.9779716730117798,3
13,17,11,0.557131355225572,0.0,0.9779716730117798,3
13,18,11,0.557131355225572,0.0,0.9779716730117798,3
13,19,11,0.557131355225572,0.0,0.9779716730117798,3
13,20,11,0.557131355225572,0.0,0.9779716730117798,3
13,21,11,0.30248476829079063,0.17333333333333334,0.7790890336036682,2
13,22,11,0.3260790436266872,0.18666666666666668,0.795995831489563,2
13,23,11,0.30248476829079063,0.17333333333333334,0.7790890336036682,2
13,24,11,0.0,1.0,,0
13,25,11,0.0,1.0,,0
13,1,12,0.7236448615299531,0.0,0.8276600241661072,4
13,2,12,0.557131355225572,0.0,0.9779716730117798,3
13,3,12,0.557131355225572,0.0,0.9779716730117798,3
13,4,12,0.557131355225572,0.0,0.9779716730117798,3
13,5,12,0.557131355225572,0.0,0.9779716730117798,3
13,6,12,0.557131355225572,0.0,0.9779716730117798,3
13,7,12,0.557131355225572,0.0,0.9779716730117798,3
13,8,12,0.557131355225572,0.0,0.9779716730117798,3
13,9,12,0.557131355225572,0.0,0.9779716730117798,3
13,10,12,0.557131355225572,0.0,0.9779716730117798,3
13,11,12,0.557131355225572,0.0,0.9779716730117798,3
13,12,12,0.557131355225572,0.0,0.9779716730117798,3
13,13,12,0.557131355225572,0.0,0.9779716730117798,3
13,14,12,0.557131355225572,0.0,0.9779716730117798,3
13,15,12,0.557131355225572,0.0,0.9779716730117798,3
13,16,12,0.557131355225572,0.0,0.9779716730117798,3
13,17,12,0.557131355225572,0.0,0.9779716730117798,3
13,18,12,0.557131355225572,0.0,0.9779716730117798,3
13,19,12,0.557131355225572,0.0,0.9779716730117798,3
13,20,12,0.557131355225572,0.0,0.9779716730117798,3
13,21,12,0.30248476829079063,0.17333333333333334,0.7790890336036682,2
13,22,12,0.3260790436266872,0.18666666666666668,0.795995831489563,2
13,23,12,0.30248476829079063,0.17333333333333334,0.779089093208313,2
13,24,12,0.0,1.0,,0
13,25,12,0.0,1.0,,0
13,1,13,0.7236448615299531,0.0,0.8276600241661072,4
13,2,13,0.557131355225572,0.0,0.9779716730117798,3
13,3,13,0.557131355225572,0.0,0.9779716730117798,3
13,4,13,0.557131355225572,0.0,0.9779716730117798,3
13,5,13,0.557131355225572,0.0,0.9779716730117798,3
13,6,13,0.557131355225572,0.0,0.9779716730117798,3
13,7,13,0.557131355225572,0.0,0.9779716730117798,3
13,8,13,0.557131355225572,0.0,0.9779716730117798,3
13,9,13,0.557131355225572,0.0,0.9779716730117798,3
13,10,13,0.557131355225572,0.0,0.9779716730117798,3
13,11,13,0.557131355225572,0.0,0.9779716730117798,3
13,12,13,0.557131355225572,0.0,0.9779716730117798,3
13,13,13,0.557131355225572,0.0,0.9779716730117798,3
13,14,13,0.557131355225572,0.0,0.9779716730117798,3
13,15,13,0.557131355225572,0.0,0.9779716730117798,3
13,16,13,0.557131355225572,0.0,0.9779716730117798,3
13,17,13,0.557131355225572,0.0,0.9779716730117798,3
13,18,13,0.557131355225572,0.0,0.9779716730117798,3
13,19,13,0.557131355225572,0.0,0.9779716730117798,3
13,20,13,0.557131355225572,0.0,0.9779716730117798,3
13,21,13,0.30248476829079063,0.17333333333333334,0.779089093208313,2
13,22,13,0.3260790436266872,0.18666666666666668,0.795995831489563,2
13,23,13,0.30248476829079063,0.17333333333333334,0.7790890336036682,2
13,24,13,0.0,1.0,,0
13,25,13,0.0,1.0,,0
13,1,14,0.7236448615299531,0.0,0.8276600241661072,4
13,2,14,0.557131355225572,0.0,0.9779716730117798,3
13,3,14,0.557131355225572,0.0,0.9779716730117798,3
13,4,14,0.557131355225572,0.0,0.9779716730117798,3
13,5,14,0.557131355225572,0.0,0.9779716730117798,3
13,6,14,0.557131355225572,0.0,0.9779716730117798,3
13,7,14,0.557131355225572,0.0,0.9779716730117798,3
13,8,14,0.557131355225572,0.0,0.9779716730117798,3
13,9,14,0.557131355225572,0.0,0.9779716730117798,3
13,10,14,0.557131355225572,0.0,0.9779716730117798,3
13,11,14,0.557131355225572,0.0,0.9779716730117798,3
13,12,14,0.557131355225572,0.0,0.9779716730117798,3
13,13,14,0.557131355225572,0.0,0.9779716730117798,3
13,14,14,0.557131355225572,0.0,0.9779716730117798,3
13,15,14,0.557131355225572,0.0,0.9779716730117798,3
13,16,14,0.557131355225572,0.0,0.9779716730117798,3
13,17,14,0.557131355225572,0.0,0.9779716730117798,3
13,18,14,0.557131355225572,0.0,0.9779716730117798,3
13,19,14,0.557131355225572,0.0,0.9779716730117798,3
13,20,14,0.557131355225572,0.0,0.9779716730117798,3
13,21,14,0.30248476829079063,0.17333333333333334,0.7790890336036682,2
13,22,14,0.3260790436266872,0.18666666666666668,0.795995831489563,2
13,23,14,0.30248476829079063,0.17333333333333334,0.7790890336036682,2
13,24,14,0.0,1.0,,0
13,25,14,0.0,1.0,,0
13,1,15,0.7236448615299531,0.0,0.8276600241661072,4
13,2,15,0.557131355225572,0.0,0.9779716730117798,3
13,3,15,0.557131355225572,0.0,0.9779716730117798,3
13,4,15,0.557131355225572,0.0,0.9779716730117798,3
13,5,15,0.557131355225572,0.0,0.9779716730117798,3
13,6,15,0.557131355225572,0.0,0.9779716730117798,3
13,7,15,0.557131355225572,0.0,0.9779716730117798,3
13,8,15,0.557131355225572,0.0,0.9779716730117798,3
13,9,15,0.557131355225572,0.0,0.9779716730117798,3
13,10,15,0.557131355225572,0.0,0.9779716730117798,3
13,11,15,0.557131355225572,0.0,0.9779716730117798,3
13,12,15,0.557131355225572,0.0,0.9779716730117798,3
13,13,15,0.557131355225572,0.0,0.9779716730117798,3
13,14,15,0.557131355225572,0.0,0.9779716730117798,3
13,15,15,0.557131355225572,0.0,0.9779716730117798,3
13,16,15,0.557131355225572,0.0,0.9779716730117798,3
13,17,15,0.557131355225572,0.0,0.9779716730117798,3
13,18,15,0.557131355225572,0.0,0.9779716730117798,3
13,19,15,0.557131355225572,0.0,0.9779716730117798,3
13,20,15,0.557131355225572,0.0,0.9779716730117798,3
13,21,15,0.30248476829079063,0.17333333333333334,0.7790890336036682,2
13,22,15,0.3260790436266872,0.18666666666666668,0.795995831489563,2
13,23,15,0.30248476829079063,0.17333333333333334,0.7790890336036682,2
13,24,15,0.0,1.0,,0
13,25,15,0.0,1.0,,0
13,1,16,0.557131355225572,0.0,0.9779716730117798,3
13,2,16,0.557131355225572,0.0,0.9779716730117798,3
13,3,16,0.557131355225572,0.0,0.9779716730117798,3
13,4,16,0.557131355225572,0.0,0.9779716730117798,3
13,5,16,0.557131355225572,0.0,0.9779716730117798,3
13,6,16,0.557131355225572,0.0,0.9779716730117798,3
13,7,16,0.557131355225572,0.0,0.9779716730117798,3
13,8,16,0.557131355225572,0.0,0.9779716730117798,3
13,9,16,0.557131355225572,0.0,0.9779716730117798,3
13,10,16,0.557131355225572,0.0,0.9779716730117798,3
13,11,16,0.557131355225572,0.0,0.9779716730117798,3
13,12,16,0.557131355225572,0.0,0.9779716730117798,3
13,13,16,0.557131355225572,0.0,0.9779716730117798,3
13,14,16,0.557131355225572,0.0,0.9779716730117798,3
13,15,16,0.557131355225572,0.0,0.9779716730117798,3
13,16,16,0.557131355225572,0.0,0.9779716730117798,3
13,17,16,0.557131355225572,0.0,0.9779716730117798,3
13,18,16,0.557131355225572,0.0,0.9779716730117798,3
13,19,16,0.557131355225572,0.0,0.9779716730117798,3
13,20,16,0.557131355225572,0.0,0.9779716730117798,3
13,21,16,0.30248476829079063,0.17333333333333334,0.7790890336036682,2
13,22,16,0.3260790436266872,0.18666666666666668,0.795995831489563,2
13,23,16,0.30248476829079063,0.17333333333333334,0.7790890336036682,2
13,24,16,0.0,1.0,,0
13,25,16,0.0,1.0,,0
13,1,17,0.557131355225572,0.0,0.9779716730117798,3
13,2,17,0.557131355225572,0.0,0.9779716730117798,3
13,3,17,0.557131355225572,0.0,0.9779716730117798,3
13,4,17,0.557131355225572,0.0,0.9779716730117798,3
13,5,17,0.557131355225572,0.0,0.9779716730117798,3
13,6,17,0.557131355225572,0.0,0.9779716730117798,3
13,7,17,0.557131355225572,0.0,0.9779716730117798,3
13,8,17,0.557131355225572,0.0,0.9779716730117798,3
13,9,17,0.557131355225572,0.0,0.9779716730117798,3
13,10,17,0.557131355225572,0.0,0.9779716730117798,3
13,11,17,0.557131355225572,0.0,0.9779716730117798,3
13,12,17,0.557131355225572,0.0,0.9779716730117798,3
13,13,17,0.557131355225572,0.0,0.9779716730117798,3
13,14,17,0.557131355225572,0.0,0.9779716730117798,3
13,15,17,0.557131355225572,0.0,0.9779716730117798,3
13,16,17,0.557131355225572,0.0,0.9779716730117798,3
13,17,17,0.557131355225572,0.0,0.9779716730117798,3
13,18,17,0.557131355225572,0.0,0.9779716730117798,3
13,19,17,0.557131355225572,0.0,0.9779716730117798,3
13,20,17,0.557131355225572,0.0,0.9779716730117798,3
13,21,17,0.30248476829079063,0.17333333333333334,0.7790890336036682,2
13,22,17,0.3260790436266872,0.18666666666666668,0.795995831489563,2
13,23,17,0.30248476829079063,0.17333333333333334,0.7790890336036682,2
13,24,17,0.0,1.0,,0
13,25,17,0.0,1.0,,0
13,1,18,0.557131355225572,0.0,0.977971613407135,3
13,2,18,0.557131355225572,0.0,0.9779716730117798,3
13,3,18,0.557131355225572,0.0,0.9779716730117798,3
13,4,18,0.557131355225572,0.0,0.9779716730117798,3
13,5,18,0.557131355225572,0.0,0.9779716730117798,3
13,6,18,0.557131355225572,0.0,0.9779716730117798,3
13,7,18,0.557131355225572,0.0,0.9779716730117798,3
13,8,18,0.557131355225572,0.0,0.9779716730117798,3
13,9,18,0.557131355225572,0.0,0.9779716730117798,3
13,10,18,0.557131355225572,0.0,0.9779716730117798,3
13,11,18,0.557131355225572,0.0,0.9779716730117798,3
13,12,18,0.557131355225572,0.0,0.9779716730117798,3
13,13,18,0.557131355225572,0.0,0.9779716730117798,3
13,14,18,0.557131355225572,0.0,0.9779716730117798,3
13,15,18,0.557131355225572,0.0,0.9779716730117798,3
13,16,18,0.557131355225572,0.0,0.9779716730117798,3
13,17,18,0.557131355225572,0.0,0.9779716730117798,3
13,18,18,0.557131355225572,0.0,0.9779716730117798,3
13,19,18,0.557131355225572,0.0,0.9779716730117798,3
13,20,18,0.557131355225572,0.0,0.9779716730117798,3
13,21,18,0.30248476829079063,0.17333333333333334,0.7790890336036682,2
13,22,18,0.3260790436266872,0.18666666666666668,0.795995831489563,2
13,23,18,0.30248476829079063,0.17333333333333334,0.7790890336036682,2
13,24,18,0.0,1.0,,0
13,25,18,0.0,1.0,,0
13,1,19,0.557131355225572,0.0,0.9779716730117798,3
13,2,19,0.557131355225572,0.0,0.9779716730117798,3
13,3,19,0.557131355225572,0.0,0.9779716730117798,3
13,4,19,0.557131355225572,0.0,0.9779716730117798,3
13,5,19,0.557131355225572,0.0,0.9779716730117798,3
13,6,19,0.557131355225572,0.0,0.9779716730117798,3
13,7,19,0.557131355225572,0.0,0.9779716730117798,3
13,8,19,0.557131355225572,0.0,0.9779716730117798,3
13,9,19,0.557131355225572,0.0,0.9779716730117798,3
13,10,19,0.557131355225572,0.0,0.9779716730117798,3
13,11,19,0.557131355225572,0.0,0.9779716730117798,3
13,12,19,0.557131355225572,0.0,0.9779716730117798,3
13,13,19,0.557131355225572,0.0,0.9779716730117798,3
13,14,19,0.557131355225572,0.0,0.9779716730117798,3
13,15,19,0.557131355225572,0.0,0.9779716730117798,3
13,16,19,0.557131355225572,0.0,0.9779716730117798,3
13,17,19,0.557131355225572,0.0,0.9779716730117798,3
13,18,19,0.557131355225572,0.0,0.9779716730117798,3
13,19,19,0.557131355225572,0.0,0.9779716730117798,3
13,20,19,0.557131355225572,0.0,0.9779716730117798,3
13,21,19,0.30248476829079063,0.17333333333333334,0.7790890336036682,2
13,22,19,0.3260790436266872,0.18666666666666668,0.795995831489563,2
13,23,19,0.30248476829079063,0.17333333333333334,0.7790890336036682,2
13,24,19,0.0,1.0,,0
13,25,19,0.0,1.0,,0
13,1,20,0.557131355225572,0.0,0.9779716730117798,3
13,2,20,0.557131355225572,0.0,0.9779716730117798,3
13,3,20,0.557131355225572,0.0,0.9779716730117798,3
13,4,20,0.557131355225572,0.0,0.9779716730117798,3
13,5,20,0.557131355225572,0.0,0.9779716730117798,3
13,6,20,0.557131355225572,0.0,0.9779716730117798,3
13,7,20,0.557131355225572,0.0,0.9779716730117798,3
13,8,20,0.557131355225572,0.0,0.9779716730117798,3
13,9,20,0.557131355225572,0.0,0.9779716730117798,3
13,10,20,0.557131355225572,0.0,0.9779716730117798,3
13,11,20,0.557131355225572,0.0,0.9779716730117798,3
13,12,20,0.557131355225572,0.0,0.9779716730117798,3
13,13,20,0.557131355225572,0.0,0.9779716730117798,3
13,14,20,0.557131355225572,0.0,0.9779716730117798,3
13,15,20,0.557131355225572,0.0,0.9779716730117798,3
13,16,20,0.557131355225572,0.0,0.9779716730117798,3
13,17,20,0.557131355225572,0.0,0.9779716730117798,3
13,18,20,0.557131355225572,0.0,0.9779716730117798,3
13,19,20,0.557131355225572,0.0,0.9779716730117798,3
13,20,20,0.557131355225572,0.0,0.9779716730117798,3
13,21,20,0.30248476829079063,0.17333333333333334,0.7790890336036682,2
13,22,20,0.3260790436266872,0.18666666666666668,0.795995831489563,2
13,23,20,0.30248476829079063,0.17333333333333334,0.7790890336036682,2
13,24,20,0.0,1.0,,0
13,25,20,0.0,1.0,,0
13,1,21,0.557131355225572,0.0,0.9779716730117798,3
13,2,21,0.557131355225572,0.0,0.9779716730117798,3
13,3,21,0.557131355225572,0.0,0.9779716730117798,3
13,4,21,0.557131355225572,0.0,0.9779716730117798,3
13,5,21,0.557131355225572,0.0,0.9779716730117798,3
13,6,21,0.557131355225572,0.0,0.9779716730117798,3
13,7,21,0.557131355225572,0.0,0.9779716730117798,3
13,8,21,0.557131355225572,0.0,0.9779716730117798,3
13,9,21,0.557131355225572,0.0,0.9779716730117798,3
13,10,21,0.557131355225572,0.0,0.9779716730117798,3
13,11,21,0.557131355225572,0.0,0.9779716730117798,3
13,12,21,0.557131355225572,0.0,0.9779716730117798,3
13,13,21,0.557131355225572,0.0,0.9779716730117798,3
13,14,21,0.557131355225572,0.0,0.9779716730117798,3
13,15,21,0.557131355225572,0.0,0.9779716730117798,3
13,16,21,0.557131355225572,0.0,0.9779716730117798,3
13,17,21,0.557131355225572,0.0,0.9779716730117798,3
13,18,21,0.557131355225572,0.0,0.9779716730117798,3
13,19,21,0.557131355225572,0.0,0.9779716730117798,3
13,20,21,0.557131355225572,0.0,0.9779716730117798,3
13,21,21,0.30248476829079063,0.17333333333333334,0.7790890336036682,2
13,22,21,0.3260790436266872,0.18666666666666668,0.795995831489563,2
13,23,21,0.30248476829079063,0.17333333333333334,0.7790890336036682,2
13,24,21,0.0,1.0,,0
13,25,21,0.0,1.0,,0
13,1,22,0.557131355225572,0.28,0.9762394428253174,2
13,2,22,0.557131355225572,0.28,0.9762394428253174,2
13,3,22,0.557131355225572,0.28,0.9762394428253174,2
13,4,22,0.557131355225572,0.28,0.9762394428253174,2
13,5,22,0.557131355225572,0.28,0.9762394428253174,2
13,6,22,0.557131355225572,0.28,0.9762394428253174,2
13,7,22,0.557131355225572,0.28,0.9762394428253174,2
13,8,22,0.557131355225572,0.28,0.9762394428253174,2
13,9,22,0.557131355225572,0.28,0.9762394428253174,2
13,10,22,0.557131355225572,0.28,0.9762394428253174,2
13,11,22,0.557131355225572,0.28,0.9762394428253174,2
13,12,22,0.557131355225572,0.28,0.9762394428253174,2
13,13,22,0.557131355225572,0.28,0.9762394428253174,2
13,14,22,0.557131355225572,0.28,0.9762394428253174,2
13,15,22,0.557131355225572,0.28,0.9762394428253174,2
13,16,22,0.557131355225572,0.28,0.9762394428253174,2
13,17,22,0.557131355225572,0.28,0.9762394428253174,2
13,18,22,0.557131355225572,0.28,0.9762394428253174,2
13,19,22,0.557131355225572,0.28,0.9762394428253174,2
13,20,22,0.557131355225572,0.28,0.9762394428253174,2
13,21,22,0.30248476829079063,0.17333333333333334,0.7790890336036682,2
13,22,22,0.3260790436266872,0.18666666666666668,0.795995831489563,2
13,23,22,0.30248476829079063,0.17333333333333334,0.779089093208313,2
13,24,22,0.0,1.0,,0
13,25,22,0.0,1.0,,0
13,1,23,0.557131355225572,0.28,0.9762394428253174,2
13,2,23,0.557131355225572,0.28,0.9762394428253174,2
13,3,23,0.557131355225572,0.28,0.9762394428253174,2
13,4,23,0.557131355225572,0.28,0.9762394428253174,2
13,5,23,0.557131355225572,0.28,0.9762394428253174,2
13,6,23,0.557131355225572,0.28,0.9762394428253174,2
13,7,23,0.557131355225572,0.28,0.9762394428253174,2
13,8,23,0.557131355225572,0.28,0.9762394428253174,2
13,9,23,0.557131355225572,0.28,0.9762394428253174,2
13,10,23,0.557131355225572,0.28,0.9762394428253174,2
13,11,23,0.557131355225572,0.28,0.9762394428253174,2
13,12,23,0.557131355225572,0.28,0.9762394428253174,2
13,13,23,0.557131355225572,0.28,0.9762394428253174,2
13,14,23,0.557131355225572,0.28,0.9762394428253174,2
13,15,23,0.557131355225572,0.28,0.9762394428253174,2
13,16,23,0.557131355225572,0.28,0.9762394428253174,2
13,17,23,0.557131355225572,0.28,0.9762394428253174,2
13,18,23,0.557131355225572,0.28,0.9762394428253174,2
13,19,23,0.557131355225572,0.28,0.9762394428253174,2
13,20,23,0.557131355225572,0.28,0.9762394428253174,2
13,21,23,0.30248476829079063,0.17333333333333334,0.779089093208313,2
13,22,23,0.3260790436266872,0.18666666666666668,0.795995831489563,2
13,23,23,0.30248476829079063,0.17333333333333334,0.779089093208313,2
13,24,23,0.0,1.0,,0
13,25,23,0.0,1.0,,0
13,1,24,0.557131355225572,0.28,0.9762394428253174,2
13,2,24,0.557131355225572,0.28,0.9762394428253174,2
13,3,24,0.557131355225572,0.28,0.9762394428253174,2
13,4,24,0.557131355225572,0.28,0.9762394428253174,2
13,5,24,0.557131355225572,0.28,0.9762394428253174,2
13,6,24,0.557131355225572,0.28,0.9762394428253174,2
13,7,24,0.557131355225572,0.28,0.9762394428253174,2
13,8,24,0.557131355225572,0.28,0.9762394428253174,2
13,9,24,0.557131355225572,0.28,0.9762394428253174,2
13,10,24,0.557131355225572,0.28,0.9762394428253174,2
13,11,24,0.557131355225572,0.28,0.9762394428253174,2
13,12,24,0.557131355225572,0.28,0.9762394428253174,2
13,13,24,0.557131355225572,0.28,0.9762394428253174,2
13,14,24,0.557131355225572,0.28,0.9762394428253174,2
13,15,24,0.557131355225572,0.28,0.9762394428253174,2
13,16,24,0.557131355225572,0.28,0.9762394428253174,2
13,17,24,0.557131355225572,0.28,0.9762394428253174,2
13,18,24,0.557131355225572,0.28,0.9762394428253174,2
13,19,24,0.557131355225572,0.28,0.9762394428253174,2
13,20,24,0.557131355225572,0.28,0.9762394428253174,2
13,21,24,0.30248476829079063,0.17333333333333334,0.7790890336036682,2
13,22,24,0.3260790436266872,0.18666666666666668,0.795995831489563,2
13,23,24,0.30248476829079063,0.17333333333333334,0.7790890336036682,2
13,24,24,0.0,1.0,,0
13,25,24,0.0,1.0,,0
13,1,25,0.0,1.0,,0
13,2,25,0.0,1.0,,0
13,3,25,0.0,1.0,,0
13,4,25,0.0,1.0,,0
13,5,25,0.0,1.0,,0
13,6,25,0.0,1.0,,0
13,7,25,0.0,1.0,,0
13,8,25,0.0,1.0,,0
13,9,25,0.0,1.0,,0
13,10,25,0.0,1.0,,0
13,11,25,0.0,1.0,,0
13,12,25,0.0,1.0,,0
13,13,25,0.0,1.0,,0
13,14,25,0.0,1.0,,0
13,15,25,0.0,1.0,,0
13,16,25,0.0,1.0,,0
13,17,25,0.0,1.0,,0
13,18,25,0.0,1.0,,0
13,19,25,0.0,1.0,,0
13,20,25,0.0,1.0,,0
13,21,25,0.0,1.0,,0
13,22,25,0.0,1.0,,0
13,23,25,0.0,1.0,,0
13,24,25,0.0,1.0,,0
13,25,25,0.0,1.0,,0
14,1,2,0.7269572165885977,0.013333333333333334,0.8222823143005371,6
14,2,2,0.5459336058077056,0.04,0.7239253520965576,8
14,3,2,0.557131355225572,0.0,0.9853213429450989,3
14,4,2,0.557131355225572,0.0,0.9853213429450989,3
14,5,2,0.557131355225572,0.0,0.9853213429450989,3
14,6,2,0.557131355225572,0.0,0.9853213429450989,3
14,7,2,0.557131355225572,0.0,0.9853213429450989,3
14,8,2,0.557131355225572,0.0,0.9853213429450989,3
14,9,2,0.557131355225572,0.0,0.9853213429450989,3
14,10,2,0.557131355225572,0.0,0.9853213429450989,3
14,11,2,0.557131355225572,0.0,0.9853213429450989,3
14,12,2,0.557131355225572,0.0,0.9853213429450989,3
14,13,2,0.557131355225572,0.0,0.9853213429450989,3
14,14,2,0.557131355225572,0.0,0.9853213429450989,3
14,15,2,0.557131355225572,0.0,0.9853213429450989,3
14,16,2,0.557131355225572,0.0,0.9853213429450989,3
14,17,2,0.557131355225572,0.0,0.9853213429450989,3
14,18,2,0.557131355225572,0.0,0.9853213429450989,3
14,19,2,0.557131355225572,0.0,0.9853213429450989,3
14,20,2,0.557131355225572,0.0,0.9853213429450989,3
14,21,2,0.4263088463267713,0.22666666666666666,0.8863813877105713,2
14,22,2,0.4194692941666269,0.22666666666666666,0.8727745413780212,2
14,23,2,0.4194692941666269,0.22666666666666666,0.8727745413780212,2
14,24,2,0.0,1.0,,0
14,25,2,0.0,1.0,,0
14,1,3,0.7269572165885977,0.013333333333333334,0.8222823143005371,6
14,2,3,0.5459336058077056,0.04,0.7239253520965576,8
14,3,3,0.557131355225572,0.0,0.9853213429450989,3
14,4,3,0.557131355225572,0.0,0.9853213429450989,3
14,5,3,0.557131355225572,0.0,0.9853213429450989,3
14,6,3,0.557131355225572,0.0,0.9853213429450989,3
14,7,3,0.557131355225572,0.0,0.9853213429450989,3
14,8,3,0.557131355225572,0.0,0.9853213429450989,3
14,9,3,0.557131355225572,0.0,0.9853213429450989,3
14,10,3,0.557131355225572,0.0,0.9853213429450989,3
14,11,3,0.557131355225572,0.0,0.9853213429450989,3
14,12,3,0.557131355225572,0.0,0.9853213429450989,3
14,13,3,0.557131355225572,0.0,0.9853213429450989,3
14,14,3,0.557131355225572,0.0,0.9853213429450989,3
14,15,3,0.557131355225572,0.0,0.9853213429450989,3
14,16,3,0.557131355225572,0.0,0.9853213429450989,3
14,17,3,0.557131355225572,0.0,0.9853213429450989,3
14,18,3,0.557131355225572,0.0,0.9853213429450989,3
14,19,3,0.557131355225572,0.0,0.9853213429450989,3
14,20,3,0.557131355225572,0.0,0.9853213429450989,3
14,21,3,0.4263088463267713,0.22666666666666666,0.8863813877105713,2
14,22,3,0.4194692941666269,0.22666666666666666,0.8727745413780212,2
14,23,3,0.4194692941666269,0.22666666666666666,0.8727745413780212,2
14,24,3,0.0,1.0,,0
14,25,3,0.0,1.0,,0
14,1,4,0.7269572165885977,0.013333333333333334,0.8222823143005371,6
14,2,4,0.5459336058077056,0.04,0.7239253520965576,8
14,3,4,0.557131355225572,0.0,0.9853213429450989,3
14,4,4,0.557131355225572,0.0,0.9853213429450989,3
14,5,4,0.557131355225572,0.0,0.9853213429450989,3
14,6,4,0.557131355225572,0.0,0.9853213429450989,3
14,7,4,0.557131355225572,0.0,0.9853213429450989,3
14,8,4,0.557131355225572,0.0,0.9853213429450989,3
14,9,4,0.557131355225572,0.0,0.9853213429450989,3
14,10,4,0.557131355225572,0.0,0.9853213429450989,3
14,11,4,0.557131355225572,0.0,0.9853213429450989,3
14,12,4,0.557131355225572,0.0,0.9853213429450989,3
14,13,4,0.557131355225572,0.0,0.9853213429450989,3
14,14,4,0.557131355225572,0.0,0.9853213429450989,3
14,15,4,0.557131355225572,0.0,0.9853213429450989,3
14,16,4,0.557131355225572,0.0,0.9853213429450989,3
14,17,4,0.557131355225572,0.0,0.9853213429450989,3
14,18,4,0.557131355225572,0.0,0.9853213429450989,3
14,19,4,0.557131355225572,0.0,0.9853213429450989,3
14,20,4,0.557131355225572,0.0,0.9853213429450989,3
14,21,4,0.4263088463267713,0.22666666666666666,0.8863813877105713,2
14,22,4,0.4194692941666269,0.22666666666666666,0.8727745413780212,2
14,23,4,0.4194692941666269,0.22666666666666666,0.8727745413780212,2
14,24,4,0.0,1.0,,0
14,25,4,0.0,1.0,,0
14,1,5,0.6451186417089974,0.0,0.6474655270576477,4
14,2,5,0.5350412169879508,0.0,0.5335074067115784,5
14,3,5,0.6484677455276404,0.013333333333333334,0.6887849569320679,4
14,4,5,0.557131355225572,0.0,0.9853213429450989,3
14,5,5,0.557131355225572,0.0,0.9853213429450989,3
14,6,5,0.557131355225572,0.0,0.9853213429450989,3
14,7,5,0.557131355225572,0.0,0.9853213429450989,3
14,8,5,0.557131355225572,0.0,0.9853213429450989,3
14,9,5,0.557131355225572,0.0,0.9853213429450989,3
14,10,5,0.557131355225572,0.0,0.9853213429450989,3
14,11,5,0.557131355225572,0.0,0.9853213429450989,3
14,12,5,0.557131355225572,0.0,0.9853213429450989,3
14,13,5,0.557131355225572,0.0,0.9853213429450989,3
14,14,5,0.557131355225572,0.0,0.9853213429450989,3
14,15,5,0.557131355225572,0.0,0.9853213429450989,3
14,16,5,0.557131355225572,0.0,0.9853213429450989,3
14,17,5,0.557131355225572,0.0,0.9853213429450989,3
14,18,5,0.557131355225572,0.0,0.9853213429450989,3
14,19,5,0.557131355225572,0.0,0.9853213429450989,3
14,20,5,0.557131355225572,0.0,0.9853213429450989,3
14,21,5,0.4263088463267713,0.22666666666666666,0.8863813877105713,2
14,22,5,0.4194692941666269,0.22666666666666666,0.8727745413780212,2
14,23,5,0.4194692941666269,0.22666666666666666,0.8727745413780212,2
14,24,5,0.0,1.0,,0
14,25,5,0.0,1.0,,0
14,1,6,0.6451186417089974,0.0,0.6474655270576477,4
14,2,6,0.5350412169879508,0.0,0.5335074067115784,5
14,3,6,0.6484677455276404,0.013333333333333334,0.6887849569320679,4
14,4,6,0.557131355225572,0.0,0.9853213429450989,3
14,5,6,0.557131355225572,0.0,0.9853213429450989,3
14,6,6,0.557131355225572,0.0,0.9853213429450989,3
14,7,6,0.557131355225572,0.0,0.9853213429450989,3
14,8,6,0.557131355225572,0.0,0.9853213429450989,3
14,9,6,0.557131355225572,0.0,0.9853213429450989,3
14,10,6,0.557131355225572,0.0,0.9853213429450989,3
14,11,6,0.557131355225572,0.0,0.9853213429450989,3
14,12,6,0.557131355225572,0.0,0.9853213429450989,3
14,13,6,0.557131355225572,0.0,0.9853213429450989,3
14,14,6,0.557131355225572,0.0,0.9853213429450989,3
14,15,6,0.557131355225572,0.0,0.9853213429450989,3
14,16,6,0.557131355225572,0.0,0.9853213429450989,3
14,17,6,0.557131355225572,0.0,0.9853213429450989,3
14,18,6,0.557131355225572,0.0,0.9853213429450989,3
14,19,6,0.557131355225572,0.0,0.9853213429450989,3
14,20,6,0.557131355225572,0.0,0.9853213429450989,3
14,21,6,0.4263088463267713,0.22666666666666666,0.8863813877105713,2
14,22,6,0.4194692941666269,0.22666666666666666,0.8727745413780212,2
14,23,6,0.4194692941666269,0.22666666666666666,0.8727745413780212,2
14,24,6,0.0,1.0,,0
14,25,6,0.0,1.0,,0
14,1,7,0.557131355225572,0.0,0.9853213429450989,3
14,2,7,0.4488617626664122,0.0,0.8710839748382568,4
14,3,7,0.557131355225572,0.0,0.9853213429450989,3
14,4,7,0.557131355225572,0.0,0.9853213429450989,3
14,5,7,0.557131355225572,0.0,0.9853213429450989,3
14,6,7,0.557131355225572,0.0,0.9853213429450989,3
14,7,7,0.557131355225572,0.0,0.9853213429450989,3
14,8,7,0.557131355225572,0.0,0.9853213429450989,3
14,9,7,0.557131355225572,0.0,0.9853213429450989,3
14,10,7,0.557131355225572,0.0,0.9853213429450989,3
14,11,7,0.557131355225572,0.0,0.9853213429450989,3
14,12,7,0.557131355225572,0.0,0.9853213429450989,3
14,13,7,0.557131355225572,0.0,0.9853213429450989,3
14,14,7,0.557131355225572,0.0,0.9853213429450989,3
14,15,7,0.557131355225572,0.0,0.9853213429450989,3
14,16,7,0.557131355225572,0.0,0.9853213429450989,3
14,17,7,0.557131355225572,0.0,0.9853213429450989,3
14,18,7,0.557131355225572,0.0,0.9853213429450989,3
14,19,7,0.557131355225572,0.0,0.9853213429450989,3
14,20,7,0.557131355225572,0.0,0.9853213429450989,3
14,21,7,0.4263088463267713,0.22666666666666666,0.8863813877105713,2
14,22,7,0.4194692941666269,0.22666666666666666,0.8727745413780212,2
14,23,7,0.4194692941666269,0.22666666666666666,0.8727745413780212,2
14,24,7,0.0,1.0,,0
14,25,7,0.0,1.0,,0
14,1,8,0.557131355225572,0.0,0.9853213429450989,3
14,2,8,0.557131355225572,0.0,0.9853213429450989,3
14,3,8,0.557131355225572,0.0,0.9853213429450989,3
14,4,8,0.557131355225572,0.0,0.9853213429450989,3
14,5,8,0.557131355225572,0.0,0.9853213429450989,3
14,6,8,0.557131355225572,0.0,0.9853213429450989,3
14,7,8,0.557131355225572,0.0,0.9853213429450989,3
14,8,8,0.557131355225572,0.0,0.9853213429450989,3
14,9,8,0.557131355225572,0.0,0.9853213429450989,3
14,10,8,0.557131355225572,0.0,0.9853213429450989,3
14,11,8,0.557131355225572,0.0,0.9853213429450989,3
14,12,8,0.557131355225572,0.0,0.9853213429450989,3
14,13,8,0.557131355225572,0.0,0.9853213429450989,3
14,14,8,0.557131355225572,0.0,0.9853213429450989,3
14,15,8,0.557131355225572,0.0,0.9853213429450989,3
14,16,8,0.557131355225572,0.0,0.9853213429450989,3
14,17,8,0.557131355225572,0.0,0.9853213429450989,3
14,18,8,0.557131355225572,0.0,0.9853213429450989,3
14,19,8,0.557131355225572,0.0,0.9853213429450989,3
14,20,8,0.557131355225572,0.0,0.9853213429450989,3
14,21,8,0.4263088463267713,0.22666666666666666,0.8863813877105713,2
14,22,8,0.4194692941666269,0.22666666666666666,0.8727745413780212,2
14,23,8,0.4194692941666269,0.22666666666666666,0.8727745413780212,2
14,24,8,0.0,1.0,,0
14,25,8,0.0,1.0,,0
14,1,9,0.557131355225572,0.0,0.9853213429450989,3
14,2,9,0.557131355225572,0.0,0.9853213429450989,3
14,3,9,0.557131355225572,0.0,0.9853213429450989,3
14,4,9,0.557131355225572,0.0,0.9853213429450989,3
14,5,9,0.557131355225572,0.0,0.9853213429450989,3
14,6,9,0.557131355225572,0.0,0.9853213429450989,3
14,7,9,0.557131355225572,0.0,0.9853213429450989,3
14,8,9,0.557131355225572,0.0,0.9853213429450989,3
14,9,9,0.557131355225572,0.0,0.9853213429450989,3
14,10,9,0.557131355225572,0.0,0.9853213429450989,3
14,11,9,0.557131355225572,0.0,0.9853213429450989,3
14,12,9,0.557131355225572,0.0,0.9853213429450989,3
14,13,9,0.557131355225572,0.0,0.9853213429450989,3
14,14,9,0.557131355225572,0.0,0.9853213429450989,3
14,15,9,0.557131355225572,0.0,0.9853213429450989,3
14,16,9,0.557131355225572,0.0,0.9853213429450989,3
14,17,9,0.557131355225572,0.0,0.9853213429450989,3
14,18,9,0.557131355225572,0.0,0.9853213429450989,3
14,19,9,0.557131355225572,0.0,0.9853213429450989,3
14,20,9,0.557131355225572,0.0,0.9853213429450989,3
14,21,9,0.4263088463267713,0.22666666666666666,0.8863813877105713,2
14,22,9,0.4194692941666269,0.22666666666666666,0.8727745413780212,2
14,23,9,0.4194692941666269,0.22666666666666666,0.8727745413780212,2
14,24,9,0.0,1.0,,0
14,25,9,0.0,1.0,,0
14,1,10,0.557131355225572,0.0,0.9853213429450989,3
14,2,10,0.557131355225572,0.0,0.9853213429450989,3
14,3,10,0.557131355225572,0.0,0.9853213429450989,3
14,4,10,0.557131355225572,0.0,0.9853213429450989,3
14,5,10,0.557131355225572,0.0,0.9853213429450989,3
14,6,10,0.557131355225572,0.0,0.9853213429450989,3
14,7,10,0.557131355225572,0.0,0.9853213429450989,3
14,8,10,0.557131355225572,0.0,0.9853213429450989,3
14,9,10,0.557131355225572,0.0,0.9853213429450989,3
14,10,10,0.557131355225572,0.0,0.9853213429450989,3
14,11,10,0.557131355225572,0.0,0.9853213429450989,3
14,12,10,0.557131355225572,0.0,0.9853213429450989,3
14,13,10,0.557131355225572,0.0,0.9853213429450989,3
14,14,10,0.557131355225572,0.0,0.9853213429450989,3
14,15,10,0.557131355225572,0.0,0.9853213429450989,3
14,16,10,0.557131355225572,0.0,0.9853213429450989,3
14,17,10,0.557131355225572,0.0,0.9853213429450989,3
14,18,10,0.557131355225572,0.0,0.9853213429450989,3
14,19,10,0.557131355225572,0.0,0.9853213429450989,3
14,20,10,0.557131355225572,0.0,0.9853213429450989,3
14,21,10,0.4263088463267713,0.22666666666666666,0.8863813877105713,2
14,22,10,0.4194692941666269,0.22666666666666666,0.8727745413780212,2
14,23,10,0.4194692941666269,0.22666666666666666,0.8727745413780212,2
14,24,10,0.0,1.0,,0
14,25,10,0.0,1.0,,0
14,1,11,0.557131355225572,0.0,0.9853213429450989,3
14,2,11,0.557131355225572,0.0,0.9853213429450989,3
14,3,11,0.557131355225572,0.0,0.9853213429450989,3
14,4,11,0.557131355225572,0.0,0.9853213429450989,3
14,5,11,0.557131355225572,0.0,0.9853213429450989,3
14,6,11,0.557131355225572,0.0,0.9853213429450989,3
14,7,11,0.557131355225572,0.0,0.9853213429450989,3
14,8,11,0.557131355225572,0.0,0.9853213429450989,3
14,9,11,0.557131355225572,0.0,0.9853213429450989,3
14,10,11,0.557131355225572,0.0,0.9853213429450989,3
14,11,11,0.557131355225572,0.0,0.9853213429450989,3
14,12,11,0.557131355225572,0.0,0.9853213429450989,3
14,13,11,0.557131355225572,0.0,0.9853213429450989,3
14,14,11,0.557131355225572,0.0,0.9853213429450989,3
14,15,11,0.557131355225572,0.0,0.9853213429450989,3
14,16,11,0.557131355225572,0.0,0.9853213429450989,3
14,17,11,0.557131355225572,0.0,0.9853213429450989,3
14,18,11,0.557131355225572,0.0,0.9853213429450989,3
14,19,11,0.557131355225572,0.0,0.9853213429450989,3
14,20,11,0.557131355225572,0.0,0.9853213429450989,3
14,21,11,0.4263088463267713,0.22666666666666666,0.8863813877105713,2
14,22,11,0.4194692941666269,0.22666666666666666,0.8727745413780212,2
14,23,11,0.4194692941666269,0.22666666666666666,0.8727745413780212,2
14,24,11,0.0,1.0,,0
14,25,11,0.0,1.0,,0
14,1,12,0.557131355225572,0.0,0.9853213429450989,3
14,2,12,0.557131355225572,0.0,0.9853213429450989,3
14,3,12,0.557131355225572,0.0,0.9853213429450989,3
14,4,12,0.557131355225572,0.0,0.9853213429450989,3
14,5,12,0.557131355225572,0.0,0.9853213429450989,3
14,6,12,0.557131355225572,0.0,0.9853213429450989,3
14,7,12,0.557131355225572,0.0,0.9853213429450989,3
14,8,12,0.557131355225572,0.0,0.9853213429450989,3
14,9,12,0.557131355225572,0.0,0.9853213429450989,3
14,10,12,0.557131355225572,0.0,0.9853213429450989,3
14,11,12,0.557131355225572,0.0,0.9853213429450989,3
14,12,12,0.557131355225572,0.0,0.9853213429450989,3
14,13,12,0.557131355225572,0.0,0.9853213429450989,3
14,14,12,0.557131355225572,0.0,0.9853213429450989,3
14,15,12,0.557131355225572,0.0,0.9853213429450989,3
14,16,12,0.557131355225572,0.0,0.9853213429450989,3
14,17,12,0.557131355225572,0.0,0.9853213429450989,3
14,18,12,0.557131355225572,0.0,0.9853213429450989,3
14,19,12,0.557131355225572,0.0,0.9853213429450989,3
14,20,12,0.557131355225572,0.0,0.9853213429450989,3
14,21,12,0.4263088463267713,0.22666666666666666,0.8863813877105713,2
14,22,12,0.4194692941666269,0.22666666666666666,0.8727745413780212,2
14,23,12,0.4194692941666269,0.22666666666666666,0.8727745413780212,2
14,24,12,0.0,1.0,,0
14,25,12,0.0,1.0,,0
14,1,13,0.557131355225572,0.0,0.9853213429450989,3
14,2,13,0.557131355225572,0.0,0.9853213429450989,3
14,3,13,0.557131355225572,0.0,0.9853213429450989,3
14,4,13,0.557131355225572,0.0,0.9853213429450989,3
14,5,13,0.557131355225572,0.0,0.9853213429450989,3
14,6,13,0.557131355225572,0.0,0.9853213429450989,3
14,7,13,0.557131355225572,0.0,0.9853213429450989,3
14,8,13,0.557131355225572,0.0,0.9853213429450989,3
14,9,13,0.557131355225572,0.0,0.9853213429450989,3
14,10,13,0.557131355225572,0.0,0.9853213429450989,3
14,11,13,0.557131355225572,0.0,0.9853213429450989,3
14,12,13,0.557131355225572,0.0,0.9853213429450989,3
14,13,13,0.557131355225572,0.0,0.9853213429450989,3
14,14,13,0.557131355225572,0.0,0.9853213429450989,3
14,15,13,0.557131355225572,0.0,0.9853213429450989,3
14,16,13,0.557131355225572,0.0,0.9853213429450989,3
14,17,13,0.557131355225572,0.0,0.9853213429450989,3
14,18,13,0.557131355225572,0.0,0.9853213429450989,3
14,19,13,0.557131355225572,0.0,0.9853213429450989,3
14,20,13,0.557131355225572,0.0,0.9853213429450989,3
14,21,13,0.4263088463267713,0.22666666666666666,0.8863813877105713,2
14,22,13,0.4194692941666269,0.22666666666666666,0.8727745413780212,2
14,23,13,0.4194692941666269,0.22666666666666666,0.8727745413780212,2
14,24,13,0.0,1.0,,0
14,25,13,0.0,1.0,,0
14,1,14,0.557131355225572,0.0,0.9853213429450989,3
14,2,14,0.557131355225572,0.0,0.9853213429450989,3
14,3,14,0.557131355225572,0.0,0.9853213429450989,3
14,4,14,0.557131355225572,0.0,0.9853213429450989,3
14,5,14,0.557131355225572,0.0,0.9853213429450989,3
14,6,14,0.557131355225572,0.0,0.9853213429450989,3
14,7,14,0.557131355225572,0.0,0.9853213429450989,3
14,8,14,0.557131355225572,0.0,0.9853213429450989,3
14,9,14,0.557131355225572,0.0,0.9853213429450989,3
14,10,14,0.557131355225572,0.0,0.9853213429450989,3
14,11,14,0.557131355225572,0.0,0.9853213429450989,3
14,12,14,0.557131355225572,0.0,0.9853213429450989,3
14,13,14,0.557131355225572,0.0,0.9853213429450989,3
14,14,14,0.557131355225572,0.0,0.9853213429450989,3
14,15,14,0.557131355225572,0.0,0.9853213429450989,3
14,16,14,0.557131355225572,0.0,0.9853213429450989,3
14,17,14,0.557131355225572,0.0,0.9853213429450989,3
14,18,14,0.557131355225572,0.0,0.9853213429450989,3
14,19,14,0.557131355225572,0.0,0.9853213429450989,3
14,20,14,0.557131355225572,0.0,0.9853213429450989,3
14,21,14,0.4263088463267713,0.22666666666666666,0.8863813877105713,2
14,22,14,0.4194692941666269,0.22666666666666666,0.8727745413780212,2
14,23,14,0.4194692941666269,0.22666666666666666,0.8727745413780212,2
14,24,14,0.0,1.0,,0
14,25,14,0.0,1.0,,0
14,1,15,0.557131355225572,0.0,0.9853213429450989,3
14,2,15,0.557131355225572,0.0,0.9853213429450989,3
14,3,15,0.557131355225572,0.0,0.9853213429450989,3
14,4,15,0.557131355225572,0.0,0.9853213429450989,3
14,5,15,0.557131355225572,0.0,0.9853213429450989,3
14,6,15,0.557131355225572,0.0,0.9853213429450989,3
14,7,15,0.557131355225572,0.0,0.9853213429450989,3
14,8,15,0.557131355225572,0.0,0.9853213429450989,3
14,9,15,0.557131355225572,0.0,0.9853213429450989,3
14,10,15,0.557131355225572,0.0,0.9853213429450989,3
14,11,15,0.557131355225572,0.0,0.9853213429450989,3
14,12,15,0.557131355225572,0.0,0.9853213429450989,3
14,13,15,0.557131355225572,0.0,0.9853213429450989,3
14,14,15,0.557131355225572,0.0,0.9853213429450989,3
14,15,15,0.557131355225572,0.0,0.9853213429450989,3
14,16,15,0.557131355225572,0.0,0.9853213429450989,3
14,17,15,0.557131355225572,0.0,0.9853213429450989,3
14,18,15,0.557131355225572,0.0,0.9853213429450989,3
14,19,15,0.557131355225572,0.0,0.9853213429450989,3
14,20,15,0.557131355225572,0.0,0.9853213429450989,3
14,21,15,0.4263088463267713,0.22666666666666666,0.8863813877105713,2
14,22,15,0.4194692941666269,0.22666666666666666,0.8727745413780212,2
14,23,15,0.4194692941666269,0.22666666666666666,0.8727745413780212,2
14,24,15,0.0,1.0,,0
14,25,15,0.0,1.0,,0
14,1,16,0.557131355225572,0.0,0.9853213429450989,3
14,2,16,0.557131355225572,0.0,0.9853213429450989,3
14,3,16,0.557131355225572,0.0,0.9853213429450989,3
14,4,16,0.557131355225572,0.0,0.9853213429450989,3
14,5,16,0.557131355225572,0.0,0.9853213429450989,3
14,6,16,0.557131355225572,0.0,0.9853213429450989,3
14,7,16,0.557131355225572,0.0,0.9853213429450989,3
14,8,16,0.557131355225572,0.0,0.9853213429450989,3
14,9,16,0.557131355225572,0.0,0.9853213429450989,3
14,10,16,0.557131355225572,0.0,0.9853213429450989,3
14,11,16,0.557131355225572,0.0,0.9853213429450989,3
14,12,16,0.557131355225572,0.0,0.9853213429450989,3
14,13,16,0.557131355225572,0.0,0.9853213429450989,3
14,14,16,0.557131355225572,0.0,0.9853213429450989,3
14,15,16,0.557131355225572,0.0,0.9853213429450989,3
14,16,16,0.557131355225572,0.0,0.9853213429450989,3
14,17,16,0.557131355225572,0.0,0.9853213429450989,3
14,18,16,0.557131355225572,0.0,0.9853213429450989,3
14,19,16,0.557131355225572,0.0,0.9853213429450989,3
14,20,16,0.557131355225572,0.0,0.9853213429450989,3
14,21,16,0.4263088463267713,0.22666666666666666,0.8863813877105713,2
14,22,16,0.4194692941666269,0.22666666666666666,0.8727745413780212,2
14,23,16,0.4194692941666269,0.22666666666666666,0.8727745413780212,2
14,24,16,0.0,1.0,,0
14,25,16,0.0,1.0,,0
14,1,17,0.557131355225572,0.0,0.9853213429450989,3
14,2,17,0.557131355225572,0.0,0.9853213429450989,3
14,3,17,0.557131355225572,0.0,0.9853213429450989,3
14,4,17,0.557131355225572,0.0,0.9853213429450989,3
14,5,17,0.557131355225572,0.0,0.9853213429450989,3
14,6,17,0.557131355225572,0.0,0.9853213429450989,3
14,7,17,0.557131355225572,0.0,0.9853213429450989,3
14,8,17,0.557131355225572,0.0,0.9853213429450989,3
14,9,17,0.557131355225572,0.0,0.9853213429450989,3
14,10,17,0.557131355225572,0.0,0.9853213429450989,3
14,11,17,0.557131355225572,0.0,0.9853213429450989,3
14,12,17,0.557131355225572,0.0,0.9853213429450989,3
14,13,17,0.557131355225572,0.0,0.9853213429450989,3
14,14,17,0.557131355225572,0.0,0.9853213429450989,3
14,15,17,0.557131355225572,0.0,0.9853213429450989,3
14,16,17,0.557131355225572,0.0,0.9853213429450989,3
14,17,17,0.557131355225572,0.0,0.9853213429450989,3
14,18,17,0.557131355225572,0.0,0.9853213429450989,3
14,19,17,0.557131355225572,0.0,0.9853213429450989,3
14,20,17,0.557131355225572,0.0,0.9853213429450989,3
14,21,17,0.4263088463267713,0.22666666666666666,0.8863813877105713,2
14,22,17,0.4194692941666269,0.22666666666666666,0.8727745413780212,2
14,23,17,0.4194692941666269,0.22666666666666666,0.8727745413780212,2
14,24,17,0.0,1.0,,0
14,25,17,0.0,1.0,,0
14,1,18,0.557131355225572,0.0,0.9853213429450989,3
14,2,18,0.557131355225572,0.0,0.9853213429450989,3
14,3,18,0.557131355225572,0.0,0.9853213429450989,3
14,4,18,0.557131355225572,0.0,0.9853213429450989,3
14,5,18,0.557131355225572,0.0,0.9853213429450989,3
14,6,18,0.557131355225572,0.0,0.9853213429450989,3
14,7,18,0.557131355225572,0.0,0.9853213429450989,3
14,8,18,0.557131355225572,0.0,0.9853213429450989,3
14,9,18,0.557131355225572,0.0,0.9853213429450989,3
14,10,18,0.557131355225572,0.0,0.9853213429450989,3
14,11,18,0.557131355225572,0.0,0.9853213429450989,3
14,12,18,0.557131355225572,0.0,0.9853213429450989,3
14,13,18,0.557131355225572,0.0,0.9853213429450989,3
14,14,18,0.557131355225572,0.0,0.9853213429450989,3
14,15,18,0.557131355225572,0.0,0.9853213429450989,3
14,16,18,0.557131355225572,0.0,0.9853213429450989,3
14,17,18,0.557131355225572,0.0,0.9853213429450989,3
14,18,18,0.557131355225572,0.0,0.9853213429450989,3
14,19,18,0.557131355225572,0.0,0.9853213429450989,3
14,20,18,0.557131355225572,0.0,0.9853213429450989,3
14,21,18,0.4263088463267713,0.22666666666666666,0.8863813877105713,2
14,22,18,0.4194692941666269,0.22666666666666666,0.8727745413780212,2
14,23,18,0.4194692941666269,0.22666666666666666,0.8727745413780212,2
14,24,18,0.0,1.0,,0
14,25,18,0.0,1.0,,0
14,1,19,0.557131355225572,0.0,0.9853213429450989,3
14,2,19,0.557131355225572,0.0,0.9853213429450989,3
14,3,19,0.557131355225572,0.0,0.9853213429450989,3
14,4,19,0.557131355225572,0.0,0.9853213429450989,3
14,5,19,0.557131355225572,0.0,0.9853213429450989,3
14,6,19,0.557131355225572,0.0,0.9853213429450989,3
14,7,19,0.557131355225572,0.0,0.9853213429450989,3
14,8,19,0.557131355225572,0.0,0.9853213429450989,3
14,9,19,0.557131355225572,0.0,0.9853213429450989,3
14,10,19,0.557131355225572,0.0,0.9853213429450989,3
14,11,19,0.557131355225572,0.0,0.9853213429450989,3
14,12,19,0.557131355225572,0.0,0.9853213429450989,3
14,13,19,0.557131355225572,0.0,0.9853213429450989,3
14,14,19,0.557131355225572,0.0,0.9853213429450989,3
14,15,19,0.557131355225572,0.0,0.9853213429450989,3
14,16,19,0.557131355225572,0.0,0.9853213429450989,3
14,17,19,0.557131355225572,0.0,0.9853213429450989,3
14,18,19,0.557131355225572,0.0,0.9853213429450989,3
14,19,19,0.557131355225572,0.0,0.9853213429450989,3
14,20,19,0.557131355225572,0.0,0.9853213429450989,3
14,21,19,0.4263088463267713,0.22666666666666666,0.8863813877105713,2
14,22,19,0.4194692941666269,0.22666666666666666,0.8727745413780212,2
14,23,19,0.4194692941666269,0.22666666666666666,0.8727745413780212,2
14,24,19,0.0,1.0,,0
14,25,19,0.0,1.0,,0
14,1,20,0.557131355225572,0.0,0.9853213429450989,3
14,2,20,0.557131355225572,0.0,0.9853213429450989,3
14,3,20,0.557131355225572,0.0,0.9853213429450989,3
14,4,20,0.557131355225572,0.0,0.9853213429450989,3
14,5,20,0.557131355225572,0.0,0.9853213429450989,3
14,6,20,0.557131355225572,0.0,0.9853213429450989,3
14,7,20,0.557131355225572,0.0,0.9853213429450989,3
14,8,20,0.557131355225572,0.0,0.9853213429450989,3
14,9,20,0.557131355225572,0.0,0.9853213429450989,3
14,10,20,0.557131355225572,0.0,0.9853213429450989,3
14,11,20,0.557131355225572,0.0,0.9853213429450989,3
14,12,20,0.557131355225572,0.0,0.9853213429450989,3
14,13,20,0.557131355225572,0.0,0.9853213429450989,3
14,14,20,0.557131355225572,0.0,0.9853213429450989,3
14,15,20,0.557131355225572,0.0,0.9853213429450989,3
14,16,20,0.557131355225572,0.0,0.9853213429450989,3
14,17,20,0.557131355225572,0.0,0.9853213429450989,3
14,18,20,0.557131355225572,0.0,0.9853213429450989,3
14,19,20,0.557131355225572,0.0,0.9853213429450989,3
14,20,20,0.557131355225572,0.0,0.9853213429450989,3
14,21,20,0.4263088463267713,0.22666666666666666,0.8863813877105713,2
14,22,20,0.4194692941666269,0.22666666666666666,0.8727745413780212,2
14,23,20,0.4194692941666269,0.22666666666666666,0.8727745413780212,2
14,24,20,0.0,1.0,,0
14,25,20,0.0,1.0,,0
14,1,21,0.557131355225572,0.0,0.9853213429450989,3
14,2,21,0.557131355225572,0.0,0.9853213429450989,3
14,3,21,0.557131355225572,0.0,0.9853213429450989,3
14,4,21,0.557131355225572,0.0,0.9853213429450989,3
14,5,21,0.557131355225572,0.0,0.9853213429450989,3
14,6,21,0.557131355225572,0.0,0.9853213429450989,3
14,7,21,0.557131355225572,0.0,0.9853213429450989,3
14,8,21,0.557131355225572,0.0,0.9853213429450989,3
14,9,21,0.557131355225572,0.0,0.9853213429450989,3
14,10,21,0.557131355225572,0.0,0.9853213429450989,3
14,11,21,0.557131355225572,0.0,0.9853213429450989,3
14,12,21,0.557131355225572,0.0,0.9853213429450989,3
14,13,21,0.557131355225572,0.0,0.9853213429450989,3
14,14,21,0.557131355225572,0.0,0.9853213429450989,3
14,15,21,0.557131355225572,0.0,0.9853213429450989,3
14,16,21,0.557131355225572,0.0,0.9853213429450989,3
14,17,21,0.557131355225572,0.0,0.9853213429450989,3
14,18,21,0.557131355225572,0.0,0.9853213429450989,3
14,19,21,0.557131355225572,0.0,0.9853213429450989,3
14,20,21,0.557131355225572,0.0,0.9853213429450989,3
14,21,21,0.4263088463267713,0.22666666666666666,0.8863813877105713,2
14,22,21,0.4194692941666269,0.22666666666666666,0.8727745413780212,2
14,23,21,0.4194692941666269,0.22666666666666666,0.8727745413780212,2
14,24,21,0.0,1.0,,0
14,25,21,0.0,1.0,,0
14,1,22,0.557131355225572,0.28,0.9833540916442871,2
14,2,22,0.557131355225572,0.28,0.9833540916442871,2
14,3,22,0.557131355225572,0.28,0.9833540916442871,2
14,4,22,0.557131355225572,0.28,0.9833540916442871,2
14,5,22,0.557131355225572,0.28,0.9833540916442871,2
14,6,22,0.557131355225572,0.28,0.9833540916442871,2
14,7,22,0.557131355225572,0.28,0.9833540916442871,2
14,8,22,0.557131355225572,0.28,0.9833540916442871,2
14,9,22,0.557131355225572,0.28,0.9833540916442871,2
14,10,22,0.557131355225572,0.28,0.9833540916442871,2
14,11,22,0.557131355225572,0.28,0.9833540916442871,2
14,12,22,0.557131355225572,0.28,0.9833540916442871,2
14,13,22,0.557131355225572,0.28,0.9833540916442871,2
14,14,22,0.557131355225572,0.28,0.9833540916442871,2
14,15,22,0.557131355225572,0.28,0.9833540916442871,2
14,16,22,0.557131355225572,0.28,0.9833540916442871,2
14,17,22,0.557131355225572,0.28,0.9833540916442871,2
14,18,22,0.557131355225572,0.28,0.9833540916442871,2
14,19,22,0.557131355225572,0.28,0.9833540916442871,2
14,20,22,0.557131355225572,0.28,0.9833540916442871,2
14,21,22,0.4263088463267713,0.22666666666666666,0.8863813877105713,2
14,22,22,0.4194692941666269,0.22666666666666666,0.8727745413780212,2
14,23,22,0.4194692941666269,0.22666666666666666,0.8727745413780212,2
14,24,22,0.0,1.0,,0
14,25,22,0.0,1.0,,0
14,1,23,0.557131355225572,0.28,0.9833540916442871,2
14,2,23,0.557131355225572,0.28,0.9833540916442871,2
14,3,23,0.557131355225572,0.28,0.9833540916442871,2
14,4,23,0.557131355225572,0.28,0.9833540916442871,2
14,5,23,0.557131355225572,0.28,0.9833540916442871,2
14,6,23,0.557131355225572,0.28,0.9833540916442871,2
14,7,23,0.557131355225572,0.28,0.9833540916442871,2
14,8,23,0.557131355225572,0.28,0.9833540916442871,2
14,9,23,0.557131355225572,0.28,0.9833540916442871,2
14,10,23,0.557131355225572,0.28,0.9833540916442871,2
14,11,23,0.557131355225572,0.28,0.9833540916442871,2
14,12,23,0.557131355225572,0.28,0.9833540916442871,2
14,13,23,0.557131355225572,0.28,0.9833540916442871,2
14,14,23,0.557131355225572,0.28,0.9833540916442871,2
14,15,23,0.557131355225572,0.28,0.9833540916442871,2
14,16,23,0.557131355225572,0.28,0.9833540916442871,2
14,17,23,0.557131355225572,0.28,0.9833540916442871,2
14,18,23,0.557131355225572,0.28,0.9833540916442871,2
14,19,23,0.557131355225572,0.28,0.9833540916442871,2
14,20,23,0.557131355225572,0.28,0.9833540916442871,2
14,21,23,0.4263088463267713,0.22666666666666666,0.8863813877105713,2
14,22,23,0.4194692941666269,0.22666666666666666,0.8727745413780212,2
14,23,23,0.4194692941666269,0.22666666666666666,0.8727745413780212,2
14,24,23,0.0,1.0,,0
14,25,23,0.0,1.0,,0
14,1,24,0.557131355225572,0.28,0.9833540916442871,2
14,2,24,0.557131355225572,0.28,0.9833540916442871,2
14,3,24,0.557131355225572,0.28,0.9833540916442871,2
14,4,24,0.557131355225572,0.28,0.9833540916442871,2
14,5,24,0.557131355225572,0.28,0.9833540916442871,2
14,6,24,0.557131355225572,0.28,0.9833540916442871,2
14,7,24,0.557131355225572,0.28,0.9833540916442871,2
14,8,24,0.557131355225572,0.28,0.9833540916442871,2
14,9,24,0.557131355225572,0.28,0.9833540916442871,2
14,10,24,0.557131355225572,0.28,0.9833540916442871,2
14,11,24,0.557131355225572,0.28,0.9833540916442871,2
14,12,24,0.557131355225572,0.28,0.9833540916442871,2
14,13,24,0.557131355225572,0.28,0.9833540916442871,2
14,14,24,0.557131355225572,0.28,0.9833540916442871,2
14,15,24,0.557131355225572,0.28,0.9833540916442871,2
14,16,24,0.557131355225572,0.28,0.9833540916442871,2
14,17,24,0.557131355225572,0.28,0.9833540916442871,2
14,18,24,0.557131355225572,0.28,0.9833540916442871,2
14,19,24,0.557131355225572,0.28,0.9833540916442871,2
14,20,24,0.557131355225572,0.28,0.9833540916442871,2
14,21,24,0.4263088463267713,0.22666666666666666,0.8863813877105713,2
14,22,24,0.4194692941666269,0.22666666666666666,0.8727745413780212,2
14,23,24,0.4194692941666269,0.22666666666666666,0.8727745413780212,2
14,24,24,0.0,1.0,,0
14,25,24,0.0,1.0,,0
14,1,25,0.0,1.0,,0
14,2,25,0.0,1.0,,0
14,3,25,0.0,1.0,,0
14,4,25,0.0,1.0,,0
14,5,25,0.0,1.0,,0
14,6,25,0.0,1.0,,0
14,7,25,0.0,1.0,,0
14,8,25,0.0,1.0,,0
14,9,25,0.0,1.0,,0
14,10,25,0.0,1.0,,0
14,11,25,0.0,1.0,,0
14,12,25,0.0,1.0,,0
14,13,25,0.0,1.0,,0
14,14,25,0.0,1.0,,0
14,15,25,0.0,1.0,,0
14,16,25,0.0,1.0,,0
14,17,25,0.0,1.0,,0
14,18,25,0.0,1.0,,0
14,19,25,0.0,1.0,,0
14,20,25,0.0,1.0,,0
14,21,25,0.4263088463267713,0.22666666666666666,0.8863813877105713,2
14,22,25,0.4194692941666269,0.22666666666666666,0.8727745413780212,2
14,23,25,0.4194692941666269,0.22666666666666666,0.8727745413780212,2
14,24,25,0.0,1.0,,0
14,25,25,0.0,1.0,,0
15,1,2,0.7310198765584439,0.0,0.668180525302887,6
15,2,2,0.557131355225572,0.0,0.987452507019043,3
15,3,2,0.557131355225572,0.0,0.987452507019043,3
15,4,2,0.557131355225572,0.0,0.987452507019043,3
15,5,2,0.557131355225572,0.0,0.987452507019043,3
15,6,2,0.557131355225572,0.0,0.987452507019043,3
15,7,2,0.557131355225572,0.0,0.987452507019043,3
15,8,2,0.557131355225572,0.0,0.987452507019043,3
15,9,2,0.557131355225572,0.0,0.987452507019043,3
15,10,2,0.557131355225572,0.0,0.987452507019043,3
15,11,2,0.557131355225572,0.0,0.987452507019043,3
15,12,2,0.557131355225572,0.0,0.987452507019043,3
15,13,2,0.557131355225572,0.0,0.987452507019043,3
15,14,2,0.557131355225572,0.0,0.987452507019043,3
15,15,2,0.557131355225572,0.0,0.987452507019043,3
15,16,2,0.557131355225572,0.0,0.987452507019043,3
15,17,2,0.557131355225572,0.0,0.987452507019043,3
15,18,2,0.557131355225572,0.0,0.987452507019043,3
15,19,2,0.557131355225572,0.0,0.987452507019043,3
15,20,2,0.557131355225572,0.0,0.987452507019043,3
15,21,2,0.30248476829079063,0.17333333333333334,0.797671914100647,2
15,22,2,0.3260790436266872,0.18666666666666668,0.8151493668556213,2
15,23,2,0.38039498541074374,0.21333333333333335,0.8547048568725586,2
15,24,2,0.0,1.0,,0
15,25,2,0.0,1.0,,0
15,1,3,0.7310198765584439,0.0,0.668180525302887,6
15,2,3,0.557131355225572,0.0,0.987452507019043,3
15,3,3,0.557131355225572,0.0,0.987452507019043,3
15,4,3,0.557131355225572,0.0,0.987452507019043,3
15,5,3,0.557131355225572,0.0,0.987452507019043,3
15,6,3,0.557131355225572,0.0,0.987452507019043,3
15,7,3,0.557131355225572,0.0,0.987452507019043,3
15,8,3,0.557131355225572,0.0,0.987452507019043,3
15,9,3,0.557131355225572,0.0,0.987452507019043,3
15,10,3,0.557131355225572,0.0,0.987452507019043,3
15,11,3,0.557131355225572,0.0,0.987452507019043,3
15,12,3,0.557131355225572,0.0,0.987452507019043,3
15,13,3,0.557131355225572,0.0,0.987452507019043,3
15,14,3,0.557131355225572,0.0,0.987452507019043,3
15,15,3,0.557131355225572,0.0,0.987452507019043,3
15,16,3,0.557131355225572,0.0,0.987452507019043,3
15,17,3,0.557131355225572,0.0,0.987452507019043,3
15,18,3,0.557131355225572,0.0,0.987452507019043,3
15,19,3,0.557131355225572,0.0,0.987452507019043,3
15,20,3,0.557131355225572,0.0,0.987452507019043,3
15,21,3,0.30248476829079063,0.17333333333333334,0.797671914100647,2
15,22,3,0.3260790436266872,0.18666666666666668,0.8151493668556213,2
15,23,3,0.38039498541074374,0.21333333333333335,0.8547048568725586,2
15,24,3,0.0,1.0,,0
15,25,3,0.0,1.0,,0
15,1,4,0.7310198765584439,0.0,0.668180525302887,6
15,2,4,0.557131355225572,0.0,0.987452507019043,3
15,3,4,0.6456871643466158,0.0,0.8307680487632751,4
15,4,4,0.557131355225572,0.0,0.987452507019043,3
15,5,4,0.557131355225572,0.0,0.987452507019043,3
15,6,4,0.557131355225572,0.0,0.987452507019043,3
15,7,4,0.557131355225572,0.0,0.987452507019043,3
15,8,4,0.557131355225572,0.0,0.987452507019043,3
15,9,4,0.557131355225572,0.0,0.987452507019043,3
15,10,4,0.557131355225572,0.0,0.987452507019043,3
15,11,4,0.557131355225572,0.0,0.987452507019043,3
15,12,4,0.557131355225572,0.0,0.987452507019043,3
15,13,4,0.557131355225572,0.0,0.987452507019043,3
15,14,4,0.557131355225572,0.0,0.987452507019043,3
15,15,4,0.557131355225572,0.0,0.987452507019043,3
15,16,4,0.557131355225572,0.0,0.987452507019043,3
15,17,4,0.557131355225572,0.0,0.987452507019043,3
15,18,4,0.557131355225572,0.0,0.987452507019043,3
15,19,4,0.557131355225572,0.0,0.987452507019043,3
15,20,4,0.557131355225572,0.0,0.987452507019043,3
15,21,4,0.30248476829079063,0.17333333333333334,0.797671914100647,2
15,22,4,0.3260790436266872,0.18666666666666668,0.8151493668556213,2
15,23,4,0.38039498541074374,0.21333333333333335,0.8547048568725586,2
15,24,4,0.0,1.0,,0
15,25,4,0.0,1.0,,0
15,1,5,0.6827459049178555,0.0,0.5762258172035217,5
15,2,5,0.557131355225572,0.0,0.987452507019043,3
15,3,5,0.6456871643466158,0.0,0.8307680487632751,4
15,4,5,0.557131355225572,0.0,0.987452507019043,3
15,5,5,0.557131355225572,0.0,0.987452507019043,3
15,6,5,0.557131355225572,0.0,0.987452507019043,3
15,7,5,0.557131355225572,0.0,0.987452507019043,3
15,8,5,0.557131355225572,0.0,0.987452507019043,3
15,9,5,0.557131355225572,0.0,0.987452507019043,3
15,10,5,0.557131355225572,0.0,0.987452507019043,3
15,11,5,0.557131355225572,0.0,0.987452507019043,3
15,12,5,0.557131355225572,0.0,0.987452507019043,3
15,13,5,0.557131355225572,0.0,0.987452507019043,3
15,14,5,0.557131355225572,0.0,0.987452507019043,3
15,15,5,0.557131355225572,0.0,0.987452507019043,3
15,16,5,0.557131355225572,0.0,0.987452507019043,3
15,17,5,0.557131355225572,0.0,0.987452507019043,3
15,18,5,0.557131355225572,0.0,0.987452507019043,3
15,19,5,0.557131355225572,0.0,0.987452507019043,3
15,20,5,0.557131355225572,0.0,0.987452507019043,3
15,21,5,0.30248476829079063,0.17333333333333334,0.797671914100647,2
15,22,5,0.3260790436266872,0.18666666666666668,0.8151493668556213,2
15,23,5,0.38039498541074374,0.21333333333333335,0.8547048568725586,2
15,24,5,0.0,1.0,,0
15,25,5,0.0,1.0,,0
15,1,6,0.6451186417089974,0.0,0.8709326982498169,4
15,2,6,0.6484677455276404,0.013333333333333334,0.8693998456001282,4
15,3,6,0.6456871643466158,0.0,0.8307680487632751,4
15,4,6,0.557131355225572,0.0,0.987452507019043,3
15,5,6,0.557131355225572,0.0,0.987452507019043,3
15,6,6,0.557131355225572,0.0,0.987452507019043,3
15,7,6,0.557131355225572,0.0,0.987452507019043,3
15,8,6,0.557131355225572,0.0,0.987452507019043,3
15,9,6,0.557131355225572,0.0,0.987452507019043,3
15,10,6,0.557131355225572,0.0,0.987452507019043,3
15,11,6,0.557131355225572,0.0,0.987452507019043,3
15,12,6,0.557131355225572,0.0,0.987452507019043,3
15,13,6,0.557131355225572,0.0,0.987452507019043,3
15,14,6,0.557131355225572,0.0,0.987452507019043,3
15,15,6,0.557131355225572,0.0,0.987452507019043,3
15,16,6,0.557131355225572,0.0,0.987452507019043,3
15,17,6,0.557131355225572,0.0,0.987452507019043,3
15,18,6,0.557131355225572,0.0,0.987452507019043,3
15,19,6,0.557131355225572,0.0,0.987452507019043,3
15,20,6,0.557131355225572,0.0,0.987452507019043,3
15,21,6,0.30248476829079063,0.17333333333333334,0.797671914100647,2
15,22,6,0.3260790436266872,0.18666666666666668,0.8151493668556213,2
15,23,6,0.38039498541074374,0.21333333333333335,0.8547048568725586,2
15,24,6,0.0,1.0,,0
15,25,6,0.0,1.0,,0
15,1,7,0.557131355225572,0.0,0.987452507019043,3
15,2,7,0.557131355225572,0.0,0.987452507019043,3
15,3,7,0.6456871643466158,0.0,0.8307680487632751,4
15,4,7,0.557131355225572,0.0,0.987452507019043,3
15,5,7,0.557131355225572,0.0,0.987452507019043,3
15,6,7,0.557131355225572,0.0,0.987452507019043,3
15,7,7,0.557131355225572,0.0,0.987452507019043,3
15,8,7,0.557131355225572,0.0,0.987452507019043,3
15,9,7,0.557131355225572,0.0,0.987452507019043,3
15,10,7,0.557131355225572,0.0,0.987452507019043,3
15,11,7,0.557131355225572,0.0,0.987452507019043,3
15,12,7,0.557131355225572,0.0,0.987452507019043,3
15,13,7,0.557131355225572,0.0,0.987452507019043,3
15,14,7,0.557131355225572,0.0,0.987452507019043,3
15,15,7,0.557131355225572,0.0,0.987452507019043,3
15,16,7,0.557131355225572,0.0,0.987452507019043,3
15,17,7,0.557131355225572,0.0,0.987452507019043,3
15,18,7,0.557131355225572,0.0,0.987452507019043,3
15,19,7,0.557131355225572,0.0,0.987452507019043,3
15,20,7,0.557131355225572,0.0,0.987452507019043,3
15,21,7,0.30248476829079063,0.17333333333333334,0.797671914100647,2
15,22,7,0.3260790436266872,0.18666666666666668,0.8151493668556213,2
15,23,7,0.38039498541074374,0.21333333333333335,0.8547048568725586,2
15,24,7,0.0,1.0,,0
15,25,7,0.0,1.0,,0
15,1,8,0.557131355225572,0.0,0.987452507019043,3
15,2,8,0.557131355225572,0.0,0.987452507019043,3
15,3,8,0.557131355225572,0.0,0.987452507019043,3
15,4,8,0.557131355225572,0.0,0.987452507019043,3
15,5,8,0.557131355225572,0.0,0.987452507019043,3
15,6,8,0.557131355225572,0.0,0.987452507019043,3
15,7,8,0.557131355225572,0.0,0.987452507019043,3
15,8,8,0.557131355225572,0.0,0.987452507019043,3
15,9,8,0.557131355225572,0.0,0.987452507019043,3
15,10,8,0.557131355225572,0.0,0.987452507019043,3
15,11,8,0.557131355225572,0.0,0.987452507019043,3
15,12,8,0.557131355225572,0.0,0.987452507019043,3
15,13,8,0.557131355225572,0.0,0.987452507019043,3
15,14,8,0.557131355225572,0.0,0.987452507019043,3
15,15,8,0.557131355225572,0.0,0.987452507019043,3
15,16,8,0.557131355225572,0.0,0.987452507019043,3
15,17,8,0.557131355225572,0.0,0.987452507019043,3
15,18,8,0.557131355225572,0.0,0.987452507019043,3
15,19,8,0.557131355225572,0.0,0.987452507019043,3
15,20,8,0.557131355225572,0.0,0.987452507019043,3
15,21,8,0.30248476829079063,0.17333333333333334,0.797671914100647,2
15,22,8,0.3260790436266872,0.18666666666666668,0.8151493668556213,2
15,23,8,0.38039498541074374,0.21333333333333335,0.8547048568725586,2
15,24,8,0.0,1.0,,0
15,25,8,0.0,1.0,,0
15,1,9,0.557131355225572,0.0,0.987452507019043,3
15,2,9,0.557131355225572,0.0,0.987452507019043,3
15,3,9,0.557131355225572,0.0,0.987452507019043,3
15,4,9,0.557131355225572,0.0,0.987452507019043,3
15,5,9,0.557131355225572,0.0,0.987452507019043,3
15,6,9,0.557131355225572,0.0,0.987452507019043,3
15,7,9,0.557131355225572,0.0,0.987452507019043,3
15,8,9,0.557131355225572,0.0,0.987452507019043,3
15,9,9,0.557131355225572,0.0,0.987452507019043,3
15,10,9,0.557131355225572,0.0,0.987452507019043,3
15,11,9,0.557131355225572,0.0,0.987452507019043,3
15,12,9,0.557131355225572,0.0,0.987452507019043,3
15,13,9,0.557131355225572,0.0,0.987452507019043,3
15,14,9,0.557131355225572,0.0,0.987452507019043,3
15,15,9,0.557131355225572,0.0,0.987452507019043,3
15,16,9,0.557131355225572,0.0,0.987452507019043,3
15,17,9,0.557131355225572,0.0,0.987452507019043,3
15,18,9,0.557131355225572,0.0,0.987452507019043,3
15,19,9,0.557131355225572,0.0,0.987452507019043,3
15,20,9,0.557131355225572,0.0,0.987452507019043,3
15,21,9,0.30248476829079063,0.17333333333333334,0.797671914100647,2
15,22,9,0.3260790436266872,0.18666666666666668,0.8151493668556213,2
15,23,9,0.38039498541074374,0.21333333333333335,0.8547048568725586,2
15,24,9,0.0,1.0,,0
15,25,9,0.0,1.0,,0
15,1,10,0.557131355225572,0.0,0.987452507019043,3
15,2,10,0.557131355225572,0.0,0.987452507019043,3
15,3,10,0.557131355225572,0.0,0.987452507019043,3
15,4,10,0.557131355225572,0.0,0.987452507019043,3
15,5,10,0.557131355225572,0.0,0.987452507019043,3
15,6,10,0.557131355225572,0.0,0.987452507019043,3
15,7,10,0.557131355225572,0.0,0.987452507019043,3
15,8,10,0.557131355225572,0.0,0.987452507019043,3
15,9,10,0.557131355225572,0.0,0.987452507019043,3
15,10,10,0.557131355225572,0.0,0.987452507019043,3
15,11,10,0.557131355225572,0.0,0.987452507019043,3
15,12,10,0.557131355225572,0.0,0.987452507019043,3
15,13,10,0.557131355225572,0.0,0.987452507019043,3
15,14,10,0.557131355225572,0.0,0.987452507019043,3
15,15,10,0.557131355225572,0.0,0.987452507019043,3
15,16,10,0.557131355225572,0.0,0.987452507019043,3
15,17,10,0.557131355225572,0.0,0.987452507019043,3
15,18,10,0.557131355225572,0.0,0.987452507019043,3
15,19,10,0.557131355225572,0.0,0.987452507019043,3
15,20,10,0.557131355225572,0.0,0.987452507019043,3
15,21,10,0.30248476829079063,0.17333333333333334,0.797671914100647,2
15,22,10,0.3260790436266872,0.18666666666666668,0.8151493668556213,2
15,23,10,0.38039498541074374,0.21333333333333335,0.8547048568725586,2
15,24,10,0.0,1.0,,0
15,25,10,0.0,1.0,,0
15,1,11,0.557131355225572,0.0,0.987452507019043,3
15,2,11,0.557131355225572,0.0,0.987452507019043,3
15,3,11,0.557131355225572,0.0,0.987452507019043,3
15,4,11,0.557131355225572,0.0,0.987452507019043,3
15,5,11,0.557131355225572,0.0,0.987452507019043,3
15,6,11,0.557131355225572,0.0,0.987452507019043,3
15,7,11,0.557131355225572,0.0,0.987452507019043,3
15,8,11,0.557131355225572,0.0,0.987452507019043,3
15,9,11,0.557131355225572,0.0,0.987452507019043,3
15,10,11,0.557131355225572,0.0,0.987452507019043,3
15,11,11,0.557131355225572,0.0,0.987452507019043,3
15,12,11,0.557131355225572,0.0,0.987452507019043,3
15,13,11,0.557131355225572,0.0,0.987452507019043,3
15,14,11,0.557131355225572,0.0,0.987452507019043,3
15,15,11,0.557131355225572,0.0,0.987452507019043,3
15,16,11,0.557131355225572,0.0,0.987452507019043,3
15,17,11,0.557131355225572,0.0,0.987452507019043,3
15,18,11,0.557131355225572,0.0,0.987452507019043,3
15,19,11,0.557131355225572,0.0,0.987452507019043,3
15,20,11,0.557131355225572,0.0,0.987452507019043,3
15,21,11,0.30248476829079063,0.17333333333333334,0.797671914100647,2
15,22,11,0.3260790436266872,0.18666666666666668,0.8151493668556213,2
15,23,11,0.38039498541074374,0.21333333333333335,0.8547048568725586,2
15,24,11,0.0,1.0,,0
15,25,11,0.0,1.0,,0
15,1,12,0.557131355225572,0.0,0.987452507019043,3
15,2,12,0.557131355225572,0.0,0.987452507019043,3
15,3,12,0.557131355225572,0.0,0.987452507019043,3
15,4,12,0.557131355225572,0.0,0.987452507019043,3
15,5,12,0.557131355225572,0.0,0.987452507019043,3
15,6,12,0.557131355225572,0.0,0.987452507019043,3
15,7,12,0.557131355225572,0.0,0.987452507019043,3
15,8,12,0.557131355225572,0.0,0.987452507019043,3
15,9,12,0.557131355225572,0.0,0.987452507019043,3
15,10,12,0.557131355225572,0.0,0.987452507019043,3
15,11,12,0.557131355225572,0.0,0.987452507019043,3
15,12,12,0.557131355225572,0.0,0.987452507019043,3
15,13,12,0.557131355225572,0.0,0.987452507019043,3
15,14,12,0.557131355225572,0.0,0.987452507019043,3
15,15,12,0.557131355225572,0.0,0.987452507019043,3
15,16,12,0.557131355225572,0.0,0.987452507019043,3
15,17,12,0.557131355225572,0.0,0.987452507019043,3
15,18,12,0.557131355225572,0.0,0.987452507019043,3
15,19,12,0.557131355225572,0.0,0.987452507019043,3
15,20,12,0.557131355225572,0.0,0.987452507019043,3
15,21,12,0.30248476829079063,0.17333333333333334,0.797671914100647,2
15,22,12,0.3260790436266872,0.18666666666666668,0.8151493668556213,2
15,23,12,0.38039498541074374,0.21333333333333335,0.8547048568725586,2
15,24,12,0.0,1.0,,0
15,25,12,0.0,1.0,,0
15,1,13,0.557131355225572,0.0,0.987452507019043,3
15,2,13,0.557131355225572,0.0,0.987452507019043,3
15,3,13,0.557131355225572,0.0,0.987452507019043,3
15,4,13,0.557131355225572,0.0,0.987452507019043,3
15,5,13,0.557131355225572,0.0,0.987452507019043,3
15,6,13,0.557131355225572,0.0,0.987452507019043,3
15,7,13,0.557131355225572,0.0,0.987452507019043,3
15,8,13,0.557131355225572,0.0,0.987452507019043,3
15,9,13,0.557131355225572,0.0,0.987452507019043,3
15,10,13,0.557131355225572,0.0,0.987452507019043,3
15,11,13,0.557131355225572,0.0,0.987452507019043,3
15,12,13,0.557131355225572,0.0,0.987452507019043,3
15,13,13,0.557131355225572,0.0,0.987452507019043,3
15,14,13,0.557131355225572,0.0,0.987452507019043,3
15,15,13,0.557131355225572,0.0,0.987452507019043,3
15,16,13,0.557131355225572,0.0,0.987452507019043,3
15,17,13,0.557131355225572,0.0,0.987452507019043,3
15,18,13,0.557131355225572,0.0,0.987452507019043,3
15,19,13,0.557131355225572,0.0,0.987452507019043,3
15,20,13,0.557131355225572,0.0,0.987452507019043,3
15,21,13,0.30248476829079063,0.17333333333333334,0.797671914100647,2
15,22,13,0.3260790436266872,0.18666666666666668,0.8151493668556213,2
15,23,13,0.38039498541074374,0.21333333333333335,0.8547048568725586,2
15,24,13,0.0,1.0,,0
15,25,13,0.0,1.0,,0
15,1,14,0.557131355225572,0.0,0.987452507019043,3
15,2,14,0.557131355225572,0.0,0.987452507019043,3
15,3,14,0.557131355225572,0.0,0.987452507019043,3
15,4,14,0.557131355225572,0.0,0.987452507019043,3
15,5,14,0.557131355225572,0.0,0.987452507019043,3
15,6,14,0.557131355225572,0.0,0.987452507019043,3
15,7,14,0.557131355225572,0.0,0.987452507019043,3
15,8,14,0.557131355225572,0.0,0.987452507019043,3
15,9,14,0.557131355225572,0.0,0.987452507019043,3
15,10,14,0.557131355225572,0.0,0.987452507019043,3
15,11,14,0.557131355225572,0.0,0.987452507019043,3
15,12,14,0.557131355225572,0.0,0.987452507019043,3
15,13,14,0.557131355225572,0.0,0.987452507019043,3
15,14,14,0.557131355225572,0.0,0.987452507019043,3
15,15,14,0.557131355225572,0.0,0.987452507019043,3
15,16,14,0.557131355225572,0.0,0.987452507019043,3
15,17,14,0.557131355225572,0.0,0.987452507019043,3
15,18,14,0.557131355225572,0.0,0.987452507019043,3
15,19,14,0.557131355225572,0.0,0.987452507019043,3
15,20,14,0.557131355225572,0.0,0.987452507019043,3
15,21,14,0.30248476829079063,0.17333333333333334,0.797671914100647,2
15,22,14,0.3260790436266872,0.18666666666666668,0.8151493668556213,2
15,23,14,0.38039498541074374,0.21333333333333335,0.8547048568725586,2
15,24,14,0.0,1.0,,0
15,25,14,0.0,1.0,,0
15,1,15,0.557131355225572,0.0,0.987452507019043,3
15,2,15,0.557131355225572,0.0,0.987452507019043,3
15,3,15,0.557131355225572,0.0,0.987452507019043,3
15,4,15,0.557131355225572,0.0,0.987452507019043,3
15,5,15,0.557131355225572,0.0,0.987452507019043,3
15,6,15,0.557131355225572,0.0,0.987452507019043,3
15,7,15,0.557131355225572,0.0,0.987452507019043,3
15,8,15,0.557131355225572,0.0,0.987452507019043,3
15,9,15,0.557131355225572,0.0,0.987452507019043,3
15,10,15,0.557131355225572,0.0,0.987452507019043,3
15,11,15,0.557131355225572,0.0,0.987452507019043,3
15,12,15,0.557131355225572,0.0,0.987452507019043,3
15,13,15,0.557131355225572,0.0,0.987452507019043,3
15,14,15,0.557131355225572,0.0,0.987452507019043,3
15,15,15,0.557131355225572,0.0,0.987452507019043,3
15,16,15,0.557131355225572,0.0,0.987452507019043,3
15,17,15,0.557131355225572,0.0,0.987452507019043,3
15,18,15,0.557131355225572,0.0,0.987452507019043,3
15,19,15,0.557131355225572,0.0,0.987452507019043,3
15,20,15,0.557131355225572,0.0,0.987452507019043,3
15,21,15,0.30248476829079063,0.17333333333333334,0.797671914100647,2
15,22,15,0.3260790436266872,0.18666666666666668,0.8151493668556213,2
15,23,15,0.38039498541074374,0.21333333333333335,0.8547048568725586,2
15,24,15,0.0,1.0,,0
15,25,15,0.0,1.0,,0
15,1,16,0.557131355225572,0.0,0.987452507019043,3
15,2,16,0.557131355225572,0.0,0.987452507019043,3
15,3,16,0.557131355225572,0.0,0.987452507019043,3
15,4,16,0.557131355225572,0.0,0.987452507019043,3
15,5,16,0.557131355225572,0.0,0.987452507019043,3
15,6,16,0.557131355225572,0.0,0.987452507019043,3
15,7,16,0.557131355225572,0.0,0.987452507019043,3
15,8,16,0.557131355225572,0.0,0.987452507019043,3
15,9,16,0.557131355225572,0.0,0.987452507019043,3
15,10,16,0.557131355225572,0.0,0.987452507019043,3
15,11,16,0.557131355225572,0.0,0.987452507019043,3
15,12,16,0.557131355225572,0.0,0.987452507019043,3
15,13,16,0.557131355225572,0.0,0.987452507019043,3
15,14,16,0.557131355225572,0.0,0.987452507019043,3
15,15,16,0.557131355225572,0.0,0.987452507019043,3
15,16,16,0.557131355225572,0.0,0.987452507019043,3
15,17,16,0.557131355225572,0.0,0.987452507019043,3
15,18,16,0.557131355225572,0.0,0.987452507019043,3
15,19,16,0.557131355225572,0.0,0.987452507019043,3
15,20,16,0.557131355225572,0.0,0.987452507019043,3
15,21,16,0.30248476829079063,0.17333333333333334,0.797671914100647,2
15,22,16,0.3260790436266872,0.18666666666666668,0.8151493668556213,2
15,23,16,0.38039498541074374,0.21333333333333335,0.8547048568725586,2
15,24,16,0.0,1.0,,0
15,25,16,0.0,1.0,,0
15,1,17,0.557131355225572,0.0,0.987452507019043,3
15,2,17,0.557131355225572,0.0,0.987452507019043,3
15,3,17,0.557131355225572,0.0,0.987452507019043,3
15,4,17,0.557131355225572,0.0,0.987452507019043,3
15,5,17,0.557131355225572,0.0,0.987452507019043,3
15,6,17,0.557131355225572,0.0,0.987452507019043,3
15,7,17,0.557131355225572,0.0,0.987452507019043,3
15,8,17,0.557131355225572,0.0,0.987452507019043,3
15,9,17,0.557131355225572,0.0,0.987452507019043,3
15,10,17,0.557131355225572,0.0,0.987452507019043,3
15,11,17,0.557131355225572,0.0,0.987452507019043,3
15,12,17,0.557131355225572,0.0,0.987452507019043,3
15,13,17,0.557131355225572,0.0,0.987452507019043,3
15,14,17,0.557131355225572,0.0,0.987452507019043,3
15,15,17,0.557131355225572,0.0,0.987452507019043,3
15,16,17,0.557131355225572,0.0,0.987452507019043,3
15,17,17,0.557131355225572,0.0,0.987452507019043,3
15,18,17,0.557131355225572,0.0,0.987452507019043,3
15,19,17,0.557131355225572,0.0,0.987452507019043,3
15,20,17,0.557131355225572,0.0,0.987452507019043,3
15,21,17,0.30248476829079063,0.17333333333333334,0.797671914100647,2
15,22,17,0.3260790436266872,0.18666666666666668,0.8151493668556213,2
15,23,17,0.38039498541074374,0.21333333333333335,0.8547048568725586,2
15,24,17,0.0,1.0,,0
15,25,17,0.0,1.0,,0
15,1,18,0.557131355225572,0.0,0.987452507019043,3
15,2,18,0.557131355225572,0.0,0.987452507019043,3
15,3,18,0.557131355225572,0.0,0.987452507019043,3
15,4,18,0.557131355225572,0.0,0.987452507019043,3
15,5,18,0.557131355225572,0.0,0.987452507019043,3
15,6,18,0.557131355225572,0.0,0.987452507019043,3
15,7,18,0.557131355225572,0.0,0.987452507019043,3
15,8,18,0.557131355225572,0.0,0.987452507019043,3
15,9,18,0.557131355225572,0.0,0.987452507019043,3
15,10,18,0.557131355225572,0.0,0.987452507019043,3
15,11,18,0.557131355225572,0.0,0.987452507019043,3
15,12,18,0.557131355225572,0.0,0.987452507019043,3
15,13,18,0.557131355225572,0.0,0.987452507019043,3
15,14,18,0.557131355225572,0.0,0.987452507019043,3
15,15,18,0.557131355225572,0.0,0.987452507019043,3
15,16,18,0.557131355225572,0.0,0.987452507019043,3
15,17,18,0.557131355225572,0.0,0.987452507019043,3
15,18,18,0.557131355225572,0.0,0.987452507019043,3
15,19,18,0.557131355225572,0.0,0.987452507019043,3
15,20,18,0.557131355225572,0.0,0.987452507019043,3
15,21,18,0.30248476829079063,0.17333333333333334,0.797671914100647,2
15,22,18,0.3260790436266872,0.18666666666666668,0.8151493668556213,2
15,23,18,0.38039498541074374,0.21333333333333335,0.8547048568725586,2
15,24,18,0.0,1.0,,0
15,25,18,0.0,1.0,,0
15,1,19,0.557131355225572,0.0,0.987452507019043,3
15,2,19,0.557131355225572,0.0,0.987452507019043,3
15,3,19,0.557131355225572,0.0,0.987452507019043,3
15,4,19,0.557131355225572,0.0,0.987452507019043,3
15,5,19,0.557131355225572,0.0,0.987452507019043,3
15,6,19,0.557131355225572,0.0,0.987452507019043,3
15,7,19,0.557131355225572,0.0,0.987452507019043,3
15,8,19,0.557131355225572,0.0,0.987452507019043,3
15,9,19,0.557131355225572,0.0,0.987452507019043,3
15,10,19,0.557131355225572,0.0,0.987452507019043,3
15,11,19,0.557131355225572,0.0,0.987452507019043,3
15,12,19,0.557131355225572,0.0,0.987452507019043,3
15,13,19,0.557131355225572,0.0,0.987452507019043,3
15,14,19,0.557131355225572,0.0,0.987452507019043,3
15,15,19,0.557131355225572,0.0,0.987452507019043,3
15,16,19,0.557131355225572,0.0,0.987452507019043,3
15,17,19,0.557131355225572,0.0,0.987452507019043,3
15,18,19,0.557131355225572,0.0,0.987452507019043,3
15,19,19,0.557131355225572,0.0,0.987452507019043,3
15,20,19,0.557131355225572,0.0,0.987452507019043,3
15,21,19,0.30248476829079063,0.17333333333333334,0.797671914100647,2
15,22,19,0.3260790436266872,0.18666666666666668,0.8151493668556213,2
15,23,19,0.38039498541074374,0.21333333333333335,0.8547048568725586,2
15,24,19,0.0,1.0,,0
15,25,19,0.0,1.0,,0
15,1,20,0.557131355225572,0.0,0.987452507019043,3
15,2,20,0.557131355225572,0.0,0.987452507019043,3
15,3,20,0.557131355225572,0.0,0.987452507019043,3
15,4,20,0.557131355225572,0.0,0.987452507019043,3
15,5,20,0.557131355225572,0.0,0.987452507019043,3
15,6,20,0.557131355225572,0.0,0.987452507019043,3
15,7,20,0.557131355225572,0.0,0.987452507019043,3
15,8,20,0.557131355225572,0.0,0.987452507019043,3
15,9,20,0.557131355225572,0.0,0.987452507019043,3
15,10,20,0.557131355225572,0.0,0.987452507019043,3
15,11,20,0.557131355225572,0.0,0.987452507019043,3
15,12,20,0.557131355225572,0.0,0.987452507019043,3
15,13,20,0.557131355225572,0.0,0.987452507019043,3
15,14,20,0.557131355225572,0.0,0.987452507019043,3
15,15,20,0.557131355225572,0.0,0.987452507019043,3
15,16,20,0.557131355225572,0.0,0.987452507019043,3
15,17,20,0.557131355225572,0.0,0.987452507019043,3
15,18,20,0.557131355225572,0.0,0.987452507019043,3
15,19,20,0.557131355225572,0.0,0.987452507019043,3
15,20,20,0.557131355225572,0.0,0.987452507019043,3
15,21,20,0.30248476829079063,0.17333333333333334,0.797671914100647,2
15,22,20,0.3260790436266872,0.18666666666666668,0.8151493668556213,2
15,23,20,0.38039498541074374,0.21333333333333335,0.8547048568725586,2
15,24,20,0.0,1.0,,0
15,25,20,0.0,1.0,,0
15,1,21,0.557131355225572,0.0,0.987452507019043,3
15,2,21,0.557131355225572,0.0,0.987452507019043,3
15,3,21,0.557131355225572,0.0,0.987452507019043,3
15,4,21,0.557131355225572,0.0,0.987452507019043,3
15,5,21,0.557131355225572,0.0,0.987452507019043,3
15,6,21,0.557131355225572,0.0,0.987452507019043,3
15,7,21,0.557131355225572,0.0,0.987452507019043,3
15,8,21,0.557131355225572,0.0,0.987452507019043,3
15,9,21,0.557131355225572,0.0,0.987452507019043,3
15,10,21,0.557131355225572,0.0,0.987452507019043,3
15,11,21,0.557131355225572,0.0,0.987452507019043,3
15,12,21,0.557131355225572,0.0,0.987452507019043,3
15,13,21,0.557131355225572,0.0,0.987452507019043,3
15,14,21,0.557131355225572,0.0,0.987452507019043,3
15,15,21,0.557131355225572,0.0,0.987452507019043,3
15,16,21,0.557131355225572,0.0,0.987452507019043,3
15,17,21,0.557131355225572,0.0,0.987452507019043,3
15,18,21,0.557131355225572,0.0,0.987452507019043,3
15,19,21,0.557131355225572,0.0,0.987452507019043,3
15,20,21,0.557131355225572,0.0,0.987452507019043,3
15,21,21,0.30248476829079063,0.17333333333333334,0.797671914100647,2
15,22,21,0.3260790436266872,0.18666666666666668,0.8151493668556213,2
15,23,21,0.38039498541074374,0.21333333333333335,0.8547048568725586,2
15,24,21,0.0,1.0,,0
15,25,21,0.0,1.0,,0
15,1,22,0.557131355225572,0.28,0.9883877635002136,2
15,2,22,0.1979004016830161,0.0,0.6642984747886658,2
15,3,22,0.557131355225572,0.28,0.9883877635002136,2
15,4,22,0.557131355225572,0.28,0.9883877635002136,2
15,5,22,0.557131355225572,0.28,0.9883877635002136,2
15,6,22,0.557131355225572,0.28,0.9883877635002136,2
15,7,22,0.557131355225572,0.28,0.9883877635002136,2
15,8,22,0.557131355225572,0.28,0.9883877635002136,2
15,9,22,0.557131355225572,0.28,0.9883877635002136,2
15,10,22,0.557131355225572,0.28,0.9883877635002136,2
15,11,22,0.557131355225572,0.28,0.9883877635002136,2
15,12,22,0.557131355225572,0.28,0.9883877635002136,2
15,13,22,0.557131355225572,0.28,0.9883877635002136,2
15,14,22,0.557131355225572,0.28,0.9883877635002136,2
15,15,22,0.557131355225572,0.28,0.9883877635002136,2
15,16,22,0.557131355225572,0.28,0.9883877635002136,2
15,17,22,0.557131355225572,0.28,0.9883877635002136,2
15,18,22,0.557131355225572,0.28,0.9883877635002136,2
15,19,22,0.557131355225572,0.28,0.9883877635002136,2
15,20,22,0.557131355225572,0.28,0.9883877635002136,2
15,21,22,0.30248476829079063,0.17333333333333334,0.797671914100647,2
15,22,22,0.3260790436266872,0.18666666666666668,0.8151493668556213,2
15,23,22,0.38039498541074374,0.21333333333333335,0.8547048568725586,2
15,24,22,0.0,1.0,,0
15,25,22,0.0,1.0,,0
15,1,23,0.557131355225572,0.28,0.9883877635002136,2
15,2,23,0.1979004016830161,0.0,0.6642984747886658,2
15,3,23,0.557131355225572,0.28,0.9883877635002136,2
15,4,23,0.557131355225572,0.28,0.9883877635002136,2
15,5,23,0.557131355225572,0.28,0.9883877635002136,2
15,6,23,0.557131355225572,0.28,0.9883877635002136,2
15,7,23,0.557131355225572,0.28,0.9883877635002136,2
15,8,23,0.557131355225572,0.28,0.9883877635002136,2
15,9,23,0.557131355225572,0.28,0.9883877635002136,2
15,10,23,0.557131355225572,0.28,0.9883877635002136,2
15,11,23,0.557131355225572,0.28,0.9883877635002136,2
15,12,23,0.557131355225572,0.28,0.9883877635002136,2
15,13,23,0.557131355225572,0.28,0.9883877635002136,2
15,14,23,0.557131355225572,0.28,0.9883877635002136,2
15,15,23,0.557131355225572,0.28,0.9883877635002136,2
15,16,23,0.557131355225572,0.28,0.9883877635002136,2
15,17,23,0.557131355225572,0.28,0.9883877635002136,2
15,18,23,0.557131355225572,0.28,0.9883877635002136,2
15,19,23,0.557131355225572,0.28,0.9883877635002136,2
15,20,23,0.557131355225572,0.28,0.9883877635002136,2
15,21,23,0.30248476829079063,0.17333333333333334,0.797671914100647,2
15,22,23,0.3260790436266872,0.18666666666666668,0.8151493668556213,2
15,23,23,0.38039498541074374,0.21333333333333335,0.8547048568725586,2
15,24,23,0.0,1.0,,0
15,25,23,0.0,1.0,,0
15,1,24,0.557131355225572,0.28,0.9883877635002136,2
15,2,24,0.1979004016830161,0.0,0.6642984747886658,2
15,3,24,0.557131355225572,0.28,0.9883877635002136,2
15,4,24,0.557131355225572,0.28,0.9883877635002136,2
15,5,24,0.557131355225572,0.28,0.9883877635002136,2
15,6,24,0.557131355225572,0.28,0.9883877635002136,2
15,7,24,0.557131355225572,0.28,0.9883877635002136,2
15,8,24,0.557131355225572,0.28,0.9883877635002136,2
15,9,24,0.557131355225572,0.28,0.9883877635002136,2
15,10,24,0.557131355225572,0.28,0.9883877635002136,2
15,11,24,0.557131355225572,0.28,0.9883877635002136,2
15,12,24,0.557131355225572,0.28,0.9883877635002136,2
15,13,24,0.557131355225572,0.28,0.9883877635002136,2
15,14,24,0.557131355225572,0.28,0.9883877635002136,2
15,15,24,0.557131355225572,0.28,0.9883877635002136,2
15,16,24,0.557131355225572,0.28,0.9883877635002136,2
15,17,24,0.557131355225572,0.28,0.9883877635002136,2
15,18,24,0.557131355225572,0.28,0.9883877635002136,2
15,19,24,0.557131355225572,0.28,0.9883877635002136,2
15,20,24,0.557131355225572,0.28,0.9883877635002136,2
15,21,24,0.30248476829079063,0.17333333333333334,0.797671914100647,2
15,22,24,0.3260790436266872,0.18666666666666668,0.8151493668556213,2
15,23,24,0.38039498541074374,0.21333333333333335,0.8547048568725586,2
15,24,24,0.0,1.0,,0
15,25,24,0.0,1.0,,0
15,1,25,0.0,1.0,,0
15,2,25,0.0,1.0,,0
15,3,25,0.0,1.0,,0
15,4,25,0.0,1.0,,0
15,5,25,0.0,1.0,,0
15,6,25,0.0,1.0,,0
15,7,25,0.0,1.0,,0
15,8,25,0.0,1.0,,0
15,9,25,0.0,1.0,,0
15,10,25,0.0,1.0,,0
15,11,25,0.0,1.0,,0
15,12,25,0.0,1.0,,0
15,13,25,0.0,1.0,,0
15,14,25,0.0,1.0,,0
15,15,25,0.0,1.0,,0
15,16,25,0.0,1.0,,0
15,17,25,0.0,1.0,,0
15,18,25,0.0,1.0,,0
15,19,25,0.0,1.0,,0
15,20,25,0.0,1.0,,0
15,21,25,0.0,1.0,,0
15,22,25,0.0,1.0,,0
15,23,25,0.0,1.0,,0
15,24,25,0.0,1.0,,0
15,25,25,0.0,1.0,,0
16,1,2,0.7269572165885977,0.013333333333333334,0.6007186770439148,6
16,2,2,0.557131355225572,0.0,0.9855822920799255,3
16,3,2,0.557131355225572,0.0,0.9855822920799255,3
16,4,2,0.557131355225572,0.0,0.9855822920799255,3
16,5,2,0.557131355225572,0.0,0.9855822920799255,3
16,6,2,0.557131355225572,0.0,0.9855822920799255,3
16,7,2,0.557131355225572,0.0,0.9855822920799255,3
16,8,2,0.557131355225572,0.0,0.9855822920799255,3
16,9,2,0.557131355225572,0.0,0.9855822920799255,3
16,10,2,0.557131355225572,0.0,0.9855822920799255,3
16,11,2,0.557131355225572,0.0,0.9855822920799255,3
16,12,2,0.557131355225572,0.0,0.9855822920799255,3
16,13,2,0.557131355225572,0.0,0.9855822920799255,3
16,14,2,0.557131355225572,0.0,0.9855822920799255,3
16,15,2,0.557131355225572,0.0,0.9855822920799255,3
16,16,2,0.557131355225572,0.0,0.9855822920799255,3
16,17,2,0.557131355225572,0.0,0.9855822920799255,3
16,18,2,0.557131355225572,0.0,0.9855822920799255,3
16,19,2,0.557131355225572,0.0,0.9855822920799255,3
16,20,2,0.557131355225572,0.0,0.9855822920799255,3
16,21,2,0.4795549182624055,0.25333333333333335,0.9076589941978455,2
16,22,2,0.4795549182624055,0.25333333333333335,0.9076589941978455,2
16,23,2,0.4874637903073013,0.25333333333333335,0.9250262975692749,2
16,24,2,0.0,1.0,,0
16,25,2,0.0,1.0,,0
16,1,3,0.7269572165885977,0.013333333333333334,0.6007186770439148,6
16,2,3,0.557131355225572,0.0,0.9855822920799255,3
16,3,3,0.557131355225572,0.0,0.9855822920799255,3
16,4,3,0.557131355225572,0.0,0.9855822920799255,3
16,5,3,0.557131355225572,0.0,0.9855822920799255,3
16,6,3,0.557131355225572,0.0,0.9855822920799255,3
16,7,3,0.557131355225572,0.0,0.9855822920799255,3
16,8,3,0.557131355225572,0.0,0.9855822920799255,3
16,9,3,0.557131355225572,0.0,0.9855822920799255,3
16,10,3,0.557131355225572,0.0,0.9855822920799255,3
16,11,3,0.557131355225572,0.0,0.9855822920799255,3
16,12,3,0.557131355225572,0.0,0.9855822920799255,3
16,13,3,0.557131355225572,0.0,0.9855822920799255,3
16,14,3,0.557131355225572,0.0,0.9855822920799255,3
16,15,3,0.557131355225572,0.0,0.9855822920799255,3
16,16,3,0.557131355225572,0.0,0.9855822920799255,3
16,17,3,0.557131355225572,0.0,0.9855822920799255,3
16,18,3,0.557131355225572,0.0,0.9855822920799255,3
16,19,3,0.557131355225572,0.0,0.9855822920799255,3
16,20,3,0.557131355225572,0.0,0.9855822920799255,3
16,21,3,0.4795549182624055,0.25333333333333335,0.9076589941978455,2
16,22,3,0.4795549182624055,0.25333333333333335,0.9076589941978455,2
16,23,3,0.4874637903073013,0.25333333333333335,0.9250262379646301,2
16,24,3,0.0,1.0,,0
16,25,3,0.0,1.0,,0
16,1,4,0.7269572165885977,0.013333333333333334,0.6007186770439148,6
16,2,4,0.557131355225572,0.0,0.9855822920799255,3
16,3,4,0.557131355225572,0.0,0.9855822920799255,3
16,4,4,0.557131355225572,0.0,0.9855822920799255,3
16,5,4,0.557131355225572,0.0,0.9855822920799255,3
16,6,4,0.557131355225572,0.0,0.9855822920799255,3
16,7,4,0.557131355225572,0.0,0.9855822920799255,3
16,8,4,0.557131355225572,0.0,0.9855822920799255,3
16,9,4,0.557131355225572,0.0,0.9855822920799255,3
16,10,4,0.557131355225572,0.0,0.9855822920799255,3
16,11,4,0.557131355225572,0.0,0.9855822920799255,3
16,12,4,0.557131355225572,0.0,0.9855822920799255,3
16,13,4,0.557131355225572,0.0,0.9855822920799255,3
16,14,4,0.557131355225572,0.0,0.9855822920799255,3
16,15,4,0.557131355225572,0.0,0.9855822920799255,3
16,16,4,0.557131355225572,0.0,0.9855822920799255,3
16,17,4,0.557131355225572,0.0,0.9855822920799255,3
16,18,4,0.557131355225572,0.0,0.9855822920799255,3
16,19,4,0.557131355225572,0.0,0.9855822920799255,3
16,20,4,0.557131355225572,0.0,0.9855822920799255,3
16,21,4,0.4795549182624055,0.25333333333333335,0.9076589345932007,2
16,22,4,0.4795549182624055,0.25333333333333335,0.9076589345932007,2
16,23,4,0.4874637903073013,0.25333333333333335,0.9250262975692749,2
16,24,4,0.0,1.0,,0
16,25,4,0.0,1.0,,0
16,1,5,0.6451186417089974,0.0,0.8926197290420532,4
16,2,5,0.6484677455276404,0.013333333333333334,0.8973219394683838,4
16,3,5,0.557131355225572,0.0,0.9855822920799255,3
16,4,5,0.557131355225572,0.0,0.9855822920799255,3
16,5,5,0.557131355225572,0.0,0.9855822920799255,3
16,6,5,0.557131355225572,0.0,0.9855822920799255,3
16,7,5,0.557131355225572,0.0,0.9855822920799255,3
16,8,5,0.557131355225572,0.0,0.9855822920799255,3
16,9,5,0.557131355225572,0.0,0.9855822920799255,3
16,10,5,0.557131355225572,0.0,0.9855822920799255,3
16,11,5,0.557131355225572,0.0,0.9855822920799255,3
16,12,5,0.557131355225572,0.0,0.9855822920799255,3
16,13,5,0.557131355225572,0.0,0.9855822920799255,3
16,14,5,0.557131355225572,0.0,0.9855822920799255,3
16,15,5,0.557131355225572,0.0,0.9855822920799255,3
16,16,5,0.557131355225572,0.0,0.9855822920799255,3
16,17,5,0.557131355225572,0.0,0.9855822920799255,3
16,18,5,0.557131355225572,0.0,0.9855822920799255,3
16,19,5,0.557131355225572,0.0,0.9855822920799255,3
16,20,5,0.557131355225572,0.0,0.9855822920799255,3
16,21,5,0.4795549182624055,0.25333333333333335,0.9076589941978455,2
16,22,5,0.4795549182624055,0.25333333333333335,0.9076589941978455,2
16,23,5,0.4874637903073013,0.25333333333333335,0.9250262975692749,2
16,24,5,0.0,1.0,,0
16,25,5,0.0,1.0,,0
16,1,6,0.6451186417089974,0.0,0.8926197290420532,4
16,2,6,0.6484677455276404,0.013333333333333334,0.8973219394683838,4
16,3,6,0.557131355225572,0.0,0.9855822920799255,3
16,4,6,0.557131355225572,0.0,0.9855822920799255,3
16,5,6,0.557131355225572,0.0,0.9855822920799255,3
16,6,6,0.557131355225572,0.0,0.9855822920799255,3
16,7,6,0.557131355225572,0.0,0.9855822920799255,3
16,8,6,0.557131355225572,0.0,0.9855822920799255,3
16,9,6,0.557131355225572,0.0,0.9855822920799255,3
16,10,6,0.557131355225572,0.0,0.9855822920799255,3
16,11,6,0.557131355225572,0.0,0.9855822920799255,3
16,12,6,0.557131355225572,0.0,0.9855822920799255,3
16,13,6,0.557131355225572,0.0,0.9855822920799255,3
16,14,6,0.557131355225572,0.0,0.9855822920799255,3
16,15,6,0.557131355225572,0.0,0.9855822920799255,3
16,16,6,0.557131355225572,0.0,0.9855822920799255,3
16,17,6,0.557131355225572,0.0,0.9855822920799255,3
16,18,6,0.557131355225572,0.0,0.9855822920799255,3
16,19,6,0.557131355225572,0.0,0.9855822920799255,3
16,20,6,0.557131355225572,0.0,0.9855822920799255,3
16,21,6,0.4795549182624055,0.25333333333333335,0.9076589345932007,2
16,22,6,0.4795549182624055,0.25333333333333335,0.9076589941978455,2
16,23,6,0.4874637903073013,0.25333333333333335,0.9250262379646301,2
16,24,6,0.0,1.0,,0
16,25,6,0.0,1.0,,0
16,1,7,0.557131355225572,0.0,0.9855822920799255,3
16,2,7,0.557131355225572,0.0,0.9855822920799255,3
16,3,7,0.557131355225572,0.0,0.9855822920799255,3
16,4,7,0.557131355225572,0.0,0.9855822920799255,3
16,5,7,0.557131355225572,0.0,0.9855822920799255,3
16,6,7,0.557131355225572,0.0,0.9855822920799255,3
16,7,7,0.557131355225572,0.0,0.9855822920799255,3
16,8,7,0.557131355225572,0.0,0.9855822920799255,3
16,9,7,0.557131355225572,0.0,0.9855822920799255,3
16,10,7,0.557131355225572,0.0,0.9855822920799255,3
16,11,7,0.557131355225572,0.0,0.9855822920799255,3
16,12,7,0.557131355225572,0.0,0.9855822920799255,3
16,13,7,0.557131355225572,0.0,0.9855822920799255,3
16,14,7,0.557131355225572,0.0,0.9855822920799255,3
16,15,7,0.557131355225572,0.0,0.9855822920799255,3
16,16,7,0.557131355225572,0.0,0.9855822920799255,3
16,17,7,0.557131355225572,0.0,0.9855822920799255,3
16,18,7,0.557131355225572,0.0,0.9855822920799255,3
16,19,7,0.557131355225572,0.0,0.9855822920799255,3
16,20,7,0.557131355225572,0.0,0.9855822920799255,3
16,21,7,0.4795549182624055,0.25333333333333335,0.9076589941978455,2
16,22,7,0.4795549182624055,0.25333333333333335,0.9076589941978455,2
16,23,7,0.4874637903073013,0.25333333333333335,0.9250262975692749,2
16,24,7,0.0,1.0,,0
16,25,7,0.0,1.0,,0
16,1,8,0.557131355225572,0.0,0.9855822920799255,3
16,2,8,0.557131355225572,0.0,0.9855822920799255,3
16,3,8,0.557131355225572,0.0,0.9855822920799255,3
16,4,8,0.557131355225572,0.0,0.9855822920799255,3
16,5,8,0.557131355225572,0.0,0.9855822920799255,3
16,6,8,0.557131355225572,0.0,0.9855822920799255,3
16,7,8,0.557131355225572,0.0,0.9855822920799255,3
16,8,8,0.557131355225572,0.0,0.9855822920799255,3
16,9,8,0.557131355225572,0.0,0.9855822920799255,3
16,10,8,0.557131355225572,0.0,0.9855822920799255,3
16,11,8,0.557131355225572,0.0,0.9855822920799255,3
16,12,8,0.557131355225572,0.0,0.9855822920799255,3
16,13,8,0.557131355225572,0.0,0.9855822920799255,3
16,14,8,0.557131355225572,0.0,0.9855822920799255,3
16,15,8,0.557131355225572,0.0,0.9855822920799255,3
16,16,8,0.557131355225572,0.0,0.9855822920799255,3
16,17,8,0.557131355225572,0.0,0.9855822920799255,3
16,18,8,0.557131355225572,0.0,0.9855822920799255,3
16,19,8,0.557131355225572,0.0,0.9855822920799255,3
16,20,8,0.557131355225572,0.0,0.9855822920799255,3
16,21,8,0.4795549182624055,0.25333333333333335,0.9076589941978455,2
16,22,8,0.4795549182624055,0.25333333333333335,0.9076589941978455,2
16,23,8,0.4874637903073013,0.25333333333333335,0.9250262975692749,2
16,24,8,0.0,1.0,,0
16,25,8,0.0,1.0,,0
16,1,9,0.557131355225572,0.0,0.9855822920799255,3
16,2,9,0.557131355225572,0.0,0.9855822920799255,3
16,3,9,0.557131355225572,0.0,0.9855822920799255,3
16,4,9,0.557131355225572,0.0,0.9855822920799255,3
16,5,9,0.557131355225572,0.0,0.9855822920799255,3
16,6,9,0.557131355225572,0.0,0.9855822920799255,3
16,7,9,0.557131355225572,0.0,0.9855822920799255,3
16,8,9,0.557131355225572,0.0,0.9855822920799255,3
16,9,9,0.557131355225572,0.0,0.9855822920799255,3
16,10,9,0.557131355225572,0.0,0.9855822920799255,3
16,11,9,0.557131355225572,0.0,0.9855822920799255,3
16,12,9,0.557131355225572,0.0,0.9855822920799255,3
16,13,9,0.557131355225572,0.0,0.9855822920799255,3
16,14,9,0.557131355225572,0.0,0.9855822920799255,3
16,15,9,0.557131355225572,0.0,0.9855822920799255,3
16,16,9,0.557131355225572,0.0,0.9855822920799255,3
16,17,9,0.557131355225572,0.0,0.9855822920799255,3
16,18,9,0.557131355225572,0.0,0.9855822920799255,3
16,19,9,0.557131355225572,0.0,0.9855822920799255,3
16,20,9,0.557131355225572,0.0,0.9855822920799255,3
16,21,9,0.4795549182624055,0.25333333333333335,0.9076589941978455,2
16,22,9,0.4795549182624055,0.25333333333333335,0.9076589941978455,2
16,23,9,0.4874637903073013,0.25333333333333335,0.9250262975692749,2
16,24,9,0.0,1.0,,0
16,25,9,0.0,1.0,,0
16,1,10,0.557131355225572,0.0,0.9855822920799255,3
16,2,10,0.557131355225572,0.0,0.9855822920799255,3
16,3,10,0.557131355225572,0.0,0.9855822920799255,3
16,4,10,0.557131355225572,0.0,0.9855822920799255,3
16,5,10,0.557131355225572,0.0,0.9855822920799255,3
16,6,10,0.557131355225572,0.0,0.9855822920799255,3
16,7,10,0.557131355225572,0.0,0.9855822920799255,3
16,8,10,0.557131355225572,0.0,0.9855822920799255,3
16,9,10,0.557131355225572,0.0,0.9855822920799255,3
16,10,10,0.557131355225572,0.0,0.9855822920799255,3
16,11,10,0.557131355225572,0.0,0.9855822920799255,3
16,12,10,0.557131355225572,0.0,0.9855822920799255,3
16,13,10,0.557131355225572,0.0,0.9855822920799255,3
16,14,10,0.557131355225572,0.0,0.9855822920799255,3
16,15,10,0.557131355225572,0.0,0.9855822920799255,3
16,16,10,0.557131355225572,0.0,0.9855822920799255,3
16,17,10,0.557131355225572,0.0,0.9855822920799255,3
16,18,10,0.557131355225572,0.0,0.9855822920799255,3
16,19,10,0.557131355225572,0.0,0.9855822920799255,3
16,20,10,0.557131355225572,0.0,0.9855822920799255,3
16,21,10,0.4795549182624055,0.25333333333333335,0.9076589941978455,2
16,22,10,0.4795549182624055,0.25333333333333335,0.9076589941978455,2
16,23,10,0.4874637903073013,0.25333333333333335,0.9250262379646301,2
16,24,10,0.0,1.0,,0
16,25,10,0.0,1.0,,0
16,1,11,0.557131355225572,0.0,0.9855822920799255,3
16,2,11,0.557131355225572,0.0,0.9855822920799255,3
16,3,11,0.557131355225572,0.0,0.9855822920799255,3
16,4,11,0.557131355225572,0.0,0.9855822920799255,3
16,5,11,0.557131355225572,0.0,0.9855822920799255,3
16,6,11,0.557131355225572,0.0,0.9855822920799255,3
16,7,11,0.557131355225572,0.0,0.9855822920799255,3
16,8,11,0.557131355225572,0.0,0.9855822920799255,3
16,9,11,0.557131355225572,0.0,0.9855822920799255,3
16,10,11,0.557131355225572,0.0,0.9855822920799255,3
16,11,11,0.557131355225572,0.0,0.9855822920799255,3
16,12,11,0.557131355225572,0.0,0.9855822920799255,3
16,13,11,0.557131355225572,0.0,0.9855822920799255,3
16,14,11,0.557131355225572,0.0,0.9855822920799255,3
16,15,11,0.557131355225572,0.0,0.9855822920799255,3
16,16,11,0.557131355225572,0.0,0.9855822920799255,3
16,17,11,0.557131355225572,0.0,0.9855822920799255,3
16,18,11,0.557131355225572,0.0,0.9855822920799255,3
16,19,11,0.557131355225572,0.0,0.9855822920799255,3
16,20,11,0.557131355225572,0.0,0.9855822920799255,3
16,21,11,0.4795549182624055,0.25333333333333335,0.9076589941978455,2
16,22,11,0.4795549182624055,0.25333333333333335,0.9076589941978455,2
16,23,11,0.4874637903073013,0.25333333333333335,0.9250262975692749,2
16,24,11,0.0,1.0,,0
16,25,11,0.0,1.0,,0
16,1,12,0.557131355225572,0.0,0.9855822920799255,3
16,2,12,0.557131355225572,0.0,0.9855822920799255,3
16,3,12,0.557131355225572,0.0,0.9855822920799255,3
16,4,12,0.557131355225572,0.0,0.9855822920799255,3
16,5,12,0.557131355225572,0.0,0.9855822920799255,3
16,6,12,0.557131355225572,0.0,0.9855822920799255,3
16,7,12,0.557131355225572,0.0,0.9855822920799255,3
16,8,12,0.557131355225572,0.0,0.9855822920799255,3
16,9,12,0.557131355225572,0.0,0.9855822920799255,3
16,10,12,0.557131355225572,0.0,0.9855822920799255,3
16,11,12,0.557131355225572,0.0,0.9855822920799255,3
16,12,12,0.557131355225572,0.0,0.9855822920799255,3
16,13,12,0.557131355225572,0.0,0.9855822920799255,3
16,14,12,0.557131355225572,0.0,0.9855822920799255,3
16,15,12,0.557131355225572,0.0,0.9855822920799255,3
16,16,12,0.557131355225572,0.0,0.9855822920799255,3
16,17,12,0.557131355225572,0.0,0.9855822920799255,3
16,18,12,0.557131355225572,0.0,0.9855822920799255,3
16,19,12,0.557131355225572,0.0,0.9855822920799255,3
16,20,12,0.557131355225572,0.0,0.9855822920799255,3
16,21,12,0.4795549182624055,0.25333333333333335,0.9076589941978455,2
16,22,12,0.4795549182624055,0.25333333333333335,0.9076589941978455,2
16,23,12,0.4874637903073013,0.25333333333333335,0.9250262975692749,2
16,24,12,0.0,1.0,,0
16,25,12,0.0,1.0,,0
16,1,13,0.557131355225572,0.0,0.9855822920799255,3
16,2,13,0.557131355225572,0.0,0.9855822920799255,3
16,3,13,0.557131355225572,0.0,0.9855822920799255,3
16,4,13,0.557131355225572,0.0,0.9855822920799255,3
16,5,13,0.557131355225572,0.0,0.9855822920799255,3
16,6,13,0.557131355225572,0.0,0.9855822920799255,3
16,7,13,0.557131355225572,0.0,0.9855822920799255,3
16,8,13,0.557131355225572,0.0,0.9855822920799255,3
16,9,13,0.557131355225572,0.0,0.9855822920799255,3
16,10,13,0.557131355225572,0.0,0.9855822920799255,3
16,11,13,0.557131355225572,0.0,0.9855822920799255,3
16,12,13,0.557131355225572,0.0,0.9855822920799255,3
16,13,13,0.557131355225572,0.0,0.9855822920799255,3
16,14,13,0.557131355225572,0.0,0.9855822920799255,3
16,15,13,0.557131355225572,0.0,0.9855822920799255,3
16,16,13,0.557131355225572,0.0,0.9855822920799255,3
16,17,13,0.557131355225572,0.0,0.9855822920799255,3
16,18,13,0.557131355225572,0.0,0.9855822920799255,3
16,19,13,0.557131355225572,0.0,0.9855822920799255,3
16,20,13,0.557131355225572,0.0,0.9855822920799255,3
16,21,13,0.4795549182624055,0.25333333333333335,0.9076589941978455,2
16,22,13,0.4795549182624055,0.25333333333333335,0.9076589941978455,2
16,23,13,0.4874637903073013,0.25333333333333335,0.9250262379646301,2
16,24,13,0.0,1.0,,0
16,25,13,0.0,1.0,,0
16,1,14,0.557131355225572,0.0,0.9855822920799255,3
16,2,14,0.557131355225572,0.0,0.9855822920799255,3
16,3,14,0.557131355225572,0.0,0.9855822920799255,3
16,4,14,0.557131355225572,0.0,0.9855822920799255,3
16,5,14,0.557131355225572,0.0,0.9855822920799255,3
16,6,14,0.557131355225572,0.0,0.9855822920799255,3
16,7,14,0.557131355225572,0.0,0.9855822920799255,3
16,8,14,0.557131355225572,0.0,0.9855822920799255,3
16,9,14,0.557131355225572,0.0,0.9855822920799255,3
16,10,14,0.557131355225572,0.0,0.9855822920799255,3
16,11,14,0.557131355225572,0.0,0.9855822920799255,3
16,12,14,0.557131355225572,0.0,0.9855822920799255,3
16,13,14,0.557131355225572,0.0,0.9855822920799255,3
16,14,14,0.557131355225572,0.0,0.9855822920799255,3
16,15,14,0.557131355225572,0.0,0.9855822920799255,3
16,16,14,0.557131355225572,0.0,0.9855822920799255,3
16,17,14,0.557131355225572,0.0,0.9855822920799255,3
16,18,14,0.557131355225572,0.0,0.9855822920799255,3
16,19,14,0.557131355225572,0.0,0.9855822920799255,3
16,20,14,0.557131355225572,0.0,0.9855822920799255,3
16,21,14,0.4795549182624055,0.25333333333333335,0.9076589941978455,2
16,22,14,0.4795549182624055,0.25333333333333335,0.9076589941978455,2
16,23,14,0.4874637903073013,0.25333333333333335,0.9250262379646301,2
16,24,14,0.0,1.0,,0
16,25,14,0.0,1.0,,0
16,1,15,0.557131355225572,0.0,0.9855822920799255,3
16,2,15,0.557131355225572,0.0,0.9855822920799255,3
16,3,15,0.557131355225572,0.0,0.9855822920799255,3
16,4,15,0.557131355225572,0.0,0.9855822920799255,3
16,5,15,0.557131355225572,0.0,0.9855822920799255,3
16,6,15,0.557131355225572,0.0,0.9855822920799255,3
16,7,15,0.557131355225572,0.0,0.9855822920799255,3
16,8,15,0.557131355225572,0.0,0.9855822920799255,3
16,9,15,0.557131355225572,0.0,0.9855822920799255,3
16,10,15,0.557131355225572,0.0,0.9855822920799255,3
16,11,15,0.557131355225572,0.0,0.9855822920799255,3
16,12,15,0.557131355225572,0.0,0.9855822920799255,3
16,13,15,0.557131355225572,0.0,0.9855822920799255,3
16,14,15,0.557131355225572,0.0,0.9855822920799255,3
16,15,15,0.557131355225572,0.0,0.9855822920799255,3
16,16,15,0.557131355225572,0.0,0.9855822920799255,3
16,17,15,0.557131355225572,0.0,0.9855822920799255,3
16,18,15,0.557131355225572,0.0,0.9855822920799255,3
16,19,15,0.557131355225572,0.0,0.9855822920799255,3
16,20,15,0.557131355225572,0.0,0.9855822920799255,3
16,21,15,0.4795549182624055,0.25333333333333335,0.9076589941978455,2
16,22,15,0.4795549182624055,0.25333333333333335,0.9076589941978455,2
16,23,15,0.4874637903073013,0.25333333333333335,0.9250262975692749,2
16,24,15,0.0,1.0,,0
16,25,15,0.0,1.0,,0
16,1,16,0.557131355225572,0.0,0.9855822920799255,3
16,2,16,0.557131355225572,0.0,0.9855822920799255,3
16,3,16,0.557131355225572,0.0,0.9855822920799255,3
16,4,16,0.557131355225572,0.0,0.9855822920799255,3
16,5,16,0.557131355225572,0.0,0.9855822920799255,3
16,6,16,0.557131355225572,0.0,0.9855822920799255,3
16,7,16,0.557131355225572,0.0,0.9855822920799255,3
16,8,16,0.557131355225572,0.0,0.9855822920799255,3
16,9,16,0.557131355225572,0.0,0.9855822920799255,3
16,10,16,0.557131355225572,0.0,0.9855822920799255,3
16,11,16,0.557131355225572,0.0,0.9855822920799255,3
16,12,16,0.557131355225572,0.0,0.9855822920799255,3
16,13,16,0.557131355225572,0.0,0.9855822920799255,3
16,14,16,0.557131355225572,0.0,0.9855822920799255,3
16,15,16,0.557131355225572,0.0,0.9855822920799255,3
16,16,16,0.557131355225572,0.0,0.9855822920799255,3
16,17,16,0.557131355225572,0.0,0.9855822920799255,3
16,18,16,0.557131355225572,0.0,0.9855822920799255,3
16,19,16,0.557131355225572,0.0,0.9855822920799255,3
16,20,16,0.557131355225572,0.0,0.9855822920799255,3
16,21,16,0.4795549182624055,0.25333333333333335,0.9076589941978455,2
16,22,16,0.4795549182624055,0.25333333333333335,0.9076589941978455,2
16,23,16,0.4874637903073013,0.25333333333333335,0.9250262975692749,2
16,24,16,0.0,1.0,,0
16,25,16,0.0,1.0,,0
16,1,17,0.557131355225572,0.0,0.9855822920799255,3
16,2,17,0.557131355225572,0.0,0.9855822920799255,3
16,3,17,0.557131355225572,0.0,0.9855822920799255,3
16,4,17,0.557131355225572,0.0,0.9855822920799255,3
16,5,17,0.557131355225572,0.0,0.9855822920799255,3
16,6,17,0.557131355225572,0.0,0.9855822920799255,3
16,7,17,0.557131355225572,0.0,0.9855822920799255,3
16,8,17,0.557131355225572,0.0,0.9855822920799255,3
16,9,17,0.557131355225572,0.0,0.9855822920799255,3
16,10,17,0.557131355225572,0.0,0.9855822920799255,3
16,11,17,0.557131355225572,0.0,0.9855822920799255,3
16,12,17,0.557131355225572,0.0,0.9855822920799255,3
16,13,17,0.557131355225572,0.0,0.9855822920799255,3
16,14,17,0.557131355225572,0.0,0.9855822920799255,3
16,15,17,0.557131355225572,0.0,0.9855822920799255,3
16,16,17,0.557131355225572,0.0,0.9855822920799255,3
16,17,17,0.557131355225572,0.0,0.9855822920799255,3
16,18,17,0.557131355225572,0.0,0.9855822920799255,3
16,19,17,0.557131355225572,0.0,0.9855822920799255,3
16,20,17,0.557131355225572,0.0,0.9855822920799255,3
16,21,17,0.4795549182624055,0.25333333333333335,0.9076589941978455,2
16,22,17,0.4795549182624055,0.25333333333333335,0.9076589941978455,2
16,23,17,0.4874637903073013,0.25333333333333335,0.9250262975692749,2
16,24,17,0.0,1.0,,0
16,25,17,0.0,1.0,,0
16,1,18,0.557131355225572,0.0,0.9855822920799255,3
16,2,18,0.557131355225572,0.0,0.9855822920799255,3
16,3,18,0.557131355225572,0.0,0.9855822920799255,3
16,4,18,0.557131355225572,0.0,0.9855822920799255,3
16,5,18,0.557131355225572,0.0,0.9855822920799255,3
16,6,18,0.557131355225572,0.0,0.9855822920799255,3
16,7,18,0.557131355225572,0.0,0.9855822920799255,3
16,8,18,0.557131355225572,0.0,0.9855822920799255,3
16,9,18,0.557131355225572,0.0,0.9855822920799255,3
16,10,18,0.557131355225572,0.0,0.9855822920799255,3
16,11,18,0.557131355225572,0.0,0.9855822920799255,3
16,12,18,0.557131355225572,0.0,0.9855822920799255,3
16,13,18,0.557131355225572,0.0,0.9855822920799255,3
16,14,18,0.557131355225572,0.0,0.9855822920799255,3
16,15,18,0.557131355225572,0.0,0.9855822920799255,3
16,16,18,0.557131355225572,0.0,0.9855822920799255,3
16,17,18,0.557131355225572,0.0,0.9855822920799255,3
16,18,18,0.557131355225572,0.0,0.9855822920799255,3
16,19,18,0.557131355225572,0.0,0.9855822920799255,3
16,20,18,0.557131355225572,0.0,0.9855822920799255,3
16,21,18,0.4795549182624055,0.25333333333333335,0.9076589941978455,2
16,22,18,0.4795549182624055,0.25333333333333335,0.9076589941978455,2
16,23,18,0.4874637903073013,0.25333333333333335,0.9250262975692749,2
16,24,18,0.0,1.0,,0
16,25,18,0.0,1.0,,0
16,1,19,0.557131355225572,0.0,0.9855822920799255,3
16,2,19,0.557131355225572,0.0,0.9855822920799255,3
16,3,19,0.557131355225572,0.0,0.9855822920799255,3
16,4,19,0.557131355225572,0.0,0.9855822920799255,3
16,5,19,0.557131355225572,0.0,0.9855822920799255,3
16,6,19,0.557131355225572,0.0,0.9855822920799255,3
16,7,19,0.557131355225572,0.0,0.9855822920799255,3
16,8,19,0.557131355225572,0.0,0.9855822920799255,3
16,9,19,0.557131355225572,0.0,0.9855822920799255,3
16,10,19,0.557131355225572,0.0,0.9855822920799255,3
16,11,19,0.557131355225572,0.0,0.9855822920799255,3
16,12,19,0.557131355225572,0.0,0.9855822920799255,3
16,13,19,0.557131355225572,0.0,0.9855822920799255,3
16,14,19,0.557131355225572,0.0,0.9855822920799255,3
16,15,19,0.557131355225572,0.0,0.9855822920799255,3
16,16,19,0.557131355225572,0.0,0.9855822920799255,3
16,17,19,0.557131355225572,0.0,0.9855822920799255,3
16,18,19,0.557131355225572,0.0,0.9855822920799255,3
16,19,19,0.557131355225572,0.0,0.9855822920799255,3
16,20,19,0.557131355225572,0.0,0.9855822920799255,3
16,21,19,0.4795549182624055,0.25333333333333335,0.9076589941978455,2
16,22,19,0.4795549182624055,0.25333333333333335,0.9076589941978455,2
16,23,19,0.4874637903073013,0.25333333333333335,0.9250262975692749,2
16,24,19,0.0,1.0,,0
16,25,19,0.0,1.0,,0
16,1,20,0.557131355225572,0.0,0.9855822920799255,3
16,2,20,0.557131355225572,0.0,0.9855822920799255,3
16,3,20,0.557131355225572,0.0,0.9855822920799255,3
16,4,20,0.557131355225572,0.0,0.9855822920799255,3
16,5,20,0.557131355225572,0.0,0.9855822920799255,3
16,6,20,0.557131355225572,0.0,0.9855822920799255,3
16,7,20,0.557131355225572,0.0,0.9855822920799255,3
16,8,20,0.557131355225572,0.0,0.9855822920799255,3
16,9,20,0.557131355225572,0.0,0.9855822920799255,3
16,10,20,0.557131355225572,0.0,0.9855822920799255,3
16,11,20,0.557131355225572,0.0,0.9855822920799255,3
16,12,20,0.557131355225572,0.0,0.9855822920799255,3
16,13,20,0.557131355225572,0.0,0.9855822920799255,3
16,14,20,0.557131355225572,0.0,0.9855822920799255,3
16,15,20,0.557131355225572,0.0,0.9855822920799255,3
16,16,20,0.557131355225572,0.0,0.9855822920799255,3
16,17,20,0.557131355225572,0.0,0.9855822920799255,3
16,18,20,0.557131355225572,0.0,0.9855822920799255,3
16,19,20,0.557131355225572,0.0,0.9855822920799255,3
16,20,20,0.557131355225572,0.0,0.9855822920799255,3
16,21,20,0.4795549182624055,0.25333333333333335,0.9076589941978455,2
16,22,20,0.4795549182624055,0.25333333333333335,0.9076589941978455,2
16,23,20,0.4874637903073013,0.25333333333333335,0.9250262379646301,2
16,24,20,0.0,1.0,,0
16,25,20,0.0,1.0,,0
16,1,21,0.557131355225572,0.0,0.9855822920799255,3
16,2,21,0.557131355225572,0.0,0.9855822920799255,3
16,3,21,0.557131355225572,0.0,0.9855822920799255,3
16,4,21,0.557131355225572,0.0,0.9855822920799255,3
16,5,21,0.557131355225572,0.0,0.9855822920799255,3
16,6,21,0.557131355225572,0.0,0.9855822920799255,3
16,7,21,0.557131355225572,0.0,0.9855822920799255,3
16,8,21,0.557131355225572,0.0,0.9855822920799255,3
16,9,21,0.557131355225572,0.0,0.9855822920799255,3
16,10,21,0.557131355225572,0.0,0.9855822920799255,3
16,11,21,0.557131355225572,0.0,0.9855822920799255,3
16,12,21,0.557131355225572,0.0,0.9855822920799255,3
16,13,21,0.557131355225572,0.0,0.9855822920799255,3
16,14,21,0.557131355225572,0.0,0.9855822920799255,3
16,15,21,0.557131355225572,0.0,0.9855822920799255,3
16,16,21,0.557131355225572,0.0,0.9855822920799255,3
16,17,21,0.557131355225572,0.0,0.9855822920799255,3
16,18,21,0.557131355225572,0.0,0.9855822920799255,3
16,19,21,0.557131355225572,0.0,0.9855822920799255,3
16,20,21,0.557131355225572,0.0,0.9855822920799255,3
16,21,21,0.4795549182624055,0.25333333333333335,0.9076589941978455,2
16,22,21,0.4795549182624055,0.25333333333333335,0.9076589941978455,2
16,23,21,0.4874637903073013,0.25333333333333335,0.9250262975692749,2
16,24,21,0.0,1.0,,0
16,25,21,0.0,1.0,,0
16,1,22,0.557131355225572,0.28,0.9843379855155945,2
16,2,22,0.1979004016830161,0.0,0.6039413213729858,2
16,3,22,0.557131355225572,0.28,0.9843379855155945,2
16,4,22,0.557131355225572,0.28,0.9843379855155945,2
16,5,22,0.557131355225572,0.28,0.9843379855155945,2
16,6,22,0.557131355225572,0.28,0.9843379855155945,2
16,7,22,0.557131355225572,0.28,0.9843379855155945,2
16,8,22,0.557131355225572,0.28,0.9843379855155945,2
16,9,22,0.557131355225572,0.28,0.9843379855155945,2
16,10,22,0.557131355225572,0.28,0.9843379855155945,2
16,11,22,0.557131355225572,0.28,0.9843379855155945,2
16,12,22,0.557131355225572,0.28,0.9843379855155945,2
16,13,22,0.557131355225572,0.28,0.9843379855155945,2
16,14,22,0.557131355225572,0.28,0.9843379855155945,2
16,15,22,0.557131355225572,0.28,0.9843379855155945,2
16,16,22,0.557131355225572,0.28,0.9843379855155945,2
16,17,22,0.557131355225572,0.28,0.9843379855155945,2
16,18,22,0.557131355225572,0.28,0.9843379855155945,2
16,19,22,0.557131355225572,0.28,0.9843379855155945,2
16,20,22,0.557131355225572,0.28,0.9843379855155945,2
16,21,22,0.4795549182624055,0.25333333333333335,0.9076589941978455,2
16,22,22,0.4795549182624055,0.25333333333333335,0.9076589941978455,2
16,23,22,0.4874637903073013,0.25333333333333335,0.9250262379646301,2
16,24,22,0.0,1.0,,0
16,25,22,0.0,1.0,,0
16,1,23,0.557131355225572,0.28,0.9843379855155945,2
16,2,23,0.1979004016830161,0.0,0.6039413213729858,2
16,3,23,0.557131355225572,0.28,0.9843379855155945,2
16,4,23,0.557131355225572,0.28,0.9843379855155945,2
16,5,23,0.557131355225572,0.28,0.9843379855155945,2
16,6,23,0.557131355225572,0.28,0.9843379855155945,2
16,7,23,0.557131355225572,0.28,0.9843379855155945,2
16,8,23,0.557131355225572,0.28,0.9843379855155945,2
16,9,23,0.557131355225572,0.28,0.9843379855155945,2
16,10,23,0.557131355225572,0.28,0.9843379855155945,2
16,11,23,0.557131355225572,0.28,0.9843379855155945,2
16,12,23,0.557131355225572,0.28,0.9843379855155945,2
16,13,23,0.557131355225572,0.28,0.9843379855155945,2
16,14,23,0.557131355225572,0.28,0.9843379855155945,2
16,15,23,0.557131355225572,0.28,0.9843379855155945,2
16,16,23,0.557131355225572,0.28,0.9843379855155945,2
16,17,23,0.557131355225572,0.28,0.9843379855155945,2
16,18,23,0.557131355225572,0.28,0.9843379855155945,2
16,19,23,0.557131355225572,0.28,0.9843379855155945,2
16,20,23,0.557131355225572,0.28,0.9843379855155945,2
16,21,23,0.4795549182624055,0.25333333333333335,0.9076589941978455,2
16,22,23,0.4795549182624055,0.25333333333333335,0.9076589345932007,2
16,23,23,0.4874637903073013,0.25333333333333335,0.9250262975692749,2
16,24,23,0.0,1.0,,0
16,25,23,0.0,1.0,,0
16,1,24,0.557131355225572,0.28,0.9843379855155945,2
16,2,24,0.1979004016830161,0.0,0.6039413213729858,2
16,3,24,0.557131355225572,0.28,0.9843379855155945,2
16,4,24,0.557131355225572,0.28,0.9843379855155945,2
16,5,24,0.557131355225572,0.28,0.9843379855155945,2
16,6,24,0.557131355225572,0.28,0.9843379855155945,2
16,7,24,0.557131355225572,0.28,0.9843379855155945,2
16,8,24,0.557131355225572,0.28,0.9843379855155945,2
16,9,24,0.557131355225572,0.28,0.9843379855155945,2
16,10,24,0.557131355225572,0.28,0.9843379855155945,2
16,11,24,0.557131355225572,0.28,0.9843379855155945,2
16,12,24,0.557131355225572,0.28,0.9843379855155945,2
16,13,24,0.557131355225572,0.28,0.9843379855155945,2
16,14,24,0.557131355225572,0.28,0.9843379855155945,2
16,15,24,0.557131355225572,0.28,0.9843379855155945,2
16,16,24,0.557131355225572,0.28,0.9843379855155945,2
16,17,24,0.557131355225572,0.28,0.9843379855155945,2
16,18,24,0.557131355225572,0.28,0.9843379855155945,2
16,19,24,0.557131355225572,0.28,0.9843379855155945,2
16,20,24,0.557131355225572,0.28,0.9843379855155945,2
16,21,24,0.4795549182624055,0.25333333333333335,0.9076589345932007,2
16,22,24,0.4795549182624055,0.25333333333333335,0.9076589941978455,2
16,23,24,0.4874637903073013,0.25333333333333335,0.9250262379646301,2
16,24,24,0.0,1.0,,0
16,25,24,0.0,1.0,,0
16,1,25,0.0,1.0,,0
16,2,25,0.0,1.0,,0
16,3,25,0.0,1.0,,0
16,4,25,0.0,1.0,,0
16,5,25,0.0,1.0,,0
16,6,25,0.0,1.0,,0
16,7,25,0.0,1.0,,0
16,8,25,0.0,1.0,,0
16,9,25,0.0,1.0,,0
16,10,25,0.0,1.0,,0
16,11,25,0.0,1.0,,0
16,12,25,0.0,1.0,,0
16,13,25,0.0,1.0,,0
16,14,25,0.0,1.0,,0
16,15,25,0.0,1.0,,0
16,16,25,0.0,1.0,,0
16,17,25,0.0,1.0,,0
16,18,25,0.0,1.0,,0
16,19,25,0.0,1.0,,0
16,20,25,0.0,1.0,,0
16,21,25,0.0,1.0,,0
16,22,25,0.0,1.0,,0
16,23,25,0.4874637903073013,0.25333333333333335,0.9250262975692749,2
16,24,25,0.0,1.0,,0
16,25,25,0.0,1.0,,0
17,1,2,0.7269572165885977,0.013333333333333334,0.6878335475921631,6
17,2,2,0.7116483668733331,0.013333333333333334,0.6429836750030518,6
17,3,2,0.6766743011851625,0.02666666666666667,0.7481780648231506,5
17,4,2,0.557131355225572,0.0,0.9900240898132324,3
17,5,2,0.557131355225572,0.0,0.9900240898132324,3
17,6,2,0.557131355225572,0.0,0.9900240898132324,3
17,7,2,0.557131355225572,0.0,0.9900240898132324,3
17,8,2,0.557131355225572,0.0,0.9900240898132324,3
17,9,2,0.557131355225572,0.0,0.9900240898132324,3
17,10,2,0.557131355225572,0.0,0.9900240898132324,3
17,11,2,0.557131355225572,0.0,0.9900240898132324,3
17,12,2,0.557131355225572,0.0,0.9900240898132324,3
17,13,2,0.557131355225572,0.0,0.9900240898132324,3
17,14,2,0.557131355225572,0.0,0.9900240898132324,3
17,15,2,0.557131355225572,0.0,0.9900240898132324,3
17,16,2,0.557131355225572,0.0,0.9900240898132324,3
17,17,2,0.557131355225572,0.0,0.9900240898132324,3
17,18,2,0.557131355225572,0.0,0.9900240898132324,3
17,19,2,0.557131355225572,0.0,0.9900240898132324,3
17,20,2,0.557131355225572,0.0,0.9900240898132324,3
17,21,2,0.41110821759089167,0.22666666666666666,0.852717936038971,2
17,22,2,0.4441706829836376,0.24,0.8824599981307983,2
17,23,2,0.4441706829836376,0.24,0.8824599981307983,2
17,24,2,0.0,1.0,,0
17,25,2,0.0,1.0,,0
17,1,3,0.7269572165885977,0.013333333333333334,0.6878335475921631,6
17,2,3,0.7116483668733331,0.013333333333333334,0.6429836750030518,6
17,3,3,0.6766743011851625,0.02666666666666667,0.7481780648231506,5
17,4,3,0.557131355225572,0.0,0.9900240898132324,3
17,5,3,0.557131355225572,0.0,0.9900240898132324,3
17,6,3,0.557131355225572,0.0,0.9900240898132324,3
17,7,3,0.557131355225572,0.0,0.9900240898132324,3
17,8,3,0.557131355225572,0.0,0.9900240898132324,3
17,9,3,0.557131355225572,0.0,0.9900240898132324,3
17,10,3,0.557131355225572,0.0,0.9900240898132324,3
17,11,3,0.557131355225572,0.0,0.9900240898132324,3
17,12,3,0.557131355225572,0.0,0.9900240898132324,3
17,13,3,0.557131355225572,0.0,0.9900240898132324,3
17,14,3,0.557131355225572,0.0,0.9900240898132324,3
17,15,3,0.557131355225572,0.0,0.9900240898132324,3
17,16,3,0.557131355225572,0.0,0.9900240898132324,3
17,17,3,0.557131355225572,0.0,0.9900240898132324,3
17,18,3,0.557131355225572,0.0,0.9900240898132324,3
17,19,3,0.557131355225572,0.0,0.9900240898132324,3
17,20,3,0.557131355225572,0.0,0.9900240898132324,3
17,21,3,0.41110821759089167,0.22666666666666666,0.852717936038971,2
17,22,3,0.4441706829836376,0.24,0.8824599981307983,2
17,23,3,0.4441706829836376,0.24,0.8824599981307983,2
17,24,3,0.0,1.0,,0
17,25,3,0.0,1.0,,0
17,1,4,0.7269572165885977,0.013333333333333334,0.6878335475921631,6
17,2,4,0.6787010073157609,0.013333333333333334,0.7542433142662048,5
17,3,4,0.6451186417089974,0.0,0.5871946215629578,4
17,4,4,0.557131355225572,0.0,0.9900240898132324,3
17,5,4,0.557131355225572,0.0,0.9900240898132324,3
17,6,4,0.557131355225572,0.0,0.9900240898132324,3
17,7,4,0.557131355225572,0.0,0.9900240898132324,3
17,8,4,0.557131355225572,0.0,0.9900240898132324,3
17,9,4,0.557131355225572,0.0,0.9900240898132324,3
17,10,4,0.557131355225572,0.0,0.9900240898132324,3
17,11,4,0.557131355225572,0.0,0.9900240898132324,3
17,12,4,0.557131355225572,0.0,0.9900240898132324,3
17,13,4,0.557131355225572,0.0,0.9900240898132324,3
17,14,4,0.557131355225572,0.0,0.9900240898132324,3
17,15,4,0.557131355225572,0.0,0.9900240898132324,3
17,16,4,0.557131355225572,0.0,0.9900240898132324,3
17,17,4,0.557131355225572,0.0,0.9900240898132324,3
17,18,4,0.557131355225572,0.0,0.9900240898132324,3
17,19,4,0.557131355225572,0.0,0.9900240898132324,3
17,20,4,0.557131355225572,0.0,0.9900240898132324,3
17,21,4,0.41110821759089167,0.22666666666666666,0.852717936038971,2
17,22,4,0.4441706829836376,0.24,0.8824599981307983,2
17,23,4,0.4441706829836376,0.24,0.8824599981307983,2
17,24,4,0.0,1.0,,0
17,25,4,0.0,1.0,,0
17,1,5,0.6451186417089974,0.0,0.5871946215629578,4
17,2,5,0.6451186417089974,0.0,0.5871946215629578,4
17,3,5,0.6451186417089974,0.0,0.5871946215629578,4
17,4,5,0.557131355225572,0.0,0.9900240898132324,3
17,5,5,0.557131355225572,0.0,0.9900240898132324,3
17,6,5,0.557131355225572,0.0,0.9900240898132324,3
17,7,5,0.557131355225572,0.0,0.9900240898132324,3
17,8,5,0.557131355225572,0.0,0.9900240898132324,3
17,9,5,0.557131355225572,0.0,0.9900240898132324,3
17,10,5,0.557131355225572,0.0,0.9900240898132324,3
17,11,5,0.557131355225572,0.0,0.9900240898132324,3
17,12,5,0.557131355225572,0.0,0.9900240898132324,3
17,13,5,0.557131355225572,0.0,0.9900240898132324,3
17,14,5,0.557131355225572,0.0,0.9900240898132324,3
17,15,5,0.557131355225572,0.0,0.9900240898132324,3
17,16,5,0.557131355225572,0.0,0.9900240898132324,3
17,17,5,0.557131355225572,0.0,0.9900240898132324,3
17,18,5,0.557131355225572,0.0,0.9900240898132324,3
17,19,5,0.557131355225572,0.0,0.9900240898132324,3
17,20,5,0.557131355225572,0.0,0.9900240898132324,3
17,21,5,0.41110821759089167,0.22666666666666666,0.852717936038971,2
17,22,5,0.4441706829836376,0.24,0.8824599981307983,2
17,23,5,0.4441706829836376,0.24,0.8824599981307983,2
17,24,5,0.0,1.0,,0
17,25,5,0.0,1.0,,0
17,1,6,0.6451186417089974,0.0,0.5871946215629578,4
17,2,6,0.6451186417089974,0.0,0.5871946215629578,4
17,3,6,0.6451186417089974,0.0,0.5871946215629578,4
17,4,6,0.557131355225572,0.0,0.9900240898132324,3
17,5,6,0.557131355225572,0.0,0.9900240898132324,3
17,6,6,0.557131355225572,0.0,0.9900240898132324,3
17,7,6,0.557131355225572,0.0,0.9900240898132324,3
17,8,6,0.557131355225572,0.0,0.9900240898132324,3
17,9,6,0.557131355225572,0.0,0.9900240898132324,3
17,10,6,0.557131355225572,0.0,0.9900240898132324,3
17,11,6,0.557131355225572,0.0,0.9900240898132324,3
17,12,6,0.557131355225572,0.0,0.9900240898132324,3
17,13,6,0.557131355225572,0.0,0.9900240898132324,3
17,14,6,0.557131355225572,0.0,0.9900240898132324,3
17,15,6,0.557131355225572,0.0,0.9900240898132324,3
17,16,6,0.557131355225572,0.0,0.9900240898132324,3
17,17,6,0.557131355225572,0.0,0.9900240898132324,3
17,18,6,0.557131355225572,0.0,0.9900240898132324,3
17,19,6,0.557131355225572,0.0,0.9900240898132324,3
17,20,6,0.557131355225572,0.0,0.9900240898132324,3
17,21,6,0.41110821759089167,0.22666666666666666,0.852717936038971,2
17,22,6,0.4441706829836376,0.24,0.8824599981307983,2
17,23,6,0.4441706829836376,0.24,0.8824599981307983,2
17,24,6,0.0,1.0,,0
17,25,6,0.0,1.0,,0
17,1,7,0.557131355225572,0.0,0.9900240898132324,3
17,2,7,0.557131355225572,0.0,0.9900240898132324,3
17,3,7,0.557131355225572,0.0,0.9900240898132324,3
17,4,7,0.557131355225572,0.0,0.9900240898132324,3
17,5,7,0.557131355225572,0.0,0.9900240898132324,3
17,6,7,0.557131355225572,0.0,0.9900240898132324,3
17,7,7,0.557131355225572,0.0,0.9900240898132324,3
17,8,7,0.557131355225572,0.0,0.9900240898132324,3
17,9,7,0.557131355225572,0.0,0.9900240898132324,3
17,10,7,0.557131355225572,0.0,0.9900240898132324,3
17,11,7,0.557131355225572,0.0,0.9900240898132324,3
17,12,7,0.557131355225572,0.0,0.9900240898132324,3
17,13,7,0.557131355225572,0.0,0.9900240898132324,3
17,14,7,0.557131355225572,0.0,0.9900240898132324,3
17,15,7,0.557131355225572,0.0,0.9900240898132324,3
17,16,7,0.557131355225572,0.0,0.9900240898132324,3
17,17,7,0.557131355225572,0.0,0.9900240898132324,3
17,18,7,0.557131355225572,0.0,0.9900240898132324,3
17,19,7,0.557131355225572,0.0,0.9900240898132324,3
17,20,7,0.557131355225572,0.0,0.9900240898132324,3
17,21,7,0.41110821759089167,0.22666666666666666,0.852717936038971,2
17,22,7,0.4441706829836376,0.24,0.8824599981307983,2
17,23,7,0.4441706829836376,0.24,0.8824599981307983,2
17,24,7,0.0,1.0,,0
17,25,7,0.0,1.0,,0
17,1,8,0.557131355225572,0.0,0.9900240898132324,3
17,2,8,0.557131355225572,0.0,0.9900240898132324,3
17,3,8,0.557131355225572,0.0,0.9900240898132324,3
17,4,8,0.557131355225572,0.0,0.9900240898132324,3
17,5,8,0.557131355225572,0.0,0.9900240898132324,3
17,6,8,0.557131355225572,0.0,0.9900240898132324,3
17,7,8,0.557131355225572,0.0,0.9900240898132324,3
17,8,8,0.557131355225572,0.0,0.9900240898132324,3
17,9,8,0.557131355225572,0.0,0.9900240898132324,3
17,10,8,0.557131355225572,0.0,0.9900240898132324,3
17,11,8,0.557131355225572,0.0,0.9900240898132324,3
17,12,8,0.557131355225572,0.0,0.9900240898132324,3
17,13,8,0.557131355225572,0.0,0.9900240898132324,3
17,14,8,0.557131355225572,0.0,0.9900240898132324,3
17,15,8,0.557131355225572,0.0,0.9900240898132324,3
17,16,8,0.557131355225572,0.0,0.9900240898132324,3
17,17,8,0.557131355225572,0.0,0.9900240898132324,3
17,18,8,0.557131355225572,0.0,0.9900240898132324,3
17,19,8,0.557131355225572,0.0,0.9900240898132324,3
17,20,8,0.557131355225572,0.0,0.9900240898132324,3
17,21,8,0.41110821759089167,0.22666666666666666,0.852717936038971,2
17,22,8,0.4441706829836376,0.24,0.8824599981307983,2
17,23,8,0.4441706829836376,0.24,0.8824599981307983,2
17,24,8,0.0,1.0,,0
17,25,8,0.0,1.0,,0
17,1,9,0.557131355225572,0.0,0.9900240898132324,3
17,2,9,0.557131355225572,0.0,0.9900240898132324,3
17,3,9,0.557131355225572,0.0,0.9900240898132324,3
17,4,9,0.557131355225572,0.0,0.9900240898132324,3
17,5,9,0.557131355225572,0.0,0.9900240898132324,3
17,6,9,0.557131355225572,0.0,0.9900240898132324,3
17,7,9,0.557131355225572,0.0,0.9900240898132324,3
17,8,9,0.557131355225572,0.0,0.9900240898132324,3
17,9,9,0.557131355225572,0.0,0.9900240898132324,3
17,10,9,0.557131355225572,0.0,0.9900240898132324,3
17,11,9,0.557131355225572,0.0,0.9900240898132324,3
17,12,9,0.557131355225572,0.0,0.9900240898132324,3
17,13,9,0.557131355225572,0.0,0.9900240898132324,3
17,14,9,0.557131355225572,0.0,0.9900240898132324,3
17,15,9,0.557131355225572,0.0,0.9900240898132324,3
17,16,9,0.557131355225572,0.0,0.9900240898132324,3
17,17,9,0.557131355225572,0.0,0.9900240898132324,3
17,18,9,0.557131355225572,0.0,0.9900240898132324,3
17,19,9,0.557131355225572,0.0,0.9900240898132324,3
17,20,9,0.557131355225572,0.0,0.9900240898132324,3
17,21,9,0.41110821759089167,0.22666666666666666,0.852717936038971,2
17,22,9,0.4441706829836376,0.24,0.8824599981307983,2
17,23,9,0.4441706829836376,0.24,0.8824599981307983,2
17,24,9,0.0,1.0,,0
17,25,9,0.0,1.0,,0
17,1,10,0.557131355225572,0.0,0.9900240898132324,3
17,2,10,0.557131355225572,0.0,0.9900240898132324,3
17,3,10,0.557131355225572,0.0,0.9900240898132324,3
17,4,10,0.557131355225572,0.0,0.9900240898132324,3
17,5,10,0.557131355225572,0.0,0.9900240898132324,3
17,6,10,0.557131355225572,0.0,0.9900240898132324,3
17,7,10,0.557131355225572,0.0,0.9900240898132324,3
17,8,10,0.557131355225572,0.0,0.9900240898132324,3
17,9,10,0.557131355225572,0.0,0.9900240898132324,3
17,10,10,0.557131355225572,0.0,0.9900240898132324,3
17,11,10,0.557131355225572,0.0,0.9900240898132324,3
17,12,10,0.557131355225572,0.0,0.9900240898132324,3
17,13,10,0.557131355225572,0.0,0.9900240898132324,3
17,14,10,0.557131355225572,0.0,0.9900240898132324,3
17,15,10,0.557131355225572,0.0,0.9900240898132324,3
17,16,10,0.557131355225572,0.0,0.9900240898132324,3
17,17,10,0.557131355225572,0.0,0.9900240898132324,3
17,18,10,0.557131355225572,0.0,0.9900240898132324,3
17,19,10,0.557131355225572,0.0,0.9900240898132324,3
17,20,10,0.557131355225572,0.0,0.9900240898132324,3
17,21,10,0.41110821759089167,0.22666666666666666,0.852717936038971,2
17,22,10,0.4441706829836376,0.24,0.8824599981307983,2
17,23,10,0.4441706829836376,0.24,0.8824599981307983,2
17,24,10,0.0,1.0,,0
17,25,10,0.0,1.0,,0
17,1,11,0.557131355225572,0.0,0.9900240898132324,3
17,2,11,0.557131355225572,0.0,0.9900240898132324,3
17,3,11,0.557131355225572,0.0,0.9900240898132324,3
17,4,11,0.557131355225572,0.0,0.9900240898132324,3
17,5,11,0.557131355225572,0.0,0.9900240898132324,3
17,6,11,0.557131355225572,0.0,0.9900240898132324,3
17,7,11,0.557131355225572,0.0,0.9900240898132324,3
17,8,11,0.557131355225572,0.0,0.9900240898132324,3
17,9,11,0.557131355225572,0.0,0.9900240898132324,3
17,10,11,0.557131355225572,0.0,0.9900240898132324,3
17,11,11,0.557131355225572,0.0,0.9900240898132324,3
17,12,11,0.557131355225572,0.0,0.9900240898132324,3
17,13,11,0.557131355225572,0.0,0.9900240898132324,3
17,14,11,0.557131355225572,0.0,0.9900240898132324,3
17,15,11,0.557131355225572,0.0,0.9900240898132324,3
17,16,11,0.557131355225572,0.0,0.9900240898132324,3
17,17,11,0.557131355225572,0.0,0.9900240898132324,3
17,18,11,0.557131355225572,0.0,0.9900240898132324,3
17,19,11,0.557131355225572,0.0,0.9900240898132324,3
17,20,11,0.557131355225572,0.0,0.9900240898132324,3
17,21,11,0.41110821759089167,0.22666666666666666,0.852717936038971,2
17,22,11,0.4441706829836376,0.24,0.8824599981307983,2
17,23,11,0.4441706829836376,0.24,0.8824599981307983,2
17,24,11,0.0,1.0,,0
17,25,11,0.0,1.0,,0
17,1,12,0.557131355225572,0.0,0.9900240898132324,3
17,2,12,0.557131355225572,0.0,0.9900240898132324,3
17,3,12,0.557131355225572,0.0,0.9900240898132324,3
17,4,12,0.557131355225572,0.0,0.9900240898132324,3
17,5,12,0.557131355225572,0.0,0.9900240898132324,3
17,6,12,0.557131355225572,0.0,0.9900240898132324,3
17,7,12,0.557131355225572,0.0,0.9900240898132324,3
17,8,12,0.557131355225572,0.0,0.9900240898132324,3
17,9,12,0.557131355225572,0.0,0.9900240898132324,3
17,10,12,0.557131355225572,0.0,0.9900240898132324,3
17,11,12,0.557131355225572,0.0,0.9900240898132324,3
17,12,12,0.557131355225572,0.0,0.9900240898132324,3
17,13,12,0.557131355225572,0.0,0.9900240898132324,3
17,14,12,0.557131355225572,0.0,0.9900240898132324,3
17,15,12,0.557131355225572,0.0,0.9900240898132324,3
17,16,12,0.557131355225572,0.0,0.9900240898132324,3
17,17,12,0.557131355225572,0.0,0.9900240898132324,3
17,18,12,0.557131355225572,0.0,0.9900240898132324,3
17,19,12,0.557131355225572,0.0,0.9900240898132324,3
17,20,12,0.557131355225572,0.0,0.9900240898132324,3
17,21,12,0.41110821759089167,0.22666666666666666,0.852717936038971,2
17,22,12,0.4441706829836376,0.24,0.8824599981307983,2
17,23,12,0.4441706829836376,0.24,0.8824599981307983,2
17,24,12,0.0,1.0,,0
17,25,12,0.0,1.0,,0
17,1,13,0.557131355225572,0.0,0.9900240898132324,3
17,2,13,0.557131355225572,0.0,0.9900240898132324,3
17,3,13,0.557131355225572,0.0,0.9900240898132324,3
17,4,13,0.557131355225572,0.0,0.9900240898132324,3
17,5,13,0.557131355225572,0.0,0.9900240898132324,3
17,6,13,0.557131355225572,0.0,0.9900240898132324,3
17,7,13,0.557131355225572,0.0,0.9900240898132324,3
17,8,13,0.557131355225572,0.0,0.9900240898132324,3
17,9,13,0.557131355225572,0.0,0.9900240898132324,3
17,10,13,0.557131355225572,0.0,0.9900240898132324,3
17,11,13,0.557131355225572,0.0,0.9900240898132324,3
17,12,13,0.557131355225572,0.0,0.9900240898132324,3
17,13,13,0.557131355225572,0.0,0.9900240898132324,3
17,14,13,0.557131355225572,0.0,0.9900240898132324,3
17,15,13,0.557131355225572,0.0,0.9900240898132324,3
17,16,13,0.557131355225572,0.0,0.9900240898132324,3
17,17,13,0.557131355225572,0.0,0.9900240898132324,3
17,18,13,0.557131355225572,0.0,0.9900240898132324,3
17,19,13,0.557131355225572,0.0,0.9900240898132324,3
17,20,13,0.557131355225572,0.0,0.9900240898132324,3
17,21,13,0.41110821759089167,0.22666666666666666,0.852717936038971,2
17,22,13,0.4441706829836376,0.24,0.8824599981307983,2
17,23,13,0.4441706829836376,0.24,0.8824599981307983,2
17,24,13,0.0,1.0,,0
17,25,13,0.0,1.0,,0
17,1,14,0.557131355225572,0.0,0.9900240898132324,3
17,2,14,0.557131355225572,0.0,0.9900240898132324,3
17,3,14,0.557131355225572,0.0,0.9900240898132324,3
17,4,14,0.557131355225572,0.0,0.9900240898132324,3
17,5,14,0.557131355225572,0.0,0.9900240898132324,3
17,6,14,0.557131355225572,0.0,0.9900240898132324,3
17,7,14,0.557131355225572,0.0,0.9900240898132324,3
17,8,14,0.557131355225572,0.0,0.9900240898132324,3
17,9,14,0.557131355225572,0.0,0.9900240898132324,3
17,10,14,0.557131355225572,0.0,0.9900240898132324,3
17,11,14,0.557131355225572,0.0,0.9900240898132324,3
17,12,14,0.557131355225572,0.0,0.9900240898132324,3
17,13,14,0.557131355225572,0.0,0.9900240898132324,3
17,14,14,0.557131355225572,0.0,0.9900240898132324,3
17,15,14,0.557131355225572,0.0,0.9900240898132324,3
17,16,14,0.557131355225572,0.0,0.9900240898132324,3
17,17,14,0.557131355225572,0.0,0.9900240898132324,3
17,18,14,0.557131355225572,0.0,0.9900240898132324,3
17,19,14,0.557131355225572,0.0,0.9900240898132324,3
17,20,14,0.557131355225572,0.0,0.9900240898132324,3
17,21,14,0.41110821759089167,0.22666666666666666,0.852717936038971,2
17,22,14,0.4441706829836376,0.24,0.8824599981307983,2
17,23,14,0.4441706829836376,0.24,0.8824599981307983,2
17,24,14,0.0,1.0,,0
17,25,14,0.0,1.0,,0
17,1,15,0.557131355225572,0.0,0.9900240898132324,3
17,2,15,0.557131355225572,0.0,0.9900240898132324,3
17,3,15,0.557131355225572,0.0,0.9900240898132324,3
17,4,15,0.557131355225572,0.0,0.9900240898132324,3
17,5,15,0.557131355225572,0.0,0.9900240898132324,3
17,6,15,0.557131355225572,0.0,0.9900240898132324,3
17,7,15,0.557131355225572,0.0,0.9900240898132324,3
17,8,15,0.557131355225572,0.0,0.9900240898132324,3
17,9,15,0.557131355225572,0.0,0.9900240898132324,3
17,10,15,0.557131355225572,0.0,0.9900240898132324,3
17,11,15,0.557131355225572,0.0,0.9900240898132324,3
17,12,15,0.557131355225572,0.0,0.9900240898132324,3
17,13,15,0.557131355225572,0.0,0.9900240898132324,3
17,14,15,0.557131355225572,0.0,0.9900240898132324,3
17,15,15,0.557131355225572,0.0,0.9900240898132324,3
17,16,15,0.557131355225572,0.0,0.9900240898132324,3
17,17,15,0.557131355225572,0.0,0.9900240898132324,3
17,18,15,0.557131355225572,0.0,0.9900240898132324,3
17,19,15,0.557131355225572,0.0,0.9900240898132324,3
17,20,15,0.557131355225572,0.0,0.9900240898132324,3
17,21,15,0.41110821759089167,0.22666666666666666,0.852717936038971,2
17,22,15,0.4441706829836376,0.24,0.8824599981307983,2
17,23,15,0.4441706829836376,0.24,0.8824599981307983,2
17,24,15,0.0,1.0,,0
17,25,15,0.0,1.0,,0
17,1,16,0.557131355225572,0.0,0.9900240898132324,3
17,2,16,0.557131355225572,0.0,0.9900240898132324,3
17,3,16,0.557131355225572,0.0,0.9900240898132324,3
17,4,16,0.557131355225572,0.0,0.9900240898132324,3
17,5,16,0.557131355225572,0.0,0.9900240898132324,3
17,6,16,0.557131355225572,0.0,0.9900240898132324,3
17,7,16,0.557131355225572,0.0,0.9900240898132324,3
17,8,16,0.557131355225572,0.0,0.9900240898132324,3
17,9,16,0.557131355225572,0.0,0.9900240898132324,3
17,10,16,0.557131355225572,0.0,0.9900240898132324,3
17,11,16,0.557131355225572,0.0,0.9900240898132324,3
17,12,16,0.557131355225572,0.0,0.9900240898132324,3
17,13,16,0.557131355225572,0.0,0.9900240898132324,3
17,14,16,0.557131355225572,0.0,0.9900240898132324,3
17,15,16,0.557131355225572,0.0,0.9900240898132324,3
17,16,16,0.557131355225572,0.0,0.9900240898132324,3
17,17,16,0.557131355225572,0.0,0.9900240898132324,3
17,18,16,0.557131355225572,0.0,0.9900240898132324,3
17,19,16,0.557131355225572,0.0,0.9900240898132324,3
17,20,16,0.557131355225572,0.0,0.9900240898132324,3
17,21,16,0.41110821759089167,0.22666666666666666,0.852717936038971,2
17,22,16,0.4441706829836376,0.24,0.8824599981307983,2
17,23,16,0.4441706829836376,0.24,0.8824599981307983,2
17,24,16,0.0,1.0,,0
17,25,16,0.0,1.0,,0
17,1,17,0.557131355225572,0.0,0.9900240898132324,3
17,2,17,0.557131355225572,0.0,0.9900240898132324,3
17,3,17,0.557131355225572,0.0,0.9900240898132324,3
17,4,17,0.557131355225572,0.0,0.9900240898132324,3
17,5,17,0.557131355225572,0.0,0.9900240898132324,3
17,6,17,0.557131355225572,0.0,0.9900240898132324,3
17,7,17,0.557131355225572,0.0,0.9900240898132324,3
17,8,17,0.557131355225572,0.0,0.9900240898132324,3
17,9,17,0.557131355225572,0.0,0.9900240898132324,3
17,10,17,0.557131355225572,0.0,0.9900240898132324,3
17,11,17,0.557131355225572,0.0,0.9900240898132324,3
17,12,17,0.557131355225572,0.0,0.9900240898132324,3
17,13,17,0.557131355225572,0.0,0.9900240898132324,3
17,14,17,0.557131355225572,0.0,0.9900240898132324,3
17,15,17,0.557131355225572,0.0,0.9900240898132324,3
17,16,17,0.557131355225572,0.0,0.9900240898132324,3
17,17,17,0.557131355225572,0.0,0.9900240898132324,3
17,18,17,0.557131355225572,0.0,0.9900240898132324,3
17,19,17,0.557131355225572,0.0,0.9900240898132324,3
17,20,17,0.557131355225572,0.0,0.9900240898132324,3
17,21,17,0.41110821759089167,0.22666666666666666,0.852717936038971,2
17,22,17,0.4441706829836376,0.24,0.8824599981307983,2
17,23,17,0.4441706829836376,0.24,0.8824599981307983,2
17,24,17,0.0,1.0,,0
17,25,17,0.0,1.0,,0
17,1,18,0.557131355225572,0.0,0.9900240898132324,3
17,2,18,0.557131355225572,0.0,0.9900240898132324,3
17,3,18,0.557131355225572,0.0,0.9900240898132324,3
17,4,18,0.557131355225572,0.0,0.9900240898132324,3
17,5,18,0.557131355225572,0.0,0.9900240898132324,3
17,6,18,0.557131355225572,0.0,0.9900240898132324,3
17,7,18,0.557131355225572,0.0,0.9900240898132324,3
17,8,18,0.557131355225572,0.0,0.9900240898132324,3
17,9,18,0.557131355225572,0.0,0.9900240898132324,3
17,10,18,0.557131355225572,0.0,0.9900240898132324,3
17,11,18,0.557131355225572,0.0,0.9900240898132324,3
17,12,18,0.557131355225572,0.0,0.9900240898132324,3
17,13,18,0.557131355225572,0.0,0.9900240898132324,3
17,14,18,0.557131355225572,0.0,0.9900240898132324,3
17,15,18,0.557131355225572,0.0,0.9900240898132324,3
17,16,18,0.557131355225572,0.0,0.9900240898132324,3
17,17,18,0.557131355225572,0.0,0.9900240898132324,3
17,18,18,0.557131355225572,0.0,0.9900240898132324,3
17,19,18,0.557131355225572,0.0,0.9900240898132324,3
17,20,18,0.557131355225572,0.0,0.9900240898132324,3
17,21,18,0.41110821759089167,0.22666666666666666,0.852717936038971,2
17,22,18,0.4441706829836376,0.24,0.8824599981307983,2
17,23,18,0.4441706829836376,0.24,0.8824599981307983,2
17,24,18,0.0,1.0,,0
17,25,18,0.0,1.0,,0
17,1,19,0.557131355225572,0.0,0.9900240898132324,3
17,2,19,0.557131355225572,0.0,0.9900240898132324,3
17,3,19,0.557131355225572,0.0,0.9900240898132324,3
17,4,19,0.557131355225572,0.0,0.9900240898132324,3
17,5,19,0.557131355225572,0.0,0.9900240898132324,3
17,6,19,0.557131355225572,0.0,0.9900240898132324,3
17,7,19,0.557131355225572,0.0,0.9900240898132324,3
17,8,19,0.557131355225572,0.0,0.9900240898132324,3
17,9,19,0.557131355225572,0.0,0.9900240898132324,3
17,10,19,0.557131355225572,0.0,0.9900240898132324,3
17,11,19,0.557131355225572,0.0,0.9900240898132324,3
17,12,19,0.557131355225572,0.0,0.9900240898132324,3
17,13,19,0.557131355225572,0.0,0.9900240898132324,3
17,14,19,0.557131355225572,0.0,0.9900240898132324,3
17,15,19,0.557131355225572,0.0,0.9900240898132324,3
17,16,19,0.557131355225572,0.0,0.9900240898132324,3
17,17,19,0.557131355225572,0.0,0.9900240898132324,3
17,18,19,0.557131355225572,0.0,0.9900240898132324,3
17,19,19,0.557131355225572,0.0,0.9900240898132324,3
17,20,19,0.557131355225572,0.0,0.9900240898132324,3
17,21,19,0.41110821759089167,0.22666666666666666,0.852717936038971,2
17,22,19,0.4441706829836376,0.24,0.8824599981307983,2
17,23,19,0.4441706829836376,0.24,0.8824599981307983,2
17,24,19,0.0,1.0,,0
17,25,19,0.0,1.0,,0
17,1,20,0.557131355225572,0.0,0.9900240898132324,3
17,2,20,0.557131355225572,0.0,0.9900240898132324,3
17,3,20,0.557131355225572,0.0,0.9900240898132324,3
17,4,20,0.557131355225572,0.0,0.9900240898132324,3
17,5,20,0.557131355225572,0.0,0.9900240898132324,3
17,6,20,0.557131355225572,0.0,0.9900240898132324,3
17,7,20,0.557131355225572,0.0,0.9900240898132324,3
17,8,20,0.557131355225572,0.0,0.9900240898132324,3
17,9,20,0.557131355225572,0.0,0.9900240898132324,3
17,10,20,0.557131355225572,0.0,0.9900240898132324,3
17,11,20,0.557131355225572,0.0,0.9900240898132324,3
17,12,20,0.557131355225572,0.0,0.9900240898132324,3
17,13,20,0.557131355225572,0.0,0.9900240898132324,3
17,14,20,0.557131355225572,0.0,0.9900240898132324,3
17,15,20,0.557131355225572,0.0,0.9900240898132324,3
17,16,20,0.557131355225572,0.0,0.9900240898132324,3
17,17,20,0.557131355225572,0.0,0.9900240898132324,3
17,18,20,0.557131355225572,0.0,0.9900240898132324,3
17,19,20,0.557131355225572,0.0,0.9900240898132324,3
17,20,20,0.557131355225572,0.0,0.9900240898132324,3
17,21,20,0.41110821759089167,0.22666666666666666,0.852717936038971,2
17,22,20,0.4441706829836376,0.24,0.8824599981307983,2
17,23,20,0.4441706829836376,0.24,0.8824599981307983,2
17,24,20,0.0,1.0,,0
17,25,20,0.0,1.0,,0
17,1,21,0.557131355225572,0.0,0.9900240898132324,3
17,2,21,0.557131355225572,0.0,0.9900240898132324,3
17,3,21,0.557131355225572,0.0,0.9900240898132324,3
17,4,21,0.557131355225572,0.0,0.9900240898132324,3
17,5,21,0.557131355225572,0.0,0.9900240898132324,3
17,6,21,0.557131355225572,0.0,0.9900240898132324,3
17,7,21,0.557131355225572,0.0,0.9900240898132324,3
17,8,21,0.557131355225572,0.0,0.9900240898132324,3
17,9,21,0.557131355225572,0.0,0.9900240898132324,3
17,10,21,0.557131355225572,0.0,0.9900240898132324,3
17,11,21,0.557131355225572,0.0,0.9900240898132324,3
17,12,21,0.557131355225572,0.0,0.9900240898132324,3
17,13,21,0.557131355225572,0.0,0.9900240898132324,3
17,14,21,0.557131355225572,0.0,0.9900240898132324,3
17,15,21,0.557131355225572,0.0,0.9900240898132324,3
17,16,21,0.557131355225572,0.0,0.9900240898132324,3
17,17,21,0.557131355225572,0.0,0.9900240898132324,3
17,18,21,0.557131355225572,0.0,0.9900240898132324,3
17,19,21,0.557131355225572,0.0,0.9900240898132324,3
17,20,21,0.557131355225572,0.0,0.9900240898132324,3
17,21,21,0.41110821759089167,0.22666666666666666,0.852717936038971,2
17,22,21,0.4441706829836376,0.24,0.8824599981307983,2
17,23,21,0.4441706829836376,0.24,0.8824599981307983,2
17,24,21,0.0,1.0,,0
17,25,21,0.0,1.0,,0
17,1,22,0.557131355225572,0.28,0.9876760840415955,2
17,2,22,0.557131355225572,0.28,0.9876760840415955,2
17,3,22,0.557131355225572,0.28,0.9876760840415955,2
17,4,22,0.557131355225572,0.28,0.9876760840415955,2
17,5,22,0.557131355225572,0.28,0.9876760840415955,2
17,6,22,0.557131355225572,0.28,0.9876760840415955,2
17,7,22,0.557131355225572,0.28,0.9876760840415955,2
17,8,22,0.557131355225572,0.28,0.9876760840415955,2
17,9,22,0.557131355225572,0.28,0.9876760840415955,2
17,10,22,0.557131355225572,0.28,0.9876760840415955,2
17,11,22,0.557131355225572,0.28,0.9876760840415955,2
17,12,22,0.557131355225572,0.28,0.9876760840415955,2
17,13,22,0.557131355225572,0.28,0.9876760840415955,2
17,14,22,0.557131355225572,0.28,0.9876760840415955,2
17,15,22,0.557131355225572,0.28,0.9876760840415955,2
17,16,22,0.557131355225572,0.28,0.9876760840415955,2
17,17,22,0.557131355225572,0.28,0.9876760840415955,2
17,18,22,0.557131355225572,0.28,0.9876760840415955,2
17,19,22,0.557131355225572,0.28,0.9876760840415955,2
17,20,22,0.557131355225572,0.28,0.9876760840415955,2
17,21,22,0.41110821759089167,0.22666666666666666,0.852717936038971,2
17,22,22,0.4441706829836376,0.24,0.8824599981307983,2
17,23,22,0.4441706829836376,0.24,0.8824599981307983,2
17,24,22,0.0,1.0,,0
17,25,22,0.0,1.0,,0
17,1,23,0.557131355225572,0.28,0.9876760840415955,2
17,2,23,0.557131355225572,0.28,0.9876760840415955,2
17,3,23,0.557131355225572,0.28,0.9876760840415955,2
17,4,23,0.557131355225572,0.28,0.9876760840415955,2
17,5,23,0.557131355225572,0.28,0.9876760840415955,2
17,6,23,0.557131355225572,0.28,0.9876760840415955,2
17,7,23,0.557131355225572,0.28,0.9876760840415955,2
17,8,23,0.557131355225572,0.28,0.9876760840415955,2
17,9,23,0.557131355225572,0.28,0.9876760840415955,2
17,10,23,0.557131355225572,0.28,0.9876760840415955,2
17,11,23,0.557131355225572,0.28,0.9876760840415955,2
17,12,23,0.557131355225572,0.28,0.9876760840415955,2
17,13,23,0.557131355225572,0.28,0.9876760840415955,2
17,14,23,0.557131355225572,0.28,0.9876760840415955,2
17,15,23,0.557131355225572,0.28,0.9876760840415955,2
17,16,23,0.557131355225572,0.28,0.9876760840415955,2
17,17,23,0.557131355225572,0.28,0.9876760840415955,2
17,18,23,0.557131355225572,0.28,0.9876760840415955,2
17,19,23,0.557131355225572,0.28,0.9876760840415955,2
17,20,23,0.557131355225572,0.28,0.9876760840415955,2
17,21,23,0.41110821759089167,0.22666666666666666,0.852717936038971,2
17,22,23,0.4441706829836376,0.24,0.8824599981307983,2
17,23,23,0.4441706829836376,0.24,0.8824599981307983,2
17,24,23,0.0,1.0,,0
17,25,23,0.0,1.0,,0
17,1,24,0.557131355225572,0.28,0.9876760840415955,2
17,2,24,0.557131355225572,0.28,0.9876760840415955,2
17,3,24,0.557131355225572,0.28,0.9876760840415955,2
17,4,24,0.557131355225572,0.28,0.9876760840415955,2
17,5,24,0.557131355225572,0.28,0.9876760840415955,2
17,6,24,0.557131355225572,0.28,0.9876760840415955,2
17,7,24,0.557131355225572,0.28,0.9876760840415955,2
17,8,24,0.557131355225572,0.28,0.9876760840415955,2
17,9,24,0.557131355225572,0.28,0.9876760840415955,2
17,10,24,0.557131355225572,0.28,0.9876760840415955,2
17,11,24,0.557131355225572,0.28,0.9876760840415955,2
17,12,24,0.557131355225572,0.28,0.9876760840415955,2
17,13,24,0.557131355225572,0.28,0.9876760840415955,2
17,14,24,0.557131355225572,0.28,0.9876760840415955,2
17,15,24,0.557131355225572,0.28,0.9876760840415955,2
17,16,24,0.557131355225572,0.28,0.9876760840415955,2
17,17,24,0.557131355225572,0.28,0.9876760840415955,2
17,18,24,0.557131355225572,0.28,0.9876760840415955,2
17,19,24,0.557131355225572,0.28,0.9876760840415955,2
17,20,24,0.557131355225572,0.28,0.9876760840415955,2
17,21,24,0.41110821759089167,0.22666666666666666,0.852717936038971,2
17,22,24,0.4441706829836376,0.24,0.8824599981307983,2
17,23,24,0.4441706829836376,0.24,0.8824599981307983,2
17,24,24,0.0,1.0,,0
17,25,24,0.0,1.0,,0
17,1,25,0.0,1.0,,0
17,2,25,0.0,1.0,,0
17,3,25,0.0,1.0,,0
17,4,25,0.0,1.0,,0
17,5,25,0.0,1.0,,0
17,6,25,0.0,1.0,,0
17,7,25,0.0,1.0,,0
17,8,25,0.0,1.0,,0
17,9,25,0.0,1.0,,0
17,10,25,0.0,1.0,,0
17,11,25,0.0,1.0,,0
17,12,25,0.0,1.0,,0
17,13,25,0.0,1.0,,0
17,14,25,0.0,1.0,,0
17,15,25,0.0,1.0,,0
17,16,25,0.0,1.0,,0
17,17,25,0.0,1.0,,0
17,18,25,0.0,1.0,,0
17,19,25,0.0,1.0,,0
17,20,25,0.0,1.0,,0
17,21,25,0.0,1.0,,0
17,22,25,0.0,1.0,,0
17,23,25,0.0,1.0,,0
17,24,25,0.0,1.0,,0
17,25,25,0.0,1.0,,0
18,1,2,0.7238732033286952,0.0,0.8281468749046326,6
18,2,2,0.691213698401491,0.02666666666666667,0.773747980594635,6
18,3,2,0.6825428124355284,0.04,0.7555168271064758,5
18,4,2,0.557131355225572,0.0,0.9858893752098083,3
18,5,2,0.557131355225572,0.0,0.9858893752098083,3
18,6,2,0.557131355225572,0.0,0.9858893752098083,3
18,7,2,0.557131355225572,0.0,0.9858893752098083,3
18,8,2,0.557131355225572,0.0,0.9858893752098083,3
18,9,2,0.557131355225572,0.0,0.9858892560005188,3
18,10,2,0.557131355225572,0.0,0.9858893752098083,3
18,11,2,0.557131355225572,0.0,0.9858893752098083,3
18,12,2,0.557131355225572,0.0,0.9858893752098083,3
18,13,2,0.557131355225572,0.0,0.9858893752098083,3
18,14,2,0.557131355225572,0.0,0.9858893752098083,3
18,15,2,0.557131355225572,0.0,0.9858893752098083,3
18,16,2,0.557131355225572,0.0,0.9858893752098083,3
18,17,2,0.557131355225572,0.0,0.9858893752098083,3
18,18,2,0.557131355225572,0.0,0.9858893752098083,3
18,19,2,0.557131355225572,0.0,0.9858893752098083,3
18,20,2,0.557131355225572,0.0,0.9858893752098083,3
18,21,2,0.4118733362240159,0.22666666666666666,0.8539983630180359,2
18,22,2,0.38005843642971354,0.21333333333333335,0.829876184463501,2
18,23,2,0.4118733362240159,0.22666666666666666,0.8539983630180359,2
18,24,2,0.0,1.0,,0
18,25,2,0.0,1.0,,0
18,1,3,0.7238732033286952,0.0,0.8281468749046326,6
18,2,3,0.691213698401491,0.02666666666666667,0.773747980594635,6
18,3,3,0.6456871643466158,0.0,0.9087731838226318,4
18,4,3,0.6484677455276404,0.013333333333333334,0.9099496603012085,4
18,5,3,0.557131355225572,0.0,0.9858892560005188,3
18,6,3,0.557131355225572,0.0,0.9858892560005188,3
18,7,3,0.557131355225572,0.0,0.9858893752098083,3
18,8,3,0.557131355225572,0.0,0.9858893752098083,3
18,9,3,0.557131355225572,0.0,0.9858893752098083,3
18,10,3,0.557131355225572,0.0,0.9858893752098083,3
18,11,3,0.557131355225572,0.0,0.9858893752098083,3
18,12,3,0.557131355225572,0.0,0.9858893752098083,3
18,13,3,0.557131355225572,0.0,0.9858893752098083,3
18,14,3,0.557131355225572,0.0,0.9858893752098083,3
18,15,3,0.557131355225572,0.0,0.9858893752098083,3
18,16,3,0.557131355225572,0.0,0.9858893752098083,3
18,17,3,0.557131355225572,0.0,0.9858893752098083,3
18,18,3,0.557131355225572,0.0,0.9858893752098083,3
18,19,3,0.557131355225572,0.0,0.9858893752098083,3
18,20,3,0.557131355225572,0.0,0.9858893752098083,3
18,21,3,0.4118733362240159,0.22666666666666666,0.8539983630180359,2
18,22,3,0.38005843642971354,0.21333333333333335,0.829876184463501,2
18,23,3,0.4118733362240159,0.22666666666666666,0.8539983630180359,2
18,24,3,0.0,1.0,,0
18,25,3,0.0,1.0,,0
18,1,4,0.557131355225572,0.0,0.9858893752098083,3
18,2,4,0.6456871643466158,0.0,0.9087731838226318,4
18,3,4,0.6456871643466158,0.0,0.9087731838226318,4
18,4,4,0.6484677455276404,0.013333333333333334,0.9099496603012085,4
18,5,4,0.557131355225572,0.0,0.9858893752098083,3
18,6,4,0.557131355225572,0.0,0.9858893752098083,3
18,7,4,0.557131355225572,0.0,0.9858893752098083,3
18,8,4,0.557131355225572,0.0,0.9858893752098083,3
18,9,4,0.557131355225572,0.0,0.9858893752098083,3
18,10,4,0.557131355225572,0.0,0.9858892560005188,3
18,11,4,0.557131355225572,0.0,0.9858893752098083,3
18,12,4,0.557131355225572,0.0,0.9858893752098083,3
18,13,4,0.557131355225572,0.0,0.9858893752098083,3
18,14,4,0.557131355225572,0.0,0.9858893752098083,3
18,15,4,0.557131355225572,0.0,0.9858893752098083,3
18,16,4,0.557131355225572,0.0,0.9858893752098083,3
18,17,4,0.557131355225572,0.0,0.9858893752098083,3
18,18,4,0.557131355225572,0.0,0.9858893752098083,3
18,19,4,0.557131355225572,0.0,0.9858892560005188,3
18,20,4,0.557131355225572,0.0,0.9858893752098083,3
18,21,4,0.4118733362240159,0.22666666666666666,0.8539983630180359,2
18,22,4,0.38005843642971354,0.21333333333333335,0.829876184463501,2
18,23,4,0.4118733362240159,0.22666666666666666,0.8539983630180359,2
18,24,4,0.0,1.0,,0
18,25,4,0.0,1.0,,0
18,1,5,0.6456871643466158,0.0,0.9087731838226318,4
18,2,5,0.6456871643466158,0.0,0.9087731838226318,4
18,3,5,0.6456871643466158,0.0,0.9087731838226318,4
18,4,5,0.6484677455276404,0.013333333333333334,0.9099496603012085,4
18,5,5,0.557131355225572,0.0,0.9858892560005188,3
18,6,5,0.557131355225572,0.0,0.9858893752098083,3
18,7,5,0.557131355225572,0.0,0.9858893752098083,3
18,8,5,0.557131355225572,0.0,0.9858893752098083,3
18,9,5,0.557131355225572,0.0,0.9858893752098083,3
18,10,5,0.557131355225572,0.0,0.9858893752098083,3
18,11,5,0.557131355225572,0.0,0.9858892560005188,3
18,12,5,0.557131355225572,0.0,0.9858893752098083,3
18,13,5,0.557131355225572,0.0,0.9858893752098083,3
18,14,5,0.557131355225572,0.0,0.9858892560005188,3
18,15,5,0.557131355225572,0.0,0.9858893752098083,3
18,16,5,0.557131355225572,0.0,0.9858892560005188,3
18,17,5,0.557131355225572,0.0,0.9858893752098083,3
18,18,5,0.557131355225572,0.0,0.9858893752098083,3
18,19,5,0.557131355225572,0.0,0.9858893752098083,3
18,20,5,0.557131355225572,0.0,0.9858893752098083,3
18,21,5,0.4118733362240159,0.22666666666666666,0.8539983630180359,2
18,22,5,0.38005843642971354,0.21333333333333335,0.829876184463501,2
18,23,5,0.4118733362240159,0.22666666666666666,0.8539983630180359,2
18,24,5,0.0,1.0,,0
18,25,5,0.0,1.0,,0
18,1,6,0.6456871643466158,0.0,0.9087731838226318,4
18,2,6,0.6456871643466158,0.0,0.9087731838226318,4
18,3,6,0.6456871643466158,0.0,0.9087731838226318,4
18,4,6,0.6484677455276404,0.013333333333333334,0.9099496603012085,4
18,5,6,0.557131355225572,0.0,0.9858893752098083,3
18,6,6,0.557131355225572,0.0,0.9858893752098083,3
18,7,6,0.557131355225572,0.0,0.9858893752098083,3
18,8,6,0.557131355225572,0.0,0.9858893752098083,3
18,9,6,0.557131355225572,0.0,0.9858893752098083,3
18,10,6,0.557131355225572,0.0,0.9858893752098083,3
18,11,6,0.557131355225572,0.0,0.9858892560005188,3
18,12,6,0.557131355225572,0.0,0.9858892560005188,3
18,13,6,0.557131355225572,0.0,0.9858893752098083,3
18,14,6,0.557131355225572,0.0,0.9858893752098083,3
18,15,6,0.557131355225572,0.0,0.9858893752098083,3
18,16,6,0.557131355225572,0.0,0.9858893752098083,3
18,17,6,0.557131355225572,0.0,0.9858893752098083,3
18,18,6,0.557131355225572,0.0,0.9858893752098083,3
18,19,6,0.557131355225572,0.0,0.9858893752098083,3
18,20,6,0.557131355225572,0.0,0.9858893752098083,3
18,21,6,0.4118733362240159,0.22666666666666666,0.8539983034133911,2
18,22,6,0.38005843642971354,0.21333333333333335,0.829876184463501,2
18,23,6,0.4118733362240159,0.22666666666666666,0.8539983630180359,2
18,24,6,0.0,1.0,,0
18,25,6,0.0,1.0,,0
18,1,7,0.6456871643466158,0.0,0.9087731838226318,4
18,2,7,0.6456871643466158,0.0,0.9087731838226318,4
18,3,7,0.6456871643466158,0.0,0.9087731838226318,4
18,4,7,0.557131355225572,0.0,0.9858893752098083,3
18,5,7,0.557131355225572,0.0,0.9858892560005188,3
18,6,7,0.557131355225572,0.0,0.9858893752098083,3
18,7,7,0.557131355225572,0.0,0.9858893752098083,3
18,8,7,0.557131355225572,0.0,0.9858892560005188,3
18,9,7,0.557131355225572,0.0,0.9858893752098083,3
18,10,7,0.557131355225572,0.0,0.9858893752098083,3
18,11,7,0.557131355225572,0.0,0.9858893752098083,3
18,12,7,0.557131355225572,0.0,0.9858893752098083,3
18,13,7,0.557131355225572,0.0,0.9858893752098083,3
18,14,7,0.557131355225572,0.0,0.9858892560005188,3
18,15,7,0.557131355225572,0.0,0.9858893752098083,3
18,16,7,0.557131355225572,0.0,0.9858893752098083,3
18,17,7,0.557131355225572,0.0,0.9858893752098083,3
18,18,7,0.557131355225572,0.0,0.9858893752098083,3
18,19,7,0.557131355225572,0.0,0.9858893752098083,3
18,20,7,0.557131355225572,0.0,0.9858893752098083,3
18,21,7,0.4118733362240159,0.22666666666666666,0.8539983034133911,2
18,22,7,0.38005843642971354,0.21333333333333335,0.829876184463501,2
18,23,7,0.4118733362240159,0.22666666666666666,0.8539983034133911,2
18,24,7,0.0,1.0,,0
18,25,7,0.0,1.0,,0
18,1,8,0.557131355225572,0.0,0.9858892560005188,3
18,2,8,0.557131355225572,0.0,0.9858893752098083,3
18,3,8,0.557131355225572,0.0,0.9858893752098083,3
18,4,8,0.557131355225572,0.0,0.9858893752098083,3
18,5,8,0.557131355225572,0.0,0.9858893752098083,3
18,6,8,0.557131355225572,0.0,0.9858892560005188,3
18,7,8,0.557131355225572,0.0,0.9858893752098083,3
18,8,8,0.557131355225572,0.0,0.9858893752098083,3
18,9,8,0.557131355225572,0.0,0.9858893752098083,3
18,10,8,0.557131355225572,0.0,0.9858892560005188,3
18,11,8,0.557131355225572,0.0,0.9858893752098083,3
18,12,8,0.557131355225572,0.0,0.9858893752098083,3
18,13,8,0.557131355225572,0.0,0.9858893752098083,3
18,14,8,0.557131355225572,0.0,0.9858893752098083,3
18,15,8,0.557131355225572,0.0,0.9858892560005188,3
18,16,8,0.557131355225572,0.0,0.9858893752098083,3
18,17,8,0.557131355225572,0.0,0.9858893752098083,3
18,18,8,0.557131355225572,0.0,0.9858893752098083,3
18,19,8,0.557131355225572,0.0,0.9858893752098083,3
18,20,8,0.557131355225572,0.0,0.9858893752098083,3
18,21,8,0.4118733362240159,0.22666666666666666,0.8539983630180359,2
18,22,8,0.38005843642971354,0.21333333333333335,0.829876184463501,2
18,23,8,0.4118733362240159,0.22666666666666666,0.8539983630180359,2
18,24,8,0.0,1.0,,0
18,25,8,0.0,1.0,,0
18,1,9,0.557131355225572,0.0,0.9858893752098083,3
18,2,9,0.557131355225572,0.0,0.9858893752098083,3
18,3,9,0.557131355225572,0.0,0.9858893752098083,3
18,4,9,0.557131355225572,0.0,0.9858892560005188,3
18,5,9,0.557131355225572,0.0,0.9858893752098083,3
18,6,9,0.557131355225572,0.0,0.9858893752098083,3
18,7,9,0.557131355225572,0.0,0.9858893752098083,3
18,8,9,0.557131355225572,0.0,0.9858893752098083,3
18,9,9,0.557131355225572,0.0,0.9858893752098083,3
18,10,9,0.557131355225572,0.0,0.9858893752098083,3
18,11,9,0.557131355225572,0.0,0.9858893752098083,3
18,12,9,0.557131355225572,0.0,0.9858893752098083,3
18,13,9,0.557131355225572,0.0,0.9858893752098083,3
18,14,9,0.557131355225572,0.0,0.9858893752098083,3
18,15,9,0.557131355225572,0.0,0.9858892560005188,3
18,16,9,0.557131355225572,0.0,0.9858893752098083,3
18,17,9,0.557131355225572,0.0,0.9858893752098083,3
18,18,9,0.557131355225572,0.0,0.9858893752098083,3
18,19,9,0.557131355225572,0.0,0.9858893752098083,3
18,20,9,0.557131355225572,0.0,0.9858892560005188,3
18,21,9,0.4118733362240159,0.22666666666666666,0.8539983630180359,2
18,22,9,0.38005843642971354,0.21333333333333335,0.829876184463501,2
18,23,9,0.4118733362240159,0.22666666666666666,0.8539983630180359,2
18,24,9,0.0,1.0,,0
18,25,9,0.0,1.0,,0
18,1,10,0.557131355225572,0.0,0.9858893752098083,3
18,2,10,0.557131355225572,0.0,0.9858893752098083,3
18,3,10,0.557131355225572,0.0,0.9858893752098083,3
18,4,10,0.557131355225572,0.0,0.9858893752098083,3
18,5,10,0.557131355225572,0.0,0.9858893752098083,3
18,6,10,0.557131355225572,0.0,0.9858893752098083,3
18,7,10,0.557131355225572,0.0,0.9858892560005188,3
18,8,10,0.557131355225572,0.0,0.9858893752098083,3
18,9,10,0.557131355225572,0.0,0.9858893752098083,3
18,10,10,0.557131355225572,0.0,0.9858893752098083,3
18,11,10,0.557131355225572,0.0,0.9858893752098083,3
18,12,10,0.557131355225572,0.0,0.9858893752098083,3
18,13,10,0.557131355225572,0.0,0.9858893752098083,3
18,14,10,0.557131355225572,0.0,0.9858893752098083,3
18,15,10,0.557131355225572,0.0,0.9858893752098083,3
18,16,10,0.557131355225572,0.0,0.9858893752098083,3
18,17,10,0.557131355225572,0.0,0.9858893752098083,3
18,18,10,0.557131355225572,0.0,0.9858893752098083,3
18,19,10,0.557131355225572,0.0,0.9858893752098083,3
18,20,10,0.557131355225572,0.0,0.9858893752098083,3
18,21,10,0.4118733362240159,0.22666666666666666,0.8539983630180359,2
18,22,10,0.38005843642971354,0.21333333333333335,0.829876184463501,2
18,23,10,0.4118733362240159,0.22666666666666666,0.8539983630180359,2
18,24,10,0.0,1.0,,0
18,25,10,0.0,1.0,,0
18,1,11,0.557131355225572,0.0,0.9858893752098083,3
18,2,11,0.557131355225572,0.0,0.9858893752098083,3
18,3,11,0.557131355225572,0.0,0.9858893752098083,3
18,4,11,0.557131355225572,0.0,0.9858893752098083,3
18,5,11,0.557131355225572,0.0,0.9858893752098083,3
18,6,11,0.557131355225572,0.0,0.9858893752098083,3
18,7,11,0.557131355225572,0.0,0.9858893752098083,3
18,8,11,0.557131355225572,0.0,0.9858893752098083,3
18,9,11,0.557131355225572,0.0,0.9858893752098083,3
18,10,11,0.557131355225572,0.0,0.9858893752098083,3
18,11,11,0.557131355225572,0.0,0.9858893752098083,3
18,12,11,0.557131355225572,0.0,0.9858893752098083,3
18,13,11,0.557131355225572,0.0,0.9858893752098083,3
18,14,11,0.557131355225572,0.0,0.9858892560005188,3
18,15,11,0.557131355225572,0.0,0.9858893752098083,3
18,16,11,0.557131355225572,0.0,0.9858893752098083,3
18,17,11,0.557131355225572,0.0,0.9858893752098083,3
18,18,11,0.557131355225572,0.0,0.9858893752098083,3
18,19,11,0.557131355225572,0.0,0.9858893752098083,3
18,20,11,0.557131355225572,0.0,0.9858893752098083,3
18,21,11,0.4118733362240159,0.22666666666666666,0.8539983630180359,2
18,22,11,0.38005843642971354,0.21333333333333335,0.829876184463501,2
18,23,11,0.4118733362240159,0.22666666666666666,0.8539983630180359,2
18,24,11,0.0,1.0,,0
18,25,11,0.0,1.0,,0
18,1,12,0.557131355225572,0.0,0.9858893752098083,3
18,2,12,0.557131355225572,0.0,0.9858892560005188,3
18,3,12,0.557131355225572,0.0,0.9858893752098083,3
18,4,12,0.557131355225572,0.0,0.9858893752098083,3
18,5,12,0.557131355225572,0.0,0.9858893752098083,3
18,6,12,0.557131355225572,0.0,0.9858893752098083,3
18,7,12,0.557131355225572,0.0,0.9858892560005188,3
18,8,12,0.557131355225572,0.0,0.9858893752098083,3
18,9,12,0.557131355225572,0.0,0.9858893752098083,3
18,10,12,0.557131355225572,0.0,0.9858893752098083,3
18,11,12,0.557131355225572,0.0,0.9858893752098083,3
18,12,12,0.557131355225572,0.0,0.9858893752098083,3
18,13,12,0.557131355225572,0.0,0.9858893752098083,3
18,14,12,0.557131355225572,0.0,0.9858893752098083,3
18,15,12,0.557131355225572,0.0,0.9858893752098083,3
18,16,12,0.557131355225572,0.0,0.9858893752098083,3
18,17,12,0.557131355225572,0.0,0.9858893752098083,3
18,18,12,0.557131355225572,0.0,0.9858893752098083,3
18,19,12,0.557131355225572,0.0,0.9858893752098083,3
18,20,12,0.557131355225572,0.0,0.9858893752098083,3
18,21,12,0.4118733362240159,0.22666666666666666,0.8539983034133911,2
18,22,12,0.38005843642971354,0.21333333333333335,0.829876184463501,2
18,23,12,0.4118733362240159,0.22666666666666666,0.8539983630180359,2
18,24,12,0.0,1.0,,0
18,25,12,0.0,1.0,,0
18,1,13,0.557131355225572,0.0,0.9858893752098083,3
18,2,13,0.557131355225572,0.0,0.9858893752098083,3
18,3,13,0.557131355225572,0.0,0.9858893752098083,3
18,4,13,0.557131355225572,0.0,0.9858893752098083,3
18,5,13,0.557131355225572,0.0,0.9858893752098083,3
18,6,13,0.557131355225572,0.0,0.9858893752098083,3
18,7,13,0.557131355225572,0.0,0.9858892560005188,3
18,8,13,0.557131355225572,0.0,0.9858893752098083,3
18,9,13,0.557131355225572,0.0,0.9858893752098083,3
18,10,13,0.557131355225572,0.0,0.9858893752098083,3
18,11,13,0.557131355225572,0.0,0.9858893752098083,3
18,12,13,0.557131355225572,0.0,0.9858893752098083,3
18,13,13,0.557131355225572,0.0,0.9858893752098083,3
18,14,13,0.557131355225572,0.0,0.9858893752098083,3
18,15,13,0.557131355225572,0.0,0.9858893752098083,3
18,16,13,0.557131355225572,0.0,0.9858893752098083,3
18,17,13,0.557131355225572,0.0,0.9858893752098083,3
18,18,13,0.557131355225572,0.0,0.9858893752098083,3
18,19,13,0.557131355225572,0.0,0.9858893752098083,3
18,20,13,0.557131355225572,0.0,0.9858892560005188,3
18,21,13,0.4118733362240159,0.22666666666666666,0.8539983630180359,2
18,22,13,0.38005843642971354,0.21333333333333335,0.829876184463501,2
18,23,13,0.4118733362240159,0.22666666666666666,0.8539983630180359,2
18,24,13,0.0,1.0,,0
18,25,13,0.0,1.0,,0
18,1,14,0.557131355225572,0.0,0.9858892560005188,3
18,2,14,0.557131355225572,0.0,0.9858893752098083,3
18,3,14,0.557131355225572,0.0,0.9858892560005188,3
18,4,14,0.557131355225572,0.0,0.9858893752098083,3
18,5,14,0.557131355225572,0.0,0.9858892560005188,3
18,6,14,0.557131355225572,0.0,0.9858892560005188,3
18,7,14,0.557131355225572,0.0,0.9858893752098083,3
18,8,14,0.557131355225572,0.0,0.9858893752098083,3
18,9,14,0.557131355225572,0.0,0.9858892560005188,3
18,10,14,0.557131355225572,0.0,0.9858893752098083,3
18,11,14,0.557131355225572,0.0,0.9858893752098083,3
18,12,14,0.557131355225572,0.0,0.9858893752098083,3
18,13,14,0.557131355225572,0.0,0.9858893752098083,3
18,14,14,0.557131355225572,0.0,0.9858893752098083,3
18,15,14,0.557131355225572,0.0,0.9858893752098083,3
18,16,14,0.557131355225572,0.0,0.9858893752098083,3
18,17,14,0.557131355225572,0.0,0.9858893752098083,3
18,18,14,0.557131355225572,0.0,0.9858893752098083,3
18,19,14,0.557131355225572,0.0,0.9858892560005188,3
18,20,14,0.557131355225572,0.0,0.9858893752098083,3
18,21,14,0.4118733362240159,0.22666666666666666,0.8539983034133911,2
18,22,14,0.38005843642971354,0.21333333333333335,0.829876184463501,2
18,23,14,0.4118733362240159,0.22666666666666666,0.8539983630180359,2
18,24,14,0.0,1.0,,0
18,25,14,0.0,1.0,,0
18,1,15,0.557131355225572,0.0,0.9858893752098083,3
18,2,15,0.557131355225572,0.0,0.9858893752098083,3
18,3,15,0.557131355225572,0.0,0.9858893752098083,3
18,4,15,0.557131355225572,0.0,0.9858893752098083,3
18,5,15,0.557131355225572,0.0,0.9858893752098083,3
18,6,15,0.557131355225572,0.0,0.9858893752098083,3
18,7,15,0.557131355225572,0.0,0.9858893752098083,3
18,8,15,0.557131355225572,0.0,0.9858893752098083,3
18,9,15,0.557131355225572,0.0,0.9858893752098083,3
18,10,15,0.557131355225572,0.0,0.9858893752098083,3
18,11,15,0.557131355225572,0.0,0.9858893752098083,3
18,12,15,0.557131355225572,0.0,0.9858892560005188,3
18,13,15,0.557131355225572,0.0,0.9858893752098083,3
18,14,15,0.557131355225572,0.0,0.9858893752098083,3
18,15,15,0.557131355225572,0.0,0.9858893752098083,3
18,16,15,0.557131355225572,0.0,0.9858893752098083,3
18,17,15,0.557131355225572,0.0,0.9858892560005188,3
18,18,15,0.557131355225572,0.0,0.9858893752098083,3
18,19,15,0.557131355225572,0.0,0.9858893752098083,3
18,20,15,0.557131355225572,0.0,0.9858893752098083,3
18,21,15,0.4118733362240159,0.22666666666666666,0.8539983630180359,2
18,22,15,0.38005843642971354,0.21333333333333335,0.829876184463501,2
18,23,15,0.4118733362240159,0.22666666666666666,0.8539983630180359,2
18,24,15,0.0,1.0,,0
18,25,15,0.0,1.0,,0
18,1,16,0.557131355225572,0.0,0.9858893752098083,3
18,2,16,0.557131355225572,0.0,0.9858893752098083,3
18,3,16,0.557131355225572,0.0,0.9858893752098083,3
18,4,16,0.557131355225572,0.0,0.9858893752098083,3
18,5,16,0.557131355225572,0.0,0.9858893752098083,3
18,6,16,0.557131355225572,0.0,0.9858893752098083,3
18,7,16,0.557131355225572,0.0,0.9858893752098083,3
18,8,16,0.557131355225572,0.0,0.9858893752098083,3
18,9,16,0.557131355225572,0.0,0.9858893752098083,3
18,10,16,0.557131355225572,0.0,0.9858893752098083,3
18,11,16,0.557131355225572,0.0,0.9858892560005188,3
18,12,16,0.557131355225572,0.0,0.9858893752098083,3
18,13,16,0.557131355225572,0.0,0.9858893752098083,3
18,14,16,0.557131355225572,0.0,0.9858893752098083,3
18,15,16,0.557131355225572,0.0,0.9858893752098083,3
18,16,16,0.557131355225572,0.0,0.9858893752098083,3
18,17,16,0.557131355225572,0.0,0.9858893752098083,3
18,18,16,0.557131355225572,0.0,0.9858893752098083,3
18,19,16,0.557131355225572,0.0,0.9858893752098083,3
18,20,16,0.557131355225572,0.0,0.9858893752098083,3
18,21,16,0.4118733362240159,0.22666666666666666,0.8539983034133911,2
18,22,16,0.38005843642971354,0.21333333333333335,0.829876184463501,2
18,23,16,0.4118733362240159,0.22666666666666666,0.8539983630180359,2
18,24,16,0.0,1.0,,0
18,25,16,0.0,1.0,,0
18,1,17,0.557131355225572,0.0,0.9858893752098083,3
18,2,17,0.557131355225572,0.0,0.9858893752098083,3
18,3,17,0.557131355225572,0.0,0.9858892560005188,3
18,4,17,0.557131355225572,0.0,0.9858893752098083,3
18,5,17,0.557131355225572,0.0,0.9858893752098083,3
18,6,17,0.557131355225572,0.0,0.9858893752098083,3
18,7,17,0.557131355225572,0.0,0.9858892560005188,3
18,8,17,0.557131355225572,0.0,0.9858893752098083,3
18,9,17,0.557131355225572,0.0,0.9858893752098083,3
18,10,17,0.557131355225572,0.0,0.9858893752098083,3
18,11,17,0.557131355225572,0.0,0.9858893752098083,3
18,12,17,0.557131355225572,0.0,0.9858893752098083,3
18,13,17,0.557131355225572,0.0,0.9858893752098083,3
18,14,17,0.557131355225572,0.0,0.9858893752098083,3
18,15,17,0.557131355225572,0.0,0.9858893752098083,3
18,16,17,0.557131355225572,0.0,0.9858893752098083,3
18,17,17,0.557131355225572,0.0,0.9858893752098083,3
18,18,17,0.557131355225572,0.0,0.9858893752098083,3
18,19,17,0.557131355225572,0.0,0.9858893752098083,3
18,20,17,0.557131355225572,0.0,0.9858893752098083,3
18,21,17,0.4118733362240159,0.22666666666666666,0.8539983630180359,2
18,22,17,0.38005843642971354,0.21333333333333335,0.829876184463501,2
18,23,17,0.4118733362240159,0.22666666666666666,0.8539983630180359,2
18,24,17,0.0,1.0,,0
18,25,17,0.0,1.0,,0
18,1,18,0.557131355225572,0.0,0.9858893752098083,3
18,2,18,0.557131355225572,0.0,0.9858892560005188,3
18,3,18,0.557131355225572,0.0,0.9858893752098083,3
18,4,18,0.557131355225572,0.0,0.9858893752098083,3
18,5,18,0.557131355225572,0.0,0.9858892560005188,3
18,6,18,0.557131355225572,0.0,0.9858893752098083,3
18,7,18,0.557131355225572,0.0,0.9858893752098083,3
18,8,18,0.557131355225572,0.0,0.9858893752098083,3
18,9,18,0.557131355225572,0.0,0.9858893752098083,3
18,10,18,0.557131355225572,0.0,0.9858893752098083,3
18,11,18,0.557131355225572,0.0,0.9858893752098083,3
18,12,18,0.557131355225572,0.0,0.9858893752098083,3
18,13,18,0.557131355225572,0.0,0.9858892560005188,3
18,14,18,0.557131355225572,0.0,0.9858893752098083,3
18,15,18,0.557131355225572,0.0,0.9858892560005188,3
18,16,18,0.557131355225572,0.0,0.9858893752098083,3
18,17,18,0.557131355225572,0.0,0.9858893752098083,3
18,18,18,0.557131355225572,0.0,0.9858893752098083,3
18,19,18,0.557131355225572,0.0,0.9858893752098083,3
18,20,18,0.557131355225572,0.0,0.9858893752098083,3
18,21,18,0.4118733362240159,0.22666666666666666,0.8539983034133911,2
18,22,18,0.38005843642971354,0.21333333333333335,0.829876184463501,2
18,23,18,0.4118733362240159,0.22666666666666666,0.8539983630180359,2
18,24,18,0.0,1.0,,0
18,25,18,0.0,1.0,,0
18,1,19,0.557131355225572,0.0,0.9858893752098083,3
18,2,19,0.557131355225572,0.0,0.9858893752098083,3
18,3,19,0.557131355225572,0.0,0.9858893752098083,3
18,4,19,0.557131355225572,0.0,0.9858893752098083,3
18,5,19,0.557131355225572,0.0,0.9858893752098083,3
18,6,19,0.557131355225572,0.0,0.9858893752098083,3
18,7,19,0.557131355225572,0.0,0.9858893752098083,3
18,8,19,0.557131355225572,0.0,0.9858893752098083,3
18,9,19,0.557131355225572,0.0,0.9858893752098083,3
18,10,19,0.557131355225572,0.0,0.9858893752098083,3
18,11,19,0.557131355225572,0.0,0.9858893752098083,3
18,12,19,0.557131355225572,0.0,0.9858893752098083,3
18,13,19,0.557131355225572,0.0,0.9858893752098083,3
18,14,19,0.557131355225572,0.0,0.9858893752098083,3
18,15,19,0.557131355225572,0.0,0.9858893752098083,3
18,16,19,0.557131355225572,0.0,0.9858893752098083,3
18,17,19,0.557131355225572,0.0,0.9858893752098083,3
18,18,19,0.557131355225572,0.0,0.9858893752098083,3
18,19,19,0.557131355225572,0.0,0.9858893752098083,3
18,20,19,0.557131355225572,0.0,0.9858893752098083,3
18,21,19,0.4118733362240159,0.22666666666666666,0.8539983034133911,2
18,22,19,0.38005843642971354,0.21333333333333335,0.829876184463501,2
18,23,19,0.4118733362240159,0.22666666666666666,0.8539983630180359,2
18,24,19,0.0,1.0,,0
18,25,19,0.0,1.0,,0
18,1,20,0.557131355225572,0.0,0.9858893752098083,3
18,2,20,0.557131355225572,0.0,0.9858893752098083,3
18,3,20,0.557131355225572,0.0,0.9858892560005188,3
18,4,20,0.557131355225572,0.0,0.9858893752098083,3
18,5,20,0.557131355225572,0.0,0.9858893752098083,3
18,6,20,0.557131355225572,0.0,0.9858893752098083,3
18,7,20,0.557131355225572,0.0,0.9858893752098083,3
18,8,20,0.557131355225572,0.0,0.9858893752098083,3
18,9,20,0.557131355225572,0.0,0.9858893752098083,3
18,10,20,0.557131355225572,0.0,0.9858893752098083,3
18,11,20,0.557131355225572,0.0,0.9858893752098083,3
18,12,20,0.557131355225572,0.0,0.9858893752098083,3
18,13,20,0.557131355225572,0.0,0.9858893752098083,3
18,14,20,0.557131355225572,0.0,0.9858893752098083,3
18,15,20,0.557131355225572,0.0,0.9858893752098083,3
18,16,20,0.557131355225572,0.0,0.9858893752098083,3
18,17,20,0.557131355225572,0.0,0.9858893752098083,3
18,18,20,0.557131355225572,0.0,0.9858893752098083,3
18,19,20,0.557131355225572,0.0,0.9858893752098083,3
18,20,20,0.557131355225572,0.0,0.9858893752098083,3
18,21,20,0.4118733362240159,0.22666666666666666,0.8539983630180359,2
18,22,20,0.38005843642971354,0.21333333333333335,0.829876184463501,2
18,23,20,0.4118733362240159,0.22666666666666666,0.8539983630180359,2
18,24,20,0.0,1.0,,0
18,25,20,0.0,1.0,,0
18,1,21,0.557131355225572,0.0,0.9858893752098083,3
18,2,21,0.557131355225572,0.0,0.9858893752098083,3
18,3,21,0.557131355225572,0.0,0.9858893752098083,3
18,4,21,0.557131355225572,0.0,0.9858893752098083,3
18,5,21,0.557131355225572,0.0,0.9858893752098083,3
18,6,21,0.557131355225572,0.0,0.9858893752098083,3
18,7,21,0.557131355225572,0.0,0.9858892560005188,3
18,8,21,0.557131355225572,0.0,0.9858893752098083,3
18,9,21,0.557131355225572,0.0,0.9858893752098083,3
18,10,21,0.557131355225572,0.0,0.9858893752098083,3
18,11,21,0.557131355225572,0.0,0.9858893752098083,3
18,12,21,0.557131355225572,0.0,0.9858893752098083,3
18,13,21,0.557131355225572,0.0,0.9858893752098083,3
18,14,21,0.557131355225572,0.0,0.9858892560005188,3
18,15,21,0.557131355225572,0.0,0.9858893752098083,3
18,16,21,0.557131355225572,0.0,0.9858893752098083,3
18,17,21,0.557131355225572,0.0,0.9858893752098083,3
18,18,21,0.557131355225572,0.0,0.9858893752098083,3
18,19,21,0.557131355225572,0.0,0.9858893752098083,3
18,20,21,0.557131355225572,0.0,0.9858893752098083,3
18,21,21,0.4118733362240159,0.22666666666666666,0.8539983630180359,2
18,22,21,0.38005843642971354,0.21333333333333335,0.829876184463501,2
18,23,21,0.4118733362240159,0.22666666666666666,0.8539983630180359,2
18,24,21,0.0,1.0,,0
18,25,21,0.0,1.0,,0
18,1,22,0.557131355225572,0.28,0.9832504391670227,2
18,2,22,0.1979004016830161,0.0,0.6509238481521606,2
18,3,22,0.557131355225572,0.28,0.9832504391670227,2
18,4,22,0.557131355225572,0.28,0.9832504391670227,2
18,5,22,0.557131355225572,0.28,0.9832504391670227,2
18,6,22,0.557131355225572,0.28,0.9832504391670227,2
18,7,22,0.557131355225572,0.28,0.9832504391670227,2
18,8,22,0.557131355225572,0.28,0.9832504391670227,2
18,9,22,0.557131355225572,0.28,0.9832504391670227,2
18,10,22,0.557131355225572,0.28,0.9832504391670227,2
18,11,22,0.557131355225572,0.28,0.9832504391670227,2
18,12,22,0.557131355225572,0.28,0.9832504391670227,2
18,13,22,0.557131355225572,0.28,0.9832504391670227,2
18,14,22,0.557131355225572,0.28,0.9832504391670227,2
18,15,22,0.557131355225572,0.28,0.9832504391670227,2
18,16,22,0.557131355225572,0.28,0.9832504391670227,2
18,17,22,0.557131355225572,0.28,0.9832504391670227,2
18,18,22,0.557131355225572,0.28,0.9832504391670227,2
18,19,22,0.557131355225572,0.28,0.9832504391670227,2
18,20,22,0.557131355225572,0.28,0.9832504391670227,2
18,21,22,0.4118733362240159,0.22666666666666666,0.8539983630180359,2
18,22,22,0.38005843642971354,0.21333333333333335,0.829876184463501,2
18,23,22,0.4118733362240159,0.22666666666666666,0.8539983034133911,2
18,24,22,0.0,1.0,,0
18,25,22,0.0,1.0,,0
18,1,23,0.557131355225572,0.28,0.9832504391670227,2
18,2,23,0.1979004016830161,0.0,0.6509238481521606,2
18,3,23,0.557131355225572,0.28,0.9832504391670227,2
18,4,23,0.557131355225572,0.28,0.9832504391670227,2
18,5,23,0.557131355225572,0.28,0.9832504391670227,2
18,6,23,0.557131355225572,0.28,0.9832504391670227,2
18,7,23,0.557131355225572,0.28,0.9832504391670227,2
18,8,23,0.557131355225572,0.28,0.9832504391670227,2
18,9,23,0.557131355225572,0.28,0.9832504391670227,2
18,10,23,0.557131355225572,0.28,0.9832504391670227,2
18,11,23,0.557131355225572,0.28,0.9832504391670227,2
18,12,23,0.557131355225572,0.28,0.9832504391670227,2
18,13,23,0.557131355225572,0.28,0.9832504391670227,2
18,14,23,0.557131355225572,0.28,0.9832504391670227,2
18,15,23,0.557131355225572,0.28,0.9832504391670227,2
18,16,23,0.557131355225572,0.28,0.9832504391670227,2
18,17,23,0.557131355225572,0.28,0.9832504391670227,2
18,18,23,0.557131355225572,0.28,0.9832504391670227,2
18,19,23,0.557131355225572,0.28,0.9832504391670227,2
18,20,23,0.557131355225572,0.28,0.9832504391670227,2
18,21,23,0.4118733362240159,0.22666666666666666,0.8539983630180359,2
18,22,23,0.38005843642971354,0.21333333333333335,0.829876184463501,2
18,23,23,0.4118733362240159,0.22666666666666666,0.8539983034133911,2
18,24,23,0.0,1.0,,0
18,25,23,0.0,1.0,,0
18,1,24,0.557131355225572,0.28,0.9832504391670227,2
18,2,24,0.1979004016830161,0.0,0.6509238481521606,2
18,3,24,0.557131355225572,0.28,0.9832504391670227,2
18,4,24,0.557131355225572,0.28,0.9832504391670227,2
18,5,24,0.557131355225572,0.28,0.9832504391670227,2
18,6,24,0.557131355225572,0.28,0.9832504391670227,2
18,7,24,0.557131355225572,0.28,0.9832504391670227,2
18,8,24,0.557131355225572,0.28,0.9832504391670227,2
18,9,24,0.557131355225572,0.28,0.9832504391670227,2
18,10,24,0.557131355225572,0.28,0.9832504391670227,2
18,11,24,0.557131355225572,0.28,0.9832504391670227,2
18,12,24,0.557131355225572,0.28,0.9832504391670227,2
18,13,24,0.557131355225572,0.28,0.9832504391670227,2
18,14,24,0.557131355225572,0.28,0.9832504391670227,2
18,15,24,0.557131355225572,0.28,0.9832504391670227,2
18,16,24,0.557131355225572,0.28,0.9832504391670227,2
18,17,24,0.557131355225572,0.28,0.9832504391670227,2
18,18,24,0.557131355225572,0.28,0.9832504391670227,2
18,19,24,0.557131355225572,0.28,0.9832504391670227,2
18,20,24,0.557131355225572,0.28,0.9832504391670227,2
18,21,24,0.4118733362240159,0.22666666666666666,0.8539983630180359,2
18,22,24,0.38005843642971354,0.21333333333333335,0.829876184463501,2
18,23,24,0.4118733362240159,0.22666666666666666,0.8539983630180359,2
18,24,24,0.0,1.0,,0
18,25,24,0.0,1.0,,0
18,1,25,0.0,1.0,,0
18,2,25,0.0,1.0,,0
18,3,25,0.0,1.0,,0
18,4,25,0.0,1.0,,0
18,5,25,0.0,1.0,,0
18,6,25,0.0,1.0,,0
18,7,25,0.0,1.0,,0
18,8,25,0.0,1.0,,0
18,9,25,0.0,1.0,,0
18,10,25,0.0,1.0,,0
18,11,25,0.0,1.0,,0
18,12,25,0.0,1.0,,0
18,13,25,0.0,1.0,,0
18,14,25,0.0,1.0,,0
18,15,25,0.0,1.0,,0
18,16,25,0.0,1.0,,0
18,17,25,0.0,1.0,,0
18,18,25,0.0,1.0,,0
18,19,25,0.0,1.0,,0
18,20,25,0.0,1.0,,0
18,21,25,0.4118733362240159,0.22666666666666666,0.8539983630180359,2
18,22,25,0.38005843642971354,0.21333333333333335,0.829876184463501,2
18,23,25,0.4118733362240159,0.22666666666666666,0.8539983630180359,2
18,24,25,0.0,1.0,,0
18,25,25,0.0,1.0,,0
19,1,2,0.42524625119298,0.05333333333333334,0.4155920445919037,15
19,2,2,0.6787010073157609,0.013333333333333334,0.8110452890396118,5
19,3,2,0.6787010073157609,0.013333333333333334,0.8110452890396118,5
19,4,2,0.6484677455276404,0.013333333333333334,0.7759712934494019,4
19,5,2,0.6500622736208561,0.013333333333333334,0.8405548334121704,4
19,6,2,0.557131355225572,0.0,0.9955006837844849,3
19,7,2,0.557131355225572,0.0,0.9955006837844849,3
19,8,2,0.557131355225572,0.0,0.9955006837844849,3
19,9,2,0.557131355225572,0.0,0.9955006837844849,3
19,10,2,0.557131355225572,0.0,0.9955006837844849,3
19,11,2,0.557131355225572,0.0,0.9955006837844849,3
19,12,2,0.557131355225572,0.0,0.9955006837844849,3
19,13,2,0.557131355225572,0.0,0.9955006837844849,3
19,14,2,0.557131355225572,0.0,0.9955006837844849,3
19,15,2,0.557131355225572,0.0,0.9955006837844849,3
19,16,2,0.557131355225572,0.0,0.9955006837844849,3
19,17,2,0.557131355225572,0.0,0.9955006837844849,3
19,18,2,0.557131355225572,0.0,0.9955006837844849,3
19,19,2,0.557131355225572,0.0,0.9955006837844849,3
19,20,2,0.557131355225572,0.0,0.9955006837844849,3
19,21,2,0.557131355225572,0.28,0.9944020509719849,2
19,22,2,0.557131355225572,0.28,0.9944020509719849,2
19,23,2,0.557131355225572,0.28,0.9944020509719849,2
19,24,2,0.0,1.0,,0
19,25,2,0.0,1.0,,0
19,1,3,0.494203708230036,0.06666666666666667,0.6582909226417542,7
19,2,3,0.6787010073157609,0.013333333333333334,0.8110452890396118,5
19,3,3,0.6787010073157609,0.013333333333333334,0.8110452890396118,5
19,4,3,0.6484677455276404,0.013333333333333334,0.7759712934494019,4
19,5,3,0.6500622736208561,0.013333333333333334,0.8405548334121704,4
19,6,3,0.557131355225572,0.0,0.9955006837844849,3
19,7,3,0.557131355225572,0.0,0.9955006837844849,3
19,8,3,0.557131355225572,0.0,0.9955006837844849,3
19,9,3,0.557131355225572,0.0,0.9955006837844849,3
19,10,3,0.557131355225572,0.0,0.9955006837844849,3
19,11,3,0.557131355225572,0.0,0.9955006837844849,3
19,12,3,0.557131355225572,0.0,0.9955006837844849,3
19,13,3,0.557131355225572,0.0,0.9955006837844849,3
19,14,3,0.557131355225572,0.0,0.9955006837844849,3
19,15,3,0.557131355225572,0.0,0.9955006837844849,3
19,16,3,0.557131355225572,0.0,0.9955006837844849,3
19,17,3,0.557131355225572,0.0,0.9955006837844849,3
19,18,3,0.557131355225572,0.0,0.9955006837844849,3
19,19,3,0.557131355225572,0.0,0.9955006837844849,3
19,20,3,0.557131355225572,0.0,0.9955006837844849,3
19,21,3,0.557131355225572,0.28,0.9944020509719849,2
19,22,3,0.557131355225572,0.28,0.9944020509719849,2
19,23,3,0.557131355225572,0.28,0.9944020509719849,2
19,24,3,0.0,1.0,,0
19,25,3,0.0,1.0,,0
19,1,4,0.6787010073157609,0.013333333333333334,0.8110452890396118,5
19,2,4,0.6787010073157609,0.013333333333333334,0.8110452890396118,5
19,3,4,0.6787010073157609,0.013333333333333334,0.8110452890396118,5
19,4,4,0.6484677455276404,0.013333333333333334,0.7759712934494019,4
19,5,4,0.6500622736208561,0.013333333333333334,0.8405548334121704,4
19,6,4,0.557131355225572,0.0,0.9955006837844849,3
19,7,4,0.557131355225572,0.0,0.9955006837844849,3
19,8,4,0.557131355225572,0.0,0.9955006837844849,3
19,9,4,0.557131355225572,0.0,0.9955006837844849,3
19,10,4,0.557131355225572,0.0,0.9955006837844849,3
19,11,4,0.557131355225572,0.0,0.9955006837844849,3
19,12,4,0.557131355225572,0.0,0.9955006837844849,3
19,13,4,0.557131355225572,0.0,0.9955006837844849,3
19,14,4,0.557131355225572,0.0,0.9955006837844849,3
19,15,4,0.557131355225572,0.0,0.9955006837844849,3
19,16,4,0.557131355225572,0.0,0.9955006837844849,3
19,17,4,0.557131355225572,0.0,0.9955006837844849,3
19,18,4,0.557131355225572,0.0,0.9955006837844849,3
19,19,4,0.557131355225572,0.0,0.9955006837844849,3
19,20,4,0.557131355225572,0.0,0.9955006837844849,3
19,21,4,0.557131355225572,0.28,0.9944020509719849,2
19,22,4,0.557131355225572,0.28,0.9944020509719849,2
19,23,4,0.557131355225572,0.28,0.9944020509719849,2
19,24,4,0.0,1.0,,0
19,25,4,0.0,1.0,,0
19,1,5,0.6451186417089974,0.0,0.7249114513397217,4
19,2,5,0.6484677455276404,0.013333333333333334,0.7759712934494019,4
19,3,5,0.6484677455276404,0.013333333333333334,0.7759712934494019,4
19,4,5,0.6484677455276404,0.013333333333333334,0.7759712934494019,4
19,5,5,0.6500622736208561,0.013333333333333334,0.8405548334121704,4
19,6,5,0.557131355225572,0.0,0.9955006837844849,3
19,7,5,0.557131355225572,0.0,0.9955006837844849,3
19,8,5,0.557131355225572,0.0,0.9955006837844849,3
19,9,5,0.557131355225572,0.0,0.9955006837844849,3
19,10,5,0.557131355225572,0.0,0.9955006837844849,3
19,11,5,0.557131355225572,0.0,0.9955006837844849,3
19,12,5,0.557131355225572,0.0,0.9955006837844849,3
19,13,5,0.557131355225572,0.0,0.9955006837844849,3
19,14,5,0.557131355225572,0.0,0.9955006837844849,3
19,15,5,0.557131355225572,0.0,0.9955006837844849,3
19,16,5,0.557131355225572,0.0,0.9955006837844849,3
19,17,5,0.557131355225572,0.0,0.9955006837844849,3
19,18,5,0.557131355225572,0.0,0.9955006837844849,3
19,19,5,0.557131355225572,0.0,0.9955006837844849,3
19,20,5,0.557131355225572,0.0,0.9955006837844849,3
19,21,5,0.557131355225572,0.28,0.9944020509719849,2
19,22,5,0.557131355225572,0.28,0.9944020509719849,2
19,23,5,0.557131355225572,0.28,0.9944020509719849,2
19,24,5,0.0,1.0,,0
19,25,5,0.0,1.0,,0
19,1,6,0.6451186417089974,0.0,0.7249114513397217,4
19,2,6,0.6484677455276404,0.013333333333333334,0.7759712934494019,4
19,3,6,0.6484677455276404,0.013333333333333334,0.7759712934494019,4
19,4,6,0.6484677455276404,0.013333333333333334,0.7759712934494019,4
19,5,6,0.6500622736208561,0.013333333333333334,0.8405548334121704,4
19,6,6,0.557131355225572,0.0,0.9955006837844849,3
19,7,6,0.557131355225572,0.0,0.9955006837844849,3
19,8,6,0.557131355225572,0.0,0.9955006837844849,3
19,9,6,0.557131355225572,0.0,0.9955006837844849,3
19,10,6,0.557131355225572,0.0,0.9955006837844849,3
19,11,6,0.557131355225572,0.0,0.9955006837844849,3
19,12,6,0.557131355225572,0.0,0.9955006837844849,3
19,13,6,0.557131355225572,0.0,0.9955006837844849,3
19,14,6,0.557131355225572,0.0,0.9955006837844849,3
19,15,6,0.557131355225572,0.0,0.9955006837844849,3
19,16,6,0.557131355225572,0.0,0.9955006837844849,3
19,17,6,0.557131355225572,0.0,0.9955006837844849,3
19,18,6,0.557131355225572,0.0,0.9955006837844849,3
19,19,6,0.557131355225572,0.0,0.9955006837844849,3
19,20,6,0.557131355225572,0.0,0.9955006837844849,3
19,21,6,0.557131355225572,0.28,0.9944020509719849,2
19,22,6,0.557131355225572,0.28,0.9944020509719849,2
19,23,6,0.557131355225572,0.28,0.9944020509719849,2
19,24,6,0.0,1.0,,0
19,25,6,0.0,1.0,,0
19,1,7,0.557131355225572,0.0,0.9955006837844849,3
19,2,7,0.557131355225572,0.0,0.9955006837844849,3
19,3,7,0.557131355225572,0.0,0.9955006837844849,3
19,4,7,0.557131355225572,0.0,0.9955006837844849,3
19,5,7,0.6500622736208561,0.013333333333333334,0.8405548334121704,4
19,6,7,0.557131355225572,0.0,0.9955006837844849,3
19,7,7,0.557131355225572,0.0,0.9955006837844849,3
19,8,7,0.557131355225572,0.0,0.9955006837844849,3
19,9,7,0.557131355225572,0.0,0.9955006837844849,3
19,10,7,0.557131355225572,0.0,0.9955006837844849,3
19,11,7,0.557131355225572,0.0,0.9955006837844849,3
19,12,7,0.557131355225572,0.0,0.9955006837844849,3
19,13,7,0.557131355225572,0.0,0.9955006837844849,3
19,14,7,0.557131355225572,0.0,0.9955006837844849,3
19,15,7,0.557131355225572,0.0,0.9955006837844849,3
19,16,7,0.557131355225572,0.0,0.9955006837844849,3
19,17,7,0.557131355225572,0.0,0.9955006837844849,3
19,18,7,0.557131355225572,0.0,0.9955006837844849,3
19,19,7,0.557131355225572,0.0,0.9955006837844849,3
19,20,7,0.557131355225572,0.0,0.9955006837844849,3
19,21,7,0.557131355225572,0.28,0.9944020509719849,2
19,22,7,0.557131355225572,0.28,0.9944020509719849,2
19,23,7,0.557131355225572,0.28,0.9944020509719849,2
19,24,7,0.0,1.0,,0
19,25,7,0.0,1.0,,0
19,1,8,0.557131355225572,0.0,0.9955006837844849,3
19,2,8,0.557131355225572,0.0,0.9955006837844849,3
19,3,8,0.557131355225572,0.0,0.9955006837844849,3
19,4,8,0.557131355225572,0.0,0.9955006837844849,3
19,5,8,0.557131355225572,0.0,0.9955006837844849,3
19,6,8,0.557131355225572,0.0,0.9955006837844849,3
19,7,8,0.557131355225572,0.0,0.9955006837844849,3
19,8,8,0.557131355225572,0.0,0.9955006837844849,3
19,9,8,0.557131355225572,0.0,0.9955006837844849,3
19,10,8,0.557131355225572,0.0,0.9955006837844849,3
19,11,8,0.557131355225572,0.0,0.9955006837844849,3
19,12,8,0.557131355225572,0.0,0.9955006837844849,3
19,13,8,0.557131355225572,0.0,0.9955006837844849,3
19,14,8,0.557131355225572,0.0,0.9955006837844849,3
19,15,8,0.557131355225572,0.0,0.9955006837844849,3
19,16,8,0.557131355225572,0.0,0.9955006837844849,3
19,17,8,0.557131355225572,0.0,0.9955006837844849,3
19,18,8,0.557131355225572,0.0,0.9955006837844849,3
19,19,8,0.557131355225572,0.0,0.9955006837844849,3
19,20,8,0.557131355225572,0.0,0.9955006837844849,3
19,21,8,0.557131355225572,0.28,0.9944020509719849,2
19,22,8,0.557131355225572,0.28,0.9944020509719849,2
19,23,8,0.557131355225572,0.28,0.9944020509719849,2
19,24,8,0.0,1.0,,0
19,25,8,0.0,1.0,,0
19,1,9,0.557131355225572,0.0,0.9955006837844849,3
19,2,9,0.557131355225572,0.0,0.9955006837844849,3
19,3,9,0.557131355225572,0.0,0.9955006837844849,3
19,4,9,0.557131355225572,0.0,0.9955006837844849,3
19,5,9,0.557131355225572,0.0,0.9955006837844849,3
19,6,9,0.557131355225572,0.0,0.9955006837844849,3
19,7,9,0.557131355225572,0.0,0.9955006837844849,3
19,8,9,0.557131355225572,0.0,0.9955006837844849,3
19,9,9,0.557131355225572,0.0,0.9955006837844849,3
19,10,9,0.557131355225572,0.0,0.9955006837844849,3
19,11,9,0.557131355225572,0.0,0.9955006837844849,3
19,12,9,0.557131355225572,0.0,0.9955006837844849,3
19,13,9,0.557131355225572,0.0,0.9955006837844849,3
19,14,9,0.557131355225572,0.0,0.9955006837844849,3
19,15,9,0.557131355225572,0.0,0.9955006837844849,3
19,16,9,0.557131355225572,0.0,0.9955006837844849,3
19,17,9,0.557131355225572,0.0,0.9955006837844849,3
19,18,9,0.557131355225572,0.0,0.9955006837844849,3
19,19,9,0.557131355225572,0.0,0.9955006837844849,3
19,20,9,0.557131355225572,0.0,0.9955006837844849,3
19,21,9,0.557131355225572,0.28,0.9944020509719849,2
19,22,9,0.557131355225572,0.28,0.9944020509719849,2
19,23,9,0.557131355225572,0.28,0.9944020509719849,2
19,24,9,0.0,1.0,,0
19,25,9,0.0,1.0,,0
19,1,10,0.557131355225572,0.0,0.9955006837844849,3
19,2,10,0.557131355225572,0.0,0.9955006837844849,3
19,3,10,0.557131355225572,0.0,0.9955006837844849,3
19,4,10,0.557131355225572,0.0,0.9955006837844849,3
19,5,10,0.557131355225572,0.0,0.9955006837844849,3
19,6,10,0.557131355225572,0.0,0.9955006837844849,3
19,7,10,0.557131355225572,0.0,0.9955006837844849,3
19,8,10,0.557131355225572,0.0,0.9955006837844849,3
19,9,10,0.557131355225572,0.0,0.9955006837844849,3
19,10,10,0.557131355225572,0.0,0.9955006837844849,3
19,11,10,0.557131355225572,0.0,0.9955006837844849,3
19,12,10,0.557131355225572,0.0,0.9955006837844849,3
19,13,10,0.557131355225572,0.0,0.9955006837844849,3
19,14,10,0.557131355225572,0.0,0.9955006837844849,3
19,15,10,0.557131355225572,0.0,0.9955006837844849,3
19,16,10,0.557131355225572,0.0,0.9955006837844849,3
19,17,10,0.557131355225572,0.0,0.9955006837844849,3
19,18,10,0.557131355225572,0.0,0.9955006837844849,3
19,19,10,0.557131355225572,0.0,0.9955006837844849,3
19,20,10,0.557131355225572,0.0,0.9955006837844849,3
19,21,10,0.557131355225572,0.28,0.9944020509719849,2
19,22,10,0.557131355225572,0.28,0.9944020509719849,2
19,23,10,0.557131355225572,0.28,0.9944020509719849,2
19,24,10,0.0,1.0,,0
19,25,10,0.0,1.0,,0
19,1,11,0.557131355225572,0.0,0.9955006837844849,3
19,2,11,0.557131355225572,0.0,0.9955006837844849,3
19,3,11,0.557131355225572,0.0,0.9955006837844849,3
19,4,11,0.557131355225572,0.0,0.9955006837844849,3
19,5,11,0.557131355225572,0.0,0.9955006837844849,3
19,6,11,0.557131355225572,0.0,0.9955006837844849,3
19,7,11,0.557131355225572,0.0,0.9955006837844849,3
19,8,11,0.557131355225572,0.0,0.9955006837844849,3
19,9,11,0.557131355225572,0.0,0.9955006837844849,3
19,10,11,0.557131355225572,0.0,0.9955006837844849,3
19,11,11,0.557131355225572,0.0,0.9955006837844849,3
19,12,11,0.557131355225572,0.0,0.9955006837844849,3
19,13,11,0.557131355225572,0.0,0.9955006837844849,3
19,14,11,0.557131355225572,0.0,0.9955006837844849,3
19,15,11,0.557131355225572,0.0,0.9955006837844849,3
19,16,11,0.557131355225572,0.0,0.9955006837844849,3
19,17,11,0.557131355225572,0.0,0.9955006837844849,3
19,18,11,0.557131355225572,0.0,0.9955006837844849,3
19,19,11,0.557131355225572,0.0,0.9955006837844849,3
19,20,11,0.557131355225572,0.0,0.9955006837844849,3
19,21,11,0.557131355225572,0.28,0.9944020509719849,2
19,22,11,0.557131355225572,0.28,0.9944020509719849,2
19,23,11,0.557131355225572,0.28,0.9944020509719849,2
19,24,11,0.0,1.0,,0
19,25,11,0.0,1.0,,0
19,1,12,0.557131355225572,0.0,0.9955006837844849,3
19,2,12,0.557131355225572,0.0,0.9955006837844849,3
19,3,12,0.557131355225572,0.0,0.9955006837844849,3
19,4,12,0.557131355225572,0.0,0.9955006837844849,3
19,5,12,0.557131355225572,0.0,0.9955006837844849,3
19,6,12,0.557131355225572,0.0,0.9955006837844849,3
19,7,12,0.557131355225572,0.0,0.9955006837844849,3
19,8,12,0.557131355225572,0.0,0.9955006837844849,3
19,9,12,0.557131355225572,0.0,0.9955006837844849,3
19,10,12,0.557131355225572,0.0,0.9955006837844849,3
19,11,12,0.557131355225572,0.0,0.9955006837844849,3
19,12,12,0.557131355225572,0.0,0.9955006837844849,3
19,13,12,0.557131355225572,0.0,0.9955006837844849,3
19,14,12,0.557131355225572,0.0,0.9955006837844849,3
19,15,12,0.557131355225572,0.0,0.9955006837844849,3
19,16,12,0.557131355225572,0.0,0.9955006837844849,3
19,17,12,0.557131355225572,0.0,0.9955006837844849,3
19,18,12,0.557131355225572,0.0,0.9955006837844849,3
19,19,12,0.557131355225572,0.0,0.9955006837844849,3
19,20,12,0.557131355225572,0.0,0.9955006837844849,3
19,21,12,0.557131355225572,0.28,0.9944020509719849,2
19,22,12,0.557131355225572,0.28,0.9944020509719849,2
19,23,12,0.557131355225572,0.28,0.9944020509719849,2
19,24,12,0.0,1.0,,0
19,25,12,0.0,1.0,,0
19,1,13,0.557131355225572,0.0,0.9955006837844849,3
19,2,13,0.557131355225572,0.0,0.9955006837844849,3
19,3,13,0.557131355225572,0.0,0.9955006837844849,3
19,4,13,0.557131355225572,0.0,0.9955006837844849,3
19,5,13,0.557131355225572,0.0,0.9955006837844849,3
19,6,13,0.557131355225572,0.0,0.9955006837844849,3
19,7,13,0.557131355225572,0.0,0.9955006837844849,3
19,8,13,0.557131355225572,0.0,0.9955006837844849,3
19,9,13,0.557131355225572,0.0,0.9955006837844849,3
19,10,13,0.557131355225572,0.0,0.9955006837844849,3
19,11,13,0.557131355225572,0.0,0.9955006837844849,3
19,12,13,0.557131355225572,0.0,0.9955006837844849,3
19,13,13,0.557131355225572,0.0,0.9955006837844849,3
19,14,13,0.557131355225572,0.0,0.9955006837844849,3
19,15,13,0.557131355225572,0.0,0.9955006837844849,3
19,16,13,0.557131355225572,0.0,0.9955006837844849,3
19,17,13,0.557131355225572,0.0,0.9955006837844849,3
19,18,13,0.557131355225572,0.0,0.9955006837844849,3
19,19,13,0.557131355225572,0.0,0.9955006837844849,3
19,20,13,0.557131355225572,0.0,0.9955006837844849,3
19,21,13,0.557131355225572,0.28,0.9944020509719849,2
19,22,13,0.557131355225572,0.28,0.9944020509719849,2
19,23,13,0.557131355225572,0.28,0.9944020509719849,2
19,24,13,0.0,1.0,,0
19,25,13,0.0,1.0,,0
19,1,14,0.557131355225572,0.0,0.9955006837844849,3
19,2,14,0.557131355225572,0.0,0.9955006837844849,3
19,3,14,0.557131355225572,0.0,0.9955006837844849,3
19,4,14,0.557131355225572,0.0,0.9955006837844849,3
19,5,14,0.557131355225572,0.0,0.9955006837844849,3
19,6,14,0.557131355225572,0.0,0.9955006837844849,3
19,7,14,0.557131355225572,0.0,0.9955006837844849,3
19,8,14,0.557131355225572,0.0,0.9955006837844849,3
19,9,14,0.557131355225572,0.0,0.9955006837844849,3
19,10,14,0.557131355225572,0.0,0.9955006837844849,3
19,11,14,0.557131355225572,0.0,0.9955006837844849,3
19,12,14,0.557131355225572,0.0,0.9955006837844849,3
19,13,14,0.557131355225572,0.0,0.9955006837844849,3
19,14,14,0.557131355225572,0.0,0.9955006837844849,3
19,15,14,0.557131355225572,0.0,0.9955006837844849,3
19,16,14,0.557131355225572,0.0,0.9955006837844849,3
19,17,14,0.557131355225572,0.0,0.9955006837844849,3
19,18,14,0.557131355225572,0.0,0.9955006837844849,3
19,19,14,0.557131355225572,0.0,0.9955006837844849,3
19,20,14,0.557131355225572,0.0,0.9955006837844849,3
19,21,14,0.557131355225572,0.28,0.9944020509719849,2
19,22,14,0.557131355225572,0.28,0.9944020509719849,2
19,23,14,0.557131355225572,0.28,0.9944020509719849,2
19,24,14,0.0,1.0,,0
19,25,14,0.0,1.0,,0
19,1,15,0.557131355225572,0.0,0.9955006837844849,3
19,2,15,0.557131355225572,0.0,0.9955006837844849,3
19,3,15,0.557131355225572,0.0,0.9955006837844849,3
19,4,15,0.557131355225572,0.0,0.9955006837844849,3
19,5,15,0.557131355225572,0.0,0.9955006837844849,3
19,6,15,0.557131355225572,0.0,0.9955006837844849,3
19,7,15,0.557131355225572,0.0,0.9955006837844849,3
19,8,15,0.557131355225572,0.0,0.9955006837844849,3
19,9,15,0.557131355225572,0.0,0.9955006837844849,3
19,10,15,0.557131355225572,0.0,0.9955006837844849,3
19,11,15,0.557131355225572,0.0,0.9955006837844849,3
19,12,15,0.557131355225572,0.0,0.9955006837844849,3
19,13,15,0.557131355225572,0.0,0.9955006837844849,3
19,14,15,0.557131355225572,0.0,0.9955006837844849,3
19,15,15,0.557131355225572,0.0,0.9955006837844849,3
19,16,15,0.557131355225572,0.0,0.9955006837844849,3
19,17,15,0.557131355225572,0.0,0.9955006837844849,3
19,18,15,0.557131355225572,0.0,0.9955006837844849,3
19,19,15,0.557131355225572,0.0,0.9955006837844849,3
19,20,15,0.557131355225572,0.0,0.9955006837844849,3
19,21,15,0.557131355225572,0.28,0.9944020509719849,2
19,22,15,0.557131355225572,0.28,0.9944020509719849,2
19,23,15,0.557131355225572,0.28,0.9944020509719849,2
19,24,15,0.0,1.0,,0
19,25,15,0.0,1.0,,0
19,1,16,0.557131355225572,0.0,0.9955006837844849,3
19,2,16,0.557131355225572,0.0,0.9955006837844849,3
19,3,16,0.557131355225572,0.0,0.9955006837844849,3
19,4,16,0.557131355225572,0.0,0.9955006837844849,3
19,5,16,0.557131355225572,0.0,0.9955006837844849,3
19,6,16,0.557131355225572,0.0,0.9955006837844849,3
19,7,16,0.557131355225572,0.0,0.9955006837844849,3
19,8,16,0.557131355225572,0.0,0.9955006837844849,3
19,9,16,0.557131355225572,0.0,0.9955006837844849,3
19,10,16,0.557131355225572,0.0,0.9955006837844849,3
19,11,16,0.557131355225572,0.0,0.9955006837844849,3
19,12,16,0.557131355225572,0.0,0.9955006837844849,3
19,13,16,0.557131355225572,0.0,0.9955006837844849,3
19,14,16,0.557131355225572,0.0,0.9955006837844849,3
19,15,16,0.557131355225572,0.0,0.9955006837844849,3
19,16,16,0.557131355225572,0.0,0.9955006837844849,3
19,17,16,0.557131355225572,0.0,0.9955006837844849,3
19,18,16,0.557131355225572,0.0,0.9955006837844849,3
19,19,16,0.557131355225572,0.0,0.9955006837844849,3
19,20,16,0.557131355225572,0.0,0.9955006837844849,3
19,21,16,0.557131355225572,0.28,0.9944020509719849,2
19,22,16,0.557131355225572,0.28,0.9944020509719849,2
19,23,16,0.557131355225572,0.28,0.9944020509719849,2
19,24,16,0.0,1.0,,0
19,25,16,0.0,1.0,,0
19,1,17,0.557131355225572,0.0,0.9955006837844849,3
19,2,17,0.557131355225572,0.0,0.9955006837844849,3
19,3,17,0.557131355225572,0.0,0.9955006837844849,3
19,4,17,0.557131355225572,0.0,0.9955006837844849,3
19,5,17,0.557131355225572,0.0,0.9955006837844849,3
19,6,17,0.557131355225572,0.0,0.9955006837844849,3
19,7,17,0.557131355225572,0.0,0.9955006837844849,3
19,8,17,0.557131355225572,0.0,0.9955006837844849,3
19,9,17,0.557131355225572,0.0,0.9955006837844849,3
19,10,17,0.557131355225572,0.0,0.9955006837844849,3
19,11,17,0.557131355225572,0.0,0.9955006837844849,3
19,12,17,0.557131355225572,0.0,0.9955006837844849,3
19,13,17,0.557131355225572,0.0,0.9955006837844849,3
19,14,17,0.557131355225572,0.0,0.9955006837844849,3
19,15,17,0.557131355225572,0.0,0.9955006837844849,3
19,16,17,0.557131355225572,0.0,0.9955006837844849,3
19,17,17,0.557131355225572,0.0,0.9955006837844849,3
19,18,17,0.557131355225572,0.0,0.9955006837844849,3
19,19,17,0.557131355225572,0.0,0.9955006837844849,3
19,20,17,0.557131355225572,0.0,0.9955006837844849,3
19,21,17,0.557131355225572,0.28,0.9944020509719849,2
19,22,17,0.557131355225572,0.28,0.9944020509719849,2
19,23,17,0.557131355225572,0.28,0.9944020509719849,2
19,24,17,0.0,1.0,,0
19,25,17,0.0,1.0,,0
19,1,18,0.557131355225572,0.0,0.9955006837844849,3
19,2,18,0.557131355225572,0.0,0.9955006837844849,3
19,3,18,0.557131355225572,0.0,0.9955006837844849,3
19,4,18,0.557131355225572,0.0,0.9955006837844849,3
19,5,18,0.557131355225572,0.0,0.9955006837844849,3
19,6,18,0.557131355225572,0.0,0.9955006837844849,3
19,7,18,0.557131355225572,0.0,0.9955006837844849,3
19,8,18,0.557131355225572,0.0,0.9955006837844849,3
19,9,18,0.557131355225572,0.0,0.9955006837844849,3
19,10,18,0.557131355225572,0.0,0.9955006837844849,3
19,11,18,0.557131355225572,0.0,0.9955006837844849,3
19,12,18,0.557131355225572,0.0,0.9955006837844849,3
19,13,18,0.557131355225572,0.0,0.9955006837844849,3
19,14,18,0.557131355225572,0.0,0.9955006837844849,3
19,15,18,0.557131355225572,0.0,0.9955006837844849,3
19,16,18,0.557131355225572,0.0,0.9955006837844849,3
19,17,18,0.557131355225572,0.0,0.9955006837844849,3
19,18,18,0.557131355225572,0.0,0.9955006837844849,3
19,19,18,0.557131355225572,0.0,0.9955006837844849,3
19,20,18,0.557131355225572,0.0,0.9955006837844849,3
19,21,18,0.557131355225572,0.28,0.9944020509719849,2
19,22,18,0.557131355225572,0.28,0.9944020509719849,2
19,23,18,0.557131355225572,0.28,0.9944020509719849,2
19,24,18,0.0,1.0,,0
19,25,18,0.0,1.0,,0
19,1,19,0.557131355225572,0.0,0.9955006837844849,3
19,2,19,0.557131355225572,0.0,0.9955006837844849,3
19,3,19,0.557131355225572,0.0,0.9955006837844849,3
19,4,19,0.557131355225572,0.0,0.9955006837844849,3
19,5,19,0.557131355225572,0.0,0.9955006837844849,3
19,6,19,0.557131355225572,0.0,0.9955006837844849,3
19,7,19,0.557131355225572,0.0,0.9955006837844849,3
19,8,19,0.557131355225572,0.0,0.9955006837844849,3
19,9,19,0.557131355225572,0.0,0.9955006837844849,3
19,10,19,0.557131355225572,0.0,0.9955006837844849,3
19,11,19,0.557131355225572,0.0,0.9955006837844849,3
19,12,19,0.557131355225572,0.0,0.9955006837844849,3
19,13,19,0.557131355225572,0.0,0.9955006837844849,3
19,14,19,0.557131355225572,0.0,0.9955006837844849,3
19,15,19,0.557131355225572,0.0,0.9955006837844849,3
19,16,19,0.557131355225572,0.0,0.9955006837844849,3
19,17,19,0.557131355225572,0.0,0.9955006837844849,3
19,18,19,0.557131355225572,0.0,0.9955006837844849,3
19,19,19,0.557131355225572,0.0,0.9955006837844849,3
19,20,19,0.557131355225572,0.0,0.9955006837844849,3
19,21,19,0.557131355225572,0.28,0.9944020509719849,2
19,22,19,0.557131355225572,0.28,0.9944020509719849,2
19,23,19,0.557131355225572,0.28,0.9944020509719849,2
19,24,19,0.0,1.0,,0
19,25,19,0.0,1.0,,0
19,1,20,0.557131355225572,0.0,0.9955006837844849,3
19,2,20,0.557131355225572,0.0,0.9955006837844849,3
19,3,20,0.557131355225572,0.0,0.9955006837844849,3
19,4,20,0.557131355225572,0.0,0.9955006837844849,3
19,5,20,0.557131355225572,0.0,0.9955006837844849,3
19,6,20,0.557131355225572,0.0,0.9955006837844849,3
19,7,20,0.557131355225572,0.0,0.9955006837844849,3
19,8,20,0.557131355225572,0.0,0.9955006837844849,3
19,9,20,0.557131355225572,0.0,0.9955006837844849,3
19,10,20,0.557131355225572,0.0,0.9955006837844849,3
19,11,20,0.557131355225572,0.0,0.9955006837844849,3
19,12,20,0.557131355225572,0.0,0.9955006837844849,3
19,13,20,0.557131355225572,0.0,0.9955006837844849,3
19,14,20,0.557131355225572,0.0,0.9955006837844849,3
19,15,20,0.557131355225572,0.0,0.9955006837844849,3
19,16,20,0.557131355225572,0.0,0.9955006837844849,3
19,17,20,0.557131355225572,0.0,0.9955006837844849,3
19,18,20,0.557131355225572,0.0,0.9955006837844849,3
19,19,20,0.557131355225572,0.0,0.9955006837844849,3
19,20,20,0.557131355225572,0.0,0.9955006837844849,3
19,21,20,0.557131355225572,0.28,0.9944020509719849,2
19,22,20,0.557131355225572,0.28,0.9944020509719849,2
19,23,20,0.557131355225572,0.28,0.9944020509719849,2
19,24,20,0.0,1.0,,0
19,25,20,0.0,1.0,,0
19,1,21,0.557131355225572,0.0,0.9955006837844849,3
19,2,21,0.557131355225572,0.0,0.9955006837844849,3
19,3,21,0.557131355225572,0.0,0.9955006837844849,3
19,4,21,0.557131355225572,0.0,0.9955006837844849,3
19,5,21,0.557131355225572,0.0,0.9955006837844849,3
19,6,21,0.557131355225572,0.0,0.9955006837844849,3
19,7,21,0.557131355225572,0.0,0.9955006837844849,3
19,8,21,0.557131355225572,0.0,0.9955006837844849,3
19,9,21,0.557131355225572,0.0,0.9955006837844849,3
19,10,21,0.557131355225572,0.0,0.9955006837844849,3
19,11,21,0.557131355225572,0.0,0.9955006837844849,3
19,12,21,0.557131355225572,0.0,0.9955006837844849,3
19,13,21,0.557131355225572,0.0,0.9955006837844849,3
19,14,21,0.557131355225572,0.0,0.9955006837844849,3
19,15,21,0.557131355225572,0.0,0.9955006837844849,3
19,16,21,0.557131355225572,0.0,0.9955006837844849,3
19,17,21,0.557131355225572,0.0,0.9955006837844849,3
19,18,21,0.557131355225572,0.0,0.9955006837844849,3
19,19,21,0.557131355225572,0.0,0.9955006837844849,3
19,20,21,0.557131355225572,0.0,0.9955006837844849,3
19,21,21,0.557131355225572,0.28,0.9944020509719849,2
19,22,21,0.557131355225572,0.28,0.9944020509719849,2
19,23,21,0.557131355225572,0.28,0.9944020509719849,2
19,24,21,0.0,1.0,,0
19,25,21,0.0,1.0,,0
19,1,22,0.557131355225572,0.28,0.9944020509719849,2
19,2,22,0.557131355225572,0.28,0.9944020509719849,2
19,3,22,0.557131355225572,0.28,0.9944020509719849,2
19,4,22,0.557131355225572,0.28,0.9944020509719849,2
19,5,22,0.557131355225572,0.28,0.9944020509719849,2
19,6,22,0.557131355225572,0.28,0.9944020509719849,2
19,7,22,0.557131355225572,0.28,0.9944020509719849,2
19,8,22,0.557131355225572,0.28,0.9944020509719849,2
19,9,22,0.557131355225572,0.28,0.9944020509719849,2
19,10,22,0.557131355225572,0.28,0.9944020509719849,2
19,11,22,0.557131355225572,0.28,0.9944020509719849,2
19,12,22,0.557131355225572,0.28,0.9944020509719849,2
19,13,22,0.557131355225572,0.28,0.9944020509719849,2
19,14,22,0.557131355225572,0.28,0.9944020509719849,2
19,15,22,0.557131355225572,0.28,0.9944020509719849,2
19,16,22,0.557131355225572,0.28,0.9944020509719849,2
19,17,22,0.557131355225572,0.28,0.9944020509719849,2
19,18,22,0.557131355225572,0.28,0.9944020509719849,2
19,19,22,0.557131355225572,0.28,0.9944020509719849,2
19,20,22,0.557131355225572,0.28,0.9944020509719849,2
19,21,22,0.557131355225572,0.28,0.9944020509719849,2
19,22,22,0.557131355225572,0.28,0.9944020509719849,2
19,23,22,0.557131355225572,0.28,0.9944020509719849,2
19,24,22,0.0,1.0,,0
19,25,22,0.0,1.0,,0
19,1,23,0.557131355225572,0.28,0.9944020509719849,2
19,2,23,0.557131355225572,0.28,0.9944020509719849,2
19,3,23,0.557131355225572,0.28,0.9944020509719849,2
19,4,23,0.557131355225572,0.28,0.9944020509719849,2
19,5,23,0.557131355225572,0.28,0.9944020509719849,2
19,6,23,0.557131355225572,0.28,0.9944020509719849,2
19,7,23,0.557131355225572,0.28,0.9944020509719849,2
19,8,23,0.557131355225572,0.28,0.9944020509719849,2
19,9,23,0.557131355225572,0.28,0.9944020509719849,2
19,10,23,0.557131355225572,0.28,0.9944020509719849,2
19,11,23,0.557131355225572,0.28,0.9944020509719849,2
19,12,23,0.557131355225572,0.28,0.9944020509719849,2
19,13,23,0.557131355225572,0.28,0.9944020509719849,2
19,14,23,0.557131355225572,0.28,0.9944020509719849,2
19,15,23,0.557131355225572,0.28,0.9944020509719849,2
19,16,23,0.557131355225572,0.28,0.9944020509719849,2
19,17,23,0.557131355225572,0.28,0.9944020509719849,2
19,18,23,0.557131355225572,0.28,0.9944020509719849,2
19,19,23,0.557131355225572,0.28,0.9944020509719849,2
19,20,23,0.557131355225572,0.28,0.9944020509719849,2
19,21,23,0.557131355225572,0.28,0.9944020509719849,2
19,22,23,0.557131355225572,0.28,0.9944020509719849,2
19,23,23,0.557131355225572,0.28,0.9944020509719849,2
19,24,23,0.0,1.0,,0
19,25,23,0.0,1.0,,0
19,1,24,0.557131355225572,0.28,0.9944020509719849,2
19,2,24,0.557131355225572,0.28,0.9944020509719849,2
19,3,24,0.557131355225572,0.28,0.9944020509719849,2
19,4,24,0.557131355225572,0.28,0.9944020509719849,2
19,5,24,0.557131355225572,0.28,0.9944020509719849,2
19,6,24,0.557131355225572,0.28,0.9944020509719849,2
19,7,24,0.557131355225572,0.28,0.9944020509719849,2
19,8,24,0.557131355225572,0.28,0.9944020509719849,2
19,9,24,0.557131355225572,0.28,0.9944020509719849,2
19,10,24,0.557131355225572,0.28,0.9944020509719849,2
19,11,24,0.557131355225572,0.28,0.9944020509719849,2
19,12,24,0.557131355225572,0.28,0.9944020509719849,2
19,13,24,0.557131355225572,0.28,0.9944020509719849,2
19,14,24,0.557131355225572,0.28,0.9944020509719849,2
19,15,24,0.557131355225572,0.28,0.9944020509719849,2
19,16,24,0.557131355225572,0.28,0.9944020509719849,2
19,17,24,0.557131355225572,0.28,0.9944020509719849,2
19,18,24,0.557131355225572,0.28,0.9944020509719849,2
19,19,24,0.557131355225572,0.28,0.9944020509719849,2
19,20,24,0.557131355225572,0.28,0.9944020509719849,2
19,21,24,0.557131355225572,0.28,0.9944020509719849,2
19,22,24,0.557131355225572,0.28,0.9944020509719849,2
19,23,24,0.557131355225572,0.28,0.9944020509719849,2
19,24,24,0.0,1.0,,0
19,25,24,0.0,1.0,,0
19,1,25,0.0,1.0,,0
19,2,25,0.0,1.0,,0
19,3,25,0.0,1.0,,0
19,4,25,0.0,1.0,,0
19,5,25,0.0,1.0,,0
19,6,25,0.0,1.0,,0
19,7,25,0.0,1.0,,0
19,8,25,0.0,1.0,,0
19,9,25,0.0,1.0,,0
19,10,25,0.0,1.0,,0
19,11,25,0.0,1.0,,0
19,12,25,0.0,1.0,,0
19,13,25,0.0,1.0,,0
19,14,25,0.0,1.0,,0
19,15,25,0.0,1.0,,0
19,16,25,0.0,1.0,,0
19,17,25,0.0,1.0,,0
19,18,25,0.0,1.0,,0
19,19,25,0.0,1.0,,0
19,20,25,0.0,1.0,,0
19,21,25,0.0,1.0,,0
19,22,25,0.0,1.0,,0
19,23,25,0.0,1.0,,0
19,24,25,0.0,1.0,,0
19,25,25,0.0,1.0,,0
20,1,2,0.0901329978432782,0.13333333333333333,0.05574245750904083,24
20,2,2,0.486451786691948,0.08,0.46224337816238403,7
20,3,2,0.6787010073157609,0.013333333333333334,0.6844412088394165,5
20,4,2,0.6451186417089974,0.0,0.7936167120933533,4
20,5,2,0.6500622736208561,0.013333333333333334,0.7751991748809814,4
20,6,2,0.557131355225572,0.0,0.9970666766166687,3
20,7,2,0.557131355225572,0.0,0.9970666766166687,3
20,8,2,0.557131355225572,0.0,0.9970666766166687,3
20,9,2,0.557131355225572,0.0,0.9970666766166687,3
20,10,2,0.557131355225572,0.0,0.9970666766166687,3
20,11,2,0.557131355225572,0.0,0.9970666766166687,3
20,12,2,0.557131355225572,0.0,0.9970666766166687,3
20,13,2,0.557131355225572,0.0,0.9970666766166687,3
20,14,2,0.557131355225572,0.0,0.9970666766166687,3
20,15,2,0.557131355225572,0.0,0.9970666766166687,3
20,16,2,0.557131355225572,0.0,0.9970666766166687,3
20,17,2,0.557131355225572,0.0,0.9970666766166687,3
20,18,2,0.557131355225572,0.0,0.9970666766166687,3
20,19,2,0.557131355225572,0.0,0.9970666766166687,3
20,20,2,0.557131355225572,0.0,0.9970666766166687,3
20,21,2,0.557131355225572,0.28,0.9961211681365967,2
20,22,2,0.557131355225572,0.28,0.9961211681365967,2
20,23,2,0.557131355225572,0.28,0.9961211681365967,2
20,24,2,0.056671621038500236,0.8666666666666667,-0.1787697821855545,2
20,25,2,0.056671621038500236,0.8666666666666667,-0.1787697821855545,2
20,1,3,0.46940164028222536,0.08,0.4114423990249634,9
20,2,3,0.486451786691948,0.08,0.46224337816238403,7
20,3,3,0.6787010073157609,0.013333333333333334,0.6844412088394165,5
20,4,3,0.6451186417089974,0.0,0.7936167120933533,4
20,5,3,0.6500622736208561,0.013333333333333334,0.7751991748809814,4
20,6,3,0.557131355225572,0.0,0.9970666766166687,3
20,7,3,0.557131355225572,0.0,0.9970666766166687,3
20,8,3,0.557131355225572,0.0,0.9970666766166687,3
20,9,3,0.557131355225572,0.0,0.9970666766166687,3
20,10,3,0.557131355225572,0.0,0.9970666766166687,3
20,11,3,0.557131355225572,0.0,0.9970666766166687,3
20,12,3,0.557131355225572,0.0,0.9970666766166687,3
20,13,3,0.557131355225572,0.0,0.9970666766166687,3
20,14,3,0.557131355225572,0.0,0.9970666766166687,3
20,15,3,0.557131355225572,0.0,0.9970666766166687,3
20,16,3,0.557131355225572,0.0,0.9970666766166687,3
20,17,3,0.557131355225572,0.0,0.9970666766166687,3
20,18,3,0.557131355225572,0.0,0.9970666766166687,3
20,19,3,0.557131355225572,0.0,0.9970666766166687,3
20,20,3,0.557131355225572,0.0,0.9970666766166687,3
20,21,3,0.557131355225572,0.28,0.9961211681365967,2
20,22,3,0.557131355225572,0.28,0.9961211681365967,2
20,23,3,0.557131355225572,0.28,0.9961211681365967,2
20,24,3,0.0,1.0,,0
20,25,3,0.0,1.0,,0
20,1,4,0.4887800250082411,0.08,0.4503268301486969,7
20,2,4,0.6787010073157609,0.013333333333333334,0.6844412088394165,5
20,3,4,0.6787010073157609,0.013333333333333334,0.6844412088394165,5
20,4,4,0.6451186417089974,0.0,0.7936167120933533,4
20,5,4,0.6500622736208561,0.013333333333333334,0.7751991748809814,4
20,6,4,0.557131355225572,0.0,0.9970666766166687,3
20,7,4,0.557131355225572,0.0,0.9970666766166687,3
20,8,4,0.557131355225572,0.0,0.9970666766166687,3
20,9,4,0.557131355225572,0.0,0.9970666766166687,3
20,10,4,0.557131355225572,0.0,0.9970666766166687,3
20,11,4,0.557131355225572,0.0,0.9970666766166687,3
20,12,4,0.557131355225572,0.0,0.9970666766166687,3
20,13,4,0.557131355225572,0.0,0.9970666766166687,3
20,14,4,0.557131355225572,0.0,0.9970666766166687,3
20,15,4,0.557131355225572,0.0,0.9970666766166687,3
20,16,4,0.557131355225572,0.0,0.9970666766166687,3
20,17,4,0.557131355225572,0.0,0.9970666766166687,3
20,18,4,0.557131355225572,0.0,0.9970666766166687,3
20,19,4,0.557131355225572,0.0,0.9970666766166687,3
20,20,4,0.557131355225572,0.0,0.9970666766166687,3
20,21,4,0.557131355225572,0.28,0.9961211681365967,2
20,22,4,0.557131355225572,0.28,0.9961211681365967,2
20,23,4,0.557131355225572,0.28,0.9961211681365967,2
20,24,4,0.0,1.0,,0
20,25,4,0.0,1.0,,0
20,1,5,0.6451186417089974,0.0,0.7936167120933533,4
20,2,5,0.6451186417089974,0.0,0.7936167120933533,4
20,3,5,0.6451186417089974,0.0,0.7936167120933533,4
20,4,5,0.6451186417089974,0.0,0.7936167120933533,4
20,5,5,0.6500622736208561,0.013333333333333334,0.7751991748809814,4
20,6,5,0.557131355225572,0.0,0.9970666766166687,3
20,7,5,0.557131355225572,0.0,0.9970666766166687,3
20,8,5,0.557131355225572,0.0,0.9970666766166687,3
20,9,5,0.557131355225572,0.0,0.9970666766166687,3
20,10,5,0.557131355225572,0.0,0.9970666766166687,3
20,11,5,0.557131355225572,0.0,0.9970666766166687,3
20,12,5,0.557131355225572,0.0,0.9970666766166687,3
20,13,5,0.557131355225572,0.0,0.9970666766166687,3
20,14,5,0.557131355225572,0.0,0.9970666766166687,3
20,15,5,0.557131355225572,0.0,0.9970666766166687,3
20,16,5,0.557131355225572,0.0,0.9970666766166687,3
20,17,5,0.557131355225572,0.0,0.9970666766166687,3
20,18,5,0.557131355225572,0.0,0.9970666766166687,3
20,19,5,0.557131355225572,0.0,0.9970666766166687,3
20,20,5,0.557131355225572,0.0,0.9970666766166687,3
20,21,5,0.557131355225572,0.28,0.9961211681365967,2
20,22,5,0.557131355225572,0.28,0.9961211681365967,2
20,23,5,0.557131355225572,0.28,0.9961211681365967,2
20,24,5,0.0,1.0,,0
20,25,5,0.0,1.0,,0
20,1,6,0.6451186417089974,0.0,0.7936167120933533,4
20,2,6,0.6451186417089974,0.0,0.7936167120933533,4
20,3,6,0.6451186417089974,0.0,0.7936167120933533,4
20,4,6,0.6451186417089974,0.0,0.7936167120933533,4
20,5,6,0.6500622736208561,0.013333333333333334,0.7751991748809814,4
20,6,6,0.557131355225572,0.0,0.9970666766166687,3
20,7,6,0.557131355225572,0.0,0.9970666766166687,3
20,8,6,0.557131355225572,0.0,0.9970666766166687,3
20,9,6,0.557131355225572,0.0,0.9970666766166687,3
20,10,6,0.557131355225572,0.0,0.9970666766166687,3
20,11,6,0.557131355225572,0.0,0.9970666766166687,3
20,12,6,0.557131355225572,0.0,0.9970666766166687,3
20,13,6,0.557131355225572,0.0,0.9970666766166687,3
20,14,6,0.557131355225572,0.0,0.9970666766166687,3
20,15,6,0.557131355225572,0.0,0.9970666766166687,3
20,16,6,0.557131355225572,0.0,0.9970666766166687,3
20,17,6,0.557131355225572,0.0,0.9970666766166687,3
20,18,6,0.557131355225572,0.0,0.9970666766166687,3
20,19,6,0.557131355225572,0.0,0.9970666766166687,3
20,20,6,0.557131355225572,0.0,0.9970666766166687,3
20,21,6,0.557131355225572,0.28,0.9961211681365967,2
20,22,6,0.557131355225572,0.28,0.9961211681365967,2
20,23,6,0.557131355225572,0.28,0.9961211681365967,2
20,24,6,0.0,1.0,,0
20,25,6,0.0,1.0,,0
20,1,7,0.557131355225572,0.0,0.9970666766166687,3
20,2,7,0.557131355225572,0.0,0.9970666766166687,3
20,3,7,0.557131355225572,0.0,0.9970666766166687,3
20,4,7,0.557131355225572,0.0,0.9970666766166687,3
20,5,7,0.6500622736208561,0.013333333333333334,0.7751991748809814,4
20,6,7,0.557131355225572,0.0,0.9970666766166687,3
20,7,7,0.557131355225572,0.0,0.9970666766166687,3
20,8,7,0.557131355225572,0.0,0.9970666766166687,3
20,9,7,0.557131355225572,0.0,0.9970666766166687,3
20,10,7,0.557131355225572,0.0,0.9970666766166687,3
20,11,7,0.557131355225572,0.0,0.9970666766166687,3
20,12,7,0.557131355225572,0.0,0.9970666766166687,3
20,13,7,0.557131355225572,0.0,0.9970666766166687,3
20,14,7,0.557131355225572,0.0,0.9970666766166687,3
20,15,7,0.557131355225572,0.0,0.9970666766166687,3
20,16,7,0.557131355225572,0.0,0.9970666766166687,3
20,17,7,0.557131355225572,0.0,0.9970666766166687,3
20,18,7,0.557131355225572,0.0,0.9970666766166687,3
20,19,7,0.557131355225572,0.0,0.9970666766166687,3
20,20,7,0.557131355225572,0.0,0.9970666766166687,3
20,21,7,0.557131355225572,0.28,0.9961211681365967,2
20,22,7,0.557131355225572,0.28,0.9961211681365967,2
20,23,7,0.557131355225572,0.28,0.9961211681365967,2
20,24,7,0.0,1.0,,0
20,25,7,0.0,1.0,,0
20,1,8,0.557131355225572,0.0,0.9970666766166687,3
20,2,8,0.557131355225572,0.0,0.9970666766166687,3
20,3,8,0.557131355225572,0.0,0.9970666766166687,3
20,4,8,0.557131355225572,0.0,0.9970666766166687,3
20,5,8,0.557131355225572,0.0,0.9970666766166687,3
20,6,8,0.557131355225572,0.0,0.9970666766166687,3
20,7,8,0.557131355225572,0.0,0.9970666766166687,3
20,8,8,0.557131355225572,0.0,0.9970666766166687,3
20,9,8,0.557131355225572,0.0,0.9970666766166687,3
20,10,8,0.557131355225572,0.0,0.9970666766166687,3
20,11,8,0.557131355225572,0.0,0.9970666766166687,3
20,12,8,0.557131355225572,0.0,0.9970666766166687,3
20,13,8,0.557131355225572,0.0,0.9970666766166687,3
20,14,8,0.557131355225572,0.0,0.9970666766166687,3
20,15,8,0.557131355225572,0.0,0.9970666766166687,3
20,16,8,0.557131355225572,0.0,0.9970666766166687,3
20,17,8,0.557131355225572,0.0,0.9970666766166687,3
20,18,8,0.557131355225572,0.0,0.9970666766166687,3
20,19,8,0.557131355225572,0.0,0.9970666766166687,3
20,20,8,0.557131355225572,0.0,0.9970666766166687,3
20,21,8,0.557131355225572,0.28,0.9961211681365967,2
20,22,8,0.557131355225572,0.28,0.9961211681365967,2
20,23,8,0.557131355225572,0.28,0.9961211681365967,2
20,24,8,0.0,1.0,,0
20,25,8,0.0,1.0,,0
20,1,9,0.557131355225572,0.0,0.9970666766166687,3
20,2,9,0.557131355225572,0.0,0.9970666766166687,3
20,3,9,0.557131355225572,0.0,0.9970666766166687,3
20,4,9,0.557131355225572,0.0,0.9970666766166687,3
20,5,9,0.557131355225572,0.0,0.9970666766166687,3
20,6,9,0.557131355225572,0.0,0.9970666766166687,3
20,7,9,0.557131355225572,0.0,0.9970666766166687,3
20,8,9,0.557131355225572,0.0,0.9970666766166687,3
20,9,9,0.557131355225572,0.0,0.9970666766166687,3
20,10,9,0.557131355225572,0.0,0.9970666766166687,3
20,11,9,0.557131355225572,0.0,0.9970666766166687,3
20,12,9,0.557131355225572,0.0,0.9970666766166687,3
20,13,9,0.557131355225572,0.0,0.9970666766166687,3
20,14,9,0.557131355225572,0.0,0.9970666766166687,3
20,15,9,0.557131355225572,0.0,0.9970666766166687,3
20,16,9,0.557131355225572,0.0,0.9970666766166687,3
20,17,9,0.557131355225572,0.0,0.9970666766166687,3
20,18,9,0.557131355225572,0.0,0.9970666766166687,3
20,19,9,0.557131355225572,0.0,0.9970666766166687,3
20,20,9,0.557131355225572,0.0,0.9970666766166687,3
20,21,9,0.557131355225572,0.28,0.9961211681365967,2
20,22,9,0.557131355225572,0.28,0.9961211681365967,2
20,23,9,0.557131355225572,0.28,0.9961211681365967,2
20,24,9,0.0,1.0,,0
20,25,9,0.0,1.0,,0
20,1,10,0.557131355225572,0.0,0.9970666766166687,3
20,2,10,0.557131355225572,0.0,0.9970666766166687,3
20,3,10,0.557131355225572,0.0,0.9970666766166687,3
20,4,10,0.557131355225572,0.0,0.9970666766166687,3
20,5,10,0.557131355225572,0.0,0.9970666766166687,3
20,6,10,0.557131355225572,0.0,0.9970666766166687,3
20,7,10,0.557131355225572,0.0,0.9970666766166687,3
20,8,10,0.557131355225572,0.0,0.9970666766166687,3
20,9,10,0.557131355225572,0.0,0.9970666766166687,3
20,10,10,0.557131355225572,0.0,0.9970666766166687,3
20,11,10,0.557131355225572,0.0,0.9970666766166687,3
20,12,10,0.557131355225572,0.0,0.9970666766166687,3
20,13,10,0.557131355225572,0.0,0.9970666766166687,3
20,14,10,0.557131355225572,0.0,0.9970666766166687,3
20,15,10,0.557131355225572,0.0,0.9970666766166687,3
20,16,10,0.557131355225572,0.0,0.9970666766166687,3
20,17,10,0.557131355225572,0.0,0.9970666766166687,3
20,18,10,0.557131355225572,0.0,0.9970666766166687,3
20,19,10,0.557131355225572,0.0,0.9970666766166687,3
20,20,10,0.557131355225572,0.0,0.9970666766166687,3
20,21,10,0.557131355225572,0.28,0.9961211681365967,2
20,22,10,0.557131355225572,0.28,0.9961211681365967,2
20,23,10,0.557131355225572,0.28,0.9961211681365967,2
20,24,10,0.0,1.0,,0
20,25,10,0.0,1.0,,0
20,1,11,0.557131355225572,0.0,0.9970666766166687,3
20,2,11,0.557131355225572,0.0,0.9970666766166687,3
20,3,11,0.557131355225572,0.0,0.9970666766166687,3
20,4,11,0.557131355225572,0.0,0.9970666766166687,3
20,5,11,0.557131355225572,0.0,0.9970666766166687,3
20,6,11,0.557131355225572,0.0,0.9970666766166687,3
20,7,11,0.557131355225572,0.0,0.9970666766166687,3
20,8,11,0.557131355225572,0.0,0.9970666766166687,3
20,9,11,0.557131355225572,0.0,0.9970666766166687,3
20,10,11,0.557131355225572,0.0,0.9970666766166687,3
20,11,11,0.557131355225572,0.0,0.9970666766166687,3
20,12,11,0.557131355225572,0.0,0.9970666766166687,3
20,13,11,0.557131355225572,0.0,0.9970666766166687,3
20,14,11,0.557131355225572,0.0,0.9970666766166687,3
20,15,11,0.557131355225572,0.0,0.9970666766166687,3
20,16,11,0.557131355225572,0.0,0.9970666766166687,3
20,17,11,0.557131355225572,0.0,0.9970666766166687,3
20,18,11,0.557131355225572,0.0,0.9970666766166687,3
20,19,11,0.557131355225572,0.0,0.9970666766166687,3
20,20,11,0.557131355225572,0.0,0.9970666766166687,3
20,21,11,0.557131355225572,0.28,0.9961211681365967,2
20,22,11,0.557131355225572,0.28,0.9961211681365967,2
20,23,11,0.557131355225572,0.28,0.9961211681365967,2
20,24,11,0.0,1.0,,0
20,25,11,0.0,1.0,,0
20,1,12,0.557131355225572,0.0,0.9970666766166687,3
20,2,12,0.557131355225572,0.0,0.9970666766166687,3
20,3,12,0.557131355225572,0.0,0.9970666766166687,3
20,4,12,0.557131355225572,0.0,0.9970666766166687,3
20,5,12,0.557131355225572,0.0,0.9970666766166687,3
20,6,12,0.557131355225572,0.0,0.9970666766166687,3
20,7,12,0.557131355225572,0.0,0.9970666766166687,3
20,8,12,0.557131355225572,0.0,0.9970666766166687,3
20,9,12,0.557131355225572,0.0,0.9970666766166687,3
20,10,12,0.557131355225572,0.0,0.9970666766166687,3
20,11,12,0.557131355225572,0.0,0.9970666766166687,3
20,12,12,0.557131355225572,0.0,0.9970666766166687,3
20,13,12,0.557131355225572,0.0,0.9970666766166687,3
20,14,12,0.557131355225572,0.0,0.9970666766166687,3
20,15,12,0.557131355225572,0.0,0.9970666766166687,3
20,16,12,0.557131355225572,0.0,0.9970666766166687,3
20,17,12,0.557131355225572,0.0,0.9970666766166687,3
20,18,12,0.557131355225572,0.0,0.9970666766166687,3
20,19,12,0.557131355225572,0.0,0.9970666766166687,3
20,20,12,0.557131355225572,0.0,0.9970666766166687,3
20,21,12,0.557131355225572,0.28,0.9961211681365967,2
20,22,12,0.557131355225572,0.28,0.9961211681365967,2
20,23,12,0.557131355225572,0.28,0.9961211681365967,2
20,24,12,0.0,1.0,,0
20,25,12,0.0,1.0,,0
20,1,13,0.557131355225572,0.0,0.9970666766166687,3
20,2,13,0.557131355225572,0.0,0.9970666766166687,3
20,3,13,0.557131355225572,0.0,0.9970666766166687,3
20,4,13,0.557131355225572,0.0,0.9970666766166687,3
20,5,13,0.557131355225572,0.0,0.9970666766166687,3
20,6,13,0.557131355225572,0.0,0.9970666766166687,3
20,7,13,0.557131355225572,0.0,0.9970666766166687,3
20,8,13,0.557131355225572,0.0,0.9970666766166687,3
20,9,13,0.557131355225572,0.0,0.9970666766166687,3
20,10,13,0.557131355225572,0.0,0.9970666766166687,3
20,11,13,0.557131355225572,0.0,0.9970666766166687,3
20,12,13,0.557131355225572,0.0,0.9970666766166687,3
20,13,13,0.557131355225572,0.0,0.9970666766166687,3
20,14,13,0.557131355225572,0.0,0.9970666766166687,3
20,15,13,0.557131355225572,0.0,0.9970666766166687,3
20,16,13,0.557131355225572,0.0,0.9970666766166687,3
20,17,13,0.557131355225572,0.0,0.9970666766166687,3
20,18,13,0.557131355225572,0.0,0.9970666766166687,3
20,19,13,0.557131355225572,0.0,0.9970666766166687,3
20,20,13,0.557131355225572,0.0,0.9970666766166687,3
20,21,13,0.557131355225572,0.28,0.9961211681365967,2
20,22,13,0.557131355225572,0.28,0.9961211681365967,2
20,23,13,0.557131355225572,0.28,0.9961211681365967,2
20,24,13,0.0,1.0,,0
20,25,13,0.0,1.0,,0
20,1,14,0.557131355225572,0.0,0.9970666766166687,3
20,2,14,0.557131355225572,0.0,0.9970666766166687,3
20,3,14,0.557131355225572,0.0,0.9970666766166687,3
20,4,14,0.557131355225572,0.0,0.9970666766166687,3
20,5,14,0.557131355225572,0.0,0.9970666766166687,3
20,6,14,0.557131355225572,0.0,0.9970666766166687,3
20,7,14,0.557131355225572,0.0,0.9970666766166687,3
20,8,14,0.557131355225572,0.0,0.9970666766166687,3
20,9,14,0.557131355225572,0.0,0.9970666766166687,3
20,10,14,0.557131355225572,0.0,0.9970666766166687,3
20,11,14,0.557131355225572,0.0,0.9970666766166687,3
20,12,14,0.557131355225572,0.0,0.9970666766166687,3
20,13,14,0.557131355225572,0.0,0.9970666766166687,3
20,14,14,0.557131355225572,0.0,0.9970666766166687,3
20,15,14,0.557131355225572,0.0,0.9970666766166687,3
20,16,14,0.557131355225572,0.0,0.9970666766166687,3
20,17,14,0.557131355225572,0.0,0.9970666766166687,3
20,18,14,0.557131355225572,0.0,0.9970666766166687,3
20,19,14,0.557131355225572,0.0,0.9970666766166687,3
20,20,14,0.557131355225572,0.0,0.9970666766166687,3
20,21,14,0.557131355225572,0.28,0.9961211681365967,2
20,22,14,0.557131355225572,0.28,0.9961211681365967,2
20,23,14,0.557131355225572,0.28,0.9961211681365967,2
20,24,14,0.0,1.0,,0
20,25,14,0.0,1.0,,0
20,1,15,0.557131355225572,0.0,0.9970666766166687,3
20,2,15,0.557131355225572,0.0,0.9970666766166687,3
20,3,15,0.557131355225572,0.0,0.9970666766166687,3
20,4,15,0.557131355225572,0.0,0.9970666766166687,3
20,5,15,0.557131355225572,0.0,0.9970666766166687,3
20,6,15,0.557131355225572,0.0,0.9970666766166687,3
20,7,15,0.557131355225572,0.0,0.9970666766166687,3
20,8,15,0.557131355225572,0.0,0.9970666766166687,3
20,9,15,0.557131355225572,0.0,0.9970666766166687,3
20,10,15,0.557131355225572,0.0,0.9970666766166687,3
20,11,15,0.557131355225572,0.0,0.9970666766166687,3
20,12,15,0.557131355225572,0.0,0.9970666766166687,3
20,13,15,0.557131355225572,0.0,0.9970666766166687,3
20,14,15,0.557131355225572,0.0,0.9970666766166687,3
20,15,15,0.557131355225572,0.0,0.9970666766166687,3
20,16,15,0.557131355225572,0.0,0.9970666766166687,3
20,17,15,0.557131355225572,0.0,0.9970666766166687,3
20,18,15,0.557131355225572,0.0,0.9970666766166687,3
20,19,15,0.557131355225572,0.0,0.9970666766166687,3
20,20,15,0.557131355225572,0.0,0.9970666766166687,3
20,21,15,0.557131355225572,0.28,0.9961211681365967,2
20,22,15,0.557131355225572,0.28,0.9961211681365967,2
20,23,15,0.557131355225572,0.28,0.9961211681365967,2
20,24,15,0.0,1.0,,0
20,25,15,0.0,1.0,,0
20,1,16,0.557131355225572,0.0,0.9970666766166687,3
20,2,16,0.557131355225572,0.0,0.9970666766166687,3
20,3,16,0.557131355225572,0.0,0.9970666766166687,3
20,4,16,0.557131355225572,0.0,0.9970666766166687,3
20,5,16,0.557131355225572,0.0,0.9970666766166687,3
20,6,16,0.557131355225572,0.0,0.9970666766166687,3
20,7,16,0.557131355225572,0.0,0.9970666766166687,3
20,8,16,0.557131355225572,0.0,0.9970666766166687,3
20,9,16,0.557131355225572,0.0,0.9970666766166687,3
20,10,16,0.557131355225572,0.0,0.9970666766166687,3
20,11,16,0.557131355225572,0.0,0.9970666766166687,3
20,12,16,0.557131355225572,0.0,0.9970666766166687,3
20,13,16,0.557131355225572,0.0,0.9970666766166687,3
20,14,16,0.557131355225572,0.0,0.9970666766166687,3
20,15,16,0.557131355225572,0.0,0.9970666766166687,3
20,16,16,0.557131355225572,0.0,0.9970666766166687,3
20,17,16,0.557131355225572,0.0,0.9970666766166687,3
20,18,16,0.557131355225572,0.0,0.9970666766166687,3
20,19,16,0.557131355225572,0.0,0.9970666766166687,3
20,20,16,0.557131355225572,0.0,0.9970666766166687,3
20,21,16,0.557131355225572,0.28,0.9961211681365967,2
20,22,16,0.557131355225572,0.28,0.9961211681365967,2
20,23,16,0.557131355225572,0.28,0.9961211681365967,2
20,24,16,0.0,1.0,,0
20,25,16,0.0,1.0,,0
20,1,17,0.557131355225572,0.0,0.9970666766166687,3
20,2,17,0.557131355225572,0.0,0.9970666766166687,3
20,3,17,0.557131355225572,0.0,0.9970666766166687,3
20,4,17,0.557131355225572,0.0,0.9970666766166687,3
20,5,17,0.557131355225572,0.0,0.9970666766166687,3
20,6,17,0.557131355225572,0.0,0.9970666766166687,3
20,7,17,0.557131355225572,0.0,0.9970666766166687,3
20,8,17,0.557131355225572,0.0,0.9970666766166687,3
20,9,17,0.557131355225572,0.0,0.9970666766166687,3
20,10,17,0.557131355225572,0.0,0.9970666766166687,3
20,11,17,0.557131355225572,0.0,0.9970666766166687,3
20,12,17,0.557131355225572,0.0,0.9970666766166687,3
20,13,17,0.557131355225572,0.0,0.9970666766166687,3
20,14,17,0.557131355225572,0.0,0.9970666766166687,3
20,15,17,0.557131355225572,0.0,0.9970666766166687,3
20,16,17,0.557131355225572,0.0,0.9970666766166687,3
20,17,17,0.557131355225572,0.0,0.9970666766166687,3
20,18,17,0.557131355225572,0.0,0.9970666766166687,3
20,19,17,0.557131355225572,0.0,0.9970666766166687,3
20,20,17,0.557131355225572,0.0,0.9970666766166687,3
20,21,17,0.557131355225572,0.28,0.9961211681365967,2
20,22,17,0.557131355225572,0.28,0.9961211681365967,2
20,23,17,0.557131355225572,0.28,0.9961211681365967,2
20,24,17,0.0,1.0,,0
20,25,17,0.0,1.0,,0
20,1,18,0.557131355225572,0.0,0.9970666766166687,3
20,2,18,0.557131355225572,0.0,0.9970666766166687,3
20,3,18,0.557131355225572,0.0,0.9970666766166687,3
20,4,18,0.557131355225572,0.0,0.9970666766166687,3
20,5,18,0.557131355225572,0.0,0.9970666766166687,3
20,6,18,0.557131355225572,0.0,0.9970666766166687,3
20,7,18,0.557131355225572,0.0,0.9970666766166687,3
20,8,18,0.557131355225572,0.0,0.9970666766166687,3
20,9,18,0.557131355225572,0.0,0.9970666766166687,3
20,10,18,0.557131355225572,0.0,0.9970666766166687,3
20,11,18,0.557131355225572,0.0,0.9970666766166687,3
20,12,18,0.557131355225572,0.0,0.9970666766166687,3
20,13,18,0.557131355225572,0.0,0.9970666766166687,3
20,14,18,0.557131355225572,0.0,0.9970666766166687,3
20,15,18,0.557131355225572,0.0,0.9970666766166687,3
20,16,18,0.557131355225572,0.0,0.9970666766166687,3
20,17,18,0.557131355225572,0.0,0.9970666766166687,3
20,18,18,0.557131355225572,0.0,0.9970666766166687,3
20,19,18,0.557131355225572,0.0,0.9970666766166687,3
20,20,18,0.557131355225572,0.0,0.9970666766166687,3
20,21,18,0.557131355225572,0.28,0.9961211681365967,2
20,22,18,0.557131355225572,0.28,0.9961211681365967,2
20,23,18,0.557131355225572,0.28,0.9961211681365967,2
20,24,18,0.0,1.0,,0
20,25,18,0.0,1.0,,0
20,1,19,0.557131355225572,0.0,0.9970666766166687,3
20,2,19,0.557131355225572,0.0,0.9970666766166687,3
20,3,19,0.557131355225572,0.0,0.9970666766166687,3
20,4,19,0.557131355225572,0.0,0.9970666766166687,3
20,5,19,0.557131355225572,0.0,0.9970666766166687,3
20,6,19,0.557131355225572,0.0,0.9970666766166687,3
20,7,19,0.557131355225572,0.0,0.9970666766166687,3
20,8,19,0.557131355225572,0.0,0.9970666766166687,3
20,9,19,0.557131355225572,0.0,0.9970666766166687,3
20,10,19,0.557131355225572,0.0,0.9970666766166687,3
20,11,19,0.557131355225572,0.0,0.9970666766166687,3
20,12,19,0.557131355225572,0.0,0.9970666766166687,3
20,13,19,0.557131355225572,0.0,0.9970666766166687,3
20,14,19,0.557131355225572,0.0,0.9970666766166687,3
20,15,19,0.557131355225572,0.0,0.9970666766166687,3
20,16,19,0.557131355225572,0.0,0.9970666766166687,3
20,17,19,0.557131355225572,0.0,0.9970666766166687,3
20,18,19,0.557131355225572,0.0,0.9970666766166687,3
20,19,19,0.557131355225572,0.0,0.9970666766166687,3
20,20,19,0.557131355225572,0.0,0.9970666766166687,3
20,21,19,0.557131355225572,0.28,0.9961211681365967,2
20,22,19,0.557131355225572,0.28,0.9961211681365967,2
20,23,19,0.557131355225572,0.28,0.9961211681365967,2
20,24,19,0.0,1.0,,0
20,25,19,0.0,1.0,,0
20,1,20,0.557131355225572,0.0,0.9970666766166687,3
20,2,20,0.557131355225572,0.0,0.9970666766166687,3
20,3,20,0.557131355225572,0.0,0.9970666766166687,3
20,4,20,0.557131355225572,0.0,0.9970666766166687,3
20,5,20,0.557131355225572,0.0,0.9970666766166687,3
20,6,20,0.557131355225572,0.0,0.9970666766166687,3
20,7,20,0.557131355225572,0.0,0.9970666766166687,3
20,8,20,0.557131355225572,0.0,0.9970666766166687,3
20,9,20,0.557131355225572,0.0,0.9970666766166687,3
20,10,20,0.557131355225572,0.0,0.9970666766166687,3
20,11,20,0.557131355225572,0.0,0.9970666766166687,3
20,12,20,0.557131355225572,0.0,0.9970666766166687,3
20,13,20,0.557131355225572,0.0,0.9970666766166687,3
20,14,20,0.557131355225572,0.0,0.9970666766166687,3
20,15,20,0.557131355225572,0.0,0.9970666766166687,3
20,16,20,0.557131355225572,0.0,0.9970666766166687,3
20,17,20,0.557131355225572,0.0,0.9970666766166687,3
20,18,20,0.557131355225572,0.0,0.9970666766166687,3
20,19,20,0.557131355225572,0.0,0.9970666766166687,3
20,20,20,0.557131355225572,0.0,0.9970666766166687,3
20,21,20,0.557131355225572,0.28,0.9961211681365967,2
20,22,20,0.557131355225572,0.28,0.9961211681365967,2
20,23,20,0.557131355225572,0.28,0.9961211681365967,2
20,24,20,0.0,1.0,,0
20,25,20,0.0,1.0,,0
20,1,21,0.557131355225572,0.0,0.9970666766166687,3
20,2,21,0.557131355225572,0.0,0.9970666766166687,3
20,3,21,0.557131355225572,0.0,0.9970666766166687,3
20,4,21,0.557131355225572,0.0,0.9970666766166687,3
20,5,21,0.557131355225572,0.0,0.9970666766166687,3
20,6,21,0.557131355225572,0.0,0.9970666766166687,3
20,7,21,0.557131355225572,0.0,0.9970666766166687,3
20,8,21,0.557131355225572,0.0,0.9970666766166687,3
20,9,21,0.557131355225572,0.0,0.9970666766166687,3
20,10,21,0.557131355225572,0.0,0.9970666766166687,3
20,11,21,0.557131355225572,0.0,0.9970666766166687,3
20,12,21,0.557131355225572,0.0,0.9970666766166687,3
20,13,21,0.557131355225572,0.0,0.9970666766166687,3
20,14,21,0.557131355225572,0.0,0.9970666766166687,3
20,15,21,0.557131355225572,0.0,0.9970666766166687,3
20,16,21,0.557131355225572,0.0,0.9970666766166687,3
20,17,21,0.557131355225572,0.0,0.9970666766166687,3
20,18,21,0.557131355225572,0.0,0.9970666766166687,3
20,19,21,0.557131355225572,0.0,0.9970666766166687,3
20,20,21,0.557131355225572,0.0,0.9970666766166687,3
20,21,21,0.557131355225572,0.28,0.9961211681365967,2
20,22,21,0.557131355225572,0.28,0.9961211681365967,2
20,23,21,0.557131355225572,0.28,0.9961211681365967,2
20,24,21,0.0,1.0,,0
20,25,21,0.0,1.0,,0
20,1,22,0.557131355225572,0.28,0.9961211681365967,2
20,2,22,0.557131355225572,0.28,0.9961211681365967,2
20,3,22,0.557131355225572,0.28,0.9961211681365967,2
20,4,22,0.557131355225572,0.28,0.9961211681365967,2
20,5,22,0.557131355225572,0.28,0.9961211681365967,2
20,6,22,0.557131355225572,0.28,0.9961211681365967,2
20,7,22,0.557131355225572,0.28,0.9961211681365967,2
20,8,22,0.557131355225572,0.28,0.9961211681365967,2
20,9,22,0.557131355225572,0.28,0.9961211681365967,2
20,10,22,0.557131355225572,0.28,0.9961211681365967,2
20,11,22,0.557131355225572,0.28,0.9961211681365967,2
20,12,22,0.557131355225572,0.28,0.9961211681365967,2
20,13,22,0.557131355225572,0.28,0.9961211681365967,2
20,14,22,0.557131355225572,0.28,0.9961211681365967,2
20,15,22,0.557131355225572,0.28,0.9961211681365967,2
20,16,22,0.557131355225572,0.28,0.9961211681365967,2
20,17,22,0.557131355225572,0.28,0.9961211681365967,2
20,18,22,0.557131355225572,0.28,0.9961211681365967,2
20,19,22,0.557131355225572,0.28,0.9961211681365967,2
20,20,22,0.557131355225572,0.28,0.9961211681365967,2
20,21,22,0.557131355225572,0.28,0.9961211681365967,2
20,22,22,0.557131355225572,0.28,0.9961211681365967,2
20,23,22,0.557131355225572,0.28,0.9961211681365967,2
20,24,22,0.0,1.0,,0
20,25,22,0.0,1.0,,0
20,1,23,0.557131355225572,0.28,0.9961211681365967,2
20,2,23,0.557131355225572,0.28,0.9961211681365967,2
20,3,23,0.557131355225572,0.28,0.9961211681365967,2
20,4,23,0.557131355225572,0.28,0.9961211681365967,2
20,5,23,0.557131355225572,0.28,0.9961211681365967,2
20,6,23,0.557131355225572,0.28,0.9961211681365967,2
20,7,23,0.557131355225572,0.28,0.9961211681365967,2
20,8,23,0.557131355225572,0.28,0.9961211681365967,2
20,9,23,0.557131355225572,0.28,0.9961211681365967,2
20,10,23,0.557131355225572,0.28,0.9961211681365967,2
20,11,23,0.557131355225572,0.28,0.9961211681365967,2
20,12,23,0.557131355225572,0.28,0.9961211681365967,2
20,13,23,0.557131355225572,0.28,0.9961211681365967,2
20,14,23,0.557131355225572,0.28,0.9961211681365967,2
20,15,23,0.557131355225572,0.28,0.9961211681365967,2
20,16,23,0.557131355225572,0.28,0.9961211681365967,2
20,17,23,0.557131355225572,0.28,0.9961211681365967,2
20,18,23,0.557131355225572,0.28,0.9961211681365967,2
20,19,23,0.557131355225572,0.28,0.9961211681365967,2
20,20,23,0.557131355225572,0.28,0.9961211681365967,2
20,21,23,0.557131355225572,0.28,0.9961211681365967,2
20,22,23,0.557131355225572,0.28,0.9961211681365967,2
20,23,23,0.557131355225572,0.28,0.9961211681365967,2
20,24,23,0.0,1.0,,0
20,25,23,0.0,1.0,,0
20,1,24,0.557131355225572,0.28,0.9961211681365967,2
20,2,24,0.557131355225572,0.28,0.9961211681365967,2
20,3,24,0.557131355225572,0.28,0.9961211681365967,2
20,4,24,0.557131355225572,0.28,0.9961211681365967,2
20,5,24,0.557131355225572,0.28,0.9961211681365967,2
20,6,24,0.557131355225572,0.28,0.9961211681365967,2
20,7,24,0.557131355225572,0.28,0.9961211681365967,2
20,8,24,0.557131355225572,0.28,0.9961211681365967,2
20,9,24,0.557131355225572,0.28,0.9961211681365967,2
20,10,24,0.557131355225572,0.28,0.9961211681365967,2
20,11,24,0.557131355225572,0.28,0.9961211681365967,2
20,12,24,0.557131355225572,0.28,0.9961211681365967,2
20,13,24,0.557131355225572,0.28,0.9961211681365967,2
20,14,24,0.557131355225572,0.28,0.9961211681365967,2
20,15,24,0.557131355225572,0.28,0.9961211681365967,2
20,16,24,0.557131355225572,0.28,0.9961211681365967,2
20,17,24,0.557131355225572,0.28,0.9961211681365967,2
20,18,24,0.557131355225572,0.28,0.9961211681365967,2
20,19,24,0.557131355225572,0.28,0.9961211681365967,2
20,20,24,0.557131355225572,0.28,0.9961211681365967,2
20,21,24,0.557131355225572,0.28,0.9961211681365967,2
20,22,24,0.557131355225572,0.28,0.9961211681365967,2
20,23,24,0.557131355225572,0.28,0.9961211681365967,2
20,24,24,0.0,1.0,,0
20,25,24,0.0,1.0,,0
20,1,25,0.0,1.0,,0
20,2,25,0.0,1.0,,0
20,3,25,0.0,1.0,,0
20,4,25,0.0,1.0,,0
20,5,25,0.0,1.0,,0
20,6,25,0.0,1.0,,0
20,7,25,0.0,1.0,,0
20,8,25,0.0,1.0,,0
20,9,25,0.0,1.0,,0
20,10,25,0.0,1.0,,0
20,11,25,0.0,1.0,,0
20,12,25,0.0,1.0,,0
20,13,25,0.0,1.0,,0
20,14,25,0.0,1.0,,0
20,15,25,0.0,1.0,,0
20,16,25,0.0,1.0,,0
20,17,25,0.0,1.0,,0
20,18,25,0.0,1.0,,0
20,19,25,0.0,1.0,,0
20,20,25,0.0,1.0,,0
20,21,25,0.0,1.0,,0
20,22,25,0.0,1.0,,0
20,23,25,0.0,1.0,,0
20,24,25,0.0,1.0,,0
20,25,25,0.0,1.0,,0
21,1,2,0.10481644052154146,0.09333333333333334,0.27481335401535034,25
21,2,2,0.217167517993282,0.10666666666666667,0.27492064237594604,13
21,3,2,0.6787010073157609,0.013333333333333334,0.8415285348892212,5
21,4,2,0.6451186417089974,0.0,0.7472578883171082,4
21,5,2,0.6500622736208561,0.013333333333333334,0.8606142997741699,4
21,6,2,0.557131355225572,0.0,0.9924879670143127,3
21,7,2,0.557131355225572,0.0,0.9924879670143127,3
21,8,2,0.557131355225572,0.0,0.9924879670143127,3
21,9,2,0.557131355225572,0.0,0.9924879670143127,3
21,10,2,0.557131355225572,0.0,0.9924879670143127,3
21,11,2,0.557131355225572,0.0,0.9924879670143127,3
21,12,2,0.557131355225572,0.0,0.9924879670143127,3
21,13,2,0.557131355225572,0.0,0.9924879670143127,3
21,14,2,0.557131355225572,0.0,0.9924879670143127,3
21,15,2,0.557131355225572,0.0,0.9924879670143127,3
21,16,2,0.557131355225572,0.0,0.9924879670143127,3
21,17,2,0.557131355225572,0.0,0.9924879670143127,3
21,18,2,0.557131355225572,0.0,0.9924879670143127,3
21,19,2,0.557131355225572,0.0,0.9924879670143127,3
21,20,2,0.557131355225572,0.0,0.9924879670143127,3
21,21,2,0.5172239573217161,0.26666666666666666,0.918431282043457,2
21,22,2,0.5172239573217161,0.26666666666666666,0.918431282043457,2
21,23,2,0.5172239573217161,0.26666666666666666,0.918431282043457,2
21,24,2,0.0,1.0,,0
21,25,2,0.0,1.0,,0
21,1,3,0.2295448911813782,0.09333333333333334,0.3054991662502289,13
21,2,3,0.23127648176106758,0.10666666666666667,0.35488831996917725,12
21,3,3,0.6787010073157609,0.013333333333333334,0.8415285348892212,5
21,4,3,0.6451186417089974,0.0,0.7472578883171082,4
21,5,3,0.6500622736208561,0.013333333333333334,0.8606142997741699,4
21,6,3,0.557131355225572,0.0,0.9924879670143127,3
21,7,3,0.557131355225572,0.0,0.9924879670143127,3
21,8,3,0.557131355225572,0.0,0.9924879670143127,3
21,9,3,0.557131355225572,0.0,0.9924879670143127,3
21,10,3,0.557131355225572,0.0,0.9924879670143127,3
21,11,3,0.557131355225572,0.0,0.9924879670143127,3
21,12,3,0.557131355225572,0.0,0.9924879670143127,3
21,13,3,0.557131355225572,0.0,0.9924879670143127,3
21,14,3,0.557131355225572,0.0,0.9924879670143127,3
21,15,3,0.557131355225572,0.0,0.9924879670143127,3
21,16,3,0.557131355225572,0.0,0.9924879670143127,3
21,17,3,0.557131355225572,0.0,0.9924879670143127,3
21,18,3,0.557131355225572,0.0,0.9924879670143127,3
21,19,3,0.557131355225572,0.0,0.9924879670143127,3
21,20,3,0.557131355225572,0.0,0.9924879670143127,3
21,21,3,0.5172239573217161,0.26666666666666666,0.918431282043457,2
21,22,3,0.5172239573217161,0.26666666666666666,0.918431282043457,2
21,23,3,0.5172239573217161,0.26666666666666666,0.918431282043457,2
21,24,3,0.0,1.0,,0
21,25,3,0.0,1.0,,0
21,1,4,0.494203708230036,0.06666666666666667,0.7073370218276978,7
21,2,4,0.494203708230036,0.06666666666666667,0.7073370218276978,7
21,3,4,0.6787010073157609,0.013333333333333334,0.8415285348892212,5
21,4,4,0.6451186417089974,0.0,0.7472578883171082,4
21,5,4,0.6500622736208561,0.013333333333333334,0.8606142997741699,4
21,6,4,0.557131355225572,0.0,0.9924879670143127,3
21,7,4,0.557131355225572,0.0,0.9924879670143127,3
21,8,4,0.557131355225572,0.0,0.9924879670143127,3
21,9,4,0.557131355225572,0.0,0.9924879670143127,3
21,10,4,0.557131355225572,0.0,0.9924879670143127,3
21,11,4,0.557131355225572,0.0,0.9924879670143127,3
21,12,4,0.557131355225572,0.0,0.9924879670143127,3
21,13,4,0.557131355225572,0.0,0.9924879670143127,3
21,14,4,0.557131355225572,0.0,0.9924879670143127,3
21,15,4,0.557131355225572,0.0,0.9924879670143127,3
21,16,4,0.557131355225572,0.0,0.9924879670143127,3
21,17,4,0.557131355225572,0.0,0.9924879670143127,3
21,18,4,0.557131355225572,0.0,0.9924879670143127,3
21,19,4,0.557131355225572,0.0,0.9924879670143127,3
21,20,4,0.557131355225572,0.0,0.9924879670143127,3
21,21,4,0.5172239573217161,0.26666666666666666,0.918431282043457,2
21,22,4,0.5172239573217161,0.26666666666666666,0.918431282043457,2
21,23,4,0.5172239573217161,0.26666666666666666,0.918431282043457,2
21,24,4,0.0,1.0,,0
21,25,4,0.0,1.0,,0
21,1,5,0.5170026664933871,0.02666666666666667,0.5665157437324524,5
21,2,5,0.6451186417089974,0.0,0.7472578883171082,4
21,3,5,0.6451186417089974,0.0,0.7472578883171082,4
21,4,5,0.6451186417089974,0.0,0.7472578883171082,4
21,5,5,0.6500622736208561,0.013333333333333334,0.8606142997741699,4
21,6,5,0.557131355225572,0.0,0.9924879670143127,3
21,7,5,0.557131355225572,0.0,0.9924879670143127,3
21,8,5,0.557131355225572,0.0,0.9924879670143127,3
21,9,5,0.557131355225572,0.0,0.9924879670143127,3
21,10,5,0.557131355225572,0.0,0.9924879670143127,3
21,11,5,0.557131355225572,0.0,0.9924879670143127,3
21,12,5,0.557131355225572,0.0,0.9924879670143127,3
21,13,5,0.557131355225572,0.0,0.9924879670143127,3
21,14,5,0.557131355225572,0.0,0.9924879670143127,3
21,15,5,0.557131355225572,0.0,0.9924879670143127,3
21,16,5,0.557131355225572,0.0,0.9924879670143127,3
21,17,5,0.557131355225572,0.0,0.9924879670143127,3
21,18,5,0.557131355225572,0.0,0.9924879670143127,3
21,19,5,0.557131355225572,0.0,0.9924879670143127,3
21,20,5,0.557131355225572,0.0,0.9924879670143127,3
21,21,5,0.5172239573217161,0.26666666666666666,0.918431282043457,2
21,22,5,0.5172239573217161,0.26666666666666666,0.918431282043457,2
21,23,5,0.5172239573217161,0.26666666666666666,0.918431282043457,2
21,24,5,0.0,1.0,,0
21,25,5,0.0,1.0,,0
21,1,6,0.5170026664933871,0.02666666666666667,0.5665158033370972,5
21,2,6,0.6451186417089974,0.0,0.7472578883171082,4
21,3,6,0.6451186417089974,0.0,0.7472578883171082,4
21,4,6,0.6451186417089974,0.0,0.7472578883171082,4
21,5,6,0.6500622736208561,0.013333333333333334,0.8606142997741699,4
21,6,6,0.557131355225572,0.0,0.9924879670143127,3
21,7,6,0.557131355225572,0.0,0.9924879670143127,3
21,8,6,0.557131355225572,0.0,0.9924879670143127,3
21,9,6,0.557131355225572,0.0,0.9924879670143127,3
21,10,6,0.557131355225572,0.0,0.9924879670143127,3
21,11,6,0.557131355225572,0.0,0.9924879670143127,3
21,12,6,0.557131355225572,0.0,0.9924879670143127,3
21,13,6,0.557131355225572,0.0,0.9924879670143127,3
21,14,6,0.557131355225572,0.0,0.9924879670143127,3
21,15,6,0.557131355225572,0.0,0.9924879670143127,3
21,16,6,0.557131355225572,0.0,0.9924879670143127,3
21,17,6,0.557131355225572,0.0,0.9924879670143127,3
21,18,6,0.557131355225572,0.0,0.9924879670143127,3
21,19,6,0.557131355225572,0.0,0.9924879670143127,3
21,20,6,0.557131355225572,0.0,0.9924879670143127,3
21,21,6,0.5172239573217161,0.26666666666666666,0.918431282043457,2
21,22,6,0.5172239573217161,0.26666666666666666,0.918431282043457,2
21,23,6,0.5172239573217161,0.26666666666666666,0.918431282043457,2
21,24,6,0.0,1.0,,0
21,25,6,0.0,1.0,,0
21,1,7,0.557131355225572,0.0,0.9924879670143127,3
21,2,7,0.557131355225572,0.0,0.9924879670143127,3
21,3,7,0.557131355225572,0.0,0.9924879670143127,3
21,4,7,0.557131355225572,0.0,0.9924879670143127,3
21,5,7,0.6500622736208561,0.013333333333333334,0.8606142997741699,4
21,6,7,0.557131355225572,0.0,0.9924879670143127,3
21,7,7,0.557131355225572,0.0,0.9924879670143127,3
21,8,7,0.557131355225572,0.0,0.9924879670143127,3
21,9,7,0.557131355225572,0.0,0.9924879670143127,3
21,10,7,0.557131355225572,0.0,0.9924879670143127,3
21,11,7,0.557131355225572,0.0,0.9924879670143127,3
21,12,7,0.557131355225572,0.0,0.9924879670143127,3
21,13,7,0.557131355225572,0.0,0.9924879670143127,3
21,14,7,0.557131355225572,0.0,0.9924879670143127,3
21,15,7,0.557131355225572,0.0,0.9924879670143127,3
21,16,7,0.557131355225572,0.0,0.9924879670143127,3
21,17,7,0.557131355225572,0.0,0.9924879670143127,3
21,18,7,0.557131355225572,0.0,0.9924879670143127,3
21,19,7,0.557131355225572,0.0,0.9924879670143127,3
21,20,7,0.557131355225572,0.0,0.9924879670143127,3
21,21,7,0.5172239573217161,0.26666666666666666,0.918431282043457,2
21,22,7,0.5172239573217161,0.26666666666666666,0.918431282043457,2
21,23,7,0.5172239573217161,0.26666666666666666,0.918431282043457,2
21,24,7,0.0,1.0,,0
21,25,7,0.0,1.0,,0
21,1,8,0.557131355225572,0.0,0.9924879670143127,3
21,2,8,0.557131355225572,0.0,0.9924879670143127,3
21,3,8,0.557131355225572,0.0,0.9924879670143127,3
21,4,8,0.557131355225572,0.0,0.9924879670143127,3
21,5,8,0.557131355225572,0.0,0.9924879670143127,3
21,6,8,0.557131355225572,0.0,0.9924879670143127,3
21,7,8,0.557131355225572,0.0,0.9924879670143127,3
21,8,8,0.557131355225572,0.0,0.9924879670143127,3
21,9,8,0.557131355225572,0.0,0.9924879670143127,3
21,10,8,0.557131355225572,0.0,0.9924879670143127,3
21,11,8,0.557131355225572,0.0,0.9924879670143127,3
21,12,8,0.557131355225572,0.0,0.9924879670143127,3
21,13,8,0.557131355225572,0.0,0.9924879670143127,3
21,14,8,0.557131355225572,0.0,0.9924879670143127,3
21,15,8,0.557131355225572,0.0,0.9924879670143127,3
21,16,8,0.557131355225572,0.0,0.9924879670143127,3
21,17,8,0.557131355225572,0.0,0.9924879670143127,3
21,18,8,0.557131355225572,0.0,0.9924879670143127,3
21,19,8,0.557131355225572,0.0,0.9924879670143127,3
21,20,8,0.557131355225572,0.0,0.9924879670143127,3
21,21,8,0.5172239573217161,0.26666666666666666,0.918431282043457,2
21,22,8,0.5172239573217161,0.26666666666666666,0.918431282043457,2
21,23,8,0.5172239573217161,0.26666666666666666,0.918431282043457,2
21,24,8,0.0,1.0,,0
21,25,8,0.0,1.0,,0
21,1,9,0.557131355225572,0.0,0.9924879670143127,3
21,2,9,0.557131355225572,0.0,0.9924879670143127,3
21,3,9,0.557131355225572,0.0,0.9924879670143127,3
21,4,9,0.557131355225572,0.0,0.9924879670143127,3
21,5,9,0.557131355225572,0.0,0.9924879670143127,3
21,6,9,0.557131355225572,0.0,0.9924879670143127,3
21,7,9,0.557131355225572,0.0,0.9924879670143127,3
21,8,9,0.557131355225572,0.0,0.9924879670143127,3
21,9,9,0.557131355225572,0.0,0.9924879670143127,3
21,10,9,0.557131355225572,0.0,0.9924879670143127,3
21,11,9,0.557131355225572,0.0,0.9924879670143127,3
21,12,9,0.557131355225572,0.0,0.9924879670143127,3
21,13,9,0.557131355225572,0.0,0.9924879670143127,3
21,14,9,0.557131355225572,0.0,0.9924879670143127,3
21,15,9,0.557131355225572,0.0,0.9924879670143127,3
21,16,9,0.557131355225572,0.0,0.9924879670143127,3
21,17,9,0.557131355225572,0.0,0.9924879670143127,3
21,18,9,0.557131355225572,0.0,0.9924879670143127,3
21,19,9,0.557131355225572,0.0,0.9924879670143127,3
21,20,9,0.557131355225572,0.0,0.9924879670143127,3
21,21,9,0.5172239573217161,0.26666666666666666,0.918431282043457,2
21,22,9,0.5172239573217161,0.26666666666666666,0.918431282043457,2
21,23,9,0.5172239573217161,0.26666666666666666,0.918431282043457,2
21,24,9,0.0,1.0,,0
21,25,9,0.0,1.0,,0
21,1,10,0.557131355225572,0.0,0.9924879670143127,3
21,2,10,0.557131355225572,0.0,0.9924879670143127,3
21,3,10,0.557131355225572,0.0,0.9924879670143127,3
21,4,10,0.557131355225572,0.0,0.9924879670143127,3
21,5,10,0.557131355225572,0.0,0.9924879670143127,3
21,6,10,0.557131355225572,0.0,0.9924879670143127,3
21,7,10,0.557131355225572,0.0,0.9924879670143127,3
21,8,10,0.557131355225572,0.0,0.9924879670143127,3
21,9,10,0.557131355225572,0.0,0.9924879670143127,3
21,10,10,0.557131355225572,0.0,0.9924879670143127,3
21,11,10,0.557131355225572,0.0,0.9924879670143127,3
21,12,10,0.557131355225572,0.0,0.9924879670143127,3
21,13,10,0.557131355225572,0.0,0.9924879670143127,3
21,14,10,0.557131355225572,0.0,0.9924879670143127,3
21,15,10,0.557131355225572,0.0,0.9924879670143127,3
21,16,10,0.557131355225572,0.0,0.9924879670143127,3
21,17,10,0.557131355225572,0.0,0.9924879670143127,3
21,18,10,0.557131355225572,0.0,0.9924879670143127,3
21,19,10,0.557131355225572,0.0,0.9924879670143127,3
21,20,10,0.557131355225572,0.0,0.9924879670143127,3
21,21,10,0.5172239573217161,0.26666666666666666,0.918431282043457,2
21,22,10,0.5172239573217161,0.26666666666666666,0.918431282043457,2
21,23,10,0.5172239573217161,0.26666666666666666,0.918431282043457,2
21,24,10,0.0,1.0,,0
21,25,10,0.0,1.0,,0
21,1,11,0.557131355225572,0.0,0.9924879670143127,3
21,2,11,0.557131355225572,0.0,0.9924879670143127,3
21,3,11,0.557131355225572,0.0,0.9924879670143127,3
21,4,11,0.557131355225572,0.0,0.9924879670143127,3
21,5,11,0.557131355225572,0.0,0.9924879670143127,3
21,6,11,0.557131355225572,0.0,0.9924879670143127,3
21,7,11,0.557131355225572,0.0,0.9924879670143127,3
21,8,11,0.557131355225572,0.0,0.9924879670143127,3
21,9,11,0.557131355225572,0.0,0.9924879670143127,3
21,10,11,0.557131355225572,0.0,0.9924879670143127,3
21,11,11,0.557131355225572,0.0,0.9924879670143127,3
21,12,11,0.557131355225572,0.0,0.9924879670143127,3
21,13,11,0.557131355225572,0.0,0.9924879670143127,3
21,14,11,0.557131355225572,0.0,0.9924879670143127,3
21,15,11,0.557131355225572,0.0,0.9924879670143127,3
21,16,11,0.557131355225572,0.0,0.9924879670143127,3
21,17,11,0.557131355225572,0.0,0.9924879670143127,3
21,18,11,0.557131355225572,0.0,0.9924879670143127,3
21,19,11,0.557131355225572,0.0,0.9924879670143127,3
21,20,11,0.557131355225572,0.0,0.9924879670143127,3
21,21,11,0.5172239573217161,0.26666666666666666,0.918431282043457,2
21,22,11,0.5172239573217161,0.26666666666666666,0.918431282043457,2
21,23,11,0.5172239573217161,0.26666666666666666,0.918431282043457,2
21,24,11,0.0,1.0,,0
21,25,11,0.0,1.0,,0
21,1,12,0.557131355225572,0.0,0.9924879670143127,3
21,2,12,0.557131355225572,0.0,0.9924879670143127,3
21,3,12,0.557131355225572,0.0,0.9924879670143127,3
21,4,12,0.557131355225572,0.0,0.9924879670143127,3
21,5,12,0.557131355225572,0.0,0.9924879670143127,3
21,6,12,0.557131355225572,0.0,0.9924879670143127,3
21,7,12,0.557131355225572,0.0,0.9924879670143127,3
21,8,12,0.557131355225572,0.0,0.9924879670143127,3
21,9,12,0.557131355225572,0.0,0.9924879670143127,3
21,10,12,0.557131355225572,0.0,0.9924879670143127,3
21,11,12,0.557131355225572,0.0,0.9924879670143127,3
21,12,12,0.557131355225572,0.0,0.9924879670143127,3
21,13,12,0.557131355225572,0.0,0.9924879670143127,3
21,14,12,0.557131355225572,0.0,0.9924879670143127,3
21,15,12,0.557131355225572,0.0,0.9924879670143127,3
21,16,12,0.557131355225572,0.0,0.9924879670143127,3
21,17,12,0.557131355225572,0.0,0.9924879670143127,3
21,18,12,0.557131355225572,0.0,0.9924879670143127,3
21,19,12,0.557131355225572,0.0,0.9924879670143127,3
21,20,12,0.557131355225572,0.0,0.9924879670143127,3
21,21,12,0.5172239573217161,0.26666666666666666,0.918431282043457,2
21,22,12,0.5172239573217161,0.26666666666666666,0.918431282043457,2
21,23,12,0.5172239573217161,0.26666666666666666,0.918431282043457,2
21,24,12,0.0,1.0,,0
21,25,12,0.0,1.0,,0
21,1,13,0.557131355225572,0.0,0.9924879670143127,3
21,2,13,0.557131355225572,0.0,0.9924879670143127,3
21,3,13,0.557131355225572,0.0,0.9924879670143127,3
21,4,13,0.557131355225572,0.0,0.9924879670143127,3
21,5,13,0.557131355225572,0.0,0.9924879670143127,3
21,6,13,0.557131355225572,0.0,0.9924879670143127,3
21,7,13,0.557131355225572,0.0,0.9924879670143127,3
21,8,13,0.557131355225572,0.0,0.9924879670143127,3
21,9,13,0.557131355225572,0.0,0.9924879670143127,3
21,10,13,0.557131355225572,0.0,0.9924879670143127,3
21,11,13,0.557131355225572,0.0,0.9924879670143127,3
21,12,13,0.557131355225572,0.0,0.9924879670143127,3
21,13,13,0.557131355225572,0.0,0.9924879670143127,3
21,14,13,0.557131355225572,0.0,0.9924879670143127,3
21,15,13,0.557131355225572,0.0,0.9924879670143127,3
21,16,13,0.557131355225572,0.0,0.9924879670143127,3
21,17,13,0.557131355225572,0.0,0.9924879670143127,3
21,18,13,0.557131355225572,0.0,0.9924879670143127,3
21,19,13,0.557131355225572,0.0,0.9924879670143127,3
21,20,13,0.557131355225572,0.0,0.9924879670143127,3
21,21,13,0.5172239573217161,0.26666666666666666,0.918431282043457,2
21,22,13,0.5172239573217161,0.26666666666666666,0.918431282043457,2
21,23,13,0.5172239573217161,0.26666666666666666,0.918431282043457,2
21,24,13,0.0,1.0,,0
21,25,13,0.0,1.0,,0
21,1,14,0.557131355225572,0.0,0.9924879670143127,3
21,2,14,0.557131355225572,0.0,0.9924879670143127,3
21,3,14,0.557131355225572,0.0,0.9924879670143127,3
21,4,14,0.557131355225572,0.0,0.9924879670143127,3
21,5,14,0.557131355225572,0.0,0.9924879670143127,3
21,6,14,0.557131355225572,0.0,0.9924879670143127,3
21,7,14,0.557131355225572,0.0,0.9924879670143127,3
21,8,14,0.557131355225572,0.0,0.9924879670143127,3
21,9,14,0.557131355225572,0.0,0.9924879670143127,3
21,10,14,0.557131355225572,0.0,0.9924879670143127,3
21,11,14,0.557131355225572,0.0,0.9924879670143127,3
21,12,14,0.557131355225572,0.0,0.9924879670143127,3
21,13,14,0.557131355225572,0.0,0.9924879670143127,3
21,14,14,0.557131355225572,0.0,0.9924879670143127,3
21,15,14,0.557131355225572,0.0,0.9924879670143127,3
21,16,14,0.557131355225572,0.0,0.9924879670143127,3
21,17,14,0.557131355225572,0.0,0.9924879670143127,3
21,18,14,0.557131355225572,0.0,0.9924879670143127,3
21,19,14,0.557131355225572,0.0,0.9924879670143127,3
21,20,14,0.557131355225572,0.0,0.9924879670143127,3
21,21,14,0.5172239573217161,0.26666666666666666,0.918431282043457,2
21,22,14,0.5172239573217161,0.26666666666666666,0.918431282043457,2
21,23,14,0.5172239573217161,0.26666666666666666,0.918431282043457,2
21,24,14,0.0,1.0,,0
21,25,14,0.0,1.0,,0
21,1,15,0.557131355225572,0.0,0.9924879670143127,3
21,2,15,0.557131355225572,0.0,0.9924879670143127,3
21,3,15,0.557131355225572,0.0,0.9924879670143127,3
21,4,15,0.557131355225572,0.0,0.9924879670143127,3
21,5,15,0.557131355225572,0.0,0.9924879670143127,3
21,6,15,0.557131355225572,0.0,0.9924879670143127,3
21,7,15,0.557131355225572,0.0,0.9924879670143127,3
21,8,15,0.557131355225572,0.0,0.9924879670143127,3
21,9,15,0.557131355225572,0.0,0.9924879670143127,3
21,10,15,0.557131355225572,0.0,0.9924879670143127,3
21,11,15,0.557131355225572,0.0,0.9924879670143127,3
21,12,15,0.557131355225572,0.0,0.9924879670143127,3
21,13,15,0.557131355225572,0.0,0.9924879670143127,3
21,14,15,0.557131355225572,0.0,0.9924879670143127,3
21,15,15,0.557131355225572,0.0,0.9924879670143127,3
21,16,15,0.557131355225572,0.0,0.9924879670143127,3
21,17,15,0.557131355225572,0.0,0.9924879670143127,3
21,18,15,0.557131355225572,0.0,0.9924879670143127,3
21,19,15,0.557131355225572,0.0,0.9924879670143127,3
21,20,15,0.557131355225572,0.0,0.9924879670143127,3
21,21,15,0.5172239573217161,0.26666666666666666,0.918431282043457,2
21,22,15,0.5172239573217161,0.26666666666666666,0.918431282043457,2
21,23,15,0.5172239573217161,0.26666666666666666,0.918431282043457,2
21,24,15,0.0,1.0,,0
21,25,15,0.0,1.0,,0
21,1,16,0.557131355225572,0.0,0.9924879670143127,3
21,2,16,0.557131355225572,0.0,0.9924879670143127,3
21,3,16,0.557131355225572,0.0,0.9924879670143127,3
21,4,16,0.557131355225572,0.0,0.9924879670143127,3
21,5,16,0.557131355225572,0.0,0.9924879670143127,3
21,6,16,0.557131355225572,0.0,0.9924879670143127,3
21,7,16,0.557131355225572,0.0,0.9924879670143127,3
21,8,16,0.557131355225572,0.0,0.9924879670143127,3
21,9,16,0.557131355225572,0.0,0.9924879670143127,3
21,10,16,0.557131355225572,0.0,0.9924879670143127,3
21,11,16,0.557131355225572,0.0,0.9924879670143127,3
21,12,16,0.557131355225572,0.0,0.9924879670143127,3
21,13,16,0.557131355225572,0.0,0.9924879670143127,3
21,14,16,0.557131355225572,0.0,0.9924879670143127,3
21,15,16,0.557131355225572,0.0,0.9924879670143127,3
21,16,16,0.557131355225572,0.0,0.9924879670143127,3
21,17,16,0.557131355225572,0.0,0.9924879670143127,3
21,18,16,0.557131355225572,0.0,0.9924879670143127,3
21,19,16,0.557131355225572,0.0,0.9924879670143127,3
21,20,16,0.557131355225572,0.0,0.9924879670143127,3
21,21,16,0.5172239573217161,0.26666666666666666,0.918431282043457,2
21,22,16,0.5172239573217161,0.26666666666666666,0.918431282043457,2
21,23,16,0.5172239573217161,0.26666666666666666,0.918431282043457,2
21,24,16,0.0,1.0,,0
21,25,16,0.0,1.0,,0
21,1,17,0.557131355225572,0.0,0.9924879670143127,3
21,2,17,0.557131355225572,0.0,0.9924879670143127,3
21,3,17,0.557131355225572,0.0,0.9924879670143127,3
21,4,17,0.557131355225572,0.0,0.9924879670143127,3
21,5,17,0.557131355225572,0.0,0.9924879670143127,3
21,6,17,0.557131355225572,0.0,0.9924879670143127,3
21,7,17,0.557131355225572,0.0,0.9924879670143127,3
21,8,17,0.557131355225572,0.0,0.9924879670143127,3
21,9,17,0.557131355225572,0.0,0.9924879670143127,3
21,10,17,0.557131355225572,0.0,0.9924879670143127,3
21,11,17,0.557131355225572,0.0,0.9924879670143127,3
21,12,17,0.557131355225572,0.0,0.9924879670143127,3
21,13,17,0.557131355225572,0.0,0.9924879670143127,3
21,14,17,0.557131355225572,0.0,0.9924879670143127,3
21,15,17,0.557131355225572,0.0,0.9924879670143127,3
21,16,17,0.557131355225572,0.0,0.9924879670143127,3
21,17,17,0.557131355225572,0.0,0.9924879670143127,3
21,18,17,0.557131355225572,0.0,0.9924879670143127,3
21,19,17,0.557131355225572,0.0,0.9924879670143127,3
21,20,17,0.557131355225572,0.0,0.9924879670143127,3
21,21,17,0.5172239573217161,0.26666666666666666,0.918431282043457,2
21,22,17,0.5172239573217161,0.26666666666666666,0.918431282043457,2
21,23,17,0.5172239573217161,0.26666666666666666,0.918431282043457,2
21,24,17,0.0,1.0,,0
21,25,17,0.0,1.0,,0
21,1,18,0.557131355225572,0.0,0.9924879670143127,3
21,2,18,0.557131355225572,0.0,0.9924879670143127,3
21,3,18,0.557131355225572,0.0,0.9924879670143127,3
21,4,18,0.557131355225572,0.0,0.9924879670143127,3
21,5,18,0.557131355225572,0.0,0.9924879670143127,3
21,6,18,0.557131355225572,0.0,0.9924879670143127,3
21,7,18,0.557131355225572,0.0,0.9924879670143127,3
21,8,18,0.557131355225572,0.0,0.9924879670143127,3
21,9,18,0.557131355225572,0.0,0.9924879670143127,3
21,10,18,0.557131355225572,0.0,0.9924879670143127,3
21,11,18,0.557131355225572,0.0,0.9924879670143127,3
21,12,18,0.557131355225572,0.0,0.9924879670143127,3
21,13,18,0.557131355225572,0.0,0.9924879670143127,3
21,14,18,0.557131355225572,0.0,0.9924879670143127,3
21,15,18,0.557131355225572,0.0,0.9924879670143127,3
21,16,18,0.557131355225572,0.0,0.9924879670143127,3
21,17,18,0.557131355225572,0.0,0.9924879670143127,3
21,18,18,0.557131355225572,0.0,0.9924879670143127,3
21,19,18,0.557131355225572,0.0,0.9924879670143127,3
21,20,18,0.557131355225572,0.0,0.9924879670143127,3
21,21,18,0.5172239573217161,0.26666666666666666,0.918431282043457,2
21,22,18,0.5172239573217161,0.26666666666666666,0.918431282043457,2
21,23,18,0.5172239573217161,0.26666666666666666,0.918431282043457,2
21,24,18,0.0,1.0,,0
21,25,18,0.0,1.0,,0
21,1,19,0.557131355225572,0.0,0.9924879670143127,3
21,2,19,0.557131355225572,0.0,0.9924879670143127,3
21,3,19,0.557131355225572,0.0,0.9924879670143127,3
21,4,19,0.557131355225572,0.0,0.9924879670143127,3
21,5,19,0.557131355225572,0.0,0.9924879670143127,3
21,6,19,0.557131355225572,0.0,0.9924879670143127,3
21,7,19,0.557131355225572,0.0,0.9924879670143127,3
21,8,19,0.557131355225572,0.0,0.9924879670143127,3
21,9,19,0.557131355225572,0.0,0.9924879670143127,3
21,10,19,0.557131355225572,0.0,0.9924879670143127,3
21,11,19,0.557131355225572,0.0,0.9924879670143127,3
21,12,19,0.557131355225572,0.0,0.9924879670143127,3
21,13,19,0.557131355225572,0.0,0.9924879670143127,3
21,14,19,0.557131355225572,0.0,0.9924879670143127,3
21,15,19,0.557131355225572,0.0,0.9924879670143127,3
21,16,19,0.557131355225572,0.0,0.9924879670143127,3
21,17,19,0.557131355225572,0.0,0.9924879670143127,3
21,18,19,0.557131355225572,0.0,0.9924879670143127,3
21,19,19,0.557131355225572,0.0,0.9924879670143127,3
21,20,19,0.557131355225572,0.0,0.9924879670143127,3
21,21,19,0.5172239573217161,0.26666666666666666,0.918431282043457,2
21,22,19,0.5172239573217161,0.26666666666666666,0.918431282043457,2
21,23,19,0.5172239573217161,0.26666666666666666,0.918431282043457,2
21,24,19,0.0,1.0,,0
21,25,19,0.0,1.0,,0
21,1,20,0.557131355225572,0.0,0.9924879670143127,3
21,2,20,0.557131355225572,0.0,0.9924879670143127,3
21,3,20,0.557131355225572,0.0,0.9924879670143127,3
21,4,20,0.557131355225572,0.0,0.9924879670143127,3
21,5,20,0.557131355225572,0.0,0.9924879670143127,3
21,6,20,0.557131355225572,0.0,0.9924879670143127,3
21,7,20,0.557131355225572,0.0,0.9924879670143127,3
21,8,20,0.557131355225572,0.0,0.9924879670143127,3
21,9,20,0.557131355225572,0.0,0.9924879670143127,3
21,10,20,0.557131355225572,0.0,0.9924879670143127,3
21,11,20,0.557131355225572,0.0,0.9924879670143127,3
21,12,20,0.557131355225572,0.0,0.9924879670143127,3
21,13,20,0.557131355225572,0.0,0.9924879670143127,3
21,14,20,0.557131355225572,0.0,0.9924879670143127,3
21,15,20,0.557131355225572,0.0,0.9924879670143127,3
21,16,20,0.557131355225572,0.0,0.9924879670143127,3
21,17,20,0.557131355225572,0.0,0.9924879670143127,3
21,18,20,0.557131355225572,0.0,0.9924879670143127,3
21,19,20,0.557131355225572,0.0,0.9924879670143127,3
21,20,20,0.557131355225572,0.0,0.9924879670143127,3
21,21,20,0.5172239573217161,0.26666666666666666,0.918431282043457,2
21,22,20,0.5172239573217161,0.26666666666666666,0.918431282043457,2
21,23,20,0.5172239573217161,0.26666666666666666,0.918431282043457,2
21,24,20,0.0,1.0,,0
21,25,20,0.0,1.0,,0
21,1,21,0.557131355225572,0.0,0.9924879670143127,3
21,2,21,0.557131355225572,0.0,0.9924879670143127,3
21,3,21,0.557131355225572,0.0,0.9924879670143127,3
21,4,21,0.557131355225572,0.0,0.9924879670143127,3
21,5,21,0.557131355225572,0.0,0.9924879670143127,3
21,6,21,0.557131355225572,0.0,0.9924879670143127,3
21,7,21,0.557131355225572,0.0,0.9924879670143127,3
21,8,21,0.557131355225572,0.0,0.9924879670143127,3
21,9,21,0.557131355225572,0.0,0.9924879670143127,3
21,10,21,0.557131355225572,0.0,0.9924879670143127,3
21,11,21,0.557131355225572,0.0,0.9924879670143127,3
21,12,21,0.557131355225572,0.0,0.9924879670143127,3
21,13,21,0.557131355225572,0.0,0.9924879670143127,3
21,14,21,0.557131355225572,0.0,0.9924879670143127,3
21,15,21,0.557131355225572,0.0,0.9924879670143127,3
21,16,21,0.557131355225572,0.0,0.9924879670143127,3
21,17,21,0.557131355225572,0.0,0.9924879670143127,3
21,18,21,0.557131355225572,0.0,0.9924879670143127,3
21,19,21,0.557131355225572,0.0,0.9924879670143127,3
21,20,21,0.557131355225572,0.0,0.9924879670143127,3
21,21,21,0.5172239573217161,0.26666666666666666,0.918431282043457,2
21,22,21,0.5172239573217161,0.26666666666666666,0.918431282043457,2
21,23,21,0.5172239573217161,0.26666666666666666,0.918431282043457,2
21,24,21,0.0,1.0,,0
21,25,21,0.0,1.0,,0
21,1,22,0.557131355225572,0.28,0.9896370768547058,2
21,2,22,0.557131355225572,0.28,0.9896370768547058,2
21,3,22,0.557131355225572,0.28,0.9896370768547058,2
21,4,22,0.557131355225572,0.28,0.9896370768547058,2
21,5,22,0.557131355225572,0.28,0.9896370768547058,2
21,6,22,0.557131355225572,0.28,0.9896370768547058,2
21,7,22,0.557131355225572,0.28,0.9896370768547058,2
21,8,22,0.557131355225572,0.28,0.9896370768547058,2
21,9,22,0.557131355225572,0.28,0.9896370768547058,2
21,10,22,0.557131355225572,0.28,0.9896370768547058,2
21,11,22,0.557131355225572,0.28,0.9896370768547058,2
21,12,22,0.557131355225572,0.28,0.9896370768547058,2
21,13,22,0.557131355225572,0.28,0.9896370768547058,2
21,14,22,0.557131355225572,0.28,0.9896370768547058,2
21,15,22,0.557131355225572,0.28,0.9896370768547058,2
21,16,22,0.557131355225572,0.28,0.9896370768547058,2
21,17,22,0.557131355225572,0.28,0.9896370768547058,2
21,18,22,0.557131355225572,0.28,0.9896370768547058,2
21,19,22,0.557131355225572,0.28,0.9896370768547058,2
21,20,22,0.557131355225572,0.28,0.9896370768547058,2
21,21,22,0.5172239573217161,0.26666666666666666,0.918431282043457,2
21,22,22,0.5172239573217161,0.26666666666666666,0.918431282043457,2
21,23,22,0.5172239573217161,0.26666666666666666,0.918431282043457,2
21,24,22,0.0,1.0,,0
21,25,22,0.0,1.0,,0
21,1,23,0.557131355225572,0.28,0.9896370768547058,2
21,2,23,0.557131355225572,0.28,0.9896370768547058,2
21,3,23,0.557131355225572,0.28,0.9896370768547058,2
21,4,23,0.557131355225572,0.28,0.9896370768547058,2
21,5,23,0.557131355225572,0.28,0.9896370768547058,2
21,6,23,0.557131355225572,0.28,0.9896370768547058,2
21,7,23,0.557131355225572,0.28,0.9896370768547058,2
21,8,23,0.557131355225572,0.28,0.9896370768547058,2
21,9,23,0.557131355225572,0.28,0.9896370768547058,2
21,10,23,0.557131355225572,0.28,0.9896370768547058,2
21,11,23,0.557131355225572,0.28,0.9896370768547058,2
21,12,23,0.557131355225572,0.28,0.9896370768547058,2
21,13,23,0.557131355225572,0.28,0.9896370768547058,2
21,14,23,0.557131355225572,0.28,0.9896370768547058,2
21,15,23,0.557131355225572,0.28,0.9896370768547058,2
21,16,23,0.557131355225572,0.28,0.9896370768547058,2
21,17,23,0.557131355225572,0.28,0.9896370768547058,2
21,18,23,0.557131355225572,0.28,0.9896370768547058,2
21,19,23,0.557131355225572,0.28,0.9896370768547058,2
21,20,23,0.557131355225572,0.28,0.9896370768547058,2
21,21,23,0.5172239573217161,0.26666666666666666,0.918431282043457,2
21,22,23,0.5172239573217161,0.26666666666666666,0.918431282043457,2
21,23,23,0.5172239573217161,0.26666666666666666,0.918431282043457,2
21,24,23,0.0,1.0,,0
21,25,23,0.0,1.0,,0
21,1,24,0.557131355225572,0.28,0.9896370768547058,2
21,2,24,0.557131355225572,0.28,0.9896370768547058,2
21,3,24,0.557131355225572,0.28,0.9896370768547058,2
21,4,24,0.557131355225572,0.28,0.9896370768547058,2
21,5,24,0.557131355225572,0.28,0.9896370768547058,2
21,6,24,0.557131355225572,0.28,0.9896370768547058,2
21,7,24,0.557131355225572,0.28,0.9896370768547058,2
21,8,24,0.557131355225572,0.28,0.9896370768547058,2
21,9,24,0.557131355225572,0.28,0.9896370768547058,2
21,10,24,0.557131355225572,0.28,0.9896370768547058,2
21,11,24,0.557131355225572,0.28,0.9896370768547058,2
21,12,24,0.557131355225572,0.28,0.9896370768547058,2
21,13,24,0.557131355225572,0.28,0.9896370768547058,2
21,14,24,0.557131355225572,0.28,0.9896370768547058,2
21,15,24,0.557131355225572,0.28,0.9896370768547058,2
21,16,24,0.557131355225572,0.28,0.9896370768547058,2
21,17,24,0.557131355225572,0.28,0.9896370768547058,2
21,18,24,0.557131355225572,0.28,0.9896370768547058,2
21,19,24,0.557131355225572,0.28,0.9896370768547058,2
21,20,24,0.557131355225572,0.28,0.9896370768547058,2
21,21,24,0.5172239573217161,0.26666666666666666,0.918431282043457,2
21,22,24,0.5172239573217161,0.26666666666666666,0.918431282043457,2
21,23,24,0.5172239573217161,0.26666666666666666,0.918431282043457,2
21,24,24,0.0,1.0,,0
21,25,24,0.0,1.0,,0
21,1,25,0.0,1.0,,0
21,2,25,0.0,1.0,,0
21,3,25,0.0,1.0,,0
21,4,25,0.0,1.0,,0
21,5,25,0.0,1.0,,0
21,6,25,0.0,1.0,,0
21,7,25,0.0,1.0,,0
21,8,25,0.0,1.0,,0
21,9,25,0.0,1.0,,0
21,10,25,0.0,1.0,,0
21,11,25,0.0,1.0,,0
21,12,25,0.0,1.0,,0
21,13,25,0.0,1.0,,0
21,14,25,0.0,1.0,,0
21,15,25,0.0,1.0,,0
21,16,25,0.0,1.0,,0
21,17,25,0.0,1.0,,0
21,18,25,0.0,1.0,,0
21,19,25,0.0,1.0,,0
21,20,25,0.0,1.0,,0
21,21,25,0.0,1.0,,0
21,22,25,0.0,1.0,,0
21,23,25,0.0,1.0,,0
21,24,25,0.0,1.0,,0
21,25,25,0.0,1.0,,0
22,1,2,0.10570706473436077,0.10666666666666667,0.37313833832740784,23
22,2,2,0.17163496747575538,0.14666666666666667,0.3235218822956085,15
22,3,2,0.5214616740687164,0.0,0.63044673204422,5
22,4,2,0.6451186417089974,0.0,0.9006630182266235,4
22,5,2,0.6500622736208561,0.013333333333333334,0.8739608526229858,4
22,6,2,0.557131355225572,0.0,0.9922679662704468,3
22,7,2,0.557131355225572,0.0,0.9922679662704468,3
22,8,2,0.557131355225572,0.0,0.9922679662704468,3
22,9,2,0.557131355225572,0.0,0.9922679662704468,3
22,10,2,0.557131355225572,0.0,0.9922679662704468,3
22,11,2,0.557131355225572,0.0,0.9922679662704468,3
22,12,2,0.557131355225572,0.0,0.9922679662704468,3
22,13,2,0.557131355225572,0.0,0.9922679662704468,3
22,14,2,0.557131355225572,0.0,0.9922679662704468,3
22,15,2,0.557131355225572,0.0,0.9922679662704468,3
22,16,2,0.557131355225572,0.0,0.9922679662704468,3
22,17,2,0.557131355225572,0.0,0.9922679662704468,3
22,18,2,0.557131355225572,0.0,0.9922679662704468,3
22,19,2,0.557131355225572,0.0,0.9922679662704468,3
22,20,2,0.557131355225572,0.0,0.9922679662704468,3
22,21,2,0.3990291703277347,0.21333333333333335,0.668059229850769,2
22,22,2,0.5212589729431253,0.26666666666666666,0.9085360169410706,2
22,23,2,0.5212589729431253,0.26666666666666666,0.9085360169410706,2
22,24,2,0.0,1.0,,0
22,25,2,0.0,1.0,,0
22,1,3,0.1891654341223583,0.13333333333333333,0.37323513627052307,14
22,2,3,0.186025233573362,0.2,0.43177953362464905,13
22,3,3,0.5214616740687164,0.0,0.63044673204422,5
22,4,3,0.6451186417089974,0.0,0.9006630182266235,4
22,5,3,0.6500622736208561,0.013333333333333334,0.8739608526229858,4
22,6,3,0.557131355225572,0.0,0.9922679662704468,3
22,7,3,0.557131355225572,0.0,0.9922679662704468,3
22,8,3,0.557131355225572,0.0,0.9922679662704468,3
22,9,3,0.557131355225572,0.0,0.9922679662704468,3
22,10,3,0.557131355225572,0.0,0.9922679662704468,3
22,11,3,0.557131355225572,0.0,0.9922679662704468,3
22,12,3,0.557131355225572,0.0,0.9922679662704468,3
22,13,3,0.557131355225572,0.0,0.9922679662704468,3
22,14,3,0.557131355225572,0.0,0.9922679662704468,3
22,15,3,0.557131355225572,0.0,0.9922679662704468,3
22,16,3,0.557131355225572,0.0,0.9922679662704468,3
22,17,3,0.557131355225572,0.0,0.9922679662704468,3
22,18,3,0.557131355225572,0.0,0.9922679662704468,3
22,19,3,0.557131355225572,0.0,0.9922679662704468,3
22,20,3,0.557131355225572,0.0,0.9922679662704468,3
22,21,3,0.3990291703277347,0.21333333333333335,0.668059229850769,2
22,22,3,0.5212589729431253,0.26666666666666666,0.9085360169410706,2
22,23,3,0.5212589729431253,0.26666666666666666,0.9085360169410706,2
22,24,3,0.0,1.0,,0
22,25,3,0.0,1.0,,0
22,1,4,0.4887800250082411,0.08,0.6140151619911194,7
22,2,4,0.46213588305784914,0.05333333333333334,0.6787104606628418,6
22,3,4,0.5214616740687164,0.0,0.63044673204422,5
22,4,4,0.6451186417089974,0.0,0.9006630182266235,4
22,5,4,0.6500622736208561,0.013333333333333334,0.8739608526229858,4
22,6,4,0.557131355225572,0.0,0.9922679662704468,3
22,7,4,0.557131355225572,0.0,0.9922679662704468,3
22,8,4,0.557131355225572,0.0,0.9922679662704468,3
22,9,4,0.557131355225572,0.0,0.9922679662704468,3
22,10,4,0.557131355225572,0.0,0.9922679662704468,3
22,11,4,0.557131355225572,0.0,0.9922679662704468,3
22,12,4,0.557131355225572,0.0,0.9922679662704468,3
22,13,4,0.557131355225572,0.0,0.9922679662704468,3
22,14,4,0.557131355225572,0.0,0.9922679662704468,3
22,15,4,0.557131355225572,0.0,0.9922679662704468,3
22,16,4,0.557131355225572,0.0,0.9922679662704468,3
22,17,4,0.557131355225572,0.0,0.9922679662704468,3
22,18,4,0.557131355225572,0.0,0.9922679662704468,3
22,19,4,0.557131355225572,0.0,0.9922679662704468,3
22,20,4,0.557131355225572,0.0,0.9922679662704468,3
22,21,4,0.3990291703277347,0.21333333333333335,0.668059229850769,2
22,22,4,0.5212589729431253,0.26666666666666666,0.9085360169410706,2
22,23,4,0.5212589729431253,0.26666666666666666,0.9085360169410706,2
22,24,4,0.0,1.0,,0
22,25,4,0.0,1.0,,0
22,1,5,0.5224583565816359,0.02666666666666667,0.6353315114974976,5
22,2,5,0.5214616740687164,0.0,0.63044673204422,5
22,3,5,0.5214616740687164,0.0,0.63044673204422,5
22,4,5,0.6451186417089974,0.0,0.9006630182266235,4
22,5,5,0.6500622736208561,0.013333333333333334,0.8739608526229858,4
22,6,5,0.557131355225572,0.0,0.9922679662704468,3
22,7,5,0.557131355225572,0.0,0.9922679662704468,3
22,8,5,0.557131355225572,0.0,0.9922679662704468,3
22,9,5,0.557131355225572,0.0,0.9922679662704468,3
22,10,5,0.557131355225572,0.0,0.9922679662704468,3
22,11,5,0.557131355225572,0.0,0.9922679662704468,3
22,12,5,0.557131355225572,0.0,0.9922679662704468,3
22,13,5,0.557131355225572,0.0,0.9922679662704468,3
22,14,5,0.557131355225572,0.0,0.9922679662704468,3
22,15,5,0.557131355225572,0.0,0.9922679662704468,3
22,16,5,0.557131355225572,0.0,0.9922679662704468,3
22,17,5,0.557131355225572,0.0,0.9922679662704468,3
22,18,5,0.557131355225572,0.0,0.9922679662704468,3
22,19,5,0.557131355225572,0.0,0.9922679662704468,3
22,20,5,0.557131355225572,0.0,0.9922679662704468,3
22,21,5,0.3990291703277347,0.21333333333333335,0.668059229850769,2
22,22,5,0.5212589729431253,0.26666666666666666,0.9085360169410706,2
22,23,5,0.5212589729431253,0.26666666666666666,0.9085360169410706,2
22,24,5,0.0,1.0,,0
22,25,5,0.0,1.0,,0
22,1,6,0.5224583565816359,0.02666666666666667,0.6353315114974976,5
22,2,6,0.5214616740687164,0.0,0.63044673204422,5
22,3,6,0.5214616740687164,0.0,0.63044673204422,5
22,4,6,0.6451186417089974,0.0,0.9006630182266235,4
22,5,6,0.6500622736208561,0.013333333333333334,0.8739608526229858,4
22,6,6,0.557131355225572,0.0,0.9922679662704468,3
22,7,6,0.557131355225572,0.0,0.9922679662704468,3
22,8,6,0.557131355225572,0.0,0.9922679662704468,3
22,9,6,0.557131355225572,0.0,0.9922679662704468,3
22,10,6,0.557131355225572,0.0,0.9922679662704468,3
22,11,6,0.557131355225572,0.0,0.9922679662704468,3
22,12,6,0.557131355225572,0.0,0.9922679662704468,3
22,13,6,0.557131355225572,0.0,0.9922679662704468,3
22,14,6,0.557131355225572,0.0,0.9922679662704468,3
22,15,6,0.557131355225572,0.0,0.9922679662704468,3
22,16,6,0.557131355225572,0.0,0.9922679662704468,3
22,17,6,0.557131355225572,0.0,0.9922679662704468,3
22,18,6,0.557131355225572,0.0,0.9922679662704468,3
22,19,6,0.557131355225572,0.0,0.9922679662704468,3
22,20,6,0.557131355225572,0.0,0.9922679662704468,3
22,21,6,0.3990291703277347,0.21333333333333335,0.668059229850769,2
22,22,6,0.5212589729431253,0.26666666666666666,0.9085360169410706,2
22,23,6,0.5212589729431253,0.26666666666666666,0.9085360169410706,2
22,24,6,0.0,1.0,,0
22,25,6,0.0,1.0,,0
22,1,7,0.557131355225572,0.0,0.9922679662704468,3
22,2,7,0.43547699112306487,0.0,0.7216607928276062,4
22,3,7,0.43547699112306487,0.0,0.7216607928276062,4
22,4,7,0.557131355225572,0.0,0.9922679662704468,3
22,5,7,0.6500622736208561,0.013333333333333334,0.8739608526229858,4
22,6,7,0.557131355225572,0.0,0.9922679662704468,3
22,7,7,0.557131355225572,0.0,0.9922679662704468,3
22,8,7,0.557131355225572,0.0,0.9922679662704468,3
22,9,7,0.557131355225572,0.0,0.9922679662704468,3
22,10,7,0.557131355225572,0.0,0.9922679662704468,3
22,11,7,0.557131355225572,0.0,0.9922679662704468,3
22,12,7,0.557131355225572,0.0,0.9922679662704468,3
22,13,7,0.557131355225572,0.0,0.9922679662704468,3
22,14,7,0.557131355225572,0.0,0.9922679662704468,3
22,15,7,0.557131355225572,0.0,0.9922679662704468,3
22,16,7,0.557131355225572,0.0,0.9922679662704468,3
22,17,7,0.557131355225572,0.0,0.9922679662704468,3
22,18,7,0.557131355225572,0.0,0.9922679662704468,3
22,19,7,0.557131355225572,0.0,0.9922679662704468,3
22,20,7,0.557131355225572,0.0,0.9922679662704468,3
22,21,7,0.3990291703277347,0.21333333333333335,0.668059229850769,2
22,22,7,0.5212589729431253,0.26666666666666666,0.9085360169410706,2
22,23,7,0.5212589729431253,0.26666666666666666,0.9085360169410706,2
22,24,7,0.0,1.0,,0
22,25,7,0.0,1.0,,0
22,1,8,0.557131355225572,0.0,0.9922679662704468,3
22,2,8,0.43547699112306487,0.0,0.7216607928276062,4
22,3,8,0.43547699112306487,0.0,0.7216607928276062,4
22,4,8,0.557131355225572,0.0,0.9922679662704468,3
22,5,8,0.557131355225572,0.0,0.9922679662704468,3
22,6,8,0.557131355225572,0.0,0.9922679662704468,3
22,7,8,0.557131355225572,0.0,0.9922679662704468,3
22,8,8,0.557131355225572,0.0,0.9922679662704468,3
22,9,8,0.557131355225572,0.0,0.9922679662704468,3
22,10,8,0.557131355225572,0.0,0.9922679662704468,3
22,11,8,0.557131355225572,0.0,0.9922679662704468,3
22,12,8,0.557131355225572,0.0,0.9922679662704468,3
22,13,8,0.557131355225572,0.0,0.9922679662704468,3
22,14,8,0.557131355225572,0.0,0.9922679662704468,3
22,15,8,0.557131355225572,0.0,0.9922679662704468,3
22,16,8,0.557131355225572,0.0,0.9922679662704468,3
22,17,8,0.557131355225572,0.0,0.9922679662704468,3
22,18,8,0.557131355225572,0.0,0.9922679662704468,3
22,19,8,0.557131355225572,0.0,0.9922679662704468,3
22,20,8,0.557131355225572,0.0,0.9922679662704468,3
22,21,8,0.3990291703277347,0.21333333333333335,0.668059229850769,2
22,22,8,0.5212589729431253,0.26666666666666666,0.9085360169410706,2
22,23,8,0.5212589729431253,0.26666666666666666,0.9085360169410706,2
22,24,8,0.0,1.0,,0
22,25,8,0.0,1.0,,0
22,1,9,0.557131355225572,0.0,0.9922679662704468,3
22,2,9,0.43547699112306487,0.0,0.7216607928276062,4
22,3,9,0.43547699112306487,0.0,0.7216607928276062,4
22,4,9,0.557131355225572,0.0,0.9922679662704468,3
22,5,9,0.557131355225572,0.0,0.9922679662704468,3
22,6,9,0.557131355225572,0.0,0.9922679662704468,3
22,7,9,0.557131355225572,0.0,0.9922679662704468,3
22,8,9,0.557131355225572,0.0,0.9922679662704468,3
22,9,9,0.557131355225572,0.0,0.9922679662704468,3
22,10,9,0.557131355225572,0.0,0.9922679662704468,3
22,11,9,0.557131355225572,0.0,0.9922679662704468,3
22,12,9,0.557131355225572,0.0,0.9922679662704468,3
22,13,9,0.557131355225572,0.0,0.9922679662704468,3
22,14,9,0.557131355225572,0.0,0.9922679662704468,3
22,15,9,0.557131355225572,0.0,0.9922679662704468,3
22,16,9,0.557131355225572,0.0,0.9922679662704468,3
22,17,9,0.557131355225572,0.0,0.9922679662704468,3
22,18,9,0.557131355225572,0.0,0.9922679662704468,3
22,19,9,0.557131355225572,0.0,0.9922679662704468,3
22,20,9,0.557131355225572,0.0,0.9922679662704468,3
22,21,9,0.3990291703277347,0.21333333333333335,0.668059229850769,2
22,22,9,0.5212589729431253,0.26666666666666666,0.9085360169410706,2
22,23,9,0.5212589729431253,0.26666666666666666,0.9085360169410706,2
22,24,9,0.0,1.0,,0
22,25,9,0.0,1.0,,0
22,1,10,0.557131355225572,0.0,0.9922679662704468,3
22,2,10,0.557131355225572,0.0,0.9922679662704468,3
22,3,10,0.557131355225572,0.0,0.9922679662704468,3
22,4,10,0.557131355225572,0.0,0.9922679662704468,3
22,5,10,0.557131355225572,0.0,0.9922679662704468,3
22,6,10,0.557131355225572,0.0,0.9922679662704468,3
22,7,10,0.557131355225572,0.0,0.9922679662704468,3
22,8,10,0.557131355225572,0.0,0.9922679662704468,3
22,9,10,0.557131355225572,0.0,0.9922679662704468,3
22,10,10,0.557131355225572,0.0,0.9922679662704468,3
22,11,10,0.557131355225572,0.0,0.9922679662704468,3
22,12,10,0.557131355225572,0.0,0.9922679662704468,3
22,13,10,0.557131355225572,0.0,0.9922679662704468,3
22,14,10,0.557131355225572,0.0,0.9922679662704468,3
22,15,10,0.557131355225572,0.0,0.9922679662704468,3
22,16,10,0.557131355225572,0.0,0.9922679662704468,3
22,17,10,0.557131355225572,0.0,0.9922679662704468,3
22,18,10,0.557131355225572,0.0,0.9922679662704468,3
22,19,10,0.557131355225572,0.0,0.9922679662704468,3
22,20,10,0.557131355225572,0.0,0.9922679662704468,3
22,21,10,0.3990291703277347,0.21333333333333335,0.668059229850769,2
22,22,10,0.5212589729431253,0.26666666666666666,0.9085360169410706,2
22,23,10,0.5212589729431253,0.26666666666666666,0.9085360169410706,2
22,24,10,0.0,1.0,,0
22,25,10,0.0,1.0,,0
22,1,11,0.557131355225572,0.0,0.9922679662704468,3
22,2,11,0.557131355225572,0.0,0.9922679662704468,3
22,3,11,0.557131355225572,0.0,0.9922679662704468,3
22,4,11,0.557131355225572,0.0,0.9922679662704468,3
22,5,11,0.557131355225572,0.0,0.9922679662704468,3
22,6,11,0.557131355225572,0.0,0.9922679662704468,3
22,7,11,0.557131355225572,0.0,0.9922679662704468,3
22,8,11,0.557131355225572,0.0,0.9922679662704468,3
22,9,11,0.557131355225572,0.0,0.9922679662704468,3
22,10,11,0.557131355225572,0.0,0.9922679662704468,3
22,11,11,0.557131355225572,0.0,0.9922679662704468,3
22,12,11,0.557131355225572,0.0,0.9922679662704468,3
22,13,11,0.557131355225572,0.0,0.9922679662704468,3
22,14,11,0.557131355225572,0.0,0.9922679662704468,3
22,15,11,0.557131355225572,0.0,0.9922679662704468,3
22,16,11,0.557131355225572,0.0,0.9922679662704468,3
22,17,11,0.557131355225572,0.0,0.9922679662704468,3
22,18,11,0.557131355225572,0.0,0.9922679662704468,3
22,19,11,0.557131355225572,0.0,0.9922679662704468,3
22,20,11,0.557131355225572,0.0,0.9922679662704468,3
22,21,11,0.3990291703277347,0.21333333333333335,0.668059229850769,2
22,22,11,0.5212589729431253,0.26666666666666666,0.9085360169410706,2
22,23,11,0.5212589729431253,0.26666666666666666,0.9085360169410706,2
22,24,11,0.0,1.0,,0
22,25,11,0.0,1.0,,0
22,1,12,0.557131355225572,0.0,0.9922679662704468,3
22,2,12,0.557131355225572,0.0,0.9922679662704468,3
22,3,12,0.557131355225572,0.0,0.9922679662704468,3
22,4,12,0.557131355225572,0.0,0.9922679662704468,3
22,5,12,0.557131355225572,0.0,0.9922679662704468,3
22,6,12,0.557131355225572,0.0,0.9922679662704468,3
22,7,12,0.557131355225572,0.0,0.9922679662704468,3
22,8,12,0.557131355225572,0.0,0.9922679662704468,3
22,9,12,0.557131355225572,0.0,0.9922679662704468,3
22,10,12,0.557131355225572,0.0,0.9922679662704468,3
22,11,12,0.557131355225572,0.0,0.9922679662704468,3
22,12,12,0.557131355225572,0.0,0.9922679662704468,3
22,13,12,0.557131355225572,0.0,0.9922679662704468,3
22,14,12,0.557131355225572,0.0,0.9922679662704468,3
22,15,12,0.557131355225572,0.0,0.9922679662704468,3
22,16,12,0.557131355225572,0.0,0.9922679662704468,3
22,17,12,0.557131355225572,0.0,0.9922679662704468,3
22,18,12,0.557131355225572,0.0,0.9922679662704468,3
22,19,12,0.557131355225572,0.0,0.9922679662704468,3
22,20,12,0.557131355225572,0.0,0.9922679662704468,3
22,21,12,0.3990291703277347,0.21333333333333335,0.668059229850769,2
22,22,12,0.5212589729431253,0.26666666666666666,0.9085360169410706,2
22,23,12,0.5212589729431253,0.26666666666666666,0.9085360169410706,2
22,24,12,0.0,1.0,,0
22,25,12,0.0,1.0,,0
22,1,13,0.557131355225572,0.0,0.9922679662704468,3
22,2,13,0.557131355225572,0.0,0.9922679662704468,3
22,3,13,0.557131355225572,0.0,0.9922679662704468,3
22,4,13,0.557131355225572,0.0,0.9922679662704468,3
22,5,13,0.557131355225572,0.0,0.9922679662704468,3
22,6,13,0.557131355225572,0.0,0.9922679662704468,3
22,7,13,0.557131355225572,0.0,0.9922679662704468,3
22,8,13,0.557131355225572,0.0,0.9922679662704468,3
22,9,13,0.557131355225572,0.0,0.9922679662704468,3
22,10,13,0.557131355225572,0.0,0.9922679662704468,3
22,11,13,0.557131355225572,0.0,0.9922679662704468,3
22,12,13,0.557131355225572,0.0,0.9922679662704468,3
22,13,13,0.557131355225572,0.0,0.9922679662704468,3
22,14,13,0.557131355225572,0.0,0.9922679662704468,3
22,15,13,0.557131355225572,0.0,0.9922679662704468,3
22,16,13,0.557131355225572,0.0,0.9922679662704468,3
22,17,13,0.557131355225572,0.0,0.9922679662704468,3
22,18,13,0.557131355225572,0.0,0.9922679662704468,3
22,19,13,0.557131355225572,0.0,0.9922679662704468,3
22,20,13,0.557131355225572,0.0,0.9922679662704468,3
22,21,13,0.3990291703277347,0.21333333333333335,0.668059229850769,2
22,22,13,0.5212589729431253,0.26666666666666666,0.9085360169410706,2
22,23,13,0.5212589729431253,0.26666666666666666,0.9085360169410706,2
22,24,13,0.0,1.0,,0
22,25,13,0.0,1.0,,0
22,1,14,0.557131355225572,0.0,0.9922679662704468,3
22,2,14,0.557131355225572,0.0,0.9922679662704468,3
22,3,14,0.557131355225572,0.0,0.9922679662704468,3
22,4,14,0.557131355225572,0.0,0.9922679662704468,3
22,5,14,0.557131355225572,0.0,0.9922679662704468,3
22,6,14,0.557131355225572,0.0,0.9922679662704468,3
22,7,14,0.557131355225572,0.0,0.9922679662704468,3
22,8,14,0.557131355225572,0.0,0.9922679662704468,3
22,9,14,0.557131355225572,0.0,0.9922679662704468,3
22,10,14,0.557131355225572,0.0,0.9922679662704468,3
22,11,14,0.557131355225572,0.0,0.9922679662704468,3
22,12,14,0.557131355225572,0.0,0.9922679662704468,3
22,13,14,0.557131355225572,0.0,0.9922679662704468,3
22,14,14,0.557131355225572,0.0,0.9922679662704468,3
22,15,14,0.557131355225572,0.0,0.9922679662704468,3
22,16,14,0.557131355225572,0.0,0.9922679662704468,3
22,17,14,0.557131355225572,0.0,0.9922679662704468,3
22,18,14,0.557131355225572,0.0,0.9922679662704468,3
22,19,14,0.557131355225572,0.0,0.9922679662704468,3
22,20,14,0.557131355225572,0.0,0.9922679662704468,3
22,21,14,0.3990291703277347,0.21333333333333335,0.668059229850769,2
22,22,14,0.5212589729431253,0.26666666666666666,0.9085360169410706,2
22,23,14,0.5212589729431253,0.26666666666666666,0.9085360169410706,2
22,24,14,0.0,1.0,,0
22,25,14,0.0,1.0,,0
22,1,15,0.557131355225572,0.0,0.9922679662704468,3
22,2,15,0.557131355225572,0.0,0.9922679662704468,3
22,3,15,0.557131355225572,0.0,0.9922679662704468,3
22,4,15,0.557131355225572,0.0,0.9922679662704468,3
22,5,15,0.557131355225572,0.0,0.9922679662704468,3
22,6,15,0.557131355225572,0.0,0.9922679662704468,3
22,7,15,0.557131355225572,0.0,0.9922679662704468,3
22,8,15,0.557131355225572,0.0,0.9922679662704468,3
22,9,15,0.557131355225572,0.0,0.9922679662704468,3
22,10,15,0.557131355225572,0.0,0.9922679662704468,3
22,11,15,0.557131355225572,0.0,0.9922679662704468,3
22,12,15,0.557131355225572,0.0,0.9922679662704468,3
22,13,15,0.557131355225572,0.0,0.9922679662704468,3
22,14,15,0.557131355225572,0.0,0.9922679662704468,3
22,15,15,0.557131355225572,0.0,0.9922679662704468,3
22,16,15,0.557131355225572,0.0,0.9922679662704468,3
22,17,15,0.557131355225572,0.0,0.9922679662704468,3
22,18,15,0.557131355225572,0.0,0.9922679662704468,3
22,19,15,0.557131355225572,0.0,0.9922679662704468,3
22,20,15,0.557131355225572,0.0,0.9922679662704468,3
22,21,15,0.3990291703277347,0.21333333333333335,0.668059229850769,2
22,22,15,0.5212589729431253,0.26666666666666666,0.9085360169410706,2
22,23,15,0.5212589729431253,0.26666666666666666,0.9085360169410706,2
22,24,15,0.0,1.0,,0
22,25,15,0.0,1.0,,0
22,1,16,0.557131355225572,0.0,0.9922679662704468,3
22,2,16,0.557131355225572,0.0,0.9922679662704468,3
22,3,16,0.557131355225572,0.0,0.9922679662704468,3
22,4,16,0.557131355225572,0.0,0.9922679662704468,3
22,5,16,0.557131355225572,0.0,0.9922679662704468,3
22,6,16,0.557131355225572,0.0,0.9922679662704468,3
22,7,16,0.557131355225572,0.0,0.9922679662704468,3
22,8,16,0.557131355225572,0.0,0.9922679662704468,3
22,9,16,0.557131355225572,0.0,0.9922679662704468,3
22,10,16,0.557131355225572,0.0,0.9922679662704468,3
22,11,16,0.557131355225572,0.0,0.9922679662704468,3
22,12,16,0.557131355225572,0.0,0.9922679662704468,3
22,13,16,0.557131355225572,0.0,0.9922679662704468,3
22,14,16,0.557131355225572,0.0,0.9922679662704468,3
22,15,16,0.557131355225572,0.0,0.9922679662704468,3
22,16,16,0.557131355225572,0.0,0.9922679662704468,3
22,17,16,0.557131355225572,0.0,0.9922679662704468,3
22,18,16,0.557131355225572,0.0,0.9922679662704468,3
22,19,16,0.557131355225572,0.0,0.9922679662704468,3
22,20,16,0.557131355225572,0.0,0.9922679662704468,3
22,21,16,0.3990291703277347,0.21333333333333335,0.668059229850769,2
22,22,16,0.5212589729431253,0.26666666666666666,0.9085360169410706,2
22,23,16,0.5212589729431253,0.26666666666666666,0.9085360169410706,2
22,24,16,0.0,1.0,,0
22,25,16,0.0,1.0,,0
22,1,17,0.557131355225572,0.0,0.9922679662704468,3
22,2,17,0.557131355225572,0.0,0.9922679662704468,3
22,3,17,0.557131355225572,0.0,0.9922679662704468,3
22,4,17,0.557131355225572,0.0,0.9922679662704468,3
22,5,17,0.557131355225572,0.0,0.9922679662704468,3
22,6,17,0.557131355225572,0.0,0.9922679662704468,3
22,7,17,0.557131355225572,0.0,0.9922679662704468,3
22,8,17,0.557131355225572,0.0,0.9922679662704468,3
22,9,17,0.557131355225572,0.0,0.9922679662704468,3
22,10,17,0.557131355225572,0.0,0.9922679662704468,3
22,11,17,0.557131355225572,0.0,0.9922679662704468,3
22,12,17,0.557131355225572,0.0,0.9922679662704468,3
22,13,17,0.557131355225572,0.0,0.9922679662704468,3
22,14,17,0.557131355225572,0.0,0.9922679662704468,3
22,15,17,0.557131355225572,0.0,0.9922679662704468,3
22,16,17,0.557131355225572,0.0,0.9922679662704468,3
22,17,17,0.557131355225572,0.0,0.9922679662704468,3
22,18,17,0.557131355225572,0.0,0.9922679662704468,3
22,19,17,0.557131355225572,0.0,0.9922679662704468,3
22,20,17,0.557131355225572,0.0,0.9922679662704468,3
22,21,17,0.3990291703277347,0.21333333333333335,0.668059229850769,2
22,22,17,0.5212589729431253,0.26666666666666666,0.9085360169410706,2
22,23,17,0.5212589729431253,0.26666666666666666,0.9085360169410706,2
22,24,17,0.0,1.0,,0
22,25,17,0.0,1.0,,0
22,1,18,0.557131355225572,0.0,0.9922679662704468,3
22,2,18,0.557131355225572,0.0,0.9922679662704468,3
22,3,18,0.557131355225572,0.0,0.9922679662704468,3
22,4,18,0.557131355225572,0.0,0.9922679662704468,3
22,5,18,0.557131355225572,0.0,0.9922679662704468,3
22,6,18,0.557131355225572,0.0,0.9922679662704468,3
22,7,18,0.557131355225572,0.0,0.9922679662704468,3
22,8,18,0.557131355225572,0.0,0.9922679662704468,3
22,9,18,0.557131355225572,0.0,0.9922679662704468,3
22,10,18,0.557131355225572,0.0,0.9922679662704468,3
22,11,18,0.557131355225572,0.0,0.9922679662704468,3
22,12,18,0.557131355225572,0.0,0.9922679662704468,3
22,13,18,0.557131355225572,0.0,0.9922679662704468,3
22,14,18,0.557131355225572,0.0,0.9922679662704468,3
22,15,18,0.557131355225572,0.0,0.9922679662704468,3
22,16,18,0.557131355225572,0.0,0.9922679662704468,3
22,17,18,0.557131355225572,0.0,0.9922679662704468,3
22,18,18,0.557131355225572,0.0,0.9922679662704468,3
22,19,18,0.557131355225572,0.0,0.9922679662704468,3
22,20,18,0.557131355225572,0.0,0.9922679662704468,3
22,21,18,0.3990291703277347,0.21333333333333335,0.668059229850769,2
22,22,18,0.5212589729431253,0.26666666666666666,0.9085360169410706,2
22,23,18,0.5212589729431253,0.26666666666666666,0.9085360169410706,2
22,24,18,0.0,1.0,,0
22,25,18,0.0,1.0,,0
22,1,19,0.557131355225572,0.0,0.9922679662704468,3
22,2,19,0.557131355225572,0.0,0.9922679662704468,3
22,3,19,0.557131355225572,0.0,0.9922679662704468,3
22,4,19,0.557131355225572,0.0,0.9922679662704468,3
22,5,19,0.557131355225572,0.0,0.9922679662704468,3
22,6,19,0.557131355225572,0.0,0.9922679662704468,3
22,7,19,0.557131355225572,0.0,0.9922679662704468,3
22,8,19,0.557131355225572,0.0,0.9922679662704468,3
22,9,19,0.557131355225572,0.0,0.9922679662704468,3
22,10,19,0.557131355225572,0.0,0.9922679662704468,3
22,11,19,0.557131355225572,0.0,0.9922679662704468,3
22,12,19,0.557131355225572,0.0,0.9922679662704468,3
22,13,19,0.557131355225572,0.0,0.9922679662704468,3
22,14,19,0.557131355225572,0.0,0.9922679662704468,3
22,15,19,0.557131355225572,0.0,0.9922679662704468,3
22,16,19,0.557131355225572,0.0,0.9922679662704468,3
22,17,19,0.557131355225572,0.0,0.9922679662704468,3
22,18,19,0.557131355225572,0.0,0.9922679662704468,3
22,19,19,0.557131355225572,0.0,0.9922679662704468,3
22,20,19,0.557131355225572,0.0,0.9922679662704468,3
22,21,19,0.3990291703277347,0.21333333333333335,0.668059229850769,2
22,22,19,0.5212589729431253,0.26666666666666666,0.9085360169410706,2
22,23,19,0.5212589729431253,0.26666666666666666,0.9085360169410706,2
22,24,19,0.0,1.0,,0
22,25,19,0.0,1.0,,0
22,1,20,0.557131355225572,0.0,0.9922679662704468,3
22,2,20,0.557131355225572,0.0,0.9922679662704468,3
22,3,20,0.557131355225572,0.0,0.9922679662704468,3
22,4,20,0.557131355225572,0.0,0.9922679662704468,3
22,5,20,0.557131355225572,0.0,0.9922679662704468,3
22,6,20,0.557131355225572,0.0,0.9922679662704468,3
22,7,20,0.557131355225572,0.0,0.9922679662704468,3
22,8,20,0.557131355225572,0.0,0.9922679662704468,3
22,9,20,0.557131355225572,0.0,0.9922679662704468,3
22,10,20,0.557131355225572,0.0,0.9922679662704468,3
22,11,20,0.557131355225572,0.0,0.9922679662704468,3
22,12,20,0.557131355225572,0.0,0.9922679662704468,3
22,13,20,0.557131355225572,0.0,0.9922679662704468,3
22,14,20,0.557131355225572,0.0,0.9922679662704468,3
22,15,20,0.557131355225572,0.0,0.9922679662704468,3
22,16,20,0.557131355225572,0.0,0.9922679662704468,3
22,17,20,0.557131355225572,0.0,0.9922679662704468,3
22,18,20,0.557131355225572,0.0,0.9922679662704468,3
22,19,20,0.557131355225572,0.0,0.9922679662704468,3
22,20,20,0.557131355225572,0.0,0.9922679662704468,3
22,21,20,0.3990291703277347,0.21333333333333335,0.668059229850769,2
22,22,20,0.5212589729431253,0.26666666666666666,0.9085360169410706,2
22,23,20,0.5212589729431253,0.26666666666666666,0.9085360169410706,2
22,24,20,0.0,1.0,,0
22,25,20,0.0,1.0,,0
22,1,21,0.557131355225572,0.0,0.9922679662704468,3
22,2,21,0.557131355225572,0.0,0.9922679662704468,3
22,3,21,0.557131355225572,0.0,0.9922679662704468,3
22,4,21,0.557131355225572,0.0,0.9922679662704468,3
22,5,21,0.557131355225572,0.0,0.9922679662704468,3
22,6,21,0.557131355225572,0.0,0.9922679662704468,3
22,7,21,0.557131355225572,0.0,0.9922679662704468,3
22,8,21,0.557131355225572,0.0,0.9922679662704468,3
22,9,21,0.557131355225572,0.0,0.9922679662704468,3
22,10,21,0.557131355225572,0.0,0.9922679662704468,3
22,11,21,0.557131355225572,0.0,0.9922679662704468,3
22,12,21,0.557131355225572,0.0,0.9922679662704468,3
22,13,21,0.557131355225572,0.0,0.9922679662704468,3
22,14,21,0.557131355225572,0.0,0.9922679662704468,3
22,15,21,0.557131355225572,0.0,0.9922679662704468,3
22,16,21,0.557131355225572,0.0,0.9922679662704468,3
22,17,21,0.557131355225572,0.0,0.9922679662704468,3
22,18,21,0.557131355225572,0.0,0.9922679662704468,3
22,19,21,0.557131355225572,0.0,0.9922679662704468,3
22,20,21,0.557131355225572,0.0,0.9922679662704468,3
22,21,21,0.3990291703277347,0.21333333333333335,0.668059229850769,2
22,22,21,0.5212589729431253,0.26666666666666666,0.9085360169410706,2
22,23,21,0.5212589729431253,0.26666666666666666,0.9085360169410706,2
22,24,21,0.0,1.0,,0
22,25,21,0.0,1.0,,0
22,1,22,0.557131355225572,0.28,0.9893406629562378,2
22,2,22,0.557131355225572,0.28,0.9893406629562378,2
22,3,22,0.557131355225572,0.28,0.9893406629562378,2
22,4,22,0.557131355225572,0.28,0.9893406629562378,2
22,5,22,0.557131355225572,0.28,0.9893406629562378,2
22,6,22,0.557131355225572,0.28,0.9893406629562378,2
22,7,22,0.557131355225572,0.28,0.9893406629562378,2
22,8,22,0.557131355225572,0.28,0.9893406629562378,2
22,9,22,0.557131355225572,0.28,0.9893406629562378,2
22,10,22,0.557131355225572,0.28,0.9893406629562378,2
22,11,22,0.557131355225572,0.28,0.9893406629562378,2
22,12,22,0.557131355225572,0.28,0.9893406629562378,2
22,13,22,0.557131355225572,0.28,0.9893406629562378,2
22,14,22,0.557131355225572,0.28,0.9893406629562378,2
22,15,22,0.557131355225572,0.28,0.9893406629562378,2
22,16,22,0.557131355225572,0.28,0.9893406629562378,2
22,17,22,0.557131355225572,0.28,0.9893406629562378,2
22,18,22,0.557131355225572,0.28,0.9893406629562378,2
22,19,22,0.557131355225572,0.28,0.9893406629562378,2
22,20,22,0.557131355225572,0.28,0.9893406629562378,2
22,21,22,0.3990291703277347,0.21333333333333335,0.668059229850769,2
22,22,22,0.5212589729431253,0.26666666666666666,0.9085360169410706,2
22,23,22,0.5212589729431253,0.26666666666666666,0.9085360169410706,2
22,24,22,0.0,1.0,,0
22,25,22,0.0,1.0,,0
22,1,23,0.557131355225572,0.28,0.9893406629562378,2
22,2,23,0.557131355225572,0.28,0.9893406629562378,2
22,3,23,0.557131355225572,0.28,0.9893406629562378,2
22,4,23,0.557131355225572,0.28,0.9893406629562378,2
22,5,23,0.557131355225572,0.28,0.9893406629562378,2
22,6,23,0.557131355225572,0.28,0.9893406629562378,2
22,7,23,0.557131355225572,0.28,0.9893406629562378,2
22,8,23,0.557131355225572,0.28,0.9893406629562378,2
22,9,23,0.557131355225572,0.28,0.9893406629562378,2
22,10,23,0.557131355225572,0.28,0.9893406629562378,2
22,11,23,0.557131355225572,0.28,0.9893406629562378,2
22,12,23,0.557131355225572,0.28,0.9893406629562378,2
22,13,23,0.557131355225572,0.28,0.9893406629562378,2
22,14,23,0.557131355225572,0.28,0.9893406629562378,2
22,15,23,0.557131355225572,0.28,0.9893406629562378,2
22,16,23,0.557131355225572,0.28,0.9893406629562378,2
22,17,23,0.557131355225572,0.28,0.9893406629562378,2
22,18,23,0.557131355225572,0.28,0.9893406629562378,2
22,19,23,0.557131355225572,0.28,0.9893406629562378,2
22,20,23,0.557131355225572,0.28,0.9893406629562378,2
22,21,23,0.3990291703277347,0.21333333333333335,0.668059229850769,2
22,22,23,0.5212589729431253,0.26666666666666666,0.9085360169410706,2
22,23,23,0.5212589729431253,0.26666666666666666,0.9085360169410706,2
22,24,23,0.0,1.0,,0
22,25,23,0.0,1.0,,0
22,1,24,0.557131355225572,0.28,0.9893406629562378,2
22,2,24,0.557131355225572,0.28,0.9893406629562378,2
22,3,24,0.557131355225572,0.28,0.9893406629562378,2
22,4,24,0.557131355225572,0.28,0.9893406629562378,2
22,5,24,0.557131355225572,0.28,0.9893406629562378,2
22,6,24,0.557131355225572,0.28,0.9893406629562378,2
22,7,24,0.557131355225572,0.28,0.9893406629562378,2
22,8,24,0.557131355225572,0.28,0.9893406629562378,2
22,9,24,0.557131355225572,0.28,0.9893406629562378,2
22,10,24,0.557131355225572,0.28,0.9893406629562378,2
22,11,24,0.557131355225572,0.28,0.9893406629562378,2
22,12,24,0.557131355225572,0.28,0.9893406629562378,2
22,13,24,0.557131355225572,0.28,0.9893406629562378,2
22,14,24,0.557131355225572,0.28,0.9893406629562378,2
22,15,24,0.557131355225572,0.28,0.9893406629562378,2
22,16,24,0.557131355225572,0.28,0.9893406629562378,2
22,17,24,0.557131355225572,0.28,0.9893406629562378,2
22,18,24,0.557131355225572,0.28,0.9893406629562378,2
22,19,24,0.557131355225572,0.28,0.9893406629562378,2
22,20,24,0.557131355225572,0.28,0.9893406629562378,2
22,21,24,0.3990291703277347,0.21333333333333335,0.668059229850769,2
22,22,24,0.5212589729431253,0.26666666666666666,0.9085360169410706,2
22,23,24,0.5212589729431253,0.26666666666666666,0.9085360169410706,2
22,24,24,0.0,1.0,,0
22,25,24,0.0,1.0,,0
22,1,25,0.0,1.0,,0
22,2,25,0.0,1.0,,0
22,3,25,0.0,1.0,,0
22,4,25,0.0,1.0,,0
22,5,25,0.0,1.0,,0
22,6,25,0.0,1.0,,0
22,7,25,0.0,1.0,,0
22,8,25,0.0,1.0,,0
22,9,25,0.0,1.0,,0
22,10,25,0.0,1.0,,0
22,11,25,0.0,1.0,,0
22,12,25,0.0,1.0,,0
22,13,25,0.0,1.0,,0
22,14,25,0.0,1.0,,0
22,15,25,0.0,1.0,,0
22,16,25,0.0,1.0,,0
22,17,25,0.0,1.0,,0
22,18,25,0.0,1.0,,0
22,19,25,0.0,1.0,,0
22,20,25,0.0,1.0,,0
22,21,25,0.3990291703277347,0.21333333333333335,0.668059229850769,2
22,22,25,0.5212589729431253,0.26666666666666666,0.9085360169410706,2
22,23,25,0.5212589729431253,0.26666666666666666,0.9085360169410706,2
22,24,25,0.0,1.0,,0
22,25,25,0.0,1.0,,0
23,1,2,0.1291070719571407,0.13333333333333333,0.41720208525657654,22
23,2,2,0.2516394443900229,0.12,0.4201202392578125,13
23,3,2,0.26119066084802467,0.08,0.6147258877754211,9
23,4,2,0.6484677455276404,0.013333333333333334,0.941310465335846,4
23,5,2,0.6500622736208561,0.013333333333333334,0.900998592376709,4
23,6,2,0.557131355225572,0.0,0.9919100999832153,3
23,7,2,0.557131355225572,0.0,0.9919100999832153,3
23,8,2,0.557131355225572,0.0,0.9919100999832153,3
23,9,2,0.557131355225572,0.0,0.9919100999832153,3
23,10,2,0.557131355225572,0.0,0.9919100999832153,3
23,11,2,0.557131355225572,0.0,0.9919100999832153,3
23,12,2,0.557131355225572,0.0,0.9919100999832153,3
23,13,2,0.557131355225572,0.0,0.9919100999832153,3
23,14,2,0.557131355225572,0.0,0.9919100999832153,3
23,15,2,0.557131355225572,0.0,0.9919100999832153,3
23,16,2,0.557131355225572,0.0,0.9919100999832153,3
23,17,2,0.557131355225572,0.0,0.9919100999832153,3
23,18,2,0.557131355225572,0.0,0.9919100999832153,3
23,19,2,0.557131355225572,0.0,0.9919100999832153,3
23,20,2,0.557131355225572,0.0,0.9919100999832153,3
23,21,2,0.557131355225572,0.28,0.9888262152671814,2
23,22,2,0.557131355225572,0.28,0.9888262152671814,2
23,23,2,0.557131355225572,0.28,0.9888262152671814,2
23,24,2,0.0,1.0,,0
23,25,2,0.0,1.0,,0
23,1,3,0.21602315123153001,0.10666666666666667,0.36639514565467834,14
23,2,3,0.2250341724382485,0.08,0.4072079658508301,12
23,3,3,0.47643190905149574,0.013333333333333334,0.7538880109786987,7
23,4,3,0.6484677455276404,0.013333333333333334,0.941310465335846,4
23,5,3,0.6500622736208561,0.013333333333333334,0.900998592376709,4
23,6,3,0.557131355225572,0.0,0.9919100999832153,3
23,7,3,0.557131355225572,0.0,0.9919100999832153,3
23,8,3,0.557131355225572,0.0,0.9919100999832153,3
23,9,3,0.557131355225572,0.0,0.9919100999832153,3
23,10,3,0.557131355225572,0.0,0.9919100999832153,3
23,11,3,0.557131355225572,0.0,0.9919100999832153,3
23,12,3,0.557131355225572,0.0,0.9919100999832153,3
23,13,3,0.557131355225572,0.0,0.9919100999832153,3
23,14,3,0.557131355225572,0.0,0.9919100999832153,3
23,15,3,0.557131355225572,0.0,0.9919100999832153,3
23,16,3,0.557131355225572,0.0,0.9919100999832153,3
23,17,3,0.557131355225572,0.0,0.9919100999832153,3
23,18,3,0.557131355225572,0.0,0.9919100999832153,3
23,19,3,0.557131355225572,0.0,0.9919100999832153,3
23,20,3,0.557131355225572,0.0,0.9919100999832153,3
23,21,3,0.557131355225572,0.28,0.9888262152671814,2
23,22,3,0.557131355225572,0.28,0.9888262152671814,2
23,23,3,0.557131355225572,0.28,0.9888262152671814,2
23,24,3,0.0,1.0,,0
23,25,3,0.0,1.0,,0
23,1,4,0.275710274098477,0.04,0.5464950799942017,9
23,2,4,0.2660708602948976,0.05333333333333334,0.6086717844009399,9
23,3,4,0.47643190905149574,0.013333333333333334,0.753887951374054,7
23,4,4,0.6484677455276404,0.013333333333333334,0.941310465335846,4
23,5,4,0.6500622736208561,0.013333333333333334,0.900998592376709,4
23,6,4,0.557131355225572,0.0,0.9919100999832153,3
23,7,4,0.557131355225572,0.0,0.9919100999832153,3
23,8,4,0.557131355225572,0.0,0.9919100999832153,3
23,9,4,0.557131355225572,0.0,0.9919100999832153,3
23,10,4,0.557131355225572,0.0,0.9919100999832153,3
23,11,4,0.557131355225572,0.0,0.9919100999832153,3
23,12,4,0.557131355225572,0.0,0.9919100999832153,3
23,13,4,0.557131355225572,0.0,0.9919100999832153,3
23,14,4,0.557131355225572,0.0,0.9919100999832153,3
23,15,4,0.557131355225572,0.0,0.9919100999832153,3
23,16,4,0.557131355225572,0.0,0.9919100999832153,3
23,17,4,0.557131355225572,0.0,0.9919100999832153,3
23,18,4,0.557131355225572,0.0,0.9919100999832153,3
23,19,4,0.557131355225572,0.0,0.9919100999832153,3
23,20,4,0.557131355225572,0.0,0.9919100999832153,3
23,21,4,0.557131355225572,0.28,0.9888262152671814,2
23,22,4,0.557131355225572,0.28,0.9888262152671814,2
23,23,4,0.557131355225572,0.28,0.9888262152671814,2
23,24,4,0.0,1.0,,0
23,25,4,0.0,1.0,,0
23,1,5,0.517871209882653,0.0,0.6735413670539856,5
23,2,5,0.5041858106658069,0.04,0.7941328883171082,5
23,3,5,0.6484677455276404,0.013333333333333334,0.941310465335846,4
23,4,5,0.6484677455276404,0.013333333333333334,0.941310465335846,4
23,5,5,0.6500622736208561,0.013333333333333334,0.900998592376709,4
23,6,5,0.557131355225572,0.0,0.9919100999832153,3
23,7,5,0.557131355225572,0.0,0.9919100999832153,3
23,8,5,0.557131355225572,0.0,0.9919100999832153,3
23,9,5,0.557131355225572,0.0,0.9919100999832153,3
23,10,5,0.557131355225572,0.0,0.9919100999832153,3
23,11,5,0.557131355225572,0.0,0.9919100999832153,3
23,12,5,0.557131355225572,0.0,0.9919100999832153,3
23,13,5,0.557131355225572,0.0,0.9919100999832153,3
23,14,5,0.557131355225572,0.0,0.9919100999832153,3
23,15,5,0.557131355225572,0.0,0.9919100999832153,3
23,16,5,0.557131355225572,0.0,0.9919100999832153,3
23,17,5,0.557131355225572,0.0,0.9919100999832153,3
23,18,5,0.557131355225572,0.0,0.9919100999832153,3
23,19,5,0.557131355225572,0.0,0.9919100999832153,3
23,20,5,0.557131355225572,0.0,0.9919100999832153,3
23,21,5,0.557131355225572,0.28,0.9888262152671814,2
23,22,5,0.557131355225572,0.28,0.9888262152671814,2
23,23,5,0.557131355225572,0.28,0.9888262152671814,2
23,24,5,0.0,1.0,,0
23,25,5,0.0,1.0,,0
23,1,6,0.517871209882653,0.0,0.6735413670539856,5
23,2,6,0.6451186417089974,0.0,0.9400449395179749,4
23,3,6,0.6484677455276404,0.013333333333333334,0.941310465335846,4
23,4,6,0.6484677455276404,0.013333333333333334,0.941310465335846,4
23,5,6,0.6500622736208561,0.013333333333333334,0.900998592376709,4
23,6,6,0.557131355225572,0.0,0.9919100999832153,3
23,7,6,0.557131355225572,0.0,0.9919100999832153,3
23,8,6,0.557131355225572,0.0,0.9919100999832153,3
23,9,6,0.557131355225572,0.0,0.9919100999832153,3
23,10,6,0.557131355225572,0.0,0.9919100999832153,3
23,11,6,0.557131355225572,0.0,0.9919100999832153,3
23,12,6,0.557131355225572,0.0,0.9919100999832153,3
23,13,6,0.557131355225572,0.0,0.9919100999832153,3
23,14,6,0.557131355225572,0.0,0.9919100999832153,3
23,15,6,0.557131355225572,0.0,0.9919100999832153,3
23,16,6,0.557131355225572,0.0,0.9919100999832153,3
23,17,6,0.557131355225572,0.0,0.9919100999832153,3
23,18,6,0.557131355225572,0.0,0.9919100999832153,3
23,19,6,0.557131355225572,0.0,0.9919100999832153,3
23,20,6,0.557131355225572,0.0,0.9919100999832153,3
23,21,6,0.557131355225572,0.28,0.9888262152671814,2
23,22,6,0.557131355225572,0.28,0.9888262152671814,2
23,23,6,0.557131355225572,0.28,0.9888262152671814,2
23,24,6,0.0,1.0,,0
23,25,6,0.0,1.0,,0
23,1,7,0.4319160005083441,0.0,0.7249388098716736,4
23,2,7,0.557131355225572,0.0,0.9919100999832153,3
23,3,7,0.557131355225572,0.0,0.9919100999832153,3
23,4,7,0.557131355225572,0.0,0.9919100999832153,3
23,5,7,0.6500622736208561,0.013333333333333334,0.900998592376709,4
23,6,7,0.557131355225572,0.0,0.9919100999832153,3
23,7,7,0.557131355225572,0.0,0.9919100999832153,3
23,8,7,0.557131355225572,0.0,0.9919100999832153,3
23,9,7,0.557131355225572,0.0,0.9919100999832153,3
23,10,7,0.557131355225572,0.0,0.9919100999832153,3
23,11,7,0.557131355225572,0.0,0.9919100999832153,3
23,12,7,0.557131355225572,0.0,0.9919100999832153,3
23,13,7,0.557131355225572,0.0,0.9919100999832153,3
23,14,7,0.557131355225572,0.0,0.9919100999832153,3
23,15,7,0.557131355225572,0.0,0.9919100999832153,3
23,16,7,0.557131355225572,0.0,0.9919100999832153,3
23,17,7,0.557131355225572,0.0,0.9919100999832153,3
23,18,7,0.557131355225572,0.0,0.9919100999832153,3
23,19,7,0.557131355225572,0.0,0.9919100999832153,3
23,20,7,0.557131355225572,0.0,0.9919100999832153,3
23,21,7,0.557131355225572,0.28,0.9888262152671814,2
23,22,7,0.557131355225572,0.28,0.9888262152671814,2
23,23,7,0.557131355225572,0.28,0.9888262152671814,2
23,24,7,0.0,1.0,,0
23,25,7,0.0,1.0,,0
23,1,8,0.4319160005083441,0.0,0.7249387502670288,4
23,2,8,0.557131355225572,0.0,0.9919100999832153,3
23,3,8,0.557131355225572,0.0,0.9919100999832153,3
23,4,8,0.557131355225572,0.0,0.9919100999832153,3
23,5,8,0.557131355225572,0.0,0.9919100999832153,3
23,6,8,0.557131355225572,0.0,0.9919100999832153,3
23,7,8,0.557131355225572,0.0,0.9919100999832153,3
23,8,8,0.557131355225572,0.0,0.9919100999832153,3
23,9,8,0.557131355225572,0.0,0.9919100999832153,3
23,10,8,0.557131355225572,0.0,0.9919100999832153,3
23,11,8,0.557131355225572,0.0,0.9919100999832153,3
23,12,8,0.557131355225572,0.0,0.9919100999832153,3
23,13,8,0.557131355225572,0.0,0.9919100999832153,3
23,14,8,0.557131355225572,0.0,0.9919100999832153,3
23,15,8,0.557131355225572,0.0,0.9919100999832153,3
23,16,8,0.557131355225572,0.0,0.9919100999832153,3
23,17,8,0.557131355225572,0.0,0.9919100999832153,3
23,18,8,0.557131355225572,0.0,0.9919100999832153,3
23,19,8,0.557131355225572,0.0,0.9919100999832153,3
23,20,8,0.557131355225572,0.0,0.9919100999832153,3
23,21,8,0.557131355225572,0.28,0.9888262152671814,2
23,22,8,0.557131355225572,0.28,0.9888262152671814,2
23,23,8,0.557131355225572,0.28,0.9888262152671814,2
23,24,8,0.0,1.0,,0
23,25,8,0.0,1.0,,0
23,1,9,0.4319160005083441,0.0,0.7249388098716736,4
23,2,9,0.557131355225572,0.0,0.9919100999832153,3
23,3,9,0.557131355225572,0.0,0.9919100999832153,3
23,4,9,0.557131355225572,0.0,0.9919100999832153,3
23,5,9,0.557131355225572,0.0,0.9919100999832153,3
23,6,9,0.557131355225572,0.0,0.9919100999832153,3
23,7,9,0.557131355225572,0.0,0.9919100999832153,3
23,8,9,0.557131355225572,0.0,0.9919100999832153,3
23,9,9,0.557131355225572,0.0,0.9919100999832153,3
23,10,9,0.557131355225572,0.0,0.9919100999832153,3
23,11,9,0.557131355225572,0.0,0.9919100999832153,3
23,12,9,0.557131355225572,0.0,0.9919100999832153,3
23,13,9,0.557131355225572,0.0,0.9919100999832153,3
23,14,9,0.557131355225572,0.0,0.9919100999832153,3
23,15,9,0.557131355225572,0.0,0.9919100999832153,3
23,16,9,0.557131355225572,0.0,0.9919100999832153,3
23,17,9,0.557131355225572,0.0,0.9919100999832153,3
23,18,9,0.557131355225572,0.0,0.9919100999832153,3
23,19,9,0.557131355225572,0.0,0.9919100999832153,3
23,20,9,0.557131355225572,0.0,0.9919100999832153,3
23,21,9,0.557131355225572,0.28,0.9888262152671814,2
23,22,9,0.557131355225572,0.28,0.9888262152671814,2
23,23,9,0.557131355225572,0.28,0.9888262152671814,2
23,24,9,0.0,1.0,,0
23,25,9,0.0,1.0,,0
23,1,10,0.4319160005083441,0.0,0.7249388098716736,4
23,2,10,0.557131355225572,0.0,0.9919100999832153,3
23,3,10,0.557131355225572,0.0,0.9919100999832153,3
23,4,10,0.557131355225572,0.0,0.9919100999832153,3
23,5,10,0.557131355225572,0.0,0.9919100999832153,3
23,6,10,0.557131355225572,0.0,0.9919100999832153,3
23,7,10,0.557131355225572,0.0,0.9919100999832153,3
23,8,10,0.557131355225572,0.0,0.9919100999832153,3
23,9,10,0.557131355225572,0.0,0.9919100999832153,3
23,10,10,0.557131355225572,0.0,0.9919100999832153,3
23,11,10,0.557131355225572,0.0,0.9919100999832153,3
23,12,10,0.557131355225572,0.0,0.9919100999832153,3
23,13,10,0.557131355225572,0.0,0.9919100999832153,3
23,14,10,0.557131355225572,0.0,0.9919100999832153,3
23,15,10,0.557131355225572,0.0,0.9919100999832153,3
23,16,10,0.557131355225572,0.0,0.9919100999832153,3
23,17,10,0.557131355225572,0.0,0.9919100999832153,3
23,18,10,0.557131355225572,0.0,0.9919100999832153,3
23,19,10,0.557131355225572,0.0,0.9919100999832153,3
23,20,10,0.557131355225572,0.0,0.9919100999832153,3
23,21,10,0.557131355225572,0.28,0.9888262152671814,2
23,22,10,0.557131355225572,0.28,0.9888262152671814,2
23,23,10,0.557131355225572,0.28,0.9888262152671814,2
23,24,10,0.0,1.0,,0
23,25,10,0.0,1.0,,0
23,1,11,0.557131355225572,0.0,0.9919100999832153,3
23,2,11,0.557131355225572,0.0,0.9919100999832153,3
23,3,11,0.557131355225572,0.0,0.9919100999832153,3
23,4,11,0.557131355225572,0.0,0.9919100999832153,3
23,5,11,0.557131355225572,0.0,0.9919100999832153,3
23,6,11,0.557131355225572,0.0,0.9919100999832153,3
23,7,11,0.557131355225572,0.0,0.9919100999832153,3
23,8,11,0.557131355225572,0.0,0.9919100999832153,3
23,9,11,0.557131355225572,0.0,0.9919100999832153,3
23,10,11,0.557131355225572,0.0,0.9919100999832153,3
23,11,11,0.557131355225572,0.0,0.9919100999832153,3
23,12,11,0.557131355225572,0.0,0.9919100999832153,3
23,13,11,0.557131355225572,0.0,0.9919100999832153,3
23,14,11,0.557131355225572,0.0,0.9919100999832153,3
23,15,11,0.557131355225572,0.0,0.9919100999832153,3
23,16,11,0.557131355225572,0.0,0.9919100999832153,3
23,17,11,0.557131355225572,0.0,0.9919100999832153,3
23,18,11,0.557131355225572,0.0,0.9919100999832153,3
23,19,11,0.557131355225572,0.0,0.9919100999832153,3
23,20,11,0.557131355225572,0.0,0.9919100999832153,3
23,21,11,0.557131355225572,0.28,0.9888262152671814,2
23,22,11,0.557131355225572,0.28,0.9888262152671814,2
23,23,11,0.557131355225572,0.28,0.9888262152671814,2
23,24,11,0.0,1.0,,0
23,25,11,0.0,1.0,,0
23,1,12,0.557131355225572,0.0,0.9919100999832153,3
23,2,12,0.557131355225572,0.0,0.9919100999832153,3
23,3,12,0.557131355225572,0.0,0.9919100999832153,3
23,4,12,0.557131355225572,0.0,0.9919100999832153,3
23,5,12,0.557131355225572,0.0,0.9919100999832153,3
23,6,12,0.557131355225572,0.0,0.9919100999832153,3
23,7,12,0.557131355225572,0.0,0.9919100999832153,3
23,8,12,0.557131355225572,0.0,0.9919100999832153,3
23,9,12,0.557131355225572,0.0,0.9919100999832153,3
23,10,12,0.557131355225572,0.0,0.9919100999832153,3
23,11,12,0.557131355225572,0.0,0.9919100999832153,3
23,12,12,0.557131355225572,0.0,0.9919100999832153,3
23,13,12,0.557131355225572,0.0,0.9919100999832153,3
23,14,12,0.557131355225572,0.0,0.9919100999832153,3
23,15,12,0.557131355225572,0.0,0.9919100999832153,3
23,16,12,0.557131355225572,0.0,0.9919100999832153,3
23,17,12,0.557131355225572,0.0,0.9919100999832153,3
23,18,12,0.557131355225572,0.0,0.9919100999832153,3
23,19,12,0.557131355225572,0.0,0.9919100999832153,3
23,20,12,0.557131355225572,0.0,0.9919100999832153,3
23,21,12,0.557131355225572,0.28,0.9888262152671814,2
23,22,12,0.557131355225572,0.28,0.9888262152671814,2
23,23,12,0.557131355225572,0.28,0.9888262152671814,2
23,24,12,0.0,1.0,,0
23,25,12,0.0,1.0,,0
23,1,13,0.557131355225572,0.0,0.9919100999832153,3
23,2,13,0.557131355225572,0.0,0.9919100999832153,3
23,3,13,0.557131355225572,0.0,0.9919100999832153,3
23,4,13,0.557131355225572,0.0,0.9919100999832153,3
23,5,13,0.557131355225572,0.0,0.9919100999832153,3
23,6,13,0.557131355225572,0.0,0.9919100999832153,3
23,7,13,0.557131355225572,0.0,0.9919100999832153,3
23,8,13,0.557131355225572,0.0,0.9919100999832153,3
23,9,13,0.557131355225572,0.0,0.9919100999832153,3
23,10,13,0.557131355225572,0.0,0.9919100999832153,3
23,11,13,0.557131355225572,0.0,0.9919100999832153,3
23,12,13,0.557131355225572,0.0,0.9919100999832153,3
23,13,13,0.557131355225572,0.0,0.9919100999832153,3
23,14,13,0.557131355225572,0.0,0.9919100999832153,3
23,15,13,0.557131355225572,0.0,0.9919100999832153,3
23,16,13,0.557131355225572,0.0,0.9919100999832153,3
23,17,13,0.557131355225572,0.0,0.9919100999832153,3
23,18,13,0.557131355225572,0.0,0.9919100999832153,3
23,19,13,0.557131355225572,0.0,0.9919100999832153,3
23,20,13,0.557131355225572,0.0,0.9919100999832153,3
23,21,13,0.557131355225572,0.28,0.9888262152671814,2
23,22,13,0.557131355225572,0.28,0.9888262152671814,2
23,23,13,0.557131355225572,0.28,0.9888262152671814,2
23,24,13,0.0,1.0,,0
23,25,13,0.0,1.0,,0
23,1,14,0.557131355225572,0.0,0.9919100999832153,3
23,2,14,0.557131355225572,0.0,0.9919100999832153,3
23,3,14,0.557131355225572,0.0,0.9919100999832153,3
23,4,14,0.557131355225572,0.0,0.9919100999832153,3
23,5,14,0.557131355225572,0.0,0.9919100999832153,3
23,6,14,0.557131355225572,0.0,0.9919100999832153,3
23,7,14,0.557131355225572,0.0,0.9919100999832153,3
23,8,14,0.557131355225572,0.0,0.9919100999832153,3
23,9,14,0.557131355225572,0.0,0.9919100999832153,3
23,10,14,0.557131355225572,0.0,0.9919100999832153,3
23,11,14,0.557131355225572,0.0,0.9919100999832153,3
23,12,14,0.557131355225572,0.0,0.9919100999832153,3
23,13,14,0.557131355225572,0.0,0.9919100999832153,3
23,14,14,0.557131355225572,0.0,0.9919100999832153,3
23,15,14,0.557131355225572,0.0,0.9919100999832153,3
23,16,14,0.557131355225572,0.0,0.9919100999832153,3
23,17,14,0.557131355225572,0.0,0.9919100999832153,3
23,18,14,0.557131355225572,0.0,0.9919100999832153,3
23,19,14,0.557131355225572,0.0,0.9919100999832153,3
23,20,14,0.557131355225572,0.0,0.9919100999832153,3
23,21,14,0.557131355225572,0.28,0.9888262152671814,2
23,22,14,0.557131355225572,0.28,0.9888262152671814,2
23,23,14,0.557131355225572,0.28,0.9888262152671814,2
23,24,14,0.0,1.0,,0
23,25,14,0.0,1.0,,0
23,1,15,0.557131355225572,0.0,0.9919100999832153,3
23,2,15,0.557131355225572,0.0,0.9919100999832153,3
23,3,15,0.557131355225572,0.0,0.9919100999832153,3
23,4,15,0.557131355225572,0.0,0.9919100999832153,3
23,5,15,0.557131355225572,0.0,0.9919100999832153,3
23,6,15,0.557131355225572,0.0,0.9919100999832153,3
23,7,15,0.557131355225572,0.0,0.9919100999832153,3
23,8,15,0.557131355225572,0.0,0.9919100999832153,3
23,9,15,0.557131355225572,0.0,0.9919100999832153,3
23,10,15,0.557131355225572,0.0,0.9919100999832153,3
23,11,15,0.557131355225572,0.0,0.9919100999832153,3
23,12,15,0.557131355225572,0.0,0.9919100999832153,3
23,13,15,0.557131355225572,0.0,0.9919100999832153,3
23,14,15,0.557131355225572,0.0,0.9919100999832153,3
23,15,15,0.557131355225572,0.0,0.9919100999832153,3
23,16,15,0.557131355225572,0.0,0.9919100999832153,3
23,17,15,0.557131355225572,0.0,0.9919100999832153,3
23,18,15,0.557131355225572,0.0,0.9919100999832153,3
23,19,15,0.557131355225572,0.0,0.9919100999832153,3
23,20,15,0.557131355225572,0.0,0.9919100999832153,3
23,21,15,0.557131355225572,0.28,0.9888262152671814,2
23,22,15,0.557131355225572,0.28,0.9888262152671814,2
23,23,15,0.557131355225572,0.28,0.9888262152671814,2
23,24,15,0.0,1.0,,0
23,25,15,0.0,1.0,,0
23,1,16,0.557131355225572,0.0,0.9919100999832153,3
23,2,16,0.557131355225572,0.0,0.9919100999832153,3
23,3,16,0.557131355225572,0.0,0.9919100999832153,3
23,4,16,0.557131355225572,0.0,0.9919100999832153,3
23,5,16,0.557131355225572,0.0,0.9919100999832153,3
23,6,16,0.557131355225572,0.0,0.9919100999832153,3
23,7,16,0.557131355225572,0.0,0.9919100999832153,3
23,8,16,0.557131355225572,0.0,0.9919100999832153,3
23,9,16,0.557131355225572,0.0,0.9919100999832153,3
23,10,16,0.557131355225572,0.0,0.9919100999832153,3
23,11,16,0.557131355225572,0.0,0.9919100999832153,3
23,12,16,0.557131355225572,0.0,0.9919100999832153,3
23,13,16,0.557131355225572,0.0,0.9919100999832153,3
23,14,16,0.557131355225572,0.0,0.9919100999832153,3
23,15,16,0.557131355225572,0.0,0.9919100999832153,3
23,16,16,0.557131355225572,0.0,0.9919100999832153,3
23,17,16,0.557131355225572,0.0,0.9919100999832153,3
23,18,16,0.557131355225572,0.0,0.9919100999832153,3
23,19,16,0.557131355225572,0.0,0.9919100999832153,3
23,20,16,0.557131355225572,0.0,0.9919100999832153,3
23,21,16,0.557131355225572,0.28,0.9888262152671814,2
23,22,16,0.557131355225572,0.28,0.9888262152671814,2
23,23,16,0.557131355225572,0.28,0.9888262152671814,2
23,24,16,0.0,1.0,,0
23,25,16,0.0,1.0,,0
23,1,17,0.557131355225572,0.0,0.9919100999832153,3
23,2,17,0.557131355225572,0.0,0.9919100999832153,3
23,3,17,0.557131355225572,0.0,0.9919100999832153,3
23,4,17,0.557131355225572,0.0,0.9919100999832153,3
23,5,17,0.557131355225572,0.0,0.9919100999832153,3
23,6,17,0.557131355225572,0.0,0.9919100999832153,3
23,7,17,0.557131355225572,0.0,0.9919100999832153,3
23,8,17,0.557131355225572,0.0,0.9919100999832153,3
23,9,17,0.557131355225572,0.0,0.9919100999832153,3
23,10,17,0.557131355225572,0.0,0.9919100999832153,3
23,11,17,0.557131355225572,0.0,0.9919100999832153,3
23,12,17,0.557131355225572,0.0,0.9919100999832153,3
23,13,17,0.557131355225572,0.0,0.9919100999832153,3
23,14,17,0.557131355225572,0.0,0.9919100999832153,3
23,15,17,0.557131355225572,0.0,0.9919100999832153,3
23,16,17,0.557131355225572,0.0,0.9919100999832153,3
23,17,17,0.557131355225572,0.0,0.9919100999832153,3
23,18,17,0.557131355225572,0.0,0.9919100999832153,3
23,19,17,0.557131355225572,0.0,0.9919100999832153,3
23,20,17,0.557131355225572,0.0,0.9919100999832153,3
23,21,17,0.557131355225572,0.28,0.9888262152671814,2
23,22,17,0.557131355225572,0.28,0.9888262152671814,2
23,23,17,0.557131355225572,0.28,0.9888262152671814,2
23,24,17,0.0,1.0,,0
23,25,17,0.0,1.0,,0
23,1,18,0.557131355225572,0.0,0.9919100999832153,3
23,2,18,0.557131355225572,0.0,0.9919100999832153,3
23,3,18,0.557131355225572,0.0,0.9919100999832153,3
23,4,18,0.557131355225572,0.0,0.9919100999832153,3
23,5,18,0.557131355225572,0.0,0.9919100999832153,3
23,6,18,0.557131355225572,0.0,0.9919100999832153,3
23,7,18,0.557131355225572,0.0,0.9919100999832153,3
23,8,18,0.557131355225572,0.0,0.9919100999832153,3
23,9,18,0.557131355225572,0.0,0.9919100999832153,3
23,10,18,0.557131355225572,0.0,0.9919100999832153,3
23,11,18,0.557131355225572,0.0,0.9919100999832153,3
23,12,18,0.557131355225572,0.0,0.9919100999832153,3
23,13,18,0.557131355225572,0.0,0.9919100999832153,3
23,14,18,0.557131355225572,0.0,0.9919100999832153,3
23,15,18,0.557131355225572,0.0,0.9919100999832153,3
23,16,18,0.557131355225572,0.0,0.9919100999832153,3
23,17,18,0.557131355225572,0.0,0.9919100999832153,3
23,18,18,0.557131355225572,0.0,0.9919100999832153,3
23,19,18,0.557131355225572,0.0,0.9919100999832153,3
23,20,18,0.557131355225572,0.0,0.9919100999832153,3
23,21,18,0.557131355225572,0.28,0.9888262152671814,2
23,22,18,0.557131355225572,0.28,0.9888262152671814,2
23,23,18,0.557131355225572,0.28,0.9888262152671814,2
23,24,18,0.0,1.0,,0
23,25,18,0.0,1.0,,0
23,1,19,0.557131355225572,0.0,0.9919100999832153,3
23,2,19,0.557131355225572,0.0,0.9919100999832153,3
23,3,19,0.557131355225572,0.0,0.9919100999832153,3
23,4,19,0.557131355225572,0.0,0.9919100999832153,3
23,5,19,0.557131355225572,0.0,0.9919100999832153,3
23,6,19,0.557131355225572,0.0,0.9919100999832153,3
23,7,19,0.557131355225572,0.0,0.9919100999832153,3
23,8,19,0.557131355225572,0.0,0.9919100999832153,3
23,9,19,0.557131355225572,0.0,0.9919100999832153,3
23,10,19,0.557131355225572,0.0,0.9919100999832153,3
23,11,19,0.557131355225572,0.0,0.9919100999832153,3
23,12,19,0.557131355225572,0.0,0.9919100999832153,3
23,13,19,0.557131355225572,0.0,0.9919100999832153,3
23,14,19,0.557131355225572,0.0,0.9919100999832153,3
23,15,19,0.557131355225572,0.0,0.9919100999832153,3
23,16,19,0.557131355225572,0.0,0.9919100999832153,3
23,17,19,0.557131355225572,0.0,0.9919100999832153,3
23,18,19,0.557131355225572,0.0,0.9919100999832153,3
23,19,19,0.557131355225572,0.0,0.9919100999832153,3
23,20,19,0.557131355225572,0.0,0.9919100999832153,3
23,21,19,0.557131355225572,0.28,0.9888262152671814,2
23,22,19,0.557131355225572,0.28,0.9888262152671814,2
23,23,19,0.557131355225572,0.28,0.9888262152671814,2
23,24,19,0.0,1.0,,0
23,25,19,0.0,1.0,,0
23,1,20,0.557131355225572,0.0,0.9919100999832153,3
23,2,20,0.557131355225572,0.0,0.9919100999832153,3
23,3,20,0.557131355225572,0.0,0.9919100999832153,3
23,4,20,0.557131355225572,0.0,0.9919100999832153,3
23,5,20,0.557131355225572,0.0,0.9919100999832153,3
23,6,20,0.557131355225572,0.0,0.9919100999832153,3
23,7,20,0.557131355225572,0.0,0.9919100999832153,3
23,8,20,0.557131355225572,0.0,0.9919100999832153,3
23,9,20,0.557131355225572,0.0,0.9919100999832153,3
23,10,20,0.557131355225572,0.0,0.9919100999832153,3
23,11,20,0.557131355225572,0.0,0.9919100999832153,3
23,12,20,0.557131355225572,0.0,0.9919100999832153,3
23,13,20,0.557131355225572,0.0,0.9919100999832153,3
23,14,20,0.557131355225572,0.0,0.9919100999832153,3
23,15,20,0.557131355225572,0.0,0.9919100999832153,3
23,16,20,0.557131355225572,0.0,0.9919100999832153,3
23,17,20,0.557131355225572,0.0,0.9919100999832153,3
23,18,20,0.557131355225572,0.0,0.9919100999832153,3
23,19,20,0.557131355225572,0.0,0.9919100999832153,3
23,20,20,0.557131355225572,0.0,0.9919100999832153,3
23,21,20,0.557131355225572,0.28,0.9888262152671814,2
23,22,20,0.557131355225572,0.28,0.9888262152671814,2
23,23,20,0.557131355225572,0.28,0.9888262152671814,2
23,24,20,0.0,1.0,,0
23,25,20,0.0,1.0,,0
23,1,21,0.557131355225572,0.0,0.9919100999832153,3
23,2,21,0.557131355225572,0.0,0.9919100999832153,3
23,3,21,0.557131355225572,0.0,0.9919100999832153,3
23,4,21,0.557131355225572,0.0,0.9919100999832153,3
23,5,21,0.557131355225572,0.0,0.9919100999832153,3
23,6,21,0.557131355225572,0.0,0.9919100999832153,3
23,7,21,0.557131355225572,0.0,0.9919100999832153,3
23,8,21,0.557131355225572,0.0,0.9919100999832153,3
23,9,21,0.557131355225572,0.0,0.9919100999832153,3
23,10,21,0.557131355225572,0.0,0.9919100999832153,3
23,11,21,0.557131355225572,0.0,0.9919100999832153,3
23,12,21,0.557131355225572,0.0,0.9919100999832153,3
23,13,21,0.557131355225572,0.0,0.9919100999832153,3
23,14,21,0.557131355225572,0.0,0.9919100999832153,3
23,15,21,0.557131355225572,0.0,0.9919100999832153,3
23,16,21,0.557131355225572,0.0,0.9919100999832153,3
23,17,21,0.557131355225572,0.0,0.9919100999832153,3
23,18,21,0.557131355225572,0.0,0.9919100999832153,3
23,19,21,0.557131355225572,0.0,0.9919100999832153,3
23,20,21,0.557131355225572,0.0,0.9919100999832153,3
23,21,21,0.557131355225572,0.28,0.9888262152671814,2
23,22,21,0.557131355225572,0.28,0.9888262152671814,2
23,23,21,0.557131355225572,0.28,0.9888262152671814,2
23,24,21,0.0,1.0,,0
23,25,21,0.0,1.0,,0
23,1,22,0.557131355225572,0.28,0.9888262152671814,2
23,2,22,0.557131355225572,0.28,0.9888262152671814,2
23,3,22,0.557131355225572,0.28,0.9888262152671814,2
23,4,22,0.557131355225572,0.28,0.9888262152671814,2
23,5,22,0.557131355225572,0.28,0.9888262152671814,2
23,6,22,0.557131355225572,0.28,0.9888262152671814,2
23,7,22,0.557131355225572,0.28,0.9888262152671814,2
23,8,22,0.557131355225572,0.28,0.9888262152671814,2
23,9,22,0.557131355225572,0.28,0.9888262152671814,2
23,10,22,0.557131355225572,0.28,0.9888262152671814,2
23,11,22,0.557131355225572,0.28,0.9888262152671814,2
23,12,22,0.557131355225572,0.28,0.9888262152671814,2
23,13,22,0.557131355225572,0.28,0.9888262152671814,2
23,14,22,0.557131355225572,0.28,0.9888262152671814,2
23,15,22,0.557131355225572,0.28,0.9888262152671814,2
23,16,22,0.557131355225572,0.28,0.9888262152671814,2
23,17,22,0.557131355225572,0.28,0.9888262152671814,2
23,18,22,0.557131355225572,0.28,0.9888262152671814,2
23,19,22,0.557131355225572,0.28,0.9888262152671814,2
23,20,22,0.557131355225572,0.28,0.9888262152671814,2
23,21,22,0.557131355225572,0.28,0.9888262152671814,2
23,22,22,0.557131355225572,0.28,0.9888262152671814,2
23,23,22,0.557131355225572,0.28,0.9888262152671814,2
23,24,22,0.0,1.0,,0
23,25,22,0.0,1.0,,0
23,1,23,0.557131355225572,0.28,0.9888262152671814,2
23,2,23,0.557131355225572,0.28,0.9888262152671814,2
23,3,23,0.557131355225572,0.28,0.9888262152671814,2
23,4,23,0.557131355225572,0.28,0.9888262152671814,2
23,5,23,0.557131355225572,0.28,0.9888262152671814,2
23,6,23,0.557131355225572,0.28,0.9888262152671814,2
23,7,23,0.557131355225572,0.28,0.9888262152671814,2
23,8,23,0.557131355225572,0.28,0.9888262152671814,2
23,9,23,0.557131355225572,0.28,0.9888262152671814,2
23,10,23,0.557131355225572,0.28,0.9888262152671814,2
23,11,23,0.557131355225572,0.28,0.9888262152671814,2
23,12,23,0.557131355225572,0.28,0.9888262152671814,2
23,13,23,0.557131355225572,0.28,0.9888262152671814,2
23,14,23,0.557131355225572,0.28,0.9888262152671814,2
23,15,23,0.557131355225572,0.28,0.9888262152671814,2
23,16,23,0.557131355225572,0.28,0.9888262152671814,2
23,17,23,0.557131355225572,0.28,0.9888262152671814,2
23,18,23,0.557131355225572,0.28,0.9888262152671814,2
23,19,23,0.557131355225572,0.28,0.9888262152671814,2
23,20,23,0.557131355225572,0.28,0.9888262152671814,2
23,21,23,0.557131355225572,0.28,0.9888262152671814,2
23,22,23,0.557131355225572,0.28,0.9888262152671814,2
23,23,23,0.557131355225572,0.28,0.9888262152671814,2
23,24,23,0.0,1.0,,0
23,25,23,0.0,1.0,,0
23,1,24,0.557131355225572,0.28,0.9888262152671814,2
23,2,24,0.557131355225572,0.28,0.9888262152671814,2
23,3,24,0.557131355225572,0.28,0.9888262152671814,2
23,4,24,0.557131355225572,0.28,0.9888262152671814,2
23,5,24,0.557131355225572,0.28,0.9888262152671814,2
23,6,24,0.557131355225572,0.28,0.9888262152671814,2
23,7,24,0.557131355225572,0.28,0.9888262152671814,2
23,8,24,0.557131355225572,0.28,0.9888262152671814,2
23,9,24,0.557131355225572,0.28,0.9888262152671814,2
23,10,24,0.557131355225572,0.28,0.9888262152671814,2
23,11,24,0.557131355225572,0.28,0.9888262152671814,2
23,12,24,0.557131355225572,0.28,0.9888262152671814,2
23,13,24,0.557131355225572,0.28,0.9888262152671814,2
23,14,24,0.557131355225572,0.28,0.9888262152671814,2
23,15,24,0.557131355225572,0.28,0.9888262152671814,2
23,16,24,0.557131355225572,0.28,0.9888262152671814,2
23,17,24,0.557131355225572,0.28,0.9888262152671814,2
23,18,24,0.557131355225572,0.28,0.9888262152671814,2
23,19,24,0.557131355225572,0.28,0.9888262152671814,2
23,20,24,0.557131355225572,0.28,0.9888262152671814,2
23,21,24,0.557131355225572,0.28,0.9888262152671814,2
23,22,24,0.557131355225572,0.28,0.9888262152671814,2
23,23,24,0.557131355225572,0.28,0.9888262152671814,2
23,24,24,0.0,1.0,,0
23,25,24,0.0,1.0,,0
23,1,25,0.0,1.0,,0
23,2,25,0.0,1.0,,0
23,3,25,0.0,1.0,,0
23,4,25,0.0,1.0,,0
23,5,25,0.0,1.0,,0
23,6,25,0.0,1.0,,0
23,7,25,0.0,1.0,,0
23,8,25,0.0,1.0,,0
23,9,25,0.0,1.0,,0
23,10,25,0.0,1.0,,0
23,11,25,0.0,1.0,,0
23,12,25,0.0,1.0,,0
23,13,25,0.0,1.0,,0
23,14,25,0.0,1.0,,0
23,15,25,0.0,1.0,,0
23,16,25,0.0,1.0,,0
23,17,25,0.0,1.0,,0
23,18,25,0.0,1.0,,0
23,19,25,0.0,1.0,,0
23,20,25,0.0,1.0,,0
23,21,25,0.0,1.0,,0
23,22,25,0.0,1.0,,0
23,23,25,0.0,1.0,,0
23,24,25,0.0,1.0,,0
23,25,25,0.0,1.0,,0
24,1,2,0.14105701928830988,0.13333333333333333,0.3408012390136719,23
24,2,2,0.16643325107221632,0.17333333333333334,0.3674126863479614,15
24,3,2,0.4645867004722316,0.06666666666666667,0.7195376753807068,6
24,4,2,0.6484677455276404,0.013333333333333334,0.8733898997306824,4
24,5,2,0.6500622736208561,0.013333333333333334,0.9219271540641785,4
24,6,2,0.557131355225572,0.0,0.9847011566162109,3
24,7,2,0.557131355225572,0.0,0.9847011566162109,3
24,8,2,0.557131355225572,0.0,0.9847011566162109,3
24,9,2,0.557131355225572,0.0,0.9847011566162109,3
24,10,2,0.557131355225572,0.0,0.9847011566162109,3
24,11,2,0.557131355225572,0.0,0.9847011566162109,3
24,12,2,0.557131355225572,0.0,0.9847011566162109,3
24,13,2,0.557131355225572,0.0,0.9847011566162109,3
24,14,2,0.557131355225572,0.0,0.9847011566162109,3
24,15,2,0.557131355225572,0.0,0.9847011566162109,3
24,16,2,0.557131355225572,0.0,0.9847011566162109,3
24,17,2,0.557131355225572,0.0,0.9847011566162109,3
24,18,2,0.557131355225572,0.0,0.9847011566162109,3
24,19,2,0.557131355225572,0.0,0.9847011566162109,3
24,20,2,0.557131355225572,0.0,0.9847011566162109,3
24,21,2,0.557131355225572,0.28,0.9788681268692017,2
24,22,2,0.557131355225572,0.28,0.9788681268692017,2
24,23,2,0.557131355225572,0.28,0.9788681268692017,2
24,24,2,0.0,1.0,,0
24,25,2,0.0,1.0,,0
24,1,3,0.2343872424223402,0.14666666666666667,0.34906792640686035,13
24,2,3,0.2530593289750483,0.14666666666666667,0.3222135901451111,12
24,3,3,0.4645867004722316,0.06666666666666667,0.7195376753807068,6
24,4,3,0.6484677455276404,0.013333333333333334,0.8733898997306824,4
24,5,3,0.6500622736208561,0.013333333333333334,0.9219271540641785,4
24,6,3,0.557131355225572,0.0,0.9847011566162109,3
24,7,3,0.557131355225572,0.0,0.9847011566162109,3
24,8,3,0.557131355225572,0.0,0.9847011566162109,3
24,9,3,0.557131355225572,0.0,0.9847011566162109,3
24,10,3,0.557131355225572,0.0,0.9847011566162109,3
24,11,3,0.557131355225572,0.0,0.9847011566162109,3
24,12,3,0.557131355225572,0.0,0.9847011566162109,3
24,13,3,0.557131355225572,0.0,0.9847011566162109,3
24,14,3,0.557131355225572,0.0,0.9847011566162109,3
24,15,3,0.557131355225572,0.0,0.9847011566162109,3
24,16,3,0.557131355225572,0.0,0.9847011566162109,3
24,17,3,0.557131355225572,0.0,0.9847011566162109,3
24,18,3,0.557131355225572,0.0,0.9847011566162109,3
24,19,3,0.557131355225572,0.0,0.9847011566162109,3
24,20,3,0.557131355225572,0.0,0.9847011566162109,3
24,21,3,0.557131355225572,0.28,0.9788681268692017,2
24,22,3,0.557131355225572,0.28,0.9788681268692017,2
24,23,3,0.557131355225572,0.28,0.9788681268692017,2
24,24,3,0.0,1.0,,0
24,25,3,0.0,1.0,,0
24,1,4,0.45573008006357285,0.06666666666666667,0.6729345917701721,6
24,2,4,0.4615610981737541,0.08,0.7245640158653259,6
24,3,4,0.4645867004722316,0.06666666666666667,0.7195376753807068,6
24,4,4,0.6484677455276404,0.013333333333333334,0.8733898997306824,4
24,5,4,0.6500622736208561,0.013333333333333334,0.9219271540641785,4
24,6,4,0.557131355225572,0.0,0.9847011566162109,3
24,7,4,0.557131355225572,0.0,0.9847011566162109,3
24,8,4,0.557131355225572,0.0,0.9847011566162109,3
24,9,4,0.557131355225572,0.0,0.9847011566162109,3
24,10,4,0.557131355225572,0.0,0.9847011566162109,3
24,11,4,0.557131355225572,0.0,0.9847011566162109,3
24,12,4,0.557131355225572,0.0,0.9847011566162109,3
24,13,4,0.557131355225572,0.0,0.9847011566162109,3
24,14,4,0.557131355225572,0.0,0.9847011566162109,3
24,15,4,0.557131355225572,0.0,0.9847011566162109,3
24,16,4,0.557131355225572,0.0,0.9847011566162109,3
24,17,4,0.557131355225572,0.0,0.9847011566162109,3
24,18,4,0.557131355225572,0.0,0.9847011566162109,3
24,19,4,0.557131355225572,0.0,0.9847011566162109,3
24,20,4,0.557131355225572,0.0,0.9847011566162109,3
24,21,4,0.557131355225572,0.28,0.9788681268692017,2
24,22,4,0.557131355225572,0.28,0.9788681268692017,2
24,23,4,0.557131355225572,0.28,0.9788681268692017,2
24,24,4,0.0,1.0,,0
24,25,4,0.0,1.0,,0
24,1,5,0.5224583565816359,0.02666666666666667,0.8028452396392822,5
24,2,5,0.525320729237002,0.04,0.8541276454925537,5
24,3,5,0.6484677455276404,0.013333333333333334,0.8733898997306824,4
24,4,5,0.6484677455276404,0.013333333333333334,0.8733898997306824,4
24,5,5,0.6500622736208561,0.013333333333333334,0.9219271540641785,4
24,6,5,0.557131355225572,0.0,0.9847011566162109,3
24,7,5,0.557131355225572,0.0,0.9847011566162109,3
24,8,5,0.557131355225572,0.0,0.9847011566162109,3
24,9,5,0.557131355225572,0.0,0.9847011566162109,3
24,10,5,0.557131355225572,0.0,0.9847011566162109,3
24,11,5,0.557131355225572,0.0,0.9847011566162109,3
24,12,5,0.557131355225572,0.0,0.9847011566162109,3
24,13,5,0.557131355225572,0.0,0.9847011566162109,3
24,14,5,0.557131355225572,0.0,0.9847011566162109,3
24,15,5,0.557131355225572,0.0,0.9847011566162109,3
24,16,5,0.557131355225572,0.0,0.9847011566162109,3
24,17,5,0.557131355225572,0.0,0.9847011566162109,3
24,18,5,0.557131355225572,0.0,0.9847011566162109,3
24,19,5,0.557131355225572,0.0,0.9847011566162109,3
24,20,5,0.557131355225572,0.0,0.9847011566162109,3
24,21,5,0.557131355225572,0.28,0.9788681268692017,2
24,22,5,0.557131355225572,0.28,0.9788681268692017,2
24,23,5,0.557131355225572,0.28,0.9788681268692017,2
24,24,5,0.0,1.0,,0
24,25,5,0.0,1.0,,0
24,1,6,0.5224583565816359,0.02666666666666667,0.8028452396392822,5
24,2,6,0.525320729237002,0.04,0.8541276454925537,5
24,3,6,0.6484677455276404,0.013333333333333334,0.8733898997306824,4
24,4,6,0.6484677455276404,0.013333333333333334,0.8733898997306824,4
24,5,6,0.6500622736208561,0.013333333333333334,0.9219271540641785,4
24,6,6,0.557131355225572,0.0,0.9847011566162109,3
24,7,6,0.557131355225572,0.0,0.9847011566162109,3
24,8,6,0.557131355225572,0.0,0.9847011566162109,3
24,9,6,0.557131355225572,0.0,0.9847011566162109,3
24,10,6,0.557131355225572,0.0,0.9847011566162109,3
24,11,6,0.557131355225572,0.0,0.9847011566162109,3
24,12,6,0.557131355225572,0.0,0.9847011566162109,3
24,13,6,0.557131355225572,0.0,0.9847011566162109,3
24,14,6,0.557131355225572,0.0,0.9847011566162109,3
24,15,6,0.557131355225572,0.0,0.9847011566162109,3
24,16,6,0.557131355225572,0.0,0.9847011566162109,3
24,17,6,0.557131355225572,0.0,0.9847011566162109,3
24,18,6,0.557131355225572,0.0,0.9847011566162109,3
24,19,6,0.557131355225572,0.0,0.9847011566162109,3
24,20,6,0.557131355225572,0.0,0.9847011566162109,3
24,21,6,0.557131355225572,0.28,0.9788681268692017,2
24,22,6,0.557131355225572,0.28,0.9788681268692017,2
24,23,6,0.557131355225572,0.28,0.9788681268692017,2
24,24,6,0.0,1.0,,0
24,25,6,0.0,1.0,,0
24,1,7,0.4358105237317421,0.02666666666666667,0.9660816788673401,4
24,2,7,0.557131355225572,0.0,0.9847011566162109,3
24,3,7,0.557131355225572,0.0,0.9847011566162109,3
24,4,7,0.557131355225572,0.0,0.9847011566162109,3
24,5,7,0.6500622736208561,0.013333333333333334,0.9219271540641785,4
24,6,7,0.557131355225572,0.0,0.9847011566162109,3
24,7,7,0.557131355225572,0.0,0.9847011566162109,3
24,8,7,0.557131355225572,0.0,0.9847011566162109,3
24,9,7,0.557131355225572,0.0,0.9847011566162109,3
24,10,7,0.557131355225572,0.0,0.9847011566162109,3
24,11,7,0.557131355225572,0.0,0.9847011566162109,3
24,12,7,0.557131355225572,0.0,0.9847011566162109,3
24,13,7,0.557131355225572,0.0,0.9847011566162109,3
24,14,7,0.557131355225572,0.0,0.9847011566162109,3
24,15,7,0.557131355225572,0.0,0.9847011566162109,3
24,16,7,0.557131355225572,0.0,0.9847011566162109,3
24,17,7,0.557131355225572,0.0,0.9847011566162109,3
24,18,7,0.557131355225572,0.0,0.9847011566162109,3
24,19,7,0.557131355225572,0.0,0.9847011566162109,3
24,20,7,0.557131355225572,0.0,0.9847011566162109,3
24,21,7,0.557131355225572,0.28,0.9788681268692017,2
24,22,7,0.557131355225572,0.28,0.9788681268692017,2
24,23,7,0.557131355225572,0.28,0.9788681268692017,2
24,24,7,0.0,1.0,,0
24,25,7,0.0,1.0,,0
24,1,8,0.4358105237317421,0.02666666666666667,0.9660816788673401,4
24,2,8,0.557131355225572,0.0,0.9847011566162109,3
24,3,8,0.557131355225572,0.0,0.9847011566162109,3
24,4,8,0.557131355225572,0.0,0.9847011566162109,3
24,5,8,0.557131355225572,0.0,0.9847011566162109,3
24,6,8,0.557131355225572,0.0,0.9847011566162109,3
24,7,8,0.557131355225572,0.0,0.9847011566162109,3
24,8,8,0.557131355225572,0.0,0.9847011566162109,3
24,9,8,0.557131355225572,0.0,0.9847011566162109,3
24,10,8,0.557131355225572,0.0,0.9847011566162109,3
24,11,8,0.557131355225572,0.0,0.9847011566162109,3
24,12,8,0.557131355225572,0.0,0.9847011566162109,3
24,13,8,0.557131355225572,0.0,0.9847011566162109,3
24,14,8,0.557131355225572,0.0,0.9847011566162109,3
24,15,8,0.557131355225572,0.0,0.9847011566162109,3
24,16,8,0.557131355225572,0.0,0.9847011566162109,3
24,17,8,0.557131355225572,0.0,0.9847011566162109,3
24,18,8,0.557131355225572,0.0,0.9847011566162109,3
24,19,8,0.557131355225572,0.0,0.9847011566162109,3
24,20,8,0.557131355225572,0.0,0.9847011566162109,3
24,21,8,0.557131355225572,0.28,0.9788681268692017,2
24,22,8,0.557131355225572,0.28,0.9788681268692017,2
24,23,8,0.557131355225572,0.28,0.9788681268692017,2
24,24,8,0.0,1.0,,0
24,25,8,0.0,1.0,,0
24,1,9,0.557131355225572,0.0,0.9847011566162109,3
24,2,9,0.557131355225572,0.0,0.9847011566162109,3
24,3,9,0.557131355225572,0.0,0.9847011566162109,3
24,4,9,0.557131355225572,0.0,0.9847011566162109,3
24,5,9,0.557131355225572,0.0,0.9847011566162109,3
24,6,9,0.557131355225572,0.0,0.9847011566162109,3
24,7,9,0.557131355225572,0.0,0.9847011566162109,3
24,8,9,0.557131355225572,0.0,0.9847011566162109,3
24,9,9,0.557131355225572,0.0,0.9847011566162109,3
24,10,9,0.557131355225572,0.0,0.9847011566162109,3
24,11,9,0.557131355225572,0.0,0.9847011566162109,3
24,12,9,0.557131355225572,0.0,0.9847011566162109,3
24,13,9,0.557131355225572,0.0,0.9847011566162109,3
24,14,9,0.557131355225572,0.0,0.9847011566162109,3
24,15,9,0.557131355225572,0.0,0.9847011566162109,3
24,16,9,0.557131355225572,0.0,0.9847011566162109,3
24,17,9,0.557131355225572,0.0,0.9847011566162109,3
24,18,9,0.557131355225572,0.0,0.9847011566162109,3
24,19,9,0.557131355225572,0.0,0.9847011566162109,3
24,20,9,0.557131355225572,0.0,0.9847011566162109,3
24,21,9,0.557131355225572,0.28,0.9788681268692017,2
24,22,9,0.557131355225572,0.28,0.9788681268692017,2
24,23,9,0.557131355225572,0.28,0.9788681268692017,2
24,24,9,0.0,1.0,,0
24,25,9,0.0,1.0,,0
24,1,10,0.557131355225572,0.0,0.9847011566162109,3
24,2,10,0.557131355225572,0.0,0.9847011566162109,3
24,3,10,0.557131355225572,0.0,0.9847011566162109,3
24,4,10,0.557131355225572,0.0,0.9847011566162109,3
24,5,10,0.557131355225572,0.0,0.9847011566162109,3
24,6,10,0.557131355225572,0.0,0.9847011566162109,3
24,7,10,0.557131355225572,0.0,0.9847011566162109,3
24,8,10,0.557131355225572,0.0,0.9847011566162109,3
24,9,10,0.557131355225572,0.0,0.9847011566162109,3
24,10,10,0.557131355225572,0.0,0.9847011566162109,3
24,11,10,0.557131355225572,0.0,0.9847011566162109,3
24,12,10,0.557131355225572,0.0,0.9847011566162109,3
24,13,10,0.557131355225572,0.0,0.9847011566162109,3
24,14,10,0.557131355225572,0.0,0.9847011566162109,3
24,15,10,0.557131355225572,0.0,0.9847011566162109,3
24,16,10,0.557131355225572,0.0,0.9847011566162109,3
24,17,10,0.557131355225572,0.0,0.9847011566162109,3
24,18,10,0.557131355225572,0.0,0.9847011566162109,3
24,19,10,0.557131355225572,0.0,0.9847011566162109,3
24,20,10,0.557131355225572,0.0,0.9847011566162109,3
24,21,10,0.557131355225572,0.28,0.9788681268692017,2
24,22,10,0.557131355225572,0.28,0.9788681268692017,2
24,23,10,0.557131355225572,0.28,0.9788681268692017,2
24,24,10,0.0,1.0,,0
24,25,10,0.0,1.0,,0
24,1,11,0.557131355225572,0.0,0.9847011566162109,3
24,2,11,0.557131355225572,0.0,0.9847011566162109,3
24,3,11,0.557131355225572,0.0,0.9847011566162109,3
24,4,11,0.557131355225572,0.0,0.9847011566162109,3
24,5,11,0.557131355225572,0.0,0.9847011566162109,3
24,6,11,0.557131355225572,0.0,0.9847011566162109,3
24,7,11,0.557131355225572,0.0,0.9847011566162109,3
24,8,11,0.557131355225572,0.0,0.9847011566162109,3
24,9,11,0.557131355225572,0.0,0.9847011566162109,3
24,10,11,0.557131355225572,0.0,0.9847011566162109,3
24,11,11,0.557131355225572,0.0,0.9847011566162109,3
24,12,11,0.557131355225572,0.0,0.9847011566162109,3
24,13,11,0.557131355225572,0.0,0.9847011566162109,3
24,14,11,0.557131355225572,0.0,0.9847011566162109,3
24,15,11,0.557131355225572,0.0,0.9847011566162109,3
24,16,11,0.557131355225572,0.0,0.9847011566162109,3
24,17,11,0.557131355225572,0.0,0.9847011566162109,3
24,18,11,0.557131355225572,0.0,0.9847011566162109,3
24,19,11,0.557131355225572,0.0,0.9847011566162109,3
24,20,11,0.557131355225572,0.0,0.9847011566162109,3
24,21,11,0.557131355225572,0.28,0.9788681268692017,2
24,22,11,0.557131355225572,0.28,0.9788681268692017,2
24,23,11,0.557131355225572,0.28,0.9788681268692017,2
24,24,11,0.0,1.0,,0
24,25,11,0.0,1.0,,0
24,1,12,0.557131355225572,0.0,0.9847011566162109,3
24,2,12,0.557131355225572,0.0,0.9847011566162109,3
24,3,12,0.557131355225572,0.0,0.9847011566162109,3
24,4,12,0.557131355225572,0.0,0.9847011566162109,3
24,5,12,0.557131355225572,0.0,0.9847011566162109,3
24,6,12,0.557131355225572,0.0,0.9847011566162109,3
24,7,12,0.557131355225572,0.0,0.9847011566162109,3
24,8,12,0.557131355225572,0.0,0.9847011566162109,3
24,9,12,0.557131355225572,0.0,0.9847011566162109,3
24,10,12,0.557131355225572,0.0,0.9847011566162109,3
24,11,12,0.557131355225572,0.0,0.9847011566162109,3
24,12,12,0.557131355225572,0.0,0.9847011566162109,3
24,13,12,0.557131355225572,0.0,0.9847011566162109,3
24,14,12,0.557131355225572,0.0,0.9847011566162109,3
24,15,12,0.557131355225572,0.0,0.9847011566162109,3
24,16,12,0.557131355225572,0.0,0.9847011566162109,3
24,17,12,0.557131355225572,0.0,0.9847011566162109,3
24,18,12,0.557131355225572,0.0,0.9847011566162109,3
24,19,12,0.557131355225572,0.0,0.9847011566162109,3
24,20,12,0.557131355225572,0.0,0.9847011566162109,3
24,21,12,0.557131355225572,0.28,0.9788681268692017,2
24,22,12,0.557131355225572,0.28,0.9788681268692017,2
24,23,12,0.557131355225572,0.28,0.9788681268692017,2
24,24,12,0.0,1.0,,0
24,25,12,0.0,1.0,,0
24,1,13,0.557131355225572,0.0,0.9847011566162109,3
24,2,13,0.557131355225572,0.0,0.9847011566162109,3
24,3,13,0.557131355225572,0.0,0.9847011566162109,3
24,4,13,0.557131355225572,0.0,0.9847011566162109,3
24,5,13,0.557131355225572,0.0,0.9847011566162109,3
24,6,13,0.557131355225572,0.0,0.9847011566162109,3
24,7,13,0.557131355225572,0.0,0.9847011566162109,3
24,8,13,0.557131355225572,0.0,0.9847011566162109,3
24,9,13,0.557131355225572,0.0,0.9847011566162109,3
24,10,13,0.557131355225572,0.0,0.9847011566162109,3
24,11,13,0.557131355225572,0.0,0.9847011566162109,3
24,12,13,0.557131355225572,0.0,0.9847011566162109,3
24,13,13,0.557131355225572,0.0,0.9847011566162109,3
24,14,13,0.557131355225572,0.0,0.9847011566162109,3
24,15,13,0.557131355225572,0.0,0.9847011566162109,3
24,16,13,0.557131355225572,0.0,0.9847011566162109,3
24,17,13,0.557131355225572,0.0,0.9847011566162109,3
24,18,13,0.557131355225572,0.0,0.9847011566162109,3
24,19,13,0.557131355225572,0.0,0.9847011566162109,3
24,20,13,0.557131355225572,0.0,0.9847011566162109,3
24,21,13,0.557131355225572,0.28,0.9788681268692017,2
24,22,13,0.557131355225572,0.28,0.9788681268692017,2
24,23,13,0.557131355225572,0.28,0.9788681268692017,2
24,24,13,0.0,1.0,,0
24,25,13,0.0,1.0,,0
24,1,14,0.557131355225572,0.0,0.9847011566162109,3
24,2,14,0.557131355225572,0.0,0.9847011566162109,3
24,3,14,0.557131355225572,0.0,0.9847011566162109,3
24,4,14,0.557131355225572,0.0,0.9847011566162109,3
24,5,14,0.557131355225572,0.0,0.9847011566162109,3
24,6,14,0.557131355225572,0.0,0.9847011566162109,3
24,7,14,0.557131355225572,0.0,0.9847011566162109,3
24,8,14,0.557131355225572,0.0,0.9847011566162109,3
24,9,14,0.557131355225572,0.0,0.9847011566162109,3
24,10,14,0.557131355225572,0.0,0.9847011566162109,3
24,11,14,0.557131355225572,0.0,0.9847011566162109,3
24,12,14,0.557131355225572,0.0,0.9847011566162109,3
24,13,14,0.557131355225572,0.0,0.9847011566162109,3
24,14,14,0.557131355225572,0.0,0.9847011566162109,3
24,15,14,0.557131355225572,0.0,0.9847011566162109,3
24,16,14,0.557131355225572,0.0,0.9847011566162109,3
24,17,14,0.557131355225572,0.0,0.9847011566162109,3
24,18,14,0.557131355225572,0.0,0.9847011566162109,3
24,19,14,0.557131355225572,0.0,0.9847011566162109,3
24,20,14,0.557131355225572,0.0,0.9847011566162109,3
24,21,14,0.557131355225572,0.28,0.9788681268692017,2
24,22,14,0.557131355225572,0.28,0.9788681268692017,2
24,23,14,0.557131355225572,0.28,0.9788681268692017,2
24,24,14,0.0,1.0,,0
24,25,14,0.0,1.0,,0
24,1,15,0.557131355225572,0.0,0.9847011566162109,3
24,2,15,0.557131355225572,0.0,0.9847011566162109,3
24,3,15,0.557131355225572,0.0,0.9847011566162109,3
24,4,15,0.557131355225572,0.0,0.9847011566162109,3
24,5,15,0.557131355225572,0.0,0.9847011566162109,3
24,6,15,0.557131355225572,0.0,0.9847011566162109,3
24,7,15,0.557131355225572,0.0,0.9847011566162109,3
24,8,15,0.557131355225572,0.0,0.9847011566162109,3
24,9,15,0.557131355225572,0.0,0.9847011566162109,3
24,10,15,0.557131355225572,0.0,0.9847011566162109,3
24,11,15,0.557131355225572,0.0,0.9847011566162109,3
24,12,15,0.557131355225572,0.0,0.9847011566162109,3
24,13,15,0.557131355225572,0.0,0.9847011566162109,3
24,14,15,0.557131355225572,0.0,0.9847011566162109,3
24,15,15,0.557131355225572,0.0,0.9847011566162109,3
24,16,15,0.557131355225572,0.0,0.9847011566162109,3
24,17,15,0.557131355225572,0.0,0.9847011566162109,3
24,18,15,0.557131355225572,0.0,0.9847011566162109,3
24,19,15,0.557131355225572,0.0,0.9847011566162109,3
24,20,15,0.557131355225572,0.0,0.9847011566162109,3
24,21,15,0.557131355225572,0.28,0.9788681268692017,2
24,22,15,0.557131355225572,0.28,0.9788681268692017,2
24,23,15,0.557131355225572,0.28,0.9788681268692017,2
24,24,15,0.0,1.0,,0
24,25,15,0.0,1.0,,0
24,1,16,0.557131355225572,0.0,0.9847011566162109,3
24,2,16,0.557131355225572,0.0,0.9847011566162109,3
24,3,16,0.557131355225572,0.0,0.9847011566162109,3
24,4,16,0.557131355225572,0.0,0.9847011566162109,3
24,5,16,0.557131355225572,0.0,0.9847011566162109,3
24,6,16,0.557131355225572,0.0,0.9847011566162109,3
24,7,16,0.557131355225572,0.0,0.9847011566162109,3
24,8,16,0.557131355225572,0.0,0.9847011566162109,3
24,9,16,0.557131355225572,0.0,0.9847011566162109,3
24,10,16,0.557131355225572,0.0,0.9847011566162109,3
24,11,16,0.557131355225572,0.0,0.9847011566162109,3
24,12,16,0.557131355225572,0.0,0.9847011566162109,3
24,13,16,0.557131355225572,0.0,0.9847011566162109,3
24,14,16,0.557131355225572,0.0,0.9847011566162109,3
24,15,16,0.557131355225572,0.0,0.9847011566162109,3
24,16,16,0.557131355225572,0.0,0.9847011566162109,3
24,17,16,0.557131355225572,0.0,0.9847011566162109,3
24,18,16,0.557131355225572,0.0,0.9847011566162109,3
24,19,16,0.557131355225572,0.0,0.9847011566162109,3
24,20,16,0.557131355225572,0.0,0.9847011566162109,3
24,21,16,0.557131355225572,0.28,0.9788681268692017,2
24,22,16,0.557131355225572,0.28,0.9788681268692017,2
24,23,16,0.557131355225572,0.28,0.9788681268692017,2
24,24,16,0.0,1.0,,0
24,25,16,0.0,1.0,,0
24,1,17,0.557131355225572,0.0,0.9847011566162109,3
24,2,17,0.557131355225572,0.0,0.9847011566162109,3
24,3,17,0.557131355225572,0.0,0.9847011566162109,3
24,4,17,0.557131355225572,0.0,0.9847011566162109,3
24,5,17,0.557131355225572,0.0,0.9847011566162109,3
24,6,17,0.557131355225572,0.0,0.9847011566162109,3
24,7,17,0.557131355225572,0.0,0.9847011566162109,3
24,8,17,0.557131355225572,0.0,0.9847011566162109,3
24,9,17,0.557131355225572,0.0,0.9847011566162109,3
24,10,17,0.557131355225572,0.0,0.9847011566162109,3
24,11,17,0.557131355225572,0.0,0.9847011566162109,3
24,12,17,0.557131355225572,0.0,0.9847011566162109,3
24,13,17,0.557131355225572,0.0,0.9847011566162109,3
24,14,17,0.557131355225572,0.0,0.9847011566162109,3
24,15,17,0.557131355225572,0.0,0.9847011566162109,3
24,16,17,0.557131355225572,0.0,0.9847011566162109,3
24,17,17,0.557131355225572,0.0,0.9847011566162109,3
24,18,17,0.557131355225572,0.0,0.9847011566162109,3
24,19,17,0.557131355225572,0.0,0.9847011566162109,3
24,20,17,0.557131355225572,0.0,0.9847011566162109,3
24,21,17,0.557131355225572,0.28,0.9788681268692017,2
24,22,17,0.557131355225572,0.28,0.9788681268692017,2
24,23,17,0.557131355225572,0.28,0.9788681268692017,2
24,24,17,0.0,1.0,,0
24,25,17,0.0,1.0,,0
24,1,18,0.557131355225572,0.0,0.9847011566162109,3
24,2,18,0.557131355225572,0.0,0.9847011566162109,3
24,3,18,0.557131355225572,0.0,0.9847011566162109,3
24,4,18,0.557131355225572,0.0,0.9847011566162109,3
24,5,18,0.557131355225572,0.0,0.9847011566162109,3
24,6,18,0.557131355225572,0.0,0.9847011566162109,3
24,7,18,0.557131355225572,0.0,0.9847011566162109,3
24,8,18,0.557131355225572,0.0,0.9847011566162109,3
24,9,18,0.557131355225572,0.0,0.9847011566162109,3
24,10,18,0.557131355225572,0.0,0.9847011566162109,3
24,11,18,0.557131355225572,0.0,0.9847011566162109,3
24,12,18,0.557131355225572,0.0,0.9847011566162109,3
24,13,18,0.557131355225572,0.0,0.9847011566162109,3
24,14,18,0.557131355225572,0.0,0.9847011566162109,3
24,15,18,0.557131355225572,0.0,0.9847011566162109,3
24,16,18,0.557131355225572,0.0,0.9847011566162109,3
24,17,18,0.557131355225572,0.0,0.9847011566162109,3
24,18,18,0.557131355225572,0.0,0.9847011566162109,3
24,19,18,0.557131355225572,0.0,0.9847011566162109,3
24,20,18,0.557131355225572,0.0,0.9847011566162109,3
24,21,18,0.557131355225572,0.28,0.9788681268692017,2
24,22,18,0.557131355225572,0.28,0.9788681268692017,2
24,23,18,0.557131355225572,0.28,0.9788681268692017,2
24,24,18,0.0,1.0,,0
24,25,18,0.0,1.0,,0
24,1,19,0.557131355225572,0.0,0.9847011566162109,3
24,2,19,0.557131355225572,0.0,0.9847011566162109,3
24,3,19,0.557131355225572,0.0,0.9847011566162109,3
24,4,19,0.557131355225572,0.0,0.9847011566162109,3
24,5,19,0.557131355225572,0.0,0.9847011566162109,3
24,6,19,0.557131355225572,0.0,0.9847011566162109,3
24,7,19,0.557131355225572,0.0,0.9847011566162109,3
24,8,19,0.557131355225572,0.0,0.9847011566162109,3
24,9,19,0.557131355225572,0.0,0.9847011566162109,3
24,10,19,0.557131355225572,0.0,0.9847011566162109,3
24,11,19,0.557131355225572,0.0,0.9847011566162109,3
24,12,19,0.557131355225572,0.0,0.9847011566162109,3
24,13,19,0.557131355225572,0.0,0.9847011566162109,3
24,14,19,0.557131355225572,0.0,0.9847011566162109,3
24,15,19,0.557131355225572,0.0,0.9847011566162109,3
24,16,19,0.557131355225572,0.0,0.9847011566162109,3
24,17,19,0.557131355225572,0.0,0.9847011566162109,3
24,18,19,0.557131355225572,0.0,0.9847011566162109,3
24,19,19,0.557131355225572,0.0,0.9847011566162109,3
24,20,19,0.557131355225572,0.0,0.9847011566162109,3
24,21,19,0.557131355225572,0.28,0.9788681268692017,2
24,22,19,0.557131355225572,0.28,0.9788681268692017,2
24,23,19,0.557131355225572,0.28,0.9788681268692017,2
24,24,19,0.0,1.0,,0
24,25,19,0.0,1.0,,0
24,1,20,0.557131355225572,0.0,0.9847011566162109,3
24,2,20,0.557131355225572,0.0,0.9847011566162109,3
24,3,20,0.557131355225572,0.0,0.9847011566162109,3
24,4,20,0.557131355225572,0.0,0.9847011566162109,3
24,5,20,0.557131355225572,0.0,0.9847011566162109,3
24,6,20,0.557131355225572,0.0,0.9847011566162109,3
24,7,20,0.557131355225572,0.0,0.9847011566162109,3
24,8,20,0.557131355225572,0.0,0.9847011566162109,3
24,9,20,0.557131355225572,0.0,0.9847011566162109,3
24,10,20,0.557131355225572,0.0,0.9847011566162109,3
24,11,20,0.557131355225572,0.0,0.9847011566162109,3
24,12,20,0.557131355225572,0.0,0.9847011566162109,3
24,13,20,0.557131355225572,0.0,0.9847011566162109,3
24,14,20,0.557131355225572,0.0,0.9847011566162109,3
24,15,20,0.557131355225572,0.0,0.9847011566162109,3
24,16,20,0.557131355225572,0.0,0.9847011566162109,3
24,17,20,0.557131355225572,0.0,0.9847011566162109,3
24,18,20,0.557131355225572,0.0,0.9847011566162109,3
24,19,20,0.557131355225572,0.0,0.9847011566162109,3
24,20,20,0.557131355225572,0.0,0.9847011566162109,3
24,21,20,0.557131355225572,0.28,0.9788681268692017,2
24,22,20,0.557131355225572,0.28,0.9788681268692017,2
24,23,20,0.557131355225572,0.28,0.9788681268692017,2
24,24,20,0.0,1.0,,0
24,25,20,0.0,1.0,,0
24,1,21,0.557131355225572,0.0,0.9847011566162109,3
24,2,21,0.557131355225572,0.0,0.9847011566162109,3
24,3,21,0.557131355225572,0.0,0.9847011566162109,3
24,4,21,0.557131355225572,0.0,0.9847011566162109,3
24,5,21,0.557131355225572,0.0,0.9847011566162109,3
24,6,21,0.557131355225572,0.0,0.9847011566162109,3
24,7,21,0.557131355225572,0.0,0.9847011566162109,3
24,8,21,0.557131355225572,0.0,0.9847011566162109,3
24,9,21,0.557131355225572,0.0,0.9847011566162109,3
24,10,21,0.557131355225572,0.0,0.9847011566162109,3
24,11,21,0.557131355225572,0.0,0.9847011566162109,3
24,12,21,0.557131355225572,0.0,0.9847011566162109,3
24,13,21,0.557131355225572,0.0,0.9847011566162109,3
24,14,21,0.557131355225572,0.0,0.9847011566162109,3
24,15,21,0.557131355225572,0.0,0.9847011566162109,3
24,16,21,0.557131355225572,0.0,0.9847011566162109,3
24,17,21,0.557131355225572,0.0,0.9847011566162109,3
24,18,21,0.557131355225572,0.0,0.9847011566162109,3
24,19,21,0.557131355225572,0.0,0.9847011566162109,3
24,20,21,0.557131355225572,0.0,0.9847011566162109,3
24,21,21,0.557131355225572,0.28,0.9788681268692017,2
24,22,21,0.557131355225572,0.28,0.9788681268692017,2
24,23,21,0.557131355225572,0.28,0.9788681268692017,2
24,24,21,0.0,1.0,,0
24,25,21,0.0,1.0,,0
24,1,22,0.557131355225572,0.28,0.9788681268692017,2
24,2,22,0.557131355225572,0.28,0.9788681268692017,2
24,3,22,0.557131355225572,0.28,0.9788681268692017,2
24,4,22,0.557131355225572,0.28,0.9788681268692017,2
24,5,22,0.557131355225572,0.28,0.9788681268692017,2
24,6,22,0.557131355225572,0.28,0.9788681268692017,2
24,7,22,0.557131355225572,0.28,0.9788681268692017,2
24,8,22,0.557131355225572,0.28,0.9788681268692017,2
24,9,22,0.557131355225572,0.28,0.9788681268692017,2
24,10,22,0.557131355225572,0.28,0.9788681268692017,2
24,11,22,0.557131355225572,0.28,0.9788681268692017,2
24,12,22,0.557131355225572,0.28,0.9788681268692017,2
24,13,22,0.557131355225572,0.28,0.9788681268692017,2
24,14,22,0.557131355225572,0.28,0.9788681268692017,2
24,15,22,0.557131355225572,0.28,0.9788681268692017,2
24,16,22,0.557131355225572,0.28,0.9788681268692017,2
24,17,22,0.557131355225572,0.28,0.9788681268692017,2
24,18,22,0.557131355225572,0.28,0.9788681268692017,2
24,19,22,0.557131355225572,0.28,0.9788681268692017,2
24,20,22,0.557131355225572,0.28,0.9788681268692017,2
24,21,22,0.557131355225572,0.28,0.9788681268692017,2
24,22,22,0.557131355225572,0.28,0.9788681268692017,2
24,23,22,0.557131355225572,0.28,0.9788681268692017,2
24,24,22,0.0,1.0,,0
24,25,22,0.0,1.0,,0
24,1,23,0.557131355225572,0.28,0.9788681268692017,2
24,2,23,0.557131355225572,0.28,0.9788681268692017,2
24,3,23,0.557131355225572,0.28,0.9788681268692017,2
24,4,23,0.557131355225572,0.28,0.9788681268692017,2
24,5,23,0.557131355225572,0.28,0.9788681268692017,2
24,6,23,0.557131355225572,0.28,0.9788681268692017,2
24,7,23,0.557131355225572,0.28,0.9788681268692017,2
24,8,23,0.557131355225572,0.28,0.9788681268692017,2
24,9,23,0.557131355225572,0.28,0.9788681268692017,2
24,10,23,0.557131355225572,0.28,0.9788681268692017,2
24,11,23,0.557131355225572,0.28,0.9788681268692017,2
24,12,23,0.557131355225572,0.28,0.9788681268692017,2
24,13,23,0.557131355225572,0.28,0.9788681268692017,2
24,14,23,0.557131355225572,0.28,0.9788681268692017,2
24,15,23,0.557131355225572,0.28,0.9788681268692017,2
24,16,23,0.557131355225572,0.28,0.9788681268692017,2
24,17,23,0.557131355225572,0.28,0.9788681268692017,2
24,18,23,0.557131355225572,0.28,0.9788681268692017,2
24,19,23,0.557131355225572,0.28,0.9788681268692017,2
24,20,23,0.557131355225572,0.28,0.9788681268692017,2
24,21,23,0.557131355225572,0.28,0.9788681268692017,2
24,22,23,0.557131355225572,0.28,0.9788681268692017,2
24,23,23,0.557131355225572,0.28,0.9788681268692017,2
24,24,23,0.0,1.0,,0
24,25,23,0.0,1.0,,0
24,1,24,0.557131355225572,0.28,0.9788681268692017,2
24,2,24,0.557131355225572,0.28,0.9788681268692017,2
24,3,24,0.557131355225572,0.28,0.9788681268692017,2
24,4,24,0.557131355225572,0.28,0.9788681268692017,2
24,5,24,0.557131355225572,0.28,0.9788681268692017,2
24,6,24,0.557131355225572,0.28,0.9788681268692017,2
24,7,24,0.557131355225572,0.28,0.9788681268692017,2
24,8,24,0.557131355225572,0.28,0.9788681268692017,2
24,9,24,0.557131355225572,0.28,0.9788681268692017,2
24,10,24,0.557131355225572,0.28,0.9788681268692017,2
24,11,24,0.557131355225572,0.28,0.9788681268692017,2
24,12,24,0.557131355225572,0.28,0.9788681268692017,2
24,13,24,0.557131355225572,0.28,0.9788681268692017,2
24,14,24,0.557131355225572,0.28,0.9788681268692017,2
24,15,24,0.557131355225572,0.28,0.9788681268692017,2
24,16,24,0.557131355225572,0.28,0.9788681268692017,2
24,17,24,0.557131355225572,0.28,0.9788681268692017,2
24,18,24,0.557131355225572,0.28,0.9788681268692017,2
24,19,24,0.557131355225572,0.28,0.9788681268692017,2
24,20,24,0.557131355225572,0.28,0.9788681268692017,2
24,21,24,0.557131355225572,0.28,0.9788681268692017,2
24,22,24,0.557131355225572,0.28,0.9788681268692017,2
24,23,24,0.557131355225572,0.28,0.9788681268692017,2
24,24,24,0.0,1.0,,0
24,25,24,0.0,1.0,,0
24,1,25,0.0,1.0,,0
24,2,25,0.0,1.0,,0
24,3,25,0.0,1.0,,0
24,4,25,0.0,1.0,,0
24,5,25,0.0,1.0,,0
24,6,25,0.0,1.0,,0
24,7,25,0.0,1.0,,0
24,8,25,0.0,1.0,,0
24,9,25,0.0,1.0,,0
24,10,25,0.0,1.0,,0
24,11,25,0.0,1.0,,0
24,12,25,0.0,1.0,,0
24,13,25,0.0,1.0,,0
24,14,25,0.0,1.0,,0
24,15,25,0.0,1.0,,0
24,16,25,0.0,1.0,,0
24,17,25,0.0,1.0,,0
24,18,25,0.0,1.0,,0
24,19,25,0.0,1.0,,0
24,20,25,0.0,1.0,,0
24,21,25,0.0,1.0,,0
24,22,25,0.0,1.0,,0
24,23,25,0.0,1.0,,0
24,24,25,0.0,1.0,,0
24,25,25,0.0,1.0,,0
